日期,股票代码,开盘,收盘,最高,最低,成交量,成交额,振幅,涨跌幅,涨跌额,换手率,volatility
2010-03-05,002365,45.0,43.55,46.0,43.05,137646,607346355.06,9.52,40.48,12.55,73.22,2.950000000000003
2010-03-08,002365,45.21,43.95,45.99,43.68,76677,343312219.44,5.3,0.92,0.4,40.79,2.3100000000000023
2010-03-09,002365,42.8,44.06,44.49,41.1,71794,304698908.42,7.71,0.25,0.11,38.19,3.3900000000000006
2010-03-10,002365,43.3,42.63,43.79,42.4,31103,134115375.98,3.15,-3.25,-1.43,16.54,1.3900000000000006
2010-03-11,002365,42.6,42.85,43.55,41.44,40903,174100826.59,4.95,0.52,0.22,21.76,2.1099999999999994
2010-03-12,002365,42.38,43.12,43.88,41.68,43284,186173850.82,5.13,0.63,0.27,23.02,2.200000000000003
2010-03-15,002365,42.9,42.13,43.04,41.92,19157,81022942.66,2.6,-2.3,-0.99,10.19,1.1199999999999974
2010-03-16,002365,41.85,40.8,42.3,39.88,32720,134218483.34,5.74,-3.16,-1.33,17.4,2.4199999999999946
2010-03-17,002365,40.9,41.35,41.75,40.5,28549,117478500.53,3.06,1.35,0.55,15.19,1.25
2010-03-18,002365,41.29,40.5,41.34,40.0,22246,90763702.99,3.24,-2.06,-0.85,11.83,1.3400000000000034
2010-03-19,002365,40.38,40.6,40.96,40.32,13667,55494895.89,1.58,0.25,0.1,7.27,0.6400000000000006
2010-03-22,002365,40.5,41.07,41.34,40.41,16434,67317015.02,2.29,1.16,0.47,8.74,0.9300000000000068
2010-03-23,002365,41.1,40.51,41.19,40.33,13808,56108881.16,2.09,-1.36,-0.56,7.34,0.8599999999999994
2010-03-24,002365,40.55,41.45,41.6,40.0,27214,111831330.59,3.95,2.32,0.94,14.48,1.6000000000000014
2010-03-25,002365,41.4,42.0,42.3,41.05,28893,121081611.32,3.02,1.33,0.55,15.37,1.25
2010-03-26,002365,41.51,41.14,41.69,40.7,16917,69714594.1,2.36,-2.05,-0.86,9.0,0.9899999999999949
2010-03-29,002365,41.24,41.48,41.52,40.71,14423,59373746.71,1.97,0.83,0.34,7.67,0.8100000000000023
2010-03-30,002365,41.35,42.29,42.8,41.35,24427,103014201.32,3.5,1.95,0.81,12.99,1.4499999999999957
2010-03-31,002365,42.29,42.54,43.12,42.1,25838,110312348.21,2.41,0.59,0.25,13.74,1.019999999999996
2010-04-01,002365,42.5,42.66,43.4,42.33,26623,114532886.9,2.52,0.28,0.12,14.16,1.0700000000000003
2010-04-02,002365,42.35,42.33,42.77,42.0,15127,63852488.8,1.8,-0.77,-0.33,8.05,0.7700000000000031
2010-04-06,002365,42.5,43.39,43.39,42.1,17306,73990925.68,3.05,2.5,1.06,9.21,1.2899999999999991
2010-04-07,002365,43.93,43.92,44.25,43.15,21433,93750080.43,2.54,1.22,0.53,11.4,1.1000000000000014
2010-04-08,002365,43.93,42.7,43.99,42.62,21859,95031819.5,3.12,-2.78,-1.22,11.63,1.3700000000000045
2010-04-09,002365,42.53,42.76,42.96,42.5,13246,56619379.86,1.08,0.14,0.06,7.05,0.46000000000000085
2010-04-12,002365,42.81,42.46,42.99,42.09,20690,87801759.43,2.1,-0.7,-0.3,11.01,0.8999999999999986
2010-04-13,002365,42.57,40.86,42.97,39.8,26421,109432002.7,7.47,-3.77,-1.6,14.05,3.1700000000000017
2010-04-14,002365,40.6,42.45,42.77,40.19,21682,90892778.52,6.31,3.89,1.59,11.53,2.5800000000000054
2010-04-15,002365,42.47,41.49,43.28,41.02,14814,62385649.15,5.32,-2.26,-0.96,7.88,2.259999999999998
2010-04-16,002365,41.2,41.34,42.1,40.35,8801,36391921.6,4.22,-0.36,-0.15,4.68,1.75
2010-04-19,002365,41.02,40.08,41.34,40.08,11484,46600716.3,3.05,-3.05,-1.26,6.11,1.2600000000000051
2010-04-20,002365,40.3,39.35,40.49,38.56,16870,66060136.52,4.82,-1.82,-0.73,8.97,1.9299999999999997
2010-04-21,002365,39.35,40.24,40.3,39.0,13048,51878743.87,3.3,2.26,0.89,6.94,1.2999999999999972
2010-04-22,002365,39.89,40.42,40.97,39.7,11251,45472157.73,3.16,0.45,0.18,5.98,1.269999999999996
2010-04-23,002365,40.29,39.69,40.7,39.48,11485,46010724.06,3.02,-1.81,-0.73,6.11,1.220000000000006
2010-04-26,002365,39.6,40.71,40.9,39.58,10997,44545321.72,3.33,2.57,1.02,5.85,1.3200000000000003
2010-04-27,002365,40.61,39.34,40.61,38.62,10140,40054167.27,4.89,-3.37,-1.37,5.39,1.990000000000002
2010-04-28,002365,39.2,39.68,39.97,38.78,5512,21725663.53,3.02,0.86,0.34,2.93,1.1899999999999977
2010-04-29,002365,39.68,39.86,40.78,39.68,8502,34186417.03,2.77,0.45,0.18,4.52,1.1000000000000014
2010-04-30,002365,39.71,37.22,39.8,37.01,10758,40531829.43,7.0,-6.62,-2.64,5.72,2.789999999999999
2010-05-04,002365,36.4,37.0,37.19,36.0,5058,18588730.07,3.2,-0.59,-0.22,2.69,1.1899999999999977
2010-05-05,002365,36.61,37.78,37.89,36.5,5126,19237265.29,3.76,2.11,0.78,2.73,1.3900000000000006
2010-05-06,002365,37.77,37.3,37.91,37.26,6620,24887684.25,1.72,-1.27,-0.48,3.52,0.6499999999999986
2010-05-07,002365,36.98,36.72,37.23,36.2,6759,24851172.43,2.76,-1.55,-0.58,3.6,1.029999999999994
2010-05-10,002365,36.65,35.1,37.06,34.88,8167,28934474.3,5.94,-4.41,-1.62,4.34,2.1799999999999997
2010-05-11,002365,35.51,33.63,35.75,33.61,6532,22727454.89,6.1,-4.19,-1.47,3.47,2.1400000000000006
2010-05-12,002365,33.5,32.28,33.5,31.67,9935,32282499.83,5.44,-4.01,-1.35,5.28,1.8299999999999983
2010-05-13,002365,32.28,33.25,33.4,31.69,6929,22468507.37,5.3,3.0,0.97,3.69,1.7099999999999973
2010-05-14,002365,32.8,33.2,33.52,32.42,6933,22836560.62,3.31,-0.15,-0.05,3.69,1.1000000000000014
2010-05-17,002365,32.83,31.51,32.85,31.5,6679,21564052.84,4.07,-5.09,-1.69,3.55,1.3500000000000014
2010-05-18,002365,31.98,34.66,34.66,31.8,36339,123103687.79,9.08,10.0,3.15,19.33,2.859999999999996
2010-05-19,002365,34.66,35.2,35.98,33.67,32495,112718330.78,6.66,1.56,0.54,17.28,2.309999999999995
2010-05-20,002365,34.54,34.6,35.21,34.3,14611,50661268.51,2.59,-1.7,-0.6,7.77,0.9100000000000037
2010-05-21,002365,33.9,36.15,36.55,33.65,21537,76307552.15,8.38,4.48,1.55,11.46,2.8999999999999986
2010-05-24,002365,36.1,37.2,37.48,35.69,20515,75548806.49,4.95,2.9,1.05,10.91,1.7899999999999991
2010-05-25,002365,36.7,36.57,37.15,36.01,12240,44786713.74,3.06,-1.69,-0.63,6.51,1.1400000000000006
2010-05-26,002365,36.25,35.59,36.7,35.5,10942,39382379.53,3.28,-2.68,-0.98,5.82,1.2000000000000028
2010-05-27,002365,35.5,37.0,37.2,35.08,14596,53548886.84,5.96,3.96,1.41,7.76,2.1200000000000045
2010-05-28,002365,37.16,37.09,37.8,36.72,11684,43433673.86,2.92,0.24,0.09,6.21,1.0799999999999983
2010-05-31,002365,36.9,36.4,37.8,36.15,12205,45291958.39,4.45,-1.86,-0.69,6.49,1.6499999999999986
2010-06-01,002365,35.95,34.71,36.3,34.01,14102,49502889.89,6.29,-4.64,-1.69,7.5,2.289999999999999
2010-06-02,002365,34.5,34.96,35.09,33.81,8470,29234734.09,3.69,0.72,0.25,4.51,1.2800000000000011
2010-06-03,002365,34.99,34.85,35.8,34.75,10766,37963345.94,3.0,-0.31,-0.11,5.73,1.0499999999999972
2010-06-04,002365,34.7,34.81,35.19,34.01,7013,24217030.22,3.39,-0.11,-0.04,3.73,1.1799999999999997
2010-06-07,002365,33.8,35.47,35.6,33.33,30877,106179594.97,6.52,1.9,0.66,13.14,2.270000000000003
2010-06-08,002365,35.4,35.65,36.29,34.96,19105,68233278.75,3.75,0.51,0.18,8.13,1.3299999999999983
2010-06-09,002365,35.83,36.45,36.5,35.58,18728,67297041.03,2.58,2.24,0.8,7.97,0.9200000000000017
2010-06-10,002365,36.08,36.72,37.09,36.01,15124,55501328.68,2.96,0.74,0.27,6.44,1.0800000000000054
2010-06-11,002365,36.8,37.48,37.58,36.13,22750,83833795.65,3.95,2.07,0.76,9.68,1.4499999999999957
2010-06-17,002365,37.51,35.75,37.74,35.74,20036,73431043.35,5.34,-4.62,-1.73,8.53,2.0
2010-06-18,002365,35.12,33.88,35.45,33.78,16120,55557443.15,4.67,-5.23,-1.87,6.86,1.6700000000000017
2010-06-21,002365,33.89,34.89,35.3,32.35,12064,41000722.6,8.71,2.98,1.01,5.13,2.9499999999999957
2010-06-22,002365,34.41,34.45,35.11,34.41,7379,25634221.07,2.01,-1.26,-0.44,3.14,0.7000000000000028
2010-06-24,002365,34.23,34.6,35.12,34.23,7764,26954914.56,2.58,0.44,0.15,3.3,0.8900000000000006
2010-06-25,002365,34.48,33.92,34.48,33.46,7732,26205049.68,2.95,-1.97,-0.68,3.29,1.019999999999996
2010-06-28,002365,33.88,33.21,33.99,33.0,5446,18188279.03,2.92,-2.09,-0.71,2.32,0.990000000000002
2010-06-29,002365,33.35,31.88,33.47,31.6,9666,31156679.47,5.63,-4.0,-1.33,4.11,1.8699999999999974
2010-06-30,002365,31.8,30.78,31.8,30.53,9422,29145712.5,3.98,-3.45,-1.1,4.01,1.2699999999999996
2010-07-01,002365,30.8,31.0,31.46,30.65,6963,21572121.87,2.63,0.71,0.22,2.96,0.8100000000000023
2010-07-02,002365,30.99,30.3,31.19,29.3,9214,27791160.14,6.1,-2.26,-0.7,3.92,1.8900000000000006
2010-07-05,002365,29.91,29.95,30.2,29.38,4820,14335089.59,2.71,-1.16,-0.35,2.05,0.8200000000000003
2010-07-06,002365,29.74,31.04,31.24,29.74,7506,23051624.26,5.01,3.64,1.09,3.19,1.5
2010-07-07,002365,31.1,31.1,31.2,30.4,6197,19130452.47,2.58,0.19,0.06,2.64,0.8000000000000007
2010-07-08,002365,31.15,32.28,32.7,31.15,15632,50148772.66,4.98,3.79,1.18,6.65,1.5500000000000043
2010-07-09,002365,32.21,32.65,32.88,32.0,10176,33096364.41,2.73,1.15,0.37,4.33,0.8800000000000026
2010-07-12,002365,32.65,32.5,32.69,32.28,8504,27602666.8,1.26,-0.46,-0.15,3.62,0.4099999999999966
2010-07-13,002365,32.26,31.45,32.26,30.89,11849,37205197.0,4.22,-3.23,-1.05,5.04,1.3699999999999974
2010-07-14,002365,31.35,31.4,31.87,31.35,7189,22736625.25,1.65,-0.16,-0.05,3.06,0.5199999999999996
2010-07-15,002365,31.3,30.65,31.77,30.6,7071,22049287.6,3.73,-2.39,-0.75,3.01,1.1699999999999982
2010-07-16,002365,30.4,31.11,31.28,30.4,5067,15623362.2,2.87,1.5,0.46,2.16,0.8800000000000026
2010-07-19,002365,30.89,31.68,31.85,30.61,7181,22550591.01,3.99,1.83,0.57,3.06,1.240000000000002
2010-07-20,002365,31.68,32.47,32.51,31.52,9311,29988500.51,3.13,2.49,0.79,3.96,0.9899999999999984
2010-07-21,002365,32.5,32.3,32.81,32.2,9093,29581894.47,1.88,-0.52,-0.17,3.87,0.6099999999999994
2010-07-22,002365,32.22,33.14,33.18,32.22,9804,32238214.24,2.97,2.6,0.84,4.17,0.9600000000000009
2010-07-23,002365,33.15,33.12,33.35,32.7,11054,36370737.82,1.96,-0.06,-0.02,4.7,0.6499999999999986
2010-07-26,002365,33.15,33.5,33.6,32.9,8874,29437642.0,2.11,1.15,0.38,3.78,0.7000000000000028
2010-07-27,002365,33.2,33.4,33.49,33.16,7312,24367991.44,0.99,-0.3,-0.1,3.11,0.3300000000000054
2010-07-28,002365,33.59,33.72,33.75,33.3,9652,32404826.59,1.35,0.96,0.32,4.11,0.45000000000000284
2010-07-29,002365,33.73,33.45,33.87,33.3,9144,30690896.59,1.69,-0.8,-0.27,3.89,0.5700000000000003
2010-07-30,002365,33.3,33.4,33.49,33.0,5978,19873258.97,1.46,-0.15,-0.05,2.54,0.490000000000002
2010-08-02,002365,33.1,35.46,35.8,33.1,24020,83774529.13,8.08,6.17,2.06,10.22,2.6999999999999957
2010-08-03,002365,35.3,35.06,36.12,34.88,19665,69827721.61,3.5,-1.13,-0.4,8.37,1.2399999999999949
2010-08-04,002365,35.0,35.6,36.0,34.99,14471,51201659.32,2.88,1.54,0.54,6.16,1.009999999999998
2010-08-05,002365,35.6,35.78,36.5,35.58,15252,54868872.05,2.58,0.51,0.18,6.49,0.9200000000000017
2010-08-06,002365,35.79,36.49,36.6,35.55,14053,50967498.13,2.93,1.98,0.71,5.98,1.0500000000000043
2010-08-09,002365,36.5,37.02,37.37,36.5,13341,49212036.69,2.38,1.45,0.53,5.68,0.8699999999999974
2010-08-10,002365,37.1,37.1,37.5,36.12,30309,111915337.64,3.73,0.22,0.08,12.9,1.3800000000000026
2010-08-11,002365,36.81,39.02,39.15,36.52,32663,123417190.03,7.09,5.18,1.92,13.9,2.6299999999999955
2010-08-12,002365,38.41,38.76,39.35,38.12,22635,87654148.39,3.15,-0.67,-0.26,9.63,1.230000000000004
2010-08-13,002365,38.95,38.61,40.0,38.01,15611,60296794.89,5.13,-0.39,-0.15,6.64,1.990000000000002
2010-08-16,002365,38.68,39.0,39.2,38.51,19341,75233163.0,1.79,1.01,0.39,8.23,0.6900000000000048
2010-08-17,002365,38.91,38.74,39.2,38.37,15604,60357928.53,2.13,-0.67,-0.26,6.64,0.8300000000000054
2010-08-18,002365,38.9,39.97,40.1,38.9,25016,99417216.23,3.1,3.18,1.23,10.65,1.2000000000000028
2010-08-19,002365,39.8,38.03,40.05,37.49,51309,196539766.9,6.4,-4.85,-1.94,21.83,2.559999999999995
2010-08-20,002365,37.66,36.39,37.66,36.25,26954,98789649.5,3.71,-4.31,-1.64,11.47,1.4099999999999966
2010-08-23,002365,35.31,35.53,35.65,35.16,29428,104056762.75,1.35,-2.36,-0.86,12.52,0.490000000000002
2010-08-24,002365,35.37,35.27,35.49,34.75,19094,67090990.65,2.08,-0.73,-0.26,8.13,0.740000000000002
2010-08-25,002365,35.17,34.7,35.17,34.55,16764,58381328.46,1.76,-1.62,-0.57,7.13,0.6200000000000045
2010-08-26,002365,34.71,35.0,35.1,34.7,10282,35899600.57,1.15,0.86,0.3,4.38,0.3999999999999986
2010-08-27,002365,35.1,35.2,35.29,34.59,10763,37715014.88,2.0,0.57,0.2,4.58,0.6999999999999957
2010-08-30,002365,35.31,35.83,35.98,35.31,16996,60645806.96,1.9,1.79,0.63,7.23,0.6699999999999946
2010-08-31,002365,35.73,35.08,35.73,34.8,20952,73571674.45,2.6,-2.09,-0.75,8.92,0.9299999999999997
2010-09-01,002365,35.09,33.77,35.09,33.61,20804,71484976.83,4.22,-3.73,-1.31,8.85,1.480000000000004
2010-09-02,002365,33.91,34.96,35.24,33.9,18822,65348421.48,3.97,3.52,1.19,8.01,1.3400000000000034
2010-09-03,002365,35.0,34.97,35.27,34.65,12875,45063989.86,1.77,0.03,0.01,5.48,0.6200000000000045
2010-09-06,002365,34.92,34.45,35.19,34.38,11810,40861143.23,2.32,-1.49,-0.52,5.03,0.8099999999999952
2010-09-08,002365,34.45,35.21,35.47,34.45,14862,52198090.58,2.96,2.21,0.76,6.32,1.019999999999996
2010-09-09,002365,35.3,34.95,35.77,34.88,15319,54117074.56,2.53,-0.74,-0.26,6.52,0.8900000000000006
2010-09-10,002365,35.15,35.52,35.6,34.35,18118,63683471.83,3.58,1.63,0.57,7.71,1.25
2010-09-13,002365,36.09,36.61,37.46,36.09,36428,134719542.19,3.86,3.07,1.09,15.5,1.3699999999999974
2010-09-14,002365,36.7,36.76,37.21,36.51,19104,70482435.3,1.91,0.41,0.15,8.13,0.7000000000000028
2010-09-15,002365,36.8,36.59,37.17,36.5,16548,60954806.81,1.82,-0.46,-0.17,7.04,0.6700000000000017
2010-09-16,002365,36.55,34.7,36.9,34.57,15086,53277474.59,6.37,-5.17,-1.89,6.42,2.3299999999999983
2010-09-17,002365,34.72,34.76,35.37,34.35,7710,26828357.08,2.94,0.17,0.06,3.28,1.019999999999996
2010-09-20,002365,34.85,34.45,35.27,34.11,6107,21155033.04,3.34,-0.89,-0.31,2.6,1.1600000000000037
2010-09-21,002365,34.5,33.01,34.91,32.9,9274,30373356.64,5.83,-4.18,-1.44,3.95,2.009999999999998
2010-09-27,002365,33.03,33.74,33.87,33.03,5508,18136695.56,2.54,2.21,0.73,2.34,0.8399999999999963
2010-09-28,002365,33.75,33.11,33.75,33.1,5625,18449474.59,1.93,-1.87,-0.63,2.39,0.6499999999999986
2010-09-29,002365,33.11,32.42,33.3,32.42,7085,22875802.91,2.66,-2.08,-0.69,3.01,0.8799999999999955
2010-09-30,002365,32.44,32.72,32.93,32.44,3832,12340762.59,1.51,0.93,0.3,1.63,0.490000000000002
2010-10-08,002365,32.92,33.62,33.62,32.92,7904,26037114.19,2.14,2.75,0.9,3.36,0.6999999999999957
2010-10-11,002365,33.62,33.83,33.87,33.25,11829,39144262.54,1.84,0.62,0.21,5.03,0.6199999999999974
2010-10-12,002365,33.65,33.44,33.82,33.23,9160,30208323.87,1.74,-1.15,-0.39,3.9,0.5900000000000034
2010-10-13,002365,33.6,33.26,33.65,32.96,8557,27942781.73,2.06,-0.54,-0.18,3.64,0.6899999999999977
2010-10-14,002365,33.23,33.14,33.65,33.08,8041,26434600.08,1.71,-0.36,-0.12,3.42,0.5700000000000003
2010-10-15,002365,33.1,32.19,33.1,32.1,12093,38656167.32,3.02,-2.87,-0.95,5.15,1.0
2010-10-18,002365,32.11,31.95,32.11,30.5,11771,36081776.73,5.0,-0.75,-0.24,5.01,1.6099999999999994
2010-10-19,002365,31.89,33.42,33.65,31.5,11274,36574123.97,6.73,4.6,1.47,4.8,2.1499999999999986
2010-10-20,002365,33.02,33.24,33.9,32.73,11444,37563162.22,3.5,-0.54,-0.18,4.87,1.1700000000000017
2010-10-21,002365,33.27,33.19,33.54,33.05,6804,22281182.4,1.47,-0.15,-0.05,2.9,0.490000000000002
2010-10-22,002365,33.11,33.37,33.5,32.8,8405,27424822.57,2.11,0.54,0.18,3.58,0.7000000000000028
2010-10-25,002365,33.38,33.99,34.0,33.37,13083,43448040.5,1.89,1.86,0.62,5.57,0.6300000000000026
2010-10-26,002365,34.03,33.71,34.16,33.4,11431,37862364.95,2.24,-0.82,-0.28,4.86,0.759999999999998
2010-10-27,002365,33.78,34.11,34.87,33.78,15873,53487211.48,3.23,1.19,0.4,6.75,1.0899999999999963
2010-10-28,002365,33.96,34.79,34.89,33.96,23102,78429877.96,2.73,1.99,0.68,9.83,0.9299999999999997
2010-10-29,002365,34.5,34.34,34.68,34.21,9769,33075008.89,1.35,-1.29,-0.45,4.16,0.46999999999999886
2010-11-01,002365,34.24,34.5,34.56,33.97,15815,53419797.43,1.72,0.47,0.16,6.73,0.5900000000000034
2010-11-02,002365,34.51,34.14,34.6,34.1,14496,49013630.89,1.45,-1.04,-0.36,6.17,0.5
2010-11-03,002365,34.09,33.36,34.09,33.3,11086,36779153.7,2.31,-2.28,-0.78,4.72,0.7900000000000063
2010-11-04,002365,33.36,33.75,33.78,33.26,7483,24700868.85,1.56,1.17,0.39,3.18,0.5200000000000031
2010-11-05,002365,33.79,34.26,34.41,33.71,9078,30513208.65,2.07,1.51,0.51,3.86,0.6999999999999957
2010-11-08,002365,34.46,36.04,36.5,34.45,28699,100207896.71,5.98,5.2,1.78,12.21,2.049999999999997
2010-11-09,002365,36.05,35.45,36.08,34.95,23112,80982316.8,3.14,-1.64,-0.59,9.83,1.1299999999999955
2010-11-10,002365,35.51,36.74,37.88,35.51,32478,118407425.25,6.69,3.64,1.29,13.82,2.3700000000000045
2010-11-11,002365,36.78,35.71,37.3,35.5,24465,88567471.44,4.9,-2.8,-1.03,10.41,1.7999999999999972
2010-11-12,002365,35.5,33.27,35.93,33.2,20391,69161420.06,7.64,-6.83,-2.44,8.68,2.729999999999997
2010-11-15,002365,33.24,34.31,34.42,33.1,10669,35540440.88,3.97,3.13,1.04,4.54,1.3200000000000003
2010-11-16,002365,34.48,35.46,36.84,34.31,31522,110816633.16,7.37,3.35,1.15,13.41,2.530000000000001
2010-11-17,002365,34.87,34.3,36.49,34.24,17965,62734678.55,6.35,-3.27,-1.16,7.64,2.25
2010-11-18,002365,34.3,33.86,34.98,33.2,11907,39481064.84,5.19,-1.28,-0.44,5.07,1.779999999999994
2010-11-19,002365,33.89,34.97,35.1,33.5,14000,47464607.75,4.73,3.28,1.11,5.96,1.6000000000000014
2010-11-22,002365,35.0,35.48,35.95,34.72,15646,54837722.46,3.52,1.46,0.51,6.66,1.230000000000004
2010-11-23,002365,35.48,35.32,35.48,34.4,11176,38568010.26,3.04,-0.45,-0.16,4.76,1.0799999999999983
2010-11-24,002365,35.1,36.37,36.38,35.1,20965,74343939.24,3.62,2.97,1.05,8.92,1.2800000000000011
2010-11-25,002365,36.36,36.2,36.68,35.85,16650,59576632.62,2.28,-0.47,-0.17,7.08,0.8299999999999983
2010-11-26,002365,36.2,35.65,36.4,35.05,13690,48158387.28,3.73,-1.52,-0.55,5.83,1.3500000000000014
2010-11-29,002365,35.66,36.8,37.05,35.6,20381,73434593.68,4.07,3.23,1.15,8.67,1.4499999999999957
2010-11-30,002365,36.51,35.2,36.68,34.5,15389,53779809.47,5.92,-4.35,-1.6,6.55,2.1799999999999997
2010-12-01,002365,34.9,34.64,35.26,34.35,8152,27825519.19,2.59,-1.59,-0.56,3.47,0.9099999999999966
2010-12-02,002365,35.0,34.84,35.32,34.62,7637,26288914.91,2.02,0.58,0.2,3.25,0.7000000000000028
2010-12-03,002365,34.8,34.45,35.0,34.2,4907,16681889.98,2.3,-1.12,-0.39,2.09,0.7999999999999972
2010-12-06,002365,34.45,33.59,34.5,33.48,7445,24791179.81,2.96,-2.5,-0.86,3.17,1.0200000000000031
2010-12-07,002365,33.83,33.95,34.05,33.3,4648,15463841.45,2.23,1.07,0.36,1.98,0.75
2010-12-08,002365,33.95,33.76,34.15,33.6,5173,17266853.4,1.62,-0.56,-0.19,2.2,0.5499999999999972
2010-12-09,002365,33.78,33.26,33.9,33.2,5916,19459271.1,2.07,-1.48,-0.5,2.52,0.6999999999999957
2010-12-10,002365,33.26,33.73,33.86,33.2,2846,9389524.86,1.98,1.41,0.47,1.21,0.6599999999999966
2010-12-13,002365,33.86,34.3,34.47,33.78,7237,24390941.72,2.05,1.69,0.57,3.08,0.6899999999999977
2010-12-14,002365,34.31,34.36,34.46,34.13,6244,21098284.47,0.96,0.17,0.06,2.66,0.3299999999999983
2010-12-15,002365,34.45,34.44,34.49,34.2,6178,20915512.19,0.84,0.23,0.08,2.63,0.28999999999999915
2010-12-16,002365,34.45,34.91,35.09,34.45,8857,30497283.6,1.86,1.36,0.47,3.77,0.6400000000000006
2010-12-17,002365,34.92,34.95,35.09,34.71,4856,16693278.0,1.09,0.11,0.04,2.07,0.38000000000000256
2010-12-20,002365,34.95,34.2,35.2,33.87,8952,30584761.17,3.81,-2.15,-0.75,3.81,1.3300000000000054
2010-12-21,002365,34.35,34.77,34.8,34.2,4182,14234327.75,1.75,1.67,0.57,1.78,0.5999999999999943
2010-12-22,002365,34.77,34.33,34.95,34.28,5024,17092196.53,1.93,-1.27,-0.44,2.14,0.6700000000000017
2010-12-23,002365,34.2,33.52,34.53,33.52,4377,14625464.5,2.94,-2.36,-0.81,1.86,1.009999999999998
2010-12-24,002365,33.4,33.05,33.7,32.98,5547,18175305.05,2.15,-1.4,-0.47,2.36,0.720000000000006
2010-12-27,002365,33.07,32.27,33.46,32.11,3533,11452243.83,4.08,-2.36,-0.78,1.5,1.3500000000000014
2010-12-28,002365,32.27,32.11,32.48,32.01,3022,9577472.48,1.46,-0.5,-0.16,1.29,0.46999999999999886
2010-12-29,002365,32.11,32.47,32.64,32.11,2553,8148990.79,1.65,1.12,0.36,1.09,0.5300000000000011
2010-12-30,002365,32.48,32.56,32.67,32.14,2534,8093205.14,1.63,0.28,0.09,1.08,0.5300000000000011
2010-12-31,002365,32.5,32.78,32.84,32.5,2544,8187738.33,1.04,0.68,0.22,1.08,0.3400000000000034
2011-01-04,002365,32.9,33.25,33.59,32.8,3263,10679877.66,2.41,1.43,0.47,1.39,0.7900000000000063
2011-01-05,002365,33.28,33.11,33.3,32.98,2543,8301210.62,0.96,-0.42,-0.14,1.08,0.3200000000000003
2011-01-06,002365,33.11,32.69,33.38,32.68,3399,10996080.16,2.11,-1.27,-0.42,1.45,0.7000000000000028
2011-01-07,002365,32.7,32.65,32.86,32.53,3451,11110863.15,1.01,-0.12,-0.04,1.47,0.3299999999999983
2011-01-10,002365,32.65,32.78,32.9,32.5,4719,15188171.93,1.23,0.4,0.13,2.01,0.3999999999999986
2011-01-11,002365,32.5,33.11,33.2,32.21,6901,22319529.38,3.02,1.01,0.33,2.94,0.990000000000002
2011-01-12,002365,33.27,33.05,33.27,32.67,3119,10100087.19,1.81,-0.18,-0.06,1.33,0.6000000000000014
2011-01-13,002365,32.84,33.17,33.79,32.83,4735,15568493.18,2.9,0.36,0.12,2.01,0.9600000000000009
2011-01-14,002365,33.1,32.6,33.1,32.38,2622,8418504.44,2.17,-1.72,-0.57,1.12,0.7199999999999989
2011-01-17,002365,32.38,31.14,32.55,31.1,3291,10239757.8,4.45,-4.48,-1.46,1.4,1.4499999999999957
2011-01-18,002365,31.13,31.0,31.37,30.69,1240,3788659.2,2.18,-0.45,-0.14,0.53,0.6799999999999997
2011-01-19,002365,31.01,31.4,31.41,30.82,1668,5122481.95,1.9,1.29,0.4,0.71,0.5899999999999999
2011-01-20,002365,31.4,30.4,31.58,30.4,2286,6937264.05,3.76,-3.18,-1.0,0.97,1.1799999999999997
2011-01-21,002365,30.4,30.6,30.99,30.4,2084,6280167.47,1.94,0.66,0.2,0.89,0.5899999999999999
2011-01-24,002365,30.5,30.55,30.98,30.5,1732,5218344.32,1.57,-0.16,-0.05,0.74,0.4800000000000004
2011-01-25,002365,30.65,30.36,30.83,30.2,2216,6651511.96,2.06,-0.62,-0.19,0.94,0.629999999999999
2011-01-26,002365,30.48,30.6,30.68,30.35,1253,3757506.0,1.09,0.79,0.24,0.53,0.3299999999999983
2011-01-27,002365,30.62,30.86,30.88,30.32,1754,5307968.43,1.83,0.85,0.26,0.75,0.5599999999999987
2011-01-28,002365,30.88,31.12,31.27,30.59,1894,5751284.4,2.2,0.84,0.26,0.81,0.6799999999999997
2011-01-31,002365,31.0,31.16,31.39,30.79,2431,7444339.4,1.93,0.13,0.04,1.03,0.6000000000000014
2011-02-01,002365,31.18,31.16,31.35,30.91,1379,4217072.61,1.41,0.0,0.0,0.59,0.4400000000000013
2011-02-09,002365,31.0,30.5,31.2,30.0,3432,10377715.5,3.85,-2.12,-0.66,1.46,1.1999999999999993
2011-02-10,002365,30.38,31.43,31.46,30.2,3090,9403188.37,4.13,3.05,0.93,1.31,1.2600000000000016
2011-02-11,002365,31.48,31.55,31.8,31.26,2669,8300545.26,1.72,0.38,0.12,1.14,0.5399999999999991
2011-02-14,002365,31.58,32.0,32.05,31.3,4978,15563221.8,2.38,1.43,0.45,2.12,0.7499999999999964
2011-02-15,002365,31.95,33.5,33.91,31.71,10235,33051345.27,6.88,4.69,1.5,4.36,2.1999999999999957
2011-02-16,002365,33.39,33.15,33.76,32.7,11743,38137753.44,3.16,-1.04,-0.35,5.0,1.0599999999999952
2011-02-17,002365,33.13,32.98,33.14,32.66,4515,14588689.19,1.45,-0.51,-0.17,1.92,0.480000000000004
2011-02-18,002365,32.8,32.18,32.8,32.18,4751,15171423.82,1.88,-2.43,-0.8,2.02,0.6199999999999974
2011-02-21,002365,32.0,32.55,32.64,32.0,2758,8796658.52,1.99,1.15,0.37,1.17,0.6400000000000006
2011-02-22,002365,32.32,31.68,32.67,31.6,4368,13788498.1,3.29,-2.67,-0.87,1.86,1.0700000000000003
2011-02-23,002365,31.74,32.0,32.41,31.52,3436,10827903.38,2.81,1.01,0.32,1.46,0.889999999999997
2011-02-24,002365,31.93,32.41,32.49,31.9,3885,12355394.65,1.84,1.28,0.41,1.65,0.5900000000000034
2011-02-25,002365,32.31,32.22,32.5,31.81,3123,9865959.11,2.13,-0.59,-0.19,1.33,0.6900000000000013
2011-02-28,002365,32.1,32.6,33.13,31.99,6503,20841715.93,3.54,1.18,0.38,2.77,1.1400000000000041
2011-03-01,002365,32.65,32.95,33.0,32.52,8448,27304144.61,1.47,1.07,0.35,3.6,0.4799999999999969
2011-03-02,002365,32.99,32.99,33.1,32.6,7550,24498699.45,1.52,0.12,0.04,3.21,0.5
2011-03-03,002365,32.9,31.76,32.9,31.7,6674,21179905.97,3.64,-3.73,-1.23,2.84,1.1999999999999993
2011-03-04,002365,31.78,31.39,31.98,31.01,6237,19281937.95,3.05,-1.16,-0.37,2.65,0.9699999999999989
2011-03-07,002365,31.5,31.61,31.81,31.28,5207,16165159.31,1.69,0.7,0.22,1.34,0.5299999999999976
2011-03-08,002365,31.61,31.5,31.62,31.3,5230,16173802.59,1.01,-0.35,-0.11,1.35,0.3200000000000003
2011-03-09,002365,31.48,31.84,31.88,31.45,4469,13954610.74,1.37,1.08,0.34,1.15,0.4299999999999997
2011-03-10,002365,31.76,31.68,31.79,31.57,4256,13262088.08,0.69,-0.5,-0.16,1.1,0.21999999999999886
2011-03-11,002365,31.66,31.9,31.97,31.5,4145,13001868.22,1.48,0.69,0.22,1.07,0.46999999999999886
2011-03-14,002365,31.92,32.76,32.95,31.9,8322,26613699.95,3.29,2.7,0.86,2.15,1.0500000000000043
2011-03-15,002365,32.74,32.78,32.83,32.1,10355,33105626.17,2.23,0.06,0.02,2.67,0.7299999999999969
2011-03-16,002365,33.01,32.62,33.3,32.43,7937,25627853.7,2.65,-0.49,-0.16,2.05,0.8699999999999974
2011-03-17,002365,32.62,32.46,32.79,32.31,5094,16357066.75,1.47,-0.49,-0.16,1.32,0.4799999999999969
2011-03-18,002365,32.45,32.64,32.8,32.35,4617,14812936.89,1.39,0.55,0.18,1.19,0.44999999999999574
2011-03-21,002365,32.78,32.85,32.89,32.5,5939,19159695.83,1.19,0.64,0.21,1.53,0.39000000000000057
2011-03-22,002365,32.85,33.13,33.18,32.45,5807,18731897.21,2.22,0.85,0.28,1.5,0.7299999999999969
2011-03-23,002365,33.13,33.28,33.56,32.9,6206,20373514.81,1.99,0.45,0.15,1.6,0.6600000000000037
2011-03-24,002365,33.28,33.75,33.9,33.02,10840,35770764.2,2.64,1.41,0.47,2.8,0.8799999999999955
2011-03-25,002365,33.78,33.55,34.5,32.7,16565,54865252.98,5.33,-0.59,-0.2,4.28,1.7999999999999972
2011-03-28,002365,33.5,33.01,33.95,32.98,13446,44149535.75,2.89,-1.61,-0.54,3.47,0.970000000000006
2011-03-29,002365,33.0,32.03,33.0,31.96,7676,24530909.75,3.15,-2.97,-0.98,1.98,1.0399999999999991
2011-03-30,002365,32.09,32.1,32.4,31.95,5008,15820411.7,1.4,0.22,0.07,1.29,0.4499999999999993
2011-03-31,002365,32.12,32.4,32.73,32.12,3880,12374265.76,1.9,0.93,0.3,1.0,0.6099999999999994
2011-04-01,002365,32.31,32.4,32.9,32.31,2974,9500767.69,1.82,0.0,0.0,0.77,0.5899999999999963
2011-04-06,002365,32.4,32.26,32.43,32.0,3364,10655161.78,1.33,-0.43,-0.14,0.87,0.4299999999999997
2011-04-07,002365,32.2,32.5,32.58,32.13,2713,8661717.9,1.39,0.74,0.24,0.7,0.44999999999999574
2011-04-08,002365,32.45,33.18,33.54,32.3,6260,20406207.88,3.82,2.09,0.68,1.62,1.240000000000002
2011-04-11,002365,33.18,32.78,33.4,32.72,6128,19862038.43,2.05,-1.21,-0.4,1.58,0.6799999999999997
2011-04-12,002365,32.78,32.65,33.0,32.55,2423,7812634.06,1.37,-0.4,-0.13,0.63,0.45000000000000284
2011-04-13,002365,32.41,32.79,33.0,32.1,2962,9476025.62,2.76,0.43,0.14,0.77,0.8999999999999986
2011-04-14,002365,32.8,33.04,33.39,32.8,6083,19901241.15,1.8,0.76,0.25,1.57,0.5900000000000034
2011-04-15,002365,33.36,33.87,34.1,33.1,12842,42657450.57,3.03,2.51,0.83,3.32,1.0
2011-04-18,002365,33.8,33.52,34.29,33.43,7190,23892425.59,2.54,-1.03,-0.35,1.86,0.8599999999999994
2011-04-19,002365,33.37,33.7,33.98,33.03,6721,22194207.53,2.83,0.54,0.18,1.74,0.9499999999999957
2011-04-20,002365,33.68,34.05,34.2,33.58,8424,28227936.43,1.84,1.04,0.35,2.18,0.6200000000000045
2011-04-22,002365,35.08,34.38,36.3,34.35,20011,69480595.01,5.73,0.97,0.33,5.17,1.9499999999999957
2011-04-25,002365,33.91,33.75,34.03,32.5,9069,29877225.22,4.45,-1.83,-0.63,2.34,1.5300000000000011
2011-04-26,002365,33.87,34.82,35.48,33.51,16258,55808977.56,5.84,3.17,1.07,4.2,1.9699999999999989
2011-04-27,002365,35.05,34.57,35.2,34.42,9062,31042509.92,2.24,-0.72,-0.25,2.34,0.7800000000000011
2011-04-28,002365,34.89,33.44,35.08,32.75,8187,27280799.55,6.74,-3.27,-1.13,2.11,2.3299999999999983
2011-04-29,002365,33.01,34.46,34.6,33.01,9080,30489420.59,4.75,3.05,1.02,2.34,1.5900000000000034
2011-05-03,002365,34.48,34.44,34.5,32.84,16877,27970035.15,4.82,-0.06,-0.02,2.18,1.6599999999999966
2011-05-04,002365,34.44,33.3,34.44,32.84,11952,19538330.83,4.65,-3.31,-1.14,1.54,1.5999999999999943
2011-05-05,002365,32.9,32.68,33.6,32.66,6557,10610645.08,2.82,-1.86,-0.62,0.85,0.9400000000000048
2011-05-06,002365,32.3,31.9,32.3,31.08,15110,23283666.81,3.73,-2.39,-0.78,1.95,1.2199999999999989
2011-05-09,002365,31.9,32.54,33.04,31.9,7456,11815825.1,3.57,2.01,0.64,0.96,1.1400000000000006
2011-05-10,002365,32.92,32.54,32.98,31.9,9615,15161531.52,3.32,0.0,0.0,1.24,1.0799999999999983
2011-05-11,002365,32.54,32.36,32.56,31.92,5807,9132978.85,1.97,-0.55,-0.18,0.75,0.6400000000000006
2011-05-12,002365,32.1,31.98,32.44,31.7,4421,6942743.0,2.29,-1.17,-0.38,0.57,0.7399999999999984
2011-05-13,002365,32.04,32.44,32.6,31.82,6576,10366767.05,2.44,1.44,0.46,0.85,0.7800000000000011
2011-05-16,002365,32.44,31.8,32.44,31.8,5056,7908290.84,1.97,-1.97,-0.64,0.65,0.639999999999997
2011-05-17,002365,31.8,31.64,31.94,31.42,5015,7748682.73,1.64,-0.5,-0.16,0.65,0.5199999999999996
2011-05-18,002365,31.42,31.8,32.0,31.42,2921,4526562.48,1.83,0.51,0.16,0.38,0.5799999999999983
2011-05-19,002365,32.02,31.18,32.02,31.1,6561,10044977.97,2.89,-1.95,-0.62,0.85,0.9200000000000017
2011-05-20,002365,31.54,30.96,31.54,30.8,4820,7279918.25,2.37,-0.71,-0.22,0.62,0.7399999999999984
2011-05-23,002365,30.94,29.08,30.94,28.96,8609,12494082.94,6.4,-6.07,-1.88,1.11,1.9800000000000004
2011-05-24,002365,28.96,29.2,29.38,28.44,6818,9592784.18,3.23,0.41,0.12,0.88,0.9399999999999977
2011-05-25,002365,29.2,28.88,29.4,28.82,4226,5972277.66,1.99,-1.1,-0.32,0.55,0.5799999999999983
2011-05-26,002365,28.96,28.88,29.4,28.82,2786,3941659.0,2.01,0.0,0.0,0.36,0.5799999999999983
2011-05-27,002365,28.9,27.42,29.0,27.1,5600,7548311.04,6.58,-5.06,-1.46,0.72,1.8999999999999986
2011-05-30,002365,27.2,27.04,27.6,26.9,3230,4279231.04,2.55,-1.39,-0.38,0.42,0.7000000000000028
2011-05-31,002365,27.36,27.56,27.56,27.02,3804,5039942.24,2.0,1.92,0.52,0.49,0.5399999999999991
2011-06-01,002365,27.6,28.1,28.44,27.42,5428,7427552.98,3.7,1.96,0.54,0.7,1.0199999999999996
2011-06-02,002365,27.88,27.5,27.88,26.94,4577,6074495.3,3.35,-2.14,-0.6,0.59,0.9399999999999977
2011-06-03,002365,27.3,27.82,28.0,27.2,4095,5515909.52,2.91,1.16,0.32,0.53,0.8000000000000007
2011-06-07,002365,27.74,29.84,30.52,27.6,15846,22938662.31,10.5,7.26,2.02,2.05,2.919999999999998
2011-06-08,002365,29.62,29.46,29.74,29.2,6515,9330707.02,1.81,-1.27,-0.38,0.84,0.5399999999999991
2011-06-09,002365,29.0,29.24,29.98,29.0,5328,7653979.79,3.33,-0.75,-0.22,0.69,0.9800000000000004
2011-06-10,002365,29.18,28.74,29.62,27.4,5042,7010033.08,7.59,-1.71,-0.5,0.65,2.2200000000000024
2011-06-13,002365,28.4,28.44,28.56,27.8,2661,3637706.46,2.64,-1.04,-0.3,0.34,0.759999999999998
2011-06-14,002365,28.54,28.96,29.12,28.04,4393,6139230.08,3.8,1.83,0.52,0.57,1.0800000000000018
2011-06-15,002365,28.8,28.56,29.12,28.4,3511,4887053.11,2.49,-1.38,-0.4,0.45,0.7200000000000024
2011-06-16,002365,28.38,27.78,28.56,27.7,3200,4375970.26,3.01,-2.73,-0.78,0.41,0.8599999999999994
2011-06-17,002365,27.78,27.42,27.84,27.24,3957,5305011.6,2.16,-1.3,-0.36,0.51,0.6000000000000014
2011-06-20,002365,27.22,27.06,27.6,26.98,2659,3501873.81,2.26,-1.31,-0.36,0.34,0.620000000000001
2011-06-21,002365,27.24,27.54,27.6,27.06,2813,3736952.02,2.0,1.77,0.48,0.36,0.5400000000000027
2011-06-22,002365,27.6,27.64,28.0,27.22,3249,4361203.61,2.83,0.36,0.1,0.42,0.7800000000000011
2011-06-23,002365,27.48,28.16,28.34,27.46,4482,6110377.14,3.18,1.88,0.52,0.58,0.879999999999999
2011-06-24,002365,27.98,29.48,29.7,27.98,13873,19599386.41,6.11,4.69,1.32,1.79,1.7199999999999989
2011-06-27,002365,29.44,29.58,29.98,28.9,9506,13696403.7,3.66,0.34,0.1,1.23,1.0800000000000018
2011-06-28,002365,29.56,32.32,32.4,29.56,30280,46113670.21,9.6,9.26,2.74,3.91,2.84
2011-06-29,002365,32.0,31.48,33.7,31.48,55172,88069572.47,6.87,-2.6,-0.84,7.12,2.2200000000000024
2011-06-30,002365,31.0,31.08,31.34,30.4,21043,31657578.43,2.99,-1.27,-0.4,2.72,0.9400000000000013
2011-07-01,002365,31.2,30.74,31.2,30.54,16043,24067660.63,2.12,-1.09,-0.34,2.07,0.6600000000000001
2011-07-04,002365,30.76,31.14,31.3,30.76,11734,17734563.29,1.76,1.3,0.4,1.52,0.5399999999999991
2011-07-05,002365,31.14,31.6,31.98,30.8,14287,22011595.01,3.79,1.48,0.46,1.84,1.1799999999999997
2011-07-06,002365,31.4,31.64,31.9,31.4,7240,11132738.66,1.58,0.13,0.04,0.93,0.5
2011-07-07,002365,31.56,32.0,32.1,31.4,12681,19630613.61,2.21,1.14,0.36,1.64,0.7000000000000028
2011-07-08,002365,31.84,31.66,31.92,31.5,6368,9819200.52,1.31,-1.06,-0.34,0.82,0.4200000000000017
2011-07-11,002365,31.4,31.38,31.68,30.8,6830,10401589.46,2.78,-0.88,-0.28,0.88,0.879999999999999
2011-07-12,002365,31.26,30.1,31.26,30.06,10387,15474674.27,3.82,-4.08,-1.28,1.34,1.2000000000000028
2011-07-13,002365,30.04,30.84,31.08,30.04,5187,7745491.36,3.46,2.46,0.74,0.67,1.0399999999999991
2011-07-14,002365,30.94,31.62,31.76,30.84,11073,16886905.58,2.98,2.53,0.78,1.43,0.9200000000000017
2011-07-15,002365,31.7,32.98,33.02,31.64,27197,43179992.42,4.36,4.3,1.36,3.51,1.3800000000000026
2011-07-18,002365,32.96,32.26,33.18,31.98,21760,34578375.38,3.64,-2.18,-0.72,2.81,1.1999999999999993
2011-07-19,002365,32.24,31.6,32.24,31.44,8294,12801638.03,2.48,-2.05,-0.66,1.07,0.8000000000000007
2011-07-20,002365,31.66,32.78,32.88,31.46,19204,30345563.81,4.49,3.73,1.18,2.48,1.4200000000000017
2011-07-21,002365,32.5,32.74,33.24,32.5,30886,49584439.62,2.26,-0.12,-0.04,3.99,0.740000000000002
2011-07-22,002365,32.56,32.1,32.8,31.9,13674,21483087.8,2.75,-1.95,-0.64,1.77,0.8999999999999986
2011-07-25,002365,31.96,30.62,32.5,30.44,12356,18771177.69,6.42,-4.61,-1.48,1.6,2.0599999999999987
2011-07-26,002365,30.52,30.76,31.0,30.42,5225,7807884.23,1.89,0.46,0.14,0.67,0.5799999999999983
2011-07-27,002365,30.76,31.28,31.56,30.4,8431,12836767.03,3.77,1.69,0.52,1.09,1.1600000000000001
2011-07-28,002365,31.02,31.1,31.4,30.66,7137,10755008.25,2.37,-0.58,-0.18,0.92,0.7399999999999984
2011-07-29,002365,31.4,31.12,31.46,30.9,7180,10941317.4,1.8,0.06,0.02,0.93,0.5600000000000023
2011-08-01,002365,31.14,31.0,31.36,30.84,5510,8334217.74,1.67,-0.39,-0.12,0.71,0.5199999999999996
2011-08-02,002365,31.26,30.46,31.26,29.82,8937,13147825.65,4.65,-1.74,-0.54,1.15,1.4400000000000013
2011-08-03,002365,30.44,30.6,30.7,30.14,5123,7596622.83,1.84,0.46,0.14,0.66,0.5599999999999987
2011-08-04,002365,30.58,30.46,30.98,30.46,5316,7961511.87,1.7,-0.46,-0.14,0.69,0.5199999999999996
2011-08-05,002365,29.74,29.44,30.2,28.8,8504,12232912.74,4.6,-3.35,-1.02,1.1,1.3999999999999986
2011-08-08,002365,28.84,28.02,29.4,27.42,10214,14084936.22,6.73,-4.82,-1.42,1.32,1.9799999999999969
2011-08-09,002365,27.5,27.88,28.1,26.82,8203,10907729.53,4.57,-0.5,-0.14,1.06,1.2800000000000011
2011-08-10,002365,28.2,28.3,28.58,28.2,6897,9508352.47,1.36,1.51,0.42,0.89,0.379999999999999
2011-08-11,002365,27.42,28.8,28.82,27.42,6883,9469862.37,4.95,1.77,0.5,0.89,1.3999999999999986
2011-08-12,002365,29.0,29.02,29.34,28.8,7801,11010126.0,1.88,0.76,0.22,1.01,0.5399999999999991
2011-08-15,002365,29.08,29.58,29.7,28.8,7743,11046774.0,3.1,1.93,0.56,1.0,0.8999999999999986
2011-08-16,002365,29.72,29.72,30.16,29.42,12613,18327681.0,2.5,0.47,0.14,1.63,0.7399999999999984
2011-08-17,002365,29.78,29.5,30.0,29.04,8022,11509955.0,3.23,-0.74,-0.22,1.04,0.9600000000000009
2011-08-18,002365,29.4,28.8,29.6,28.66,6389,9039170.0,3.19,-2.37,-0.7,0.82,0.9400000000000013
2011-08-19,002365,28.32,28.6,28.6,28.1,6312,8687605.0,1.74,-0.69,-0.2,0.81,0.5
2011-08-22,002365,28.56,28.46,28.9,28.34,4299,5966428.0,1.96,-0.49,-0.14,0.56,0.5599999999999987
2011-08-23,002365,28.78,29.1,29.1,28.46,4211,5909661.0,2.25,2.25,0.64,0.54,0.6400000000000006
2011-08-24,002365,29.2,29.48,29.92,28.82,8990,12961979.0,3.78,1.31,0.38,1.16,1.1000000000000014
2011-08-25,002365,29.6,29.58,29.74,29.18,11973,17161298.0,1.9,0.34,0.1,1.55,0.5599999999999987
2011-08-26,002365,29.42,29.64,29.86,29.36,13192,18955770.0,1.69,0.2,0.06,1.7,0.5
2011-08-29,002365,29.42,29.84,29.96,29.42,11165,16147446.0,1.82,0.67,0.2,1.44,0.5399999999999991
2011-08-30,002365,29.88,29.34,30.18,29.26,6825,9889551.0,3.08,-1.68,-0.5,0.88,0.9199999999999982
2011-08-31,002365,29.3,28.84,29.38,28.4,7122,9968905.0,3.34,-1.7,-0.5,0.92,0.9800000000000004
2011-09-01,002365,28.96,28.96,29.24,28.7,5341,7522755.0,1.87,0.42,0.12,0.69,0.5399999999999991
2011-09-02,002365,29.2,28.74,29.2,28.46,3088,4313780.0,2.56,-0.76,-0.22,0.4,0.7399999999999984
2011-09-05,002365,28.36,27.8,28.4,27.58,5832,7914720.0,2.85,-3.27,-0.94,0.75,0.8200000000000003
2011-09-06,002365,27.4,27.2,27.72,27.2,5583,7430805.0,1.87,-2.16,-0.6,0.72,0.5199999999999996
2011-09-07,002365,27.58,27.94,28.0,27.36,2724,3662934.0,2.35,2.72,0.74,0.35,0.6400000000000006
2011-09-08,002365,28.16,27.9,28.18,27.7,3237,4398649.0,1.72,-0.14,-0.04,0.42,0.4800000000000004
2011-09-09,002365,27.7,27.32,27.9,26.84,9954,13238491.0,3.8,-2.08,-0.58,1.29,1.0599999999999987
2011-09-13,002365,26.7,26.92,27.1,26.6,3714,4824753.0,1.83,-1.46,-0.4,0.48,0.5
2011-09-14,002365,27.0,27.28,27.3,26.7,3172,4152464.0,2.23,1.34,0.36,0.41,0.6000000000000014
2011-09-15,002365,27.34,27.4,27.6,27.22,4736,6307848.0,1.39,0.44,0.12,0.61,0.38000000000000256
2011-09-16,002365,27.5,26.96,27.52,26.8,11365,14912426.0,2.63,-1.61,-0.44,1.47,0.7199999999999989
2011-09-19,002365,26.72,26.42,26.94,26.32,4635,5952161.0,2.3,-2.0,-0.54,0.6,0.620000000000001
2011-09-20,002365,26.42,26.56,26.74,26.0,3221,4130951.0,2.8,0.53,0.14,0.42,0.7399999999999984
2011-09-21,002365,26.44,27.2,27.34,26.22,15234,19838651.0,4.22,2.41,0.64,1.97,1.120000000000001
2011-09-22,002365,27.0,26.3,27.18,26.3,9501,12326388.0,3.24,-3.31,-0.9,1.23,0.879999999999999
2011-09-23,002365,26.06,26.44,26.46,25.82,6717,8494951.0,2.43,0.53,0.14,0.87,0.6400000000000006
2011-09-26,002365,26.44,26.32,26.58,26.16,4576,5859716.0,1.59,-0.45,-0.12,0.59,0.41999999999999815
2011-09-27,002365,26.36,26.54,26.66,26.16,3710,4755747.0,1.9,0.84,0.22,0.48,0.5
2011-09-28,002365,26.6,26.42,26.74,26.22,3535,4547465.0,1.96,-0.45,-0.12,0.46,0.5199999999999996
2011-09-29,002365,26.28,25.5,26.3,25.32,4624,5771749.0,3.71,-3.48,-0.92,0.6,0.9800000000000004
2011-09-30,002365,25.52,25.8,25.82,25.44,2351,2917660.0,1.49,1.18,0.3,0.3,0.379999999999999
2011-10-10,002365,26.0,25.6,26.04,25.6,1845,2298510.0,1.71,-0.78,-0.2,0.24,0.4399999999999977
2011-10-11,002365,26.4,25.7,26.4,25.3,4567,5706620.0,4.3,0.39,0.1,0.59,1.0999999999999979
2011-10-12,002365,25.32,26.32,26.46,25.32,6514,8252772.0,4.44,2.41,0.62,0.84,1.1400000000000006
2011-10-13,002365,26.22,27.48,27.76,26.2,15000,19702108.0,5.93,4.41,1.16,1.94,1.5600000000000023
2011-10-14,002365,27.22,27.0,27.24,26.66,7373,9630627.0,2.11,-1.75,-0.48,0.95,0.5799999999999983
2011-10-17,002365,27.0,27.04,27.38,26.92,4748,6255629.0,1.7,0.15,0.04,0.61,0.4599999999999973
2011-10-18,002365,26.82,26.52,27.42,26.48,6530,8522567.0,3.48,-1.92,-0.52,0.84,0.9400000000000013
2011-10-19,002365,26.82,26.32,26.82,26.12,4682,5990445.0,2.64,-0.75,-0.2,0.6,0.6999999999999993
2011-10-20,002365,26.2,25.62,26.2,25.4,3714,4606074.0,3.04,-2.66,-0.7,0.48,0.8000000000000007
2011-10-21,002365,25.36,25.74,25.8,25.16,5015,6160567.0,2.5,0.47,0.12,0.65,0.6400000000000006
2011-10-24,002365,25.54,25.72,25.78,24.72,9480,11547448.0,4.12,-0.08,-0.02,1.22,1.0600000000000023
2011-10-25,002365,25.72,26.18,26.26,25.06,11795,14782949.0,4.67,1.79,0.46,1.52,1.2000000000000028
2011-10-26,002365,25.96,26.46,26.74,25.6,10707,13668664.0,4.35,1.07,0.28,1.38,1.139999999999997
2011-10-27,002365,26.5,26.2,27.02,26.08,18200,23416071.0,3.55,-0.98,-0.26,2.35,0.9400000000000013
2011-10-28,002365,26.46,26.58,26.76,26.2,11716,15025935.0,2.14,1.45,0.38,1.51,0.5600000000000023
2011-10-31,002365,26.66,27.32,27.52,26.66,18671,24518747.0,3.24,2.78,0.74,2.41,0.8599999999999994
2011-11-01,002365,28.64,29.98,29.98,28.64,52940,76723276.0,4.9,9.74,2.66,6.84,1.3399999999999999
2011-11-02,002365,31.0,32.9,32.9,31.0,115551,180787320.0,6.34,9.74,2.92,14.92,1.8999999999999986
2011-11-03,002365,34.52,35.98,36.12,34.3,193249,338201392.0,5.53,9.36,3.08,24.95,1.8200000000000003
2011-11-04,002365,35.16,35.52,35.94,34.9,142586,246352147.0,2.89,-1.28,-0.46,18.41,1.0399999999999991
2011-11-07,002365,35.4,35.16,35.92,34.56,85458,146734656.0,3.83,-1.01,-0.36,11.03,1.3599999999999994
2011-11-08,002365,35.1,33.96,35.18,33.76,102286,170655356.0,4.04,-3.41,-1.2,13.21,1.4200000000000017
2011-11-09,002365,33.96,34.8,35.06,33.52,138030,231195592.0,4.53,2.47,0.84,17.82,1.5399999999999991
2011-11-10,002365,34.0,34.04,36.78,33.48,168901,288571904.0,9.48,-2.18,-0.76,21.81,3.3000000000000043
2011-11-11,002365,33.4,33.24,33.92,32.94,97509,158634706.0,2.88,-2.35,-0.8,12.59,0.980000000000004
2011-11-14,002365,33.48,34.46,35.18,33.34,104686,174733521.0,5.54,3.67,1.22,13.52,1.8399999999999963
2011-11-15,002365,34.18,34.52,34.74,33.7,91222,152696647.0,3.02,0.17,0.06,11.78,1.0399999999999991
2011-11-16,002365,34.66,34.04,34.66,33.26,95110,156824478.0,4.06,-1.39,-0.48,12.28,1.3999999999999986
2011-11-17,002365,33.9,35.28,37.36,33.6,274637,485413200.0,11.05,3.64,1.24,35.46,3.759999999999998
2011-11-18,002365,33.64,32.68,33.64,31.84,220030,348932272.0,5.1,-7.37,-2.6,28.41,1.8000000000000007
2011-11-21,002365,32.2,31.66,32.2,31.12,83177,127844294.0,3.3,-3.12,-1.02,10.74,1.0800000000000018
2011-11-22,002365,31.36,31.66,31.78,30.92,56773,86957152.0,2.72,0.0,0.0,7.33,0.8599999999999994
2011-11-23,002365,31.6,31.0,31.9,30.82,114647,174565642.0,3.41,-2.08,-0.66,14.8,1.0799999999999983
2011-11-24,002365,30.48,30.72,31.18,29.98,72223,107719142.0,3.87,-0.9,-0.28,9.33,1.1999999999999993
2011-11-25,002365,30.4,30.2,30.9,29.98,59734,88488536.0,2.99,-1.69,-0.52,7.71,0.9199999999999982
2011-11-28,002365,30.4,30.7,30.74,30.02,66491,98480982.0,2.38,1.66,0.5,8.59,0.7199999999999989
2011-11-29,002365,30.98,31.2,31.54,30.74,97607,148055052.0,2.61,1.63,0.5,12.6,0.8000000000000007
2011-11-30,002365,31.18,28.2,31.18,28.16,92896,132723132.0,9.68,-9.62,-3.0,12.0,3.0199999999999996
2011-12-01,002365,29.2,29.02,29.74,28.64,115009,162905025.0,3.9,2.91,0.82,14.85,1.0999999999999979
2011-12-02,002365,28.84,29.1,29.14,27.96,72305,100475337.0,4.07,0.28,0.08,9.34,1.1799999999999997
2011-12-05,002365,28.86,27.72,28.98,27.5,51036,69934680.0,5.09,-4.74,-1.38,6.59,1.4800000000000004
2011-12-06,002365,27.52,28.26,28.7,27.42,57555,78354759.0,4.62,1.95,0.54,7.43,1.2799999999999976
2011-12-07,002365,28.16,29.06,29.28,27.9,81333,113540998.0,4.88,2.83,0.8,10.5,1.3800000000000026
2011-12-08,002365,28.8,29.08,29.88,28.04,94384,133182212.0,6.33,0.07,0.02,12.19,1.8399999999999999
2011-12-09,002365,28.58,28.58,29.4,28.3,50549,70682474.0,3.78,-1.72,-0.5,6.53,1.0999999999999979
2011-12-12,002365,28.44,28.4,28.98,28.24,34272,47771165.0,2.59,-0.63,-0.18,4.43,0.740000000000002
2011-12-13,002365,28.0,26.52,28.3,26.34,58574,76982866.0,6.9,-6.62,-1.88,7.56,1.9600000000000009
2011-12-14,002365,26.34,26.46,27.14,26.28,39357,51005504.0,3.24,-0.23,-0.06,5.08,0.8599999999999994
2011-12-15,002365,26.1,26.76,27.38,26.1,55249,72150821.0,4.84,1.13,0.3,7.13,1.2799999999999976
2011-12-16,002365,26.72,27.98,28.0,26.16,60698,79948581.0,6.88,4.56,1.22,7.84,1.8399999999999999
2011-12-19,002365,27.72,28.04,28.2,27.0,54616,72905814.0,4.29,0.21,0.06,7.05,1.1999999999999993
2011-12-20,002365,27.7,27.48,28.62,27.34,62161,84625027.0,4.56,-2.0,-0.56,8.03,1.2800000000000011
2011-12-21,002365,27.76,26.62,28.2,26.52,52077,69757605.0,6.11,-3.13,-0.86,6.72,1.6799999999999997
2011-12-22,002365,26.04,25.44,26.12,24.62,64270,78687985.0,5.63,-4.43,-1.18,8.3,1.5
2011-12-23,002365,25.04,25.72,26.06,25.0,38119,47529401.0,4.17,1.1,0.28,4.92,1.0599999999999987
2011-12-26,002365,25.72,25.32,25.98,25.1,27555,34131030.0,3.42,-1.56,-0.4,3.56,0.879999999999999
2011-12-27,002365,25.1,25.6,25.76,24.68,38339,46852637.0,4.27,1.11,0.28,4.95,1.0800000000000018
2011-12-28,002365,25.74,23.96,26.52,23.3,69274,82774518.0,12.58,-6.41,-1.64,8.95,3.219999999999999
2011-12-29,002365,23.5,23.54,23.98,23.04,35001,39848511.0,3.92,-1.75,-0.42,4.52,0.9400000000000013
2011-12-30,002365,23.62,23.84,24.18,23.46,29977,34423670.0,3.06,1.27,0.3,3.87,0.7199999999999989
2012-01-05,002365,21.54,21.54,21.54,21.54,6917,7172929.0,0.0,-9.65,-2.3,0.89,0.0
2012-01-06,002365,19.46,19.46,19.46,19.46,8265,7711245.0,0.0,-9.66,-2.08,1.07,0.0
2012-01-09,002365,18.44,19.98,20.16,18.44,66880,62090078.0,8.84,2.67,0.52,8.64,1.7199999999999989
2012-01-10,002365,19.72,21.52,21.9,19.72,87035,88049621.0,10.91,7.71,1.54,11.24,2.1799999999999997
2012-01-11,002365,21.28,21.4,21.8,21.02,62474,64315574.0,3.62,-0.56,-0.12,8.07,0.7800000000000011
2012-01-12,002365,21.18,21.62,21.74,20.92,46592,48114201.0,3.83,1.03,0.22,6.02,0.8199999999999967
2012-01-13,002365,21.54,19.96,21.66,19.94,52341,51723270.0,7.96,-7.68,-1.66,6.76,1.7199999999999989
2012-01-16,002365,19.72,18.94,19.72,18.94,26822,24809631.0,3.91,-5.11,-1.02,3.46,0.7799999999999976
2012-01-17,002365,18.98,20.26,20.68,18.82,39969,37679270.0,9.82,6.97,1.32,5.16,1.8599999999999994
2012-01-18,002365,20.12,19.44,20.66,19.18,36430,35136481.0,7.31,-4.05,-0.82,4.7,1.4800000000000004
2012-01-19,002365,19.26,19.96,20.1,19.18,27367,26028313.0,4.73,2.67,0.52,3.53,0.9200000000000017
2012-01-20,002365,20.16,20.88,21.2,20.16,40316,40288553.0,5.21,4.61,0.92,5.21,1.0399999999999991
2012-01-30,002365,20.58,20.26,20.74,20.1,31920,31291241.0,3.07,-2.97,-0.62,4.12,0.639999999999997
2012-01-31,002365,20.18,20.12,20.4,19.84,17937,17296964.0,2.76,-0.69,-0.14,2.32,0.5599999999999987
2012-02-01,002365,20.1,20.34,20.58,19.78,30156,29412701.0,3.98,1.09,0.22,3.89,0.7999999999999972
2012-02-02,002365,20.26,21.7,21.9,20.24,73760,75397836.0,8.16,6.69,1.36,9.52,1.6600000000000001
2012-02-03,002365,21.4,21.7,21.76,21.24,60568,62812007.0,2.4,0.0,0.0,7.82,0.5200000000000031
2012-02-06,002365,21.66,21.78,22.06,21.32,45147,47127150.0,3.41,0.37,0.08,5.83,0.7399999999999984
2012-02-07,002365,21.72,21.02,21.72,20.72,41445,42265510.0,4.59,-3.49,-0.76,5.35,1.0
2012-02-08,002365,21.0,21.8,21.88,20.92,47689,49575719.0,4.57,3.71,0.78,6.16,0.9599999999999973
2012-02-09,002365,21.8,22.12,22.74,21.7,61139,65285336.0,4.77,1.47,0.32,7.89,1.0399999999999991
2012-02-10,002365,22.1,22.36,22.38,21.76,50747,53986076.0,2.8,1.08,0.24,6.55,0.6199999999999974
2012-02-13,002365,22.12,23.18,23.64,21.92,78201,86684930.0,7.69,3.67,0.82,10.1,1.7199999999999989
2012-02-14,002365,22.88,22.96,23.3,22.62,42920,47510807.0,2.93,-0.95,-0.22,5.54,0.6799999999999997
2012-02-15,002365,22.92,23.36,23.38,22.64,45319,50532337.0,3.22,1.74,0.4,5.85,0.7399999999999984
2012-02-16,002365,23.36,23.6,23.94,23.04,57172,64880965.0,3.85,1.03,0.24,7.38,0.9000000000000021
2012-02-17,002365,23.66,23.28,24.24,23.16,46056,52421120.0,4.58,-1.36,-0.32,5.95,1.0799999999999983
2012-02-20,002365,23.66,23.1,23.66,23.02,41555,46746367.0,2.75,-0.77,-0.18,5.37,0.6400000000000006
2012-02-21,002365,23.08,23.38,23.4,22.6,40441,44904408.0,3.46,1.21,0.28,5.22,0.7999999999999972
2012-02-22,002365,23.38,24.06,24.1,23.32,56896,65421547.0,3.34,2.91,0.68,7.35,0.7800000000000011
2012-02-23,002365,24.06,24.12,24.34,23.6,46595,54093725.0,3.08,0.25,0.06,6.02,0.7399999999999984
2012-02-24,002365,24.22,24.74,24.98,24.22,66408,79197085.0,3.15,2.57,0.62,8.57,0.7600000000000016
2012-02-27,002365,24.74,24.68,25.16,24.4,59091,70785964.0,3.07,-0.24,-0.06,7.63,0.7600000000000016
2012-02-28,002365,24.52,24.28,24.66,23.94,37295,43866452.0,2.92,-1.62,-0.4,4.82,0.7199999999999989
2012-02-29,002365,24.12,24.18,24.46,23.96,27778,32545924.0,2.06,-0.41,-0.1,3.59,0.5
2012-03-01,002365,23.92,25.12,25.18,23.92,65261,78338327.0,5.21,3.89,0.94,8.43,1.259999999999998
2012-03-02,002365,25.7,25.24,25.7,24.78,60422,73329693.0,3.66,0.48,0.12,7.8,0.9199999999999982
2012-03-05,002365,25.18,25.0,25.46,24.8,40213,48819122.0,2.61,-0.95,-0.24,5.19,0.6600000000000001
2012-03-06,002365,24.8,24.36,24.82,24.18,33517,39611701.0,2.56,-2.56,-0.64,4.33,0.6400000000000006
2012-03-07,002365,24.12,24.22,24.68,24.0,26839,31710893.0,2.79,-0.57,-0.14,3.47,0.6799999999999997
2012-03-08,002365,24.3,24.7,24.94,24.3,38224,45710458.0,2.64,1.98,0.48,4.94,0.6400000000000006
2012-03-09,002365,24.76,24.96,24.98,24.6,25997,31227344.0,1.54,1.05,0.26,3.36,0.379999999999999
2012-03-12,002365,24.96,25.3,25.36,24.92,32324,39324633.0,1.76,1.36,0.34,4.17,0.4399999999999977
2012-03-13,002365,25.32,26.12,26.32,25.0,80160,100463241.0,5.22,3.24,0.82,10.35,1.3200000000000003
2012-03-14,002365,26.04,24.34,26.2,24.2,78066,95894425.0,7.66,-6.81,-1.78,10.08,2.0
2012-03-15,002365,24.4,24.44,24.8,23.62,49353,58099600.0,4.85,0.41,0.1,6.37,1.1799999999999997
2012-03-16,002365,24.56,25.4,25.5,24.48,57257,69610585.0,4.17,3.93,0.96,7.39,1.0199999999999996
2012-03-19,002365,25.6,25.88,26.1,25.42,53935,67543338.0,2.68,1.89,0.48,6.96,0.6799999999999997
2012-03-20,002365,25.68,24.96,25.68,24.84,33990,41430440.0,3.25,-3.55,-0.92,4.39,0.8399999999999999
2012-03-21,002365,24.96,25.24,25.32,24.4,27958,33686031.0,3.69,1.12,0.28,3.61,0.9200000000000017
2012-03-22,002365,25.36,25.8,25.92,24.86,41805,51341906.0,4.2,2.22,0.56,5.4,1.0600000000000023
2012-03-23,002365,25.6,25.1,25.6,24.9,29983,36573743.0,2.71,-2.71,-0.7,3.87,0.7000000000000028
2012-03-26,002365,24.6,23.86,24.66,23.52,36825,42564242.0,4.54,-4.94,-1.24,4.76,1.1400000000000006
2012-03-27,002365,24.0,23.36,24.18,23.22,21527,24611743.0,4.02,-2.1,-0.5,2.78,0.9600000000000009
2012-03-28,002365,23.36,21.92,23.46,21.7,28917,31300879.0,7.53,-6.16,-1.44,3.73,1.7600000000000016
2012-03-29,002365,21.6,21.72,22.26,21.46,14856,15607531.0,3.65,-0.91,-0.2,1.92,0.8000000000000007
2012-03-30,002365,21.92,21.12,21.92,21.0,14144,14564385.0,4.24,-2.76,-0.6,1.83,0.9200000000000017
2012-04-05,002365,21.2,21.78,21.92,21.0,14896,15462817.0,4.36,3.13,0.66,1.92,0.9200000000000017
2012-04-06,002365,21.78,21.94,22.14,21.6,17150,18082502.0,2.48,0.73,0.16,2.21,0.5399999999999991
2012-04-09,002365,21.8,21.22,21.86,21.16,15313,15843352.0,3.19,-3.28,-0.72,1.98,0.6999999999999993
2012-04-10,002365,21.1,21.52,21.54,20.48,20711,20887592.0,5.0,1.41,0.3,2.67,1.0599999999999987
2012-04-11,002365,20.9,21.26,21.32,20.62,21135,21440416.0,3.25,-1.21,-0.26,2.73,0.6999999999999993
2012-04-12,002365,21.2,22.04,22.1,21.16,30412,31660243.0,4.42,3.67,0.78,3.93,0.9400000000000013
2012-04-13,002365,22.04,22.14,22.2,21.76,29225,30962668.0,2.0,0.45,0.1,3.77,0.4399999999999977
2012-04-16,002365,22.14,22.52,22.74,21.74,36593,39029821.0,4.52,1.72,0.38,4.73,1.0
2012-04-17,002365,22.38,22.92,23.02,22.16,45963,50284409.0,3.82,1.78,0.4,5.93,0.8599999999999994
2012-04-18,002365,22.8,22.92,22.98,22.4,45234,49612802.0,2.53,0.0,0.0,5.84,0.5800000000000018
2012-04-19,002365,22.8,22.8,22.94,22.42,26110,28575116.0,2.27,-0.52,-0.12,3.37,0.5199999999999996
2012-04-20,002365,22.6,22.68,22.88,22.56,20655,22663020.0,1.4,-0.53,-0.12,2.67,0.3200000000000003
2012-04-23,002365,22.6,21.4,22.8,21.3,31417,33316519.0,6.61,-5.64,-1.28,4.06,1.5
2012-04-24,002365,21.3,21.5,21.74,20.86,20844,21383317.0,4.11,0.47,0.1,2.69,0.879999999999999
2012-04-25,002365,21.4,21.36,21.54,21.06,17676,18150435.0,2.23,-0.65,-0.14,2.28,0.4800000000000004
2012-04-26,002365,21.42,21.68,21.9,21.2,21335,22172059.0,3.28,1.5,0.32,2.75,0.6999999999999993
2012-04-27,002365,21.82,22.28,22.54,21.74,32416,34837186.0,3.69,2.77,0.6,4.19,0.8000000000000007
2012-05-02,002365,22.4,22.54,22.84,22.36,25111,27329901.0,2.15,1.17,0.26,3.24,0.4800000000000004
2012-05-03,002365,22.54,22.68,22.84,22.38,21467,23507367.0,2.04,0.62,0.14,2.77,0.46000000000000085
2012-05-04,002365,22.96,23.02,23.5,22.92,34025,38092046.0,2.56,1.5,0.34,4.39,0.5799999999999983
2012-05-07,002365,22.82,22.88,23.02,22.62,20054,22038632.0,1.74,-0.61,-0.14,2.59,0.3999999999999986
2012-05-08,002365,22.98,23.28,23.34,22.84,26382,29462197.0,2.19,1.75,0.4,3.41,0.5
2012-05-09,002365,23.14,22.52,23.14,22.48,20239,22269482.0,2.84,-3.26,-0.76,2.61,0.6600000000000001
2012-05-11,002365,22.7,23.74,24.5,22.7,56955,65428374.0,7.99,5.42,1.22,7.35,1.8000000000000007
2012-05-14,002365,23.7,24.52,25.36,23.38,73558,86694983.0,8.34,3.29,0.78,9.5,1.9800000000000004
2012-05-15,002365,24.34,23.8,24.36,23.22,41803,48065944.0,4.65,-2.94,-0.72,5.4,1.1400000000000006
2012-05-16,002365,23.76,23.86,24.04,23.3,23923,27403919.0,3.11,0.25,0.06,3.09,0.7399999999999984
2012-05-17,002365,23.62,23.7,24.06,23.52,23006,26446212.0,2.26,-0.67,-0.16,2.97,0.5399999999999991
2012-05-18,002365,23.56,22.58,23.56,22.42,30445,33744265.0,4.81,-4.73,-1.12,3.93,1.139999999999997
2012-05-21,002365,22.4,22.4,22.7,21.98,15815,17078090.0,3.19,-0.8,-0.18,2.04,0.7199999999999989
2012-05-22,002365,22.56,22.84,22.96,22.44,14577,15965569.0,2.32,1.96,0.44,1.88,0.5199999999999996
2012-05-23,002365,22.92,22.6,22.92,22.32,12847,13992099.0,2.63,-1.05,-0.24,1.66,0.6000000000000014
2012-05-24,002365,22.42,22.16,22.72,22.1,12676,13688027.0,2.74,-1.95,-0.44,1.64,0.6199999999999974
2012-05-25,002365,21.92,21.78,22.38,21.76,11862,12604815.0,2.8,-1.71,-0.38,1.53,0.6199999999999974
2012-05-28,002365,21.78,21.84,21.88,21.1,15538,16123722.0,3.58,0.28,0.06,2.01,0.7799999999999976
2012-05-29,002365,21.98,22.2,22.24,21.7,19470,20600184.0,2.47,1.65,0.36,2.51,0.5399999999999991
2012-05-30,002365,22.16,22.26,22.54,22.08,16232,17490605.0,2.07,0.27,0.06,2.1,0.46000000000000085
2012-06-01,002365,22.22,22.4,22.56,22.16,11125,11997149.0,1.8,0.63,0.14,1.44,0.3999999999999986
2012-06-04,002365,22.0,21.74,22.3,21.7,12214,12965211.0,2.68,-2.95,-0.66,1.58,0.6000000000000014
2012-06-05,002365,21.72,22.04,22.12,21.62,11153,11798562.0,2.3,1.38,0.3,1.44,0.5
2012-06-06,002365,22.18,21.9,22.38,21.72,9394,9973296.0,2.99,-0.64,-0.14,1.21,0.6600000000000001
2012-06-07,002365,22.2,21.76,22.28,21.7,9603,10154922.0,2.65,-0.64,-0.14,1.24,0.5800000000000018
2012-06-08,002365,21.96,21.66,22.14,21.66,7942,8349171.0,2.21,-0.46,-0.1,1.03,0.4800000000000004
2012-06-11,002365,21.68,22.22,22.24,21.66,11661,12393579.0,2.68,2.59,0.56,1.51,0.5799999999999983
2012-06-12,002365,22.16,22.22,22.5,21.9,12293,13230914.0,2.7,0.0,0.0,1.59,0.6000000000000014
2012-06-13,002365,22.8,24.36,24.36,22.78,95797,111254702.0,7.11,9.63,2.14,12.37,1.5799999999999983
2012-06-14,002365,24.2,24.1,24.32,23.72,68050,79075501.0,2.46,-1.07,-0.26,8.79,0.6000000000000014
2012-06-15,002365,24.04,24.16,24.74,23.8,61010,71590140.0,3.9,0.25,0.06,7.88,0.9399999999999977
2012-06-18,002365,24.34,24.52,25.1,23.92,72273,84730989.0,4.88,1.49,0.36,9.33,1.1799999999999997
2012-06-19,002365,24.52,25.08,25.84,24.34,95944,115487437.0,6.12,2.28,0.56,12.39,1.5
2012-06-20,002365,24.8,24.08,24.8,23.96,53740,61912556.0,3.35,-3.99,-1.0,6.94,0.8399999999999999
2012-06-21,002365,23.9,23.94,24.26,23.42,30325,34296882.0,3.49,-0.58,-0.14,3.92,0.8399999999999999
2012-06-25,002365,23.86,23.56,24.38,23.42,29386,33369519.0,4.01,-1.59,-0.38,3.79,0.9599999999999973
2012-06-26,002365,23.4,23.96,24.04,22.8,31591,35253090.0,5.26,1.7,0.4,4.08,1.2399999999999984
2012-06-27,002365,23.84,24.0,24.72,23.7,39464,45332545.0,4.26,0.17,0.04,5.1,1.0199999999999996
2012-06-28,002365,23.92,23.66,24.54,23.56,30820,35278393.0,4.08,-1.42,-0.34,3.98,0.9800000000000004
2012-06-29,002365,23.52,25.38,25.42,23.52,72836,85498884.0,8.03,7.27,1.72,9.4,1.9000000000000021
2012-07-02,002365,25.36,23.6,25.92,23.5,161251,188521725.0,9.54,-7.01,-1.78,20.64,2.4200000000000017
2012-07-03,002365,22.56,21.78,22.6,21.4,112419,116891828.0,5.08,-7.71,-1.82,14.39,1.2000000000000028
2012-07-04,002365,21.56,21.16,21.8,21.06,71501,72197989.0,3.4,-2.85,-0.62,9.15,0.740000000000002
2012-07-05,002365,21.1,21.34,21.54,20.96,37996,38220197.0,2.74,0.85,0.18,4.86,0.5799999999999983
2012-07-06,002365,21.4,21.4,21.56,20.7,46283,46039776.0,4.03,0.28,0.06,5.92,0.8599999999999994
2012-07-09,002365,21.3,21.28,21.92,21.1,43757,44551964.0,3.83,-0.56,-0.12,5.6,0.8200000000000003
2012-07-10,002365,20.98,20.8,21.14,20.74,22458,22159844.0,1.88,-2.26,-0.48,2.87,0.40000000000000213
2012-07-11,002365,20.64,20.52,20.9,20.08,34528,33117536.0,3.94,-1.35,-0.28,4.42,0.8200000000000003
2012-07-12,002365,20.32,20.74,20.94,20.2,36278,35281941.0,3.61,1.07,0.22,4.64,0.740000000000002
2012-07-13,002365,20.64,20.64,20.88,20.46,20050,19484615.0,2.03,-0.48,-0.1,2.57,0.41999999999999815
2012-07-16,002365,20.64,19.98,20.74,19.94,22653,21764241.0,3.88,-3.2,-0.66,2.9,0.7999999999999972
2012-07-17,002365,20.06,19.62,20.06,19.32,21809,19988923.0,3.7,-1.8,-0.36,2.79,0.7399999999999984
2012-07-18,002365,19.62,19.46,19.62,19.0,20658,18656302.0,3.16,-0.82,-0.16,2.64,0.620000000000001
2012-07-19,002365,19.4,19.78,19.92,19.22,19110,17703622.0,3.6,1.64,0.32,2.45,0.7000000000000028
2012-07-20,002365,19.78,19.8,20.04,19.72,14837,13850105.0,1.62,0.1,0.02,1.9,0.3200000000000003
2012-07-23,002365,19.74,19.56,19.76,19.32,8727,8011337.0,2.22,-1.21,-0.24,1.12,0.4400000000000013
2012-07-24,002365,19.42,19.82,20.0,19.26,10384,9632456.0,3.78,1.33,0.26,1.33,0.7399999999999984
2012-07-25,002365,19.76,20.24,20.58,19.62,22330,21279277.0,4.84,2.12,0.42,2.86,0.9599999999999973
2012-07-26,002365,20.3,19.9,20.38,19.84,14282,13456490.0,2.67,-1.68,-0.34,1.83,0.5399999999999991
2012-07-27,002365,20.06,19.9,20.12,19.84,8371,7842110.0,1.41,0.0,0.0,1.07,0.28000000000000114
2012-07-30,002365,19.9,19.38,20.14,19.36,8437,7767240.0,3.92,-2.61,-0.52,1.08,0.7800000000000011
2012-07-31,002365,19.3,18.74,19.4,18.7,14100,12487848.0,3.61,-3.3,-0.64,1.8,0.6999999999999993
2012-08-01,002365,18.78,19.02,19.18,18.74,9620,8566220.0,2.35,1.49,0.28,1.23,0.4400000000000013
2012-08-02,002365,19.0,19.24,19.6,18.88,14511,13182634.0,3.79,1.16,0.22,1.86,0.7200000000000024
2012-08-03,002365,19.26,19.62,19.62,19.26,10205,9310243.0,1.87,1.98,0.38,1.31,0.35999999999999943
2012-08-06,002365,19.6,19.92,19.96,19.48,12285,11405494.0,2.45,1.53,0.3,1.57,0.4800000000000004
2012-08-07,002365,20.0,20.88,21.78,19.92,33799,32970079.0,9.34,4.82,0.96,4.33,1.8599999999999994
2012-08-08,002365,20.58,20.6,21.18,20.52,21125,20712572.0,3.16,-1.34,-0.28,2.7,0.6600000000000001
2012-08-09,002365,20.5,20.8,20.92,20.44,19317,18838673.0,2.33,0.97,0.2,2.47,0.4800000000000004
2012-08-10,002365,20.9,20.86,21.06,20.68,14079,13859553.0,1.83,0.29,0.06,1.8,0.379999999999999
2012-08-13,002365,20.74,20.1,20.9,20.02,15616,15045567.0,4.22,-3.64,-0.76,2.0,0.879999999999999
2012-08-14,002365,20.18,20.52,20.54,19.98,15611,14902832.0,2.79,2.09,0.42,2.0,0.5599999999999987
2012-08-15,002365,20.46,20.5,20.78,20.42,11876,11513797.0,1.75,-0.1,-0.02,1.52,0.35999999999999943
2012-08-16,002365,20.32,20.62,20.88,20.26,10936,10599486.0,3.02,0.59,0.12,1.4,0.6199999999999974
2012-08-17,002365,20.76,20.4,20.76,20.2,9591,9228245.0,2.72,-1.07,-0.22,1.23,0.5600000000000023
2012-08-20,002365,20.36,20.64,20.68,20.04,9666,9278305.0,3.14,1.18,0.24,1.24,0.6400000000000006
2012-08-21,002365,20.72,20.94,21.08,20.6,14974,14749959.0,2.33,1.45,0.3,1.92,0.4799999999999969
2012-08-22,002365,20.9,20.82,21.08,20.64,12657,12434265.0,2.1,-0.57,-0.12,1.62,0.4399999999999977
2012-08-23,002365,20.72,21.12,21.14,20.68,15512,15321041.0,2.21,1.44,0.3,1.99,0.46000000000000085
2012-08-24,002365,21.02,20.9,21.32,20.64,16064,15890607.0,3.22,-1.04,-0.22,2.06,0.6799999999999997
2012-08-27,002365,20.74,20.78,21.2,20.74,20289,20050025.0,2.2,-0.57,-0.12,2.6,0.46000000000000085
2012-08-28,002365,20.78,20.94,21.1,20.58,14663,14379182.0,2.5,0.77,0.16,1.88,0.5200000000000031
2012-08-29,002365,20.92,21.54,22.12,20.76,40621,41412447.0,6.49,2.87,0.6,5.2,1.3599999999999994
2012-08-30,002365,21.54,21.1,21.74,20.7,27310,27269117.0,4.83,-2.04,-0.44,3.5,1.0399999999999991
2012-08-31,002365,20.9,21.34,21.48,20.84,14052,14066111.0,3.03,1.14,0.24,1.8,0.6400000000000006
2012-09-03,002365,21.3,21.82,22.08,21.1,28845,29648295.0,4.59,2.25,0.48,3.69,0.9799999999999969
2012-09-04,002365,22.0,21.88,22.3,21.62,25312,26207647.0,3.12,0.27,0.06,3.24,0.6799999999999997
2012-09-05,002365,21.84,21.84,22.06,21.62,17706,18285472.0,2.01,-0.18,-0.04,2.27,0.4399999999999977
2012-09-06,002365,21.86,22.16,22.16,21.86,13737,14307906.0,1.37,1.47,0.32,1.76,0.3000000000000007
2012-09-07,002365,22.22,22.64,22.78,22.2,29935,31886842.0,2.62,2.17,0.48,3.83,0.5800000000000018
2012-09-10,002365,22.66,22.62,22.72,22.36,20369,21707890.0,1.59,-0.09,-0.02,2.61,0.35999999999999943
2012-09-11,002365,22.48,22.5,22.6,22.26,13881,14718103.0,1.5,-0.53,-0.12,1.78,0.33999999999999986
2012-09-12,002365,22.5,22.4,22.74,22.3,14469,15393389.0,1.96,-0.44,-0.1,1.85,0.4399999999999977
2012-09-13,002365,22.42,21.64,22.56,21.64,27489,28696534.0,4.11,-3.39,-0.76,3.52,0.9199999999999982
2012-09-14,002365,21.9,21.8,22.02,21.56,18266,18794409.0,2.13,0.74,0.16,2.34,0.46000000000000085
2012-09-17,002365,21.84,21.28,22.1,21.14,16259,16481501.0,4.4,-2.39,-0.52,2.08,0.9600000000000009
2012-09-18,002365,21.12,21.38,21.46,21.12,7825,7869512.0,1.6,0.47,0.1,1.0,0.33999999999999986
2012-09-19,002365,21.38,21.42,21.5,21.26,4742,4784990.0,1.12,0.19,0.04,0.61,0.23999999999999844
2012-09-20,002365,21.3,20.64,21.48,20.64,12897,12796314.0,3.92,-3.64,-0.78,1.65,0.8399999999999999
2012-09-21,002365,20.66,20.5,20.8,20.48,6162,5990533.0,1.55,-0.68,-0.14,0.79,0.3200000000000003
2012-09-24,002365,20.4,20.64,20.7,20.22,4305,4165085.0,2.34,0.68,0.14,0.55,0.4800000000000004
2012-09-25,002365,20.6,20.06,20.68,20.06,8004,7660631.0,3.0,-2.81,-0.58,1.02,0.620000000000001
2012-09-26,002365,20.1,19.48,20.26,19.44,6572,6110697.0,4.09,-2.89,-0.58,0.84,0.8200000000000003
2012-09-27,002365,19.68,19.9,19.96,19.36,10991,10187620.0,3.08,2.16,0.42,1.41,0.6000000000000014
2012-09-28,002365,19.82,20.28,20.42,19.72,9609,9093649.0,3.52,1.91,0.38,1.23,0.7000000000000028
2012-10-08,002365,20.38,20.46,20.7,20.28,10306,9937847.0,2.07,0.89,0.18,1.32,0.41999999999999815
2012-10-09,002365,20.44,20.86,20.96,20.44,12209,11961759.0,2.54,1.96,0.4,1.56,0.5199999999999996
2012-10-10,002365,20.64,21.02,21.1,20.64,12263,12126932.0,2.21,0.77,0.16,1.57,0.46000000000000085
2012-10-11,002365,20.94,20.5,21.08,20.5,10519,10299541.0,2.76,-2.47,-0.52,1.35,0.5799999999999983
2012-10-12,002365,20.52,20.7,20.86,20.5,7299,7120536.0,1.76,0.98,0.2,0.93,0.35999999999999943
2012-10-15,002365,20.68,20.68,20.84,20.46,7295,7078050.0,1.84,-0.1,-0.02,0.93,0.379999999999999
2012-10-16,002365,20.7,21.06,21.26,20.6,17217,17092543.0,3.19,1.84,0.38,2.2,0.6600000000000001
2012-10-17,002365,21.06,20.98,21.18,20.74,10030,9927755.0,2.09,-0.38,-0.08,1.28,0.4400000000000013
2012-10-18,002365,21.0,21.24,21.3,21.0,11683,11664941.0,1.43,1.24,0.26,1.5,0.3000000000000007
2012-10-19,002365,21.24,21.12,21.28,20.92,9933,9880337.0,1.69,-0.56,-0.12,1.27,0.35999999999999943
2012-10-22,002365,20.94,21.22,21.24,20.92,8690,8646707.0,1.52,0.47,0.1,1.11,0.31999999999999673
2012-10-23,002365,21.24,20.98,21.26,20.92,10722,10666508.0,1.6,-1.13,-0.24,1.37,0.33999999999999986
2012-10-24,002365,20.96,21.32,21.4,20.82,18928,18935745.0,2.76,1.62,0.34,2.42,0.5799999999999983
2012-10-25,002365,21.32,21.06,21.44,21.0,10527,10530375.0,2.06,-1.22,-0.26,1.35,0.4400000000000013
2012-10-26,002365,21.06,20.4,21.14,20.38,12150,11794460.0,3.61,-3.13,-0.66,1.55,0.7600000000000016
2012-10-29,002365,20.44,20.3,20.68,20.24,7212,6933614.0,2.16,-0.49,-0.1,0.92,0.4400000000000013
2012-10-30,002365,20.24,20.38,20.56,20.24,4161,4005748.0,1.58,0.39,0.08,0.53,0.3200000000000003
2012-10-31,002365,20.42,20.68,20.7,20.38,5686,5504981.0,1.57,1.47,0.3,0.73,0.3200000000000003
2012-11-01,002365,20.68,21.04,21.12,20.6,12247,12112645.0,2.51,1.74,0.36,1.57,0.5199999999999996
2012-11-02,002365,20.94,21.14,21.32,20.92,7811,7772728.0,1.9,0.48,0.1,1.0,0.3999999999999986
2012-11-05,002365,21.14,21.32,21.32,21.0,11063,11065967.0,1.51,0.85,0.18,1.42,0.3200000000000003
2012-11-06,002365,21.32,21.06,21.52,20.76,10399,10311172.0,3.56,-1.22,-0.26,1.33,0.759999999999998
2012-11-07,002365,20.92,21.1,21.2,20.86,5208,5169984.0,1.61,0.19,0.04,0.67,0.33999999999999986
2012-11-08,002365,20.96,20.52,20.96,20.52,9017,8809097.0,2.09,-2.75,-0.58,1.15,0.4400000000000013
2012-11-09,002365,20.52,20.48,20.7,20.42,6600,6381707.0,1.36,-0.19,-0.04,0.84,0.2799999999999976
2012-11-12,002365,20.6,20.5,20.72,20.4,7530,7276300.0,1.56,0.1,0.02,0.96,0.3200000000000003
2012-11-13,002365,20.5,20.02,20.5,19.96,6504,6188650.0,2.63,-2.34,-0.48,0.83,0.5399999999999991
2012-11-14,002365,20.02,20.24,20.32,19.92,5960,5632852.0,2.0,1.1,0.22,0.76,0.3999999999999986
2012-11-15,002365,20.2,19.68,20.3,19.66,6049,5685673.0,3.16,-2.77,-0.56,0.77,0.6400000000000006
2012-11-16,002365,19.66,19.68,19.9,19.58,4669,4314311.0,1.63,0.0,0.0,0.6,0.3200000000000003
2012-11-19,002365,19.7,19.7,19.76,19.4,4018,3695701.0,1.83,0.1,0.02,0.51,0.360000000000003
2012-11-20,002365,19.7,19.56,19.88,19.56,4589,4255609.0,1.62,-0.71,-0.14,0.59,0.3200000000000003
2012-11-21,002365,19.56,19.9,19.94,19.44,6205,5741553.0,2.56,1.74,0.34,0.79,0.5
2012-11-22,002365,19.86,19.66,19.92,19.6,4189,3875669.0,1.61,-1.21,-0.24,0.54,0.3200000000000003
2012-11-23,002365,19.68,19.74,20.0,19.58,5967,5557793.0,2.14,0.41,0.08,0.76,0.4200000000000017
2012-11-26,002365,19.72,19.72,19.88,19.64,2666,2468600.0,1.22,-0.1,-0.02,0.34,0.23999999999999844
2012-11-27,002365,19.62,18.86,19.64,18.86,8144,7298786.0,3.96,-4.36,-0.86,1.04,0.7800000000000011
2012-11-28,002365,18.8,18.4,18.8,18.32,5712,4924522.0,2.55,-2.44,-0.46,0.73,0.4800000000000004
2012-11-29,002365,18.38,17.9,18.62,17.8,9010,7665724.0,4.46,-2.72,-0.5,1.15,0.8200000000000003
2012-11-30,002365,17.8,17.92,18.1,17.76,5414,4530614.0,1.9,0.11,0.02,0.69,0.33999999999999986
2012-12-03,002365,18.0,17.36,18.08,17.36,5059,4200040.0,4.02,-3.13,-0.56,0.65,0.7199999999999989
2012-12-04,002365,17.42,17.72,17.8,16.98,7853,6314840.0,4.72,2.07,0.36,1.01,0.8200000000000003
2012-12-05,002365,17.68,18.32,18.46,17.54,9361,7941686.0,5.19,3.39,0.6,1.2,0.9200000000000017
2012-12-06,002365,18.16,18.2,18.4,18.02,6133,5215494.0,2.07,-0.66,-0.12,0.78,0.379999999999999
2012-12-07,002365,18.12,18.56,18.62,17.98,8435,7245636.0,3.52,1.98,0.36,1.08,0.6400000000000006
2012-12-10,002365,18.5,18.78,18.92,18.42,10564,9222872.0,2.69,1.19,0.22,1.35,0.5
2012-12-11,002365,18.7,18.68,18.96,18.6,6807,5983763.0,1.92,-0.53,-0.1,0.87,0.35999999999999943
2012-12-12,002365,18.64,18.58,18.76,18.3,5858,5065992.0,2.46,-0.54,-0.1,0.75,0.46000000000000085
2012-12-13,002365,18.52,18.64,18.88,18.3,17621,15406807.0,3.12,0.32,0.06,2.26,0.5799999999999983
2012-12-14,002365,18.48,19.24,19.32,18.42,16662,14852685.0,4.83,3.22,0.6,2.13,0.8999999999999986
2012-12-17,002365,19.24,19.12,19.32,19.0,14052,12611996.0,1.66,-0.62,-0.12,1.8,0.3200000000000003
2012-12-18,002365,18.96,19.0,19.42,18.96,10459,9395185.0,2.41,-0.63,-0.12,1.34,0.46000000000000085
2012-12-19,002365,19.04,19.16,19.3,19.04,6195,5569430.0,1.37,0.84,0.16,0.79,0.26000000000000156
2012-12-20,002365,19.18,19.12,19.2,18.94,7423,6636838.0,1.36,-0.21,-0.04,0.95,0.259999999999998
2012-12-21,002365,19.06,19.18,19.32,19.06,9611,8657841.0,1.36,0.31,0.06,1.23,0.26000000000000156
2012-12-24,002365,19.12,19.3,19.44,18.98,10876,9808102.0,2.4,0.63,0.12,1.39,0.46000000000000085
2012-12-25,002365,19.32,19.76,19.88,19.3,15829,14622052.0,3.01,2.38,0.46,2.03,0.5799999999999983
2012-12-26,002365,19.76,19.98,20.1,19.66,12944,12073832.0,2.23,1.11,0.22,1.66,0.4400000000000013
2012-12-27,002365,20.1,19.7,20.12,19.7,13643,12712771.0,2.1,-1.4,-0.28,1.75,0.4200000000000017
2012-12-28,002365,19.72,19.9,19.92,19.48,10881,10100049.0,2.23,1.02,0.2,1.39,0.4400000000000013
2012-12-31,002365,20.0,19.92,20.02,19.78,8792,8221541.0,1.21,0.1,0.02,0.89,0.23999999999999844
2013-01-04,002365,20.0,19.92,20.12,19.6,15316,14293252.0,2.61,0.0,0.0,1.56,0.5199999999999996
2013-01-07,002365,19.9,20.32,20.76,19.88,19132,18284418.0,4.42,2.01,0.4,1.95,0.8800000000000026
2013-01-08,002365,20.28,20.42,20.72,20.14,17635,16943458.0,2.85,0.49,0.1,1.79,0.5799999999999983
2013-01-09,002365,20.42,20.4,20.64,20.22,17356,16655874.0,2.06,-0.1,-0.02,1.77,0.4200000000000017
2013-01-10,002365,20.34,20.44,20.56,20.3,11556,11112697.0,1.27,0.2,0.04,1.18,0.259999999999998
2013-01-11,002365,20.38,19.82,20.48,19.8,19086,18043838.0,3.33,-3.03,-0.62,1.94,0.6799999999999997
2013-01-14,002365,19.8,20.46,20.54,19.76,23366,22345045.0,3.94,3.23,0.64,2.38,0.7799999999999976
2013-01-15,002365,20.5,21.08,21.28,20.46,29958,29556706.0,4.01,3.03,0.62,3.05,0.8200000000000003
2013-01-16,002365,20.98,20.9,21.14,20.56,20830,20493817.0,2.75,-0.85,-0.18,2.12,0.5800000000000018
2013-01-17,002365,20.9,20.9,21.16,20.66,17675,17451553.0,2.39,0.0,0.0,1.8,0.5
2013-01-18,002365,20.96,21.34,21.34,20.74,23007,22861601.0,2.87,2.11,0.44,2.34,0.6000000000000014
2013-01-21,002365,21.36,21.3,21.48,21.1,18075,18106691.0,1.78,-0.19,-0.04,1.84,0.379999999999999
2013-01-22,002365,21.26,20.88,21.48,20.76,16097,15978415.0,3.38,-1.97,-0.42,1.64,0.7199999999999989
2013-01-23,002365,20.8,20.82,20.98,20.5,10619,10387137.0,2.3,-0.29,-0.06,1.08,0.4800000000000004
2013-01-24,002365,20.82,20.24,21.1,20.04,17002,16569579.0,5.09,-2.79,-0.58,1.73,1.0600000000000023
2013-01-25,002365,20.26,20.14,20.44,20.12,8422,8023166.0,1.58,-0.49,-0.1,0.86,0.3200000000000003
2013-01-28,002365,20.16,20.78,20.86,20.16,12219,11885840.0,3.48,3.18,0.64,1.24,0.6999999999999993
2013-01-29,002365,20.84,21.02,21.08,20.72,12316,12178622.0,1.73,1.15,0.24,1.25,0.35999999999999943
2013-01-30,002365,21.04,21.04,21.06,20.82,8934,8829675.0,1.14,0.1,0.02,0.91,0.23999999999999844
2013-01-31,002365,20.98,21.2,21.3,20.8,14669,14571959.0,2.38,0.76,0.16,1.49,0.5
2013-02-01,002365,21.24,21.2,21.3,21.04,16587,16577459.0,1.23,0.0,0.0,1.69,0.26000000000000156
2013-02-04,002365,21.16,20.9,21.32,20.84,13598,13493321.0,2.26,-1.42,-0.3,1.38,0.4800000000000004
2013-02-05,002365,20.9,21.28,21.28,20.82,10682,10611847.0,2.2,1.82,0.38,1.09,0.46000000000000085
2013-02-06,002365,21.28,21.4,21.4,21.12,13822,13864438.0,1.32,0.56,0.12,1.41,0.2799999999999976
2013-02-07,002365,21.32,21.06,21.58,21.0,42429,42333697.0,2.71,-1.59,-0.34,4.32,0.5799999999999983
2013-02-08,002365,21.1,21.76,21.78,21.0,39711,40197102.0,3.7,3.32,0.7,4.04,0.7800000000000011
2013-02-18,002365,21.92,22.24,22.78,21.78,48146,50883990.0,4.6,2.21,0.48,4.9,1.0
2013-02-19,002365,22.34,21.78,22.34,21.66,23733,24610874.0,3.06,-2.07,-0.46,2.41,0.6799999999999997
2013-02-20,002365,21.8,22.64,22.74,21.78,32280,34193167.0,4.41,3.95,0.86,3.28,0.9599999999999973
2013-02-21,002365,22.54,22.32,23.2,21.9,47354,50602795.0,5.74,-1.41,-0.32,4.82,1.3000000000000007
2013-02-22,002365,22.2,22.22,22.78,22.06,23822,25298455.0,3.23,-0.45,-0.1,2.42,0.7200000000000024
2013-02-25,002365,22.26,22.3,22.56,22.08,23281,24548247.0,2.16,0.36,0.08,2.37,0.4800000000000004
2013-02-26,002365,22.22,22.4,22.96,22.2,34120,36417314.0,3.41,0.45,0.1,3.47,0.7600000000000016
2013-02-27,002365,22.5,21.7,22.62,21.54,34390,35638119.0,4.82,-3.13,-0.7,3.5,1.0800000000000018
2013-02-28,002365,21.72,21.96,22.04,21.62,22655,23480600.0,1.94,1.2,0.26,2.3,0.41999999999999815
2013-03-01,002365,21.98,22.3,22.48,21.82,27234,28630028.0,3.01,1.55,0.34,2.77,0.6600000000000001
2013-03-04,002365,22.2,21.78,22.54,21.54,30791,32245464.0,4.48,-2.33,-0.52,3.13,1.0
2013-03-05,002365,21.7,22.66,22.78,21.6,32414,34540292.0,5.42,4.04,0.88,2.73,1.1799999999999997
2013-03-06,002365,22.74,23.16,23.72,22.74,57288,63293294.0,4.32,2.21,0.5,4.82,0.9800000000000004
2013-03-07,002365,23.0,22.72,23.2,22.52,27214,29487799.0,2.94,-1.9,-0.44,2.29,0.6799999999999997
2013-03-08,002365,22.96,22.78,23.28,22.54,22408,24349079.0,3.26,0.26,0.06,1.88,0.740000000000002
2013-03-11,002365,22.78,22.88,23.0,22.44,13547,14595800.0,2.46,0.44,0.1,1.14,0.5599999999999987
2013-03-12,002365,22.8,22.2,23.08,21.84,26101,27515993.0,5.42,-2.97,-0.68,2.19,1.2399999999999984
2013-03-13,002365,22.0,21.68,22.18,21.5,14921,15328665.0,3.06,-2.34,-0.52,1.25,0.6799999999999997
2013-03-14,002365,21.74,21.68,21.94,21.64,9658,9937389.0,1.38,0.0,0.0,0.81,0.3000000000000007
2013-03-15,002365,21.66,21.8,22.22,21.5,14302,14824646.0,3.32,0.55,0.12,1.2,0.7199999999999989
2013-03-18,002365,21.8,21.78,22.2,21.7,10961,11364548.0,2.29,-0.09,-0.02,0.92,0.5
2013-03-19,002365,21.78,21.84,22.06,21.62,11483,11845395.0,2.02,0.28,0.06,0.97,0.4399999999999977
2013-03-20,002365,21.92,22.58,22.64,21.82,25288,26754948.0,3.75,3.39,0.74,2.13,0.8200000000000003
2013-03-21,002365,22.66,22.96,22.96,22.56,28621,30840044.0,1.77,1.68,0.38,2.41,0.40000000000000213
2013-03-22,002365,22.9,22.88,23.08,22.7,14911,16194159.0,1.66,-0.35,-0.08,1.25,0.379999999999999
2013-03-25,002365,22.9,22.66,23.08,22.52,15169,16288835.0,2.45,-0.96,-0.22,1.28,0.5599999999999987
2013-03-26,002365,22.6,23.26,23.36,22.06,29360,31635299.0,5.74,2.65,0.6,2.47,1.3000000000000007
2013-03-27,002365,23.32,23.02,23.54,22.94,22488,24764375.0,2.58,-1.03,-0.24,1.89,0.5999999999999979
2013-03-28,002365,22.42,22.1,22.42,22.02,25008,26343122.0,1.74,-4.0,-0.92,2.1,0.40000000000000213
2013-03-29,002365,22.1,22.18,22.5,22.1,11712,12339222.0,1.81,0.36,0.08,0.98,0.3999999999999986
2013-04-01,002365,22.1,22.26,22.46,22.08,16332,17168632.0,1.71,0.36,0.08,1.37,0.38000000000000256
2013-04-02,002365,22.14,22.18,22.58,22.06,15431,16283891.0,2.34,-0.36,-0.08,1.3,0.5199999999999996
2013-04-03,002365,22.18,21.92,22.38,21.72,12208,12690054.0,2.98,-1.17,-0.26,1.03,0.6600000000000001
2013-04-08,002365,21.6,22.16,22.22,21.44,10069,10389582.0,3.56,1.09,0.24,0.85,0.7799999999999976
2013-04-09,002365,22.08,22.06,22.28,21.86,8887,9259300.0,1.9,-0.45,-0.1,0.75,0.4200000000000017
2013-04-10,002365,22.06,21.7,22.22,21.52,10553,10878563.0,3.17,-1.63,-0.36,0.89,0.6999999999999993
2013-04-11,002365,21.84,21.04,21.84,20.82,23851,23974909.0,4.7,-3.04,-0.66,2.01,1.0199999999999996
2013-04-12,002365,20.86,20.5,21.08,20.46,12381,12127244.0,2.95,-2.57,-0.54,1.04,0.6199999999999974
2013-04-15,002365,20.42,20.34,20.6,20.2,4971,4777351.0,1.95,-0.78,-0.16,0.42,0.40000000000000213
2013-04-16,002365,20.16,20.56,20.6,20.16,6667,6401554.0,2.16,1.08,0.22,0.56,0.4400000000000013
2013-04-17,002365,20.64,20.72,20.76,20.42,5979,5795418.0,1.65,0.78,0.16,0.5,0.33999999999999986
2013-04-18,002365,20.6,20.78,20.88,20.6,5963,5831570.0,1.35,0.29,0.06,0.5,0.2799999999999976
2013-04-19,002365,20.66,21.14,21.26,20.66,10159,10081428.0,2.89,1.73,0.36,0.85,0.6000000000000014
2013-04-22,002365,20.38,20.68,20.94,20.38,23767,23163160.0,2.65,-2.18,-0.46,2.0,0.5600000000000023
2013-04-23,002365,20.62,19.44,20.74,19.38,21032,19673723.0,6.58,-6.0,-1.24,1.77,1.3599999999999994
2013-04-24,002365,19.44,19.6,19.6,19.12,18932,17221230.0,2.47,0.82,0.16,1.59,0.4800000000000004
2013-04-25,002365,19.48,18.86,19.48,18.82,25157,22581038.0,3.37,-3.78,-0.74,2.12,0.6600000000000001
2013-04-26,002365,18.92,18.96,19.08,18.72,9799,8661230.0,1.91,0.53,0.1,0.82,0.35999999999999943
2013-05-02,002365,18.94,19.16,19.3,18.86,10578,9500884.0,2.32,1.05,0.2,0.89,0.4400000000000013
2013-05-03,002365,19.16,19.44,19.56,19.14,11694,10646335.0,2.19,1.46,0.28,0.98,0.41999999999999815
2013-05-06,002365,19.4,19.6,19.6,19.3,17988,16429520.0,1.54,0.82,0.16,1.51,0.3000000000000007
2013-05-07,002365,19.58,19.48,19.58,19.34,9376,8563050.0,1.22,-0.61,-0.12,0.79,0.23999999999999844
2013-05-08,002365,19.58,19.92,20.0,19.54,18916,17634783.0,2.36,2.26,0.44,1.59,0.46000000000000085
2013-05-09,002365,19.88,19.78,20.0,19.62,10295,9565159.0,1.91,-0.7,-0.14,0.87,0.379999999999999
2013-05-10,002365,19.78,19.82,19.88,19.64,10026,9312861.0,1.21,0.2,0.04,0.84,0.23999999999999844
2013-05-13,002365,19.84,19.98,20.04,19.66,12680,11852269.0,1.92,0.81,0.16,1.07,0.379999999999999
2013-05-14,002365,20.0,19.76,20.1,19.68,11934,11083772.0,2.1,-1.1,-0.22,1.0,0.4200000000000017
2013-05-15,002365,19.84,19.92,19.96,19.66,8917,8145059.0,1.52,0.81,0.16,0.75,0.3000000000000007
2013-05-16,002365,19.9,20.16,20.32,19.9,13234,12259256.0,2.11,1.2,0.24,1.11,0.4200000000000017
2013-05-17,002365,20.18,20.32,20.34,20.06,13677,12748038.0,1.39,0.79,0.16,1.15,0.28000000000000114
2013-05-20,002365,20.38,20.34,20.4,20.18,22585,21116892.0,1.08,0.1,0.02,1.9,0.21999999999999886
2013-05-21,002365,20.32,20.66,20.7,20.24,20128,19034393.0,2.26,1.57,0.32,1.69,0.46000000000000085
2013-05-22,002365,20.66,20.52,20.78,20.44,16000,15216577.0,1.65,-0.68,-0.14,1.35,0.33999999999999986
2013-05-23,002365,20.48,20.4,20.62,20.28,11843,11150275.0,1.66,-0.58,-0.12,1.0,0.33999999999999986
2013-05-24,002365,20.36,20.52,20.56,20.36,11585,10925144.0,0.98,0.59,0.12,0.97,0.1999999999999993
2013-05-27,002365,20.6,20.84,20.9,20.56,14828,14216744.0,1.66,1.56,0.32,1.25,0.33999999999999986
2013-05-28,002365,20.9,20.88,20.98,20.6,11032,10576217.0,1.82,0.19,0.04,0.93,0.379999999999999
2013-05-29,002365,20.98,21.18,21.3,20.74,32729,31749744.0,2.68,1.44,0.3,2.75,0.5600000000000023
2013-05-30,002365,21.04,21.4,21.4,20.92,17817,17396741.0,2.27,1.04,0.22,1.5,0.4799999999999969
2013-05-31,002365,21.38,20.92,21.4,20.92,38814,37820897.0,2.24,-2.24,-0.48,3.26,0.4799999999999969
2013-06-03,002365,20.96,20.88,21.12,20.8,15491,15027319.0,1.53,-0.19,-0.04,1.3,0.3200000000000003
2013-06-04,002365,20.92,20.66,21.18,20.56,17779,17107557.0,2.97,-1.05,-0.22,1.5,0.620000000000001
2013-06-05,002365,20.58,20.76,20.78,20.5,12553,11955950.0,1.36,0.48,0.1,1.06,0.28000000000000114
2013-06-06,002365,20.76,20.02,20.88,19.96,15651,14674313.0,4.43,-3.56,-0.74,1.32,0.9199999999999982
2013-06-07,002365,20.02,19.72,20.18,19.7,12471,11440192.0,2.4,-1.5,-0.3,1.05,0.4800000000000004
2013-06-13,002365,19.6,19.26,19.6,19.02,8310,7352370.0,2.94,-2.33,-0.46,0.7,0.5800000000000018
2013-06-14,002365,19.26,19.58,19.58,19.26,7124,6368911.0,1.66,1.66,0.32,0.6,0.31999999999999673
2013-06-17,002365,19.5,19.5,19.72,19.4,10179,9143493.0,1.63,-0.41,-0.08,0.86,0.3200000000000003
2013-06-18,002365,19.5,19.62,19.72,19.5,6731,6063607.0,1.13,0.62,0.12,0.57,0.21999999999999886
2013-06-19,002365,19.56,19.38,19.56,19.1,6215,5508066.0,2.34,-1.22,-0.24,0.52,0.4599999999999973
2013-06-20,002365,19.42,19.02,19.42,19.02,6609,5820412.0,2.06,-1.86,-0.36,0.56,0.40000000000000213
2013-06-21,002365,18.96,18.6,18.96,18.2,9295,7865654.0,4.0,-2.21,-0.42,0.78,0.7600000000000016
2013-06-24,002365,18.6,17.32,18.6,17.22,11356,9224383.0,7.42,-6.88,-1.28,0.95,1.3800000000000026
2013-06-25,002365,17.32,17.22,17.5,16.22,13350,10219839.0,7.39,-0.58,-0.1,1.12,1.2800000000000011
2013-06-26,002365,17.26,17.68,17.7,17.04,10794,8494342.0,3.83,2.67,0.46,0.91,0.6600000000000001
2013-06-27,002365,17.68,17.32,17.9,17.2,11525,9225256.0,3.96,-2.04,-0.36,0.97,0.6999999999999993
2013-06-28,002365,17.36,17.28,17.58,17.1,8937,7042864.0,2.77,-0.23,-0.04,0.75,0.4799999999999969
2013-07-01,002365,17.28,17.54,17.58,17.08,6034,4756266.0,2.89,1.5,0.26,0.51,0.5
2013-07-02,002365,17.54,17.88,17.88,17.44,9543,7680787.0,2.51,1.94,0.34,0.8,0.4399999999999977
2013-07-03,002365,17.8,17.8,17.84,17.4,8950,7176512.0,2.46,-0.45,-0.08,0.75,0.4400000000000013
2013-07-04,002365,17.64,17.9,18.02,17.56,8786,7137827.0,2.58,0.56,0.1,0.74,0.46000000000000085
2013-07-05,002365,17.92,17.86,18.04,17.76,6965,5681526.0,1.56,-0.22,-0.04,0.59,0.2799999999999976
2013-07-08,002365,17.72,17.12,17.8,17.1,6874,5399414.0,3.92,-4.14,-0.74,0.58,0.6999999999999993
2013-07-09,002365,17.06,17.14,17.28,17.04,4609,3586483.0,1.4,0.12,0.02,0.39,0.240000000000002
2013-07-10,002365,17.16,17.64,17.66,17.14,6717,5306473.0,3.03,2.92,0.5,0.57,0.5199999999999996
2013-07-11,002365,17.62,18.0,18.18,17.58,13865,11322356.0,3.4,2.04,0.36,1.17,0.6000000000000014
2013-07-12,002365,18.02,17.86,18.2,17.82,12508,10275845.0,2.11,-0.78,-0.14,1.05,0.379999999999999
2013-07-15,002365,17.82,18.3,18.32,17.82,9151,7550352.0,2.8,2.46,0.44,0.77,0.5
2013-07-16,002365,18.3,18.44,18.46,18.04,10869,9045852.0,2.3,0.77,0.14,0.92,0.4200000000000017
2013-07-17,002365,18.38,18.08,18.5,18.0,10828,9005071.0,2.71,-1.95,-0.36,0.91,0.5
2013-07-18,002365,17.96,18.06,18.16,17.9,6246,5130091.0,1.44,-0.11,-0.02,0.53,0.26000000000000156
2013-07-19,002365,18.0,17.76,18.34,17.76,8779,7224008.0,3.21,-1.66,-0.3,0.74,0.5799999999999983
2013-07-22,002365,17.6,17.94,17.98,17.42,6426,5216028.0,3.15,1.01,0.18,0.54,0.5599999999999987
2013-07-23,002365,17.94,18.34,18.36,17.92,13381,11115057.0,2.45,2.23,0.4,1.13,0.4399999999999977
2013-07-24,002365,18.3,18.56,18.62,18.18,14753,12371863.0,2.4,1.2,0.22,1.24,0.4400000000000013
2013-07-25,002365,18.58,18.26,18.6,18.2,11037,9266860.0,2.16,-1.62,-0.3,0.93,0.40000000000000213
2013-07-26,002365,18.28,18.36,18.5,18.18,6573,5504412.0,1.75,0.55,0.1,0.55,0.3200000000000003
2013-07-29,002365,18.26,18.4,18.62,18.22,14304,12049116.0,2.18,0.22,0.04,1.21,0.40000000000000213
2013-07-30,002365,18.4,18.2,18.52,17.98,7739,6422064.0,2.93,-1.09,-0.2,0.65,0.5399999999999991
2013-07-31,002365,18.4,18.8,18.9,18.38,20291,17276692.0,2.86,3.3,0.6,1.71,0.5199999999999996
2013-08-01,002365,18.76,18.94,19.0,18.6,16872,14504854.0,2.13,0.74,0.14,1.42,0.3999999999999986
2013-08-02,002365,18.94,18.86,19.2,18.74,17574,15236936.0,2.43,-0.42,-0.08,1.48,0.46000000000000085
2013-08-05,002365,18.96,19.54,19.72,18.86,19107,16862563.0,4.56,3.61,0.68,1.61,0.8599999999999994
2013-08-06,002365,19.52,19.88,20.18,19.4,31124,28339537.0,3.99,1.74,0.34,2.62,0.7800000000000011
2013-08-07,002365,19.82,19.48,19.82,19.38,15854,14256179.0,2.21,-2.01,-0.4,1.34,0.4400000000000013
2013-08-08,002365,19.6,19.62,19.88,19.5,11736,10596137.0,1.95,0.72,0.14,0.99,0.379999999999999
2013-08-09,002365,19.6,19.52,19.74,19.3,12026,10769697.0,2.24,-0.51,-0.1,1.01,0.4399999999999977
2013-08-12,002365,19.58,19.7,19.7,19.36,11204,10037434.0,1.74,0.92,0.18,0.94,0.33999999999999986
2013-08-13,002365,19.76,19.68,19.76,19.54,8604,7758536.0,1.12,-0.1,-0.02,0.73,0.22000000000000242
2013-08-14,002365,19.64,19.58,19.78,19.48,12000,10816642.0,1.52,-0.51,-0.1,1.01,0.3000000000000007
2013-08-15,002365,19.62,19.4,19.7,19.4,7665,6881390.0,1.53,-0.92,-0.18,0.65,0.3000000000000007
2013-08-16,002365,19.26,18.94,19.48,18.9,15237,13384761.0,2.99,-2.37,-0.46,1.28,0.5800000000000018
2013-08-19,002365,18.84,19.1,19.18,18.84,6324,5515012.0,1.8,0.84,0.16,0.53,0.33999999999999986
2013-08-20,002365,19.0,18.96,19.22,18.9,7824,6826155.0,1.68,-0.73,-0.14,0.66,0.3200000000000003
2013-08-21,002365,18.94,19.38,19.42,18.94,9735,8583835.0,2.53,2.22,0.42,0.82,0.4800000000000004
2013-08-22,002365,19.66,20.42,21.1,19.66,59813,56513299.0,7.43,5.37,1.04,5.04,1.4400000000000013
2013-08-23,002365,20.18,20.12,20.42,19.78,34914,32310518.0,3.13,-1.47,-0.3,2.94,0.6400000000000006
2013-08-26,002365,19.76,20.02,20.06,19.42,36991,33516725.0,3.18,-0.5,-0.1,3.12,0.639999999999997
2013-08-27,002365,19.98,19.92,20.08,19.6,17677,16148844.0,2.4,-0.5,-0.1,1.49,0.4799999999999969
2013-08-28,002365,19.92,19.44,19.92,19.4,30504,27438629.0,2.61,-2.41,-0.48,2.57,0.5200000000000031
2013-08-29,002365,19.42,19.44,19.52,19.28,14286,12708323.0,1.23,0.0,0.0,1.2,0.23999999999999844
2013-08-30,002365,19.5,19.06,19.58,19.0,15532,13761824.0,2.98,-1.95,-0.38,1.31,0.5799999999999983
2013-09-02,002365,19.2,19.36,19.36,19.0,8572,7531555.0,1.89,1.57,0.3,0.72,0.35999999999999943
2013-09-03,002365,19.2,19.7,19.78,19.2,14304,12882460.0,3.0,1.76,0.34,1.21,0.5800000000000018
2013-09-04,002365,19.76,19.66,19.82,19.56,14763,13351567.0,1.32,-0.2,-0.04,1.24,0.26000000000000156
2013-09-05,002365,19.68,19.6,19.76,19.48,11941,10758455.0,1.42,-0.31,-0.06,1.01,0.28000000000000114
2013-09-06,002365,19.7,19.62,19.7,19.46,9550,8600808.0,1.22,0.1,0.02,0.81,0.23999999999999844
2013-09-09,002365,19.64,19.8,19.92,19.6,14135,12862401.0,1.63,0.92,0.18,1.19,0.3200000000000003
2013-09-10,002365,19.76,19.74,19.84,19.62,14445,13097195.0,1.11,-0.3,-0.06,1.22,0.21999999999999886
2013-09-11,002365,19.94,19.62,19.94,19.6,14454,13092342.0,1.72,-0.61,-0.12,1.22,0.33999999999999986
2013-09-12,002365,19.62,19.74,19.78,19.54,11000,9961907.0,1.22,0.61,0.12,0.93,0.240000000000002
2013-09-13,002365,19.8,20.44,20.46,19.6,32965,30397719.0,4.36,3.55,0.7,2.78,0.8599999999999994
2013-09-16,002365,20.18,20.04,20.74,19.96,54371,50825745.0,3.82,-1.96,-0.4,4.58,0.7799999999999976
2013-09-17,002365,19.96,19.3,20.04,19.12,36074,32289322.0,4.59,-3.69,-0.74,3.04,0.9199999999999982
2013-09-18,002365,19.22,19.48,19.56,19.18,9337,8290658.0,1.97,0.93,0.18,0.79,0.379999999999999
2013-09-23,002365,19.58,19.78,19.88,19.32,14007,12628699.0,2.87,1.54,0.3,1.18,0.5599999999999987
2013-09-24,002365,19.76,19.82,19.94,19.54,11741,10643631.0,2.02,0.2,0.04,0.99,0.40000000000000213
2013-09-25,002365,19.94,19.64,19.94,19.6,11558,10500350.0,1.72,-0.91,-0.18,0.97,0.33999999999999986
2013-09-26,002365,19.72,19.32,19.72,19.02,19908,17663828.0,3.56,-1.63,-0.32,1.68,0.6999999999999993
2013-09-27,002365,19.3,19.38,19.5,19.26,15519,13804761.0,1.24,0.31,0.06,1.31,0.23999999999999844
2013-09-30,002365,19.56,19.72,19.82,19.32,17965,16130734.0,2.58,1.75,0.34,1.51,0.5
2013-10-08,002365,19.72,20.14,20.2,19.7,32573,30041053.0,2.54,2.13,0.42,2.75,0.5
2013-10-09,002365,20.1,20.26,20.58,20.0,44626,41698961.0,2.88,0.6,0.12,3.76,0.5799999999999983
2013-10-10,002365,20.26,20.6,20.72,19.96,63177,59438109.0,3.75,1.68,0.34,5.33,0.759999999999998
2013-10-11,002365,20.6,20.48,20.6,20.3,39233,36938760.0,1.46,-0.58,-0.12,3.31,0.3000000000000007
2013-10-14,002365,20.48,20.6,20.64,20.2,24956,23495501.0,2.15,0.59,0.12,2.1,0.4400000000000013
2013-10-15,002365,20.66,20.72,21.06,20.6,37356,35893122.0,2.23,0.58,0.12,3.15,0.4599999999999973
2013-10-16,002365,20.74,20.1,20.74,19.92,28255,26253472.0,3.96,-2.99,-0.62,2.38,0.8199999999999967
2013-10-17,002365,20.12,20.1,20.3,20.06,17275,16044468.0,1.19,0.0,0.0,1.46,0.240000000000002
2013-10-18,002365,20.1,20.08,20.2,20.0,11550,10682220.0,1.0,-0.1,-0.02,0.97,0.1999999999999993
2013-10-21,002365,20.14,20.38,20.5,20.06,22568,21154581.0,2.19,1.49,0.3,1.9,0.4400000000000013
2013-10-22,002365,20.46,20.14,20.54,20.1,18651,17443530.0,2.16,-1.18,-0.24,1.57,0.4399999999999977
2013-10-23,002365,20.22,19.64,20.26,19.6,16028,14617161.0,3.28,-2.48,-0.5,1.35,0.6600000000000001
2013-10-24,002365,19.64,19.82,19.86,19.4,8513,7710092.0,2.34,0.92,0.18,0.72,0.46000000000000085
2013-10-25,002365,19.72,19.14,19.8,19.14,16817,14958641.0,3.33,-3.43,-0.68,1.42,0.6600000000000001
2013-10-28,002365,18.8,19.02,19.1,18.8,10482,9094464.0,1.57,-0.63,-0.12,0.88,0.3000000000000007
2013-10-29,002365,18.94,18.5,19.2,18.16,13492,11526757.0,5.47,-2.73,-0.52,1.14,1.0399999999999991
2013-10-30,002365,18.6,18.74,18.74,18.22,9842,8312916.0,2.81,1.3,0.24,0.83,0.5199999999999996
2013-10-31,002365,18.7,18.68,18.78,18.46,5955,5073080.0,1.71,-0.32,-0.06,0.5,0.3200000000000003
2013-11-01,002365,18.68,18.68,18.9,18.4,8741,7428376.0,2.68,0.0,0.0,0.74,0.5
2013-11-04,002365,18.6,18.76,18.78,18.58,4058,3466379.0,1.07,0.43,0.08,0.34,0.20000000000000284
2013-11-05,002365,18.76,18.74,18.76,18.38,7766,6574275.0,2.03,-0.11,-0.02,0.65,0.38000000000000256
2013-11-06,002365,18.7,18.58,18.78,18.54,9980,8508018.0,1.28,-0.85,-0.16,0.84,0.240000000000002
2013-11-07,002365,18.48,18.12,18.48,18.12,12206,10173172.0,1.94,-2.48,-0.46,1.03,0.35999999999999943
2013-11-08,002365,17.92,17.82,18.0,17.8,9434,7693266.0,1.1,-1.66,-0.3,0.8,0.1999999999999993
2013-11-11,002365,17.82,18.14,18.18,17.8,5810,4772506.0,2.13,1.8,0.32,0.49,0.379999999999999
2013-11-12,002365,18.16,18.3,18.34,18.1,4907,4085280.0,1.32,0.88,0.16,0.41,0.23999999999999844
2013-11-13,002365,18.34,18.14,18.38,18.04,4939,4102256.0,1.86,-0.87,-0.16,0.42,0.33999999999999986
2013-11-14,002365,18.2,18.36,18.46,17.98,7792,6488859.0,2.65,1.21,0.22,0.66,0.4800000000000004
2013-11-15,002365,18.48,18.66,18.74,18.32,14794,12589606.0,2.29,1.63,0.3,1.25,0.41999999999999815
2013-11-18,002365,18.66,19.46,19.6,18.66,33700,29673193.0,5.04,4.29,0.8,2.84,0.9400000000000013
2013-11-19,002365,19.58,19.52,19.74,19.28,26174,23428625.0,2.36,0.31,0.06,2.21,0.4599999999999973
2013-11-20,002365,19.52,19.42,19.68,19.12,16433,14556959.0,2.87,-0.51,-0.1,1.39,0.5599999999999987
2013-11-21,002365,19.3,19.2,19.4,19.14,11568,10204854.0,1.34,-1.13,-0.22,0.98,0.259999999999998
2013-11-22,002365,19.26,19.28,19.44,19.18,9279,8226637.0,1.35,0.42,0.08,0.78,0.26000000000000156
2013-11-25,002365,19.22,19.3,19.56,19.2,6854,6094667.0,1.87,0.1,0.02,0.58,0.35999999999999943
2013-11-26,002365,19.28,19.4,19.44,19.28,8836,7844413.0,0.83,0.52,0.1,0.74,0.16000000000000014
2013-11-27,002365,19.34,19.52,19.62,19.3,14671,13154839.0,1.65,0.62,0.12,1.24,0.3200000000000003
2013-11-28,002365,19.52,19.6,19.68,19.42,18731,16840673.0,1.33,0.41,0.08,1.58,0.259999999999998
2013-11-29,002365,19.68,19.6,19.72,19.54,16521,14885962.0,0.92,0.0,0.0,1.39,0.17999999999999972
2013-12-02,002365,18.82,18.5,19.26,18.4,25630,22152614.0,4.39,-5.61,-1.1,2.16,0.860000000000003
2013-12-03,002365,18.5,18.82,18.9,18.3,17955,15290326.0,3.24,1.73,0.32,1.51,0.5999999999999979
2013-12-04,002365,18.7,19.1,19.2,18.64,16468,14359478.0,2.98,1.49,0.28,1.39,0.5599999999999987
2013-12-05,002365,19.1,19.22,19.38,18.98,14873,13117300.0,2.09,0.63,0.12,1.25,0.3999999999999986
2013-12-06,002365,19.16,19.12,19.34,19.04,7616,6709091.0,1.56,-0.52,-0.1,0.64,0.3000000000000007
2013-12-09,002365,19.38,19.36,19.38,19.2,13066,11557711.0,0.94,1.26,0.24,1.1,0.17999999999999972
2013-12-10,002365,19.42,19.62,20.2,19.26,23174,20983261.0,4.86,1.34,0.26,1.95,0.9399999999999977
2013-12-11,002365,19.52,19.38,19.52,19.04,10922,9673315.0,2.45,-1.22,-0.24,0.92,0.4800000000000004
2013-12-12,002365,19.3,19.4,19.48,19.16,20742,18389847.0,1.65,0.1,0.02,1.75,0.3200000000000003
2013-12-13,002365,19.36,19.44,19.62,19.22,21749,19380214.0,2.06,0.21,0.04,1.83,0.40000000000000213
2013-12-16,002365,19.4,19.02,19.54,18.98,22122,19500712.0,2.88,-2.16,-0.42,1.86,0.5599999999999987
2013-12-17,002365,19.02,19.04,19.2,18.92,17345,15105536.0,1.47,0.11,0.02,1.46,0.2799999999999976
2013-12-18,002365,19.1,19.1,19.16,18.9,21744,18959160.0,1.37,0.32,0.06,1.83,0.26000000000000156
2013-12-19,002365,19.14,19.04,19.22,19.02,15236,13358537.0,1.05,-0.31,-0.06,1.28,0.1999999999999993
2013-12-20,002365,19.0,18.72,19.14,18.72,15234,13174866.0,2.21,-1.68,-0.32,1.28,0.4200000000000017
2013-12-23,002365,18.88,18.94,19.14,18.54,13265,11466818.0,3.21,1.18,0.22,1.12,0.6000000000000014
2013-12-24,002365,19.0,19.04,19.14,18.82,13393,11652250.0,1.69,0.53,0.1,1.13,0.3200000000000003
2013-12-25,002365,19.04,19.66,20.44,18.94,67818,61321634.0,7.88,3.26,0.62,5.72,1.5
2013-12-26,002365,19.42,19.04,19.68,19.0,52978,47005602.0,3.46,-3.15,-0.62,4.47,0.6799999999999997
2013-12-27,002365,18.98,19.46,19.52,18.94,38401,33961079.0,3.05,2.21,0.42,3.24,0.5799999999999983
2013-12-30,002365,19.54,19.52,19.58,19.32,22563,20161073.0,1.34,0.31,0.06,1.9,0.259999999999998
2013-12-31,002365,19.44,19.48,19.58,19.32,18695,16706526.0,1.33,-0.2,-0.04,1.34,0.259999999999998
2014-01-02,002365,19.5,19.72,19.76,19.44,26466,23880841.0,1.64,1.23,0.24,1.9,0.3200000000000003
2014-01-03,002365,19.72,19.68,19.88,19.48,26516,23930952.0,2.03,-0.2,-0.04,1.9,0.3999999999999986
2014-01-06,002365,19.66,19.8,20.3,19.52,61492,56171509.0,3.96,0.61,0.12,4.41,0.7800000000000011
2014-01-07,002365,19.8,19.96,20.18,19.68,40000,36657418.0,2.53,0.81,0.16,2.87,0.5
2014-01-08,002365,19.96,19.64,20.16,19.56,61155,55578670.0,3.01,-1.6,-0.32,4.39,0.6000000000000014
2014-01-09,002365,19.56,19.0,19.66,18.94,40529,35967111.0,3.67,-3.26,-0.64,2.91,0.7199999999999989
2014-01-10,002365,18.94,18.26,19.04,18.22,30981,26245704.0,4.32,-3.89,-0.74,2.22,0.8200000000000003
2014-01-13,002365,18.42,18.42,18.52,18.3,11923,10006360.0,1.2,0.88,0.16,0.86,0.21999999999999886
2014-01-14,002365,18.36,18.66,18.68,18.3,15139,12812679.0,2.06,1.3,0.24,1.09,0.379999999999999
2014-01-15,002365,18.66,18.8,18.84,18.58,17585,15044747.0,1.39,0.75,0.14,1.26,0.26000000000000156
2014-01-16,002365,18.8,18.78,18.96,18.66,14948,12872628.0,1.6,-0.11,-0.02,1.07,0.3000000000000007
2014-01-17,002365,18.78,18.56,18.78,18.5,13775,11719987.0,1.49,-1.17,-0.22,0.99,0.28000000000000114
2014-01-20,002365,18.56,18.72,18.84,18.42,13040,11134138.0,2.26,0.86,0.16,0.94,0.41999999999999815
2014-01-21,002365,18.72,18.94,18.98,18.66,15608,13445132.0,1.71,1.18,0.22,1.12,0.3200000000000003
2014-01-22,002365,18.94,19.24,19.32,18.84,18249,16005505.0,2.53,1.58,0.3,1.31,0.4800000000000004
2014-01-23,002365,19.24,19.2,19.4,19.1,19143,16855813.0,1.56,-0.21,-0.04,1.37,0.29999999999999716
2014-01-24,002365,19.2,19.38,19.56,19.12,19838,17667243.0,2.29,0.94,0.18,1.42,0.4399999999999977
2014-01-27,002365,19.42,19.38,19.52,19.24,21216,18887772.0,1.44,0.0,0.0,1.52,0.28000000000000114
2014-01-28,002365,19.4,19.28,19.52,19.18,14924,13201916.0,1.75,-0.52,-0.1,1.07,0.33999999999999986
2014-01-29,002365,19.28,19.58,19.64,19.18,28436,25289117.0,2.39,1.56,0.3,2.04,0.46000000000000085
2014-01-30,002365,19.4,19.3,19.5,19.22,16184,14355026.0,1.43,-1.43,-0.28,1.16,0.28000000000000114
2014-02-07,002365,19.22,19.72,19.76,19.12,25415,22850987.0,3.32,2.18,0.42,1.82,0.6400000000000006
2014-02-10,002365,19.72,20.16,20.24,19.72,39735,36770396.0,2.64,2.23,0.44,2.85,0.5199999999999996
2014-02-11,002365,20.2,20.4,20.66,20.0,53577,50218369.0,3.27,1.19,0.24,3.84,0.6600000000000001
2014-02-12,002365,20.56,20.4,20.66,20.16,38893,36532676.0,2.45,0.0,0.0,2.79,0.5
2014-02-13,002365,20.28,20.26,20.7,20.2,39935,37678553.0,2.45,-0.69,-0.14,2.86,0.5
2014-02-14,002365,20.22,20.96,21.0,20.14,57168,54342019.0,4.24,3.46,0.7,4.1,0.8599999999999994
2014-02-17,002365,21.08,21.82,22.4,20.96,114526,115430025.0,6.87,4.1,0.86,8.22,1.4399999999999977
2014-02-18,002365,21.6,21.64,21.84,21.48,61429,61620151.0,1.65,-0.82,-0.18,4.41,0.35999999999999943
2014-02-19,002365,21.6,21.8,22.18,21.52,73813,74569087.0,3.05,0.74,0.16,5.29,0.6600000000000001
2014-02-20,002365,21.76,21.24,21.88,21.0,50631,49963638.0,4.04,-2.57,-0.56,3.63,0.879999999999999
2014-02-21,002365,21.24,21.36,21.64,21.2,38071,37692171.0,2.07,0.56,0.12,2.73,0.4400000000000013
2014-02-24,002365,21.28,21.84,21.9,21.02,56054,55975588.0,4.12,2.25,0.48,4.02,0.879999999999999
2014-02-25,002365,21.9,21.86,23.4,21.4,124095,128699157.0,9.16,0.09,0.02,8.9,2.0
2014-02-26,002365,21.42,22.26,22.42,20.64,62866,62507401.0,8.14,1.83,0.4,4.51,1.7800000000000011
2014-02-27,002365,22.06,22.0,22.8,21.9,70512,73127835.0,4.04,-1.17,-0.26,5.06,0.9000000000000021
2014-02-28,002365,21.6,21.52,21.72,21.04,49610,49070760.0,3.09,-2.18,-0.48,3.56,0.6799999999999997
2014-03-03,002365,21.4,21.92,22.0,21.4,38461,38668462.0,2.79,1.86,0.4,2.76,0.6000000000000014
2014-03-04,002365,21.8,22.56,22.8,21.64,68190,70896275.0,5.29,2.92,0.64,4.89,1.1600000000000001
2014-03-05,002365,22.56,22.3,22.96,22.04,49781,51873716.0,4.08,-1.15,-0.26,3.57,0.9200000000000017
2014-03-06,002365,22.3,22.26,22.38,21.72,30715,31412041.0,2.96,-0.18,-0.04,2.2,0.6600000000000001
2014-03-07,002365,22.26,21.76,22.48,21.74,31581,32306400.0,3.32,-2.25,-0.5,2.27,0.740000000000002
2014-03-10,002365,21.6,20.92,21.6,20.7,39424,38571702.0,4.14,-3.86,-0.84,2.83,0.9000000000000021
2014-03-11,002365,20.9,21.04,21.52,20.74,25918,25279965.0,3.73,0.57,0.12,1.86,0.7800000000000011
2014-03-12,002365,21.04,20.76,21.26,20.38,23600,22633621.0,4.18,-1.33,-0.28,1.69,0.8800000000000026
2014-03-13,002365,20.88,21.18,21.18,20.68,26807,25973358.0,2.41,2.02,0.42,1.92,0.5
2014-03-14,002365,21.02,21.36,21.58,20.8,24585,23958176.0,3.68,0.85,0.18,1.76,0.7799999999999976
2014-03-17,002365,21.42,21.72,21.74,21.26,24494,24378111.0,2.25,1.69,0.36,1.76,0.4799999999999969
2014-03-18,002365,21.76,21.82,21.84,21.52,29422,29548503.0,1.47,0.46,0.1,2.11,0.3200000000000003
2014-03-19,002365,22.0,21.92,22.36,21.72,34123,34781978.0,2.93,0.46,0.1,2.45,0.6400000000000006
2014-03-20,002365,21.94,21.34,22.1,21.34,26566,26854081.0,3.47,-2.65,-0.58,1.91,0.7600000000000016
2014-03-21,002365,21.26,21.82,21.9,21.08,23615,23470005.0,3.84,2.25,0.48,1.69,0.8200000000000003
2014-03-24,002365,21.82,21.88,22.04,21.7,25742,26140808.0,1.56,0.27,0.06,1.85,0.33999999999999986
2014-03-25,002365,21.88,21.48,22.12,21.46,30577,30859317.0,3.02,-1.83,-0.4,2.19,0.6600000000000001
2014-03-26,002365,21.56,21.7,21.72,21.52,19578,19604057.0,0.93,1.02,0.22,1.4,0.1999999999999993
2014-03-27,002365,21.68,21.28,21.68,21.12,24046,23754343.0,2.58,-1.94,-0.42,1.72,0.5599999999999987
2014-03-28,002365,21.16,20.76,21.46,20.6,24473,23725969.0,4.04,-2.44,-0.52,1.76,0.8599999999999994
2014-03-31,002365,20.6,20.04,20.8,19.88,37836,35209285.0,4.43,-3.47,-0.72,2.71,0.9200000000000017
2014-04-01,002365,20.06,20.28,20.32,19.96,22426,20773360.0,1.8,1.2,0.24,1.61,0.35999999999999943
2014-04-02,002365,20.28,20.08,20.28,19.96,21783,20163969.0,1.58,-0.99,-0.2,1.56,0.3200000000000003
2014-04-03,002365,19.98,20.12,20.28,19.98,16569,15333182.0,1.49,0.2,0.04,1.19,0.3000000000000007
2014-04-04,002365,20.08,20.28,20.32,20.04,13226,12290350.0,1.39,0.8,0.16,0.95,0.28000000000000114
2014-04-08,002365,20.28,20.44,20.48,20.08,20226,18906554.0,1.97,0.79,0.16,1.45,0.40000000000000213
2014-04-09,002365,20.48,20.52,20.54,20.36,15971,15064359.0,0.88,0.39,0.08,1.15,0.17999999999999972
2014-04-10,002365,20.6,20.7,20.8,20.5,24397,23293757.0,1.46,0.88,0.18,1.75,0.3000000000000007
2014-04-11,002365,20.64,20.44,20.84,20.44,18357,17466464.0,1.93,-1.26,-0.26,1.32,0.3999999999999986
2014-04-14,002365,20.46,20.68,20.7,20.34,17546,16564015.0,1.76,1.17,0.24,1.26,0.35999999999999943
2014-04-15,002365,20.58,20.66,20.8,20.5,16157,15382185.0,1.45,-0.1,-0.02,1.16,0.3000000000000007
2014-04-16,002365,20.6,20.94,20.98,20.48,24702,23657914.0,2.42,1.36,0.28,1.77,0.5
2014-04-17,002365,20.88,20.84,21.04,20.82,20747,20073921.0,1.05,-0.48,-0.1,1.49,0.21999999999999886
2014-04-18,002365,20.86,20.92,20.94,20.76,9518,9161038.0,0.86,0.38,0.08,0.68,0.17999999999999972
2014-04-21,002365,20.9,20.2,20.9,20.12,22518,21301809.0,3.73,-3.44,-0.72,1.62,0.7799999999999976
2014-04-22,002365,20.16,20.2,20.32,20.0,15988,14813249.0,1.58,0.0,0.0,1.15,0.3200000000000003
2014-04-23,002365,20.18,20.08,20.26,20.0,11703,10847562.0,1.29,-0.59,-0.12,0.84,0.26000000000000156
2014-04-24,002365,20.1,20.1,20.2,19.9,10699,9880536.0,1.49,0.1,0.02,0.77,0.3000000000000007
2014-04-25,002365,20.1,19.44,20.2,19.36,23426,21317877.0,4.18,-3.28,-0.66,1.68,0.8399999999999999
2014-04-28,002365,19.3,18.78,19.4,18.64,19326,16736664.0,3.91,-3.4,-0.66,1.39,0.759999999999998
2014-04-29,002365,18.8,19.18,19.28,18.74,13854,11998810.0,2.88,2.13,0.4,0.99,0.5400000000000027
2014-04-30,002365,19.18,19.26,19.3,19.04,9576,8408551.0,1.36,0.42,0.08,0.69,0.26000000000000156
2014-05-05,002365,19.26,19.4,19.46,19.14,10251,9075357.0,1.66,0.73,0.14,0.74,0.3200000000000003
2014-05-06,002365,19.4,19.5,19.6,19.36,12372,11053638.0,1.24,0.52,0.1,0.89,0.240000000000002
2014-05-07,002365,19.38,18.9,19.5,18.9,11592,10209595.0,3.08,-3.08,-0.6,0.83,0.6000000000000014
2014-05-08,002365,18.96,19.16,19.4,18.88,11602,10190120.0,2.75,1.38,0.26,0.83,0.5199999999999996
2014-05-09,002365,19.16,19.12,19.34,18.9,8043,7054649.0,2.3,-0.21,-0.04,0.58,0.4400000000000013
2014-05-12,002365,19.28,19.58,19.6,19.08,15474,13816749.0,2.72,2.41,0.46,1.11,0.5200000000000031
2014-05-13,002365,19.56,19.66,19.78,19.5,12784,11518089.0,1.43,0.41,0.08,0.92,0.28000000000000114
2014-05-14,002365,19.62,19.58,19.76,19.52,7287,6582418.0,1.22,-0.41,-0.08,0.52,0.240000000000002
2014-05-15,002365,19.76,19.06,19.76,19.04,14636,12986656.0,3.68,-2.66,-0.52,1.05,0.7200000000000024
2014-05-16,002365,19.06,19.06,19.18,18.96,8756,7648506.0,1.15,0.0,0.0,0.63,0.21999999999999886
2014-05-19,002365,19.04,19.2,19.2,18.72,11041,9558399.0,2.52,0.73,0.14,0.79,0.4800000000000004
2014-05-20,002365,19.22,19.36,19.52,19.2,11196,9941762.0,1.67,0.83,0.16,0.8,0.3200000000000003
2014-05-21,002365,19.34,19.5,19.54,19.0,8978,7996014.0,2.79,0.72,0.14,0.64,0.5399999999999991
2014-05-22,002365,19.44,19.36,19.66,19.34,7486,6708041.0,1.64,-0.72,-0.14,0.54,0.3200000000000003
2014-05-23,002365,19.36,19.62,19.62,19.24,8232,7349396.0,1.96,1.34,0.26,0.59,0.38000000000000256
2014-05-26,002365,19.62,19.92,20.0,19.56,18304,16707929.0,2.24,1.53,0.3,1.31,0.4400000000000013
2014-05-27,002365,20.48,20.26,20.98,20.26,64730,61593321.0,3.61,1.71,0.34,4.64,0.7199999999999989
2014-05-28,002365,20.02,20.18,20.3,19.98,30570,28294127.0,1.58,-0.39,-0.08,2.19,0.3200000000000003
2014-05-29,002365,20.08,19.82,20.28,19.8,20796,19152999.0,2.38,-1.78,-0.36,1.49,0.4800000000000004
2014-05-30,002365,19.84,20.34,20.62,19.76,33178,30998321.0,4.34,2.62,0.52,2.38,0.8599999999999994
2014-06-03,002365,20.22,20.26,20.68,20.2,18735,17656660.0,2.36,-0.39,-0.08,1.34,0.4800000000000004
2014-06-04,002365,20.18,20.08,20.34,19.8,14175,13020649.0,2.67,-0.89,-0.18,1.02,0.5399999999999991
2014-06-05,002365,20.1,20.16,20.2,20.02,11699,10827148.0,0.9,0.4,0.08,0.84,0.17999999999999972
2014-06-06,002365,20.1,20.14,20.32,20.0,10309,9568980.0,1.59,-0.1,-0.02,0.74,0.3200000000000003
2014-06-09,002365,20.18,20.12,20.26,20.02,8220,7633571.0,1.19,-0.1,-0.02,0.59,0.240000000000002
2014-06-10,002365,20.12,20.36,20.36,19.96,15616,14488823.0,1.99,1.19,0.24,1.12,0.3999999999999986
2014-06-11,002365,20.32,20.44,20.56,20.22,24371,22911754.0,1.67,0.39,0.08,1.75,0.33999999999999986
2014-06-12,002365,20.44,20.42,20.54,20.36,15686,14754799.0,0.88,-0.1,-0.02,1.13,0.17999999999999972
2014-06-13,002365,20.44,20.44,20.6,20.38,21952,20676542.0,1.08,0.1,0.02,1.57,0.22000000000000242
2014-06-16,002365,20.46,20.54,20.78,20.38,23415,22167868.0,1.96,0.49,0.1,1.68,0.40000000000000213
2014-06-17,002365,20.54,20.3,20.64,20.26,15440,14467144.0,1.85,-1.17,-0.24,1.11,0.379999999999999
2014-06-18,002365,20.22,19.98,20.36,19.9,15926,14684634.0,2.27,-1.58,-0.32,1.14,0.46000000000000085
2014-06-19,002365,20.04,19.5,20.06,19.36,17125,15474046.0,3.5,-2.4,-0.48,1.23,0.6999999999999993
2014-06-20,002365,19.52,19.58,19.66,19.32,13281,11833264.0,1.74,0.41,0.08,0.95,0.33999999999999986
2014-06-23,002365,19.58,19.8,19.82,19.54,12704,11474467.0,1.43,1.12,0.22,0.91,0.28000000000000114
2014-06-24,002365,19.8,20.0,20.02,19.76,11497,10493376.0,1.31,1.01,0.2,0.82,0.259999999999998
2014-06-25,002365,19.92,19.82,20.0,19.8,10345,9417944.0,1.0,-0.9,-0.18,0.74,0.1999999999999993
2014-06-26,002365,19.9,20.12,20.14,19.9,16597,15272038.0,1.21,1.51,0.3,1.19,0.240000000000002
2014-06-27,002365,20.12,20.3,20.36,20.04,14317,13312208.0,1.59,0.89,0.18,1.03,0.3200000000000003
2014-06-30,002365,20.32,20.52,20.66,20.22,24410,22962209.0,2.17,1.08,0.22,1.76,0.4400000000000013
2014-07-01,002365,20.48,20.46,20.66,20.36,22859,21488360.0,1.46,-0.29,-0.06,1.65,0.3000000000000007
2014-07-02,002365,20.54,20.76,20.84,20.42,40160,38139476.0,2.05,1.47,0.3,2.9,0.41999999999999815
2014-07-03,002365,20.78,20.72,20.9,20.66,25042,23915757.0,1.16,-0.19,-0.04,1.81,0.23999999999999844
2014-07-04,002365,20.68,20.76,20.92,20.68,23596,22567934.0,1.16,0.19,0.04,1.71,0.240000000000002
2014-07-07,002365,20.7,21.04,21.14,20.62,50811,48823759.0,2.5,1.35,0.28,3.67,0.5199999999999996
2014-07-08,002365,21.02,20.98,21.24,20.78,24239,23334504.0,2.19,-0.29,-0.06,1.75,0.4599999999999973
2014-07-09,002365,20.92,20.68,21.14,20.64,35159,33885969.0,2.38,-1.43,-0.3,2.54,0.5
2014-07-10,002365,20.66,20.76,20.94,20.66,19453,18624744.0,1.35,0.39,0.08,1.41,0.28000000000000114
2014-07-11,002365,20.72,21.1,21.34,20.7,32251,31379135.0,3.08,1.64,0.34,2.33,0.6400000000000006
2014-07-14,002365,21.06,21.72,22.0,21.02,73581,73315678.0,4.64,2.94,0.62,5.32,0.9800000000000004
2014-07-15,002365,21.72,21.52,21.88,21.4,35039,34899450.0,2.21,-0.92,-0.2,2.53,0.4800000000000004
2014-07-16,002365,21.58,21.34,21.72,21.26,24251,23997434.0,2.14,-0.84,-0.18,1.75,0.4599999999999973
2014-07-17,002365,21.34,21.72,21.92,21.3,34966,34972279.0,2.91,1.78,0.38,2.53,0.620000000000001
2014-07-18,002365,21.66,21.56,21.82,21.48,29109,29110884.0,1.57,-0.74,-0.16,2.1,0.33999999999999986
2014-07-21,002365,21.62,21.4,21.82,21.28,20953,20694054.0,2.5,-0.74,-0.16,1.51,0.5399999999999991
2014-07-22,002365,21.32,21.66,21.74,21.26,23608,23500319.0,2.24,1.21,0.26,1.71,0.4799999999999969
2014-07-23,002365,21.6,21.24,21.66,21.06,19167,18887258.0,2.77,-1.94,-0.42,1.39,0.6000000000000014
2014-07-24,002365,21.22,21.0,21.32,20.8,31123,30014535.0,2.45,-1.13,-0.24,2.25,0.5199999999999996
2014-07-25,002365,20.98,21.16,21.26,20.92,17220,16735421.0,1.62,0.76,0.16,1.24,0.33999999999999986
2014-07-28,002365,21.2,21.6,21.74,21.2,26251,26105417.0,2.55,2.08,0.44,1.9,0.5399999999999991
2014-07-29,002365,21.6,22.22,22.42,21.54,63162,64198229.0,4.07,2.87,0.62,4.57,0.8800000000000026
2014-07-30,002365,22.04,22.38,22.48,21.98,39694,40808692.0,2.25,0.72,0.16,2.87,0.5
2014-07-31,002365,22.3,22.36,22.58,22.18,28239,29254491.0,1.79,-0.09,-0.02,2.04,0.3999999999999986
2014-08-01,002365,22.36,22.46,22.66,22.18,46851,48832631.0,2.15,0.45,0.1,3.39,0.4800000000000004
2014-08-04,002365,22.48,22.78,22.82,22.46,29895,31393968.0,1.6,1.42,0.32,2.16,0.35999999999999943
2014-08-05,002365,22.7,22.86,23.08,22.5,35806,37831242.0,2.55,0.35,0.08,2.59,0.5799999999999983
2014-08-06,002365,22.74,22.6,22.84,22.38,31606,33010223.0,2.01,-1.14,-0.26,2.28,0.46000000000000085
2014-08-07,002365,22.52,22.36,22.8,22.3,26797,27994924.0,2.21,-1.06,-0.24,1.94,0.5
2014-08-08,002365,22.36,22.58,22.6,22.24,29047,30171027.0,1.61,0.98,0.22,2.1,0.360000000000003
2014-08-11,002365,22.62,22.92,23.02,22.62,33199,35291643.0,1.77,1.51,0.34,2.4,0.3999999999999986
2014-08-12,002365,22.86,22.78,22.96,22.74,16051,16988742.0,0.96,-0.61,-0.14,1.16,0.22000000000000242
2014-08-13,002365,22.78,22.9,23.16,22.7,31637,33693803.0,2.02,0.53,0.12,2.29,0.46000000000000085
2014-08-14,002365,22.92,23.16,23.78,22.78,53697,58432143.0,4.37,1.14,0.26,3.88,1.0
2014-08-15,002365,23.12,23.62,23.74,23.1,25627,27936921.0,2.76,1.99,0.46,1.85,0.639999999999997
2014-08-18,002365,23.8,23.72,24.26,23.46,36828,40793812.0,3.39,0.42,0.1,2.66,0.8000000000000007
2014-08-19,002365,23.72,23.8,24.16,23.56,30048,33358051.0,2.53,0.34,0.08,2.17,0.6000000000000014
2014-08-20,002365,23.88,23.58,23.92,23.5,30347,33363753.0,1.76,-0.92,-0.22,2.19,0.4200000000000017
2014-08-21,002365,23.56,23.48,23.64,23.18,29946,32530374.0,1.95,-0.42,-0.1,2.16,0.46000000000000085
2014-08-22,002365,23.56,24.48,24.66,23.5,60399,68089520.0,4.94,4.26,1.0,4.37,1.1600000000000001
2014-08-25,002365,24.44,24.82,25.1,24.36,37418,43171582.0,3.02,1.39,0.34,2.7,0.740000000000002
2014-08-26,002365,24.76,24.0,25.04,23.86,44117,50204735.0,4.75,-3.3,-0.82,3.19,1.1799999999999997
2014-08-27,002365,24.0,25.56,26.06,23.96,75778,88705114.0,8.75,6.5,1.56,5.48,2.099999999999998
2014-08-28,002365,25.36,25.4,25.88,25.0,47242,56189017.0,3.44,-0.63,-0.16,3.41,0.879999999999999
2014-08-29,002365,25.26,25.22,25.5,24.76,26051,30504873.0,2.91,-0.71,-0.18,1.88,0.7399999999999984
2014-09-01,002365,25.2,26.06,26.34,25.12,37902,45925022.0,4.84,3.33,0.84,2.74,1.2199999999999989
2014-09-02,002365,26.16,26.26,26.3,25.72,38469,46962463.0,2.23,0.77,0.2,2.78,0.5800000000000018
2014-09-03,002365,26.24,25.96,26.24,25.76,44000,53464785.0,1.83,-1.14,-0.3,3.18,0.4799999999999969
2014-09-04,002365,25.86,25.96,26.42,25.82,38065,46519169.0,2.31,0.0,0.0,2.75,0.6000000000000014
2014-09-05,002365,25.96,26.32,26.42,25.56,51411,62496649.0,3.31,1.39,0.36,3.72,0.860000000000003
2014-09-09,002365,26.4,26.26,26.4,26.0,32161,39411330.0,1.52,-0.23,-0.06,2.32,0.3999999999999986
2014-09-10,002365,26.22,27.3,27.66,25.98,64184,80807377.0,6.4,3.96,1.04,4.64,1.6799999999999997
2014-09-11,002365,27.32,27.18,28.26,26.7,64232,83088904.0,5.71,-0.44,-0.12,4.64,1.5600000000000023
2014-09-12,002365,27.2,27.74,28.0,26.9,38260,49647750.0,4.05,2.06,0.56,2.77,1.1000000000000014
2014-09-15,002365,27.76,28.42,28.46,27.46,44414,58394120.0,3.6,2.45,0.68,3.21,1.0
2014-09-16,002365,28.38,26.94,28.76,26.88,75110,98699553.0,6.62,-5.21,-1.48,5.43,1.8800000000000026
2014-09-17,002365,27.0,27.16,27.38,26.42,40290,50963397.0,3.56,0.82,0.22,2.91,0.9599999999999973
2014-09-18,002365,27.08,27.48,27.54,26.8,30429,38982727.0,2.72,1.18,0.32,2.2,0.7399999999999984
2014-09-19,002365,27.48,28.14,28.18,27.38,33224,43621126.0,2.91,2.4,0.66,2.4,0.8000000000000007
2014-09-22,002365,28.14,26.98,28.24,26.56,65978,83842161.0,5.97,-4.12,-1.16,4.77,1.6799999999999997
2014-09-23,002365,26.94,27.22,27.28,26.82,35067,44557213.0,1.7,0.89,0.24,2.53,0.46000000000000085
2014-09-24,002365,27.06,27.46,27.58,26.9,30670,39422043.0,2.5,0.88,0.24,2.22,0.6799999999999997
2014-09-25,002365,27.56,27.84,28.52,27.52,58836,77634723.0,3.64,1.38,0.38,4.25,1.0
2014-09-26,002365,27.7,27.84,28.16,27.62,28001,36716752.0,1.94,0.0,0.0,2.02,0.5399999999999991
2014-09-29,002365,27.94,28.82,28.94,27.92,45680,61164623.0,3.66,3.52,0.98,3.3,1.0199999999999996
2014-09-30,002365,28.8,29.1,29.26,28.76,33088,45215150.0,1.73,0.97,0.28,2.39,0.5
2014-10-08,002365,29.18,29.28,29.34,28.68,37914,51890696.0,2.27,0.62,0.18,2.74,0.6600000000000001
2014-10-09,002365,29.28,29.84,29.86,28.88,52938,73573067.0,3.35,1.91,0.56,3.83,0.9800000000000004
2014-10-10,002365,29.58,30.5,31.32,29.38,84031,121504340.0,6.5,2.21,0.66,6.07,1.9400000000000013
2014-10-13,002365,30.26,31.42,31.44,29.86,52834,76469776.0,5.18,3.02,0.92,3.82,1.5800000000000018
2014-10-14,002365,31.38,32.88,34.4,31.12,158874,250480145.0,10.44,4.65,1.46,11.48,3.2799999999999976
2014-10-15,002365,32.54,33.14,34.86,32.46,142723,228010950.0,7.3,0.79,0.26,10.32,2.3999999999999986
2014-10-16,002365,32.86,31.1,33.58,31.08,129783,198292127.0,7.54,-6.16,-2.04,9.38,2.5
2014-10-17,002365,31.12,31.58,31.86,30.56,79458,117195174.0,4.18,1.54,0.48,5.74,1.3000000000000007
2014-10-20,002365,31.46,32.18,32.38,31.26,45503,69025420.0,3.55,1.9,0.6,3.29,1.120000000000001
2014-10-21,002365,32.06,31.12,32.14,30.64,54300,80530556.0,4.66,-3.29,-1.06,3.92,1.5
2014-10-22,002365,31.16,30.08,31.26,29.98,42418,61296096.0,4.11,-3.34,-1.04,3.07,1.2800000000000011
2014-10-23,002365,30.02,29.74,30.42,29.22,37995,53426159.0,3.99,-1.13,-0.34,2.75,1.2000000000000028
2014-10-24,002365,29.74,30.04,30.22,29.56,26106,36843343.0,2.22,1.01,0.3,1.89,0.6600000000000001
2014-10-27,002365,29.86,30.82,30.82,29.68,31200,44658950.0,3.79,2.6,0.78,2.26,1.1400000000000006
2014-10-28,002365,30.84,31.5,31.76,30.56,39777,59007568.0,3.89,2.21,0.68,2.88,1.2000000000000028
2014-10-29,002365,31.66,31.66,31.92,31.28,50868,76174789.0,2.03,0.51,0.16,3.68,0.6400000000000006
2014-10-30,002365,31.64,31.48,31.92,31.16,39373,58879827.0,2.4,-0.57,-0.18,2.85,0.7600000000000016
2014-10-31,002365,31.54,31.08,31.68,30.52,38240,56096592.0,3.68,-1.27,-0.4,2.76,1.1600000000000001
2014-11-03,002365,31.14,31.34,31.34,30.72,30727,45224191.0,1.99,0.84,0.26,2.22,0.620000000000001
2014-11-04,002365,31.36,31.06,31.42,30.96,22691,33430126.0,1.47,-0.89,-0.28,1.64,0.46000000000000085
2014-11-05,002365,31.02,30.74,31.14,30.36,27581,39911311.0,2.51,-1.03,-0.32,1.99,0.7800000000000011
2014-11-06,002365,30.72,31.22,31.22,30.48,22411,32776093.0,2.41,1.56,0.48,1.62,0.7399999999999984
2014-11-07,002365,31.26,31.28,31.92,31.04,62559,93645812.0,2.82,0.19,0.06,4.52,0.8800000000000026
2014-11-10,002365,31.26,31.5,31.86,31.24,24389,36368273.0,1.98,0.7,0.22,1.76,0.620000000000001
2014-11-11,002365,31.56,29.48,31.62,29.24,53426,75819420.0,7.56,-6.41,-2.02,3.86,2.3800000000000026
2014-11-12,002365,29.46,29.96,30.0,29.32,23766,33199516.0,2.31,1.63,0.48,1.72,0.6799999999999997
2014-11-13,002365,29.66,28.56,29.84,28.34,42352,57650521.0,5.01,-4.67,-1.4,3.06,1.5
2014-11-14,002365,28.54,28.48,28.56,27.96,26147,34754765.0,2.1,-0.28,-0.08,1.89,0.5999999999999979
2014-11-17,002365,28.74,29.34,29.62,28.48,31731,43787201.0,4.0,3.02,0.86,2.29,1.1400000000000006
2014-11-18,002365,29.38,29.36,29.6,29.04,19035,26293627.0,1.91,0.07,0.02,1.38,0.5600000000000023
2014-11-19,002365,29.52,29.62,29.84,29.38,22274,31104433.0,1.57,0.89,0.26,1.61,0.46000000000000085
2014-11-20,002365,29.58,29.32,29.58,29.22,17379,24046159.0,1.22,-1.01,-0.3,1.26,0.35999999999999943
2014-11-21,002365,29.48,29.64,29.7,29.24,18244,25380876.0,1.57,1.09,0.32,1.32,0.46000000000000085
2014-11-24,002365,30.04,29.78,30.06,29.58,24187,33975030.0,1.62,0.47,0.14,1.75,0.4800000000000004
2014-11-25,002365,29.56,30.34,30.36,29.5,26815,38144969.0,2.89,1.88,0.56,1.94,0.8599999999999994
2014-11-26,002365,30.36,31.04,31.3,30.36,48539,70598616.0,3.1,2.31,0.7,3.51,0.9400000000000013
2014-11-27,002365,31.08,31.14,31.34,30.68,44897,65797959.0,2.13,0.32,0.1,3.25,0.6600000000000001
2014-11-28,002365,31.4,30.4,31.4,29.86,74866,107321588.0,4.95,-2.38,-0.74,5.41,1.5399999999999991
2014-12-01,002365,30.26,29.66,30.3,29.32,45099,63315932.0,3.22,-2.43,-0.74,3.26,0.9800000000000004
2014-12-02,002365,29.46,29.86,30.16,29.36,27572,38957951.0,2.7,0.67,0.2,1.99,0.8000000000000007
2014-12-03,002365,29.94,30.26,30.32,29.16,41963,58692444.0,3.88,1.34,0.4,3.03,1.1600000000000001
2014-12-04,002365,30.32,30.84,31.4,30.12,70829,103470321.0,4.23,1.92,0.58,5.12,1.2799999999999976
2014-12-05,002365,30.86,29.32,30.88,28.68,62693,87722158.0,7.13,-4.93,-1.52,4.53,2.1999999999999993
2014-12-08,002365,29.14,28.6,29.26,27.88,63350,85635391.0,4.71,-2.46,-0.72,4.58,1.3800000000000026
2014-12-09,002365,28.36,27.04,28.44,26.96,56135,73543516.0,5.17,-5.45,-1.56,4.06,1.4800000000000004
2014-12-10,002365,27.0,28.12,28.18,26.98,29320,38147032.0,4.44,3.99,1.08,2.12,1.1999999999999993
2014-12-11,002365,28.02,28.46,28.5,27.84,23830,31709270.0,2.35,1.21,0.34,1.72,0.6600000000000001
2014-12-12,002365,28.48,28.82,28.96,28.48,26011,35182526.0,1.69,1.26,0.36,1.88,0.4800000000000004
2014-12-15,002365,28.76,29.16,29.26,28.44,40674,55304681.0,2.85,1.18,0.34,2.94,0.8200000000000003
2014-12-16,002365,29.02,29.02,29.2,28.68,27238,37158057.0,1.78,-0.48,-0.14,1.97,0.5199999999999996
2014-12-17,002365,28.86,28.06,28.86,27.9,26123,34793888.0,3.31,-3.31,-0.96,1.89,0.9600000000000009
2014-12-18,002365,27.96,27.98,28.36,27.9,18301,24226633.0,1.64,-0.29,-0.08,1.32,0.46000000000000085
2014-12-19,002365,28.0,27.18,28.06,26.96,27645,35375695.0,3.93,-2.86,-0.8,2.0,1.0999999999999979
2014-12-22,002365,26.96,25.84,27.16,24.92,38516,46197896.0,8.24,-4.93,-1.34,2.78,2.2399999999999984
2014-12-23,002365,25.56,25.72,26.46,25.48,17474,21154743.0,3.79,-0.46,-0.12,1.26,0.9800000000000004
2014-12-24,002365,25.94,26.58,26.62,25.82,21923,27029999.0,3.11,3.34,0.86,1.58,0.8000000000000007
2014-12-25,002365,26.6,26.56,26.9,26.38,15545,19392034.0,1.96,-0.08,-0.02,1.12,0.5199999999999996
2014-12-26,002365,26.58,26.84,26.86,26.46,14189,17704988.0,1.51,1.05,0.28,1.03,0.3999999999999986
2014-12-29,002365,26.76,26.04,26.78,25.9,21916,26878475.0,3.28,-2.98,-0.8,1.58,0.8800000000000026
2014-12-30,002365,25.84,25.64,26.3,25.32,19270,23175274.0,3.76,-1.54,-0.4,1.39,0.9800000000000004
2014-12-31,002365,25.42,25.78,25.82,25.22,16813,20070768.0,2.34,0.55,0.14,1.15,0.6000000000000014
2015-01-05,002365,25.7,26.18,26.24,25.38,18413,22302257.0,3.34,1.55,0.4,1.26,0.8599999999999994
2015-01-06,002365,26.24,26.68,26.76,25.92,45659,56405645.0,3.21,1.91,0.5,3.12,0.8399999999999999
2015-01-07,002365,26.68,26.14,26.68,26.06,26381,32481115.0,2.32,-2.02,-0.54,1.81,0.620000000000001
2015-01-08,002365,26.14,25.86,26.34,25.8,26848,32759877.0,2.07,-1.07,-0.28,1.84,0.5399999999999991
2015-01-09,002365,25.86,25.78,26.18,25.72,26659,32414712.0,1.78,-0.31,-0.08,1.82,0.46000000000000085
2015-01-12,002365,25.74,25.34,25.8,25.2,21419,25382573.0,2.33,-1.71,-0.44,1.47,0.6000000000000014
2015-01-13,002365,25.26,26.12,26.16,25.26,19481,23450810.0,3.55,3.08,0.78,1.33,0.8999999999999986
2015-01-14,002365,26.06,26.2,26.46,25.9,28134,34530043.0,2.14,0.31,0.08,1.93,0.5600000000000023
2015-01-15,002365,26.2,26.56,26.64,26.06,27135,33581567.0,2.21,1.37,0.36,1.86,0.5800000000000018
2015-01-16,002365,26.5,26.82,26.82,26.28,28375,35390462.0,2.03,0.98,0.26,1.94,0.5399999999999991
2015-01-19,002365,26.36,26.48,27.4,26.02,44736,56459103.0,5.15,-1.27,-0.34,3.06,1.379999999999999
2015-01-20,002365,26.54,28.4,28.42,26.54,84029,109348740.0,7.1,7.25,1.92,5.75,1.8800000000000026
2015-01-21,002365,28.44,28.4,29.06,27.98,78555,104859663.0,3.8,0.0,0.0,5.38,1.0799999999999983
2015-01-22,002365,28.26,28.34,28.6,28.12,44054,58911455.0,1.69,-0.21,-0.06,3.01,0.4800000000000004
2015-01-23,002365,28.48,28.38,28.86,28.24,43394,58173356.0,2.19,0.14,0.04,2.97,0.620000000000001
2015-01-26,002365,28.32,29.16,29.42,28.28,48787,66688078.0,4.02,2.75,0.78,3.34,1.1400000000000006
2015-01-27,002365,29.16,28.82,29.28,28.3,39103,53165675.0,3.36,-1.17,-0.34,2.68,0.9800000000000004
2015-01-28,002365,28.8,28.66,29.06,28.54,24233,32930173.0,1.8,-0.56,-0.16,1.66,0.5199999999999996
2015-01-29,002365,28.56,27.86,28.84,27.72,48578,64301430.0,3.91,-2.79,-0.8,3.32,1.120000000000001
2015-01-30,002365,27.96,27.98,28.3,27.46,30731,40472221.0,3.02,0.43,0.12,2.1,0.8399999999999999
2015-02-02,002365,27.64,27.8,28.16,27.48,21426,28130503.0,2.43,-0.64,-0.18,1.47,0.6799999999999997
2015-02-03,002365,27.8,28.7,29.02,27.8,40438,54430648.0,4.39,3.24,0.9,2.77,1.2199999999999989
2015-02-04,002365,28.78,28.48,29.04,28.24,33215,44552847.0,2.79,-0.77,-0.22,2.27,0.8000000000000007
2015-02-05,002365,28.6,28.08,28.74,28.02,35787,47798430.0,2.53,-1.4,-0.4,2.45,0.7199999999999989
2015-02-06,002365,28.02,27.38,28.14,27.04,25460,33095051.0,3.92,-2.49,-0.7,1.74,1.1000000000000014
2015-02-09,002365,27.5,27.26,27.62,27.02,17885,22889001.0,2.19,-0.44,-0.12,1.22,0.6000000000000014
2015-02-10,002365,27.38,27.26,27.56,26.94,22349,28453682.0,2.27,0.0,0.0,1.53,0.6199999999999974
2015-02-11,002365,27.38,28.18,28.32,27.18,29169,38245222.0,4.18,3.37,0.92,2.0,1.1400000000000006
2015-02-12,002365,28.2,29.04,29.16,28.12,63508,86478780.0,3.69,3.05,0.86,4.35,1.0399999999999991
2015-02-13,002365,29.44,29.08,29.54,29.04,41444,57177300.0,1.72,0.14,0.04,2.84,0.5
2015-02-16,002365,29.02,29.48,29.48,28.86,35856,49515399.0,2.13,1.38,0.4,2.45,0.620000000000001
2015-02-17,002365,29.56,30.58,30.64,29.16,60093,85016712.0,5.02,3.73,1.1,4.11,1.4800000000000004
2015-02-25,002365,30.62,30.4,30.66,29.88,30939,44262010.0,2.55,-0.59,-0.18,2.12,0.7800000000000011
2015-02-26,002365,30.12,30.08,30.52,29.76,29598,41944117.0,2.5,-1.05,-0.32,2.03,0.759999999999998
2015-02-27,002365,29.86,29.86,30.22,29.4,65681,91852756.0,2.73,-0.73,-0.22,4.49,0.8200000000000003
2015-03-02,002365,29.84,30.32,30.42,29.6,64567,91691563.0,2.75,1.54,0.46,4.42,0.8200000000000003
2015-03-03,002365,30.12,29.4,30.12,29.4,75123,105633380.0,2.37,-3.03,-0.92,5.14,0.7200000000000024
2015-03-04,002365,29.42,29.96,30.22,29.4,61616,86838655.0,2.79,1.9,0.56,4.22,0.8200000000000003
2015-03-05,002365,29.96,31.02,31.28,29.96,110025,160036111.0,4.41,3.54,1.06,7.53,1.3200000000000003
2015-03-06,002365,31.04,30.54,31.1,30.3,62028,89788910.0,2.58,-1.55,-0.48,4.24,0.8000000000000007
2015-03-09,002365,30.5,30.74,30.86,30.06,33920,48986183.0,2.62,0.65,0.2,2.32,0.8000000000000007
2015-03-10,002365,30.74,31.04,31.44,30.74,46330,68268913.0,2.28,0.98,0.3,3.17,0.7000000000000028
2015-03-11,002365,31.1,30.42,31.16,30.34,33128,47988425.0,2.64,-2.0,-0.62,2.27,0.8200000000000003
2015-03-12,002365,30.52,30.22,30.82,30.08,33925,48778441.0,2.43,-0.66,-0.2,2.32,0.740000000000002
2015-03-13,002365,30.26,30.6,30.74,30.26,29434,42443765.0,1.59,1.26,0.38,2.01,0.4799999999999969
2015-03-16,002365,30.84,31.36,31.54,30.8,61974,91649078.0,2.42,2.48,0.76,4.24,0.7399999999999984
2015-03-17,002365,31.46,31.48,32.04,31.22,70055,105242340.0,2.61,0.38,0.12,4.79,0.8200000000000003
2015-03-18,002365,31.4,32.58,32.66,31.36,72858,111756784.0,4.13,3.49,1.1,4.99,1.2999999999999972
2015-03-19,002365,32.68,33.2,33.28,32.32,59895,93242864.0,2.95,1.9,0.62,4.1,0.9600000000000009
2015-03-20,002365,33.1,33.5,33.64,32.9,57610,91088290.0,2.23,0.9,0.3,3.94,0.740000000000002
2015-03-23,002365,34.06,34.26,34.46,33.5,67183,108250826.0,2.87,2.27,0.76,4.6,0.9600000000000009
2015-03-24,002365,34.12,33.26,34.22,32.36,83048,131561033.0,5.43,-2.92,-1.0,5.68,1.8599999999999994
2015-03-25,002365,33.24,34.8,34.96,32.9,98380,159256683.0,6.19,4.63,1.54,6.73,2.0600000000000023
2015-03-26,002365,34.76,34.16,34.76,33.46,70669,114916854.0,3.74,-1.84,-0.64,4.84,1.2999999999999972
2015-03-27,002365,33.5,33.68,33.98,33.32,69096,110443782.0,1.93,-1.41,-0.48,4.73,0.6599999999999966
2015-03-30,002365,33.74,34.1,34.42,33.56,60730,98526989.0,2.55,1.25,0.42,4.16,0.8599999999999994
2015-03-31,002365,34.12,34.98,35.64,33.98,87107,144060050.0,4.87,2.58,0.88,5.96,1.6600000000000037
2015-04-01,002365,35.06,36.78,37.38,35.06,86688,150644027.0,6.63,5.15,1.8,5.93,2.3200000000000003
2015-04-02,002365,37.22,37.42,38.34,36.82,102677,184539047.0,4.13,1.74,0.64,7.03,1.5200000000000031
2015-04-03,002365,37.26,38.44,38.82,36.9,87250,159434207.0,5.13,2.73,1.02,5.97,1.9200000000000017
2015-04-07,002365,38.42,39.26,39.84,37.96,69513,130520597.0,4.89,2.13,0.82,4.76,1.8800000000000026
2015-04-08,002365,39.26,37.92,39.54,36.5,86108,157166044.0,7.74,-3.41,-1.34,5.89,3.039999999999999
2015-04-09,002365,37.46,36.86,37.94,35.68,79239,138570490.0,5.96,-2.8,-1.06,5.42,2.259999999999998
2015-04-10,002365,37.04,38.66,38.76,36.86,76615,139006029.0,5.15,4.88,1.8,5.24,1.8999999999999986
2015-04-13,002365,38.86,40.64,41.14,38.52,93734,179346873.0,6.78,5.12,1.98,6.41,2.6199999999999974
2015-04-14,002365,40.72,40.86,41.06,39.22,76595,147391252.0,4.53,0.54,0.22,5.24,1.8400000000000034
2015-04-15,002365,40.64,37.86,40.64,37.66,79256,148904940.0,7.29,-7.34,-3.0,5.42,2.980000000000004
2015-04-16,002365,37.16,37.5,38.44,36.48,62005,110935408.0,5.18,-0.95,-0.36,4.24,1.9600000000000009
2015-04-17,002365,38.1,36.94,38.18,36.66,68088,120982205.0,4.05,-1.49,-0.56,4.66,1.5200000000000031
2015-04-20,002365,36.58,35.66,36.74,35.48,68800,118067448.0,3.41,-3.47,-1.28,4.71,1.2600000000000051
2015-04-21,002365,35.76,37.26,37.26,35.52,60390,104717889.0,4.88,4.49,1.6,4.13,1.7399999999999949
2015-04-22,002365,37.28,38.46,39.2,37.28,74483,136906644.0,5.15,3.22,1.2,5.1,1.9200000000000017
2015-04-23,002365,37.86,37.76,38.16,37.06,117450,210716474.0,2.86,-1.82,-0.7,8.04,1.0999999999999943
2015-04-24,002365,37.2,37.12,37.2,36.32,64042,112894826.0,2.33,-1.69,-0.64,4.38,0.8800000000000026
2015-04-27,002365,37.12,37.22,37.88,36.96,74442,132996829.0,2.48,0.27,0.1,5.09,0.9200000000000017
2015-04-28,002365,37.22,35.14,37.22,34.76,86747,148532471.0,6.61,-5.59,-2.08,5.94,2.460000000000001
2015-04-29,002365,35.12,35.7,35.86,34.66,51154,86546621.0,3.41,1.59,0.56,3.5,1.2000000000000028
2015-04-30,002365,35.72,35.78,36.24,35.66,43297,74172385.0,1.62,0.22,0.08,2.96,0.5800000000000054
2015-05-04,002365,35.78,36.7,37.06,35.26,64971,112281405.0,5.03,2.57,0.92,4.45,1.8000000000000043
2015-05-05,002365,36.68,36.04,37.0,35.84,46277,80371131.0,3.16,-1.8,-0.66,3.17,1.1599999999999966
2015-05-06,002365,36.18,35.52,37.18,35.36,50814,88647615.0,5.05,-1.44,-0.52,3.48,1.8200000000000003
2015-05-07,002365,35.26,34.42,35.26,34.06,35896,58952229.0,3.38,-3.1,-1.1,2.46,1.1999999999999957
2015-05-08,002365,34.84,35.88,35.9,34.8,47531,79970513.0,3.2,4.24,1.46,3.25,1.1000000000000014
2015-05-11,002365,36.76,37.62,37.66,36.28,87503,155791115.0,3.85,4.85,1.74,5.99,1.3799999999999955
2015-05-12,002365,37.64,38.18,39.26,37.64,86246,158112014.0,4.31,1.49,0.56,5.9,1.6199999999999974
2015-05-13,002365,37.86,39.7,39.76,36.82,111663,206414900.0,7.7,3.98,1.52,7.64,2.9399999999999977
2015-05-14,002365,39.26,39.68,40.42,38.94,79401,151590331.0,3.73,-0.05,-0.02,5.43,1.480000000000004
2015-05-15,002365,39.26,40.18,40.66,38.26,81737,153635035.0,6.05,1.26,0.5,5.59,2.3999999999999986
2015-05-18,002365,39.68,42.12,43.34,39.68,119841,241338622.0,9.11,4.83,1.94,8.2,3.6600000000000037
2015-05-19,002365,42.06,43.5,43.56,41.0,97907,199543622.0,6.08,3.28,1.38,6.7,2.5600000000000023
2015-05-20,002365,43.52,44.46,46.26,43.06,94423,204583578.0,7.36,2.21,0.96,6.46,3.1999999999999957
2015-05-21,002365,44.98,45.44,46.16,44.46,71325,155806968.0,3.82,2.2,0.98,4.88,1.6999999999999957
2015-05-22,002365,45.66,44.8,46.28,42.86,89947,193217578.0,7.53,-1.41,-0.64,6.15,3.4200000000000017
2015-05-25,002365,44.06,45.0,45.24,43.68,72622,156063911.0,3.48,0.45,0.2,4.97,1.5600000000000023
2015-05-26,002365,44.98,47.94,48.64,44.66,122782,274954656.0,8.84,6.53,2.94,8.4,3.980000000000004
2015-05-27,002365,48.1,52.56,52.56,47.54,133263,323893072.0,10.47,9.64,4.62,9.12,5.020000000000003
2015-05-28,002365,54.82,55.86,57.66,54.82,181700,505954176.0,5.4,6.28,3.3,12.43,2.8399999999999963
2015-05-29,002365,55.76,61.28,61.28,51.22,249575,708746624.0,18.01,9.7,5.42,17.08,10.060000000000002
2015-06-01,002365,62.7,63.86,67.02,60.06,184017,570161568.0,11.36,4.21,2.58,12.59,6.959999999999994
2015-06-02,002365,62.5,66.32,67.62,61.96,143563,454988720.0,8.86,3.85,2.46,9.82,5.660000000000004
2015-06-03,002365,64.94,64.06,65.84,62.06,115325,358088464.0,5.7,-3.41,-2.26,7.89,3.780000000000001
2015-06-04,002365,63.52,60.78,63.82,57.82,127025,371851984.0,9.37,-5.12,-3.28,8.69,6.0
2015-06-05,002365,61.28,61.48,62.76,59.46,98240,294252304.0,5.43,1.15,0.7,6.72,3.299999999999997
2015-06-08,002365,61.78,63.64,66.3,61.78,109887,342055184.0,7.35,3.51,2.16,7.52,4.519999999999996
2015-06-09,002365,63.64,61.46,63.64,59.06,91223,270985120.0,7.2,-3.43,-2.18,6.24,4.579999999999998
2015-06-10,002365,61.46,62.5,63.56,59.66,77572,233659418.0,6.35,1.69,1.04,5.31,3.9000000000000057
2015-06-11,002365,62.5,62.52,62.9,60.66,64305,192988960.0,3.58,0.03,0.02,4.4,2.240000000000002
2015-06-12,002365,62.26,64.94,67.22,61.86,97715,310653472.0,8.57,3.87,2.42,6.69,5.359999999999999
2015-06-15,002365,65.82,67.66,70.86,65.8,103433,345010896.0,7.79,4.19,2.72,7.08,5.060000000000002
2015-06-16,002365,65.66,61.46,67.22,61.28,90665,278733904.0,8.78,-9.16,-6.2,6.2,5.939999999999998
2015-06-17,002365,62.66,62.34,63.54,58.72,70137,208051355.0,7.84,1.43,0.88,4.8,4.82
2015-06-18,002365,63.16,60.2,65.26,59.6,79017,241095628.0,9.08,-3.43,-2.14,5.41,5.660000000000004
2015-06-19,002365,58.76,54.36,58.84,54.34,59119,163189623.0,7.48,-9.7,-5.84,4.05,4.5
2015-06-23,002365,54.16,53.96,55.06,49.66,64428,163813842.0,9.93,-0.74,-0.4,4.41,5.400000000000006
2015-06-24,002365,55.02,55.06,56.66,52.66,137421,363266688.0,7.41,2.04,1.1,9.4,4.0
2015-06-25,002365,55.12,50.46,55.54,49.86,71699,184754566.0,10.32,-8.35,-4.6,4.91,5.68
2015-06-26,002365,48.76,45.58,48.76,45.58,82421,185476805.0,6.3,-9.67,-4.88,5.64,3.1799999999999997
2015-06-29,002365,46.66,41.18,47.42,41.18,79294,163203979.0,13.69,-9.65,-4.4,5.43,6.240000000000002
2015-06-30,002365,39.72,42.06,43.18,37.22,163169,317242064.0,14.47,2.14,0.88,11.15,5.960000000000001
2015-07-01,002365,42.16,39.78,44.36,38.02,130645,266950944.0,15.07,-5.42,-2.28,8.93,6.339999999999996
2015-07-02,002365,38.58,39.78,40.04,35.96,207103,372756368.0,10.26,0.0,0.0,14.16,4.079999999999998
2015-07-03,002365,37.66,39.42,40.36,35.96,141234,256359301.0,11.06,-0.9,-0.36,9.65,4.399999999999999
2015-07-06,002365,43.2,35.64,43.2,35.64,174351,318415760.0,19.18,-9.59,-3.78,11.92,7.560000000000002
2015-07-07,002365,33.4,32.24,33.46,32.24,35560,54585959.0,3.42,-9.54,-3.4,2.43,1.2199999999999989
2015-07-08,002365,29.18,29.18,29.18,29.18,223547,307600672.0,0.0,-9.49,-3.06,15.28,0.0
2015-07-09,002365,27.66,31.94,31.94,27.66,114195,166395059.0,14.67,9.46,2.76,7.81,4.280000000000001
2015-07-10,002365,33.66,34.96,34.96,32.82,51953,85181573.0,6.7,9.46,3.02,3.55,2.1400000000000006
2015-07-13,002365,35.46,38.3,38.3,35.46,159556,284650992.0,8.12,9.55,3.34,10.91,2.8399999999999963
2015-07-14,002365,38.68,39.04,41.62,37.06,171666,322968096.0,11.91,1.93,0.74,11.73,4.559999999999995
2015-07-15,002365,37.56,35.32,38.12,35.32,78471,135545043.0,7.17,-9.53,-3.72,5.36,2.799999999999997
2015-07-16,002365,32.98,35.18,36.88,31.96,108050,177809144.0,13.93,-0.4,-0.14,7.39,4.920000000000002
2015-07-17,002365,34.94,37.22,37.96,34.94,99870,173930619.0,8.58,5.8,2.04,6.83,3.020000000000003
2015-07-20,002365,37.68,37.68,38.84,36.88,101980,183462852.0,5.27,1.24,0.46,6.97,1.9600000000000009
2015-07-21,002365,36.98,40.34,41.14,36.0,119488,222736370.0,13.64,7.06,2.66,8.17,5.140000000000001
2015-07-22,002365,40.08,40.16,40.46,38.58,105459,199243824.0,4.66,-0.45,-0.18,7.21,1.8800000000000026
2015-07-23,002365,39.96,41.38,41.78,39.8,106379,208500889.0,4.93,3.04,1.22,7.27,1.980000000000004
2015-07-24,002365,42.38,40.58,42.76,40.14,125010,250398183.0,6.33,-1.93,-0.8,8.54,2.6199999999999974
2015-07-27,002365,39.38,36.7,41.34,36.7,105846,197698386.0,11.43,-9.56,-3.88,7.23,4.640000000000001
2015-07-28,002365,33.78,34.18,36.66,33.2,102414,166409823.0,9.43,-6.87,-2.52,7.0,3.4599999999999937
2015-07-29,002365,35.48,37.12,37.18,33.64,88005,145969789.0,10.36,8.6,2.94,6.02,3.539999999999999
2015-07-30,002365,37.14,35.94,38.46,35.52,82314,146424566.0,7.92,-3.18,-1.18,5.63,2.9399999999999977
2015-07-31,002365,34.58,34.08,35.64,33.38,129276,211881341.0,6.29,-5.18,-1.86,8.84,2.259999999999998
2015-08-03,002365,32.98,31.3,33.66,30.86,90562,136592383.0,8.22,-8.16,-2.78,6.19,2.799999999999997
2015-08-04,002365,31.34,34.26,34.26,31.34,88083,137991703.0,9.33,9.46,2.96,6.02,2.919999999999998
2015-08-05,002365,34.72,34.7,35.78,33.78,104667,173793194.0,5.84,1.28,0.44,7.15,2.0
2015-08-06,002365,33.8,34.66,35.3,33.38,56427,92469540.0,5.53,-0.12,-0.04,3.86,1.9199999999999946
2015-08-07,002365,34.82,37.54,37.54,34.82,105712,182325438.0,7.85,8.31,2.88,7.23,2.719999999999999
2015-08-10,002365,37.82,40.1,40.54,37.34,154541,288900160.0,8.52,6.82,2.56,10.56,3.1999999999999957
2015-08-11,002365,39.68,39.76,40.68,39.06,113846,216458917.0,4.04,-0.85,-0.34,7.78,1.6199999999999974
2015-08-12,002365,38.9,38.48,40.08,38.34,66880,125557343.0,4.38,-3.22,-1.28,4.57,1.7399999999999949
2015-08-13,002365,38.52,40.04,40.1,38.08,84941,158905040.0,5.25,4.05,1.56,5.81,2.020000000000003
2015-08-14,002365,40.34,40.78,42.22,40.24,116698,230528355.0,4.95,1.85,0.74,7.98,1.9799999999999969
2015-08-17,002365,41.14,43.38,43.78,40.66,122470,247968684.0,7.65,6.38,2.6,8.37,3.1200000000000045
2015-08-18,002365,43.18,39.22,43.42,39.22,123979,243467830.0,9.68,-9.59,-4.16,8.47,4.200000000000003
2015-08-19,002365,36.98,39.88,40.98,35.52,121655,218242366.0,13.92,1.68,0.66,8.32,5.459999999999994
2015-08-20,002365,38.96,40.38,41.76,37.88,128284,246092197.0,9.73,1.25,0.5,8.77,3.8799999999999955
2015-08-21,002365,39.58,37.04,39.74,36.78,96663,177724212.0,7.33,-8.27,-3.34,6.61,2.960000000000001
2015-08-24,002365,34.78,33.52,35.12,33.52,59175,94691311.0,4.32,-9.5,-3.52,4.04,1.5999999999999943
2015-08-25,002365,30.34,30.34,31.76,30.34,69613,100312428.0,4.24,-9.49,-3.18,4.76,1.4200000000000017
2015-08-26,002365,30.76,28.78,32.08,27.9,95524,135855695.0,13.78,-5.14,-1.56,6.53,4.18
2015-08-27,002365,29.54,29.72,30.36,26.78,81762,111387056.0,12.44,3.27,0.94,5.59,3.5799999999999983
2015-08-28,002365,30.7,31.84,31.94,29.78,85558,123697170.0,7.27,7.13,2.12,5.85,2.16
2015-08-31,002365,31.36,29.5,31.58,29.42,56795,81387129.0,6.78,-7.35,-2.34,3.88,2.1599999999999966
2015-09-01,002365,29.5,26.72,29.5,26.72,66997,86493732.0,9.42,-9.42,-2.78,4.58,2.780000000000001
2015-09-02,002365,25.48,25.22,27.66,24.78,54615,66318487.0,10.78,-5.61,-1.5,3.73,2.879999999999999
2015-09-07,002365,25.8,25.68,26.78,23.78,49926,60655920.0,11.9,1.82,0.46,3.41,3.0
2015-09-08,002365,25.48,27.58,27.76,25.38,44265,54355013.0,9.27,7.4,1.9,3.03,2.3800000000000026
2015-09-09,002365,27.88,29.04,29.12,27.6,70983,95097212.0,5.51,5.29,1.46,4.85,1.5199999999999996
2015-09-10,002365,28.62,28.46,28.98,28.04,42309,56805122.0,3.24,-2.0,-0.58,2.89,0.9400000000000013
2015-09-11,002365,29.78,31.12,31.12,29.18,60392,87253766.0,6.82,9.35,2.66,4.13,1.9400000000000013
2015-09-14,002365,31.78,28.18,31.94,28.18,101959,146331303.0,12.08,-9.45,-2.94,6.97,3.7600000000000016
2015-09-15,002365,26.66,25.98,27.7,25.54,75526,92697885.0,7.67,-7.81,-2.2,5.16,2.16
2015-09-16,002365,26.0,28.38,28.4,25.86,66740,84445802.0,9.78,9.24,2.4,4.56,2.539999999999999
2015-09-17,002365,28.02,27.78,29.68,27.78,82002,110874495.0,6.69,-2.11,-0.6,5.6,1.8999999999999986
2015-09-18,002365,28.16,28.4,28.94,27.58,63210,83645852.0,4.9,2.23,0.62,4.32,1.360000000000003
2015-09-21,002365,27.82,29.88,30.14,27.76,71282,97400062.0,8.38,5.21,1.48,4.87,2.379999999999999
2015-09-22,002365,29.7,29.62,30.34,29.12,85089,118780065.0,4.08,-0.87,-0.26,5.82,1.2199999999999989
2015-09-23,002365,29.12,28.98,29.54,28.76,49442,67556045.0,2.63,-2.16,-0.64,3.38,0.7799999999999976
2015-09-24,002365,29.18,29.6,29.92,29.04,44356,61469141.0,3.04,2.14,0.62,3.03,0.8800000000000026
2015-09-25,002365,32.38,32.38,32.38,32.2,188702,288655984.0,0.61,9.39,2.78,12.9,0.17999999999999972
2015-09-28,002365,32.18,32.3,32.44,30.94,165699,249835288.0,4.63,-0.25,-0.08,11.33,1.4999999999999964
2015-09-29,002365,31.2,31.96,33.28,30.98,141059,213823693.0,7.12,-1.05,-0.34,9.64,2.3000000000000007
2015-09-30,002365,31.96,30.98,32.28,30.72,85226,125712145.0,4.88,-3.07,-0.98,5.83,1.5600000000000023
2015-10-08,002365,32.1,32.38,32.76,31.54,101209,154156887.0,3.94,4.52,1.4,6.92,1.2199999999999989
2015-10-09,002365,32.28,32.68,32.78,32.0,86731,132851507.0,2.41,0.93,0.3,5.93,0.7800000000000011
2015-10-12,002365,32.96,33.94,34.46,32.7,103903,165676123.0,5.39,3.86,1.26,7.1,1.759999999999998
2015-10-13,002365,33.6,34.34,34.78,33.38,93531,151440463.0,4.12,1.18,0.4,6.39,1.3999999999999986
2015-10-14,002365,34.22,33.18,34.58,33.08,85772,137307501.0,4.37,-3.38,-1.16,5.86,1.5
2015-10-15,002365,32.96,34.6,34.6,32.96,92695,149265128.0,4.94,4.28,1.42,6.34,1.6400000000000006
2015-10-16,002365,34.48,34.58,34.8,33.58,96074,156182656.0,3.53,-0.06,-0.02,6.57,1.2199999999999989
2015-10-19,002365,34.58,34.48,34.94,33.8,79583,129838429.0,3.3,-0.29,-0.1,5.44,1.1400000000000006
2015-10-20,002365,34.1,35.3,35.5,34.1,83355,138489936.0,4.06,2.38,0.82,5.7,1.3999999999999986
2015-10-21,002365,35.68,32.68,36.72,31.98,123042,203963654.0,13.43,-7.42,-2.62,8.41,4.739999999999998
2015-10-22,002365,32.58,33.98,34.26,32.28,88304,139977050.0,6.06,3.98,1.3,6.04,1.9799999999999969
2015-10-23,002365,34.72,35.88,36.88,34.72,150909,255407056.0,6.36,5.59,1.9,10.31,2.1600000000000037
2015-10-26,002365,36.74,36.74,37.36,35.8,166399,289213216.0,4.35,2.4,0.86,11.37,1.5600000000000023
2015-10-27,002365,36.08,36.58,36.74,34.42,106745,181198904.0,6.31,-0.44,-0.16,7.3,2.3200000000000003
2015-10-28,002365,36.18,35.54,37.18,35.4,89202,154639913.0,4.87,-2.84,-1.04,6.1,1.7800000000000011
2015-10-29,002365,35.78,35.64,36.14,34.98,61885,104854861.0,3.26,0.28,0.1,4.23,1.1600000000000037
2015-10-30,002365,35.78,35.82,36.66,34.8,69837,118777459.0,5.22,0.51,0.18,4.77,1.8599999999999994
2015-11-02,002365,34.98,35.24,36.26,34.82,58134,98177022.0,4.02,-1.62,-0.58,3.97,1.4399999999999977
2015-11-03,002365,35.36,35.24,35.72,34.88,46600,78079043.0,2.38,0.0,0.0,3.19,0.8399999999999963
2015-11-04,002365,35.16,37.28,37.3,35.16,103082,178908771.0,6.07,5.79,2.04,7.05,2.1400000000000006
2015-11-05,002365,37.24,36.62,37.3,36.2,83635,146454507.0,2.95,-1.77,-0.66,5.72,1.0999999999999943
2015-11-06,002365,36.58,37.44,37.78,36.58,74532,132317431.0,3.28,2.24,0.82,5.09,1.2000000000000028
2015-11-09,002365,37.44,37.82,38.12,36.28,113216,200933971.0,4.91,1.01,0.38,7.74,1.8399999999999963
2015-11-10,002365,37.38,38.4,39.58,37.32,105561,194483845.0,5.98,1.53,0.58,7.22,2.259999999999998
2015-11-11,002365,38.28,39.24,39.32,38.0,68786,127492601.0,3.44,2.19,0.84,4.7,1.3200000000000003
2015-11-12,002365,39.06,38.42,39.68,37.68,94622,173317352.0,5.1,-2.09,-0.82,6.47,2.0
2015-11-13,002365,37.98,37.64,38.34,37.4,61942,111789939.0,2.45,-2.03,-0.78,4.23,0.9400000000000048
2015-11-16,002365,36.88,38.22,38.38,36.54,49832,89140338.0,4.89,1.54,0.58,3.41,1.8400000000000034
2015-11-17,002365,38.58,38.06,39.3,37.7,99372,183149526.0,4.19,-0.42,-0.16,6.79,1.5999999999999943
2015-11-18,002365,37.96,38.88,39.28,37.82,122128,224990055.0,3.84,2.15,0.82,8.35,1.4600000000000009
2015-11-19,002365,39.08,40.76,40.78,39.08,130633,250481264.0,4.37,4.84,1.88,8.93,1.7000000000000028
2015-11-20,002365,40.52,40.16,40.88,39.28,98385,188022734.0,3.93,-1.47,-0.6,6.72,1.6000000000000014
2015-11-23,002365,40.16,40.06,40.58,39.56,74205,142030773.0,2.54,-0.25,-0.1,5.07,1.019999999999996
2015-11-24,002365,39.9,40.3,40.36,39.0,59783,113207859.0,3.39,0.6,0.24,4.09,1.3599999999999994
2015-11-25,002365,40.44,41.24,41.38,40.1,72905,142440012.0,3.18,2.33,0.94,4.98,1.2800000000000011
2015-11-26,002365,41.28,41.32,42.54,40.82,85338,169850491.0,4.17,0.19,0.08,5.83,1.7199999999999989
2015-11-27,002365,41.54,38.32,41.88,37.36,88894,169704740.0,10.94,-7.26,-3.0,6.08,4.520000000000003
2015-11-30,002365,38.02,37.62,39.06,35.8,77299,137014273.0,8.51,-1.83,-0.7,5.28,3.260000000000005
2015-12-01,002365,37.56,37.84,38.78,37.2,54007,97803829.0,4.2,0.58,0.22,3.69,1.5799999999999983
2015-12-02,002365,37.9,37.9,38.1,35.9,59891,105897536.0,5.81,0.16,0.06,4.09,2.200000000000003
2015-12-03,002365,37.58,39.06,39.06,37.38,59468,108372458.0,4.43,3.06,1.16,4.06,1.6799999999999997
2015-12-04,002365,38.88,39.06,39.48,38.58,55502,103276405.0,2.3,0.0,0.0,3.79,0.8999999999999986
2015-12-07,002365,38.98,40.0,40.26,38.84,63851,120980769.0,3.64,2.41,0.94,4.36,1.4199999999999946
2015-12-08,002365,39.58,38.84,40.0,38.66,55653,104092878.0,3.35,-2.9,-1.16,3.8,1.3400000000000034
2015-12-09,002365,38.48,39.18,39.98,38.38,49054,92045630.0,4.12,0.88,0.34,3.35,1.5999999999999943
2015-12-10,002365,39.16,40.76,41.5,38.86,94687,184162341.0,6.74,4.03,1.58,6.47,2.6400000000000006
2015-12-11,002365,40.46,39.76,40.74,39.7,54644,104794905.0,2.55,-2.45,-1.0,3.74,1.0399999999999991
2015-12-14,002365,39.38,41.34,41.74,38.78,81152,157487908.0,7.44,3.97,1.58,5.55,2.960000000000001
2015-12-15,002365,41.18,42.48,43.1,40.84,87290,176153982.0,5.47,2.76,1.14,5.97,2.259999999999998
2015-12-16,002365,42.48,42.32,43.28,41.94,56027,113817172.0,3.15,-0.38,-0.16,3.83,1.3400000000000034
2015-12-17,002365,42.54,42.96,43.8,42.32,69041,142887708.0,3.5,1.51,0.64,4.72,1.4799999999999969
2015-12-18,002365,42.88,42.4,43.56,42.14,45445,93088901.0,3.31,-1.3,-0.56,3.11,1.4200000000000017
2015-12-21,002365,42.4,44.56,44.72,42.18,79336,167599696.0,5.99,5.09,2.16,5.42,2.539999999999999
2015-12-22,002365,44.98,44.54,45.74,44.2,87811,189593804.0,3.46,-0.04,-0.02,6.0,1.5399999999999991
2015-12-23,002365,44.86,44.98,46.66,44.38,73072,159674610.0,5.12,0.99,0.44,4.99,2.279999999999994
2015-12-24,002365,44.76,45.7,46.22,43.42,102509,219709442.0,6.22,1.6,0.72,7.01,2.799999999999997
2015-12-25,002365,46.0,48.68,50.0,45.64,105191,244377197.0,9.54,6.52,2.98,7.19,4.359999999999999
2015-12-28,002365,48.48,46.92,49.98,46.36,71968,166721974.0,7.44,-3.62,-1.76,4.92,3.6199999999999974
2015-12-29,002365,47.8,46.94,48.16,45.94,54975,124494865.0,4.73,0.04,0.02,3.76,2.219999999999999
2015-12-30,002365,46.78,47.2,47.5,45.8,66995,150478553.0,3.62,0.55,0.26,4.58,1.7000000000000028
2015-12-31,002365,47.2,45.02,47.24,45.02,46041,102082043.0,4.7,-4.62,-2.18,2.99,2.219999999999999
2016-01-04,002365,44.2,40.7,44.66,40.7,62197,125500459.0,8.8,-9.6,-4.32,4.05,3.9599999999999937
2016-01-05,002365,37.8,38.76,40.58,36.96,92450,170371888.0,8.89,-4.77,-1.94,6.01,3.6199999999999974
2016-01-06,002365,38.8,39.84,40.38,38.58,64647,122218531.0,4.64,2.79,1.08,4.2,1.8000000000000043
2016-01-07,002365,39.48,36.04,39.64,36.04,20226,36485087.0,9.04,-9.54,-3.8,1.32,3.6000000000000014
2016-01-08,002365,36.9,36.28,37.54,34.04,60956,104866047.0,9.71,0.67,0.24,3.96,3.5
2016-01-11,002365,35.56,32.84,35.82,32.84,60754,98240164.0,8.21,-9.48,-3.44,3.95,2.979999999999997
2016-01-12,002365,31.48,32.98,33.68,31.48,55083,84939100.0,6.7,0.43,0.14,3.58,2.1999999999999993
2016-01-13,002365,32.88,31.38,33.78,31.38,38968,60635036.0,7.28,-4.85,-1.6,2.53,2.400000000000002
2016-01-14,002365,30.18,33.22,33.38,29.98,56393,84936983.0,10.83,5.86,1.84,3.67,3.400000000000002
2016-01-15,002365,33.08,32.48,34.12,32.22,56525,89094073.0,5.72,-2.23,-0.74,3.68,1.8999999999999986
2016-01-18,002365,32.18,33.56,33.96,31.78,33315,52281391.0,6.71,3.33,1.08,2.17,2.1799999999999997
2016-01-19,002365,33.2,34.98,35.16,33.2,39988,65094845.0,5.84,4.23,1.42,2.6,1.9599999999999937
2016-01-20,002365,34.76,34.7,35.24,34.16,46035,75985228.0,3.09,-0.8,-0.28,2.99,1.0800000000000054
2016-01-21,002365,33.98,33.38,35.58,33.18,52102,85544858.0,6.92,-3.8,-1.32,3.39,2.3999999999999986
2016-01-22,002365,33.82,33.86,34.2,32.22,28661,45428745.0,5.93,1.44,0.48,1.86,1.980000000000004
2016-01-25,002365,34.16,34.1,34.64,33.78,21846,35409350.0,2.54,0.71,0.24,1.42,0.8599999999999994
2016-01-26,002365,33.54,30.98,34.5,30.94,50867,79242687.0,10.44,-9.15,-3.12,3.31,3.5599999999999987
2016-01-27,002365,31.58,31.22,31.96,28.68,54986,78225987.0,10.59,0.77,0.24,3.58,3.280000000000001
2016-01-28,002365,30.54,30.08,31.54,29.74,32146,46498049.0,5.77,-3.65,-1.14,2.09,1.8000000000000007
2016-01-29,002365,29.6,31.12,31.54,29.48,29083,42062439.0,6.85,3.46,1.04,1.89,2.0599999999999987
2016-02-01,002365,30.96,30.78,31.48,30.54,21750,31728137.0,3.02,-1.09,-0.34,1.41,0.9400000000000013
2016-02-02,002365,31.1,31.9,32.2,30.82,21553,32261885.0,4.48,3.64,1.12,1.4,1.3800000000000026
2016-02-03,002365,31.58,31.96,32.24,31.0,23379,34829280.0,3.89,0.19,0.06,1.52,1.240000000000002
2016-02-04,002365,32.18,32.74,33.48,32.14,30371,47182663.0,4.19,2.44,0.78,1.98,1.3399999999999963
2016-02-05,002365,32.74,32.5,33.24,32.38,24706,38370361.0,2.63,-0.73,-0.24,1.61,0.8599999999999994
2016-02-15,002365,31.38,32.52,32.62,30.78,20718,31068352.0,5.66,0.06,0.02,1.35,1.8399999999999963
2016-02-16,002365,32.6,33.72,34.18,32.6,41002,65185963.0,4.86,3.69,1.2,2.67,1.5799999999999983
2016-02-17,002365,33.72,34.3,34.44,33.58,32069,51669124.0,2.55,1.72,0.58,2.09,0.8599999999999994
2016-02-18,002365,34.3,33.82,34.64,33.8,45213,73269053.0,2.45,-1.4,-0.48,2.94,0.8400000000000034
2016-02-19,002365,33.98,34.1,34.28,33.68,22277,35911709.0,1.77,0.83,0.28,1.45,0.6000000000000014
2016-02-22,002365,34.36,34.98,35.08,34.36,35668,58784588.0,2.11,2.58,0.88,2.32,0.7199999999999989
2016-02-23,002365,34.9,34.5,35.14,33.8,25498,41750262.0,3.83,-1.37,-0.48,1.66,1.3400000000000034
2016-02-24,002365,34.28,34.38,34.78,33.58,33569,54289851.0,3.48,-0.35,-0.12,2.18,1.2000000000000028
2016-02-25,002365,34.14,31.12,34.28,31.12,67622,102977100.0,9.19,-9.48,-3.26,4.4,3.16
2016-02-26,002365,31.16,30.62,31.62,29.76,55171,80330914.0,5.98,-1.61,-0.5,3.59,1.8599999999999994
2016-02-29,002365,30.6,28.0,30.6,27.74,46798,62149050.0,9.34,-8.56,-2.62,3.04,2.860000000000003
2016-03-01,002365,28.22,28.66,28.94,27.82,51300,68082472.0,4.0,2.36,0.66,3.34,1.120000000000001
2016-03-02,002365,28.64,31.34,31.34,28.44,104398,152440840.0,10.12,9.35,2.68,6.79,2.8999999999999986
2016-03-03,002365,31.48,31.86,32.88,31.48,83304,126826234.0,4.47,1.66,0.52,5.42,1.4000000000000021
2016-03-04,002365,32.18,32.24,32.98,30.94,89366,134853118.0,6.4,1.19,0.38,5.81,2.0399999999999956
2016-03-07,002365,32.24,35.28,35.28,32.24,148646,243452281.0,9.43,9.43,3.04,9.67,3.039999999999999
2016-03-08,002365,35.32,36.42,37.38,33.54,135915,229926982.0,10.88,3.23,1.14,8.84,3.8400000000000034
2016-03-09,002365,35.66,34.58,35.66,34.34,59538,98839616.0,3.62,-5.05,-1.84,3.87,1.3199999999999932
2016-03-10,002365,35.06,34.94,35.88,33.82,67536,112982237.0,5.96,1.04,0.36,4.39,2.0600000000000023
2016-03-11,002365,33.96,34.74,35.28,33.86,36241,59720255.0,4.06,-0.57,-0.2,2.36,1.4200000000000017
2016-03-14,002365,35.18,35.78,37.32,35.12,50201,86444225.0,6.33,2.99,1.04,3.26,2.200000000000003
2016-03-15,002365,35.78,36.98,38.2,35.68,94532,166240301.0,7.04,3.35,1.2,6.15,2.520000000000003
2016-03-16,002365,38.78,36.2,38.78,35.82,70283,123083767.0,8.0,-2.11,-0.78,4.57,2.960000000000001
2016-03-17,002365,36.28,38.66,39.18,36.08,111808,202012291.0,8.56,6.8,2.46,7.27,3.1000000000000014
2016-03-18,002365,38.28,39.96,40.98,38.0,91134,172555381.0,7.71,3.36,1.3,5.93,2.979999999999997
2016-03-21,002365,39.74,39.28,40.0,37.48,308132,566154608.0,6.31,-1.7,-0.68,20.04,2.520000000000003
2016-03-22,002365,38.18,37.7,38.18,37.54,119512,215425988.0,1.63,-4.02,-1.58,7.77,0.6400000000000006
2016-03-23,002365,38.46,37.86,38.46,37.4,69360,125004317.0,2.81,0.42,0.16,4.51,1.0600000000000023
2016-03-24,002365,37.48,36.58,37.48,36.5,83408,146416037.0,2.59,-3.38,-1.28,5.42,0.9799999999999969
2016-03-25,002365,36.6,37.0,37.04,36.4,47335,82699936.0,1.75,1.15,0.42,3.08,0.6400000000000006
2016-03-28,002365,37.02,36.12,37.6,35.88,89233,155955530.0,4.65,-2.38,-0.88,5.8,1.7199999999999989
2016-03-29,002365,36.22,36.04,36.48,35.54,54221,92962285.0,2.6,-0.22,-0.08,3.53,0.9399999999999977
2016-03-30,002365,36.5,37.08,37.16,36.26,60298,105415475.0,2.5,2.89,1.04,3.92,0.8999999999999986
2016-03-31,002365,37.1,37.08,37.44,36.68,71158,125758564.0,2.05,0.0,0.0,4.63,0.759999999999998
2016-04-01,002365,36.82,36.78,37.38,36.4,41288,72134086.0,2.64,-0.81,-0.3,2.69,0.980000000000004
2016-04-05,002365,36.88,38.22,38.46,36.88,97249,175180968.0,4.3,3.92,1.44,6.32,1.5799999999999983
2016-04-06,002365,37.98,37.88,38.68,37.6,73367,133174812.0,2.83,-0.89,-0.34,4.77,1.0799999999999983
2016-04-07,002365,37.94,36.68,38.18,36.68,60921,108150906.0,3.96,-3.17,-1.2,3.96,1.5
2016-04-08,002365,36.46,35.78,36.46,35.34,49802,84912744.0,3.05,-2.45,-0.9,3.24,1.1199999999999974
2016-04-11,002365,36.18,36.74,37.04,36.18,41464,72431410.0,2.4,2.68,0.96,2.7,0.8599999999999994
2016-04-12,002365,36.74,37.14,37.18,36.24,47109,82443139.0,2.56,1.09,0.4,3.06,0.9399999999999977
2016-04-13,002365,36.88,37.38,38.08,36.88,75330,134969988.0,3.23,0.65,0.24,4.9,1.1999999999999957
2016-04-14,002365,37.44,38.16,38.16,37.28,65016,116992419.0,2.35,2.09,0.78,4.23,0.8799999999999955
2016-04-15,002365,37.94,38.68,39.1,37.9,83523,153409269.0,3.14,1.36,0.52,5.43,1.2000000000000028
2016-04-18,002365,38.66,39.24,39.68,38.02,115120,214661453.0,4.29,1.45,0.56,7.49,1.6599999999999966
2016-04-19,002365,39.28,39.1,40.18,38.64,83915,158084246.0,3.92,-0.36,-0.14,5.46,1.5399999999999991
2016-04-20,002365,38.98,37.34,40.0,35.88,115463,210594421.0,10.54,-4.5,-1.76,7.51,4.119999999999997
2016-04-21,002365,37.18,37.18,38.28,36.44,70415,125851744.0,4.93,-0.43,-0.16,4.58,1.8400000000000034
2016-04-22,002365,36.88,37.18,37.38,35.88,45801,79781943.0,4.03,0.0,0.0,2.98,1.5
2016-04-25,002365,37.14,36.5,37.14,35.76,37385,64585862.0,3.71,-1.83,-0.68,2.43,1.3800000000000026
2016-04-26,002365,36.38,37.48,37.5,36.14,43167,75749917.0,3.73,2.68,0.98,2.81,1.3599999999999994
2016-04-27,002365,37.38,37.1,38.34,37.1,45687,82147463.0,3.31,-1.01,-0.38,2.97,1.240000000000002
2016-04-28,002365,37.08,37.56,37.56,35.78,47897,83972526.0,4.8,1.24,0.46,3.12,1.7800000000000011
2016-04-29,002365,37.34,38.16,38.28,36.94,55831,100474103.0,3.57,1.6,0.6,3.63,1.3400000000000034
2016-05-03,002365,38.06,39.26,39.3,37.78,66081,122558194.0,3.98,2.88,1.1,4.3,1.519999999999996
2016-05-04,002365,38.8,39.46,40.18,38.76,68010,128170032.0,3.62,0.51,0.2,4.42,1.4200000000000017
2016-05-05,002365,39.26,39.06,39.7,38.66,50138,93655701.0,2.64,-1.01,-0.4,3.26,1.0400000000000063
2016-05-06,002365,39.18,36.56,39.24,36.52,75654,136284522.0,6.96,-6.4,-2.5,4.92,2.719999999999999
2016-05-09,002365,36.02,33.42,36.24,33.28,83332,136092256.0,8.1,-8.59,-3.14,5.42,2.960000000000001
2016-05-10,002365,33.28,33.36,33.76,32.78,43596,68855902.0,2.93,-0.18,-0.06,2.84,0.9799999999999969
2016-05-11,002365,33.52,33.0,33.98,33.0,41154,65328981.0,2.94,-1.08,-0.36,2.68,0.9799999999999969
2016-05-12,002365,32.58,32.76,32.88,31.66,44851,68354284.0,3.7,-0.73,-0.24,2.92,1.2200000000000024
2016-05-13,002365,32.54,32.5,33.38,32.18,38369,59521140.0,3.66,-0.79,-0.26,2.5,1.2000000000000028
2016-05-16,002365,32.58,34.08,34.1,32.48,40722,64286838.0,4.98,4.86,1.58,2.65,1.6200000000000045
2016-05-17,002365,33.86,33.6,33.98,33.3,39895,63511874.0,2.0,-1.41,-0.48,2.59,0.6799999999999997
2016-05-18,002365,33.2,31.92,33.2,30.78,49455,75191627.0,7.2,-5.0,-1.68,3.22,2.4200000000000017
2016-05-19,002365,31.92,32.14,32.9,31.88,33244,51027220.0,3.2,0.69,0.22,2.16,1.0199999999999996
2016-05-20,002365,31.92,32.68,32.72,31.84,26991,41408079.0,2.74,1.68,0.54,1.76,0.879999999999999
2016-05-23,002365,32.78,33.3,33.56,32.64,31937,50118996.0,2.82,1.9,0.62,2.08,0.9200000000000017
2016-05-24,002365,33.3,33.2,33.34,32.68,26228,41054561.0,1.98,-0.3,-0.1,1.71,0.6600000000000037
2016-05-25,002365,33.44,33.2,33.86,32.96,32859,52116723.0,2.71,0.0,0.0,2.14,0.8999999999999986
2016-05-26,002365,32.88,33.58,33.6,32.48,41306,64420802.0,3.37,1.14,0.38,2.69,1.1200000000000045
2016-05-27,002365,33.58,33.44,33.66,33.18,37381,59246254.0,1.43,-0.42,-0.14,2.43,0.4799999999999969
2016-05-30,002365,33.18,33.16,33.62,32.74,25856,40658212.0,2.63,-0.84,-0.28,1.68,0.8799999999999955
2016-05-31,002365,33.18,34.52,34.6,33.18,46765,75617704.0,4.28,4.1,1.36,3.04,1.4200000000000017
2016-06-01,002365,34.54,34.54,35.08,34.52,45848,75639461.0,1.62,0.06,0.02,2.98,0.5599999999999952
2016-06-02,002365,34.62,34.96,35.24,34.54,36390,60287605.0,2.03,1.22,0.42,2.37,0.7000000000000028
2016-06-03,002365,34.84,35.42,35.68,34.68,39080,65284512.0,2.86,1.32,0.46,2.54,1.0
2016-06-06,002365,35.48,35.38,35.56,35.0,31989,53544911.0,1.58,-0.11,-0.04,2.08,0.5600000000000023
2016-06-07,002365,35.34,35.42,35.42,34.9,25981,43372291.0,1.47,0.11,0.04,1.69,0.5200000000000031
2016-06-08,002365,35.3,35.36,35.48,34.9,27112,45330420.0,1.64,-0.17,-0.06,1.76,0.5799999999999983
2016-06-13,002365,34.88,33.9,36.04,33.88,47838,79869092.0,6.11,-4.13,-1.46,3.11,2.1599999999999966
2016-06-14,002365,33.8,33.96,34.52,33.7,30642,49407823.0,2.42,0.18,0.06,1.99,0.8200000000000003
2016-06-15,002365,33.78,35.18,35.44,33.6,38527,63841029.0,5.42,3.59,1.22,2.51,1.8399999999999963
2016-06-16,002365,35.18,35.18,35.44,34.66,36324,60448991.0,2.22,0.0,0.0,2.36,0.7800000000000011
2016-06-17,002365,35.18,35.6,36.02,35.16,37112,62850531.0,2.44,1.19,0.42,2.41,0.8600000000000065
2016-06-20,002365,35.42,36.94,37.16,35.34,77600,134516614.0,5.11,3.76,1.34,5.05,1.8199999999999932
2016-06-21,002365,36.82,36.38,37.52,36.28,48174,84423266.0,3.36,-1.52,-0.56,3.13,1.240000000000002
2016-06-22,002365,36.34,37.52,37.52,36.34,43439,76363034.0,3.24,3.13,1.14,2.83,1.1799999999999997
2016-06-23,002365,37.38,37.1,37.52,36.68,38383,67759106.0,2.24,-1.12,-0.42,2.5,0.8400000000000034
2016-06-24,002365,37.18,37.66,38.08,36.82,76222,136256137.0,3.4,1.51,0.56,4.96,1.259999999999998
2016-06-27,002365,37.24,38.44,39.14,37.18,65548,120433544.0,5.2,2.07,0.78,4.26,1.9600000000000009
2016-06-28,002365,38.16,38.58,38.98,37.78,55898,102490755.0,3.12,0.36,0.14,3.64,1.1999999999999957
2016-06-29,002365,38.7,39.2,39.24,38.38,52417,97101115.0,2.23,1.61,0.62,3.41,0.8599999999999994
2016-06-30,002365,39.24,38.2,39.98,37.94,116199,216803061.0,5.2,-2.55,-1.0,7.55,2.039999999999999
2016-07-01,002365,37.9,40.42,41.5,37.9,125766,240998041.0,9.42,5.81,2.22,8.17,3.6000000000000014
2016-07-04,002365,40.18,44.24,44.28,40.18,159773,330678672.0,10.14,9.45,3.82,10.38,4.100000000000001
2016-07-05,002365,43.66,42.92,44.04,42.56,98530,203762718.0,3.35,-2.98,-1.32,6.4,1.4799999999999969
2016-07-06,002365,43.16,44.78,45.78,43.16,127632,270151200.0,6.1,4.33,1.86,8.29,2.6200000000000045
2016-07-07,002365,44.48,43.6,44.48,43.34,72872,152829649.0,2.55,-2.64,-1.18,4.73,1.1399999999999935
2016-07-08,002365,45.38,43.8,45.38,43.68,89411,190194086.0,3.9,0.46,0.2,5.81,1.7000000000000028
2016-07-11,002365,43.18,43.8,45.24,42.96,76808,162938441.0,5.21,0.0,0.0,4.99,2.280000000000001
2016-07-12,002365,44.32,45.7,46.38,43.88,78948,171867157.0,5.71,4.34,1.9,5.13,2.5
2016-07-13,002365,45.68,49.26,49.68,45.68,114924,266156524.0,8.75,7.79,3.56,7.47,4.0
2016-07-14,002365,48.8,48.46,49.18,47.72,50370,117070068.0,2.96,-1.62,-0.8,3.27,1.4600000000000009
2016-07-15,002365,48.48,47.64,49.02,47.38,58863,136669784.0,3.38,-1.69,-0.82,3.82,1.6400000000000006
2016-07-18,002365,47.68,47.64,49.32,47.5,64102,149513786.0,3.82,0.0,0.0,4.16,1.8200000000000003
2016-07-19,002365,47.16,46.94,47.36,45.96,48638,109224707.0,2.94,-1.47,-0.7,3.16,1.3999999999999986
2016-07-20,002365,47.18,46.94,48.16,46.8,42938,97845607.0,2.9,0.0,0.0,2.79,1.3599999999999994
2016-07-21,002365,46.94,46.9,47.82,46.54,33878,76840195.0,2.73,-0.09,-0.04,2.2,1.2800000000000011
2016-07-22,002365,48.84,47.46,48.84,46.98,52172,119931124.0,3.97,1.19,0.56,3.39,1.8600000000000065
2016-07-25,002365,47.18,44.98,47.38,43.88,83994,182651443.0,7.37,-5.23,-2.48,5.46,3.5
2016-07-26,002365,45.28,46.66,46.78,45.18,49254,109234201.0,3.56,3.73,1.68,3.2,1.6000000000000014
2016-07-27,002365,46.98,43.4,47.1,42.66,91437,194859318.0,9.52,-6.99,-3.26,5.94,4.440000000000005
2016-07-28,002365,43.34,43.3,44.38,42.78,42495,89026168.0,3.69,-0.23,-0.1,2.76,1.6000000000000014
2016-07-29,002365,43.78,43.18,43.88,41.28,73097,149789479.0,6.0,-0.28,-0.12,4.75,2.6000000000000014
2016-08-01,002365,42.78,42.76,43.18,41.78,33917,69109461.0,3.24,-0.97,-0.42,2.2,1.3999999999999986
2016-08-02,002365,42.56,44.26,44.26,42.54,36746,76663635.0,4.02,3.51,1.5,2.39,1.7199999999999989
2016-08-03,002365,43.86,43.8,44.34,43.4,32456,68271231.0,2.12,-1.04,-0.46,2.11,0.9400000000000048
2016-08-04,002365,43.58,43.86,44.48,43.36,34085,71954137.0,2.56,0.14,0.06,2.21,1.1199999999999974
2016-08-05,002365,43.96,42.74,44.04,42.38,39489,81411631.0,3.78,-2.55,-1.12,2.57,1.6599999999999966
2016-08-08,002365,42.74,43.12,43.18,42.14,17629,36153523.0,2.43,0.89,0.38,1.15,1.0399999999999991
2016-08-09,002365,43.12,44.44,44.8,42.8,45166,95795354.0,4.64,3.06,1.32,2.93,2.0
2016-08-10,002365,44.34,44.6,45.06,43.78,35489,75785890.0,2.88,0.36,0.16,2.31,1.2800000000000011
2016-08-11,002365,44.46,45.04,46.06,44.04,51509,111699074.0,4.53,0.99,0.44,3.35,2.020000000000003
2016-08-12,002365,44.76,45.44,46.18,44.66,42467,93033740.0,3.37,0.89,0.4,2.76,1.5200000000000031
2016-08-15,002365,45.56,46.4,46.6,44.6,65192,143092031.0,4.4,2.11,0.96,4.23,2.0
2016-08-16,002365,46.26,46.16,46.84,46.04,37031,82692567.0,1.72,-0.52,-0.24,2.41,0.8000000000000043
2016-08-17,002365,46.26,46.44,46.64,45.84,24420,54186959.0,1.73,0.61,0.28,1.59,0.7999999999999972
2016-08-18,002365,46.52,48.38,48.52,46.26,65130,149218988.0,4.87,4.18,1.94,4.23,2.260000000000005
2016-08-19,002365,47.44,47.76,48.2,46.86,67823,155455980.0,2.77,-1.28,-0.62,4.41,1.3400000000000034
2016-08-22,002365,48.24,46.36,48.24,46.12,41818,93931257.0,4.44,-2.93,-1.4,2.72,2.1200000000000045
2016-08-23,002365,46.06,46.6,47.16,46.06,23917,53586250.0,2.37,0.52,0.24,1.55,1.0999999999999943
2016-08-24,002365,46.6,48.16,49.12,46.6,104274,241711096.0,5.41,3.35,1.56,6.77,2.519999999999996
2016-08-25,002365,50.44,52.8,52.8,50.24,89582,224615851.0,5.32,9.63,4.64,5.82,2.559999999999995
2016-08-26,002365,54.96,57.9,57.9,54.5,134421,369173504.0,6.44,9.66,5.1,8.73,3.3999999999999986
2016-08-29,002365,60.22,54.44,60.44,53.76,276273,760193680.0,11.54,-5.98,-3.46,17.95,6.68
2016-08-30,002365,53.1,51.6,53.78,51.3,188397,476302864.0,4.56,-5.22,-2.84,12.24,2.480000000000004
2016-08-31,002365,52.0,55.84,56.58,51.5,228783,591549232.0,9.84,8.22,4.24,14.86,5.079999999999998
2016-09-01,002365,54.64,52.64,54.8,52.64,126266,326107712.0,3.87,-5.73,-3.2,8.2,2.1599999999999966
2016-09-02,002365,52.4,52.3,53.12,51.64,64865,163208358.0,2.81,-0.65,-0.34,4.21,1.4799999999999969
2016-09-05,002365,52.26,53.58,54.2,51.56,89147,227997178.0,5.05,2.45,1.28,5.79,2.6400000000000006
2016-09-06,002365,53.42,53.76,54.14,51.84,83859,215266716.0,4.29,0.34,0.18,5.45,2.299999999999997
2016-09-07,002365,53.6,52.02,53.74,51.84,97420,247319669.0,3.53,-3.24,-1.74,6.33,1.8999999999999986
2016-09-08,002365,52.2,54.24,54.84,51.84,104257,269090784.0,5.77,4.27,2.22,6.77,3.0
2016-09-09,002365,53.64,52.84,53.78,52.52,64796,166010844.0,2.32,-2.58,-1.4,4.21,1.259999999999998
2016-09-12,002365,48.04,48.58,50.14,47.74,160527,374605424.0,4.54,-8.06,-4.26,10.43,2.3999999999999986
2016-09-13,002365,47.92,48.66,49.44,47.86,63766,149629508.0,3.25,0.16,0.08,4.14,1.5799999999999983
2016-09-14,002365,47.96,48.76,49.04,47.96,41148,96227230.0,2.22,0.21,0.1,2.67,1.0799999999999983
2016-09-19,002365,48.84,49.78,49.82,48.46,42575,100597811.0,2.79,2.09,1.02,2.77,1.3599999999999994
2016-09-20,002365,49.74,49.42,49.76,48.64,39608,93612884.0,2.25,-0.72,-0.36,2.57,1.1199999999999974
2016-09-21,002365,49.36,52.12,53.2,49.08,97890,244063172.0,8.34,5.46,2.7,6.36,4.1200000000000045
2016-09-22,002365,52.26,53.46,54.84,52.26,81065,211333859.0,4.95,2.57,1.34,5.27,2.5800000000000054
2016-09-23,002365,53.0,53.06,54.62,52.26,47597,122678009.0,4.41,-0.75,-0.4,3.09,2.3599999999999994
2016-09-26,002365,52.5,53.84,56.56,52.5,95172,251474713.0,7.65,1.47,0.78,6.18,4.060000000000002
2016-09-27,002365,53.24,56.24,56.24,51.86,91239,240587099.0,8.14,4.46,2.4,5.93,4.380000000000003
2016-09-28,002365,55.66,55.74,57.04,55.1,57076,154454654.0,3.45,-0.89,-0.5,3.71,1.9399999999999977
2016-09-29,002365,55.54,54.14,55.96,53.88,52300,137657965.0,3.73,-2.87,-1.6,3.4,2.0799999999999983
2016-09-30,002365,53.56,58.04,59.38,53.56,109907,301369216.0,10.75,7.2,3.9,7.14,5.82
2016-10-10,002365,60.44,58.1,61.84,57.62,117758,336373904.0,7.27,0.1,0.06,7.65,4.220000000000006
2016-10-11,002365,57.74,58.22,59.6,56.8,92212,258841689.0,4.82,0.21,0.12,5.99,2.8000000000000043
2016-10-12,002365,57.44,57.28,57.86,56.86,49343,137039788.0,1.72,-1.61,-0.94,3.21,1.0
2016-10-13,002365,57.04,57.16,57.7,56.58,41706,115233176.0,1.96,-0.21,-0.12,2.71,1.1200000000000045
2016-10-14,002365,57.16,56.24,57.2,55.26,49382,134020746.0,3.39,-1.61,-0.92,3.21,1.9400000000000048
2016-10-17,002365,56.14,54.58,56.56,54.04,52909,141778912.0,4.48,-2.95,-1.66,3.44,2.520000000000003
2016-10-18,002365,55.1,55.64,56.14,54.64,41853,112369205.0,2.75,1.94,1.06,2.72,1.5
2016-10-19,002365,55.8,56.02,56.5,55.24,42148,113821096.0,2.26,0.68,0.38,2.74,1.259999999999998
2016-10-20,002365,55.84,57.74,58.24,55.56,83240,230389693.0,4.78,3.07,1.72,5.41,2.6799999999999997
2016-10-21,002365,57.74,57.44,58.7,57.0,61578,172330276.0,2.94,-0.52,-0.3,4.0,1.7000000000000028
2016-10-24,002365,57.6,56.58,57.76,56.04,51883,142173085.0,2.99,-1.5,-0.86,3.37,1.7199999999999989
2016-10-25,002365,56.28,57.04,57.24,56.16,37061,101614802.0,1.91,0.81,0.46,2.41,1.0800000000000054
2016-10-26,002365,57.04,58.54,60.42,56.5,91007,257525764.0,6.87,2.63,1.5,5.91,3.9200000000000017
2016-10-27,002365,58.12,57.5,58.2,57.04,45471,126278350.0,1.98,-1.78,-1.04,2.95,1.1600000000000037
2016-10-28,002365,57.04,55.9,57.6,55.84,47979,130562281.0,3.06,-2.78,-1.6,3.12,1.759999999999998
2016-10-31,002365,55.48,56.78,56.96,55.26,44798,121740411.0,3.04,1.57,0.88,2.91,1.7000000000000028
2016-11-01,002365,56.84,56.8,56.94,56.16,26642,72909723.0,1.37,0.04,0.02,1.73,0.7800000000000011
2016-11-02,002365,56.78,55.84,57.24,55.66,41682,113650863.0,2.78,-1.69,-0.96,2.71,1.5800000000000054
2016-11-03,002365,55.54,55.3,56.24,54.48,39515,105568359.0,3.15,-0.97,-0.54,2.57,1.7600000000000051
2016-11-04,002365,55.22,55.5,55.78,54.86,24417,65372491.0,1.66,0.36,0.2,1.59,0.9200000000000017
2016-11-07,002365,55.5,54.7,55.8,54.58,25027,66443969.0,2.2,-1.44,-0.8,1.63,1.2199999999999989
2016-11-08,002365,54.84,54.46,55.24,54.28,22477,59284772.0,1.76,-0.44,-0.24,1.46,0.9600000000000009
2016-11-09,002365,54.44,55.08,55.56,54.36,35681,94665616.0,2.2,1.14,0.62,2.32,1.2000000000000028
2016-11-10,002365,55.46,55.12,55.6,54.86,32756,87189365.0,1.34,0.07,0.04,2.13,0.740000000000002
2016-11-11,002365,55.0,54.76,55.12,54.34,24302,64164806.0,1.42,-0.65,-0.36,1.58,0.779999999999994
2016-11-14,002365,54.82,55.0,55.34,54.56,26010,69188564.0,1.42,0.44,0.24,1.69,0.7800000000000011
2016-11-15,002365,55.16,56.64,57.14,54.64,54851,149067560.0,4.55,2.98,1.64,3.56,2.5
2016-11-16,002365,56.64,56.04,56.84,55.74,32664,88706675.0,1.94,-1.06,-0.6,2.12,1.1000000000000014
2016-11-17,002365,55.9,56.1,56.34,55.44,19970,53971735.0,1.61,0.11,0.06,1.3,0.9000000000000057
2016-11-18,002365,56.04,55.6,56.62,55.52,31676,86006002.0,1.96,-0.89,-0.5,2.06,1.0999999999999943
2016-11-21,002365,55.62,55.04,56.04,54.64,38070,101437671.0,2.52,-1.01,-0.56,2.47,1.3999999999999986
2016-11-22,002365,55.2,57.16,57.16,54.72,62431,169151197.0,4.43,3.85,2.12,4.06,2.4399999999999977
2016-11-23,002365,57.18,56.28,57.34,56.08,42751,117417275.0,2.2,-1.54,-0.88,2.78,1.2600000000000051
2016-11-24,002365,56.24,55.28,56.42,55.12,28565,77021316.0,2.31,-1.78,-1.0,1.86,1.3000000000000043
2016-11-25,002365,54.94,54.4,55.26,51.88,40768,105561212.0,6.11,-1.59,-0.88,2.65,3.3799999999999955
2016-11-28,002365,54.24,54.04,54.54,53.84,20980,54877417.0,1.29,-0.66,-0.36,1.36,0.6999999999999957
2016-11-29,002365,54.04,53.36,54.54,53.36,23505,61417736.0,2.18,-1.26,-0.68,1.53,1.1799999999999997
2016-11-30,002365,53.36,56.6,56.92,53.04,71464,191811748.0,7.27,6.07,3.24,4.64,3.8800000000000026
2016-12-01,002365,56.54,57.14,58.18,55.94,64588,179219268.0,3.96,0.95,0.54,4.2,2.240000000000002
2016-12-02,002365,56.64,57.1,57.54,55.88,40515,111284819.0,2.91,-0.07,-0.04,2.63,1.6599999999999966
2016-12-05,002365,56.44,54.84,57.1,54.22,34271,92401730.0,5.04,-3.96,-2.26,2.23,2.8800000000000026
2016-12-06,002365,54.84,57.9,58.02,54.84,55787,153614166.0,5.8,5.58,3.06,3.62,3.1799999999999997
2016-12-07,002365,57.8,58.1,58.84,57.0,51716,145036627.0,3.18,0.35,0.2,3.36,1.8400000000000034
2016-12-08,002365,58.08,59.32,60.24,57.62,67623,193411057.0,4.51,2.1,1.22,4.39,2.6200000000000045
2016-12-09,002365,59.34,58.54,60.12,57.92,38087,108792371.0,3.71,-1.31,-0.78,2.47,2.1999999999999957
2016-12-12,002365,58.12,55.04,58.4,53.46,61816,165568002.0,8.44,-5.98,-3.5,4.02,4.939999999999998
2016-12-13,002365,54.44,53.16,54.98,51.84,44939,115779137.0,5.7,-3.42,-1.88,2.92,3.1399999999999935
2016-12-14,002365,52.64,52.5,53.64,52.16,28272,72177375.0,2.78,-1.24,-0.66,1.84,1.480000000000004
2016-12-15,002365,52.04,51.48,53.1,51.16,42476,106823631.0,3.7,-1.94,-1.02,2.76,1.9400000000000048
2016-12-16,002365,51.2,52.02,52.42,51.2,23940,59797320.0,2.37,1.05,0.54,1.56,1.2199999999999989
2016-12-19,002365,52.0,50.5,52.04,50.1,44749,109601789.0,3.73,-2.92,-1.52,2.91,1.9399999999999977
2016-12-20,002365,50.7,51.54,51.54,50.1,18685,45582680.0,2.85,2.06,1.04,1.21,1.4399999999999977
2016-12-21,002365,51.6,51.62,51.76,51.24,22442,55670958.0,1.01,0.16,0.08,1.46,0.519999999999996
2016-12-22,002365,51.62,51.54,52.0,51.28,14948,37227859.0,1.39,-0.15,-0.08,0.97,0.7199999999999989
2016-12-23,002365,51.56,50.94,51.98,50.86,17726,44014757.0,2.17,-1.16,-0.6,1.15,1.1199999999999974
2016-12-26,002365,50.94,50.24,50.94,49.16,21044,50513028.0,3.49,-1.37,-0.7,1.37,1.7800000000000011
2016-12-27,002365,50.2,50.24,50.38,49.68,17643,42559004.0,1.39,0.0,0.0,1.15,0.7000000000000028
2016-12-28,002365,50.4,51.44,52.24,50.4,33256,82739737.0,3.66,2.39,1.2,2.16,1.8400000000000034
2016-12-29,002365,51.04,51.14,51.72,50.74,16175,39898274.0,1.91,-0.58,-0.3,1.05,0.9799999999999969
2016-12-30,002365,51.14,51.94,52.74,51.04,21353,53589368.0,3.32,1.56,0.8,1.39,1.7000000000000028
2017-01-03,002365,51.84,51.94,52.54,51.56,19325,48521516.0,1.89,0.0,0.0,1.25,0.9799999999999969
2017-01-04,002365,52.14,51.88,52.4,51.48,18715,46899111.0,1.77,-0.12,-0.06,1.21,0.9200000000000017
2017-01-05,002365,52.08,50.98,52.08,50.78,23090,57078860.0,2.51,-1.73,-0.9,1.5,1.2999999999999972
2017-01-06,002365,50.76,50.54,51.24,50.08,18166,44274479.0,2.28,-0.86,-0.44,1.18,1.1600000000000037
2017-01-09,002365,50.54,51.44,51.58,50.08,19104,47067749.0,2.97,1.78,0.9,1.24,1.5
2017-01-10,002365,51.44,51.24,51.78,50.98,14400,35608268.0,1.56,-0.39,-0.2,0.93,0.8000000000000043
2017-01-11,002365,51.16,50.98,51.44,50.48,17572,43147616.0,1.87,-0.51,-0.26,1.14,0.9600000000000009
2017-01-12,002365,51.24,50.08,51.24,49.78,17358,42088763.0,2.86,-1.77,-0.9,1.13,1.4600000000000009
2017-01-13,002365,50.08,48.18,50.08,48.1,24664,58027511.0,3.95,-3.79,-1.9,1.6,1.9799999999999969
2017-01-16,002365,47.96,44.74,47.98,43.54,36975,80977706.0,9.22,-7.14,-3.44,2.4,4.439999999999998
2017-01-17,002365,44.68,45.08,45.18,43.44,22833,48496062.0,3.89,0.76,0.34,1.48,1.740000000000002
2017-01-18,002365,44.88,45.14,45.64,44.72,17509,37912183.0,2.04,0.13,0.06,1.14,0.9200000000000017
2017-01-19,002365,44.92,45.24,46.04,43.38,15845,34235554.0,5.89,0.22,0.1,1.03,2.6599999999999966
2017-01-20,002365,45.0,45.62,46.18,44.88,17028,37261218.0,2.87,0.84,0.38,1.1,1.2999999999999972
2017-01-23,002365,45.84,45.7,46.72,45.38,20079,44166564.0,2.94,0.18,0.08,1.3,1.3399999999999963
2017-01-24,002365,45.82,45.46,45.98,45.44,13188,28907773.0,1.18,-0.53,-0.24,0.86,0.5399999999999991
2017-01-25,002365,45.42,45.62,45.94,45.22,17257,37824741.0,1.58,0.35,0.16,1.12,0.7199999999999989
2017-01-26,002365,45.8,46.02,46.2,45.44,13423,29604342.0,1.67,0.88,0.4,0.87,0.7600000000000051
2017-02-03,002365,46.18,46.3,46.82,45.88,17042,37953220.0,2.04,0.61,0.28,1.11,0.9399999999999977
2017-02-06,002365,46.32,47.52,47.74,46.3,26956,61203779.0,3.11,2.63,1.22,1.75,1.4400000000000048
2017-02-07,002365,47.44,47.18,47.64,46.78,15891,36043709.0,1.81,-0.72,-0.34,1.03,0.8599999999999994
2017-02-08,002365,47.18,47.0,47.44,46.62,21620,48700443.0,1.74,-0.38,-0.18,1.4,0.8200000000000003
2017-02-09,002365,46.9,47.52,47.76,46.9,19009,43236259.0,1.83,1.11,0.52,1.23,0.8599999999999994
2017-02-10,002365,47.68,47.2,47.74,46.9,15578,35392095.0,1.77,-0.67,-0.32,1.01,0.8400000000000034
2017-02-13,002365,47.18,46.98,47.42,46.44,24328,54785717.0,2.08,-0.47,-0.22,1.58,0.980000000000004
2017-02-14,002365,46.92,46.04,47.14,45.8,25396,56533084.0,2.85,-2.0,-0.94,1.65,1.3400000000000034
2017-02-15,002365,46.04,45.64,46.84,45.56,25565,56838404.0,2.78,-0.87,-0.4,1.66,1.2800000000000011
2017-02-16,002365,45.76,45.84,46.44,45.74,17393,38442853.0,1.53,0.44,0.2,1.13,0.6999999999999957
2017-02-17,002365,46.0,46.34,46.62,45.96,20972,46679420.0,1.44,1.09,0.5,1.36,0.6599999999999966
2017-02-20,002365,46.32,45.44,46.52,45.24,29783,65090470.0,2.76,-1.94,-0.9,1.93,1.2800000000000011
2017-02-21,002365,45.52,45.84,45.84,45.26,23621,51645111.0,1.28,0.88,0.4,1.53,0.5800000000000054
2017-02-22,002365,45.84,45.54,45.94,45.34,18866,41321915.0,1.31,-0.65,-0.3,1.22,0.5999999999999943
2017-02-23,002365,45.46,46.34,46.44,45.44,30168,66677720.0,2.2,1.76,0.8,1.96,1.0
2017-02-24,002365,47.14,46.62,47.24,46.14,27825,62292680.0,2.37,0.6,0.28,1.8,1.1000000000000014
2017-02-27,002365,46.66,45.96,47.0,45.9,18161,40250813.0,2.36,-1.42,-0.66,1.18,1.1000000000000014
2017-02-28,002365,45.84,46.1,46.26,45.66,12749,28127919.0,1.31,0.3,0.14,0.83,0.6000000000000014
2017-03-01,002365,46.16,46.12,46.22,45.72,18606,41106576.0,1.08,0.04,0.02,1.21,0.5
2017-03-02,002365,46.14,46.18,46.3,45.84,15603,34561004.0,1.0,0.13,0.06,1.01,0.45999999999999375
2017-03-03,002365,46.04,45.7,46.2,45.46,17732,38924232.0,1.6,-1.04,-0.48,1.15,0.740000000000002
2017-03-06,002365,45.6,46.16,46.22,45.6,20336,44943533.0,1.36,1.01,0.46,1.32,0.6199999999999974
2017-03-07,002365,46.24,46.92,47.3,46.08,35788,80405879.0,2.64,1.65,0.76,2.32,1.2199999999999989
2017-03-08,002365,47.04,46.08,47.04,45.84,26943,59857735.0,2.56,-1.79,-0.84,1.75,1.1999999999999957
2017-03-09,002365,46.06,45.96,46.3,45.88,16185,35795712.0,0.91,-0.26,-0.12,1.05,0.4199999999999946
2017-03-10,002365,45.96,46.1,46.34,45.88,14592,32283051.0,1.0,0.3,0.14,0.95,0.46000000000000085
2017-03-13,002365,46.12,46.36,46.36,45.84,17235,38216073.0,1.13,0.56,0.26,1.12,0.519999999999996
2017-03-14,002365,46.48,46.34,46.48,46.1,13149,29193339.0,0.82,-0.04,-0.02,0.85,0.37999999999999545
2017-03-15,002365,46.34,46.14,46.34,45.98,12965,28715026.0,0.78,-0.43,-0.2,0.84,0.36000000000000654
2017-03-16,002365,46.44,46.6,46.68,46.14,20376,45551639.0,1.17,1.0,0.46,1.32,0.5399999999999991
2017-03-17,002365,46.62,49.24,50.56,46.6,89850,210498755.0,8.5,5.67,2.64,5.83,3.960000000000001
2017-03-20,002365,49.66,51.04,51.56,49.66,82702,202279596.0,3.86,3.66,1.8,5.36,1.9000000000000057
2017-03-21,002365,51.06,50.94,51.14,50.02,49934,121348919.0,2.19,-0.2,-0.1,3.24,1.1199999999999974
2017-03-22,002365,50.34,50.64,51.34,50.18,27880,68181437.0,2.28,-0.59,-0.3,1.81,1.1600000000000037
2017-03-23,002365,50.44,51.66,52.16,50.44,47016,116773979.0,3.4,2.01,1.02,3.05,1.7199999999999989
2017-03-24,002365,52.0,51.24,52.36,50.9,32198,80009890.0,2.83,-0.81,-0.42,2.09,1.4600000000000009
2017-03-27,002365,51.04,51.14,51.54,50.28,24357,59573567.0,2.46,-0.2,-0.1,1.58,1.259999999999998
2017-03-28,002365,51.14,50.52,51.2,50.24,19285,47034160.0,1.88,-1.21,-0.62,1.25,0.9600000000000009
2017-03-29,002365,50.64,48.7,50.92,47.84,59914,140167347.0,6.1,-3.6,-1.82,3.89,3.0799999999999983
2017-03-30,002365,48.66,47.14,48.66,45.84,52327,117852683.0,5.79,-3.2,-1.56,3.39,2.819999999999993
2017-03-31,002365,46.94,48.5,49.28,46.74,42318,98698842.0,5.39,2.89,1.36,2.74,2.539999999999999
2017-04-05,002365,48.54,49.28,49.78,48.26,35806,84884902.0,3.13,1.61,0.78,2.32,1.5200000000000031
2017-04-06,002365,49.3,50.04,50.2,48.94,23535,56330896.0,2.56,1.54,0.76,1.53,1.2600000000000051
2017-04-07,002365,49.96,49.24,50.44,48.9,27806,66107621.0,3.08,-1.6,-0.8,1.8,1.5399999999999991
2017-04-10,002365,49.24,48.28,50.24,47.84,32045,76149289.0,4.87,-1.95,-0.96,2.08,2.3999999999999986
2017-04-11,002365,48.28,48.86,50.02,48.22,26228,61763434.0,3.73,1.2,0.58,1.7,1.8000000000000043
2017-04-12,002365,48.46,48.34,49.24,48.16,17290,40398963.0,2.21,-1.06,-0.52,1.12,1.0800000000000054
2017-04-13,002365,48.28,48.12,48.84,47.46,19781,45861829.0,2.85,-0.46,-0.22,1.28,1.3800000000000026
2017-04-14,002365,48.12,47.2,48.58,47.04,18781,42866517.0,3.2,-1.91,-0.92,1.22,1.5399999999999991
2017-04-17,002365,47.04,47.2,48.06,46.4,16205,36883004.0,3.52,0.0,0.0,1.05,1.6600000000000037
2017-04-18,002365,47.2,46.06,47.46,45.44,28172,62463362.0,4.28,-2.42,-1.14,1.83,2.020000000000003
2017-04-19,002365,45.84,44.82,46.0,44.34,22113,47606200.0,3.6,-2.69,-1.24,1.43,1.6599999999999966
2017-04-20,002365,44.86,45.0,45.54,44.66,14701,31769141.0,1.96,0.4,0.18,0.95,0.8800000000000026
2017-04-21,002365,44.86,45.44,45.7,44.84,10852,23659676.0,1.91,0.98,0.44,0.7,0.8599999999999994
2017-04-24,002365,45.28,44.94,45.6,44.26,13978,30200537.0,2.95,-1.1,-0.5,0.91,1.3400000000000034
2017-04-25,002365,45.0,45.04,45.58,44.5,11699,25281034.0,2.4,0.22,0.1,0.76,1.0799999999999983
2017-04-26,002365,45.28,47.94,48.4,44.88,41472,94252268.0,7.82,6.44,2.9,2.69,3.519999999999996
2017-04-27,002365,47.84,47.24,47.88,46.28,28323,64075913.0,3.34,-1.46,-0.7,1.84,1.6000000000000014
2017-04-28,002365,47.24,46.8,47.84,46.54,18138,41105959.0,2.75,-0.93,-0.44,1.18,1.3000000000000043
2017-05-02,002365,46.34,48.12,48.2,46.34,31260,71646263.0,3.97,2.82,1.32,2.03,1.8599999999999994
2017-05-03,002365,47.82,48.0,48.52,47.54,24331,56236688.0,2.04,-0.25,-0.12,1.58,0.980000000000004
2017-05-04,002365,48.2,48.94,49.72,47.6,38376,90458524.0,4.42,1.96,0.94,2.49,2.1199999999999974
2017-05-05,002365,49.4,49.24,50.04,49.04,25883,61709695.0,2.04,0.61,0.3,1.68,1.0
2017-05-08,002365,49.06,47.48,49.72,47.28,27210,63562323.0,4.96,-3.57,-1.76,1.76,2.4399999999999977
2017-05-09,002365,48.38,49.04,49.14,47.44,22078,51149500.0,3.58,3.29,1.56,1.43,1.7000000000000028
2017-05-10,002365,49.04,49.06,50.36,48.74,37255,89386686.0,3.3,0.04,0.02,2.42,1.6199999999999974
2017-05-11,002365,49.14,51.08,51.72,48.76,63120,153705663.0,6.03,4.12,2.02,4.09,2.960000000000001
2017-05-12,002365,51.1,51.58,52.04,50.34,32816,81035216.0,3.33,0.98,0.5,2.13,1.6999999999999957
2017-05-15,002365,52.0,54.92,54.94,52.0,64681,169302358.0,5.7,6.48,3.34,4.19,2.9399999999999977
2017-05-16,002365,54.44,56.58,56.62,54.1,58591,157466142.0,4.59,3.02,1.66,3.8,2.519999999999996
2017-05-17,002365,56.2,55.34,57.1,55.24,39270,106165420.0,3.29,-2.19,-1.24,2.55,1.8599999999999994
2017-05-18,002365,55.28,55.04,55.7,54.24,26400,70233752.0,2.64,-0.54,-0.3,1.71,1.4600000000000009
2017-05-19,002365,54.8,57.86,58.64,54.8,54090,149025112.0,6.98,5.12,2.82,3.51,3.8400000000000034
2017-05-22,002365,57.84,57.84,58.44,56.68,27966,77779682.0,3.04,-0.03,-0.02,1.81,1.759999999999998
2017-05-23,002365,57.74,53.06,57.74,52.24,62870,164778632.0,9.51,-8.26,-4.78,4.08,5.5
2017-05-24,002365,52.64,53.84,53.84,51.68,44363,112730472.0,4.07,1.47,0.78,2.88,2.1600000000000037
2017-05-25,002365,53.64,53.6,54.8,52.66,28442,73625017.0,3.97,-0.45,-0.24,1.84,2.1400000000000006
2017-05-26,002365,53.04,55.16,55.64,53.04,26855,71224597.0,4.85,2.91,1.56,1.74,2.6000000000000014
2017-05-31,002365,56.16,56.44,58.58,55.66,39018,107725150.0,5.29,2.32,1.28,2.53,2.9200000000000017
2017-06-01,002365,56.2,57.46,58.82,55.54,45675,127930117.0,5.81,1.81,1.02,2.96,3.280000000000001
2017-06-02,002365,56.84,57.54,58.74,56.24,41786,116438933.0,4.35,0.14,0.08,2.71,2.5
2017-06-05,002365,58.2,57.54,58.32,57.24,26668,74646721.0,1.88,0.0,0.0,1.73,1.0799999999999983
2017-06-06,002365,57.3,55.64,57.64,54.84,41518,111758773.0,4.87,-3.3,-1.9,2.69,2.799999999999997
2017-06-07,002365,55.7,57.6,57.6,55.46,35621,97247640.0,3.85,3.52,1.96,2.31,2.1400000000000006
2017-06-08,002365,57.16,55.86,57.56,55.64,33613,91859302.0,3.33,-3.02,-1.74,2.18,1.9200000000000017
2017-06-09,002365,56.24,58.04,58.04,55.44,37844,103422370.0,4.65,3.9,2.18,2.45,2.6000000000000014
2017-06-12,002365,58.06,59.02,59.7,57.44,52016,147612470.0,3.89,1.69,0.98,3.37,2.260000000000005
2017-06-13,002365,59.02,59.26,59.96,57.8,31763,90352756.0,3.66,0.41,0.24,2.06,2.1600000000000037
2017-06-14,002365,59.26,57.84,60.36,57.44,34066,96364161.0,4.93,-2.4,-1.42,2.21,2.9200000000000017
2017-06-15,002365,57.86,57.28,58.64,56.8,32373,89939938.0,3.18,-0.97,-0.56,2.1,1.8400000000000034
2017-06-16,002365,57.24,58.2,58.6,56.88,25637,71725990.0,3.0,1.61,0.92,1.66,1.7199999999999989
2017-06-19,002365,58.4,60.64,60.94,58.32,54135,157034600.0,4.5,4.19,2.44,3.51,2.6199999999999974
2017-06-20,002365,60.92,61.18,61.64,60.2,41393,121963856.0,2.37,0.89,0.54,2.68,1.4399999999999977
2017-06-21,002365,61.16,60.96,61.4,59.62,33401,97673650.0,2.91,-0.36,-0.22,2.17,1.7800000000000011
2017-06-22,002365,60.28,59.38,61.74,59.38,34852,102224212.0,3.87,-2.59,-1.58,2.26,2.3599999999999994
2017-06-23,002365,59.3,62.02,62.64,59.3,51507,152929103.0,5.62,4.45,2.64,3.34,3.3400000000000034
2017-06-26,002365,62.02,63.84,64.58,61.06,57734,176734908.0,5.68,2.93,1.82,3.74,3.519999999999996
2017-06-27,002365,63.26,63.32,65.36,62.9,48202,149605199.0,3.85,-0.81,-0.52,3.13,2.460000000000001
2017-06-28,002365,63.26,63.04,64.0,62.66,30952,94968915.0,2.12,-0.44,-0.28,2.01,1.3400000000000034
2017-06-29,002365,63.06,63.34,63.74,62.3,27701,84442755.0,2.28,0.48,0.3,1.8,1.4400000000000048
2017-06-30,002365,62.92,62.56,64.28,62.28,31312,95394446.0,3.16,-1.23,-0.78,2.03,2.0
2017-07-03,002365,62.56,61.66,63.12,60.58,54532,161801221.0,4.06,-1.44,-0.9,3.54,2.539999999999999
2017-07-04,002365,61.54,65.4,65.54,60.1,81053,245389705.0,8.82,6.07,3.74,5.26,5.440000000000005
2017-07-05,002365,64.86,64.82,65.18,63.88,41184,128847792.0,1.99,-0.89,-0.58,2.67,1.3000000000000043
2017-07-06,002365,65.42,64.88,65.76,64.04,38498,120555297.0,2.65,0.09,0.06,2.5,1.7199999999999989
2017-07-07,002365,65.1,64.3,65.1,63.52,40352,125555596.0,2.44,-0.89,-0.58,2.62,1.5799999999999912
2017-07-10,002365,64.3,64.6,66.34,63.74,49260,155393641.0,4.04,0.47,0.3,3.19,2.6000000000000014
2017-07-11,002365,63.98,63.54,64.7,63.04,31486,96899418.0,2.57,-1.64,-1.06,2.04,1.6600000000000037
2017-07-12,002365,63.54,64.3,64.52,62.14,30215,91909669.0,3.75,1.2,0.76,1.96,2.3799999999999955
2017-07-13,002365,64.28,64.46,65.36,62.96,34610,107397036.0,3.73,0.25,0.16,2.24,2.3999999999999986
2017-07-14,002365,64.04,63.72,64.48,63.34,20854,64490306.0,1.77,-1.15,-0.74,1.35,1.1400000000000006
2017-07-17,002365,63.6,57.56,63.6,57.56,93857,267199709.0,9.48,-9.67,-6.16,6.09,6.039999999999999
2017-07-18,002365,56.72,58.38,58.7,56.72,44113,123276541.0,3.44,1.42,0.82,2.86,1.980000000000004
2017-07-19,002365,58.4,61.14,61.9,58.4,52541,153246861.0,6.0,4.73,2.76,3.41,3.5
2017-07-20,002365,61.0,60.72,61.88,60.44,26279,77562828.0,2.36,-0.69,-0.42,1.7,1.4400000000000048
2017-07-21,002365,61.14,61.92,62.44,60.44,37119,110668214.0,3.29,1.98,1.2,2.41,2.0
2017-07-24,002365,61.92,62.8,64.38,61.92,37015,112958987.0,3.97,1.42,0.88,2.4,2.4599999999999937
2017-07-25,002365,63.34,63.54,64.4,62.44,34585,106335925.0,3.12,1.18,0.74,2.24,1.960000000000008
2017-07-26,002365,63.08,62.9,64.0,62.44,22902,69976889.0,2.46,-1.01,-0.64,1.49,1.5600000000000023
2017-07-27,002365,62.9,61.82,63.14,60.46,50630,150609481.0,4.26,-1.72,-1.08,3.28,2.6799999999999997
2017-07-28,002365,60.44,67.14,67.8,60.44,102628,329175568.0,11.91,8.61,5.32,6.66,7.359999999999999
2017-07-31,002365,67.64,70.98,72.42,66.96,87986,297907904.0,8.13,5.72,3.84,5.71,5.460000000000008
2017-08-01,002365,71.24,69.84,72.42,69.64,66211,228109532.0,3.92,-1.61,-1.14,4.29,2.780000000000001
2017-08-02,002365,69.98,70.5,72.16,69.16,75495,259153439.0,4.3,0.95,0.66,4.9,3.0
2017-08-03,002365,69.04,75.8,76.62,68.3,80872,289779952.0,11.8,7.52,5.3,5.24,8.320000000000007
2017-08-04,002365,76.58,76.84,79.36,75.8,86965,327418224.0,4.7,1.37,1.04,5.64,3.5600000000000023
2017-08-07,002365,77.12,77.72,80.32,75.24,73616,277045536.0,6.61,1.15,0.88,4.77,5.079999999999998
2017-08-08,002365,76.56,74.54,77.24,73.36,76906,281691632.0,4.99,-4.09,-3.18,4.99,3.8799999999999955
2017-08-09,002365,74.34,74.4,75.4,73.34,37361,134945493.0,2.76,-0.19,-0.14,2.42,2.0600000000000023
2017-08-10,002365,73.4,72.74,75.04,71.6,61513,218443334.0,4.62,-2.23,-1.66,3.99,3.440000000000012
2017-08-11,002365,72.58,72.04,74.98,71.76,52537,187776673.0,4.43,-0.96,-0.7,3.41,3.219999999999999
2017-08-14,002365,72.98,76.52,76.78,72.24,65153,239213688.0,6.3,6.22,4.48,4.23,4.540000000000006
2017-08-15,002365,76.48,77.16,78.38,75.9,54274,204261880.0,3.24,0.84,0.64,3.52,2.4799999999999898
2017-08-16,002365,77.0,79.02,79.54,75.06,69880,264297985.0,5.81,2.41,1.86,4.53,4.480000000000004
2017-08-17,002365,79.78,84.54,86.0,79.76,126592,513352736.0,7.9,6.99,5.52,8.21,6.239999999999995
2017-08-18,002365,81.04,78.98,81.64,78.88,108783,424876288.0,3.26,-6.58,-5.56,7.05,2.760000000000005
2017-08-21,002365,78.22,78.96,80.54,77.56,55253,213911504.0,3.77,-0.03,-0.02,3.58,2.980000000000004
2017-08-22,002365,79.24,79.24,80.92,77.2,79722,306384096.0,4.71,0.35,0.28,5.17,3.719999999999999
2017-08-23,002365,78.34,77.66,79.44,77.48,35808,136563743.0,2.47,-1.99,-1.58,2.32,1.9599999999999937
2017-08-24,002365,78.0,76.28,78.16,75.8,40951,153216482.0,3.04,-1.78,-1.38,2.66,2.3599999999999994
2017-08-25,002365,77.06,77.48,78.44,76.12,50544,190107797.0,3.04,1.57,1.2,3.28,2.319999999999993
2017-08-28,002365,77.24,78.3,78.74,76.84,49626,188319539.0,2.45,1.06,0.82,3.22,1.8999999999999915
2017-08-29,002365,78.04,80.78,81.64,77.5,66750,260569114.0,5.29,3.17,2.48,4.33,4.140000000000001
2017-08-30,002365,81.08,80.04,81.22,79.26,44493,173550218.0,2.43,-0.92,-0.74,2.89,1.9599999999999937
2017-08-31,002365,80.06,81.26,81.8,78.84,44345,173064375.0,3.7,1.52,1.22,2.88,2.9599999999999937
2017-09-01,002365,81.26,79.96,81.54,79.66,38888,152421426.0,2.31,-1.6,-1.3,2.52,1.8800000000000097
2017-09-04,002365,79.82,77.2,79.82,76.04,103877,391548112.0,4.73,-3.45,-2.76,6.74,3.779999999999987
2017-09-05,002365,76.46,77.44,78.38,76.06,34122,128811339.0,3.01,0.31,0.24,2.21,2.319999999999993
2017-09-06,002365,77.42,77.36,78.22,76.08,28416,106786801.0,2.76,-0.1,-0.08,1.84,2.1400000000000006
2017-09-07,002365,78.1,77.48,79.4,77.34,38146,145737614.0,2.66,0.16,0.12,2.47,2.0600000000000023
2017-09-08,002365,77.8,80.62,80.7,77.48,68852,267567907.0,4.16,4.05,3.14,4.46,3.219999999999999
2017-09-11,002365,80.46,82.98,84.52,80.08,74691,303395760.0,5.51,2.93,2.36,4.84,4.439999999999998
2017-09-12,002365,82.54,82.38,84.6,81.76,63359,256936414.0,3.42,-0.72,-0.6,4.11,2.839999999999989
2017-09-13,002365,82.6,86.04,86.38,82.4,74908,310719088.0,4.83,4.44,3.66,4.86,3.9799999999999898
2017-09-14,002365,86.34,86.26,89.0,85.56,76348,324744624.0,4.0,0.26,0.22,4.95,3.4399999999999977
2017-09-15,002365,86.76,81.36,88.4,81.06,110053,453999008.0,8.51,-5.68,-4.9,7.14,7.340000000000003
2017-09-18,002365,81.62,83.18,83.52,80.28,54337,217624673.0,3.98,2.24,1.82,3.52,3.239999999999995
2017-09-19,002365,83.32,79.66,84.42,79.62,64607,256438735.0,5.77,-4.23,-3.52,4.19,4.799999999999997
2017-09-20,002365,79.66,80.68,81.44,79.64,38290,150136104.0,2.26,1.28,1.02,2.48,1.7999999999999972
2017-09-21,002365,80.86,78.48,82.02,78.1,52418,203022150.0,4.86,-2.73,-2.2,3.4,3.9200000000000017
2017-09-22,002365,78.32,79.32,79.92,77.26,43640,166840645.0,3.39,1.07,0.84,2.83,2.6599999999999966
2017-09-25,002365,79.4,80.02,80.8,78.2,36969,143577417.0,3.28,0.88,0.7,2.4,2.5999999999999943
2017-09-26,002365,80.04,79.66,80.44,79.04,24450,94828303.0,1.75,-0.45,-0.36,1.59,1.3999999999999915
2017-09-27,002365,79.9,80.22,80.66,78.64,29751,115544529.0,2.54,0.7,0.56,1.93,2.019999999999996
2017-09-28,002365,80.22,81.86,82.8,79.16,46476,184959942.0,4.54,2.04,1.64,3.01,3.6400000000000006
2017-09-29,002365,82.02,82.22,83.74,81.34,37732,152081861.0,2.93,0.44,0.36,2.45,2.3999999999999915
2017-10-09,002365,83.44,82.48,83.8,81.9,44356,179676977.0,2.31,0.32,0.26,2.88,1.8999999999999915
2017-10-10,002365,82.84,84.22,85.14,82.74,41180,169187842.0,2.91,2.11,1.74,2.67,2.4000000000000057
2017-10-11,002365,84.28,81.06,84.36,80.36,53925,215706360.0,4.75,-3.75,-3.16,3.5,4.0
2017-10-12,002365,80.62,80.38,81.98,79.44,33103,130288711.0,3.13,-0.84,-0.68,2.15,2.5400000000000063
2017-10-13,002365,79.62,78.24,80.38,77.3,71745,274063072.0,3.83,-2.66,-2.14,4.65,3.0799999999999983
2017-10-16,002365,78.1,77.64,78.76,77.04,35037,133068428.0,2.2,-0.77,-0.6,2.27,1.7199999999999989
2017-10-17,002365,77.66,77.7,78.82,77.1,25594,97120143.0,2.22,0.08,0.06,1.66,1.7199999999999989
2017-10-18,002365,77.8,75.24,78.32,75.24,46074,171960706.0,3.96,-3.17,-2.46,2.99,3.0799999999999983
2017-10-19,002365,74.84,72.84,74.84,72.64,57666,205977194.0,2.92,-3.19,-2.4,3.74,2.200000000000003
2017-10-20,002365,73.24,76.24,76.98,73.24,41793,152876679.0,5.13,4.67,3.4,2.71,3.740000000000009
2017-10-23,002365,76.24,77.86,78.44,75.66,36428,137168034.0,3.65,2.12,1.62,2.36,2.780000000000001
2017-10-24,002365,78.02,78.2,78.3,76.8,26159,98929948.0,1.93,0.44,0.34,1.7,1.5
2017-10-25,002365,75.72,75.8,77.84,73.88,58092,213699513.0,5.06,-3.07,-2.4,3.77,3.960000000000008
2017-10-26,002365,75.82,76.42,77.36,75.56,38540,143788404.0,2.37,0.82,0.62,2.5,1.7999999999999972
2017-10-27,002365,76.44,74.54,76.9,74.2,40014,145805237.0,3.53,-2.46,-1.88,2.59,2.700000000000003
2017-10-30,002365,74.02,75.54,75.82,73.68,40405,146743212.0,2.87,1.34,1.0,2.62,2.1399999999999864
2017-10-31,002365,75.44,74.24,75.44,73.86,30349,110052834.0,2.09,-1.72,-1.3,1.97,1.5799999999999983
2017-11-01,002365,74.34,71.22,74.78,70.9,78745,276382624.0,5.23,-4.07,-3.02,5.11,3.8799999999999955
2017-11-02,002365,70.24,70.06,71.82,69.54,39965,136938337.0,3.2,-1.63,-1.16,2.59,2.279999999999987
2017-11-03,002365,70.04,73.24,74.42,70.04,66062,233485977.0,6.25,4.54,3.18,4.28,4.3799999999999955
2017-11-06,002365,73.54,73.48,73.78,71.78,33289,117839039.0,2.73,0.33,0.24,2.16,2.0
2017-11-07,002365,73.2,73.54,75.04,72.84,30645,110111560.0,2.99,0.08,0.06,1.99,2.200000000000003
2017-11-08,002365,73.64,74.34,75.34,73.64,41174,149251416.0,2.31,1.09,0.8,2.67,1.7000000000000028
2017-11-09,002365,75.0,77.28,78.0,75.0,58075,217751532.0,4.04,3.95,2.94,3.77,3.0
2017-11-10,002365,77.64,77.54,78.42,76.56,49600,187031234.0,2.41,0.34,0.26,3.22,1.8599999999999994
2017-11-13,002365,78.24,81.94,83.2,77.96,98003,388894416.0,6.76,5.67,4.4,6.36,5.240000000000009
2017-11-14,002365,82.24,82.52,83.8,81.04,70783,284215840.0,3.37,0.71,0.58,4.59,2.759999999999991
2017-11-15,002365,81.84,81.84,82.24,78.54,73450,289243376.0,4.48,-0.82,-0.68,4.76,3.6999999999999886
2017-11-16,002365,81.1,80.8,83.04,80.08,58321,232144170.0,3.62,-1.27,-1.04,3.78,2.960000000000008
2017-11-17,002365,80.82,79.24,82.22,78.88,52509,205401039.0,4.13,-1.93,-1.56,3.41,3.3400000000000034
2017-11-20,002365,78.2,79.24,79.6,74.44,49307,184964537.0,6.51,0.0,0.0,3.2,5.159999999999997
2017-11-21,002365,79.24,82.76,82.78,79.0,80068,317362432.0,4.77,4.44,3.52,5.19,3.780000000000001
2017-11-22,002365,82.78,82.66,83.36,80.82,73328,294016416.0,3.07,-0.12,-0.1,4.76,2.5400000000000063
2017-11-23,002365,82.54,79.44,83.68,79.24,62294,246516271.0,5.37,-3.9,-3.22,4.04,4.440000000000012
2017-11-24,002365,78.08,76.14,79.84,76.1,40984,156063883.0,4.71,-4.15,-3.3,2.66,3.740000000000009
2017-11-27,002365,75.72,74.58,77.4,73.64,48146,176376005.0,4.94,-2.05,-1.56,3.12,3.760000000000005
2017-11-28,002365,74.08,75.28,76.02,73.84,30404,110572120.0,2.92,0.94,0.7,1.97,2.1799999999999926
2017-11-29,002365,75.54,76.44,76.82,74.68,28661,105543376.0,2.84,1.54,1.16,1.86,2.1399999999999864
2017-11-30,002365,76.32,73.9,76.4,73.72,36974,134629300.0,3.51,-3.32,-2.54,2.4,2.680000000000007
2017-12-01,002365,74.24,75.22,75.74,73.34,37756,136862659.0,3.25,1.79,1.32,2.45,2.3999999999999915
2017-12-04,002365,75.6,74.88,76.8,74.84,31258,115265612.0,2.61,-0.45,-0.34,2.03,1.9599999999999937
2017-12-05,002365,74.16,70.68,74.24,70.08,68532,237910198.0,5.56,-5.61,-4.2,4.44,4.159999999999997
2017-12-06,002365,70.46,72.02,72.02,69.74,46046,157764869.0,3.23,1.9,1.34,2.99,2.280000000000001
2017-12-07,002365,72.12,69.64,72.38,69.08,37725,129099571.0,4.58,-3.3,-2.38,2.45,3.299999999999997
2017-12-08,002365,69.74,70.54,71.22,69.68,26714,91639307.0,2.21,1.29,0.9,1.73,1.539999999999992
2017-12-11,002365,70.38,71.64,72.7,70.06,36549,127408638.0,3.74,1.56,1.1,2.37,2.6400000000000006
2017-12-12,002365,71.98,70.78,72.26,69.64,34596,118820128.0,3.66,-1.2,-0.86,2.24,2.6200000000000045
2017-12-13,002365,70.72,70.44,71.14,69.52,29498,100609156.0,2.29,-0.48,-0.34,1.91,1.6200000000000045
2017-12-14,002365,70.62,70.44,71.74,70.02,31546,108625850.0,2.44,0.0,0.0,2.05,1.7199999999999989
2017-12-15,002365,71.04,69.64,71.04,69.3,27971,95016694.0,2.47,-1.14,-0.8,1.81,1.740000000000009
2017-12-18,002365,69.7,66.18,69.94,65.2,62489,201193295.0,6.81,-4.97,-3.46,4.05,4.739999999999995
2017-12-19,002365,67.8,66.04,67.8,65.68,25474,82401416.0,3.2,-0.21,-0.14,1.65,2.1199999999999903
2017-12-20,002365,66.36,65.66,66.8,65.64,24850,79453363.0,1.76,-0.58,-0.38,1.61,1.1599999999999966
2017-12-21,002365,65.8,67.04,67.08,63.2,46157,145793156.0,5.91,2.1,1.38,2.99,3.8799999999999955
2017-12-22,002365,66.48,67.42,67.62,66.44,33292,108394987.0,1.76,0.57,0.38,2.16,1.1800000000000068
2017-12-25,002365,67.94,68.32,69.24,67.44,45507,151279641.0,2.67,1.33,0.9,2.95,1.7999999999999972
2017-12-26,002365,68.74,69.76,70.02,68.4,34644,116912090.0,2.37,2.11,1.44,2.25,1.6199999999999903
2017-12-27,002365,69.7,68.48,69.74,68.34,28398,95226622.0,2.01,-1.83,-1.28,1.84,1.3999999999999915
2017-12-28,002365,68.54,66.54,68.84,66.54,42249,137996226.0,3.36,-2.83,-1.94,2.74,2.299999999999997
2017-12-29,002365,66.34,68.22,68.38,66.28,37852,123541163.0,3.16,2.52,1.68,2.45,2.0999999999999943
2018-01-02,002365,68.4,70.74,70.82,68.08,56823,192457250.0,4.02,3.69,2.52,3.68,2.739999999999995
2018-01-03,002365,70.7,70.9,71.9,70.04,46720,161194032.0,2.63,0.23,0.16,3.03,1.8599999999999994
2018-01-04,002365,70.66,71.44,72.58,70.64,37125,129166661.0,2.74,0.76,0.54,2.41,1.9399999999999977
2018-01-05,002365,71.4,73.94,74.04,70.88,55418,196970474.0,4.42,3.5,2.5,3.59,3.160000000000011
2018-01-08,002365,73.94,73.94,74.36,72.66,39015,139672674.0,2.3,0.0,0.0,2.53,1.7000000000000028
2018-01-09,002365,74.04,73.1,74.94,72.68,33726,120164925.0,3.06,-1.14,-0.84,2.19,2.259999999999991
2018-01-10,002365,72.96,71.84,72.96,71.14,37624,131283300.0,2.49,-1.72,-1.26,2.44,1.8199999999999932
2018-01-11,002365,72.02,72.24,72.84,70.78,39639,138282836.0,2.87,0.56,0.4,2.57,2.0600000000000023
2018-01-12,002365,71.94,72.24,72.48,70.98,27998,97445150.0,2.08,0.0,0.0,1.82,1.5
2018-01-15,002365,71.64,71.6,72.94,71.06,38163,133479406.0,2.6,-0.89,-0.64,2.47,1.8799999999999955
2018-01-16,002365,71.64,68.2,71.92,67.84,59437,200800336.0,5.7,-4.75,-3.4,3.85,4.079999999999998
2018-01-17,002365,67.64,69.32,69.62,67.24,37439,124873951.0,3.49,1.64,1.12,2.43,2.3800000000000097
2018-01-18,002365,69.24,69.5,70.58,68.92,29899,101212054.0,2.39,0.26,0.18,1.94,1.6599999999999966
2018-01-19,002365,69.64,69.44,71.0,68.66,27232,92420585.0,3.37,-0.09,-0.06,1.77,2.3400000000000034
2018-01-22,002365,69.2,69.44,69.84,65.24,36049,118812770.0,6.62,0.0,0.0,2.34,4.6000000000000085
2018-01-23,002365,69.72,69.4,70.34,68.7,23511,79195697.0,2.36,-0.06,-0.04,1.52,1.6400000000000006
2018-01-24,002365,68.42,67.36,69.04,67.26,36290,119506581.0,2.56,-2.94,-2.04,2.35,1.7800000000000011
2018-01-25,002365,67.34,69.92,70.74,67.34,49893,167845748.0,5.05,3.8,2.56,3.24,3.3999999999999915
2018-01-26,002365,69.46,69.26,71.84,69.24,42287,144832304.0,3.72,-0.94,-0.66,2.74,2.6000000000000085
2018-01-29,002365,68.16,67.52,69.04,67.08,25513,84032899.0,2.83,-2.51,-1.74,1.65,1.960000000000008
2018-01-30,002365,67.96,67.5,68.3,66.76,21759,71242651.0,2.28,-0.03,-0.02,1.41,1.539999999999992
2018-01-31,002365,67.52,66.7,67.52,65.68,26244,84534697.0,2.73,-1.19,-0.8,1.7,1.8399999999999892
2018-02-01,002365,66.16,64.26,66.62,63.64,41157,129310542.0,4.47,-3.66,-2.44,2.67,2.980000000000004
2018-02-02,002365,63.58,64.56,64.92,60.52,34574,105775007.0,6.85,0.47,0.3,2.24,4.399999999999999
2018-02-05,002365,63.12,62.26,63.34,61.46,30772,92902509.0,2.91,-3.56,-2.3,2.0,1.8800000000000026
2018-02-06,002365,60.54,57.12,61.44,57.12,37222,106841418.0,6.94,-8.26,-5.14,2.41,4.32
2018-02-07,002365,58.44,56.84,58.9,55.26,34973,96690447.0,6.37,-0.49,-0.28,2.27,3.6400000000000006
2018-02-08,002365,56.4,59.16,59.94,56.4,39944,112326981.0,6.23,4.08,2.32,2.59,3.539999999999999
2018-02-09,002365,57.04,55.54,58.44,54.74,39965,108484666.0,6.25,-6.12,-3.62,2.59,3.6999999999999957
2018-02-12,002365,55.86,58.08,58.44,55.8,32809,90206328.0,4.75,4.57,2.54,2.13,2.6400000000000006
2018-02-13,002365,57.92,58.54,60.96,57.56,39589,112944083.0,5.85,0.79,0.46,2.56,3.3999999999999986
2018-02-14,002365,57.04,58.08,58.94,56.44,25155,70473801.0,4.27,-0.79,-0.46,1.58,2.5
2018-02-22,002365,58.82,59.98,60.56,57.54,26673,76640317.0,5.2,3.27,1.9,1.68,3.020000000000003
2018-02-23,002365,60.04,59.88,60.24,58.84,20059,57787566.0,2.33,-0.17,-0.1,1.26,1.3999999999999986
2018-02-26,002365,60.18,60.9,61.28,59.64,32554,95648120.0,2.74,1.7,1.02,2.04,1.6400000000000006
2018-02-27,002365,61.16,61.1,61.98,60.78,30855,91730676.0,1.97,0.33,0.2,1.94,1.1999999999999957
2018-02-28,002365,60.68,60.64,61.92,60.26,24450,72253693.0,2.72,-0.75,-0.46,1.54,1.6600000000000037
2018-03-01,002365,60.24,62.4,62.64,59.8,43179,128633485.0,4.68,2.9,1.76,2.71,2.8400000000000034
2018-03-02,002365,62.3,60.5,62.4,60.3,34938,103484296.0,3.37,-3.04,-1.9,2.19,2.1000000000000014
2018-03-05,002365,60.04,60.34,60.98,59.82,28431,82765980.0,1.92,-0.26,-0.16,1.79,1.1599999999999966
2018-03-06,002365,60.28,61.44,62.0,60.28,32457,95938563.0,2.85,1.82,1.1,2.04,1.7199999999999989
2018-03-07,002365,61.24,60.36,61.86,60.24,25632,75249648.0,2.64,-1.76,-1.08,1.61,1.6199999999999974
2018-03-08,002365,60.16,61.58,62.04,60.04,40395,119999439.0,3.31,2.02,1.22,2.54,2.0
2018-03-09,002365,61.8,62.04,63.0,61.66,52243,157279346.0,2.18,0.75,0.46,3.28,1.3400000000000034
2018-03-12,002365,62.5,62.48,63.24,61.64,48031,144951365.0,2.58,0.71,0.44,3.02,1.6000000000000014
2018-03-13,002365,62.8,61.06,62.8,61.04,30354,90342023.0,2.82,-2.27,-1.42,1.91,1.759999999999998
2018-03-14,002365,60.46,60.92,61.8,60.46,21602,64074329.0,2.19,-0.23,-0.14,1.36,1.3399999999999963
2018-03-15,002365,60.64,61.64,61.78,60.3,29333,86149577.0,2.43,1.18,0.72,1.84,1.480000000000004
2018-03-16,002365,61.72,60.9,61.94,60.84,22422,66358173.0,1.78,-1.2,-0.74,1.41,1.0999999999999943
2018-03-19,002365,60.64,59.76,60.78,59.76,27796,80724185.0,1.67,-1.87,-1.14,1.75,1.0200000000000031
2018-03-20,002365,59.16,61.24,61.42,59.16,43668,128097001.0,3.78,2.48,1.48,2.74,2.260000000000005
2018-03-21,002365,61.7,60.52,62.16,60.46,41824,123709790.0,2.78,-1.18,-0.72,2.63,1.6999999999999957
2018-03-22,002365,60.24,60.28,61.14,60.04,17584,51493378.0,1.82,-0.4,-0.24,1.1,1.1000000000000014
2018-03-23,002365,57.08,54.76,58.52,54.46,56845,153625386.0,6.74,-9.16,-5.52,3.57,4.060000000000002
2018-03-26,002365,54.12,55.68,55.92,53.92,30998,82347375.0,3.65,1.68,0.92,1.95,2.0
2018-03-27,002365,56.56,61.04,61.04,56.56,50351,140994164.0,8.05,9.63,5.36,3.16,4.479999999999997
2018-03-28,002365,61.22,61.24,64.08,61.04,77817,235059273.0,4.98,0.33,0.2,4.89,3.039999999999999
2018-03-29,002365,61.54,61.44,62.4,60.44,46301,137814821.0,3.2,0.33,0.2,2.91,1.9600000000000009
2018-03-30,002365,60.22,62.38,63.52,60.22,59321,178202888.0,5.37,1.53,0.94,3.73,3.3000000000000043
2018-04-02,002365,62.04,58.2,62.04,57.74,130711,370186240.0,6.89,-6.7,-4.18,8.21,4.299999999999997
2018-04-03,002365,57.38,56.42,57.38,56.06,54545,148500987.0,2.27,-3.06,-1.78,3.43,1.3200000000000003
2018-04-04,002365,57.02,56.56,58.0,56.36,56052,154159050.0,2.91,0.25,0.14,3.52,1.6400000000000006
2018-04-09,002365,56.22,55.94,56.84,55.3,39516,106357066.0,2.72,-1.1,-0.62,2.48,1.5400000000000063
2018-04-10,002365,56.02,56.04,56.54,55.54,42113,113546319.0,1.79,0.18,0.1,2.65,1.0
2018-04-11,002365,56.64,56.44,57.18,56.36,46745,127888355.0,1.46,0.71,0.4,2.94,0.8200000000000003
2018-04-12,002365,56.24,55.04,56.66,54.74,48412,129729320.0,3.4,-2.48,-1.4,3.04,1.9199999999999946
2018-04-13,002365,55.62,54.24,56.04,53.94,49030,129881511.0,3.82,-1.45,-0.8,3.08,2.1000000000000014
2018-04-16,002365,54.06,53.04,54.7,52.74,53061,136739872.0,3.61,-2.21,-1.2,3.33,1.9600000000000009
2018-04-17,002365,53.04,49.4,53.46,48.88,94295,229395861.0,8.63,-6.86,-3.64,5.92,4.579999999999998
2018-04-18,002365,49.6,50.44,50.44,48.8,45108,107386087.0,3.32,2.11,1.04,2.83,1.6400000000000006
2018-04-19,002365,50.22,50.8,51.54,49.86,46779,113934522.0,3.33,0.71,0.36,2.94,1.6799999999999997
2018-04-20,002365,50.44,48.56,50.88,48.46,46097,109194248.0,4.76,-4.41,-2.24,2.9,2.4200000000000017
2018-04-23,002365,48.56,49.6,49.74,48.56,36693,86508903.0,2.43,2.14,1.04,2.3,1.1799999999999997
2018-04-24,002365,49.74,50.88,51.02,49.74,46493,112873112.0,2.58,2.58,1.28,2.92,1.2800000000000011
2018-04-25,002365,50.64,50.68,50.8,50.14,28007,67896787.0,1.3,-0.39,-0.2,1.76,0.6599999999999966
2018-04-26,002365,50.56,49.24,50.78,49.24,31887,76126847.0,3.04,-2.84,-1.44,2.0,1.5399999999999991
2018-04-27,002365,50.24,53.96,53.96,50.24,68729,172631447.0,7.55,9.59,4.72,4.32,3.719999999999999
2018-05-02,002365,55.62,55.46,57.64,55.14,173989,471931552.0,4.63,2.78,1.5,10.93,2.5
2018-05-03,002365,54.44,55.14,55.2,53.62,95052,248829875.0,2.85,-0.58,-0.32,5.97,1.5800000000000054
2018-05-04,002365,54.74,54.94,56.04,54.24,69700,185428419.0,3.26,-0.36,-0.2,4.38,1.7999999999999972
2018-05-07,002365,55.56,55.92,56.86,55.52,67917,183080007.0,2.44,1.78,0.98,4.27,1.3399999999999963
2018-05-08,002365,55.64,55.54,55.92,54.44,63005,167936920.0,2.65,-0.68,-0.38,3.97,1.480000000000004
2018-05-09,002365,55.92,56.44,57.42,55.92,79564,217792541.0,2.7,1.62,0.9,5.02,1.5
2018-05-10,002365,56.64,59.04,59.14,55.94,101055,281483312.0,5.67,4.61,2.6,6.37,3.200000000000003
2018-05-11,002365,58.82,57.82,59.48,57.44,77097,216878344.0,3.46,-2.07,-1.22,4.86,2.039999999999999
2018-05-14,002365,57.98,57.02,57.98,56.08,53151,145225552.0,3.29,-1.38,-0.8,3.35,1.8999999999999986
2018-05-15,002365,56.33,56.66,56.84,55.37,60688,109048000.0,2.58,-0.63,-0.36,2.55,1.470000000000006
2018-05-16,002365,56.33,57.44,58.82,55.7,114297,211606632.0,5.51,1.38,0.78,4.8,3.1199999999999974
2018-05-17,002365,56.63,55.73,57.44,55.43,81205,145935425.0,3.5,-2.98,-1.71,3.41,2.009999999999998
2018-05-18,002365,55.4,56.15,56.72,55.16,55043,98751086.0,2.8,0.75,0.42,2.31,1.5600000000000023
2018-05-21,002365,55.64,56.33,56.78,55.07,88039,157204036.0,3.05,0.32,0.18,3.7,1.7100000000000009
2018-05-22,002365,55.88,56.69,57.02,55.79,75359,136125093.0,2.18,0.64,0.36,3.17,1.230000000000004
2018-05-23,002365,56.69,56.54,57.71,56.36,91188,166797308.0,2.38,-0.26,-0.15,3.83,1.3500000000000014
2018-05-24,002365,56.6,55.55,56.93,55.43,60959,108886112.0,2.65,-1.75,-0.99,2.56,1.5
2018-05-25,002365,55.49,53.09,55.88,52.76,103435,178515876.0,5.62,-4.43,-2.46,4.35,3.1200000000000045
2018-05-28,002365,52.88,54.98,55.04,51.08,94016,159845248.0,7.46,3.56,1.89,3.95,3.960000000000001
2018-05-29,002365,55.19,53.84,55.76,53.66,64819,113796891.0,3.82,-2.07,-1.14,2.72,2.1000000000000014
2018-05-30,002365,52.34,51.35,53.0,51.2,62736,104095233.0,3.34,-4.62,-2.49,2.64,1.7999999999999972
2018-05-31,002365,52.25,52.91,53.78,51.56,51018,85709767.0,4.32,3.04,1.56,2.14,2.219999999999999
2018-06-01,002365,52.76,53.39,53.69,52.19,50847,85908952.0,2.84,0.91,0.48,2.14,1.5
2018-06-04,002365,53.78,52.55,54.14,52.37,36925,62300855.0,3.32,-1.57,-0.84,1.55,1.7700000000000031
2018-06-05,002365,52.97,53.51,53.69,52.58,40670,69175302.0,2.11,1.83,0.96,1.71,1.1099999999999994
2018-06-06,002365,53.63,53.3,54.11,53.21,37336,63892111.0,1.68,-0.39,-0.21,1.57,0.8999999999999986
2018-06-07,002365,53.54,52.1,53.6,51.98,44025,73753362.0,3.04,-2.25,-1.2,1.85,1.6200000000000045
2018-06-08,002365,51.95,49.85,52.04,48.95,80728,128963194.0,5.93,-4.32,-2.25,3.39,3.0899999999999963
2018-06-11,002365,49.91,50.3,50.99,49.64,48088,77046436.0,2.71,0.9,0.45,2.02,1.3500000000000014
2018-06-12,002365,50.24,50.66,50.84,49.79,35108,56465203.0,2.09,0.72,0.36,1.48,1.0500000000000043
2018-06-13,002365,50.75,49.28,50.75,49.1,32189,51201601.0,3.26,-2.72,-1.38,1.35,1.6499999999999986
2018-06-14,002365,48.74,49.1,49.67,48.74,28529,44591423.0,1.89,-0.37,-0.18,1.2,0.9299999999999997
2018-06-15,002365,49.01,46.67,49.25,46.4,61879,93113196.0,5.8,-4.95,-2.43,2.6,2.8500000000000014
2018-06-19,002365,45.29,42.74,46.28,42.23,63410,88882072.0,8.68,-8.42,-3.93,2.67,4.050000000000004
2018-06-20,002365,42.77,43.28,43.79,42.5,42552,58173509.0,3.02,1.26,0.54,1.79,1.2899999999999991
2018-06-21,002365,43.49,43.76,45.05,43.01,61085,85251324.0,4.71,1.11,0.48,2.57,2.039999999999999
2018-06-22,002365,43.64,44.12,44.66,42.74,49536,68965129.0,4.39,0.82,0.36,2.08,1.9199999999999946
2018-06-25,002365,44.42,44.03,44.93,43.97,41815,58868762.0,2.18,-0.2,-0.09,1.76,0.9600000000000009
2018-06-26,002365,43.58,45.08,45.32,42.74,48780,68690977.0,5.86,2.38,1.05,2.05,2.5799999999999983
2018-06-27,002365,45.05,44.33,45.41,44.06,38464,54303950.0,2.99,-1.66,-0.75,1.62,1.3499999999999943
2018-06-28,002365,43.91,43.64,44.69,43.46,29962,41893641.0,2.77,-1.56,-0.69,1.26,1.2299999999999969
2018-06-29,002365,43.46,45.35,45.56,43.43,46619,66064080.0,4.88,3.92,1.71,1.96,2.1300000000000026
2018-07-02,002365,45.29,44.66,46.04,44.24,41217,58650326.0,3.97,-1.52,-0.69,1.73,1.7999999999999972
2018-07-03,002365,44.54,45.2,45.38,44.33,35786,50935366.0,2.35,1.21,0.54,1.5,1.0500000000000043
2018-07-04,002365,45.14,44.03,45.14,43.94,35300,49550512.0,2.65,-2.59,-1.17,1.48,1.2000000000000028
2018-07-05,002365,43.79,42.41,44.39,42.26,39473,53864642.0,4.84,-3.68,-1.62,1.66,2.1300000000000026
2018-07-06,002365,42.56,41.6,43.04,38.39,74073,97372247.0,10.96,-1.91,-0.81,3.11,4.649999999999999
2018-07-09,002365,41.84,45.53,45.53,41.81,104592,147316145.0,8.94,9.45,3.93,4.4,3.719999999999999
2018-07-10,002365,45.83,45.98,46.25,45.26,97083,141241288.0,2.17,0.99,0.45,4.08,0.990000000000002
2018-07-11,002365,44.9,47.45,48.56,44.3,128459,188328810.0,9.26,3.2,1.47,5.4,4.260000000000005
2018-07-12,002365,47.0,47.87,48.35,46.76,111968,169666174.0,3.35,0.89,0.42,4.71,1.5900000000000034
2018-07-13,002365,47.9,48.35,49.85,47.39,110032,170712378.0,5.14,1.0,0.48,4.62,2.460000000000001
2018-07-16,002365,47.84,48.44,49.25,47.57,57551,88742802.0,3.47,0.19,0.09,2.42,1.6799999999999997
2018-07-17,002365,48.14,47.96,48.59,47.39,53204,80729993.0,2.48,-0.99,-0.48,2.24,1.2000000000000028
2018-07-18,002365,47.93,48.83,50.06,47.93,104718,163548721.0,4.44,1.81,0.87,4.4,2.1300000000000026
2018-07-19,002365,48.83,47.84,49.58,47.51,69758,107091710.0,4.24,-2.03,-0.99,2.93,2.0700000000000003
2018-07-20,002365,47.57,48.53,49.01,47.57,71622,110311775.0,3.01,1.44,0.69,3.01,1.4399999999999977
2018-07-23,002365,46.97,47.12,47.72,46.1,109658,163462071.0,3.34,-2.91,-1.41,4.61,1.6199999999999974
2018-07-24,002365,47.33,48.8,49.22,46.76,83943,128082906.0,5.22,3.57,1.68,3.53,2.460000000000001
2018-07-25,002365,48.8,48.41,49.1,48.05,59836,92191362.0,2.15,-0.8,-0.39,2.51,1.0500000000000043
2018-07-26,002365,49.34,49.64,52.88,49.34,148121,238718245.0,7.31,2.54,1.23,6.23,3.539999999999999
2018-07-27,002365,49.94,52.88,53.3,49.22,176716,291524272.0,8.22,6.53,3.24,7.43,4.079999999999998
2018-07-30,002365,52.55,51.44,53.12,50.96,129448,213910805.0,4.08,-2.72,-1.44,5.44,2.1599999999999966
2018-07-31,002365,50.96,51.71,53.18,50.96,116341,193594318.0,4.32,0.52,0.27,4.89,2.219999999999999
2018-08-01,002365,51.65,50.18,52.28,50.06,88196,143132107.0,4.29,-2.96,-1.53,3.71,2.219999999999999
2018-08-02,002365,49.7,48.05,50.06,46.64,111603,170976945.0,6.82,-4.24,-2.13,4.69,3.4200000000000017
2018-08-03,002365,48.26,46.79,48.92,46.79,62859,95593521.0,4.43,-2.62,-1.26,2.64,2.1300000000000026
2018-08-06,002365,46.22,46.82,47.75,45.11,59154,87172111.0,5.64,0.06,0.03,2.49,2.6400000000000006
2018-08-07,002365,46.79,48.47,48.68,45.74,72319,109241521.0,6.28,3.52,1.65,3.04,2.9399999999999977
2018-08-08,002365,48.29,47.39,49.01,46.97,60049,91638039.0,4.21,-2.23,-1.08,2.52,2.039999999999999
2018-08-09,002365,47.09,49.49,49.94,46.97,82213,128118250.0,6.27,4.43,2.1,3.46,2.969999999999999
2018-08-10,002365,49.34,49.91,51.08,49.1,68358,108811858.0,4.0,0.85,0.42,2.87,1.9799999999999969
2018-08-13,002365,49.07,50.81,50.96,48.8,63520,100903145.0,4.33,1.8,0.9,2.67,2.1600000000000037
2018-08-14,002365,50.54,51.02,51.68,50.12,62625,101508111.0,3.07,0.41,0.21,2.63,1.5600000000000023
2018-08-15,002365,50.93,48.95,51.26,48.86,60481,95857644.0,4.7,-4.06,-2.07,2.54,2.3999999999999986
2018-08-16,002365,48.23,48.62,49.79,47.81,56120,87415055.0,4.04,-0.67,-0.33,2.36,1.9799999999999969
2018-08-17,002365,49.25,47.54,49.85,47.03,58759,90633112.0,5.8,-2.22,-1.08,2.47,2.8200000000000003
2018-08-20,002365,47.42,48.02,48.26,46.28,46066,69389213.0,4.16,1.01,0.48,1.94,1.9799999999999969
2018-08-21,002365,46.37,46.13,46.91,43.73,129141,186763486.0,6.62,-3.94,-1.89,5.43,3.1799999999999997
2018-08-22,002365,45.71,43.76,46.04,43.76,75923,107297697.0,4.94,-5.14,-2.37,3.19,2.280000000000001
2018-08-23,002365,43.82,43.91,44.39,43.22,38020,52830886.0,2.67,0.34,0.15,1.6,1.1700000000000017
2018-08-24,002365,44.09,43.85,44.21,43.43,25725,35674379.0,1.78,-0.14,-0.06,1.08,0.7800000000000011
2018-08-27,002365,43.79,44.81,45.02,43.55,48062,67476972.0,3.35,2.19,0.96,2.02,1.470000000000006
2018-08-28,002365,44.84,44.36,45.29,44.24,38150,53896748.0,2.34,-1.0,-0.45,1.6,1.0499999999999972
2018-08-29,002365,44.51,43.76,44.72,43.55,29459,41025869.0,2.64,-1.35,-0.6,1.24,1.1700000000000017
2018-08-30,002365,43.58,42.77,44.0,42.32,39354,53498759.0,3.84,-2.26,-0.99,1.65,1.6799999999999997
2018-08-31,002365,42.41,42.29,42.86,41.72,29453,39285525.0,2.67,-1.12,-0.48,1.24,1.1400000000000006
2018-09-03,002365,42.2,41.42,42.35,40.91,37336,48624456.0,3.41,-2.06,-0.87,1.57,1.4400000000000048
2018-09-04,002365,41.48,42.23,42.35,41.27,34771,45927557.0,2.61,1.96,0.81,1.46,1.0799999999999983
2018-09-05,002365,42.05,41.15,42.68,41.12,39161,51764375.0,3.69,-2.56,-1.08,1.65,1.5600000000000023
2018-09-06,002365,41.03,40.91,41.66,40.52,31872,41279086.0,2.77,-0.58,-0.24,1.34,1.1399999999999935
2018-09-07,002365,40.82,41.0,41.9,40.64,30754,40051283.0,3.08,0.22,0.09,1.29,1.259999999999998
2018-09-10,002365,40.82,39.44,41.12,39.23,38726,48670634.0,4.61,-3.8,-1.56,1.63,1.8900000000000006
2018-09-11,002365,39.47,40.16,40.49,39.44,31046,39051228.0,2.66,1.83,0.72,1.3,1.0500000000000043
2018-09-12,002365,39.98,40.37,40.76,39.74,25989,33021114.0,2.54,0.52,0.21,1.09,1.019999999999996
2018-09-13,002365,41.0,40.49,41.18,39.71,30835,39089276.0,3.64,0.3,0.12,1.3,1.4699999999999989
2018-09-14,002365,40.64,39.77,40.76,39.68,21846,27591837.0,2.67,-1.78,-0.72,0.92,1.0799999999999983
2018-09-17,002365,39.77,38.84,39.83,38.69,19064,23396897.0,2.87,-2.34,-0.93,0.8,1.1400000000000006
2018-09-18,002365,38.6,39.92,39.98,38.6,25732,31911390.0,3.55,2.78,1.08,1.08,1.3799999999999955
2018-09-19,002365,39.98,40.4,40.91,39.62,30203,38449434.0,3.23,1.2,0.48,1.27,1.2899999999999991
2018-09-20,002365,40.4,40.31,40.76,40.1,24205,30740194.0,1.63,-0.22,-0.09,1.02,0.6599999999999966
2018-09-21,002365,40.34,40.88,41.0,40.1,31010,39705042.0,2.23,1.41,0.57,1.3,0.8999999999999986
2018-09-25,002365,40.73,40.64,40.76,40.34,18108,23128655.0,1.03,-0.59,-0.24,0.76,0.4199999999999946
2018-09-26,002365,41.06,41.42,42.32,40.91,52231,68892737.0,3.47,1.92,0.78,2.2,1.4100000000000037
2018-09-27,002365,41.18,41.78,42.26,41.18,45203,59682644.0,2.61,0.87,0.36,1.9,1.0799999999999983
2018-09-28,002365,41.84,42.11,42.17,41.48,30218,39998735.0,1.65,0.79,0.33,1.27,0.6900000000000048
2018-10-08,002365,41.42,40.34,41.45,40.19,35041,45192053.0,2.99,-4.2,-1.77,1.47,1.2600000000000051
2018-10-09,002365,40.4,41.18,41.36,40.4,25653,33137499.0,2.38,2.08,0.84,1.08,0.9600000000000009
2018-10-10,002365,41.3,40.79,41.48,40.34,22853,29396377.0,2.77,-0.95,-0.39,0.96,1.1399999999999935
2018-10-11,002365,39.59,37.82,40.28,37.28,52825,64397911.0,7.35,-7.28,-2.97,2.22,3.0
2018-10-12,002365,37.46,37.73,38.3,35.57,49231,57136087.0,7.22,-0.24,-0.09,2.07,2.729999999999997
2018-10-15,002365,37.97,36.32,38.12,36.23,30575,35667467.0,5.01,-3.74,-1.41,1.29,1.8900000000000006
2018-10-16,002365,36.32,34.82,36.83,34.4,43318,48273654.0,6.69,-4.13,-1.5,1.82,2.4299999999999997
2018-10-17,002365,35.54,35.45,35.78,34.31,34809,38319997.0,4.22,1.81,0.63,1.46,1.4699999999999989
2018-10-18,002365,35.51,35.57,36.56,34.91,39551,44223586.0,4.65,0.34,0.12,1.66,1.6500000000000057
2018-10-19,002365,34.94,36.65,36.89,34.79,37645,42462386.0,5.9,3.04,1.08,1.58,2.1000000000000014
2018-10-22,002365,36.59,38.27,38.84,36.26,76533,90325938.0,7.04,4.42,1.62,3.22,2.5800000000000054
2018-10-23,002365,37.94,36.92,38.48,36.71,51622,60688419.0,4.63,-3.53,-1.35,2.17,1.769999999999996
2018-10-24,002365,36.83,36.14,37.04,35.84,39286,44690082.0,3.25,-2.11,-0.78,1.65,1.1999999999999957
2018-10-25,002365,34.94,35.39,35.69,34.43,37133,40594838.0,3.49,-2.08,-0.75,1.56,1.259999999999998
2018-10-26,002365,35.99,35.39,36.05,35.3,26553,29519692.0,2.12,0.0,0.0,1.12,0.75
2018-10-29,002365,35.33,34.88,35.78,34.76,24353,26810096.0,2.88,-1.44,-0.51,1.02,1.0200000000000031
2018-10-30,002365,34.79,35.03,35.39,33.68,36470,39243504.0,4.9,0.43,0.15,1.53,1.7100000000000009
2018-10-31,002365,35.0,35.87,35.96,34.91,32740,36469024.0,3.0,2.4,0.84,1.38,1.0500000000000043
2018-11-01,002365,35.87,35.66,36.56,35.6,43858,49460730.0,2.68,-0.59,-0.21,1.84,0.9600000000000009
2018-11-02,002365,36.29,37.04,37.22,35.63,73923,83970906.0,4.46,3.87,1.38,3.11,1.5899999999999963
2018-11-05,002365,36.89,36.74,37.64,36.32,58054,66987448.0,3.56,-0.81,-0.3,2.44,1.3200000000000003
2018-11-06,002365,36.65,36.74,36.86,35.99,32657,37163733.0,2.37,0.0,0.0,1.37,0.8699999999999974
2018-11-07,002365,36.77,36.11,37.04,36.05,42872,49096450.0,2.69,-1.71,-0.63,1.8,0.990000000000002
2018-11-08,002365,36.38,36.41,36.8,36.23,41654,47662964.0,1.58,0.83,0.3,1.75,0.5700000000000003
2018-11-09,002365,36.59,37.19,38.09,36.47,80682,94456693.0,4.45,2.14,0.78,3.39,1.6200000000000045
2018-11-12,002365,37.01,38.15,38.15,36.68,63407,74387259.0,3.95,2.58,0.96,2.67,1.4699999999999989
2018-11-13,002365,37.67,38.18,38.69,37.4,77159,92204280.0,3.38,0.08,0.03,3.24,1.2899999999999991
2018-11-14,002365,38.12,38.18,38.9,37.79,66813,80753600.0,2.91,0.0,0.0,2.81,1.1099999999999994
2018-11-15,002365,38.12,38.81,38.84,37.88,59607,72270680.0,2.51,1.65,0.63,2.51,0.9600000000000009
2018-11-16,002365,38.87,38.93,39.56,38.75,58771,72216921.0,2.09,0.31,0.12,2.47,0.8100000000000023
2018-11-19,002365,38.66,39.17,39.23,37.97,59707,72369621.0,3.24,0.62,0.24,2.51,1.259999999999998
2018-11-20,002365,38.84,37.55,39.17,37.28,62473,74889082.0,4.83,-4.14,-1.62,2.63,1.8900000000000006
2018-11-21,002365,37.07,38.36,38.39,37.04,46314,54908880.0,3.6,2.16,0.81,1.95,1.3500000000000014
2018-11-22,002365,38.54,39.17,39.56,38.39,61900,75806331.0,3.05,2.11,0.81,2.6,1.1700000000000017
2018-11-23,002365,39.29,37.13,39.29,37.04,68375,81380900.0,5.74,-5.21,-2.04,2.87,2.25
2018-11-26,002365,36.98,37.28,37.85,36.92,28785,33739950.0,2.5,0.4,0.15,1.21,0.9299999999999997
2018-11-27,002365,37.58,36.65,37.82,36.17,37011,42895567.0,4.43,-1.69,-0.63,1.56,1.6499999999999986
2018-11-28,002365,36.53,38.27,38.36,35.69,71915,84353096.0,7.29,4.42,1.62,3.02,2.6700000000000017
2018-11-29,002365,38.3,36.56,38.39,36.56,56839,67068679.0,4.78,-4.47,-1.71,2.39,1.8299999999999983
2018-11-30,002365,36.65,36.83,37.04,35.9,35896,41022641.0,3.12,0.74,0.27,1.51,1.1400000000000006
2018-12-03,002365,38.21,37.82,38.54,37.58,57758,68785396.0,2.61,2.69,0.99,2.43,0.9600000000000009
2018-12-04,002365,37.73,39.11,39.23,37.67,87637,106752126.0,4.12,3.41,1.29,3.68,1.5599999999999952
2018-12-05,002365,38.39,38.72,39.05,38.27,57810,70195892.0,1.99,-1.0,-0.39,2.43,0.779999999999994
2018-12-06,002365,38.51,38.27,39.62,38.03,72267,88078760.0,4.11,-1.16,-0.45,3.04,1.5899999999999963
2018-12-07,002365,38.84,37.22,38.9,37.04,66005,77465977.0,4.86,-2.74,-1.05,2.77,1.8599999999999994
2018-12-10,002365,36.74,36.05,36.74,35.24,46005,52047696.0,4.03,-3.14,-1.17,1.93,1.5
2018-12-11,002365,36.08,36.11,36.5,35.84,25346,28620975.0,1.83,0.17,0.06,1.07,0.6599999999999966
2018-12-12,002365,36.32,36.26,36.44,35.93,19702,22285773.0,1.41,0.42,0.15,0.83,0.509999999999998
2018-12-13,002365,36.44,36.41,36.83,35.9,31714,36194997.0,2.56,0.41,0.15,1.33,0.9299999999999997
2018-12-14,002365,36.35,35.12,36.35,34.94,48217,53502455.0,3.87,-3.54,-1.29,2.03,1.4100000000000037
2018-12-17,002365,34.91,34.67,35.0,34.31,28634,30835729.0,1.96,-1.28,-0.45,1.2,0.6899999999999977
2018-12-18,002365,34.37,34.79,34.85,34.25,18713,20201210.0,1.73,0.35,0.12,0.79,0.6000000000000014
2018-12-19,002365,34.7,34.4,34.82,34.16,17648,18943042.0,1.9,-1.12,-0.39,0.74,0.6600000000000037
2018-12-20,002365,34.34,34.4,34.64,34.19,15624,16757514.0,1.31,0.0,0.0,0.66,0.45000000000000284
2018-12-21,002365,34.28,34.04,34.46,33.74,19294,20422849.0,2.09,-1.05,-0.36,0.81,0.7199999999999989
2018-12-24,002365,33.86,34.7,34.73,33.83,16342,17568554.0,2.64,1.94,0.66,0.69,0.8999999999999986
2018-12-25,002365,34.34,34.67,34.85,33.8,24099,25701624.0,3.03,-0.09,-0.03,1.01,1.0500000000000043
2018-12-26,002365,34.67,34.16,34.88,34.1,14969,16073097.0,2.25,-1.47,-0.51,0.63,0.7800000000000011
2018-12-27,002365,34.7,33.8,34.94,33.8,18823,20137851.0,3.34,-1.05,-0.36,0.79,1.1400000000000006
2018-12-28,002365,34.04,33.56,34.13,32.39,22433,23382371.0,5.15,-0.71,-0.24,0.94,1.740000000000002
2019-01-02,002365,33.62,32.96,33.8,32.75,19387,19983959.0,3.13,-1.79,-0.6,0.81,1.0499999999999972
2019-01-03,002365,33.02,32.33,33.32,32.27,21616,22052147.0,3.19,-1.91,-0.63,0.91,1.0499999999999972
2019-01-04,002365,32.18,33.2,33.2,31.67,36648,37012320.0,4.73,2.69,0.87,1.54,1.5300000000000011
2019-01-07,002365,33.26,33.62,33.62,33.11,27152,28135774.0,1.54,1.27,0.42,1.14,0.509999999999998
2019-01-08,002365,33.59,33.17,33.59,33.14,24390,25246267.0,1.34,-1.34,-0.45,1.03,0.45000000000000284
2019-01-09,002365,33.17,33.17,33.74,32.96,33295,34572581.0,2.35,0.0,0.0,1.4,0.7800000000000011
2019-01-10,002365,33.17,33.14,33.65,33.02,23865,24722759.0,1.9,-0.09,-0.03,1.0,0.6299999999999955
2019-01-11,002365,33.29,33.23,33.29,32.72,22529,23079935.0,1.72,0.27,0.09,0.95,0.5700000000000003
2019-01-14,002365,33.17,32.63,33.17,32.45,19234,19602793.0,2.17,-1.81,-0.6,0.81,0.7199999999999989
2019-01-15,002365,32.69,33.32,33.44,32.63,23827,24500820.0,2.48,2.11,0.69,1.0,0.8099999999999952
2019-01-16,002365,33.29,33.29,33.65,33.17,19118,19845426.0,1.44,-0.09,-0.03,0.8,0.4799999999999969
2019-01-17,002365,33.29,32.96,33.47,32.84,18597,19144658.0,1.89,-0.99,-0.33,0.78,0.6299999999999955
2019-01-18,002365,32.99,34.13,34.19,32.99,45319,47326305.0,3.64,3.55,1.17,1.9,1.1999999999999957
2019-01-21,002365,34.28,34.76,35.51,33.89,58422,63424273.0,4.75,1.85,0.63,2.46,1.6199999999999974
2019-01-22,002365,34.94,34.22,34.94,34.01,28805,30806172.0,2.68,-1.55,-0.54,1.21,0.9299999999999997
2019-01-23,002365,34.04,33.92,34.19,33.53,22910,24088931.0,1.93,-0.88,-0.3,0.96,0.6599999999999966
2019-01-24,002365,33.98,33.8,34.04,33.41,23340,24493943.0,1.86,-0.35,-0.12,0.98,0.6300000000000026
2019-01-25,002365,33.62,33.5,34.07,33.5,25689,26966931.0,1.69,-0.89,-0.3,1.08,0.5700000000000003
2019-01-28,002365,33.59,32.69,33.74,32.69,26650,27454976.0,3.13,-2.42,-0.81,1.12,1.0500000000000043
2019-01-29,002365,32.69,32.9,33.17,32.18,25109,25492113.0,3.03,0.64,0.21,1.06,0.990000000000002
2019-01-30,002365,32.84,32.48,32.9,32.39,16498,16700137.0,1.55,-1.28,-0.42,0.69,0.509999999999998
2019-01-31,002365,32.45,31.85,32.81,31.85,30795,30780202.0,2.96,-1.94,-0.63,1.29,0.9600000000000009
2019-02-01,002365,32.09,33.17,33.5,31.82,33686,34365775.0,5.27,4.14,1.32,1.42,1.6799999999999997
2019-02-11,002365,32.69,33.92,33.98,32.66,48917,50966842.0,3.98,2.26,0.75,2.06,1.3200000000000003
2019-02-12,002365,33.32,33.2,34.46,33.17,96434,101126968.0,3.8,-2.12,-0.72,3.98,1.2899999999999991
2019-02-13,002365,33.59,33.92,34.01,33.29,84181,88064965.0,2.17,2.17,0.72,3.48,0.7199999999999989
2019-02-14,002365,33.8,34.1,34.16,33.47,63768,66988737.0,2.03,0.53,0.18,2.63,0.6899999999999977
2019-02-15,002365,33.92,33.77,34.31,33.68,50899,53851868.0,1.85,-0.97,-0.33,2.1,0.6300000000000026
2019-02-18,002365,33.98,34.82,34.94,33.89,70108,75452201.0,3.11,3.11,1.05,2.89,1.0499999999999972
2019-02-19,002365,34.94,34.79,35.51,34.37,64266,69938595.0,3.27,-0.09,-0.03,2.65,1.1400000000000006
2019-02-20,002365,35.03,34.4,35.03,33.98,56202,60166897.0,3.02,-1.12,-0.39,2.32,1.0500000000000043
2019-02-21,002365,34.4,34.25,34.73,34.1,56830,60893973.0,1.83,-0.44,-0.15,2.35,0.6299999999999955
2019-02-22,002365,34.43,34.94,34.97,34.13,63883,68913980.0,2.45,2.01,0.69,2.64,0.8399999999999963
2019-02-25,002365,35.24,36.62,36.83,35.09,118982,133489889.0,4.98,4.81,1.68,4.91,1.7399999999999949
2019-02-26,002365,36.44,37.01,38.18,35.78,151024,176478151.0,6.55,1.06,0.39,6.24,2.3999999999999986
2019-02-27,002365,36.68,37.55,38.15,36.5,107065,126210409.0,4.46,1.46,0.54,4.42,1.6499999999999986
2019-02-28,002365,37.85,38.12,38.18,36.95,97907,115947627.0,3.28,1.52,0.57,4.04,1.2299999999999969
2019-03-01,002365,38.03,38.18,38.6,37.64,74569,89094292.0,2.52,0.16,0.06,3.08,0.9600000000000009
2019-03-04,002365,38.39,38.24,38.99,37.91,130542,157244579.0,2.83,0.16,0.06,5.39,1.0800000000000054
2019-03-05,002365,38.03,38.27,38.3,37.49,95806,113784488.0,2.12,0.08,0.03,3.96,0.8099999999999952
2019-03-06,002365,38.6,38.72,38.96,38.03,114999,138893865.0,2.43,1.18,0.45,4.75,0.9299999999999997
2019-03-07,002365,38.48,40.7,42.2,38.06,205036,255021933.0,10.69,5.11,1.98,8.47,4.140000000000001
2019-03-08,002365,39.68,38.51,40.19,38.42,138160,170240780.0,4.35,-5.38,-2.19,5.7,1.769999999999996
2019-03-11,002365,38.54,39.86,39.92,38.54,94105,116687283.0,3.58,3.51,1.35,3.89,1.3800000000000026
2019-03-12,002365,39.89,39.83,40.76,39.29,124943,157370247.0,3.69,-0.08,-0.03,5.16,1.4699999999999989
2019-03-13,002365,39.92,39.08,39.92,38.84,84871,104946104.0,2.71,-1.88,-0.75,3.5,1.0799999999999983
2019-03-14,002365,38.96,37.88,39.29,37.55,75042,90000874.0,4.45,-3.07,-1.2,3.1,1.740000000000002
2019-03-15,002365,38.18,38.24,38.6,37.82,63148,75769336.0,2.06,0.95,0.36,2.61,0.7800000000000011
2019-03-18,002365,38.24,39.74,39.8,37.94,95416,117317595.0,4.86,3.92,1.5,3.94,1.8599999999999994
2019-03-19,002365,39.5,40.1,40.49,39.41,92595,116002814.0,2.72,0.91,0.36,3.82,1.0800000000000054
2019-03-20,002365,40.01,41.3,41.39,39.8,156553,200564488.0,3.97,2.99,1.2,6.46,1.5900000000000034
2019-03-21,002365,41.27,40.97,41.96,40.79,121248,157777717.0,2.83,-0.8,-0.33,5.01,1.1700000000000017
2019-03-22,002365,40.85,40.85,40.94,39.95,79454,101148725.0,2.42,-0.29,-0.12,3.28,0.9899999999999949
2019-03-25,002365,39.98,40.04,40.7,39.92,54235,68751111.0,1.91,-1.98,-0.81,2.24,0.7800000000000011
2019-03-26,002365,40.19,38.69,40.61,38.42,72401,89896310.0,5.47,-3.37,-1.35,2.99,2.1899999999999977
2019-03-27,002365,38.9,39.32,39.44,38.63,52409,64376000.0,2.09,1.63,0.63,2.16,0.8099999999999952
2019-03-28,002365,36.47,36.71,37.4,36.47,151232,174801299.0,2.37,-6.64,-2.61,6.24,0.9299999999999997
2019-03-29,002365,36.44,36.86,36.98,35.87,119529,136342633.0,3.02,0.41,0.15,4.94,1.1099999999999994
2019-04-01,002365,36.98,38.21,38.48,36.71,123427,145458911.0,4.8,3.66,1.35,5.1,1.769999999999996
2019-04-02,002365,38.15,40.1,41.18,37.97,178094,221984665.0,8.4,4.95,1.89,7.35,3.210000000000001
2019-04-03,002365,40.25,40.13,40.46,39.71,108016,136197286.0,1.87,0.07,0.03,4.46,0.75
2019-04-04,002365,40.25,40.88,41.3,39.95,137546,176402066.0,3.36,1.87,0.75,5.68,1.3499999999999943
2019-04-08,002365,41.54,43.64,44.48,41.54,266006,362012976.0,7.19,6.75,2.76,10.98,2.9399999999999977
2019-04-09,002365,43.34,42.47,43.34,42.08,134107,181121698.0,2.89,-2.68,-1.17,5.54,1.2600000000000051
2019-04-10,002365,41.9,42.14,44.12,41.78,158551,216420206.0,5.51,-0.78,-0.33,6.55,2.3399999999999963
2019-04-11,002365,41.99,40.28,41.99,40.22,146368,188406105.0,4.2,-4.41,-1.86,6.04,1.7700000000000031
2019-04-12,002365,40.07,39.17,40.58,38.84,91556,113653575.0,4.32,-2.76,-1.11,3.78,1.7399999999999949
2019-04-15,002365,40.61,38.87,40.61,38.72,90284,113167681.0,4.83,-0.77,-0.3,3.73,1.8900000000000006
2019-04-16,002365,38.9,40.28,40.34,38.3,89883,110970103.0,5.25,3.63,1.41,3.71,2.0400000000000063
2019-04-17,002365,40.19,40.28,40.58,39.59,71017,89581379.0,2.46,0.0,0.0,2.93,0.9899999999999949
2019-04-18,002365,40.16,39.74,40.22,39.65,49390,61889842.0,1.42,-1.34,-0.54,2.04,0.5700000000000003
2019-04-19,002365,39.92,39.86,39.98,38.96,52368,64973391.0,2.57,0.3,0.12,2.16,1.019999999999996
2019-04-22,002365,39.86,39.29,39.86,39.23,41392,51418196.0,1.58,-1.43,-0.57,1.71,0.6300000000000026
2019-04-23,002365,39.05,38.18,39.05,37.94,62711,75547770.0,2.83,-2.83,-1.11,2.59,1.1099999999999994
2019-04-24,002365,38.24,38.45,38.45,37.85,46256,55426421.0,1.57,0.71,0.27,1.91,0.6000000000000014
2019-04-25,002365,38.33,36.83,38.45,36.8,64357,75795689.0,4.29,-4.21,-1.62,2.66,1.6500000000000057
2019-04-26,002365,36.83,37.04,37.49,36.8,41124,47855184.0,1.87,0.57,0.21,1.7,0.6900000000000048
2019-04-29,002365,36.98,36.5,37.64,36.29,47596,55151125.0,3.64,-1.46,-0.54,1.97,1.3500000000000014
2019-04-30,002365,36.62,37.19,37.25,36.59,29698,34382932.0,1.81,1.89,0.69,1.23,0.6599999999999966
2019-05-06,002365,35.54,35.0,36.59,34.94,63793,70432270.0,4.44,-5.89,-2.19,2.63,1.6500000000000057
2019-05-07,002365,35.09,35.45,35.75,35.03,30224,33335765.0,2.06,1.29,0.45,1.25,0.7199999999999989
2019-05-08,002365,34.64,34.79,35.24,34.22,30737,33396935.0,2.88,-1.86,-0.66,1.27,1.0200000000000031
2019-05-09,002365,34.79,34.55,35.06,34.46,22225,24044086.0,1.72,-0.69,-0.24,0.92,0.6000000000000014
2019-05-10,002365,34.67,35.45,35.54,34.28,34829,38146672.0,3.65,2.6,0.9,1.44,1.259999999999998
2019-05-13,002365,35.09,34.85,35.27,34.79,22452,24487309.0,1.35,-1.69,-0.6,0.93,0.480000000000004
2019-05-14,002365,34.4,34.4,34.91,34.22,23290,25089167.0,1.98,-1.29,-0.45,0.96,0.6899999999999977
2019-05-15,002365,34.64,34.97,35.09,34.52,21585,23454717.0,1.66,1.66,0.57,0.89,0.5700000000000003
2019-05-16,002365,34.82,35.42,35.45,34.76,29249,32209466.0,1.97,1.29,0.45,1.21,0.6900000000000048
2019-05-17,002365,35.45,33.62,35.48,33.2,40168,43035433.0,6.44,-5.08,-1.8,1.66,2.279999999999994
2019-05-20,002365,33.62,33.26,33.98,32.51,26451,27135320.0,4.37,-1.07,-0.36,1.09,1.4699999999999989
2019-05-21,002365,33.35,33.59,33.86,32.93,20723,21651012.0,2.8,0.99,0.33,0.86,0.9299999999999997
2019-05-22,002365,33.62,33.17,33.77,32.99,20655,21408582.0,2.32,-1.25,-0.42,0.85,0.7800000000000011
2019-05-23,002365,33.26,32.51,33.29,32.39,22303,22671513.0,2.71,-1.99,-0.66,0.92,0.8999999999999986
2019-05-24,002365,32.48,35.3,35.54,32.27,92427,100552622.0,10.06,8.58,2.79,3.82,3.269999999999996
2019-05-27,002365,34.94,35.18,35.42,34.28,54387,58850429.0,3.23,-0.34,-0.12,2.25,1.1400000000000006
2019-05-28,002365,34.88,35.24,36.11,34.88,41376,45415835.0,3.5,0.17,0.06,1.71,1.2299999999999969
2019-05-29,002365,35.15,35.51,35.54,34.85,25868,28272491.0,1.96,0.77,0.27,1.07,0.6899999999999977
2019-05-30,002365,35.42,35.27,35.48,34.85,27353,29721000.0,1.77,-0.68,-0.24,1.13,0.6299999999999955
2019-05-31,002365,35.21,35.12,35.42,34.97,20057,21796279.0,1.28,-0.43,-0.15,0.83,0.45000000000000284
2019-06-03,002365,35.06,34.28,35.12,33.98,28596,30408958.0,3.25,-2.39,-0.84,1.18,1.1400000000000006
2019-06-04,002365,34.25,33.53,34.4,33.29,24297,25152050.0,3.24,-2.19,-0.75,1.0,1.1099999999999994
2019-06-05,002365,33.62,33.47,33.95,33.38,15209,15733417.0,1.7,-0.18,-0.06,0.63,0.5700000000000003
2019-06-06,002365,33.47,33.08,33.65,32.84,18430,18784176.0,2.42,-1.17,-0.39,0.76,0.8099999999999952
2019-06-10,002365,33.14,33.32,33.44,32.9,17750,18131953.0,1.63,0.73,0.24,0.73,0.5399999999999991
2019-06-11,002365,33.32,34.25,34.46,33.32,26234,27485928.0,3.42,2.79,0.93,1.08,1.1400000000000006
2019-06-12,002365,34.04,33.77,34.13,33.74,22801,23826490.0,1.14,-1.4,-0.48,0.94,0.39000000000000057
2019-06-13,002365,33.74,33.98,34.76,33.74,20377,21444112.0,3.02,0.62,0.21,0.84,1.019999999999996
2019-06-14,002365,33.98,33.32,34.25,33.32,18571,19306196.0,2.74,-1.94,-0.66,0.77,0.9299999999999997
2019-06-17,002365,33.47,33.35,34.16,33.17,18373,18966751.0,2.97,0.09,0.03,0.76,0.9899999999999949
2019-06-18,002365,33.35,33.14,33.5,33.08,13771,14081309.0,1.26,-0.63,-0.21,0.57,0.4200000000000017
2019-06-19,002365,33.71,33.5,34.04,33.47,22087,22885985.0,1.72,1.09,0.36,0.91,0.5700000000000003
2019-06-20,002365,33.56,33.92,34.04,33.35,24625,25651098.0,2.06,1.25,0.42,1.02,0.6899999999999977
2019-06-21,002365,34.07,34.28,34.4,34.01,32395,34164135.0,1.15,1.06,0.36,1.34,0.39000000000000057
2019-06-24,002365,34.28,33.95,34.28,33.77,21585,22628764.0,1.49,-0.96,-0.33,0.89,0.509999999999998
2019-06-25,002365,34.13,33.62,34.13,33.32,19905,20603933.0,2.39,-0.97,-0.33,0.82,0.8100000000000023
2019-06-26,002365,33.62,33.62,33.86,33.47,16650,17261096.0,1.16,0.0,0.0,0.69,0.39000000000000057
2019-06-27,002365,33.62,33.59,33.86,33.53,20940,21716444.0,0.98,-0.09,-0.03,0.86,0.3299999999999983
2019-06-28,002365,33.53,33.2,33.65,32.99,20419,20898329.0,1.96,-1.16,-0.39,0.84,0.6599999999999966
2019-07-01,002365,33.65,33.98,34.1,33.38,29916,31203238.0,2.17,2.35,0.78,1.24,0.7199999999999989
2019-07-02,002365,33.98,34.28,34.55,33.71,29085,30710419.0,2.47,0.88,0.3,1.21,0.8399999999999963
2019-07-03,002365,34.34,34.1,34.37,33.98,17326,18213712.0,1.14,-0.53,-0.18,0.72,0.39000000000000057
2019-07-04,002365,34.28,33.77,34.28,33.68,18599,19422463.0,1.76,-0.97,-0.33,0.77,0.6000000000000014
2019-07-05,002365,33.77,34.04,34.07,33.68,14793,15482561.0,1.15,0.8,0.27,0.61,0.39000000000000057
2019-07-08,002365,33.95,33.05,34.04,32.96,25526,26121177.0,3.17,-2.91,-0.99,1.06,1.0799999999999983
2019-07-09,002365,33.05,33.2,33.29,32.9,12732,12963603.0,1.18,0.45,0.15,0.53,0.39000000000000057
2019-07-10,002365,33.26,32.93,33.26,32.84,15717,15945893.0,1.27,-0.81,-0.27,0.65,0.4199999999999946
2019-07-11,002365,33.05,32.99,33.41,32.9,13896,14185892.0,1.55,0.18,0.06,0.58,0.509999999999998
2019-07-12,002365,32.66,30.38,32.66,30.02,117837,111002919.0,8.0,-7.91,-2.61,4.89,2.639999999999997
2019-07-15,002365,30.14,29.99,30.17,29.27,49392,44639138.0,2.96,-1.28,-0.39,2.05,0.9000000000000021
2019-07-16,002365,29.72,30.14,30.29,29.69,23956,22031812.0,2.0,0.5,0.15,0.99,0.5999999999999979
2019-07-17,002365,30.32,30.32,30.41,30.14,21339,19730479.0,0.9,0.6,0.18,0.89,0.2699999999999996
2019-07-18,002365,30.32,29.54,30.32,29.54,26327,23988211.0,2.57,-2.57,-0.78,1.09,0.7800000000000011
2019-07-19,002365,29.72,29.69,30.08,29.63,18680,16996189.0,1.52,0.51,0.15,0.77,0.4499999999999993
2019-07-22,002365,29.78,28.91,29.84,28.79,30057,26634849.0,3.54,-2.63,-0.78,1.25,1.0500000000000007
2019-07-23,002365,28.79,29.09,29.21,28.79,15027,13282360.0,1.45,0.62,0.18,0.62,0.4200000000000017
2019-07-24,002365,29.12,29.21,29.54,29.12,18882,16864232.0,1.44,0.41,0.12,0.78,0.41999999999999815
2019-07-25,002365,29.3,29.33,29.39,28.94,19502,17318828.0,1.54,0.41,0.12,0.81,0.4499999999999993
2019-07-26,002365,29.36,29.21,29.36,29.03,12547,11135824.0,1.13,-0.41,-0.12,0.52,0.3299999999999983
2019-07-29,002365,29.18,28.97,29.21,28.94,12847,11345359.0,0.92,-0.82,-0.24,0.53,0.2699999999999996
2019-07-30,002365,29.06,29.24,29.33,29.0,15358,13672992.0,1.14,0.93,0.27,0.64,0.3299999999999983
2019-07-31,002365,29.3,29.3,29.33,29.03,11979,10642015.0,1.03,0.21,0.06,0.5,0.29999999999999716
2019-08-01,002365,29.18,29.18,29.33,28.91,18536,16403665.0,1.43,-0.41,-0.12,0.77,0.41999999999999815
2019-08-02,002365,28.85,28.58,28.85,28.4,27224,23634255.0,1.54,-2.06,-0.6,1.13,0.45000000000000284
2019-08-05,002365,28.37,27.68,28.49,27.62,33781,28641717.0,3.04,-3.15,-0.9,1.4,0.8699999999999974
2019-08-06,002365,26.75,26.57,27.14,26.27,30861,24843781.0,3.14,-4.01,-1.11,1.28,0.870000000000001
2019-08-07,002365,26.57,26.33,26.9,26.24,21284,17082793.0,2.48,-0.9,-0.24,0.88,0.6600000000000001
2019-08-08,002365,26.45,27.05,27.29,26.42,27764,22545063.0,3.3,2.73,0.72,1.15,0.8699999999999974
2019-08-09,002365,27.53,26.63,27.53,26.54,23231,18903251.0,3.66,-1.55,-0.42,0.96,0.990000000000002
2019-08-12,002365,26.6,26.96,27.02,26.6,19397,15727653.0,1.58,1.24,0.33,0.8,0.41999999999999815
2019-08-13,002365,26.81,26.63,26.99,26.54,16676,13447296.0,1.67,-1.22,-0.33,0.69,0.4499999999999993
2019-08-14,002365,26.84,26.84,27.05,26.84,16999,13821860.0,0.79,0.79,0.21,0.71,0.21000000000000085
2019-08-15,002365,26.45,27.14,27.26,26.21,26443,21399219.0,3.91,1.12,0.3,1.1,1.0500000000000007
2019-08-16,002365,27.11,27.05,27.62,26.87,21393,17613091.0,2.76,-0.33,-0.09,0.89,0.75
2019-08-19,002365,27.26,27.53,27.56,27.05,29370,24261175.0,1.89,1.77,0.48,1.22,0.509999999999998
2019-08-20,002365,28.79,27.77,28.79,27.65,41298,35104642.0,4.14,0.87,0.24,1.71,1.1400000000000006
2019-08-21,002365,27.98,27.68,27.98,27.47,22844,19090089.0,1.84,-0.32,-0.09,0.95,0.5100000000000016
2019-08-22,002365,27.68,27.47,27.74,27.29,19308,16056903.0,1.63,-0.76,-0.21,0.8,0.4499999999999993
2019-08-23,002365,27.5,27.83,27.98,27.41,25837,21734134.0,2.07,1.31,0.36,1.07,0.5700000000000003
2019-08-26,002365,27.35,28.31,28.73,27.2,57913,49457100.0,5.5,1.72,0.48,2.4,1.5300000000000011
2019-08-27,002365,28.37,29.69,30.14,28.31,87615,78608334.0,6.46,4.87,1.38,3.63,1.8300000000000018
2019-08-28,002365,29.54,28.94,29.54,28.79,44779,39587087.0,2.53,-2.53,-0.75,1.86,0.75
2019-08-29,002365,28.94,28.79,29.12,28.67,25526,22369408.0,1.55,-0.52,-0.15,1.06,0.4499999999999993
2019-08-30,002365,28.85,28.13,29.18,27.98,32245,27888629.0,4.17,-2.29,-0.66,1.34,1.1999999999999993
2019-09-02,002365,28.13,28.58,28.61,28.07,22362,19273618.0,1.92,1.6,0.45,0.93,0.5399999999999991
2019-09-03,002365,28.52,28.37,28.67,28.07,34734,29867488.0,2.1,-0.73,-0.21,1.44,0.6000000000000014
2019-09-04,002365,28.34,28.73,28.76,28.22,29578,25679676.0,1.9,1.27,0.36,1.23,0.5400000000000027
2019-09-05,002365,28.79,28.79,29.21,28.73,39172,34551675.0,1.67,0.21,0.06,1.62,0.4800000000000004
2019-09-06,002365,28.94,28.88,29.15,28.7,29107,25566221.0,1.56,0.31,0.09,1.21,0.4499999999999993
2019-09-09,002365,29.09,29.3,29.3,28.82,34948,30911662.0,1.66,1.45,0.42,1.45,0.4800000000000004
2019-09-10,002365,29.27,29.66,29.81,29.0,47243,42337292.0,2.76,1.23,0.36,1.96,0.8099999999999987
2019-09-11,002365,29.54,29.24,29.69,29.21,33139,29692261.0,1.62,-1.42,-0.42,1.37,0.4800000000000004
2019-09-12,002365,29.3,29.33,29.48,29.03,26471,23571642.0,1.54,0.31,0.09,1.1,0.4499999999999993
2019-09-16,002365,29.3,29.45,29.66,29.27,27701,24901869.0,1.33,0.41,0.12,1.15,0.39000000000000057
2019-09-17,002365,29.39,28.85,29.51,28.73,32224,28484300.0,2.65,-2.04,-0.6,1.34,0.7800000000000011
2019-09-18,002365,28.76,29.12,29.39,28.76,26736,23732723.0,2.18,0.94,0.27,1.11,0.629999999999999
2019-09-19,002365,29.12,29.96,29.99,29.12,51945,46994757.0,2.99,2.88,0.84,2.15,0.8699999999999974
2019-09-20,002365,29.84,29.9,30.29,29.63,36937,33673130.0,2.2,-0.2,-0.06,1.53,0.6600000000000001
2019-09-23,002365,29.69,29.33,29.81,29.15,27814,24872388.0,2.21,-1.91,-0.57,1.15,0.6600000000000001
2019-09-24,002365,29.3,29.45,29.75,29.27,25706,23176860.0,1.64,0.41,0.12,1.07,0.4800000000000004
2019-09-25,002365,29.27,28.67,29.6,28.64,30821,27158915.0,3.26,-2.65,-0.78,1.28,0.9600000000000009
2019-09-26,002365,28.7,27.62,28.85,27.53,39194,33310923.0,4.6,-3.66,-1.05,1.63,1.3200000000000003
2019-09-27,002365,27.74,27.65,27.92,27.5,18141,15238566.0,1.52,0.11,0.03,0.75,0.4200000000000017
2019-09-30,002365,27.89,27.23,27.89,27.2,20768,17162672.0,2.5,-1.52,-0.42,0.86,0.6900000000000013
2019-10-08,002365,27.29,27.5,27.86,27.29,17767,14856177.0,2.09,0.99,0.27,0.74,0.5700000000000003
2019-10-09,002365,27.44,27.71,27.71,27.29,12333,10282831.0,1.53,0.76,0.21,0.51,0.4200000000000017
2019-10-10,002365,27.71,28.16,28.19,27.71,17047,14477159.0,1.73,1.62,0.45,0.71,0.4800000000000004
2019-10-11,002365,28.16,28.49,28.49,28.04,22265,19126416.0,1.6,1.17,0.33,0.92,0.4499999999999993
2019-10-14,002365,28.76,28.67,28.94,28.52,20029,17517239.0,1.47,0.63,0.18,0.83,0.4200000000000017
2019-10-15,002365,28.79,28.73,28.97,28.46,25277,22046833.0,1.78,0.21,0.06,1.05,0.509999999999998
2019-10-16,002365,28.88,28.67,28.91,28.67,14284,12484124.0,0.84,-0.21,-0.06,0.59,0.23999999999999844
2019-10-17,002365,28.61,28.55,28.85,28.37,14984,13015183.0,1.67,-0.42,-0.12,0.62,0.4800000000000004
2019-10-18,002365,28.73,27.83,28.73,27.8,19639,16740042.0,3.26,-2.52,-0.72,0.81,0.9299999999999997
2019-10-21,002365,27.98,27.5,27.98,27.32,16219,13475777.0,2.37,-1.19,-0.33,0.67,0.6600000000000001
2019-10-22,002365,27.53,27.77,27.8,27.38,15446,12880472.0,1.53,0.98,0.27,0.64,0.4200000000000017
2019-10-23,002365,27.53,27.44,27.86,27.38,15472,12939170.0,1.73,-1.19,-0.33,0.64,0.4800000000000004
2019-10-24,002365,27.53,27.35,27.59,27.23,14390,11894986.0,1.31,-0.33,-0.09,0.6,0.35999999999999943
2019-10-25,002365,27.53,27.71,27.8,27.11,17775,14753598.0,2.52,1.32,0.36,0.74,0.6900000000000013
2019-10-28,002365,27.62,28.28,28.37,27.62,26485,22544890.0,2.71,2.06,0.57,1.1,0.75
2019-10-29,002365,28.37,28.04,28.46,28.04,16317,13963049.0,1.49,-0.85,-0.24,0.68,0.4200000000000017
2019-10-30,002365,28.04,27.71,28.28,27.68,15781,13322138.0,2.14,-1.18,-0.33,0.65,0.6000000000000014
2019-10-31,002365,27.74,27.41,27.89,27.38,16464,13736391.0,1.84,-1.08,-0.3,0.68,0.5100000000000016
2019-11-01,002365,27.59,28.37,28.46,27.44,33150,28315701.0,3.72,3.5,0.96,1.37,1.0199999999999996
2019-11-04,002365,28.49,28.49,28.79,28.28,29504,25552018.0,1.8,0.42,0.12,1.22,0.509999999999998
2019-11-05,002365,28.58,28.52,28.7,28.25,20581,17809056.0,1.58,0.11,0.03,0.85,0.4499999999999993
2019-11-06,002365,28.49,28.31,28.64,28.22,19697,16987562.0,1.47,-0.74,-0.21,0.82,0.4200000000000017
2019-11-07,002365,28.28,28.76,29.18,28.16,33310,29104473.0,3.6,1.59,0.45,1.38,1.0199999999999996
2019-11-08,002365,28.76,28.73,29.0,28.61,23685,20712954.0,1.36,-0.1,-0.03,0.98,0.39000000000000057
2019-11-11,002365,28.67,27.98,28.67,27.83,24251,20732327.0,2.92,-2.61,-0.75,1.01,0.8400000000000034
2019-11-12,002365,27.77,27.98,28.1,27.65,16634,14039025.0,1.61,0.0,0.0,0.69,0.45000000000000284
2019-11-13,002365,27.98,27.89,28.1,27.68,12004,10152208.0,1.5,-0.32,-0.09,0.5,0.4200000000000017
2019-11-14,002365,27.77,27.92,28.01,27.59,10900,9189781.0,1.51,0.11,0.03,0.45,0.4200000000000017
2019-11-15,002365,27.77,27.65,27.95,27.59,11404,9585416.0,1.29,-0.97,-0.27,0.47,0.35999999999999943
2019-11-18,002365,27.65,27.74,27.89,27.32,16255,13573431.0,2.06,0.33,0.09,0.67,0.5700000000000003
2019-11-19,002365,27.74,28.19,28.19,27.59,15494,13162764.0,2.16,1.62,0.45,0.64,0.6000000000000014
2019-11-20,002365,28.16,28.16,28.55,28.1,18816,16158962.0,1.6,-0.11,-0.03,0.78,0.4499999999999993
2019-11-21,002365,28.16,28.07,28.37,27.95,13069,11143971.0,1.49,-0.32,-0.09,0.54,0.4200000000000017
2019-11-22,002365,28.1,27.77,28.31,27.59,20403,17277261.0,2.57,-1.07,-0.3,0.85,0.7199999999999989
2019-11-25,002365,27.86,27.65,27.89,27.47,15023,12588957.0,1.51,-0.43,-0.12,0.62,0.4200000000000017
2019-11-26,002365,27.65,27.59,27.77,27.53,15064,12589945.0,0.87,-0.22,-0.06,0.62,0.23999999999999844
2019-11-27,002365,27.5,27.29,27.59,27.23,17361,14385640.0,1.3,-1.09,-0.3,0.72,0.35999999999999943
2019-11-28,002365,27.2,27.17,27.44,27.14,11295,9300772.0,1.1,-0.44,-0.12,0.47,0.3000000000000007
2019-11-29,002365,27.26,27.2,27.35,27.02,11157,9147830.0,1.21,0.11,0.03,0.46,0.33000000000000185
2019-12-02,002365,27.23,27.2,27.44,27.11,10304,8477342.0,1.21,0.0,0.0,0.43,0.33000000000000185
2019-12-03,002365,27.14,27.29,27.32,26.93,12766,10447284.0,1.43,0.33,0.09,0.53,0.39000000000000057
2019-12-04,002365,27.23,27.05,27.29,26.99,15861,12993229.0,1.1,-0.88,-0.24,0.66,0.3000000000000007
2019-12-05,002365,27.17,27.23,27.29,26.96,28057,22985274.0,1.22,0.67,0.18,1.16,0.3299999999999983
2019-12-06,002365,27.23,27.14,27.26,27.02,17481,14329749.0,0.88,-0.33,-0.09,0.73,0.240000000000002
2019-12-09,002365,27.17,27.14,27.23,27.02,17761,14543107.0,0.77,0.0,0.0,0.74,0.21000000000000085
2019-12-10,002365,27.17,27.29,27.32,27.02,17002,13975381.0,1.11,0.55,0.15,0.71,0.3000000000000007
2019-12-11,002365,27.38,27.26,27.38,27.17,12141,10007246.0,0.77,-0.11,-0.03,0.5,0.2099999999999973
2019-12-12,002365,27.17,27.05,27.29,27.05,14167,11609905.0,0.88,-0.77,-0.21,0.59,0.23999999999999844
2019-12-13,002365,27.29,27.38,27.44,27.14,18049,14881441.0,1.11,1.22,0.33,0.75,0.3000000000000007
2019-12-16,002365,27.59,27.62,27.62,27.38,21845,18179407.0,0.88,0.88,0.24,0.91,0.240000000000002
2019-12-17,002365,27.62,28.1,28.46,27.53,41092,34814040.0,3.37,1.74,0.48,1.7,0.9299999999999997
2019-12-18,002365,27.98,28.04,28.4,27.95,25837,22046723.0,1.6,-0.21,-0.06,1.07,0.4499999999999993
2019-12-19,002365,28.04,30.59,30.59,28.01,109306,99581984.0,9.2,9.09,2.55,4.53,2.5799999999999983
2019-12-20,002365,31.76,33.41,33.41,31.37,302533,301341328.0,6.67,9.22,2.82,12.55,2.0399999999999956
2019-12-23,002365,33.14,31.1,33.23,30.65,231582,227081902.0,7.72,-6.91,-2.31,9.61,2.5799999999999983
2019-12-24,002365,30.5,31.16,31.37,30.17,115946,109394714.0,3.86,0.19,0.06,4.81,1.1999999999999993
2019-12-25,002365,31.07,30.56,31.07,30.41,75131,70372117.0,2.12,-1.93,-0.6,3.12,0.6600000000000001
2019-12-26,002365,30.44,30.83,31.01,30.23,70664,66214951.0,2.55,0.88,0.27,2.93,0.7800000000000011
2019-12-27,002365,30.86,31.58,33.08,30.86,159889,156728174.0,7.2,2.43,0.75,6.63,2.219999999999999
2019-12-30,002365,31.37,31.28,32.09,30.53,93300,89629246.0,4.94,-0.95,-0.3,3.87,1.5600000000000023
2019-12-31,002365,31.19,32.12,32.51,30.89,114601,112680901.0,5.18,2.69,0.84,4.75,1.6199999999999974
