日期,股票代码,开盘,收盘,最高,最低,成交量,成交额,振幅,涨跌幅,涨跌额,换手率,volatility
2012-04-10,300308,20.51,21.8,21.8,20.51,82199,172807382.0,6.45,9.0,1.8,61.39,1.2899999999999991
2012-04-11,300308,21.3,21.03,21.68,20.68,67512,142608100.0,4.59,-3.53,-0.77,50.42,1.0
2012-04-12,300308,21.26,20.71,21.44,20.1,54192,112258255.0,6.37,-1.52,-0.32,40.47,1.3399999999999999
2012-04-13,300308,20.62,21.04,21.49,20.5,51264,107666906.0,4.78,1.59,0.33,38.29,0.9899999999999984
2012-04-16,300308,20.5,20.19,20.59,19.81,37781,76049167.0,3.71,-4.04,-0.85,28.22,0.7800000000000011
2012-04-17,300308,20.09,19.97,20.32,19.72,23069,46252626.0,2.97,-1.09,-0.22,17.23,0.6000000000000014
2012-04-18,300308,20.09,20.34,20.39,19.85,30734,61990422.0,2.7,1.85,0.37,22.95,0.5399999999999991
2012-04-19,300308,20.21,20.37,20.95,20.2,24001,49244522.0,3.69,0.15,0.03,17.92,0.75
2012-04-20,300308,20.28,20.53,20.64,20.17,20153,41121623.0,2.31,0.79,0.16,15.05,0.46999999999999886
2012-04-23,300308,20.3,18.98,20.33,18.95,34285,66776067.0,6.72,-7.55,-1.55,25.61,1.379999999999999
2012-04-24,300308,18.96,18.68,19.19,18.28,16534,30951206.0,4.79,-1.58,-0.3,12.35,0.9100000000000001
2012-04-25,300308,19.0,19.18,19.34,18.81,13287,25415187.0,2.84,2.68,0.5,9.92,0.5300000000000011
2012-04-26,300308,19.12,19.18,19.48,19.04,11341,21828084.0,2.29,0.0,0.0,8.47,0.4400000000000013
2012-04-27,300308,19.13,19.35,19.61,19.13,11635,22587491.0,2.5,0.89,0.17,8.69,0.4800000000000004
2012-05-02,300308,19.77,19.62,19.95,19.43,11907,23459988.0,2.69,1.4,0.27,8.89,0.5199999999999996
2012-05-03,300308,19.53,19.68,19.86,19.5,8496,16731709.0,1.83,0.31,0.06,6.34,0.35999999999999943
2012-05-04,300308,19.68,20.0,20.01,19.62,14134,28033009.0,1.98,1.63,0.32,10.56,0.39000000000000057
2012-05-07,300308,20.13,20.0,20.13,19.76,11433,22738685.0,1.85,0.0,0.0,8.54,0.36999999999999744
2012-05-08,300308,20.02,20.15,20.45,19.94,15571,31432668.0,2.55,0.75,0.15,11.63,0.509999999999998
2012-05-09,300308,20.03,19.65,20.1,19.62,9742,19299990.0,2.38,-2.48,-0.5,7.28,0.4800000000000004
2012-05-10,300308,19.68,19.8,19.89,19.64,5766,11395907.0,1.27,0.76,0.15,4.31,0.25
2012-05-11,300308,19.74,19.35,19.84,19.33,8137,15888483.0,2.58,-2.27,-0.45,6.08,0.5100000000000016
2012-05-14,300308,19.48,19.16,19.56,19.15,5345,10344554.0,2.12,-0.98,-0.19,3.99,0.41000000000000014
2012-05-15,300308,18.92,19.3,19.33,18.9,3918,7473319.0,2.24,0.73,0.14,2.93,0.4299999999999997
2012-05-16,300308,19.26,19.18,19.44,19.14,3859,7441734.0,1.55,-0.62,-0.12,2.88,0.3000000000000007
2012-05-17,300308,19.29,19.48,19.56,19.29,7559,14700322.0,1.41,1.56,0.3,5.65,0.2699999999999996
2012-05-18,300308,19.3,19.45,19.75,19.24,8371,16336711.0,2.62,-0.15,-0.03,6.25,0.5100000000000016
2012-05-21,300308,19.45,19.6,19.75,19.4,5734,11228166.0,1.8,0.77,0.15,4.28,0.3500000000000014
2012-05-22,300308,19.58,19.72,19.85,19.51,6876,13547376.0,1.73,0.61,0.12,5.14,0.33999999999999986
2012-05-23,300308,19.68,19.28,19.73,19.15,8001,15524053.0,2.94,-2.23,-0.44,5.98,0.5800000000000018
2012-05-24,300308,19.18,19.18,19.46,19.16,4582,8828934.0,1.56,-0.52,-0.1,3.42,0.3000000000000007
2012-05-25,300308,19.23,18.8,19.35,18.77,4790,9105401.0,3.02,-1.98,-0.38,3.58,0.5800000000000018
2012-05-28,300308,18.7,18.79,18.8,18.2,5421,10057534.0,3.19,-0.05,-0.01,4.05,0.6000000000000014
2012-05-29,300308,18.71,19.05,19.12,18.7,5261,9993744.0,2.24,1.38,0.26,3.93,0.4200000000000017
2012-05-30,300308,19.14,19.0,19.22,18.93,5182,9865841.0,1.52,-0.26,-0.05,3.87,0.28999999999999915
2012-05-31,300308,18.95,19.11,19.22,18.9,5546,10585935.0,1.68,0.58,0.11,4.14,0.3200000000000003
2012-06-01,300308,19.18,19.12,19.21,18.91,3463,6608883.0,1.57,0.05,0.01,2.59,0.3000000000000007
2012-06-04,300308,18.78,18.42,18.93,18.41,5390,10043515.0,2.72,-3.66,-0.7,4.03,0.5199999999999996
2012-06-05,300308,18.5,18.42,18.59,18.31,3436,6335018.0,1.52,0.0,0.0,2.57,0.28000000000000114
2012-06-06,300308,18.49,18.51,18.7,18.36,2854,5290204.0,1.85,0.49,0.09,2.13,0.33999999999999986
2012-06-07,300308,18.78,18.41,18.8,18.39,2641,4913445.0,2.22,-0.54,-0.1,1.97,0.41000000000000014
2012-06-08,300308,18.55,18.52,18.76,18.41,2997,5564792.0,1.9,0.6,0.11,2.24,0.3500000000000014
2012-06-11,300308,18.5,18.81,18.86,18.5,3630,6801651.0,1.94,1.57,0.29,2.71,0.35999999999999943
2012-06-12,300308,18.66,18.63,18.85,18.6,2698,5052579.0,1.33,-0.96,-0.18,2.01,0.25
2012-06-13,300308,18.64,19.03,19.08,18.64,5168,9776274.0,2.36,2.15,0.4,3.86,0.4399999999999977
2012-06-14,300308,18.9,19.05,19.4,18.8,9043,17348986.0,3.15,0.11,0.02,6.75,0.5999999999999979
2012-06-15,300308,19.16,19.38,19.55,19.16,10222,19781725.0,2.05,1.73,0.33,7.63,0.39000000000000057
2012-06-18,300308,19.45,19.55,19.65,19.3,8347,16252386.0,1.81,0.88,0.17,6.23,0.34999999999999787
2012-06-19,300308,19.49,19.35,19.62,19.33,4429,8606242.0,1.48,-1.02,-0.2,3.31,0.2900000000000027
2012-06-20,300308,19.4,19.45,19.58,19.26,4743,9214617.0,1.65,0.52,0.1,3.54,0.31999999999999673
2012-06-21,300308,19.35,19.24,19.45,19.08,4978,9573458.0,1.9,-1.08,-0.21,3.72,0.370000000000001
2012-06-25,300308,19.13,18.78,19.25,18.73,3522,6694027.0,2.7,-2.39,-0.46,2.63,0.5199999999999996
2012-06-26,300308,18.85,19.06,19.12,18.57,3877,7317067.0,2.93,1.49,0.28,2.9,0.5500000000000007
2012-06-27,300308,18.95,19.98,20.59,18.94,21973,43782040.0,8.66,4.83,0.92,16.41,1.6499999999999986
2012-06-28,300308,19.85,19.53,20.35,19.52,15332,30603444.0,4.15,-2.25,-0.45,11.45,0.8300000000000018
2012-06-29,300308,19.42,19.97,20.09,19.38,11592,22949166.0,3.64,2.25,0.44,8.66,0.7100000000000009
2012-07-02,300308,20.06,20.1,20.33,19.85,12227,24557453.0,2.4,0.65,0.13,7.33,0.4799999999999969
2012-07-03,300308,20.1,20.7,20.7,20.01,21764,44482342.0,3.43,2.99,0.6,13.06,0.6899999999999977
2012-07-04,300308,20.7,20.2,20.81,20.16,14596,29863451.0,3.14,-2.42,-0.5,8.76,0.6499999999999986
2012-07-05,300308,20.2,20.21,20.6,20.02,12905,26237147.0,2.87,0.05,0.01,7.74,0.5800000000000018
2012-07-06,300308,20.28,20.08,20.4,19.38,14848,29111612.0,5.05,-0.64,-0.13,8.91,1.0199999999999996
2012-07-09,300308,19.85,19.34,20.12,19.21,8958,17471956.0,4.53,-3.69,-0.74,5.37,0.9100000000000001
2012-07-10,300308,19.22,19.2,19.48,19.0,8972,17091196.0,2.48,-0.72,-0.14,5.38,0.4800000000000004
2012-07-11,300308,19.28,19.0,19.28,18.86,9498,17915407.0,2.19,-1.04,-0.2,5.7,0.4200000000000017
2012-07-12,300308,18.99,19.11,19.19,18.4,12039,22422242.0,4.16,0.58,0.11,7.22,0.7900000000000027
2012-07-13,300308,18.65,17.56,18.73,17.33,21845,39134729.0,7.33,-8.11,-1.55,13.1,1.4000000000000021
2012-07-16,300308,17.57,16.73,17.6,16.68,10754,17971588.0,5.24,-4.73,-0.83,6.45,0.9200000000000017
2012-07-17,300308,16.72,16.82,16.85,16.46,6523,10734129.0,2.33,0.54,0.09,3.91,0.39000000000000057
2012-07-18,300308,16.65,16.69,17.01,16.2,7527,12256336.0,4.82,-0.77,-0.13,4.52,0.8100000000000023
2012-07-19,300308,16.6,17.02,17.35,16.55,10604,17810913.0,4.79,1.98,0.33,6.36,0.8000000000000007
2012-07-20,300308,16.98,16.79,17.11,16.75,6246,10416843.0,2.12,-1.35,-0.23,3.75,0.35999999999999943
2012-07-23,300308,16.68,16.56,16.68,16.31,3410,5557389.0,2.2,-1.37,-0.23,2.05,0.370000000000001
2012-07-24,300308,16.5,16.69,16.85,16.47,5032,8282848.0,2.29,0.79,0.13,3.02,0.38000000000000256
2012-07-25,300308,16.56,16.77,17.15,16.56,7225,12038405.0,3.54,0.48,0.08,4.33,0.5899999999999999
2012-07-26,300308,16.77,16.66,16.94,16.65,4051,6716169.0,1.73,-0.66,-0.11,2.43,0.2900000000000027
2012-07-27,300308,16.75,16.7,16.84,16.63,2502,4133249.0,1.26,0.24,0.04,1.5,0.21000000000000085
2012-07-30,300308,16.74,16.39,16.88,16.38,2993,4919433.0,2.99,-1.86,-0.31,1.8,0.5
2012-07-31,300308,16.32,15.86,16.38,15.84,4523,7131721.0,3.29,-3.23,-0.53,2.71,0.5399999999999991
2012-08-01,300308,15.86,16.1,16.22,15.84,3183,5044882.0,2.4,1.51,0.24,1.91,0.379999999999999
2012-08-02,300308,15.93,16.01,16.28,15.93,1978,3135524.0,2.17,-0.56,-0.09,1.19,0.3500000000000014
2012-08-03,300308,16.06,16.47,16.47,15.95,5060,8145969.0,3.25,2.87,0.46,3.04,0.5199999999999996
2012-08-06,300308,16.32,17.41,18.03,16.26,11088,18890491.0,10.75,5.71,0.94,6.65,1.7699999999999996
2012-08-07,300308,17.39,17.53,18.02,17.2,10712,18595699.0,4.71,0.69,0.12,6.43,0.8200000000000003
2012-08-08,300308,17.65,17.32,17.65,17.05,7027,12067145.0,3.42,-1.2,-0.21,4.22,0.5999999999999979
2012-08-09,300308,17.5,18.15,18.25,17.3,18025,32053771.0,5.48,4.79,0.83,10.81,0.9499999999999993
2012-08-10,300308,18.02,17.85,18.15,17.72,8487,15002986.0,2.37,-1.65,-0.3,5.09,0.4299999999999997
2012-08-13,300308,17.8,17.23,17.8,17.21,5136,8857674.0,3.31,-3.47,-0.62,3.08,0.5899999999999999
2012-08-14,300308,17.17,17.89,17.95,17.16,5726,9931601.0,4.59,3.83,0.66,3.43,0.7899999999999991
2012-08-15,300308,17.79,17.35,17.8,17.28,4081,7088786.0,2.91,-3.02,-0.54,2.45,0.5199999999999996
2012-08-16,300308,17.23,17.3,17.48,17.2,1522,2614239.0,1.61,-0.29,-0.05,0.91,0.28000000000000114
2012-08-17,300308,17.3,17.2,17.35,17.01,3306,5610214.0,1.97,-0.58,-0.1,1.98,0.33999999999999986
2012-08-20,300308,16.85,16.42,16.85,15.97,12840,20649549.0,5.12,-4.53,-0.78,7.7,0.8800000000000008
2012-08-21,300308,16.3,16.82,16.86,16.24,7432,12221982.0,3.78,2.44,0.4,4.46,0.620000000000001
2012-08-22,300308,16.82,16.57,16.82,16.5,5683,9330395.0,1.9,-1.49,-0.25,3.41,0.3200000000000003
2012-08-23,300308,16.67,16.98,17.01,16.55,5158,8550725.0,2.78,2.47,0.41,3.09,0.46000000000000085
2012-08-24,300308,16.82,16.36,17.08,16.31,6039,9924293.0,4.53,-3.65,-0.62,3.62,0.7699999999999996
2012-08-27,300308,16.25,15.85,16.35,15.51,4988,7855566.0,5.13,-3.12,-0.51,2.99,0.8400000000000016
2012-08-28,300308,15.73,16.15,16.38,15.73,4391,7010499.0,4.1,1.89,0.3,2.63,0.6499999999999986
2012-08-29,300308,16.12,16.15,16.34,15.96,4914,7854290.0,2.35,0.0,0.0,2.95,0.379999999999999
2012-08-30,300308,16.02,16.2,16.32,15.8,5247,8353071.0,3.22,0.31,0.05,3.15,0.5199999999999996
2012-08-31,300308,16.13,16.57,16.68,16.1,7318,11955807.0,3.58,2.28,0.37,4.39,0.5799999999999983
2012-09-03,300308,16.5,16.63,16.73,16.36,7409,12118364.0,2.23,0.36,0.06,4.44,0.370000000000001
2012-09-04,300308,16.56,16.48,16.78,16.48,4396,7209926.0,1.8,-0.9,-0.15,2.64,0.3000000000000007
2012-09-05,300308,16.48,16.68,16.72,16.21,6218,10150213.0,3.09,1.21,0.2,3.73,0.509999999999998
2012-09-06,300308,16.75,16.87,16.88,16.62,5828,9649773.0,1.56,1.14,0.19,3.5,0.259999999999998
2012-09-07,300308,17.0,17.3,17.42,16.9,12811,21790075.0,3.08,2.55,0.43,7.68,0.5200000000000031
2012-09-10,300308,17.2,17.35,17.48,17.18,6882,11775779.0,1.73,0.29,0.05,4.13,0.3000000000000007
2012-09-11,300308,17.25,17.05,17.28,16.93,5657,9551071.0,2.02,-1.73,-0.3,3.39,0.3500000000000014
2012-09-12,300308,17.05,17.05,17.34,16.81,5020,8461094.0,3.11,0.0,0.0,3.01,0.5300000000000011
2012-09-13,300308,17.06,16.85,17.12,16.85,3348,5627371.0,1.58,-1.17,-0.2,2.01,0.2699999999999996
2012-09-14,300308,16.99,16.76,17.06,16.68,3864,6430582.0,2.26,-0.53,-0.09,2.32,0.379999999999999
2012-09-17,300308,16.72,15.98,16.76,15.91,5577,8935124.0,5.07,-4.65,-0.78,3.35,0.8500000000000014
2012-09-18,300308,16.06,16.08,16.12,15.9,2920,4613307.0,1.38,0.63,0.1,1.75,0.22000000000000064
2012-09-19,300308,16.03,16.13,16.15,15.95,1921,3050233.0,1.24,0.31,0.05,1.15,0.1999999999999993
2012-09-20,300308,16.1,15.54,16.1,15.5,4353,6756325.0,3.72,-3.66,-0.59,2.61,0.6000000000000014
2012-09-21,300308,15.56,15.54,15.7,15.43,2358,3628350.0,1.74,0.0,0.0,1.41,0.2699999999999996
2012-09-24,300308,15.33,15.55,15.63,15.22,1496,2283735.0,2.64,0.06,0.01,0.9,0.41000000000000014
2012-09-25,300308,15.41,15.3,15.6,15.29,1566,2381299.0,1.99,-1.61,-0.25,0.94,0.3100000000000005
2012-09-26,300308,15.38,14.92,15.38,14.92,1904,2844630.0,3.01,-2.48,-0.38,1.14,0.46000000000000085
2012-09-27,300308,15.32,15.33,15.46,14.95,2169,3272121.0,3.42,2.75,0.41,1.3,0.5100000000000016
2012-09-28,300308,15.3,15.56,15.57,15.26,1865,2847126.0,2.02,1.5,0.23,1.12,0.3100000000000005
2012-10-08,300308,15.55,15.56,15.64,15.4,1184,1809057.0,1.54,0.0,0.0,0.71,0.2400000000000002
2012-10-09,300308,15.62,16.2,16.24,15.56,5722,9052233.0,4.37,4.11,0.64,3.43,0.6799999999999979
2012-10-10,300308,16.1,16.68,17.8,16.02,9435,15481886.0,10.99,2.96,0.48,5.66,1.7800000000000011
2012-10-11,300308,16.66,16.11,16.66,16.07,4501,7254605.0,3.54,-3.42,-0.57,2.7,0.5899999999999999
2012-10-12,300308,16.2,16.01,16.37,15.87,2699,4279472.0,3.1,-0.62,-0.1,1.62,0.5000000000000018
2012-10-15,300308,15.8,15.18,15.8,15.0,5738,8665050.0,5.0,-5.18,-0.83,3.44,0.8000000000000007
2012-10-16,300308,15.17,15.26,15.55,15.17,3019,4586622.0,2.5,0.53,0.08,1.81,0.3800000000000008
2012-10-17,300308,15.33,15.32,15.44,15.16,1720,2595600.0,1.83,0.39,0.06,1.03,0.27999999999999936
2012-10-18,300308,15.56,15.5,15.57,15.35,2775,4241907.0,1.44,1.17,0.18,1.66,0.22000000000000064
2012-10-19,300308,15.48,15.55,15.57,15.45,2199,3365053.0,0.77,0.32,0.05,1.32,0.120000000000001
2012-10-22,300308,15.54,15.59,15.6,15.4,1659,2543657.0,1.29,0.26,0.04,1.0,0.1999999999999993
2012-10-23,300308,15.6,15.49,15.69,15.43,2033,3114551.0,1.67,-0.64,-0.1,1.22,0.2599999999999998
2012-10-24,300308,15.3,15.3,15.44,15.26,2350,3556474.0,1.16,-1.23,-0.19,1.41,0.17999999999999972
2012-10-25,300308,15.3,15.21,15.43,15.2,2205,3321145.0,1.5,-0.59,-0.09,1.32,0.23000000000000043
2012-10-26,300308,15.06,14.97,15.25,14.95,1990,2957888.0,1.97,-1.58,-0.24,1.19,0.3000000000000007
2012-10-29,300308,14.98,15.0,15.13,14.9,853,1264137.0,1.54,0.2,0.03,0.51,0.23000000000000043
2012-10-30,300308,15.1,15.1,15.12,15.0,715,1061670.0,0.8,0.67,0.1,0.43,0.11999999999999922
2012-10-31,300308,15.2,15.12,15.27,15.04,1169,1747535.0,1.52,0.13,0.02,0.7,0.23000000000000043
2012-11-01,300308,15.3,15.36,15.43,15.13,2074,3135262.0,1.98,1.59,0.24,1.24,0.29999999999999893
2012-11-02,300308,15.29,15.31,15.4,15.2,1726,2603130.0,1.3,-0.33,-0.05,1.04,0.20000000000000107
2012-11-05,300308,15.31,15.31,15.38,15.23,1384,2089080.0,0.98,0.0,0.0,0.83,0.15000000000000036
2012-11-06,300308,15.31,15.64,15.65,15.08,5775,8768600.0,3.72,2.16,0.33,3.46,0.5700000000000003
2012-11-07,300308,15.47,15.42,15.55,15.27,2800,4246538.0,1.79,-1.41,-0.22,1.68,0.28000000000000114
2012-11-08,300308,15.33,14.89,15.33,14.88,4393,6514978.0,2.92,-3.44,-0.53,2.64,0.4499999999999993
2012-11-09,300308,14.89,14.88,15.04,14.84,1449,2132156.0,1.34,-0.07,-0.01,0.87,0.1999999999999993
2012-11-12,300308,14.97,15.0,15.05,14.92,1027,1519110.0,0.87,0.81,0.12,0.62,0.13000000000000078
2012-11-13,300308,15.04,14.85,15.05,14.85,1299,1915542.0,1.33,-1.0,-0.15,0.78,0.20000000000000107
2012-11-14,300308,14.85,14.91,15.0,14.8,1243,1830330.0,1.35,0.4,0.06,0.75,0.1999999999999993
2012-11-15,300308,14.92,14.95,15.05,14.8,2372,3497762.0,1.68,0.27,0.04,1.42,0.25
2012-11-16,300308,14.95,14.83,14.95,14.64,1298,1891952.0,2.07,-0.8,-0.12,0.78,0.3099999999999987
2012-11-19,300308,14.61,14.89,14.89,14.6,1190,1731826.0,1.96,0.4,0.06,0.71,0.2900000000000009
2012-11-20,300308,14.88,15.0,15.19,14.75,3099,4584192.0,2.96,0.74,0.11,1.86,0.4399999999999995
2012-11-21,300308,14.86,15.28,15.33,14.59,4457,6597277.0,4.93,1.87,0.28,2.67,0.7400000000000002
2012-11-22,300308,15.05,15.17,15.2,14.92,2410,3593576.0,1.83,-0.72,-0.11,1.45,0.27999999999999936
2012-11-23,300308,15.19,15.03,15.25,15.02,1308,1950340.0,1.52,-0.92,-0.14,0.78,0.23000000000000043
2012-11-26,300308,14.83,14.77,15.03,14.77,1076,1579095.0,1.73,-1.73,-0.26,0.65,0.2599999999999998
2012-11-27,300308,14.73,13.99,14.85,13.99,3831,5372426.0,5.82,-5.28,-0.78,2.3,0.8599999999999994
2012-11-28,300308,13.99,13.52,13.99,13.42,2114,2830641.0,4.07,-3.36,-0.47,1.27,0.5700000000000003
2012-11-29,300308,13.42,13.05,13.57,12.92,2267,2968028.0,4.81,-3.48,-0.47,1.36,0.6500000000000004
2012-11-30,300308,13.1,13.07,13.3,13.0,1296,1677042.0,2.3,0.15,0.02,0.78,0.3000000000000007
2012-12-03,300308,13.18,12.61,13.28,12.61,1454,1853062.0,5.13,-3.52,-0.46,0.87,0.6699999999999999
2012-12-04,300308,12.61,12.5,12.64,12.1,4897,5908575.0,4.28,-0.87,-0.11,2.94,0.5400000000000009
2012-12-05,300308,12.45,12.88,13.08,12.45,5271,6668496.0,5.04,3.04,0.38,3.16,0.6300000000000008
2012-12-06,300308,12.89,13.01,13.01,12.81,2526,3214865.0,1.55,1.01,0.13,1.52,0.1999999999999993
2012-12-07,300308,12.98,13.28,13.28,12.82,3922,5084817.0,3.54,2.08,0.27,2.35,0.4599999999999991
2012-12-10,300308,13.35,13.52,13.56,13.21,4263,5619558.0,2.64,1.81,0.24,2.56,0.34999999999999964
2012-12-11,300308,13.4,13.31,13.47,13.29,2880,3787566.0,1.33,-1.55,-0.21,1.73,0.1800000000000015
2012-12-12,300308,13.27,13.39,13.47,13.09,3163,4124687.0,2.85,0.6,0.08,1.9,0.3800000000000008
2012-12-13,300308,13.39,13.11,13.46,13.11,2035,2654379.0,2.61,-2.09,-0.28,1.22,0.3500000000000014
2012-12-14,300308,13.01,13.61,13.7,13.0,4949,6599576.0,5.34,3.81,0.5,2.97,0.6999999999999993
2012-12-17,300308,13.61,13.67,13.84,13.52,3721,5009911.0,2.35,0.44,0.06,2.23,0.3200000000000003
2012-12-18,300308,13.7,13.59,13.87,13.56,2803,3787676.0,2.27,-0.59,-0.08,1.68,0.3099999999999987
2012-12-19,300308,13.6,13.79,13.84,13.59,3551,4804030.0,1.84,1.47,0.2,2.13,0.25
2012-12-20,300308,14.22,15.15,15.15,14.22,12758,18765540.0,6.74,9.86,1.36,7.65,0.9299999999999997
2012-12-21,300308,15.9,16.2,16.65,15.5,46859,73987043.0,7.59,6.93,1.05,28.11,1.1499999999999986
2012-12-24,300308,15.98,16.93,17.11,15.85,37912,62284280.0,7.78,4.51,0.73,22.74,1.2599999999999998
2012-12-25,300308,16.62,16.97,17.37,16.51,34023,56846186.0,5.08,0.24,0.04,20.41,0.8599999999999994
2012-12-26,300308,16.87,17.84,18.03,16.85,31533,54733812.0,6.95,5.13,0.87,18.92,1.1799999999999997
2012-12-27,300308,17.82,17.06,17.83,17.01,25066,42836908.0,4.6,-4.37,-0.78,15.04,0.8199999999999967
2012-12-28,300308,16.81,16.95,17.37,16.63,21523,36151344.0,4.34,-0.64,-0.11,12.91,0.740000000000002
2012-12-31,300308,16.93,16.62,17.02,16.2,12531,20594271.0,4.84,-1.95,-0.33,7.52,0.8200000000000003
2013-01-04,300308,16.66,17.2,17.49,16.51,20909,35085740.0,5.9,3.49,0.58,12.54,0.9799999999999969
2013-01-07,300308,17.1,17.28,17.45,16.91,14519,24617645.0,3.14,0.47,0.08,8.71,0.5399999999999991
2013-01-08,300308,17.28,17.35,17.75,17.08,16676,28626281.0,3.88,0.41,0.07,10.0,0.6700000000000017
2013-01-09,300308,17.2,16.7,17.21,16.46,13251,22058126.0,4.32,-3.75,-0.65,7.95,0.75
2013-01-10,300308,16.55,16.73,17.05,16.53,9520,15765172.0,3.11,0.18,0.03,5.71,0.5199999999999996
2013-01-11,300308,16.85,17.15,17.72,16.85,32464,55759588.0,5.2,2.51,0.42,19.47,0.8699999999999974
2013-01-14,300308,16.98,18.4,18.79,16.95,31374,55591567.0,10.73,7.29,1.25,18.82,1.8399999999999999
2013-01-15,300308,18.2,18.25,18.45,18.01,18595,33488492.0,2.39,-0.82,-0.15,11.16,0.4399999999999977
2013-01-16,300308,18.2,17.63,18.28,17.35,18007,31611125.0,5.1,-3.4,-0.62,10.8,0.9299999999999997
2013-01-17,300308,17.65,17.77,17.87,17.42,11444,19964571.0,2.55,0.79,0.14,6.87,0.4499999999999993
2013-01-18,300308,17.62,17.49,17.87,17.11,13190,22762101.0,4.28,-1.58,-0.28,7.91,0.7600000000000016
2013-01-21,300308,17.55,17.74,17.78,17.38,7549,13135347.0,2.29,1.43,0.25,4.53,0.40000000000000213
2013-01-22,300308,17.75,16.75,17.78,16.65,13718,23268955.0,6.37,-5.58,-0.99,8.23,1.1300000000000026
2013-01-23,300308,16.56,16.8,16.87,16.49,7589,12489326.0,2.27,0.3,0.05,4.55,0.38000000000000256
2013-01-24,300308,16.8,16.32,17.11,16.1,8312,13668130.0,6.01,-2.86,-0.48,4.99,1.009999999999998
2013-01-25,300308,16.4,16.3,16.5,16.11,3833,6166375.0,2.39,-0.12,-0.02,2.3,0.39000000000000057
2013-01-28,300308,16.4,16.81,16.85,16.2,6862,11204378.0,3.99,3.13,0.51,4.12,0.6500000000000021
2013-01-29,300308,16.81,16.76,16.95,16.68,7639,12698616.0,1.61,-0.3,-0.05,4.58,0.2699999999999996
2013-01-30,300308,16.66,16.4,16.74,16.19,9124,14733445.0,3.28,-2.15,-0.36,5.47,0.5499999999999972
2013-01-31,300308,16.0,15.69,16.08,15.46,22422,34826151.0,3.78,-4.33,-0.71,13.45,0.6199999999999974
2013-02-01,300308,15.79,15.89,16.1,15.52,6207,9732330.0,3.7,1.27,0.2,3.72,0.5800000000000018
2013-02-04,300308,16.05,16.05,16.18,15.72,6267,9885733.0,2.89,1.01,0.16,3.76,0.4599999999999991
2013-02-05,300308,16.03,16.46,16.6,16.0,6391,10369190.0,3.74,2.55,0.41,3.83,0.6000000000000014
2013-02-06,300308,16.47,16.37,16.56,16.12,4451,7158332.0,2.67,-0.55,-0.09,2.67,0.4399999999999977
2013-02-07,300308,16.25,16.65,16.78,16.25,3512,5739436.0,3.24,1.71,0.28,2.11,0.5300000000000011
2013-02-08,300308,16.64,16.7,16.77,16.48,4728,7796170.0,1.74,0.3,0.05,2.84,0.28999999999999915
2013-02-18,300308,16.66,16.8,16.9,16.57,5400,8929724.0,1.98,0.6,0.1,3.24,0.3299999999999983
2013-02-19,300308,16.88,17.1,17.4,16.69,14088,23870159.0,4.23,1.79,0.3,8.45,0.7099999999999973
2013-02-20,300308,17.16,18.01,18.17,17.0,16656,28988931.0,6.84,5.32,0.91,9.99,1.1700000000000017
2013-02-21,300308,17.68,17.52,18.15,17.35,10414,18155874.0,4.44,-2.72,-0.49,6.25,0.7999999999999972
2013-02-22,300308,17.66,16.85,17.66,16.81,10992,18504197.0,4.85,-3.82,-0.67,6.59,0.8500000000000014
2013-02-25,300308,16.8,17.08,17.1,16.73,4525,7566092.0,2.2,1.36,0.23,2.71,0.370000000000001
2013-02-26,300308,17.89,17.17,17.89,16.81,13619,23471979.0,6.32,0.53,0.09,8.17,1.0800000000000018
2013-02-27,300308,17.2,16.72,17.35,16.53,7328,12204555.0,4.78,-2.62,-0.45,4.4,0.8200000000000003
2013-02-28,300308,16.52,16.78,16.88,16.36,6645,10943141.0,3.11,0.36,0.06,3.99,0.5199999999999996
2013-03-01,300308,16.8,17.26,17.45,16.73,10101,17128220.0,4.29,2.86,0.48,6.06,0.7199999999999989
2013-03-04,300308,17.2,16.55,17.2,16.44,5886,9788766.0,4.4,-4.11,-0.71,3.53,0.759999999999998
2013-03-05,300308,16.43,16.75,16.8,16.41,5789,9501750.0,2.36,1.21,0.2,3.47,0.39000000000000057
2013-03-06,300308,16.75,17.23,17.3,16.7,8756,14779415.0,3.58,2.87,0.48,5.25,0.6000000000000014
2013-03-07,300308,17.17,16.98,17.28,16.82,7589,12824814.0,2.67,-1.45,-0.25,4.55,0.46000000000000085
2013-03-08,300308,17.12,16.82,17.12,16.8,3719,6232707.0,1.88,-0.94,-0.16,2.23,0.3200000000000003
2013-03-11,300308,16.83,17.04,17.05,16.72,3201,5355912.0,1.96,1.31,0.22,1.92,0.33000000000000185
2013-03-12,300308,16.82,16.17,17.14,16.03,5538,9058478.0,6.51,-5.11,-0.87,3.32,1.1099999999999994
2013-03-13,300308,16.11,16.05,16.29,15.66,3373,5286867.0,3.9,-0.74,-0.12,2.02,0.629999999999999
2013-03-14,300308,16.04,16.0,16.38,15.96,1834,2927794.0,2.62,-0.31,-0.05,1.1,0.41999999999999815
2013-03-15,300308,16.02,16.19,16.43,15.8,3433,5495577.0,3.94,1.19,0.19,2.06,0.629999999999999
2013-03-18,300308,16.38,16.37,16.4,16.01,4047,6519568.0,2.41,1.11,0.18,2.43,0.389999999999997
2013-03-19,300308,17.09,16.31,17.09,16.06,9376,15219073.0,6.29,-0.37,-0.06,5.62,1.0300000000000011
2013-03-20,300308,16.7,16.58,16.7,16.22,8187,13304882.0,2.94,1.66,0.27,4.91,0.4800000000000004
2013-03-21,300308,16.56,16.5,16.65,16.35,7657,12440228.0,1.81,-0.48,-0.08,4.59,0.29999999999999716
2013-03-22,300308,16.55,16.43,16.55,16.37,4653,7552679.0,1.09,-0.42,-0.07,2.79,0.17999999999999972
2013-03-25,300308,16.39,16.2,16.46,16.01,4404,7041100.0,2.74,-1.4,-0.23,2.64,0.4499999999999993
2013-03-26,300308,16.28,16.24,16.36,15.9,4331,6933193.0,2.84,0.25,0.04,2.6,0.4599999999999991
2013-03-27,300308,16.3,16.25,16.32,16.12,2961,4748466.0,1.23,0.06,0.01,1.78,0.1999999999999993
2013-03-28,300308,16.17,15.64,16.17,15.64,3106,4861362.0,3.26,-3.75,-0.61,1.86,0.5300000000000011
2013-03-29,300308,15.62,15.56,15.87,15.42,1718,2638933.0,2.88,-0.51,-0.08,1.03,0.4499999999999993
2013-04-01,300308,15.66,15.52,15.76,15.51,1323,2040105.0,1.61,-0.26,-0.04,0.79,0.25
2013-04-02,300308,15.79,15.48,15.85,15.48,1431,2205117.0,2.38,-0.26,-0.04,0.86,0.3699999999999992
2013-04-03,300308,15.51,15.0,15.51,14.99,2153,3212690.0,3.36,-3.1,-0.48,1.29,0.5199999999999996
2013-04-08,300308,14.94,14.88,14.94,14.6,1906,2774877.0,2.27,-0.8,-0.12,1.14,0.33999999999999986
2013-04-09,300308,15.0,15.11,15.17,14.82,1461,2177064.0,2.35,1.55,0.23,0.88,0.34999999999999964
2013-04-10,300308,15.19,15.02,15.23,14.9,1901,2824169.0,2.18,-0.6,-0.09,0.82,0.33000000000000007
2013-04-11,300308,15.06,14.85,15.15,14.71,2185,3222300.0,2.93,-1.13,-0.17,0.94,0.4399999999999995
2013-04-12,300308,14.84,14.82,14.99,14.62,1543,2252458.0,2.49,-0.2,-0.03,0.66,0.370000000000001
2013-04-15,300308,14.81,14.77,14.87,14.62,986,1431681.0,1.69,-0.34,-0.05,0.42,0.25
2013-04-16,300308,14.68,14.96,15.05,14.34,1709,2497501.0,4.81,1.29,0.19,0.73,0.7100000000000009
2013-04-17,300308,14.88,15.09,15.09,14.86,1682,2489224.0,1.54,0.87,0.13,0.72,0.23000000000000043
2013-04-18,300308,15.0,15.11,15.15,14.9,1842,2734432.0,1.66,0.13,0.02,0.79,0.25
2013-04-19,300308,15.25,15.85,15.93,15.25,8086,12445989.0,4.5,4.9,0.74,3.48,0.6799999999999997
2013-04-22,300308,15.72,16.78,17.02,15.71,18833,30758159.0,8.26,5.87,0.93,8.1,1.3099999999999987
2013-04-23,300308,16.7,16.8,17.18,16.41,20831,34881022.0,4.59,0.12,0.02,8.96,0.7699999999999996
2013-04-24,300308,16.64,17.74,17.95,16.64,21503,36991254.0,7.8,5.6,0.94,9.25,1.3099999999999987
2013-04-25,300308,17.79,17.32,17.83,17.02,17961,31054650.0,4.57,-2.37,-0.42,7.72,0.8099999999999987
2013-04-26,300308,17.4,16.62,17.45,16.58,11321,18904417.0,5.02,-4.04,-0.7,4.87,0.870000000000001
2013-05-02,300308,16.57,17.14,17.19,16.49,9377,15667209.0,4.21,3.13,0.52,4.03,0.7000000000000028
2013-05-03,300308,17.15,17.29,17.56,17.08,11994,20594766.0,2.8,0.88,0.15,5.16,0.4800000000000004
2013-05-06,300308,17.47,17.6,17.66,17.17,12494,21558709.0,2.83,1.79,0.31,5.37,0.48999999999999844
2013-05-07,300308,17.41,17.57,17.66,17.23,8958,15438202.0,2.44,-0.17,-0.03,3.85,0.4299999999999997
2013-05-08,300308,17.65,18.21,18.39,17.47,22450,40005870.0,5.24,3.64,0.64,9.65,0.9200000000000017
2013-05-09,300308,18.65,17.64,18.65,17.37,26801,47333843.0,7.03,-3.13,-0.57,11.52,1.2799999999999976
2013-05-10,300308,17.5,19.38,19.38,17.4,38602,71790900.0,11.22,9.86,1.74,16.6,1.9800000000000004
2013-05-13,300308,19.2,19.43,19.46,18.8,22863,43158461.0,3.41,0.26,0.05,9.83,0.6600000000000001
2013-05-14,300308,19.16,18.62,19.36,18.62,17228,32303320.0,3.81,-4.17,-0.81,7.41,0.7399999999999984
2013-05-15,300308,18.53,18.98,19.39,18.31,21618,40428793.0,5.8,1.93,0.36,9.3,1.0800000000000018
2013-05-16,300308,19.0,18.53,19.17,18.41,27426,50984740.0,4.0,-2.37,-0.45,11.79,0.7600000000000016
2013-05-17,300308,18.48,18.48,18.84,18.08,33582,33783825.0,4.1,-0.27,-0.05,8.02,0.7600000000000016
2013-05-20,300308,18.53,18.82,19.29,18.37,46866,48312794.0,4.98,1.84,0.34,11.2,0.9199999999999982
2013-05-21,300308,18.84,19.6,19.81,18.48,55424,57905884.0,7.07,4.14,0.78,13.24,1.3299999999999983
2013-05-22,300308,19.45,18.86,19.7,18.75,38802,40652604.0,4.85,-3.78,-0.74,9.27,0.9499999999999993
2013-05-23,300308,18.59,18.73,19.27,18.43,25189,25944408.0,4.45,-0.69,-0.13,6.02,0.8399999999999999
2013-05-24,300308,18.79,19.2,19.31,18.73,29338,30625095.0,3.1,2.51,0.47,7.01,0.5799999999999983
2013-05-27,300308,19.31,19.2,19.49,18.95,28649,30030611.0,2.81,0.0,0.0,6.84,0.5399999999999991
2013-05-28,300308,19.2,18.3,19.2,18.26,43690,44118392.0,4.9,-4.69,-0.9,10.44,0.9399999999999977
2013-05-29,300308,18.28,18.48,18.48,17.98,30063,30019532.0,2.73,0.98,0.18,7.18,0.5
2013-05-30,300308,18.3,18.5,18.61,18.21,17864,18024091.0,2.16,0.11,0.02,4.27,0.3999999999999986
2013-05-31,300308,18.5,18.34,18.61,18.26,18675,18836155.0,1.89,-0.86,-0.16,4.46,0.34999999999999787
2013-06-03,300308,18.34,18.12,18.5,18.07,13643,13618410.0,2.34,-1.2,-0.22,3.26,0.4299999999999997
2013-06-04,300308,18.12,17.4,18.14,17.02,21814,20833734.0,6.18,-3.97,-0.72,5.21,1.120000000000001
2013-06-05,300308,17.13,17.26,17.56,17.08,9787,9225027.0,2.76,-0.8,-0.14,2.34,0.4800000000000004
2013-06-06,300308,17.15,16.73,17.31,16.63,11031,10263885.0,3.94,-3.07,-0.53,2.64,0.6799999999999997
2013-06-07,300308,16.82,16.82,17.04,16.57,7899,7221623.0,2.81,0.54,0.09,1.89,0.46999999999999886
2013-06-13,300308,16.73,16.27,16.73,16.0,9043,8033930.0,4.34,-3.27,-0.55,2.16,0.7300000000000004
2013-06-14,300308,16.3,17.13,17.33,16.18,16022,14761130.0,7.07,5.29,0.86,3.83,1.1499999999999986
2013-06-17,300308,17.09,17.54,17.92,16.77,27001,25667354.0,6.71,2.39,0.41,6.45,1.1500000000000021
2013-06-18,300308,17.4,17.36,17.58,17.08,12415,11733482.0,2.85,-1.03,-0.18,2.97,0.5
2013-06-19,300308,17.35,17.08,17.35,16.68,9474,8743662.0,3.86,-1.61,-0.28,2.26,0.6700000000000017
2013-06-20,300308,17.04,16.34,17.04,16.32,8856,8064959.0,4.22,-4.33,-0.74,2.12,0.7199999999999989
2013-06-21,300308,16.09,16.07,16.28,15.65,10005,8698004.0,3.86,-1.65,-0.27,2.39,0.6300000000000008
2013-06-24,300308,16.07,14.57,16.07,14.52,12847,10654591.0,9.65,-9.33,-1.5,3.07,1.5500000000000007
2013-06-25,300308,14.66,14.61,14.9,13.31,17212,13323820.0,10.91,0.27,0.04,4.11,1.5899999999999999
2013-06-26,300308,14.5,15.35,15.35,14.38,21638,17552781.0,6.64,5.07,0.74,5.17,0.9699999999999989
2013-06-27,300308,15.35,14.7,15.53,14.61,17311,14259699.0,5.99,-4.23,-0.65,4.14,0.9199999999999999
2013-06-28,300308,14.7,15.6,15.6,14.34,19035,15629967.0,8.57,6.12,0.9,4.55,1.2599999999999998
2013-07-01,300308,15.69,16.73,16.86,15.62,38907,34952288.0,7.95,7.24,1.13,9.29,1.2400000000000002
2013-07-02,300308,16.63,16.82,17.17,16.43,25211,23132724.0,4.42,0.54,0.09,6.02,0.740000000000002
2013-07-03,300308,16.52,16.95,17.08,16.0,20704,18698062.0,6.42,0.77,0.13,4.95,1.0799999999999983
2013-07-04,300308,16.84,16.64,17.22,16.59,19596,18031696.0,3.72,-1.83,-0.31,4.68,0.629999999999999
2013-07-05,300308,16.54,16.07,16.77,15.96,14965,13374235.0,4.87,-3.43,-0.57,3.58,0.8099999999999987
2013-07-08,300308,15.96,15.11,15.96,15.02,13018,10870909.0,5.85,-5.97,-0.96,3.11,0.9400000000000013
2013-07-09,300308,14.9,15.17,15.33,14.72,7717,6371556.0,4.04,0.4,0.06,1.84,0.6099999999999994
2013-07-10,300308,15.19,15.65,15.65,15.08,10579,8884806.0,3.76,3.16,0.48,2.53,0.5700000000000003
2013-07-11,300308,15.69,15.92,16.36,15.53,14076,12196448.0,5.3,1.73,0.27,3.36,0.8300000000000001
2013-07-12,300308,16.0,15.83,16.48,15.82,15738,13902722.0,4.15,-0.57,-0.09,3.76,0.6600000000000001
2013-07-15,300308,15.62,15.91,16.01,15.56,15091,13004189.0,2.84,0.51,0.08,3.6,0.45000000000000107
2013-07-16,300308,15.82,16.52,16.52,15.74,21664,19248738.0,4.9,3.83,0.61,5.18,0.7799999999999994
2013-07-17,300308,16.46,16.0,16.72,15.96,18222,16248910.0,4.6,-3.15,-0.52,4.35,0.759999999999998
2013-07-18,300308,15.8,16.23,16.41,15.76,14784,12974925.0,4.06,1.44,0.23,3.53,0.6500000000000004
2013-07-19,300308,16.3,16.23,17.0,16.23,32918,29868543.0,4.74,0.0,0.0,7.86,0.7699999999999996
2013-07-22,300308,16.03,16.77,16.77,15.6,17737,15717084.0,7.21,3.33,0.54,4.24,1.17
2013-07-23,300308,16.77,17.11,17.13,16.57,33007,30476462.0,3.34,2.03,0.34,7.89,0.5599999999999987
2013-07-24,300308,17.04,17.18,17.33,16.7,23506,21850550.0,3.68,0.41,0.07,5.62,0.629999999999999
2013-07-25,300308,17.08,16.43,17.35,16.37,20577,18802344.0,5.7,-4.37,-0.75,4.92,0.9800000000000004
2013-07-26,300308,16.27,16.09,16.46,15.35,15789,13729030.0,6.76,-2.07,-0.34,3.77,1.1100000000000012
2013-07-29,300308,15.96,15.6,16.16,15.56,8939,7686813.0,3.73,-3.05,-0.49,2.14,0.5999999999999996
2013-07-30,300308,15.82,15.38,15.82,15.04,8278,6921802.0,5.0,-1.41,-0.22,1.98,0.7800000000000011
2013-07-31,300308,15.55,15.56,15.64,15.33,6844,5791400.0,2.02,1.17,0.18,1.63,0.3100000000000005
2013-08-01,300308,15.78,16.52,16.66,15.6,16200,14343327.0,6.81,6.17,0.96,3.87,1.0600000000000005
2013-08-02,300308,16.5,17.38,17.92,16.34,37306,34958008.0,9.56,5.21,0.86,8.91,1.5800000000000018
2013-08-05,300308,17.22,17.44,17.49,17.04,23011,21693358.0,2.59,0.35,0.06,5.5,0.4499999999999993
2013-08-06,300308,17.38,17.38,17.56,17.15,18426,17452661.0,2.35,-0.34,-0.06,4.4,0.41000000000000014
2013-08-07,300308,17.29,16.64,17.49,16.59,18659,17289537.0,5.18,-4.26,-0.74,4.46,0.8999999999999986
2013-08-08,300308,16.64,16.82,17.0,16.54,11808,10819969.0,2.76,1.08,0.18,2.82,0.46000000000000085
2013-08-09,300308,16.84,16.88,16.97,16.54,13085,11975101.0,2.56,0.36,0.06,3.13,0.4299999999999997
2013-08-12,300308,16.86,17.47,17.53,16.86,27986,26398017.0,3.97,3.5,0.59,6.69,0.6700000000000017
2013-08-13,300308,17.44,17.51,17.51,17.18,19906,18879439.0,1.89,0.23,0.04,4.76,0.33000000000000185
2013-08-14,300308,17.51,17.96,18.32,17.24,42214,41219596.0,6.17,2.57,0.45,10.08,1.0800000000000018
2013-08-15,300308,17.87,17.54,17.9,17.53,21570,20814174.0,2.06,-2.34,-0.42,5.15,0.36999999999999744
2013-08-16,300308,17.31,16.7,17.74,16.68,20453,19184003.0,6.04,-4.79,-0.84,4.89,1.0599999999999987
2013-08-19,300308,16.64,17.62,17.63,16.64,18154,17110668.0,5.93,5.51,0.92,4.34,0.9899999999999984
2013-08-20,300308,17.47,17.98,18.25,17.06,41807,40809283.0,6.75,2.04,0.36,9.99,1.1900000000000013
2013-08-21,300308,17.92,18.32,18.37,17.67,36763,36274691.0,3.89,1.89,0.34,8.78,0.6999999999999993
2013-08-22,300308,18.25,17.92,18.59,17.8,32328,32149628.0,4.31,-2.18,-0.4,7.72,0.7899999999999991
2013-08-23,300308,17.8,17.76,18.17,17.18,24467,23770643.0,5.52,-0.89,-0.16,5.85,0.990000000000002
2013-08-26,300308,17.8,18.12,18.21,17.58,18784,18466954.0,3.55,2.03,0.36,4.49,0.6300000000000026
2013-08-27,300308,18.14,17.92,18.26,17.53,22449,21814791.0,4.03,-1.1,-0.2,5.36,0.7300000000000004
2013-08-28,300308,17.71,17.38,17.76,17.29,20693,19773031.0,2.62,-3.01,-0.54,4.94,0.4700000000000024
2013-08-29,300308,17.42,17.35,17.76,17.18,11114,10559534.0,3.34,-0.17,-0.03,2.66,0.5800000000000018
2013-08-30,300308,17.35,16.77,17.47,16.68,16631,15495924.0,4.55,-3.34,-0.58,3.97,0.7899999999999991
2013-09-02,300308,16.77,17.18,17.2,16.7,7124,6605042.0,2.98,2.44,0.41,1.7,0.5
2013-09-03,300308,17.2,17.33,17.45,17.13,7624,7204123.0,1.86,0.87,0.15,1.82,0.3200000000000003
2013-09-04,300308,17.38,17.22,17.38,17.18,7969,7511277.0,1.15,-0.63,-0.11,1.9,0.1999999999999993
2013-09-05,300308,17.33,17.58,17.65,17.17,12057,11505574.0,2.79,2.09,0.36,2.88,0.4799999999999969
2013-09-06,300308,17.47,17.69,17.72,17.35,11563,11112516.0,2.1,0.63,0.11,2.76,0.36999999999999744
2013-09-09,300308,17.69,17.78,17.83,17.47,14212,13741525.0,2.04,0.51,0.09,3.4,0.35999999999999943
2013-09-10,300308,17.76,17.56,17.8,17.38,12693,12137203.0,2.36,-1.24,-0.22,3.03,0.4200000000000017
2013-09-11,300308,17.53,17.11,17.53,17.06,10578,9914851.0,2.68,-2.56,-0.45,2.53,0.4700000000000024
2013-09-12,300308,17.09,17.11,17.38,17.04,6805,6381452.0,1.99,0.0,0.0,1.63,0.33999999999999986
2013-09-13,300308,17.11,17.22,17.31,16.95,6193,5788136.0,2.1,0.64,0.11,1.48,0.35999999999999943
2013-09-16,300308,17.31,17.13,17.31,17.13,4848,4551911.0,1.05,-0.52,-0.09,1.16,0.17999999999999972
2013-09-17,300308,17.0,16.97,17.22,16.97,5870,5466506.0,1.46,-0.93,-0.16,1.4,0.25
2013-09-18,300308,16.97,17.27,17.27,16.95,4468,4182901.0,1.89,1.77,0.3,1.07,0.3200000000000003
2013-09-23,300308,17.29,17.71,17.72,17.27,14782,14207686.0,2.61,2.55,0.44,3.53,0.4499999999999993
2013-09-24,300308,17.63,17.83,17.83,17.47,14054,13579368.0,2.03,0.68,0.12,3.36,0.35999999999999943
2013-09-25,300308,17.83,17.65,18.1,17.6,12260,11946144.0,2.8,-1.01,-0.18,2.93,0.5
2013-09-26,300308,17.69,17.71,17.8,17.45,7638,7362066.0,1.98,0.34,0.06,1.82,0.3500000000000014
2013-09-27,300308,17.71,17.78,17.8,17.49,7197,6933056.0,1.75,0.4,0.07,1.72,0.3100000000000023
2013-09-30,300308,17.69,17.87,17.99,17.56,8878,8637221.0,2.42,0.51,0.09,2.12,0.4299999999999997
2013-10-08,300308,17.85,18.14,18.16,17.8,11439,11238060.0,2.01,1.51,0.27,2.73,0.35999999999999943
2013-10-09,300308,18.16,18.7,19.02,18.05,32412,33013760.0,5.35,3.09,0.56,7.74,0.9699999999999989
2013-10-10,300308,18.98,18.59,18.98,18.26,20550,20857859.0,3.85,-0.59,-0.11,4.91,0.7199999999999989
2013-10-11,300308,18.57,18.55,18.71,18.39,12630,12819714.0,1.72,-0.22,-0.04,3.02,0.3200000000000003
2013-10-14,300308,18.57,18.57,18.75,18.39,15144,15395007.0,1.94,0.11,0.02,3.62,0.35999999999999943
2013-10-15,300308,18.44,18.12,18.44,17.83,22397,22066252.0,3.28,-2.42,-0.45,5.35,0.610000000000003
2013-10-16,300308,18.1,17.58,18.1,17.29,15033,14451152.0,4.47,-2.98,-0.54,3.59,0.8100000000000023
2013-10-17,300308,17.62,17.94,18.16,17.56,13983,13627568.0,3.41,2.05,0.36,3.34,0.6000000000000014
2013-10-18,300308,17.9,17.9,18.1,17.76,6824,6694405.0,1.9,-0.22,-0.04,1.63,0.33999999999999986
2013-10-21,300308,17.81,18.19,18.26,17.74,14538,14377305.0,2.91,1.62,0.29,3.47,0.5200000000000031
2013-10-22,300308,18.23,18.7,19.74,18.23,41159,42812827.0,8.3,2.8,0.51,9.83,1.509999999999998
2013-10-23,300308,18.62,18.66,18.88,18.03,19233,19380962.0,4.55,-0.21,-0.04,4.59,0.8499999999999979
2013-10-24,300308,19.0,18.39,19.02,18.39,11861,12089906.0,3.38,-1.45,-0.27,2.83,0.629999999999999
2013-10-25,300308,18.3,17.83,18.59,17.4,14312,13957424.0,6.47,-3.05,-0.56,3.42,1.1900000000000013
2013-10-28,300308,17.92,17.4,17.92,17.22,7496,7186435.0,3.93,-2.41,-0.43,1.79,0.7000000000000028
2013-10-29,300308,17.85,17.38,17.85,16.25,15993,14845334.0,9.2,-0.11,-0.02,3.82,1.6000000000000014
2013-10-30,300308,17.33,17.51,17.56,17.06,6086,5758604.0,2.88,0.75,0.13,1.45,0.5
2013-10-31,300308,17.51,17.09,17.51,16.72,4457,4136055.0,4.51,-2.4,-0.42,1.06,0.7900000000000027
2013-11-01,300308,16.95,16.86,17.11,16.55,4473,4114041.0,3.28,-1.35,-0.23,1.07,0.5599999999999987
2013-11-04,300308,17.04,16.99,17.08,16.86,1903,1760218.0,1.3,0.77,0.13,0.45,0.21999999999999886
2013-11-05,300308,16.95,17.13,17.13,16.7,3865,3574835.0,2.53,0.82,0.14,0.92,0.4299999999999997
2013-11-06,300308,17.33,17.26,17.49,17.0,5874,5541288.0,2.86,0.76,0.13,1.4,0.48999999999999844
2013-11-07,300308,17.26,18.53,18.95,16.97,44231,44638137.0,11.47,7.36,1.27,10.57,1.9800000000000004
2013-11-08,300308,18.66,18.46,18.84,18.16,27067,27421330.0,3.67,-0.38,-0.07,6.47,0.6799999999999997
2013-11-11,300308,18.34,19.18,19.24,17.89,40703,41779655.0,7.31,3.9,0.72,9.72,1.3499999999999979
2013-11-12,300308,19.15,20.41,21.07,18.89,85569,94118196.0,11.37,6.41,1.23,20.44,2.1799999999999997
2013-11-13,300308,19.92,20.6,20.98,19.76,56954,63397810.0,5.98,0.93,0.19,13.61,1.2199999999999989
2013-11-14,300308,20.26,21.74,22.3,19.92,87150,101805252.0,11.55,5.53,1.14,20.82,2.379999999999999
2013-11-15,300308,21.68,23.03,23.45,21.31,96606,117811799.0,9.84,5.93,1.29,23.08,2.1400000000000006
2013-11-18,300308,23.03,24.44,24.92,22.71,115646,151305222.0,9.6,6.12,1.41,27.63,2.210000000000001
2013-11-19,300308,23.7,23.12,24.42,22.89,83567,107931729.0,6.26,-5.4,-1.32,19.96,1.5300000000000011
2013-11-20,300308,23.16,22.8,23.47,22.31,85320,106054170.0,5.02,-1.38,-0.32,20.38,1.1600000000000001
2013-11-21,300308,23.07,22.08,23.16,21.72,82004,100177550.0,6.32,-3.16,-0.72,19.59,1.4400000000000013
2013-11-22,300308,22.17,22.06,22.46,21.61,56230,67682300.0,3.85,-0.09,-0.02,13.43,0.8500000000000014
2013-11-25,300308,21.94,21.88,22.24,21.4,39735,47512488.0,3.81,-0.82,-0.18,9.49,0.8399999999999999
2013-11-26,300308,21.74,22.46,22.75,21.72,73547,89978858.0,4.71,2.65,0.58,17.57,1.0300000000000011
2013-11-27,300308,22.3,22.04,22.44,21.83,40129,48551319.0,2.72,-1.87,-0.42,9.59,0.610000000000003
2013-11-28,300308,22.21,22.55,22.67,21.72,57404,69790412.0,4.31,2.31,0.51,13.71,0.9500000000000028
2013-11-29,300308,22.6,22.67,22.94,22.26,61024,75760754.0,3.02,0.53,0.12,14.58,0.6799999999999997
2013-12-02,300308,20.89,20.44,21.16,20.44,31318,35352179.0,3.18,-9.84,-2.23,7.48,0.7199999999999989
2013-12-03,300308,18.95,19.16,19.65,18.43,62923,64806126.0,5.97,-6.26,-1.28,15.03,1.2199999999999989
2013-12-04,300308,19.04,18.86,19.49,18.86,43054,45236190.0,3.29,-1.57,-0.3,10.29,0.629999999999999
2013-12-05,300308,18.62,19.04,19.31,18.52,29061,30208411.0,4.19,0.95,0.18,6.94,0.7899999999999991
2013-12-06,300308,18.91,19.02,19.24,18.7,21222,22163764.0,2.84,-0.11,-0.02,5.07,0.5399999999999991
2013-12-09,300308,19.2,19.65,19.65,19.2,28413,30182147.0,2.37,3.31,0.63,6.79,0.4499999999999993
2013-12-10,300308,19.56,19.58,19.74,19.25,33481,35693436.0,2.49,-0.36,-0.07,8.0,0.48999999999999844
2013-12-11,300308,19.58,19.69,20.1,19.36,23884,25750516.0,3.78,0.56,0.11,5.71,0.740000000000002
2013-12-12,300308,19.88,19.76,19.92,19.58,15273,16499764.0,1.73,0.36,0.07,3.65,0.3400000000000034
2013-12-13,300308,19.65,19.92,20.06,19.6,24735,26799285.0,2.33,0.81,0.16,5.91,0.4599999999999973
2013-12-16,300308,19.74,19.72,20.08,19.69,20944,22703682.0,1.96,-1.0,-0.2,5.0,0.389999999999997
2013-12-17,300308,19.58,19.61,19.81,19.47,16318,17482327.0,1.72,-0.56,-0.11,3.9,0.33999999999999986
2013-12-18,300308,19.56,19.88,19.94,19.56,14751,15995433.0,1.94,1.38,0.27,3.52,0.38000000000000256
2013-12-19,300308,20.05,19.58,20.05,19.58,10878,11779737.0,2.36,-1.51,-0.3,2.6,0.4700000000000024
2013-12-20,300308,19.42,19.6,19.78,19.4,9670,10373120.0,1.94,0.1,0.02,2.31,0.38000000000000256
2013-12-23,300308,19.61,19.96,20.37,19.56,27885,30610117.0,4.13,1.84,0.36,6.66,0.8100000000000023
2013-12-24,300308,19.92,20.75,20.77,19.83,27284,30467340.0,4.71,3.96,0.79,6.52,0.9400000000000013
2013-12-25,300308,20.66,21.16,21.22,20.53,29470,33598074.0,3.33,1.98,0.41,7.04,0.6899999999999977
2013-12-26,300308,21.13,20.64,21.22,20.57,19426,22139129.0,3.07,-2.46,-0.52,4.64,0.6499999999999986
2013-12-27,300308,20.71,21.74,21.9,20.44,30745,35956940.0,7.07,5.33,1.1,7.34,1.4599999999999973
2013-12-30,300308,21.79,21.76,22.08,21.59,18878,22636659.0,2.25,0.09,0.02,4.51,0.48999999999999844
2013-12-31,300308,21.72,22.08,22.22,21.58,27041,32427338.0,2.94,1.47,0.32,6.46,0.6400000000000006
2014-01-02,300308,22.08,22.93,23.12,22.08,35405,44303458.0,4.71,3.85,0.85,8.46,1.0400000000000027
2014-01-03,300308,22.82,22.84,23.16,22.35,24341,30521130.0,3.53,-0.39,-0.09,5.81,0.8099999999999987
2014-01-06,300308,22.98,22.49,23.34,22.12,23449,29108695.0,5.34,-1.53,-0.35,5.6,1.2199999999999989
2014-01-07,300308,22.58,22.62,22.91,21.56,16950,20730728.0,6.0,0.58,0.13,4.05,1.3500000000000014
2014-01-08,300308,22.62,22.55,22.94,22.31,14213,17626874.0,2.79,-0.31,-0.07,3.4,0.6300000000000026
2014-01-09,300308,22.75,22.58,23.3,22.33,20543,25782852.0,4.3,0.13,0.03,4.91,0.9700000000000024
2014-01-10,300308,22.75,21.9,22.98,21.56,17387,20953196.0,6.29,-3.01,-0.68,4.15,1.4200000000000017
2014-01-13,300308,22.06,21.32,22.55,21.27,10668,12653936.0,5.84,-2.65,-0.58,2.55,1.2800000000000011
2014-01-14,300308,21.65,21.99,22.03,21.49,17987,21572715.0,2.53,3.14,0.67,4.3,0.5400000000000027
2014-01-15,300308,21.97,22.73,22.73,21.72,24027,29202615.0,4.59,3.37,0.74,5.74,1.0100000000000016
2014-01-16,300308,22.76,21.95,22.91,21.95,17248,21188154.0,4.22,-3.43,-0.78,4.12,0.9600000000000009
2014-01-17,300308,21.72,21.77,22.04,21.54,11488,13686945.0,2.28,-0.82,-0.18,2.74,0.5
2014-01-20,300308,21.72,21.83,22.06,21.56,7413,8856003.0,2.3,0.28,0.06,1.77,0.5
2014-01-21,300308,22.01,22.19,22.53,21.83,12786,15562808.0,3.21,1.65,0.36,3.05,0.7000000000000028
2014-01-22,300308,22.39,23.27,23.59,22.19,40846,51574058.0,6.31,4.87,1.08,9.76,1.3999999999999986
2014-01-23,300308,22.93,23.29,23.88,22.93,36965,47364648.0,4.08,0.09,0.02,8.83,0.9499999999999993
2014-01-24,300308,23.3,23.25,23.41,22.96,23873,30386460.0,1.93,-0.17,-0.04,5.7,0.4499999999999993
2014-01-27,300308,23.25,24.02,24.51,23.25,34878,45753301.0,5.42,3.31,0.77,8.33,1.2600000000000016
2014-01-28,300308,24.31,24.4,24.78,23.7,21549,28609680.0,4.5,1.58,0.38,5.15,1.0800000000000018
2014-01-29,300308,24.4,24.04,24.6,23.52,16297,21526421.0,4.43,-1.48,-0.36,3.89,1.0800000000000018
2014-01-30,300308,24.15,24.24,24.87,23.97,16897,22625602.0,3.74,0.83,0.2,4.04,0.9000000000000021
2014-02-07,300308,24.04,24.1,24.85,23.79,12066,15918703.0,4.37,-0.58,-0.14,2.88,1.0600000000000023
2014-02-10,300308,24.22,25.82,26.36,24.11,34452,47212239.0,9.34,7.14,1.72,8.23,2.25
2014-02-11,300308,25.9,27.21,27.86,25.82,40607,60034613.0,7.9,5.38,1.39,9.7,2.039999999999999
2014-02-12,300308,27.5,27.01,28.02,26.62,18929,28138583.0,5.15,-0.74,-0.2,4.52,1.3999999999999986
2014-02-13,300308,27.46,26.96,27.95,26.94,28347,42670711.0,3.74,-0.19,-0.05,6.77,1.009999999999998
2014-02-14,300308,27.28,27.84,27.95,26.4,32706,48829616.0,5.75,3.26,0.88,7.81,1.5500000000000007
2014-02-17,300308,28.2,29.14,29.75,27.95,27058,42916821.0,6.47,4.67,1.3,6.46,1.8000000000000007
2014-02-18,300308,29.62,28.16,29.64,28.04,35807,56189932.0,5.49,-3.36,-0.98,8.55,1.6000000000000014
2014-02-19,300308,28.2,27.26,28.49,26.96,18924,28847746.0,5.43,-3.2,-0.9,4.52,1.5299999999999976
2014-02-20,300308,27.44,28.13,28.38,27.12,23449,35897942.0,4.62,3.19,0.87,5.6,1.259999999999998
2014-02-21,300308,28.11,27.71,28.47,27.64,11895,18224927.0,2.95,-1.49,-0.42,2.84,0.8299999999999983
2014-02-24,300308,28.2,29.08,29.15,27.3,24308,38214901.0,6.68,4.94,1.37,5.81,1.8499999999999979
2014-02-25,300308,29.86,28.06,31.33,27.8,40200,66445634.0,12.14,-3.51,-1.02,9.6,3.5299999999999976
2014-02-26,300308,28.74,27.03,29.42,25.91,38526,57407573.0,12.51,-3.67,-1.03,9.2,3.5100000000000016
2014-02-27,300308,26.94,26.13,28.29,26.0,22978,34449673.0,8.47,-3.33,-0.9,5.49,2.289999999999999
2014-02-28,300308,26.67,27.05,27.3,25.14,15439,22202654.0,8.27,3.52,0.92,3.69,2.16
2014-03-03,300308,27.25,27.91,28.09,26.78,25937,39540730.0,4.84,3.18,0.86,6.2,1.3099999999999987
2014-03-04,300308,27.52,27.48,27.93,27.21,15241,23099280.0,2.58,-1.54,-0.43,3.64,0.7199999999999989
2014-03-05,300308,27.91,27.75,28.24,27.26,11071,16887604.0,3.57,0.98,0.27,2.64,0.9799999999999969
2014-03-06,300308,27.98,26.76,28.18,26.49,11098,16482811.0,6.09,-3.57,-0.99,2.65,1.6900000000000013
2014-03-07,300308,27.08,28.34,29.1,26.54,26628,40955843.0,9.57,5.9,1.58,6.36,2.5600000000000023
2014-03-10,300308,28.02,27.26,28.18,27.05,11217,17006460.0,3.99,-3.81,-1.08,2.68,1.129999999999999
2014-03-11,300308,27.3,26.4,27.57,26.08,10962,16100141.0,5.47,-3.15,-0.86,2.62,1.490000000000002
2014-03-12,300308,26.67,26.0,27.64,25.68,13342,19431875.0,7.42,-1.52,-0.4,3.19,1.9600000000000009
2014-03-13,300308,26.04,26.33,26.35,25.7,4818,6896274.0,2.5,1.27,0.33,1.15,0.6500000000000021
2014-03-14,300308,26.13,26.67,26.72,26.0,7631,11058990.0,2.73,1.29,0.34,1.82,0.7199999999999989
2014-03-17,300308,26.58,26.65,26.9,26.22,9211,13455350.0,2.55,-0.07,-0.02,2.2,0.6799999999999997
2014-03-18,300308,26.65,27.35,27.35,26.6,12307,18218656.0,2.81,2.63,0.7,2.94,0.75
2014-03-19,300308,27.3,27.89,28.16,27.21,23376,35633014.0,3.47,1.97,0.54,5.58,0.9499999999999993
2014-03-20,300308,27.93,27.21,28.0,27.05,13270,20039703.0,3.41,-2.44,-0.68,3.17,0.9499999999999993
2014-03-21,300308,27.03,27.84,28.63,26.42,13651,20503314.0,8.12,2.32,0.63,3.26,2.2099999999999973
2014-03-24,300308,28.24,27.26,28.52,27.14,13371,20357335.0,4.96,-2.08,-0.58,3.19,1.379999999999999
2014-03-25,300308,27.28,27.35,28.29,26.58,16474,24800944.0,6.27,0.33,0.09,3.94,1.7100000000000009
2014-03-26,300308,27.8,27.46,27.8,27.3,5599,8471954.0,1.83,0.4,0.11,1.34,0.5
2014-03-27,300308,27.73,27.12,27.93,26.87,9428,14122866.0,3.86,-1.24,-0.34,2.25,1.0599999999999987
2014-03-28,300308,27.26,27.1,27.44,26.74,10721,15897495.0,2.58,-0.07,-0.02,2.56,0.7000000000000028
2014-03-31,300308,27.28,27.57,28.92,27.28,15842,24176717.0,6.05,1.73,0.47,3.78,1.6400000000000006
2014-04-01,300308,27.82,27.66,28.02,27.46,9233,14054364.0,2.03,0.33,0.09,2.21,0.5599999999999987
2014-04-02,300308,27.82,27.5,28.11,27.03,9171,13814171.0,3.9,-0.58,-0.16,2.19,1.0799999999999983
2014-04-03,300308,27.66,27.44,27.66,26.94,6756,10102219.0,2.62,-0.22,-0.06,1.61,0.7199999999999989
2014-04-04,300308,27.34,27.57,27.98,27.21,8287,12511227.0,2.81,0.47,0.13,1.98,0.7699999999999996
2014-04-08,300308,27.53,27.39,27.73,27.25,6486,9771261.0,1.74,-0.65,-0.18,1.55,0.4800000000000004
2014-04-09,300308,27.62,28.63,29.1,27.32,55477,86528864.0,6.5,4.53,1.24,13.25,1.7800000000000011
2014-04-10,300308,28.56,27.66,28.74,27.34,44945,69073084.0,4.89,-3.39,-0.97,10.74,1.3999999999999986
2014-04-11,300308,27.3,25.37,28.33,25.14,52215,76109277.0,11.53,-8.28,-2.29,12.47,3.1899999999999977
2014-04-14,300308,25.1,24.96,25.32,24.51,29734,40598631.0,3.19,-1.62,-0.41,7.1,0.8099999999999987
2014-04-15,300308,24.91,25.1,25.28,24.8,9390,12895871.0,1.92,0.56,0.14,2.24,0.4800000000000004
2014-04-16,300308,25.1,25.93,26.2,24.87,25615,36080777.0,5.3,3.31,0.83,6.12,1.3299999999999983
2014-04-17,300308,25.86,25.77,26.18,25.14,11286,15918085.0,4.01,-0.62,-0.16,2.7,1.0399999999999991
2014-04-18,300308,25.77,25.86,26.04,25.5,7653,10876436.0,2.1,0.35,0.09,1.83,0.5399999999999991
2014-04-21,300308,25.82,25.84,26.36,25.23,16464,23162775.0,4.37,-0.08,-0.02,3.93,1.129999999999999
2014-04-22,300308,26.13,25.64,26.35,25.37,11890,16867747.0,3.79,-0.77,-0.2,2.84,0.9800000000000004
2014-04-23,300308,25.34,26.02,26.02,25.34,10707,15104264.0,2.65,1.48,0.38,2.56,0.6799999999999997
2014-04-24,300308,26.22,27.05,27.66,26.04,41682,61812884.0,6.23,3.96,1.03,9.96,1.620000000000001
2014-04-25,300308,27.21,27.43,27.93,27.03,36085,54414412.0,3.33,1.4,0.38,8.62,0.8999999999999986
2014-04-28,300308,27.89,27.66,28.47,26.4,32819,50293717.0,7.55,0.84,0.23,7.84,2.0700000000000003
2014-04-29,300308,28.38,25.97,28.65,25.14,47101,70268142.0,12.69,-6.11,-1.69,11.25,3.509999999999998
2014-04-30,300308,25.68,25.93,26.22,25.23,15998,22581167.0,3.81,-0.15,-0.04,3.82,0.9899999999999984
2014-05-05,300308,25.99,25.99,26.29,25.72,5857,8342666.0,2.2,0.23,0.06,1.4,0.5700000000000003
2014-05-06,300308,26.2,26.22,26.49,26.04,8804,12698296.0,1.73,0.88,0.23,2.1,0.4499999999999993
2014-05-07,300308,26.27,26.06,26.58,25.54,10615,15197606.0,3.97,-0.61,-0.16,2.54,1.0399999999999991
2014-05-08,300308,26.11,25.52,26.11,25.5,5313,7544129.0,2.34,-2.07,-0.54,1.27,0.6099999999999994
2014-05-09,300308,25.84,25.3,26.02,25.25,5254,7354013.0,3.02,-0.86,-0.22,1.26,0.7699999999999996
2014-05-12,300308,25.63,25.5,25.63,25.1,6939,9663357.0,2.09,0.79,0.2,1.66,0.5299999999999976
2014-05-13,300308,25.64,25.48,25.68,25.34,3715,5213688.0,1.33,-0.08,-0.02,0.89,0.33999999999999986
2014-05-14,300308,25.64,25.81,25.84,25.36,3450,4851556.0,1.88,1.3,0.33,0.82,0.4800000000000004
2014-05-15,300308,25.84,25.82,26.0,25.5,4158,5889422.0,1.94,0.04,0.01,0.99,0.5
2014-05-16,300308,25.95,25.43,25.95,25.25,4333,6073384.0,2.71,-1.51,-0.39,1.04,0.6999999999999993
2014-05-19,300308,25.55,25.5,25.82,25.32,2087,2921183.0,1.97,0.28,0.07,0.5,0.5
2014-05-20,300308,25.84,25.55,25.86,25.54,2986,4215205.0,1.25,0.2,0.05,0.71,0.3200000000000003
2014-05-21,300308,25.82,25.45,25.82,25.32,2199,3068472.0,1.96,-0.39,-0.1,0.53,0.5
2014-05-22,300308,25.52,25.39,25.66,25.32,3027,4239859.0,1.34,-0.24,-0.06,0.72,0.33999999999999986
2014-05-23,300308,25.52,25.43,25.52,25.27,2109,2936009.0,0.98,0.16,0.04,0.5,0.25
2014-05-26,300308,25.66,26.2,26.4,25.41,10288,14693329.0,3.89,3.03,0.77,2.46,0.9899999999999984
2014-05-27,300308,26.27,25.95,26.27,25.95,3119,4469443.0,1.22,-0.95,-0.25,0.75,0.3200000000000003
2014-05-28,300308,26.0,26.31,26.38,25.91,6448,9295835.0,1.81,1.39,0.36,1.54,0.46999999999999886
2014-05-29,300308,26.31,26.04,26.4,25.91,4008,5754785.0,1.86,-1.03,-0.27,0.96,0.48999999999999844
2014-05-30,300308,25.7,26.31,26.35,25.7,2698,3863614.0,2.5,1.04,0.27,0.64,0.6500000000000021
2014-06-03,300308,26.31,25.84,26.94,24.78,19879,28121395.0,8.21,-1.79,-0.47,4.75,2.16
2014-06-04,300308,25.46,25.12,25.46,24.83,7467,10288376.0,2.44,-2.79,-0.72,1.78,0.6300000000000026
2014-06-05,300308,25.12,25.1,25.32,24.4,7634,10416265.0,3.66,-0.08,-0.02,1.82,0.9200000000000017
2014-06-06,300308,25.14,25.12,25.3,24.82,5344,7356970.0,1.91,0.08,0.02,1.28,0.4800000000000004
2014-06-09,300308,25.19,24.85,25.19,24.83,2873,3929577.0,1.43,-1.07,-0.27,0.69,0.360000000000003
2014-06-10,300308,25.03,24.92,25.12,24.78,4529,6205278.0,1.37,0.28,0.07,1.08,0.33999999999999986
2014-06-11,300308,24.91,24.8,25.01,24.4,10245,13898848.0,2.45,-0.48,-0.12,2.45,0.610000000000003
2014-06-12,300308,24.74,24.47,24.96,24.2,10382,13889878.0,3.06,-1.33,-0.33,2.48,0.7600000000000016
2014-06-13,300308,24.46,24.74,24.94,24.37,6827,9238906.0,2.33,1.1,0.27,1.63,0.5700000000000003
2014-06-16,300308,24.85,24.87,24.92,24.6,5625,7654001.0,1.29,0.53,0.13,1.34,0.3200000000000003
2014-06-17,300308,24.94,24.73,24.96,24.6,4347,5904496.0,1.45,-0.56,-0.14,1.04,0.35999999999999943
2014-06-18,300308,24.91,24.15,24.91,24.08,4388,5884239.0,3.36,-2.35,-0.58,1.05,0.8300000000000018
2014-06-19,300308,24.06,23.48,24.15,22.33,10526,13492120.0,7.54,-2.77,-0.67,2.51,1.8200000000000003
2014-06-20,300308,23.54,23.51,23.7,23.02,8501,10846284.0,2.9,0.13,0.03,2.03,0.6799999999999997
2014-06-23,300308,23.51,24.15,24.62,23.47,11905,15657924.0,4.89,2.72,0.64,2.84,1.1500000000000021
2014-06-24,300308,24.42,25.04,25.25,24.06,23168,31458927.0,4.93,3.69,0.89,5.53,1.1900000000000013
2014-06-25,300308,25.36,25.09,25.36,24.55,15775,21529988.0,3.23,0.2,0.05,3.77,0.8099999999999987
2014-06-26,300308,25.09,25.81,26.08,25.09,26548,37417001.0,3.95,2.87,0.72,6.34,0.9899999999999984
2014-06-27,300308,25.81,25.85,26.22,25.54,15553,22061220.0,2.63,0.15,0.04,3.72,0.6799999999999997
2014-06-30,300308,26.08,26.24,26.37,25.52,19655,27964721.0,3.29,1.51,0.39,4.7,0.8500000000000014
2014-07-01,300308,26.33,26.06,26.66,25.77,13710,19656956.0,3.39,-0.69,-0.18,3.28,0.8900000000000006
2014-07-02,300308,26.8,28.64,28.64,26.08,109718,164835572.0,9.82,9.9,2.58,26.21,2.5600000000000023
2014-07-03,300308,27.88,27.75,28.13,27.5,53835,82225290.0,2.2,-3.11,-0.89,12.86,0.629999999999999
2014-07-04,300308,27.77,27.52,28.15,27.25,28518,43331652.0,3.24,-0.83,-0.23,6.81,0.8999999999999986
2014-07-07,300308,27.65,27.7,28.2,27.52,29411,44914451.0,2.47,0.65,0.18,7.03,0.6799999999999997
2014-07-08,300308,27.79,28.29,28.53,27.57,44349,68551438.0,3.47,2.13,0.59,10.59,0.9600000000000009
2014-07-09,300308,28.47,27.16,28.96,27.11,42357,64529525.0,6.54,-3.99,-1.13,10.12,1.8500000000000014
2014-07-10,300308,27.14,26.73,27.16,26.4,29735,43553278.0,2.8,-1.58,-0.43,7.1,0.7600000000000016
2014-07-11,300308,26.67,26.58,26.87,26.22,22642,32956688.0,2.43,-0.56,-0.15,5.41,0.6500000000000021
2014-07-14,300308,26.62,26.96,27.02,26.51,14230,20920878.0,1.92,1.43,0.38,3.4,0.509999999999998
2014-07-15,300308,26.42,25.7,26.67,25.4,35582,50778176.0,4.71,-4.67,-1.26,8.5,1.2700000000000031
2014-07-16,300308,25.54,25.59,25.79,25.31,12652,17737181.0,1.87,-0.43,-0.11,3.02,0.4800000000000004
2014-07-17,300308,25.54,25.72,25.86,25.52,8009,11277999.0,1.33,0.51,0.13,1.91,0.33999999999999986
2014-07-18,300308,25.83,25.7,25.95,25.56,8332,11774860.0,1.52,-0.08,-0.02,1.99,0.39000000000000057
2014-07-21,300308,25.7,25.38,25.86,25.29,8497,11867340.0,2.22,-1.25,-0.32,2.03,0.5700000000000003
2014-07-22,300308,25.36,25.49,25.65,25.25,7993,11163832.0,1.58,0.43,0.11,1.91,0.3999999999999986
2014-07-23,300308,25.59,25.14,25.59,24.82,9233,12734979.0,3.02,-1.37,-0.35,2.21,0.7699999999999996
2014-07-24,300308,25.18,25.05,25.31,24.78,6535,8978617.0,2.11,-0.36,-0.09,1.56,0.5299999999999976
2014-07-25,300308,25.16,25.18,25.31,24.84,6141,8453494.0,1.88,0.52,0.13,1.47,0.46999999999999886
2014-07-28,300308,25.18,25.63,25.76,25.18,9943,13896308.0,2.3,1.79,0.45,2.38,0.5800000000000018
2014-07-29,300308,25.74,26.15,26.96,25.67,24051,34355609.0,5.03,2.03,0.52,5.75,1.2899999999999991
2014-07-30,300308,25.97,25.95,26.19,25.74,12232,17394579.0,1.72,-0.76,-0.2,2.92,0.45000000000000284
2014-07-31,300308,25.81,26.03,26.12,25.79,8454,12033818.0,1.27,0.31,0.08,2.02,0.33000000000000185
2014-08-01,300308,26.03,26.12,26.26,25.9,15044,21526508.0,1.38,0.35,0.09,3.59,0.360000000000003
2014-08-04,300308,26.17,26.15,26.21,25.86,12156,17372772.0,1.34,0.11,0.03,2.9,0.3500000000000014
2014-08-05,300308,26.08,26.42,26.44,25.72,18394,26449564.0,2.75,1.03,0.27,4.39,0.7200000000000024
2014-08-06,300308,26.39,26.3,26.39,26.13,10618,15277458.0,0.98,-0.45,-0.12,2.54,0.26000000000000156
2014-08-07,300308,26.24,25.83,26.37,25.77,12782,18293998.0,2.28,-1.79,-0.47,3.05,0.6000000000000014
2014-08-08,300308,25.83,26.06,26.1,25.83,6018,8558235.0,1.05,0.89,0.23,1.44,0.2700000000000031
2014-08-11,300308,26.08,26.19,26.22,25.97,12729,18233349.0,0.96,0.5,0.13,3.04,0.25
2014-08-12,300308,26.21,26.67,26.73,26.15,26208,38136356.0,2.21,1.83,0.48,6.26,0.5800000000000018
2014-08-13,300308,26.71,27.23,27.23,26.49,27514,40489564.0,2.77,2.1,0.56,6.57,0.740000000000002
2014-08-14,300308,27.11,26.76,27.12,26.62,18383,27148603.0,1.84,-1.73,-0.47,4.39,0.5
2014-08-15,300308,26.66,26.87,26.98,26.62,11951,17599185.0,1.35,0.41,0.11,2.86,0.35999999999999943
2014-08-18,300308,26.84,27.34,27.57,26.84,17369,25928314.0,2.72,1.75,0.47,4.15,0.7300000000000004
2014-08-19,300308,27.34,27.27,27.48,27.03,12262,18316946.0,1.65,-0.26,-0.07,2.93,0.4499999999999993
2014-08-20,300308,27.07,27.12,27.45,26.91,14090,21035618.0,1.98,-0.55,-0.15,3.37,0.5399999999999991
2014-08-21,300308,27.11,27.0,27.47,26.76,23234,34441356.0,2.62,-0.44,-0.12,5.55,0.7099999999999973
2014-08-22,300308,26.98,27.52,27.57,26.98,33551,50400352.0,2.19,1.93,0.52,8.01,0.5899999999999999
2014-08-25,300308,27.52,27.3,27.81,27.3,29711,44881704.0,1.85,-0.8,-0.22,7.1,0.509999999999998
2014-08-26,300308,27.12,26.12,27.2,25.97,27423,39900866.0,4.51,-4.32,-1.18,6.55,1.2300000000000004
2014-08-27,300308,26.03,26.19,26.39,26.03,10934,15703516.0,1.38,0.27,0.07,2.61,0.35999999999999943
2014-08-28,300308,26.12,25.85,26.37,25.72,11751,16804760.0,2.48,-1.3,-0.34,2.81,0.6500000000000021
2014-08-29,300308,25.97,26.33,26.53,25.63,9127,13087551.0,3.48,1.86,0.48,2.18,0.9000000000000021
2014-09-01,300308,26.33,26.78,26.85,26.28,11000,16059458.0,2.16,1.71,0.45,2.63,0.5700000000000003
2014-09-02,300308,26.82,27.03,27.21,26.75,29870,44224520.0,1.72,0.93,0.25,7.14,0.46000000000000085
2014-09-03,300308,27.05,27.56,27.66,27.02,41337,62109099.0,2.37,1.96,0.53,9.87,0.6400000000000006
2014-09-04,300308,27.7,27.97,28.01,27.48,30599,46635303.0,1.92,1.49,0.41,7.31,0.5300000000000011
2014-09-05,300308,28.01,28.47,28.92,27.93,46309,72394295.0,3.54,1.79,0.5,11.06,0.990000000000002
2014-09-09,300308,28.6,29.46,29.53,28.31,38163,60775866.0,4.29,3.48,0.99,9.12,1.2200000000000024
2014-09-10,300308,29.32,29.07,29.32,28.82,30432,48516593.0,1.7,-1.32,-0.39,7.27,0.5
2014-09-11,300308,29.07,28.49,29.32,27.92,49867,78520143.0,4.82,-2.0,-0.58,11.91,1.3999999999999986
2014-09-12,300308,28.38,29.1,29.28,28.28,30247,47916408.0,3.51,2.14,0.61,7.23,1.0
2014-09-15,300308,29.28,30.58,30.78,29.18,60842,100798458.0,5.5,5.09,1.48,14.53,1.6000000000000014
2014-09-16,300308,30.47,29.64,30.76,29.36,43955,72766497.0,4.58,-3.07,-0.94,10.5,1.4000000000000021
2014-09-17,300308,29.64,29.97,30.18,29.41,25362,41482644.0,2.6,1.11,0.33,6.06,0.7699999999999996
2014-09-18,300308,29.82,29.66,29.95,29.28,20329,33076666.0,2.24,-1.03,-0.31,4.86,0.6699999999999982
2014-09-19,300308,29.37,29.27,29.5,28.74,30570,48713656.0,2.56,-1.31,-0.39,7.3,0.7600000000000016
2014-09-22,300308,28.98,28.65,29.03,28.49,17153,27077091.0,1.84,-2.12,-0.62,4.1,0.5400000000000027
2014-09-23,300308,28.76,29.23,29.45,28.58,17019,27177175.0,3.04,2.02,0.58,4.07,0.870000000000001
2014-09-24,300308,29.16,30.74,30.74,29.16,37912,62779139.0,5.41,5.17,1.51,6.06,1.5799999999999983
2014-09-25,300308,31.21,30.29,31.26,30.26,33561,56541854.0,3.25,-1.46,-0.45,5.36,1.0
2014-09-26,300308,30.4,30.4,30.87,30.06,22785,38085007.0,2.67,0.36,0.11,3.64,0.8100000000000023
2014-09-29,300308,30.58,31.32,31.46,30.42,39482,66912718.0,3.42,3.03,0.92,6.31,1.0399999999999991
2014-09-30,300308,31.35,31.26,31.53,30.78,29976,51335548.0,2.39,-0.19,-0.06,4.79,0.75
2014-10-08,300308,31.38,34.33,34.33,30.99,108273,108295562.0,10.68,9.82,3.07,9.61,3.34
2014-10-09,300308,35.33,34.2,35.98,33.55,168774,179440327.0,7.08,-0.38,-0.13,14.98,2.4299999999999997
2014-10-10,300308,33.97,33.48,33.97,32.93,78208,79769266.0,3.04,-2.11,-0.72,6.94,1.0399999999999991
2014-10-13,300308,33.55,34.55,34.81,33.06,116757,121332992.0,5.23,3.2,1.07,10.37,1.75
2014-10-14,300308,33.87,33.45,34.36,33.13,63101,65101737.0,3.56,-3.18,-1.1,5.6,1.2299999999999969
2014-10-15,300308,33.48,32.93,33.65,31.77,59648,59689893.0,5.62,-1.55,-0.52,5.3,1.879999999999999
2014-10-16,300308,32.74,32.74,33.29,32.29,38733,38901501.0,3.04,-0.58,-0.19,3.44,1.0
2014-10-17,300308,32.45,32.29,32.84,31.38,40838,39920606.0,4.46,-1.37,-0.45,3.63,1.4600000000000044
2014-10-20,300308,32.22,32.77,33.03,31.8,29471,29268704.0,3.81,1.49,0.48,2.62,1.2300000000000004
2014-10-21,300308,32.74,32.06,32.9,31.86,27042,26690757.0,3.17,-2.17,-0.71,2.4,1.0399999999999991
2014-10-22,300308,32.09,31.31,32.38,31.12,28728,27844521.0,3.93,-2.34,-0.75,2.55,1.2600000000000016
2014-10-23,300308,31.25,30.15,31.61,29.92,39526,37148426.0,5.4,-3.7,-1.16,3.51,1.6899999999999977
2014-10-24,300308,30.21,30.18,30.67,29.92,20045,18520633.0,2.49,0.1,0.03,1.78,0.75
2014-10-27,300308,30.18,30.21,30.57,29.99,19034,17599545.0,1.92,0.1,0.03,1.69,0.5800000000000018
2014-10-28,300308,30.44,31.22,31.38,30.44,39298,37156063.0,3.11,3.34,1.01,3.49,0.9399999999999977
2014-10-29,300308,31.28,31.51,32.06,31.28,41931,40571814.0,2.5,0.93,0.29,3.72,0.7800000000000011
2014-10-30,300308,31.41,31.74,31.9,31.25,40656,39312150.0,2.06,0.73,0.23,3.61,0.6499999999999986
2014-10-31,300308,31.77,31.05,31.86,30.8,39433,37561902.0,3.34,-2.17,-0.69,3.5,1.0599999999999987
2014-11-03,300308,30.96,31.9,31.9,30.93,45903,44343049.0,3.12,2.74,0.85,4.08,0.9699999999999989
2014-11-04,300308,31.9,31.25,31.9,31.25,38926,37442351.0,2.04,-2.04,-0.65,3.46,0.6499999999999986
2014-11-05,300308,31.31,31.05,31.38,30.54,37401,35180394.0,2.69,-0.64,-0.2,3.32,0.8399999999999999
2014-11-06,300308,31.05,31.41,31.67,30.89,50825,48493883.0,2.51,1.16,0.36,4.51,0.7800000000000011
2014-11-07,300308,31.61,31.41,31.93,31.25,55050,53181634.0,2.16,0.0,0.0,4.89,0.6799999999999997
2014-11-17,300308,30.12,31.22,32.35,29.56,66383,63183590.0,8.88,-0.6,-0.19,5.89,2.7900000000000027
2014-11-18,300308,30.96,31.28,31.93,30.96,30810,29504599.0,3.11,0.19,0.06,2.74,0.9699999999999989
2014-11-19,300308,31.57,31.61,31.8,31.05,33796,32562633.0,2.4,1.05,0.33,3.0,0.75
2014-11-20,300308,31.77,31.54,31.9,31.31,25169,24252314.0,1.87,-0.22,-0.07,2.23,0.5899999999999999
2014-11-21,300308,31.48,31.64,31.74,31.31,27009,26044150.0,1.36,0.32,0.1,2.4,0.4299999999999997
2014-11-24,300308,31.77,31.41,32.03,31.31,39778,38267361.0,2.28,-0.73,-0.23,3.53,0.7200000000000024
2014-11-25,300308,31.31,34.52,34.52,31.31,105579,107486170.0,10.22,9.9,3.11,9.37,3.2100000000000044
2014-11-26,300308,36.14,37.28,37.96,36.14,269619,308191648.0,5.27,8.0,2.76,23.94,1.8200000000000003
2014-11-27,300308,38.25,40.09,40.32,36.66,302055,354748560.0,9.82,7.54,2.81,26.82,3.6600000000000037
2014-11-28,300308,38.57,38.12,39.74,37.44,197279,232372487.0,5.74,-4.91,-1.97,17.52,2.3000000000000043
2014-12-01,300308,38.09,36.56,38.09,35.98,126998,142507618.0,5.54,-4.09,-1.56,11.28,2.1100000000000065
2014-12-02,300308,36.63,36.79,37.5,36.17,99058,111728699.0,3.64,0.63,0.23,8.79,1.3299999999999983
2014-12-03,300308,36.47,37.05,37.21,35.49,110015,122105154.0,4.68,0.71,0.26,9.77,1.7199999999999989
2014-12-04,300308,37.08,38.67,40.29,37.08,193262,230399962.0,8.66,4.37,1.62,17.16,3.210000000000001
2014-12-05,300308,37.73,36.5,38.22,35.36,106171,119203938.0,7.4,-5.61,-2.17,9.43,2.8599999999999994
2014-12-08,300308,35.88,36.66,38.28,35.4,92024,103836351.0,7.89,0.44,0.16,8.17,2.8800000000000026
2014-12-09,300308,35.98,33.52,36.4,33.42,90297,96262422.0,8.13,-8.57,-3.14,8.02,2.979999999999997
2014-12-10,300308,32.74,34.81,35.46,32.74,66193,69359038.0,8.11,3.85,1.29,5.88,2.719999999999999
2014-12-11,300308,34.81,35.59,35.91,34.39,65911,70860457.0,4.37,2.24,0.78,5.85,1.519999999999996
2014-12-12,300308,35.82,36.47,36.56,35.04,54925,60335112.0,4.27,2.47,0.88,4.88,1.5200000000000031
2014-12-15,300308,36.24,37.41,37.89,35.66,83703,94915285.0,6.11,2.58,0.94,7.43,2.230000000000004
2014-12-16,300308,37.15,37.41,38.12,36.69,66681,76318624.0,3.82,0.0,0.0,5.92,1.4299999999999997
2014-12-17,300308,37.34,37.5,38.47,36.04,83463,95511173.0,6.5,0.24,0.09,7.41,2.4299999999999997
2014-12-18,300308,36.95,36.21,38.12,35.98,66954,75691297.0,5.71,-3.44,-1.29,5.94,2.1400000000000006
2014-12-19,300308,36.08,34.0,36.08,33.71,61543,65049216.0,6.55,-6.1,-2.21,5.46,2.3699999999999974
2014-12-22,300308,33.58,30.7,33.61,30.63,57940,55607483.0,8.76,-9.71,-3.3,5.14,2.9800000000000004
2014-12-23,300308,30.7,31.09,31.93,30.41,28290,27018566.0,4.95,1.27,0.39,2.51,1.5199999999999996
2014-12-24,300308,31.67,32.06,32.16,31.38,24705,23993105.0,2.51,3.12,0.97,2.19,0.7799999999999976
2014-12-25,300308,32.06,32.42,33.1,31.77,29185,28890976.0,4.15,1.12,0.36,2.59,1.3300000000000018
2014-12-26,300308,32.42,31.8,32.42,31.41,32920,31813815.0,3.12,-1.91,-0.62,2.92,1.0100000000000016
2014-12-29,300308,31.83,30.34,31.86,29.89,38389,35642272.0,6.19,-4.59,-1.46,3.41,1.9699999999999989
2014-12-30,300308,30.15,30.21,30.34,29.86,19800,18157328.0,1.58,-0.43,-0.13,1.76,0.4800000000000004
2014-12-31,300308,30.37,30.31,30.93,29.82,21741,20130768.0,3.67,0.33,0.1,1.93,1.1099999999999994
2015-01-05,300308,30.34,29.47,30.5,27.56,34842,30881826.0,9.7,-2.77,-0.84,3.09,2.9400000000000013
2015-01-06,300308,29.43,30.7,30.83,28.85,34043,31266571.0,6.72,4.17,1.23,3.02,1.9799999999999969
2015-01-07,300308,31.09,31.38,32.35,30.63,52102,50321265.0,5.6,2.21,0.68,4.63,1.7200000000000024
2015-01-08,300308,31.12,31.61,32.48,30.67,43642,42153703.0,5.77,0.73,0.23,3.87,1.8099999999999952
2015-01-09,300308,31.41,30.96,32.29,30.63,33621,32234347.0,5.25,-2.06,-0.65,2.99,1.6600000000000001
2015-01-12,300308,30.63,29.24,30.67,29.11,26439,23964636.0,5.04,-5.56,-1.72,2.35,1.5600000000000023
2015-01-13,300308,29.37,30.76,31.02,29.18,31747,29334348.0,6.29,5.2,1.52,2.82,1.8399999999999999
2015-01-14,300308,31.05,31.31,31.38,29.92,36442,34112903.0,4.75,1.79,0.55,3.24,1.4599999999999973
2015-01-15,300308,31.12,31.48,32.25,30.99,40035,38642295.0,4.02,0.54,0.17,3.55,1.2600000000000016
2015-01-16,300308,31.15,31.8,31.83,29.5,34676,32970581.0,7.4,1.02,0.32,3.08,2.3299999999999983
2015-01-19,300308,30.8,31.9,33.1,30.18,72037,70419346.0,9.18,0.31,0.1,6.4,2.9200000000000017
2015-01-20,300308,31.9,34.04,34.55,31.77,79332,80290401.0,8.71,6.71,2.14,7.04,2.7799999999999976
2015-01-21,300308,33.84,34.2,34.36,33.29,75546,77900915.0,3.14,0.47,0.16,6.71,1.0700000000000003
2015-01-22,300308,33.78,35.04,35.91,33.58,70530,74724336.0,6.81,2.46,0.84,6.26,2.3299999999999983
2015-01-26,300308,35.66,34.98,35.66,34.39,36977,39293193.0,3.62,-0.17,-0.06,3.28,1.269999999999996
2015-01-27,300308,34.68,34.23,35.14,33.0,47013,49031720.0,6.12,-2.14,-0.75,4.17,2.1400000000000006
2015-01-28,300308,34.04,33.91,34.94,33.74,37445,39297937.0,3.51,-0.93,-0.32,3.32,1.1999999999999957
2015-01-29,300308,33.91,33.84,34.65,33.58,26550,27676539.0,3.16,-0.21,-0.07,2.36,1.0700000000000003
2015-01-30,300308,34.62,33.39,34.62,33.23,18859,19457918.0,4.11,-1.33,-0.45,1.67,1.3900000000000006
2015-02-02,300308,32.77,33.06,33.39,32.38,18394,18489776.0,3.02,-0.99,-0.33,1.63,1.009999999999998
2015-02-03,300308,33.16,33.58,33.81,32.93,21278,21756070.0,2.66,1.57,0.52,1.89,0.8800000000000026
2015-02-04,300308,33.65,33.84,34.55,33.23,27731,28647593.0,3.93,0.77,0.26,2.46,1.3200000000000003
2015-02-05,300308,33.71,33.36,34.33,33.26,28473,29504299.0,3.16,-1.42,-0.48,2.53,1.0700000000000003
2015-02-06,300308,33.39,31.31,33.42,31.15,29226,28837331.0,6.8,-6.15,-2.05,2.59,2.270000000000003
2015-02-09,300308,31.12,30.28,31.7,30.08,20138,19126646.0,5.17,-3.29,-1.03,1.79,1.620000000000001
2015-02-10,300308,30.28,31.48,32.42,30.28,19970,19211615.0,7.07,3.96,1.2,1.77,2.1400000000000006
2015-02-11,300308,31.74,31.77,32.42,31.31,12796,12418174.0,3.53,0.92,0.29,1.14,1.110000000000003
2015-02-12,300308,31.77,31.93,32.25,31.51,16087,15654846.0,2.33,0.5,0.16,1.43,0.7399999999999984
2015-02-13,300308,32.29,32.74,33.32,32.19,21721,21768536.0,3.54,2.54,0.81,1.93,1.1300000000000026
2015-02-16,300308,33.1,35.07,35.66,32.77,57312,59778652.0,8.83,7.12,2.33,5.09,2.8899999999999935
2015-02-17,300308,35.01,35.01,36.4,34.13,56183,60354891.0,6.47,-0.17,-0.06,4.99,2.269999999999996
2015-02-25,300308,34.72,35.01,35.88,34.46,37750,40564983.0,4.06,0.0,0.0,3.35,1.4200000000000017
2015-02-26,300308,34.98,34.94,35.17,33.71,27486,29153391.0,4.17,-0.2,-0.07,2.44,1.4600000000000009
2015-02-27,300308,34.98,35.33,35.82,34.75,46971,50891394.0,3.06,1.12,0.39,4.17,1.0700000000000003
2015-03-02,300308,35.27,35.75,35.85,35.2,67005,72792650.0,1.84,1.19,0.42,5.95,0.6499999999999986
2015-03-03,300308,35.66,35.49,36.89,35.27,66370,73087621.0,4.53,-0.73,-0.26,5.89,1.6199999999999974
2015-03-04,300308,35.56,36.14,36.27,35.4,54535,59747381.0,2.45,1.83,0.65,4.84,0.8700000000000045
2015-03-05,300308,36.66,37.5,38.31,36.37,88799,101227569.0,5.37,3.76,1.36,7.88,1.9400000000000048
2015-03-06,300308,37.18,37.73,38.02,36.95,93742,107683077.0,2.85,0.61,0.23,8.32,1.0700000000000003
2015-03-09,300308,37.86,38.93,40.19,37.28,129949,155229317.0,7.71,3.18,1.2,11.54,2.9099999999999966
2015-03-10,300308,38.99,38.86,39.38,38.47,71272,84762425.0,2.34,-0.18,-0.07,6.33,0.9100000000000037
2015-03-11,300308,38.83,40.81,40.9,37.92,118101,143112940.0,7.67,5.02,1.95,10.49,2.979999999999997
2015-03-12,300308,40.35,39.28,40.65,38.86,67674,82118683.0,4.39,-3.75,-1.53,6.01,1.7899999999999991
2015-03-13,300308,39.28,39.19,39.8,38.31,45291,54098790.0,3.79,-0.23,-0.09,4.02,1.4899999999999949
2015-03-16,300308,39.19,40.32,40.68,38.31,90995,110418600.0,6.05,2.88,1.13,8.08,2.3699999999999974
2015-03-17,300308,40.03,41.68,42.59,39.9,113124,143793232.0,6.67,3.37,1.36,10.04,2.690000000000005
2015-03-18,300308,41.78,42.07,43.11,41.65,70491,90990176.0,3.5,0.94,0.39,6.26,1.4600000000000009
2015-03-19,300308,42.07,43.01,44.08,41.42,92037,121089732.0,6.32,2.23,0.94,8.17,2.6599999999999966
2015-03-20,300308,43.27,43.37,43.43,42.01,71323,93164211.0,3.3,0.84,0.36,6.33,1.4200000000000017
2015-04-20,300308,45.02,44.47,47.68,42.46,216997,300847840.0,12.04,2.54,1.1,19.27,5.219999999999999
2015-04-21,300308,43.92,44.82,45.38,41.68,117137,156725056.0,8.32,0.79,0.35,10.4,3.700000000000003
2015-04-22,300308,44.31,46.06,46.19,44.31,122553,169764665.0,4.19,2.77,1.24,10.88,1.8799999999999955
2015-04-23,300308,45.86,48.71,50.62,45.34,128393,191795867.0,11.46,5.75,2.65,11.4,5.279999999999994
2015-04-24,300308,47.97,48.49,49.59,46.67,103928,154750331.0,5.99,-0.45,-0.22,9.23,2.9200000000000017
2015-04-27,300308,48.49,51.66,53.31,48.32,122004,189961523.0,10.29,6.54,3.17,8.81,4.990000000000002
2015-04-28,300308,51.79,52.76,56.33,50.56,133464,219812878.0,11.17,2.13,1.1,9.64,5.769999999999996
2015-04-29,300308,52.11,58.01,58.01,52.11,80427,138508671.0,11.18,9.95,5.25,5.81,5.899999999999999
2015-04-30,300308,62.48,60.02,63.65,58.34,158619,297038000.0,9.15,3.46,2.01,11.45,5.309999999999995
2015-05-04,300308,60.09,57.91,62.52,56.39,78337,141289179.0,10.21,-3.52,-2.11,5.66,6.130000000000003
2015-05-05,300308,57.07,54.61,58.27,53.67,90298,152970878.0,7.94,-5.7,-3.3,6.52,4.600000000000001
2015-05-06,300308,54.58,52.47,56.39,52.02,63120,105877104.0,8.0,-3.92,-2.14,4.56,4.369999999999997
2015-05-07,300308,52.5,51.53,53.15,49.07,59523,92872033.0,7.78,-1.79,-0.94,4.3,4.079999999999998
2015-05-08,300308,51.92,55.68,55.71,51.3,73551,120037063.0,8.56,8.05,4.15,5.31,4.410000000000004
2015-05-11,300308,55.91,58.04,60.21,55.68,85322,150598099.0,8.14,4.24,2.36,6.16,4.530000000000001
2015-05-12,300308,58.17,57.69,59.76,56.72,71126,126792636.0,5.24,-0.6,-0.35,5.14,3.039999999999999
2015-05-13,300308,56.72,56.13,57.88,55.32,69167,119603955.0,4.44,-2.7,-1.56,4.99,2.5600000000000023
2015-05-14,300308,56.13,54.61,57.36,54.61,57733,98557643.0,4.9,-2.71,-1.52,4.17,2.75
2015-05-15,300308,54.06,57.01,58.17,53.35,62439,107398031.0,8.83,4.39,2.4,4.51,4.82
2015-05-18,300308,56.91,62.68,62.68,56.91,108905,204493303.0,10.12,9.95,5.67,7.86,5.770000000000003
2015-05-19,300308,65.79,63.84,68.35,61.25,123352,242747527.0,11.33,1.85,1.16,8.91,7.099999999999994
2015-05-20,300308,64.95,67.28,69.55,64.07,80023,164591972.0,8.58,5.39,3.44,5.78,5.480000000000004
2015-05-21,300308,67.25,72.43,73.21,65.33,76308,163460973.0,11.71,7.65,5.15,5.51,7.8799999999999955
2015-05-22,300308,73.3,78.59,79.27,68.25,118837,271901136.0,15.21,8.5,6.16,8.58,11.019999999999996
2015-05-25,300308,76.48,79.4,83.22,72.46,82854,200465560.0,13.69,1.03,0.81,5.98,10.760000000000005
2015-05-26,300308,79.59,78.91,81.31,77.29,67362,163603810.0,5.06,-0.62,-0.49,4.86,4.019999999999996
2015-05-27,300308,78.94,76.16,79.01,74.7,70401,164934115.0,5.46,-3.48,-2.75,5.08,4.310000000000002
2015-05-28,300308,76.61,68.57,77.61,68.57,74211,169157611.0,11.87,-9.97,-7.59,5.36,9.040000000000006
2015-05-29,300308,68.96,71.62,72.53,63.2,81114,172462658.0,13.61,4.45,3.05,5.86,9.329999999999998
2015-06-01,300308,74.47,75.99,77.71,72.11,72316,167558491.0,7.82,6.1,4.37,5.22,5.599999999999994
2015-06-02,300308,76.09,83.58,83.58,76.09,79865,197358624.0,9.86,9.99,7.59,5.77,7.489999999999995
2015-06-03,300308,86.2,82.02,88.31,79.98,76550,197103449.0,9.97,-1.87,-1.56,5.53,8.329999999999998
2015-06-04,300308,83.28,90.18,90.18,80.08,108649,284785456.0,12.31,9.95,8.16,7.85,10.100000000000009
2015-06-05,300308,91.93,97.54,99.16,91.93,109804,326523744.0,8.02,8.16,7.36,7.93,7.22999999999999
2015-06-08,300308,94.79,89.08,95.24,88.08,81876,230172563.0,7.34,-8.67,-8.46,5.91,7.159999999999997
2015-06-09,300308,87.82,94.3,95.85,83.87,60642,166312198.0,13.45,5.86,5.22,4.38,11.97999999999999
2015-06-10,300308,93.0,96.89,100.75,91.06,60272,179457612.0,10.28,2.75,2.59,4.35,9.689999999999998
2015-06-11,300308,93.98,94.98,99.09,93.52,44680,131034075.0,5.75,-1.97,-1.91,3.23,5.570000000000007
2015-06-12,300308,94.69,94.62,96.57,92.36,43879,127446678.0,4.43,-0.38,-0.36,3.17,4.209999999999994
2015-06-15,300308,94.62,95.66,101.59,92.84,69750,208338190.0,9.25,1.1,1.04,5.04,8.75
2015-06-16,300308,94.3,97.99,100.42,92.42,64626,192752639.0,8.36,2.44,2.33,4.67,8.0
2015-06-17,300308,96.73,105.51,107.23,95.92,80946,253455248.0,11.54,7.67,7.52,5.85,11.310000000000002
2015-06-18,300308,102.72,97.15,105.9,94.98,60498,189245404.0,10.35,-7.92,-8.36,4.37,10.920000000000002
2015-06-19,300308,92.71,87.46,93.65,87.46,41733,115463076.0,6.37,-9.97,-9.69,3.01,6.190000000000012
2015-06-23,300308,84.61,85.91,88.82,78.75,51696,134505834.0,11.51,-1.77,-1.55,3.73,10.069999999999993
2015-06-24,300308,87.82,93.91,94.46,86.2,87434,243885780.0,9.61,9.31,8.0,6.31,8.259999999999991
2015-06-25,300308,91.22,84.74,93.65,84.55,53422,146582479.0,9.69,-9.76,-9.17,3.86,9.100000000000009
2015-06-26,300308,83.28,76.32,84.74,76.32,33260,79661093.0,9.94,-9.94,-8.42,2.4,8.420000000000002
2015-06-29,300308,81.02,68.74,81.02,68.74,42694,92504016.0,16.09,-9.93,-7.58,3.08,12.280000000000001
2015-06-30,300308,61.9,70.87,74.28,61.9,62772,127510705.0,18.01,3.1,2.13,2.91,12.380000000000003
2015-07-01,300308,70.97,63.81,74.7,63.81,48083,103422417.0,15.37,-9.96,-7.06,2.23,10.89
2015-07-02,300308,64.56,57.46,66.6,57.46,80281,151270741.0,14.32,-9.95,-6.35,3.72,9.139999999999993
2015-07-03,300308,52.21,51.76,57.04,51.76,65673,105890207.0,9.19,-9.92,-5.7,3.04,5.280000000000001
2015-07-06,300308,56.68,46.61,56.68,46.61,56673,88295588.0,19.46,-9.95,-5.15,2.62,10.07
2015-07-07,300308,42.01,41.97,42.01,41.97,6040,7763839.0,0.09,-9.95,-4.64,0.28,0.03999999999999915
2015-07-08,300308,37.83,38.9,39.71,37.83,210520,246895486.0,4.48,-7.31,-3.07,9.75,1.8800000000000026
2015-07-09,300308,36.63,42.75,42.75,36.63,45998,58329532.0,15.73,9.9,3.85,2.13,6.119999999999997
2015-07-10,300308,45.7,47.0,47.0,45.7,9961,14215946.0,3.04,9.94,4.25,0.46,1.2999999999999972
2015-07-13,300308,51.66,51.66,51.66,51.05,37113,58759736.0,1.3,9.91,4.66,1.72,0.6099999999999994
2015-07-14,300308,54.19,56.78,56.78,52.21,162509,274621520.0,8.85,9.91,5.12,7.52,4.57
2015-07-15,300308,55.0,51.14,55.13,51.14,61914,99659445.0,7.03,-9.93,-5.64,2.87,3.990000000000002
2015-07-16,300308,46.22,49.62,53.83,46.06,66022,101096330.0,15.19,-2.97,-1.52,3.06,7.769999999999996
2015-07-17,300308,50.59,53.12,54.38,49.07,55637,88579875.0,10.7,7.05,3.5,2.58,5.310000000000002
2015-07-20,300308,53.18,52.8,56.0,48.97,59014,96760363.0,13.23,-0.6,-0.32,2.73,7.030000000000001
2015-07-21,300308,52.21,55.16,55.78,50.59,58461,96438092.0,9.83,4.47,2.36,2.71,5.189999999999998
2015-07-22,300308,54.19,60.64,60.64,53.48,123309,219126250.0,12.98,9.93,5.48,5.71,7.160000000000004
2015-07-23,300308,58.82,61.35,63.88,58.82,110065,207642930.0,8.34,1.17,0.71,5.1,5.060000000000002
2015-07-24,300308,60.64,57.4,61.77,56.36,79663,145903573.0,8.82,-6.44,-3.95,3.69,5.410000000000004
2015-07-27,300308,56.1,58.3,63.1,55.48,169899,321861008.0,13.28,1.57,0.9,7.87,7.6200000000000045
2015-07-28,300308,54.19,52.5,58.3,52.5,122642,201826247.0,9.95,-9.95,-5.8,5.68,5.799999999999997
2015-07-29,300308,54.12,55.68,56.75,47.29,107169,166985332.0,18.02,6.06,3.18,4.96,9.46
2015-07-30,300308,54.35,50.92,55.45,50.88,68986,113820098.0,8.21,-8.55,-4.76,3.19,4.57
2015-07-31,300308,48.97,47.81,51.53,46.7,49798,75405758.0,9.49,-6.11,-3.11,2.31,4.829999999999998
2015-08-03,300308,46.7,43.72,47.38,43.08,56999,77473370.0,8.99,-8.55,-4.09,2.64,4.300000000000004
2015-08-04,300308,43.89,47.97,48.06,43.89,49805,70452615.0,9.54,9.72,4.25,2.31,4.170000000000002
2015-08-05,300308,48.97,47.81,50.56,47.13,67782,101433720.0,7.15,-0.33,-0.16,3.14,3.4299999999999997
2015-08-06,300308,47.81,46.12,47.81,44.89,49110,69893855.0,6.11,-3.53,-1.69,2.27,2.9200000000000017
2015-08-07,300308,46.87,48.91,50.66,46.74,49337,73213701.0,8.5,6.05,2.79,2.28,3.9199999999999946
2015-08-10,300308,49.49,53.77,53.77,49.23,61674,98026283.0,9.28,9.94,4.86,2.86,4.540000000000006
2015-08-11,300308,53.77,54.48,56.42,53.02,70631,118819147.0,6.32,1.32,0.71,3.27,3.3999999999999986
2015-08-12,300308,53.44,53.93,55.45,52.76,57965,96072489.0,4.94,-1.01,-0.55,2.68,2.690000000000005
2015-08-13,300308,53.48,55.68,55.68,52.86,58669,98416403.0,5.23,3.24,1.75,2.72,2.8200000000000003
2015-08-14,300308,55.78,55.0,58.04,54.19,60233,104280112.0,6.91,-1.22,-0.68,2.79,3.8500000000000014
2015-08-17,300308,55.0,55.45,55.45,53.51,43352,72621899.0,3.53,0.82,0.45,2.01,1.9400000000000048
2015-08-18,300308,55.61,50.95,57.95,49.94,74565,124292190.0,14.45,-8.12,-4.5,3.45,8.010000000000005
2015-08-19,300308,48.97,51.89,53.35,45.99,64200,95590309.0,14.45,1.84,0.94,2.97,7.359999999999999
2015-08-20,300308,50.53,48.91,52.02,48.91,38641,59771413.0,5.99,-5.74,-2.98,1.79,3.1100000000000065
2015-08-21,300308,47.35,44.18,48.97,44.18,36863,52188915.0,9.79,-9.67,-4.73,1.71,4.789999999999999
2015-08-24,300308,42.49,39.8,42.49,39.8,26646,32759179.0,6.09,-9.91,-4.38,1.23,2.690000000000005
2015-08-25,300308,35.85,35.85,35.85,35.85,20486,22432170.0,0.0,-9.92,-3.95,0.95,0.0
2015-08-26,300308,33.42,32.32,37.5,32.32,51441,53637059.0,14.45,-9.85,-3.53,2.38,5.18
2015-08-27,300308,34.0,33.58,34.39,31.12,45970,46040079.0,10.12,3.9,1.26,2.13,3.2699999999999996
2015-08-28,300308,34.07,36.92,36.92,33.81,45326,48176334.0,9.26,9.95,3.34,2.1,3.1099999999999994
2015-08-31,300308,37.24,34.91,37.24,34.78,39435,43552060.0,6.66,-5.44,-2.01,1.83,2.460000000000001
2015-09-01,300308,34.91,31.44,34.91,31.44,35026,34620139.0,9.94,-9.94,-3.47,1.62,3.4699999999999953
2015-09-02,300308,29.86,30.18,33.58,28.82,29389,27705281.0,15.14,-4.01,-1.26,1.36,4.759999999999998
2015-09-07,300308,31.02,31.28,32.45,30.7,35238,33974775.0,5.8,3.64,1.1,1.63,1.7500000000000036
2015-09-08,300308,31.31,34.07,34.23,30.21,31660,31271674.0,12.85,8.92,2.79,1.47,4.019999999999996
2015-09-09,300308,34.2,36.3,36.56,34.17,52054,56475723.0,7.01,6.55,2.23,2.41,2.3900000000000006
2015-09-10,300308,35.62,35.79,36.5,35.4,35309,38770911.0,3.03,-1.4,-0.51,1.63,1.1000000000000014
2015-09-11,300308,36.01,36.21,37.21,35.53,26647,29509559.0,4.69,1.17,0.42,1.23,1.6799999999999997
2015-09-14,300308,36.63,32.61,36.63,32.61,33515,34686370.0,11.1,-9.94,-3.6,1.55,4.020000000000003
2015-09-15,300308,31.77,30.15,32.12,30.02,21491,20303777.0,6.44,-7.54,-2.46,0.99,2.099999999999998
2015-09-16,300308,30.67,33.13,33.13,30.21,22474,21890521.0,9.68,9.88,2.98,1.04,2.9200000000000017
2015-09-17,300308,33.68,34.42,35.66,32.77,43201,45013184.0,8.72,3.89,1.29,2.0,2.8899999999999935
2015-09-18,300308,34.85,35.07,35.49,33.13,42535,44763406.0,6.86,1.89,0.65,1.97,2.3599999999999994
2015-09-21,300308,34.91,38.54,38.54,34.39,53278,59919831.0,11.83,9.89,3.47,2.47,4.149999999999999
2015-09-22,300308,38.31,38.15,39.19,37.7,42028,49351369.0,3.87,-1.01,-0.39,1.95,1.4899999999999949
2015-09-23,300308,36.98,37.31,38.67,36.69,37043,42479903.0,5.19,-2.2,-0.84,1.71,1.980000000000004
2015-09-24,300308,37.57,37.79,38.34,37.08,36107,41546253.0,3.38,1.29,0.48,1.67,1.2600000000000051
2015-09-25,300308,37.31,35.01,38.12,34.42,30325,33374040.0,9.79,-7.36,-2.78,1.4,3.6999999999999957
2015-09-28,300308,35.14,37.28,37.79,34.42,22563,24944808.0,9.63,6.48,2.27,1.04,3.3699999999999974
2015-09-29,300308,36.5,36.34,37.28,35.56,19229,21436070.0,4.61,-2.52,-0.94,0.89,1.7199999999999989
2015-09-30,300308,36.63,36.6,37.15,35.17,20279,22570160.0,5.45,0.72,0.26,0.94,1.9799999999999969
2015-10-08,300308,38.12,40.22,40.22,37.47,31612,37915262.0,7.51,9.89,3.62,1.46,2.75
2015-10-09,300308,40.32,41.68,43.43,39.84,67056,85122368.0,8.93,3.63,1.46,3.1,3.5899999999999963
2015-10-12,300308,42.1,43.5,44.37,41.26,58408,77062314.0,7.46,4.37,1.82,2.7,3.1099999999999994
2015-10-13,300308,43.63,45.41,46.7,42.82,54510,75181094.0,8.92,4.39,1.91,2.52,3.8800000000000026
2015-10-14,300308,44.5,43.72,45.6,43.5,41489,56512147.0,4.62,-3.72,-1.69,1.92,2.1000000000000014
2015-10-15,300308,43.14,44.76,45.25,42.43,44156,59520017.0,6.45,2.38,1.04,2.04,2.8200000000000003
2015-10-16,300308,44.89,47.42,49.17,44.82,55680,80503851.0,9.72,5.94,2.66,2.58,4.350000000000001
2015-10-19,300308,47.42,46.74,49.17,46.15,44178,63986393.0,6.37,-1.43,-0.68,2.05,3.020000000000003
2015-10-20,300308,46.41,49.75,50.46,46.22,49069,73334713.0,9.07,6.44,3.01,2.27,4.240000000000002
2015-10-21,300308,49.75,44.86,50.59,44.82,59584,86867395.0,11.6,-9.83,-4.89,2.76,5.770000000000003
2015-10-22,300308,44.6,48.0,48.13,44.4,44446,63214759.0,8.31,7.0,3.14,2.06,3.730000000000004
2015-10-23,300308,47.35,49.81,50.14,46.77,64217,95478148.0,7.02,3.77,1.81,2.97,3.3699999999999974
2015-10-26,300308,50.27,52.57,52.57,48.97,70219,108593615.0,7.23,5.54,2.76,3.25,3.6000000000000014
2015-10-27,300308,51.21,51.66,52.47,49.07,47220,73567235.0,6.47,-1.73,-0.91,2.19,3.3999999999999986
2015-10-28,300308,51.73,52.28,53.99,49.81,69416,111640037.0,8.09,1.2,0.62,3.21,4.18
2015-10-29,300308,52.8,52.24,53.02,50.66,37615,59650329.0,4.51,-0.08,-0.04,1.74,2.3600000000000065
2015-10-30,300308,51.76,51.05,52.6,50.01,28553,45059026.0,4.96,-2.28,-1.19,1.32,2.5900000000000034
2015-11-02,300308,50.01,50.2,52.15,50.01,32354,50675160.0,4.19,-1.67,-0.85,1.5,2.1400000000000006
2015-11-03,300308,50.75,48.91,51.08,48.65,18918,28747918.0,4.84,-2.57,-1.29,0.88,2.4299999999999997
2015-11-04,300308,49.75,51.66,52.02,48.91,32736,50866462.0,6.36,5.62,2.75,1.52,3.1100000000000065
2015-11-05,300308,52.28,52.47,53.57,50.59,52416,83191158.0,5.77,1.57,0.81,2.43,2.979999999999997
2015-11-06,300308,52.21,53.9,54.16,52.21,44933,73734350.0,3.72,2.73,1.43,2.08,1.9499999999999957
2015-11-09,300308,53.9,53.51,53.9,52.24,37919,61829539.0,3.08,-0.72,-0.39,1.76,1.6599999999999966
2015-11-10,300308,54.16,51.89,54.16,51.89,47413,76734576.0,4.24,-3.03,-1.62,2.19,2.269999999999996
2015-11-11,300308,52.28,54.09,54.12,50.62,67675,108327408.0,6.75,4.24,2.2,3.13,3.5
2015-11-12,300308,53.83,53.21,53.86,51.69,56844,92078532.0,4.01,-1.63,-0.88,2.63,2.1700000000000017
2015-11-13,300308,52.7,53.77,55.35,51.43,79544,131049794.0,7.37,1.05,0.56,3.68,3.9200000000000017
2015-11-16,300308,52.08,58.69,59.02,51.5,90782,154030074.0,13.99,9.15,4.92,4.2,7.520000000000003
2015-11-17,300308,60.15,55.65,60.15,54.97,92835,162551417.0,8.83,-5.18,-3.04,4.3,5.18
2015-11-18,300308,56.23,53.05,56.55,52.73,43395,73289953.0,6.86,-4.67,-2.6,2.01,3.8200000000000003
2015-11-19,300308,53.15,56.29,56.42,52.6,48785,81485033.0,7.2,6.11,3.24,2.26,3.8200000000000003
2015-11-20,300308,55.94,55.94,56.78,54.8,48517,83070987.0,3.52,-0.62,-0.35,2.25,1.980000000000004
2015-11-23,300308,56.07,55.55,57.33,55.16,54817,94128647.0,3.88,-0.7,-0.39,2.54,2.1700000000000017
2015-11-24,300308,55.45,56.88,56.97,55.06,33716,57921703.0,3.44,2.39,1.33,1.56,1.9099999999999966
2015-11-25,300308,57.49,61.28,61.87,56.42,72201,131870393.0,9.58,7.74,4.4,3.34,5.449999999999996
2015-11-26,300308,61.22,60.31,61.22,59.05,43161,79650524.0,3.54,-1.58,-0.97,2.0,2.1700000000000017
2015-11-27,300308,59.96,54.32,60.38,54.32,53708,93952199.0,10.05,-9.93,-5.99,2.49,6.060000000000002
2015-11-30,300308,54.48,53.67,55.94,49.07,47578,77177246.0,12.65,-1.2,-0.65,2.2,6.869999999999997
2015-12-01,300308,53.28,53.67,55.91,51.3,48021,78843775.0,8.59,0.0,0.0,2.22,4.609999999999999
2015-12-02,300308,53.44,51.95,54.35,50.2,27758,44288948.0,7.73,-3.2,-1.72,1.29,4.149999999999999
2015-12-03,300308,52.47,53.64,53.96,51.79,31581,51383142.0,4.18,3.25,1.69,1.46,2.1700000000000017
2015-12-04,300308,53.83,53.8,55.35,52.73,38872,64233642.0,4.88,0.3,0.16,1.8,2.6200000000000045
2015-12-07,300308,54.35,57.59,58.3,54.32,60560,104858642.0,7.4,7.04,3.79,2.8,3.979999999999997
2015-12-08,300308,56.91,60.21,62.87,56.81,104986,194650324.0,10.52,4.55,2.62,4.86,6.059999999999995
2015-12-09,300308,60.64,59.96,61.54,59.05,45674,83976407.0,4.14,-0.42,-0.25,2.11,2.490000000000002
2015-12-10,300308,59.76,59.34,61.58,58.37,37436,68501341.0,5.35,-1.03,-0.62,1.73,3.210000000000001
2015-12-11,300308,58.69,58.04,59.34,56.36,31269,55354522.0,5.02,-2.19,-1.3,1.45,2.980000000000004
2015-12-14,300308,58.11,63.81,63.81,57.66,65621,123691295.0,10.6,9.94,5.77,3.04,6.150000000000006
2015-12-15,300308,64.52,66.82,70.03,64.43,83614,171479051.0,8.78,4.72,3.01,3.87,5.599999999999994
2015-12-16,300308,67.8,66.01,71.04,65.92,76618,161566378.0,7.66,-1.21,-0.81,3.55,5.1200000000000045
2015-12-17,300308,66.79,69.38,69.64,64.52,59509,122731447.0,7.76,5.11,3.37,2.75,5.1200000000000045
2015-12-18,300308,68.41,71.26,74.63,67.18,86929,188106493.0,10.74,2.71,1.88,4.02,7.449999999999989
2015-12-21,300308,71.36,72.75,73.6,68.41,69343,151109513.0,7.28,2.09,1.49,3.21,5.189999999999998
2015-12-22,300308,71.75,70.84,73.24,70.13,32233,70443816.0,4.27,-2.63,-1.91,1.49,3.1099999999999994
2015-12-23,300308,70.55,69.22,71.59,67.8,30780,65634638.0,5.35,-2.29,-1.62,1.42,3.7900000000000063
2015-12-24,300308,68.96,71.65,72.53,68.74,45043,98109044.0,5.48,3.51,2.43,2.09,3.7900000000000063
2015-12-25,300308,72.04,71.65,74.08,70.03,38798,85930063.0,5.65,0.0,0.0,1.8,4.049999999999997
2015-12-28,300308,71.49,73.27,74.86,70.58,48413,107973238.0,5.97,2.26,1.62,2.24,4.280000000000001
2015-12-29,300308,73.6,77.03,78.62,72.95,42501,99580454.0,7.74,5.13,3.76,1.97,5.670000000000002
2015-12-30,300308,76.84,77.16,78.39,75.54,33311,78685642.0,3.7,0.17,0.13,1.54,2.8499999999999943
2015-12-31,300308,77.0,73.79,77.48,73.3,30170,69665153.0,5.42,-4.37,-3.37,1.4,4.180000000000007
2016-01-04,300308,73.76,66.44,73.98,66.44,37216,78772834.0,10.22,-9.96,-7.35,1.72,7.540000000000006
2016-01-05,300308,59.89,61.64,66.44,59.83,47548,90819760.0,9.95,-7.22,-4.8,2.2,6.609999999999999
2016-01-06,300308,64.52,62.74,64.52,61.93,36819,71288222.0,4.2,1.78,1.1,1.7,2.5899999999999963
2016-01-07,300308,62.58,56.52,62.68,56.52,7890,14129295.0,9.82,-9.91,-6.22,0.37,6.159999999999997
2016-01-08,300308,56.52,53.83,59.28,51.56,43690,73864586.0,13.66,-4.76,-2.69,2.02,7.719999999999999
2016-01-11,300308,54.16,48.49,55.03,48.49,33193,52885849.0,12.15,-9.92,-5.34,1.54,6.539999999999999
2016-01-12,300308,47.84,47.35,50.56,45.86,32651,47545948.0,9.69,-2.35,-1.14,1.51,4.700000000000003
2016-01-13,300308,47.38,43.2,48.55,43.14,29147,41612704.0,11.43,-8.76,-4.15,1.35,5.409999999999997
2016-01-14,300308,41.52,46.06,46.54,39.25,71504,94249402.0,16.88,6.62,2.86,3.31,7.289999999999999
2016-01-15,300308,45.08,41.78,45.89,41.52,50426,67898651.0,9.49,-9.29,-4.28,2.33,4.369999999999997
2016-01-18,300308,41.68,44.27,45.51,40.65,49840,65949693.0,11.63,5.96,2.49,2.31,4.859999999999999
2016-01-19,300308,44.34,48.68,48.68,43.5,50962,72301141.0,11.7,9.96,4.41,2.36,5.18
2016-01-20,300308,48.0,49.78,50.92,48.0,67523,102350948.0,6.0,2.26,1.1,3.13,2.9200000000000017
2016-01-21,300308,47.42,45.86,50.07,45.86,41871,61851949.0,8.46,-7.87,-3.92,1.94,4.210000000000001
2016-01-22,300308,47.35,47.51,48.0,44.66,33321,47548565.0,7.28,3.6,1.65,1.54,3.3400000000000034
2016-01-25,300308,48.49,48.45,49.88,47.68,38445,57587664.0,4.63,1.98,0.94,1.78,2.200000000000003
2016-01-26,300308,47.35,43.72,48.32,43.66,34309,47649011.0,9.62,-9.76,-4.73,1.59,4.660000000000004
2016-01-27,300308,43.72,44.27,44.63,40.16,29446,38142673.0,10.22,1.26,0.55,1.36,4.470000000000006
2016-01-28,300308,43.08,41.07,44.24,40.19,21024,27508602.0,9.15,-7.23,-3.2,0.97,4.050000000000004
2016-01-29,300308,41.2,45.15,45.15,41.2,29850,39933827.0,9.62,9.93,4.08,1.38,3.9499999999999957
2016-02-01,300308,45.76,46.96,47.61,43.14,44926,63283969.0,9.9,4.01,1.81,2.08,4.469999999999999
2016-02-02,300308,46.96,50.75,51.3,46.35,45982,68807678.0,10.54,8.07,3.79,2.13,4.949999999999996
2016-02-03,300308,49.65,50.92,51.5,48.0,32955,50181161.0,6.9,0.33,0.17,1.53,3.5
2016-02-04,300308,50.88,49.91,53.09,49.78,44633,69928309.0,6.5,-1.98,-1.01,2.07,3.3100000000000023
2016-02-05,300308,50.27,49.0,51.4,48.65,30923,47223212.0,5.51,-1.82,-0.91,1.43,2.75
2016-02-15,300308,47.32,48.75,49.72,46.64,27400,40610091.0,6.29,-0.51,-0.25,1.27,3.0799999999999983
2016-02-16,300308,48.97,51.24,51.34,48.97,37157,57433360.0,4.86,5.11,2.49,1.72,2.3700000000000045
2016-02-17,300308,51.08,50.75,51.43,49.33,46297,71389585.0,4.1,-0.96,-0.49,2.14,2.1000000000000014
2016-02-18,300308,50.98,51.27,51.66,50.01,50379,78565851.0,3.25,1.02,0.52,2.33,1.6499999999999986
2016-02-19,300308,51.27,51.92,52.54,50.24,44047,69573029.0,4.49,1.27,0.65,2.04,2.299999999999997
2016-02-22,300308,52.86,53.57,54.64,51.3,80931,129796346.0,6.43,3.18,1.65,3.75,3.3400000000000034
2016-02-23,300308,53.51,52.4,53.51,51.3,42567,68055766.0,4.13,-2.18,-1.17,1.97,2.210000000000001
2016-02-24,300308,52.28,52.4,53.02,50.98,30107,47816016.0,3.89,0.0,0.0,1.39,2.0400000000000063
2016-02-25,300308,52.05,48.62,52.28,47.19,54928,82511012.0,9.71,-7.21,-3.78,2.54,5.090000000000003
2016-02-26,300308,48.71,47.13,49.17,44.6,41936,61109770.0,9.4,-3.06,-1.49,1.94,4.57
2016-02-29,300308,47.0,42.46,47.0,42.46,33369,43811967.0,9.63,-9.91,-4.67,1.54,4.539999999999999
2016-03-01,300308,42.1,42.43,43.37,39.61,34043,43318500.0,8.86,-0.07,-0.03,1.58,3.759999999999998
2016-03-02,300308,42.17,44.18,44.76,41.84,38114,50378195.0,6.88,4.12,1.75,1.76,2.9199999999999946
2016-03-03,300308,43.79,43.17,44.73,43.17,37258,50137789.0,3.53,-2.29,-1.01,1.72,1.5599999999999952
2016-03-04,300308,43.24,40.32,44.05,39.28,34708,44279976.0,11.05,-6.6,-2.85,1.61,4.769999999999996
2016-03-07,300308,40.55,41.68,42.36,40.55,27255,34712437.0,4.49,3.37,1.36,1.26,1.8100000000000023
2016-03-08,300308,42.01,42.52,42.72,39.28,34247,42878715.0,8.25,2.02,0.84,1.59,3.4399999999999977
2016-03-09,300308,41.39,41.29,42.23,40.29,19970,25375574.0,4.56,-2.89,-1.23,0.92,1.9399999999999977
2016-03-10,300308,41.13,40.42,42.01,40.29,22654,28494884.0,4.17,-2.11,-0.87,1.05,1.7199999999999989
2016-09-30,300308,44.44,44.44,44.44,44.44,283,384597.0,0.0,9.95,4.02,0.01,0.0
2016-10-10,300308,48.84,48.84,48.84,48.84,848,1267461.0,0.0,9.9,4.4,0.04,0.0
2016-10-11,300308,53.7,53.7,53.7,53.7,1917,3153629.0,0.0,9.95,4.86,0.09,0.0
2016-10-12,300308,59.05,59.05,59.05,59.05,6466,11703152.0,0.0,9.96,5.35,0.3,0.0
2016-10-13,300308,64.91,64.91,64.91,64.91,4561,9081289.0,0.0,9.92,5.86,0.21,0.0
2016-10-14,300308,71.36,71.36,71.36,71.36,6472,14174490.0,0.0,9.94,6.45,0.3,0.0
2016-10-17,300308,78.46,78.46,78.46,78.46,9444,22749584.0,0.0,9.95,7.1,0.44,0.0
2016-10-18,300308,86.26,86.26,86.26,84.64,287493,760800368.0,2.06,9.94,7.8,13.4,1.6200000000000045
2016-10-19,300308,86.26,91.12,93.55,85.29,352793,963741040.0,9.58,5.63,4.86,16.44,8.259999999999991
2016-10-20,300308,89.02,92.1,95.34,87.24,269243,748451632.0,8.89,1.08,0.98,12.55,8.100000000000009
2016-10-21,300308,90.8,96.31,99.35,90.18,201896,576689536.0,9.96,4.57,4.21,9.41,9.169999999999987
2016-10-24,300308,95.53,94.53,95.85,93.07,119693,347480208.0,2.89,-1.85,-1.78,5.58,2.780000000000001
2016-10-25,300308,94.98,95.98,97.54,93.36,139517,409139504.0,4.42,1.53,1.45,6.5,4.180000000000007
2016-10-26,300308,94.17,88.31,94.36,87.88,175235,484847520.0,6.75,-7.99,-7.67,8.17,6.480000000000004
2016-10-27,300308,89.44,90.48,90.48,88.21,124352,341185888.0,2.57,2.46,2.17,5.8,2.2700000000000102
2016-10-28,300308,89.54,84.64,91.71,84.64,125350,338084928.0,7.81,-6.45,-5.84,5.84,7.069999999999993
2016-10-31,300308,84.55,85.55,85.88,83.61,90419,235421633.0,2.68,1.08,0.91,4.21,2.269999999999996
2016-11-01,300308,86.1,94.07,94.07,84.77,186553,521461776.0,10.87,9.96,8.52,8.7,9.299999999999997
2016-11-02,300308,94.33,92.55,95.92,91.45,165997,477944448.0,4.75,-1.62,-1.52,7.74,4.469999999999999
2016-11-03,300308,91.61,93.72,96.5,88.95,160319,455688448.0,8.16,1.26,1.17,7.47,7.549999999999997
2016-11-04,300308,92.74,94.23,98.84,92.19,135363,395823856.0,7.1,0.54,0.51,6.31,6.650000000000006
2016-11-07,300308,94.04,88.66,94.04,84.97,91748,249482989.0,9.63,-5.91,-5.57,4.28,9.070000000000007
2016-11-08,300308,88.69,95.14,95.27,87.98,106555,301610512.0,8.22,7.31,6.48,4.97,7.289999999999992
2016-11-09,300308,94.36,94.23,99.22,93.23,162041,480181744.0,6.3,-0.96,-0.91,7.55,5.989999999999995
2016-11-10,300308,94.4,100.46,102.01,93.17,171224,512752240.0,9.38,6.61,6.23,7.98,8.840000000000003
2016-11-11,300308,97.96,93.98,99.03,93.46,125341,368385664.0,5.54,-6.45,-6.48,5.84,5.570000000000007
2016-11-14,300308,91.48,91.19,92.61,89.99,57825,162140424.0,2.79,-2.97,-2.79,2.7,2.6200000000000045
2016-11-15,300308,88.66,88.73,89.21,86.91,80845,219016972.0,2.52,-2.7,-2.46,3.77,2.299999999999997
2016-11-16,300308,88.76,87.3,89.7,87.3,42867,116520818.0,2.7,-1.61,-1.43,2.0,2.4000000000000057
2016-11-17,300308,86.91,87.37,89.41,86.91,38860,105295229.0,2.86,0.08,0.07,1.81,2.5
2016-11-18,300308,87.01,87.27,88.53,86.85,26791,71918960.0,1.92,-0.11,-0.1,1.25,1.6800000000000068
2016-11-21,300308,88.79,88.44,88.86,85.91,30316,81575776.0,3.38,1.34,1.17,1.41,2.950000000000003
2016-11-22,300308,88.79,89.08,89.5,88.05,35443,96696184.0,1.64,0.72,0.64,1.65,1.4500000000000028
2016-11-23,300308,90.74,80.92,90.74,80.21,92714,240998277.0,11.82,-9.16,-8.16,4.32,10.530000000000001
2016-11-24,300308,80.24,78.23,80.63,77.84,62482,152093431.0,3.45,-3.32,-2.69,2.91,2.789999999999992
2016-11-25,300308,78.42,77.84,78.94,76.06,54318,129165788.0,3.68,-0.5,-0.39,2.53,2.8799999999999955
2016-11-28,300308,77.52,79.01,80.24,76.87,36859,89021615.0,4.33,1.5,1.17,1.72,3.3699999999999903
2016-11-29,300308,78.49,76.58,79.33,76.38,35561,85167738.0,3.73,-3.08,-2.43,1.66,2.950000000000003
2016-11-30,300308,76.87,73.4,77.42,72.92,47000,107641804.0,5.88,-4.15,-3.18,2.19,4.5
2016-12-01,300308,73.47,75.35,78.16,73.08,48175,112032452.0,6.92,2.66,1.95,2.25,5.079999999999998
2016-12-02,300308,75.09,75.22,77.35,74.54,42513,98995228.0,3.73,-0.17,-0.13,1.98,2.809999999999988
2016-12-05,300308,74.44,77.94,80.43,74.44,49139,117673695.0,7.96,3.62,2.72,2.29,5.990000000000009
2016-12-06,300308,77.74,82.34,83.09,77.55,76889,191270043.0,7.11,5.65,4.4,3.58,5.540000000000006
2016-12-07,300308,81.99,81.53,82.31,80.11,37683,93568674.0,2.67,-0.98,-0.81,1.76,2.200000000000003
2016-12-08,300308,81.11,78.49,83.06,78.23,37810,93773590.0,5.92,-3.73,-3.04,1.76,4.829999999999998
2016-12-09,300308,78.16,77.0,79.01,76.12,26526,62890831.0,3.68,-1.9,-1.49,1.24,2.8900000000000006
2016-12-12,300308,76.54,69.38,77.16,69.35,45236,100826538.0,10.14,-9.9,-7.62,2.11,7.810000000000002
2016-12-13,300308,69.77,69.09,71.17,67.93,41078,87147889.0,4.67,-0.42,-0.29,1.91,3.239999999999995
2016-12-14,300308,69.45,72.07,73.95,68.48,42286,92793231.0,7.92,4.31,2.98,1.97,5.469999999999999
2016-12-15,300308,71.23,79.23,79.23,71.23,61070,143470602.0,11.1,9.93,7.16,2.85,8.0
2016-12-16,300308,80.76,81.34,84.55,79.82,89646,226118155.0,5.97,2.66,2.11,4.18,4.730000000000004
2016-12-19,300308,81.73,79.1,82.38,76.87,58410,142163582.0,6.77,-2.75,-2.24,2.72,5.509999999999991
2016-12-20,300308,78.16,78.52,81.57,78.16,40869,100255546.0,4.31,-0.73,-0.58,1.9,3.4099999999999966
2016-12-21,300308,78.52,79.14,79.72,77.87,25757,62265101.0,2.36,0.79,0.62,1.2,1.8499999999999943
2016-12-22,300308,79.36,74.5,79.78,74.28,51852,120475667.0,6.95,-5.86,-4.64,2.42,5.5
2016-12-23,300308,73.66,74.6,75.9,73.53,26673,61168226.0,3.18,0.13,0.1,1.24,2.3700000000000045
2016-12-26,300308,74.89,75.93,76.32,71.68,27767,63732775.0,6.22,1.78,1.33,1.29,4.639999999999986
2016-12-27,300308,75.41,78.72,78.72,75.35,32032,75264852.0,4.44,3.67,2.79,1.49,3.3700000000000045
2016-12-28,300308,78.72,75.93,79.59,75.9,36320,86568720.0,4.69,-3.54,-2.79,1.69,3.6899999999999977
2016-12-29,300308,75.99,79.23,79.4,75.93,44910,107434027.0,4.57,4.35,3.3,2.09,3.469999999999999
2016-12-30,300308,78.2,77.52,78.97,76.54,29369,69918189.0,3.07,-2.16,-1.71,1.37,2.4299999999999926
2017-01-03,300308,77.45,78.36,78.72,76.61,22530,54052807.0,2.72,1.08,0.84,1.05,2.1099999999999994
2017-01-04,300308,78.36,77.84,79.75,76.58,20963,49839097.0,4.05,-0.66,-0.52,0.98,3.1700000000000017
2017-01-05,300308,77.84,76.64,78.1,76.41,17637,41652985.0,2.17,-1.54,-1.2,0.82,1.6899999999999977
2017-01-06,300308,76.09,74.37,77.16,73.34,22493,51656282.0,4.98,-2.96,-2.27,1.05,3.819999999999993
2017-01-09,300308,72.98,74.92,75.25,72.33,27780,63143322.0,3.93,0.74,0.55,1.29,2.9200000000000017
2017-01-10,300308,75.15,76.71,78.16,74.28,27541,64672115.0,5.18,2.39,1.79,1.28,3.8799999999999955
2017-01-11,300308,77.13,75.57,77.13,74.92,13672,31802101.0,2.88,-1.49,-1.14,0.64,2.2099999999999937
2017-01-12,300308,75.41,74.11,76.51,73.95,11470,26333531.0,3.39,-1.93,-1.46,0.53,2.5600000000000023
2017-01-13,300308,74.6,72.49,74.6,72.33,12158,27395109.0,3.06,-2.19,-1.62,0.57,2.269999999999996
2017-01-16,300308,72.04,66.73,73.3,65.3,24578,51974730.0,11.04,-7.95,-5.76,1.15,8.0
2017-01-17,300308,66.18,69.35,70.49,65.27,34244,71721574.0,7.82,3.93,2.62,1.6,5.219999999999999
2017-01-18,300308,68.96,68.02,69.55,67.63,10690,22520074.0,2.77,-1.92,-1.33,0.5,1.9200000000000017
2017-01-19,300308,67.08,68.06,68.38,67.08,8666,17995161.0,1.91,0.06,0.04,0.4,1.2999999999999972
2017-01-20,300308,67.47,69.25,69.81,67.38,11628,24603526.0,3.57,1.75,1.19,0.54,2.430000000000007
2017-01-23,300308,69.25,72.17,74.79,68.93,25001,55710899.0,8.46,4.22,2.92,1.17,5.859999999999999
2017-01-24,300308,72.17,73.34,74.7,71.68,22483,50801648.0,4.18,1.62,1.17,1.05,3.019999999999996
2017-01-25,300308,72.98,72.95,74.05,71.43,12500,27921268.0,3.57,-0.53,-0.39,0.58,2.6199999999999903
2017-01-26,300308,73.08,74.79,77.48,73.08,19229,44321513.0,6.03,2.52,1.84,0.9,4.400000000000006
2017-02-03,300308,75.51,75.25,75.51,73.89,8300,19079014.0,2.17,0.62,0.46,0.39,1.6200000000000045
2017-02-06,300308,75.25,75.86,76.54,74.92,12765,29675174.0,2.15,0.81,0.61,0.59,1.6200000000000045
2017-02-07,300308,75.48,76.74,76.87,75.02,14578,34085955.0,2.44,1.16,0.88,0.68,1.8500000000000085
2017-02-08,300308,75.77,77.91,77.97,74.63,23641,55865912.0,4.35,1.52,1.17,1.1,3.3400000000000034
2017-02-09,300308,77.94,81.37,83.41,77.94,53911,135221437.0,7.02,4.44,3.46,2.51,5.469999999999999
2017-02-10,300308,80.76,80.72,83.83,80.43,33567,84913322.0,4.18,-0.8,-0.65,1.56,3.3999999999999915
2017-02-13,300308,80.89,80.27,82.96,79.56,31199,78075056.0,4.21,-0.56,-0.45,1.45,3.3999999999999915
2017-02-14,300308,80.69,78.75,80.76,77.52,30299,73121440.0,4.04,-1.89,-1.52,1.41,3.240000000000009
2017-02-15,300308,79.23,81.76,85.23,79.23,38886,97873215.0,7.62,3.82,3.01,1.81,6.0
2017-02-16,300308,81.76,86.78,88.5,80.76,64725,170811478.0,9.47,6.14,5.02,3.02,7.739999999999995
2017-02-17,300308,86.46,84.32,86.78,84.32,26715,70070218.0,2.83,-2.83,-2.46,1.25,2.460000000000008
2017-02-20,300308,84.26,87.07,87.5,83.19,26709,70418691.0,5.11,3.26,2.75,1.24,4.310000000000002
2017-02-21,300308,88.53,89.21,89.37,86.56,32968,89476843.0,3.23,2.46,2.14,1.54,2.8100000000000023
2017-02-22,300308,87.98,88.92,89.31,86.65,20844,56390676.0,2.98,-0.33,-0.29,0.97,2.6599999999999966
2017-02-23,300308,88.56,88.92,89.25,88.05,22278,60749010.0,1.35,0.0,0.0,1.04,1.2000000000000028
2017-02-24,300308,88.24,93.75,93.98,88.24,48541,137491078.0,6.46,5.43,4.83,2.26,5.740000000000009
2017-02-27,300308,93.39,92.42,98.58,89.41,30325,87199344.0,9.78,-1.42,-1.33,1.41,9.170000000000002
2017-02-28,300308,93.59,92.1,94.36,90.51,19386,54888147.0,4.17,-0.35,-0.32,0.9,3.8499999999999943
2017-03-01,300308,92.39,92.23,93.68,91.45,17921,50857375.0,2.42,0.14,0.13,0.84,2.230000000000004
2017-03-09,300308,101.4,101.4,101.4,101.4,6354,19805729.0,0.0,9.94,9.17,0.3,0.0
2017-03-10,300308,110.14,111.5,111.5,105.38,96383,321334128.0,6.04,9.96,10.1,4.49,6.1200000000000045
2017-03-13,300308,116.98,116.01,119.96,113.35,110338,396531664.0,5.93,4.04,4.51,5.14,6.609999999999999
2017-03-14,300308,117.69,117.21,119.25,113.42,94666,339793664.0,5.03,1.03,1.2,4.41,5.829999999999998
2017-03-15,300308,116.33,113.12,117.63,110.95,66912,235629392.0,5.7,-3.49,-4.09,3.12,6.679999999999993
2017-03-16,300308,113.87,121.06,124.4,113.87,96562,356985904.0,9.31,7.02,7.94,4.5,10.530000000000001
2017-03-17,300308,120.28,119.64,129.68,118.66,88659,336553744.0,9.1,-1.17,-1.42,4.13,11.02000000000001
2017-03-20,300308,121.9,116.33,121.9,110.24,65784,233250442.0,9.75,-2.77,-3.31,3.07,11.66000000000001
2017-03-21,300308,117.5,115.68,117.66,112.99,39970,141913024.0,4.01,-0.56,-0.65,1.86,4.670000000000002
2017-03-22,300308,117.04,119.67,123.1,113.84,42212,153509908.0,8.0,3.45,3.99,1.97,9.259999999999991
2017-03-23,300308,118.66,119.67,120.9,118.21,28802,105724914.0,2.25,0.0,0.0,1.34,2.690000000000012
2017-03-24,300308,119.67,121.71,126.44,117.63,41197,156032617.0,7.36,1.7,2.04,1.92,8.810000000000002
2017-03-27,300308,120.25,124.89,126.12,120.25,34626,132108678.0,4.82,2.61,3.18,1.61,5.8700000000000045
2017-03-28,300308,124.89,123.59,126.05,121.9,17939,68119499.0,3.32,-1.04,-1.3,0.84,4.1499999999999915
2017-03-29,300308,124.56,125.24,126.76,122.58,25117,96714512.0,3.38,1.34,1.65,1.17,4.180000000000007
2017-03-30,300308,125.14,116.59,125.14,113.77,46681,168536104.0,9.08,-6.91,-8.65,2.18,11.370000000000005
2017-03-31,300308,115.36,111.54,119.31,111.47,27617,98131993.0,6.72,-4.33,-5.05,1.29,7.840000000000003
2017-04-05,300308,111.57,114.06,115.65,107.32,46864,161089455.0,7.47,2.26,2.52,2.18,8.330000000000013
2017-04-06,300308,114.45,116.23,118.66,112.93,23036,82187617.0,5.02,1.9,2.17,1.07,5.72999999999999
2017-04-07,300308,116.33,118.44,121.9,116.33,25147,92247781.0,4.79,1.9,2.21,1.17,5.570000000000007
2017-04-10,300308,117.34,117.04,119.9,111.37,22523,80922833.0,7.2,-1.18,-1.4,1.05,8.530000000000001
2017-04-11,300308,118.99,117.34,119.96,112.83,27736,99188019.0,6.09,0.26,0.3,1.29,7.1299999999999955
2017-04-12,300308,117.34,113.16,117.34,112.48,17801,62351527.0,4.14,-3.56,-4.18,0.83,4.859999999999999
2017-04-13,300308,112.22,113.16,115.42,112.22,9605,33565099.0,2.83,0.0,0.0,0.45,3.200000000000003
2017-04-14,300308,114.74,113.42,114.74,110.24,11094,38332333.0,3.98,0.23,0.26,0.52,4.5
2017-04-17,300308,111.05,110.73,113.42,110.56,13617,46667874.0,2.52,-2.37,-2.69,0.63,2.8599999999999994
2017-04-18,300308,112.18,107.26,113.77,105.7,15922,53259726.0,7.29,-3.13,-3.47,0.74,8.069999999999993
2017-04-19,300308,106.94,110.56,111.47,100.59,29087,93828127.0,10.14,3.08,3.3,1.36,10.879999999999995
2017-04-20,300308,108.75,110.5,111.7,108.75,11041,37423170.0,2.67,-0.05,-0.06,0.51,2.950000000000003
2017-04-21,300308,111.21,112.02,113.64,110.18,11651,40304118.0,3.13,1.38,1.52,0.54,3.4599999999999937
2017-04-24,300308,111.24,112.05,112.67,109.2,7116,24345150.0,3.1,0.03,0.03,0.33,3.469999999999999
2017-04-25,300308,112.83,117.04,120.61,112.48,30441,109910842.0,7.26,4.45,4.99,1.42,8.129999999999995
2017-04-26,300308,117.11,115.52,120.25,113.9,13802,49340912.0,5.43,-1.3,-1.52,0.64,6.349999999999994
2017-04-27,300308,115.52,115.98,117.69,112.51,11123,39520059.0,4.48,0.4,0.46,0.52,5.179999999999993
2017-04-28,300308,114.19,109.43,115.33,106.25,29873,101112936.0,7.83,-5.65,-6.55,1.39,9.079999999999998
2017-05-02,300308,107.32,107.65,111.63,106.38,12510,41789268.0,4.8,-1.63,-1.78,0.58,5.25
2017-05-03,300308,108.62,109.24,110.24,106.68,11120,37299934.0,3.31,1.48,1.59,0.52,3.559999999999988
2017-05-04,300308,109.95,108.23,110.73,107.62,7434,24959837.0,2.85,-0.92,-1.01,0.35,3.1099999999999994
2017-05-05,300308,107.71,107.29,109.24,106.35,6019,19872429.0,2.67,-0.87,-0.94,0.28,2.8900000000000006
2017-05-08,300308,108.33,109.79,110.5,105.83,12341,41520858.0,4.35,2.33,2.5,0.58,4.670000000000002
2017-05-09,300308,109.88,111.21,111.24,107.84,11293,38147316.0,3.1,1.29,1.42,0.53,3.3999999999999915
2017-05-10,300308,112.51,115.62,118.99,111.21,26375,93961342.0,7.0,3.97,4.41,1.23,7.780000000000001
2017-05-11,300308,114.29,113.06,115.26,109.27,22305,77422115.0,5.18,-2.21,-2.56,1.04,5.990000000000009
2017-05-12,300308,112.02,112.12,115.26,108.49,13552,46637303.0,5.99,-0.83,-0.94,0.63,6.77000000000001
2017-05-15,300308,111.86,114.78,118.41,110.56,16707,59434874.0,7.0,2.37,2.66,0.78,7.849999999999994
2017-05-16,300308,116.4,117.56,118.24,114.32,18983,67894245.0,3.42,2.42,2.78,0.88,3.9200000000000017
2017-05-17,300308,117.04,116.14,119.64,115.75,17010,61405992.0,3.31,-1.21,-1.42,0.79,3.8900000000000006
2017-05-18,300308,114.13,114.74,118.92,114.13,22314,79872228.0,4.12,-1.21,-1.4,1.04,4.790000000000006
2017-05-19,300308,114.78,113.48,116.43,112.18,12292,43036617.0,3.7,-1.1,-1.26,0.57,4.25
2017-05-22,300308,116.14,109.88,116.14,109.2,18379,63944205.0,6.12,-3.17,-3.6,0.86,6.939999999999998
2017-05-23,300308,111.15,112.25,117.08,111.15,34905,122801403.0,5.4,2.16,2.37,1.63,5.929999999999993
2017-05-24,300308,110.53,114.52,114.58,109.92,16372,57273181.0,4.15,2.02,2.27,0.76,4.659999999999997
2017-05-25,300308,115.91,114.19,115.91,112.8,10877,38248082.0,2.72,-0.29,-0.33,0.51,3.1099999999999994
2017-05-26,300308,115.42,114.45,115.42,113.8,9967,35089113.0,1.42,0.23,0.26,0.46,1.6200000000000045
2017-05-31,300308,115.1,113.35,116.69,113.16,9343,32894046.0,3.08,-0.96,-1.1,0.44,3.530000000000001
2017-06-01,300308,113.97,103.92,114.32,102.04,29870,97919066.0,10.83,-8.32,-9.43,1.39,12.279999999999987
2017-06-02,300308,103.95,104.89,106.03,95.34,13924,44164673.0,10.29,0.93,0.97,0.65,10.689999999999998
2017-06-05,300308,104.73,105.09,108.3,104.44,16034,52437738.0,3.68,0.19,0.2,0.75,3.8599999999999994
2017-06-06,300308,105.19,105.09,105.7,104.08,14298,46055247.0,1.54,0.0,0.0,0.67,1.6200000000000045
2017-06-07,300308,105.51,110.21,110.6,105.06,22646,75425763.0,5.27,4.87,5.12,1.06,5.539999999999992
2017-06-08,300308,111.28,112.51,113.16,109.14,12659,43062969.0,3.65,2.09,2.3,0.59,4.019999999999996
2017-06-09,300308,112.05,114.0,115.49,111.6,20234,70754461.0,3.46,1.32,1.49,0.94,3.8900000000000006
2017-06-12,300308,113.84,111.73,114.45,108.98,20884,71199670.0,4.8,-1.99,-2.27,0.97,5.469999999999999
2017-06-13,300308,111.08,112.54,114.42,111.08,9881,34347620.0,2.99,0.72,0.81,0.46,3.3400000000000034
2017-06-14,300308,112.38,114.32,114.97,109.62,10193,35723165.0,4.75,1.58,1.78,0.48,5.349999999999994
2017-06-15,300308,114.32,119.02,119.67,113.9,27143,98064384.0,5.05,4.11,4.7,1.27,5.769999999999996
2017-06-16,300308,119.34,119.7,121.87,119.28,16206,59946752.0,2.18,0.57,0.68,0.76,2.5900000000000034
2017-06-19,300308,118.63,130.04,131.4,118.63,30972,120461390.0,10.67,8.64,10.34,1.44,12.77000000000001
2017-06-20,300308,129.94,126.8,129.94,123.62,35804,138845120.0,4.86,-2.49,-3.24,1.67,6.319999999999993
2017-06-21,300308,126.02,131.24,135.38,123.59,31375,125477922.0,9.3,3.5,4.44,1.46,11.789999999999992
2017-06-22,300308,130.68,128.64,133.28,128.42,19310,77523067.0,3.7,-1.98,-2.6,0.9,4.860000000000014
2017-06-23,300308,129.1,131.46,135.87,129.06,19254,78562123.0,5.29,2.19,2.82,0.9,6.810000000000002
2017-06-26,300308,135.87,131.92,136.03,129.0,15558,63023126.0,5.35,0.35,0.46,0.73,7.030000000000001
2017-06-27,300308,131.27,131.43,132.95,130.04,18436,74683704.0,2.21,-0.37,-0.49,0.86,2.9099999999999966
2017-06-28,300308,130.1,128.58,131.72,127.96,8227,32688287.0,2.86,-2.17,-2.85,0.38,3.760000000000005
2017-06-29,300308,129.39,136.26,137.07,128.81,36941,153371372.0,6.42,5.97,7.68,1.72,8.259999999999991
2017-06-30,300308,137.16,133.7,137.16,131.69,20718,84708544.0,4.01,-1.88,-2.56,0.97,5.469999999999999
2017-07-03,300308,133.73,134.64,134.8,131.66,13480,55481300.0,2.35,0.7,0.94,0.63,3.140000000000015
2017-07-04,300308,134.44,135.22,138.01,133.86,22283,93592514.0,3.08,0.43,0.58,1.04,4.149999999999977
2017-07-05,300308,134.61,135.22,135.42,132.63,14041,57850282.0,2.06,0.0,0.0,0.65,2.789999999999992
2017-07-06,300308,133.63,134.38,139.11,133.5,11744,48979758.0,4.15,-0.62,-0.84,0.55,5.610000000000014
2017-07-07,300308,133.8,131.98,133.92,130.68,17966,73112699.0,2.41,-1.79,-2.4,0.84,3.2399999999999807
2017-07-10,300308,131.66,137.1,137.59,131.66,29149,121805430.0,4.49,3.88,5.12,1.36,5.930000000000007
2017-07-11,300308,136.52,140.4,142.64,136.39,27775,120436389.0,4.56,2.41,3.3,1.29,6.25
2017-07-12,300308,139.37,136.52,141.02,132.92,14687,61365844.0,5.77,-2.76,-3.88,0.68,8.100000000000023
2017-07-13,300308,138.46,136.35,139.34,134.9,5607,23551901.0,3.25,-0.12,-0.17,0.26,4.439999999999998
2017-07-14,300308,136.32,135.45,136.45,126.41,12066,49476282.0,7.36,-0.66,-0.9,0.56,10.039999999999992
2017-07-17,300308,133.28,129.42,134.25,128.97,15991,64830252.0,3.9,-4.45,-6.03,0.75,5.280000000000001
2017-07-18,300308,127.12,129.81,131.33,125.37,18331,72207415.0,4.61,0.3,0.39,0.85,5.960000000000008
2017-07-19,300308,127.77,130.98,132.3,127.77,16324,65694677.0,3.49,0.9,1.17,0.76,4.530000000000015
2017-07-20,300308,131.62,127.67,132.79,127.48,14069,56575886.0,4.05,-2.53,-3.31,0.66,5.309999999999988
2017-07-21,300308,126.47,132.3,132.6,125.5,15243,61114155.0,5.56,3.63,4.63,0.71,7.099999999999994
2017-07-24,300308,133.86,131.66,133.86,130.72,7036,28574927.0,2.37,-0.48,-0.64,0.33,3.140000000000015
2017-07-25,300308,132.3,131.79,133.08,131.17,4891,19823285.0,1.45,0.1,0.13,0.23,1.910000000000025
2017-07-26,300308,131.14,131.88,131.88,128.77,5568,22296677.0,2.36,0.07,0.09,0.26,3.109999999999985
2017-07-27,300308,131.75,137.81,138.14,129.39,24223,101150991.0,6.63,4.5,5.93,1.13,8.75
2017-07-28,300308,136.84,139.79,142.35,134.57,21209,90417519.0,5.65,1.44,1.98,0.99,7.780000000000001
2017-07-31,300308,139.85,138.85,142.67,137.16,8375,35954245.0,3.94,-0.67,-0.94,0.39,5.509999999999991
2017-08-01,300308,139.72,135.22,140.57,133.83,9863,41143775.0,4.85,-2.61,-3.63,0.46,6.739999999999981
2017-08-02,300308,135.12,133.47,135.12,132.01,10623,43592173.0,2.3,-1.29,-1.75,0.5,3.1100000000000136
2017-08-03,300308,132.89,131.88,135.67,131.07,5555,22725021.0,3.45,-1.19,-1.59,0.26,4.599999999999994
2017-08-04,300308,131.49,131.49,133.24,130.2,7130,28812027.0,2.31,-0.3,-0.39,0.33,3.0400000000000205
2017-08-07,300308,132.47,126.73,132.47,122.26,41088,158704295.0,7.76,-3.62,-4.76,1.92,10.209999999999994
2017-08-08,300308,125.34,126.21,128.61,125.34,15538,60848120.0,2.58,-0.41,-0.52,0.72,3.2700000000000102
2017-08-09,300308,125.37,121.84,126.7,121.29,21815,82427928.0,4.29,-3.46,-4.37,1.02,5.409999999999997
2017-08-10,300308,121.61,123.72,126.93,120.96,16999,64793500.0,4.9,1.54,1.88,0.79,5.970000000000013
2017-08-11,300308,123.52,121.94,125.5,120.8,5332,20083799.0,3.8,-1.44,-1.78,0.25,4.700000000000003
2017-08-14,300308,123.39,126.8,126.86,121.97,10518,40618354.0,4.01,3.99,4.86,0.49,4.890000000000001
2017-08-15,300308,127.09,127.15,130.04,125.82,10944,43118001.0,3.33,0.28,0.35,0.51,4.219999999999999
2017-08-16,300308,127.15,129.71,130.62,126.12,10814,42908259.0,3.54,2.01,2.56,0.5,4.5
2017-08-17,300308,130.49,129.16,130.49,128.29,4981,19760399.0,1.7,-0.42,-0.55,0.23,2.200000000000017
2017-08-18,300308,130.2,126.47,130.2,124.37,11756,45790503.0,4.51,-2.08,-2.69,0.55,5.829999999999984
2017-08-21,300308,125.34,126.8,128.32,125.34,5775,22571167.0,2.36,0.26,0.33,0.27,2.9799999999999898
2017-08-22,300308,127.77,122.68,127.77,122.26,15277,58174639.0,4.35,-3.25,-4.12,0.71,5.509999999999991
2017-08-23,300308,123.07,122.75,124.5,120.32,10247,38504326.0,3.41,0.06,0.07,0.48,4.180000000000007
2017-08-24,300308,124.95,121.65,124.95,121.13,6420,24223225.0,3.11,-0.9,-1.1,0.3,3.8200000000000074
2017-08-25,300308,120.96,123.39,124.3,120.96,7312,27687597.0,2.75,1.43,1.74,0.34,3.3400000000000034
2017-08-28,300308,123.39,127.77,128.42,122.91,15783,61478128.0,4.47,3.55,4.38,0.74,5.509999999999991
2017-08-29,300308,127.77,126.8,128.25,125.44,6417,24998945.0,2.2,-0.76,-0.97,0.3,2.8100000000000023
2017-08-30,300308,126.8,126.8,128.42,126.31,6670,26115869.0,1.66,0.0,0.0,0.31,2.109999999999985
2017-08-31,300308,126.21,126.8,128.03,124.98,5914,23021797.0,2.41,0.0,0.0,0.28,3.049999999999997
2017-09-01,300308,126.76,126.51,128.09,125.66,10477,40927985.0,1.92,-0.23,-0.29,0.49,2.430000000000007
2017-09-04,300308,126.05,132.08,133.28,126.05,22641,90409311.0,5.71,4.4,5.57,1.06,7.230000000000004
2017-09-05,300308,132.18,137.26,142.35,132.08,21389,90639351.0,7.78,3.92,5.18,1.0,10.269999999999982
2017-09-06,300308,139.98,134.8,139.98,131.01,12971,53792329.0,6.54,-1.79,-2.46,0.6,8.969999999999999
2017-09-07,300308,139.43,132.27,139.43,131.17,11914,48893530.0,6.13,-1.88,-2.53,0.56,8.26000000000002
2017-09-08,300308,130.33,131.66,134.09,130.33,8322,33899703.0,2.84,-0.46,-0.61,0.39,3.759999999999991
2017-09-11,300308,131.66,129.26,133.15,127.48,20565,81338672.0,4.31,-1.82,-2.4,0.96,5.670000000000002
2017-09-12,300308,129.58,127.12,129.75,126.21,22450,87885824.0,2.74,-1.66,-2.14,1.05,3.5400000000000063
2017-09-13,300308,127.35,124.76,128.29,123.95,25984,100253393.0,3.41,-1.86,-2.36,1.21,4.339999999999989
2017-09-14,300308,126.47,137.2,137.2,125.5,54923,228576826.0,9.38,9.97,12.44,2.56,11.699999999999989
2017-09-15,300308,138.82,133.15,139.08,132.3,32666,134987106.0,4.94,-2.95,-4.05,1.52,6.780000000000001
2017-09-18,300308,131.82,138.14,139.63,131.72,23427,98942613.0,5.94,3.75,4.99,1.09,7.909999999999997
2017-09-19,300308,137.16,145.26,151.1,135.25,49481,218646624.0,11.47,5.15,7.12,2.29,15.849999999999994
2017-09-20,300308,144.1,147.86,149.22,140.4,39210,174622992.0,6.07,1.79,2.6,1.82,8.819999999999993
2017-09-21,300308,145.07,141.38,146.88,141.38,25848,113998067.0,3.72,-4.38,-6.48,1.2,5.5
2017-09-22,300308,141.34,148.05,151.26,141.34,44670,202368007.0,7.02,4.72,6.67,2.07,9.919999999999987
2017-09-25,300308,149.48,143.81,160.82,143.13,61330,285950304.0,11.95,-2.86,-4.24,2.84,17.689999999999998
2017-09-26,300308,146.53,145.88,147.31,141.64,19470,86898649.0,3.94,1.44,2.07,0.9,5.670000000000016
2017-09-27,300308,148.41,155.63,156.86,144.0,53095,248542899.0,8.82,6.68,9.75,2.46,12.860000000000014
2017-09-28,300308,154.37,152.72,158.06,152.1,30500,144754085.0,3.83,-1.87,-2.91,1.41,5.960000000000008
2017-09-29,300308,154.01,157.87,160.82,152.72,29417,142682306.0,5.3,3.37,5.15,1.36,8.099999999999994
2017-10-09,300308,162.44,159.2,171.18,158.22,40553,205504325.0,8.21,0.84,1.33,1.88,12.960000000000008
2017-10-10,300308,159.84,161.79,166.58,156.31,31510,157180343.0,6.45,1.63,2.59,1.46,10.27000000000001
2017-10-11,300308,162.44,157.58,163.96,155.96,25141,123167892.0,4.94,-2.6,-4.21,1.16,8.0
2017-10-12,300308,156.44,157.32,161.14,154.98,15471,75545796.0,3.91,-0.16,-0.26,0.72,6.159999999999997
2017-10-13,300308,157.58,163.08,163.34,156.35,19709,97001562.0,4.44,3.66,5.76,0.91,6.990000000000009
2017-10-16,300308,163.41,155.96,164.02,155.31,38447,186861291.0,5.34,-4.37,-7.12,1.78,8.710000000000008
2017-10-17,300308,154.6,154.34,157.84,154.17,15236,73038560.0,2.35,-1.04,-1.62,0.71,3.670000000000016
2017-10-18,300308,152.78,154.3,157.45,152.07,11800,56007329.0,3.49,-0.03,-0.04,0.55,5.3799999999999955
2017-10-19,300308,155.31,152.98,156.6,152.39,7455,35477606.0,2.73,-0.86,-1.32,0.35,4.210000000000008
2017-10-20,300308,152.75,155.6,156.93,151.1,12505,59413340.0,3.81,1.71,2.62,0.58,5.8300000000000125
2017-10-23,300308,155.37,154.43,155.37,152.98,7896,37503605.0,1.54,-0.75,-1.17,0.37,2.390000000000015
2017-10-24,300308,154.4,154.66,156.57,153.43,8939,42560999.0,2.03,0.15,0.23,0.41,3.1399999999999864
2017-10-25,300308,153.79,156.15,156.51,153.62,10768,51329845.0,1.87,0.96,1.49,0.5,2.8899999999999864
2017-10-26,300308,156.15,158.55,162.11,155.63,19071,93169429.0,4.15,1.54,2.4,0.88,6.480000000000018
2017-10-27,300308,158.55,156.6,159.23,153.75,10113,48955153.0,3.46,-1.23,-1.95,0.47,5.47999999999999
2017-10-30,300308,156.22,154.98,159.46,154.6,15789,76294116.0,3.1,-1.03,-1.62,0.73,4.860000000000014
2017-10-31,300308,154.17,157.64,157.67,151.45,20408,97247134.0,4.01,1.72,2.66,0.94,6.219999999999999
2017-11-01,300308,157.03,155.18,157.25,153.69,13114,62588225.0,2.26,-1.56,-2.46,0.61,3.5600000000000023
2017-11-02,300308,153.36,154.66,156.8,153.36,8468,40371362.0,2.22,-0.34,-0.52,0.39,3.4399999999999977
2017-11-03,300308,155.96,148.05,155.96,146.11,38551,177001757.0,6.37,-4.27,-6.61,1.78,9.849999999999994
2017-11-06,300308,146.4,151.42,153.04,144.62,25236,114994864.0,5.69,2.28,3.37,1.17,8.419999999999987
2017-11-07,300308,151.42,156.57,157.25,148.18,17952,85227808.0,5.99,3.4,5.15,0.83,9.069999999999993
2017-11-08,300308,159.07,155.5,162.44,155.31,10854,52756524.0,4.55,-0.68,-1.07,0.5,7.1299999999999955
2017-11-09,300308,157.51,157.9,158.52,149.09,22085,104292093.0,6.06,1.54,2.4,1.02,9.430000000000007
2017-11-10,300308,156.64,165.42,165.68,156.64,44477,221682190.0,5.73,4.76,7.52,2.06,9.04000000000002
2017-11-13,300308,165.42,163.73,169.31,152.33,46652,232938294.0,10.26,-1.02,-1.69,2.16,16.97999999999999
2017-11-14,300308,163.05,156.93,163.05,156.83,24560,120217375.0,3.8,-4.15,-6.8,1.14,6.219999999999999
2017-11-15,300308,156.28,155.28,160.78,155.28,17823,86279667.0,3.5,-1.05,-1.65,0.83,5.5
2017-11-16,300308,154.37,150.45,155.67,149.19,26585,123940583.0,4.17,-3.11,-4.83,1.23,6.47999999999999
2017-11-17,300308,150.45,148.57,152.17,148.28,16071,74070684.0,2.59,-1.25,-1.88,0.74,3.8899999999999864
2017-11-20,300308,147.86,154.21,155.47,143.09,22463,102556555.0,8.33,3.8,5.64,1.04,12.379999999999995
2017-11-21,300308,154.34,154.92,159.84,150.38,30234,143487645.0,6.13,0.46,0.71,1.4,9.460000000000008
2017-11-22,300308,154.34,151.42,155.86,148.83,16821,78698298.0,4.54,-2.26,-3.5,0.78,7.030000000000001
2017-11-23,300308,150.12,148.15,151.26,147.86,11888,54622323.0,2.25,-2.16,-3.27,0.55,3.3999999999999773
2017-11-24,300308,146.53,146.66,151.0,146.07,14332,65490652.0,3.33,-1.01,-1.49,0.66,4.930000000000007
2017-11-27,300308,146.07,145.62,148.5,142.93,17294,77365619.0,3.8,-0.71,-1.04,0.8,5.569999999999993
2017-11-28,300308,145.59,145.59,146.95,143.0,16689,74211748.0,2.71,-0.02,-0.03,0.77,3.9499999999999886
2017-11-29,300308,145.59,138.46,146.92,138.14,28411,124868678.0,6.03,-4.9,-7.13,1.32,8.780000000000001
2017-11-30,300308,136.71,138.78,140.11,136.71,21310,90710760.0,2.46,0.23,0.32,0.99,3.4000000000000057
2017-12-01,300308,138.14,144.33,146.33,136.78,17594,77437744.0,6.88,4.0,5.55,0.81,9.550000000000011
2017-12-04,300308,143.0,145.91,150.38,143.0,22173,101117312.0,5.11,1.09,1.58,1.03,7.3799999999999955
2017-12-05,300308,147.05,143.9,148.47,143.13,13793,61764685.0,3.66,-1.38,-2.01,0.64,5.340000000000003
2017-12-06,300308,143.81,143.81,145.56,140.37,14040,61417420.0,3.61,-0.06,-0.09,0.65,5.189999999999998
2017-12-07,300308,142.96,149.48,150.68,142.96,25574,117307259.0,5.37,3.94,5.67,1.18,7.719999999999999
2017-12-08,300308,148.76,155.5,164.06,147.86,37186,179668992.0,10.84,4.03,6.02,1.72,16.19999999999999
2017-12-11,300308,162.44,171.02,171.02,160.82,71392,365120672.0,6.56,9.98,15.52,3.31,10.200000000000017
2017-12-12,300308,178.25,170.86,178.25,167.3,72206,381041424.0,6.4,-0.09,-0.16,3.34,10.949999999999989
2017-12-13,300308,171.35,177.34,178.25,168.95,42584,226847061.0,5.44,3.79,6.48,1.97,9.300000000000011
2017-12-14,300308,175.36,173.13,180.26,170.93,30966,166654273.0,5.26,-2.37,-4.21,1.43,9.329999999999984
2017-12-15,300308,174.68,177.08,180.26,171.51,33495,181703344.0,5.05,2.28,3.95,1.55,8.75
2017-12-18,300308,177.34,176.56,182.04,170.6,36446,197511070.0,6.46,-0.29,-0.52,1.69,11.439999999999998
2017-12-19,300308,178.05,187.94,187.97,176.85,40727,230557188.0,6.3,6.45,11.38,1.89,11.120000000000005
2017-12-20,300308,185.05,187.68,194.74,184.79,37501,218643580.0,5.29,-0.14,-0.26,1.74,9.950000000000017
2017-12-21,300308,188.36,188.03,190.04,181.88,23042,131846587.0,4.35,0.19,0.35,1.07,8.159999999999997
2017-12-22,300308,185.15,182.85,188.97,181.88,22544,129349360.0,3.77,-2.75,-5.18,1.04,7.090000000000003
2017-12-25,300308,184.44,187.06,188.16,183.92,21759,124749687.0,2.32,2.3,4.21,1.01,4.240000000000009
2017-12-26,300308,185.12,190.66,192.5,185.12,16981,98749802.0,3.95,1.92,3.6,0.79,7.3799999999999955
2017-12-27,300308,188.71,188.36,193.22,184.14,17666,101832497.0,4.76,-1.21,-2.3,0.82,9.080000000000013
2017-12-28,300308,188.84,190.82,194.74,188.36,21977,130196984.0,3.39,1.31,2.46,1.02,6.3799999999999955
2017-12-29,300308,187.32,189.98,192.57,187.32,12551,73387959.0,2.75,-0.44,-0.84,0.58,5.25
2018-01-02,300308,190.3,190.88,191.6,185.7,8918,51875217.0,3.11,0.47,0.9,0.42,5.900000000000006
2018-01-03,300308,191.63,190.62,193.48,188.03,12812,74962085.0,2.86,-0.14,-0.26,0.6,5.449999999999989
2018-01-04,300308,188.71,187.26,190.72,184.21,21112,121272616.0,3.42,-1.76,-3.36,0.98,6.509999999999991
2018-01-05,300308,188.03,186.57,193.22,184.7,27450,159780231.0,4.55,-0.37,-0.69,1.28,8.52000000000001
2018-01-08,300308,189.94,184.79,189.98,183.76,30174,173971436.0,3.33,-0.95,-1.78,1.41,6.219999999999999
2018-01-09,300308,188.03,192.96,194.16,186.8,23206,136114882.0,3.98,4.42,8.17,1.08,7.359999999999985
2018-01-10,300308,194.77,199.34,205.04,194.03,37878,233431728.0,5.71,3.31,6.38,1.77,11.009999999999991
2018-01-11,300308,197.1,200.05,201.96,195.58,13896,85254932.0,3.2,0.36,0.71,0.65,6.3799999999999955
2018-01-12,300308,197.69,200.41,204.17,197.69,16532,102356768.0,3.24,0.18,0.36,0.77,6.47999999999999
2018-01-15,300308,200.67,198.27,203.2,195.87,14388,88168214.0,3.66,-1.07,-2.14,0.67,7.329999999999984
2018-01-16,300308,199.96,192.24,199.96,191.73,25746,154225488.0,4.15,-3.04,-6.03,1.2,8.230000000000018
2018-01-17,300308,193.86,193.57,195.55,191.21,19294,114998017.0,2.26,0.69,1.33,0.9,4.340000000000003
2018-01-18,300308,190.98,193.86,198.4,187.97,12037,71435261.0,5.39,0.15,0.29,0.56,10.430000000000007
2018-01-19,300308,193.86,192.41,196.46,191.79,7829,46670996.0,2.41,-0.75,-1.45,0.36,4.670000000000016
2018-01-22,300308,193.57,192.24,194.84,188.62,15248,89659376.0,3.23,-0.09,-0.17,0.71,6.219999999999999
2018-01-23,300308,188.65,193.22,194.03,188.62,13466,79751998.0,2.81,0.51,0.98,0.63,5.409999999999997
2018-01-24,300308,193.54,209.55,210.78,189.91,28403,173557099.0,10.8,8.45,16.33,1.32,20.870000000000005
2018-01-25,300308,212.98,208.28,214.28,205.37,29079,188588715.0,4.25,-0.61,-1.27,1.36,8.909999999999997
2018-01-26,300308,206.21,207.28,210.39,206.21,9429,60319861.0,2.01,-0.48,-1.0,0.44,4.179999999999978
2018-01-29,300308,211.04,193.05,211.04,187.0,33508,202315142.0,11.6,-6.87,-14.23,1.56,24.039999999999992
2018-01-30,300308,188.84,198.72,199.34,188.62,10422,63202017.0,5.55,2.94,5.67,0.49,10.719999999999999
2018-01-31,300308,195.1,193.31,200.64,191.99,9863,59564673.0,4.35,-2.72,-5.41,0.46,8.649999999999977
2018-02-01,300308,191.27,189.33,198.08,188.39,11081,65871126.0,5.01,-2.06,-3.98,0.52,9.690000000000026
2018-02-02,300308,189.33,196.85,199.05,188.36,12553,75420209.0,5.65,3.97,7.52,0.59,10.689999999999998
2018-02-05,300308,190.85,190.95,196.78,188.19,12921,75988235.0,4.36,-3.0,-5.9,0.6,8.590000000000003
2018-02-06,300308,179.28,184.83,188.29,179.28,13814,78295790.0,4.72,-3.21,-6.12,0.64,9.009999999999991
2018-02-07,300308,188.32,180.58,189.98,175.72,20854,116050039.0,7.72,-2.3,-4.25,0.97,14.259999999999991
2018-02-08,300308,180.55,191.56,192.89,178.96,20370,118346699.0,7.71,6.08,10.98,0.95,13.929999999999978
2018-02-09,300308,185.83,192.8,194.84,185.83,18696,109944078.0,4.7,0.65,1.24,0.87,9.009999999999991
2018-02-12,300308,192.8,198.11,204.43,192.73,20780,126065606.0,6.07,2.75,5.31,0.97,11.700000000000017
2018-02-13,300308,198.17,197.1,201.48,195.48,9037,55362328.0,3.03,-0.51,-1.01,0.42,6.0
2018-02-14,300308,197.27,198.89,199.05,195.55,4486,27296761.0,1.78,0.91,1.79,0.21,3.5
2018-02-22,300308,200.02,209.9,210.97,200.02,17371,111148506.0,5.51,5.54,11.01,0.81,10.949999999999989
2018-02-23,300308,208.48,214.89,214.89,208.48,14818,97106372.0,3.05,2.38,4.99,0.69,6.409999999999997
2018-02-26,300308,215.09,226.91,229.08,214.99,22179,152008800.0,6.56,5.59,12.02,1.03,14.090000000000003
2018-02-27,300308,227.17,225.45,229.73,217.94,28421,197620835.0,5.2,-0.64,-1.46,1.32,11.789999999999992
2018-02-28,300308,223.67,226.49,228.69,219.17,11868,82622111.0,4.22,0.46,1.04,0.55,9.52000000000001
2018-03-01,300308,224.26,226.75,230.22,220.66,16256,113279519.0,4.22,0.11,0.26,0.76,9.560000000000002
2018-03-02,300308,230.44,233.07,248.3,226.78,26070,190616194.0,9.49,2.79,6.32,1.22,21.52000000000001
2018-03-05,300308,235.01,234.33,236.47,224.09,16141,113588074.0,5.31,0.54,1.26,0.75,12.379999999999995
2018-03-06,300308,230.74,230.51,235.34,228.86,14193,101045620.0,2.77,-1.63,-3.82,0.66,6.47999999999999
2018-03-07,300308,231.29,237.25,243.44,231.29,15711,114987369.0,5.27,2.92,6.74,0.73,12.150000000000006
2018-03-08,300308,239.55,245.58,247.16,239.55,19681,148438810.0,3.21,3.51,8.33,0.92,7.609999999999985
2018-03-09,300308,245.02,245.02,249.88,241.85,15255,115517603.0,3.27,-0.23,-0.56,0.71,8.030000000000001
2018-03-12,300308,246.51,251.57,259.57,245.7,20230,157861780.0,5.66,2.67,6.55,0.94,13.870000000000005
2018-03-13,300308,256.4,247.29,256.46,246.77,11578,88857470.0,3.85,-1.7,-4.28,0.54,9.68999999999997
2018-03-14,300308,246.74,244.41,249.85,243.63,11094,83915723.0,2.52,-1.16,-2.88,0.52,6.219999999999999
2018-03-15,300308,244.89,247.97,249.2,239.55,8514,64140943.0,3.95,1.46,3.56,0.4,9.649999999999977
2018-03-16,300308,245.8,255.42,259.25,244.28,15758,123833439.0,6.04,3.0,7.45,0.73,14.969999999999999
2018-03-19,300308,255.75,256.4,256.4,252.06,7719,60568847.0,1.7,0.38,0.98,0.36,4.339999999999975
2018-03-20,300308,255.3,259.64,260.9,253.32,10887,86507853.0,2.96,1.26,3.24,0.51,7.579999999999984
2018-03-21,300308,261.42,256.53,261.42,255.1,20440,162423912.0,2.43,-1.2,-3.11,0.95,6.320000000000022
2018-03-22,300308,255.17,250.89,255.91,249.92,10539,81756102.0,2.34,-2.2,-5.64,0.49,5.990000000000009
2018-03-23,300308,230.48,236.6,248.94,230.48,21604,159513647.0,7.36,-5.7,-14.29,1.01,18.460000000000008
2018-03-26,300308,230.48,246.94,249.92,215.9,40076,281965616.0,14.38,4.37,10.34,1.87,34.01999999999998
2018-03-27,300308,243.37,240.2,247.32,237.02,34397,256086158.0,4.17,-2.73,-6.74,1.6,10.299999999999983
2018-03-28,300308,234.11,227.88,241.49,227.88,16841,121674143.0,5.67,-5.13,-12.32,0.78,13.610000000000014
2018-03-29,300308,228.89,233.07,236.47,228.89,23619,170404676.0,3.33,2.28,5.19,1.1,7.5800000000000125
2018-03-30,300308,235.01,247.81,250.18,235.01,29803,226777574.0,6.51,6.32,14.74,1.39,15.170000000000016
2018-04-02,300308,248.46,244.18,254.74,241.53,27876,211753119.0,5.33,-1.46,-3.63,1.3,13.210000000000008
2018-04-03,300308,239.29,240.23,245.61,237.41,11082,81731182.0,3.36,-1.62,-3.95,0.52,8.200000000000017
2018-04-04,300308,246.68,252.67,260.67,246.68,32047,251114897.0,5.82,5.18,12.44,1.49,13.990000000000009
2018-04-09,300308,256.88,255.46,259.64,247.75,14448,113372530.0,4.71,1.1,2.79,0.67,11.889999999999986
2018-04-10,300308,255.26,251.28,255.26,246.68,21943,168779214.0,3.36,-1.64,-4.18,1.02,8.579999999999984
2018-04-11,300308,251.25,252.8,256.07,248.13,14960,116128998.0,3.16,0.6,1.52,0.7,7.939999999999998
2018-04-12,300308,252.51,250.82,254.29,249.27,7399,57321077.0,1.99,-0.78,-1.98,0.34,5.019999999999982
2018-04-13,300308,253.06,246.68,253.06,246.68,8611,66302792.0,2.54,-1.65,-4.14,0.4,6.3799999999999955
2018-04-16,300308,246.68,257.04,265.11,246.68,32805,259008084.0,7.47,4.2,10.36,1.53,18.430000000000007
2018-04-17,300308,263.85,231.38,266.12,231.38,50329,374808640.0,13.52,-9.98,-25.66,2.35,34.74000000000001
2018-04-18,300308,224.32,224.64,234.04,209.97,47002,320928432.0,10.4,-2.91,-6.74,2.19,24.069999999999993
2018-04-19,300308,224.0,226.91,231.35,220.76,17345,121738312.0,4.71,1.01,2.27,0.81,10.590000000000003
2018-04-20,300308,225.62,217.03,226.59,216.97,15499,105362973.0,4.24,-4.35,-9.88,0.72,9.620000000000005
2018-04-23,300308,220.56,201.25,221.96,195.39,33379,207820209.0,12.24,-7.27,-15.78,1.56,26.57000000000002
2018-04-24,300308,204.33,221.34,221.34,204.33,28124,186045615.0,8.45,9.98,20.09,1.31,17.00999999999999
2018-04-25,300308,222.67,221.57,227.2,217.61,18453,126850300.0,4.33,0.1,0.23,0.86,9.589999999999975
2018-04-26,300308,219.33,211.04,219.33,206.01,20914,137483098.0,6.01,-4.75,-10.53,0.97,13.320000000000022
2018-04-27,300308,215.51,212.43,216.19,204.98,19372,125903418.0,5.31,0.66,1.39,0.9,11.210000000000008
2018-05-02,300308,212.49,212.33,217.52,210.13,11599,76297434.0,3.48,-0.05,-0.1,0.54,7.390000000000015
2018-05-03,300308,212.33,227.04,228.31,199.37,27994,184788521.0,13.63,6.93,14.71,1.3,28.939999999999998
2018-05-04,300308,221.31,215.73,228.82,214.44,32147,220276404.0,6.33,-4.98,-11.31,1.5,14.379999999999995
2018-05-07,300308,212.49,219.78,223.87,212.49,15654,105870106.0,5.28,1.88,4.05,0.73,11.379999999999995
2018-05-08,300308,219.82,224.0,224.03,216.61,18742,127766751.0,3.38,1.92,4.22,0.87,7.4199999999999875
2018-05-09,300308,222.31,224.81,226.49,222.31,8643,59803502.0,1.87,0.36,0.81,0.4,4.180000000000007
2018-05-10,300308,224.48,222.54,226.59,219.2,9794,66835565.0,3.29,-1.01,-2.27,0.46,7.390000000000015
2018-05-11,300308,222.54,217.52,222.54,214.92,15830,106045778.0,3.42,-2.26,-5.02,0.74,7.6200000000000045
2018-05-14,300308,234.07,228.21,239.22,227.24,27405,196570742.0,5.51,4.91,10.69,1.28,11.97999999999999
2018-05-15,300308,227.4,249.95,250.99,226.59,38333,284490416.0,10.69,9.53,21.74,1.79,24.400000000000006
2018-05-16,300308,244.86,240.78,246.68,238.9,24648,183527747.0,3.11,-3.67,-9.17,1.15,7.780000000000001
2018-05-17,300308,239.55,238.16,240.07,232.16,14214,103168661.0,3.29,-1.09,-2.62,0.66,7.909999999999997
2018-05-18,300308,234.24,239.45,241.91,234.04,7979,58676112.0,3.3,0.54,1.29,0.37,7.8700000000000045
2018-05-21,300308,243.76,246.22,253.16,243.76,22624,174079874.0,3.93,2.83,6.77,1.05,9.400000000000006
2018-05-22,300308,244.08,254.78,258.47,244.08,27000,211743522.0,5.84,3.48,8.56,1.26,14.390000000000015
2018-05-23,300308,249.92,250.31,254.71,248.3,15231,117541064.0,2.52,-1.75,-4.47,0.71,6.409999999999997
2018-05-24,300308,248.62,242.14,251.15,240.2,12132,91412384.0,4.37,-3.26,-8.17,0.57,10.950000000000017
2018-05-25,300308,242.98,237.28,245.48,235.69,9363,68715791.0,4.04,-2.01,-4.86,0.44,9.789999999999992
2018-05-28,300308,236.31,239.35,241.43,233.88,9667,70995315.0,3.18,0.87,2.07,0.45,7.550000000000011
2018-05-29,300308,242.4,243.92,247.58,237.25,13499,101539243.0,4.32,1.91,4.57,0.63,10.330000000000013
2018-05-30,300308,233.55,224.64,233.55,222.05,22183,154711070.0,4.71,-7.9,-19.28,1.03,11.5
2018-05-31,300308,225.62,233.07,233.36,225.62,10876,77070908.0,3.45,3.75,8.43,0.51,7.740000000000009
2018-06-01,300308,233.04,226.59,233.07,225.26,7564,53267339.0,3.35,-2.78,-6.48,0.35,7.810000000000002
2018-06-04,300308,227.66,233.68,235.34,226.69,11726,83799857.0,3.82,3.13,7.09,0.55,8.650000000000006
2018-06-05,300308,233.81,233.49,240.16,231.19,12208,88331146.0,3.84,-0.08,-0.19,0.57,8.969999999999999
2018-06-06,300308,233.72,230.96,236.31,227.27,14865,106446194.0,3.87,-1.08,-2.53,0.69,9.039999999999992
2018-06-07,300308,231.12,228.57,234.04,226.17,10123,71817632.0,3.41,-1.03,-2.39,0.47,7.8700000000000045
2018-06-08,300308,228.57,229.54,236.57,226.88,17711,126649857.0,4.24,0.42,0.97,0.83,9.689999999999998
2018-06-11,300308,227.24,221.57,227.24,219.2,21695,147677353.0,3.5,-3.47,-7.97,1.01,8.04000000000002
2018-06-12,300308,221.24,223.12,225.52,216.25,13930,94895165.0,4.18,0.7,1.55,0.65,9.27000000000001
2018-06-13,300308,221.89,218.81,230.8,215.83,12704,87415780.0,6.71,-1.93,-4.31,0.59,14.969999999999999
2018-06-14,300308,218.81,220.72,225.26,217.87,14133,96336385.0,3.38,0.87,1.91,0.66,7.389999999999986
2018-06-15,300308,215.57,218.49,222.25,215.35,14690,99688993.0,3.13,-1.01,-2.23,0.68,6.900000000000006
2018-06-19,300308,214.28,196.68,217.19,196.68,21537,134740051.0,9.39,-9.98,-21.81,1.0,20.50999999999999
2018-06-20,300308,195.16,198.08,202.9,195.16,12895,78646917.0,3.94,0.71,1.4,0.6,7.740000000000009
2018-06-21,300308,198.6,183.53,200.99,180.78,25420,147059916.0,10.2,-7.35,-14.55,1.18,20.210000000000008
2018-06-22,300308,183.33,187.81,191.6,181.88,18534,106500212.0,5.3,2.33,4.28,0.86,9.719999999999999
2018-06-25,300308,187.94,185.99,191.53,185.8,14393,83411155.0,3.05,-0.97,-1.82,0.67,5.72999999999999
2018-06-26,300308,184.4,198.92,199.21,182.07,20720,123871583.0,9.22,6.95,12.93,0.97,17.140000000000015
2018-06-27,300308,198.92,191.66,199.24,186.35,24195,143367135.0,6.48,-3.65,-7.26,1.13,12.890000000000015
2018-06-28,300308,190.62,188.65,194.48,187.13,17534,103530321.0,3.83,-1.57,-3.01,0.82,7.349999999999994
2018-06-29,300308,188.29,194.97,197.69,184.47,25399,150956863.0,7.01,3.35,6.32,1.18,13.219999999999999
2018-07-02,300308,197.1,194.84,202.9,190.75,28596,174196742.0,6.23,-0.07,-0.13,1.33,12.150000000000006
2018-07-03,300308,194.87,191.11,196.46,175.53,49353,283407840.0,10.74,-1.91,-3.73,2.3,20.930000000000007
2018-07-04,300308,188.75,185.05,192.18,184.14,23261,134286351.0,4.21,-3.17,-6.06,1.08,8.04000000000002
2018-07-05,300308,185.05,175.33,186.45,174.75,21704,119561612.0,6.32,-5.25,-9.72,1.01,11.699999999999989
2018-07-06,300308,172.16,175.88,182.43,171.51,28520,156371892.0,6.23,0.31,0.55,1.33,10.920000000000016
2018-07-09,300308,178.7,181.88,183.4,178.7,23731,132743259.0,2.67,3.41,6.0,1.11,4.700000000000017
2018-07-10,300308,187.51,184.47,188.03,180.9,19872,112731550.0,3.92,1.42,2.59,0.93,7.1299999999999955
2018-07-11,300308,178.57,166.06,178.76,166.06,33112,171639399.0,6.88,-9.98,-18.41,1.54,12.699999999999989
2018-07-12,300308,157.34,170.98,173.22,157.34,55503,286205248.0,9.56,2.96,4.92,2.59,15.879999999999995
2018-07-13,300308,171.96,183.85,187.73,170.69,66804,368115312.0,9.97,7.53,12.87,3.11,17.039999999999992
2018-07-16,300308,185.24,187.8,196.19,185.24,54334,317785344.0,5.96,2.15,3.95,2.53,10.949999999999989
2018-07-17,300308,193.66,191.04,193.86,185.92,30137,176427289.0,4.23,1.73,3.24,1.4,7.940000000000026
2018-07-18,300308,191.62,185.79,196.58,185.5,34030,199934636.0,5.8,-2.75,-5.25,1.59,11.080000000000013
2018-07-19,300308,189.13,190.1,191.43,184.17,30615,177797151.0,3.91,2.32,4.31,1.43,7.260000000000019
2018-07-20,300308,190.04,188.45,191.66,182.03,34733,199343695.0,5.07,-0.87,-1.65,1.62,9.629999999999995
2018-07-23,300308,191.56,197.33,202.51,189.52,55109,331550800.0,6.89,4.71,8.88,2.57,12.98999999999998
2018-07-24,300308,197.39,200.89,206.46,193.4,38518,237503824.0,6.62,1.8,3.56,1.8,13.060000000000002
2018-07-25,300308,200.31,199.17,205.75,197.81,37828,234893366.0,3.95,-0.86,-1.72,1.76,7.939999999999998
2018-07-26,300308,200.95,188.22,201.12,186.86,46693,277105440.0,7.16,-5.5,-10.95,2.18,14.259999999999991
2018-07-27,300308,188.8,194.96,198.39,187.77,54569,327116576.0,5.64,3.58,6.74,2.54,10.619999999999976
2018-07-30,300308,198.85,175.52,199.3,175.52,54558,303723424.0,12.2,-9.97,-19.44,2.54,23.78
2018-07-31,300308,175.52,168.91,175.52,168.0,40127,210759015.0,4.28,-3.77,-6.61,1.87,7.52000000000001
2018-08-01,300308,167.42,165.41,174.74,164.83,46291,240891309.0,5.87,-2.07,-3.5,2.16,9.909999999999997
2018-08-02,300308,165.9,149.92,166.61,148.92,83054,388726096.0,10.69,-9.36,-15.49,3.87,17.690000000000026
2018-08-03,300308,150.22,146.2,152.09,138.84,63859,283906992.0,8.84,-2.48,-3.72,2.98,13.25
2018-08-06,300308,143.87,141.31,145.68,137.81,39867,173068506.0,5.38,-3.34,-4.89,1.86,7.8700000000000045
2018-08-07,300308,142.05,144.48,146.36,138.91,33394,146745320.0,5.27,2.24,3.17,1.56,7.450000000000017
2018-08-08,300308,147.98,147.36,154.91,144.19,54666,251502182.0,7.42,1.99,2.88,2.55,10.719999999999999
2018-08-09,300308,148.3,154.69,158.12,142.37,59366,279733856.0,10.69,4.97,7.33,2.77,15.75
2018-08-10,300308,154.65,156.66,158.67,151.35,45112,214855760.0,4.73,1.27,1.97,2.1,7.319999999999993
2018-08-13,300308,154.75,161.78,163.86,152.9,57645,285050480.0,7.0,3.27,5.12,2.69,10.960000000000008
2018-08-14,300308,161.39,161.65,165.57,158.25,31660,157998128.0,4.52,-0.08,-0.13,1.48,7.319999999999993
2018-08-15,300308,160.1,153.75,161.49,153.33,30998,149416134.0,5.05,-4.89,-7.9,1.44,8.159999999999997
2018-08-16,300308,150.22,157.8,160.03,149.21,45180,218089909.0,7.04,2.63,4.05,2.11,10.819999999999993
2018-08-17,300308,160.16,159.32,166.61,159.03,55812,279861392.0,4.8,0.96,1.52,2.6,7.5800000000000125
2018-08-20,300308,163.4,162.24,163.86,152.87,44985,220758410.0,6.9,1.83,2.92,2.1,10.990000000000009
2018-08-21,300308,163.86,161.04,164.76,158.67,34907,173712359.0,3.75,-0.74,-1.2,1.63,6.090000000000003
2018-08-22,300308,161.0,153.2,161.0,152.9,36225,173348605.0,5.03,-4.87,-7.84,1.69,8.099999999999994
2018-08-23,300308,152.19,158.67,160.91,152.19,53652,259650022.0,5.69,3.57,5.47,2.5,8.719999999999999
2018-08-24,300308,158.48,153.78,159.22,152.35,33868,162610904.0,4.33,-3.08,-4.89,1.58,6.8700000000000045
2018-08-27,300308,155.69,169.1,169.1,155.37,80018,408180944.0,8.93,9.96,15.32,3.73,13.72999999999999
2018-08-28,300308,172.28,175.55,182.0,170.34,100523,543295056.0,6.9,3.81,6.45,4.69,11.659999999999997
2018-08-29,300308,176.14,171.89,177.79,171.02,59950,318518048.0,3.86,-2.08,-3.66,2.79,6.769999999999982
2018-08-30,300308,171.31,164.18,171.92,162.17,92396,469417504.0,5.67,-4.49,-7.71,4.31,9.75
2018-08-31,300308,163.34,150.57,163.53,149.6,104257,503856704.0,8.48,-8.29,-13.61,4.83,13.930000000000007
2018-09-03,300308,149.6,146.23,149.6,140.2,86600,384150240.0,6.24,-2.88,-4.34,4.01,9.400000000000006
2018-09-04,300308,146.3,149.6,151.12,145.06,62849,286932224.0,4.14,2.3,3.37,2.91,6.060000000000002
2018-09-05,300308,148.24,143.48,149.76,143.15,57780,261249749.0,4.42,-4.09,-6.12,2.67,6.609999999999985
2018-09-06,300308,142.34,143.93,148.11,142.15,48207,215294084.0,4.15,0.31,0.45,2.23,5.960000000000008
2018-09-07,300308,146.1,141.53,148.24,140.04,65534,291538128.0,5.7,-1.67,-2.4,3.03,8.200000000000017
2018-09-10,300308,142.15,127.44,142.47,127.44,101881,413518224.0,10.62,-9.96,-14.09,4.72,15.030000000000001
2018-09-11,300308,128.41,132.36,134.34,127.96,65227,263021100.0,5.01,3.86,4.92,3.02,6.38000000000001
2018-09-12,300308,134.34,136.83,140.85,133.01,70693,298570336.0,5.92,3.38,4.47,3.27,7.840000000000003
2018-09-13,300308,143.77,143.44,149.28,141.66,104738,466700704.0,5.57,4.83,6.61,4.85,7.6200000000000045
2018-09-14,300308,146.94,139.69,147.82,139.23,49938,219729129.0,5.99,-2.61,-3.75,2.31,8.590000000000003
2018-09-17,300308,139.46,141.18,145.23,139.1,51491,225972045.0,4.39,1.07,1.49,2.38,6.1299999999999955
2018-09-18,300308,138.58,138.07,140.17,129.25,88730,367643328.0,7.73,-2.2,-3.11,4.11,10.919999999999987
2018-09-19,300308,136.48,138.29,142.7,133.08,79812,337804176.0,6.97,0.16,0.22,3.69,9.619999999999976
2018-09-20,300308,139.69,139.3,143.99,136.64,57153,246730415.0,5.31,0.73,1.01,2.65,7.350000000000023
2018-09-21,300308,141.08,141.53,142.02,133.72,58879,251268413.0,5.96,1.6,2.23,2.74,8.300000000000011
2018-09-25,300308,141.01,142.86,143.06,138.45,45062,196238391.0,3.26,0.94,1.33,2.1,4.610000000000014
2018-09-26,300308,141.86,144.06,145.71,139.98,60117,264351784.0,4.01,0.84,1.2,2.75,5.730000000000018
2018-09-27,300308,144.8,138.49,145.13,138.32,52108,226200465.0,4.73,-3.87,-5.57,2.39,6.810000000000002
2018-09-28,300308,138.91,140.85,140.92,135.31,37278,158820472.0,4.05,1.7,2.36,1.71,5.609999999999985
2018-10-08,300308,133.98,143.74,147.66,133.98,93292,407155584.0,9.71,2.05,2.89,4.27,13.680000000000007
2018-10-09,300308,145.61,143.22,147.79,140.75,49401,219935204.0,4.9,-0.36,-0.52,2.26,7.039999999999992
2018-10-10,300308,144.03,135.12,145.68,129.12,70885,295109536.0,11.56,-5.66,-8.1,3.25,16.560000000000002
2018-10-11,300308,128.35,124.33,130.39,122.06,60703,236667891.0,6.16,-7.99,-10.79,2.78,8.329999999999984
2018-10-12,300308,122.84,125.3,126.89,118.01,57125,216002652.0,7.14,0.78,0.97,2.62,8.879999999999995
2018-10-15,300308,125.95,125.66,130.1,124.33,45945,179584147.0,4.6,0.29,0.36,2.11,5.769999999999996
2018-10-16,300308,124.36,123.91,127.83,123.03,29291,112382823.0,3.82,-1.39,-1.75,1.34,4.799999999999997
2018-10-17,300308,126.86,126.4,128.31,121.02,42236,162497903.0,5.88,2.01,2.49,1.94,7.290000000000006
2018-10-18,300308,124.23,123.52,126.6,122.12,29751,113706854.0,3.54,-2.28,-2.88,1.36,4.47999999999999
2018-10-19,300308,120.34,128.83,128.83,119.14,51457,198865958.0,7.84,4.3,5.31,2.36,9.690000000000012
2018-10-22,300308,131.46,139.1,139.72,130.0,72730,301897664.0,7.54,7.97,10.27,3.33,9.719999999999999
2018-10-23,300308,137.74,135.05,140.4,133.21,52098,218834556.0,5.17,-2.91,-4.05,2.39,7.189999999999998
2018-10-24,300308,133.89,132.65,136.48,131.62,36156,148704114.0,3.6,-1.78,-2.4,1.66,4.859999999999985
2018-10-25,300308,127.89,131.46,132.62,126.53,47309,187453903.0,4.59,-0.9,-1.19,2.17,6.090000000000003
2018-10-26,300308,133.43,129.84,135.64,129.51,39380,160153963.0,4.66,-1.23,-1.62,1.8,6.1299999999999955
2018-10-29,300308,129.48,131.75,134.05,129.29,34585,140147348.0,3.67,1.47,1.91,1.58,4.760000000000019
2018-10-30,300308,131.13,124.52,131.13,118.85,77455,294518720.0,9.32,-5.49,-7.23,3.55,12.280000000000001
2018-10-31,300308,125.2,123.62,126.5,121.67,53516,204369933.0,3.88,-0.72,-0.9,2.45,4.829999999999998
2018-11-01,300308,124.07,126.92,129.93,124.07,64135,250294344.0,4.74,2.67,3.3,2.94,5.860000000000014
2018-11-02,300308,136.64,139.56,139.56,133.76,108204,454653232.0,4.57,9.96,12.64,4.96,5.800000000000011
2018-11-05,300308,140.3,141.56,147.66,137.71,146060,641717952.0,7.13,1.43,2.0,6.69,9.949999999999989
2018-11-06,300308,142.05,144.25,144.74,137.64,71345,310540080.0,5.02,1.9,2.69,3.27,7.100000000000023
2018-11-07,300308,142.8,145.13,152.84,140.46,99921,448595440.0,8.58,0.61,0.88,4.58,12.379999999999995
2018-11-08,300308,146.36,138.58,147.01,137.84,85069,370922240.0,6.32,-4.51,-6.55,3.9,9.169999999999987
2018-11-09,300308,136.8,140.43,144.68,136.8,78691,342001536.0,5.69,1.33,1.85,3.61,7.8799999999999955
2018-11-12,300308,140.37,146.36,148.56,139.56,85887,381540192.0,6.41,4.22,5.93,3.94,9.0
2018-11-13,300308,144.77,150.64,154.72,143.93,108736,504533968.0,7.37,2.92,4.28,4.98,10.789999999999992
2018-11-14,300308,150.6,150.9,155.11,149.11,65937,308327536.0,3.98,0.17,0.26,3.02,6.0
2018-11-15,300308,150.9,153.88,154.14,149.24,65016,303976832.0,3.25,1.97,2.98,2.98,4.899999999999977
2018-11-16,300308,153.88,157.73,160.58,152.03,69244,331737520.0,5.56,2.5,3.85,3.17,8.550000000000011
2018-11-19,300308,157.96,156.73,159.68,154.14,43693,209994052.0,3.51,-0.63,-1.0,2.0,5.5400000000000205
2018-11-20,300308,152.87,146.3,152.87,143.12,93386,424332192.0,6.22,-6.65,-10.43,4.28,9.75
2018-11-21,300308,142.73,145.06,147.01,142.31,60540,269260896.0,3.21,-0.85,-1.24,2.77,4.699999999999989
2018-11-22,300308,145.23,144.68,147.14,143.31,34657,154847880.0,2.64,-0.26,-0.38,1.59,3.829999999999984
2018-11-23,300308,144.71,139.78,145.32,138.58,62292,270161888.0,4.66,-3.39,-4.9,2.85,6.739999999999981
2018-11-26,300308,139.07,141.05,142.34,138.84,38465,166359667.0,2.5,0.91,1.27,1.76,3.5
2018-11-27,300308,142.47,142.99,144.42,141.44,47851,210275180.0,2.11,1.38,1.94,2.19,2.9799999999999898
2018-11-28,300308,143.77,145.49,146.65,139.33,63686,281029856.0,5.12,1.75,2.5,2.92,7.319999999999993
2018-11-29,300308,147.01,138.26,147.56,138.26,62390,274409056.0,6.39,-4.97,-7.23,2.86,9.300000000000011
2018-11-30,300308,138.26,143.02,143.77,137.29,41908,181268206.0,4.69,3.44,4.76,1.92,6.480000000000018
2018-12-03,300308,154.62,151.61,155.69,148.85,110621,516260480.0,4.78,6.01,8.59,5.07,6.840000000000003
2018-12-04,300308,150.9,149.99,151.67,148.85,49351,227895487.0,1.86,-1.07,-1.62,2.26,2.819999999999993
2018-12-05,300308,146.36,147.04,149.31,145.94,46152,209416296.0,2.25,-1.97,-2.95,2.12,3.3700000000000045
2018-12-06,300308,140.85,137.61,142.08,136.67,93712,402738048.0,3.68,-6.41,-9.43,4.3,5.410000000000025
2018-12-07,300308,139.46,139.88,141.76,138.91,31867,137491161.0,2.07,1.65,2.27,1.46,2.8499999999999943
2018-12-10,300308,138.91,139.85,142.41,136.8,33019,142344752.0,4.01,-0.02,-0.03,1.51,5.609999999999985
2018-12-11,300308,141.44,143.38,144.61,140.95,39381,173254269.0,2.62,2.52,3.53,1.81,3.660000000000025
2018-12-12,300308,145.1,142.86,146.3,140.95,25634,112679632.0,3.73,-0.36,-0.52,1.18,5.350000000000023
2018-12-13,300308,143.02,146.04,147.01,142.08,52518,234436332.0,3.45,2.23,3.18,2.41,4.929999999999978
2018-12-14,300308,145.06,141.01,145.91,139.88,38725,169159931.0,4.13,-3.44,-5.03,1.78,6.030000000000001
2018-12-17,300308,139.94,139.3,141.5,138.29,29497,126774707.0,2.28,-1.21,-1.71,1.35,3.210000000000008
2018-12-18,300308,138.29,135.96,140.24,135.34,27320,115573414.0,3.52,-2.4,-3.34,1.25,4.900000000000006
2018-12-19,300308,136.22,133.56,137.94,132.75,23879,99459329.0,3.82,-1.77,-2.4,1.09,5.189999999999998
2018-12-20,300308,133.4,133.92,135.05,132.36,24234,99498800.0,2.01,0.27,0.36,1.11,2.6899999999999977
2018-12-21,300308,132.82,131.78,134.21,129.54,30267,122484295.0,3.49,-1.6,-2.14,1.39,4.670000000000016
2018-12-24,300308,131.75,136.64,137.39,130.65,40574,169008480.0,5.11,3.69,4.86,1.86,6.739999999999981
2018-12-25,300308,134.96,140.33,142.21,133.85,48252,204635834.0,6.12,2.7,3.69,2.21,8.360000000000014
2018-12-26,300308,140.85,136.45,140.98,136.41,37317,158518364.0,3.26,-2.76,-3.88,1.71,4.569999999999993
2018-12-27,300308,139.07,135.64,139.49,135.02,35063,148094842.0,3.28,-0.59,-0.81,1.61,4.469999999999999
2018-12-28,300308,135.51,132.4,136.15,129.71,36760,149061682.0,4.75,-2.39,-3.24,1.69,6.439999999999998
2019-01-02,300308,131.72,131.07,135.44,130.48,33694,137196570.0,3.75,-1.0,-1.33,1.54,4.960000000000008
2019-01-03,300308,131.46,124.33,131.46,123.36,49619,192227007.0,6.18,-5.14,-6.74,2.28,8.100000000000009
2019-01-04,300308,122.03,127.92,127.99,121.44,34530,133445422.0,5.27,2.89,3.59,1.58,6.549999999999997
2019-01-07,300308,129.06,131.2,132.65,129.03,41475,167003963.0,2.83,2.56,3.28,1.9,3.6200000000000045
2019-01-08,300308,133.01,129.87,133.01,128.18,31581,126091237.0,3.68,-1.01,-1.33,1.45,4.829999999999984
2019-01-09,300308,129.77,130.48,134.21,128.93,49133,199741476.0,4.07,0.47,0.61,2.25,5.280000000000001
2019-01-10,300308,130.48,132.95,135.99,130.1,49878,204334524.0,4.51,1.89,2.47,2.29,5.890000000000015
2019-01-11,300308,134.37,135.34,137.42,134.05,48899,204129942.0,2.53,1.8,2.39,2.24,3.369999999999976
2019-01-14,300308,134.99,131.2,134.99,130.16,30007,121401072.0,3.57,-3.06,-4.14,1.38,4.8300000000000125
2019-01-15,300308,130.65,132.53,132.98,129.35,29210,118126967.0,2.77,1.01,1.33,1.34,3.6299999999999955
2019-01-16,300308,132.43,132.82,134.86,131.39,23973,98111934.0,2.62,0.22,0.29,1.1,3.4700000000000273
2019-01-17,300308,132.43,130.42,132.59,130.0,25245,101746889.0,1.95,-1.81,-2.4,1.16,2.5900000000000034
2019-01-18,300308,131.2,129.58,131.91,126.6,38455,152090807.0,4.07,-0.64,-0.84,1.76,5.310000000000002
2019-01-21,300308,130.97,130.94,134.34,128.93,54550,220150716.0,4.18,1.05,1.36,2.5,5.409999999999997
2019-01-22,300308,129.58,126.05,131.03,125.62,53704,209467976.0,4.13,-3.73,-4.89,2.46,5.409999999999997
2019-01-23,300308,126.08,124.49,126.5,123.55,31198,119328221.0,2.34,-1.24,-1.56,1.43,2.950000000000003
2019-01-24,300308,124.91,126.82,127.54,122.55,45217,174761172.0,4.01,1.87,2.33,2.07,4.990000000000009
2019-01-25,300308,126.53,124.0,126.53,122.74,56953,217282561.0,2.99,-2.22,-2.82,2.61,3.7900000000000063
2019-01-28,300308,126.95,125.85,129.06,124.33,55118,214674644.0,3.81,1.49,1.85,2.53,4.730000000000004
2019-01-29,300308,125.79,123.32,125.88,121.9,42578,161117967.0,3.16,-2.01,-2.53,1.95,3.9799999999999898
2019-01-30,300308,122.74,122.87,125.14,122.06,30356,115181652.0,2.5,-0.36,-0.45,1.39,3.0799999999999983
2019-01-31,300308,123.45,124.62,126.43,122.55,50390,193023975.0,3.16,1.42,1.75,2.31,3.8800000000000097
2019-02-01,300308,125.72,133.08,133.08,125.24,81846,326071296.0,6.29,6.79,8.46,3.75,7.840000000000018
2019-02-11,300308,133.34,138.07,138.1,131.81,86709,362084080.0,4.73,3.75,4.99,3.98,6.289999999999992
2019-02-12,300308,137.0,137.64,138.52,136.19,53535,226064961.0,1.69,-0.31,-0.43,2.45,2.3300000000000125
2019-02-13,300308,137.77,144.48,146.0,137.29,96855,426383936.0,6.33,4.97,6.84,4.44,8.710000000000008
2019-02-14,300308,144.09,146.0,147.98,139.88,74114,329508880.0,5.61,1.05,1.52,3.4,8.099999999999994
2019-02-15,300308,145.06,145.39,147.23,144.25,54221,243388929.0,2.04,-0.42,-0.61,2.49,2.9799999999999898
2019-02-18,300308,146.23,151.22,152.71,146.23,70913,325386144.0,4.46,4.01,5.83,3.25,6.480000000000018
2019-02-19,300308,151.09,148.47,151.16,146.26,70430,321526672.0,3.24,-1.82,-2.75,3.23,4.900000000000006
2019-02-20,300308,147.33,146.59,147.95,144.77,49001,220710660.0,2.14,-1.27,-1.88,2.25,3.1799999999999784
2019-02-21,300308,146.85,156.73,161.2,146.85,155724,751651200.0,9.79,6.92,10.14,7.14,14.349999999999994
2019-02-22,300308,154.43,172.34,172.34,154.4,134138,676667648.0,11.45,9.96,15.61,6.15,17.939999999999998
2019-02-25,300308,183.62,189.13,189.52,183.3,152953,881535104.0,3.61,9.74,16.79,7.01,6.219999999999999
2019-02-26,300308,185.56,180.38,188.48,177.79,135822,760261408.0,5.65,-4.63,-8.75,6.23,10.689999999999998
2019-02-27,300308,177.5,175.78,180.7,174.55,81964,445823552.0,3.41,-2.55,-4.6,3.76,6.149999999999977
2019-02-28,300308,175.13,177.14,179.02,172.77,54945,299904272.0,3.56,0.77,1.36,2.52,6.25
2019-03-01,300308,178.05,176.82,179.6,173.25,50235,271215552.0,3.58,-0.18,-0.32,2.3,6.349999999999994
2019-03-04,300308,178.11,178.27,185.76,175.55,93521,521158944.0,5.77,0.82,1.45,4.29,10.20999999999998
2019-03-05,300308,178.66,184.92,185.21,176.17,84113,469288512.0,5.07,3.73,6.65,3.86,9.04000000000002
2019-03-06,300308,189.87,199.82,203.35,189.87,140650,858607024.0,7.29,8.06,14.9,6.45,13.47999999999999
2019-03-07,300308,198.2,192.92,198.2,187.38,85956,509704752.0,5.41,-3.45,-6.9,3.94,10.819999999999993
2019-03-08,300308,185.21,189.78,209.18,182.0,91569,549740192.0,14.09,-1.63,-3.14,4.2,27.180000000000007
2019-03-11,300308,194.93,202.02,203.0,192.17,68943,419616448.0,5.71,6.45,12.24,3.16,10.830000000000013
2019-03-12,300308,206.33,200.47,207.92,197.45,73897,458982464.0,5.18,-0.77,-1.55,3.39,10.469999999999999
2019-03-13,300308,194.8,192.04,199.98,189.13,65511,390422400.0,5.41,-4.21,-8.43,3.0,10.849999999999994
2019-03-14,300308,189.26,189.74,194.8,183.65,59782,345981008.0,5.81,-1.2,-2.3,2.74,11.150000000000006
2019-03-15,300308,189.81,188.77,193.31,187.18,34130,199080106.0,3.23,-0.51,-0.97,1.56,6.1299999999999955
2019-03-18,300308,190.36,192.56,192.85,183.0,41880,243634221.0,5.22,2.01,3.79,1.92,9.849999999999994
2019-03-19,300308,191.72,189.39,196.48,188.51,39688,235148041.0,4.14,-1.65,-3.17,1.82,7.969999999999999
2019-03-20,300308,188.48,187.22,191.4,183.98,34624,199099354.0,3.92,-1.15,-2.17,1.59,7.420000000000016
2019-03-21,300308,187.83,187.86,192.14,187.38,38658,225590731.0,2.54,0.34,0.64,1.78,4.759999999999991
2019-03-22,300308,188.48,191.36,191.36,183.94,37130,214340760.0,3.95,1.86,3.5,1.71,7.420000000000016
2019-03-25,300308,185.43,184.92,189.13,184.56,36636,209862278.0,2.39,-3.37,-6.44,1.68,4.569999999999993
2019-03-26,300308,185.6,172.51,186.86,170.47,78063,425229824.0,8.86,-6.71,-12.41,3.58,16.390000000000015
2019-03-27,300308,174.35,171.96,175.46,169.62,45482,241789549.0,3.39,-0.32,-0.55,2.09,5.840000000000003
2019-03-28,300308,174.16,177.2,185.27,174.09,64958,359191216.0,6.5,3.05,5.24,2.98,11.180000000000007
2019-03-29,300308,175.81,180.38,182.23,175.13,53572,296401760.0,4.01,1.79,3.18,2.46,7.099999999999994
2019-04-01,300308,184.59,187.61,189.19,181.55,64139,368007472.0,4.24,4.01,7.23,2.95,7.639999999999986
2019-04-02,300308,189.1,183.98,190.07,183.94,52800,303401872.0,3.27,-1.93,-3.63,2.42,6.1299999999999955
2019-04-03,300308,182.91,182.94,183.23,178.86,45202,251518736.0,2.38,-0.57,-1.04,2.08,4.369999999999976
2019-04-04,300308,182.94,179.51,184.53,179.12,36625,203998491.0,2.96,-1.87,-3.43,1.68,5.409999999999997
2019-04-08,300308,167.42,170.66,175.1,166.97,91655,480011872.0,4.53,-4.93,-8.85,4.21,8.129999999999995
2019-04-09,300308,171.34,174.09,174.97,167.78,40395,215077742.0,4.21,2.01,3.43,1.86,7.189999999999998
2019-04-10,300308,174.61,172.28,175.13,170.6,26972,143204301.0,2.6,-1.04,-1.81,1.24,4.530000000000001
2019-04-11,300308,172.34,168.04,172.93,167.03,31745,165119261.0,3.42,-2.46,-4.24,1.46,5.900000000000006
2019-04-12,300308,170.17,165.67,170.43,165.41,32225,166029701.0,2.99,-1.41,-2.37,1.48,5.02000000000001
2019-04-15,300308,170.21,169.53,175.49,169.23,53854,286050832.0,3.78,2.33,3.86,2.47,6.260000000000019
2019-04-16,300308,169.43,179.25,180.54,168.2,59378,321118784.0,7.28,5.73,9.72,2.73,12.340000000000003
2019-04-17,300308,179.34,175.75,184.07,175.52,47182,259143665.0,4.77,-1.95,-3.5,2.17,8.549999999999983
2019-04-18,300308,176.1,174.32,178.37,173.35,28137,151737958.0,2.86,-0.81,-1.43,1.29,5.02000000000001
2019-04-19,300308,174.39,174.29,175.52,169.98,23564,125149675.0,3.18,-0.02,-0.03,1.08,5.5400000000000205
2019-04-22,300308,172.96,172.12,180.9,171.92,39716,214998680.0,5.15,-1.25,-2.17,1.82,8.980000000000018
2019-04-23,300308,172.18,176.82,180.38,169.4,54773,296921136.0,6.38,2.73,4.7,2.52,10.97999999999999
2019-04-24,300308,175.58,183.88,185.24,175.58,64596,363340864.0,5.46,3.99,7.06,2.97,9.659999999999997
2019-04-25,300308,182.06,180.64,188.54,180.06,59038,335903088.0,4.61,-1.76,-3.24,2.71,8.47999999999999
2019-04-26,300308,178.76,180.32,184.27,176.43,38796,215776708.0,4.34,-0.18,-0.32,1.78,7.840000000000003
2019-04-29,300308,181.03,172.77,182.97,167.16,42439,228301194.0,8.77,-4.19,-7.55,1.95,15.810000000000002
2019-04-30,300308,169.04,170.43,173.87,167.68,28529,149477105.0,3.58,-1.35,-2.34,1.31,6.189999999999998
2019-05-06,300308,159.32,153.46,159.48,153.46,25631,121467056.0,3.53,-9.96,-16.97,1.18,6.019999999999982
2019-05-07,300308,153.46,146.55,154.4,138.42,57427,254883629.0,10.41,-4.5,-6.91,2.64,15.980000000000018
2019-05-08,300308,141.82,143.15,149.21,139.88,28906,128619491.0,6.37,-2.32,-3.4,1.33,9.330000000000013
2019-05-09,300308,141.18,142.15,145.91,141.11,22890,100488649.0,3.35,-0.7,-1.0,1.05,4.799999999999983
2019-05-10,300308,145.65,151.22,152.52,138.84,41277,186707960.0,9.62,6.38,9.07,1.9,13.680000000000007
2019-05-13,300308,148.21,143.51,150.54,141.34,37302,167496936.0,6.08,-5.1,-7.71,1.71,9.199999999999989
2019-05-14,300308,142.7,145.13,148.43,142.15,39841,178916642.0,4.38,1.13,1.62,1.83,6.280000000000001
2019-05-15,300308,147.04,146.3,149.44,144.74,32728,147594100.0,3.24,0.81,1.17,1.5,4.699999999999989
2019-05-16,300308,146.36,145.58,147.01,142.47,24101,107469605.0,3.1,-0.49,-0.72,1.11,4.539999999999992
2019-05-17,300308,146.85,139.36,148.85,137.13,45116,197501303.0,8.05,-4.27,-6.22,2.07,11.719999999999999
2019-05-20,300308,138.94,137.71,142.15,129.19,37613,158216561.0,9.3,-1.18,-1.65,1.73,12.960000000000008
2019-05-21,300308,139.04,141.66,143.09,138.26,31597,137029250.0,3.51,2.87,3.95,1.45,4.8300000000000125
2019-05-22,300308,142.6,138.75,144.74,136.64,36119,156022687.0,5.72,-2.05,-2.91,1.66,8.100000000000023
2019-05-23,300308,138.62,136.28,140.82,135.34,29850,126313199.0,3.95,-1.78,-2.47,1.37,5.47999999999999
2019-05-24,300308,134.83,135.99,137.74,134.83,15947,66680925.0,2.14,-0.21,-0.29,0.73,2.9099999999999966
2019-05-27,300308,135.99,139.94,140.2,134.18,29288,124333105.0,4.43,2.9,3.95,1.35,6.019999999999982
2019-05-28,300308,139.85,138.55,140.63,138.03,24367,104323777.0,1.86,-0.99,-1.39,1.12,2.5999999999999943
2019-05-29,300308,138.55,138.62,140.5,135.08,20450,87153412.0,3.91,0.05,0.07,0.94,5.4199999999999875
2019-05-30,300308,138.52,137.09,138.52,135.44,16086,67465211.0,2.22,-1.1,-1.53,0.74,3.0800000000000125
2019-05-31,300308,137.58,136.9,138.49,135.25,14445,60949722.0,2.36,-0.14,-0.19,0.66,3.240000000000009
2019-06-03,300308,136.64,136.87,140.72,132.14,37223,155973439.0,6.27,-0.02,-0.03,1.71,8.580000000000013
2019-06-04,300308,138.9,141.26,143.48,135.22,68189,209886224.0,6.03,3.21,4.39,2.24,8.259999999999991
2019-06-05,300308,143.89,146.29,148.65,141.89,72062,228920475.0,4.79,3.56,5.03,2.36,6.760000000000019
2019-06-06,300308,147.38,141.21,147.74,140.08,43339,134994016.0,5.24,-3.47,-5.08,1.42,7.659999999999997
2019-06-10,300308,143.12,151.19,152.87,142.03,76080,249142071.0,7.68,7.07,9.98,2.5,10.840000000000003
2019-06-11,300308,151.24,154.18,155.41,146.93,83446,277813824.0,5.61,1.98,2.99,2.74,8.47999999999999
2019-06-12,300308,153.82,150.56,153.82,150.28,50049,166344675.0,2.3,-2.35,-3.62,1.64,3.539999999999992
2019-06-13,300308,149.74,148.88,150.46,146.29,34890,113570241.0,2.77,-1.12,-1.68,1.14,4.170000000000016
2019-06-14,300308,148.83,144.93,150.51,144.89,32792,105646592.0,3.77,-2.65,-3.95,1.08,5.6200000000000045
2019-06-17,300308,145.02,147.15,148.24,141.57,22743,72750698.0,4.6,1.53,2.22,0.75,6.670000000000016
2019-06-18,300308,146.47,145.11,147.15,144.75,21417,68314505.0,1.63,-1.39,-2.04,0.7,2.4000000000000057
2019-06-19,300308,153.37,151.1,158.63,150.65,69491,232885465.0,5.5,4.13,5.99,2.28,7.97999999999999
2019-06-20,300308,150.74,153.46,155.14,149.24,49825,167005752.0,3.9,1.56,2.36,1.63,5.899999999999977
2019-06-21,300308,157.63,158.27,164.21,156.18,58681,205357612.0,5.23,3.13,4.81,1.92,8.030000000000001
2019-06-24,300308,159.72,156.13,159.72,155.23,29177,100431572.0,2.84,-1.35,-2.14,0.96,4.490000000000009
2019-06-25,300308,155.18,157.31,158.04,151.6,43665,147988802.0,4.12,0.76,1.18,1.43,6.439999999999998
2019-06-26,300308,157.0,155.95,161.58,154.37,28983,100020852.0,4.58,-0.86,-1.36,0.95,7.210000000000008
2019-06-27,300308,157.9,160.4,160.63,155.91,47708,166190285.0,3.03,2.85,4.45,1.56,4.719999999999999
2019-06-28,300308,159.26,155.14,159.26,154.32,36170,123688439.0,3.08,-3.28,-5.26,1.19,4.939999999999998
2019-07-01,300308,162.44,164.25,165.98,162.44,70782,255186678.0,2.28,5.87,9.11,2.32,3.539999999999992
2019-07-02,300308,163.35,164.66,167.25,161.67,33270,120100381.0,3.4,0.25,0.41,1.09,5.5800000000000125
2019-07-03,300308,163.98,162.3,165.16,160.53,24233,86266982.0,2.81,-1.43,-2.36,0.79,4.6299999999999955
2019-07-04,300308,158.36,152.87,158.36,148.79,72869,243066715.0,5.9,-5.81,-9.43,2.39,9.570000000000022
2019-07-05,300308,150.78,151.69,153.59,150.06,34593,114745698.0,2.31,-0.77,-1.18,1.13,3.530000000000001
2019-07-08,300308,151.55,144.61,151.55,142.12,36870,117648266.0,6.22,-4.67,-7.08,1.21,9.430000000000007
2019-07-09,300308,144.57,146.56,147.61,143.62,17763,56734143.0,2.76,1.35,1.95,0.58,3.990000000000009
2019-07-10,300308,147.47,147.2,149.65,146.11,15000,48487962.0,2.42,0.44,0.64,0.49,3.539999999999992
2019-07-11,300308,147.2,145.16,148.47,144.57,17486,55990328.0,2.65,-1.39,-2.04,0.57,3.9000000000000057
2019-07-12,300308,145.16,143.89,146.29,141.39,17780,56011903.0,3.38,-0.87,-1.27,0.58,4.900000000000006
2019-07-15,300308,137.04,147.97,148.83,134.32,39511,124636866.0,10.08,2.84,4.08,1.3,14.51000000000002
2019-07-16,300308,147.47,149.38,152.91,145.43,35228,115656664.0,5.06,0.95,1.41,1.16,7.47999999999999
2019-07-17,300308,151.6,157.22,159.63,149.38,55187,187951451.0,6.86,5.25,7.84,1.6,10.25
2019-07-18,300308,155.18,152.78,158.86,152.42,32946,111750065.0,4.1,-2.82,-4.44,0.95,6.440000000000026
2019-07-19,300308,154.91,151.83,157.09,150.96,33897,113656228.0,4.01,-0.62,-0.95,0.98,6.1299999999999955
2019-07-22,300308,154.05,151.51,154.28,150.19,24420,81291495.0,2.69,-0.21,-0.32,0.71,4.090000000000003
2019-07-23,300308,151.15,154.73,155.09,151.1,24268,81915044.0,2.63,2.13,3.22,0.7,3.990000000000009
2019-07-24,300308,155.68,160.17,162.17,153.82,52178,182500091.0,5.4,3.52,5.44,1.51,8.349999999999994
2019-07-25,300308,159.31,168.79,172.06,158.68,71918,263709576.0,8.35,5.38,8.62,2.08,13.379999999999995
2019-07-26,300308,167.93,169.24,170.06,166.79,36854,136346255.0,1.94,0.27,0.45,1.07,3.2700000000000102
2019-07-29,300308,168.11,174.37,175.59,168.11,39269,149199055.0,4.42,3.03,5.13,1.14,7.47999999999999
2019-07-30,300308,175.96,186.48,191.7,169.83,100016,411533232.0,12.54,6.95,12.11,2.9,21.869999999999976
2019-07-31,300308,187.07,189.47,196.01,183.76,102285,427983824.0,6.57,1.6,2.99,2.96,12.25
2019-08-01,300308,186.48,188.88,193.19,185.44,56459,232363997.0,4.09,-0.31,-0.59,1.64,7.75
2019-08-02,300308,172.87,179.04,180.49,172.42,114981,447135136.0,4.27,-5.21,-9.84,3.33,8.070000000000022
2019-08-05,300308,178.77,175.23,182.63,175.05,52866,206842217.0,4.23,-2.13,-3.81,1.53,7.579999999999984
2019-08-06,300308,171.69,177.18,179.45,169.24,73327,280876832.0,5.83,1.11,1.95,2.13,10.20999999999998
2019-08-07,300308,176.96,175.23,179.04,173.69,39095,151146363.0,3.02,-1.1,-1.95,1.13,5.349999999999994
2019-08-08,300308,175.64,175.91,180.36,172.51,46027,177484175.0,4.48,0.39,0.68,1.33,7.850000000000023
2019-08-09,300308,177.05,173.28,181.9,171.15,45404,175245844.0,6.11,-1.5,-2.63,1.32,10.75
2019-08-12,300308,174.6,184.21,184.44,171.78,49595,194656974.0,7.31,6.31,10.93,1.44,12.659999999999997
2019-08-13,300308,181.04,180.58,185.3,177.86,49501,196416296.0,4.04,-1.97,-3.63,1.43,7.439999999999998
2019-08-14,300308,186.03,183.35,189.2,181.49,52100,211446254.0,4.27,1.53,2.77,1.51,7.7099999999999795
2019-08-15,300308,176.96,184.62,185.12,175.73,41973,166523641.0,5.12,0.69,1.27,1.22,9.390000000000015
2019-08-16,300308,182.63,180.81,184.21,179.5,69803,276855008.0,2.55,-2.06,-3.81,2.02,4.710000000000008
2019-08-19,300308,181.45,191.11,192.83,179.31,77769,320407552.0,7.48,5.7,10.3,2.25,13.52000000000001
2019-08-20,300308,191.15,191.43,194.33,187.84,44013,185310401.0,3.4,0.17,0.32,1.28,6.490000000000009
2019-08-21,300308,192.7,189.11,192.7,188.39,34017,142000638.0,2.25,-1.21,-2.32,0.99,4.310000000000002
2019-08-22,300308,188.88,186.8,189.61,183.08,38613,157640917.0,3.45,-1.22,-2.31,1.12,6.530000000000001
2019-08-23,300308,185.12,183.71,187.34,182.31,32179,130326363.0,2.69,-1.65,-3.09,0.93,5.030000000000001
2019-08-26,300308,173.33,177.54,182.17,171.38,59552,232445825.0,5.87,-3.36,-6.17,1.73,10.789999999999992
2019-08-27,300308,180.13,180.86,185.12,178.81,47998,191664481.0,3.55,1.87,3.32,1.39,6.310000000000002
2019-08-28,300308,183.21,182.76,183.71,178.91,39532,158070338.0,2.65,1.05,1.9,1.15,4.800000000000011
2019-08-29,300308,182.31,185.76,187.8,179.36,33178,134313851.0,4.62,1.64,3.0,0.96,8.439999999999998
2019-08-30,300308,186.8,180.36,188.75,179.0,37874,151693040.0,5.25,-2.91,-5.4,1.1,9.75
2019-09-02,300308,181.4,183.76,187.8,177.91,45253,180971381.0,5.48,1.89,3.4,1.31,9.890000000000015
2019-09-03,300308,184.62,189.43,193.47,184.62,85180,354242768.0,4.82,3.09,5.67,2.47,8.849999999999994
2019-09-04,300308,187.89,189.2,192.38,186.03,54218,224569819.0,3.35,-0.12,-0.23,1.57,6.349999999999994
2019-09-05,300308,194.83,208.03,208.03,193.28,180717,805375936.0,7.8,9.95,18.83,5.23,14.75
2019-09-06,300308,209.61,219.19,227.3,208.66,174421,831731360.0,8.96,5.36,11.16,5.05,18.640000000000015
2019-09-09,300308,218.37,218.69,222.22,215.65,148121,708603024.0,3.0,-0.23,-0.5,4.28,6.569999999999993
2019-09-10,300308,216.65,210.84,219.5,205.89,142701,660096240.0,6.22,-3.59,-7.85,4.13,13.610000000000014
2019-09-11,300308,211.43,207.89,211.43,204.17,91958,417873904.0,3.44,-1.4,-2.95,2.66,7.260000000000019
2019-09-12,300308,208.71,206.89,209.98,203.04,69944,317581744.0,3.34,-0.48,-1.0,2.02,6.939999999999998
2019-09-16,300308,207.07,207.53,211.16,205.49,72889,332833488.0,2.74,0.31,0.64,2.11,5.6699999999999875
2019-09-17,300308,205.58,201.59,207.62,199.86,67953,302275184.0,3.74,-2.86,-5.94,1.97,7.759999999999991
2019-09-18,300308,201.95,200.0,203.13,195.37,69477,302807920.0,3.85,-0.79,-1.59,2.01,7.759999999999991
2019-09-19,300308,201.86,203.81,207.48,201.22,67169,300713616.0,3.13,1.91,3.81,1.94,6.259999999999991
2019-09-20,300308,206.44,204.44,207.26,201.18,57628,258681304.0,2.98,0.31,0.63,1.67,6.079999999999984
2019-09-23,300308,204.85,205.71,208.3,198.59,69902,313977920.0,4.75,0.62,1.27,2.02,9.710000000000008
2019-09-24,300308,204.04,210.11,212.34,203.76,110744,509529536.0,4.17,2.14,4.4,3.2,8.580000000000013
2019-09-25,300308,208.62,196.01,211.79,195.64,114873,505242624.0,7.69,-6.71,-14.1,3.32,16.150000000000006
2019-09-26,300308,195.55,186.53,197.32,186.53,83646,348877200.0,5.5,-4.84,-9.48,2.42,10.789999999999992
2019-09-27,300308,188.79,187.66,191.11,185.8,44957,185547916.0,2.85,0.61,1.13,1.3,5.310000000000002
2019-09-30,300308,186.93,185.3,188.93,181.85,33449,136255870.0,3.77,-1.26,-2.36,0.95,7.0800000000000125
2019-10-08,300308,184.3,183.76,190.88,181.08,45537,184402682.0,5.29,-0.83,-1.54,1.3,9.799999999999983
2019-10-09,300308,181.94,185.39,186.03,179.63,33999,136883102.0,3.48,0.89,1.63,0.97,6.400000000000006
2019-10-10,300308,186.07,188.79,189.52,185.17,43834,180372574.0,2.35,1.83,3.4,1.25,4.350000000000023
2019-10-11,300308,188.57,185.98,190.56,184.3,33519,137308358.0,3.32,-1.49,-2.81,0.96,6.259999999999991
2019-10-14,300308,188.3,194.42,195.01,187.48,60939,256171133.0,4.05,4.54,8.44,1.74,7.530000000000001
2019-10-15,300308,191.7,186.03,197.28,185.57,61666,257577827.0,6.02,-4.32,-8.39,1.76,11.710000000000008
2019-10-16,300308,186.03,184.67,188.75,183.31,31092,126789417.0,2.92,-0.73,-1.36,0.89,5.439999999999998
2019-10-17,300308,184.89,183.08,187.43,182.67,23243,93999900.0,2.58,-0.86,-1.59,0.66,4.760000000000019
2019-10-18,300308,183.12,183.53,188.16,182.4,40631,164960028.0,3.15,0.25,0.45,1.16,5.759999999999991
2019-10-21,300308,182.94,185.57,185.8,177.86,33126,132803116.0,4.33,1.11,2.04,0.95,7.939999999999998
2019-10-22,300308,186.12,188.25,190.47,185.57,33842,139616490.0,2.64,1.44,2.68,0.97,4.900000000000006
2019-10-23,300308,189.11,184.67,190.7,184.67,28554,117390672.0,3.2,-1.9,-3.58,0.81,6.030000000000001
2019-10-24,300308,184.53,182.4,185.98,179.68,37355,149830119.0,3.41,-1.23,-2.27,1.07,6.299999999999983
2019-10-25,300308,182.81,183.9,185.03,180.58,26858,107826110.0,2.44,0.82,1.5,0.77,4.449999999999989
2019-10-28,300308,185.57,188.98,190.34,185.21,36431,150101469.0,2.79,2.76,5.08,1.04,5.1299999999999955
2019-10-29,300308,187.48,187.84,191.29,186.93,42318,175473275.0,2.31,-0.6,-1.14,1.21,4.359999999999985
2019-10-30,300308,188.75,191.47,193.87,186.93,50943,213705028.0,3.69,1.93,3.63,1.45,6.939999999999998
2019-10-31,300308,192.83,200.09,201.81,191.47,92561,402818048.0,5.4,4.5,8.62,2.64,10.340000000000003
2019-11-01,300308,197.96,197.87,204.17,195.46,59578,260270317.0,4.35,-1.11,-2.22,1.7,8.70999999999998
2019-11-04,300308,199.45,199.18,203.9,197.64,48731,214629663.0,3.16,0.66,1.31,1.39,6.260000000000019
2019-11-05,300308,200.41,198.27,202.54,196.01,49989,218891070.0,3.28,-0.46,-0.91,1.43,6.530000000000001
2019-11-06,300308,198.5,194.37,199.64,193.97,46890,201888614.0,2.86,-1.97,-3.9,1.34,5.6699999999999875
2019-11-07,300308,196.23,197.59,198.14,191.47,39280,169673603.0,3.43,1.66,3.22,1.12,6.6699999999999875
2019-11-08,300308,201.0,203.13,206.39,196.01,92223,412324368.0,5.25,2.8,5.54,2.63,10.379999999999995
2019-11-11,300308,200.68,201.09,208.44,198.73,85811,383943072.0,4.78,-1.0,-2.04,2.45,9.710000000000008
2019-11-12,300308,198.86,195.1,203.17,192.51,74803,321075024.0,5.3,-2.98,-5.99,2.13,10.659999999999997
2019-11-13,300308,193.56,192.51,195.1,190.47,53098,224079056.0,2.37,-1.33,-2.59,1.51,4.6299999999999955
2019-11-14,300308,192.33,192.42,194.42,189.66,42893,180789054.0,2.47,-0.05,-0.09,1.22,4.759999999999991
2019-11-15,300308,191.79,187.84,193.15,187.61,41781,173997550.0,2.88,-2.38,-4.58,1.19,5.539999999999992
2019-11-18,300308,189.57,190.93,192.38,187.07,43260,179943852.0,2.83,1.65,3.09,1.23,5.310000000000002
2019-11-19,300308,191.43,204.49,204.99,190.93,102264,451726608.0,7.36,7.1,13.56,2.92,14.060000000000002
2019-11-20,300308,203.45,200.41,205.12,199.64,68907,305754736.0,2.68,-2.0,-4.08,1.97,5.480000000000018
2019-11-21,300308,201.59,195.92,201.68,194.65,62896,272870768.0,3.51,-2.24,-4.49,1.8,7.030000000000001
2019-11-22,300308,195.64,200.09,207.3,195.64,108640,481152848.0,5.95,2.13,4.17,3.1,11.660000000000025
2019-11-25,300308,198.73,193.19,199.09,188.66,89257,375841712.0,5.21,-3.45,-6.9,2.55,10.430000000000007
2019-11-26,300308,193.19,195.1,195.1,190.97,56051,238160866.0,2.14,0.99,1.91,1.6,4.1299999999999955
2019-11-27,300308,193.19,197.5,198.09,191.38,37946,163007175.0,3.44,1.23,2.4,1.08,6.710000000000008
2019-11-28,300308,196.01,196.91,201.4,195.64,34857,151924514.0,2.92,-0.3,-0.59,1.0,5.760000000000019
2019-11-29,300308,196.82,200.54,200.54,195.24,47524,206539612.0,2.69,1.84,3.63,1.36,5.299999999999983
2019-12-02,300308,201.09,202.36,204.85,199.68,51919,230466963.0,2.58,0.91,1.82,1.48,5.1699999999999875
2019-12-03,300308,202.27,203.67,204.76,200.09,50357,224229602.0,2.31,0.65,1.31,1.44,4.6699999999999875
2019-12-04,300308,201.63,199.64,203.4,198.59,47986,210692841.0,2.36,-1.98,-4.03,1.37,4.810000000000002
2019-12-05,300308,200.54,206.71,207.8,199.77,108267,487650080.0,4.02,3.54,7.07,3.09,8.030000000000001
2019-12-06,300308,205.4,205.89,206.67,203.4,63266,284437232.0,1.58,-0.4,-0.82,1.81,3.269999999999982
2019-12-09,300308,208.57,205.12,209.21,203.49,48314,217499050.0,2.78,-0.37,-0.77,1.38,5.719999999999999
2019-12-10,300308,203.49,206.35,207.35,201.04,57983,261244993.0,3.08,0.6,1.23,1.66,6.310000000000002
2019-12-11,300308,205.08,201.95,208.03,200.41,55007,244940790.0,3.69,-2.13,-4.4,1.57,7.6200000000000045
2019-12-12,300308,202.81,215.24,220.46,202.81,176504,825199648.0,8.74,6.58,13.29,5.04,17.650000000000006
2019-12-13,300308,218.69,221.41,225.26,215.28,150712,731301040.0,4.64,2.87,6.17,4.3,9.97999999999999
2019-12-16,300308,223.22,226.62,231.8,221.63,119607,592989120.0,4.59,2.35,5.21,3.41,10.170000000000016
2019-12-17,300308,224.58,230.75,237.42,224.58,110020,558128000.0,5.67,1.82,4.13,3.14,12.839999999999975
2019-12-18,300308,228.21,226.85,231.3,224.49,76031,379226640.0,2.95,-1.69,-3.9,2.17,6.810000000000002
2019-12-19,300308,226.44,226.99,229.16,221.05,61038,302986256.0,3.58,0.06,0.14,1.74,8.109999999999985
2019-12-20,300308,227.76,226.99,230.34,224.04,53555,267283574.0,2.78,0.0,0.0,1.53,6.300000000000011
2019-12-23,300308,223.9,224.81,228.89,221.18,76851,378428032.0,3.4,-0.96,-2.18,2.19,7.7099999999999795
2019-12-24,300308,225.94,231.75,236.6,224.04,74035,373874416.0,5.59,3.09,6.94,2.11,12.560000000000002
2019-12-25,300308,230.34,234.38,237.87,227.4,63060,322735136.0,4.52,1.13,2.63,1.8,10.469999999999999
2019-12-26,300308,233.11,234.56,235.83,230.75,36487,186492242.0,2.17,0.08,0.18,1.04,5.0800000000000125
2019-12-27,300308,237.65,225.85,243.0,224.58,86084,438409968.0,7.85,-3.71,-8.71,2.46,18.419999999999987
2019-12-30,300308,224.17,237.74,238.51,220.95,72537,369857312.0,7.78,5.26,11.89,2.07,17.560000000000002
2019-12-31,300308,236.83,237.51,241.91,234.11,46543,243239998.0,3.28,-0.1,-0.23,1.33,7.799999999999983
