日期,股票代码,开盘,收盘,最高,最低,成交量,成交额,振幅,涨跌幅,涨跌额,换手率,volatility
2010-04-02,002383,85.01,91.5,92.88,85.0,191222,1675752176.42,21.3,147.3,54.5,79.68,7.8799999999999955
2010-04-06,002383,90.0,98.3,99.47,88.88,116181,1081580231.75,11.57,7.43,6.8,48.41,10.590000000000003
2010-04-07,002383,97.0,108.13,108.13,96.5,96418,1007187203.7,11.83,10.0,9.83,40.17,11.629999999999995
2010-04-08,002383,110.6,106.0,113.98,106.0,94456,1039922042.35,7.38,-1.97,-2.13,39.36,7.980000000000004
2010-04-09,002383,106.0,106.2,108.8,103.7,53501,569079117.21,4.81,0.19,0.2,22.29,5.099999999999994
2010-04-12,002383,105.23,100.52,106.8,98.8,65339,666479054.96,7.53,-5.35,-5.68,27.22,8.0
2010-04-13,002383,99.87,91.6,101.89,90.47,69362,651243243.69,11.36,-8.87,-8.92,28.9,11.420000000000002
2010-04-14,002383,89.39,88.45,91.46,86.6,36668,325730118.03,5.31,-3.44,-3.15,15.28,4.859999999999999
2010-04-15,002383,88.51,86.4,91.5,83.68,39957,353008144.79,8.84,-2.32,-2.05,16.65,7.819999999999993
2010-04-16,002383,86.0,86.85,87.85,83.0,26179,223945309.3,5.61,0.52,0.45,10.91,4.849999999999994
2010-04-19,002383,86.0,86.38,89.85,84.5,32543,285501028.51,6.16,-0.54,-0.47,13.56,5.349999999999994
2010-04-20,002383,86.45,81.3,87.5,80.0,31114,254997063.31,8.68,-5.88,-5.08,12.96,7.5
2010-04-21,002383,80.7,83.0,84.28,80.5,27812,229134777.87,4.65,2.09,1.7,11.59,3.780000000000001
2010-04-22,002383,82.6,84.2,86.3,81.0,35541,298409561.82,6.39,1.45,1.2,14.81,5.299999999999997
2010-04-23,002383,83.0,81.79,85.95,81.6,26458,220185637.81,5.17,-2.86,-2.41,11.02,4.3500000000000085
2010-04-26,002383,81.6,80.15,82.4,80.01,18033,145644471.93,2.92,-2.01,-1.64,7.51,2.3900000000000006
2010-04-27,002383,76.8,72.14,76.8,72.14,10758,78314375.76,5.81,-9.99,-8.01,4.48,4.659999999999997
2010-04-28,002383,64.97,64.94,68.3,64.93,44092,291225715.52,4.67,-9.98,-7.2,18.37,3.3699999999999903
2010-04-29,002383,65.2,61.22,67.49,61.0,36371,233532726.89,9.99,-5.73,-3.72,15.15,6.489999999999995
2010-04-30,002383,61.18,64.24,64.7,58.9,37490,231000418.5,9.47,4.93,3.02,15.62,5.800000000000004
2010-05-04,002383,62.0,62.42,63.9,61.61,19778,124329796.71,3.56,-2.83,-1.82,8.24,2.289999999999999
2010-05-05,002383,61.22,64.29,64.48,61.0,22740,143755049.87,5.58,3.0,1.87,9.48,3.480000000000004
2010-05-06,002383,64.0,58.94,64.0,58.91,25507,157219266.12,7.92,-8.32,-5.35,10.63,5.090000000000003
2010-05-07,002383,56.78,56.53,58.56,56.0,20567,117567202.23,4.34,-4.09,-2.41,8.57,2.5600000000000023
2010-05-10,002383,56.78,57.9,58.49,53.68,19599,111391384.96,8.51,2.42,1.37,8.17,4.810000000000002
2010-05-11,002383,58.88,54.88,59.2,54.26,20968,118632969.1,8.53,-5.22,-3.02,8.74,4.940000000000005
2010-05-13,002383,54.25,55.49,55.5,51.01,26914,143383053.62,8.18,1.11,0.61,11.21,4.490000000000002
2010-05-14,002383,54.2,54.96,55.65,53.1,21317,116027845.65,4.6,-0.96,-0.53,8.88,2.549999999999997
2010-05-17,002383,53.78,53.06,56.0,53.03,25190,137564429.29,5.4,-3.46,-1.9,10.5,2.969999999999999
2010-05-18,002383,52.9,57.2,57.2,51.8,39754,220575746.67,10.18,7.8,4.14,16.56,5.400000000000006
2010-05-19,002383,56.15,58.05,59.0,55.5,40452,231949714.31,6.12,1.49,0.85,16.85,3.5
2010-05-20,002383,56.8,55.01,58.2,55.01,26973,152701539.8,5.5,-5.24,-3.04,11.24,3.190000000000005
2010-05-21,002383,52.81,57.83,57.85,52.4,29254,162883916.77,9.91,5.13,2.82,12.19,5.450000000000003
2010-05-24,002383,57.9,59.93,61.35,57.9,38097,227296651.64,5.97,3.63,2.1,15.87,3.450000000000003
2010-05-25,002383,58.85,58.28,59.58,57.5,24649,144591221.39,3.47,-2.75,-1.65,10.27,2.0799999999999983
2010-05-26,002383,58.0,58.78,59.95,57.88,19980,117867892.67,3.55,0.86,0.5,8.32,2.0700000000000003
2010-05-27,002383,58.38,60.1,60.49,57.31,25650,151517799.85,5.41,2.25,1.32,10.69,3.1799999999999997
2010-05-28,002383,60.85,59.01,61.25,58.81,22310,133175356.19,4.06,-1.81,-1.09,9.3,2.4399999999999977
2010-05-31,002383,58.68,54.71,58.99,54.31,24567,140529118.89,7.93,-7.29,-4.3,10.24,4.68
2010-06-01,002383,53.98,53.5,55.67,52.68,16974,91525824.78,5.47,-2.21,-1.21,7.07,2.990000000000002
2010-06-02,002383,53.5,54.99,55.09,52.83,12825,69095247.24,4.22,2.79,1.49,5.34,2.260000000000005
2010-06-03,002383,55.28,55.4,57.31,54.5,22959,127820088.61,5.11,0.75,0.41,9.57,2.8100000000000023
2010-06-04,002383,54.83,55.0,55.25,53.69,13911,75755598.03,2.82,-0.72,-0.4,5.8,1.5600000000000023
2010-06-07,002383,53.5,56.32,56.84,53.16,23531,130527599.96,6.69,2.4,1.32,9.8,3.680000000000007
2010-06-08,002383,56.09,57.52,58.69,56.05,31199,179721341.46,4.69,2.13,1.2,13.0,2.6400000000000006
2010-06-09,002383,57.82,58.32,58.94,57.5,24621,143278619.57,2.5,1.39,0.8,10.26,1.4399999999999977
2010-06-10,002383,57.91,59.35,59.95,57.91,26774,158900995.71,3.5,1.77,1.03,11.16,2.0400000000000063
2010-06-11,002383,59.49,61.51,61.85,58.58,38609,232078165.02,5.51,3.64,2.16,16.09,3.270000000000003
2010-06-17,002383,62.6,61.0,65.48,61.0,45594,289363023.0,7.28,-0.83,-0.51,19.0,4.480000000000004
2010-06-18,002383,60.3,55.11,60.3,54.9,27334,156642864.72,8.85,-9.66,-5.89,11.39,5.399999999999999
2010-06-21,002383,54.6,56.78,57.3,52.81,17529,97181002.25,8.15,3.03,1.67,7.3,4.489999999999995
2010-06-22,002383,56.2,56.16,57.39,56.0,11791,66996478.08,2.45,-1.09,-0.62,4.91,1.3900000000000006
2010-06-23,002383,55.5,57.18,57.38,55.21,12428,70236960.01,3.86,1.82,1.02,5.18,2.1700000000000017
2010-06-24,002383,57.28,56.85,57.38,56.4,8517,48486537.04,1.71,-0.58,-0.33,3.55,0.980000000000004
2010-06-25,002383,56.53,55.35,56.7,54.31,12014,66593772.54,4.2,-2.64,-1.5,5.01,2.3900000000000006
2010-06-28,002383,55.36,53.95,55.99,53.88,9836,53716744.17,3.81,-2.53,-1.4,4.1,2.1099999999999994
2010-06-29,002383,53.8,49.56,54.49,49.56,18263,94415099.42,9.14,-8.14,-4.39,7.61,4.93
2010-06-30,002383,49.0,48.45,49.0,45.7,15517,73526325.76,6.66,-2.24,-1.11,6.47,3.299999999999997
2010-07-01,002383,47.8,47.0,48.5,46.92,11563,55017612.87,3.26,-2.99,-1.45,4.82,1.5799999999999983
2010-07-02,002383,45.9,44.63,45.9,42.4,47281,206849282.79,7.45,-5.04,-2.37,15.76,3.5
2010-07-05,002383,43.3,43.29,44.2,42.51,21008,90864139.24,3.79,-3.0,-1.34,7.0,1.6900000000000048
2010-07-06,002383,43.1,44.81,45.36,43.06,23413,104413059.49,5.31,3.51,1.52,7.8,2.299999999999997
2010-07-07,002383,44.46,47.33,47.68,44.31,30995,142051721.01,7.52,5.62,2.52,10.33,3.3699999999999974
2010-07-08,002383,47.46,46.33,47.6,45.53,22239,103416351.1,4.37,-2.11,-1.0,7.41,2.0700000000000003
2010-07-09,002383,46.55,47.72,48.28,45.2,24573,115508244.55,6.65,3.0,1.39,8.19,3.0799999999999983
2010-07-12,002383,47.5,47.5,48.24,47.22,23645,112847430.51,2.14,-0.46,-0.22,7.88,1.0200000000000031
2010-07-13,002383,46.98,45.75,46.98,45.4,22376,103132843.64,3.33,-3.68,-1.75,7.46,1.5799999999999983
2010-07-14,002383,45.71,45.74,46.87,45.42,17910,82670473.15,3.17,-0.02,-0.01,5.97,1.4499999999999957
2010-07-15,002383,45.53,44.51,46.66,44.0,15819,72454270.83,5.82,-2.69,-1.23,5.27,2.6599999999999966
2010-07-16,002383,44.4,46.19,46.3,44.18,18294,82821190.23,4.76,3.77,1.68,6.1,2.1199999999999974
2010-07-19,002383,45.49,46.98,47.28,45.41,20394,94938865.47,4.05,1.71,0.79,6.8,1.8700000000000045
2010-07-20,002383,46.88,48.1,48.38,46.6,23455,111611281.56,3.79,2.38,1.12,7.82,1.7800000000000011
2010-07-21,002383,47.98,47.61,49.26,47.51,25312,122333602.04,3.64,-1.02,-0.49,8.44,1.75
2010-07-22,002383,47.49,48.44,48.5,47.31,17900,85947863.33,2.5,1.74,0.83,5.97,1.1899999999999977
2010-07-23,002383,48.44,48.74,49.0,47.62,23428,113372071.9,2.85,0.62,0.3,7.81,1.3800000000000026
2010-07-26,002383,49.06,49.61,49.68,48.31,23841,116963569.0,2.81,1.78,0.87,7.95,1.3699999999999974
2010-07-27,002383,49.17,48.6,49.29,48.56,18024,88034274.44,1.47,-2.04,-1.01,6.01,0.7299999999999969
2010-07-28,002383,48.4,49.38,49.59,48.1,23259,113932726.34,3.07,1.6,0.78,7.75,1.490000000000002
2010-07-29,002383,49.14,49.0,49.99,48.57,24325,119910942.17,2.88,-0.77,-0.38,8.11,1.4200000000000017
2010-07-30,002383,48.84,49.54,49.8,48.62,23081,113639447.64,2.41,1.1,0.54,7.69,1.1799999999999997
2010-08-02,002383,49.6,50.74,50.85,49.31,24566,123374149.85,3.11,2.42,1.2,8.19,1.5399999999999991
2010-08-03,002383,50.8,49.0,50.85,49.0,25692,128002846.71,3.65,-3.43,-1.74,8.56,1.8500000000000014
2010-08-04,002383,48.95,49.69,49.77,48.35,22629,111245039.18,2.9,1.41,0.69,7.54,1.4200000000000017
2010-08-05,002383,51.0,50.7,52.5,50.36,48982,252991897.95,4.31,2.03,1.01,16.33,2.1400000000000006
2010-08-06,002383,50.0,51.12,51.36,49.55,27520,138580922.84,3.57,0.83,0.42,9.17,1.8100000000000023
2010-08-09,002383,50.53,54.65,55.99,50.53,44040,233855026.63,10.68,6.91,3.53,14.68,5.460000000000001
2010-08-10,002383,54.45,52.81,55.4,52.81,39592,214641006.16,4.74,-3.37,-1.84,13.2,2.5899999999999963
2010-08-11,002383,52.7,53.25,53.77,52.3,23277,123387961.48,2.78,0.83,0.44,7.76,1.470000000000006
2010-08-12,002383,53.0,54.08,55.29,52.49,34161,184814561.98,5.26,1.56,0.83,11.39,2.799999999999997
2010-08-13,002383,54.0,54.15,54.36,53.2,19220,103421665.59,2.14,0.13,0.07,6.41,1.1599999999999966
2010-08-16,002383,54.19,54.65,55.34,53.67,22141,120968892.61,3.08,0.92,0.5,7.38,1.6700000000000017
2010-08-17,002383,55.05,54.26,55.54,53.75,22275,121480932.25,3.28,-0.71,-0.39,7.43,1.7899999999999991
2010-08-18,002383,54.31,55.11,55.55,54.1,26630,146314799.09,2.67,1.57,0.85,8.88,1.4499999999999957
2010-08-19,002383,55.22,54.02,55.33,53.9,23125,125656871.18,2.59,-1.98,-1.09,7.71,1.4299999999999997
2010-08-20,002383,53.11,50.59,53.47,50.55,33961,175620325.73,5.41,-6.35,-3.43,11.32,2.9200000000000017
2010-08-23,002383,50.35,50.37,51.28,49.83,18299,92159133.91,2.87,-0.43,-0.22,6.1,1.4500000000000028
2010-08-24,002383,50.27,50.74,51.3,49.72,14253,72171037.35,3.14,0.73,0.37,4.75,1.5799999999999983
2010-08-25,002383,50.54,48.01,50.68,48.0,19217,94859736.13,5.28,-5.38,-2.73,6.41,2.6799999999999997
2010-08-26,002383,48.6,48.87,49.3,48.09,13498,65671988.5,2.52,1.79,0.86,4.5,1.2099999999999937
2010-08-27,002383,48.85,49.51,49.58,48.51,11350,55797473.42,2.19,1.31,0.64,3.78,1.0700000000000003
2010-08-30,002383,49.48,50.84,51.18,49.48,13537,68463861.3,3.43,2.69,1.33,4.51,1.7000000000000028
2010-08-31,002383,50.48,51.41,51.93,49.71,17792,90330874.1,4.37,1.12,0.57,5.93,2.219999999999999
2010-09-01,002383,51.21,52.6,52.7,50.7,24054,124055322.12,3.89,2.31,1.19,8.02,2.0
2010-09-02,002383,52.81,54.47,54.98,52.35,32582,174876621.93,5.0,3.56,1.87,10.86,2.6299999999999955
2010-09-03,002383,58.0,59.92,59.92,58.0,20378,121418529.65,3.52,10.01,5.45,6.79,1.9200000000000017
2010-09-06,002383,65.91,62.88,65.91,61.55,112727,719607747.65,7.28,4.94,2.96,37.58,4.359999999999999
2010-09-07,002383,61.1,59.57,61.2,58.0,48216,286287783.81,5.09,-5.26,-3.31,16.07,3.200000000000003
2010-09-08,002383,58.9,58.16,58.9,56.88,40151,231853914.14,3.39,-2.37,-1.41,13.38,2.019999999999996
2010-09-09,002383,58.38,58.6,59.97,57.62,32546,191509001.89,4.04,0.76,0.44,10.85,2.3500000000000014
2010-09-10,002383,58.0,59.31,60.3,56.81,34541,201146785.75,5.96,1.21,0.71,11.51,3.489999999999995
2010-09-13,002383,58.6,58.72,59.28,57.88,21164,123899060.37,2.36,-0.99,-0.59,7.05,1.3999999999999986
2010-09-14,002383,58.8,58.87,60.49,58.6,22778,135526440.08,3.22,0.26,0.15,7.59,1.8900000000000006
2010-09-15,002383,59.67,56.0,59.67,55.88,24702,142464365.2,6.44,-4.88,-2.87,8.23,3.789999999999999
2010-09-16,002383,55.84,54.06,56.0,53.5,20958,114327190.12,4.46,-3.46,-1.94,6.99,2.5
2010-09-17,002383,53.52,53.78,54.41,53.02,10929,58775404.15,2.57,-0.52,-0.28,3.64,1.3899999999999935
2010-09-20,002383,53.78,53.05,54.33,52.94,10399,55794200.19,2.58,-1.36,-0.73,3.47,1.3900000000000006
2010-09-21,002383,53.25,53.31,53.79,53.02,6919,36858626.97,1.45,0.49,0.26,2.31,0.769999999999996
2010-09-27,002383,53.37,54.9,55.4,53.37,11994,65418520.41,3.81,2.98,1.59,4.0,2.030000000000001
2010-09-28,002383,54.53,54.5,55.18,54.4,10340,56515251.05,1.42,-0.73,-0.4,3.45,0.7800000000000011
2010-09-29,002383,54.2,52.0,54.47,51.9,15873,83839257.98,4.72,-4.59,-2.5,5.29,2.5700000000000003
2010-09-30,002383,51.98,52.54,52.55,51.46,8530,44617629.43,2.1,1.04,0.54,2.84,1.0899999999999963
2010-10-08,002383,52.65,54.01,54.18,52.65,12594,67831322.35,2.91,2.8,1.47,4.2,1.5300000000000011
2010-10-11,002383,54.06,54.3,54.38,53.21,14672,79051968.9,2.17,0.54,0.29,4.89,1.1700000000000017
2010-10-12,002383,54.2,55.49,55.85,53.7,16870,93206013.32,3.96,2.19,1.19,5.62,2.1499999999999986
2010-10-13,002383,55.57,54.86,56.7,54.3,14225,78507358.15,4.33,-1.14,-0.63,4.74,2.4000000000000057
2010-10-14,002383,54.98,52.65,55.3,52.65,16724,89481118.31,4.83,-4.03,-2.21,5.57,2.6499999999999986
2010-10-15,002383,52.5,52.84,54.4,50.98,16864,88491938.33,6.5,0.36,0.19,5.62,3.4200000000000017
2010-10-18,002383,52.65,50.42,52.65,49.0,17757,89434315.86,6.91,-4.58,-2.42,5.92,3.6499999999999986
2010-10-19,002383,50.7,53.23,53.5,50.42,17534,92167284.25,6.11,5.57,2.81,5.84,3.0799999999999983
2010-10-20,002383,52.32,53.09,54.35,51.8,15655,83264330.03,4.79,-0.26,-0.14,5.22,2.5500000000000043
2010-10-21,002383,53.09,53.27,54.0,52.7,10910,58298346.16,2.45,0.34,0.18,3.64,1.2999999999999972
2010-10-22,002383,53.28,54.76,56.0,53.27,19551,107198545.25,5.12,2.8,1.49,6.52,2.729999999999997
2010-10-25,002383,55.0,56.71,56.88,55.0,20287,114444204.69,3.43,3.56,1.95,6.76,1.8800000000000026
2010-10-26,002383,57.49,55.16,57.49,54.98,21255,118153463.05,4.43,-2.73,-1.55,7.09,2.510000000000005
2010-10-27,002383,55.15,54.65,56.24,54.51,15026,83103552.67,3.14,-0.92,-0.51,5.01,1.730000000000004
2010-10-28,002383,54.1,53.22,54.65,53.0,17014,91175526.7,3.02,-2.62,-1.43,5.67,1.6499999999999986
2010-10-29,002383,53.5,54.05,54.65,53.48,12895,69917249.7,2.2,1.56,0.83,4.3,1.1700000000000017
2010-11-01,002383,54.06,55.62,56.0,54.0,24426,134761869.87,3.7,2.9,1.57,8.14,2.0
2010-11-02,002383,55.8,54.89,56.62,54.7,24758,138053121.06,3.45,-1.31,-0.73,8.25,1.9199999999999946
2010-11-03,002383,54.45,52.74,54.45,52.55,17481,93482753.79,3.46,-3.92,-2.15,5.83,1.9000000000000057
2010-11-04,002383,52.31,53.5,53.6,52.31,10042,53460534.79,2.45,1.44,0.76,3.35,1.2899999999999991
2010-11-05,002383,53.75,55.07,55.48,53.21,20867,113943918.26,4.24,2.93,1.57,6.96,2.269999999999996
2010-11-08,002383,55.16,55.97,56.17,55.0,23530,130850475.23,2.12,1.63,0.9,7.84,1.1700000000000017
2010-11-09,002383,56.0,55.64,56.1,55.33,16135,89786116.28,1.38,-0.59,-0.33,5.38,0.7700000000000031
2010-11-10,002383,55.67,58.8,59.59,55.67,38756,225386449.85,7.05,5.68,3.16,12.92,3.9200000000000017
2010-11-11,002383,58.01,57.02,59.28,57.0,28166,164147256.77,3.88,-3.03,-1.78,9.39,2.280000000000001
2010-11-12,002383,56.5,53.07,56.98,53.01,25415,139500088.72,6.96,-6.93,-3.95,8.47,3.969999999999999
2010-11-15,002383,53.23,55.34,55.35,53.23,15371,83723561.65,3.99,4.28,2.27,5.12,2.1200000000000045
2010-11-16,002383,55.76,56.78,57.6,54.4,34985,197796448.29,5.78,2.6,1.44,11.66,3.200000000000003
2010-11-17,002383,57.0,57.06,59.56,56.24,38759,224969684.59,5.85,0.49,0.28,12.92,3.3200000000000003
2010-11-18,002383,57.67,56.55,58.8,55.0,23114,131046636.42,6.66,-0.89,-0.51,7.7,3.799999999999997
2010-11-19,002383,57.12,62.21,62.21,57.12,62285,371202052.18,9.0,10.01,5.66,20.76,5.090000000000003
2010-11-22,002383,62.25,61.31,64.5,60.59,64817,405052729.39,6.29,-1.45,-0.9,21.61,3.9099999999999966
2010-11-23,002383,61.18,64.19,64.6,59.8,43475,268282072.03,7.83,4.7,2.88,14.49,4.799999999999997
2010-11-24,002383,63.38,63.96,64.33,62.42,32137,204421734.8,2.98,-0.36,-0.23,10.71,1.9099999999999966
2010-11-25,002383,64.0,61.18,64.29,60.7,40377,250668324.93,5.61,-4.35,-2.78,13.46,3.5900000000000034
2010-11-26,002383,60.6,61.1,62.49,60.0,19729,120813045.3,4.07,-0.13,-0.08,6.58,2.490000000000002
2010-11-29,002383,60.81,60.11,61.38,60.0,18541,112159739.21,2.26,-1.62,-0.99,6.18,1.3800000000000026
2010-11-30,002383,60.28,57.14,60.3,55.8,30386,175188104.06,7.49,-4.94,-2.97,10.13,4.5
2010-12-01,002383,57.08,57.18,57.5,56.66,11372,65016394.15,1.47,0.07,0.04,3.79,0.8400000000000034
2010-12-02,002383,57.9,58.06,59.3,57.5,18536,108713323.94,3.15,1.54,0.88,6.18,1.7999999999999972
2010-12-03,002383,58.49,57.61,58.49,56.61,12956,74411187.83,3.24,-0.78,-0.45,4.32,1.8800000000000026
2010-12-06,002383,57.8,57.3,58.0,56.0,11799,66861759.97,3.47,-0.54,-0.31,3.93,2.0
2010-12-07,002383,57.19,57.9,58.18,56.3,9511,54690345.7,3.28,1.05,0.6,3.17,1.8800000000000026
2010-12-08,002383,57.91,57.13,58.2,56.9,7961,45838950.34,2.25,-1.33,-0.77,2.65,1.3000000000000043
2010-12-09,002383,56.99,55.21,57.0,55.13,11008,61519337.21,3.27,-3.36,-1.92,3.67,1.8699999999999974
2010-12-10,002383,54.86,56.06,56.13,54.86,7344,40988555.92,2.3,1.54,0.85,2.45,1.2700000000000031
2010-12-13,002383,56.08,57.62,57.86,56.08,10764,61624122.9,3.18,2.78,1.56,3.59,1.7800000000000011
2010-12-14,002383,57.64,57.9,58.54,57.5,11102,64280506.82,1.8,0.49,0.28,3.7,1.0399999999999991
2010-12-15,002383,57.9,57.52,58.2,57.2,9354,53835687.72,1.73,-0.66,-0.38,3.12,1.0
2010-12-16,002383,57.52,58.03,58.88,57.5,8994,52373330.3,2.4,0.89,0.51,3.0,1.3800000000000026
2010-12-17,002383,58.03,59.83,60.44,57.61,19732,116526219.33,4.88,3.1,1.8,6.58,2.8299999999999983
2010-12-20,002383,59.9,58.15,60.15,56.4,16670,97215908.15,6.27,-2.81,-1.68,5.56,3.75
2010-12-21,002383,58.09,58.21,58.67,56.81,10100,58355089.62,3.2,0.1,0.06,3.37,1.8599999999999994
2010-12-22,002383,58.21,57.14,58.21,56.88,7630,43944260.7,2.28,-1.84,-1.07,2.54,1.3299999999999983
2010-12-23,002383,57.1,56.37,57.35,56.3,6365,36084065.78,1.84,-1.35,-0.77,2.12,1.0500000000000043
2010-12-24,002383,56.37,56.0,56.98,55.47,8490,47547715.16,2.68,-0.66,-0.37,2.83,1.509999999999998
2010-12-27,002383,57.13,54.1,57.2,53.95,8912,49466444.04,5.8,-3.39,-1.9,2.97,3.25
2010-12-28,002383,53.96,50.95,54.1,50.7,9276,48136616.4,6.28,-5.82,-3.15,3.09,3.3999999999999986
2010-12-29,002383,50.9,51.98,52.0,50.6,6479,33249760.25,2.75,2.02,1.03,2.16,1.3999999999999986
2010-12-30,002383,52.02,51.38,52.02,51.3,5590,28825153.18,1.39,-1.15,-0.6,1.86,0.720000000000006
2010-12-31,002383,51.76,52.45,52.52,51.42,7456,38880614.02,2.14,2.08,1.07,2.49,1.1000000000000014
2011-01-04,002383,52.58,53.27,53.7,52.3,8770,46312126.37,2.67,1.56,0.82,2.92,1.4000000000000057
2011-01-05,002383,53.2,53.18,53.2,52.48,6705,35415678.68,1.35,-0.17,-0.09,2.24,0.720000000000006
2011-01-06,002383,53.05,51.38,53.05,51.08,9611,50005490.83,3.7,-3.38,-1.8,3.2,1.9699999999999989
2011-01-07,002383,51.28,51.64,52.38,51.28,6870,35625002.5,2.14,0.51,0.26,2.29,1.1000000000000014
2011-01-10,002383,51.6,49.84,51.96,49.56,7942,40250443.02,4.65,-3.49,-1.8,2.65,2.3999999999999986
2011-01-11,002383,49.82,49.13,50.12,48.41,6555,32097005.64,3.43,-1.42,-0.71,2.19,1.7100000000000009
2011-01-12,002383,49.14,49.63,49.8,48.76,4136,20391944.67,2.12,1.02,0.5,1.38,1.0399999999999991
2011-01-13,002383,49.88,49.54,50.18,49.2,3547,17629695.54,1.97,-0.18,-0.09,1.18,0.9799999999999969
2011-01-14,002383,49.56,47.62,49.56,47.6,5897,28484612.52,3.96,-3.88,-1.92,1.97,1.9600000000000009
2011-01-17,002383,47.41,45.03,47.41,45.0,6877,31532369.96,5.06,-5.44,-2.59,2.29,2.4099999999999966
2011-01-18,002383,45.0,45.22,45.4,44.31,3159,14265262.7,2.42,0.42,0.19,1.05,1.0899999999999963
2011-01-19,002383,45.23,46.4,46.48,45.23,4750,21811057.72,2.76,2.61,1.18,1.58,1.25
2011-01-20,002383,46.26,44.65,46.59,44.63,4274,19480352.82,4.22,-3.77,-1.75,1.42,1.9600000000000009
2011-01-21,002383,44.37,45.04,45.4,44.31,3651,16420211.06,2.44,0.87,0.39,1.22,1.0899999999999963
2011-01-24,002383,45.06,44.55,45.31,44.51,2807,12571673.82,1.78,-1.09,-0.49,0.94,0.8000000000000043
2011-01-25,002383,44.55,44.69,45.0,44.05,2822,12580729.72,2.13,0.31,0.14,0.94,0.9500000000000028
2011-01-26,002383,44.71,45.6,45.97,44.71,3523,16029353.84,2.82,2.04,0.91,1.17,1.259999999999998
2011-01-27,002383,45.4,46.3,46.5,45.12,4778,22065766.51,3.03,1.54,0.7,1.59,1.3800000000000026
2011-01-28,002383,46.35,46.59,46.74,45.82,4259,19732303.43,1.99,0.63,0.29,1.42,0.9200000000000017
2011-01-31,002383,46.2,46.01,46.3,45.5,5888,27033605.7,1.72,-1.24,-0.58,1.96,0.7999999999999972
2011-02-01,002383,45.9,46.02,46.35,45.72,3719,17101522.63,1.37,0.02,0.01,1.24,0.6300000000000026
2011-02-09,002383,45.98,45.58,46.19,45.53,3314,15193811.91,1.43,-0.96,-0.44,1.1,0.6599999999999966
2011-02-10,002383,45.58,46.65,46.7,45.2,5339,24631443.93,3.29,2.35,1.07,1.78,1.5
2011-02-11,002383,46.65,46.92,47.29,46.41,4756,22329083.13,1.89,0.58,0.27,1.59,0.8800000000000026
2011-02-14,002383,47.0,47.93,48.29,47.0,7070,33597434.62,2.75,2.15,1.01,2.36,1.2899999999999991
2011-02-15,002383,47.88,47.63,48.41,47.44,8527,40826741.74,2.02,-0.63,-0.3,2.84,0.9699999999999989
2011-02-16,002383,47.85,48.3,48.38,47.41,5999,28818863.99,2.04,1.41,0.67,2.0,0.970000000000006
2011-02-17,002383,48.38,48.75,48.9,47.8,8303,40230000.59,2.28,0.93,0.45,2.77,1.1000000000000014
2011-02-18,002383,48.65,47.78,48.8,47.71,5582,26811545.06,2.24,-1.99,-0.97,1.86,1.0899999999999963
2011-02-21,002383,47.5,48.5,48.55,47.4,6101,29271426.65,2.41,1.51,0.72,2.03,1.1499999999999986
2011-02-22,002383,48.51,46.71,48.6,46.7,8192,38819833.91,3.92,-3.69,-1.79,2.73,1.8999999999999986
2011-02-23,002383,46.71,49.63,49.99,46.51,12619,60644354.53,7.45,6.25,2.92,4.21,3.480000000000004
2011-02-24,002383,48.5,49.44,50.99,48.41,14924,74408873.96,5.2,-0.38,-0.19,4.97,2.5800000000000054
2011-02-25,002383,49.3,49.02,50.18,48.72,5829,28695810.27,2.95,-0.85,-0.42,1.94,1.4600000000000009
2011-02-28,002383,49.2,49.0,49.52,48.5,5942,29071084.69,2.08,-0.04,-0.02,1.98,1.0200000000000031
2011-03-01,002383,48.89,48.3,49.11,48.19,8327,40534261.65,1.88,-1.43,-0.7,2.78,0.9200000000000017
2011-03-02,002383,48.29,47.56,48.29,47.08,8367,39742332.59,2.51,-1.53,-0.74,2.79,1.2100000000000009
2011-03-03,002383,47.56,47.57,48.18,47.2,5598,26681852.38,2.06,0.02,0.01,1.87,0.9799999999999969
2011-03-04,002383,47.1,47.5,47.76,47.1,4610,21851959.46,1.39,-0.15,-0.07,1.54,0.6599999999999966
2011-03-07,002383,47.7,48.17,48.29,47.33,7337,35098068.94,2.02,1.41,0.67,2.45,0.9600000000000009
2011-03-08,002383,48.17,48.11,48.32,47.8,5188,24931542.25,1.08,-0.12,-0.06,1.73,0.5200000000000031
2011-03-09,002383,48.25,47.61,48.42,47.4,7807,37205177.49,2.12,-1.04,-0.5,2.6,1.0200000000000031
2011-03-10,002383,47.5,48.07,48.36,47.41,8842,42462534.75,2.0,0.97,0.46,2.95,0.9500000000000028
2011-03-11,002383,47.97,47.57,47.97,47.53,6107,29164591.79,0.92,-1.04,-0.5,2.04,0.4399999999999977
2011-03-14,002383,47.43,46.73,47.45,46.22,8978,41905460.7,2.59,-1.77,-0.84,2.99,1.230000000000004
2011-03-15,002383,46.6,45.46,46.6,45.1,10490,47861199.51,3.21,-2.72,-1.27,3.5,1.5
2011-03-16,002383,45.47,45.94,46.16,45.47,5410,24839979.86,1.52,1.06,0.48,1.8,0.6899999999999977
2011-03-17,002383,45.81,45.16,45.81,45.03,5616,25462408.19,1.7,-1.7,-0.78,1.87,0.7800000000000011
2011-03-18,002383,45.3,45.61,45.77,45.16,3878,17649168.81,1.35,1.0,0.45,1.29,0.6100000000000065
2011-03-21,002383,45.6,46.28,46.98,45.6,8092,37539421.86,3.03,1.47,0.67,2.7,1.3799999999999955
2011-03-22,002383,46.42,46.65,46.98,46.29,7296,34024768.03,1.49,0.8,0.37,2.43,0.6899999999999977
2011-03-23,002383,46.5,46.49,46.6,46.0,5236,24257650.35,1.29,-0.34,-0.16,1.75,0.6000000000000014
2011-03-24,002383,46.49,46.7,47.12,46.3,5097,23858365.59,1.76,0.45,0.21,1.7,0.8200000000000003
2011-03-25,002383,46.9,46.75,46.95,46.47,4321,20185143.86,1.03,0.11,0.05,1.44,0.480000000000004
2011-03-28,002383,46.68,46.3,46.95,46.2,5772,26837771.01,1.6,-0.96,-0.45,1.92,0.75
2011-03-29,002383,46.15,44.25,46.46,44.22,8482,38317793.23,4.84,-4.43,-2.05,2.83,2.240000000000002
2011-03-30,002383,44.3,42.9,44.64,42.9,9608,42085695.54,3.93,-3.05,-1.35,3.2,1.740000000000002
2011-03-31,002383,43.1,43.1,43.4,43.0,5012,21657869.69,0.93,0.47,0.2,1.67,0.3999999999999986
2011-04-01,002383,43.16,43.63,43.7,43.0,3954,17124003.4,1.62,1.23,0.53,1.32,0.7000000000000028
2011-04-06,002383,43.32,43.0,43.5,42.8,5311,22845127.29,1.6,-1.44,-0.63,1.77,0.7000000000000028
2011-04-07,002383,43.09,44.18,44.33,42.8,8318,36304430.62,3.56,2.74,1.18,2.77,1.5300000000000011
2011-04-08,002383,44.18,46.07,46.87,43.77,18580,84931606.69,7.02,4.28,1.89,6.19,3.0999999999999943
2011-04-11,002383,47.02,46.4,47.59,46.22,17733,83096970.17,2.97,0.72,0.33,5.91,1.3700000000000045
2011-04-12,002383,45.99,45.15,46.15,44.99,8732,39697825.64,2.5,-2.69,-1.25,2.91,1.1599999999999966
2011-04-13,002383,44.91,45.11,45.18,44.31,4530,20264762.93,1.93,-0.09,-0.04,1.51,0.8699999999999974
2011-04-14,002383,45.11,44.53,45.11,44.43,3858,17233294.34,1.51,-1.29,-0.58,1.29,0.6799999999999997
2011-04-15,002383,44.47,44.87,45.08,43.7,5489,24275858.71,3.1,0.76,0.34,1.83,1.3799999999999955
2011-04-18,002383,44.87,44.12,45.0,44.05,3875,17217989.71,2.12,-1.67,-0.75,1.29,0.9500000000000028
2011-04-19,002383,44.0,43.37,44.0,43.24,4274,18594556.82,1.72,-1.7,-0.75,1.42,0.759999999999998
2011-04-20,002383,43.39,45.8,45.8,43.38,7662,34349366.55,5.58,5.6,2.43,2.55,2.4199999999999946
2011-04-21,002383,46.0,46.02,46.23,45.15,8546,39198363.48,2.36,0.48,0.22,2.85,1.0799999999999983
2011-04-22,002383,46.1,46.1,46.25,45.13,6049,27680095.65,2.43,0.17,0.08,2.02,1.1199999999999974
2011-04-25,002383,45.8,44.64,45.98,44.58,3880,17548568.28,3.04,-3.17,-1.46,1.29,1.3999999999999986
2011-04-26,002383,44.64,43.97,45.0,43.85,2642,11677217.69,2.58,-1.5,-0.67,0.88,1.1499999999999986
2011-04-27,002383,44.0,43.22,44.4,42.96,3556,15525299.78,3.27,-1.71,-0.75,1.19,1.4399999999999977
2011-04-28,002383,43.22,42.42,43.5,42.42,4043,17348276.61,2.5,-1.85,-0.8,1.35,1.0799999999999983
2011-04-29,002383,39.0,38.2,40.0,38.18,19073,73374925.87,4.29,-9.95,-4.22,6.36,1.8200000000000003
2011-05-03,002383,37.2,37.08,37.95,36.9,14271,53135501.92,2.75,-2.93,-1.12,4.76,1.0500000000000043
2011-05-04,002383,37.0,36.32,37.0,36.13,7444,27102935.9,2.35,-2.05,-0.76,2.48,0.8699999999999974
2011-05-05,002383,36.3,36.48,36.6,36.25,5544,20195952.77,0.96,0.44,0.16,1.85,0.3500000000000014
2011-05-06,002383,36.46,36.43,36.88,36.0,4505,16393369.01,2.41,-0.14,-0.05,1.5,0.8800000000000026
2011-05-09,002383,36.41,36.63,37.09,36.41,5668,20838218.98,1.87,0.55,0.2,1.89,0.6800000000000068
2011-05-10,002383,36.73,36.78,36.78,36.29,3318,12111341.0,1.34,0.41,0.15,1.11,0.490000000000002
2011-05-11,002383,36.75,36.82,36.98,36.51,3458,12710931.66,1.28,0.11,0.04,1.15,0.46999999999999886
2011-05-12,002383,36.78,35.6,36.79,35.2,5310,19257061.53,4.32,-3.31,-1.22,1.77,1.5899999999999963
2011-05-13,002383,35.5,35.41,35.7,34.82,5784,20344609.0,2.47,-0.53,-0.19,1.93,0.8800000000000026
2011-05-17,002383,35.41,35.23,35.6,34.81,4961,17427212.14,2.23,-0.51,-0.18,1.65,0.7899999999999991
2011-05-18,002383,35.1,35.4,35.55,35.02,2823,9982087.75,1.5,0.48,0.17,0.94,0.529999999999994
2011-05-19,002383,35.6,35.28,36.46,35.25,5220,18715585.62,3.42,-0.34,-0.12,1.74,1.2100000000000009
2011-05-20,002383,35.28,34.43,35.6,33.91,7396,25609329.79,4.79,-2.41,-0.85,2.47,1.6900000000000048
2011-05-23,002383,34.2,37.25,37.7,33.9,16865,60473274.09,11.04,8.19,2.82,5.62,3.8000000000000043
2011-05-24,002383,37.0,36.67,37.5,36.0,10691,39305963.46,4.03,-1.56,-0.58,3.56,1.5
2011-05-25,002383,36.21,36.58,37.39,36.21,8387,30933374.81,3.22,-0.25,-0.09,2.8,1.1799999999999997
2011-05-26,002383,36.63,35.21,36.63,35.2,9616,28375948.58,3.91,-3.75,-1.37,2.67,1.4299999999999997
2011-05-27,002383,35.2,34.54,35.2,34.13,5706,16244578.98,3.04,-1.9,-0.67,1.59,1.0700000000000003
2011-05-30,002383,34.24,34.92,35.49,34.12,7290,21045767.66,3.97,1.1,0.38,2.03,1.3700000000000045
2011-05-31,002383,34.92,35.56,35.68,34.84,4507,13138799.7,2.41,1.83,0.64,1.25,0.8399999999999963
2011-06-01,002383,35.56,36.08,36.52,35.39,7741,23103612.09,3.18,1.46,0.52,2.15,1.1300000000000026
2011-06-02,002383,35.92,36.51,36.88,35.2,7683,22835845.92,4.66,1.19,0.43,2.13,1.6799999999999997
2011-06-03,002383,36.75,37.12,37.59,36.17,8559,26079026.32,3.89,1.67,0.61,2.38,1.4200000000000017
2011-06-07,002383,37.0,37.19,37.3,36.21,6777,20497384.08,2.94,0.19,0.07,1.88,1.0899999999999963
2011-06-08,002383,37.12,37.66,38.08,36.42,7708,23779649.94,4.46,1.26,0.47,2.14,1.6599999999999966
2011-06-09,002383,37.89,36.18,37.96,36.16,8116,24735744.72,4.78,-3.93,-1.48,2.25,1.8000000000000043
2011-06-10,002383,35.9,37.23,37.77,35.78,9548,29073335.39,5.5,2.9,1.05,2.65,1.990000000000002
2011-06-13,002383,36.77,38.31,38.38,36.75,12875,40295133.38,4.38,2.9,1.08,3.58,1.6300000000000026
2011-06-14,002383,37.96,38.42,38.79,37.62,8984,28308491.88,3.05,0.29,0.11,2.5,1.1700000000000017
2011-06-15,002383,38.37,37.61,38.37,37.54,6848,21393655.64,2.16,-2.11,-0.81,1.9,0.8299999999999983
2011-06-16,002383,37.54,36.87,37.54,36.51,5586,17068402.72,2.74,-1.97,-0.74,1.55,1.0300000000000011
2011-06-17,002383,37.6,36.88,37.6,36.76,4863,14928611.17,2.28,0.03,0.01,1.35,0.8400000000000034
2011-06-20,002383,36.87,35.68,36.87,35.3,5152,15227284.77,4.26,-3.25,-1.2,1.43,1.5700000000000003
2011-06-21,002383,36.16,35.86,36.16,35.16,3780,11136094.95,2.8,0.5,0.18,1.05,1.0
2011-06-22,002383,35.9,35.73,36.04,35.2,2519,7388071.19,2.34,-0.36,-0.13,0.7,0.8399999999999963
2011-06-23,002383,35.44,36.88,37.35,35.38,6170,18593615.58,5.51,3.22,1.15,1.71,1.9699999999999989
2011-06-24,002383,37.58,37.78,38.2,37.0,11781,36434080.75,3.25,2.44,0.9,3.27,1.2000000000000028
2011-06-27,002383,37.61,38.03,38.64,37.36,8753,27382550.01,3.39,0.66,0.25,2.43,1.2800000000000011
2011-06-28,002383,38.03,37.56,38.03,37.36,5507,17080676.01,1.76,-1.24,-0.47,1.53,0.6700000000000017
2011-06-29,002383,38.44,38.64,40.6,37.72,17539,56835963.79,7.67,2.88,1.08,4.87,2.8800000000000026
2011-06-30,002383,38.92,38.42,38.92,37.84,8102,25643092.66,2.8,-0.57,-0.22,2.25,1.0799999999999983
2011-07-01,002383,38.36,38.56,39.16,37.72,7076,22407052.65,3.75,0.36,0.14,1.97,1.4399999999999977
2011-07-04,002383,38.56,39.06,39.16,38.07,10906,34968737.57,2.83,1.3,0.5,3.03,1.0899999999999963
2011-07-05,002383,40.58,39.5,40.58,39.16,9186,30020765.33,3.64,1.13,0.44,2.55,1.4200000000000017
2011-07-06,002383,39.28,39.5,40.36,38.93,7009,22717921.17,3.62,0.0,0.0,1.95,1.4299999999999997
2011-07-07,002383,40.52,40.91,41.9,40.0,25644,86691825.2,4.81,3.57,1.41,7.12,1.8999999999999986
2011-07-08,002383,41.44,41.07,41.44,40.14,10229,34231138.49,3.18,0.39,0.16,2.84,1.2999999999999972
2011-07-11,002383,40.88,40.79,41.21,40.24,7118,23977859.17,2.36,-0.68,-0.28,1.98,0.9699999999999989
2011-07-12,002383,40.24,40.07,40.53,39.78,6930,22881818.48,1.84,-1.77,-0.72,1.93,0.75
2011-07-13,002383,40.01,40.59,40.84,39.87,4674,15588318.25,2.42,1.3,0.52,1.3,0.970000000000006
2011-07-14,002383,40.38,40.58,40.76,39.76,6459,21426656.42,2.46,-0.02,-0.01,1.79,1.0
2011-07-15,002383,40.36,40.58,40.77,40.12,6392,21358969.53,1.6,0.0,0.0,1.78,0.6500000000000057
2011-07-18,002383,41.32,40.84,41.32,40.29,5839,19634318.95,2.54,0.64,0.26,1.62,1.0300000000000011
2011-07-19,002383,40.48,40.19,40.66,40.0,5058,16794430.23,1.62,-1.59,-0.65,1.4,0.6599999999999966
2011-07-20,002383,40.23,40.1,40.54,39.75,3856,12737493.65,1.97,-0.22,-0.09,1.07,0.7899999999999991
2011-07-21,002383,40.36,40.36,41.16,40.24,9076,30440164.41,2.29,0.65,0.26,2.52,0.9199999999999946
2011-07-25,002383,41.2,40.54,43.36,40.37,18085,62125020.44,7.41,0.45,0.18,5.02,2.990000000000002
2011-07-26,002383,39.62,38.92,39.9,37.62,9014,28942836.8,5.62,-4.0,-1.62,2.5,2.280000000000001
2011-07-27,002383,39.2,39.63,39.82,38.4,6974,22521406.09,3.65,1.82,0.71,1.94,1.4200000000000017
2011-07-28,002383,39.98,39.27,39.98,39.08,4024,13063747.07,2.27,-0.91,-0.36,1.12,0.8999999999999986
2011-07-29,002383,39.21,39.64,40.48,39.16,4509,14733559.78,3.36,0.94,0.37,1.25,1.3200000000000003
2011-08-01,002383,40.0,40.47,40.48,39.52,6603,21896743.66,2.42,2.09,0.83,1.83,0.9599999999999937
2011-08-02,002383,40.52,40.34,40.56,39.4,5178,17068074.15,2.87,-0.32,-0.13,1.44,1.1600000000000037
2011-08-03,002383,40.84,41.03,41.44,40.12,9520,32134112.48,3.27,1.71,0.69,2.64,1.3200000000000003
2011-08-04,002383,41.8,41.19,41.86,40.72,6329,21514188.21,2.78,0.39,0.16,1.76,1.1400000000000006
2011-08-05,002383,40.0,40.6,40.79,39.74,9202,30542010.98,2.55,-1.43,-0.59,2.56,1.0499999999999972
2011-08-08,002383,40.04,38.2,40.06,37.0,8986,28527688.87,7.54,-5.91,-2.4,2.5,3.0600000000000023
2011-08-09,002383,37.54,36.72,37.58,34.96,9024,27126646.72,6.86,-3.87,-1.48,2.51,2.6199999999999974
2011-08-10,002383,38.38,37.07,38.38,36.4,11927,36577196.93,5.39,0.95,0.35,3.31,1.980000000000004
2011-08-11,002383,36.33,36.92,37.0,35.8,6487,19529227.95,3.24,-0.4,-0.15,1.8,1.2000000000000028
2011-08-12,002383,36.86,37.66,38.08,36.86,6318,19583308.0,3.3,2.0,0.74,1.75,1.2199999999999989
2011-08-16,002383,38.46,37.84,38.8,37.84,6632,20897444.0,2.55,0.48,0.18,1.84,0.9599999999999937
2011-08-17,002383,37.86,38.14,38.32,37.48,4710,14767687.0,2.22,0.79,0.3,1.31,0.8400000000000034
2011-08-18,002383,38.14,40.0,40.54,38.14,24642,80920293.0,6.29,4.88,1.86,6.85,2.3999999999999986
2011-08-19,002383,39.29,39.74,39.74,38.56,10780,34700417.0,2.95,-0.65,-0.26,2.99,1.1799999999999997
2011-08-22,002383,39.99,39.63,40.24,39.17,6327,20638266.0,2.69,-0.28,-0.11,1.76,1.0700000000000003
2011-08-23,002383,39.62,39.7,39.95,39.14,6202,20199395.0,2.04,0.18,0.07,1.72,0.8100000000000023
2011-08-24,002383,39.72,40.84,41.08,39.72,14578,48858052.0,3.43,2.87,1.14,4.05,1.3599999999999994
2011-08-25,002383,40.65,40.95,41.01,40.0,10251,34357823.0,2.47,0.27,0.11,2.85,1.009999999999998
2011-08-26,002383,40.91,41.12,41.19,40.6,9180,31035969.0,1.44,0.42,0.17,2.55,0.5899999999999963
2011-08-29,002383,40.95,40.78,41.02,40.12,6840,22896225.0,2.19,-0.83,-0.34,1.9,0.9000000000000057
2011-08-30,002383,41.68,40.14,41.68,40.0,5231,17618910.0,4.12,-1.57,-0.64,1.45,1.6799999999999997
2011-08-31,002383,40.12,39.94,40.56,39.03,4811,15695992.0,3.81,-0.5,-0.2,1.34,1.5300000000000011
2011-09-01,002383,40.84,39.76,40.84,39.28,3742,12374536.0,3.91,-0.45,-0.18,1.04,1.5600000000000023
2011-09-02,002383,39.41,39.38,39.88,39.04,2305,7480158.0,2.11,-0.96,-0.38,0.64,0.8400000000000034
2011-09-05,002383,39.22,38.66,39.22,37.48,6020,18938414.0,4.42,-1.83,-0.72,1.67,1.740000000000002
2011-09-06,002383,38.01,38.02,38.32,37.0,4045,12581754.0,3.41,-1.66,-0.64,1.12,1.3200000000000003
2011-09-07,002383,38.37,38.43,38.56,37.48,3225,10170120.0,2.84,1.08,0.41,0.9,1.0800000000000054
2011-09-08,002383,38.8,37.9,38.8,37.89,2797,8797844.0,2.37,-1.38,-0.53,0.78,0.9099999999999966
2011-09-09,002383,38.08,37.52,38.16,37.46,2405,7465056.0,1.85,-1.0,-0.38,0.67,0.6999999999999957
2011-09-13,002383,37.24,36.96,37.84,36.54,3446,10515119.0,3.46,-1.49,-0.56,0.96,1.3000000000000043
2011-09-14,002383,37.32,36.94,37.32,36.38,2272,6885909.0,2.54,-0.05,-0.02,0.63,0.9399999999999977
2011-09-15,002383,36.94,36.81,37.23,36.62,2218,6758928.0,1.65,-0.35,-0.13,0.62,0.6099999999999994
2011-09-16,002383,37.0,36.52,37.23,36.52,2181,6625478.0,1.93,-0.79,-0.29,0.61,0.7099999999999937
2011-09-19,002383,36.39,35.32,36.39,35.22,2136,6293472.0,3.2,-3.29,-1.2,0.59,1.1700000000000017
2011-09-20,002383,35.31,35.68,35.82,35.2,2267,6635407.0,1.76,1.02,0.36,0.63,0.6199999999999974
2011-09-21,002383,35.62,36.44,36.56,35.4,3523,10495679.0,3.25,2.13,0.76,0.98,1.1600000000000037
2011-09-22,002383,36.3,35.3,36.3,35.3,2706,7969680.0,2.74,-3.13,-1.14,0.75,1.0
2011-09-23,002383,35.19,34.46,35.19,34.12,4106,11681665.0,3.03,-2.38,-0.84,1.14,1.0700000000000003
2011-09-26,002383,34.36,34.44,34.72,34.18,3069,8721201.0,1.57,-0.06,-0.02,0.85,0.5399999999999991
2011-09-27,002383,34.72,34.61,34.78,34.25,2323,6611079.0,1.54,0.49,0.17,0.65,0.5300000000000011
2011-09-28,002383,34.66,33.64,34.78,33.54,2637,7432067.0,3.58,-2.8,-0.97,0.73,1.240000000000002
2011-09-29,002383,33.52,31.95,33.76,31.85,3922,10500994.0,5.68,-5.02,-1.69,1.09,1.9099999999999966
2011-09-30,002383,32.08,31.43,32.2,30.76,3040,7855921.0,4.51,-1.63,-0.52,0.84,1.4400000000000013
2011-10-10,002383,31.36,31.54,31.72,31.36,1389,3604103.0,1.15,0.35,0.11,0.39,0.35999999999999943
2011-10-11,002383,31.98,31.67,32.44,31.48,3126,8279971.0,3.04,0.41,0.13,0.87,0.9599999999999973
2011-10-12,002383,31.72,32.62,32.64,31.24,3234,8590871.0,4.42,3.0,0.95,0.9,1.4000000000000021
2011-10-13,002383,32.63,32.84,33.14,32.34,3919,10591988.0,2.45,0.67,0.22,1.09,0.7999999999999972
2011-10-14,002383,32.87,32.9,33.2,32.68,3183,8626208.0,1.58,0.18,0.06,0.88,0.5200000000000031
2011-10-17,002383,33.16,32.73,33.4,32.56,4162,11264589.0,2.55,-0.52,-0.17,1.16,0.8399999999999963
2011-10-18,002383,32.25,31.49,32.6,31.49,3375,8897335.0,3.39,-3.79,-1.24,0.94,1.110000000000003
2011-10-19,002383,31.5,30.93,31.72,30.84,3360,8602793.0,2.79,-1.78,-0.56,0.93,0.879999999999999
2011-10-20,002383,31.08,29.54,31.08,29.22,3201,7869685.0,6.01,-4.49,-1.39,0.89,1.8599999999999994
2011-10-21,002383,29.42,29.45,29.68,29.33,1925,4665586.0,1.18,-0.3,-0.09,0.53,0.3500000000000014
2011-10-24,002383,29.44,29.97,30.03,29.37,3282,8029969.0,2.24,1.77,0.52,0.91,0.6600000000000001
2011-10-25,002383,30.7,32.26,32.62,30.7,11413,29850471.0,6.41,7.64,2.29,3.17,1.9199999999999982
2011-10-26,002383,31.59,33.23,33.23,31.36,15475,41618741.0,5.8,3.01,0.97,4.3,1.8699999999999974
2011-10-28,002383,33.4,33.21,33.56,32.49,13313,36003131.0,3.22,-0.06,-0.02,3.7,1.0700000000000003
2011-10-31,002383,33.2,33.34,33.5,32.69,7655,20928433.0,2.44,0.39,0.13,2.13,0.8100000000000023
2011-11-01,002383,32.92,32.64,33.57,32.45,8946,24282720.0,3.36,-2.1,-0.7,2.49,1.1199999999999974
2011-11-02,002383,32.2,33.64,33.84,31.89,13132,35801877.0,5.97,3.06,1.0,3.65,1.9500000000000028
2011-11-03,002383,33.88,33.98,34.84,33.88,14118,40008423.0,2.85,1.01,0.34,3.92,0.9600000000000009
2011-11-04,002383,34.02,34.07,34.24,33.77,6010,16821402.0,1.38,0.26,0.09,1.67,0.46999999999999886
2011-11-07,002383,34.07,34.4,34.79,33.78,6612,18728702.0,2.96,0.97,0.33,1.84,1.009999999999998
2011-11-08,002383,34.4,33.38,34.46,33.22,5458,15235934.0,3.6,-2.97,-1.02,1.52,1.240000000000002
2011-11-09,002383,33.4,34.85,34.92,33.4,11773,33472632.0,4.55,4.4,1.47,3.27,1.5200000000000031
2011-11-10,002383,34.36,34.36,35.42,34.24,12533,36002713.0,3.39,-1.41,-0.49,3.48,1.1799999999999997
2011-11-11,002383,34.36,34.0,34.92,33.9,6484,18400992.0,2.97,-1.05,-0.36,1.8,1.0200000000000031
2011-11-14,002383,34.25,35.87,36.24,34.25,12125,35350417.0,5.85,5.5,1.87,3.37,1.990000000000002
2011-11-15,002383,35.88,36.23,36.52,35.56,10101,30077964.0,2.68,1.0,0.36,2.81,0.9600000000000009
2011-11-16,002383,36.28,34.74,36.28,34.41,10798,31358121.0,5.16,-4.11,-1.49,3.0,1.8700000000000045
2011-11-17,002383,34.78,36.38,36.94,34.78,22231,66423652.0,6.22,4.72,1.64,6.18,2.1599999999999966
2011-11-18,002383,36.04,36.0,36.53,35.67,11818,35159113.0,2.36,-1.04,-0.38,3.28,0.8599999999999994
2011-11-21,002383,35.93,35.42,35.99,34.48,5765,16659468.0,4.19,-1.61,-0.58,1.6,1.5100000000000051
2011-11-22,002383,34.84,35.01,35.14,34.06,6344,18107964.0,3.05,-1.16,-0.41,1.76,1.0799999999999983
2011-11-23,002383,34.83,34.96,35.62,34.74,4762,13781669.0,2.51,-0.14,-0.05,1.32,0.8799999999999955
2011-11-24,002383,34.85,34.74,35.19,34.31,3148,8985667.0,2.52,-0.63,-0.22,0.87,0.8799999999999955
2011-11-25,002383,34.74,35.9,36.52,34.74,12904,38369678.0,5.12,3.34,1.16,3.58,1.7800000000000011
2011-11-28,002383,35.97,36.11,36.16,35.56,6442,19032415.0,1.67,0.58,0.21,1.79,0.5999999999999943
2011-11-29,002383,36.28,36.16,36.76,35.7,5382,16018979.0,2.94,0.14,0.05,1.49,1.0599999999999952
2011-11-30,002383,35.94,33.3,36.28,32.96,8710,24799499.0,9.18,-7.91,-2.86,2.42,3.3200000000000003
2011-12-01,002383,34.36,34.78,35.32,34.14,6947,19969877.0,3.54,4.44,1.48,1.93,1.1799999999999997
2011-12-02,002383,34.72,34.72,34.95,34.07,3578,10173379.0,2.53,-0.17,-0.06,0.99,0.8800000000000026
2011-12-05,002383,34.72,33.2,34.72,32.92,4584,12626270.0,5.18,-4.38,-1.52,1.27,1.7999999999999972
2011-12-06,002383,33.04,32.36,33.16,31.9,3476,9287599.0,3.8,-2.53,-0.84,0.97,1.259999999999998
2011-12-07,002383,32.38,32.44,32.72,31.91,1840,4897419.0,2.5,0.25,0.08,0.51,0.8099999999999987
2011-12-08,002383,32.43,32.96,33.15,31.73,2746,7370555.0,4.38,1.6,0.52,0.76,1.4199999999999982
2011-12-09,002383,32.8,32.5,32.98,32.44,1638,4397063.0,1.64,-1.4,-0.46,0.45,0.5399999999999991
2011-12-12,002383,32.42,31.88,32.75,31.84,946,2513295.0,2.8,-1.91,-0.62,0.26,0.9100000000000001
2011-12-13,002383,31.72,29.98,31.72,29.81,4454,11132639.0,5.99,-5.96,-1.9,1.24,1.9100000000000001
2011-12-14,002383,29.98,30.4,30.4,29.8,2596,6433226.0,2.0,1.4,0.42,0.72,0.5999999999999979
2011-12-15,002383,30.16,30.05,30.76,30.04,2042,5092920.0,2.37,-1.15,-0.35,0.57,0.7200000000000024
2011-12-19,002383,30.76,33.02,33.02,30.76,11921,31932412.0,7.52,9.88,2.97,3.31,2.2600000000000016
2011-12-20,002383,33.02,33.11,35.2,32.81,15873,44520527.0,7.24,0.27,0.09,4.41,2.3900000000000006
2011-12-21,002383,33.27,32.6,34.12,32.42,9695,26553018.0,5.13,-1.54,-0.51,2.69,1.6999999999999957
2011-12-22,002383,32.38,33.22,33.41,30.71,10772,28468578.0,8.28,1.9,0.62,2.99,2.6999999999999957
2011-12-23,002383,32.82,34.92,35.7,32.68,17449,49156423.0,9.09,5.12,1.7,4.85,3.020000000000003
2011-12-26,002383,34.84,34.78,35.42,34.13,9937,28370143.0,3.69,-0.4,-0.14,2.76,1.2899999999999991
2011-12-27,002383,34.48,34.3,35.92,32.99,11985,33938213.0,8.42,-1.38,-0.48,3.33,2.9299999999999997
2011-12-28,002383,34.08,34.1,35.79,33.4,14553,41461488.0,6.97,-0.58,-0.2,4.04,2.3900000000000006
2011-12-29,002383,33.4,32.45,33.76,31.77,9774,26409415.0,5.84,-4.84,-1.65,2.72,1.9899999999999984
2011-12-30,002383,32.21,32.68,33.51,31.86,8266,22272284.0,5.08,0.71,0.23,2.3,1.6499999999999986
2012-01-04,002383,32.82,33.98,34.46,32.08,17117,47421476.0,7.28,3.98,1.3,4.75,2.3800000000000026
2012-01-05,002383,33.59,31.22,33.69,30.94,12444,33184386.0,8.09,-8.12,-2.76,3.46,2.7499999999999964
2012-01-06,002383,31.0,30.74,31.22,29.22,7536,18666397.0,6.41,-1.54,-0.48,2.09,2.0
2012-01-09,002383,30.74,32.0,32.02,30.4,6321,16255129.0,5.27,4.1,1.26,1.76,1.6200000000000045
2012-01-10,002383,32.08,33.39,33.89,31.58,12214,33066303.0,7.22,4.34,1.39,3.39,2.3100000000000023
2012-01-11,002383,33.04,33.44,34.6,32.82,11402,31732812.0,5.33,0.15,0.05,3.17,1.7800000000000011
2012-01-12,002383,33.16,34.04,34.55,33.02,12782,35713691.0,4.58,1.79,0.6,3.55,1.529999999999994
2012-01-13,002383,34.05,32.25,34.23,31.78,12158,32725914.0,7.2,-5.26,-1.79,3.38,2.4499999999999957
2012-01-16,002383,32.8,30.4,32.8,30.39,6576,16892395.0,7.47,-5.74,-1.85,1.83,2.4099999999999966
2012-01-17,002383,30.26,31.86,31.9,30.05,7990,20356720.0,6.09,4.8,1.46,2.22,1.8499999999999979
2012-01-18,002383,31.96,30.03,32.18,29.43,8479,21639893.0,8.63,-5.74,-1.83,2.36,2.75
2012-01-19,002383,29.78,30.45,30.63,29.58,4578,11358126.0,3.5,1.4,0.42,1.27,1.0500000000000007
2012-01-20,002383,30.53,30.72,31.06,30.48,3038,7688819.0,1.9,0.89,0.27,0.84,0.5799999999999983
2012-01-30,002383,31.07,31.6,32.66,30.72,6783,17785796.0,6.32,2.86,0.88,1.88,1.9399999999999977
2012-01-31,002383,31.3,31.26,31.56,30.88,2515,6460096.0,2.15,-1.08,-0.34,0.7,0.6799999999999997
2012-02-01,002383,31.34,31.18,31.96,31.06,2802,7247247.0,2.88,-0.26,-0.08,0.78,0.9000000000000021
2012-02-02,002383,31.28,31.71,31.72,31.2,2851,7397481.0,1.67,1.7,0.53,0.79,0.5199999999999996
2012-02-03,002383,31.77,31.97,32.07,31.36,4567,11954017.0,2.24,0.82,0.26,1.27,0.7100000000000009
2012-02-06,002383,32.07,32.01,32.3,31.68,4144,10901935.0,1.94,0.13,0.04,1.15,0.6199999999999974
2012-02-07,002383,32.01,31.07,32.01,30.88,4695,12061226.0,3.53,-2.94,-0.94,1.3,1.129999999999999
2012-02-08,002383,31.0,31.83,31.83,30.82,4816,12440450.0,3.25,2.45,0.76,1.34,1.009999999999998
2012-02-09,002383,31.83,32.38,32.8,31.74,9650,25716526.0,3.33,1.73,0.55,2.68,1.0599999999999987
2012-02-10,002383,32.16,32.26,32.68,31.98,6651,17697141.0,2.16,-0.37,-0.12,1.85,0.6999999999999993
2012-02-13,002383,32.08,32.73,32.97,31.72,7581,20350078.0,3.87,1.46,0.47,2.11,1.25
2012-02-14,002383,32.62,32.78,32.8,32.38,4870,13067041.0,1.28,0.15,0.05,1.35,0.4199999999999946
2012-02-15,002383,32.73,33.1,33.39,32.67,6764,18428189.0,2.2,0.98,0.32,1.88,0.7199999999999989
2012-02-16,002383,32.96,32.8,33.48,32.49,8118,22087429.0,2.99,-0.91,-0.3,2.26,0.9899999999999949
2012-02-17,002383,32.9,33.41,33.52,32.56,9418,25629516.0,2.93,1.86,0.61,2.62,0.9600000000000009
2012-02-20,002383,33.78,33.15,34.25,33.11,8183,22780286.0,3.41,-0.78,-0.26,2.27,1.1400000000000006
2012-02-21,002383,33.17,33.48,33.5,32.7,7503,20489988.0,2.41,1.0,0.33,2.08,0.7999999999999972
2012-02-22,002383,33.46,34.58,34.95,33.28,17471,49079579.0,4.99,3.29,1.1,4.85,1.6700000000000017
2012-02-23,002383,34.47,34.24,34.67,33.86,14354,40490295.0,2.34,-0.98,-0.34,3.99,0.8100000000000023
2012-02-24,002383,34.43,35.09,35.26,34.19,17730,50704595.0,3.13,2.48,0.85,4.92,1.0700000000000003
2012-02-27,002383,35.56,34.7,35.61,34.66,13731,39634831.0,2.71,-1.11,-0.39,3.81,0.9500000000000028
2012-02-28,002383,34.48,34.04,34.6,33.86,9291,26105146.0,2.13,-1.9,-0.66,2.58,0.740000000000002
2012-02-29,002383,33.76,33.5,34.4,33.5,7963,22251958.0,2.64,-1.59,-0.54,2.21,0.8999999999999986
2012-03-02,002383,33.94,34.42,34.58,33.94,8809,24915428.0,1.91,2.75,0.92,2.45,0.6400000000000006
2012-03-05,002383,34.59,34.41,34.95,34.0,16738,47463433.0,2.76,-0.03,-0.01,4.65,0.9500000000000028
2012-03-06,002383,34.24,33.63,34.24,32.94,10345,28576642.0,3.78,-2.27,-0.78,2.87,1.3000000000000043
2012-03-07,002383,33.17,33.42,33.9,33.05,6080,16780307.0,2.53,-0.62,-0.21,1.69,0.8500000000000014
2012-03-08,002383,33.46,33.65,33.9,33.46,6396,17755103.0,1.32,0.69,0.23,1.78,0.4399999999999977
2012-03-09,002383,33.87,34.36,34.61,33.65,9779,27579230.0,2.85,2.11,0.71,2.72,0.9600000000000009
2012-03-12,002383,34.43,34.55,34.95,34.16,8332,23656849.0,2.3,0.55,0.19,2.31,0.7900000000000063
2012-03-13,002383,34.6,34.8,34.84,34.36,8540,24378804.0,1.39,0.72,0.25,2.37,0.480000000000004
2012-03-14,002383,34.84,33.1,35.39,32.91,16741,47466401.0,7.13,-4.89,-1.7,4.65,2.480000000000004
2012-03-15,002383,33.17,32.44,33.4,31.91,9668,25923344.0,4.5,-1.99,-0.66,2.69,1.4899999999999984
2012-03-16,002383,32.51,33.04,33.04,32.08,7132,19148502.0,2.96,1.85,0.6,1.98,0.9600000000000009
2012-03-19,002383,33.04,33.69,34.11,32.92,8204,22719102.0,3.6,1.97,0.65,2.28,1.1899999999999977
2012-03-20,002383,33.53,32.74,33.56,32.69,7132,19367481.0,2.58,-2.82,-0.95,1.98,0.8700000000000045
2012-03-21,002383,32.74,32.79,33.24,32.39,5392,14545169.0,2.6,0.15,0.05,1.5,0.8500000000000014
2012-03-22,002383,32.74,32.87,33.4,32.74,5035,13692778.0,2.01,0.24,0.08,1.4,0.6599999999999966
2012-03-23,002383,32.74,32.15,32.74,31.83,5722,15128431.0,2.77,-2.19,-0.72,1.59,0.9100000000000037
2012-03-26,002383,32.16,31.83,32.27,31.72,3401,8948371.0,1.71,-1.0,-0.32,0.94,0.5500000000000043
2012-03-27,002383,32.08,31.61,32.16,31.6,3404,8918865.0,1.76,-0.69,-0.22,0.95,0.5599999999999952
2012-03-28,002383,31.55,30.4,31.7,30.33,6013,15226583.0,4.33,-3.83,-1.21,1.67,1.370000000000001
2012-03-29,002383,30.4,30.05,30.99,29.86,4747,11843602.0,3.72,-1.15,-0.35,1.32,1.129999999999999
2012-03-30,002383,30.11,30.28,30.76,30.11,3026,7565562.0,2.16,0.77,0.23,0.84,0.6500000000000021
2012-04-05,002383,30.29,30.84,31.12,29.85,5437,13666948.0,4.19,1.85,0.56,1.51,1.2699999999999996
2012-04-06,002383,30.58,30.74,30.96,30.5,3987,10064787.0,1.49,-0.32,-0.1,1.11,0.46000000000000085
2012-04-09,002383,30.74,30.14,30.75,30.14,2590,6477050.0,1.98,-1.95,-0.6,0.72,0.6099999999999994
2012-04-10,002383,30.14,30.47,30.51,29.81,2993,7426398.0,2.32,1.09,0.33,0.83,0.7000000000000028
2012-04-11,002383,30.35,30.47,30.64,30.15,2468,6178092.0,1.61,0.0,0.0,0.69,0.490000000000002
2012-04-12,002383,30.38,31.06,31.13,30.38,4572,11621730.0,2.46,1.94,0.59,1.27,0.75
2012-04-13,002383,31.08,31.19,31.26,30.82,3831,9781914.0,1.42,0.42,0.13,1.06,0.4400000000000013
2012-04-16,002383,31.08,31.05,31.12,30.72,3466,8809445.0,1.28,-0.45,-0.14,0.96,0.40000000000000213
2012-04-17,002383,30.81,30.68,31.0,30.64,2768,7010032.0,1.16,-1.19,-0.37,0.77,0.35999999999999943
2012-04-18,002383,30.66,31.67,32.32,30.66,7289,18883980.0,5.41,3.23,0.99,2.02,1.6600000000000001
2012-04-19,002383,31.67,31.47,31.71,31.12,3940,10176119.0,1.86,-0.63,-0.2,1.09,0.5899999999999999
2012-04-20,002383,31.47,31.56,31.7,31.24,3062,7936096.0,1.46,0.29,0.09,0.85,0.46000000000000085
2012-04-23,002383,31.72,31.14,31.84,31.13,4770,12347464.0,2.25,-1.33,-0.42,1.32,0.7100000000000009
2012-04-24,002383,30.76,29.92,30.76,29.28,9083,22317264.0,4.75,-3.92,-1.22,2.52,1.4800000000000004
2012-04-25,002383,29.86,30.06,30.27,29.56,3565,8770573.0,2.37,0.47,0.14,0.99,0.7100000000000009
2012-04-26,002383,30.16,30.11,30.36,29.7,4487,11103176.0,2.2,0.17,0.05,1.25,0.6600000000000001
2012-04-27,002383,30.17,29.8,30.17,29.66,2662,6528300.0,1.69,-1.03,-0.31,0.74,0.5100000000000016
2012-05-02,002383,30.1,30.29,30.88,29.92,3853,9583915.0,3.22,1.64,0.49,1.07,0.9599999999999973
2012-05-03,002383,30.22,30.32,30.51,30.12,2923,7281450.0,1.29,0.1,0.03,0.81,0.39000000000000057
2012-05-04,002383,30.3,30.46,30.62,30.12,4757,11890080.0,1.65,0.46,0.14,1.32,0.5
2012-05-07,002383,30.28,30.64,30.64,30.17,4115,10302960.0,1.54,0.59,0.18,1.14,0.46999999999999886
2012-05-08,002383,30.66,31.02,31.46,30.66,6974,17776664.0,2.61,1.24,0.38,1.94,0.8000000000000007
2012-05-09,002383,31.04,30.26,31.12,30.22,3875,9723761.0,2.9,-2.45,-0.76,1.08,0.9000000000000021
2012-05-10,002383,30.36,30.48,30.87,30.27,2837,7126965.0,1.98,0.73,0.22,0.79,0.6000000000000014
2012-05-11,002383,30.5,30.02,30.5,30.02,2447,6070324.0,1.57,-1.51,-0.46,0.68,0.4800000000000004
2012-05-15,002383,29.8,29.7,29.9,29.46,3155,7688376.0,1.47,-1.07,-0.32,0.88,0.4399999999999977
2012-05-16,002383,29.73,29.87,30.17,29.73,4050,9976521.0,1.48,0.57,0.17,1.12,0.4400000000000013
2012-05-17,002383,29.81,30.06,30.15,29.69,2500,6154758.0,1.54,0.64,0.19,0.69,0.4599999999999973
2012-05-18,002383,29.81,29.81,30.04,29.68,2257,5521840.0,1.2,-0.83,-0.25,0.63,0.35999999999999943
2012-05-21,002383,29.84,29.78,30.14,29.66,2133,5232977.0,1.61,-0.1,-0.03,0.59,0.4800000000000004
2012-05-22,002383,30.03,30.04,30.16,29.8,2606,6418489.0,1.21,0.87,0.26,0.72,0.35999999999999943
2012-05-23,002383,30.04,29.78,30.15,29.67,1941,4759266.0,1.6,-0.87,-0.26,0.54,0.4799999999999969
2012-05-24,002383,29.9,29.44,29.9,29.38,2580,6274864.0,1.75,-1.14,-0.34,0.72,0.5199999999999996
2012-05-25,002383,29.52,29.43,29.67,29.3,2136,5172798.0,1.26,-0.03,-0.01,0.59,0.370000000000001
2012-05-28,002383,29.31,28.22,29.31,27.22,6813,11935114.0,7.1,-4.11,-1.21,1.46,2.09
2012-05-29,002383,28.1,28.36,28.39,27.99,6219,10990996.0,1.42,0.5,0.14,1.33,0.40000000000000213
2012-05-30,002383,28.25,28.36,28.41,28.1,4834,8551980.0,1.09,0.0,0.0,1.03,0.3099999999999987
2012-05-31,002383,28.35,28.11,28.35,27.75,6852,12008149.0,2.12,-0.88,-0.25,1.46,0.6000000000000014
2012-06-01,002383,28.11,27.83,28.24,27.8,4449,7804831.0,1.57,-1.0,-0.28,0.95,0.4399999999999977
2012-06-04,002383,27.24,26.75,27.47,26.75,5508,9362450.0,2.59,-3.88,-1.08,1.18,0.7199999999999989
2012-06-05,002383,26.75,26.86,27.14,26.75,3221,5429527.0,1.46,0.41,0.11,0.69,0.39000000000000057
2012-06-06,002383,26.88,27.02,27.64,26.88,3846,6579594.0,2.83,0.6,0.16,0.82,0.7600000000000016
2012-06-07,002383,27.19,26.88,27.5,26.85,3084,5256613.0,2.41,-0.52,-0.14,0.66,0.6499999999999986
2012-06-08,002383,27.13,27.14,27.39,26.88,2606,4425503.0,1.9,0.97,0.26,0.56,0.5100000000000016
2012-06-11,002383,27.21,27.63,27.71,27.05,3598,6189587.0,2.43,1.81,0.49,0.77,0.6600000000000001
2012-06-12,002383,27.61,27.33,27.63,27.16,2665,4552234.0,1.7,-1.09,-0.3,0.57,0.46999999999999886
2012-06-13,002383,27.24,27.39,27.52,27.24,2410,4132244.0,1.02,0.22,0.06,0.52,0.28000000000000114
2012-06-14,002383,27.21,27.27,27.6,27.21,3085,5289480.0,1.42,-0.44,-0.12,0.66,0.39000000000000057
2012-06-15,002383,27.14,27.39,27.55,27.14,3111,5329767.0,1.5,0.44,0.12,0.66,0.41000000000000014
2012-06-18,002383,27.63,27.39,27.63,27.32,2629,4517435.0,1.13,0.0,0.0,0.56,0.3099999999999987
2012-06-19,002383,27.47,27.35,27.47,27.19,4966,8482869.0,1.02,-0.15,-0.04,1.06,0.2799999999999976
2012-06-20,002383,27.3,27.74,28.1,27.3,5498,9539738.0,2.93,1.43,0.39,1.17,0.8000000000000007
2012-06-21,002383,27.71,27.16,27.83,27.02,3399,5807198.0,2.92,-2.09,-0.58,0.73,0.8099999999999987
2012-06-25,002383,27.02,26.57,27.16,26.22,3182,5294381.0,3.46,-2.17,-0.59,0.68,0.9400000000000013
2012-06-26,002383,26.24,26.97,26.97,25.82,2979,4895402.0,4.33,1.51,0.4,0.64,1.1499999999999986
2012-06-27,002383,27.04,26.72,27.04,26.55,2086,3505201.0,1.82,-0.93,-0.25,0.45,0.48999999999999844
2012-06-28,002383,26.71,26.93,27.14,26.38,3169,5322827.0,2.84,0.79,0.21,0.68,0.7600000000000016
2012-06-29,002383,26.55,27.24,27.53,26.26,6220,10465515.0,4.72,1.15,0.31,1.33,1.2699999999999996
2012-07-02,002383,27.19,27.39,27.57,27.02,8567,14652694.0,2.02,0.55,0.15,1.83,0.5500000000000007
2012-07-03,002383,27.39,28.22,28.64,27.18,16872,29580544.0,5.33,3.03,0.83,3.61,1.4600000000000009
2012-07-04,002383,28.14,27.86,28.14,27.55,9116,15855160.0,2.09,-1.28,-0.36,1.95,0.5899999999999999
2012-07-05,002383,27.72,26.3,27.72,26.3,8450,14138324.0,5.1,-5.6,-1.56,1.81,1.4199999999999982
2012-07-06,002383,26.66,26.21,26.66,25.52,6654,10776236.0,4.33,-0.34,-0.09,1.42,1.1400000000000006
2012-07-09,002383,26.21,25.6,26.36,25.6,4406,7176972.0,2.9,-2.33,-0.61,0.94,0.759999999999998
2012-07-10,002383,24.98,24.84,25.29,24.59,5471,8506161.0,2.73,-2.97,-0.76,1.17,0.6999999999999993
2012-07-11,002383,24.91,24.9,25.05,24.51,2848,4402155.0,2.17,0.24,0.06,0.61,0.5399999999999991
2012-07-12,002383,24.66,24.98,25.19,24.52,3039,4722288.0,2.69,0.32,0.08,0.65,0.6700000000000017
2012-07-13,002383,24.98,24.7,25.13,24.63,2358,3654750.0,2.0,-1.12,-0.28,0.5,0.5
2012-07-16,002383,24.7,23.38,24.91,23.15,4286,6338597.0,7.13,-5.34,-1.32,0.92,1.7600000000000016
2012-07-17,002383,23.38,23.23,23.48,23.04,2161,3128798.0,1.88,-0.64,-0.15,0.46,0.4400000000000013
2012-07-18,002383,23.32,23.38,23.38,22.95,2456,3544014.0,1.85,0.65,0.15,0.52,0.4299999999999997
2012-07-19,002383,23.38,23.84,23.88,23.23,3546,5233722.0,2.78,1.97,0.46,0.76,0.6499999999999986
2012-07-20,002383,23.73,23.68,23.92,23.65,2072,3067291.0,1.13,-0.67,-0.16,0.44,0.2700000000000031
2012-07-23,002383,23.68,23.71,23.85,23.65,2224,3295239.0,0.84,0.13,0.03,0.48,0.20000000000000284
2012-07-24,002383,23.65,24.27,24.82,23.45,4196,6357588.0,5.78,2.36,0.56,0.9,1.370000000000001
2012-07-25,002383,24.2,24.09,24.45,23.88,1953,2944039.0,2.35,-0.74,-0.18,0.42,0.5700000000000003
2012-07-26,002383,23.96,24.27,24.82,23.77,4622,6998416.0,4.36,0.75,0.18,0.99,1.0500000000000007
2012-07-27,002383,24.27,23.95,24.31,23.88,2630,3951223.0,1.77,-1.32,-0.32,0.56,0.4299999999999997
2012-07-30,002383,23.93,22.96,24.04,22.96,1965,2852333.0,4.51,-4.13,-0.99,0.42,1.0799999999999983
2012-07-31,002383,22.95,22.09,22.95,21.98,2430,3381574.0,4.22,-3.79,-0.87,0.52,0.9699999999999989
2012-08-01,002383,22.09,22.36,22.56,22.03,1565,2183156.0,2.4,1.22,0.27,0.33,0.5299999999999976
2012-08-02,002383,22.46,22.14,22.46,22.09,1140,1579390.0,1.65,-0.98,-0.22,0.24,0.370000000000001
2012-08-03,002383,22.03,22.51,22.51,22.03,1601,2228226.0,2.17,1.67,0.37,0.34,0.4800000000000004
2012-08-06,002383,22.51,22.92,22.99,22.32,2490,3527731.0,2.98,1.82,0.41,0.53,0.6699999999999982
2012-08-07,002383,22.96,23.28,23.38,22.81,3396,4886302.0,2.49,1.57,0.36,0.73,0.5700000000000003
2012-08-08,002383,23.42,24.43,25.54,23.42,16165,25114630.0,9.11,4.94,1.15,3.45,2.1199999999999974
2012-08-09,002383,23.88,24.27,24.35,23.76,6544,9840796.0,2.42,-0.65,-0.16,1.4,0.5899999999999999
2012-08-10,002383,24.04,24.37,24.45,23.92,4393,6647850.0,2.18,0.41,0.1,0.94,0.5299999999999976
2012-08-13,002383,24.06,23.76,24.34,23.73,2727,4090559.0,2.5,-2.5,-0.61,0.58,0.6099999999999994
2012-08-14,002383,23.73,24.2,24.2,23.53,3777,5621063.0,2.82,1.85,0.44,0.81,0.6699999999999982
2012-08-15,002383,24.27,23.76,24.27,23.7,2734,4063068.0,2.36,-1.82,-0.44,0.58,0.5700000000000003
2012-08-16,002383,23.73,23.59,24.01,23.57,2191,3251452.0,1.85,-0.72,-0.17,0.47,0.4400000000000013
2012-08-17,002383,23.63,22.96,23.68,22.92,2931,4240657.0,3.22,-2.67,-0.63,0.63,0.759999999999998
2012-08-20,002383,22.96,23.04,23.1,22.36,2016,2849931.0,3.22,0.35,0.08,0.43,0.740000000000002
2012-08-21,002383,23.1,23.49,23.77,22.9,4200,6136845.0,3.78,1.95,0.45,0.9,0.870000000000001
2012-08-22,002383,23.49,23.42,23.71,23.26,1679,2454466.0,1.92,-0.3,-0.07,0.36,0.4499999999999993
2012-08-23,002383,23.31,23.68,23.79,23.1,3080,4515833.0,2.95,1.11,0.26,0.66,0.6899999999999977
2012-08-24,002383,23.68,23.06,23.81,22.98,2580,3770766.0,3.51,-2.62,-0.62,0.55,0.8299999999999983
2012-08-27,002383,22.79,22.32,23.06,22.18,2165,3027114.0,3.82,-3.21,-0.74,0.46,0.879999999999999
2012-08-28,002383,22.18,22.51,22.62,22.18,1462,2044520.0,1.97,0.85,0.19,0.31,0.4400000000000013
2012-08-29,002383,22.32,22.5,22.79,22.17,2477,3476665.0,2.75,-0.04,-0.01,0.53,0.6199999999999974
2012-08-30,002383,22.43,22.46,22.7,21.72,3526,4890905.0,4.36,-0.18,-0.04,0.75,0.9800000000000004
2012-08-31,002383,22.29,22.48,22.54,22.11,1645,2290537.0,1.91,0.09,0.02,0.35,0.4299999999999997
2012-09-03,002383,22.37,22.79,22.87,22.29,2206,3113293.0,2.58,1.38,0.31,0.47,0.5800000000000018
2012-09-04,002383,22.82,22.84,23.71,22.51,5379,7748664.0,5.27,0.22,0.05,1.15,1.1999999999999993
2012-09-05,002383,22.48,23.03,23.03,22.25,3864,5477310.0,3.42,0.83,0.19,0.83,0.7800000000000011
2012-09-06,002383,23.03,23.43,23.56,23.01,3827,5548444.0,2.39,1.74,0.4,0.82,0.5499999999999972
2012-09-07,002383,23.57,24.26,24.68,23.26,11751,17622860.0,6.06,3.54,0.83,2.51,1.4199999999999982
2012-09-10,002383,24.06,24.49,24.79,24.04,9254,14106044.0,3.09,0.95,0.23,1.98,0.75
2012-09-11,002383,24.59,25.18,25.76,24.43,22593,35638336.0,5.43,2.82,0.69,4.83,1.3300000000000018
2012-09-12,002383,24.98,24.87,25.23,24.48,10388,16095707.0,2.98,-1.23,-0.31,2.22,0.75
2012-09-13,002383,24.87,25.68,26.18,24.34,23337,37269687.0,7.4,3.26,0.81,4.99,1.8399999999999999
2012-09-14,002383,25.43,25.13,25.9,25.01,10842,17180081.0,3.47,-2.14,-0.55,2.32,0.889999999999997
2012-09-17,002383,25.1,23.98,25.1,23.85,7427,11291530.0,4.97,-4.58,-1.15,1.59,1.25
2012-09-18,002383,23.93,24.41,24.51,23.59,4703,7082336.0,3.84,1.79,0.43,1.0,0.9200000000000017
2012-09-19,002383,25.29,26.79,26.79,25.29,21200,35233748.0,6.15,9.75,2.38,4.53,1.5
2012-09-20,002383,28.7,26.22,29.33,26.22,57544,100730350.0,11.61,-2.13,-0.57,12.3,3.1099999999999994
2012-09-21,002383,24.98,24.62,25.09,24.09,33076,50783630.0,3.81,-6.1,-1.6,7.07,1.0
2012-09-24,002383,24.32,23.85,24.32,23.31,15681,23273088.0,4.1,-3.13,-0.77,3.35,1.0100000000000016
2012-09-25,002383,23.57,23.34,24.12,23.26,12483,18361675.0,3.61,-2.14,-0.51,2.67,0.8599999999999994
2012-09-26,002383,23.14,23.28,24.51,22.92,14187,21053766.0,6.81,-0.26,-0.06,3.03,1.5899999999999999
2012-09-27,002383,23.23,23.45,23.84,22.64,11739,16988610.0,5.15,0.73,0.17,2.51,1.1999999999999993
2012-09-28,002383,23.34,23.6,23.7,23.17,6986,10223441.0,2.26,0.64,0.15,1.49,0.5299999999999976
2012-10-08,002383,23.62,23.49,23.76,23.28,5437,7972170.0,2.03,-0.47,-0.11,1.16,0.4800000000000004
2012-10-09,002383,23.34,24.16,24.26,23.34,9437,14071130.0,3.92,2.85,0.67,2.02,0.9200000000000017
2012-10-10,002383,24.2,24.55,24.65,23.85,9446,14273275.0,3.31,1.61,0.39,2.02,0.7999999999999972
2012-10-11,002383,24.4,23.74,24.4,23.74,7020,10530615.0,2.69,-3.3,-0.81,1.5,0.6600000000000001
2012-10-12,002383,23.95,23.51,24.04,23.31,5319,7826706.0,3.07,-0.97,-0.23,1.14,0.7300000000000004
2012-10-15,002383,23.59,23.15,23.85,23.06,3556,5168624.0,3.36,-1.53,-0.36,0.76,0.7900000000000027
2012-10-16,002383,23.18,23.45,23.76,23.15,4667,6841943.0,2.63,1.3,0.3,1.0,0.610000000000003
2012-10-17,002383,23.53,23.48,23.56,23.23,3420,4992660.0,1.41,0.13,0.03,0.73,0.3299999999999983
2012-10-18,002383,23.57,23.81,23.85,23.48,4285,6346720.0,1.58,1.41,0.33,0.92,0.370000000000001
2012-10-19,002383,23.81,23.84,23.96,23.62,3937,5841706.0,1.43,0.13,0.03,0.84,0.33999999999999986
2012-10-22,002383,23.7,23.76,23.85,23.59,3007,4450783.0,1.09,-0.34,-0.08,0.64,0.26000000000000156
2012-10-23,002383,23.82,23.26,23.87,23.23,3887,5716075.0,2.69,-2.1,-0.5,0.83,0.6400000000000006
2012-10-24,002383,22.98,23.18,23.56,22.98,3850,5568173.0,2.49,-0.34,-0.08,0.82,0.5799999999999983
2012-10-25,002383,23.03,24.12,24.41,23.03,13384,20001347.0,5.95,4.06,0.94,2.86,1.379999999999999
2012-10-26,002383,24.04,22.6,24.04,22.51,10948,15817650.0,6.34,-6.3,-1.52,2.34,1.5299999999999976
2012-10-29,002383,22.5,22.17,22.73,22.17,3585,4997884.0,2.48,-1.9,-0.43,0.77,0.5599999999999987
2012-10-30,002383,22.14,22.31,22.6,22.01,2525,3528984.0,2.66,0.63,0.14,0.54,0.5899999999999999
2012-10-31,002383,22.21,22.64,22.64,22.21,1757,2456349.0,1.93,1.48,0.33,0.38,0.4299999999999997
2012-11-01,002383,22.62,22.79,23.18,22.45,3949,5623396.0,3.22,0.66,0.15,0.84,0.7300000000000004
2012-11-02,002383,22.79,22.71,23.03,22.53,1616,2287590.0,2.19,-0.35,-0.08,0.35,0.5
2012-11-05,002383,24.04,24.93,24.93,24.04,8931,13852105.0,3.92,9.78,2.22,1.91,0.8900000000000006
2012-11-06,002383,25.51,26.08,27.36,25.29,58616,96786134.0,8.3,4.61,1.15,12.52,2.0700000000000003
2012-11-07,002383,25.35,24.77,25.43,24.55,30566,47788081.0,3.37,-5.02,-1.31,6.53,0.879999999999999
2012-11-08,002383,24.59,24.45,25.05,23.77,21940,33406103.0,5.17,-1.29,-0.32,4.69,1.2800000000000011
2012-11-09,002383,24.34,25.74,26.3,24.13,33153,52630757.0,8.88,5.28,1.29,7.08,2.1700000000000017
2012-11-12,002383,25.6,25.29,26.22,24.82,25415,40505453.0,5.44,-1.75,-0.45,5.43,1.3999999999999986
2012-11-13,002383,25.15,24.66,25.69,24.37,14807,23101238.0,5.22,-2.49,-0.63,3.16,1.3200000000000003
2012-11-14,002383,24.73,24.38,25.19,23.92,12401,18871659.0,5.15,-1.14,-0.28,2.65,1.2699999999999996
2012-11-15,002383,24.04,23.23,24.32,23.15,10831,16021409.0,4.8,-4.72,-1.15,2.31,1.1700000000000017
2012-11-16,002383,23.04,22.78,23.04,22.64,7144,10153671.0,1.72,-1.94,-0.45,1.53,0.3999999999999986
2012-11-19,002383,22.6,23.7,24.66,22.5,10660,15507834.0,9.48,4.04,0.92,2.28,2.16
2012-11-20,002383,23.7,23.42,24.01,23.24,6894,10072177.0,3.25,-1.18,-0.28,1.47,0.7700000000000031
2012-11-21,002383,23.42,23.26,23.74,22.64,9334,13420462.0,4.7,-0.68,-0.16,1.99,1.0999999999999979
2012-11-22,002383,23.26,23.03,23.48,22.82,4763,6872493.0,2.84,-0.99,-0.23,1.02,0.6600000000000001
2012-11-23,002383,23.03,23.14,23.31,23.01,5282,7619735.0,1.3,0.48,0.11,1.13,0.29999999999999716
2012-11-26,002383,23.01,23.23,23.73,23.01,6905,10094024.0,3.11,0.39,0.09,1.48,0.7199999999999989
2012-11-27,002383,23.12,21.56,23.23,21.54,10321,14250205.0,7.28,-7.19,-1.67,2.21,1.6900000000000013
2012-11-28,002383,21.54,20.55,21.54,20.47,6454,8332280.0,4.96,-4.68,-1.01,1.38,1.0700000000000003
2012-11-29,002383,20.61,20.34,20.92,20.3,3669,4699774.0,3.02,-1.02,-0.21,0.78,0.620000000000001
2012-11-30,002383,20.58,20.61,20.76,20.23,4764,6088506.0,2.61,1.33,0.27,1.02,0.5300000000000011
2012-12-03,002383,20.76,19.52,20.81,19.52,4855,6072403.0,6.26,-5.29,-1.09,1.04,1.2899999999999991
2012-12-04,002383,19.52,19.98,20.02,19.22,4866,5926283.0,4.1,2.36,0.46,1.04,0.8000000000000007
2012-12-05,002383,19.83,20.76,20.87,19.7,6271,7996213.0,5.86,3.9,0.78,1.34,1.1700000000000017
2012-12-06,002383,20.65,20.61,21.0,20.45,4167,5358018.0,2.65,-0.72,-0.15,0.89,0.5500000000000007
2012-12-07,002383,20.69,21.15,21.23,20.45,8409,10886527.0,3.78,2.62,0.54,1.8,0.7800000000000011
2012-12-10,002383,21.22,21.36,21.56,20.92,9160,12080161.0,3.03,0.99,0.21,1.96,0.639999999999997
2012-12-11,002383,21.25,21.9,22.48,21.04,12487,16928742.0,6.74,2.53,0.54,2.67,1.4400000000000013
2012-12-12,002383,21.7,21.42,21.93,21.2,6406,8563330.0,3.33,-2.19,-0.48,1.37,0.7300000000000004
2012-12-13,002383,21.2,20.97,21.51,20.94,4118,5420420.0,2.66,-2.1,-0.45,0.88,0.5700000000000003
2012-12-14,002383,20.97,21.58,21.78,20.97,9699,12998868.0,3.86,2.91,0.61,2.07,0.8100000000000023
2012-12-17,002383,21.54,21.87,22.15,21.53,7818,10624300.0,2.87,1.34,0.29,1.67,0.6199999999999974
2012-12-18,002383,21.56,21.53,21.93,21.47,8234,11111433.0,2.1,-1.55,-0.34,1.76,0.46000000000000085
2012-12-19,002383,21.54,21.61,21.82,21.4,5804,7804474.0,1.95,0.37,0.08,1.24,0.4200000000000017
2012-12-20,002383,21.47,21.5,21.65,21.25,4345,5795958.0,1.85,-0.51,-0.11,0.93,0.3999999999999986
2012-12-21,002383,21.62,21.76,22.12,21.62,7911,10733025.0,2.33,1.21,0.26,1.69,0.5
2012-12-24,002383,21.87,22.25,22.46,21.67,8094,11124687.0,3.63,2.25,0.49,1.73,0.7899999999999991
2012-12-25,002383,22.09,22.56,22.7,21.92,11052,15387018.0,3.51,1.39,0.31,2.36,0.7799999999999976
2012-12-26,002383,22.56,23.98,24.02,22.56,17636,25548447.0,6.47,6.29,1.42,3.77,1.4600000000000009
2012-12-27,002383,24.98,23.51,25.88,23.49,40230,61980336.0,9.97,-1.96,-0.47,8.6,2.3900000000000006
2012-12-28,002383,23.49,25.8,25.8,23.49,46198,73386781.0,9.83,9.74,2.29,9.87,2.3100000000000023
2012-12-31,002383,26.65,28.03,28.31,26.61,75353,130259760.0,6.59,8.64,2.23,16.1,1.6999999999999993
2013-01-04,002383,27.46,26.38,27.6,26.27,65331,109760629.0,4.74,-5.89,-1.65,13.96,1.3300000000000018
2013-01-07,002383,26.11,28.11,28.69,25.6,62790,107624971.0,11.71,6.56,1.73,13.42,3.09
2013-01-08,002383,27.75,29.92,30.69,27.44,70284,130903026.0,11.56,6.44,1.81,15.02,3.25
2013-01-09,002383,30.12,29.0,31.79,28.49,71678,134467786.0,11.03,-3.07,-0.92,15.32,3.3000000000000007
2013-01-10,002383,28.14,28.95,29.81,27.64,51282,93431714.0,7.48,-0.17,-0.05,10.96,2.169999999999998
2013-01-11,002383,28.8,29.27,30.87,28.27,70025,130004662.0,8.98,1.11,0.32,14.96,2.6000000000000014
2013-01-14,002383,28.56,30.08,30.58,28.06,60412,112960286.0,8.61,2.77,0.81,12.91,2.5199999999999996
2013-01-15,002383,31.4,30.39,32.78,30.3,80525,158393973.0,8.24,1.03,0.31,17.21,2.4800000000000004
2013-01-16,002383,28.89,29.86,30.12,28.89,51331,94715634.0,4.05,-1.74,-0.53,10.97,1.2300000000000004
2013-01-17,002383,29.86,27.61,30.2,27.43,43729,78144483.0,9.28,-7.54,-2.25,9.34,2.7699999999999996
2013-01-18,002383,27.49,28.25,28.58,27.47,26064,46173980.0,4.02,2.32,0.64,5.57,1.1099999999999994
2013-01-21,002383,28.36,27.88,28.45,27.64,17669,30865637.0,2.87,-1.31,-0.37,3.78,0.8099999999999987
2013-01-22,002383,28.5,30.61,30.61,28.41,40969,77723236.0,7.89,9.79,2.73,8.75,2.1999999999999993
2013-01-23,002383,32.93,33.6,33.6,32.82,24203,50885973.0,2.55,9.77,2.99,5.17,0.7800000000000011
2013-02-04,002383,36.89,35.55,36.89,34.57,99402,225031009.0,6.9,5.8,1.95,21.24,2.3200000000000003
2013-02-05,002383,33.99,32.93,34.45,32.06,77871,160744283.0,6.72,-7.37,-2.62,16.64,2.3900000000000006
2013-02-06,002383,31.96,32.09,32.43,31.4,44807,89876267.0,3.13,-2.55,-0.84,9.57,1.0300000000000011
2013-02-07,002383,31.68,31.54,31.96,31.09,29580,58605501.0,2.71,-1.71,-0.55,6.32,0.870000000000001
2013-02-08,002383,31.37,31.45,32.15,31.31,25795,51388521.0,2.66,-0.29,-0.09,5.51,0.8399999999999999
2013-02-18,002383,31.57,32.11,32.31,30.81,36666,72878733.0,4.77,2.1,0.66,7.83,1.5000000000000036
2013-02-19,002383,31.86,31.2,31.86,30.98,20508,40341203.0,2.74,-2.83,-0.91,4.38,0.879999999999999
2013-02-20,002383,31.39,31.5,31.67,31.06,15544,30652413.0,1.96,0.96,0.3,3.32,0.610000000000003
2013-02-21,002383,31.12,30.28,31.37,29.19,25108,47955537.0,6.92,-3.87,-1.22,5.36,2.1799999999999997
2013-02-22,002383,30.2,30.28,30.86,29.36,16613,31385179.0,4.95,0.0,0.0,3.55,1.5
2013-02-25,002383,29.73,30.23,30.64,29.73,10688,20251791.0,3.01,-0.17,-0.05,2.28,0.9100000000000001
2013-02-26,002383,30.11,30.26,30.73,29.86,16446,31323809.0,2.88,0.1,0.03,3.51,0.870000000000001
2013-02-27,002383,30.09,30.25,30.36,29.52,15023,28240039.0,2.78,-0.03,-0.01,3.21,0.8399999999999999
2013-02-28,002383,29.91,30.2,30.25,29.53,19525,36597719.0,2.38,-0.17,-0.05,4.17,0.7199999999999989
2013-03-01,002383,30.25,31.14,31.45,30.25,35685,69539149.0,3.97,3.11,0.94,7.63,1.1999999999999993
2013-03-04,002383,30.95,29.94,31.56,29.33,34203,65434680.0,7.16,-3.85,-1.2,7.31,2.2300000000000004
2013-03-05,002383,29.89,30.09,30.44,29.42,17445,32891694.0,3.41,0.5,0.15,3.73,1.0199999999999996
2013-03-06,002383,30.14,30.28,30.56,29.5,28184,53132815.0,3.52,0.63,0.19,6.02,1.0599999999999987
2013-03-07,002383,30.28,29.52,30.28,29.5,16102,30079372.0,2.58,-2.51,-0.76,3.44,0.7800000000000011
2013-03-08,002383,29.73,29.48,29.94,29.47,10270,19084553.0,1.59,-0.14,-0.04,2.19,0.4700000000000024
2013-03-11,002383,29.38,29.5,29.89,29.03,9287,17215815.0,2.92,0.07,0.02,1.98,0.8599999999999994
2013-03-12,002383,29.34,28.21,29.94,27.88,14639,26424839.0,6.98,-4.37,-1.29,3.13,2.0600000000000023
2013-03-13,002383,28.02,27.41,28.21,26.99,12693,21811110.0,4.32,-2.84,-0.8,2.71,1.2200000000000024
2013-03-14,002383,27.61,27.22,27.63,27.16,7530,12907639.0,1.71,-0.69,-0.19,1.61,0.46999999999999886
2013-03-15,002383,27.24,27.38,28.17,27.24,8858,15317451.0,3.42,0.59,0.16,1.89,0.9300000000000033
2013-03-18,002383,27.18,26.16,27.35,26.16,11795,19681246.0,4.35,-4.46,-1.22,2.52,1.1900000000000013
2013-03-19,002383,26.63,26.5,27.14,25.93,7900,13042547.0,4.63,1.3,0.34,1.69,1.2100000000000009
2013-03-20,002383,26.54,28.1,28.24,26.22,22751,38964271.0,7.62,6.04,1.6,4.86,2.0199999999999996
2013-03-21,002383,27.86,28.08,28.25,27.63,19673,34413512.0,2.21,-0.07,-0.02,4.2,0.620000000000001
2013-03-22,002383,27.82,27.92,28.53,27.82,11342,20007383.0,2.53,-0.57,-0.16,2.42,0.7100000000000009
2013-03-25,002383,27.86,27.75,28.25,27.5,7035,12265709.0,2.69,-0.61,-0.17,1.5,0.75
2013-03-26,002383,27.72,26.94,27.72,26.61,8255,13932307.0,4.0,-2.92,-0.81,1.76,1.1099999999999994
2013-03-27,002383,26.94,27.46,27.91,26.85,11678,20118498.0,3.93,1.93,0.52,2.5,1.0599999999999987
2013-03-28,002383,27.32,26.52,27.32,26.47,7924,13252917.0,3.1,-3.42,-0.94,1.69,0.8500000000000014
2013-03-29,002383,26.69,26.22,26.85,26.22,5984,9920086.0,2.38,-1.13,-0.3,1.28,0.6300000000000026
2013-04-01,002383,26.22,26.32,26.77,26.07,7332,12115745.0,2.67,0.38,0.1,1.57,0.6999999999999993
2013-04-02,002383,26.32,26.01,26.61,25.93,8679,14221297.0,2.58,-1.18,-0.31,1.0,0.6799999999999997
2013-04-03,002383,26.24,26.8,27.44,25.68,15472,25830383.0,6.77,3.04,0.79,1.78,1.7600000000000016
2013-04-08,002383,26.68,28.3,28.67,26.04,32029,55929976.0,9.81,5.6,1.5,3.68,2.6300000000000026
2013-04-09,002383,27.96,28.06,28.39,27.64,16046,28150214.0,2.65,-0.85,-0.24,1.84,0.75
2013-04-10,002383,27.99,28.45,28.86,27.99,22200,39654239.0,3.1,1.39,0.39,2.55,0.870000000000001
2013-04-11,002383,28.56,27.57,28.72,27.52,11719,20507235.0,4.22,-3.09,-0.88,1.35,1.1999999999999993
2013-04-12,002383,27.33,27.05,27.74,27.0,8154,13985361.0,2.68,-1.89,-0.52,0.94,0.7399999999999984
2013-04-15,002383,26.93,26.1,26.93,25.88,8881,14594153.0,3.88,-3.51,-0.95,1.02,1.0500000000000007
2013-04-16,002383,25.83,26.22,26.38,25.49,7270,11809453.0,3.41,0.46,0.12,0.84,0.8900000000000006
2013-04-17,002383,26.07,26.46,26.6,25.94,8114,13351027.0,2.52,0.92,0.24,0.93,0.6600000000000001
2013-04-18,002383,26.43,26.27,26.49,26.18,6859,11286650.0,1.17,-0.72,-0.19,0.79,0.3099999999999987
2013-04-19,002383,26.26,26.65,26.85,26.08,9616,15986122.0,2.93,1.45,0.38,1.11,0.7700000000000031
2013-04-22,002383,26.54,27.27,27.27,26.54,11834,20003557.0,2.74,2.33,0.62,1.36,0.7300000000000004
2013-04-23,002383,27.19,26.27,27.19,26.27,10146,17001290.0,3.37,-3.67,-1.0,1.17,0.9200000000000017
2013-04-24,002383,26.22,26.77,26.85,25.87,8962,14790426.0,3.73,1.9,0.5,1.03,0.9800000000000004
2013-04-25,002383,26.61,26.26,27.11,26.21,9836,16386056.0,3.36,-1.91,-0.51,1.13,0.8999999999999986
2013-04-26,002383,25.94,24.57,26.19,24.09,15497,24391419.0,8.0,-6.44,-1.69,1.78,2.1000000000000014
2013-05-02,002383,24.51,24.32,24.63,24.2,4885,7437451.0,1.75,-1.02,-0.25,0.56,0.4299999999999997
2013-05-03,002383,24.37,24.85,25.12,24.37,6476,10058884.0,3.08,2.18,0.53,0.74,0.75
2013-05-06,002383,24.96,25.71,25.88,24.85,10032,15980576.0,4.14,3.46,0.86,1.15,1.0299999999999976
2013-05-07,002383,25.71,25.51,25.88,25.37,7775,12412748.0,1.98,-0.78,-0.2,0.89,0.509999999999998
2013-05-08,002383,25.51,26.38,26.58,25.3,18454,30197679.0,5.02,3.41,0.87,2.12,1.2799999999999976
2013-05-09,002383,26.41,27.16,27.16,26.21,21517,36079867.0,3.6,2.96,0.78,2.47,0.9499999999999993
2013-05-10,002383,27.02,27.77,27.77,26.55,31973,54511051.0,4.49,2.25,0.61,3.68,1.2199999999999989
2013-05-13,002383,28.6,29.5,30.28,27.77,98366,178319364.0,9.04,6.23,1.73,11.31,2.5100000000000016
2013-05-14,002383,28.72,27.72,28.91,27.33,59727,104953943.0,5.36,-6.03,-1.78,6.87,1.5800000000000018
2013-05-15,002383,27.63,27.83,28.38,27.47,29669,51931612.0,3.28,0.4,0.11,3.41,0.9100000000000001
2013-05-16,002383,27.33,27.5,27.89,26.71,42749,73134899.0,4.24,-1.19,-0.33,4.91,1.1799999999999997
2013-05-17,002383,27.71,28.17,28.55,27.64,48039,84867045.0,3.31,2.44,0.67,5.52,0.9100000000000001
2013-05-20,002383,28.17,28.64,28.8,28.17,60822,108761519.0,2.24,1.67,0.47,6.99,0.629999999999999
2013-05-21,002383,28.95,30.31,30.75,28.77,91511,171902671.0,6.91,5.83,1.67,10.52,1.9800000000000004
2013-05-22,002383,30.2,29.08,30.2,28.88,67555,124365960.0,4.35,-4.06,-1.23,7.77,1.3200000000000003
2013-05-23,002383,29.03,30.73,30.84,28.55,116590,221742334.0,7.87,5.67,1.65,13.4,2.289999999999999
2013-05-24,002383,30.44,31.22,31.37,29.81,91472,175622660.0,5.08,1.59,0.49,10.52,1.5600000000000023
2013-05-27,002383,31.2,30.48,31.2,30.2,52546,100701977.0,3.2,-2.37,-0.74,6.04,1.0
2013-05-28,002383,30.5,29.27,30.51,28.89,48279,89046776.0,5.31,-3.97,-1.21,5.55,1.620000000000001
2013-05-29,002383,29.08,29.3,29.62,29.08,27779,51136030.0,1.84,0.1,0.03,3.19,0.5400000000000027
2013-05-30,002383,29.16,28.83,29.58,28.75,26664,48495887.0,2.83,-1.6,-0.47,3.07,0.8299999999999983
2013-05-31,002383,28.89,29.36,29.5,28.03,46546,83756797.0,5.1,1.84,0.53,5.35,1.4699999999999989
2013-06-03,002383,29.16,29.94,30.23,29.03,54734,102571814.0,4.09,1.98,0.58,6.29,1.1999999999999993
2013-06-04,002383,29.83,28.5,29.84,28.19,35661,64631060.0,5.51,-4.81,-1.44,4.1,1.6499999999999986
2013-06-05,002383,28.41,28.17,28.7,27.8,21284,37432533.0,3.16,-1.16,-0.33,2.45,0.8999999999999986
2013-06-06,002383,28.1,27.67,28.67,27.55,20806,36771312.0,3.98,-1.77,-0.5,2.39,1.120000000000001
2013-06-07,002383,27.71,26.44,27.89,26.38,29985,50401901.0,5.46,-4.45,-1.23,3.45,1.5100000000000016
2013-06-13,002383,26.22,26.65,27.0,25.13,25928,42399839.0,7.07,0.79,0.21,2.98,1.870000000000001
2013-06-14,002383,26.54,27.16,27.49,26.4,18265,30934592.0,4.09,1.91,0.51,2.1,1.0899999999999999
2013-06-17,002383,27.19,26.86,27.33,26.66,20595,34757524.0,2.47,-1.1,-0.3,2.37,0.6699999999999982
2013-06-18,002383,26.88,26.91,27.25,26.54,12208,20512092.0,2.64,0.19,0.05,1.4,0.7100000000000009
2013-06-19,002383,26.91,26.46,26.91,26.07,12648,20852592.0,3.12,-1.67,-0.45,1.45,0.8399999999999999
2013-06-20,002383,26.41,25.8,27.08,25.79,16793,27942766.0,4.88,-2.49,-0.66,1.93,1.2899999999999991
2013-06-21,002383,25.52,24.66,25.52,24.35,19767,30584122.0,4.53,-4.42,-1.14,2.27,1.1699999999999982
2013-06-24,002383,24.68,22.85,25.15,22.48,22082,33199392.0,10.83,-7.34,-1.81,2.54,2.669999999999998
2013-06-25,002383,22.42,23.28,23.67,20.64,28634,39306999.0,13.26,1.88,0.43,3.29,3.030000000000001
2013-06-26,002383,23.21,23.62,23.79,22.17,24882,36068644.0,6.96,1.46,0.34,2.86,1.6199999999999974
2013-06-27,002383,23.54,22.48,23.68,22.4,22185,32009560.0,5.42,-4.83,-1.14,2.55,1.2800000000000011
2013-06-28,002383,22.46,21.87,22.79,21.54,11379,15724839.0,5.56,-2.71,-0.61,1.31,1.25
2013-07-01,002383,21.82,22.26,22.32,21.51,9661,13202106.0,3.7,1.78,0.39,1.11,0.8099999999999987
2013-07-02,002383,22.28,22.93,23.21,21.97,20025,28289498.0,5.57,3.01,0.67,2.3,1.240000000000002
2013-07-03,002383,22.85,22.64,22.85,22.01,14822,20742289.0,3.66,-1.26,-0.29,1.7,0.8399999999999999
2013-07-04,002383,22.46,23.03,23.53,22.34,24493,35280398.0,5.26,1.72,0.39,2.82,1.1900000000000013
2013-07-05,002383,23.06,22.92,23.56,22.84,14337,20709773.0,3.13,-0.48,-0.11,1.65,0.7199999999999989
2013-07-08,002383,22.64,21.58,22.64,21.58,13164,17970835.0,4.62,-5.85,-1.34,1.51,1.0600000000000023
2013-07-09,002383,21.4,23.67,23.67,20.98,22269,31312234.0,12.47,9.68,2.09,2.56,2.6900000000000013
2013-07-10,002383,24.02,24.74,25.13,23.79,59714,92018309.0,5.66,4.52,1.07,6.86,1.3399999999999999
2013-07-11,002383,24.26,24.94,25.41,24.02,48068,74588616.0,5.62,0.81,0.2,5.53,1.3900000000000006
2013-07-12,002383,24.7,25.12,25.96,24.45,50601,79909320.0,6.05,0.72,0.18,5.82,1.5100000000000016
2013-07-15,002383,24.45,25.88,26.18,24.23,64660,103108403.0,7.76,3.03,0.76,7.43,1.9499999999999993
2013-07-16,002383,26.43,26.6,27.46,25.76,72397,120096657.0,6.57,2.78,0.72,8.32,1.6999999999999993
2013-07-17,002383,26.54,25.72,26.61,25.68,45628,74333731.0,3.5,-3.31,-0.88,5.25,0.9299999999999997
2013-07-18,002383,25.52,26.07,26.49,24.99,42170,68368750.0,5.83,1.36,0.35,4.85,1.5
2013-07-19,002383,26.07,25.13,27.08,24.98,45242,74219197.0,8.06,-3.61,-0.94,5.2,2.099999999999998
2013-07-22,002383,25.07,26.29,26.61,25.05,38532,62796489.0,6.21,4.62,1.16,4.43,1.5599999999999987
2013-07-23,002383,25.94,26.6,26.68,25.72,38567,63402991.0,3.65,1.18,0.31,4.43,0.9600000000000009
2013-07-24,002383,26.61,27.44,27.55,26.41,55467,94200259.0,4.29,3.16,0.84,6.38,1.1400000000000006
2013-07-25,002383,27.16,25.83,27.41,25.62,41263,68441766.0,6.52,-5.87,-1.61,4.74,1.7899999999999991
2013-07-26,002383,25.6,25.71,26.07,25.29,19952,32096210.0,3.02,-0.46,-0.12,2.29,0.7800000000000011
2013-07-29,002383,25.62,24.99,25.9,24.9,15875,25084575.0,3.89,-2.8,-0.72,1.82,1.0
2013-07-30,002383,24.99,24.37,25.29,23.85,15681,24065400.0,5.76,-2.48,-0.62,1.8,1.4399999999999977
2013-07-31,002383,24.37,24.55,24.94,24.26,15078,23091495.0,2.79,0.74,0.18,1.73,0.6799999999999997
2013-08-01,002383,24.52,25.29,25.4,24.2,15875,24740905.0,4.89,3.01,0.74,1.82,1.1999999999999993
2013-08-02,002383,25.16,25.74,26.16,25.16,27645,44441113.0,3.95,1.78,0.45,3.18,1.0
2013-08-05,002383,25.62,26.63,26.69,25.46,30506,49847114.0,4.78,3.46,0.89,3.51,1.2300000000000004
2013-08-06,002383,27.47,29.23,29.23,27.47,46373,83821420.0,6.61,9.76,2.6,5.33,1.7600000000000016
2013-08-07,002383,30.28,28.92,30.79,28.8,138937,260709260.0,6.81,-1.06,-0.31,15.97,1.9899999999999984
2013-08-08,002383,27.8,28.35,29.11,27.63,65451,116146425.0,5.12,-1.97,-0.57,7.52,1.4800000000000004
2013-08-09,002383,28.25,27.55,28.49,27.04,58030,100466130.0,5.11,-2.82,-0.8,6.67,1.4499999999999993
2013-08-12,002383,27.39,28.25,28.38,27.19,45401,79148752.0,4.32,2.54,0.7,5.22,1.1899999999999977
2013-08-13,002383,27.96,28.64,29.17,27.94,40045,71725071.0,4.35,1.38,0.39,4.6,1.2300000000000004
2013-08-14,002383,28.44,27.96,28.69,27.72,31173,55044952.0,3.39,-2.37,-0.68,3.58,0.9700000000000024
2013-08-15,002383,28.24,28.27,29.16,28.06,48658,87654774.0,3.93,1.11,0.31,5.59,1.1000000000000014
2013-08-16,002383,27.94,27.24,28.72,27.21,33831,59046402.0,5.34,-3.64,-1.03,3.89,1.509999999999998
2013-08-19,002383,27.02,27.85,28.0,26.97,19572,33878452.0,3.78,2.24,0.61,2.25,1.0300000000000011
2013-08-20,002383,27.64,27.97,28.38,27.64,19980,35155371.0,2.66,0.43,0.12,2.3,0.7399999999999984
2013-08-21,002383,27.63,28.49,28.49,27.6,25341,44656750.0,3.18,1.86,0.52,2.91,0.889999999999997
2013-08-22,002383,28.25,28.17,28.7,28.1,26629,47461187.0,2.11,-1.12,-0.32,3.06,0.5999999999999979
2013-08-23,002383,28.41,27.52,28.56,26.85,30227,52437425.0,6.07,-2.31,-0.65,3.47,1.7099999999999973
2013-08-26,002383,27.52,27.74,27.85,27.35,20282,35057211.0,1.82,0.8,0.22,2.33,0.5
2013-08-27,002383,27.77,28.28,28.3,27.64,26372,46349652.0,2.38,1.95,0.54,3.03,0.6600000000000001
2013-08-28,002383,28.25,28.88,29.83,27.97,62126,113403481.0,6.58,2.12,0.6,7.14,1.8599999999999994
2013-08-29,002383,28.69,27.5,28.8,27.47,37478,65581060.0,4.61,-4.78,-1.38,4.31,1.3300000000000018
2013-08-30,002383,27.33,25.68,27.33,25.15,52094,85449494.0,7.93,-6.62,-1.82,5.99,2.1799999999999997
2013-09-02,002383,25.52,25.97,26.36,25.13,15048,24288761.0,4.79,1.13,0.29,1.73,1.2300000000000004
2013-09-03,002383,25.97,26.35,26.58,25.62,16057,26240659.0,3.7,1.46,0.38,1.85,0.9599999999999973
2013-09-04,002383,26.32,26.71,27.0,26.02,18097,30102243.0,3.72,1.37,0.36,2.08,0.9800000000000004
2013-09-05,002383,26.72,26.38,26.96,26.08,20392,33745407.0,3.29,-1.24,-0.33,2.34,0.8800000000000026
2013-09-06,002383,26.24,26.54,26.74,26.02,19645,32512740.0,2.73,0.61,0.16,2.26,0.7199999999999989
2013-09-09,002383,27.16,27.6,27.78,26.85,37490,64140109.0,3.5,3.99,1.06,4.31,0.9299999999999997
2013-09-10,002383,27.6,27.53,27.78,27.32,19732,33994468.0,1.67,-0.25,-0.07,2.27,0.46000000000000085
2013-09-11,002383,27.61,26.79,28.06,26.68,24995,42557716.0,5.01,-2.69,-0.74,2.87,1.379999999999999
2013-09-12,002383,26.61,26.69,27.33,26.41,12955,21834052.0,3.43,-0.37,-0.1,1.49,0.9199999999999982
2013-09-13,002383,26.54,27.16,27.16,26.54,12770,21519586.0,2.32,1.76,0.47,1.47,0.620000000000001
2013-09-16,002383,27.21,27.39,27.71,26.89,20569,35393785.0,3.02,0.85,0.23,2.36,0.8200000000000003
2013-09-17,002383,27.32,27.24,27.55,27.04,15304,26223776.0,1.86,-0.55,-0.15,1.76,0.5100000000000016
2013-09-18,002383,27.41,28.1,28.47,27.41,32072,56441122.0,3.89,3.16,0.86,3.69,1.0599999999999987
2013-09-23,002383,28.1,28.42,28.83,28.1,32855,58833330.0,2.6,1.14,0.32,3.78,0.7299999999999969
2013-09-24,002383,28.58,28.84,28.84,27.88,33798,60277521.0,3.38,1.48,0.42,3.89,0.9600000000000009
2013-09-25,002383,29.16,28.11,29.91,28.06,55280,100865021.0,6.41,-2.53,-0.73,6.36,1.8500000000000014
2013-09-26,002383,27.64,27.33,28.41,27.33,27388,47731880.0,3.84,-2.77,-0.78,3.15,1.0800000000000018
2013-09-27,002383,27.33,27.25,27.63,27.19,12500,21429241.0,1.61,-0.29,-0.08,1.44,0.4399999999999977
2013-09-30,002383,27.25,27.66,27.78,27.16,12399,21385306.0,2.28,1.5,0.41,1.43,0.620000000000001
2013-10-08,002383,27.61,28.47,28.69,27.47,25108,44525711.0,4.41,2.93,0.81,2.89,1.2200000000000024
2013-10-09,002383,28.33,29.38,29.48,28.21,42625,77935074.0,4.46,3.2,0.91,4.9,1.2699999999999996
2013-10-10,002383,30.28,28.72,30.34,28.42,46619,85656345.0,6.54,-2.25,-0.66,5.36,1.9199999999999982
2013-10-11,002383,28.72,29.38,29.7,28.66,34652,63810344.0,3.62,2.3,0.66,3.98,1.0399999999999991
2013-10-14,002383,29.38,29.3,29.66,28.84,26710,49008104.0,2.79,-0.27,-0.08,3.07,0.8200000000000003
2013-10-15,002383,29.03,28.5,29.03,28.06,28269,50409236.0,3.31,-2.73,-0.8,3.25,0.9700000000000024
2013-10-16,002383,28.47,27.72,28.47,27.39,17643,30613536.0,3.79,-2.74,-0.78,2.03,1.0799999999999983
2013-10-17,002383,27.78,27.94,28.22,27.63,13132,22957101.0,2.13,0.79,0.22,1.51,0.5899999999999999
2013-10-18,002383,28.25,28.47,29.14,28.25,20401,36656871.0,3.19,1.9,0.53,2.35,0.8900000000000006
2013-10-21,002383,27.94,29.19,29.31,27.75,36426,65593216.0,5.48,2.53,0.72,4.19,1.5599999999999987
2013-10-22,002383,29.03,29.23,30.12,28.8,36672,67948106.0,4.52,0.14,0.04,4.22,1.3200000000000003
2013-10-23,002383,29.34,28.44,29.62,28.25,19889,35934918.0,4.69,-2.7,-0.79,2.29,1.370000000000001
2013-10-24,002383,28.38,29.92,30.53,28.03,58344,109018750.0,8.79,5.2,1.48,6.71,2.5
2013-10-25,002383,29.81,29.58,30.11,28.81,38558,71311037.0,4.34,-1.14,-0.34,4.43,1.3000000000000007
2013-10-28,002383,29.84,29.28,30.73,29.23,34912,65429342.0,5.07,-1.01,-0.3,4.01,1.5
2013-10-29,002383,29.31,31.18,31.84,29.09,93747,179556290.0,9.39,6.49,1.9,10.78,2.75
2013-10-30,002383,30.75,33.1,34.15,30.61,106334,216140010.0,11.35,6.16,1.92,12.22,3.539999999999999
2013-10-31,002383,32.62,32.28,32.99,31.42,61537,124615291.0,4.74,-2.48,-0.82,7.07,1.5700000000000003
2013-11-01,002383,31.9,31.81,33.84,31.62,71922,149333446.0,6.88,-1.46,-0.47,8.27,2.2200000000000024
2013-11-04,002383,31.25,30.97,31.26,29.61,57055,108845540.0,5.19,-2.64,-0.84,6.56,1.6500000000000021
2013-11-05,002383,30.58,31.17,31.2,29.89,35906,69197229.0,4.23,0.65,0.2,4.13,1.3099999999999987
2013-11-06,002383,31.17,31.42,32.62,30.45,50844,100881544.0,6.96,0.8,0.25,5.85,2.169999999999998
2013-11-07,002383,31.06,30.09,31.45,30.09,33379,64254950.0,4.33,-4.23,-1.33,3.84,1.3599999999999994
2013-11-08,002383,29.78,28.64,29.78,28.56,35158,64026642.0,4.05,-4.82,-1.45,4.04,1.2200000000000024
2013-11-11,002383,28.36,29.31,29.47,28.36,15115,27452775.0,3.88,2.34,0.67,1.74,1.1099999999999994
2013-11-12,002383,29.45,29.08,29.69,28.72,16565,30308344.0,3.31,-0.78,-0.23,1.9,0.9700000000000024
2013-11-13,002383,29.19,28.72,29.86,28.72,19143,35083120.0,3.92,-1.24,-0.36,2.2,1.1400000000000006
2013-11-14,002383,28.55,30.08,30.09,27.53,39087,70899801.0,8.91,4.74,1.36,4.49,2.5599999999999987
2013-11-15,002383,29.87,30.5,31.03,29.69,50221,96112406.0,4.45,1.4,0.42,5.77,1.3399999999999999
2013-11-18,002383,30.47,31.76,32.12,30.31,52550,103931993.0,5.93,4.13,1.26,6.04,1.8099999999999987
2013-11-19,002383,31.79,31.84,32.92,31.01,51231,102803530.0,6.01,0.25,0.08,5.89,1.9100000000000001
2013-11-20,002383,31.53,32.78,32.87,31.53,52056,106125942.0,4.21,2.95,0.94,5.98,1.3399999999999963
2013-11-21,002383,32.82,32.31,33.31,31.84,41182,84164101.0,4.48,-1.43,-0.47,4.73,1.4700000000000024
2013-11-22,002383,32.31,32.39,32.78,31.54,31790,64272820.0,3.84,0.25,0.08,3.65,1.240000000000002
2013-11-25,002383,31.9,33.32,34.18,31.84,66126,137897824.0,7.22,2.87,0.93,7.6,2.34
2013-11-26,002383,32.93,32.93,33.24,32.4,34474,70959899.0,2.52,-1.17,-0.39,3.96,0.8400000000000034
2013-11-27,002383,32.82,34.26,34.73,32.18,65819,139324311.0,7.74,4.04,1.33,7.57,2.549999999999997
2013-11-28,002383,33.88,33.54,34.24,33.45,41983,88989172.0,2.31,-2.1,-0.72,4.83,0.7899999999999991
2013-11-29,002383,33.68,33.32,34.18,33.24,39963,84872047.0,2.8,-0.66,-0.22,4.59,0.9399999999999977
2013-12-02,002383,32.46,30.06,32.73,30.06,53594,104923432.0,8.01,-9.78,-3.26,6.16,2.669999999999998
2013-12-03,002383,29.97,30.76,30.9,29.66,20241,38833202.0,4.13,2.33,0.7,2.33,1.2399999999999984
2013-12-04,002383,30.76,30.9,31.45,30.75,18733,36700630.0,2.28,0.46,0.14,2.15,0.6999999999999993
2013-12-05,002383,30.75,30.59,31.22,30.36,13072,25207513.0,2.78,-1.0,-0.31,1.5,0.8599999999999994
2013-12-06,002383,30.58,31.29,31.53,30.36,19646,38386845.0,3.82,2.29,0.7,2.26,1.1700000000000017
2013-12-09,002383,31.28,30.83,31.37,30.72,23500,45583782.0,2.08,-1.47,-0.46,2.7,0.6500000000000021
2013-12-10,002383,31.0,30.0,31.0,29.92,30202,57466235.0,3.5,-2.69,-0.83,3.47,1.0799999999999983
2013-12-11,002383,29.91,30.2,30.26,29.61,21269,39936472.0,2.17,0.67,0.2,2.45,0.6500000000000021
2013-12-12,002383,30.12,30.61,30.81,29.94,18500,35373379.0,2.88,1.36,0.41,2.13,0.8699999999999974
2013-12-13,002383,30.58,30.81,30.89,30.06,17507,33644318.0,2.71,0.65,0.2,2.01,0.8300000000000018
2013-12-16,002383,30.87,30.0,30.9,29.98,16732,31758794.0,2.99,-2.63,-0.81,1.92,0.9199999999999982
2013-12-17,002383,29.83,28.95,30.2,28.95,26828,49484723.0,4.17,-3.5,-1.05,3.08,1.25
2013-12-18,002383,28.69,29.33,29.38,28.38,13747,24984864.0,3.45,1.31,0.38,1.58,1.0
2013-12-19,002383,29.08,28.99,29.45,28.95,10897,19911259.0,1.7,-1.16,-0.34,1.25,0.5
2013-12-20,002383,28.99,28.28,28.99,28.22,13312,23727745.0,2.66,-2.45,-0.71,1.53,0.7699999999999996
2013-12-23,002383,28.27,27.47,28.53,27.16,16620,28727283.0,4.84,-2.86,-0.81,1.91,1.370000000000001
2013-12-24,002383,27.47,27.27,28.11,27.08,19116,33128157.0,3.75,-0.73,-0.2,2.2,1.0300000000000011
2013-12-25,002383,27.46,29.05,29.42,27.44,27969,49882252.0,7.26,6.53,1.78,3.22,1.9800000000000004
2013-12-26,002383,29.19,28.72,29.27,28.36,18407,33161030.0,3.13,-1.14,-0.33,2.12,0.9100000000000001
2013-12-27,002383,28.42,29.33,29.52,28.42,17715,32444049.0,3.83,2.12,0.61,2.04,1.0999999999999979
2013-12-30,002383,29.66,29.47,29.95,29.19,14861,27504070.0,2.59,0.48,0.14,1.71,0.759999999999998
2013-12-31,002383,29.67,28.53,29.67,28.5,21206,38330592.0,3.97,-3.19,-0.94,2.07,1.1700000000000017
2014-01-02,002383,28.53,29.03,29.59,28.53,20390,37500721.0,3.72,1.75,0.5,1.99,1.0599999999999987
2014-01-03,002383,29.02,29.92,30.25,29.02,35507,66612175.0,4.24,3.07,0.89,3.46,1.2300000000000004
2014-01-06,002383,29.8,29.67,29.89,29.03,19930,36838606.0,2.87,-0.84,-0.25,1.94,0.8599999999999994
2014-01-07,002383,29.42,29.81,30.05,29.34,15341,28653801.0,2.39,0.47,0.14,1.49,0.7100000000000009
2014-01-08,002383,29.91,30.12,30.87,29.91,27719,52930202.0,3.22,1.04,0.31,2.7,0.9600000000000009
2014-01-09,002383,30.11,29.58,30.58,29.42,21277,40187439.0,3.85,-1.79,-0.54,2.07,1.1599999999999966
2014-01-10,002383,29.33,28.99,29.33,28.27,23112,41740383.0,3.58,-1.99,-0.59,2.25,1.0599999999999987
2014-01-13,002383,28.88,29.5,29.77,28.6,19315,35463058.0,4.04,1.76,0.51,1.88,1.1699999999999982
2014-01-14,002383,29.5,29.86,29.91,29.03,20190,37388586.0,2.98,1.22,0.36,1.97,0.879999999999999
2014-01-15,002383,29.62,30.22,30.58,29.62,19141,36282070.0,3.22,1.21,0.36,1.87,0.9599999999999973
2014-01-16,002383,30.34,30.12,30.75,29.97,16794,31973090.0,2.58,-0.33,-0.1,1.64,0.7800000000000011
2014-01-17,002383,29.92,31.12,31.33,29.81,33395,64309068.0,5.05,3.32,1.0,3.25,1.5199999999999996
2014-01-20,002383,31.2,30.84,31.4,30.25,30102,58375265.0,3.7,-0.9,-0.28,2.93,1.1499999999999986
2014-01-21,002383,30.87,31.54,31.76,30.67,24629,48719289.0,3.53,2.27,0.7,2.4,1.0899999999999999
2014-01-22,002383,31.51,31.86,32.01,31.31,23960,47700746.0,2.22,1.01,0.32,2.33,0.6999999999999993
2014-01-23,002383,31.87,31.87,32.35,31.5,26777,53770740.0,2.67,0.03,0.01,2.61,0.8500000000000014
2014-01-24,002383,31.82,32.32,32.32,31.4,34790,69696528.0,2.89,1.41,0.45,3.39,0.9200000000000017
2014-01-27,002383,32.17,32.34,32.81,32.01,30341,61753436.0,2.48,0.06,0.02,2.96,0.8000000000000043
2014-01-28,002383,32.28,31.84,32.46,31.54,18472,36999290.0,2.84,-1.55,-0.5,1.8,0.9200000000000017
2014-01-29,002383,31.79,33.23,33.54,31.68,46366,95922404.0,5.84,4.37,1.39,4.52,1.8599999999999994
2014-01-30,002383,33.23,32.85,33.56,32.56,21440,44539198.0,3.01,-1.14,-0.38,2.09,1.0
2014-02-07,002383,32.48,34.01,34.55,32.14,39559,84515480.0,7.34,3.53,1.16,3.85,2.4099999999999966
2014-02-10,002383,34.04,34.49,34.65,33.45,51793,110950161.0,3.53,1.41,0.48,5.05,1.1999999999999957
2014-02-11,002383,35.88,34.07,35.9,33.84,55844,122638290.0,5.97,-1.22,-0.42,5.44,2.059999999999995
2014-02-12,002383,33.85,35.27,35.74,33.48,49643,108726799.0,6.63,3.52,1.2,4.84,2.260000000000005
2014-02-13,002383,34.94,33.24,35.16,33.09,40350,86944300.0,5.87,-5.76,-2.03,3.93,2.069999999999993
2014-02-14,002383,33.24,33.45,33.73,32.82,29063,60855966.0,2.74,0.63,0.21,2.83,0.9099999999999966
2014-02-17,002383,33.56,34.45,34.62,33.34,33954,72873829.0,3.83,2.99,1.0,3.31,1.279999999999994
2014-02-18,002383,34.18,34.66,35.26,33.96,41088,89884544.0,3.77,0.61,0.21,4.0,1.2999999999999972
2014-02-19,002383,34.41,34.06,34.84,33.73,27159,58515695.0,3.2,-1.73,-0.6,2.65,1.1100000000000065
2014-02-20,002383,33.87,33.09,34.34,32.93,29905,62858528.0,4.14,-2.85,-0.97,2.91,1.4100000000000037
2014-02-21,002383,33.04,33.24,33.65,32.7,18687,38968386.0,2.87,0.45,0.15,1.82,0.9499999999999957
2014-02-24,002383,32.98,34.16,34.18,32.71,22757,48122946.0,4.42,2.77,0.92,2.22,1.4699999999999989
2014-02-25,002383,34.46,32.26,35.12,31.89,47875,102837200.0,9.46,-5.56,-1.9,4.67,3.229999999999997
2014-02-26,002383,31.84,32.54,32.67,31.06,25497,50955765.0,4.99,0.87,0.28,2.48,1.610000000000003
2014-02-27,002383,32.56,32.0,33.32,32.0,21216,43774305.0,4.06,-1.66,-0.54,2.07,1.3200000000000003
2014-02-28,002383,32.0,32.54,33.24,31.84,26041,53381893.0,4.38,1.69,0.54,2.54,1.4000000000000021
2014-03-03,002383,32.92,33.34,33.42,32.31,34664,71919261.0,3.41,2.46,0.8,3.38,1.1099999999999994
2014-03-04,002383,33.31,32.56,33.31,32.29,27136,55682110.0,3.06,-2.34,-0.78,2.64,1.0200000000000031
2014-03-05,002383,32.48,32.37,32.85,32.18,16701,34016512.0,2.06,-0.58,-0.19,1.63,0.6700000000000017
2014-03-06,002383,32.37,32.57,32.62,31.42,17970,36196722.0,3.71,0.62,0.2,1.75,1.1999999999999957
2014-03-07,002383,32.59,32.15,32.9,31.89,17754,36154431.0,3.1,-1.29,-0.42,1.73,1.009999999999998
2014-03-10,002383,32.09,30.64,32.09,30.51,20922,41101752.0,4.91,-4.7,-1.51,2.04,1.5800000000000018
2014-03-11,002383,30.67,31.14,31.22,30.4,14412,27873411.0,2.68,1.63,0.5,1.4,0.8200000000000003
2014-03-12,002383,31.22,30.51,31.64,30.22,19615,38020621.0,4.56,-2.02,-0.63,1.91,1.4200000000000017
2014-03-13,002383,30.59,30.78,31.03,30.28,11560,22303231.0,2.46,0.88,0.27,1.13,0.75
2014-03-14,002383,30.59,30.95,31.15,30.51,15853,30793474.0,2.08,0.55,0.17,1.54,0.639999999999997
2014-03-17,002383,30.95,31.34,31.67,30.81,14122,27712240.0,2.78,1.26,0.39,1.38,0.860000000000003
2014-03-18,002383,31.26,31.53,32.0,31.12,22770,45208008.0,2.81,0.61,0.19,2.22,0.879999999999999
2014-03-19,002383,31.53,31.56,31.56,30.94,10698,21025448.0,1.97,0.1,0.03,1.04,0.6199999999999974
2014-03-20,002383,31.76,31.06,32.23,31.04,17916,35702856.0,3.77,-1.58,-0.5,1.75,1.1899999999999977
2014-03-21,002383,30.75,31.51,31.64,30.25,16639,32259311.0,4.48,1.45,0.45,1.62,1.3900000000000006
2014-03-24,002383,31.53,32.03,32.03,31.04,16145,32101863.0,3.14,1.65,0.52,1.57,0.990000000000002
2014-03-25,002383,32.0,31.64,32.26,31.56,13634,27281865.0,2.19,-1.22,-0.39,1.33,0.6999999999999993
2014-03-26,002383,31.68,31.96,31.98,31.56,9768,19484032.0,1.33,1.01,0.32,0.95,0.4200000000000017
2014-03-27,002383,31.96,31.28,32.15,31.09,10543,20888583.0,3.32,-2.13,-0.68,1.03,1.0599999999999987
2014-03-28,002383,31.29,29.41,31.37,29.19,22039,41669260.0,6.97,-5.98,-1.87,2.15,2.1799999999999997
2014-03-31,002383,28.72,29.25,30.28,28.44,14675,26733061.0,6.26,-0.54,-0.16,1.43,1.8399999999999999
2014-04-01,002383,29.05,28.99,29.11,28.11,26823,48128127.0,3.42,-0.89,-0.26,2.61,1.0
2014-04-02,002383,28.99,28.56,28.99,28.3,11266,20213947.0,2.38,-1.48,-0.43,1.1,0.6899999999999977
2014-04-03,002383,28.52,28.81,28.99,28.3,10851,19499929.0,2.42,0.88,0.25,1.06,0.6899999999999977
2014-04-04,002383,28.88,29.25,29.42,28.74,7498,13691712.0,2.36,1.53,0.44,0.73,0.6800000000000033
2014-04-08,002383,29.3,29.48,29.5,28.91,8276,15197291.0,2.02,0.79,0.23,0.81,0.5899999999999999
2014-04-09,002383,29.47,29.78,30.23,29.34,15339,28724080.0,3.02,1.02,0.3,1.49,0.8900000000000006
2014-04-10,002383,29.89,30.16,30.55,29.64,19057,36078733.0,3.06,1.28,0.38,1.86,0.9100000000000001
2014-04-11,002383,29.97,30.39,30.44,29.92,8836,16782922.0,1.72,0.76,0.23,0.86,0.5199999999999996
2014-04-14,002383,30.28,31.14,31.18,29.97,14207,27605744.0,3.98,2.47,0.75,1.38,1.2100000000000009
2014-04-15,002383,30.9,30.64,31.36,30.48,10909,21135481.0,2.83,-1.61,-0.5,1.06,0.879999999999999
2014-04-16,002383,30.45,30.55,30.98,30.3,6401,12283880.0,2.22,-0.29,-0.09,0.62,0.6799999999999997
2014-04-17,002383,30.45,31.18,31.29,30.45,10594,20668996.0,2.75,2.06,0.63,1.03,0.8399999999999999
2014-04-18,002383,31.22,31.33,31.73,30.92,10300,20331410.0,2.6,0.48,0.15,1.0,0.8099999999999987
2014-04-21,002383,31.18,31.12,31.76,30.9,11081,21903489.0,2.74,-0.67,-0.21,1.08,0.860000000000003
2014-04-22,002383,31.09,31.12,31.18,30.31,13198,25479305.0,2.8,0.0,0.0,1.29,0.870000000000001
2014-04-23,002383,31.12,31.37,31.47,30.92,7811,15301991.0,1.77,0.8,0.25,0.76,0.5499999999999972
2014-04-24,002383,31.39,30.61,31.39,30.61,9278,18044954.0,2.49,-2.42,-0.76,0.9,0.7800000000000011
2014-04-25,002383,30.61,30.28,30.75,30.28,6017,11507229.0,1.54,-1.08,-0.33,0.59,0.46999999999999886
2014-04-28,002383,30.2,28.44,30.2,28.17,21819,39301732.0,6.7,-6.08,-1.84,2.13,2.0299999999999976
2014-04-29,002383,28.42,28.99,28.99,28.06,10776,19270230.0,3.27,1.93,0.55,1.05,0.9299999999999997
2014-04-30,002383,28.74,29.47,29.47,28.74,4620,8476416.0,2.52,1.66,0.48,0.45,0.7300000000000004
2014-05-05,002383,29.33,29.67,29.78,29.19,4584,8509853.0,2.0,0.68,0.2,0.45,0.5899999999999999
2014-05-06,002383,29.81,30.3,30.79,29.77,8067,15323873.0,3.44,2.12,0.63,0.79,1.0199999999999996
2014-05-07,002383,30.14,29.56,30.14,29.39,9329,17431075.0,2.48,-2.44,-0.74,0.91,0.75
2014-05-08,002383,29.66,29.5,29.89,29.42,6295,11705228.0,1.59,-0.2,-0.06,0.61,0.46999999999999886
2014-05-09,002383,29.5,28.99,29.52,28.8,5901,10769375.0,2.44,-1.73,-0.51,0.58,0.7199999999999989
2014-05-12,002383,29.11,30.87,30.89,28.99,23244,44063918.0,6.55,6.48,1.88,2.26,1.9000000000000021
2014-05-13,002383,30.73,31.2,31.39,30.59,13031,25311893.0,2.59,1.07,0.33,1.27,0.8000000000000007
2014-05-14,002383,31.22,31.36,32.0,31.08,16830,33437475.0,2.95,0.51,0.16,1.64,0.9200000000000017
2014-05-15,002383,31.18,31.57,31.92,31.18,18161,36093045.0,2.36,0.67,0.21,1.77,0.740000000000002
2014-05-16,002383,31.61,32.67,32.85,31.37,29978,60804446.0,4.69,3.48,1.1,2.92,1.4800000000000004
2014-05-19,002383,32.62,32.15,32.93,32.0,15989,32589990.0,2.85,-1.59,-0.52,1.56,0.9299999999999997
2014-05-20,002383,32.15,33.09,33.18,32.04,23821,49253433.0,3.55,2.92,0.94,2.32,1.1400000000000006
2014-05-21,002383,33.06,33.18,33.4,32.65,13927,28903931.0,2.27,0.27,0.09,1.36,0.75
2014-05-22,002383,33.24,33.65,33.79,32.98,23931,50255090.0,2.44,1.42,0.47,2.33,0.8100000000000023
2014-05-23,002383,33.56,33.24,33.79,32.54,31301,64969908.0,3.71,-1.22,-0.41,3.05,1.25
2014-05-26,002383,33.24,33.85,33.96,32.85,23745,49925343.0,3.34,1.84,0.61,2.31,1.1099999999999994
2014-05-27,002383,33.76,33.26,34.24,33.09,21531,45619405.0,3.4,-1.74,-0.59,2.1,1.1499999999999986
2014-05-28,002383,33.1,33.68,34.18,33.1,15668,33093172.0,3.25,1.26,0.42,1.53,1.0799999999999983
2014-05-29,002383,33.37,34.18,34.37,33.32,18324,39229530.0,3.12,1.48,0.5,1.79,1.0499999999999972
2014-05-30,002383,34.18,34.85,35.83,33.26,33216,72365039.0,7.52,1.96,0.67,3.24,2.5700000000000003
2014-06-03,002383,34.51,34.04,35.26,33.95,18958,41233596.0,3.76,-2.32,-0.81,1.85,1.3099999999999952
2014-06-04,002383,33.82,35.69,36.8,33.71,42191,94002119.0,9.08,4.85,1.65,4.11,3.0899999999999963
2014-06-05,002383,35.35,39.2,39.2,35.19,66689,159551464.0,11.24,9.83,3.51,6.5,4.010000000000005
2014-06-06,002383,39.81,39.06,41.0,38.17,88783,222297383.0,7.22,-0.36,-0.14,8.65,2.8299999999999983
2014-06-09,002383,38.83,39.86,40.89,38.36,78009,196826959.0,6.48,2.05,0.8,7.6,2.530000000000001
2014-06-10,002383,39.33,39.53,40.58,38.94,52249,130957685.0,4.11,-0.83,-0.33,5.09,1.6400000000000006
2014-06-11,002383,39.56,40.03,40.2,38.33,52784,130597274.0,4.73,1.26,0.5,5.14,1.8700000000000045
2014-06-12,002383,39.56,39.41,40.42,39.11,38139,94984067.0,3.27,-1.55,-0.62,3.72,1.3100000000000023
2014-06-13,002383,39.52,40.19,41.73,38.97,81612,207214298.0,7.0,1.98,0.78,7.95,2.759999999999998
2014-06-16,002383,39.28,39.56,39.67,38.86,43967,108930699.0,2.02,-1.57,-0.63,4.28,0.8100000000000023
2014-06-17,002383,39.33,38.45,39.45,37.88,47885,115993034.0,3.97,-2.81,-1.11,4.67,1.5700000000000003
2014-06-18,002383,37.97,37.53,38.55,37.53,24089,57476227.0,2.65,-2.39,-0.92,2.35,1.019999999999996
2014-06-19,002383,37.32,35.68,38.59,35.33,41075,95993649.0,8.69,-4.93,-1.85,4.0,3.260000000000005
2014-06-20,002383,35.86,37.02,37.05,35.51,36270,82631105.0,4.32,3.76,1.34,3.53,1.5399999999999991
2014-06-23,002383,37.03,37.08,37.99,36.61,23104,54277462.0,3.73,0.16,0.06,2.25,1.3800000000000026
2014-06-24,002383,37.1,37.44,37.92,37.1,24255,57485815.0,2.21,0.97,0.36,2.36,0.8200000000000003
2014-06-25,002383,37.44,36.05,37.44,35.97,32975,75760851.0,3.93,-3.71,-1.39,3.21,1.4699999999999989
2014-06-26,002383,36.22,36.97,37.13,36.05,41577,96295772.0,3.0,2.55,0.92,4.05,1.0800000000000054
2014-06-27,002383,36.99,38.88,39.45,36.69,66721,161208593.0,7.47,5.17,1.91,6.5,2.760000000000005
2014-06-30,002383,38.94,39.19,40.08,38.42,58352,144828647.0,4.27,0.8,0.31,5.32,1.6599999999999966
2014-07-01,002383,38.91,39.92,39.92,38.31,45693,114017296.0,4.11,1.86,0.73,4.17,1.6099999999999994
2014-07-02,002383,40.42,42.68,43.85,39.91,91423,243644628.0,9.87,6.91,2.76,8.34,3.940000000000005
2014-07-03,002383,42.85,43.48,44.71,42.04,84128,232768337.0,6.26,1.87,0.8,7.67,2.6700000000000017
2014-07-04,002383,43.17,42.95,43.85,42.45,45077,122662071.0,3.22,-1.22,-0.53,4.11,1.3999999999999986
2014-07-07,002383,42.95,43.07,44.3,42.37,48872,133638807.0,4.49,0.28,0.12,4.46,1.9299999999999997
2014-07-08,002383,43.49,43.23,44.4,43.07,49468,136225633.0,3.09,0.37,0.16,4.51,1.3299999999999983
2014-07-09,002383,43.13,42.76,44.63,42.0,65661,180102411.0,6.08,-1.09,-0.47,5.99,2.6300000000000026
2014-07-10,002383,42.1,42.76,43.54,41.23,46031,123647512.0,5.4,0.0,0.0,4.2,2.3100000000000023
2014-07-11,002383,42.6,43.38,43.7,41.82,29848,81076587.0,4.4,1.45,0.62,2.72,1.8800000000000026
2014-07-14,002383,43.1,43.49,43.85,42.62,26084,71279280.0,2.84,0.25,0.11,2.38,1.230000000000004
2014-07-15,002383,42.49,41.76,43.04,41.67,43133,114971694.0,3.15,-3.98,-1.73,3.93,1.3699999999999974
2014-07-16,002383,41.7,41.31,42.21,40.42,34829,90438298.0,4.29,-1.08,-0.45,3.18,1.7899999999999991
2014-07-17,002383,41.34,41.9,41.9,40.73,16356,42665261.0,2.83,1.43,0.59,1.49,1.1700000000000017
2014-07-18,002383,41.7,41.87,42.07,41.36,11418,30122662.0,1.69,-0.07,-0.03,1.04,0.7100000000000009
2014-07-21,002383,41.78,42.37,43.21,41.51,25122,67340550.0,4.06,1.19,0.5,2.29,1.7000000000000028
2014-09-16,002383,46.55,46.55,46.55,46.55,759,2232854.0,0.0,9.87,4.18,0.07,0.0
2014-09-17,002383,51.14,50.93,51.14,48.53,220824,701081600.0,5.61,9.41,4.38,20.15,2.6099999999999994
2014-09-18,002383,48.24,48.95,50.06,47.44,79693,246477843.0,5.14,-3.89,-1.98,7.27,2.6200000000000045
2014-09-19,002383,48.84,50.51,51.34,48.1,77361,246601098.0,6.62,3.19,1.56,7.06,3.240000000000002
2014-09-22,002383,49.78,47.52,49.78,47.41,59462,182134359.0,4.69,-5.92,-2.99,5.42,2.3700000000000045
2014-09-23,002383,48.02,51.5,51.53,48.02,80606,253368019.0,7.39,8.38,3.98,7.35,3.509999999999998
2014-09-24,002383,50.58,51.5,52.73,50.56,83088,272975696.0,4.21,0.0,0.0,7.58,2.1699999999999946
2014-09-25,002383,52.06,51.73,54.3,51.12,82695,278183808.0,6.17,0.45,0.23,7.54,3.1799999999999997
2014-09-26,002383,51.78,50.4,52.09,49.97,44503,142347497.0,4.1,-2.57,-1.33,4.06,2.1200000000000045
2014-09-29,002383,50.09,52.95,53.02,49.78,62616,205613573.0,6.43,5.06,2.55,5.71,3.240000000000002
2014-09-30,002383,52.9,54.18,54.46,52.35,51975,176368313.0,3.98,2.32,1.23,4.74,2.1099999999999994
2014-10-08,002383,53.99,54.4,55.22,52.9,40321,138663818.0,4.28,0.41,0.22,3.68,2.3200000000000003
2014-10-09,002383,53.76,54.77,54.77,51.73,59885,201658336.0,5.59,0.68,0.37,5.46,3.0400000000000063
2014-10-10,002383,53.84,53.49,54.57,52.74,41271,140300495.0,3.34,-2.34,-1.28,3.77,1.8299999999999983
2014-10-13,002383,52.74,52.43,53.06,51.15,50476,165942653.0,3.57,-1.98,-1.06,4.6,1.9100000000000037
2014-10-14,002383,52.12,50.37,52.59,50.26,40609,132014077.0,4.44,-3.93,-2.06,3.7,2.3300000000000054
2014-10-15,002383,50.25,49.83,50.87,49.55,27878,88383876.0,2.62,-1.07,-0.54,2.54,1.3200000000000003
2014-10-16,002383,50.54,50.54,51.92,50.03,44739,144987102.0,3.79,1.42,0.71,4.08,1.8900000000000006
2014-10-17,002383,49.87,48.53,50.25,47.39,39780,121813014.0,5.66,-3.98,-2.01,3.63,2.8599999999999994
2014-10-20,002383,48.69,48.69,49.0,48.22,20555,63210483.0,1.61,0.33,0.16,1.88,0.7800000000000011
2014-10-21,002383,49.0,48.88,50.4,48.77,20359,63903321.0,3.35,0.39,0.19,1.86,1.6299999999999955
2014-10-22,002383,48.92,48.55,49.72,48.31,17235,53273588.0,2.88,-0.68,-0.33,1.57,1.4099999999999966
2014-10-23,002383,48.38,46.38,48.38,46.16,26019,77273318.0,4.57,-4.47,-2.17,2.37,2.220000000000006
2014-10-24,002383,46.32,45.27,47.07,45.05,17923,52123930.0,4.36,-2.39,-1.11,1.64,2.020000000000003
2014-10-27,002383,45.26,46.83,48.11,44.96,23549,69786492.0,6.96,3.45,1.56,2.15,3.1499999999999986
2014-10-28,002383,47.67,49.45,50.05,47.67,34834,108670948.0,5.08,5.59,2.62,3.18,2.3799999999999955
2014-10-29,002383,49.41,49.02,49.8,48.73,35142,109372570.0,2.16,-0.87,-0.43,3.21,1.0700000000000003
2014-10-30,002383,49.02,48.56,49.94,48.31,22084,68254448.0,3.33,-0.94,-0.46,2.01,1.6299999999999955
2014-10-31,002383,48.56,47.83,49.34,47.28,22955,69649413.0,4.24,-1.5,-0.73,2.09,2.0600000000000023
2014-11-03,002383,47.85,48.08,48.38,47.53,15759,47769134.0,1.78,0.52,0.25,1.44,0.8500000000000014
2014-11-04,002383,48.05,46.94,48.06,46.71,17862,53423476.0,2.81,-2.37,-1.14,1.63,1.3500000000000014
2014-11-05,002383,46.93,48.53,48.63,46.93,21742,65886149.0,3.62,3.39,1.59,1.98,1.7000000000000028
2014-11-06,002383,48.53,49.16,49.66,48.53,34576,107583381.0,2.33,1.3,0.63,3.15,1.1299999999999955
2014-11-07,002383,49.0,48.05,49.31,47.83,16489,50744922.0,3.01,-2.26,-1.11,1.5,1.480000000000004
2014-11-10,002383,46.99,46.77,48.03,46.52,22019,65306286.0,3.14,-2.66,-1.28,2.01,1.509999999999998
2014-11-11,002383,46.97,45.46,47.39,45.1,20228,58785959.0,4.9,-2.8,-1.31,1.85,2.289999999999999
2014-11-12,002383,44.63,45.37,45.76,44.63,15311,43891459.0,2.49,-0.2,-0.09,1.4,1.1299999999999955
2014-11-13,002383,45.72,42.9,45.72,42.54,30615,84171088.0,7.01,-5.44,-2.47,2.79,3.1799999999999997
2014-11-14,002383,42.92,43.23,43.82,42.92,15462,42390954.0,2.1,0.77,0.33,1.41,0.8999999999999986
2014-11-17,002383,42.74,44.94,45.18,42.74,19590,54988552.0,5.64,3.96,1.71,1.79,2.4399999999999977
2014-11-18,002383,44.55,44.93,45.66,44.51,13326,38200771.0,2.56,-0.02,-0.01,1.22,1.1499999999999986
2014-11-19,002383,44.98,45.97,46.22,44.83,17776,51289507.0,3.09,2.31,1.04,1.62,1.3900000000000006
2014-11-20,002383,45.85,45.33,46.19,45.22,7117,20433425.0,2.11,-1.39,-0.64,0.65,0.9699999999999989
2014-11-21,002383,45.52,45.61,45.88,45.04,13668,39315445.0,1.85,0.62,0.28,1.25,0.8400000000000034
2014-11-24,002383,45.9,45.52,46.19,45.26,18828,54331744.0,2.04,-0.2,-0.09,1.72,0.9299999999999997
2014-11-25,002383,45.72,47.02,47.24,45.72,24917,73854351.0,3.34,3.3,1.5,2.27,1.5200000000000031
2014-11-26,002383,46.55,48.0,48.0,46.04,33098,98485222.0,4.17,2.08,0.98,3.02,1.9600000000000009
2014-11-27,002383,48.0,47.36,48.17,46.99,22033,66181308.0,2.46,-1.33,-0.64,2.01,1.1799999999999997
2014-11-28,002383,47.38,46.35,47.91,46.19,34325,101279978.0,3.63,-2.13,-1.01,3.13,1.7199999999999989
2014-12-01,002383,46.35,45.41,46.35,44.1,35158,99407393.0,4.85,-2.03,-0.94,3.21,2.25
2014-12-02,002383,45.41,46.05,46.93,45.26,26043,76286824.0,3.68,1.41,0.64,2.38,1.6700000000000017
2014-12-03,002383,45.88,46.93,46.93,44.79,25876,75019403.0,4.65,1.91,0.88,2.36,2.1400000000000006
2014-12-04,002383,46.97,47.19,47.86,46.58,29738,88825870.0,2.73,0.55,0.26,2.71,1.2800000000000011
2014-12-05,002383,46.68,47.83,49.02,42.57,63879,190526521.0,13.67,1.36,0.64,5.83,6.450000000000003
2014-12-08,002383,47.83,48.67,49.2,46.19,71858,220210986.0,6.29,1.76,0.84,6.56,3.010000000000005
2014-12-09,002383,48.24,43.87,48.38,43.87,74172,214202949.0,9.27,-9.86,-4.8,6.77,4.510000000000005
2014-12-10,002383,43.87,44.99,45.15,42.45,56943,156975283.0,6.15,2.55,1.12,5.19,2.6999999999999957
2014-12-11,002383,44.27,44.23,45.22,43.77,36639,102590821.0,3.22,-1.69,-0.76,3.34,1.4499999999999957
2014-12-12,002383,44.16,44.82,45.22,43.98,21881,61802356.0,2.8,1.33,0.59,2.0,1.240000000000002
2014-12-15,002383,44.6,45.3,45.38,44.02,24608,69708010.0,3.03,1.07,0.48,2.24,1.3599999999999994
2014-12-16,002383,45.29,44.62,45.55,44.49,19886,56365687.0,2.34,-1.5,-0.68,1.81,1.0599999999999952
2014-12-17,002383,44.48,43.85,44.54,42.76,33358,91691529.0,3.99,-1.73,-0.77,3.04,1.7800000000000011
2014-12-18,002383,43.31,43.06,43.74,42.82,28395,77456413.0,2.1,-1.8,-0.79,2.59,0.9200000000000017
2014-12-19,002383,42.87,41.22,42.99,40.42,41804,109727265.0,5.97,-4.27,-1.84,3.81,2.5700000000000003
2014-12-22,002383,40.73,37.77,40.73,37.6,33654,81438323.0,7.59,-8.37,-3.45,3.07,3.1299999999999955
2014-12-23,002383,38.24,37.24,38.38,36.96,26506,62863918.0,3.76,-1.4,-0.53,2.42,1.4200000000000017
2014-12-24,002383,37.63,38.58,38.61,37.63,24104,58084231.0,2.63,3.6,1.34,2.2,0.9799999999999969
2014-12-25,002383,38.75,39.67,39.75,38.59,22976,57018282.0,3.01,2.83,1.09,2.1,1.1599999999999966
2014-12-26,002383,39.64,39.37,39.81,38.94,21485,53316498.0,2.19,-0.76,-0.3,1.96,0.8700000000000045
2014-12-29,002383,39.0,38.05,39.02,37.83,23747,57017335.0,3.02,-3.35,-1.32,2.17,1.1900000000000048
2014-12-30,002383,38.05,36.52,38.35,36.44,25148,58672443.0,5.02,-4.02,-1.53,2.29,1.9100000000000037
2014-12-31,002383,36.49,37.71,38.0,36.07,23412,55245878.0,5.28,3.26,1.19,1.79,1.9299999999999997
2015-01-05,002383,37.52,37.25,37.53,36.25,38543,89694274.0,3.39,-1.22,-0.46,2.95,1.2800000000000011
2015-01-06,002383,37.3,39.33,39.8,36.93,42925,104280605.0,7.7,5.58,2.08,3.28,2.8699999999999974
2015-01-07,002383,39.31,39.17,39.67,38.24,36351,89362934.0,3.64,-0.41,-0.16,2.78,1.4299999999999997
2015-01-08,002383,39.11,39.45,39.87,39.02,25925,64347274.0,2.17,0.71,0.28,1.98,0.8499999999999943
2015-01-09,002383,39.61,39.14,39.97,38.98,27819,69270027.0,2.51,-0.79,-0.31,2.13,0.990000000000002
2015-01-12,002383,38.94,37.99,38.95,37.85,18800,45554093.0,2.81,-2.94,-1.15,1.44,1.1000000000000014
2015-01-13,002383,37.57,39.94,39.97,37.55,34454,85850596.0,6.37,5.13,1.95,2.63,2.4200000000000017
2015-01-14,002383,40.26,39.97,40.39,39.11,38140,95716346.0,3.2,0.08,0.03,2.92,1.2800000000000011
2015-01-15,002383,39.94,39.42,40.05,39.27,26491,66112537.0,1.95,-1.38,-0.55,2.02,0.779999999999994
2015-01-16,002383,39.45,39.39,39.91,38.86,44949,111414098.0,2.66,-0.08,-0.03,3.44,1.0499999999999972
2015-01-19,002383,38.86,39.36,40.37,38.42,50583,126618516.0,4.95,-0.08,-0.03,3.87,1.9499999999999957
2015-01-20,002383,39.62,41.11,41.12,39.45,57659,147381662.0,4.24,4.45,1.75,4.41,1.6699999999999946
2015-01-21,002383,41.28,41.64,42.7,41.28,56289,148580891.0,3.45,1.29,0.53,4.3,1.4200000000000017
2015-01-22,002383,41.64,42.87,43.04,41.32,54761,146100647.0,4.13,2.95,1.23,4.19,1.7199999999999989
2015-01-23,002383,42.64,41.84,42.74,41.4,48579,128538065.0,3.13,-2.4,-1.03,3.71,1.3400000000000034
2015-01-26,002383,41.96,42.17,42.54,41.53,38514,102053976.0,2.41,0.79,0.33,2.94,1.009999999999998
2015-01-27,002383,43.37,43.84,43.98,42.34,79058,215542632.0,3.89,3.96,1.67,6.04,1.6399999999999935
2015-01-28,002383,43.31,43.84,44.2,43.17,39292,108659809.0,2.35,0.0,0.0,3.0,1.0300000000000011
2015-02-09,002383,45.08,41.73,46.35,41.28,62857,174365710.0,11.56,-4.81,-2.11,4.8,5.07
2015-02-10,002383,41.14,41.03,41.34,39.48,45677,115963489.0,4.46,-1.68,-0.7,3.49,1.8600000000000065
2015-02-11,002383,40.97,41.61,42.14,40.64,23248,61102981.0,3.66,1.41,0.58,1.78,1.5
2015-02-12,002383,41.51,41.4,42.14,41.25,29627,77869503.0,2.14,-0.5,-0.21,2.26,0.8900000000000006
2015-02-13,002383,41.59,41.78,42.37,41.47,37123,98322373.0,2.17,0.92,0.38,2.84,0.8999999999999986
2015-02-16,002383,41.98,44.59,44.79,41.98,50640,139855363.0,6.73,6.73,2.81,3.87,2.8100000000000023
2015-02-17,002383,44.63,44.18,44.63,43.62,31608,87832165.0,2.27,-0.92,-0.41,2.42,1.0100000000000051
2015-02-25,002383,44.27,44.62,45.86,44.18,52403,148713524.0,3.8,1.0,0.44,4.01,1.6799999999999997
2015-02-26,002383,44.71,44.04,45.04,43.7,37290,104306339.0,3.0,-1.3,-0.58,2.85,1.3399999999999963
2015-02-27,002383,44.43,45.13,45.33,44.05,44632,126480891.0,2.91,2.48,1.09,3.41,1.2800000000000011
2015-03-02,002383,45.54,45.51,45.54,44.65,56028,159757396.0,1.97,0.84,0.38,4.28,0.8900000000000006
2015-03-03,002383,45.01,45.86,46.8,44.37,76687,222615336.0,5.34,0.77,0.35,5.86,2.4299999999999997
2015-03-04,002383,46.35,46.32,46.43,45.57,42961,125298089.0,1.88,1.0,0.46,3.28,0.8599999999999994
2015-03-05,002383,46.38,48.28,49.16,46.38,85521,259957160.0,6.0,4.23,1.96,6.54,2.779999999999994
2015-03-06,002383,48.19,47.28,49.42,46.89,74505,224827664.0,5.24,-2.07,-1.0,5.69,2.530000000000001
2015-03-09,002383,47.02,47.91,47.91,46.04,31234,92932228.0,3.96,1.33,0.63,2.39,1.8699999999999974
2015-03-10,002383,47.91,50.09,51.26,47.91,100401,318556720.0,6.99,4.55,2.18,7.67,3.3500000000000014
2015-03-11,002383,50.06,51.17,51.9,49.83,55495,179730255.0,4.13,2.16,1.08,4.24,2.0700000000000003
2015-03-12,002383,51.45,48.67,51.45,48.25,48792,152388811.0,6.25,-4.89,-2.5,3.73,3.200000000000003
2015-03-13,002383,49.16,52.42,53.48,49.16,79309,259634084.0,8.88,7.7,3.75,6.06,4.32
2015-03-16,002383,52.79,56.33,57.58,52.45,100817,355103472.0,9.79,7.46,3.91,7.71,5.1299999999999955
2015-03-17,002383,56.02,56.41,58.61,55.32,86869,314671040.0,5.84,0.14,0.08,6.64,3.289999999999999
2015-03-18,002383,55.41,58.56,59.92,55.36,54557,199514163.0,8.08,3.81,2.15,4.17,4.560000000000002
2015-03-19,002383,58.59,58.83,59.45,57.42,54748,203123743.0,3.47,0.46,0.27,4.18,2.030000000000001
2015-03-20,002383,58.64,59.84,60.47,57.74,51062,192193980.0,4.64,1.72,1.01,3.9,2.729999999999997
2015-03-23,002383,59.61,58.69,59.61,56.88,97916,360178000.0,4.56,-1.92,-1.15,7.48,2.729999999999997
2015-03-24,002383,58.36,59.92,60.7,56.33,111691,415416208.0,7.45,2.1,1.23,8.54,4.3700000000000045
2015-03-25,002383,59.92,59.22,60.47,58.36,74180,279290304.0,3.52,-1.17,-0.7,5.67,2.1099999999999994
2015-03-26,002383,58.05,53.99,58.05,53.51,147145,518113504.0,7.67,-8.83,-5.23,11.25,4.539999999999999
2015-03-27,002383,54.46,55.44,55.55,52.12,104714,358223776.0,6.35,2.69,1.45,8.0,3.4299999999999997
2015-03-30,002383,54.93,60.92,60.92,53.84,160785,576008288.0,12.77,9.88,5.48,12.29,7.079999999999998
2015-03-31,002383,60.93,59.06,60.93,58.39,148061,559987664.0,4.17,-3.05,-1.86,11.32,2.539999999999999
2015-04-01,002383,59.03,61.23,62.57,58.24,158189,602217536.0,7.33,3.67,2.17,12.09,4.329999999999998
2015-04-02,002383,61.25,64.18,65.07,60.39,171739,683133136.0,7.64,4.82,2.95,13.13,4.679999999999993
2015-04-03,002383,63.04,64.58,66.47,62.26,99378,407186944.0,6.56,0.62,0.4,7.6,4.210000000000001
2015-04-07,002383,64.6,64.55,66.72,63.09,87257,358654128.0,5.62,-0.05,-0.03,6.67,3.6299999999999955
2015-04-08,002383,64.55,63.51,65.93,63.31,86714,353902624.0,4.06,-1.61,-1.04,6.63,2.6200000000000045
2015-04-09,002383,63.16,60.78,63.98,57.27,99089,376953440.0,10.57,-4.3,-2.73,7.57,6.709999999999994
2015-04-10,002383,60.47,62.73,63.82,59.58,73253,291386800.0,6.98,3.21,1.95,5.6,4.240000000000002
2015-04-13,002383,65.85,63.07,66.16,62.26,87947,355384352.0,6.22,0.54,0.34,6.72,3.8999999999999986
2015-04-14,002383,63.35,62.35,63.51,60.98,61782,243871402.0,4.01,-1.14,-0.72,4.72,2.530000000000001
2015-04-15,002383,61.87,59.23,61.87,57.88,78054,296155696.0,6.4,-5.0,-3.12,5.97,3.989999999999995
2015-04-16,002383,58.45,59.37,60.43,57.41,64935,243669750.0,5.1,0.24,0.14,4.96,3.020000000000003
2015-04-17,002383,59.84,59.8,60.61,57.75,76832,288729520.0,4.82,0.72,0.43,5.87,2.8599999999999994
2015-04-20,002383,57.6,57.74,59.97,57.42,82526,307409280.0,4.26,-3.44,-2.06,6.31,2.549999999999997
2015-04-21,002383,57.81,63.43,63.45,57.81,116921,458090176.0,9.77,9.85,5.69,8.94,5.640000000000001
2015-04-22,002383,63.82,68.13,69.39,63.63,156869,676188608.0,9.08,7.41,4.7,11.99,5.759999999999998
2015-04-23,002383,68.11,67.95,70.84,66.58,71544,310655616.0,6.25,-0.26,-0.18,5.47,4.260000000000005
2015-04-24,002383,67.41,70.61,71.5,66.14,84815,374246992.0,7.89,3.91,2.66,6.48,5.359999999999999
2015-04-27,002383,72.82,70.25,75.47,69.34,80227,369571088.0,8.68,-0.51,-0.36,6.13,6.1299999999999955
2015-04-28,002383,69.22,69.28,70.84,66.75,86732,373948688.0,5.82,-1.38,-0.97,6.63,4.090000000000003
2015-04-29,002383,67.74,71.57,73.32,67.74,54041,243229479.0,8.05,3.31,2.29,4.13,5.579999999999998
2015-04-30,002383,72.4,71.42,74.3,71.42,41169,189870306.0,4.02,-0.21,-0.15,3.15,2.8799999999999955
2015-05-04,002383,70.53,70.11,72.4,68.52,43167,193015412.0,5.43,-1.83,-1.31,3.3,3.8800000000000097
2015-05-05,002383,69.83,67.41,70.82,67.24,41011,178292819.0,5.11,-3.85,-2.7,3.13,3.5799999999999983
2015-05-06,002383,67.72,71.87,74.08,67.52,122182,560097408.0,9.73,6.62,4.46,9.34,6.560000000000002
2015-06-03,002383,79.0,79.0,79.0,79.0,550,2762800.0,0.0,9.92,7.13,0.04,0.0
2015-06-04,002383,86.83,86.83,86.83,86.8,27186,150201873.0,0.04,9.91,7.83,2.08,0.030000000000001137
2015-06-05,002383,90.5,95.33,95.46,86.91,195449,1168841968.0,9.85,9.79,8.5,14.94,8.549999999999997
2015-06-08,002383,91.15,95.36,100.4,91.15,128740,774057536.0,9.7,0.03,0.03,9.84,9.25
2015-06-09,002383,94.24,98.48,99.19,91.43,73390,451226016.0,8.14,3.27,3.12,5.61,7.759999999999991
2015-06-10,002383,99.86,99.7,102.48,93.91,90610,566373520.0,8.7,1.24,1.22,6.93,8.570000000000007
2015-06-11,002383,98.92,97.52,102.04,95.61,70354,440827648.0,6.45,-2.19,-2.18,5.38,6.430000000000007
2015-06-12,002383,97.16,100.6,104.63,96.07,75357,486628672.0,8.78,3.16,3.08,5.76,8.560000000000002
2015-06-15,002383,101.63,95.02,104.85,93.85,70567,438621888.0,10.93,-5.55,-5.58,5.39,11.0
2015-06-16,002383,92.34,93.16,94.99,86.44,65013,376346736.0,9.0,-1.96,-1.86,4.97,8.549999999999997
2015-06-17,002383,94.08,98.11,99.78,91.74,68740,424306784.0,8.63,5.31,4.95,5.25,8.040000000000006
2015-06-18,002383,97.38,91.28,100.31,89.56,53810,324343104.0,10.96,-6.96,-6.83,4.11,10.75
2015-06-19,002383,88.0,82.27,88.78,82.21,78643,419852912.0,7.2,-9.87,-9.01,6.01,6.570000000000007
2015-06-23,002383,82.29,83.79,84.71,74.19,58711,298757808.0,12.79,1.85,1.52,4.49,10.519999999999996
2015-06-24,002383,84.1,84.38,85.82,78.06,64234,338803744.0,9.26,0.7,0.59,4.91,7.759999999999991
2015-06-25,002383,84.4,82.01,87.5,80.2,80478,431260976.0,8.65,-2.81,-2.37,6.15,7.299999999999997
2015-06-26,002383,78.8,73.87,81.76,73.87,41676,201479809.0,9.62,-9.93,-8.14,3.19,7.890000000000001
2015-06-29,002383,76.07,66.55,76.13,66.55,55426,239760874.0,12.97,-9.91,-7.32,4.24,9.579999999999998
2015-06-30,002383,62.88,71.2,71.82,59.97,113853,476094368.0,17.81,6.99,4.65,8.7,11.849999999999994
2015-07-01,002383,75.54,73.8,78.25,72.4,129021,629531296.0,8.22,3.65,2.6,9.86,5.849999999999994
2015-07-02,002383,73.87,66.49,76.3,66.49,117769,524744400.0,13.29,-9.91,-7.31,9.0,9.810000000000002
2015-07-03,002383,62.49,59.9,67.53,59.9,105602,410359008.0,11.48,-9.91,-6.59,8.07,7.630000000000003
2015-07-06,002383,64.76,53.98,64.91,53.98,92313,342188512.0,18.25,-9.88,-5.92,7.06,10.93
2015-07-07,002383,48.64,48.64,48.64,48.64,11349,34920873.0,0.0,-9.89,-5.34,0.87,0.0
2015-08-10,002383,53.45,53.45,53.45,53.45,4216,14269501.0,0.0,9.89,4.81,0.32,0.0
2015-08-11,002383,58.73,58.73,58.73,58.73,204,760142.0,0.0,9.88,5.28,0.02,0.0
2015-08-12,002383,64.54,64.54,64.54,64.54,12614,51665920.0,0.0,9.89,5.81,0.96,0.0
2015-08-13,002383,67.72,70.93,70.93,65.41,259383,1116387152.0,8.55,9.9,6.39,19.83,5.52000000000001
2015-08-14,002383,69.9,72.4,74.24,69.28,147275,675591488.0,6.99,2.07,1.47,11.26,4.959999999999994
2015-08-17,002383,69.45,70.08,72.24,68.38,103052,457483696.0,5.33,-3.2,-2.32,7.88,3.8599999999999994
2015-08-18,002383,70.84,64.99,73.38,63.32,142987,633511632.0,14.36,-7.26,-5.09,10.93,10.059999999999995
2015-08-19,002383,61.64,68.75,69.44,61.48,105978,440173408.0,12.25,5.79,3.76,8.1,7.960000000000001
2015-08-20,002383,68.0,67.89,70.68,66.94,99635,437139568.0,5.44,-1.25,-0.86,7.62,3.740000000000009
2015-08-21,002383,66.94,63.02,69.12,62.26,71023,294868384.0,10.1,-7.17,-4.87,5.43,6.8600000000000065
2015-08-24,002383,59.3,56.78,61.46,56.78,33964,123538377.0,7.43,-9.9,-6.24,2.6,4.68
2015-08-25,002383,51.17,51.17,53.52,51.17,58753,191159710.0,4.14,-9.88,-5.61,4.49,2.3500000000000014
2015-08-26,002383,51.17,46.11,51.34,46.11,114039,343910880.0,10.22,-9.89,-5.06,8.72,5.230000000000004
2015-08-27,002383,46.66,46.39,49.0,42.06,95859,277012816.0,15.05,0.61,0.28,7.33,6.939999999999998
2015-08-28,002383,48.06,50.97,50.97,46.5,108125,331433920.0,9.64,9.87,4.58,8.26,4.469999999999999
2015-08-31,002383,50.56,50.95,52.42,50.11,98661,322180144.0,4.53,-0.04,-0.02,7.54,2.3100000000000023
2015-09-01,002383,50.56,45.93,50.56,45.93,68230,202333785.0,9.09,-9.85,-5.02,5.22,4.630000000000003
2015-09-02,002383,41.78,41.42,47.24,41.4,68312,185101971.0,12.72,-9.82,-4.51,5.22,5.840000000000003
2015-09-07,002383,42.32,42.12,44.79,41.71,52243,142061241.0,7.44,1.69,0.7,3.99,3.0799999999999983
2015-09-08,002383,41.32,44.44,45.33,40.73,54991,150527007.0,10.92,5.51,2.32,4.2,4.600000000000001
2015-09-09,002383,45.35,46.97,48.25,45.33,65700,194084470.0,6.57,5.69,2.53,5.02,2.9200000000000017
2015-09-10,002383,45.86,45.6,48.16,45.19,58055,171821590.0,6.32,-2.92,-1.37,4.44,2.969999999999999
2015-09-11,002383,47.14,48.0,49.78,47.05,67162,204767799.0,5.99,5.26,2.4,5.13,2.730000000000004
2015-09-14,002383,48.1,43.26,48.67,43.26,52655,152894378.0,11.27,-9.88,-4.74,4.02,5.410000000000004
2015-09-15,002383,41.2,39.0,42.53,39.0,51634,131088618.0,8.16,-9.85,-4.26,3.95,3.530000000000001
2015-09-16,002383,38.8,42.84,42.84,36.6,111181,278491600.0,16.0,9.85,3.84,8.5,6.240000000000002
2015-09-17,002383,42.45,41.01,44.49,40.59,130476,350366768.0,9.1,-4.27,-1.83,9.97,3.8999999999999986
2015-09-18,002383,41.36,40.89,41.79,39.2,76013,194596264.0,6.32,-0.29,-0.12,5.81,2.5899999999999963
2015-09-21,002383,40.26,43.38,43.51,39.5,101268,269452320.0,9.81,6.09,2.49,7.74,4.009999999999998
2015-09-22,002383,44.16,45.57,46.43,43.7,120307,343321536.0,6.29,5.05,2.19,9.2,2.729999999999997
2015-09-23,002383,43.9,44.46,45.33,43.85,70340,197930519.0,3.25,-2.44,-1.11,5.38,1.4799999999999969
2015-09-24,002383,45.02,45.51,46.19,44.63,88093,253364289.0,3.51,2.36,1.05,6.73,1.5599999999999952
2015-09-25,002383,45.13,45.21,47.41,44.63,107082,311934304.0,6.11,-0.66,-0.3,8.18,2.779999999999994
2015-09-28,002383,44.49,46.35,46.6,42.48,76333,215504126.0,9.11,2.52,1.14,5.83,4.1200000000000045
2015-09-29,002383,45.1,44.43,45.68,44.16,51300,145429272.0,3.28,-4.14,-1.92,3.92,1.5200000000000031
2015-09-30,002383,44.63,44.91,46.3,44.04,50344,143635426.0,5.09,1.08,0.48,3.85,2.259999999999998
2015-10-08,002383,46.74,48.06,48.34,45.88,76296,227859287.0,5.48,7.01,3.15,5.83,2.460000000000001
2015-10-09,002383,48.06,48.0,48.91,46.97,73633,222981719.0,4.04,-0.12,-0.06,5.63,1.9399999999999977
2015-10-12,002383,48.84,50.72,51.31,48.22,82652,262682438.0,6.44,5.67,2.72,6.32,3.0900000000000034
2015-10-13,002383,50.23,51.92,52.04,49.87,63028,204028983.0,4.28,2.37,1.2,4.82,2.1700000000000017
2015-10-14,002383,51.81,50.25,52.43,49.86,58600,189234134.0,4.95,-3.22,-1.67,4.48,2.5700000000000003
2015-10-15,002383,49.34,52.35,52.35,48.73,84568,270497152.0,7.2,4.18,2.1,6.46,3.6200000000000045
2015-10-16,002383,52.53,52.09,53.34,50.79,75297,247535205.0,4.87,-0.5,-0.26,5.76,2.5500000000000043
2015-10-19,002383,52.2,50.68,52.2,49.33,114215,365489504.0,5.51,-2.71,-1.41,8.73,2.8700000000000045
2015-10-20,002383,51.17,55.69,55.69,50.79,166806,568953856.0,9.67,9.89,5.01,12.75,4.899999999999999
2015-10-21,002383,55.55,50.19,56.0,50.19,161487,546619152.0,10.43,-9.88,-5.5,12.34,5.810000000000002
2015-10-22,002383,50.19,51.61,51.81,48.69,114024,364271456.0,6.22,2.83,1.42,8.72,3.1200000000000045
2015-10-23,002383,51.67,52.53,53.84,51.28,117906,393552576.0,4.96,1.78,0.92,9.01,2.5600000000000023
2015-10-26,002383,53.38,54.74,55.72,52.88,119180,409017280.0,5.41,4.21,2.21,9.11,2.8399999999999963
2015-10-27,002383,53.91,59.25,60.08,53.21,162689,583195376.0,12.55,8.24,4.51,12.44,6.869999999999997
2015-10-28,002383,57.86,55.79,58.84,55.47,104639,380030144.0,5.69,-5.84,-3.46,8.0,3.3700000000000045
2015-10-29,002383,56.61,55.97,57.94,54.62,71908,257514577.0,5.95,0.32,0.18,5.5,3.3200000000000003
2015-10-30,002383,55.05,55.08,56.72,54.15,76727,269126304.0,4.59,-1.59,-0.89,5.86,2.5700000000000003
2015-11-02,002383,53.46,52.56,55.75,52.12,79119,271754224.0,6.59,-4.58,-2.52,6.05,3.6300000000000026
2015-11-03,002383,52.88,52.12,54.05,51.31,69874,231604845.0,5.21,-0.84,-0.44,5.34,2.739999999999995
2015-11-04,002383,52.46,55.24,55.55,52.35,120822,412088352.0,6.14,5.99,3.12,9.24,3.1999999999999957
2015-11-05,002383,55.33,56.8,57.58,54.79,123448,439487536.0,5.05,2.82,1.56,9.44,2.789999999999999
2015-11-06,002383,56.52,58.2,59.3,56.35,93135,342235552.0,5.19,2.46,1.4,7.12,2.9499999999999957
2015-11-09,002383,57.58,60.2,60.67,55.79,115535,429416160.0,8.38,3.44,2.0,8.83,4.880000000000003
2015-11-10,002383,59.61,59.2,60.86,58.17,79911,301371440.0,4.47,-1.66,-1.0,6.11,2.6899999999999977
2015-11-11,002383,60.04,60.54,61.25,59.53,90988,348030896.0,2.91,2.26,1.34,6.95,1.7199999999999989
2015-11-12,002383,60.62,61.57,63.6,60.59,97189,383689840.0,4.97,1.7,1.03,7.43,3.009999999999998
2015-11-13,002383,59.53,56.55,59.72,55.47,170365,619045472.0,6.9,-8.15,-5.02,13.02,4.25
2015-11-16,002383,54.71,57.91,58.09,53.99,74305,267433746.0,7.25,2.4,1.36,5.68,4.100000000000001
2015-11-17,002383,58.22,57.55,61.17,57.44,110802,417869232.0,6.44,-0.62,-0.36,8.47,3.730000000000004
2015-11-18,002383,57.53,56.69,58.81,56.33,62231,227331061.0,4.31,-1.49,-0.86,4.76,2.480000000000004
2015-11-19,002383,57.03,59.0,59.08,56.64,67662,249026971.0,4.3,4.07,2.31,5.17,2.4399999999999977
2015-11-20,002383,59.14,61.64,63.82,59.14,97791,382945632.0,7.93,4.47,2.64,7.47,4.68
2015-11-23,002383,62.09,62.62,64.41,61.64,108351,433978416.0,4.49,1.59,0.98,8.28,2.769999999999996
2015-11-24,002383,62.62,66.78,68.03,62.6,123840,514734464.0,8.67,6.64,4.16,9.47,5.43
2015-11-25,002383,67.24,66.41,67.72,65.11,93099,392007792.0,3.91,-0.55,-0.37,7.12,2.6099999999999994
2015-11-26,002383,66.39,66.08,67.95,65.16,80791,341391744.0,4.2,-0.5,-0.33,6.18,2.7900000000000063
2015-11-27,002383,66.49,61.48,67.72,60.23,101615,415349616.0,11.33,-6.96,-4.6,7.77,7.490000000000002
2015-11-30,002383,61.32,63.98,64.12,57.11,95572,372465808.0,11.4,4.07,2.5,7.31,7.010000000000005
2015-12-01,002383,63.98,62.88,65.07,61.01,63246,254194976.0,6.35,-1.72,-1.1,4.83,4.059999999999995
2015-12-02,002383,62.15,61.28,63.91,57.7,67335,258866899.0,9.88,-2.54,-1.6,5.15,6.209999999999994
2015-12-03,002383,61.34,63.41,63.54,61.28,61263,244399619.0,3.69,3.48,2.13,4.68,2.259999999999998
2015-12-04,002383,63.04,60.86,64.96,59.92,82763,328679024.0,7.95,-4.02,-2.55,6.33,5.039999999999992
2015-12-07,002383,61.01,61.25,61.4,59.16,75628,289076128.0,3.68,0.64,0.39,5.78,2.240000000000002
2015-12-08,002383,60.31,62.26,62.87,59.61,79502,308831632.0,5.32,1.65,1.01,6.08,3.259999999999998
2015-12-09,002383,61.48,60.08,62.24,59.89,69354,268415882.0,3.77,-3.5,-2.18,5.3,2.3500000000000014
2015-12-10,002383,60.25,60.04,61.46,59.26,57566,220144605.0,3.66,-0.07,-0.04,4.4,2.200000000000003
2015-12-11,002383,60.15,62.12,62.76,59.65,76283,296529264.0,5.18,3.46,2.08,5.83,3.1099999999999994
2015-12-14,002383,61.48,63.59,64.21,60.51,70766,279808848.0,5.96,2.37,1.47,5.41,3.6999999999999957
2016-03-17,002383,57.3,57.3,57.3,57.3,3736,13569152.0,0.0,-9.89,-6.29,0.29,0.0
2016-03-18,002383,51.64,55.29,57.02,51.64,329830,1114674352.0,9.39,-3.51,-2.01,25.21,5.380000000000003
2016-03-21,002383,52.93,55.4,55.55,52.71,232987,797719744.0,5.14,0.2,0.11,17.81,2.8399999999999963
2016-03-22,002383,54.94,53.56,55.02,53.29,158560,541497392.0,3.12,-3.32,-1.84,12.12,1.730000000000004
2016-03-23,002383,53.37,54.02,54.12,53.04,99448,338773872.0,2.02,0.86,0.46,7.6,1.0799999999999983
2016-03-24,002383,54.04,55.57,56.78,53.65,167723,592499600.0,5.79,2.87,1.55,12.82,3.1300000000000026
2016-03-25,002383,55.69,54.3,56.49,53.52,105108,362906192.0,5.34,-2.29,-1.27,8.03,2.969999999999999
2016-03-28,002383,54.41,53.6,55.55,53.4,84002,290340864.0,3.96,-1.29,-0.7,6.42,2.1499999999999986
2016-03-29,002383,53.06,51.36,53.66,50.34,84274,277005456.0,6.19,-4.18,-2.24,6.44,3.319999999999993
2016-03-30,002383,51.34,53.24,53.37,51.34,88987,294026096.0,3.95,3.66,1.88,6.8,2.029999999999994
2016-03-31,002383,53.37,53.17,54.19,52.93,81664,277016560.0,2.37,-0.13,-0.07,6.24,1.259999999999998
2016-04-01,002383,52.9,51.73,52.9,51.43,63338,208025793.0,2.76,-2.71,-1.44,4.84,1.4699999999999989
2016-04-05,002383,52.0,53.96,53.96,51.79,76153,255698446.0,4.19,4.31,2.23,5.82,2.1700000000000017
2016-04-06,002383,53.68,54.68,55.6,53.37,97197,337721008.0,4.13,1.33,0.72,7.43,2.230000000000004
2016-04-07,002383,54.68,53.37,55.08,53.21,71264,242970758.0,3.42,-2.4,-1.31,5.45,1.8699999999999974
2016-04-08,002383,52.6,52.31,52.9,51.61,54709,180528313.0,2.42,-1.99,-1.06,4.18,1.2899999999999991
2016-04-11,002383,53.46,53.56,53.99,52.73,52074,176169188.0,2.41,2.39,1.25,3.98,1.2600000000000051
2016-04-12,002383,53.48,52.59,53.62,52.01,42401,141396257.0,3.01,-1.81,-0.97,3.24,1.6099999999999994
2016-04-13,002383,52.74,53.21,53.96,52.74,67961,230278969.0,2.32,1.18,0.62,5.19,1.2199999999999989
2016-04-14,002383,53.29,53.8,53.91,52.81,52343,176936074.0,2.07,1.11,0.59,4.0,1.0999999999999943
2016-04-15,002383,54.04,56.29,56.46,53.68,141403,496508576.0,5.17,4.63,2.49,10.81,2.780000000000001
2016-04-18,002383,55.83,54.87,55.83,54.54,73500,256334649.0,2.29,-2.52,-1.42,5.62,1.2899999999999991
2016-04-19,002383,55.08,57.27,57.28,54.32,115973,411595568.0,5.39,4.37,2.4,8.86,2.960000000000001
2016-04-20,002383,56.92,52.88,57.11,51.64,125253,432101248.0,9.55,-7.67,-4.39,9.57,5.469999999999999
2016-04-21,002383,52.9,50.01,52.9,49.98,78425,255900247.0,5.52,-5.43,-2.87,5.99,2.9200000000000017
2016-04-22,002383,48.94,49.69,50.56,48.69,54208,169876872.0,3.74,-0.64,-0.32,4.14,1.8700000000000045
2016-04-25,002383,49.59,49.62,50.48,48.69,43269,135743442.0,3.6,-0.14,-0.07,3.31,1.7899999999999991
2016-04-26,002383,49.64,49.76,49.92,48.8,42885,133877850.0,2.26,0.28,0.14,3.28,1.1200000000000045
2016-04-27,002383,49.92,48.95,50.23,48.7,37773,118507235.0,3.07,-1.63,-0.81,2.89,1.529999999999994
2016-04-28,002383,49.12,47.32,49.16,45.88,80115,239114693.0,6.7,-3.33,-1.63,6.12,3.279999999999994
2016-04-29,002383,46.96,48.06,48.56,46.77,54932,165736421.0,3.78,1.56,0.74,4.2,1.7899999999999991
2016-05-03,002383,47.77,50.33,50.33,47.44,76111,235941841.0,6.01,4.72,2.27,5.82,2.8900000000000006
2016-05-04,002383,49.78,51.95,54.29,49.78,100458,331925408.0,8.96,3.22,1.62,7.68,4.509999999999998
2016-05-05,002383,52.12,53.37,53.95,51.92,82473,278037040.0,3.91,2.73,1.42,6.3,2.030000000000001
2016-05-06,002383,53.17,48.66,53.57,48.53,84044,272129136.0,9.44,-8.83,-4.71,6.42,5.039999999999999
2016-05-09,002383,48.28,45.94,48.28,45.9,56875,167630675.0,4.89,-5.59,-2.72,4.24,2.3800000000000026
2016-05-10,002383,46.13,46.54,47.13,45.82,40930,120031101.0,2.85,1.31,0.6,3.05,1.3100000000000023
2016-05-11,002383,46.96,44.94,46.96,44.76,51084,147140743.0,4.73,-3.44,-1.6,3.81,2.200000000000003
2016-05-12,002383,43.93,43.91,44.23,42.45,58906,160768780.0,3.96,-2.29,-1.03,4.39,1.779999999999994
2016-05-13,002383,43.66,43.06,44.48,42.6,67390,184849511.0,4.28,-1.94,-0.85,5.03,1.8799999999999955
2016-05-16,002383,42.92,43.82,43.9,42.57,43643,119385309.0,3.09,1.76,0.76,3.26,1.3299999999999983
2016-05-17,002383,43.62,45.07,45.65,43.62,69678,196874614.0,4.63,2.85,1.25,5.2,2.030000000000001
2016-05-18,002383,44.6,43.24,44.6,42.57,53135,146595436.0,4.5,-4.06,-1.83,3.96,2.030000000000001
2016-05-19,002383,43.21,43.82,44.44,43.21,36337,100871920.0,2.84,1.34,0.58,2.71,1.2299999999999969
2016-05-20,002383,43.31,45.52,45.79,43.07,62224,175990657.0,6.21,3.88,1.7,4.64,2.719999999999999
2016-05-23,002383,45.96,46.52,46.64,45.22,55723,162557102.0,3.12,2.2,1.0,4.07,1.4200000000000017
2016-05-24,002383,46.35,45.41,46.39,45.07,41960,120966183.0,2.84,-2.39,-1.11,3.07,1.3200000000000003
2016-05-25,002383,46.35,46.19,48.19,45.93,63430,188898434.0,4.98,1.72,0.78,4.64,2.259999999999998
2016-05-26,002383,45.88,47.1,47.41,45.44,41157,120637055.0,4.26,1.97,0.91,3.01,1.9699999999999989
2016-05-27,002383,46.69,47.13,47.88,46.69,37328,111928638.0,2.53,0.06,0.03,2.73,1.1900000000000048
2016-05-30,002383,46.52,46.33,47.27,45.26,35399,103691306.0,4.26,-1.7,-0.8,2.59,2.010000000000005
2016-05-31,002383,46.36,49.02,49.61,46.33,60592,184957194.0,7.08,5.81,2.69,4.43,3.280000000000001
2016-06-01,002383,49.02,48.61,49.7,48.53,54495,169007551.0,2.39,-0.84,-0.41,3.98,1.1700000000000017
2016-06-02,002383,48.64,48.86,49.08,48.03,47285,144843318.0,2.16,0.51,0.25,3.46,1.0499999999999972
2016-06-03,002383,49.16,48.55,49.3,48.27,43231,132823724.0,2.11,-0.63,-0.31,3.16,1.029999999999994
2016-06-06,002383,48.67,48.73,49.0,48.13,33410,102463640.0,1.79,0.37,0.18,2.44,0.8699999999999974
2016-06-07,002383,48.84,49.09,49.34,48.39,33149,102613888.0,1.95,0.74,0.36,2.42,0.9500000000000028
2016-06-08,002383,49.12,52.54,53.95,48.63,137993,451289488.0,10.84,7.03,3.45,10.09,5.32
2016-06-13,002383,52.59,51.01,55.54,51.0,154192,524535584.0,8.64,-2.91,-1.53,11.27,4.539999999999999
2016-06-14,002383,50.53,51.03,52.12,50.05,72405,234297370.0,4.06,0.04,0.02,5.29,2.0700000000000003
2016-06-15,002383,50.34,53.84,54.18,50.09,83728,279801584.0,8.01,5.51,2.81,6.12,4.089999999999996
2016-06-16,002383,53.99,53.84,55.4,52.54,114910,393644240.0,5.31,0.0,0.0,8.4,2.8599999999999994
2016-06-17,002383,55.47,54.3,56.83,53.85,90740,315569952.0,5.53,0.85,0.46,6.63,2.979999999999997
2016-06-20,002383,53.68,54.65,54.87,53.18,62172,212148680.0,3.11,0.64,0.35,4.55,1.6899999999999977
2016-06-21,002383,55.22,55.08,56.14,54.82,87815,308374352.0,2.42,0.79,0.43,6.42,1.3200000000000003
2016-06-22,002383,54.54,55.71,55.71,53.52,60476,209221157.0,3.98,1.14,0.63,4.42,2.1899999999999977
2016-06-30,002383,59.05,56.53,59.05,56.18,99256,361292848.0,5.15,1.47,0.82,6.85,2.8699999999999974
2016-07-01,002383,56.18,57.94,59.25,56.18,87377,322741600.0,5.43,2.49,1.41,6.03,3.0700000000000003
2016-07-04,002383,57.42,59.75,59.9,57.07,97190,360719856.0,4.88,3.12,1.81,6.71,2.8299999999999983
2016-07-05,002383,59.83,59.84,61.17,58.92,83620,318320832.0,3.77,0.15,0.09,5.77,2.25
2016-07-06,002383,59.14,59.45,59.81,58.66,50297,188953460.0,1.92,-0.65,-0.39,3.47,1.1500000000000057
2016-07-07,002383,59.3,57.81,59.45,57.36,66385,244343869.0,3.52,-2.76,-1.64,4.58,2.0900000000000034
2016-07-08,002383,58.02,58.02,59.14,57.67,48621,180316113.0,2.54,0.36,0.21,3.36,1.4699999999999989
2016-07-11,002383,58.22,56.25,58.64,55.85,71257,259903973.0,4.81,-3.05,-1.77,4.92,2.789999999999999
2016-07-12,002383,56.41,56.63,56.94,55.07,67606,240029793.0,3.32,0.68,0.38,4.67,1.8699999999999974
2016-07-13,002383,56.57,58.11,59.23,56.57,61016,224969114.0,4.7,2.61,1.48,4.21,2.6599999999999966
2016-07-14,002383,58.13,58.11,59.2,57.42,42062,155573371.0,3.06,0.0,0.0,2.9,1.7800000000000011
2016-07-15,002383,57.42,55.9,57.42,55.58,76377,272216112.0,3.17,-3.8,-2.21,5.27,1.8400000000000034
2016-07-18,002383,55.68,54.54,55.79,53.98,53164,184177184.0,3.24,-2.43,-1.36,3.67,1.8100000000000023
2016-07-19,002383,54.69,55.49,55.6,54.13,38499,133998612.0,2.7,1.74,0.95,2.66,1.4699999999999989
2016-07-20,002383,55.54,56.19,56.24,54.96,37602,132993813.0,2.31,1.26,0.7,2.6,1.2800000000000011
2016-07-21,002383,56.8,55.63,57.44,55.46,46321,166339461.0,3.52,-1.0,-0.56,3.2,1.9799999999999969
2016-07-22,002383,55.65,56.11,57.03,55.3,40204,143846530.0,3.11,0.86,0.48,2.78,1.730000000000004
2016-07-25,002383,56.61,57.89,58.38,55.86,70856,258491817.0,4.49,3.17,1.78,4.89,2.520000000000003
2016-07-26,002383,58.02,58.09,59.08,57.63,52681,194949195.0,2.5,0.35,0.2,3.64,1.4499999999999957
2016-07-27,002383,58.05,55.57,58.08,54.77,66880,238440444.0,5.7,-4.34,-2.52,4.62,3.309999999999995
2016-07-28,002383,55.69,55.26,55.86,53.02,45269,156922721.0,5.11,-0.56,-0.31,3.12,2.8399999999999963
2016-07-29,002383,55.55,54.09,55.55,53.46,29215,100292684.0,3.78,-2.12,-1.17,2.02,2.0899999999999963
2016-08-01,002383,53.71,53.4,53.99,52.56,25472,85746199.0,2.64,-1.28,-0.69,1.76,1.4299999999999997
2016-08-02,002383,53.62,53.84,54.05,53.35,13247,45105850.0,1.31,0.82,0.44,0.91,0.6999999999999957
2016-08-03,002383,53.66,53.48,54.34,53.21,20041,68248819.0,2.1,-0.67,-0.36,1.38,1.1300000000000026
2016-08-04,002383,53.52,53.46,54.1,53.29,24762,84159778.0,1.51,-0.04,-0.02,1.71,0.8100000000000023
2016-08-05,002383,53.46,53.99,54.29,53.24,30388,103557733.0,1.96,0.99,0.53,2.1,1.0499999999999972
2016-08-08,002383,54.01,55.65,55.91,53.87,37224,130138324.0,3.78,3.07,1.66,2.57,2.039999999999999
2016-08-09,002383,55.58,55.51,55.79,54.85,21853,76581782.0,1.69,-0.25,-0.14,1.51,0.9399999999999977
2016-08-10,002383,55.97,55.27,56.11,55.16,27821,97888435.0,1.71,-0.43,-0.24,1.92,0.9500000000000028
2016-08-11,002383,55.19,54.05,55.47,54.02,28503,98491136.0,2.62,-2.21,-1.22,1.97,1.4499999999999957
2016-08-12,002383,54.16,54.88,54.88,53.91,14659,50419540.0,1.79,1.54,0.83,1.01,0.970000000000006
2016-08-15,002383,55.02,56.13,56.96,54.93,38078,134887009.0,3.7,2.28,1.25,2.63,2.030000000000001
2016-08-16,002383,56.69,56.32,56.72,56.1,26060,93173014.0,1.1,0.34,0.19,1.8,0.6199999999999974
2016-08-17,002383,56.49,57.53,57.78,56.04,43265,156871043.0,3.09,2.15,1.21,2.99,1.740000000000002
2016-08-18,002383,57.5,57.66,58.05,56.91,32085,116793724.0,1.98,0.23,0.13,2.21,1.1400000000000006
2016-08-19,002383,57.66,58.08,58.56,57.35,30740,113273402.0,2.1,0.73,0.42,2.12,1.2100000000000009
2016-08-22,002383,58.44,56.35,59.06,56.35,34532,125881741.0,4.67,-2.98,-1.73,2.38,2.710000000000001
2016-08-23,002383,56.63,57.24,58.27,56.36,28766,104992958.0,3.39,1.58,0.89,1.99,1.9100000000000037
2016-08-24,002383,57.27,58.06,58.31,56.85,25842,94945348.0,2.55,1.43,0.82,1.78,1.4600000000000009
2016-08-25,002383,57.83,59.61,60.68,57.27,63463,238911872.0,5.87,2.67,1.55,4.38,3.4099999999999966
2016-08-26,002383,59.17,59.28,60.86,59.05,50116,190426976.0,3.04,-0.55,-0.33,3.46,1.8100000000000023
2016-08-29,002383,59.14,59.86,60.03,57.92,35227,132384859.0,3.56,0.98,0.58,2.43,2.1099999999999994
2016-08-30,002383,59.84,59.76,61.29,59.42,36691,140105928.0,3.12,-0.17,-0.1,2.53,1.8699999999999974
2016-08-31,002383,59.31,60.33,60.67,59.3,36637,139665760.0,2.29,0.95,0.57,2.53,1.3700000000000045
2016-09-01,002383,60.33,59.92,61.15,59.92,28565,109654623.0,2.04,-0.68,-0.41,1.97,1.2299999999999969
2016-09-02,002383,59.55,59.02,60.56,58.61,33994,128529042.0,3.25,-1.5,-0.9,2.35,1.9500000000000028
2016-09-05,002383,59.05,58.36,59.55,58.2,24468,91364624.0,2.29,-1.12,-0.66,1.69,1.3499999999999943
2016-09-06,002383,58.42,60.39,60.39,58.36,31069,116479002.0,3.48,3.48,2.03,2.14,2.030000000000001
2016-09-07,002383,60.29,63.02,64.1,60.08,81432,324015136.0,6.66,4.36,2.63,5.62,4.019999999999996
2016-09-08,002383,62.42,65.22,67.67,62.18,75710,315284128.0,8.71,3.49,2.2,5.23,5.490000000000002
2016-09-09,002383,65.35,64.46,66.47,63.45,47093,192710978.0,4.63,-1.17,-0.76,3.25,3.019999999999996
2016-09-12,002383,63.66,60.75,63.66,60.72,46862,185486717.0,4.56,-5.76,-3.71,3.23,2.9399999999999977
2016-09-13,002383,61.48,62.65,62.87,61.48,37876,149677861.0,2.29,3.13,1.9,2.61,1.3900000000000006
2016-09-14,002383,62.23,64.21,65.63,61.92,43227,176762253.0,5.92,2.49,1.56,2.98,3.7099999999999937
2016-09-19,002383,64.3,64.41,65.29,63.04,25956,105277546.0,3.5,0.31,0.2,1.79,2.250000000000007
2016-09-20,002383,64.26,64.43,64.83,63.1,22491,90981759.0,2.69,0.03,0.02,1.55,1.7299999999999969
2016-09-21,002383,64.26,63.7,65.27,63.66,19689,80541022.0,2.5,-1.13,-0.73,1.36,1.6099999999999994
2016-09-22,002383,64.01,63.66,64.58,62.15,38785,155217378.0,3.81,-0.06,-0.04,2.68,2.4299999999999997
2016-09-23,002383,64.09,63.2,64.35,62.46,30030,120284571.0,2.97,-0.72,-0.46,2.07,1.8899999999999935
2016-09-26,002383,62.99,62.03,63.29,61.96,19795,78572510.0,2.1,-1.85,-1.17,1.37,1.3299999999999983
2016-09-27,002383,62.14,63.54,63.54,61.01,37311,148081569.0,4.08,2.43,1.51,2.58,2.530000000000001
2016-09-28,002383,63.48,63.99,64.44,63.27,25212,102231979.0,1.84,0.71,0.45,1.96,1.1699999999999946
2016-09-29,002383,64.13,64.27,64.91,63.79,18187,74206818.0,1.75,0.44,0.28,1.41,1.1199999999999974
2016-09-30,002383,63.79,64.29,64.62,63.59,12554,51082087.0,1.6,0.03,0.02,0.97,1.0300000000000011
2016-10-10,002383,64.26,66.47,66.78,63.79,35527,148109492.0,4.65,3.39,2.18,2.76,2.990000000000002
2016-10-11,002383,66.38,66.49,66.91,65.74,21574,90527694.0,1.76,0.03,0.02,1.68,1.1700000000000017
2016-10-12,002383,66.47,65.63,66.47,65.41,14030,58571798.0,1.59,-1.29,-0.86,1.09,1.0600000000000023
2016-10-13,002383,65.66,66.77,66.78,65.16,19017,79979004.0,2.47,1.74,1.14,1.48,1.6200000000000045
2016-10-14,002383,66.18,66.16,66.63,65.54,16084,67368211.0,1.63,-0.91,-0.61,1.25,1.0899999999999892
2016-10-17,002383,66.32,63.98,66.67,63.09,45564,185349111.0,5.41,-3.3,-2.18,3.54,3.5799999999999983
2016-10-18,002383,63.35,66.16,66.16,63.09,28234,115493028.0,4.8,3.41,2.18,2.19,3.069999999999993
2016-10-19,002383,66.14,65.77,66.41,65.05,16394,68245438.0,2.06,-0.59,-0.39,1.27,1.3599999999999994
2016-10-20,002383,65.61,65.36,65.97,64.68,15890,65672533.0,1.96,-0.62,-0.41,1.23,1.289999999999992
2016-10-21,002383,65.36,65.18,65.38,63.91,13825,56766974.0,2.25,-0.28,-0.18,1.07,1.4699999999999989
2016-10-24,002383,64.87,64.57,65.16,63.59,20834,85063297.0,2.41,-0.94,-0.61,1.62,1.5699999999999932
2016-10-25,002383,64.29,65.46,65.52,64.12,19580,80609813.0,2.17,1.38,0.89,1.52,1.3999999999999915
2016-10-26,002383,65.69,67.97,68.5,65.69,47059,202076575.0,4.29,3.83,2.51,3.65,2.8100000000000023
2016-10-27,002383,67.56,70.37,70.81,67.28,61889,273490928.0,5.19,3.53,2.4,4.81,3.530000000000001
2016-10-28,002383,69.87,68.81,70.47,67.72,39470,172738391.0,3.91,-2.22,-1.56,3.07,2.75
2016-10-31,002383,68.23,69.36,69.73,67.81,20738,91117832.0,2.79,0.8,0.55,1.61,1.9200000000000017
2016-11-01,002383,69.23,69.59,70.01,68.34,26169,114937152.0,2.41,0.33,0.23,2.03,1.6700000000000017
2016-11-02,002383,69.75,69.59,70.76,68.97,26368,117333326.0,2.57,0.0,0.0,2.05,1.7900000000000063
2016-11-03,002383,69.09,70.53,70.92,68.66,30025,133034975.0,3.25,1.35,0.94,2.33,2.260000000000005
2016-11-04,002383,70.84,70.18,71.31,69.12,20095,89578392.0,3.11,-0.5,-0.35,1.56,2.1899999999999977
2016-11-07,002383,70.14,69.76,70.81,69.33,21382,95278474.0,2.11,-0.6,-0.42,1.66,1.480000000000004
2016-11-08,002383,69.78,69.31,70.4,69.3,17025,75240564.0,1.58,-0.65,-0.45,1.32,1.1000000000000085
2016-11-09,002383,69.78,68.39,69.79,67.88,26508,115431846.0,2.76,-1.33,-0.92,2.06,1.9100000000000108
2016-11-10,002383,68.75,70.68,70.84,68.44,35718,157702781.0,3.51,3.35,2.29,2.77,2.4000000000000057
2016-11-11,002383,71.23,73.57,73.8,70.81,55440,256034709.0,4.23,4.09,2.89,4.31,2.989999999999995
2016-11-14,002383,73.49,73.34,74.71,72.52,31564,147202030.0,2.98,-0.31,-0.23,2.45,2.1899999999999977
2016-11-15,002383,73.34,74.51,74.94,72.68,27131,127566770.0,3.08,1.6,1.17,2.11,2.259999999999991
2016-11-16,002383,73.88,75.88,76.92,73.49,43390,208155215.0,4.6,1.84,1.37,3.37,3.430000000000007
2016-11-17,002383,75.36,74.52,76.5,73.12,39078,185008719.0,4.45,-1.79,-1.36,3.03,3.3799999999999955
2016-11-18,002383,74.72,75.71,76.38,74.24,32128,154719930.0,2.87,1.6,1.19,2.49,2.1400000000000006
2016-11-21,002383,76.46,78.66,80.0,75.99,58836,292354048.0,5.3,3.9,2.95,4.57,4.010000000000005
2016-11-22,002383,78.48,78.66,82.52,78.2,81350,415017600.0,5.49,0.0,0.0,6.32,4.319999999999993
2016-11-23,002383,79.06,78.87,81.71,77.86,64346,324984384.0,4.89,0.27,0.21,5.0,3.8499999999999943
2016-11-24,002383,78.72,85.82,85.94,78.17,109146,574591680.0,9.85,8.81,6.95,8.48,7.769999999999996
2016-11-30,002383,77.3,78.64,83.01,77.3,171403,847903344.0,6.65,-8.37,-7.18,13.31,5.710000000000008
2016-12-01,002383,78.66,84.68,86.44,76.32,134611,694575104.0,12.87,7.68,6.04,10.45,10.120000000000005
2016-12-02,002383,81.93,81.14,86.25,80.2,88897,465725520.0,7.14,-4.18,-3.54,6.9,6.049999999999997
2016-12-05,002383,79.89,77.7,81.21,76.32,69300,343420256.0,6.03,-4.24,-3.44,5.38,4.890000000000001
2016-12-06,002383,77.56,77.75,79.4,76.49,48977,242096219.0,3.75,0.06,0.05,3.8,2.910000000000011
2016-12-07,002383,77.1,78.59,78.87,76.35,27093,133653736.0,3.24,1.08,0.84,2.1,2.5200000000000102
2016-12-08,002383,78.48,77.39,78.62,76.89,26740,131944383.0,2.2,-1.53,-1.2,2.08,1.730000000000004
2016-12-09,002383,77.78,79.26,81.7,77.2,52510,266166430.0,5.81,2.42,1.87,4.08,4.5
2016-12-12,002383,78.67,74.77,79.7,72.79,60365,289658688.0,8.72,-5.66,-4.49,4.69,6.909999999999997
2016-12-13,002383,74.08,73.02,75.75,70.34,64482,297148336.0,7.24,-2.34,-1.75,5.01,5.409999999999997
2016-12-14,002383,72.6,74.77,76.03,71.74,44631,210261373.0,5.88,2.4,1.75,3.47,4.290000000000006
2016-12-15,002383,73.73,76.3,76.74,73.73,25915,124588493.0,4.03,2.05,1.53,2.01,3.009999999999991
2016-12-16,002383,76.49,76.28,76.91,74.88,25756,124103025.0,2.66,-0.03,-0.02,2.0,2.030000000000001
2016-12-19,002383,75.96,78.47,78.55,73.99,36702,178733870.0,5.98,2.87,2.19,2.85,4.560000000000002
2016-12-20,002383,78.53,79.84,80.51,77.89,27792,140919152.0,3.34,1.75,1.37,2.16,2.6200000000000045
2016-12-21,002383,79.86,80.06,80.76,78.81,19528,99281575.0,2.44,0.28,0.22,1.52,1.9500000000000028
2016-12-22,002383,79.61,79.22,80.12,78.94,25693,129647287.0,1.47,-1.05,-0.84,2.0,1.1800000000000068
2016-12-23,002383,80.2,80.47,82.82,79.81,37588,194713446.0,3.8,1.58,1.25,2.92,3.009999999999991
2016-12-26,002383,79.03,80.2,80.2,76.46,26539,132053778.0,4.65,-0.34,-0.27,2.06,3.740000000000009
2016-12-27,002383,80.2,80.5,81.29,78.95,15417,78743647.0,2.92,0.37,0.3,1.2,2.3400000000000034
2016-12-28,002383,80.51,78.94,80.89,78.62,12097,61137504.0,2.82,-1.94,-1.56,0.94,2.269999999999996
2016-12-29,002383,78.22,78.41,79.11,76.77,15019,74467643.0,2.96,-0.67,-0.53,1.17,2.3400000000000034
2016-12-30,002383,78.39,77.86,80.67,77.08,19447,97782526.0,4.58,-0.7,-0.55,1.51,3.5900000000000034
2017-01-03,002383,77.97,77.41,79.2,76.92,18186,89520414.0,2.93,-0.58,-0.45,1.41,2.280000000000001
2017-01-04,002383,76.94,78.02,78.16,75.72,26878,131069303.0,3.15,0.79,0.61,2.09,2.4399999999999977
2017-03-22,002383,85.75,85.75,85.75,84.22,54228,295562288.0,1.96,9.91,7.73,4.21,1.5300000000000011
2017-03-23,002383,91.0,91.9,94.27,89.56,245920,1461859184.0,5.49,7.17,6.15,19.1,4.709999999999994
2017-03-24,002383,90.34,88.55,91.12,87.22,142022,802839056.0,4.24,-3.65,-3.35,11.03,3.9000000000000057
2017-03-27,002383,89.0,84.16,89.0,83.01,122828,669016400.0,6.76,-4.96,-4.39,9.54,5.989999999999995
2017-03-28,002383,83.51,82.15,84.71,81.95,68269,362442992.0,3.28,-2.39,-2.01,5.3,2.759999999999991
2017-03-29,002383,82.15,85.66,86.91,81.87,101893,548430448.0,6.14,4.27,3.51,7.91,5.039999999999992
2017-03-30,002383,85.38,84.37,86.22,81.84,65429,350041680.0,5.11,-1.51,-1.29,5.08,4.3799999999999955
2017-03-31,002383,84.88,86.03,87.61,84.69,72636,398776496.0,3.46,1.97,1.66,5.64,2.9200000000000017
2017-04-05,002383,86.03,87.11,87.38,82.63,52155,284066320.0,5.52,1.26,1.08,4.05,4.75
2017-04-06,002383,87.53,85.29,87.95,84.66,51774,283433584.0,3.78,-2.09,-1.82,4.02,3.2900000000000063
2017-04-07,002383,88.0,84.08,88.25,84.08,63639,349525136.0,4.89,-1.42,-1.21,4.94,4.170000000000002
2017-04-10,002383,77.08,75.74,79.09,75.74,117440,571984800.0,3.98,-9.92,-8.34,9.12,3.3500000000000085
2017-04-12,002383,75.52,73.34,77.08,71.78,67001,317404576.0,7.0,-3.17,-2.4,5.2,5.299999999999997
2017-04-13,002383,73.49,72.87,73.85,71.96,24330,112431097.0,2.58,-0.64,-0.47,1.89,1.8900000000000006
2017-04-14,002383,73.18,73.34,74.46,71.9,24640,114940959.0,3.51,0.64,0.47,1.91,2.559999999999988
2017-04-17,002383,72.74,71.68,73.29,70.95,23122,105794509.0,3.19,-2.26,-1.66,1.8,2.3400000000000034
2017-04-18,002383,71.62,70.95,72.68,69.12,26797,120409189.0,4.97,-1.02,-0.73,2.08,3.5600000000000023
2017-04-19,002383,70.56,69.78,70.68,67.72,20427,89977791.0,4.17,-1.65,-1.17,1.59,2.960000000000008
2017-04-20,002383,69.44,70.17,71.15,69.28,16001,71734641.0,2.68,0.56,0.39,1.24,1.8700000000000045
2017-04-21,002383,70.54,71.7,71.74,69.75,20691,93599079.0,2.84,2.18,1.53,1.61,1.9899999999999949
2017-04-24,002383,72.06,71.25,72.98,71.15,19430,88755490.0,2.55,-0.63,-0.45,1.51,1.8299999999999983
2017-04-25,002383,71.37,71.26,71.82,70.86,13692,61997831.0,1.35,0.01,0.01,1.06,0.9599999999999937
2017-04-26,002383,71.46,69.92,71.65,69.7,19578,87749344.0,2.74,-1.88,-1.34,1.52,1.9500000000000028
2017-04-27,002383,70.06,68.97,71.62,66.16,24092,103945966.0,7.81,-1.36,-0.95,1.87,5.460000000000008
2017-04-28,002383,68.97,69.67,69.97,68.2,18370,81101087.0,2.57,1.01,0.7,1.43,1.769999999999996
2017-05-02,002383,69.59,71.28,71.28,69.59,11392,51078748.0,2.43,2.31,1.61,0.88,1.6899999999999977
2017-05-03,002383,71.25,70.34,71.46,68.92,22868,101923893.0,3.56,-1.32,-0.94,1.78,2.539999999999992
2017-05-04,002383,70.22,70.22,70.73,69.9,15021,67283281.0,1.18,-0.17,-0.12,1.17,0.8299999999999983
2017-05-05,002383,70.22,71.65,71.9,69.28,21089,94957510.0,3.73,2.04,1.43,1.64,2.6200000000000045
2017-05-08,002383,72.35,72.09,74.38,71.68,29443,136705480.0,3.77,0.61,0.44,2.29,2.6999999999999886
2017-05-09,002383,71.42,68.5,71.42,64.94,49315,209766784.0,8.99,-4.98,-3.59,3.83,6.480000000000004
2017-05-10,002383,68.19,65.99,68.66,65.85,24068,103030289.0,4.1,-3.66,-2.51,1.87,2.8100000000000023
2017-05-11,002383,64.88,63.37,65.66,61.71,45089,181009974.0,5.99,-3.97,-2.62,3.5,3.9499999999999957
2017-05-12,002383,63.37,63.35,64.02,62.82,14525,58361503.0,1.89,-0.03,-0.02,1.13,1.1999999999999957
2017-05-15,002383,63.82,63.7,64.49,63.37,10481,42505807.0,1.77,0.55,0.35,0.81,1.1199999999999974
2017-05-16,002383,65.22,66.78,67.06,65.22,40952,172144196.0,2.89,4.84,3.08,3.18,1.8400000000000034
2017-05-17,002383,69.87,70.54,71.53,68.81,58525,260668293.0,4.07,5.63,3.76,4.54,2.719999999999999
2017-05-18,002383,69.28,70.01,71.68,68.58,35283,158076260.0,4.39,-0.75,-0.53,2.74,3.1000000000000085
2017-05-19,002383,70.22,68.34,70.65,67.81,33278,145728206.0,4.06,-2.39,-1.67,2.58,2.8400000000000034
2017-05-22,002383,67.72,66.5,68.48,65.89,20915,89160961.0,3.79,-2.69,-1.84,1.62,2.5900000000000034
2017-05-23,002383,67.63,61.17,68.23,59.95,118372,156111919.0,12.45,-8.02,-5.33,3.06,8.280000000000001
2017-05-24,002383,59.76,58.83,61.12,57.8,78706,98314539.0,5.43,-3.83,-2.34,2.04,3.3200000000000003
2017-05-25,002383,58.87,64.63,64.63,58.83,111488,143835647.0,9.86,9.86,5.8,2.89,5.799999999999997
2017-05-26,002383,64.91,64.4,65.66,63.04,105818,143799748.0,4.05,-0.36,-0.23,2.74,2.6199999999999974
2017-05-31,002383,65.71,64.82,66.08,64.16,71559,98405220.0,2.98,0.65,0.42,1.85,1.9200000000000017
2017-06-01,002383,64.72,60.7,64.87,60.33,79132,103725572.0,7.0,-6.36,-4.12,2.05,4.540000000000006
2017-06-02,002383,60.65,61.36,63.37,59.53,88783,116329197.0,6.33,1.09,0.66,2.3,3.8399999999999963
2017-06-05,002383,62.53,62.9,63.79,60.7,62990,83136120.0,5.04,2.51,1.54,1.63,3.0899999999999963
2017-06-06,002383,62.9,63.51,64.12,62.15,57718,77244947.0,3.13,0.97,0.61,1.49,1.970000000000006
2017-06-07,002383,62.99,65.29,66.04,62.53,98826,134348323.0,5.53,2.8,1.78,2.56,3.510000000000005
2017-06-08,002383,64.82,63.79,65.94,63.41,77901,105965540.0,3.88,-2.3,-1.5,2.02,2.530000000000001
2017-06-09,002383,63.32,65.19,65.66,62.06,96460,130672249.0,5.64,2.19,1.4,2.45,3.5999999999999943
2017-06-12,002383,64.54,64.21,64.68,63.65,54276,73444436.0,1.58,-1.5,-0.98,1.38,1.0300000000000082
2017-06-13,002383,63.74,65.75,66.69,63.74,72417,100112851.0,4.59,2.4,1.54,1.84,2.9499999999999957
2017-06-14,002383,66.18,65.52,66.18,64.91,48842,67493161.0,1.93,-0.35,-0.23,1.24,1.2700000000000102
2017-06-15,002383,65.61,67.67,68.61,65.33,80163,114198773.0,5.01,3.28,2.15,2.03,3.280000000000001
2017-06-16,002383,67.77,68.23,68.89,67.02,60603,87012513.0,2.76,0.83,0.56,1.54,1.8700000000000045
2017-06-19,002383,67.86,70.9,70.9,67.86,82243,121207281.0,4.46,3.91,2.67,2.09,3.0400000000000063
2017-06-20,002383,71.37,70.53,73.62,70.2,176686,268914064.0,4.82,-0.52,-0.37,4.48,3.4200000000000017
2017-06-21,002383,70.29,70.57,72.4,69.73,86406,129521989.0,3.79,0.06,0.04,2.19,2.6700000000000017
2017-06-22,002383,70.34,70.25,71.93,69.64,77893,116947327.0,3.25,-0.45,-0.32,1.98,2.2900000000000063
2017-06-23,002383,69.87,71.14,71.56,69.83,63345,94676659.0,2.46,1.27,0.89,1.61,1.730000000000004
2017-06-26,002383,71.0,73.2,73.48,70.57,103130,157617306.0,4.09,2.9,2.06,2.62,2.910000000000011
2017-06-27,002383,73.24,74.37,75.63,72.54,106167,166007646.0,4.22,1.6,1.17,2.69,3.089999999999989
2017-06-28,002383,75.54,74.46,77.83,73.9,160593,257319404.0,5.28,0.12,0.09,4.07,3.9299999999999926
2017-06-29,002383,73.85,74.04,74.65,73.06,63728,99686799.0,2.14,-0.56,-0.42,1.62,1.5900000000000034
2017-06-30,002383,73.76,74.13,75.49,73.43,59522,93692898.0,2.78,0.12,0.09,1.51,2.059999999999988
2017-07-03,002383,74.51,73.06,74.69,72.77,67402,104521591.0,2.59,-1.44,-1.07,1.71,1.9200000000000017
2017-07-04,002383,73.06,71.46,74.04,71.28,76243,116191073.0,3.78,-2.19,-1.6,1.93,2.760000000000005
2017-07-05,002383,71.98,71.89,72.35,71.04,67338,102032119.0,1.83,0.6,0.43,1.71,1.309999999999988
2017-07-06,002383,72.17,71.28,72.45,70.95,71235,107494170.0,2.09,-0.85,-0.61,1.81,1.5
2017-07-07,002383,71.23,71.7,72.96,71.23,84335,128316977.0,2.43,0.59,0.42,2.14,1.7299999999999898
2017-07-10,002383,71.42,70.81,72.63,70.25,86861,130558907.0,3.32,-1.24,-0.89,2.2,2.3799999999999955
2017-07-11,002383,72.63,71.84,73.06,71.28,98119,149347556.0,2.51,1.45,1.03,2.49,1.7800000000000011
2017-07-12,002383,71.23,69.97,71.42,68.94,87033,128350223.0,3.45,-2.6,-1.87,2.21,2.480000000000004
2017-07-13,002383,69.97,69.83,70.43,69.08,46242,68159966.0,1.93,-0.2,-0.14,1.17,1.3500000000000085
2017-07-14,002383,70.15,68.8,70.2,68.7,43613,64032604.0,2.15,-1.48,-1.03,1.11,1.5
2017-07-17,002383,68.98,62.38,69.12,62.01,164571,219978335.0,10.33,-9.33,-6.42,4.17,7.1100000000000065
2017-07-18,002383,61.92,62.67,63.27,61.68,57430,75820280.0,2.55,0.46,0.29,1.46,1.5900000000000034
2017-07-19,002383,62.57,63.27,63.41,62.01,59860,79153282.0,2.23,0.96,0.6,1.52,1.3999999999999986
2017-07-20,002383,63.27,63.7,64.35,62.62,48321,65066787.0,2.73,0.68,0.43,1.23,1.7299999999999969
2017-07-21,002383,64.07,63.04,64.12,62.34,52829,70499508.0,2.79,-1.04,-0.66,1.34,1.7800000000000011
2017-07-24,002383,62.95,62.29,62.95,61.21,60435,79108742.0,2.76,-1.19,-0.75,1.53,1.740000000000002
2017-07-25,002383,62.57,63.55,64.12,62.34,65033,86914338.0,2.86,2.02,1.26,1.65,1.7800000000000011
2017-07-26,002383,63.65,63.32,63.79,62.1,47984,63784936.0,2.66,-0.36,-0.23,1.22,1.6899999999999977
2017-07-27,002383,65.29,68.05,69.55,65.29,158318,225515823.0,6.73,7.47,4.73,4.02,4.259999999999991
2017-07-28,002383,67.16,67.44,68.05,66.78,73226,104273243.0,1.87,-0.9,-0.61,1.86,1.269999999999996
2017-07-31,002383,67.72,67.11,68.09,66.36,63227,89643287.0,2.57,-0.49,-0.33,1.6,1.730000000000004
2017-08-01,002383,67.02,66.88,67.63,66.36,63440,89505360.0,1.89,-0.34,-0.23,1.61,1.269999999999996
2017-08-02,002383,66.6,64.54,66.83,64.3,72013,99528464.0,3.78,-3.5,-2.34,1.83,2.530000000000001
2017-08-03,002383,66.55,66.46,67.67,65.89,75970,106947529.0,2.76,2.97,1.92,1.93,1.7800000000000011
2017-08-04,002383,66.78,69.55,69.69,65.38,168573,242295765.0,6.49,4.65,3.09,4.28,4.310000000000002
2017-08-07,002383,69.12,69.87,70.29,68.19,133657,196009984.0,3.02,0.46,0.32,3.39,2.1000000000000085
2017-08-08,002383,71.0,69.22,71.37,69.12,118989,175991586.0,3.22,-0.93,-0.65,3.02,2.25
2017-08-09,002383,68.7,69.22,69.92,68.42,62495,91448916.0,2.17,0.0,0.0,1.59,1.5
2017-08-10,002383,68.7,67.72,69.92,67.3,71052,102675463.0,3.79,-2.17,-1.5,1.8,2.6200000000000045
2017-08-11,002383,67.25,68.47,68.47,66.36,80453,114927407.0,3.12,1.11,0.75,2.04,2.1099999999999994
2017-08-14,002383,67.63,71.65,71.84,67.63,161114,240260564.0,6.15,4.64,3.18,4.09,4.210000000000008
2017-08-15,002383,71.42,70.95,71.6,70.67,81232,122003650.0,1.3,-0.98,-0.7,2.06,0.9299999999999926
2017-08-16,002383,71.14,73.66,74.27,70.39,166945,258173932.0,5.47,3.82,2.71,4.23,3.8799999999999955
2017-08-17,002383,73.34,74.46,76.52,72.91,230223,366595392.0,4.9,1.09,0.8,5.84,3.6099999999999994
2017-08-18,002383,74.51,75.63,75.63,72.91,116345,181972263.0,3.65,1.57,1.17,2.95,2.719999999999999
2017-08-21,002383,74.55,77.69,78.44,74.55,222701,365015104.0,5.14,2.72,2.06,5.65,3.8900000000000006
2017-08-22,002383,77.03,76.0,77.78,75.77,117983,190147496.0,2.59,-2.18,-1.69,2.99,2.010000000000005
2017-08-23,002383,76.14,73.8,76.19,73.52,112092,176417389.0,3.51,-2.89,-2.2,2.84,2.6700000000000017
2017-08-24,002383,74.13,73.15,74.37,72.31,84157,130369802.0,2.79,-0.88,-0.65,2.13,2.0600000000000023
2017-08-25,002383,73.24,74.55,74.93,72.87,77127,120833982.0,2.82,1.91,1.4,1.96,2.0600000000000023
2017-08-28,002383,74.23,74.37,75.35,73.52,102989,162199896.0,2.45,-0.24,-0.18,2.61,1.8299999999999983
2017-08-29,002383,74.23,73.06,74.6,72.96,69024,107107478.0,2.21,-1.76,-1.31,1.75,1.6400000000000006
2017-08-30,002383,73.06,73.29,74.69,72.91,55858,86914983.0,2.44,0.31,0.23,1.42,1.7800000000000011
2017-08-31,002383,73.71,72.96,73.9,72.54,51570,79555066.0,1.86,-0.45,-0.33,1.31,1.3599999999999994
2017-09-01,002383,72.63,73.24,73.94,72.45,77005,119230075.0,2.04,0.38,0.28,1.95,1.4899999999999949
2017-09-04,002383,73.34,75.82,76.0,73.1,137286,218217583.0,3.96,3.52,2.58,3.48,2.9000000000000057
2017-09-05,002383,75.96,74.83,76.38,74.23,90651,143618651.0,2.84,-1.31,-0.99,2.3,2.1499999999999915
2017-09-06,002383,74.6,74.27,75.44,73.62,89208,139897381.0,2.43,-0.75,-0.56,2.26,1.8199999999999932
2017-09-07,002383,74.37,74.74,76.38,74.32,158299,252699932.0,2.77,0.63,0.47,4.02,2.0600000000000023
2017-09-08,002383,75.21,73.15,75.21,72.87,109511,170328401.0,3.13,-2.13,-1.59,2.78,2.339999999999989
2017-09-11,002383,73.01,72.73,73.01,71.84,72611,110827510.0,1.6,-0.57,-0.42,1.84,1.1700000000000017
2017-09-12,002383,73.1,72.07,73.62,72.07,75360,116091388.0,2.13,-0.91,-0.66,1.91,1.5500000000000114
2017-09-13,002383,72.03,72.59,72.96,71.04,63607,96466913.0,2.66,0.72,0.52,1.61,1.9199999999999875
2017-09-14,002383,72.4,71.46,72.77,71.23,56034,84992250.0,2.12,-1.56,-1.13,1.42,1.539999999999992
2017-09-15,002383,71.37,71.56,71.84,71.18,41311,62358132.0,0.92,0.14,0.1,1.05,0.6599999999999966
2017-09-18,002383,72.87,77.78,78.48,72.87,307582,495110176.0,7.84,8.69,6.22,7.8,5.609999999999999
2017-09-19,002383,77.55,77.5,78.48,76.47,210216,343323920.0,2.58,-0.36,-0.28,5.33,2.010000000000005
2017-09-20,002383,77.13,79.28,81.1,76.85,291856,487002304.0,5.48,2.3,1.78,7.4,4.25
2017-09-21,002383,78.25,76.94,78.86,76.85,158716,261529435.0,2.54,-2.95,-2.34,4.03,2.010000000000005
2017-09-22,002383,76.85,77.08,77.36,74.93,106009,170709884.0,3.16,0.18,0.14,2.69,2.4299999999999926
2017-09-25,002383,77.22,73.57,77.22,73.34,107709,171383607.0,5.03,-4.55,-3.51,2.73,3.8799999999999955
2017-09-26,002383,74.04,72.96,74.55,72.17,67925,104474907.0,3.24,-0.83,-0.61,1.72,2.3799999999999955
2017-09-27,002383,72.96,73.99,74.88,72.87,59710,93669767.0,2.75,1.41,1.03,1.51,2.009999999999991
2017-09-28,002383,73.99,75.11,76.14,73.8,83985,133874155.0,3.16,1.51,1.12,2.13,2.3400000000000034
2017-09-29,002383,75.07,77.31,77.64,74.79,122189,197921590.0,3.79,2.93,2.2,3.1,2.8499999999999943
2017-10-09,002383,77.45,76.66,79.33,76.05,148882,243500235.0,4.24,-0.84,-0.65,3.78,3.280000000000001
2017-10-10,002383,76.85,77.36,77.45,75.82,106233,172412975.0,2.13,0.91,0.7,2.69,1.6300000000000097
2017-10-11,002383,77.45,77.22,78.3,76.52,116770,191016584.0,2.3,-0.18,-0.14,2.96,1.7800000000000011
2017-10-12,002383,76.99,76.42,77.08,75.77,79529,128379882.0,1.7,-1.04,-0.8,2.02,1.3100000000000023
2017-10-13,002383,76.89,77.13,77.17,75.96,68752,111314926.0,1.58,0.93,0.71,1.74,1.210000000000008
2017-10-16,002383,76.66,80.68,84.47,76.66,342179,585661280.0,10.13,4.6,3.55,8.68,7.810000000000002
2017-10-17,002383,79.89,82.23,82.6,78.44,243405,416932528.0,5.16,1.92,1.55,6.17,4.159999999999997
2017-10-18,002383,81.48,81.25,83.44,80.5,178019,308939184.0,3.58,-1.19,-0.98,4.52,2.9399999999999977
2017-10-19,002383,81.34,82.42,83.87,80.82,201905,353488592.0,3.75,1.44,1.17,5.12,3.0500000000000114
2017-10-20,002383,81.29,78.34,81.39,76.52,180969,301980000.0,5.91,-4.95,-4.08,4.59,4.8700000000000045
2017-10-23,002383,78.62,79.42,80.5,78.06,86262,144887466.0,3.11,1.38,1.08,1.45,2.4399999999999977
2017-10-24,002383,79.51,77.64,79.61,77.17,93139,153759833.0,3.07,-2.24,-1.78,1.57,2.4399999999999977
2017-10-25,002383,77.55,79.19,80.03,77.36,82450,137903861.0,3.44,2.0,1.55,1.39,2.6700000000000017
2017-10-26,002383,79.65,80.54,82.37,79.65,120825,207424454.0,3.43,1.7,1.35,2.04,2.719999999999999
2017-10-27,002383,80.12,79.14,81.99,78.95,112273,191275123.0,3.77,-1.74,-1.4,1.89,3.039999999999992
2017-10-30,002383,79.23,77.64,80.92,77.41,186601,312807344.0,4.44,-1.9,-1.5,3.15,3.510000000000005
2017-10-31,002383,77.83,78.34,79.05,75.82,126481,207137833.0,4.16,0.9,0.7,2.13,3.230000000000004
2017-11-01,002383,77.97,77.22,78.62,77.03,85456,140571946.0,2.03,-1.43,-1.12,1.44,1.5900000000000034
2017-11-02,002383,77.36,75.11,77.55,74.97,146789,235292600.0,3.34,-2.73,-2.11,3.11,2.5799999999999983
2017-11-03,002383,74.69,76.28,77.27,74.32,82909,133709052.0,3.93,1.56,1.17,1.75,2.950000000000003
2017-11-06,002383,77.03,78.39,78.39,76.89,103143,169719846.0,1.97,2.77,2.11,2.18,1.5
2017-11-07,002383,78.48,80.31,81.06,77.69,140607,236830262.0,4.3,2.45,1.92,2.98,3.3700000000000045
2017-11-08,002383,79.89,80.73,81.2,79.7,152613,260254147.0,1.87,0.52,0.42,3.23,1.5
2017-11-09,002383,81.2,82.09,82.46,80.68,177611,307235488.0,2.2,1.68,1.36,3.76,1.779999999999987
2017-11-10,002383,81.95,81.2,83.07,80.96,159242,276235392.0,2.57,-1.08,-0.89,3.37,2.1099999999999994
2017-11-13,002383,81.67,83.21,83.4,79.79,287116,497569056.0,4.45,2.48,2.01,6.08,3.6099999999999994
2017-11-14,002383,82.74,90.04,90.65,82.46,424294,777499504.0,9.84,8.21,6.83,8.98,8.190000000000012
2017-11-15,002383,88.22,89.62,91.4,86.77,317615,597157616.0,5.14,-0.47,-0.42,6.72,4.63000000000001
2017-11-16,002383,88.78,93.83,97.67,88.22,304228,603889808.0,10.54,4.7,4.21,6.44,9.450000000000003
2017-11-17,002383,93.93,92.95,95.24,91.07,217431,429730928.0,4.44,-0.94,-0.88,4.6,4.170000000000002
2017-11-20,002383,92.9,94.58,94.91,87.19,209560,409675216.0,8.31,1.75,1.63,4.44,7.719999999999999
2017-11-21,002383,94.96,94.16,97.2,92.76,178650,358908704.0,4.69,-0.44,-0.42,3.78,4.439999999999998
2017-11-22,002383,93.88,92.48,94.3,91.73,132355,260094223.0,2.73,-1.78,-1.68,2.8,2.569999999999993
2017-11-23,002383,93.32,92.34,95.57,90.75,194306,384006944.0,5.21,-0.15,-0.14,4.11,4.819999999999993
2017-11-24,002383,91.68,86.49,93.04,85.97,210116,394383408.0,7.66,-6.34,-5.85,4.45,7.070000000000007
2017-11-27,002383,87.47,84.99,87.66,84.43,120417,220022097.0,3.73,-1.73,-1.5,2.55,3.2299999999999898
2017-11-28,002383,85.88,89.29,89.62,85.13,129020,241176619.0,5.28,5.06,4.3,2.73,4.490000000000009
2017-11-29,002383,88.92,90.28,90.89,88.31,93470,177301926.0,2.89,1.11,0.99,1.98,2.5799999999999983
2017-11-30,002383,89.72,88.64,90.65,88.31,68829,130122546.0,2.59,-1.82,-1.64,1.46,2.3400000000000034
2017-12-01,002383,88.69,93.09,93.32,88.36,132912,256883043.0,5.6,5.02,4.45,2.81,4.959999999999994
2017-12-04,002383,93.13,91.68,94.4,91.4,131143,258727450.0,3.22,-1.51,-1.41,2.78,3.0
2017-12-05,002383,91.59,89.39,92.15,86.95,138939,264179138.0,5.67,-2.5,-2.29,2.94,5.200000000000003
2017-12-06,002383,88.78,92.24,92.24,87.94,97518,186653730.0,4.81,3.19,2.85,2.06,4.299999999999997
2017-12-07,002383,92.29,93.04,94.3,91.35,141376,279639376.0,3.2,0.87,0.8,2.99,2.950000000000003
2017-12-08,002383,92.38,94.35,97.2,91.73,155155,310656512.0,5.88,1.41,1.31,3.28,5.469999999999999
2017-12-11,002383,95.19,94.77,95.24,93.23,105479,209921036.0,2.13,0.45,0.42,2.23,2.009999999999991
2017-12-12,002383,94.72,93.23,94.72,92.62,79742,158210011.0,2.22,-1.62,-1.54,1.69,2.0999999999999943
2017-12-13,002383,92.57,94.4,94.58,92.06,82867,163827882.0,2.7,1.25,1.17,1.75,2.519999999999996
2017-12-14,002383,94.3,93.32,94.3,92.8,63374,125281089.0,1.59,-1.14,-1.08,1.34,1.5
2017-12-15,002383,93.88,97.2,97.91,92.8,195292,398294448.0,5.48,4.16,3.88,4.13,5.109999999999999
2017-12-18,002383,96.31,96.5,98.09,94.96,115422,236500095.0,3.22,-0.72,-0.7,2.44,3.1300000000000097
2017-12-19,002383,96.5,99.26,99.78,95.8,118045,244217295.0,4.12,2.86,2.76,2.5,3.980000000000004
2017-12-20,002383,98.61,98.23,99.36,96.92,102855,214030144.0,2.46,-1.04,-1.03,2.18,2.4399999999999977
2017-12-21,002383,97.72,99.64,100.06,95.89,110585,229829459.0,4.25,1.44,1.41,2.34,4.170000000000002
2017-12-22,002383,99.31,98.19,100.39,97.48,67739,142128659.0,2.92,-1.46,-1.45,1.43,2.9099999999999966
2017-12-25,002383,98.14,94.54,98.14,93.69,110606,223375017.0,4.53,-3.72,-3.65,2.34,4.450000000000003
2017-12-26,002383,95.33,95.0,96.97,94.4,64766,130988905.0,2.72,0.49,0.46,1.37,2.569999999999993
2017-12-27,002383,94.86,94.44,96.27,93.51,52046,104685699.0,2.91,-0.59,-0.56,1.1,2.759999999999991
2017-12-28,002383,94.44,94.77,96.31,94.12,46282,93100392.0,2.32,0.35,0.33,0.98,2.1899999999999977
2017-12-29,002383,94.12,94.54,95.19,94.12,41534,83282109.0,1.13,-0.24,-0.23,0.88,1.0699999999999932
2018-01-02,002383,94.72,98.05,98.84,94.68,85012,175590439.0,4.4,3.71,3.51,1.8,4.159999999999997
2018-01-03,002383,98.28,98.7,99.5,96.83,77725,161865284.0,2.72,0.66,0.65,1.65,2.6700000000000017
2018-01-04,002383,98.51,98.37,98.98,97.11,73132,151618142.0,1.89,-0.33,-0.33,1.55,1.8700000000000045
2018-01-05,002383,98.94,97.95,98.94,97.2,52852,109500034.0,1.77,-0.43,-0.42,1.12,1.7399999999999949
2018-01-08,002383,97.86,96.6,97.91,95.05,74635,151765682.0,2.92,-1.38,-1.35,1.58,2.8599999999999994
2018-01-09,002383,96.88,95.14,97.02,94.21,87870,176790330.0,2.91,-1.51,-1.46,1.86,2.8100000000000023
2018-01-10,002383,95.71,95.47,96.31,94.3,66652,134263857.0,2.11,0.35,0.33,1.41,2.010000000000005
2018-01-11,002383,95.71,95.47,96.03,94.3,38107,77025859.0,1.81,0.0,0.0,0.81,1.730000000000004
2018-01-12,002383,95.8,96.27,96.31,94.4,47429,95993719.0,2.0,0.84,0.8,1.0,1.9099999999999966
2018-01-15,002383,96.13,87.38,96.13,86.72,240295,450614240.0,9.77,-9.23,-8.89,5.09,9.409999999999997
2018-01-16,002383,87.24,87.14,87.38,83.4,112859,204107948.0,4.55,-0.27,-0.24,2.39,3.9799999999999898
2018-01-17,002383,86.63,88.27,89.67,83.87,72812,132658861.0,6.66,1.3,1.13,1.54,5.799999999999997
2018-01-18,002383,87.42,87.47,89.15,86.95,39698,73922627.0,2.49,-0.91,-0.8,0.84,2.200000000000003
2018-01-19,002383,87.47,87.52,89.44,87.19,36867,69036203.0,2.57,0.06,0.05,0.78,2.25
2018-01-22,002383,87.8,87.75,88.73,85.88,58220,107431626.0,3.26,0.26,0.23,1.23,2.8500000000000085
2018-01-23,002383,87.33,85.69,87.7,85.41,49419,90073593.0,2.61,-2.35,-2.06,1.05,2.2900000000000063
2018-01-24,002383,85.41,86.72,86.95,84.15,45819,83074787.0,3.27,1.2,1.03,0.97,2.799999999999997
2018-01-25,002383,86.67,86.35,87.33,86.02,33658,61806607.0,1.51,-0.43,-0.37,0.71,1.3100000000000023
2018-01-26,002383,86.35,86.58,87.1,85.13,28672,52387631.0,2.28,0.27,0.23,0.61,1.9699999999999989
2018-01-29,002383,86.63,84.1,86.81,83.3,46683,83626852.0,4.05,-2.86,-2.48,0.99,3.510000000000005
2018-01-30,002383,83.63,85.08,85.78,83.63,26846,48225627.0,2.56,1.17,0.98,0.57,2.1500000000000057
2018-01-31,002383,85.36,84.99,85.46,83.3,35035,62526621.0,2.54,-0.11,-0.09,0.74,2.1599999999999966
2018-02-01,002383,85.08,79.75,85.27,79.65,87077,150201635.0,6.61,-6.17,-5.24,1.84,5.61999999999999
2018-02-02,002383,78.95,80.64,82.23,75.68,45194,75965528.0,8.21,1.12,0.89,0.96,6.549999999999997
2018-02-05,002383,80.36,80.12,80.73,77.64,47637,79821632.0,3.83,-0.64,-0.52,1.01,3.0900000000000034
2018-02-06,002383,78.86,77.22,78.86,72.31,66449,107017365.0,8.18,-3.62,-2.9,1.41,6.549999999999997
2018-02-07,002383,78.3,78.39,78.91,75.77,49002,80178359.0,4.07,1.52,1.17,1.04,3.1400000000000006
2018-02-08,002383,78.91,79.47,80.08,77.78,44838,75071972.0,2.93,1.38,1.08,0.95,2.299999999999997
2018-02-09,002383,77.92,77.78,78.72,76.38,39520,64699383.0,2.94,-2.13,-1.69,0.84,2.3400000000000034
2018-02-12,002383,78.02,80.17,81.29,77.31,37546,63021039.0,5.12,3.07,2.39,0.79,3.980000000000004
2018-02-13,002383,80.92,80.03,81.76,79.89,25460,43529960.0,2.33,-0.17,-0.14,0.54,1.8700000000000045
2018-02-14,002383,80.17,80.59,81.01,79.79,17393,29602242.0,1.52,0.7,0.56,0.37,1.2199999999999989
2018-02-22,002383,80.82,83.73,83.96,80.82,27369,47976476.0,3.9,3.9,3.14,0.58,3.1400000000000006
2018-02-23,002383,83.63,83.63,84.9,82.98,22903,40681976.0,2.29,-0.12,-0.1,0.48,1.9200000000000017
2018-02-26,002383,83.63,84.61,85.04,83.21,47431,84876929.0,2.19,1.17,0.98,1.0,1.8300000000000125
2018-02-27,002383,84.85,84.66,85.93,83.96,33895,60936365.0,2.33,0.06,0.05,0.72,1.970000000000013
2018-02-28,002383,84.57,86.67,88.64,83.91,87934,160949298.0,5.59,2.37,2.01,1.86,4.730000000000004
2018-03-01,002383,86.44,87.66,87.98,85.97,43829,80808096.0,2.32,1.14,0.99,0.93,2.010000000000005
2018-03-02,002383,87.38,88.41,88.64,86.67,44098,81991957.0,2.25,0.86,0.75,0.93,1.9699999999999989
2018-03-05,002383,88.45,87.84,89.25,87.19,31843,59290771.0,2.33,-0.64,-0.57,0.67,2.0600000000000023
2018-03-06,002383,87.42,87.56,89.01,86.95,49429,92131375.0,2.35,-0.32,-0.28,1.05,2.0600000000000023
2018-03-07,002383,87.52,86.72,88.03,86.63,29389,54207963.0,1.6,-0.96,-0.84,0.62,1.4000000000000057
2018-03-08,002383,86.67,88.31,88.78,86.49,40122,74728210.0,2.64,1.83,1.59,0.85,2.2900000000000063
2018-03-09,002383,89.01,89.48,89.95,87.84,52489,99172375.0,2.39,1.32,1.17,1.11,2.1099999999999994
2018-03-12,002383,90.0,91.92,92.85,89.76,84512,164763278.0,3.45,2.73,2.44,1.79,3.089999999999989
2018-03-13,002383,92.43,90.98,92.85,90.98,47560,92597638.0,2.03,-1.02,-0.94,1.01,1.8699999999999903
2018-03-14,002383,94.86,91.63,95.94,91.59,145939,288507888.0,4.78,0.71,0.65,3.09,4.349999999999994
2018-03-15,002383,90.65,93.6,93.6,89.62,119771,233107129.0,4.34,2.15,1.97,2.53,3.9799999999999898
2018-03-16,002383,93.46,91.92,94.72,91.59,60276,118613876.0,3.34,-1.79,-1.68,1.28,3.1299999999999955
2018-03-19,002383,91.87,91.68,93.13,91.03,46830,91556952.0,2.28,-0.26,-0.24,0.99,2.0999999999999943
2018-03-20,002383,92.76,91.82,92.9,90.75,46958,91303856.0,2.35,0.15,0.14,0.99,2.1500000000000057
2018-03-21,002383,91.82,88.92,92.57,88.78,46512,89826505.0,4.13,-3.16,-2.9,0.98,3.789999999999992
2018-03-22,002383,89.15,87.84,90.18,86.86,69248,129152941.0,3.73,-1.21,-1.08,1.47,3.3200000000000074
2018-03-23,002383,85.08,83.73,85.88,81.2,91083,162017468.0,5.33,-4.68,-4.11,1.93,4.679999999999993
2018-03-26,002383,83.3,88.27,88.41,83.3,98013,180068418.0,6.1,5.42,4.54,2.07,5.109999999999999
2018-03-27,002383,89.2,92.06,92.2,88.64,157420,301343440.0,4.03,4.29,3.79,3.33,3.5600000000000023
2018-03-28,002383,91.03,91.87,92.62,90.28,87133,168956566.0,2.54,-0.21,-0.19,1.84,2.3400000000000034
2018-03-29,002383,92.29,92.57,95.1,92.2,96672,191087192.0,3.16,0.76,0.7,2.05,2.8999999999999915
2018-03-30,002383,93.88,94.4,95.05,93.23,124261,248172831.0,1.97,1.98,1.83,2.63,1.8199999999999932
2018-04-02,002383,96.03,97.11,97.11,93.93,152508,310491360.0,3.37,2.87,2.71,3.23,3.1799999999999926
2018-04-03,002383,96.5,96.08,96.74,94.54,106799,216410020.0,2.27,-1.06,-1.03,2.26,2.1999999999999886
2018-04-04,002383,96.6,92.99,96.64,92.85,81752,163982662.0,3.94,-3.22,-3.09,1.73,3.7900000000000063
2018-04-09,002383,95.61,102.07,102.21,95.33,279800,592427984.0,7.4,9.76,9.08,5.92,6.8799999999999955
2018-04-10,002383,102.82,98.84,102.82,95.38,252584,530520960.0,7.29,-3.16,-3.23,5.35,7.439999999999998
2018-04-11,002383,98.56,97.2,98.89,95.8,123426,254052007.0,3.13,-1.66,-1.64,2.61,3.0900000000000034
2018-04-12,002383,98.14,97.72,100.2,96.55,127214,265218218.0,3.76,0.53,0.52,2.69,3.6500000000000057
2018-04-13,002383,100.48,99.36,100.85,98.14,99737,209749966.0,2.77,1.68,1.64,2.11,2.7099999999999937
2018-04-16,002383,99.78,99.5,100.53,98.05,135072,284538240.0,2.5,0.14,0.14,2.86,2.480000000000004
2018-04-17,002383,99.54,99.87,103.38,99.22,158446,340050976.0,4.18,0.37,0.37,3.35,4.159999999999997
2018-04-18,002383,101.88,102.49,103.66,95.24,200825,425713552.0,8.43,2.62,2.62,4.25,8.420000000000002
2018-04-19,002383,102.49,106.84,110.78,101.46,261714,587619264.0,9.09,4.24,4.35,5.54,9.320000000000007
2018-04-20,002383,106.56,103.76,106.61,103.05,152175,337542320.0,3.33,-2.88,-3.08,3.22,3.5600000000000023
2018-04-23,002383,104.36,101.88,106.38,99.31,152259,331447600.0,6.81,-1.81,-1.88,3.22,7.069999999999993
2018-04-24,002383,101.84,103.57,104.13,100.48,115518,251956452.0,3.58,1.66,1.69,2.44,3.6499999999999915
2018-04-25,002383,101.46,103.94,105.3,101.46,113822,250028783.0,3.71,0.36,0.37,2.41,3.8400000000000034
2018-04-26,002383,105.21,102.82,105.58,102.4,81173,178579320.0,3.06,-1.08,-1.12,1.72,3.1799999999999926
2018-04-27,002383,103.38,102.45,105.11,99.82,89146,192663073.0,5.14,-0.36,-0.37,1.89,5.290000000000006
2018-05-02,002383,102.91,97.77,102.96,95.94,108718,228468163.0,6.85,-4.57,-4.68,2.3,7.019999999999996
2018-05-03,002383,97.3,98.89,99.97,95.94,97994,204235239.0,4.12,1.15,1.12,2.07,4.030000000000001
2018-05-04,002383,98.89,98.14,99.82,97.95,61081,127991242.0,1.89,-0.76,-0.75,1.29,1.8699999999999903
2018-05-07,002383,98.98,99.22,100.25,97.86,75888,159445126.0,2.44,1.1,1.08,1.61,2.3900000000000006
2018-05-08,002383,99.54,98.75,100.71,97.95,84259,176988657.0,2.78,-0.47,-0.47,1.78,2.759999999999991
2018-05-09,002383,98.19,97.2,98.23,94.77,95522,194957447.0,3.5,-1.57,-1.55,2.02,3.460000000000008
2018-05-10,002383,96.74,95.71,97.16,94.54,87224,176418803.0,2.7,-1.53,-1.49,1.85,2.6199999999999903
2018-05-11,002383,95.71,94.91,96.55,94.82,53713,108801585.0,1.81,-0.84,-0.8,1.14,1.730000000000004
2018-05-14,002383,90.56,88.08,90.65,85.69,254585,474530368.0,5.23,-7.2,-6.83,5.39,4.960000000000008
2018-05-15,002383,88.31,90.14,90.79,88.31,96228,182984130.0,2.82,2.34,2.06,2.04,2.480000000000004
2018-05-16,002383,89.44,91.87,92.76,89.39,83450,161810321.0,3.74,1.92,1.73,1.77,3.3700000000000045
2018-05-17,002383,92.2,89.9,92.2,89.72,53610,102888607.0,2.7,-2.14,-1.97,1.13,2.480000000000004
2018-05-18,002383,89.72,89.58,90.42,87.84,74196,139430803.0,2.87,-0.36,-0.32,1.57,2.5799999999999983
2018-05-21,002383,90.75,90.65,91.92,89.48,84665,162675058.0,2.72,1.19,1.07,1.79,2.4399999999999977
2018-05-22,002383,90.79,90.93,91.45,89.95,62397,119995669.0,1.65,0.31,0.28,1.32,1.5
2018-05-23,002383,90.89,89.95,90.89,88.45,77129,146615622.0,2.68,-1.08,-0.98,1.63,2.4399999999999977
2018-05-24,002383,91.4,89.2,91.96,89.01,69253,132496034.0,3.28,-0.83,-0.75,1.47,2.9499999999999886
2018-05-25,002383,89.01,88.36,89.9,87.14,54749,102555482.0,3.09,-0.94,-0.84,1.16,2.760000000000005
2018-05-28,002383,88.08,87.38,88.69,87.0,41183,76422200.0,1.91,-1.11,-0.98,0.87,1.6899999999999977
2018-05-29,002383,87.47,87.56,89.48,87.28,48207,90089009.0,2.52,0.21,0.18,1.02,2.200000000000003
2018-05-30,002383,87.28,84.43,87.28,84.38,73452,132554549.0,3.31,-3.57,-3.13,1.55,2.9000000000000057
2018-05-31,002383,85.83,84.47,85.88,82.93,65922,116972368.0,3.49,0.05,0.04,1.4,2.9499999999999886
2018-06-01,002383,83.82,82.93,84.9,82.32,42691,75253168.0,3.05,-1.82,-1.54,0.9,2.5800000000000125
2018-06-04,002383,83.4,82.18,84.01,79.05,68065,116511259.0,5.98,-0.9,-0.75,1.44,4.960000000000008
2018-06-05,002383,82.09,85.18,85.46,81.29,67627,119614687.0,5.07,3.65,3.0,1.43,4.1699999999999875
2018-06-06,002383,85.27,85.08,85.41,83.96,37364,67105574.0,1.7,-0.12,-0.1,0.79,1.4500000000000028
2018-06-07,002383,84.99,83.49,85.27,82.84,48590,85950197.0,2.86,-1.87,-1.59,1.03,2.4299999999999926
2018-06-08,002383,83.54,84.24,84.24,81.76,38890,68076471.0,2.97,0.9,0.75,0.82,2.4799999999999898
2018-06-11,002383,83.63,84.99,85.04,82.42,47222,83695215.0,3.11,0.89,0.75,0.99,2.6200000000000045
2018-06-12,002383,84.94,85.6,85.88,83.21,62694,112690842.0,3.14,0.72,0.61,1.31,2.6700000000000017
2018-06-13,002383,85.64,83.87,85.64,82.84,60959,108747601.0,3.27,-2.02,-1.73,1.28,2.799999999999997
2018-06-14,002383,83.63,83.4,84.33,82.13,39499,69507522.0,2.62,-0.56,-0.47,0.83,2.200000000000003
2018-06-15,002383,83.35,78.76,83.68,78.3,85215,144539681.0,6.45,-5.56,-4.64,1.79,5.38000000000001
2018-06-19,002383,78.02,78.11,78.81,73.71,133078,215716051.0,6.48,-0.83,-0.65,2.79,5.1000000000000085
2018-06-20,002383,77.36,79.37,80.08,76.38,78255,129601268.0,4.74,1.61,1.26,1.64,3.700000000000003
2018-06-21,002383,79.93,76.57,79.98,75.91,92884,151552730.0,5.13,-3.53,-2.8,1.95,4.070000000000007
2018-06-22,002383,76.57,78.06,78.72,75.11,83434,135874357.0,4.71,1.95,1.49,1.75,3.6099999999999994
2018-06-25,002383,78.76,77.83,79.79,76.94,59993,99050067.0,3.65,-0.29,-0.23,1.26,2.8500000000000085
2018-06-26,002383,76.38,78.25,79.05,75.58,76946,126342184.0,4.46,0.54,0.42,1.61,3.469999999999999
2018-06-27,002383,78.53,76.89,78.67,76.38,64487,105127395.0,2.93,-1.74,-1.36,1.35,2.2900000000000063
2018-06-28,002383,76.89,75.91,77.59,75.44,58583,94758814.0,2.8,-1.27,-0.98,1.23,2.1500000000000057
2018-06-29,002383,75.72,78.48,78.72,75.25,102272,167260754.0,4.57,3.39,2.57,2.14,3.469999999999999
2018-07-02,002383,79.19,78.53,80.45,77.13,100176,167038303.0,4.23,0.06,0.05,2.1,3.3200000000000074
2018-07-03,002383,78.62,81.53,81.67,77.36,109836,184203809.0,5.49,3.82,3.0,2.3,4.310000000000002
2018-07-04,002383,80.87,79.33,81.39,79.05,76062,128850330.0,2.87,-2.7,-2.2,1.59,2.3400000000000034
2018-07-05,002383,78.62,77.13,79.51,75.91,80830,131819580.0,4.54,-2.77,-2.2,1.69,3.6000000000000085
2018-07-06,002383,76.89,77.27,78.86,75.63,86467,141020615.0,4.19,0.18,0.14,1.81,3.230000000000004
2018-07-09,002383,77.27,78.34,78.72,77.08,80569,132913398.0,2.12,1.38,1.07,1.69,1.6400000000000006
2018-07-10,002383,78.86,79.0,79.75,77.97,90274,149857295.0,2.27,0.84,0.66,1.89,1.7800000000000011
2018-07-11,002383,77.17,76.99,77.92,75.63,85340,137892603.0,2.9,-2.54,-2.01,1.79,2.2900000000000063
2018-07-12,002383,78.2,80.12,80.96,77.41,122635,205415378.0,4.61,4.07,3.13,2.57,3.549999999999997
2018-07-13,002383,80.12,82.37,82.37,79.7,136520,234634548.0,3.33,2.81,2.25,2.86,2.6700000000000017
2018-07-16,002383,82.7,84.24,85.46,82.04,159133,282430912.0,4.15,2.27,1.87,3.34,3.4199999999999875
2018-07-17,002383,83.87,83.68,84.8,81.9,108480,190542046.0,3.44,-0.66,-0.56,2.27,2.8999999999999915
2018-07-18,002383,83.63,83.4,86.11,82.93,105574,187027180.0,3.8,-0.33,-0.28,2.21,3.1799999999999926
2018-07-19,002383,83.35,83.91,84.71,82.23,83144,146766627.0,2.97,0.61,0.51,1.74,2.4799999999999898
2018-07-20,002383,83.35,83.63,84.52,82.46,81089,143284317.0,2.46,-0.33,-0.28,1.7,2.0600000000000023
2018-07-23,002383,83.68,86.95,88.36,83.68,178442,326963344.0,5.6,3.97,3.32,3.74,4.679999999999993
2018-07-24,002383,87.0,87.19,87.8,85.88,115920,212624863.0,2.21,0.28,0.24,2.43,1.9200000000000017
2018-07-25,002383,90.42,88.55,92.2,88.36,183331,348181680.0,4.4,1.56,1.36,3.84,3.8400000000000034
2018-07-26,002383,88.55,86.91,89.15,85.36,124191,227541349.0,4.28,-1.85,-1.64,2.6,3.7900000000000063
2018-07-27,002383,86.21,86.02,87.7,85.04,84997,154936817.0,3.06,-1.02,-0.89,1.78,2.6599999999999966
2018-07-30,002383,86.67,86.02,87.56,85.04,72322,131725946.0,2.93,0.0,0.0,1.52,2.519999999999996
2018-07-31,002383,85.6,85.83,87.0,85.32,71791,130392834.0,1.95,-0.22,-0.19,1.5,1.6800000000000068
2018-08-01,002383,85.97,83.12,86.77,83.12,84057,150166610.0,4.25,-3.16,-2.71,1.76,3.6499999999999915
2018-08-02,002383,83.02,80.54,83.12,79.0,93233,159297609.0,4.96,-3.1,-2.58,1.95,4.1200000000000045
2018-08-03,002383,80.45,79.56,81.67,79.56,57685,97812872.0,2.62,-1.22,-0.98,1.21,2.1099999999999994
2018-08-06,002383,79.14,78.25,79.98,77.41,52189,86564346.0,3.23,-1.65,-1.31,1.09,2.5700000000000074
2018-08-07,002383,78.48,80.4,80.4,76.94,83952,139743420.0,4.42,2.75,2.15,1.76,3.460000000000008
2018-08-08,002383,79.65,77.22,80.5,77.13,74617,123421418.0,4.19,-3.96,-3.18,1.56,3.3700000000000045
2018-08-09,002383,75.96,80.03,80.92,75.96,107310,179711163.0,6.42,3.64,2.81,2.25,4.960000000000008
2018-08-10,002383,79.7,79.79,81.01,78.86,55066,92716137.0,2.69,-0.3,-0.24,1.15,2.1500000000000057
2018-08-13,002383,79.19,82.18,82.23,78.34,76860,130485435.0,4.88,3.0,2.39,1.61,3.8900000000000006
2018-08-14,002383,81.76,80.54,81.85,80.22,52662,89898197.0,1.98,-2.0,-1.64,1.1,1.6299999999999955
2018-08-15,002383,80.59,79.37,81.39,78.72,42855,72409789.0,3.32,-1.45,-1.17,0.9,2.6700000000000017
2018-08-16,002383,78.34,81.15,81.34,77.83,68693,116506346.0,4.42,2.24,1.78,1.44,3.510000000000005
2018-08-17,002383,81.53,76.94,81.53,75.91,108588,180759141.0,6.93,-5.19,-4.21,2.28,5.6200000000000045
2018-08-20,002383,77.08,78.16,78.58,76.1,70710,115128982.0,3.22,1.59,1.22,1.48,2.480000000000004
2018-08-21,002383,78.53,77.78,78.67,77.41,63902,105194683.0,1.61,-0.49,-0.38,1.34,1.2600000000000051
2018-08-22,002383,77.74,76.42,78.06,76.42,55016,89143630.0,2.11,-1.75,-1.36,1.15,1.6400000000000006
2018-08-23,002383,76.33,76.85,77.59,76.19,53577,86984781.0,1.83,0.56,0.43,1.12,1.4000000000000057
2018-08-24,002383,76.89,76.89,77.55,76.71,34004,55290041.0,1.09,0.05,0.04,0.71,0.8400000000000034
2018-08-27,002383,77.59,80.26,80.59,77.31,95213,159549965.0,4.27,4.38,3.37,2.0,3.280000000000001
2018-08-28,002383,80.26,80.31,80.68,79.65,46542,78629220.0,1.28,0.06,0.05,0.98,1.0300000000000011
2018-08-29,002383,80.5,79.56,80.5,79.09,43506,73007749.0,1.76,-0.93,-0.75,0.91,1.4099999999999966
2018-08-30,002383,79.56,77.74,79.89,77.55,49227,81443404.0,2.94,-2.29,-1.82,1.03,2.3400000000000034
2018-08-31,002383,78.11,78.11,78.53,76.85,41978,68774529.0,2.16,0.48,0.37,0.88,1.6800000000000068
2018-09-03,002383,77.31,77.27,77.64,75.25,65749,105854857.0,3.06,-1.08,-0.84,1.38,2.3900000000000006
2018-09-04,002383,77.27,79.7,80.22,76.85,81614,136151987.0,4.36,3.14,2.43,1.71,3.3700000000000045
2018-09-05,002383,79.28,78.86,80.45,78.72,57868,97070109.0,2.17,-1.05,-0.84,1.21,1.730000000000004
2018-09-06,002383,78.81,79.47,80.26,78.16,61857,103612009.0,2.66,0.77,0.61,1.3,2.1000000000000085
2018-09-07,002383,79.47,79.05,80.96,78.16,62695,105458871.0,3.52,-0.53,-0.42,1.31,2.799999999999997
2018-09-10,002383,78.62,76.33,78.67,76.33,48506,78986660.0,2.96,-3.44,-2.72,1.02,2.3400000000000034
2018-09-11,002383,76.52,77.03,77.74,75.96,36426,58895376.0,2.33,0.92,0.7,0.76,1.7800000000000011
2018-09-12,002383,77.22,77.97,78.81,77.17,49846,82110395.0,2.13,1.22,0.94,1.04,1.6400000000000006
2018-09-13,002383,78.72,78.72,79.37,77.36,39198,64804811.0,2.58,0.96,0.75,0.82,2.010000000000005
2018-09-14,002383,78.72,77.08,79.37,77.08,35339,58158480.0,2.91,-2.08,-1.64,0.74,2.2900000000000063
2018-09-17,002383,77.17,75.63,77.17,75.25,49402,78964306.0,2.49,-1.88,-1.45,1.04,1.9200000000000017
2018-09-18,002383,75.68,69.31,75.82,68.19,218402,321831728.0,10.09,-8.36,-6.32,4.58,7.6299999999999955
2018-09-19,002383,68.19,68.94,69.78,66.18,160474,229364791.0,5.19,-0.53,-0.37,3.36,3.5999999999999943
2018-09-20,002383,68.94,66.78,69.17,66.18,121345,171897412.0,4.34,-3.13,-2.16,2.54,2.989999999999995
2018-09-21,002383,67.06,67.72,67.72,66.36,81493,115251123.0,2.04,1.41,0.94,1.71,1.3599999999999994
2018-09-25,002383,67.44,69.4,71.18,67.25,101005,147481505.0,5.8,2.48,1.68,2.12,3.930000000000007
2018-09-26,002383,69.45,69.59,70.06,68.75,63516,92948373.0,1.89,0.27,0.19,1.33,1.3100000000000023
2018-09-27,002383,69.64,68.19,70.11,68.05,60201,87430631.0,2.96,-2.01,-1.4,1.26,2.0600000000000023
2018-09-28,002383,68.38,69.12,69.17,67.35,50016,71912987.0,2.67,1.36,0.93,1.05,1.8200000000000074
2018-10-08,002383,67.49,64.91,67.72,63.27,109074,149729089.0,6.44,-6.09,-4.21,2.29,4.449999999999996
2018-10-09,002383,65.99,65.89,66.46,65.15,56629,78343528.0,2.02,1.51,0.98,1.19,1.309999999999988
2018-10-10,002383,65.66,65.99,66.64,64.91,50342,69747169.0,2.63,0.15,0.1,1.06,1.730000000000004
2018-10-11,002383,62.1,61.87,63.98,60.93,87676,114825709.0,4.62,-6.24,-4.12,1.84,3.049999999999997
2018-10-12,002383,61.64,60.89,62.43,59.53,81899,105240190.0,4.69,-1.58,-0.98,1.72,2.8999999999999986
2018-10-15,002383,61.78,61.5,63.37,61.03,65839,86075987.0,3.84,1.0,0.61,1.38,2.3399999999999963
2018-10-16,002383,62.15,59.02,62.71,58.64,58616,75023259.0,6.62,-4.03,-2.48,1.21,4.07
2018-10-17,002383,60.51,57.24,60.75,54.71,138020,166711214.0,10.23,-3.02,-1.78,2.86,6.039999999999999
2018-10-18,002383,56.72,57.0,57.85,55.97,84629,100946246.0,3.28,-0.42,-0.24,1.75,1.8800000000000026
2018-10-19,002383,56.21,58.97,59.11,55.69,71135,86397698.0,6.0,3.46,1.97,1.47,3.4200000000000017
2018-10-22,002383,60.47,62.9,63.04,60.09,109659,142048551.0,5.0,6.66,3.93,2.27,2.9499999999999957
2018-10-23,002383,62.9,61.21,63.7,60.75,82714,107701461.0,4.69,-2.69,-1.69,1.71,2.950000000000003
2018-10-24,002383,60.84,61.21,62.29,60.47,48284,62166662.0,2.97,0.0,0.0,1.0,1.8200000000000003
2018-10-25,002383,58.83,58.59,59.34,55.55,141863,171260821.0,6.19,-4.28,-2.62,2.94,3.7900000000000063
2018-10-26,002383,58.83,58.97,59.53,57.56,95860,117854895.0,3.36,0.65,0.38,1.98,1.9699999999999989
2018-10-29,002383,58.31,58.22,58.64,56.77,56978,69220947.0,3.17,-1.27,-0.75,1.18,1.8699999999999974
2018-10-30,002383,57.66,57.85,58.97,55.79,73498,88295665.0,5.46,-0.64,-0.37,1.52,3.1799999999999997
2018-10-31,002383,58.22,58.41,58.92,57.56,59603,73014205.0,2.35,0.97,0.56,1.23,1.3599999999999994
2018-11-01,002383,59.11,60.04,61.31,59.06,115340,145687523.0,3.85,2.79,1.63,2.39,2.25
2018-11-02,002383,64.26,62.48,64.82,61.5,144295,189891539.0,5.53,4.06,2.44,2.99,3.319999999999993
2018-11-05,002383,62.9,63.09,64.16,61.87,102165,135527536.0,3.67,0.98,0.61,2.12,2.289999999999999
2018-11-06,002383,63.51,65.38,65.43,62.38,122195,164439613.0,4.83,3.63,2.29,2.53,3.0500000000000043
2018-11-07,002383,65.43,64.82,66.08,64.35,104839,143530274.0,2.65,-0.86,-0.56,2.17,1.730000000000004
2018-11-08,002383,65.19,63.98,65.61,63.65,64875,87662230.0,3.02,-1.3,-0.84,1.34,1.9600000000000009
2018-11-09,002383,63.55,64.26,65.05,62.95,56127,75768215.0,3.28,0.44,0.28,1.16,2.0999999999999943
2018-11-12,002383,63.7,65.52,65.66,63.6,67914,92677939.0,3.21,1.96,1.26,1.41,2.059999999999995
2018-11-13,002383,64.68,66.04,67.35,64.44,100141,139459674.0,4.44,0.79,0.52,2.07,2.9099999999999966
2018-11-14,002383,66.46,66.36,67.39,65.75,83537,117158162.0,2.48,0.48,0.32,1.72,1.6400000000000006
2018-11-15,002383,66.08,67.49,67.53,65.85,63034,88553695.0,2.53,1.7,1.13,1.3,1.6800000000000068
2018-11-16,002383,67.06,68.23,69.12,66.13,114644,163187287.0,4.43,1.1,0.74,2.36,2.990000000000009
2018-11-19,002383,68.09,67.44,69.17,66.74,76786,109091502.0,3.56,-1.16,-0.79,1.58,2.430000000000007
2018-11-20,002383,66.92,68.0,71.98,66.36,161419,236105195.0,8.33,0.83,0.56,3.32,5.6200000000000045
2018-11-21,002383,66.83,67.35,67.35,65.33,85460,119351727.0,2.97,-0.96,-0.65,1.76,2.019999999999996
2018-11-22,002383,67.44,66.74,68.23,66.41,36523,51499183.0,2.7,-0.91,-0.61,0.75,1.8200000000000074
2018-11-23,002383,66.18,64.54,66.74,64.26,57078,78087497.0,3.72,-3.3,-2.2,1.17,2.4799999999999898
2018-11-26,002383,65.01,65.01,66.36,64.21,38438,52749626.0,3.33,0.73,0.47,0.79,2.1500000000000057
2018-11-27,002383,65.52,66.04,66.83,65.43,45234,62888427.0,2.15,1.58,1.03,0.93,1.3999999999999915
2018-11-28,002383,66.08,66.64,66.69,65.15,42681,59332934.0,2.33,0.91,0.6,0.88,1.539999999999992
2018-11-29,002383,66.97,64.54,67.49,64.12,56995,78721352.0,5.06,-3.15,-2.1,1.17,3.3699999999999903
2018-11-30,002383,64.68,63.23,64.82,61.45,63513,83866671.0,5.22,-2.03,-1.31,1.31,3.3699999999999903
2018-12-03,002383,64.16,65.05,65.66,63.84,100046,136389289.0,2.88,2.88,1.82,2.06,1.8199999999999932
2018-12-04,002383,65.01,65.05,65.29,64.3,50702,69114513.0,1.52,0.0,0.0,1.04,0.9900000000000091
2018-12-05,002383,63.79,63.51,64.12,63.18,54895,73377347.0,1.45,-2.37,-1.54,1.13,0.9400000000000048
2018-12-06,002383,63.27,61.64,63.93,61.5,56046,73549112.0,3.83,-2.94,-1.87,1.15,2.4299999999999997
2018-12-07,002383,61.68,61.59,62.24,61.4,35828,46498488.0,1.36,-0.08,-0.05,0.74,0.8400000000000034
2018-12-10,002383,58.73,58.55,59.76,56.3,123521,150637193.0,5.62,-4.94,-3.04,2.54,3.460000000000001
2018-12-11,002383,58.55,59.81,59.81,58.55,63959,79705602.0,2.15,2.15,1.26,1.32,1.2600000000000051
2018-12-12,002383,60.14,61.5,61.54,60.09,68526,87748796.0,2.42,2.83,1.69,1.41,1.4499999999999957
2018-12-13,002383,61.45,61.68,62.48,60.84,64751,84114485.0,2.67,0.29,0.18,1.33,1.6399999999999935
2018-12-14,002383,62.01,60.42,62.01,60.0,56516,72499451.0,3.26,-2.04,-1.26,1.16,2.009999999999998
2018-12-17,002383,60.47,59.81,61.17,59.2,42039,52854227.0,3.26,-1.01,-0.61,0.86,1.9699999999999989
2018-12-18,002383,59.62,59.02,60.23,57.89,53786,66551498.0,3.91,-1.32,-0.79,1.11,2.3399999999999963
2018-12-19,002383,59.25,57.14,59.48,56.77,69910,84663953.0,4.59,-3.19,-1.88,1.44,2.7099999999999937
2018-12-20,002383,56.72,56.91,57.89,55.93,75053,89442861.0,3.43,-0.4,-0.23,1.54,1.9600000000000009
2018-12-21,002383,56.68,54.57,56.68,54.43,99570,115411838.0,3.95,-4.11,-2.34,2.05,2.25
2018-12-24,002383,54.85,55.69,55.69,54.05,76262,88119464.0,3.01,2.05,1.12,1.57,1.6400000000000006
2018-12-25,002383,54.62,54.85,55.32,53.26,72066,82009134.0,3.7,-1.51,-0.84,1.48,2.0600000000000023
2018-12-26,002383,55.32,54.34,55.6,54.24,61908,71145853.0,2.48,-0.93,-0.51,1.27,1.3599999999999994
2018-12-27,002383,55.36,53.77,55.65,53.77,55328,63455466.0,3.46,-1.05,-0.57,1.14,1.8799999999999955
2018-12-28,002383,55.32,56.39,57.0,55.08,185568,218036285.0,3.57,4.87,2.62,3.82,1.9200000000000017
2019-01-02,002383,55.13,52.04,55.13,50.87,265843,290059360.0,7.55,-7.71,-4.35,5.47,4.260000000000005
2019-01-03,002383,51.9,51.85,53.31,49.51,166061,179959260.0,7.3,-0.37,-0.19,3.42,3.8000000000000043
2019-01-04,002383,54.85,56.96,56.96,53.54,305730,357469840.0,6.6,9.86,5.11,6.29,3.4200000000000017
2019-01-07,002383,58.36,60.42,62.34,57.75,377350,478498656.0,8.06,6.07,3.46,7.76,4.590000000000003
2019-01-08,002383,59.81,60.14,61.54,59.11,213506,269928800.0,4.02,-0.46,-0.28,4.39,2.4299999999999997
2019-01-09,002383,60.47,60.09,61.26,58.83,213514,271057344.0,4.04,-0.08,-0.05,4.39,2.4299999999999997
2019-01-10,002383,60.47,60.89,62.24,60.0,197200,254109417.0,3.73,1.33,0.8,4.06,2.240000000000002
2019-01-11,002383,60.61,63.65,63.98,60.56,235220,308572512.0,5.62,4.53,2.76,4.84,3.4199999999999946
2019-01-14,002383,62.81,60.37,62.81,59.76,205613,265263209.0,4.79,-5.15,-3.28,4.23,3.0500000000000043
2019-01-15,002383,60.7,61.26,62.15,60.61,136567,176372303.0,2.55,1.47,0.89,2.81,1.5399999999999991
2019-01-16,002383,61.03,60.42,62.24,60.33,98462,126130529.0,3.12,-1.37,-0.84,2.03,1.9100000000000037
2019-01-17,002383,60.7,59.3,61.07,58.97,100809,126986743.0,3.48,-1.85,-1.12,2.07,2.1000000000000014
2019-01-18,002383,59.81,60.7,61.03,59.53,101419,128673578.0,2.53,2.36,1.4,2.09,1.5
2019-01-21,002383,60.56,60.19,61.26,59.81,98054,124455939.0,2.39,-0.84,-0.51,2.02,1.4499999999999957
2019-01-22,002383,60.19,57.38,60.19,57.0,172768,210083511.0,5.3,-4.67,-2.81,3.55,3.1899999999999977
2019-01-23,002383,57.14,57.19,57.85,56.82,63908,76719755.0,1.8,-0.33,-0.19,1.31,1.0300000000000011
2019-01-24,002383,57.42,57.56,58.45,55.6,105707,127137336.0,4.98,0.65,0.37,2.17,2.8500000000000014
2019-01-25,002383,57.8,57.14,57.85,56.86,69399,83496944.0,1.72,-0.73,-0.42,1.43,0.990000000000002
2019-01-28,002383,57.47,55.79,57.8,55.65,84520,100022610.0,3.76,-2.36,-1.35,1.74,2.1499999999999986
2019-01-29,002383,55.08,53.4,55.6,52.79,141918,159855156.0,5.04,-4.28,-2.39,2.92,2.8100000000000023
2019-01-30,002383,53.54,53.17,54.38,53.07,79787,89811514.0,2.45,-0.43,-0.23,1.64,1.3100000000000023
2019-01-31,002383,51.57,51.9,52.79,50.73,107334,116583412.0,3.87,-2.39,-1.27,2.21,2.0600000000000023
2019-02-01,002383,52.23,54.52,54.62,52.23,83761,94073352.0,4.61,5.05,2.62,1.72,2.3900000000000006
2019-02-11,002383,54.76,56.21,56.3,54.29,108151,125455816.0,3.69,3.1,1.69,2.22,2.009999999999998
2019-02-12,002383,56.21,56.21,56.53,55.55,96630,113558955.0,1.74,0.0,0.0,1.99,0.980000000000004
2019-02-13,002383,56.25,57.7,58.5,56.02,175530,211794960.0,4.41,2.65,1.49,3.61,2.479999999999997
2019-02-14,002383,57.38,57.47,57.89,56.44,175749,210379148.0,2.51,-0.4,-0.23,3.62,1.4500000000000028
2019-02-15,002383,57.52,57.56,58.36,56.86,112977,136819692.0,2.61,0.16,0.09,2.32,1.5
2019-02-18,002383,57.94,59.81,60.0,57.89,166413,206356253.0,3.67,3.91,2.25,3.42,2.1099999999999994
2019-02-19,002383,60.09,62.71,62.71,59.2,266313,339558736.0,5.87,4.85,2.9,5.48,3.509999999999998
2019-02-20,002383,62.43,62.2,62.43,60.84,180633,233363337.0,2.54,-0.81,-0.51,3.72,1.5899999999999963
2019-02-21,002383,61.68,60.33,63.04,60.04,195761,253993490.0,4.82,-3.01,-1.87,4.03,3.0
2019-02-22,002383,60.56,61.87,61.96,60.14,166905,215151622.0,3.02,2.55,1.54,3.43,1.8200000000000003
2019-02-25,002383,63.13,65.15,65.52,62.67,256028,345483520.0,4.61,5.3,3.28,5.27,2.8499999999999943
2019-02-26,002383,65.33,64.3,66.36,64.12,251141,343953648.0,3.44,-1.3,-0.85,5.17,2.239999999999995
2019-02-27,002383,63.84,64.68,67.02,63.32,227184,312338128.0,5.75,0.59,0.38,4.67,3.6999999999999957
2019-02-28,002383,64.26,66.74,67.02,64.12,250366,345760432.0,4.48,3.18,2.06,5.15,2.8999999999999915
2019-03-01,002383,67.95,65.57,68.09,64.82,198133,275169584.0,4.9,-1.75,-1.17,4.08,3.2700000000000102
2019-03-04,002383,65.99,66.04,67.86,65.75,230691,323674384.0,3.22,0.72,0.47,4.75,2.1099999999999994
2019-03-05,002383,66.04,68.47,68.61,65.75,241020,340885856.0,4.33,3.68,2.43,4.96,2.8599999999999994
2019-03-06,002383,68.47,68.56,69.17,67.06,217313,311114128.0,3.08,0.13,0.09,4.47,2.1099999999999994
2019-03-07,002383,68.56,70.15,72.4,67.72,282895,420627728.0,6.83,2.32,1.59,5.82,4.680000000000007
2019-03-08,002383,67.77,70.43,74.74,67.02,394395,595953408.0,11.0,0.4,0.28,8.11,7.719999999999999
2019-03-11,002383,72.63,72.87,73.34,70.25,262837,398700208.0,4.39,3.46,2.44,5.41,3.0900000000000034
2019-03-12,002383,74.6,74.04,75.07,71.98,285900,441589072.0,4.24,1.61,1.17,5.88,3.089999999999989
2019-03-13,002383,73.29,71.28,74.79,70.15,237299,363898640.0,6.27,-3.73,-2.76,4.88,4.640000000000001
2019-03-14,002383,70.43,67.77,71.46,66.55,207124,297381824.0,6.89,-4.92,-3.51,4.26,4.909999999999997
2019-03-15,002383,68.05,68.56,69.59,67.58,137718,198338143.0,2.97,1.17,0.79,2.83,2.010000000000005
2019-03-18,002383,68.42,69.59,69.73,67.72,97532,141779161.0,2.93,1.5,1.03,2.01,2.010000000000005
2019-03-19,002383,69.69,69.97,71.7,69.26,119966,177867933.0,3.51,0.55,0.38,2.47,2.4399999999999977
2019-03-20,002383,69.59,68.8,70.06,67.53,109371,158037589.0,3.62,-1.67,-1.17,2.25,2.530000000000001
2019-03-21,002383,68.61,69.31,70.11,68.61,101786,148812834.0,2.18,0.74,0.51,2.09,1.5
2019-03-22,002383,68.98,69.22,69.92,67.86,94482,136890555.0,2.97,-0.13,-0.09,1.94,2.0600000000000023
2019-03-25,002383,66.6,67.39,69.4,66.32,228321,325700032.0,4.45,-2.64,-1.83,4.7,3.0800000000000125
2019-03-26,002383,68.09,64.54,68.38,64.21,193595,269914368.0,6.19,-4.23,-2.85,3.98,4.170000000000002
2019-03-27,002383,64.82,64.63,65.43,63.18,113939,154351461.0,3.49,0.14,0.09,2.34,2.250000000000007
2019-03-28,002383,64.72,64.26,66.13,64.07,107212,147030869.0,3.19,-0.57,-0.37,2.21,2.0600000000000023
2019-03-29,002383,64.49,65.66,65.8,62.9,150524,205090066.0,4.51,2.18,1.4,3.1,2.8999999999999986
2019-04-01,002383,62.34,66.08,66.13,60.79,517853,689430128.0,8.13,0.64,0.42,10.65,5.339999999999996
2019-04-02,002383,65.66,68.42,69.12,65.05,482523,681878240.0,6.16,3.54,2.34,9.93,4.070000000000007
2019-04-03,002383,67.02,67.53,68.05,66.55,278059,393338608.0,2.19,-1.3,-0.89,5.72,1.5
2019-04-04,002383,68.19,67.72,68.75,66.74,270122,385330960.0,2.98,0.28,0.19,5.56,2.010000000000005
2019-04-08,002383,67.77,65.15,68.14,64.21,257624,358145264.0,5.8,-3.8,-2.57,5.3,3.930000000000007
2019-04-09,002383,64.49,64.72,65.94,64.26,136741,187022905.0,2.58,-0.66,-0.43,2.81,1.6799999999999926
2019-04-10,002383,64.35,64.3,64.82,63.55,122558,165224860.0,1.96,-0.65,-0.42,2.52,1.269999999999996
2019-04-11,002383,64.54,64.72,64.91,63.51,112168,151846036.0,2.18,0.65,0.42,2.31,1.3999999999999986
2019-04-12,002383,64.54,64.26,64.87,63.74,76435,103298487.0,1.75,-0.71,-0.46,1.57,1.1300000000000026
2019-04-15,002383,64.72,64.72,66.5,64.68,138316,190471352.0,2.83,0.72,0.46,2.85,1.8199999999999932
2019-04-16,002383,64.49,66.18,66.32,63.74,138911,191043407.0,3.99,2.26,1.46,2.86,2.579999999999991
2019-04-17,002383,66.18,66.46,66.78,65.61,129006,179641944.0,1.77,0.42,0.28,2.65,1.1700000000000017
2019-04-18,002383,67.02,65.85,67.02,65.61,87165,121383348.0,2.12,-0.92,-0.61,1.79,1.4099999999999966
2019-04-19,002383,65.71,65.94,66.32,65.01,82524,113879206.0,1.99,0.14,0.09,1.7,1.309999999999988
2019-04-22,002383,66.08,65.94,67.25,65.61,131386,183647058.0,2.49,0.0,0.0,2.7,1.6400000000000006
2019-04-23,002383,65.61,63.84,65.94,63.65,102452,138775886.0,3.47,-3.18,-2.1,2.11,2.289999999999999
2019-04-24,002383,64.07,63.18,64.12,61.87,108216,143057212.0,3.52,-1.03,-0.66,2.23,2.250000000000007
2019-04-25,002383,63.46,60.79,64.07,60.75,108493,142228559.0,5.25,-3.78,-2.39,2.23,3.319999999999993
2019-04-26,002383,58.27,58.92,60.28,58.27,93091,116180810.0,3.31,-3.08,-1.87,1.91,2.009999999999998
2019-04-29,002383,58.97,55.36,59.34,55.32,119826,142598955.0,6.82,-6.04,-3.56,2.46,4.020000000000003
2019-04-30,002383,55.32,55.55,56.02,54.43,67130,78018300.0,2.87,0.34,0.19,1.38,1.5900000000000034
2019-05-06,002383,54.43,50.17,54.43,50.12,114726,124616471.0,7.76,-9.68,-5.38,2.36,4.310000000000002
2019-05-07,002383,50.17,49.47,51.15,48.2,130193,135018471.0,5.88,-1.4,-0.7,2.68,2.9499999999999957
2019-05-08,002383,48.53,50.08,50.73,47.92,99496,103188507.0,5.68,1.23,0.61,2.05,2.809999999999995
2019-05-09,002383,49.14,50.17,52.51,49.0,96194,102198233.0,7.01,0.18,0.09,1.98,3.509999999999998
2019-05-10,002383,50.45,53.07,53.17,48.86,134590,145492726.0,8.59,5.78,2.9,2.77,4.310000000000002
2019-05-13,002383,52.28,52.56,53.4,51.81,86449,95386444.0,3.0,-0.96,-0.51,1.78,1.5899999999999963
2019-05-14,002383,51.2,52.28,53.35,51.15,70536,77379065.0,4.19,-0.53,-0.28,1.45,2.200000000000003
2019-05-15,002383,52.46,52.74,53.02,52.23,67419,74184056.0,1.51,0.88,0.46,1.39,0.7900000000000063
2019-05-16,002383,53.35,53.82,55.6,52.74,119314,135493906.0,5.42,2.05,1.08,2.45,2.8599999999999994
2019-05-17,002383,53.54,52.6,54.8,52.14,95739,107432455.0,4.94,-2.27,-1.22,1.97,2.6599999999999966
2019-05-20,002383,52.7,55.08,55.08,52.14,134206,151985335.0,5.59,4.71,2.48,2.76,2.9399999999999977
2019-05-21,002383,60.51,60.51,60.51,58.92,198138,251361433.0,2.89,9.86,5.43,4.08,1.5899999999999963
2019-05-22,002383,60.93,60.23,64.12,59.67,431590,561159824.0,7.35,-0.46,-0.28,8.88,4.450000000000003
2019-05-23,002383,60.84,61.68,64.12,60.56,349890,456660128.0,5.91,2.41,1.45,7.2,3.5600000000000023
2019-05-24,002383,60.0,57.14,60.61,56.25,224496,272992352.0,7.07,-7.36,-4.54,4.62,4.359999999999999
2019-05-27,002383,57.42,59.95,60.47,55.79,197273,243595155.0,8.19,4.92,2.81,4.06,4.68
2019-05-28,002383,59.02,58.87,60.65,58.27,147343,183716628.0,3.97,-1.8,-1.08,3.03,2.3799999999999955
2019-05-29,002383,58.36,59.53,60.14,58.13,129667,161544028.0,3.41,1.12,0.66,2.67,2.009999999999998
2019-05-30,002383,57.19,57.42,57.66,55.65,191504,227531621.0,3.38,-3.54,-2.11,3.94,2.009999999999998
2019-05-31,002383,57.52,57.47,58.83,57.19,115522,140519346.0,2.86,0.09,0.05,2.38,1.6400000000000006
2019-06-03,002383,58.08,55.97,58.22,55.88,107375,128058473.0,4.07,-2.61,-1.5,2.21,2.3399999999999963
2019-06-04,002383,56.39,54.76,57.61,54.38,106439,125116331.0,5.77,-2.16,-1.21,2.19,3.229999999999997
2019-06-05,002383,55.83,54.8,56.02,54.48,82685,95735094.0,2.81,0.07,0.04,1.7,1.5400000000000063
2019-06-06,002383,54.8,52.42,54.8,49.47,108234,119308719.0,9.73,-4.34,-2.38,2.23,5.329999999999998
2019-06-10,002383,52.98,53.02,53.54,52.51,59127,65859220.0,1.96,1.14,0.6,1.22,1.0300000000000011
2019-06-11,002383,53.59,54.1,54.19,51.67,100013,111508211.0,4.75,2.04,1.08,2.06,2.519999999999996
2019-06-12,002383,53.63,52.84,53.96,52.32,96807,107764191.0,3.03,-2.33,-1.26,1.99,1.6400000000000006
2019-06-13,002383,52.46,52.65,53.35,52.23,64197,70997889.0,2.12,-0.36,-0.19,1.32,1.1200000000000045
2019-06-14,002383,52.79,50.68,53.21,50.59,97402,105362491.0,4.98,-3.74,-1.97,2.0,2.6199999999999974
2019-06-17,002383,50.68,49.89,51.01,49.47,70920,74149488.0,3.04,-1.56,-0.79,1.46,1.5399999999999991
2019-06-18,002383,50.4,49.94,50.5,49.61,58458,61183756.0,1.78,0.1,0.05,1.2,0.8900000000000006
2019-06-19,002383,51.15,50.64,51.34,50.12,94545,100111035.0,2.44,1.4,0.7,1.94,1.220000000000006
2019-06-20,002383,50.26,51.25,51.29,49.7,89460,95040352.0,3.14,1.2,0.61,1.84,1.5899999999999963
2019-06-21,002383,51.43,53.21,53.31,51.39,139755,153710393.0,3.75,3.82,1.96,2.87,1.9200000000000017
2019-06-24,002383,54.19,53.54,54.19,52.28,97028,107739967.0,3.59,0.62,0.33,2.0,1.9099999999999966
2019-06-25,002383,53.4,55.08,55.79,52.28,169239,192032367.0,6.56,2.88,1.54,3.48,3.509999999999998
2019-06-26,002383,54.85,54.99,55.93,54.05,90391,104168860.0,3.41,-0.16,-0.09,1.86,1.8800000000000026
2019-06-27,002383,55.83,56.63,56.96,54.99,139466,163582063.0,3.58,2.98,1.64,2.87,1.9699999999999989
2019-06-28,002383,57.61,54.19,59.95,54.15,250339,298526512.0,10.24,-4.31,-2.44,5.15,5.800000000000004
2019-07-01,002383,54.99,54.57,55.22,54.19,174243,199544800.0,1.9,0.7,0.38,3.81,1.0300000000000011
2019-07-02,002383,54.34,52.93,54.85,52.65,177780,198545573.0,4.03,-3.01,-1.64,3.89,2.200000000000003
2019-07-03,002383,52.88,51.85,52.88,51.48,104675,113617844.0,2.65,-2.04,-1.08,2.29,1.4000000000000057
2019-07-04,002383,52.28,52.18,52.32,51.62,71484,77916853.0,1.35,0.64,0.33,1.56,0.7000000000000028
2019-07-05,002383,52.28,52.88,52.88,51.81,69997,76931877.0,2.05,1.34,0.7,1.53,1.0700000000000003
2019-07-08,002383,52.84,50.73,52.98,50.64,80047,86313107.0,4.43,-4.07,-2.15,1.75,2.3399999999999963
2019-07-09,002383,50.64,50.73,51.15,50.22,63100,66938466.0,1.83,0.0,0.0,1.38,0.9299999999999997
2019-07-10,002383,51.11,51.43,52.46,51.01,96390,104366150.0,2.86,1.38,0.7,2.11,1.4500000000000028
2019-07-11,002383,51.11,50.92,51.81,50.4,58901,63014529.0,2.74,-0.99,-0.51,1.29,1.4100000000000037
2019-07-12,002383,51.11,50.54,51.2,50.26,50918,53996537.0,1.85,-0.75,-0.38,1.11,0.9400000000000048
2019-07-15,002383,50.64,50.87,51.25,49.47,78834,82943292.0,3.52,0.65,0.33,1.72,1.7800000000000011
2019-07-16,002383,50.87,50.4,51.01,50.17,60349,63754104.0,1.65,-0.92,-0.47,1.32,0.8399999999999963
2019-07-17,002383,50.45,51.34,51.85,50.03,111844,119583027.0,3.61,1.87,0.94,2.45,1.8200000000000003
2019-07-18,002383,50.87,50.22,50.87,50.17,57430,60573880.0,1.36,-2.18,-1.12,1.26,0.6999999999999957
2019-07-19,002383,50.54,52.46,52.7,50.4,135952,146895206.0,4.58,4.46,2.24,2.97,2.3000000000000043
2019-07-22,002383,52.04,50.73,52.42,50.31,93980,100368949.0,4.02,-3.3,-1.73,2.06,2.1099999999999994
2019-07-23,002383,50.59,51.2,51.29,50.5,42504,45390796.0,1.56,0.93,0.47,0.93,0.7899999999999991
2019-07-24,002383,51.2,51.53,51.95,51.15,73049,78935964.0,1.56,0.64,0.33,1.6,0.8000000000000043
2019-07-25,002383,51.57,51.29,51.67,51.15,51340,55212301.0,1.01,-0.47,-0.24,1.12,0.5200000000000031
2019-07-26,002383,51.01,50.5,51.11,50.31,53078,56194256.0,1.56,-1.54,-0.79,1.16,0.7999999999999972
2019-07-29,002383,50.54,50.59,50.87,50.45,29706,31456653.0,0.83,0.18,0.09,0.65,0.4199999999999946
2019-07-30,002383,50.64,50.22,50.83,50.17,65464,69132957.0,1.3,-0.73,-0.37,1.43,0.6599999999999966
2019-07-31,002383,50.26,49.0,50.4,48.81,88478,91542475.0,3.17,-2.43,-1.22,1.94,1.5899999999999963
2019-08-01,002383,48.95,48.25,48.95,48.06,63062,63751595.0,1.82,-1.53,-0.75,1.38,0.8900000000000006
2019-08-02,002383,47.64,47.32,47.64,46.8,63365,62470089.0,1.74,-1.93,-0.93,1.39,0.8400000000000034
2019-08-05,002383,47.08,47.13,48.11,46.75,48049,47664167.0,2.87,-0.4,-0.19,1.05,1.3599999999999994
2019-08-06,002383,46.05,44.18,46.05,43.29,95575,88825384.0,5.86,-6.26,-2.95,2.09,2.759999999999998
2019-08-07,002383,44.55,43.9,44.69,43.81,37658,34771851.0,1.99,-0.63,-0.28,0.82,0.8799999999999955
2019-08-08,002383,45.58,44.93,46.89,44.93,89649,85430454.0,4.46,2.35,1.03,1.96,1.9600000000000009
2019-08-09,002383,45.35,44.27,45.68,44.18,40677,38086575.0,3.34,-1.47,-0.66,0.89,1.5
2019-08-12,002383,44.41,45.16,45.16,44.09,36777,34291653.0,2.42,2.01,0.89,0.8,1.0699999999999932
2019-08-13,002383,46.19,48.06,48.81,46.05,151048,148651278.0,6.11,6.42,2.9,3.3,2.760000000000005
2019-08-14,002383,47.41,47.64,48.53,47.03,102792,102912799.0,3.12,-0.87,-0.42,2.25,1.5
2019-08-15,002383,46.24,47.64,47.97,45.49,67391,66029181.0,5.21,0.0,0.0,1.47,2.479999999999997
2019-08-16,002383,47.41,47.17,48.11,47.03,61703,61441818.0,2.27,-0.99,-0.47,1.35,1.0799999999999983
2019-08-19,002383,47.41,48.72,49.23,47.41,107860,109588594.0,3.86,3.29,1.55,2.36,1.8200000000000003
2019-08-20,002383,49.0,48.39,49.37,48.2,71546,72856890.0,2.4,-0.68,-0.33,1.57,1.1699999999999946
2019-08-21,002383,48.77,48.3,48.81,47.83,55999,56543490.0,2.03,-0.19,-0.09,1.23,0.980000000000004
2019-08-22,002383,48.44,48.11,48.53,47.78,45289,45515557.0,1.55,-0.39,-0.19,0.99,0.75
2019-08-23,002383,48.02,47.5,48.3,47.32,60435,60331894.0,2.04,-1.27,-0.61,1.32,0.9799999999999969
2019-08-26,002383,45.63,47.55,48.06,45.63,65096,64363969.0,5.12,0.11,0.05,1.42,2.4299999999999997
2019-08-27,002383,47.78,48.95,49.47,47.69,92378,94444032.0,3.74,2.94,1.4,2.02,1.7800000000000011
2019-08-28,002383,48.34,49.23,49.7,48.34,97846,100689297.0,2.78,0.57,0.28,2.14,1.3599999999999994
2019-08-29,002383,49.51,48.81,49.51,48.44,60629,62061276.0,2.17,-0.85,-0.42,1.33,1.0700000000000003
2019-08-30,002383,48.91,47.74,49.47,47.6,70285,71308176.0,3.83,-2.19,-1.07,1.54,1.8699999999999974
2019-09-02,002383,48.3,49.56,49.84,47.88,97703,100572196.0,4.11,3.81,1.82,2.14,1.9600000000000009
2019-09-03,002383,49.7,50.59,50.78,49.09,104753,109817880.0,3.41,2.08,1.03,2.29,1.6899999999999977
2019-09-04,002383,51.01,50.59,51.01,49.8,88594,93390468.0,2.39,0.0,0.0,1.94,1.2100000000000009
2019-09-05,002383,50.68,50.5,51.43,50.45,97985,104480715.0,1.94,-0.18,-0.09,2.14,0.9799999999999969
2019-09-06,002383,51.06,51.29,51.53,50.59,89463,95611706.0,1.86,1.56,0.79,1.96,0.9399999999999977
2019-09-09,002383,51.48,53.12,53.21,51.48,134292,147737334.0,3.37,3.57,1.83,2.94,1.730000000000004
2019-09-10,002383,52.88,52.84,53.77,52.32,101380,112330498.0,2.73,-0.53,-0.28,2.22,1.4500000000000028
2019-09-11,002383,54.85,52.6,56.11,52.56,176177,199368152.0,6.72,-0.45,-0.24,3.85,3.549999999999997
2019-09-12,002383,52.6,55.08,57.1,52.23,276880,317943104.0,9.26,4.71,2.48,6.06,4.8700000000000045
2019-09-16,002383,54.94,57.14,57.42,54.29,269176,315547856.0,5.68,3.74,2.06,5.89,3.1300000000000026
2019-09-17,002383,56.77,54.43,56.82,54.05,202978,234948613.0,4.85,-4.74,-2.71,4.44,2.770000000000003
2019-09-18,002383,54.57,53.73,55.27,53.45,109499,124274489.0,3.34,-1.29,-0.7,2.4,1.8200000000000003
2019-09-19,002383,53.73,54.66,54.9,53.63,96186,109328327.0,2.36,1.73,0.93,2.1,1.269999999999996
2019-09-20,002383,55.04,53.35,55.04,53.07,98466,111220924.0,3.6,-2.4,-1.31,2.15,1.9699999999999989
2019-09-23,002383,54.48,54.62,55.69,54.01,147932,170094734.0,3.15,2.38,1.27,3.24,1.6799999999999997
2019-09-24,002383,54.8,53.82,55.13,53.63,106003,120699634.0,2.75,-1.46,-0.8,2.32,1.5
2019-09-25,002383,53.12,51.48,53.17,51.48,102320,111709611.0,3.14,-4.35,-2.34,2.24,1.6900000000000048
2019-09-26,002383,51.34,49.84,52.37,49.8,83224,88587507.0,4.99,-3.19,-1.64,1.82,2.5700000000000003
2019-09-27,002383,49.89,49.7,50.36,49.47,46272,48351122.0,1.79,-0.28,-0.14,1.01,0.8900000000000006
2019-09-30,002383,49.75,48.77,49.84,48.53,43878,44987090.0,2.64,-1.87,-0.93,0.96,1.3100000000000023
2019-10-08,002383,48.77,48.77,49.33,48.63,28251,28958219.0,1.44,0.0,0.0,0.62,0.6999999999999957
2019-10-09,002383,48.77,49.14,49.19,48.3,28114,28695607.0,1.82,0.76,0.37,0.62,0.8900000000000006
2019-10-10,002383,49.33,50.08,50.4,49.28,46125,48234250.0,2.28,1.91,0.94,1.01,1.1199999999999974
2019-10-11,002383,50.12,49.66,50.54,49.23,40763,42399920.0,2.62,-0.84,-0.42,0.89,1.3100000000000023
2019-10-14,002383,50.26,50.97,51.11,50.12,52676,55941476.0,1.99,2.64,1.31,1.15,0.990000000000002
2019-10-15,002383,50.92,50.45,51.15,50.12,42579,45086882.0,2.02,-1.02,-0.52,0.93,1.0300000000000011
2019-10-16,002383,50.5,50.5,51.2,50.17,49729,52735401.0,2.04,0.1,0.05,1.09,1.0300000000000011
2019-10-17,002383,50.54,50.36,50.92,49.94,36529,38568284.0,1.94,-0.28,-0.14,0.8,0.980000000000004
2019-10-18,002383,50.36,49.66,50.78,49.56,46536,48753859.0,2.42,-1.39,-0.7,1.02,1.2199999999999989
2019-10-21,002383,48.86,51.01,51.06,48.86,55849,58923948.0,4.43,2.72,1.35,1.22,2.200000000000003
2019-10-22,002383,51.01,51.43,52.0,50.68,46567,50046679.0,2.59,0.82,0.42,0.95,1.3200000000000003
2019-10-23,002383,51.53,51.62,52.51,51.2,57114,62191194.0,2.55,0.37,0.19,1.16,1.3099999999999952
2019-10-24,002383,51.67,51.06,51.71,50.54,40229,42949389.0,2.27,-1.08,-0.56,0.82,1.1700000000000017
2019-10-25,002383,50.83,50.78,51.2,50.03,38676,41002785.0,2.29,-0.55,-0.28,0.79,1.1700000000000017
2019-10-28,002383,51.15,51.76,52.23,51.15,65074,70537077.0,2.13,1.93,0.98,1.33,1.0799999999999983
2019-10-29,002383,50.08,51.11,52.23,49.89,96947,103497685.0,4.52,-1.26,-0.65,1.98,2.3399999999999963
2019-10-30,002383,50.92,50.08,51.29,49.98,63938,67244463.0,2.56,-2.02,-1.03,1.3,1.3100000000000023
2019-10-31,002383,50.31,51.15,51.25,50.03,56960,60348501.0,2.44,2.14,1.07,1.16,1.2199999999999989
2019-11-01,002383,51.15,51.15,51.34,49.61,74181,78344709.0,3.38,0.0,0.0,1.51,1.730000000000004
2019-11-04,002383,51.15,50.78,51.25,50.64,41481,44169569.0,1.19,-0.72,-0.37,0.85,0.6099999999999994
2019-11-05,002383,50.97,51.15,51.43,50.22,42826,45735785.0,2.38,0.73,0.37,0.87,1.2100000000000009
2019-11-06,002383,51.2,51.9,53.35,51.2,85131,93491900.0,4.2,1.47,0.75,1.74,2.1499999999999986
2019-11-07,002383,52.0,51.48,52.14,51.2,45599,49193477.0,1.81,-0.81,-0.42,0.93,0.9399999999999977
2019-11-08,002383,51.57,51.53,51.76,51.2,36336,39100000.0,1.09,0.1,0.05,0.74,0.5599999999999952
2019-11-11,002383,51.43,49.23,51.43,48.53,56529,59141155.0,5.63,-4.46,-2.3,1.15,2.8999999999999986
2019-11-12,002383,49.05,48.49,49.51,48.3,31738,32339906.0,2.46,-1.5,-0.74,0.65,1.2100000000000009
2019-11-13,002383,48.49,49.28,49.42,48.02,40541,41339634.0,2.89,1.63,0.79,0.83,1.3999999999999986
2019-11-14,002383,50.03,50.08,50.4,49.28,31768,33148835.0,2.27,1.62,0.8,0.61,1.1199999999999974
2019-11-15,002383,50.26,49.47,50.4,49.47,26095,27215043.0,1.86,-1.22,-0.61,0.5,0.9299999999999997
2019-11-18,002383,49.0,48.77,49.7,48.67,25678,26286778.0,2.08,-1.42,-0.7,0.49,1.0300000000000011
2019-11-19,002383,48.81,49.05,49.19,48.58,24078,24681128.0,1.25,0.57,0.28,0.46,0.6099999999999994
2019-11-20,002383,49.23,48.53,49.7,48.49,29633,30380825.0,2.47,-1.06,-0.52,0.57,1.2100000000000009
2019-11-21,002383,48.34,47.83,48.81,47.5,53526,53822614.0,2.7,-1.44,-0.7,1.03,1.3100000000000023
2019-11-22,002383,48.02,47.27,48.39,46.99,44065,43871771.0,2.93,-1.17,-0.56,0.84,1.3999999999999986
2019-11-25,002383,47.64,45.91,47.78,45.63,56097,54413167.0,4.55,-2.88,-1.36,1.07,2.1499999999999986
2019-11-26,002383,46.1,45.49,46.29,45.49,27276,26136050.0,1.74,-0.91,-0.42,0.52,0.7999999999999972
2019-11-27,002383,45.82,44.46,45.82,44.18,70333,65840073.0,3.61,-2.26,-1.03,1.35,1.6400000000000006
2019-11-28,002383,44.74,44.27,45.12,44.18,34202,31827275.0,2.11,-0.43,-0.19,0.66,0.9399999999999977
2019-11-29,002383,44.27,44.32,44.74,44.23,26611,24677934.0,1.15,0.11,0.05,0.51,0.5100000000000051
2019-12-02,002383,44.32,43.48,44.55,43.24,48562,44447421.0,2.96,-1.9,-0.84,0.93,1.3099999999999952
2019-12-03,002383,43.43,43.15,43.71,42.59,81646,73212396.0,2.58,-0.76,-0.33,1.56,1.1199999999999974
2019-12-04,002383,43.01,44.04,44.18,42.82,67293,61249091.0,3.15,2.06,0.89,1.29,1.3599999999999994
2019-12-05,002383,44.04,44.46,44.65,43.9,48510,44867504.0,1.7,0.95,0.42,0.93,0.75
2019-12-06,002383,44.46,44.46,44.83,44.23,46806,43478250.0,1.35,0.0,0.0,0.9,0.6000000000000014
2019-12-09,002383,44.74,45.07,45.44,44.65,53612,50450328.0,1.78,1.37,0.61,1.03,0.7899999999999991
2019-12-10,002383,45.02,44.79,45.02,44.32,41868,39056497.0,1.55,-0.62,-0.28,0.8,0.7000000000000028
2019-12-11,002383,44.79,44.27,45.07,44.23,39008,36249061.0,1.88,-1.16,-0.52,0.75,0.8400000000000034
2019-12-12,002383,44.32,44.55,45.07,44.09,39801,37164881.0,2.21,0.63,0.28,0.76,0.9799999999999969
2019-12-13,002383,44.79,44.6,45.12,44.46,51499,48079227.0,1.48,0.11,0.05,0.99,0.6599999999999966
2019-12-16,002383,44.98,45.96,46.0,44.65,73904,70145763.0,3.03,3.05,1.36,1.41,1.3500000000000014
2019-12-17,002383,46.19,46.52,47.32,46.0,91438,89096609.0,2.87,1.22,0.56,1.75,1.3200000000000003
2019-12-18,002383,46.52,47.78,48.44,46.38,133759,132714846.0,4.43,2.71,1.26,2.56,2.059999999999995
2019-12-19,002383,47.78,47.08,47.83,47.08,72426,71724534.0,1.57,-1.47,-0.7,1.39,0.75
2019-12-20,002383,47.08,46.19,47.41,46.1,60175,58844536.0,2.78,-1.89,-0.89,1.15,1.3099999999999952
2019-12-23,002383,46.15,45.54,46.75,45.49,56736,54601818.0,2.73,-1.41,-0.65,1.09,1.259999999999998
2019-12-24,002383,46.89,46.05,46.89,45.54,35105,33727983.0,2.96,1.12,0.51,0.67,1.3500000000000014
2019-12-25,002383,45.91,46.05,46.52,45.63,44495,42814391.0,1.93,0.0,0.0,0.85,0.8900000000000006
2019-12-26,002383,46.05,45.68,46.15,45.02,72376,68765050.0,2.45,-0.8,-0.37,1.39,1.1299999999999955
2019-12-27,002383,45.49,45.86,47.32,45.49,133923,129871865.0,4.01,0.39,0.18,2.56,1.8299999999999983
2019-12-30,002383,45.77,44.98,45.77,44.32,107804,101244276.0,3.16,-1.92,-0.88,2.06,1.4500000000000028
2019-12-31,002383,44.55,44.65,45.12,44.41,65066,60657237.0,1.58,-0.73,-0.33,1.25,0.7100000000000009
