日期,股票代码,开盘,收盘,最高,最低,成交量,成交额,振幅,涨跌幅,涨跌额,换手率,volatility
2010-01-04,600644,171.28,166.26,171.28,166.09,43088,45596060.0,3.12,-0.1,-0.17,1.75,5.189999999999998
2010-01-05,600644,166.43,169.27,169.44,162.92,66792,70400545.0,3.92,1.81,3.01,2.05,6.52000000000001
2010-01-06,600644,169.27,170.78,174.63,168.6,80060,86118457.0,3.56,0.89,1.51,2.45,6.030000000000001
2010-01-07,600644,170.61,162.92,170.61,162.58,62995,66066956.0,4.7,-4.6,-7.86,1.93,8.030000000000001
2010-01-08,600644,162.08,164.25,164.42,161.24,36222,37226966.0,1.95,0.82,1.33,1.11,3.1799999999999784
2010-01-11,600644,165.43,162.08,167.43,161.24,45868,47104190.0,3.77,-1.32,-2.17,1.4,6.189999999999998
2010-01-12,600644,162.08,166.09,166.76,160.74,58180,60384647.0,3.71,2.47,4.01,1.78,6.019999999999982
2010-01-13,600644,162.75,167.27,169.11,161.58,74118,77892658.0,4.53,0.71,1.18,2.27,7.530000000000001
2010-01-14,600644,167.43,171.11,171.28,167.27,82714,88604414.0,2.4,2.3,3.84,2.53,4.009999999999991
2010-01-15,600644,170.78,174.29,174.63,169.61,93851,101918049.0,2.93,1.86,3.18,2.87,5.019999999999982
2010-01-18,600644,174.29,177.97,177.97,173.12,102528,113504958.0,2.78,2.11,3.68,3.14,4.849999999999994
2010-01-19,600644,178.31,177.14,178.81,174.79,75925,84357931.0,2.26,-0.47,-0.83,2.33,4.02000000000001
2010-01-20,600644,177.14,177.97,188.01,171.28,185845,209850719.0,9.44,0.47,0.83,5.69,16.72999999999999
2010-01-21,600644,177.14,176.47,181.65,172.62,107857,120274891.0,5.07,-0.84,-1.5,3.3,9.030000000000001
2010-01-22,600644,172.45,165.93,173.46,161.58,96004,101886850.0,6.73,-5.97,-10.54,2.94,11.879999999999995
2010-01-25,600644,164.09,163.08,167.93,162.58,31693,33051440.0,3.22,-1.72,-2.85,0.97,5.349999999999994
2010-01-26,600644,163.08,154.38,165.26,152.71,60240,60424968.0,7.7,-5.33,-8.7,1.85,12.549999999999983
2010-01-27,600644,155.39,154.22,156.73,153.88,32365,31848412.0,1.85,-0.1,-0.16,0.99,2.8499999999999943
2010-01-28,600644,155.39,156.39,157.73,154.22,22760,22550087.0,2.28,1.41,2.17,0.7,3.509999999999991
2010-01-29,600644,157.06,159.23,162.75,157.06,50944,51654632.0,3.64,1.82,2.84,1.56,5.689999999999998
2010-02-01,600644,158.73,154.72,158.73,152.21,31195,30592363.0,4.09,-2.83,-4.51,0.96,6.519999999999982
2010-02-02,600644,155.39,152.71,157.06,152.38,23294,22866553.0,3.02,-1.3,-2.01,0.71,4.680000000000007
2010-02-03,600644,152.71,155.22,155.22,146.52,34070,32814463.0,5.7,1.64,2.51,1.04,8.699999999999989
2010-02-04,600644,155.22,154.72,156.06,153.04,34455,33808551.0,1.95,-0.32,-0.5,1.06,3.0200000000000102
2010-02-05,600644,150.87,149.7,153.21,148.53,42997,40965635.0,3.02,-3.24,-5.02,1.32,4.680000000000007
2010-02-08,600644,149.53,150.03,151.04,148.7,13898,13245395.0,1.56,0.22,0.33,0.43,2.3400000000000034
2010-02-09,600644,149.87,152.54,153.55,149.7,17111,16485806.0,2.57,1.67,2.51,0.52,3.8500000000000227
2010-02-10,600644,152.54,152.88,154.22,151.2,14910,14461736.0,1.98,0.22,0.34,0.46,3.0200000000000102
2010-02-11,600644,152.88,152.04,153.55,152.04,18098,17543760.0,0.99,-0.55,-0.84,0.55,1.5100000000000193
2010-02-12,600644,152.88,154.22,154.38,152.54,17173,16736652.0,1.21,1.43,2.18,0.53,1.8400000000000034
2010-02-22,600644,154.05,153.88,155.72,153.71,19249,18875155.0,1.3,-0.22,-0.34,0.59,2.009999999999991
2010-02-23,600644,154.38,153.88,154.55,150.7,20321,19630233.0,2.5,0.0,0.0,0.62,3.8500000000000227
2010-02-24,600644,152.88,159.23,160.41,151.71,51927,51846715.0,5.65,3.48,5.35,1.59,8.699999999999989
2010-02-25,600644,159.23,160.07,160.41,157.56,54309,54725856.0,1.79,0.53,0.84,1.66,2.8499999999999943
2010-02-26,600644,159.57,162.58,163.75,158.57,69658,71500112.0,3.24,1.57,2.51,2.13,5.180000000000007
2010-03-01,600644,162.92,164.09,166.09,162.08,58707,60942247.0,2.47,0.93,1.51,1.8,4.009999999999991
2010-03-02,600644,164.92,166.93,170.95,164.09,98393,104331610.0,4.18,1.73,2.84,3.01,6.859999999999985
2010-03-03,600644,168.1,175.63,181.15,167.77,236896,263011743.0,8.02,5.21,8.7,7.26,13.379999999999995
2010-03-04,600644,175.63,164.59,175.63,163.08,153552,163368838.0,7.15,-6.29,-11.04,4.7,12.549999999999983
2010-03-05,600644,164.09,163.92,166.26,162.92,55193,57330917.0,2.03,-0.41,-0.67,1.69,3.3400000000000034
2010-03-09,600644,165.43,163.42,166.09,161.08,41086,42471421.0,3.06,-0.31,-0.5,1.26,5.009999999999991
2010-03-10,600644,162.92,164.42,165.76,159.9,46695,48075474.0,3.59,0.61,1.0,1.43,5.859999999999985
2010-03-11,600644,162.08,160.91,164.59,160.07,37454,38254460.0,2.75,-2.13,-3.51,1.15,4.52000000000001
2010-03-12,600644,161.74,158.06,162.08,157.9,33381,33669423.0,2.6,-1.77,-2.85,1.02,4.180000000000007
2010-03-15,600644,158.06,155.22,158.73,154.55,28380,28057822.0,2.64,-1.8,-2.84,0.87,4.179999999999978
2010-03-16,600644,156.22,157.23,157.39,154.89,21044,20812171.0,1.61,1.29,2.01,0.64,2.5
2010-03-17,600644,157.9,161.41,161.58,157.9,32448,32893483.0,2.34,2.66,4.18,0.99,3.680000000000007
2010-03-18,600644,161.91,162.75,165.59,161.24,42158,43625679.0,2.7,0.83,1.34,1.29,4.349999999999994
2010-03-19,600644,162.92,164.25,164.42,160.57,37059,38165586.0,2.37,0.92,1.5,1.14,3.8499999999999943
2010-03-22,600644,164.25,163.75,164.59,162.92,26615,27511282.0,1.02,-0.3,-0.5,0.82,1.670000000000016
2010-03-23,600644,163.42,162.75,164.92,160.91,43279,44472042.0,2.45,-0.61,-1.0,1.33,4.009999999999991
2010-03-24,600644,162.92,161.91,163.92,161.24,28715,29419267.0,1.65,-0.52,-0.84,0.88,2.6799999999999784
2010-03-25,600644,161.74,162.25,163.75,159.74,46709,47931515.0,2.48,0.21,0.34,1.43,4.009999999999991
2010-03-26,600644,161.74,163.75,164.25,159.9,44257,45569001.0,2.68,0.92,1.5,1.36,4.349999999999994
2010-03-29,600644,163.75,165.43,165.59,162.75,57993,60227645.0,1.73,1.03,1.68,1.78,2.8400000000000034
2010-03-30,600644,164.59,165.76,166.93,163.75,62422,65220723.0,1.92,0.2,0.33,1.91,3.180000000000007
2010-03-31,600644,166.26,163.75,166.93,162.58,49025,50929692.0,2.62,-1.21,-2.01,1.5,4.349999999999994
2010-04-01,600644,163.92,166.09,166.93,163.92,60158,62939036.0,1.84,1.43,2.34,1.84,3.0100000000000193
2010-04-02,600644,166.26,169.11,169.61,166.09,85382,90608092.0,2.12,1.82,3.02,2.62,3.5200000000000102
2010-04-06,600644,170.11,166.6,170.11,165.43,57045,60243654.0,2.77,-1.48,-2.51,1.75,4.680000000000007
2010-04-07,600644,166.26,165.43,166.6,163.42,49340,51451350.0,1.91,-0.7,-1.17,1.51,3.180000000000007
2010-04-08,600644,164.59,167.6,167.77,163.75,57833,60686538.0,2.43,1.31,2.17,1.77,4.02000000000001
2010-04-09,600644,167.93,167.6,168.94,166.26,72303,76430542.0,1.6,0.0,0.0,2.21,2.680000000000007
2010-04-12,600644,167.27,168.77,168.94,163.92,88113,92707883.0,3.0,0.7,1.17,2.7,5.02000000000001
2010-04-13,600644,168.1,169.27,169.44,163.92,92036,97393516.0,3.27,0.3,0.5,2.82,5.52000000000001
2010-04-14,600644,169.44,173.29,174.63,168.77,182135,197823245.0,3.46,2.37,4.02,5.58,5.859999999999985
2010-04-15,600644,173.12,168.44,173.46,167.6,77484,83379158.0,3.38,-2.8,-4.85,2.37,5.860000000000014
2010-04-16,600644,167.93,165.43,167.93,164.76,44418,46640536.0,1.88,-1.79,-3.01,1.36,3.170000000000016
2010-04-19,600644,164.59,159.74,168.77,158.9,69207,72230103.0,5.97,-3.44,-5.69,2.12,9.870000000000005
2010-04-20,600644,159.9,160.41,161.74,157.23,46067,46454156.0,2.82,0.42,0.67,1.41,4.510000000000019
2010-04-21,600644,161.24,165.43,165.76,159.57,62385,64457309.0,3.86,3.13,5.02,1.91,6.189999999999998
2010-04-22,600644,164.76,168.6,171.11,162.25,98355,103761217.0,5.36,1.92,3.17,3.01,8.860000000000014
2010-04-23,600644,169.27,171.28,175.96,169.27,195472,212809933.0,3.97,1.59,2.68,5.99,6.689999999999998
2010-04-26,600644,172.79,169.77,174.46,168.94,102959,111233551.0,3.22,-0.88,-1.51,3.15,5.52000000000001
2010-04-27,600644,168.6,169.77,173.12,164.76,97427,104039996.0,4.92,0.0,0.0,2.98,8.360000000000014
2010-04-28,600644,168.6,179.31,181.15,166.76,316781,352278364.0,8.48,5.62,9.54,9.7,14.390000000000015
2010-04-29,600644,177.97,167.1,179.98,166.26,227636,251528078.0,7.65,-6.81,-12.21,6.97,13.719999999999999
2010-04-30,600644,164.09,151.2,165.59,149.53,193909,190573425.0,9.61,-9.52,-15.9,5.94,16.060000000000002
2010-05-04,600644,149.53,150.54,152.54,146.19,61102,58097292.0,4.2,-0.44,-0.66,1.87,6.349999999999994
2010-05-05,600644,150.54,155.89,155.89,148.03,64950,62678266.0,5.22,3.55,5.35,1.99,7.859999999999985
2010-05-06,600644,155.55,150.7,158.73,150.37,81560,79973437.0,5.36,-3.33,-5.19,2.5,8.359999999999985
2010-05-07,600644,144.51,146.35,152.04,141.33,63557,59621969.0,7.11,-2.89,-4.35,1.95,10.70999999999998
2010-05-10,600644,146.02,143.84,147.86,140.5,46615,42766138.0,5.03,-1.72,-2.51,1.43,7.360000000000014
2010-05-11,600644,147.19,139.66,147.86,139.49,45406,41477480.0,5.82,-2.91,-4.18,1.39,8.370000000000005
2010-05-12,600644,139.83,130.96,139.83,128.12,56059,47798012.0,8.38,-6.23,-8.7,1.72,11.710000000000008
2010-05-13,600644,131.13,135.48,135.81,128.12,39658,33457477.0,5.87,3.45,4.52,1.21,7.689999999999998
2010-05-14,600644,133.64,133.97,137.15,132.97,37579,32406149.0,3.09,-1.11,-1.51,1.15,4.180000000000007
2010-05-17,600644,132.8,121.26,132.8,120.92,43786,35683255.0,8.87,-9.49,-12.71,1.34,11.88000000000001
2010-05-18,600644,120.76,122.6,123.43,115.07,36902,28545029.0,6.89,1.11,1.34,1.13,8.360000000000014
2010-05-19,600644,120.09,120.09,123.77,118.25,43688,34070802.0,4.5,-2.05,-2.51,1.34,5.519999999999996
2010-05-20,600644,120.25,115.9,121.59,114.73,49426,37720278.0,5.71,-3.49,-4.19,1.51,6.859999999999999
2010-05-21,600644,111.05,118.25,119.08,109.55,52899,39008958.0,8.22,2.03,2.35,1.62,9.530000000000001
2010-05-24,600644,118.92,124.1,125.11,118.58,74710,58976031.0,5.52,4.95,5.85,2.29,6.530000000000001
2010-05-25,600644,123.77,121.76,123.77,119.42,51680,40430581.0,3.51,-1.89,-2.34,1.58,4.349999999999994
2010-05-26,600644,121.09,122.93,123.94,121.09,36082,28475736.0,2.34,0.96,1.17,1.11,2.8499999999999943
2010-05-27,600644,121.76,127.11,127.95,121.43,67367,54484307.0,5.3,3.4,4.18,2.06,6.519999999999996
2010-05-28,600644,128.62,126.78,128.95,124.6,57206,46408995.0,3.42,-0.26,-0.33,1.75,4.349999999999994
2010-06-01,600644,119.42,118.58,122.09,115.57,43101,33097639.0,5.14,-6.47,-8.2,1.32,6.52000000000001
2010-06-02,600644,118.41,120.59,120.76,116.07,22341,17027345.0,3.96,1.7,2.01,0.68,4.690000000000012
2010-06-03,600644,122.43,117.58,122.6,117.08,27353,21169788.0,4.58,-2.5,-3.01,0.84,5.519999999999996
2010-06-04,600644,116.24,117.91,118.75,114.9,20957,15819299.0,3.27,0.28,0.33,0.64,3.8499999999999943
2010-06-07,600644,115.4,115.74,116.91,114.23,23050,17194366.0,2.27,-1.84,-2.17,0.71,2.6799999999999926
2010-06-08,600644,115.57,121.43,121.93,115.57,42282,32399805.0,5.5,4.92,5.69,1.3,6.360000000000014
2010-06-09,600644,121.93,123.6,123.94,120.59,56266,44205569.0,2.76,1.79,2.17,1.72,3.3499999999999943
2010-06-10,600644,122.76,122.26,124.1,121.26,38084,30050909.0,2.3,-1.08,-1.34,1.17,2.839999999999989
2010-06-11,600644,123.27,122.26,125.27,121.93,25686,20353111.0,2.73,0.0,0.0,0.79,3.339999999999989
2010-06-17,600644,124.1,122.09,124.44,122.09,21820,17271607.0,1.92,-0.14,-0.17,0.67,2.3499999999999943
2010-06-18,600644,121.26,116.91,123.6,116.24,27191,20817485.0,6.03,-4.24,-5.18,0.83,7.359999999999999
2010-06-21,600644,117.08,120.09,120.09,115.07,18650,14251726.0,4.29,2.72,3.18,0.57,5.02000000000001
2010-06-22,600644,120.09,120.59,122.76,119.25,28365,22150731.0,2.92,0.42,0.5,0.87,3.510000000000005
2010-06-23,600644,119.42,119.08,121.43,117.75,19774,15216700.0,3.05,-1.25,-1.51,0.61,3.680000000000007
2010-06-24,600644,119.08,119.92,121.09,118.58,13790,10660109.0,2.11,0.71,0.84,0.42,2.510000000000005
2010-06-25,600644,119.42,117.91,120.25,116.91,13890,10579460.0,2.79,-1.68,-2.01,0.43,3.3400000000000034
2010-06-28,600644,118.41,117.41,120.25,116.07,19015,14526833.0,3.55,-0.42,-0.5,0.58,4.180000000000007
2010-06-29,600644,116.91,112.22,119.25,112.06,43454,32205240.0,6.12,-4.42,-5.19,1.33,7.189999999999998
2010-06-30,600644,112.73,114.57,117.41,108.71,26933,19586262.0,7.75,2.09,2.35,0.82,8.700000000000003
2010-07-01,600644,114.4,116.41,116.57,111.39,42102,31230235.0,4.52,1.61,1.84,1.29,5.179999999999993
2010-07-02,600644,118.58,126.44,128.79,118.58,171235,136666870.0,8.77,8.62,10.03,5.24,10.209999999999994
2010-07-05,600644,122.76,130.96,131.8,120.59,150477,121621761.0,8.87,3.57,4.52,4.61,11.210000000000008
2010-07-06,600644,129.46,127.62,138.66,126.28,213689,174586932.0,9.45,-2.55,-3.34,6.55,12.379999999999995
2010-07-07,600644,126.95,126.11,129.12,122.93,109314,87334654.0,4.85,-1.18,-1.51,3.35,6.189999999999998
2010-07-08,600644,126.11,126.78,127.62,123.6,87696,70643183.0,3.19,0.53,0.67,2.69,4.02000000000001
2010-07-09,600644,126.11,127.45,128.28,124.27,103409,83838938.0,3.16,0.53,0.67,3.17,4.010000000000005
2010-07-12,600644,127.45,127.28,128.12,125.94,74447,60363626.0,1.71,-0.13,-0.17,2.28,2.180000000000007
2010-07-13,600644,128.95,136.32,140.83,128.95,331551,290366987.0,9.33,7.1,9.04,10.16,11.880000000000024
2010-07-14,600644,133.3,135.14,137.65,132.63,193727,166147784.0,3.68,-0.87,-1.18,5.93,5.02000000000001
2010-07-15,600644,135.14,131.3,135.31,131.13,89876,75966380.0,3.09,-2.84,-3.84,2.75,4.180000000000007
2010-07-16,600644,130.29,135.31,135.65,128.95,93973,79532492.0,5.1,3.05,4.01,2.88,6.700000000000017
2010-07-19,600644,133.3,136.82,137.82,132.47,111431,96333262.0,3.95,1.12,1.51,3.41,5.349999999999994
2010-07-20,600644,137.15,138.66,139.16,135.65,138800,121103421.0,2.57,1.34,1.84,4.25,3.509999999999991
2010-07-21,600644,139.49,136.98,144.35,136.48,155829,138445622.0,5.68,-1.21,-1.68,4.77,7.8700000000000045
2010-07-22,600644,135.65,137.49,137.99,134.98,82028,71102889.0,2.2,0.37,0.51,2.51,3.0100000000000193
2010-07-23,600644,137.15,137.15,140.16,133.81,80091,69641629.0,4.62,-0.25,-0.34,2.45,6.349999999999994
2010-07-26,600644,136.32,137.65,137.99,135.65,59517,51794770.0,1.71,0.36,0.5,1.82,2.3400000000000034
2010-07-27,600644,137.32,134.98,137.32,134.98,52939,45669797.0,1.7,-1.94,-2.67,1.62,2.3400000000000034
2010-07-28,600644,134.98,137.82,138.32,133.64,69564,60611898.0,3.47,2.1,2.84,2.13,4.680000000000007
2010-07-29,600644,137.82,139.83,140.83,136.98,94711,83475916.0,2.79,1.46,2.01,2.9,3.8500000000000227
2010-07-30,600644,138.82,138.16,140.66,136.15,56872,49888121.0,3.23,-1.19,-1.67,1.74,4.509999999999991
2010-08-02,600644,138.66,141.33,141.5,138.16,81407,72244485.0,2.42,2.29,3.17,2.49,3.3400000000000034
2010-08-03,600644,141.67,143.01,145.85,140.83,183760,167371717.0,3.55,1.19,1.68,5.63,5.019999999999982
2010-08-04,600644,142.84,142.67,144.51,136.98,99255,88606043.0,5.27,-0.24,-0.34,3.04,7.530000000000001
2010-08-05,600644,142.51,140.0,142.84,138.82,69090,61559021.0,2.82,-1.87,-2.67,2.12,4.02000000000001
2010-08-06,600644,139.66,144.18,144.85,139.49,100300,90624224.0,3.83,2.99,4.18,3.07,5.359999999999985
2010-08-09,600644,143.17,151.37,153.55,142.17,220117,207617063.0,7.89,4.99,7.19,6.74,11.380000000000024
2010-08-10,600644,150.37,153.55,155.72,148.7,217945,210606746.0,4.64,1.44,2.18,6.68,7.02000000000001
2010-08-11,600644,152.38,160.07,165.09,150.87,214403,213341371.0,9.26,4.25,6.52,6.57,14.219999999999999
2010-08-12,600644,157.06,158.23,165.43,155.22,180819,182125093.0,6.38,-1.15,-1.84,5.54,10.210000000000008
2010-08-13,600644,158.57,169.61,172.12,158.57,228307,237609647.0,8.56,7.19,11.38,6.99,13.550000000000011
2010-08-16,600644,170.44,170.61,172.95,166.43,186662,198867443.0,3.84,0.59,1.0,5.72,6.519999999999982
2010-08-17,600644,171.45,171.95,172.62,167.1,122333,130820996.0,3.24,0.79,1.34,3.75,5.52000000000001
2010-08-18,600644,170.78,170.28,171.28,165.26,151983,160874430.0,3.5,-0.97,-1.67,4.66,6.02000000000001
2010-08-19,600644,168.1,168.6,171.45,167.27,99372,105593090.0,2.45,-0.99,-1.68,3.04,4.179999999999978
2010-08-20,600644,170.28,171.78,174.96,168.77,168258,182208770.0,3.67,1.89,3.18,5.15,6.189999999999998
2010-08-23,600644,172.12,177.47,183.83,170.61,171904,191233755.0,7.7,3.31,5.69,5.27,13.219999999999999
2010-08-24,600644,177.3,183.49,185.67,175.96,194098,221874858.0,5.47,3.39,6.02,5.95,9.70999999999998
2010-08-25,600644,182.99,174.46,183.83,173.12,135326,151196291.0,5.84,-4.92,-9.03,4.15,10.710000000000008
2010-08-26,600644,173.79,177.97,181.32,172.95,93815,104154029.0,4.8,2.01,3.51,2.87,8.370000000000005
2010-08-27,600644,176.8,178.64,178.81,173.96,60458,66848010.0,2.73,0.38,0.67,1.85,4.849999999999994
2010-08-30,600644,180.15,180.98,185.67,179.14,150130,171680320.0,3.66,1.31,2.34,4.6,6.530000000000001
2010-08-31,600644,179.31,180.15,180.65,175.46,121873,135489873.0,2.87,-0.46,-0.83,3.73,5.189999999999998
2010-09-01,600644,179.81,172.12,182.15,170.28,105354,116382572.0,6.59,-4.46,-8.03,3.23,11.870000000000005
2010-09-02,600644,173.12,172.79,175.8,171.28,98930,107436348.0,2.63,0.39,0.67,3.03,4.52000000000001
2010-09-03,600644,177.3,182.66,186.34,175.96,216948,246286978.0,6.01,5.71,9.87,6.65,10.379999999999995
2010-09-06,600644,185.0,183.83,185.67,177.97,173394,198392315.0,4.22,0.64,1.17,5.31,7.699999999999989
2010-09-07,600644,181.99,184.33,184.5,179.98,88747,100994738.0,2.46,0.27,0.5,2.72,4.52000000000001
2010-09-08,600644,184.0,203.57,203.57,181.82,395751,491197982.0,11.8,10.44,19.24,12.12,21.75
2010-09-09,600644,203.74,210.6,216.95,200.56,447381,576583258.0,8.05,3.45,7.03,13.7,16.389999999999986
2010-09-10,600644,210.6,214.44,218.63,204.07,263095,348892089.0,6.91,1.82,3.84,8.06,14.560000000000002
2010-09-13,600644,212.6,229.17,234.85,210.26,219344,306158769.0,11.47,6.87,14.73,6.72,24.590000000000003
2010-09-14,600644,232.01,252.92,252.92,232.01,245822,376808737.0,9.12,10.36,23.75,7.53,20.909999999999997
2010-09-15,600644,262.46,261.79,277.51,260.62,548667,906835138.0,6.68,3.51,8.87,16.81,16.889999999999986
2010-09-16,600644,250.75,255.26,259.78,242.72,358380,556709635.0,6.52,-2.49,-6.53,10.98,17.059999999999974
2010-09-17,600644,252.42,237.36,261.96,235.69,345454,526804940.0,10.29,-7.01,-17.9,10.58,26.269999999999982
2010-09-20,600644,236.19,238.87,244.89,230.17,259962,381394479.0,6.2,0.64,1.51,7.96,14.719999999999999
2010-09-21,600644,238.03,222.81,240.21,218.96,238971,336397105.0,8.9,-6.72,-16.06,7.32,21.25
2010-09-27,600644,225.49,235.52,236.19,222.31,225101,320397476.0,6.23,5.7,12.71,6.89,13.879999999999995
2010-09-28,600644,231.84,233.01,241.55,229.0,208697,304222488.0,5.33,-1.07,-2.51,6.39,12.550000000000011
2010-09-29,600644,230.67,230.0,231.68,221.47,181748,255290951.0,4.38,-1.29,-3.01,5.57,10.210000000000008
2010-09-30,600644,225.65,228.66,231.51,224.15,128872,182284280.0,3.2,-0.58,-1.34,3.95,7.359999999999985
2010-10-08,600644,232.01,234.52,245.23,228.83,241194,354701015.0,7.17,2.56,5.86,7.39,16.399999999999977
2010-10-11,600644,239.2,258.78,258.78,237.03,476270,729646341.0,9.27,10.34,24.26,14.59,21.74999999999997
2010-10-12,600644,258.94,260.45,267.48,249.07,419991,668444980.0,7.11,0.65,1.67,12.86,18.410000000000025
2010-10-13,600644,256.1,260.12,265.13,250.91,277794,442183407.0,5.46,-0.13,-0.33,8.51,14.219999999999999
2010-10-14,600644,260.12,240.21,261.62,239.04,281979,430128945.0,8.68,-7.65,-19.91,8.64,22.580000000000013
2010-10-15,600644,237.36,234.35,247.23,230.67,247855,365961976.0,6.89,-2.44,-5.86,7.59,16.560000000000002
2010-10-18,600644,235.36,213.1,235.52,210.09,341150,456618197.0,10.85,-9.07,-21.25,10.45,25.430000000000007
2010-10-19,600644,221.97,223.81,234.52,217.45,182446,252370336.0,8.01,5.03,10.71,5.59,17.07000000000002
2010-10-20,600644,218.96,225.15,231.51,214.28,201195,282207835.0,7.7,0.6,1.34,6.16,17.22999999999999
2010-10-21,600644,227.83,236.53,238.2,227.33,245092,353789320.0,4.83,5.05,11.38,7.51,10.869999999999976
2010-10-22,600644,238.2,236.36,238.7,230.0,172022,249413640.0,3.68,-0.07,-0.17,5.27,8.699999999999989
2010-10-25,600644,234.02,260.78,260.78,234.02,284592,449338257.0,11.32,10.33,24.42,8.72,26.759999999999962
2010-10-26,600644,272.5,262.46,274.17,254.59,488998,799503861.0,7.51,0.64,1.68,14.98,19.580000000000013
2010-10-27,600644,262.46,250.75,265.8,250.41,225798,357985968.0,5.86,-4.46,-11.71,6.92,15.390000000000015
2010-10-28,600644,245.73,258.78,261.12,242.72,237335,371222727.0,7.34,3.2,8.03,7.27,18.400000000000006
2010-10-29,600644,255.77,268.65,272.33,250.91,297018,480625694.0,8.28,3.81,9.87,9.1,21.419999999999987
2010-11-01,600644,276.68,277.35,284.21,267.48,381498,649295182.0,6.23,3.24,8.7,11.69,16.72999999999996
2010-11-02,600644,273.33,280.69,304.28,268.82,420198,740237126.0,12.79,1.2,3.34,12.87,35.45999999999998
2010-11-03,600644,280.02,261.96,285.21,261.12,280569,472728260.0,8.58,-6.67,-18.73,8.59,24.089999999999975
2010-11-04,600644,262.29,272.5,275.17,255.1,204375,336107498.0,7.66,4.02,10.54,6.26,20.07000000000002
2010-11-05,600644,272.5,272.16,281.7,267.48,190172,322716003.0,5.22,-0.12,-0.34,5.82,14.21999999999997
2010-11-08,600644,271.66,273.83,278.85,264.3,183451,307525150.0,5.35,0.61,1.67,5.62,14.550000000000011
2010-11-09,600644,270.82,268.65,274.84,264.3,184511,304761032.0,3.85,-1.89,-5.18,5.65,10.539999999999964
2010-11-10,600644,265.8,272.16,274.67,264.47,144249,240267486.0,3.8,1.31,3.51,4.42,10.199999999999989
2010-11-11,600644,267.48,268.48,282.2,266.81,239445,407007811.0,5.65,-1.35,-3.68,7.33,15.389999999999986
2010-11-12,600644,265.64,241.04,270.32,240.71,260195,406202328.0,11.03,-10.22,-27.44,7.97,29.609999999999985
2010-11-15,600644,241.38,243.55,245.39,230.67,132038,195753951.0,6.11,1.04,2.51,4.04,14.719999999999999
2010-11-16,600644,243.55,229.33,247.07,225.65,119737,175490841.0,8.79,-5.84,-14.22,3.67,21.419999999999987
2010-11-17,600644,229.5,216.45,233.85,213.1,97808,136905917.0,9.05,-5.62,-12.88,3.0,20.75
2010-11-18,600644,215.95,220.63,222.31,215.95,77483,105401552.0,2.94,1.93,4.18,2.37,6.360000000000014
2010-11-19,600644,222.47,233.18,233.52,220.63,126182,177897340.0,5.84,5.69,12.55,3.86,12.890000000000015
2010-11-22,600644,232.18,235.36,240.21,217.29,117766,170743553.0,9.83,0.93,2.18,3.61,22.920000000000016
2010-11-23,600644,232.51,224.15,235.19,217.29,102366,142498654.0,7.61,-4.76,-11.21,3.14,17.900000000000006
2010-11-24,600644,216.79,229.17,229.5,216.79,82837,116229844.0,5.67,2.24,5.02,2.54,12.710000000000008
2010-11-25,600644,229.83,234.18,235.52,229.83,109066,157800003.0,2.48,2.19,5.01,3.34,5.689999999999998
2010-11-26,600644,234.85,231.01,235.02,226.49,98878,141021327.0,3.64,-1.35,-3.17,3.03,8.530000000000001
2010-11-29,600644,230.34,226.32,230.34,221.97,87526,122620716.0,3.62,-2.03,-4.69,2.68,8.370000000000005
2010-11-30,600644,223.98,221.97,230.34,215.95,98301,135405489.0,6.36,-1.92,-4.35,3.01,14.390000000000015
2010-12-01,600644,222.31,232.34,238.53,221.14,165649,237807747.0,7.83,4.67,10.37,5.07,17.390000000000015
2010-12-02,600644,235.69,228.33,236.19,226.32,141654,202187518.0,4.25,-1.73,-4.01,4.34,9.870000000000005
2010-12-03,600644,242.72,237.87,252.09,235.69,275762,416248232.0,7.18,4.18,9.54,8.45,16.400000000000006
2010-12-06,600644,233.35,229.0,235.86,225.82,140758,200798292.0,4.22,-3.73,-8.87,4.31,10.04000000000002
2010-12-07,600644,228.16,229.33,229.67,220.13,70827,98980291.0,4.17,0.14,0.33,2.17,9.539999999999992
2010-12-08,600644,225.65,227.66,230.17,225.65,58620,82908831.0,1.97,-0.73,-1.67,1.8,4.519999999999982
2010-12-09,600644,227.66,220.3,228.33,219.8,69227,95619428.0,3.75,-3.23,-7.36,2.12,8.530000000000001
2010-12-10,600644,218.96,220.3,221.47,216.12,72467,98575562.0,2.43,0.0,0.0,2.22,5.349999999999994
2010-12-13,600644,221.14,228.33,228.5,221.14,102651,143315988.0,3.34,3.65,8.03,3.14,7.360000000000014
2010-12-14,600644,230.17,231.17,234.52,227.49,102799,147299031.0,3.08,1.24,2.84,3.15,7.030000000000001
2010-12-15,600644,231.17,233.01,237.03,229.0,124259,179441931.0,3.47,0.8,1.84,3.81,8.030000000000001
2010-12-16,600644,231.51,229.17,235.52,228.66,72794,104127323.0,2.94,-1.65,-3.84,2.23,6.860000000000014
2010-12-17,600644,229.17,227.33,230.84,223.98,53841,75731808.0,2.99,-0.8,-1.84,1.65,6.860000000000014
2010-12-20,600644,229.17,222.64,230.34,218.29,79345,109773529.0,5.3,-2.06,-4.69,2.43,12.050000000000011
2010-12-21,600644,222.31,226.99,227.16,220.3,49723,69209260.0,3.08,1.95,4.35,1.52,6.859999999999985
2010-12-22,600644,227.33,222.47,228.5,221.8,63360,88030016.0,2.95,-1.99,-4.52,1.94,6.699999999999989
2010-12-23,600644,222.14,217.12,222.31,216.95,61262,83363319.0,2.41,-2.4,-5.35,1.88,5.360000000000014
2010-12-24,600644,217.96,223.64,225.32,215.61,92218,127060568.0,4.47,3.0,6.52,2.82,9.70999999999998
2010-12-27,600644,223.64,221.14,233.18,220.13,120224,169480195.0,5.84,-1.12,-2.5,3.68,13.050000000000011
2010-12-28,600644,218.29,204.57,218.29,203.9,108307,140425101.0,6.51,-7.49,-16.57,3.32,14.389999999999986
2010-12-29,600644,205.58,202.23,208.09,198.88,63085,79543471.0,4.5,-1.14,-2.34,1.93,9.210000000000008
2010-12-31,600644,207.25,223.31,223.31,206.41,246032,338044832.0,8.36,10.42,21.08,7.54,16.900000000000006
2011-01-04,600644,222.31,225.65,227.49,217.79,195326,269885404.0,4.34,1.05,2.34,5.98,9.700000000000017
2011-01-05,600644,222.47,227.66,228.66,220.3,129683,181686384.0,3.7,0.89,2.01,3.97,8.359999999999985
2011-01-06,600644,228.66,224.48,233.35,223.64,100506,141768617.0,4.27,-1.4,-3.18,3.08,9.710000000000008
2011-01-07,600644,225.65,222.81,228.33,221.64,71880,100356336.0,2.98,-0.74,-1.67,2.2,6.690000000000026
2011-01-10,600644,222.98,215.11,222.98,212.6,61708,83650863.0,4.66,-3.46,-7.7,1.89,10.379999999999995
2011-01-11,600644,211.1,210.26,214.78,203.57,88482,114737554.0,5.21,-2.25,-4.85,2.71,11.210000000000008
2011-01-12,600644,213.77,209.93,213.77,206.08,55175,72014516.0,3.66,-0.16,-0.33,1.69,7.689999999999998
2011-01-13,600644,210.93,209.09,212.1,207.25,36445,47390811.0,2.31,-0.4,-0.84,1.12,4.849999999999994
2011-01-14,600644,209.09,204.07,209.26,203.07,50288,64023876.0,2.96,-2.4,-5.02,1.54,6.189999999999998
2011-01-17,600644,201.56,186.84,201.56,186.5,71947,87022160.0,7.38,-8.44,-17.23,2.2,15.060000000000002
2011-01-18,600644,185.5,186.5,188.01,183.66,46714,54300777.0,2.33,-0.18,-0.34,1.43,4.349999999999994
2011-01-19,600644,186.67,192.69,193.53,186.5,44086,52472100.0,3.77,3.32,6.19,1.35,7.030000000000001
2011-01-20,600644,192.86,185.0,195.54,184.16,51834,61464600.0,5.91,-3.99,-7.69,1.59,11.379999999999995
2011-01-21,600644,182.99,187.17,189.68,182.15,38761,45131629.0,4.07,1.17,2.17,1.19,7.530000000000001
2011-01-24,600644,187.17,186.0,189.01,180.98,30401,34962911.0,4.29,-0.63,-1.17,0.93,8.030000000000001
2011-01-25,600644,194.53,188.34,197.21,186.34,60436,72404452.0,5.84,1.26,2.34,1.85,10.870000000000005
2011-01-26,600644,185.5,190.19,191.19,183.83,38963,45889914.0,3.91,0.98,1.85,1.19,7.359999999999985
2011-01-27,600644,190.02,193.2,195.54,186.84,49802,59669616.0,4.57,1.58,3.01,1.53,8.699999999999989
2011-01-28,600644,193.2,196.54,198.05,191.36,59995,72882152.0,3.46,1.73,3.34,1.84,6.689999999999998
2011-01-31,600644,198.38,200.89,203.23,194.53,70075,87049817.0,4.43,2.21,4.35,2.15,8.699999999999989
2011-02-01,600644,201.73,195.71,201.73,195.37,53468,65864174.0,3.17,-2.58,-5.18,1.64,6.359999999999985
2011-02-09,600644,192.53,190.52,195.54,190.02,42748,51453677.0,2.82,-2.65,-5.19,1.31,5.519999999999982
2011-02-10,600644,190.69,199.39,200.06,190.52,63334,77610050.0,5.01,4.66,8.87,1.94,9.539999999999992
2011-02-11,600644,199.39,206.91,209.76,198.88,125214,159089933.0,5.46,3.77,7.52,3.84,10.879999999999995
2011-02-14,600644,206.41,213.61,214.44,204.91,133151,174111187.0,4.61,3.24,6.7,4.08,9.530000000000001
2011-02-15,600644,212.27,210.93,217.79,208.92,126418,167498978.0,4.15,-1.25,-2.68,3.87,8.870000000000005
2011-02-16,600644,208.09,220.47,222.31,208.09,137533,185957114.0,6.74,4.52,9.54,4.21,14.219999999999999
2011-02-17,600644,220.63,221.8,224.82,217.29,123299,169382688.0,3.42,0.6,1.33,3.78,7.530000000000001
2011-02-18,600644,219.3,243.22,244.89,219.3,450809,667107266.0,11.54,9.66,21.42,13.81,25.589999999999975
2011-02-21,600644,241.88,260.62,268.15,239.54,455918,712538934.0,11.76,7.15,17.4,13.96,28.609999999999985
2011-02-22,600644,259.61,267.98,273.5,256.77,494521,812063445.0,6.42,2.82,7.36,15.15,16.730000000000018
2011-02-23,600644,264.97,266.31,278.85,260.95,297544,489217268.0,6.68,-0.62,-1.67,9.11,17.900000000000034
2011-02-24,600644,264.47,265.3,275.17,259.95,259526,426652560.0,5.72,-0.38,-1.01,7.95,15.220000000000027
2011-02-25,600644,265.8,272.16,282.03,265.13,340775,576648677.0,6.37,2.59,6.86,10.44,16.899999999999977
2011-02-28,600644,267.98,269.15,270.82,259.95,235207,385858055.0,3.99,-1.11,-3.01,7.2,10.870000000000005
2011-03-01,600644,265.64,275.34,282.03,264.13,319350,538592526.0,6.65,2.3,6.19,9.78,17.899999999999977
2011-03-02,600644,272.66,282.2,292.57,270.99,513750,892693060.0,7.84,2.49,6.86,15.74,21.579999999999984
2011-03-03,600644,279.02,261.96,280.36,259.95,363182,603716496.0,7.23,-7.17,-20.24,11.12,20.410000000000025
2011-03-04,600644,263.8,264.13,267.31,257.77,209602,338037604.0,3.64,0.83,2.17,6.42,9.54000000000002
2011-03-07,600644,264.13,284.04,284.54,261.29,345159,581600530.0,8.8,7.54,19.91,10.57,23.25
2011-03-08,600644,280.86,279.86,281.2,274.17,199330,341280022.0,2.48,-1.47,-4.18,6.11,7.029999999999973
2011-03-09,600644,276.68,286.21,290.9,276.68,297218,521442417.0,5.08,2.27,6.35,9.1,14.21999999999997
2011-03-10,600644,283.87,280.02,288.89,277.68,188091,325864500.0,3.92,-2.16,-6.19,5.76,11.20999999999998
2011-03-11,600644,280.02,267.98,282.2,263.29,257567,428493876.0,6.75,-4.3,-12.04,7.89,18.909999999999968
2011-03-14,600644,267.48,272.5,274.67,264.13,166225,276669124.0,3.93,1.69,4.52,5.09,10.54000000000002
2011-03-15,600644,273.33,294.41,300.6,267.48,633170,1116712482.0,12.15,8.04,21.91,19.39,33.120000000000005
2011-03-16,600644,294.24,303.11,312.98,294.24,616014,1146342555.0,6.37,2.96,8.7,18.87,18.74000000000001
2011-03-17,600644,303.11,296.25,312.98,291.07,342457,639163168.0,7.23,-2.26,-6.86,10.49,21.910000000000025
2011-03-18,600644,295.92,324.02,326.7,295.92,530019,1036683689.0,10.39,9.37,27.77,16.23,30.779999999999973
2011-03-21,600644,322.35,313.99,322.52,305.96,318441,610347193.0,5.11,-3.1,-10.03,9.75,16.560000000000002
2011-03-22,600644,310.97,309.3,311.48,297.42,258609,481623245.0,4.48,-1.49,-4.69,7.92,14.060000000000002
2011-03-23,600644,305.96,311.98,316.83,303.78,270932,516401043.0,4.22,0.87,2.68,8.3,13.050000000000011
2011-03-24,600644,310.97,314.15,324.02,305.45,256752,496692283.0,5.95,0.7,2.17,7.86,18.569999999999993
2011-03-25,600644,309.3,309.97,321.01,306.79,253258,488150550.0,4.53,-1.33,-4.18,7.76,14.21999999999997
2011-03-28,600644,309.3,298.59,312.31,297.59,214222,398626242.0,4.75,-3.67,-11.38,6.56,14.720000000000027
2011-03-29,600644,299.43,283.04,306.79,280.86,220882,398409478.0,8.68,-5.21,-15.55,6.77,25.930000000000007
2011-03-30,600644,290.9,280.02,294.41,275.51,214617,376196670.0,6.68,-1.07,-3.02,6.57,18.900000000000034
2011-03-31,600644,280.86,287.72,289.23,274.34,162505,283521152.0,5.32,2.75,7.7,4.98,14.890000000000043
2011-04-01,600644,289.06,286.21,291.9,279.02,125300,220635951.0,4.48,-0.52,-1.51,3.84,12.879999999999995
2011-04-06,600644,280.02,272.5,285.21,269.15,193443,326402274.0,5.61,-4.79,-13.71,5.93,16.060000000000002
2011-04-07,600644,272.33,274.67,275.51,268.82,181362,305000265.0,2.46,0.8,2.17,5.56,6.689999999999998
2011-04-08,600644,275.84,276.18,279.86,273.0,146279,248766050.0,2.5,0.55,1.51,4.48,6.860000000000014
2011-04-11,600644,276.18,266.14,277.01,264.47,227790,376480694.0,4.54,-3.64,-10.04,6.98,12.539999999999964
2011-04-12,600644,264.13,268.82,270.49,261.12,166029,273525446.0,3.52,1.01,2.68,5.09,9.370000000000005
2011-04-13,600644,265.8,271.49,271.66,264.13,118083,195225883.0,2.8,0.99,2.67,3.62,7.53000000000003
2011-04-14,600644,271.66,264.8,275.34,263.29,139940,231412413.0,4.44,-2.46,-6.69,4.29,12.049999999999955
2011-04-15,600644,265.97,277.35,277.85,262.79,219963,368167193.0,5.69,4.74,12.55,6.74,15.060000000000002
2011-04-18,600644,274.34,272.83,278.52,269.65,160030,270012411.0,3.2,-1.63,-4.52,4.9,8.870000000000005
2011-04-19,600644,271.83,256.94,271.83,256.6,190035,305795061.0,5.58,-5.82,-15.89,5.82,15.229999999999961
2011-04-20,600644,257.44,252.75,259.95,251.58,150655,236101793.0,3.26,-1.63,-4.19,4.61,8.369999999999976
2011-04-21,600644,253.42,255.43,259.95,253.26,94227,149237220.0,2.65,1.06,2.68,2.89,6.689999999999998
2011-04-22,600644,255.43,261.12,263.8,249.41,145623,230905265.0,5.63,2.23,5.69,4.46,14.390000000000015
2011-04-25,600644,258.28,249.74,258.78,249.07,79510,124147371.0,3.72,-4.36,-11.38,2.44,9.70999999999998
2011-04-26,600644,249.91,241.88,251.92,240.71,74243,112177032.0,4.49,-3.15,-7.86,2.27,11.20999999999998
2011-04-27,600644,242.55,240.04,245.23,234.18,61595,91915911.0,4.57,-0.76,-1.84,1.89,11.049999999999983
2011-04-28,600644,242.38,238.53,243.89,235.69,63182,93693562.0,3.42,-0.63,-1.51,1.94,8.199999999999989
2011-04-29,600644,238.53,248.4,248.57,233.68,105200,159066144.0,6.24,4.14,9.87,3.22,14.889999999999986
2011-05-03,600644,247.4,253.93,255.6,244.06,105948,164926987.0,4.65,2.23,5.53,3.25,11.539999999999992
2011-05-04,600644,253.26,243.55,253.26,242.38,121197,184528840.0,4.28,-4.09,-10.38,3.71,10.879999999999995
2011-05-05,600644,242.38,249.74,251.58,240.88,88022,135056338.0,4.39,2.54,6.19,2.7,10.700000000000017
2011-05-06,600644,248.07,272.33,275.51,245.9,402086,665146737.0,11.86,9.05,22.59,12.32,29.609999999999985
2011-05-09,600644,272.5,278.52,279.02,270.82,348318,592197959.0,3.01,2.27,6.19,10.67,8.199999999999989
2011-05-10,600644,278.02,280.69,282.53,272.5,273188,467767598.0,3.6,0.78,2.17,8.37,10.029999999999973
2011-05-11,600644,279.19,275.67,281.53,273.5,220741,376984054.0,2.86,-1.79,-5.02,6.76,8.029999999999973
2011-05-12,600644,273.33,277.68,289.23,267.14,322133,554526897.0,8.01,0.73,2.01,9.87,22.090000000000032
2011-05-16,600644,278.35,267.48,278.52,266.81,215525,361014867.0,4.22,-3.67,-10.2,6.6,11.70999999999998
2011-05-17,600644,265.8,251.25,266.81,247.4,224002,351912299.0,7.26,-6.07,-16.23,6.86,19.409999999999997
2011-05-18,600644,250.41,252.75,253.59,245.73,106255,164841546.0,3.13,0.6,1.5,3.25,7.860000000000014
2011-05-19,600644,251.75,249.91,258.28,249.58,114336,178774103.0,3.44,-1.12,-2.84,3.5,8.69999999999996
2011-05-20,600644,248.24,243.22,248.24,239.2,138913,208996272.0,3.62,-2.68,-6.69,4.25,9.04000000000002
2011-05-23,600644,243.39,235.19,245.73,234.85,110980,165347360.0,4.47,-3.3,-8.03,3.4,10.879999999999995
2011-05-24,600644,234.18,238.2,239.04,227.83,95303,138039629.0,4.77,1.28,3.01,2.92,11.20999999999998
2011-05-25,600644,236.86,229.17,236.86,229.0,96257,138531128.0,3.3,-3.79,-9.03,2.95,7.860000000000014
2011-05-26,600644,231.34,222.47,233.35,222.31,105392,149937529.0,4.82,-2.92,-6.7,3.23,11.039999999999992
2011-05-27,600644,221.64,215.78,225.99,213.1,114372,155476280.0,5.79,-3.01,-6.69,3.5,12.890000000000015
2011-05-30,600644,210.6,213.1,217.96,209.93,70945,94026356.0,3.72,-1.24,-2.68,2.17,8.030000000000001
2011-05-31,600644,217.29,223.64,224.15,217.29,137059,187803865.0,3.22,4.95,10.54,4.2,6.860000000000014
2011-06-01,600644,225.99,235.19,239.04,225.82,205851,296418814.0,5.91,5.16,11.55,6.31,13.219999999999999
2011-06-02,600644,229.0,228.83,232.34,221.3,144878,204102474.0,4.69,-2.7,-6.36,4.44,11.039999999999992
2011-06-03,600644,235.69,238.37,252.09,235.69,225503,339597710.0,7.17,4.17,9.54,6.91,16.400000000000006
2011-06-07,600644,234.35,237.7,238.7,231.68,145533,211811735.0,2.95,-0.28,-0.67,4.46,7.019999999999982
2011-06-08,600644,239.2,239.37,243.39,235.86,131255,194481153.0,3.17,0.7,1.67,4.02,7.529999999999973
2011-06-09,600644,237.53,226.99,238.37,226.66,122527,176365959.0,4.89,-5.17,-12.38,3.75,11.710000000000008
2011-06-10,600644,224.15,227.16,228.5,218.63,87254,120972014.0,4.35,0.07,0.17,2.67,9.870000000000005
2011-06-13,600644,223.98,230.0,230.34,222.14,64322,90432337.0,3.61,1.25,2.84,1.97,8.200000000000017
2011-06-14,600644,229.17,233.85,236.53,227.49,92533,134024657.0,3.93,1.67,3.85,2.83,9.039999999999992
2011-06-15,600644,233.85,227.99,235.86,227.83,71642,102731061.0,3.43,-2.51,-5.86,2.19,8.030000000000001
2011-06-16,600644,222.31,223.14,227.83,219.3,54276,75527587.0,3.74,-2.13,-4.85,1.66,8.530000000000001
2011-06-17,600644,223.48,218.12,227.33,217.29,53566,74072221.0,4.5,-2.25,-5.02,1.64,10.04000000000002
2011-06-20,600644,216.45,212.1,217.29,210.6,58452,77652157.0,3.07,-2.76,-6.02,1.79,6.689999999999998
2011-06-21,600644,213.77,220.47,220.63,211.26,65712,88147156.0,4.42,3.95,8.37,2.01,9.370000000000005
2011-06-22,600644,221.14,218.79,221.8,214.95,55858,75658170.0,3.11,-0.76,-1.68,1.71,6.850000000000023
2011-06-23,600644,215.95,225.15,226.99,212.94,88562,121356976.0,6.42,2.91,6.36,2.71,14.050000000000011
2011-06-24,600644,223.31,230.67,234.18,222.14,132828,188295002.0,5.35,2.45,5.52,4.07,12.04000000000002
2011-06-27,600644,231.01,235.19,238.7,230.67,137874,199730779.0,3.48,1.96,4.52,4.22,8.030000000000001
2011-06-28,600644,235.69,236.53,237.87,230.5,110791,160159658.0,3.13,0.57,1.34,3.39,7.3700000000000045
2011-06-29,600644,236.36,228.5,237.03,228.16,98117,140543977.0,3.75,-3.39,-8.03,3.01,8.870000000000005
2011-06-30,600644,228.66,234.35,237.53,228.16,104360,150670461.0,4.1,2.56,5.85,3.2,9.370000000000005
2011-07-01,600644,234.18,236.69,239.71,233.35,115933,169626260.0,2.71,1.0,2.34,3.55,6.360000000000014
2011-07-04,600644,238.87,258.94,261.12,238.87,418620,649693109.0,9.4,9.4,22.25,12.82,22.25
2011-07-05,600644,258.94,256.94,259.45,251.75,217398,341689830.0,2.97,-0.77,-2.0,6.66,7.699999999999989
2011-07-06,600644,255.93,259.78,263.63,252.25,260122,415050663.0,4.43,1.11,2.84,7.97,11.379999999999995
2011-07-07,600644,260.45,258.78,262.46,255.77,183313,291730736.0,2.58,-0.38,-1.0,5.61,6.689999999999969
2011-07-08,600644,260.95,254.26,266.64,251.75,201649,321780555.0,5.75,-1.75,-4.52,6.18,14.889999999999986
2011-07-11,600644,251.58,254.59,258.11,248.4,102064,159942383.0,3.82,0.13,0.33,3.13,9.710000000000008
2011-07-12,600644,251.92,251.58,255.93,249.41,94370,147037611.0,2.56,-1.18,-3.01,2.89,6.52000000000001
2011-07-13,600644,250.91,259.45,259.95,250.58,156842,247320225.0,3.72,3.13,7.87,4.8,9.369999999999976
2011-07-14,600644,260.12,259.61,263.13,255.43,136930,218114551.0,2.97,0.06,0.16,4.19,7.699999999999989
2011-07-15,600644,258.94,255.1,260.45,252.92,148512,233410318.0,2.9,-1.74,-4.51,4.55,7.530000000000001
2011-07-18,600644,254.76,266.31,267.48,251.92,275715,444170614.0,6.1,4.39,11.21,8.45,15.56000000000003
2011-07-19,600644,263.13,264.13,269.65,257.27,272738,442908659.0,4.65,-0.82,-2.18,8.35,12.379999999999995
2011-07-20,600644,264.8,256.77,265.97,253.42,168845,268793142.0,4.75,-2.79,-7.36,5.17,12.55000000000004
2011-07-21,600644,256.27,250.75,257.61,250.08,94694,147507098.0,2.93,-2.34,-6.02,2.9,7.530000000000001
2011-07-22,600644,251.75,254.09,254.43,249.58,68255,105959231.0,1.93,1.33,3.34,2.09,4.849999999999994
2011-07-25,600644,250.91,254.43,258.11,246.73,199782,310421503.0,4.48,0.13,0.34,6.12,11.380000000000024
2011-07-26,600644,255.43,262.46,262.79,251.75,247651,391559509.0,4.34,3.16,8.03,7.59,11.04000000000002
2011-07-27,600644,260.78,263.96,265.8,256.94,240918,388639898.0,3.38,0.57,1.5,7.38,8.860000000000014
2011-07-28,600644,259.95,255.26,262.63,251.75,142378,224829102.0,4.12,-3.3,-8.7,4.36,10.879999999999995
2011-07-29,600644,255.1,244.89,257.77,244.39,137284,211436073.0,5.24,-4.06,-10.37,4.2,13.379999999999995
2011-08-01,600644,246.56,250.41,252.09,244.06,83329,128143227.0,3.28,2.25,5.52,2.55,8.030000000000001
2011-08-02,600644,251.75,256.6,256.77,249.24,153524,239892670.0,3.01,2.47,6.19,4.7,7.529999999999973
2011-08-03,600644,252.09,248.74,255.93,248.57,117159,181716686.0,2.87,-3.06,-7.86,3.59,7.360000000000014
2011-08-04,600644,250.41,249.24,251.42,246.06,77057,118153114.0,2.15,0.2,0.5,2.36,5.359999999999985
2011-08-05,600644,241.71,234.18,242.88,233.85,128102,188333758.0,3.62,-6.04,-15.06,3.92,9.030000000000001
2011-08-08,600644,227.99,216.95,230.0,210.26,127875,173510281.0,8.43,-7.36,-17.23,3.92,19.74000000000001
2011-08-09,600644,209.93,217.45,221.14,199.55,105778,138703227.0,9.95,0.23,0.5,3.24,21.589999999999975
2011-08-10,600644,222.47,218.12,223.81,216.95,95443,130368467.0,3.15,0.31,0.67,2.92,6.860000000000014
2011-08-11,600644,210.43,220.47,220.97,208.59,74766,100381901.0,5.68,1.08,2.35,2.29,12.379999999999995
2011-08-12,600644,224.15,223.81,228.33,221.8,83879,116633526.0,2.96,1.51,3.34,2.57,6.530000000000001
2011-08-15,600644,222.64,227.66,229.33,222.64,62453,87490899.0,2.99,1.72,3.85,1.91,6.690000000000026
2011-08-16,600644,227.66,223.48,227.83,223.31,59623,82884270.0,1.99,-1.84,-4.18,1.83,4.52000000000001
2011-08-17,600644,223.31,222.14,225.32,221.64,41341,56947434.0,1.65,-0.6,-1.34,1.27,3.680000000000007
2011-08-18,600644,223.31,215.28,223.64,214.95,53213,71806215.0,3.91,-3.09,-6.86,1.63,8.689999999999998
2011-08-19,600644,209.93,210.76,212.77,208.25,51310,66740644.0,2.1,-2.1,-4.52,1.57,4.52000000000001
2011-08-22,600644,210.76,208.42,214.44,206.41,58713,76281449.0,3.81,-1.11,-2.34,1.8,8.030000000000001
2011-08-23,600644,209.76,213.1,213.27,207.75,42117,55004290.0,2.65,2.25,4.68,1.29,5.52000000000001
2011-08-24,600644,214.95,215.61,223.81,214.28,80965,109473172.0,4.47,1.18,2.51,2.48,9.530000000000001
2011-08-25,600644,216.62,220.97,221.8,211.93,79498,106933659.0,4.58,2.49,5.36,2.44,9.870000000000005
2011-08-26,600644,218.46,219.63,221.47,216.62,65205,88368676.0,2.19,-0.61,-1.34,2.0,4.849999999999994
2011-08-29,600644,218.29,219.96,222.64,217.96,65930,90112391.0,2.13,0.15,0.33,2.02,4.679999999999978
2011-08-30,600644,222.14,215.61,222.81,215.28,65483,88835968.0,3.42,-1.98,-4.35,2.01,7.530000000000001
2011-08-31,600644,215.28,213.94,215.78,211.26,39604,52320952.0,2.1,-0.77,-1.67,1.21,4.52000000000001
2011-09-01,600644,213.94,211.77,216.28,210.43,29614,39067304.0,2.73,-1.01,-2.17,0.91,5.849999999999994
2011-09-02,600644,213.1,213.27,214.78,208.09,40897,53361881.0,3.16,0.71,1.5,1.25,6.689999999999998
2011-09-05,600644,210.6,206.08,210.6,205.58,34113,43908490.0,2.35,-3.37,-7.19,1.04,5.019999999999982
2011-09-06,600644,203.23,204.74,207.08,202.4,23851,30335789.0,2.27,-0.65,-1.34,0.73,4.680000000000007
2011-09-07,600644,206.58,210.93,211.26,205.07,34762,44930273.0,3.02,3.02,6.19,1.06,6.189999999999998
2011-09-08,600644,211.93,207.58,213.61,207.42,31917,41647734.0,2.93,-1.59,-3.35,0.98,6.190000000000026
2011-09-09,600644,206.91,206.75,211.1,205.74,21652,27954354.0,2.58,-0.4,-0.83,0.66,5.359999999999985
2011-09-13,600644,203.4,203.4,204.57,201.39,30958,38911821.0,1.54,-1.62,-3.35,0.95,3.180000000000007
2011-09-14,600644,205.41,204.91,206.25,199.72,30457,38353630.0,3.21,0.74,1.51,0.93,6.530000000000001
2011-09-15,600644,205.41,205.41,208.59,204.41,37444,47933591.0,2.04,0.24,0.5,1.15,4.180000000000007
2011-09-16,600644,206.41,203.74,208.59,202.73,27934,35609609.0,2.85,-0.81,-1.67,0.86,5.860000000000014
2011-09-19,600644,201.73,199.55,203.57,199.05,26451,32868411.0,2.22,-2.06,-4.19,0.81,4.519999999999982
2011-09-20,600644,199.05,201.06,202.9,198.38,17967,22347422.0,2.27,0.76,1.51,0.55,4.52000000000001
2011-09-21,600644,200.89,211.43,213.27,199.55,75935,97556939.0,6.82,5.16,10.37,2.33,13.719999999999999
2011-09-22,600644,208.42,208.25,214.61,207.58,95031,124015490.0,3.32,-1.5,-3.18,2.91,7.030000000000001
2011-09-23,600644,204.91,208.76,210.09,203.57,38413,49372089.0,3.13,0.24,0.51,1.18,6.52000000000001
2011-09-26,600644,208.25,201.39,210.43,200.72,35167,44781581.0,4.65,-3.53,-7.37,1.08,9.710000000000008
2011-09-27,600644,204.07,210.26,212.94,199.72,98004,126794157.0,6.56,4.4,8.87,3.0,13.219999999999999
2011-09-28,600644,210.93,205.58,212.27,203.4,84665,109774871.0,4.22,-2.23,-4.68,2.59,8.870000000000005
2011-09-30,600644,201.06,188.18,201.06,186.5,80894,96719194.0,7.08,-8.46,-17.4,2.48,14.560000000000002
2011-10-17,600644,196.54,207.75,207.75,196.54,78651,100291069.0,5.96,10.4,19.57,2.41,11.210000000000008
2011-10-18,600644,215.45,207.58,223.81,207.25,226429,301558608.0,7.97,-0.08,-0.17,6.94,16.560000000000002
2011-10-19,600644,207.92,198.88,210.76,197.38,100608,125861211.0,6.45,-4.19,-8.7,3.08,13.379999999999995
2011-10-20,600644,193.53,192.19,196.04,189.52,61698,73467237.0,3.28,-3.36,-6.69,1.89,6.519999999999982
2011-10-21,600644,190.02,187.34,193.2,186.67,37253,43891640.0,3.4,-2.52,-4.85,1.14,6.530000000000001
2011-10-24,600644,187.84,188.01,189.35,179.14,57478,66084863.0,5.45,0.36,0.67,1.76,10.210000000000008
2011-10-25,600644,189.01,192.69,194.03,187.84,57443,68346213.0,3.29,2.49,4.68,1.76,6.189999999999998
2011-10-26,600644,191.02,192.53,194.7,188.18,73772,88172197.0,3.38,-0.08,-0.16,2.26,6.519999999999982
2011-10-27,600644,191.36,193.36,197.71,190.69,72464,87421253.0,3.65,0.43,0.83,2.22,7.02000000000001
2011-10-28,600644,199.89,199.22,201.39,193.36,82590,101063671.0,4.15,3.03,5.86,2.53,8.029999999999973
2011-10-31,600644,198.38,204.07,206.41,196.54,107329,134279499.0,4.95,2.43,4.85,3.29,9.870000000000005
2011-11-01,600644,200.56,200.22,203.9,197.04,73373,91256425.0,3.36,-1.89,-3.85,2.25,6.860000000000014
2011-11-02,600644,195.71,199.89,200.22,189.01,90135,108815086.0,5.6,-0.16,-0.33,2.76,11.210000000000008
2011-11-03,600644,200.22,200.06,207.92,197.55,121760,153387879.0,5.19,0.09,0.17,3.73,10.369999999999976
2011-11-04,600644,201.23,207.42,214.61,200.06,169332,217984877.0,7.27,3.68,7.36,5.19,14.550000000000011
2011-11-07,600644,203.23,203.57,207.42,203.23,74616,94666716.0,2.02,-1.86,-3.85,2.29,4.189999999999998
2011-11-08,600644,202.57,200.72,206.58,200.22,70444,88497278.0,3.12,-1.4,-2.85,2.16,6.360000000000014
2011-11-09,600644,202.57,205.41,207.58,200.06,67313,85166432.0,3.75,2.34,4.69,2.06,7.52000000000001
2011-11-10,600644,202.73,209.76,214.11,200.56,154863,199962976.0,6.6,2.12,4.35,4.74,13.550000000000011
2011-11-11,600644,211.1,205.07,213.1,204.07,92744,119068644.0,4.3,-2.24,-4.69,2.84,9.030000000000001
2011-11-14,600644,208.59,210.93,211.26,206.25,100173,130028201.0,2.44,2.86,5.86,3.07,5.009999999999991
2011-11-15,600644,212.1,214.11,215.45,210.09,120307,158847934.0,2.54,1.51,3.18,3.68,5.359999999999985
2011-11-16,600644,226.66,212.27,231.51,210.09,224183,303859312.0,10.0,-0.86,-1.84,6.87,21.419999999999987
2011-11-17,600644,210.76,207.58,211.1,204.91,111488,143549605.0,2.92,-2.21,-4.69,3.41,6.189999999999998
2011-11-18,600644,204.07,197.55,204.91,197.04,77496,96168961.0,3.79,-4.83,-10.03,2.37,7.8700000000000045
2011-11-21,600644,198.22,198.38,199.72,194.03,38675,47187279.0,2.88,0.42,0.83,1.18,5.689999999999998
2011-11-22,600644,194.53,197.55,198.22,194.03,31244,38029222.0,2.11,-0.42,-0.83,0.96,4.189999999999998
2011-11-23,600644,197.88,195.54,201.39,194.87,47264,58120511.0,3.3,-1.02,-2.01,1.45,6.519999999999982
2011-11-24,600644,193.2,193.53,197.04,190.02,39748,47595297.0,3.59,-1.03,-2.01,1.22,7.019999999999982
2011-11-25,600644,195.04,194.03,197.38,191.52,28507,34395599.0,3.03,0.26,0.5,0.87,5.859999999999985
2011-11-28,600644,194.03,194.03,196.54,191.86,29586,35696993.0,2.41,0.0,0.0,0.91,4.679999999999978
2011-11-29,600644,197.04,198.05,198.55,194.53,36856,45009050.0,2.07,2.07,4.02,1.13,4.02000000000001
2011-11-30,600644,198.72,190.69,200.56,186.17,65916,79584630.0,7.27,-3.72,-7.36,2.02,14.390000000000015
2011-12-01,600644,197.71,193.03,199.05,192.53,57821,70290392.0,3.42,1.23,2.34,1.77,6.52000000000001
2011-12-02,600644,189.18,176.3,189.18,172.95,100840,111928509.0,8.41,-8.67,-16.73,3.09,16.230000000000018
2011-12-05,600644,175.63,164.59,175.63,162.75,68183,70238986.0,7.31,-6.64,-11.71,2.09,12.879999999999995
2011-12-06,600644,164.09,164.59,165.43,160.74,34689,35279042.0,2.85,0.0,0.0,1.06,4.689999999999998
2011-12-07,600644,163.25,162.75,164.92,161.58,26839,27350224.0,2.03,-1.12,-1.84,0.82,3.339999999999975
2011-12-08,600644,163.25,163.25,165.93,155.89,49556,49760254.0,6.17,0.31,0.5,1.52,10.04000000000002
2011-12-09,600644,158.06,160.24,161.58,158.06,31409,31430915.0,2.16,-1.84,-3.01,0.96,3.5200000000000102
2011-12-12,600644,158.73,156.89,160.91,156.39,24940,24723818.0,2.82,-2.09,-3.35,0.76,4.52000000000001
2011-12-13,600644,156.22,140.5,156.39,140.5,93748,84632271.0,10.13,-10.45,-16.39,2.87,15.889999999999986
2011-12-14,600644,138.82,134.31,140.16,131.97,59284,50707305.0,5.83,-4.41,-6.19,1.82,8.189999999999998
2011-12-15,600644,133.14,131.13,133.97,130.13,46383,38712197.0,2.86,-2.37,-3.18,1.42,3.8400000000000034
2011-12-16,600644,131.3,136.82,137.82,131.13,52283,44462623.0,5.1,4.34,5.69,1.6,6.689999999999998
2011-12-19,600644,137.15,144.51,145.01,134.64,101186,90379519.0,7.58,5.62,7.69,3.1,10.370000000000005
2011-12-20,600644,143.51,141.0,144.68,140.16,50791,45463311.0,3.13,-2.43,-3.51,1.56,4.52000000000001
2011-12-21,600644,142.67,133.47,143.84,133.14,39211,34369800.0,7.59,-5.34,-7.53,1.2,10.700000000000017
2011-12-22,600644,131.97,132.97,134.98,124.94,45926,37592406.0,7.52,-0.37,-0.5,1.41,10.039999999999992
2011-12-26,600644,132.3,132.3,135.14,130.13,24834,20869505.0,3.77,-0.5,-0.67,0.76,5.009999999999991
2011-12-27,600644,131.3,127.11,132.13,126.28,23788,19401241.0,4.42,-3.92,-5.19,0.73,5.849999999999994
2011-12-28,600644,126.78,125.94,126.78,122.6,28282,22270352.0,3.29,-0.92,-1.17,0.87,4.180000000000007
2011-12-29,600644,127.95,129.96,133.47,124.77,41273,34011650.0,6.91,3.19,4.02,1.26,8.700000000000003
2011-12-30,600644,129.96,131.46,131.97,128.79,31500,26066222.0,2.45,1.15,1.5,0.96,3.180000000000007
2012-01-04,600644,133.14,127.11,133.97,126.95,23940,19799689.0,5.34,-3.31,-4.35,0.73,7.019999999999996
2012-01-05,600644,127.28,122.93,127.78,122.43,27421,21762394.0,4.21,-3.29,-4.18,0.84,5.349999999999994
2012-01-06,600644,122.76,125.78,125.94,120.09,23477,18334136.0,4.76,2.32,2.85,0.72,5.849999999999994
2012-01-09,600644,126.28,132.3,132.47,123.94,42561,34889840.0,6.78,5.18,6.52,1.3,8.530000000000001
2012-01-10,600644,131.63,140.16,144.68,130.96,75729,66120409.0,10.37,5.94,7.86,2.32,13.719999999999999
2012-01-11,600644,140.16,141.17,143.84,135.98,71177,63175894.0,5.61,0.72,1.01,2.18,7.860000000000014
2012-01-12,600644,144.68,144.35,152.88,143.84,107553,99745661.0,6.4,2.25,3.18,3.29,9.039999999999992
2012-01-13,600644,142.17,137.99,145.35,136.32,66342,58478312.0,6.26,-4.41,-6.36,2.03,9.030000000000001
2012-01-16,600644,136.82,129.29,136.82,128.95,35739,30032662.0,5.7,-6.3,-8.7,1.09,7.8700000000000045
2012-01-17,600644,129.29,139.49,139.66,128.95,55454,47377805.0,8.28,7.89,10.2,1.7,10.710000000000008
2012-01-18,600644,140.5,135.65,143.84,133.14,58578,51564101.0,7.67,-2.75,-3.84,1.79,10.700000000000017
2012-01-19,600644,135.98,138.66,139.16,133.64,33808,29286789.0,4.07,2.22,3.01,1.04,5.52000000000001
2012-01-20,600644,139.66,140.0,140.5,137.65,33108,29080896.0,2.06,0.97,1.34,1.01,2.8499999999999943
2012-01-30,600644,140.83,138.32,141.33,137.82,26820,23548544.0,2.51,-1.2,-1.68,0.82,3.5100000000000193
2012-01-31,600644,137.65,138.66,139.33,134.98,23485,20289413.0,3.14,0.25,0.34,0.72,4.350000000000023
2012-02-01,600644,139.33,136.65,140.0,135.98,25007,21767221.0,2.9,-1.45,-2.01,0.77,4.02000000000001
2012-02-02,600644,136.98,140.5,141.33,136.48,32764,28707182.0,3.55,2.82,3.85,1.0,4.850000000000023
2012-02-03,600644,140.5,142.67,143.84,139.49,46943,41949159.0,3.1,1.54,2.17,1.44,4.349999999999994
2012-02-06,600644,142.34,145.68,146.02,142.0,61018,55284609.0,2.82,2.11,3.01,1.87,4.02000000000001
2012-02-07,600644,145.01,141.0,145.01,140.0,38803,34594449.0,3.44,-3.21,-4.68,1.19,5.009999999999991
2012-02-08,600644,140.5,145.52,145.68,140.0,58048,52614651.0,4.03,3.21,4.52,1.78,5.680000000000007
2012-02-09,600644,145.85,147.02,150.87,144.68,85883,79896150.0,4.25,1.03,1.5,2.63,6.189999999999998
2012-02-10,600644,147.02,150.03,151.04,145.85,67929,63507474.0,3.53,2.05,3.01,2.08,5.189999999999998
2012-02-13,600644,148.03,165.76,165.76,146.69,306344,310141936.0,12.71,10.48,15.73,9.38,19.069999999999993
2012-02-14,600644,164.76,176.8,178.47,163.75,376059,401166080.0,8.88,6.66,11.04,11.52,14.719999999999999
2012-02-15,600644,174.79,176.8,178.14,171.95,158292,173043603.0,3.5,0.0,0.0,4.85,6.189999999999998
2012-02-16,600644,175.3,195.2,195.2,175.13,495297,578338400.0,11.35,10.41,18.4,15.17,20.069999999999993
2012-02-17,600644,194.87,193.03,195.04,189.18,360662,428976192.0,3.0,-1.11,-2.17,11.05,5.859999999999985
2012-02-20,600644,193.03,192.86,194.87,189.18,264752,314858080.0,2.95,-0.09,-0.17,8.11,5.689999999999998
2012-02-21,600644,191.86,193.2,194.37,185.17,296156,350777648.0,4.77,0.18,0.34,9.07,9.200000000000017
2012-02-22,600644,190.69,193.2,194.7,187.51,213568,254796305.0,3.72,0.0,0.0,6.54,7.189999999999998
2012-02-23,600644,192.69,191.36,200.39,190.19,321973,387871872.0,5.28,-0.95,-1.84,9.86,10.199999999999989
2012-02-24,600644,188.51,192.03,192.53,187.34,216746,256016949.0,2.71,0.35,0.67,6.64,5.189999999999998
2012-02-27,600644,191.69,189.85,195.04,189.35,190195,227353144.0,2.96,-1.14,-2.18,5.83,5.689999999999998
2012-02-28,600644,188.51,180.98,189.52,176.47,223828,254240498.0,6.87,-4.67,-8.87,6.86,13.050000000000011
2012-02-29,600644,179.81,182.66,183.83,176.97,125119,140871860.0,3.79,0.93,1.68,3.83,6.860000000000014
2012-03-01,600644,179.81,183.49,185.33,179.81,105594,120377671.0,3.02,0.45,0.83,3.23,5.52000000000001
2012-03-02,600644,183.49,186.5,188.18,181.32,157444,180825676.0,3.74,1.64,3.01,4.82,6.860000000000014
2012-03-05,600644,186.5,181.82,186.5,181.49,117394,133986059.0,2.69,-2.51,-4.68,3.6,5.009999999999991
2012-03-06,600644,181.15,188.85,190.69,180.82,226079,262862444.0,5.43,3.87,7.03,6.92,9.870000000000005
2012-03-07,600644,187.34,182.49,190.52,181.49,144963,168608642.0,4.78,-3.37,-6.36,4.44,9.030000000000001
2012-03-08,600644,182.66,181.49,184.16,177.3,151370,169902454.0,3.76,-0.55,-1.0,4.64,6.859999999999985
2012-03-09,600644,181.65,183.83,186.34,181.65,110625,126350499.0,2.58,1.29,2.34,3.39,4.689999999999998
2012-03-12,600644,184.16,189.18,190.69,182.66,179971,209421155.0,4.37,2.91,5.35,5.51,8.030000000000001
2012-03-13,600644,187.34,187.51,189.01,184.33,112024,129832852.0,2.47,-0.88,-1.67,3.43,4.679999999999978
2012-03-14,600644,187.68,171.11,191.52,169.94,207854,236228774.0,11.51,-8.75,-16.4,6.37,21.580000000000013
2012-03-15,600644,169.77,163.25,172.45,161.08,132447,136656635.0,6.64,-4.59,-7.86,4.06,11.369999999999976
2012-03-16,600644,162.41,169.94,171.78,162.08,103209,107752492.0,5.94,4.1,6.69,3.16,9.699999999999989
2012-03-19,600644,169.44,170.44,171.45,165.43,86196,90822080.0,3.54,0.29,0.5,2.64,6.019999999999982
2012-03-20,600644,171.11,167.6,173.79,167.27,85312,91078866.0,3.83,-1.67,-2.84,2.61,6.519999999999982
2012-03-21,600644,172.28,172.28,178.64,169.44,114114,123857695.0,5.49,2.79,4.68,3.5,9.199999999999989
2012-03-22,600644,170.61,168.1,171.45,166.43,63347,66697706.0,2.91,-2.43,-4.18,1.94,5.019999999999982
2012-03-23,600644,167.27,162.75,169.27,161.24,73068,75012847.0,4.78,-3.18,-5.35,2.24,8.030000000000001
2012-03-26,600644,162.75,164.09,165.26,162.08,30645,31340128.0,1.95,0.82,1.34,0.94,3.1799999999999784
2012-03-27,600644,164.59,164.42,167.1,163.42,39368,40718497.0,2.24,0.2,0.33,1.21,3.680000000000007
2012-03-28,600644,164.76,159.74,167.43,158.57,67542,68967577.0,5.39,-2.85,-4.68,2.07,8.860000000000014
2012-03-29,600644,158.57,148.36,158.57,143.84,84389,79908838.0,9.22,-7.12,-11.38,2.58,14.72999999999999
2012-03-30,600644,147.86,146.52,150.2,144.35,36202,33420940.0,3.94,-1.24,-1.84,1.11,5.849999999999994
2012-04-05,600644,147.52,151.71,151.87,146.52,43509,40970765.0,3.65,3.54,5.19,1.33,5.349999999999994
2012-04-06,600644,151.04,152.88,153.55,149.2,51036,48598473.0,2.87,0.77,1.17,1.56,4.350000000000023
2012-04-09,600644,150.7,149.7,152.88,149.36,32060,30483394.0,2.3,-2.08,-3.18,0.98,3.519999999999982
2012-04-10,600644,149.36,152.54,152.71,144.85,36828,34364930.0,5.25,1.9,2.84,1.13,7.860000000000014
2012-04-11,600644,150.54,151.37,152.38,148.03,36746,34790114.0,2.85,-0.77,-1.17,1.13,4.349999999999994
2012-04-12,600644,152.38,156.22,156.39,152.04,65927,63798671.0,2.87,3.2,4.85,2.02,4.349999999999994
2012-04-13,600644,156.73,161.24,169.61,156.73,109247,111834760.0,8.24,3.21,5.02,3.35,12.880000000000024
2012-04-16,600644,159.74,162.58,164.25,156.89,53628,54338358.0,4.56,0.83,1.34,1.64,7.360000000000014
2012-04-17,600644,161.41,158.23,165.59,158.06,56578,57029360.0,4.63,-2.68,-4.35,1.73,7.530000000000001
2012-04-18,600644,159.23,162.75,163.75,157.39,65053,65655096.0,4.02,2.86,4.52,1.99,6.360000000000014
2012-04-19,600644,162.75,163.58,166.26,161.58,77680,79804045.0,2.88,0.51,0.83,2.38,4.679999999999978
2012-04-23,600644,163.08,149.7,163.08,147.52,133005,127351759.0,9.51,-8.49,-13.88,4.07,15.560000000000002
2012-04-24,600644,148.53,149.36,150.54,144.68,64505,59651789.0,3.91,-0.23,-0.34,1.98,5.859999999999985
2012-04-25,600644,149.7,151.37,151.71,148.03,55389,52151968.0,2.46,1.35,2.01,1.7,3.680000000000007
2012-04-26,600644,151.37,149.03,152.21,148.36,44651,42025035.0,2.54,-1.55,-2.34,1.37,3.8499999999999943
2012-04-27,600644,148.7,150.37,152.04,147.36,32382,30447039.0,3.14,0.9,1.34,0.99,4.679999999999978
2012-05-02,600644,152.21,154.89,155.55,150.7,60532,58047857.0,3.23,3.01,4.52,1.85,4.850000000000023
2012-05-03,600644,156.06,151.71,156.56,149.7,53917,51402960.0,4.43,-2.05,-3.18,1.65,6.860000000000014
2012-05-04,600644,149.2,151.2,152.21,148.53,42533,40192794.0,2.43,-0.34,-0.51,1.3,3.680000000000007
2012-05-07,600644,150.87,152.38,152.54,148.86,40950,38665477.0,2.43,0.78,1.18,1.25,3.6799999999999784
2012-05-08,600644,152.04,158.57,161.08,151.37,144774,143249899.0,6.37,4.06,6.19,4.43,9.710000000000008
2012-05-09,600644,157.39,157.06,158.06,153.04,69332,67432128.0,3.17,-0.95,-1.51,2.12,5.02000000000001
2012-05-10,600644,156.22,157.06,158.06,155.89,62876,61862207.0,1.38,0.0,0.0,1.93,2.170000000000016
2012-05-11,600644,156.06,154.22,157.56,153.88,48417,47069147.0,2.34,-1.81,-2.84,1.48,3.680000000000007
2012-05-14,600644,156.06,154.38,156.73,151.04,46424,44584447.0,3.69,0.1,0.16,1.42,5.689999999999998
2012-05-15,600644,153.38,152.21,156.06,152.04,46656,44742856.0,2.6,-1.41,-2.17,1.43,4.02000000000001
2012-05-16,600644,155.39,149.36,158.9,149.2,68491,65981773.0,6.37,-1.87,-2.85,2.1,9.700000000000017
2012-05-17,600644,149.53,150.37,150.54,147.19,66958,62699998.0,2.24,0.68,1.01,2.05,3.3499999999999943
2012-05-18,600644,149.2,145.52,149.2,144.35,46830,43149698.0,3.23,-3.23,-4.85,1.43,4.849999999999994
2012-05-21,600644,146.35,144.01,147.02,143.01,25416,23112878.0,2.76,-1.04,-1.51,0.78,4.010000000000019
2012-05-22,600644,144.18,146.52,146.69,144.18,26902,24624715.0,1.74,1.74,2.51,0.82,2.509999999999991
2012-05-23,600644,146.52,145.18,147.36,143.51,26200,23940818.0,2.63,-0.91,-1.34,0.8,3.8500000000000227
2012-05-24,600644,145.35,147.86,152.71,145.01,62020,58242780.0,5.3,1.85,2.68,1.9,7.700000000000017
2012-05-25,600644,146.85,144.51,148.03,143.84,34699,31695617.0,2.83,-2.27,-3.35,1.06,4.189999999999998
2012-05-28,600644,144.51,143.01,144.51,137.15,41169,36604781.0,5.09,-1.04,-1.5,1.26,7.359999999999985
2012-05-29,600644,143.01,147.19,147.36,143.01,41378,37909626.0,3.04,2.92,4.18,1.27,4.350000000000023
2012-05-30,600644,147.52,152.04,159.07,145.18,118246,113119672.0,9.44,3.3,4.85,3.62,13.889999999999986
2012-05-31,600644,149.7,149.2,152.71,148.7,59208,55799570.0,2.64,-1.87,-2.84,1.81,4.010000000000019
2012-06-01,600644,147.19,148.19,150.2,147.02,28552,26668621.0,2.13,-0.68,-1.01,0.87,3.1799999999999784
2012-06-04,600644,146.19,143.51,146.19,143.17,33494,30450385.0,2.04,-3.16,-4.68,1.03,3.0200000000000102
2012-06-05,600644,144.35,145.01,148.86,143.51,26347,24129587.0,3.73,1.05,1.5,0.81,5.350000000000023
2012-06-06,600644,146.02,143.51,146.02,143.17,21904,19900188.0,1.97,-1.03,-1.5,0.67,2.8500000000000227
2012-06-07,600644,145.18,144.68,148.19,144.35,22116,20113560.0,2.68,0.82,1.17,0.68,3.8400000000000034
2012-06-08,600644,147.02,148.7,151.71,144.85,76440,71231732.0,4.74,2.78,4.02,2.34,6.860000000000014
2012-06-11,600644,148.7,152.21,153.04,147.36,70131,65823068.0,3.82,2.36,3.51,2.15,5.679999999999978
2012-06-12,600644,150.7,148.86,151.71,146.52,40981,38241824.0,3.41,-2.2,-3.35,1.26,5.189999999999998
2012-06-13,600644,149.03,151.87,153.71,149.03,81280,76925344.0,3.14,2.02,3.01,2.49,4.680000000000007
2012-06-14,600644,150.7,153.88,155.89,150.7,105747,101411808.0,3.42,1.32,2.01,3.24,5.189999999999998
2012-06-15,600644,154.72,151.04,155.72,148.53,67371,63848008.0,4.67,-1.85,-2.84,2.06,7.189999999999998
2012-06-18,600644,150.7,150.87,153.71,150.2,44776,42328180.0,2.32,-0.11,-0.17,1.37,3.5100000000000193
2012-06-19,600644,151.2,148.19,151.2,147.52,44661,41489089.0,2.44,-1.78,-2.68,1.37,3.6799999999999784
2012-06-20,600644,148.7,146.02,149.2,145.68,42115,38523073.0,2.38,-1.46,-2.17,1.29,3.519999999999982
2012-06-21,600644,146.69,145.85,147.02,144.01,35683,32456592.0,2.06,-0.12,-0.17,1.09,3.0100000000000193
2012-06-25,600644,145.85,143.01,145.85,141.67,25782,23156512.0,2.87,-1.95,-2.84,0.79,4.180000000000007
2012-06-26,600644,142.34,144.01,145.52,142.0,23397,21053505.0,2.46,0.7,1.0,0.72,3.5200000000000102
2012-06-27,600644,143.68,140.5,144.68,139.49,33056,29313261.0,3.6,-2.44,-3.51,1.01,5.189999999999998
2012-06-28,600644,141.0,134.31,141.67,134.14,29170,25281751.0,5.36,-4.41,-6.19,0.89,7.530000000000001
2012-06-29,600644,134.31,135.81,137.32,131.8,31457,26547783.0,4.11,1.12,1.5,0.96,5.519999999999982
2012-07-02,600644,136.32,136.15,137.65,134.64,30308,25863446.0,2.22,0.25,0.34,0.93,3.0100000000000193
2012-07-03,600644,136.32,134.98,137.32,133.97,25852,21985665.0,2.46,-0.86,-1.17,0.79,3.3499999999999943
2012-07-04,600644,135.48,134.98,136.48,133.97,21079,17794112.0,1.86,0.0,0.0,0.65,2.509999999999991
2012-07-05,600644,133.64,130.46,134.47,130.29,19162,15902201.0,3.1,-3.35,-4.52,0.59,4.180000000000007
2012-07-06,600644,131.46,132.13,132.3,127.95,24975,20408369.0,3.33,1.28,1.67,0.76,4.3500000000000085
2012-07-09,600644,131.46,126.78,131.46,126.44,19889,16129920.0,3.8,-4.05,-5.35,0.61,5.02000000000001
2012-07-10,600644,126.78,129.12,130.63,125.94,21074,16990654.0,3.7,1.85,2.34,0.65,4.689999999999998
2012-07-11,600644,129.12,129.79,130.96,128.28,20925,17075112.0,2.08,0.52,0.67,0.64,2.680000000000007
2012-07-12,600644,129.79,131.8,132.13,128.95,20890,17156049.0,2.45,1.55,2.01,0.64,3.180000000000007
2012-07-13,600644,131.8,130.13,132.3,129.79,17455,14343831.0,1.9,-1.27,-1.67,0.53,2.5100000000000193
2012-07-16,600644,129.96,124.44,130.63,124.1,21919,17486444.0,5.02,-4.37,-5.69,0.67,6.530000000000001
2012-07-17,600644,124.44,125.94,126.11,123.94,19817,15563293.0,1.74,1.21,1.5,0.61,2.1700000000000017
2012-07-18,600644,125.27,126.78,126.95,123.94,15983,12609665.0,2.39,0.67,0.84,0.49,3.010000000000005
2012-07-19,600644,126.95,128.79,130.13,125.94,26925,21798116.0,3.3,1.59,2.01,0.82,4.189999999999998
2012-07-20,600644,130.63,138.99,142.17,130.29,131610,113841809.0,9.22,7.92,10.2,4.03,11.879999999999995
2012-07-23,600644,135.65,134.81,135.65,131.97,55924,46806446.0,2.65,-3.01,-4.18,1.71,3.680000000000007
2012-07-24,600644,131.97,135.31,135.48,131.46,42253,35442658.0,2.98,0.37,0.5,1.29,4.019999999999982
2012-07-25,600644,133.97,132.3,135.14,131.97,20647,17275125.0,2.34,-2.22,-3.01,0.63,3.1699999999999875
2012-07-26,600644,132.3,132.3,133.64,131.13,20587,17061988.0,1.9,0.0,0.0,0.63,2.509999999999991
2012-07-27,600644,133.64,129.62,133.64,129.46,17596,14475132.0,3.16,-2.03,-2.68,0.54,4.179999999999978
2012-07-30,600644,129.62,126.44,130.63,125.27,22147,17719339.0,4.14,-2.45,-3.18,0.68,5.359999999999999
2012-07-31,600644,126.95,125.27,126.95,123.94,13558,10657148.0,2.38,-0.93,-1.17,0.42,3.010000000000005
2012-08-01,600644,125.27,129.79,130.13,124.27,35379,28336442.0,4.68,3.61,4.52,1.08,5.859999999999999
2012-08-02,600644,128.95,127.45,130.46,126.78,20444,16476928.0,2.84,-1.8,-2.34,0.63,3.680000000000007
2012-08-03,600644,128.79,129.46,129.79,126.44,33850,27296623.0,2.63,1.58,2.01,1.04,3.3499999999999943
2012-08-06,600644,128.45,131.63,131.63,127.45,47555,38869577.0,3.23,1.68,2.17,1.46,4.179999999999993
2012-08-07,600644,131.63,132.13,134.31,130.29,46581,38583122.0,3.05,0.38,0.5,1.43,4.02000000000001
2012-08-08,600644,130.63,131.63,133.14,130.63,30087,24904104.0,1.9,-0.38,-0.5,0.92,2.509999999999991
2012-08-09,600644,130.96,132.47,132.97,128.95,36104,29823098.0,3.05,0.64,0.84,1.11,4.02000000000001
2012-08-10,600644,131.63,134.64,139.66,131.46,82430,69698013.0,6.19,1.64,2.17,2.52,8.199999999999989
2012-08-13,600644,132.3,128.28,133.3,127.62,50412,41308620.0,4.22,-4.72,-6.36,1.54,5.680000000000007
2012-08-14,600644,128.45,128.79,129.62,124.94,29429,23516416.0,3.65,0.4,0.51,0.9,4.680000000000007
2012-08-15,600644,128.79,127.11,129.12,126.61,18069,14482819.0,1.95,-1.3,-1.68,0.55,2.510000000000005
2012-08-16,600644,127.11,126.44,127.95,125.78,13014,10381760.0,1.71,-0.53,-0.67,0.4,2.1700000000000017
2012-08-17,600644,125.61,127.45,127.78,125.61,12637,10086023.0,1.72,0.8,1.01,0.39,2.1700000000000017
2012-08-20,600644,126.44,127.11,128.12,125.61,11007,8755536.0,1.97,-0.27,-0.34,0.34,2.510000000000005
2012-08-21,600644,126.61,128.95,130.13,126.61,23098,18698004.0,2.77,1.45,1.84,0.71,3.519999999999996
2012-08-22,600644,128.79,128.95,130.46,127.95,24428,19784212.0,1.95,0.0,0.0,0.75,2.510000000000005
2012-08-23,600644,129.29,129.12,130.13,127.45,19293,15590861.0,2.08,0.13,0.17,0.59,2.6799999999999926
2012-08-24,600644,128.62,125.11,128.95,124.94,17423,13869484.0,3.11,-3.11,-4.01,0.53,4.009999999999991
2012-08-27,600644,125.27,120.59,125.44,120.59,25187,19401575.0,3.88,-3.61,-4.52,0.77,4.849999999999994
2012-08-28,600644,120.59,121.93,123.27,120.59,12253,9415179.0,2.22,1.11,1.34,0.38,2.6799999999999926
2012-08-29,600644,121.93,122.09,123.1,121.43,12566,9663912.0,1.37,0.13,0.16,0.38,1.6699999999999875
2012-08-30,600644,122.26,118.25,122.26,114.4,18425,13797409.0,6.44,-3.15,-3.84,0.56,7.859999999999999
2012-08-31,600644,119.25,122.09,122.43,118.08,20097,15317888.0,3.68,3.25,3.84,0.62,4.3500000000000085
2012-09-03,600644,121.43,122.76,123.77,119.75,16029,12367487.0,3.29,0.55,0.67,0.49,4.019999999999996
2012-09-04,600644,122.09,120.09,123.1,119.42,12369,9435346.0,3.0,-2.17,-2.67,0.38,3.6799999999999926
2012-09-05,600644,119.75,120.25,121.09,117.91,16055,12050919.0,2.65,0.13,0.16,0.49,3.180000000000007
2012-09-06,600644,120.59,120.42,120.76,118.58,14768,11146013.0,1.81,0.14,0.17,0.45,2.180000000000007
2012-09-07,600644,120.42,124.94,126.28,119.42,46063,36038415.0,5.7,3.75,4.52,1.41,6.859999999999999
2012-09-10,600644,124.94,128.12,128.28,124.44,47189,37692761.0,3.07,2.55,3.18,1.45,3.8400000000000034
2012-09-11,600644,127.28,128.79,128.95,124.94,36866,29375480.0,3.13,0.52,0.67,1.13,4.009999999999991
2012-09-12,600644,128.62,128.95,129.96,127.28,35953,29069192.0,2.08,0.12,0.16,1.1,2.680000000000007
2012-09-13,600644,127.78,132.97,140.33,127.28,181347,154152581.0,10.12,3.12,4.02,5.55,13.050000000000011
2012-09-14,600644,133.14,131.8,135.31,129.79,70401,58502464.0,4.15,-0.88,-1.17,2.16,5.52000000000001
2012-09-17,600644,131.46,125.78,132.63,124.94,54041,43910526.0,5.83,-4.57,-6.02,1.66,7.689999999999998
2012-09-18,600644,125.27,128.79,131.97,124.44,72769,59135135.0,5.99,2.39,3.01,2.23,7.530000000000001
2012-09-19,600644,127.62,131.3,132.3,127.28,68967,56318195.0,3.9,1.95,2.51,2.11,5.02000000000001
2012-09-20,600644,130.63,131.3,131.8,128.62,72853,59508953.0,2.42,0.0,0.0,2.23,3.180000000000007
2012-09-21,600644,131.13,128.45,131.97,122.6,76544,61954537.0,7.14,-2.17,-2.85,2.34,9.370000000000005
2012-09-24,600644,127.78,128.62,130.13,123.6,68356,55021924.0,5.08,0.13,0.17,2.09,6.530000000000001
2012-09-25,600644,125.94,128.28,129.62,125.11,41799,33398108.0,3.51,-0.26,-0.34,1.28,4.510000000000005
2012-09-26,600644,127.78,126.61,128.45,126.28,20687,16544577.0,1.69,-1.3,-1.67,0.63,2.1699999999999875
2012-09-27,600644,125.61,130.13,130.79,124.77,73824,59835988.0,4.75,2.78,3.52,2.26,6.019999999999996
2012-09-28,600644,128.95,133.64,133.97,128.45,156389,130115525.0,4.24,2.7,3.51,4.79,5.52000000000001
2012-10-08,600644,132.8,132.3,134.98,130.63,126773,104918809.0,3.26,-1.0,-1.34,3.88,4.349999999999994
2012-10-09,600644,131.8,133.97,134.14,131.46,87399,72936342.0,2.03,1.26,1.67,2.68,2.6799999999999784
2012-10-10,600644,133.47,131.3,133.47,130.46,70364,58004605.0,2.25,-1.99,-2.67,2.16,3.009999999999991
2012-10-11,600644,130.63,130.29,131.8,129.79,41729,34181470.0,1.53,-0.77,-1.01,1.28,2.0100000000000193
2012-10-12,600644,130.29,128.62,131.46,127.78,35671,28968145.0,2.82,-1.28,-1.67,1.09,3.680000000000007
2012-10-15,600644,128.95,128.62,129.96,126.44,45698,36673820.0,2.74,0.0,0.0,1.4,3.5200000000000102
2012-10-16,600644,127.28,127.95,130.29,127.28,76163,61848338.0,2.34,-0.52,-0.67,2.33,3.009999999999991
2012-10-17,600644,127.62,128.79,130.63,126.78,40070,32346970.0,3.01,0.66,0.84,1.23,3.8499999999999943
2012-10-18,600644,128.62,130.79,130.96,128.28,50915,41517113.0,2.08,1.55,2.0,1.56,2.680000000000007
2012-10-19,600644,130.79,128.62,131.3,127.95,37405,30339659.0,2.56,-1.66,-2.17,1.15,3.3500000000000085
2012-10-22,600644,128.45,128.12,128.95,126.78,20592,16564355.0,1.69,-0.39,-0.5,0.63,2.1699999999999875
2012-10-23,600644,128.12,126.95,128.45,126.95,21422,17169799.0,1.17,-0.91,-1.17,0.66,1.4999999999999858
2012-10-24,600644,126.44,126.95,128.95,126.28,28949,23206977.0,2.1,0.0,0.0,0.89,2.6699999999999875
2012-10-25,600644,126.61,127.11,128.95,126.44,26236,21077115.0,1.98,0.13,0.16,0.8,2.509999999999991
2012-10-26,600644,128.45,124.1,128.45,123.94,29114,23059843.0,3.55,-2.37,-3.01,0.89,4.509999999999991
2012-10-29,600644,124.44,125.27,126.28,123.43,17487,13724343.0,2.3,0.94,1.17,0.54,2.8499999999999943
2012-10-30,600644,123.94,125.11,125.94,123.94,10803,8506912.0,1.6,-0.13,-0.16,0.33,2.0
2012-10-31,600644,125.11,126.44,126.44,124.77,15894,12574982.0,1.33,1.06,1.33,0.49,1.6700000000000017
2012-11-01,600644,125.44,128.79,130.29,125.44,36993,30016801.0,3.84,1.86,2.35,1.13,4.849999999999994
2012-11-02,600644,128.28,128.95,129.46,127.28,29738,23988233.0,1.69,0.12,0.16,0.91,2.180000000000007
2012-11-05,600644,128.12,129.96,131.13,128.12,41155,33638271.0,2.33,0.78,1.01,1.26,3.009999999999991
2012-11-06,600644,130.29,129.79,130.79,127.62,27428,22250935.0,2.44,-0.13,-0.17,0.84,3.1699999999999875
2012-11-07,600644,130.46,128.95,130.46,128.28,16654,13469122.0,1.68,-0.65,-0.84,0.51,2.180000000000007
2012-11-08,600644,128.12,127.28,128.79,126.44,29531,23683744.0,1.82,-1.3,-1.67,0.9,2.3499999999999943
2012-11-09,600644,126.11,127.78,128.62,126.11,14240,11436802.0,1.97,0.39,0.5,0.44,2.510000000000005
2012-11-12,600644,127.28,129.96,130.29,127.28,19185,15525824.0,2.36,1.71,2.18,0.59,3.009999999999991
2012-11-13,600644,128.95,127.95,130.13,127.78,33556,27271638.0,1.81,-1.55,-2.01,1.03,2.3499999999999943
2012-11-14,600644,127.95,130.79,130.96,127.62,42956,35064249.0,2.61,2.22,2.84,1.32,3.3400000000000034
2012-11-15,600644,129.79,128.62,130.96,127.62,23819,19364534.0,2.55,-1.66,-2.17,0.73,3.3400000000000034
2012-11-16,600644,128.62,129.29,130.13,127.78,18533,14984835.0,1.83,0.52,0.67,0.57,2.3499999999999943
2012-11-19,600644,128.95,128.95,129.62,125.78,22004,17636659.0,2.97,-0.26,-0.34,0.67,3.8400000000000034
2012-11-20,600644,128.62,132.3,132.3,127.28,72179,59265049.0,3.89,2.6,3.35,2.21,5.02000000000001
2012-11-21,600644,132.13,131.97,133.14,130.13,40633,33583686.0,2.28,-0.25,-0.33,1.24,3.009999999999991
2012-11-22,600644,131.3,130.29,132.63,129.29,31946,26232861.0,2.53,-1.27,-1.68,0.98,3.3400000000000034
2012-11-23,600644,129.62,131.3,132.3,129.62,47698,39342822.0,2.06,0.78,1.01,1.46,2.680000000000007
2012-11-26,600644,130.63,128.45,133.47,127.78,80156,65747534.0,4.33,-2.17,-2.85,2.46,5.689999999999998
2012-11-27,600644,127.28,127.28,130.63,126.44,63712,51385495.0,3.26,-0.91,-1.17,1.95,4.189999999999998
2012-11-28,600644,126.11,126.28,128.95,125.61,25073,20065600.0,2.62,-0.79,-1.0,0.77,3.339999999999989
2012-11-29,600644,124.94,128.62,129.62,124.94,33194,26801255.0,3.71,1.85,2.34,1.02,4.680000000000007
2012-11-30,600644,127.62,128.95,129.62,126.61,26439,21305728.0,2.34,0.26,0.33,0.81,3.010000000000005
2012-12-03,600644,128.62,127.95,132.3,127.62,59243,48450544.0,3.63,-0.78,-1.0,1.81,4.680000000000007
2012-12-04,600644,127.62,141.33,141.33,127.28,301605,259360956.0,10.98,10.46,13.38,9.24,14.050000000000011
2012-12-05,600644,139.66,152.54,153.38,139.16,448469,413728304.0,10.06,7.93,11.21,13.74,14.219999999999999
2012-12-06,600644,149.7,150.03,151.71,147.36,298141,278533424.0,2.85,-1.65,-2.51,9.13,4.349999999999994
2012-12-07,600644,149.7,150.54,153.38,145.01,420088,393751440.0,5.58,0.34,0.51,12.87,8.370000000000005
2012-12-10,600644,150.2,154.55,155.89,147.02,431888,404567184.0,5.89,2.66,4.01,13.23,8.869999999999976
2012-12-11,600644,152.04,148.36,154.05,147.19,347605,325335888.0,4.44,-4.01,-6.19,10.65,6.860000000000014
2012-12-12,600644,148.03,149.2,150.87,145.52,289722,268131324.0,3.61,0.57,0.84,8.87,5.349999999999994
2012-12-13,600644,148.19,146.02,150.03,144.85,155433,142739982.0,3.47,-2.13,-3.18,4.76,5.180000000000007
2012-12-14,600644,146.02,153.71,154.22,145.18,467517,439548896.0,6.19,5.27,7.69,14.32,9.039999999999992
2012-12-17,600644,152.88,153.71,155.39,151.2,434133,415054528.0,2.73,0.0,0.0,13.3,4.189999999999998
2012-12-18,600644,153.71,152.38,154.22,150.2,325869,309411584.0,2.62,-0.87,-1.33,9.98,4.02000000000001
2012-12-19,600644,151.54,151.04,155.72,147.02,268013,253392607.0,5.71,-0.88,-1.34,8.21,8.699999999999989
2012-12-20,600644,147.52,152.21,155.05,147.52,308401,292383872.0,4.99,0.77,1.17,9.45,7.530000000000001
2012-12-21,600644,151.54,148.7,153.21,147.19,275848,258495701.0,3.96,-2.31,-3.51,8.45,6.02000000000001
2012-12-24,600644,147.86,147.19,149.53,146.35,208387,192321210.0,2.14,-1.02,-1.51,6.38,3.180000000000007
2012-12-25,600644,145.68,148.53,149.2,145.35,237261,218078353.0,2.62,0.91,1.34,7.27,3.8499999999999943
2012-12-26,600644,148.53,147.36,148.53,146.02,123329,113096576.0,1.69,-0.79,-1.17,3.78,2.509999999999991
2012-12-27,600644,147.36,149.87,150.54,145.52,170409,157654102.0,3.41,1.7,2.51,5.22,5.019999999999982
2012-12-28,600644,149.36,147.52,150.7,146.85,104129,96282540.0,2.57,-1.57,-2.35,3.19,3.8499999999999943
2012-12-31,600644,147.02,145.68,147.02,145.52,97288,88744271.0,1.02,-1.25,-1.84,2.98,1.5
2013-01-04,600644,146.52,146.85,148.86,145.85,83374,76674032.0,2.07,0.8,1.17,2.55,3.0100000000000193
2013-01-07,600644,147.69,149.2,150.2,146.69,108545,100875609.0,2.39,1.6,2.35,3.32,3.509999999999991
2013-01-08,600644,149.87,147.02,150.03,145.35,104257,95560451.0,3.14,-1.46,-2.18,3.19,4.680000000000007
2013-01-09,600644,146.35,148.86,150.7,145.85,133751,123912776.0,3.3,1.25,1.84,4.1,4.849999999999994
2013-01-10,600644,149.03,150.03,150.37,147.19,137535,127844583.0,2.14,0.79,1.17,4.21,3.180000000000007
2013-01-11,600644,150.7,140.0,152.88,139.33,149723,136945781.0,9.03,-6.69,-10.03,4.59,13.549999999999983
2013-01-14,600644,138.99,142.17,143.01,137.32,122914,107967755.0,4.06,1.55,2.17,3.76,5.689999999999998
2013-01-15,600644,142.34,143.01,144.35,140.83,119307,106216837.0,2.48,0.59,0.84,3.65,3.519999999999982
2013-01-16,600644,142.34,141.5,142.51,139.16,85599,75334663.0,2.34,-1.06,-1.51,2.62,3.3499999999999943
2013-01-17,600644,140.66,142.67,144.01,139.16,80989,71968522.0,3.43,0.83,1.17,2.48,4.849999999999994
2013-01-18,600644,143.17,143.01,143.68,140.83,62760,55951712.0,2.0,0.24,0.34,1.92,2.8499999999999943
2013-01-21,600644,143.17,145.52,145.68,142.84,81984,73917737.0,1.99,1.76,2.51,2.51,2.8400000000000034
2013-01-22,600644,145.18,141.17,145.68,137.32,79896,71044030.0,5.74,-2.99,-4.35,2.45,8.360000000000014
2013-01-23,600644,140.83,139.16,141.67,137.65,53706,46780541.0,2.85,-1.42,-2.01,1.65,4.019999999999982
2013-01-24,600644,138.99,137.65,142.51,137.49,58455,51052418.0,3.61,-1.09,-1.51,1.79,5.019999999999982
2013-01-25,600644,137.32,135.65,138.32,134.31,42774,36351898.0,2.91,-1.45,-2.0,1.31,4.009999999999991
2013-01-28,600644,135.48,138.49,138.66,134.98,39972,34334064.0,2.71,2.09,2.84,1.22,3.680000000000007
2013-01-29,600644,138.16,138.99,140.16,137.99,40597,35357394.0,1.57,0.36,0.5,1.24,2.1699999999999875
2013-01-30,600644,138.99,138.66,140.16,137.32,41571,35979600.0,2.04,-0.24,-0.33,1.27,2.8400000000000034
2013-01-31,600644,138.16,139.33,139.83,135.31,58404,50303808.0,3.26,0.48,0.67,1.79,4.52000000000001
2013-02-01,600644,138.49,139.49,140.66,138.16,49097,42923795.0,1.79,0.11,0.16,1.5,2.5
2013-02-04,600644,139.83,137.49,141.0,136.82,40263,34880997.0,3.0,-1.43,-2.0,1.23,4.180000000000007
2013-02-05,600644,136.98,139.83,140.0,135.81,39116,33894931.0,3.05,1.7,2.34,1.2,4.189999999999998
2013-02-06,600644,140.16,139.16,140.16,138.66,31894,27795461.0,1.07,-0.48,-0.67,0.98,1.5
2013-02-07,600644,139.49,138.82,140.0,137.65,31666,27480379.0,1.69,-0.24,-0.34,0.97,2.3499999999999943
2013-02-08,600644,139.49,141.0,142.17,138.99,48727,42943932.0,2.29,1.57,2.18,1.49,3.1799999999999784
2013-02-18,600644,141.0,143.51,143.84,141.0,68947,61694460.0,2.01,1.78,2.51,2.11,2.8400000000000034
2013-02-19,600644,143.84,144.85,146.02,141.17,86712,77929909.0,3.38,0.93,1.34,2.66,4.850000000000023
2013-02-20,600644,144.85,143.51,144.85,141.5,62003,55417383.0,2.31,-0.93,-1.34,1.9,3.3499999999999943
2013-02-21,600644,143.51,137.65,143.51,137.49,62781,54813090.0,4.19,-4.08,-5.86,1.92,6.019999999999982
2013-02-22,600644,137.65,137.32,139.66,136.98,33872,29263910.0,1.95,-0.24,-0.33,1.04,2.680000000000007
2013-02-25,600644,139.16,141.17,142.17,137.82,47295,41494658.0,3.17,2.8,3.85,1.45,4.349999999999994
2013-02-26,600644,140.66,138.16,143.34,137.99,56925,50264233.0,3.79,-2.13,-3.01,1.74,5.349999999999994
2013-02-27,600644,138.66,138.32,139.83,137.32,30461,26398538.0,1.82,0.12,0.16,0.93,2.5100000000000193
2013-02-28,600644,140.0,144.18,147.02,139.33,114688,103295555.0,5.56,4.24,5.86,3.51,7.689999999999998
2013-03-01,600644,143.17,145.35,145.35,142.17,92883,83575129.0,2.21,0.81,1.17,2.84,3.180000000000007
2013-03-04,600644,143.68,140.66,146.52,140.0,88354,79224996.0,4.49,-3.23,-4.69,2.71,6.52000000000001
2013-03-05,600644,140.66,143.34,143.68,139.83,52843,47079509.0,2.74,1.91,2.68,1.62,3.8499999999999943
2013-03-06,600644,144.01,144.68,146.35,144.01,67183,60861659.0,1.63,0.93,1.34,2.06,2.3400000000000034
2013-03-07,600644,145.35,144.51,148.03,143.01,87868,80073615.0,3.47,-0.12,-0.17,2.69,5.02000000000001
2013-03-08,600644,144.85,141.17,145.01,140.83,53773,47946099.0,2.89,-2.31,-3.34,1.65,4.179999999999978
2013-03-11,600644,142.0,139.49,142.67,138.66,43706,38362644.0,2.84,-1.19,-1.68,1.34,4.009999999999991
2013-03-12,600644,138.99,136.48,140.83,135.14,39679,34254378.0,4.08,-2.16,-3.01,1.22,5.690000000000026
2013-03-13,600644,136.82,134.14,137.15,132.97,35649,30021450.0,3.06,-1.71,-2.34,1.09,4.180000000000007
2013-03-14,600644,134.14,134.47,135.48,133.81,18295,15406465.0,1.24,0.25,0.33,0.56,1.6699999999999875
2013-03-15,600644,134.81,133.14,135.65,131.46,33825,28356792.0,3.12,-0.99,-1.33,1.04,4.189999999999998
2013-03-18,600644,133.14,130.46,134.31,129.79,22519,18634279.0,3.39,-2.01,-2.68,0.69,4.52000000000001
2013-03-19,600644,129.62,131.97,132.3,129.62,21126,17370929.0,2.05,1.16,1.51,0.65,2.680000000000007
2013-03-20,600644,132.3,134.47,135.65,131.97,33678,28286501.0,2.79,1.89,2.5,1.03,3.680000000000007
2013-03-21,600644,134.81,134.14,134.98,133.14,35183,29539484.0,1.37,-0.25,-0.33,1.08,1.8400000000000034
2013-03-22,600644,134.14,133.47,134.14,132.97,25461,21310215.0,0.87,-0.5,-0.67,0.78,1.1699999999999875
2013-03-25,600644,133.97,134.47,135.14,132.97,22191,18667135.0,1.63,0.75,1.0,0.68,2.1699999999999875
2013-03-26,600644,133.97,131.8,133.97,130.63,23847,19714025.0,2.48,-1.99,-2.67,0.73,3.3400000000000034
2013-03-27,600644,131.13,131.63,132.97,130.79,16244,13452663.0,1.65,-0.13,-0.17,0.5,2.180000000000007
2013-03-28,600644,130.96,126.95,131.13,126.95,35485,28456933.0,3.18,-3.56,-4.68,1.09,4.179999999999993
2013-03-29,600644,127.28,127.28,128.12,126.78,19544,15656194.0,1.06,0.26,0.33,0.6,1.3400000000000034
2013-04-01,600644,127.45,128.62,128.62,127.28,15577,12535169.0,1.05,1.05,1.34,0.48,1.3400000000000034
2013-04-02,600644,128.79,128.28,129.96,127.95,16804,13595118.0,1.56,-0.26,-0.34,0.51,2.010000000000005
2013-04-03,600644,127.95,126.78,128.79,126.61,17181,13779773.0,1.7,-1.17,-1.5,0.53,2.1799999999999926
2013-04-08,600644,126.61,125.44,126.61,123.77,20850,16350315.0,2.24,-1.06,-1.34,0.64,2.8400000000000034
2013-04-09,600644,125.44,128.62,128.95,125.27,25838,20700079.0,2.93,2.54,3.18,0.79,3.6799999999999926
2013-04-10,600644,129.79,128.45,130.46,126.44,24744,19994768.0,3.13,-0.13,-0.17,0.76,4.02000000000001
2013-04-11,600644,128.95,126.78,128.95,126.61,14511,11617064.0,1.82,-1.3,-1.67,0.44,2.339999999999989
2013-04-12,600644,126.78,128.28,128.28,126.11,16033,12823305.0,1.71,1.18,1.5,0.49,2.1700000000000017
2013-04-15,600644,127.28,125.27,127.45,124.77,10746,8490851.0,2.09,-2.35,-3.01,0.33,2.680000000000007
2013-04-16,600644,123.94,125.78,126.61,122.76,14188,11144652.0,3.07,0.41,0.51,0.43,3.8499999999999943
2013-04-17,600644,125.78,125.44,126.44,124.94,11573,9141808.0,1.19,-0.27,-0.34,0.35,1.5
2013-04-18,600644,124.77,125.44,125.94,124.27,11764,9263580.0,1.33,0.0,0.0,0.36,1.6700000000000017
2013-04-19,600644,125.61,127.62,127.95,125.11,18990,15166831.0,2.26,1.74,2.18,0.58,2.8400000000000034
2013-04-22,600644,125.78,131.46,136.32,125.11,84472,69998949.0,8.78,3.01,3.84,2.59,11.209999999999994
2013-04-23,600644,132.3,128.28,133.47,128.12,44352,36198555.0,4.07,-2.42,-3.18,1.36,5.349999999999994
2013-04-24,600644,128.28,129.12,129.62,126.44,28358,22846749.0,2.48,0.65,0.84,0.87,3.180000000000007
2013-04-25,600644,128.95,125.78,128.95,125.44,24979,19911908.0,2.72,-2.59,-3.34,0.77,3.509999999999991
2013-04-26,600644,125.61,124.27,127.28,124.27,16634,13112240.0,2.39,-1.2,-1.51,0.51,3.010000000000005
2013-05-02,600644,124.44,124.94,126.95,123.94,13761,10837206.0,2.42,0.54,0.67,0.42,3.010000000000005
2013-05-03,600644,125.61,127.62,128.28,125.27,25392,20241657.0,2.41,2.15,2.68,0.78,3.010000000000005
2013-05-06,600644,126.95,127.78,128.62,126.61,25773,20651808.0,1.57,0.13,0.16,0.79,2.010000000000005
2013-05-07,600644,127.95,128.79,128.95,126.78,29472,23718952.0,1.7,0.79,1.01,0.9,2.1699999999999875
2013-05-08,600644,128.79,128.62,129.79,127.62,25995,20980693.0,1.68,-0.13,-0.17,0.8,2.1699999999999875
2013-05-09,600644,127.78,126.44,128.79,125.44,25671,20467575.0,2.6,-1.69,-2.18,0.79,3.3499999999999943
2013-05-10,600644,125.61,128.12,128.28,124.1,48273,38297690.0,3.31,1.33,1.68,1.48,4.180000000000007
2013-05-13,600644,127.11,128.12,130.29,125.78,44581,35944699.0,3.52,0.0,0.0,1.37,4.509999999999991
2013-05-14,600644,127.62,129.62,130.29,124.77,55475,44392617.0,4.31,1.17,1.5,1.7,5.519999999999996
2013-05-15,600644,128.95,130.63,131.8,128.28,54607,44538749.0,2.72,0.78,1.01,1.67,3.5200000000000102
2013-05-16,600644,130.96,130.13,131.3,129.12,37259,30452458.0,1.67,-0.38,-0.5,1.14,2.180000000000007
2013-05-17,600644,129.79,130.63,131.3,129.46,42891,35097869.0,1.41,0.38,0.5,1.31,1.8400000000000034
2013-05-20,600644,130.63,131.8,132.13,129.96,45582,37551014.0,1.66,0.9,1.17,1.4,2.1699999999999875
2013-05-21,600644,134.81,132.63,137.15,131.97,79503,66680983.0,3.93,0.63,0.83,2.44,5.180000000000007
2013-05-22,600644,133.14,138.82,139.66,133.14,153055,131164914.0,4.92,4.67,6.19,4.69,6.52000000000001
2013-05-23,600644,135.65,134.47,137.49,133.64,71321,60460072.0,2.77,-3.13,-4.35,2.18,3.8500000000000227
2013-05-24,600644,133.97,134.98,136.65,131.97,52484,44097391.0,3.48,0.38,0.51,1.61,4.680000000000007
2013-05-27,600644,134.47,133.81,134.98,133.3,28137,23647224.0,1.24,-0.87,-1.17,0.86,1.6799999999999784
2013-05-28,600644,133.81,134.64,134.81,132.8,43036,36167251.0,1.5,0.62,0.83,1.32,2.009999999999991
2013-05-29,600644,133.97,133.3,134.81,132.63,45640,38188634.0,1.62,-1.0,-1.34,1.4,2.180000000000007
2013-05-30,600644,132.47,132.8,133.3,131.3,35993,29864626.0,1.5,-0.38,-0.5,1.1,2.0
2013-05-31,600644,132.47,132.3,133.64,131.63,27376,22794819.0,1.51,-0.38,-0.5,0.84,2.009999999999991
2013-06-03,600644,131.46,130.79,133.3,130.63,26581,21970524.0,2.02,-1.14,-1.51,0.81,2.670000000000016
2013-06-04,600644,130.79,129.79,131.46,127.62,42207,34332625.0,2.94,-0.76,-1.0,1.29,3.8400000000000034
2013-06-05,600644,128.95,127.78,128.95,126.78,26863,21593331.0,1.67,-1.55,-2.01,0.82,2.1699999999999875
2013-06-06,600644,126.95,125.44,128.28,124.77,24421,19440145.0,2.75,-1.83,-2.34,0.75,3.510000000000005
2013-06-07,600644,126.78,124.27,126.78,123.77,22555,17700809.0,2.4,-0.93,-1.17,0.69,3.010000000000005
2013-06-13,600644,124.27,120.09,124.27,118.75,26386,19954265.0,4.44,-3.36,-4.18,0.81,5.519999999999996
2013-06-14,600644,121.26,120.92,121.26,119.92,15061,11453171.0,1.12,0.69,0.83,0.46,1.3400000000000034
2013-06-17,600644,123.43,123.27,124.44,121.76,26438,20433740.0,2.22,1.94,2.35,0.81,2.6799999999999926
2013-06-18,600644,123.77,122.76,124.27,121.93,15303,11815939.0,1.9,-0.41,-0.51,0.47,2.339999999999989
2013-06-19,600644,122.09,118.92,122.09,118.08,23571,17779916.0,3.27,-3.13,-3.84,0.72,4.010000000000005
2013-06-20,600644,118.92,118.41,121.93,118.08,27033,20445970.0,3.24,-0.43,-0.51,0.83,3.8500000000000085
2013-06-21,600644,118.08,117.24,118.08,113.06,22882,16764747.0,4.24,-0.99,-1.17,0.7,5.019999999999996
2013-06-24,600644,116.91,110.22,118.08,107.21,27824,19858224.0,9.27,-5.99,-7.02,0.85,10.870000000000005
2013-06-25,600644,110.38,105.53,111.55,98.51,56118,37122852.0,11.83,-4.26,-4.69,1.72,13.039999999999992
2013-06-26,600644,105.53,111.72,111.89,103.19,49822,34083072.0,8.24,5.87,6.19,1.53,8.700000000000003
2013-06-27,600644,111.72,111.05,114.57,109.38,36162,25608242.0,4.65,-0.6,-0.67,1.11,5.189999999999998
2013-06-28,600644,110.72,113.23,113.56,109.71,43034,30466429.0,3.47,1.96,2.18,1.32,3.8500000000000085
2013-07-01,600644,112.22,113.23,114.57,110.72,56682,40488741.0,3.4,0.0,0.0,1.74,3.8499999999999943
2013-07-02,600644,113.06,113.23,114.4,111.55,21504,15362114.0,2.52,0.0,0.0,0.66,2.8500000000000085
2013-07-03,600644,113.73,114.06,115.4,110.72,65062,46717223.0,4.13,0.73,0.83,1.99,4.680000000000007
2013-07-04,600644,112.89,117.41,118.58,112.22,65829,48134215.0,5.58,2.94,3.35,2.02,6.359999999999999
2013-07-05,600644,115.57,115.74,117.08,114.9,50887,37188190.0,1.86,-1.42,-1.67,1.56,2.1799999999999926
2013-07-08,600644,115.24,116.24,117.58,112.89,81320,59213589.0,4.05,0.43,0.5,2.49,4.689999999999998
2013-07-09,600644,114.06,117.75,117.91,114.06,93106,68462892.0,3.31,1.3,1.51,2.85,3.8499999999999943
2013-07-10,600644,117.58,120.76,121.26,115.9,101345,75880522.0,4.55,2.56,3.01,3.1,5.359999999999999
2013-07-11,600644,120.59,120.76,124.77,119.25,122179,93438670.0,4.57,0.0,0.0,3.74,5.519999999999996
2013-07-12,600644,120.92,119.92,122.26,117.41,88074,66368989.0,4.02,-0.7,-0.84,2.7,4.8500000000000085
2013-07-15,600644,119.59,120.25,121.59,118.25,46456,35142721.0,2.79,0.28,0.33,1.42,3.3400000000000034
2013-07-16,600644,121.76,125.27,126.28,120.92,127239,98759753.0,4.46,4.17,5.02,3.9,5.359999999999999
2013-07-17,600644,123.6,125.78,126.44,121.76,121380,95156844.0,3.74,0.41,0.51,3.72,4.679999999999993
2013-07-18,600644,124.27,123.1,126.11,122.26,123416,96592732.0,3.06,-2.13,-2.68,3.78,3.8499999999999943
2013-07-19,600644,123.1,120.92,123.43,120.25,57321,44112122.0,2.58,-1.77,-2.18,1.76,3.180000000000007
2013-07-22,600644,119.59,121.76,122.6,117.91,74118,56447110.0,3.88,0.69,0.84,2.27,4.689999999999998
2013-07-23,600644,121.76,117.41,123.6,116.24,137923,102879129.0,6.04,-3.57,-4.35,4.22,7.359999999999999
2013-07-24,600644,116.24,114.4,116.41,111.55,70732,50786077.0,4.14,-2.56,-3.01,2.17,4.859999999999999
2013-07-25,600644,113.23,112.89,114.23,111.89,39764,28377405.0,2.05,-1.32,-1.51,1.22,2.3400000000000034
2013-07-26,600644,112.39,111.22,113.73,110.72,29072,20590818.0,2.67,-1.48,-1.67,0.89,3.010000000000005
2013-07-29,600644,112.73,113.06,115.4,112.73,52642,37979232.0,2.4,1.65,1.84,1.61,2.6700000000000017
2013-07-30,600644,111.55,110.22,112.73,108.38,33972,23762856.0,3.85,-2.51,-2.84,1.04,4.3500000000000085
2013-07-31,600644,110.89,111.22,111.55,110.22,16204,11379935.0,1.21,0.91,1.0,0.5,1.3299999999999983
2013-08-01,600644,112.22,112.73,113.06,111.55,19997,14127488.0,1.36,1.36,1.51,0.61,1.5100000000000051
2013-08-02,600644,113.56,112.73,114.06,112.56,24395,17343133.0,1.33,0.0,0.0,0.75,1.5
2013-08-05,600644,113.06,113.9,114.57,113.06,19414,13873109.0,1.34,1.04,1.17,0.59,1.509999999999991
2013-08-06,600644,114.73,115.4,115.74,113.73,37359,26947631.0,1.76,1.32,1.5,1.14,2.009999999999991
2013-08-07,600644,115.57,117.08,118.75,114.73,52760,38637338.0,3.48,1.46,1.68,1.62,4.019999999999996
2013-08-08,600644,116.91,115.9,117.75,115.9,30902,22661639.0,1.58,-1.01,-1.18,0.95,1.8499999999999943
2013-08-09,600644,115.9,117.24,117.41,115.74,26701,19561398.0,1.44,1.16,1.34,0.82,1.6700000000000017
2013-08-12,600644,117.24,127.28,128.95,117.24,204058,158559884.0,9.99,8.56,10.04,6.25,11.709999999999994
2013-08-13,600644,126.11,130.29,130.96,124.77,242997,194682721.0,4.86,2.36,3.01,7.44,6.190000000000012
2013-08-14,600644,129.62,127.11,129.62,125.27,238792,189863267.0,3.34,-2.44,-3.18,7.31,4.3500000000000085
2013-08-15,600644,126.28,125.61,128.95,123.94,167795,132198399.0,3.94,-1.18,-1.5,5.14,5.009999999999991
2013-08-16,600644,125.11,124.77,128.28,123.94,214477,168882464.0,3.46,-0.67,-0.84,6.57,4.340000000000003
2013-08-19,600644,123.94,134.47,136.32,123.94,316588,258181191.0,9.92,7.77,9.7,9.7,12.379999999999995
2013-08-20,600644,132.8,133.64,135.14,131.8,308507,256430164.0,2.48,-0.62,-0.83,9.45,3.339999999999975
2013-08-21,600644,133.14,133.3,135.14,131.13,242607,201975758.0,3.0,-0.25,-0.34,7.43,4.009999999999991
2013-08-22,600644,133.14,134.81,135.98,131.46,298726,249859150.0,3.39,1.13,1.51,9.15,4.519999999999982
2013-08-23,600644,134.47,133.97,136.15,130.79,248728,207704051.0,3.98,-0.62,-0.84,7.62,5.360000000000014
2013-08-26,600644,133.47,136.82,138.99,132.13,312620,264576884.0,5.12,2.13,2.85,9.58,6.860000000000014
2013-08-27,600644,136.98,133.3,138.99,132.47,261411,219714061.0,4.77,-2.57,-3.52,8.01,6.52000000000001
2013-08-28,600644,132.3,138.66,140.66,128.95,301283,253089636.0,8.78,4.02,5.36,9.23,11.710000000000008
2013-08-29,600644,137.82,137.65,139.83,135.81,296474,252918435.0,2.9,-0.73,-1.01,9.08,4.02000000000001
2013-08-30,600644,137.82,134.98,139.83,133.81,267488,227385179.0,4.37,-1.94,-2.67,8.19,6.02000000000001
2013-09-02,600644,134.81,127.11,135.81,126.78,237443,193065722.0,6.69,-5.83,-7.87,7.27,9.030000000000001
2013-09-03,600644,127.78,126.78,127.78,123.27,91399,71715976.0,3.55,-0.26,-0.33,2.8,4.510000000000005
2013-09-04,600644,126.78,126.78,127.28,125.27,53128,42049158.0,1.59,0.0,0.0,1.63,2.010000000000005
2013-09-05,600644,127.11,129.46,130.63,125.94,84591,68305724.0,3.7,2.11,2.68,2.59,4.689999999999998
2013-09-06,600644,129.79,126.95,129.96,125.78,55494,44136867.0,3.23,-1.94,-2.51,1.7,4.180000000000007
2013-09-09,600644,126.61,127.28,128.45,126.28,57496,45698741.0,1.71,0.26,0.33,1.76,2.1699999999999875
2013-09-10,600644,128.12,128.28,128.79,126.44,71366,56897571.0,1.85,0.79,1.0,2.19,2.3499999999999943
2013-09-11,600644,128.12,130.46,132.63,127.78,92485,75435168.0,3.78,1.7,2.18,2.83,4.849999999999994
2013-09-12,600644,129.46,131.8,133.81,129.12,71405,58774789.0,3.59,1.03,1.34,2.19,4.689999999999998
2013-09-13,600644,131.13,131.46,132.13,129.62,46634,38069309.0,1.9,-0.26,-0.34,1.43,2.509999999999991
2013-09-16,600644,131.46,131.8,133.14,130.63,45768,37669152.0,1.91,0.26,0.34,1.4,2.509999999999991
2013-09-17,600644,131.3,131.63,134.31,131.3,62957,52115256.0,2.28,-0.13,-0.17,1.93,3.009999999999991
2013-09-18,600644,131.63,128.79,132.47,128.28,45083,36715564.0,3.18,-2.16,-2.84,1.38,4.189999999999998
2013-09-23,600644,131.13,132.97,133.47,130.96,51413,42539407.0,1.95,3.25,4.18,1.57,2.509999999999991
2013-09-24,600644,133.14,130.13,133.47,129.62,58147,47563787.0,2.9,-2.14,-2.84,1.78,3.8499999999999943
2013-09-25,600644,129.79,127.45,131.3,127.28,43731,35181222.0,3.09,-2.06,-2.68,1.34,4.02000000000001
2013-09-26,600644,126.61,125.11,127.28,124.1,40548,31762686.0,2.5,-1.84,-2.34,1.24,3.180000000000007
2013-09-27,600644,124.44,124.44,128.12,124.27,24984,19669212.0,3.08,-0.54,-0.67,0.77,3.8500000000000085
2013-09-30,600644,125.78,131.63,132.97,125.44,66007,53726345.0,6.05,5.78,7.19,2.02,7.530000000000001
2013-10-08,600644,131.13,135.48,137.32,129.62,101366,85326292.0,5.85,2.92,3.85,3.1,7.699999999999989
2013-10-09,600644,135.31,136.32,136.82,134.14,55572,46983441.0,1.98,0.62,0.84,1.7,2.680000000000007
2013-10-10,600644,134.81,134.47,138.82,133.14,54648,46458367.0,4.17,-1.36,-1.85,1.67,5.680000000000007
2013-10-11,600644,133.47,133.47,136.32,132.8,46647,38965351.0,2.62,-0.74,-1.0,1.43,3.519999999999982
2013-10-14,600644,132.8,133.81,135.31,132.13,42576,35497126.0,2.38,0.25,0.34,1.3,3.180000000000007
2013-10-15,600644,134.64,136.32,136.48,133.3,55854,47047794.0,2.38,1.88,2.51,1.71,3.1799999999999784
2013-10-16,600644,136.15,131.46,136.15,130.63,45004,37134355.0,4.05,-3.57,-4.86,1.38,5.52000000000001
2013-10-17,600644,132.3,132.97,134.14,131.46,26731,22136093.0,2.04,1.15,1.51,0.82,2.6799999999999784
2013-10-18,600644,133.14,131.8,134.14,131.46,19168,15836953.0,2.02,-0.88,-1.17,0.59,2.6799999999999784
2013-10-21,600644,131.63,139.33,139.49,131.63,112840,96408737.0,5.96,5.71,7.53,3.46,7.860000000000014
2013-10-22,600644,139.49,137.65,140.83,135.81,68829,59323446.0,3.6,-1.21,-1.68,2.11,5.02000000000001
2013-10-23,600644,139.16,135.98,142.17,135.65,67929,58737435.0,4.74,-1.21,-1.67,2.08,6.519999999999982
2013-10-24,600644,134.81,133.3,136.48,132.47,33047,27531524.0,2.95,-1.97,-2.68,1.01,4.009999999999991
2013-10-25,600644,132.8,132.97,134.47,131.13,25090,20715971.0,2.51,-0.25,-0.33,0.77,3.3400000000000034
2013-10-28,600644,132.8,132.47,133.97,131.63,16370,13543989.0,1.76,-0.38,-0.5,0.5,2.3400000000000034
2013-10-29,600644,131.8,127.95,133.97,124.27,40318,32456133.0,7.32,-3.41,-4.52,1.23,9.700000000000003
2013-10-30,600644,128.28,131.97,133.81,126.28,33636,27619577.0,5.89,3.14,4.02,1.03,7.530000000000001
2013-10-31,600644,131.3,131.8,133.14,129.62,23602,19391013.0,2.67,-0.13,-0.17,0.72,3.519999999999982
2013-11-01,600644,131.13,136.48,136.82,129.79,63657,53267286.0,5.33,3.55,4.68,1.95,7.030000000000001
2013-12-09,600644,150.7,139.49,150.7,137.32,159828,141276525.0,9.8,2.21,3.01,4.9,13.379999999999995
2013-12-10,600644,139.83,153.71,154.05,137.65,260708,243334105.0,11.76,10.19,14.22,7.99,16.400000000000006
2013-12-11,600644,149.03,147.86,150.37,145.01,117576,107675389.0,3.49,-3.81,-5.85,3.6,5.360000000000014
2013-12-12,600644,147.69,147.02,150.54,145.01,71221,65595205.0,3.74,-0.57,-0.84,2.18,5.530000000000001
2013-12-13,600644,145.85,143.51,146.52,141.67,60992,54544898.0,3.3,-2.39,-3.51,1.87,4.850000000000023
2013-12-16,600644,143.34,144.51,146.02,140.83,37876,33851613.0,3.62,0.7,1.0,1.16,5.189999999999998
2013-12-17,600644,144.51,139.33,144.85,138.32,31901,27868052.0,4.52,-3.58,-5.18,0.98,6.530000000000001
2013-12-18,600644,137.99,141.33,141.5,137.82,27668,23999434.0,2.64,1.44,2.0,0.85,3.680000000000007
2013-12-19,600644,141.33,137.65,144.01,137.49,29626,25963764.0,4.61,-2.6,-3.68,0.91,6.519999999999982
2013-12-20,600644,137.82,132.3,138.32,130.63,33680,28002505.0,5.59,-3.89,-5.35,1.03,7.689999999999998
2013-12-23,600644,132.3,127.28,133.14,124.94,25178,20128067.0,6.2,-3.79,-5.02,0.77,8.199999999999989
2013-12-24,600644,128.12,128.79,131.63,127.28,17670,14284356.0,3.42,1.19,1.51,0.54,4.349999999999994
2013-12-25,600644,128.95,130.96,132.3,128.62,14348,11679397.0,2.86,1.68,2.17,0.44,3.680000000000007
2013-12-26,600644,131.97,126.28,131.97,125.27,24466,19596770.0,5.12,-3.57,-4.68,0.75,6.700000000000003
2013-12-27,600644,127.45,128.45,129.12,125.61,12253,9782483.0,2.78,1.72,2.17,0.38,3.510000000000005
2013-12-30,600644,128.45,130.79,131.3,127.78,21600,17514959.0,2.74,1.82,2.34,0.66,3.5200000000000102
2013-12-31,600644,130.79,129.29,131.46,128.12,21004,16979012.0,2.55,-1.15,-1.5,0.64,3.3400000000000034
2014-01-02,600644,129.12,129.62,130.79,129.12,17297,14028937.0,1.29,0.26,0.33,0.53,1.6699999999999875
2014-01-03,600644,130.63,126.28,130.63,125.11,26601,21053895.0,4.26,-2.58,-3.34,0.81,5.519999999999996
2014-01-06,600644,127.95,120.09,128.12,119.59,26748,20600202.0,6.75,-4.9,-6.19,0.82,8.530000000000001
2014-01-07,600644,120.09,120.59,122.76,118.58,20331,15356867.0,3.48,0.42,0.5,0.62,4.180000000000007
2014-01-08,600644,120.09,122.09,122.76,118.92,21716,16461360.0,3.18,1.24,1.5,0.67,3.8400000000000034
2014-01-09,600644,121.43,116.41,122.26,116.41,32783,24312078.0,4.79,-4.65,-5.68,1.0,5.8500000000000085
2014-01-10,600644,116.91,113.9,117.08,112.89,20283,14548865.0,3.6,-2.16,-2.51,0.62,4.189999999999998
2014-01-13,600644,114.57,109.38,114.57,109.21,18629,13032157.0,4.71,-3.97,-4.52,0.57,5.359999999999999
2014-01-14,600644,110.22,112.06,112.22,109.38,18086,12632615.0,2.6,2.45,2.68,0.55,2.8400000000000034
2014-01-15,600644,112.56,111.55,112.56,110.55,24074,16831342.0,1.79,-0.46,-0.51,0.74,2.010000000000005
2014-01-16,600644,111.05,113.56,114.73,110.72,17693,12606307.0,3.59,1.8,2.01,0.54,4.010000000000005
2014-01-17,600644,112.39,112.06,113.9,111.72,10814,7635569.0,1.92,-1.32,-1.5,0.33,2.180000000000007
2014-01-20,600644,111.72,112.06,113.9,111.05,9116,6449862.0,2.54,0.0,0.0,0.28,2.8500000000000085
2014-01-21,600644,113.23,113.9,114.4,112.73,10357,7392749.0,1.49,1.64,1.84,0.32,1.6700000000000017
2014-01-22,600644,113.56,116.41,116.91,113.56,16694,12130045.0,2.94,2.2,2.51,0.51,3.3499999999999943
2014-01-23,600644,114.57,116.07,117.75,113.9,23762,17283715.0,3.31,-0.29,-0.34,0.73,3.8499999999999943
2014-01-24,600644,116.07,117.41,118.75,115.9,18917,13965430.0,2.46,1.15,1.34,0.58,2.8499999999999943
2014-01-27,600644,117.24,120.59,122.09,116.07,29078,21855656.0,5.13,2.71,3.18,0.89,6.02000000000001
2014-01-28,600644,119.42,121.09,122.43,119.42,14694,11157284.0,2.5,0.41,0.5,0.45,3.010000000000005
2014-01-29,600644,121.09,124.6,125.78,121.09,22518,17400901.0,3.87,2.9,3.51,0.69,4.689999999999998
2014-01-30,600644,124.1,120.76,124.1,119.42,23160,17589507.0,3.76,-3.08,-3.84,0.71,4.679999999999993
2014-02-07,600644,119.92,120.42,121.76,118.92,18813,14179182.0,2.35,-0.28,-0.34,0.58,2.8400000000000034
2014-02-10,600644,120.42,124.27,124.27,120.42,35850,27615543.0,3.2,3.2,3.85,1.1,3.8499999999999943
2014-02-11,600644,124.1,124.1,127.11,123.1,27743,21656215.0,3.23,-0.14,-0.17,0.85,4.010000000000005
2014-02-12,600644,123.6,125.44,125.94,123.6,25130,19611236.0,1.89,1.08,1.34,0.77,2.3400000000000034
2014-02-13,600644,124.6,125.61,128.28,124.1,29011,22969698.0,3.33,0.14,0.17,0.89,4.180000000000007
2014-02-14,600644,126.28,125.44,127.28,123.94,29099,22705236.0,2.66,-0.14,-0.17,0.89,3.3400000000000034
2014-02-17,600644,124.77,127.28,128.12,123.94,33434,26400386.0,3.33,1.47,1.84,1.02,4.180000000000007
2014-02-18,600644,126.61,129.79,132.13,125.61,46035,37288358.0,5.12,1.97,2.51,1.41,6.519999999999996
2014-02-19,600644,128.95,127.78,130.79,126.11,36825,29332450.0,3.61,-1.55,-2.01,1.13,4.679999999999993
2014-02-20,600644,127.95,122.76,128.79,122.6,41035,31943026.0,4.84,-3.93,-5.02,1.26,6.189999999999998
2014-02-21,600644,122.09,122.26,124.27,121.09,22705,17379121.0,2.59,-0.41,-0.5,0.7,3.1799999999999926
2014-02-24,600644,121.93,118.92,122.6,118.08,24582,18462885.0,3.7,-2.73,-3.34,0.75,4.519999999999996
2014-02-25,600644,118.92,116.07,121.26,115.24,23046,17134398.0,5.06,-2.4,-2.85,0.71,6.02000000000001
2014-02-26,600644,115.9,116.57,116.74,114.57,25269,18330702.0,1.87,0.43,0.5,0.77,2.1700000000000017
2014-02-27,600644,116.57,116.41,119.25,115.74,26799,19730917.0,3.01,-0.14,-0.16,0.82,3.510000000000005
2014-02-28,600644,116.41,118.58,118.75,114.73,16630,12236775.0,3.45,1.86,2.17,0.51,4.019999999999996
2014-03-03,600644,119.42,120.09,120.42,118.08,22580,16895534.0,1.97,1.27,1.51,0.69,2.3400000000000034
2014-03-04,600644,120.09,117.41,120.42,116.41,29040,21409757.0,3.34,-2.23,-2.68,0.89,4.010000000000005
2014-03-05,600644,116.91,117.75,119.25,116.91,27543,20382214.0,1.99,0.29,0.34,0.84,2.3400000000000034
2014-03-06,600644,117.24,116.74,118.08,114.73,17880,13053463.0,2.85,-0.86,-1.01,0.55,3.3499999999999943
2014-03-07,600644,116.41,116.41,117.58,115.57,15063,10999337.0,1.72,-0.28,-0.33,0.46,2.010000000000005
2014-03-10,600644,115.24,111.05,115.24,110.55,31322,22067749.0,4.03,-4.6,-5.36,0.96,4.689999999999998
2014-03-11,600644,110.55,113.23,113.4,109.71,14309,10067803.0,3.32,1.96,2.18,0.44,3.690000000000012
2014-03-12,600644,113.06,112.56,113.73,110.89,16369,11544259.0,2.51,-0.59,-0.67,0.5,2.8400000000000034
2014-03-13,600644,112.56,114.23,114.73,112.56,15539,11124434.0,1.93,1.48,1.67,0.48,2.1700000000000017
2014-03-14,600644,114.23,113.56,114.4,113.23,8794,6275290.0,1.02,-0.59,-0.67,0.27,1.1700000000000017
2014-03-17,600644,113.06,114.57,114.73,113.06,27668,19797102.0,1.47,0.89,1.01,0.85,1.6700000000000017
2014-03-18,600644,114.4,115.74,116.74,114.4,19542,14180908.0,2.04,1.02,1.17,0.6,2.339999999999989
2014-03-19,600644,114.57,118.08,118.75,114.57,34292,25226304.0,3.61,2.02,2.34,1.05,4.180000000000007
2014-03-20,600644,116.91,112.73,117.58,112.56,28100,20371955.0,4.25,-4.53,-5.35,0.86,5.019999999999996
2014-03-21,600644,110.55,115.74,116.07,110.55,18254,12999759.0,4.9,2.67,3.01,0.56,5.519999999999996
2014-03-24,600644,115.57,115.24,116.07,114.57,31578,22799920.0,1.3,-0.43,-0.5,0.97,1.5
2014-03-25,600644,115.24,117.24,117.91,114.57,31203,22861645.0,2.9,1.74,2.0,0.96,3.3400000000000034
2014-03-26,600644,117.24,118.25,118.25,115.9,22696,16681089.0,2.0,0.86,1.01,0.7,2.3499999999999943
2014-03-27,600644,118.08,116.41,118.41,115.57,20488,15074702.0,2.4,-1.56,-1.84,0.63,2.8400000000000034
2014-03-28,600644,116.41,114.23,118.08,112.73,26781,19342081.0,4.6,-1.87,-2.18,0.82,5.349999999999994
2014-03-31,600644,114.73,113.56,115.57,113.23,8417,6045271.0,2.05,-0.59,-0.67,0.26,2.339999999999989
2014-04-01,600644,114.06,116.41,116.74,113.23,19524,14098239.0,3.09,2.51,2.85,0.6,3.509999999999991
2014-04-02,600644,116.07,118.08,120.76,115.74,38519,28646384.0,4.31,1.43,1.67,1.18,5.02000000000001
2014-04-03,600644,117.24,117.24,118.75,117.24,18924,13992909.0,1.28,-0.71,-0.84,0.58,1.5100000000000051
2014-04-04,600644,117.08,118.75,119.75,116.74,23981,17751364.0,2.57,1.29,1.51,0.73,3.010000000000005
2014-04-08,600644,118.75,118.58,121.43,117.75,46465,34837638.0,3.1,-0.14,-0.17,1.42,3.680000000000007
2014-04-09,600644,119.42,119.42,120.09,117.58,23554,17541440.0,2.12,0.71,0.84,0.72,2.510000000000005
2014-04-10,600644,120.25,120.25,121.09,118.75,27575,20715118.0,1.96,0.7,0.83,0.84,2.3400000000000034
2014-04-11,600644,119.92,119.59,120.92,119.08,17133,12864501.0,1.53,-0.55,-0.66,0.52,1.8400000000000034
2014-04-14,600644,118.75,119.59,120.25,118.75,15932,11944411.0,1.25,0.0,0.0,0.49,1.5
2014-04-15,600644,119.75,117.24,119.75,116.41,20812,15405680.0,2.79,-1.97,-2.35,0.64,3.3400000000000034
2014-04-16,600644,117.24,118.75,120.09,116.41,28578,21179102.0,3.14,1.29,1.51,0.88,3.680000000000007
2014-04-17,600644,118.75,126.28,127.11,117.91,91519,70373357.0,7.75,6.34,7.53,2.8,9.200000000000003
2014-04-18,600644,127.78,129.12,131.46,124.94,154265,123574711.0,5.16,2.25,2.84,4.73,6.52000000000001
2014-04-21,600644,126.44,121.76,128.95,119.92,101821,79023979.0,6.99,-5.7,-7.36,3.12,9.029999999999987
2014-04-22,600644,120.25,121.93,122.26,118.58,34475,26013032.0,3.02,0.14,0.17,1.06,3.680000000000007
2014-04-23,600644,121.76,120.92,122.93,119.75,18678,14175405.0,2.61,-0.83,-1.01,0.57,3.180000000000007
2014-04-24,600644,120.59,121.26,122.43,120.25,14117,10709301.0,1.8,0.28,0.34,0.43,2.180000000000007
2014-04-25,600644,121.59,116.41,122.26,115.57,30901,23057233.0,5.52,-4.0,-4.85,0.95,6.690000000000012
2014-04-28,600644,116.41,112.56,117.75,111.39,26294,18746105.0,5.46,-3.31,-3.85,0.81,6.359999999999999
2014-04-29,600644,113.06,114.9,115.4,113.06,15612,11185245.0,2.08,2.08,2.34,0.48,2.3400000000000034
2014-04-30,600644,114.9,114.4,115.74,113.9,9832,7067912.0,1.6,-0.44,-0.5,0.3,1.8399999999999892
2014-05-05,600644,114.4,116.57,116.74,113.9,10676,7734868.0,2.48,1.9,2.17,0.33,2.839999999999989
2014-05-06,600644,116.07,117.24,118.25,116.07,13042,9598282.0,1.87,0.57,0.67,0.4,2.180000000000007
2014-05-07,600644,117.24,113.56,117.24,113.23,14285,10319406.0,3.42,-3.14,-3.68,0.44,4.009999999999991
2014-05-08,600644,113.06,115.4,115.57,113.06,9776,7043497.0,2.21,1.62,1.84,0.3,2.509999999999991
2014-05-09,600644,115.4,114.06,115.57,113.4,9849,7055032.0,1.88,-1.16,-1.34,0.3,2.1699999999999875
2014-05-12,600644,114.23,116.41,117.24,114.23,14713,10723261.0,2.64,2.06,2.35,0.45,3.009999999999991
2014-05-13,600644,116.41,116.57,117.91,115.74,14096,10328850.0,1.86,0.14,0.16,0.43,2.1700000000000017
2014-05-14,600644,116.57,118.25,118.92,116.24,13310,9805152.0,2.3,1.44,1.68,0.41,2.680000000000007
2014-05-15,600644,118.25,116.24,118.58,116.07,8837,6487049.0,2.12,-1.7,-2.01,0.27,2.510000000000005
2014-05-16,600644,116.24,115.07,116.24,114.23,10048,7264849.0,1.73,-1.01,-1.17,0.31,2.009999999999991
2014-05-19,600644,114.4,115.9,116.24,114.4,8495,6135237.0,1.6,0.72,0.83,0.26,1.8399999999999892
2014-05-20,600644,115.57,116.41,117.75,115.57,9212,6732287.0,1.88,0.44,0.51,0.28,2.180000000000007
2014-05-21,600644,116.07,118.75,118.75,115.24,13144,9672538.0,3.02,2.01,2.34,0.4,3.510000000000005
2014-05-22,600644,118.75,117.58,120.25,117.58,20197,15090382.0,2.25,-0.99,-1.17,0.62,2.6700000000000017
2014-05-23,600644,116.41,116.24,117.75,114.4,27189,19700851.0,2.85,-1.14,-1.34,0.83,3.3499999999999943
2014-05-26,600644,115.07,116.57,116.74,115.07,16218,11788967.0,1.44,0.28,0.33,0.5,1.6700000000000017
2014-05-27,600644,116.41,115.4,116.74,115.24,12107,8782492.0,1.29,-1.0,-1.17,0.37,1.5
2014-05-28,600644,115.9,115.57,116.07,114.57,25078,18125471.0,1.3,0.15,0.17,0.77,1.5
2014-05-29,600644,115.4,114.06,116.07,114.06,14681,10594595.0,1.74,-1.31,-1.51,0.45,2.009999999999991
2014-05-30,600644,114.4,113.9,115.9,112.89,38802,27800804.0,2.64,-0.14,-0.16,1.19,3.010000000000005
2014-06-03,600644,113.9,113.56,114.57,113.4,13795,9877331.0,1.03,-0.3,-0.34,0.42,1.1699999999999875
2014-06-04,600644,113.73,113.73,114.23,113.06,13572,9664922.0,1.03,0.15,0.17,0.42,1.1700000000000017
2014-06-05,600644,113.56,114.9,114.9,113.4,14782,10591974.0,1.32,1.03,1.17,0.45,1.5
2014-06-06,600644,114.73,113.73,115.24,113.06,11359,8124850.0,1.9,-1.02,-1.17,0.35,2.1799999999999926
2014-06-09,600644,113.23,113.9,114.4,113.23,7986,5710493.0,1.03,0.15,0.17,0.24,1.1700000000000017
2014-06-10,600644,113.9,116.57,118.58,113.4,44721,32669971.0,4.55,2.34,2.67,1.37,5.179999999999993
2014-06-11,600644,115.9,116.24,117.58,115.74,20490,14977158.0,1.58,-0.28,-0.33,0.63,1.8400000000000034
2014-06-12,600644,115.9,116.41,117.41,115.57,15238,11145005.0,1.58,0.15,0.17,0.47,1.8400000000000034
2014-06-13,600644,116.41,117.24,117.91,116.07,19989,14684669.0,1.58,0.71,0.83,0.61,1.8400000000000034
2014-06-16,600644,117.24,116.91,118.41,116.41,12700,9310321.0,1.71,-0.28,-0.33,0.39,2.0
2014-06-17,600644,116.41,115.57,117.08,115.07,15737,11446068.0,1.72,-1.15,-1.34,0.48,2.010000000000005
2014-06-18,600644,116.07,115.57,117.08,115.4,13666,9959370.0,1.45,0.0,0.0,0.42,1.6799999999999926
2014-06-19,600644,115.57,112.22,115.9,111.89,24701,17635493.0,3.47,-2.9,-3.35,0.76,4.010000000000005
2014-06-20,600644,112.39,113.06,113.56,112.39,13264,9407948.0,1.04,0.75,0.84,0.41,1.1700000000000017
2014-06-23,600644,113.06,113.9,114.23,113.06,7942,5674629.0,1.03,0.74,0.84,0.24,1.1700000000000017
2014-06-24,600644,113.9,114.06,114.4,113.56,8620,6167234.0,0.74,0.14,0.16,0.26,0.8400000000000034
2014-06-25,600644,114.06,113.73,114.06,113.06,9098,6473448.0,0.88,-0.29,-0.33,0.28,1.0
2014-06-26,600644,114.23,114.4,114.73,113.73,15451,11088164.0,0.88,0.59,0.67,0.47,1.0
2014-06-27,600644,114.73,114.73,115.24,113.9,21451,15406796.0,1.17,0.29,0.33,0.66,1.3399999999999892
2014-06-30,600644,115.4,116.24,117.41,115.4,29938,21843807.0,1.75,1.32,1.51,0.92,2.009999999999991
2014-07-01,600644,116.57,117.58,118.25,115.74,33164,24425243.0,2.16,1.15,1.34,1.02,2.510000000000005
2014-07-02,600644,118.08,117.75,118.58,116.74,12399,9122830.0,1.56,0.14,0.17,0.38,1.8400000000000034
2014-07-03,600644,117.75,118.08,118.41,116.91,24098,17786652.0,1.27,0.28,0.33,0.74,1.5
2014-07-04,600644,117.91,117.24,118.08,116.07,15252,11202008.0,1.7,-0.71,-0.84,0.47,2.010000000000005
2014-07-07,600644,117.41,119.42,120.42,117.08,45386,33874638.0,2.85,1.86,2.18,1.39,3.3400000000000034
2014-07-08,600644,123.1,123.27,127.28,122.6,157366,122384605.0,3.92,3.22,3.85,4.82,4.680000000000007
2014-07-09,600644,121.93,133.14,136.15,121.26,183363,147366265.0,12.08,8.01,9.87,5.62,14.89
2014-07-10,600644,131.3,130.96,137.65,128.62,199267,164837481.0,6.78,-1.64,-2.18,6.1,9.030000000000001
2014-07-11,600644,130.79,129.46,132.13,127.78,88748,71682388.0,3.32,-1.15,-1.5,2.72,4.349999999999994
2014-07-14,600644,129.46,129.79,131.13,128.62,58400,47251273.0,1.94,0.25,0.33,1.79,2.509999999999991
2014-07-15,600644,128.95,128.28,130.79,126.44,67916,54569780.0,3.35,-1.16,-1.51,2.08,4.349999999999994
2014-07-16,600644,128.12,129.79,129.79,127.11,43963,35292185.0,2.09,1.18,1.51,1.35,2.6799999999999926
2014-07-17,600644,129.46,126.95,130.46,126.78,27709,22159592.0,2.84,-2.19,-2.84,0.85,3.680000000000007
2014-07-18,600644,126.28,128.95,132.8,124.94,53241,42350608.0,6.19,1.58,2.0,1.63,7.860000000000014
2014-07-21,600644,128.28,128.95,130.29,128.12,46999,37893219.0,1.68,0.0,0.0,1.44,2.1699999999999875
2014-07-22,600644,128.95,128.45,129.96,128.12,30937,24912289.0,1.43,-0.39,-0.5,0.95,1.8400000000000034
2014-07-23,600644,128.45,130.13,130.29,126.78,76216,61068347.0,2.73,1.31,1.68,2.33,3.509999999999991
2014-07-24,600644,130.13,130.96,132.63,129.12,94218,77046583.0,2.7,0.64,0.83,2.89,3.509999999999991
2014-07-25,600644,130.79,131.13,131.63,129.96,40806,33292903.0,1.28,0.13,0.17,1.25,1.6699999999999875
2014-07-28,600644,131.13,131.46,132.47,130.13,61595,50424388.0,1.78,0.25,0.33,1.89,2.3400000000000034
2014-07-29,600644,131.8,134.81,135.65,131.46,89755,74682692.0,3.19,2.55,3.35,2.75,4.189999999999998
2014-07-31,600644,143.01,136.48,143.01,136.32,134248,116255500.0,4.96,1.24,1.67,4.11,6.689999999999998
2014-08-01,600644,136.48,131.63,137.32,131.46,80467,67019788.0,4.29,-3.55,-4.85,2.46,5.859999999999985
2014-08-04,600644,131.46,133.64,133.97,130.79,53181,43848985.0,2.42,1.53,2.01,1.63,3.180000000000007
2014-08-05,600644,133.14,133.47,135.65,131.97,49255,41095477.0,2.75,-0.13,-0.17,1.51,3.680000000000007
2014-08-06,600644,133.64,135.31,136.82,132.47,72812,61388834.0,3.26,1.38,1.84,2.23,4.349999999999994
2014-08-07,600644,135.31,132.3,136.15,132.13,36285,30333485.0,2.97,-2.22,-3.01,1.11,4.02000000000001
2014-08-08,600644,133.14,133.81,135.14,132.3,28213,23480829.0,2.15,1.14,1.51,0.86,2.839999999999975
2014-08-11,600644,133.64,134.98,135.65,133.64,46905,39383935.0,1.5,0.87,1.17,1.44,2.0100000000000193
2014-08-12,600644,135.31,135.31,135.65,134.14,31404,26408656.0,1.12,0.24,0.33,0.96,1.5100000000000193
2014-08-13,600644,135.31,133.97,135.65,133.14,57224,47825421.0,1.86,-0.99,-1.34,1.75,2.5100000000000193
2014-08-14,600644,134.31,131.63,134.31,131.46,40526,33593773.0,2.13,-1.75,-2.34,1.24,2.8499999999999943
2014-08-15,600644,131.63,133.3,134.14,131.63,34431,28490592.0,1.91,1.27,1.67,1.05,2.509999999999991
2014-08-18,600644,133.81,136.98,138.32,133.81,86289,73547659.0,3.38,2.76,3.68,2.64,4.509999999999991
2014-08-19,600644,136.98,138.66,141.84,136.32,91352,79203005.0,4.03,1.23,1.68,2.8,5.52000000000001
2014-08-20,600644,138.66,138.99,141.84,136.65,68148,59306114.0,3.74,0.24,0.33,2.09,5.189999999999998
2014-08-21,600644,139.33,139.16,140.16,136.65,46794,40261015.0,2.53,0.12,0.17,1.43,3.509999999999991
2014-08-22,600644,138.66,140.5,141.5,138.16,48494,42240680.0,2.4,0.96,1.34,1.49,3.3400000000000034
2014-08-25,600644,140.5,140.83,141.67,139.16,52986,46389590.0,1.79,0.23,0.33,1.62,2.509999999999991
2014-08-26,600644,140.66,136.98,141.84,136.65,45403,39222169.0,3.69,-2.73,-3.85,1.39,5.189999999999998
2014-08-27,600644,135.65,136.65,138.16,135.31,26144,22289876.0,2.08,-0.24,-0.33,0.8,2.8499999999999943
2014-08-28,600644,136.32,134.64,137.82,134.31,32103,27104929.0,2.57,-1.47,-2.01,0.98,3.509999999999991
2014-08-29,600644,134.81,136.32,136.65,134.31,18794,15873400.0,1.74,1.25,1.68,0.58,2.3400000000000034
2014-09-01,600644,136.48,137.65,137.82,135.98,28875,24643616.0,1.35,0.98,1.33,0.88,1.8400000000000034
2014-09-02,600644,138.16,140.16,141.5,137.49,52367,45621853.0,2.91,1.82,2.51,1.6,4.009999999999991
2014-09-03,600644,141.33,146.69,149.87,139.83,133834,121500583.0,7.16,4.66,6.53,4.1,10.039999999999992
2014-09-04,600644,146.85,147.52,147.86,145.18,62977,57384593.0,1.83,0.57,0.83,1.93,2.680000000000007
2014-09-05,600644,148.36,149.7,150.54,146.85,71748,66247825.0,2.5,1.48,2.18,2.2,3.6899999999999977
2014-09-09,600644,149.87,149.2,152.88,148.36,86283,80711234.0,3.02,-0.33,-0.5,2.64,4.519999999999982
2014-09-10,600644,148.7,149.03,149.87,146.69,50509,46534810.0,2.13,-0.11,-0.17,1.55,3.180000000000007
2014-09-11,600644,148.36,151.04,153.38,148.19,74447,69753375.0,3.48,1.35,2.01,2.28,5.189999999999998
2014-09-12,600644,150.2,156.89,157.56,148.7,97889,93410698.0,5.87,3.87,5.85,3.0,8.860000000000014
2014-09-15,600644,157.06,163.42,167.1,155.39,121198,122207032.0,7.46,4.16,6.53,3.71,11.710000000000008
2014-09-16,600644,162.58,156.39,165.59,156.22,124362,123963527.0,5.73,-4.3,-7.03,3.81,9.370000000000005
2014-09-17,600644,156.39,164.92,165.26,153.21,124526,123174563.0,7.71,5.45,8.53,3.81,12.049999999999983
2014-09-18,600644,165.43,165.43,171.78,164.09,131407,136632550.0,4.66,0.31,0.51,4.02,7.689999999999998
2014-09-19,600644,164.25,168.6,171.11,161.24,122287,126994257.0,5.97,1.92,3.17,3.75,9.870000000000005
2014-09-22,600644,168.77,174.12,181.99,167.77,236350,254798771.0,8.43,3.27,5.52,7.24,14.219999999999999
2014-09-23,600644,173.29,182.49,183.33,171.28,177632,196017392.0,6.92,4.81,8.37,5.44,12.050000000000011
2014-09-24,600644,184.33,185.17,188.34,179.31,133662,151471706.0,4.95,1.47,2.68,4.09,9.030000000000001
2014-09-25,600644,185.84,182.99,187.51,179.14,93989,106366369.0,4.52,-1.18,-2.18,2.88,8.370000000000005
2014-09-26,600644,179.98,186.0,186.67,179.98,101117,114466267.0,3.66,1.64,3.01,3.1,6.689999999999998
2014-09-29,600644,187.01,185.67,190.52,184.5,86295,99649783.0,3.24,-0.18,-0.33,2.64,6.02000000000001
2014-09-30,600644,187.51,184.5,188.01,181.99,99733,113180892.0,3.24,-0.63,-1.17,3.05,6.019999999999982
2014-10-08,600644,186.67,184.16,186.67,182.66,77402,87736298.0,2.17,-0.18,-0.34,2.37,4.009999999999991
2014-10-09,600644,186.17,178.81,186.17,175.8,119832,133070918.0,5.63,-2.91,-5.35,3.67,10.369999999999976
2014-10-10,600644,179.65,176.8,181.49,175.13,65891,72427068.0,3.56,-1.12,-2.01,2.02,6.360000000000014
2014-10-13,600644,178.31,178.98,179.81,173.29,82771,90685700.0,3.69,1.23,2.18,2.54,6.52000000000001
2014-10-14,600644,178.31,179.48,181.65,175.13,69258,76277104.0,3.64,0.28,0.5,2.12,6.52000000000001
2014-10-15,600644,178.47,175.3,179.31,172.95,101665,109785998.0,3.54,-2.33,-4.18,3.11,6.360000000000014
2014-10-16,600644,178.81,182.99,188.34,177.3,243631,273737440.0,6.3,4.39,7.69,7.46,11.039999999999992
2014-10-17,600644,181.65,175.96,182.66,169.94,114955,125389391.0,6.95,-3.84,-7.03,3.52,12.719999999999999
2014-10-20,600644,175.13,176.63,178.64,171.78,60057,65244022.0,3.9,0.38,0.67,1.84,6.859999999999985
2014-10-21,600644,176.63,173.62,177.97,172.95,72394,78098628.0,2.84,-1.7,-3.01,2.22,5.02000000000001
2014-10-22,600644,172.45,163.58,174.46,162.41,115875,119821528.0,6.94,-5.78,-10.04,3.55,12.050000000000011
2014-10-23,600644,162.25,161.41,164.59,160.91,56261,56574310.0,2.25,-1.33,-2.17,1.72,3.680000000000007
2014-10-24,600644,161.41,160.41,163.08,159.23,32895,32743741.0,2.39,-0.62,-1.0,1.01,3.8500000000000227
2014-10-27,600644,160.91,162.25,163.75,159.4,48313,48504334.0,2.71,1.15,1.84,1.48,4.349999999999994
2014-10-28,600644,162.08,166.93,167.43,161.58,55846,57081835.0,3.61,2.88,4.68,1.71,5.849999999999994
2014-10-29,600644,166.6,168.27,169.11,165.26,50608,52331037.0,2.31,0.8,1.34,1.55,3.8500000000000227
2014-10-30,600644,168.27,169.44,173.29,164.76,111525,116871037.0,5.07,0.7,1.17,3.42,8.530000000000001
2014-10-31,600644,166.76,162.92,168.27,160.57,131522,132606544.0,4.54,-3.85,-6.52,4.03,7.700000000000017
2014-11-03,600644,162.58,161.08,162.75,157.9,123693,122850227.0,2.98,-1.13,-1.84,3.79,4.849999999999994
2014-11-04,600644,161.24,162.75,162.75,160.41,68927,68964462.0,1.45,1.04,1.67,2.11,2.3400000000000034
2014-11-05,600644,163.08,166.6,169.44,163.08,146838,151707191.0,3.91,2.37,3.85,4.5,6.359999999999985
2014-11-06,600644,164.76,161.91,164.92,159.4,117005,116550204.0,3.31,-2.82,-4.69,3.58,5.519999999999982
2014-11-07,600644,160.74,162.25,165.26,159.4,109447,110293805.0,3.62,0.21,0.34,3.35,5.859999999999985
2014-11-10,600644,162.25,160.91,162.92,159.74,83625,83179272.0,1.96,-0.83,-1.34,2.56,3.1799999999999784
2014-11-11,600644,160.91,154.55,162.92,153.55,112832,109729459.0,5.82,-3.95,-6.36,3.46,9.369999999999976
2014-11-12,600644,153.04,153.71,153.88,149.7,95226,89978486.0,2.7,-0.54,-0.84,2.92,4.180000000000007
2014-11-13,600644,153.21,148.36,153.21,147.86,111895,103750747.0,3.48,-3.48,-5.35,3.43,5.349999999999994
2014-11-14,600644,148.19,149.03,150.7,147.19,48532,44945191.0,2.37,0.45,0.67,1.49,3.509999999999991
2014-11-17,600644,149.53,150.87,152.21,148.86,48707,45539721.0,2.25,1.23,1.84,1.49,3.3499999999999943
2014-11-18,600644,149.53,151.2,152.21,149.2,45010,42064825.0,2.0,0.22,0.33,1.38,3.0100000000000193
2014-11-19,600644,151.54,150.87,151.54,149.53,39972,37373601.0,1.33,-0.22,-0.33,1.22,2.009999999999991
2014-11-20,600644,150.7,148.03,150.87,146.69,68409,62902735.0,2.77,-1.88,-2.84,2.1,4.180000000000007
2014-11-21,600644,148.19,150.87,151.2,146.52,58284,54136137.0,3.16,1.92,2.84,1.79,4.679999999999978
2014-11-24,600644,152.38,155.05,155.55,150.7,120328,114413071.0,3.21,2.77,4.18,3.69,4.850000000000023
2014-11-25,600644,155.05,155.55,156.06,153.88,88187,84793527.0,1.41,0.32,0.5,2.7,2.180000000000007
2014-11-26,600644,156.56,166.09,171.45,156.56,274200,280880144.0,9.57,6.78,10.54,8.4,14.889999999999986
2014-11-27,600644,165.76,163.42,165.93,162.41,122485,123960990.0,2.12,-1.61,-2.67,3.75,3.5200000000000102
2014-12-03,600644,160.57,155.55,160.57,149.87,223743,213511686.0,6.55,-4.82,-7.87,6.85,10.699999999999989
2014-12-04,600644,153.21,156.22,156.22,152.54,182007,174447508.0,2.37,0.43,0.67,5.57,3.680000000000007
2014-12-05,600644,156.39,147.86,156.39,144.85,213805,198528128.0,7.39,-5.35,-8.36,6.55,11.539999999999992
2014-12-08,600644,146.52,150.7,151.54,143.34,145615,133706090.0,5.55,1.92,2.84,4.46,8.199999999999989
2014-12-09,600644,149.53,146.19,154.05,144.85,173646,162001935.0,6.1,-2.99,-4.51,5.32,9.200000000000017
2014-12-10,600644,146.19,149.2,149.36,141.5,126400,114905593.0,5.38,2.06,3.01,3.87,7.860000000000014
2014-12-11,600644,146.85,150.54,151.87,146.85,108888,101063644.0,3.36,0.9,1.34,3.34,5.02000000000001
2014-12-12,600644,150.54,154.89,155.39,149.2,174939,166173240.0,4.11,2.89,4.35,5.36,6.189999999999998
2014-12-15,600644,154.38,156.39,156.56,152.88,116913,112461605.0,2.38,0.97,1.5,3.58,3.680000000000007
2014-12-16,600644,156.56,153.88,157.06,152.88,112003,106753880.0,2.67,-1.6,-2.51,3.43,4.180000000000007
2014-12-17,600644,153.38,150.54,153.55,148.19,101917,95335149.0,3.48,-2.17,-3.34,3.12,5.360000000000014
2014-12-18,600644,150.2,149.7,151.37,149.03,67956,63180072.0,1.55,-0.56,-0.84,2.08,2.3400000000000034
2014-12-19,600644,148.19,151.54,153.71,146.52,104570,97706697.0,4.8,1.23,1.84,3.2,7.189999999999998
2014-12-22,600644,152.54,157.73,164.42,152.54,346276,339035472.0,7.84,4.08,6.19,10.61,11.879999999999995
2014-12-23,600644,156.56,148.03,156.73,146.85,121140,112553139.0,6.26,-6.15,-9.7,3.71,9.879999999999995
2014-12-24,600644,147.52,150.7,153.04,147.19,73470,68641234.0,3.95,1.8,2.67,2.25,5.849999999999994
2014-12-25,600644,151.2,151.2,151.87,148.19,76963,71523510.0,2.44,0.33,0.5,2.36,3.680000000000007
2014-12-26,600644,151.2,155.55,155.72,151.2,146742,139907819.0,2.99,2.88,4.35,4.49,4.52000000000001
2014-12-29,600644,154.89,157.56,160.24,152.71,183775,178683611.0,4.84,1.29,2.01,5.63,7.530000000000001
2014-12-30,600644,159.74,151.54,160.57,151.04,126461,122251278.0,6.05,-3.82,-6.02,3.87,9.530000000000001
2014-12-31,600644,148.19,152.21,154.22,147.69,86516,80883443.0,4.31,0.44,0.67,2.65,6.530000000000001
2015-01-05,600644,153.38,156.39,156.73,149.87,138158,132290592.0,4.51,2.75,4.18,4.23,6.859999999999985
2015-01-06,600644,156.22,156.56,157.39,153.21,116486,112040649.0,2.67,0.11,0.17,3.57,4.179999999999978
2015-01-07,600644,156.73,157.9,159.07,154.55,141881,138004397.0,2.89,0.86,1.34,4.35,4.519999999999982
2015-01-08,600644,158.06,155.05,158.73,153.88,97909,94450520.0,3.07,-1.8,-2.85,3.0,4.849999999999994
2015-01-09,600644,154.38,153.71,157.56,153.38,99462,96260162.0,2.7,-0.86,-1.34,3.05,4.180000000000007
2015-01-12,600644,151.54,142.17,151.54,138.16,140874,127427522.0,8.7,-7.51,-11.54,4.31,13.379999999999995
2015-01-13,600644,142.17,142.17,142.51,139.49,88269,77375615.0,2.12,0.0,0.0,2.7,3.019999999999982
2015-01-14,600644,142.51,141.17,143.01,140.66,45614,40164462.0,1.65,-0.7,-1.0,1.4,2.3499999999999943
2015-01-15,600644,141.33,142.17,144.01,141.17,50766,44947329.0,2.01,0.71,1.0,1.55,2.8400000000000034
2015-01-16,600644,141.84,142.84,143.68,141.5,54035,47925997.0,1.53,0.47,0.67,1.66,2.180000000000007
2015-01-19,600644,141.33,134.64,142.17,133.47,76833,66112798.0,6.09,-5.74,-8.2,2.35,8.699999999999989
2015-01-20,600644,135.81,139.16,139.16,135.81,53612,45952055.0,2.49,3.36,4.52,1.64,3.3499999999999943
2015-01-21,600644,139.16,143.34,143.68,138.66,92178,81431272.0,3.61,3.0,4.18,2.82,5.02000000000001
2015-01-22,600644,144.01,146.69,147.02,143.84,90086,81600785.0,2.22,2.34,3.35,2.76,3.180000000000007
2015-01-23,600644,146.02,145.68,147.02,145.01,52410,47443406.0,1.37,-0.69,-1.01,1.61,2.0100000000000193
2015-01-26,600644,146.19,148.7,148.86,144.85,59657,54585707.0,2.75,2.07,3.02,1.83,4.010000000000019
2015-01-27,600644,141.5,147.86,149.03,141.0,208912,188383898.0,5.4,-0.56,-0.84,6.4,8.030000000000001
2015-01-28,600644,146.35,151.2,151.37,145.01,217706,200806916.0,4.3,2.26,3.34,6.67,6.360000000000014
2015-01-29,600644,149.03,156.56,161.24,149.03,343834,331661648.0,8.08,3.54,5.36,10.53,12.210000000000008
2015-01-30,600644,155.89,149.2,155.89,147.36,175970,165842758.0,5.45,-4.7,-7.36,5.39,8.529999999999973
2015-02-02,600644,146.02,142.0,146.02,141.67,105538,93813124.0,2.92,-4.83,-7.2,3.23,4.350000000000023
2015-02-03,600644,143.17,145.01,145.52,142.0,63489,56565965.0,2.48,2.12,3.01,1.94,3.5200000000000102
2015-02-04,600644,145.35,142.0,145.52,139.83,87028,77427468.0,3.92,-2.08,-3.01,2.67,5.689999999999998
2015-02-05,600644,143.51,140.33,143.51,139.83,62738,55267239.0,2.59,-1.18,-1.67,1.92,3.6799999999999784
2015-02-06,600644,140.33,141.67,144.18,138.16,63479,55700733.0,4.29,0.95,1.34,1.94,6.02000000000001
2015-02-09,600644,141.17,138.66,141.17,137.82,44012,38056786.0,2.36,-2.12,-3.01,1.35,3.3499999999999943
2015-02-10,600644,139.33,140.33,140.66,138.16,25222,21916176.0,1.8,1.2,1.67,0.77,2.5
2015-02-11,600644,140.16,141.67,142.34,138.16,45414,39677675.0,2.98,0.95,1.34,1.39,4.180000000000007
2015-02-12,600644,141.67,141.5,142.51,139.83,56009,49236606.0,1.89,-0.12,-0.17,1.72,2.6799999999999784
2015-02-13,600644,141.0,143.17,144.01,140.83,68387,60713066.0,2.25,1.18,1.67,2.09,3.1799999999999784
2015-02-16,600644,142.67,143.84,144.01,141.84,82458,73466978.0,1.52,0.47,0.67,2.53,2.1699999999999875
2015-02-17,600644,143.68,146.19,146.35,143.68,87464,79011441.0,1.86,1.63,2.35,2.68,2.6699999999999875
2015-02-25,600644,146.52,146.19,147.36,144.51,55153,50036412.0,1.95,0.0,0.0,1.69,2.8500000000000227
2015-02-26,600644,146.19,147.19,147.36,144.68,56637,51563642.0,1.83,0.68,1.0,1.73,2.680000000000007
2015-02-27,600644,147.19,148.86,150.03,146.19,104432,95806640.0,2.61,1.13,1.67,3.2,3.8400000000000034
2015-03-02,600644,149.2,152.71,155.72,149.03,148650,140321870.0,4.49,2.59,3.85,4.55,6.689999999999998
2015-03-03,600644,151.87,152.71,155.55,149.87,119294,112962963.0,3.72,0.0,0.0,3.65,5.680000000000007
2015-03-04,600644,153.88,156.39,157.73,152.71,114039,110077645.0,3.29,2.41,3.68,3.49,5.019999999999982
2015-03-05,600644,158.06,155.05,158.23,153.04,92194,88289712.0,3.32,-0.86,-1.34,2.82,5.189999999999998
2015-03-06,600644,155.05,152.38,156.06,152.04,72565,69105903.0,2.59,-1.72,-2.67,2.22,4.02000000000001
2015-03-09,600644,151.54,154.55,154.55,149.03,84304,79711242.0,3.62,1.42,2.17,2.58,5.52000000000001
2015-03-10,600644,154.55,161.74,164.92,152.71,224835,222010367.0,7.9,4.65,7.19,6.89,12.20999999999998
2015-03-11,600644,161.58,172.28,176.63,159.07,286587,298727392.0,10.86,6.52,10.54,8.78,17.560000000000002
2015-03-12,600644,170.44,167.27,174.79,164.09,173455,180899423.0,6.21,-2.91,-5.01,5.31,10.699999999999989
2015-03-13,600644,165.26,166.76,169.61,164.92,90525,93486314.0,2.8,-0.3,-0.51,2.77,4.690000000000026
2015-03-16,600644,167.6,171.45,171.62,167.27,127346,133957668.0,2.61,2.81,4.69,3.9,4.349999999999994
2015-03-17,600644,170.95,172.12,173.12,168.77,125622,132942530.0,2.54,0.39,0.67,3.85,4.349999999999994
2015-03-18,600644,171.28,171.62,172.95,168.94,150881,158931233.0,2.33,-0.29,-0.5,4.62,4.009999999999991
2015-03-19,600644,171.78,175.8,176.13,171.28,184198,197000104.0,2.83,2.44,4.18,5.64,4.849999999999994
2015-03-20,600644,174.96,179.31,179.81,171.78,192027,208918155.0,4.57,2.0,3.51,5.88,8.030000000000001
2015-03-23,600644,181.65,184.16,189.01,181.32,233973,265667107.0,4.29,2.7,4.85,7.17,7.689999999999998
2015-03-24,600644,180.98,177.97,183.33,172.45,177083,195442330.0,5.91,-3.36,-6.19,5.42,10.880000000000024
2015-03-25,600644,177.97,180.98,186.67,177.97,166637,187364721.0,4.89,1.69,3.01,5.1,8.699999999999989
2015-03-26,600644,181.65,177.14,183.33,173.62,153032,167994621.0,5.37,-2.12,-3.84,4.69,9.710000000000008
2015-03-27,600644,176.97,178.31,178.47,171.45,159427,172315017.0,3.96,0.66,1.17,4.88,7.02000000000001
2015-03-31,600644,169.11,169.11,169.11,169.11,21793,22773685.0,0.0,-5.16,-9.2,0.67,0.0
2015-04-01,600644,160.91,168.77,174.79,160.41,358734,364366464.0,8.5,-0.2,-0.34,10.99,14.379999999999995
2015-04-02,600644,165.76,167.93,169.11,165.76,166363,172160581.0,1.98,-0.5,-0.84,5.1,3.3500000000000227
2015-04-03,600644,168.27,176.63,176.63,167.43,209337,225915647.0,5.48,5.18,8.7,6.41,9.199999999999989
2015-04-07,600644,177.14,176.8,184.83,176.3,138268,152716828.0,4.83,0.1,0.17,4.24,8.530000000000001
2015-04-08,600644,178.81,182.49,183.33,175.63,147344,164140440.0,4.36,3.22,5.69,4.51,7.700000000000017
2015-04-09,600644,182.66,191.86,191.86,182.66,148025,172366139.0,5.04,5.13,9.37,4.53,9.200000000000017
2015-04-10,600644,195.04,201.73,201.73,195.04,68376,84328517.0,3.49,5.14,9.87,2.09,6.689999999999998
2015-04-13,600644,211.77,205.41,211.77,201.9,123486,156980158.0,4.89,1.82,3.68,3.78,9.870000000000005
2015-04-14,600644,207.58,215.95,215.95,205.41,67887,88419836.0,5.13,5.13,10.54,2.08,10.539999999999992
2015-04-15,600644,224.15,213.61,224.48,204.91,134137,177823493.0,9.06,-1.08,-2.34,4.11,19.569999999999993
2015-04-23,600644,224.65,224.65,224.65,224.65,3305,4550985.0,0.0,5.17,11.04,0.1,0.0
2015-04-24,600644,236.19,217.79,236.19,216.79,248913,343799808.0,8.64,-3.05,-6.86,7.62,19.400000000000006
2015-04-27,600644,218.12,206.58,221.97,206.58,205003,262940265.0,7.07,-5.15,-11.21,6.28,15.389999999999986
2015-04-28,600644,206.75,201.56,210.76,196.88,119054,148130421.0,6.72,-2.43,-5.02,3.65,13.879999999999995
2015-04-29,600644,200.06,202.4,203.57,196.71,100639,124485878.0,3.4,0.42,0.84,3.08,6.859999999999985
2015-04-30,600644,204.07,198.05,204.24,197.38,88473,109108372.0,3.39,-2.15,-4.35,2.71,6.860000000000014
2015-05-04,600644,198.38,201.73,206.58,195.37,76161,94406410.0,5.66,1.86,3.68,2.33,11.210000000000008
2015-05-05,600644,201.56,201.39,206.41,197.55,91484,113478775.0,4.39,-0.17,-0.34,2.8,8.859999999999985
2015-05-06,600644,201.39,196.71,204.24,192.69,71926,88586551.0,5.74,-2.32,-4.68,2.2,11.550000000000011
2015-05-07,600644,196.88,188.68,199.22,186.67,80681,95194006.0,6.38,-4.08,-8.03,2.47,12.550000000000011
2015-05-08,600644,198.38,197.88,198.38,191.69,96054,115635107.0,3.55,4.88,9.2,2.94,6.689999999999998
2015-05-11,600644,198.38,205.91,206.75,198.38,115146,144455614.0,4.23,4.06,8.03,3.53,8.370000000000005
2015-05-12,600644,209.09,206.91,213.44,205.07,97052,124519970.0,4.06,0.49,1.0,2.97,8.370000000000005
2015-05-13,600644,206.91,206.41,212.1,205.07,118180,151101776.0,3.4,-0.24,-0.5,3.62,7.030000000000001
2015-05-14,600644,206.91,206.91,210.09,204.74,94534,120349075.0,2.59,0.24,0.5,2.9,5.349999999999994
2015-05-15,600644,209.09,210.26,214.28,207.08,93546,121052301.0,3.48,1.62,3.35,2.87,7.199999999999989
2015-05-18,600644,214.28,207.58,214.61,206.91,90742,117400207.0,3.66,-1.27,-2.68,2.78,7.700000000000017
2015-05-19,600644,205.91,208.76,210.93,205.07,76012,97091155.0,2.82,0.57,1.18,2.33,5.860000000000014
2015-05-20,600644,209.26,210.09,216.45,209.09,105793,138210232.0,3.53,0.64,1.33,3.24,7.359999999999985
2015-05-21,600644,208.92,209.09,211.6,204.91,119873,152824429.0,3.18,-0.48,-1.0,3.67,6.689999999999998
2015-05-22,600644,209.59,219.8,219.8,208.92,184096,244476511.0,5.2,5.12,10.71,5.64,10.880000000000024
2015-05-25,600644,224.31,231.01,231.01,220.13,33823,47313692.0,4.95,5.1,11.21,1.04,10.879999999999995
2015-05-26,600644,242.88,242.88,242.88,239.37,143273,212679598.0,1.52,5.14,11.87,4.39,3.509999999999991
2015-05-27,600644,250.25,238.7,250.25,231.01,166368,243898422.0,7.92,-1.72,-4.18,5.1,19.24000000000001
2015-05-28,600644,238.7,226.49,245.56,226.49,141665,204304834.0,7.99,-5.12,-12.21,4.34,19.069999999999993
2015-05-29,600644,222.31,218.63,226.15,214.95,128006,172721396.0,4.95,-3.47,-7.86,3.92,11.200000000000017
2015-06-01,600644,219.63,229.83,229.83,219.63,116582,160325762.0,4.67,5.12,11.2,3.57,10.200000000000017
2015-06-02,600644,228.5,225.65,229.33,222.64,124943,172655860.0,2.91,-1.82,-4.18,3.83,6.690000000000026
2015-06-03,600644,225.82,220.8,227.49,216.79,141006,190670123.0,4.74,-2.15,-4.85,4.32,10.700000000000017
2015-06-04,600644,218.46,216.79,224.48,209.42,131582,174167295.0,6.82,-1.82,-4.01,4.03,15.060000000000002
2015-06-05,600644,220.13,224.82,227.99,218.29,146865,202123862.0,4.47,3.7,8.03,4.5,9.700000000000017
2015-06-08,600644,226.82,233.01,235.69,225.32,192797,271377968.0,4.61,3.64,8.19,5.91,10.370000000000005
2015-06-09,600644,233.35,234.52,236.19,228.66,123350,175895201.0,3.23,0.65,1.51,3.78,7.530000000000001
2015-06-10,600644,233.18,237.87,245.23,230.34,127299,186301965.0,6.35,1.43,3.35,3.9,14.889999999999986
2015-06-11,600644,241.04,242.05,244.22,233.68,112434,163970174.0,4.43,1.76,4.18,3.44,10.539999999999992
2015-06-12,600644,246.9,254.09,254.43,245.23,130984,202094399.0,3.8,4.97,12.04,4.01,9.200000000000017
2015-06-15,600644,255.26,241.04,258.61,241.04,194315,293826368.0,6.91,-5.14,-13.05,5.95,17.57000000000002
2015-06-16,600644,234.02,229.17,235.69,228.66,143683,202881839.0,2.92,-4.92,-11.87,4.4,7.030000000000001
2015-06-17,600644,229.0,230.84,231.68,218.46,103601,143395517.0,5.77,0.73,1.67,3.17,13.219999999999999
2015-06-18,600644,231.01,224.65,236.36,221.8,71771,100748298.0,6.31,-2.68,-6.19,2.2,14.560000000000002
2015-06-19,600644,221.14,213.1,222.31,213.1,67128,88930499.0,4.1,-5.14,-11.55,2.06,9.210000000000008
2015-06-23,600644,209.42,208.59,214.61,202.23,80682,102381905.0,5.81,-2.12,-4.51,2.47,12.380000000000024
2015-06-24,600644,211.77,212.27,217.62,205.07,110725,144250062.0,6.02,1.76,3.68,3.39,12.550000000000011
2015-06-25,600644,212.6,201.39,215.11,201.39,95641,122784269.0,6.46,-5.13,-10.88,2.93,13.720000000000027
2015-06-26,600644,194.53,191.02,196.88,191.02,71335,84348400.0,2.91,-5.15,-10.37,2.18,5.859999999999985
2015-06-29,600644,191.02,181.15,191.69,181.15,78424,88545172.0,5.52,-5.17,-9.87,2.4,10.539999999999992
2015-06-30,600644,172.62,178.98,181.65,171.78,105520,114483994.0,5.45,-1.2,-2.17,3.23,9.870000000000005
2015-07-01,600644,178.98,169.77,181.49,169.77,106879,116478546.0,6.55,-5.15,-9.21,3.27,11.719999999999999
2015-07-02,600644,161.91,161.08,164.59,161.08,51914,51886950.0,2.07,-5.12,-8.69,1.59,3.509999999999991
2015-07-03,600644,152.71,152.71,152.71,152.71,6691,6336377.0,0.0,-5.2,-8.37,0.2,0.0
2015-07-06,600644,159.74,144.85,159.74,144.85,52851,48919435.0,9.75,-5.15,-7.86,1.62,14.890000000000015
2015-07-07,600644,137.32,137.32,137.32,137.32,7778,6650190.0,0.0,-5.2,-7.53,0.24,0.0
2015-07-08,600644,130.13,130.13,130.13,130.13,1300,1055600.0,0.0,-5.24,-7.19,0.04,0.0
2015-07-09,600644,123.27,134.64,136.48,123.27,352875,282398656.0,10.15,3.47,4.51,10.81,13.209999999999994
2015-07-10,600644,128.95,141.67,141.67,127.62,325646,278314896.0,10.44,5.22,7.03,9.97,14.049999999999983
2015-07-13,600644,139.83,144.68,148.19,136.48,231352,204543777.0,8.27,2.12,3.01,7.09,11.710000000000008
2015-07-14,600644,141.17,140.5,150.7,139.33,178595,159309161.0,7.86,-2.89,-4.18,5.47,11.369999999999976
2015-07-15,600644,139.16,133.14,139.16,133.14,84508,70713852.0,4.28,-5.24,-7.36,2.59,6.02000000000001
2015-07-16,600644,126.28,126.28,133.81,126.28,123490,98638262.0,5.66,-5.15,-6.86,3.78,7.530000000000001
2015-07-17,600644,127.28,132.8,132.8,127.28,93840,76921864.0,4.37,5.16,6.52,2.87,5.52000000000001
2015-07-20,600644,135.65,138.16,139.66,133.47,103953,88778575.0,4.66,4.04,5.36,3.18,6.189999999999998
2015-07-21,600644,136.65,140.16,142.0,134.81,107552,93137082.0,5.2,1.45,2.0,3.29,7.189999999999998
2015-07-22,600644,140.66,142.51,144.18,138.99,112623,99133608.0,3.7,1.68,2.35,3.45,5.189999999999998
2015-07-23,600644,142.17,149.87,149.87,142.0,147629,134576203.0,5.52,5.16,7.36,4.52,7.8700000000000045
2015-07-24,600644,150.03,142.17,152.71,142.17,167401,153825283.0,7.03,-5.14,-7.7,5.13,10.54000000000002
2015-07-27,600644,136.48,134.81,141.33,134.81,139385,118946246.0,4.59,-5.18,-7.36,4.27,6.52000000000001
2015-07-28,600644,127.78,127.78,131.46,127.78,126761,101442442.0,2.73,-5.21,-7.03,3.88,3.680000000000007
2015-07-29,600644,129.46,130.63,131.3,121.76,120758,96070143.0,7.47,2.23,2.85,3.7,9.540000000000006
2015-07-30,600644,129.29,125.44,132.13,124.44,103997,83842144.0,5.89,-3.97,-5.19,3.19,7.689999999999998
2015-07-31,600644,122.93,119.25,124.77,118.92,104396,79445668.0,4.66,-4.93,-6.19,3.2,5.849999999999994
2015-08-03,600644,119.42,121.43,125.44,118.08,119698,92093076.0,6.17,1.83,2.18,3.67,7.359999999999999
2015-08-04,600644,123.27,127.78,127.78,120.92,110114,86517919.0,5.65,5.23,6.35,3.37,6.859999999999999
2015-08-05,600644,126.61,128.79,132.8,126.61,112300,91115455.0,4.84,0.79,1.01,3.44,6.190000000000012
2015-08-06,600644,125.78,128.79,130.29,125.11,57467,46067909.0,4.02,0.0,0.0,1.76,5.179999999999993
2015-08-07,600644,130.63,133.64,134.47,129.12,90958,75216134.0,4.15,3.77,4.85,2.79,5.349999999999994
2015-08-10,600644,133.97,139.33,140.5,132.97,138528,117948980.0,5.63,4.26,5.69,4.24,7.530000000000001
2015-08-11,600644,138.49,137.99,141.5,136.82,126406,109241903.0,3.36,-0.96,-1.34,3.87,4.680000000000007
2015-08-12,600644,136.48,141.84,144.51,136.15,140241,122863853.0,6.06,2.79,3.85,4.3,8.359999999999985
2015-08-13,600644,141.33,144.35,145.18,140.0,110195,97871048.0,3.65,1.77,2.51,3.38,5.180000000000007
2015-08-14,600644,144.85,144.85,149.7,143.17,123308,112019183.0,4.52,0.35,0.5,3.78,6.530000000000001
2015-08-17,600644,143.01,149.36,150.87,142.34,130889,119791210.0,5.89,3.11,4.51,4.01,8.530000000000001
2015-08-18,600644,149.36,141.67,150.03,141.67,135810,122372296.0,5.6,-5.15,-7.69,4.16,8.360000000000014
2015-08-19,600644,134.31,138.49,139.66,134.31,162696,137290297.0,3.78,-2.24,-3.18,4.98,5.349999999999994
2015-08-20,600644,136.48,132.3,138.66,132.13,111076,94120480.0,4.72,-4.47,-6.19,3.4,6.530000000000001
2015-08-21,600644,131.46,125.44,132.3,125.44,118375,94471055.0,5.19,-5.19,-6.86,3.63,6.860000000000014
2015-08-24,600644,119.75,118.92,119.75,118.92,66672,49714905.0,0.66,-5.2,-6.52,2.04,0.8299999999999983
2015-08-25,600644,112.73,112.73,113.9,112.73,69894,49505029.0,0.98,-5.21,-6.19,2.14,1.1700000000000017
2015-08-26,600644,111.39,106.87,113.56,106.87,130259,88822582.0,5.93,-5.2,-5.86,3.99,6.689999999999998
2015-08-27,600644,106.7,108.71,111.05,103.52,88867,60134554.0,7.05,1.72,1.84,2.72,7.530000000000001
2015-08-28,600644,110.89,114.4,114.4,109.05,116638,81425326.0,4.92,5.23,5.69,3.57,5.3500000000000085
2015-08-31,600644,112.39,110.05,113.4,109.38,78598,54820189.0,3.51,-3.8,-4.35,2.41,4.02000000000001
2015-09-01,600644,108.88,108.54,111.39,107.37,65405,44942427.0,3.65,-1.37,-1.51,2.0,4.019999999999996
2015-09-02,600644,104.86,104.53,111.39,103.86,75647,51025337.0,6.94,-3.69,-4.01,2.32,7.530000000000001
2015-09-07,600644,107.37,108.21,110.05,106.2,67002,45643683.0,3.68,3.52,3.68,2.05,3.8499999999999943
2015-09-08,600644,109.05,113.9,113.9,108.04,78724,55363802.0,5.42,5.26,5.69,2.41,5.859999999999999
2015-09-09,600644,114.4,117.41,117.41,114.23,98340,71524163.0,2.79,3.08,3.51,3.01,3.1799999999999926
2015-09-10,600644,115.57,115.4,117.75,114.73,59237,43124176.0,2.57,-1.71,-2.01,1.81,3.019999999999996
2015-09-11,600644,115.24,115.24,116.41,113.9,44053,31837967.0,2.18,-0.14,-0.16,1.35,2.509999999999991
2015-09-14,600644,115.9,109.21,116.91,109.21,57014,40128486.0,6.68,-5.23,-6.03,1.75,7.700000000000003
2015-09-15,600644,103.86,103.52,106.37,103.52,63978,41987556.0,2.61,-5.21,-5.69,1.96,2.8500000000000085
2015-09-16,600644,103.86,108.54,109.05,100.68,83752,55495585.0,8.09,4.85,5.02,2.57,8.36999999999999
2015-09-17,600644,107.71,104.53,109.38,104.19,70095,47290818.0,4.78,-3.69,-4.01,2.15,5.189999999999998
2015-09-18,600644,104.53,105.36,106.2,104.19,36200,23934511.0,1.92,0.79,0.83,1.11,2.010000000000005
2015-09-21,600644,103.19,107.54,108.04,102.19,50831,33945270.0,5.55,2.07,2.18,1.56,5.8500000000000085
2015-09-22,600644,107.71,108.21,109.05,106.87,51043,34707565.0,2.03,0.62,0.67,1.56,2.1799999999999926
2015-09-23,600644,106.37,105.36,107.37,104.86,40767,27254494.0,2.32,-2.63,-2.85,1.25,2.510000000000005
2015-09-24,600644,105.7,108.04,108.21,105.7,39507,26608805.0,2.38,2.54,2.68,1.21,2.509999999999991
2015-09-25,600644,107.87,108.54,113.56,107.21,74294,51295285.0,5.88,0.46,0.5,2.28,6.3500000000000085
2015-09-28,600644,108.54,109.38,109.55,106.54,35800,24408896.0,2.77,0.77,0.84,1.1,3.009999999999991
2015-09-29,600644,107.71,110.05,112.06,107.21,55189,38087156.0,4.43,0.61,0.67,1.69,4.8500000000000085
2015-09-30,600644,109.71,109.21,110.72,108.54,35166,24253194.0,1.98,-0.76,-0.84,1.08,2.1799999999999926
2015-10-08,600644,111.89,112.22,113.56,110.05,65551,46018931.0,3.21,2.76,3.01,2.01,3.510000000000005
2015-10-09,600644,111.39,113.56,113.73,111.39,57383,40663894.0,2.09,1.19,1.34,1.76,2.3400000000000034
2015-10-12,600644,113.73,117.91,118.75,112.73,79988,58324830.0,5.3,3.83,4.35,2.45,6.019999999999996
2015-10-13,600644,116.74,118.41,118.92,115.57,60939,44921124.0,2.84,0.42,0.5,1.87,3.3500000000000085
2015-10-14,600644,117.41,117.91,119.08,116.57,65428,48346663.0,2.12,-0.42,-0.5,2.0,2.510000000000005
2015-10-15,600644,117.24,121.26,121.43,117.24,73047,54685808.0,3.55,2.84,3.35,2.24,4.190000000000012
2015-10-16,600644,121.09,120.92,121.93,117.91,103894,77993730.0,3.32,-0.28,-0.34,3.18,4.02000000000001
2015-10-19,600644,120.76,119.92,123.6,118.92,89542,67985813.0,3.87,-0.83,-1.0,2.74,4.679999999999993
2015-10-20,600644,120.76,122.76,123.1,119.92,81840,62232029.0,2.65,2.37,2.84,2.51,3.1799999999999926
2015-10-21,600644,123.27,116.41,123.94,116.41,114218,85864628.0,6.13,-5.17,-6.35,3.5,7.530000000000001
2015-10-22,600644,115.57,119.92,120.09,115.4,78083,57538885.0,4.03,3.02,3.51,2.39,4.689999999999998
2015-10-23,600644,120.09,122.09,122.43,119.08,68557,51895834.0,2.79,1.81,2.17,2.1,3.3500000000000085
2015-10-26,600644,123.1,123.43,124.77,121.26,73482,56397446.0,2.87,1.1,1.34,2.25,3.509999999999991
2015-10-27,600644,122.09,127.28,127.45,120.59,86947,67281580.0,5.56,3.12,3.85,2.66,6.859999999999999
2015-10-28,600644,125.78,123.1,127.78,121.43,85431,66883036.0,4.99,-3.28,-4.18,2.62,6.349999999999994
2015-10-29,600644,123.6,124.1,125.61,122.26,54563,42231818.0,2.72,0.81,1.0,1.67,3.3499999999999943
2015-10-30,600644,123.94,124.6,125.11,121.43,47860,37008077.0,2.97,0.4,0.5,1.47,3.6799999999999926
2015-11-02,600644,121.43,124.6,127.95,120.76,65459,51028828.0,5.77,0.0,0.0,2.01,7.189999999999998
2015-11-03,600644,123.77,125.44,127.78,123.77,72914,57297031.0,3.22,0.67,0.84,2.23,4.010000000000005
2015-11-04,600644,126.44,130.63,130.63,125.61,73024,58697396.0,4.0,4.14,5.19,2.24,5.019999999999996
2015-11-05,600644,130.63,129.62,131.13,127.95,82294,66579522.0,2.43,-0.77,-1.01,2.52,3.1799999999999926
2015-11-06,600644,129.62,132.97,132.97,128.45,69781,57318096.0,3.49,2.58,3.35,2.14,4.52000000000001
2015-11-09,600644,131.8,132.8,133.64,130.13,70922,58338084.0,2.64,-0.13,-0.17,2.17,3.509999999999991
2015-11-10,600644,131.3,134.14,135.48,131.13,82502,68921079.0,3.28,1.01,1.34,2.53,4.349999999999994
2015-11-11,600644,134.14,141.17,141.17,133.81,130956,114070716.0,5.49,5.24,7.03,4.01,7.359999999999985
2015-11-12,600644,142.84,139.66,142.84,136.98,105164,91271127.0,4.15,-1.07,-1.51,3.22,5.860000000000014
2015-11-13,600644,137.82,134.64,139.49,134.47,89572,76341536.0,3.59,-3.59,-5.02,2.74,5.02000000000001
2015-11-16,600644,131.63,139.33,139.49,131.3,74389,62744496.0,6.08,3.48,4.69,2.28,8.189999999999998
2015-11-17,600644,139.83,136.32,141.5,136.15,89362,77235711.0,3.84,-2.16,-3.01,2.74,5.349999999999994
2015-11-18,600644,135.65,136.48,139.49,135.65,53561,45748837.0,2.82,0.12,0.16,1.64,3.8400000000000034
2015-11-19,600644,136.82,137.49,137.82,134.14,54966,46640230.0,2.7,0.74,1.01,1.68,3.680000000000007
2015-11-20,600644,137.49,139.33,140.0,136.48,65632,56514949.0,2.56,1.34,1.84,2.01,3.5200000000000102
2015-11-23,600644,138.32,139.49,142.34,137.82,90801,79076243.0,3.24,0.11,0.16,2.78,4.52000000000001
2015-11-24,600644,138.99,138.49,140.66,136.32,65150,56016219.0,3.11,-0.72,-1.0,2.0,4.340000000000003
2015-11-25,600644,137.82,139.33,140.83,137.82,88831,76883225.0,2.17,0.61,0.84,2.72,3.0100000000000193
2015-11-26,600644,139.66,136.65,140.33,136.48,94637,81468868.0,2.76,-1.92,-2.68,2.9,3.8500000000000227
2015-11-27,600644,136.48,129.46,137.82,129.46,100020,83179791.0,6.12,-5.26,-7.19,3.06,8.359999999999985
2015-11-30,600644,128.62,125.94,129.46,122.76,125638,98436546.0,5.18,-2.72,-3.52,3.85,6.700000000000003
2015-12-01,600644,125.11,126.28,128.79,125.11,78305,62053705.0,2.92,0.27,0.34,2.4,3.6799999999999926
2015-12-02,600644,126.78,129.12,131.13,125.94,64333,51750471.0,4.11,2.25,2.84,1.97,5.189999999999998
2015-12-03,600644,129.79,130.79,131.13,128.28,36075,29291158.0,2.21,1.29,1.67,1.1,2.8499999999999943
2015-12-04,600644,130.46,133.3,133.97,130.13,62226,51328842.0,2.94,1.92,2.51,1.91,3.8400000000000034
2015-12-07,600644,132.97,137.15,137.65,132.97,61413,51990588.0,3.51,2.89,3.85,1.88,4.680000000000007
2015-12-08,600644,135.48,131.3,137.15,130.79,92603,77155803.0,4.64,-4.27,-5.85,2.84,6.360000000000014
2015-12-09,600644,131.13,130.46,132.97,129.46,50002,40877478.0,2.67,-0.64,-0.84,1.53,3.509999999999991
2015-12-10,600644,130.29,129.62,132.8,128.95,50485,41207860.0,2.95,-0.64,-0.84,1.55,3.8500000000000227
2015-12-11,600644,129.79,131.97,132.3,129.12,41818,34240260.0,2.45,1.81,2.35,1.28,3.180000000000007
2015-12-14,600644,130.63,134.98,135.14,130.13,40776,33742303.0,3.8,2.28,3.01,1.25,5.009999999999991
2015-12-15,600644,134.64,135.48,137.32,134.14,44092,37221180.0,2.36,0.37,0.5,1.35,3.180000000000007
2015-12-16,600644,135.98,135.65,137.15,134.64,45744,38744122.0,1.85,0.13,0.17,1.4,2.5100000000000193
2015-12-17,600644,136.65,137.99,138.66,136.65,64531,55327457.0,1.48,1.73,2.34,1.98,2.009999999999991
2015-12-18,600644,137.99,141.67,142.84,137.32,88949,77320738.0,4.0,2.67,3.68,2.72,5.52000000000001
2015-12-21,600644,141.5,142.0,145.52,140.5,80926,71951967.0,3.54,0.23,0.33,2.48,5.02000000000001
2015-12-22,600644,142.34,143.17,144.51,141.67,53372,47342597.0,2.0,0.82,1.17,1.63,2.8400000000000034
2015-12-23,600644,143.01,140.33,143.84,139.33,75989,66883968.0,3.15,-1.98,-2.84,2.33,4.509999999999991
2015-12-24,600644,139.83,138.66,141.0,136.15,59436,51301471.0,3.46,-1.19,-1.67,1.82,4.849999999999994
2015-12-25,600644,138.99,145.85,145.85,138.99,151881,136299536.0,4.95,5.19,7.19,4.65,6.859999999999985
2015-12-28,600644,146.52,142.34,149.7,141.67,161101,145998869.0,5.51,-2.41,-3.51,4.93,8.030000000000001
2015-12-29,600644,141.5,144.85,145.52,141.17,75690,67752867.0,3.06,1.76,2.51,2.32,4.350000000000023
2015-12-30,600644,145.35,150.54,152.38,144.18,116332,108388221.0,5.66,3.93,5.69,3.56,8.199999999999989
2015-12-31,600644,150.54,146.85,153.04,146.19,89125,82325775.0,4.55,-2.45,-3.69,2.73,6.849999999999994
2016-01-04,600644,146.19,139.16,147.86,139.16,82011,72910078.0,5.92,-5.24,-7.69,2.51,8.700000000000017
2016-01-05,600644,131.97,131.97,135.48,131.97,111310,91984115.0,2.52,-5.17,-7.19,3.41,3.509999999999991
2016-01-06,600644,132.8,135.65,136.15,132.13,60554,50603393.0,3.05,2.79,3.68,1.85,4.02000000000001
2016-01-07,600644,133.64,128.62,133.64,128.62,21631,17505174.0,3.7,-5.18,-7.03,0.66,5.019999999999982
2016-01-08,600644,126.61,126.61,130.79,121.93,111852,87576688.0,6.89,-1.56,-2.01,3.43,8.859999999999985
2016-01-11,600644,124.44,119.92,124.94,119.92,64559,49318464.0,3.96,-5.28,-6.69,1.98,5.019999999999996
2016-01-12,600644,117.24,114.06,118.08,113.56,88581,63813411.0,3.77,-4.89,-5.86,2.71,4.519999999999996
2016-01-13,600644,115.07,109.55,116.74,108.38,52695,37817841.0,7.33,-3.95,-4.51,1.61,8.36
2016-01-14,600644,106.54,112.56,113.06,105.03,61218,41755784.0,7.33,2.75,3.01,1.88,8.030000000000001
2016-01-15,600644,112.22,110.72,115.07,108.04,49764,34957460.0,6.25,-1.63,-1.84,1.52,7.029999999999987
2016-01-18,600644,108.04,112.22,113.4,106.54,34654,24215854.0,6.2,1.35,1.5,1.06,6.859999999999999
2016-01-19,600644,113.4,116.91,118.08,111.55,47337,33993329.0,5.82,4.18,4.69,1.45,6.530000000000001
2016-01-20,600644,116.24,117.08,118.92,114.9,52525,38582348.0,3.44,0.15,0.17,1.61,4.019999999999996
2016-01-21,600644,119.75,114.23,120.59,113.73,72119,53476384.0,5.86,-2.43,-2.85,2.21,6.859999999999999
2016-01-22,600644,114.4,114.57,116.41,109.71,48803,34887612.0,5.87,0.3,0.34,1.49,6.700000000000003
2016-01-25,600644,115.9,115.74,117.75,114.9,34572,25220660.0,2.49,1.02,1.17,1.06,2.8499999999999943
2016-01-26,600644,114.9,109.71,116.74,109.71,62130,44082583.0,6.07,-5.21,-6.03,1.9,7.030000000000001
2016-01-27,600644,108.38,105.03,109.71,104.03,74179,49049290.0,5.18,-4.27,-4.68,2.27,5.679999999999993
2016-01-28,600644,104.7,101.68,106.7,101.02,37707,24780362.0,5.41,-3.19,-3.35,1.15,5.680000000000007
2016-01-29,600644,101.52,106.03,107.04,101.35,52223,34532461.0,5.6,4.28,4.35,1.6,5.690000000000012
2016-02-01,600644,106.37,107.87,109.21,105.7,47711,32282449.0,3.31,1.74,1.84,1.46,3.509999999999991
2016-02-02,600644,108.04,111.22,112.06,107.21,34900,24237346.0,4.5,3.11,3.35,1.07,4.8500000000000085
2016-02-03,600644,110.05,112.89,113.4,109.71,31084,21726137.0,3.32,1.5,1.67,0.95,3.690000000000012
2016-02-04,600644,114.06,116.41,117.75,113.4,42392,30876194.0,3.85,3.12,3.52,1.3,4.349999999999994
2016-02-05,600644,117.41,119.75,120.09,117.41,58676,43737703.0,2.3,2.87,3.34,1.8,2.680000000000007
2016-02-15,600644,116.41,119.75,121.09,114.73,56756,42015450.0,5.31,0.0,0.0,1.74,6.359999999999999
2016-02-16,600644,121.09,123.77,125.11,120.25,44145,33987636.0,4.06,3.36,4.02,1.35,4.859999999999999
2016-02-17,600644,123.43,123.43,124.27,121.09,53274,40885744.0,2.57,-0.27,-0.34,1.63,3.1799999999999926
2016-02-18,600644,123.6,123.94,124.77,122.93,31515,24372077.0,1.49,0.41,0.51,0.97,1.8399999999999892
2016-02-19,600644,124.27,127.45,129.62,123.43,51705,41107752.0,4.99,2.83,3.51,1.58,6.189999999999998
2016-02-22,600644,128.79,129.46,131.3,128.28,52143,42124619.0,2.37,1.58,2.01,1.6,3.0200000000000102
2016-02-23,600644,129.62,130.46,130.63,127.45,39586,31924955.0,2.46,0.77,1.0,1.21,3.1799999999999926
2016-02-24,600644,131.46,136.15,136.15,131.13,82299,68543214.0,3.85,4.36,5.69,2.52,5.02000000000001
2016-02-25,600644,136.48,129.12,137.32,129.12,93695,76587483.0,6.02,-5.16,-7.03,2.87,8.199999999999989
2016-02-26,600644,123.6,122.43,126.11,122.43,117558,90323989.0,2.85,-5.18,-6.69,3.6,3.6799999999999926
2016-02-29,600644,122.6,116.07,123.94,116.07,69881,51563515.0,6.43,-5.19,-6.36,2.14,7.8700000000000045
2016-03-01,600644,115.9,121.09,122.09,113.06,92322,67883104.0,7.78,4.32,5.02,2.83,9.030000000000001
2016-03-02,600644,120.59,126.11,127.28,117.24,144142,109708679.0,8.29,4.15,5.02,4.42,10.040000000000006
2016-03-03,600644,125.11,125.27,127.45,124.27,84579,66458023.0,2.52,-0.67,-0.84,2.59,3.180000000000007
2016-03-04,600644,125.94,123.1,128.12,118.75,103058,80060880.0,7.48,-1.73,-2.17,3.16,9.370000000000005
2016-03-07,600644,123.94,129.62,129.62,123.94,96319,76820169.0,4.61,5.3,6.52,2.95,5.680000000000007
2016-03-08,600644,129.12,130.63,131.13,122.93,110735,87844344.0,6.33,0.78,1.01,3.39,8.199999999999989
2016-03-10,600644,122.26,117.08,124.1,117.08,202560,152405749.0,5.37,-10.37,-13.55,6.2,7.019999999999996
2016-03-11,600644,113.06,117.08,122.76,109.05,144077,105338532.0,11.71,0.0,0.0,4.41,13.710000000000008
2016-03-14,600644,117.08,120.59,123.43,115.07,145478,109379941.0,7.14,3.0,3.51,4.46,8.360000000000014
2016-03-15,600644,120.25,119.92,121.76,118.25,90976,68379426.0,2.91,-0.56,-0.67,2.79,3.510000000000005
2016-03-16,600644,120.09,115.07,121.26,114.57,74185,54540395.0,5.58,-4.04,-4.85,2.27,6.690000000000012
2016-03-17,600644,116.07,117.75,118.75,115.4,61054,44921000.0,2.91,2.33,2.68,1.87,3.3499999999999943
2016-03-18,600644,117.75,121.26,121.76,117.75,101845,76647845.0,3.41,2.98,3.51,3.12,4.010000000000005
2016-03-21,600644,123.1,124.94,126.44,122.26,103832,80754761.0,3.45,3.03,3.68,3.18,4.179999999999993
2016-03-22,600644,124.6,123.27,124.6,122.26,80485,62105364.0,1.87,-1.34,-1.67,2.47,2.339999999999989
2016-03-23,600644,123.1,124.94,125.44,120.76,79534,61100847.0,3.8,1.35,1.67,2.44,4.679999999999993
2016-03-24,600644,124.27,122.43,125.61,121.59,82893,64073950.0,3.22,-2.01,-2.51,2.54,4.019999999999996
2016-03-25,600644,122.43,124.6,124.77,121.43,69822,53750486.0,2.73,1.77,2.17,2.14,3.339999999999989
2016-03-28,600644,124.77,123.43,126.44,123.1,72782,56791556.0,2.68,-0.94,-1.17,2.23,3.3400000000000034
2016-03-29,600644,123.1,118.25,123.94,113.9,85246,63633922.0,8.13,-4.2,-5.18,2.61,10.039999999999992
2016-03-30,600644,118.58,121.09,121.43,118.41,63578,47717306.0,2.55,2.4,2.84,1.95,3.0200000000000102
2016-03-31,600644,121.26,120.59,122.26,119.25,61737,46673566.0,2.49,-0.41,-0.5,1.89,3.010000000000005
2016-04-01,600644,120.76,119.75,120.92,118.41,50207,37672260.0,2.08,-0.7,-0.84,1.54,2.510000000000005
2016-04-05,600644,119.42,123.77,124.6,119.08,95494,73026094.0,4.61,3.36,4.02,2.92,5.519999999999996
2016-04-06,600644,123.1,128.79,129.79,122.93,123835,97766867.0,5.54,4.06,5.02,3.79,6.859999999999985
2016-04-07,600644,128.79,124.6,128.79,124.44,85091,67121522.0,3.38,-3.25,-4.19,2.61,4.349999999999994
2016-04-08,600644,124.1,126.28,127.62,123.27,75443,59350212.0,3.49,1.35,1.68,2.31,4.3500000000000085
2016-04-11,600644,127.45,128.12,129.79,126.28,96069,76943345.0,2.78,1.46,1.84,2.94,3.509999999999991
2016-04-12,600644,128.62,126.78,128.95,124.77,57712,45621585.0,3.26,-1.05,-1.34,1.77,4.179999999999993
2016-04-13,600644,127.11,130.46,133.14,126.78,125086,101632081.0,5.02,2.9,3.68,3.83,6.359999999999985
2016-04-14,600644,131.13,131.3,131.8,129.12,65683,53476458.0,2.05,0.64,0.84,2.01,2.680000000000007
2016-04-15,600644,130.46,133.97,135.48,130.46,105535,88001576.0,3.82,2.03,2.67,3.23,5.019999999999982
2016-04-18,600644,133.14,136.32,137.49,131.46,125480,105565489.0,4.5,1.75,2.35,3.84,6.030000000000001
2016-04-19,600644,136.48,134.64,137.32,132.8,78233,65556722.0,3.32,-1.23,-1.68,2.4,4.519999999999982
2016-04-20,600644,134.81,128.45,136.65,125.78,128472,104104302.0,8.07,-4.6,-6.19,3.94,10.870000000000005
2016-04-21,600644,128.45,129.96,131.97,127.78,74408,60492792.0,3.26,1.18,1.51,2.28,4.189999999999998
2016-04-22,600644,129.46,131.97,133.14,128.12,49687,40227752.0,3.86,1.55,2.01,1.52,5.019999999999982
2016-04-25,600644,131.46,130.46,132.47,129.29,36918,30024758.0,2.41,-1.14,-1.51,1.13,3.180000000000007
2016-04-26,600644,130.79,135.14,136.32,129.79,69464,57934178.0,5.01,3.59,4.68,2.13,6.530000000000001
2016-04-27,600644,134.14,135.65,138.49,133.3,45912,38773881.0,3.84,0.38,0.51,1.41,5.189999999999998
2016-04-28,600644,134.81,136.48,137.32,133.14,61838,52226413.0,3.08,0.61,0.83,1.89,4.180000000000007
2016-04-29,600644,135.98,135.65,137.82,133.14,40902,34684800.0,3.43,-0.61,-0.83,1.25,4.680000000000007
2016-05-03,600644,134.98,138.66,138.66,133.64,66400,56621467.0,3.7,2.22,3.01,2.03,5.02000000000001
2016-05-04,600644,137.32,138.16,141.84,137.32,64428,55964003.0,3.26,-0.36,-0.5,1.97,4.52000000000001
2016-05-05,600644,138.16,137.99,139.33,135.31,41136,35283307.0,2.91,-0.12,-0.17,1.26,4.02000000000001
2016-05-06,600644,138.16,131.46,139.49,130.63,62187,52255940.0,6.42,-4.73,-6.53,1.9,8.860000000000014
2016-05-09,600644,131.63,125.11,131.63,124.94,71972,57168669.0,5.09,-4.83,-6.35,2.2,6.689999999999998
2016-05-10,600644,125.78,126.78,127.62,124.77,35986,28349400.0,2.28,1.33,1.67,1.1,2.8500000000000085
2016-05-11,600644,128.62,122.26,128.62,122.09,53165,41403788.0,5.15,-3.57,-4.52,1.63,6.530000000000001
2016-05-12,600644,121.26,123.6,125.44,118.92,47882,36704871.0,5.33,1.1,1.34,1.47,6.519999999999996
2016-05-13,600644,123.77,123.6,126.11,122.26,32385,25165186.0,3.11,0.0,0.0,0.99,3.8499999999999943
2016-05-16,600644,122.26,126.61,126.78,121.26,45767,35602286.0,4.47,2.44,3.01,1.4,5.519999999999996
2016-05-17,600644,126.78,129.46,130.13,124.94,51913,41294005.0,4.1,2.25,2.85,1.59,5.189999999999998
2016-05-18,600644,128.12,124.94,128.79,123.6,28645,22447774.0,4.01,-3.49,-4.52,0.88,5.189999999999998
2016-05-19,600644,125.61,125.78,128.12,124.27,47592,37590091.0,3.08,0.67,0.84,1.46,3.8500000000000085
2016-05-20,600644,124.1,124.94,126.44,121.43,38907,30039256.0,3.98,-0.67,-0.84,1.19,5.009999999999991
2016-05-23,600644,124.94,125.27,126.95,123.6,34379,26895185.0,2.68,0.26,0.33,1.05,3.3500000000000085
2016-05-24,600644,125.27,124.44,125.27,122.43,19865,15386343.0,2.27,-0.66,-0.83,0.61,2.839999999999989
2016-05-25,600644,124.77,123.27,125.44,123.1,19226,14957035.0,1.88,-0.94,-1.17,0.59,2.3400000000000034
2016-05-26,600644,123.27,125.44,125.94,121.26,29573,22786991.0,3.8,1.76,2.17,0.91,4.679999999999993
2016-05-27,600644,124.6,125.78,126.11,123.1,35693,27793119.0,2.4,0.27,0.34,1.09,3.010000000000005
2016-05-30,600644,124.44,125.11,125.61,122.76,23633,18363196.0,2.27,-0.53,-0.67,0.72,2.8499999999999943
2016-05-31,600644,124.1,129.12,129.29,124.1,56566,45040273.0,4.15,3.21,4.01,1.73,5.189999999999998
2016-06-01,600644,129.12,129.46,130.63,128.12,36095,29158519.0,1.94,0.26,0.34,1.11,2.509999999999991
2016-06-02,600644,129.12,130.29,130.63,128.62,37496,30359865.0,1.55,0.64,0.83,1.15,2.009999999999991
2016-06-03,600644,130.29,132.3,133.97,128.95,69851,57743985.0,3.85,1.54,2.01,2.14,5.02000000000001
2016-06-06,600644,131.13,131.13,133.81,130.63,50213,41304385.0,2.4,-0.88,-1.17,1.54,3.180000000000007
2016-06-07,600644,132.13,129.62,132.13,128.95,41098,33310926.0,2.43,-1.15,-1.51,1.26,3.180000000000007
2016-06-08,600644,129.79,131.8,132.97,128.95,48138,39329764.0,3.1,1.68,2.18,1.47,4.02000000000001
2016-06-13,600644,129.62,125.44,130.96,124.77,51235,41228151.0,4.7,-4.83,-6.36,1.57,6.190000000000012
2016-06-14,600644,125.61,124.44,126.11,123.94,27059,21123577.0,1.73,-0.8,-1.0,0.83,2.1700000000000017
2016-06-15,600644,124.27,128.28,128.62,123.27,32071,25494388.0,4.3,3.09,3.84,0.98,5.3500000000000085
2016-06-16,600644,128.12,127.28,130.29,126.78,35505,28464079.0,2.74,-0.78,-1.0,1.09,3.509999999999991
2016-06-17,600644,127.28,127.45,129.62,127.11,28099,22509431.0,1.97,0.13,0.17,0.86,2.510000000000005
2016-06-20,600644,127.45,129.12,129.12,125.78,25340,20224516.0,2.62,1.31,1.67,0.78,3.3400000000000034
2016-06-21,600644,129.62,128.28,130.29,127.78,33269,26803237.0,1.94,-0.65,-0.84,1.02,2.509999999999991
2016-06-22,600644,127.62,132.47,132.8,127.62,49033,40013892.0,4.04,3.27,4.19,1.5,5.180000000000007
2016-06-23,600644,131.46,130.46,132.63,129.12,41188,33613261.0,2.65,-1.52,-2.01,1.26,3.509999999999991
2016-06-24,600644,129.46,128.28,131.13,123.94,42093,33605052.0,5.51,-1.67,-2.18,1.29,7.189999999999998
2016-06-27,600644,126.28,129.46,130.46,126.28,37372,30135367.0,3.26,0.92,1.18,1.14,4.180000000000007
2016-06-28,600644,128.95,130.96,131.3,128.12,32403,26331218.0,2.46,1.16,1.5,0.99,3.180000000000007
2016-06-29,600644,131.63,130.96,131.8,130.46,34306,28039425.0,1.02,0.0,0.0,1.05,1.3400000000000034
2016-06-30,600644,130.63,131.13,131.8,130.63,25109,20539043.0,0.89,0.13,0.17,0.77,1.170000000000016
2016-07-01,600644,132.13,131.3,132.63,130.63,28226,23123636.0,1.53,0.13,0.17,0.86,2.0
2016-07-04,600644,130.63,134.64,135.31,129.79,70325,58409778.0,4.2,2.54,3.34,2.15,5.52000000000001
2016-07-05,600644,134.47,133.97,134.64,132.8,52137,43396349.0,1.37,-0.5,-0.67,1.6,1.839999999999975
2016-07-06,600644,133.81,134.31,134.31,132.8,42825,35637127.0,1.13,0.25,0.34,1.31,1.509999999999991
2016-07-07,600644,133.97,134.64,135.14,132.47,53295,44456484.0,1.99,0.25,0.33,1.63,2.6699999999999875
2016-07-08,600644,138.32,136.32,144.68,136.15,410428,356053008.0,6.34,1.25,1.68,12.57,8.530000000000001
2016-07-11,600644,134.98,136.15,137.32,134.47,165643,140529927.0,2.09,-0.12,-0.17,5.07,2.8499999999999943
2016-07-12,600644,136.32,135.14,136.32,133.14,125294,105048684.0,2.34,-0.74,-1.01,3.84,3.180000000000007
2016-07-13,600644,134.81,134.81,136.65,133.64,115751,97435066.0,2.23,-0.24,-0.33,3.55,3.0100000000000193
2016-07-14,600644,134.81,134.81,135.14,133.97,68701,57658886.0,0.87,0.0,0.0,2.1,1.1699999999999875
2016-07-15,600644,135.31,134.14,135.81,133.81,66599,55781765.0,1.48,-0.5,-0.67,2.04,2.0
2016-07-18,600644,133.81,134.47,135.14,133.64,65422,54765331.0,1.12,0.25,0.33,2.0,1.5
2016-07-19,600644,134.64,136.32,136.98,133.81,114206,96735874.0,2.36,1.38,1.85,3.5,3.1699999999999875
2016-07-20,600644,135.81,135.31,136.65,134.98,66919,56577158.0,1.23,-0.74,-1.01,2.05,1.670000000000016
2016-07-21,600644,135.14,135.48,136.65,134.81,88939,75246920.0,1.36,0.13,0.17,2.72,1.8400000000000034
2016-07-22,600644,135.65,133.81,135.98,133.64,55752,46671377.0,1.73,-1.23,-1.67,1.71,2.3400000000000034
2016-07-25,600644,133.64,133.81,134.14,132.97,37415,31161478.0,0.87,0.0,0.0,1.15,1.1699999999999875
2016-07-26,600644,133.64,135.31,135.48,133.47,64043,53682662.0,1.5,1.12,1.5,1.96,2.009999999999991
2016-07-27,600644,134.81,128.45,135.65,127.78,115404,94272731.0,5.82,-5.07,-6.86,3.53,7.8700000000000045
2016-07-28,600644,128.45,128.62,129.46,126.95,56381,45180825.0,1.95,0.13,0.17,1.73,2.510000000000005
2016-07-29,600644,129.12,128.79,129.46,127.95,37827,30398511.0,1.17,0.13,0.17,1.16,1.5100000000000051
2016-08-01,600644,128.62,126.95,128.95,125.78,59700,47274684.0,2.46,-1.43,-1.84,1.83,3.1699999999999875
2016-08-02,600644,126.95,129.96,130.79,126.78,53290,42844080.0,3.16,2.37,3.01,1.63,4.009999999999991
2016-08-03,600644,129.79,130.46,130.96,129.12,34336,27903451.0,1.42,0.38,0.5,1.05,1.8400000000000034
2016-08-04,600644,130.79,131.13,131.63,129.46,40193,32742587.0,1.66,0.51,0.67,1.23,2.1699999999999875
2016-08-05,600644,130.79,132.47,134.98,130.63,66904,55510908.0,3.32,1.02,1.34,2.05,4.349999999999994
2016-08-08,600644,132.3,132.3,132.47,128.28,50066,40940709.0,3.16,-0.13,-0.17,1.53,4.189999999999998
2016-08-09,600644,132.13,132.8,133.14,131.46,35583,29393932.0,1.27,0.38,0.5,1.09,1.6799999999999784
2016-08-10,600644,132.8,132.3,133.3,131.8,32466,26858081.0,1.13,-0.38,-0.5,0.99,1.5
2016-08-11,600644,131.63,129.96,132.63,129.79,26261,21522710.0,2.15,-1.77,-2.34,0.8,2.8400000000000034
2016-08-12,600644,130.29,132.13,132.47,129.96,33295,27228846.0,1.93,1.67,2.17,1.02,2.509999999999991
2016-08-15,600644,132.3,134.47,134.98,131.8,62614,52226914.0,2.41,1.77,2.34,1.92,3.1799999999999784
2016-08-16,600644,134.14,134.31,135.14,133.97,43986,36878631.0,0.87,-0.12,-0.16,1.35,1.1699999999999875
2016-08-17,600644,134.47,134.64,134.98,133.14,51990,43470946.0,1.37,0.25,0.33,1.59,1.8400000000000034
2016-08-18,600644,134.81,134.64,135.65,134.14,53847,45227416.0,1.12,0.0,0.0,1.65,1.5100000000000193
2016-08-19,600644,134.64,134.81,135.14,133.64,28978,24268522.0,1.11,0.13,0.17,0.89,1.5
2016-08-22,600644,134.64,135.14,136.15,134.47,57071,48187449.0,1.25,0.24,0.33,1.75,1.6800000000000068
2016-08-23,600644,134.98,135.81,136.15,134.64,44602,37608997.0,1.12,0.5,0.67,1.37,1.5100000000000193
2016-08-24,600644,136.48,135.65,136.65,134.81,55383,46799471.0,1.35,-0.12,-0.16,1.7,1.8400000000000034
2016-08-25,600644,135.14,134.81,135.31,132.3,55473,46291116.0,2.22,-0.62,-0.84,1.7,3.009999999999991
2016-08-26,600644,134.47,135.31,135.81,134.31,40399,34049472.0,1.11,0.37,0.5,1.24,1.5
2016-08-29,600644,134.81,136.48,137.65,134.81,70161,59603767.0,2.1,0.86,1.17,2.15,2.8400000000000034
2016-08-30,600644,136.48,137.65,138.49,136.15,65709,56390103.0,1.71,0.86,1.17,2.01,2.3400000000000034
2016-08-31,600644,137.82,136.82,137.99,135.81,39335,33521652.0,1.58,-0.6,-0.83,1.2,2.180000000000007
2016-09-01,600644,136.98,138.82,140.66,136.48,125097,108460187.0,3.06,1.46,2.0,3.83,4.180000000000007
2016-09-02,600644,139.49,139.33,140.0,136.98,61119,52650215.0,2.18,0.37,0.51,1.87,3.0200000000000102
2016-09-05,600644,138.66,138.16,139.49,137.49,52952,45596259.0,1.44,-0.84,-1.17,1.62,2.0
2016-09-06,600644,138.16,139.16,139.33,135.14,60309,51582023.0,3.03,0.72,1.0,1.85,4.190000000000026
2016-09-07,600644,138.32,138.82,140.66,138.16,75391,65457549.0,1.8,-0.24,-0.34,2.31,2.5
2016-09-08,600644,138.49,139.83,140.33,138.32,48436,42030550.0,1.45,0.73,1.01,1.48,2.0100000000000193
2016-09-09,600644,140.0,138.82,140.5,138.66,45762,39691866.0,1.32,-0.72,-1.01,1.4,1.8400000000000034
2016-09-12,600644,136.65,134.64,137.99,134.31,66780,56578780.0,2.65,-3.01,-4.18,2.05,3.680000000000007
2016-09-13,600644,134.98,143.17,144.51,134.98,144803,126734281.0,7.08,6.34,8.53,4.44,9.530000000000001
2016-09-14,600644,141.5,141.17,144.18,139.49,97973,86301729.0,3.28,-1.4,-2.0,3.0,4.689999999999998
2016-09-19,600644,141.5,143.84,144.18,140.66,88629,78595147.0,2.49,1.89,2.67,2.71,3.5200000000000102
2016-09-20,600644,143.17,143.01,144.18,141.84,51321,45675379.0,1.63,-0.58,-0.83,1.57,2.3400000000000034
2016-09-21,600644,142.67,143.84,146.02,142.0,82644,74045621.0,2.81,0.58,0.83,2.53,4.02000000000001
2016-09-22,600644,145.01,144.18,145.18,143.01,64724,57883305.0,1.51,0.24,0.34,1.98,2.170000000000016
2016-09-23,600644,144.35,146.85,147.19,142.34,90647,81630080.0,3.36,1.85,2.67,2.78,4.849999999999994
2016-09-26,600644,146.52,144.68,148.19,143.34,89996,81982586.0,3.3,-1.48,-2.17,2.76,4.849999999999994
2016-09-27,600644,143.51,144.85,144.85,141.84,65896,58713482.0,2.08,0.12,0.17,2.02,3.009999999999991
2016-09-28,600644,144.85,142.34,145.35,142.0,47162,41958181.0,2.31,-1.73,-2.51,1.44,3.3499999999999943
2016-09-29,600644,142.51,143.01,144.51,142.17,52553,46764188.0,1.64,0.47,0.67,1.61,2.3400000000000034
2016-09-30,600644,142.84,144.35,145.01,142.51,48451,43302741.0,1.75,0.94,1.34,1.48,2.5
2016-10-10,600644,144.85,145.52,145.85,143.84,96964,87281481.0,1.39,0.81,1.17,2.97,2.009999999999991
2016-10-11,600644,145.52,144.51,145.85,144.18,67631,60824721.0,1.15,-0.69,-1.01,2.07,1.6699999999999875
2016-10-12,600644,144.68,143.01,145.35,141.67,98811,87859471.0,2.55,-1.04,-1.5,3.03,3.680000000000007
2016-10-13,600644,142.51,145.01,145.35,142.51,74163,66463609.0,1.99,1.4,2.0,2.27,2.8400000000000034
2016-10-14,600644,144.68,142.67,144.85,141.0,67690,60002739.0,2.65,-1.61,-2.34,2.07,3.8499999999999943
2016-10-17,600644,144.18,143.84,145.18,142.17,79661,71317897.0,2.11,0.82,1.17,2.44,3.0100000000000193
2016-10-18,600644,144.01,146.02,146.19,143.34,85846,77265355.0,1.98,1.52,2.18,2.63,2.8499999999999943
2016-10-19,600644,146.69,149.36,152.54,146.52,142623,132795817.0,4.12,2.29,3.34,4.37,6.019999999999982
2016-10-20,600644,148.36,149.87,151.71,148.36,98181,91332000.0,2.24,0.34,0.51,3.01,3.3499999999999943
2016-10-21,600644,150.03,149.53,151.37,147.86,94060,87188963.0,2.34,-0.23,-0.34,2.88,3.509999999999991
2016-10-24,600644,149.2,149.36,150.37,148.19,70941,65727942.0,1.46,-0.11,-0.17,2.17,2.180000000000007
2016-10-25,600644,149.87,149.36,151.54,148.36,69436,64539794.0,2.13,0.0,0.0,2.13,3.1799999999999784
2016-10-26,600644,148.86,147.36,149.7,146.52,65901,60392515.0,2.13,-1.34,-2.0,2.02,3.1799999999999784
2016-10-27,600644,147.52,149.87,150.2,146.85,76691,70823431.0,2.27,1.7,2.51,2.35,3.3499999999999943
2016-10-28,600644,149.36,146.52,149.87,146.52,65722,60266770.0,2.24,-2.24,-3.35,2.01,3.3499999999999943
2016-10-31,600644,145.68,147.36,148.19,145.35,50908,46324109.0,1.94,0.57,0.84,1.56,2.8400000000000034
2016-11-01,600644,147.36,148.19,149.2,144.85,59309,54486053.0,2.95,0.56,0.83,1.82,4.349999999999994
2016-11-02,600644,148.19,146.19,148.7,145.85,49985,45594538.0,1.92,-1.35,-2.0,1.53,2.8499999999999943
2016-11-03,600644,145.35,146.02,147.36,145.01,61820,56140349.0,1.61,-0.12,-0.17,1.89,2.3500000000000227
2016-11-04,600644,146.19,146.69,147.36,145.85,40981,37317953.0,1.03,0.46,0.67,1.26,1.5100000000000193
2016-11-07,600644,146.52,147.02,147.52,145.85,45187,41228463.0,1.14,0.22,0.33,1.38,1.670000000000016
2016-11-08,600644,147.69,149.03,149.87,146.19,82143,75490191.0,2.5,1.37,2.01,2.52,3.680000000000007
2016-11-09,600644,149.03,146.19,149.53,144.85,74687,68125395.0,3.14,-1.91,-2.84,2.29,4.680000000000007
2016-11-10,600644,146.85,148.36,148.36,145.68,53420,49040998.0,1.83,1.48,2.17,1.64,2.680000000000007
2016-11-11,600644,148.86,149.87,150.03,147.19,73190,67644072.0,1.91,1.02,1.51,2.24,2.8400000000000034
2016-11-14,600644,149.53,151.37,152.21,149.2,86153,80738505.0,2.01,1.0,1.5,2.64,3.0100000000000193
2016-11-15,600644,151.2,150.7,152.04,149.53,54837,51292481.0,1.66,-0.44,-0.67,1.68,2.509999999999991
2016-11-16,600644,150.87,151.87,152.04,149.87,52198,48875145.0,1.44,0.78,1.17,1.6,2.1699999999999875
2016-11-17,600644,151.37,150.54,151.71,149.2,54249,50592156.0,1.65,-0.88,-1.33,1.66,2.5100000000000193
2016-11-18,600644,149.87,149.03,151.04,148.53,51084,47511415.0,1.67,-1.0,-1.51,1.56,2.509999999999991
2016-11-21,600644,148.19,149.03,149.87,146.85,46808,43284896.0,2.03,0.0,0.0,1.43,3.0200000000000102
2016-11-22,600644,149.53,151.2,152.21,149.03,76132,71292765.0,2.13,1.46,2.17,2.33,3.180000000000007
2016-11-23,600644,151.04,152.88,155.39,151.04,101024,96319796.0,2.88,1.11,1.68,3.09,4.349999999999994
2016-11-24,600644,152.21,155.05,161.24,152.04,121470,117804064.0,6.02,1.42,2.17,3.72,9.200000000000017
2016-11-25,600644,154.89,153.55,155.22,149.87,79146,74833044.0,3.45,-0.97,-1.5,2.42,5.349999999999994
2016-11-28,600644,153.21,153.71,155.89,152.21,86136,82006416.0,2.4,0.1,0.16,2.64,3.6799999999999784
2016-11-29,600644,152.71,150.2,152.88,149.87,82646,77583060.0,1.96,-2.28,-3.51,2.53,3.009999999999991
2016-11-30,600644,150.2,149.2,150.87,148.53,60835,56500899.0,1.56,-0.67,-1.0,1.86,2.3400000000000034
2016-12-01,600644,149.53,150.54,150.7,148.53,50780,47226303.0,1.45,0.9,1.34,1.56,2.1699999999999875
2016-12-02,600644,150.03,147.36,150.87,147.19,62213,57467427.0,2.44,-2.11,-3.18,1.91,3.680000000000007
2016-12-05,600644,146.52,146.35,148.03,145.35,44184,40256944.0,1.82,-0.69,-1.01,1.35,2.680000000000007
2016-12-06,600644,146.85,147.19,148.03,146.52,30376,27781161.0,1.03,0.57,0.84,0.93,1.509999999999991
2016-12-07,600644,147.19,148.7,149.03,146.19,32471,29769011.0,1.93,1.03,1.51,0.99,2.8400000000000034
2016-12-08,600644,149.03,147.86,149.87,147.19,38641,35612951.0,1.8,-0.56,-0.84,1.18,2.680000000000007
2016-12-09,600644,148.19,146.35,148.53,145.85,48566,44272317.0,1.81,-1.02,-1.51,1.49,2.680000000000007
2016-12-12,600644,146.35,136.15,146.85,135.65,84428,74130750.0,7.65,-6.97,-10.2,2.59,11.199999999999989
2016-12-13,600644,136.48,138.99,139.83,136.15,57860,49798376.0,2.7,2.09,2.84,1.77,3.680000000000007
2016-12-14,600644,138.16,138.16,140.33,137.99,43294,37492492.0,1.68,-0.6,-0.83,1.33,2.3400000000000034
2016-12-15,600644,137.49,139.66,141.17,137.32,47002,40858088.0,2.79,1.09,1.5,1.44,3.8499999999999943
2016-12-16,600644,138.99,142.17,142.67,138.99,34927,30790671.0,2.63,1.8,2.51,1.07,3.6799999999999784
2016-12-19,600644,142.17,144.01,144.18,141.5,35378,31460729.0,1.89,1.29,1.84,1.08,2.680000000000007
2016-12-20,600644,143.84,143.34,144.35,141.67,33153,29477723.0,1.86,-0.47,-0.67,1.02,2.680000000000007
2016-12-21,600644,143.68,144.35,145.85,143.68,33133,29819945.0,1.51,0.7,1.01,1.01,2.1699999999999875
2016-12-22,600644,144.35,144.85,146.19,143.17,41910,37735808.0,2.09,0.35,0.5,1.28,3.0200000000000102
2016-12-23,600644,143.84,143.51,145.68,142.0,33791,30116258.0,2.54,-0.93,-1.34,1.04,3.680000000000007
2016-12-26,600644,142.67,147.02,147.19,140.33,52526,47173994.0,4.78,2.45,3.51,1.61,6.859999999999985
2016-12-27,600644,147.02,145.35,147.02,144.68,34719,31423562.0,1.59,-1.14,-1.67,1.06,2.3400000000000034
2016-12-28,600644,145.18,145.35,145.85,144.01,28967,26105610.0,1.27,0.0,0.0,0.89,1.8400000000000034
2016-12-29,600644,144.85,147.19,148.53,144.35,41107,37440729.0,2.88,1.27,1.84,1.26,4.180000000000007
2016-12-30,600644,147.02,147.52,148.03,144.85,37912,34588739.0,2.16,0.22,0.33,1.16,3.180000000000007
2017-01-03,600644,147.19,149.7,149.87,145.85,63275,58416571.0,2.73,1.48,2.18,1.94,4.02000000000001
2017-01-04,600644,150.03,149.7,151.04,148.53,58928,54780250.0,1.68,0.0,0.0,1.8,2.509999999999991
2017-01-05,600644,149.7,150.37,151.54,149.2,52687,49229380.0,1.56,0.45,0.67,1.61,2.3400000000000034
2017-01-06,600644,149.7,150.37,152.04,149.7,59682,55948206.0,1.56,0.0,0.0,1.83,2.3400000000000034
2017-01-09,600644,149.7,151.37,151.71,149.03,41647,38862957.0,1.78,0.67,1.0,1.28,2.680000000000007
2017-01-10,600644,151.2,150.37,152.04,149.7,44263,41439300.0,1.55,-0.66,-1.0,1.36,2.3400000000000034
2017-01-11,600644,149.87,148.19,151.37,147.86,50365,46739379.0,2.33,-1.45,-2.18,1.54,3.509999999999991
2017-01-12,600644,148.19,149.03,149.53,146.85,42255,38995719.0,1.81,0.57,0.84,1.29,2.680000000000007
2017-01-13,600644,148.53,143.34,149.2,142.84,62363,56317225.0,4.27,-3.82,-5.69,1.91,6.359999999999985
2017-01-16,600644,142.34,139.33,143.51,134.64,65596,56980601.0,6.19,-2.8,-4.01,2.01,8.870000000000005
2017-01-17,600644,139.33,140.0,140.33,136.48,50323,43483942.0,2.76,0.48,0.67,1.54,3.8500000000000227
2017-01-18,600644,139.66,137.82,139.66,136.15,57133,48985512.0,2.51,-1.56,-2.18,1.75,3.509999999999991
2017-01-19,600644,137.49,137.49,137.82,134.98,34609,29493367.0,2.06,-0.24,-0.33,1.06,2.8400000000000034
2017-01-20,600644,137.32,139.33,139.66,136.32,37582,32458549.0,2.43,1.34,1.84,1.15,3.3400000000000034
2017-01-23,600644,139.16,140.66,141.17,138.66,38445,33568988.0,1.8,0.95,1.33,1.18,2.509999999999991
2017-01-24,600644,140.66,140.16,141.0,139.16,30704,26734001.0,1.31,-0.36,-0.5,0.94,1.8400000000000034
2017-01-25,600644,139.83,140.33,140.83,139.33,31355,27327938.0,1.07,0.12,0.17,0.96,1.5
2017-01-26,600644,140.33,141.5,142.0,140.16,25596,22478641.0,1.31,0.83,1.17,0.78,1.8400000000000034
2017-02-03,600644,142.0,140.5,142.0,140.0,20055,17553073.0,1.41,-0.71,-1.0,0.61,2.0
2017-02-06,600644,139.49,141.5,142.17,139.33,44735,39204058.0,2.02,0.71,1.0,1.37,2.839999999999975
2017-02-07,600644,141.5,142.0,142.17,140.33,35294,31016062.0,1.3,0.35,0.5,1.08,1.839999999999975
2017-02-08,600644,141.5,143.34,143.68,140.83,39178,34684831.0,2.01,0.94,1.34,1.2,2.8499999999999943
2017-02-09,600644,143.17,144.68,145.68,143.17,41357,37204143.0,1.75,0.93,1.34,1.27,2.5100000000000193
2017-02-10,600644,145.52,146.85,148.03,145.01,66897,60891700.0,2.09,1.5,2.17,2.05,3.0200000000000102
2017-02-13,600644,147.02,148.19,148.36,145.35,55183,50308801.0,2.05,0.91,1.34,1.69,3.0100000000000193
2017-02-14,600644,147.19,146.69,148.36,146.02,49166,44870575.0,1.58,-1.01,-1.5,1.51,2.3400000000000034
2017-02-15,600644,146.35,145.35,148.36,144.85,53477,48696367.0,2.39,-0.91,-1.34,1.64,3.5100000000000193
2017-02-16,600644,145.18,149.03,149.2,144.35,71481,65439625.0,3.34,2.53,3.68,2.19,4.849999999999994
2017-02-17,600644,151.2,147.86,155.05,147.52,152869,143451243.0,5.05,-0.79,-1.17,4.68,7.530000000000001
2017-02-20,600644,146.35,148.36,148.7,145.52,88938,81055135.0,2.15,0.34,0.5,2.72,3.1799999999999784
2017-02-21,600644,148.19,149.53,150.2,147.86,57763,53485779.0,1.58,0.79,1.17,1.77,2.339999999999975
2017-02-22,600644,149.87,152.04,152.21,149.03,77615,72657601.0,2.13,1.68,2.51,2.38,3.180000000000007
2017-02-23,600644,151.2,150.2,152.04,148.7,53708,50018289.0,2.2,-1.21,-1.84,1.65,3.3400000000000034
2017-02-24,600644,150.54,151.87,151.87,149.2,52981,49572040.0,1.78,1.11,1.67,1.62,2.670000000000016
2017-02-27,600644,151.87,148.36,152.38,147.86,67520,62592081.0,2.98,-2.31,-3.51,2.07,4.519999999999982
2017-02-28,600644,147.52,146.35,148.03,145.35,97240,88518949.0,1.81,-1.35,-2.01,2.98,2.680000000000007
2017-03-01,600644,146.52,146.02,147.19,145.01,96553,87555054.0,1.49,-0.23,-0.33,2.96,2.180000000000007
2017-03-02,600644,146.52,150.2,156.22,146.35,221244,207861885.0,6.76,2.86,4.18,6.78,9.870000000000005
2017-03-03,600644,148.86,147.86,149.7,146.35,103762,95086567.0,2.23,-1.56,-2.34,3.18,3.3499999999999943
2017-03-06,600644,148.03,148.19,149.2,146.69,74581,68449102.0,1.7,0.22,0.33,2.28,2.509999999999991
2017-03-07,600644,148.36,152.88,154.55,148.19,186292,175656411.0,4.29,3.16,4.69,5.71,6.360000000000014
2017-03-08,600644,152.54,154.05,154.22,150.03,142723,134576771.0,2.74,0.77,1.17,4.37,4.189999999999998
2017-03-09,600644,153.88,151.37,153.88,149.36,126118,118478248.0,2.93,-1.74,-2.68,3.86,4.519999999999982
2017-03-10,600644,150.03,149.03,151.2,147.19,81581,75768182.0,2.65,-1.55,-2.34,2.5,4.009999999999991
2017-03-13,600644,147.86,149.2,149.7,146.35,55660,51185097.0,2.25,0.11,0.17,1.7,3.3499999999999943
2017-03-14,600644,149.2,147.69,149.53,146.85,60209,55299641.0,1.8,-1.01,-1.51,1.84,2.680000000000007
2017-03-15,600644,147.36,147.52,147.69,146.52,42053,38416520.0,0.79,-0.12,-0.17,1.29,1.1699999999999875
2017-03-16,600644,148.03,148.86,149.2,147.52,59179,54600206.0,1.14,0.91,1.34,1.81,1.6799999999999784
2017-03-17,600644,148.86,145.18,149.2,144.85,93805,85804920.0,2.92,-2.47,-3.68,2.87,4.349999999999994
2017-03-20,600644,144.85,146.02,146.35,144.85,55403,50088812.0,1.03,0.58,0.84,1.7,1.5
2017-03-21,600644,145.85,147.02,147.52,145.52,44975,40994712.0,1.37,0.68,1.0,1.38,2.0
2017-03-22,600644,146.35,146.35,147.52,145.35,44574,40510695.0,1.48,-0.46,-0.67,1.37,2.170000000000016
2017-03-23,600644,146.52,147.19,147.52,145.52,47113,42944809.0,1.37,0.57,0.84,1.44,2.0
2017-03-24,600644,147.19,147.19,147.52,146.02,37827,34469166.0,1.02,0.0,0.0,1.16,1.5
2017-03-27,600644,147.36,148.53,148.53,146.52,51086,46872859.0,1.37,0.91,1.34,1.56,2.009999999999991
2017-03-28,600644,148.7,149.2,149.36,147.52,56289,51953673.0,1.24,0.45,0.67,1.72,1.8400000000000034
2017-03-29,600644,149.2,148.7,151.04,147.69,65569,60706182.0,2.25,-0.34,-0.5,2.01,3.3499999999999943
2017-03-30,600644,148.03,152.21,156.73,143.34,297157,278620816.0,9.0,2.36,3.51,9.1,13.389999999999986
2017-03-31,600644,150.2,154.72,164.42,149.53,314853,305749616.0,9.78,1.65,2.51,9.64,14.889999999999986
2017-04-05,600644,152.38,158.06,159.23,150.03,210252,202117268.0,5.95,2.16,3.34,6.44,9.199999999999989
2017-04-06,600644,156.56,157.23,162.58,156.06,235111,231894792.0,4.13,-0.53,-0.83,7.2,6.52000000000001
2017-04-07,600644,156.73,156.56,159.07,154.55,134989,130574705.0,2.87,-0.43,-0.67,4.13,4.519999999999982
2017-04-10,600644,155.72,153.55,155.89,153.04,124071,118637323.0,1.82,-1.92,-3.01,3.8,2.8499999999999943
2017-04-11,600644,153.21,157.56,157.73,152.21,127328,121835280.0,3.59,2.61,4.01,3.9,5.519999999999982
2017-04-12,600644,157.39,158.73,160.91,155.55,165609,162299498.0,3.4,0.74,1.17,5.07,5.359999999999985
2017-04-13,600644,159.4,157.73,159.74,156.89,105850,103818645.0,1.8,-0.63,-1.0,3.24,2.8500000000000227
2017-04-14,600644,157.39,154.22,157.56,152.38,100065,95687434.0,3.28,-2.23,-3.51,3.06,5.180000000000007
2017-04-17,600644,153.21,150.03,155.72,148.19,77606,73068358.0,4.88,-2.72,-4.19,2.38,7.530000000000001
2017-04-18,600644,150.2,146.19,150.7,145.68,75747,69701101.0,3.35,-2.56,-3.84,2.32,5.019999999999982
2017-04-19,600644,145.35,142.0,145.35,140.66,76003,67381015.0,3.21,-2.87,-4.19,2.33,4.689999999999998
2017-04-20,600644,142.0,142.51,143.51,141.0,46372,41040967.0,1.77,0.36,0.51,1.42,2.509999999999991
2017-04-21,600644,142.51,142.67,144.18,142.17,36611,32567935.0,1.41,0.11,0.16,1.12,2.0100000000000193
2017-04-24,600644,142.51,129.62,142.51,128.28,89294,73795894.0,9.97,-9.15,-13.05,2.74,14.22999999999999
2017-04-25,600644,129.12,130.13,131.46,129.12,38273,31164953.0,1.81,0.39,0.51,1.17,2.3400000000000034
2017-04-26,600644,130.46,128.62,131.13,128.28,41439,33457961.0,2.19,-1.16,-1.51,1.27,2.8499999999999943
2017-04-27,600644,128.12,130.63,131.3,123.43,80970,64403698.0,6.12,1.56,2.01,2.48,7.8700000000000045
2017-04-28,600644,130.63,130.63,131.13,129.29,34568,28117703.0,1.41,0.0,0.0,1.06,1.8400000000000034
2017-05-02,600644,130.13,130.96,131.3,129.62,34231,27898784.0,1.29,0.25,0.33,1.05,1.6800000000000068
2017-05-03,600644,130.96,130.13,131.3,128.62,30220,24543211.0,2.05,-0.63,-0.83,0.93,2.680000000000007
2017-05-04,600644,129.12,130.63,131.13,129.12,40663,33093698.0,1.54,0.38,0.5,1.25,2.009999999999991
2017-05-05,600644,129.79,128.12,130.79,128.12,26400,21355369.0,2.04,-1.92,-2.51,0.81,2.6699999999999875
2017-05-08,600644,127.28,123.27,127.95,122.26,52721,41054159.0,4.44,-3.79,-4.85,1.61,5.689999999999998
2017-05-09,600644,123.1,126.11,126.78,122.26,45844,35781328.0,3.67,2.3,2.84,1.4,4.519999999999996
2017-05-10,600644,126.11,122.43,126.44,122.26,47601,36949140.0,3.31,-2.92,-3.68,1.46,4.179999999999993
2017-05-11,600644,120.92,119.75,123.27,116.57,34485,25859755.0,5.47,-2.19,-2.68,1.06,6.700000000000003
2017-05-12,600644,118.92,119.75,120.42,118.92,21186,15861682.0,1.25,0.0,0.0,0.65,1.5
2017-05-15,600644,119.25,119.92,120.92,119.25,14459,10885726.0,1.39,0.14,0.17,0.44,1.6700000000000017
2017-05-16,600644,119.42,122.76,122.93,118.08,24307,18390023.0,4.04,2.37,2.84,0.74,4.8500000000000085
2017-05-17,600644,122.76,123.6,125.61,121.93,33061,25591877.0,3.0,0.68,0.84,1.01,3.6799999999999926
2017-05-18,600644,121.93,122.93,123.77,121.93,25030,19240423.0,1.49,-0.54,-0.67,0.77,1.8399999999999892
2017-05-19,600644,123.1,124.1,124.77,122.93,25072,19460749.0,1.5,0.95,1.17,0.77,1.8399999999999892
2017-05-22,600644,123.6,119.92,124.44,119.59,30595,23363355.0,3.91,-3.37,-4.18,0.94,4.849999999999994
2017-05-23,600644,120.25,114.57,121.43,113.73,38037,27874629.0,6.42,-4.46,-5.35,1.17,7.700000000000003
2017-05-24,600644,114.4,113.9,114.9,111.05,32420,23014870.0,3.36,-0.58,-0.67,0.99,3.8500000000000085
2017-05-25,600644,114.57,115.57,115.9,111.72,27226,19513537.0,3.67,1.47,1.67,0.83,4.180000000000007
2017-05-26,600644,115.9,116.07,116.91,115.24,17993,13097134.0,1.45,0.43,0.5,0.55,1.6700000000000017
2017-05-31,600644,116.74,116.07,120.59,115.9,18697,13741068.0,4.04,0.0,0.0,0.57,4.689999999999998
2017-06-01,600644,115.57,113.56,117.24,113.06,23567,17069179.0,3.6,-2.16,-2.51,0.72,4.179999999999993
2017-06-02,600644,113.56,114.73,115.4,112.06,21977,15651304.0,2.94,1.03,1.17,0.67,3.3400000000000034
2017-06-05,600644,114.73,115.9,117.58,114.73,19311,14057598.0,2.48,1.02,1.17,0.59,2.8499999999999943
2017-06-06,600644,115.24,116.24,116.24,114.73,14400,10463589.0,1.3,0.29,0.34,0.44,1.509999999999991
2017-06-07,600644,116.07,118.41,118.92,116.07,27951,20645973.0,2.45,1.87,2.17,0.86,2.8500000000000085
2017-06-08,600644,118.41,116.91,119.59,116.91,31730,23428534.0,2.26,-1.27,-1.5,0.97,2.680000000000007
2017-06-09,600644,116.91,117.58,117.75,116.24,21096,15476141.0,1.29,0.57,0.67,0.65,1.5100000000000051
2017-06-12,600644,115.74,115.24,117.58,114.9,19198,13947492.0,2.28,-1.99,-2.34,0.59,2.6799999999999926
2017-06-13,600644,115.57,116.74,117.08,115.07,15891,11598820.0,1.74,1.3,1.5,0.49,2.010000000000005
2017-06-14,600644,116.91,118.08,118.25,116.41,20846,15306524.0,1.58,1.15,1.34,0.64,1.8400000000000034
2017-06-15,600644,117.91,119.25,120.42,117.58,36007,26903322.0,2.41,0.99,1.17,1.1,2.8400000000000034
2017-06-16,600644,119.42,119.92,120.25,118.75,28585,21410092.0,1.26,0.56,0.67,0.88,1.5
2017-06-19,600644,119.92,122.6,123.6,119.42,48969,37403699.0,3.49,2.23,2.68,1.5,4.179999999999993
2017-06-20,600644,122.26,121.09,122.93,120.59,25427,19330912.0,1.91,-1.23,-1.51,0.78,2.3400000000000034
2017-06-21,600644,121.26,120.76,121.59,119.92,18626,14069507.0,1.38,-0.27,-0.33,0.57,1.6700000000000017
2017-06-22,600644,120.92,118.08,121.26,117.91,22342,16790342.0,2.77,-2.22,-2.68,0.68,3.3500000000000085
2017-06-23,600644,117.24,118.41,119.08,115.74,19040,14029049.0,2.83,0.28,0.33,0.58,3.3400000000000034
2017-06-26,600644,117.91,120.09,120.42,117.24,17204,12827897.0,2.69,1.42,1.68,0.53,3.180000000000007
2017-06-27,600644,119.92,120.76,122.09,119.75,25671,19465143.0,1.95,0.56,0.67,0.79,2.3400000000000034
2017-06-28,600644,120.59,119.92,121.26,118.58,18464,13846474.0,2.22,-0.7,-0.84,0.57,2.680000000000007
2017-06-29,600644,119.92,121.26,122.6,119.92,19608,14899581.0,2.23,1.12,1.34,0.6,2.6799999999999926
2017-06-30,600644,120.59,121.26,121.93,120.09,15428,11684485.0,1.52,0.0,0.0,0.47,1.8400000000000034
2017-07-03,600644,121.43,121.93,122.09,120.42,18909,14371829.0,1.38,0.55,0.67,0.58,1.6700000000000017
2017-07-04,600644,122.09,121.26,122.09,120.42,18711,14171225.0,1.37,-0.55,-0.67,0.57,1.6700000000000017
2017-07-05,600644,121.09,121.43,121.59,120.09,23535,17822660.0,1.24,0.14,0.17,0.72,1.5
2017-07-06,600644,121.43,121.43,121.76,120.25,27857,21103773.0,1.24,0.0,0.0,0.85,1.5100000000000051
2017-07-07,600644,121.43,122.43,122.43,120.59,31006,23630078.0,1.52,0.82,1.0,0.95,1.8400000000000034
2017-07-10,600644,122.76,121.93,123.6,121.59,27609,21151485.0,1.64,-0.41,-0.5,0.85,2.009999999999991
2017-07-11,600644,122.26,120.76,122.43,120.59,22255,16949671.0,1.51,-0.96,-1.17,0.68,1.8400000000000034
2017-07-12,600644,120.92,119.25,121.09,117.58,29577,22040919.0,2.91,-1.25,-1.51,0.91,3.510000000000005
2017-07-13,600644,119.42,120.76,121.09,117.58,37776,28120645.0,2.94,1.27,1.51,1.16,3.510000000000005
2017-07-14,600644,120.09,118.92,120.42,118.41,21517,16058329.0,1.66,-1.52,-1.84,0.66,2.010000000000005
2017-07-17,600644,118.25,111.55,118.75,111.39,45664,32726311.0,6.19,-6.2,-7.37,1.4,7.359999999999999
2017-07-18,600644,112.22,112.73,113.23,110.55,30737,21575720.0,2.4,1.06,1.18,0.94,2.680000000000007
2017-07-19,600644,112.89,114.9,115.24,111.55,27340,19539510.0,3.27,1.92,2.17,0.84,3.6899999999999977
2017-07-20,600644,114.9,118.75,120.59,114.06,53826,39695546.0,5.68,3.35,3.85,1.65,6.530000000000001
2017-07-21,600644,118.08,118.08,120.59,117.58,34370,25588476.0,2.53,-0.56,-0.67,1.05,3.010000000000005
2017-07-24,600644,117.08,118.92,119.25,116.91,24788,18381478.0,1.98,0.71,0.84,0.76,2.3400000000000034
2017-07-25,600644,118.75,118.58,119.59,117.41,20313,15076729.0,1.83,-0.29,-0.34,0.62,2.180000000000007
2017-07-26,600644,118.75,116.74,118.75,115.24,27127,19831204.0,2.96,-1.55,-1.84,0.83,3.510000000000005
2017-07-27,600644,116.07,118.08,118.41,115.57,25683,18828975.0,2.43,1.15,1.34,0.79,2.8400000000000034
2017-07-28,600644,118.41,118.75,119.08,117.24,23282,17287530.0,1.56,0.57,0.67,0.71,1.8400000000000034
2017-07-31,600644,118.08,118.58,118.58,116.91,28106,20746318.0,1.41,-0.14,-0.17,0.86,1.6700000000000017
2017-08-01,600644,118.25,118.75,119.08,117.75,26935,19979409.0,1.12,0.14,0.17,0.83,1.3299999999999983
2017-08-02,600644,118.58,116.07,118.58,115.24,31957,23412063.0,2.81,-2.26,-2.68,0.98,3.3400000000000034
2017-08-03,600644,116.57,116.24,117.24,115.4,22171,16150758.0,1.59,0.15,0.17,0.68,1.8399999999999892
2017-08-04,600644,115.74,117.08,117.91,115.74,30521,22417368.0,1.87,0.72,0.84,0.93,2.1700000000000017
2017-08-07,600644,116.74,117.08,117.75,115.57,25772,18825601.0,1.86,0.0,0.0,0.79,2.180000000000007
2017-08-08,600644,117.08,117.75,118.25,116.24,32578,23988718.0,1.72,0.57,0.67,1.0,2.010000000000005
2017-08-09,600644,117.24,120.09,120.25,117.08,44927,33547194.0,2.69,1.99,2.34,1.38,3.1700000000000017
2017-08-10,600644,119.59,117.24,119.75,116.41,35575,26314111.0,2.78,-2.37,-2.85,1.09,3.3400000000000034
2017-08-11,600644,116.57,115.4,117.41,114.9,26943,19669880.0,2.14,-1.57,-1.84,0.83,2.509999999999991
2017-08-14,600644,115.24,118.41,118.92,115.24,24992,18456404.0,3.19,2.61,3.01,0.77,3.680000000000007
2017-08-15,600644,118.41,118.08,118.92,117.24,18011,13309928.0,1.42,-0.28,-0.33,0.55,1.6800000000000068
2017-08-16,600644,117.91,119.59,120.09,117.91,31859,23817004.0,1.85,1.28,1.51,0.98,2.180000000000007
2017-08-17,600644,119.59,120.59,120.76,119.08,36939,27768479.0,1.4,0.84,1.0,1.13,1.6800000000000068
2017-08-18,600644,120.59,122.43,123.6,119.92,75584,57758343.0,3.05,1.53,1.84,2.32,3.6799999999999926
2017-08-21,600644,122.6,122.09,123.94,121.59,35797,27365804.0,1.92,-0.28,-0.34,1.1,2.3499999999999943
2017-08-22,600644,121.43,121.09,122.26,119.92,27895,21119508.0,1.92,-0.82,-1.0,0.85,2.3400000000000034
2017-08-23,600644,121.09,121.26,121.93,119.92,27627,20945913.0,1.66,0.14,0.17,0.85,2.010000000000005
2017-08-24,600644,121.26,121.43,122.6,120.09,36551,27800001.0,2.07,0.14,0.17,1.12,2.509999999999991
2017-08-25,600644,121.43,121.93,122.6,121.43,29033,22152014.0,0.96,0.41,0.5,0.89,1.1699999999999875
2017-08-28,600644,122.43,121.93,122.76,121.43,45412,34617526.0,1.09,0.0,0.0,1.39,1.3299999999999983
2017-08-29,600644,122.09,123.43,125.78,121.76,73686,57133562.0,3.3,1.23,1.5,2.26,4.019999999999996
2017-08-30,600644,122.76,122.43,123.43,121.76,43302,33140811.0,1.35,-0.81,-1.0,1.33,1.6700000000000017
2017-08-31,600644,122.43,121.09,122.43,120.59,34862,26429640.0,1.5,-1.09,-1.34,1.07,1.8400000000000034
2017-09-01,600644,121.43,122.76,122.93,120.59,51509,39190799.0,1.93,1.38,1.67,1.58,2.3400000000000034
2017-09-04,600644,121.93,121.43,122.6,121.09,43135,32813821.0,1.23,-1.08,-1.33,1.32,1.509999999999991
2017-09-05,600644,121.43,121.26,121.59,120.92,26682,20241584.0,0.55,-0.14,-0.17,0.82,0.6700000000000017
2017-09-06,600644,120.76,121.26,121.26,120.59,26355,19951309.0,0.55,0.0,0.0,0.81,0.6700000000000017
2017-09-07,600644,121.43,119.92,121.43,119.75,36406,27429551.0,1.39,-1.11,-1.34,1.12,1.6800000000000068
2017-09-08,600644,120.09,120.09,120.59,119.42,23842,17914970.0,0.98,0.14,0.17,0.73,1.1700000000000017
2017-09-11,600644,120.59,120.59,120.76,119.59,21581,16241070.0,0.97,0.42,0.5,0.66,1.1700000000000017
2017-09-12,600644,120.42,119.92,120.76,119.08,32638,24554506.0,1.39,-0.56,-0.67,1.0,1.6800000000000068
2017-09-13,600644,119.75,119.59,120.09,118.75,28391,21197620.0,1.12,-0.28,-0.33,0.87,1.3400000000000034
2017-09-14,600644,119.59,119.59,120.42,119.08,25511,19131861.0,1.12,0.0,0.0,0.78,1.3400000000000034
2017-09-15,600644,119.59,119.75,120.09,118.41,25596,19088207.0,1.4,0.13,0.16,0.78,1.6800000000000068
2017-09-18,600644,119.75,120.25,120.25,119.08,19495,14604522.0,0.98,0.42,0.5,0.6,1.1700000000000017
2017-09-19,600644,120.25,120.42,120.76,119.59,26074,19611993.0,0.97,0.14,0.17,0.8,1.1700000000000017
2017-09-20,600644,120.59,122.09,122.76,120.09,66123,50370380.0,2.22,1.39,1.67,2.03,2.6700000000000017
2017-09-21,600644,122.09,120.59,122.6,120.25,29924,22726674.0,1.92,-1.23,-1.5,0.92,2.3499999999999943
2017-09-22,600644,120.42,118.58,120.59,118.08,34059,25382747.0,2.08,-1.67,-2.01,1.04,2.510000000000005
2017-09-25,600644,118.58,116.74,118.58,116.57,16956,12499780.0,1.7,-1.55,-1.84,0.52,2.010000000000005
2017-09-26,600644,116.74,117.24,117.58,116.74,10666,7838720.0,0.72,0.43,0.5,0.33,0.8400000000000034
2017-09-27,600644,117.41,117.75,118.25,117.41,10111,7465743.0,0.72,0.44,0.51,0.31,0.8400000000000034
2017-09-28,600644,118.08,116.57,118.58,116.41,20451,15051510.0,1.84,-1.0,-1.18,0.63,2.1700000000000017
2017-09-29,600644,116.41,117.58,117.75,115.24,19065,13963790.0,2.15,0.87,1.01,0.58,2.510000000000005
2017-10-09,600644,118.58,118.08,118.75,117.75,18473,13680752.0,0.85,0.43,0.5,0.57,1.0
2017-10-10,600644,117.75,119.08,119.59,116.74,26802,19784619.0,2.41,0.85,1.0,0.82,2.8500000000000085
2017-10-11,600644,118.92,119.25,120.25,117.91,35384,26443476.0,1.97,0.14,0.17,1.08,2.3400000000000034
2017-10-12,600644,118.75,119.92,120.76,117.91,40601,30379174.0,2.39,0.56,0.67,1.24,2.8500000000000085
2017-10-13,600644,119.42,119.42,120.09,118.92,36910,27601807.0,0.98,-0.42,-0.5,0.69,1.1700000000000017
2017-10-16,600644,119.75,116.91,120.09,116.74,27749,20564081.0,2.81,-2.1,-2.51,0.52,3.3500000000000085
2017-10-17,600644,116.74,118.75,118.92,116.41,25788,19046115.0,2.15,1.57,1.84,0.48,2.510000000000005
2017-10-18,600644,118.08,119.08,119.25,117.91,26804,19931259.0,1.13,0.28,0.33,0.5,1.3400000000000034
2017-10-19,600644,118.58,118.75,118.92,116.41,21028,15551277.0,2.11,-0.28,-0.33,0.39,2.510000000000005
2017-10-20,600644,117.91,120.59,120.59,117.91,30345,22717548.0,2.26,1.55,1.84,0.56,2.680000000000007
2017-10-23,600644,120.25,121.09,121.43,119.75,24081,18206833.0,1.39,0.41,0.5,0.45,1.6800000000000068
2017-10-24,600644,121.09,119.92,121.09,119.42,16977,12755954.0,1.38,-0.97,-1.17,0.32,1.6700000000000017
2017-10-25,600644,120.09,119.25,120.09,118.75,17276,12915808.0,1.12,-0.56,-0.67,0.32,1.3400000000000034
2017-10-26,600644,119.08,119.25,119.42,118.58,17222,12839245.0,0.7,0.0,0.0,0.32,0.8400000000000034
2017-10-27,600644,119.25,117.08,119.25,117.08,21910,16194739.0,1.82,-1.82,-2.17,0.41,2.1700000000000017
2017-10-30,600644,116.57,113.06,117.24,112.22,31316,22411337.0,4.29,-3.43,-4.02,0.58,5.019999999999996
2017-10-31,600644,113.06,114.06,114.23,113.06,9500,6772509.0,1.03,0.88,1.0,0.18,1.1700000000000017
2017-11-01,600644,113.56,114.57,115.9,113.56,15842,11434007.0,2.05,0.45,0.51,0.29,2.3400000000000034
2017-11-02,600644,114.06,113.9,114.57,113.23,13005,9283106.0,1.17,-0.58,-0.67,0.24,1.3399999999999892
2017-11-03,600644,114.06,112.89,114.06,112.73,15516,11039090.0,1.17,-0.89,-1.01,0.29,1.3299999999999983
2017-11-06,600644,112.89,114.4,115.07,112.39,13510,9624664.0,2.37,1.34,1.51,0.25,2.6799999999999926
2017-11-07,600644,114.23,114.4,114.73,113.4,15609,11166599.0,1.16,0.0,0.0,0.29,1.3299999999999983
2017-11-08,600644,114.4,114.73,115.24,113.9,12924,9302638.0,1.17,0.29,0.33,0.24,1.3399999999999892
2017-11-09,600644,115.07,115.4,115.74,114.23,9040,6521746.0,1.32,0.58,0.67,0.17,1.509999999999991
2017-11-10,600644,115.57,116.41,116.57,114.9,13798,10039161.0,1.45,0.88,1.01,0.26,1.6699999999999875
2017-11-13,600644,116.41,115.74,116.41,114.57,15898,11488754.0,1.58,-0.58,-0.67,0.3,1.8400000000000034
2017-11-14,600644,115.57,113.73,115.57,113.06,20615,14763488.0,2.17,-1.74,-2.01,0.38,2.509999999999991
2017-11-15,600644,113.73,113.4,114.23,112.89,15781,11214107.0,1.18,-0.29,-0.33,0.29,1.3400000000000034
2017-11-16,600644,113.9,113.4,114.23,112.39,14534,10344936.0,1.62,0.0,0.0,0.27,1.8400000000000034
2017-11-17,600644,113.56,108.71,113.9,108.38,32634,22975790.0,4.87,-4.14,-4.69,0.61,5.52000000000001
2017-11-20,600644,109.05,110.22,110.38,106.37,29227,19818776.0,3.69,1.39,1.51,0.54,4.009999999999991
2017-11-21,600644,109.71,110.55,110.72,109.21,25239,17470187.0,1.37,0.3,0.33,0.47,1.5100000000000051
2017-11-22,600644,109.71,110.05,111.05,108.21,21356,14708251.0,2.57,-0.45,-0.5,0.4,2.8400000000000034
2017-11-23,600644,109.55,107.04,109.71,106.87,20041,13667491.0,2.58,-2.74,-3.01,0.37,2.839999999999989
2017-11-24,600644,108.04,107.37,108.04,106.54,7846,5296898.0,1.4,0.31,0.33,0.15,1.5
2017-11-27,600644,106.87,107.71,108.38,106.87,7960,5402567.0,1.41,0.32,0.34,0.15,1.509999999999991
2017-11-28,600644,108.54,108.71,108.88,106.7,8834,6005049.0,2.02,0.93,1.0,0.16,2.1799999999999926
2017-11-29,600644,108.88,109.05,109.21,107.71,9984,6803596.0,1.38,0.31,0.34,0.19,1.5
2017-11-30,600644,108.21,108.71,109.05,107.37,5765,3931692.0,1.54,-0.31,-0.34,0.11,1.6799999999999926
2017-12-01,600644,108.88,109.05,109.55,107.54,16488,11249219.0,1.85,0.31,0.34,0.31,2.009999999999991
2017-12-04,600644,108.38,107.87,108.38,107.21,9898,6711637.0,1.07,-1.08,-1.18,0.18,1.1700000000000017
2017-12-05,600644,108.04,104.86,108.04,104.7,22600,15160864.0,3.1,-2.79,-3.01,0.42,3.3400000000000034
2017-12-06,600644,104.86,105.2,105.53,104.19,9999,6596608.0,1.28,0.32,0.34,0.19,1.3400000000000034
2017-12-07,600644,104.53,105.53,106.37,104.19,7995,5313571.0,2.07,0.31,0.33,0.15,2.180000000000007
2017-12-08,600644,105.2,106.37,106.87,105.2,6694,4472049.0,1.58,0.8,0.84,0.12,1.6700000000000017
2017-12-11,600644,106.37,107.21,107.54,106.2,7728,5200972.0,1.26,0.79,0.84,0.14,1.3400000000000034
2017-12-12,600644,106.7,107.71,108.21,106.7,9715,6577421.0,1.41,0.47,0.5,0.18,1.509999999999991
2017-12-13,600644,106.87,108.04,108.04,106.87,5406,3660714.0,1.09,0.31,0.33,0.1,1.1700000000000017
2017-12-14,600644,107.54,108.71,109.05,107.37,8725,5951049.0,1.55,0.62,0.67,0.16,1.6799999999999926
2017-12-15,600644,107.87,109.21,110.22,107.87,12991,8920309.0,2.16,0.46,0.5,0.24,2.3499999999999943
2017-12-18,600644,119.42,120.76,120.76,119.42,60351,45578842.0,1.23,10.58,11.55,1.12,1.3400000000000034
2017-12-19,600644,124.94,123.6,129.12,120.92,261351,204135229.0,6.79,2.35,2.84,4.85,8.200000000000003
2017-12-20,600644,118.08,120.59,121.43,116.41,136870,101861949.0,4.06,-2.44,-3.01,2.54,5.02000000000001
2017-12-21,600644,118.25,118.25,120.09,116.57,95734,70704089.0,2.92,-1.94,-2.34,1.78,3.5200000000000102
2017-12-22,600644,117.24,116.91,118.08,114.23,89923,65468864.0,3.26,-1.13,-1.34,1.67,3.8499999999999943
2017-12-25,600644,114.9,113.23,116.57,111.72,65326,47032733.0,4.15,-3.15,-3.68,1.21,4.849999999999994
2017-12-26,600644,113.06,114.73,115.24,112.39,49615,35546913.0,2.52,1.32,1.5,0.92,2.8499999999999943
2017-12-27,600644,114.4,113.56,115.74,112.89,42581,30457331.0,2.48,-1.02,-1.17,0.79,2.8499999999999943
2017-12-28,600644,113.23,111.89,113.23,111.72,35940,25369446.0,1.33,-1.47,-1.67,0.67,1.5100000000000051
2017-12-29,600644,112.06,112.22,112.73,111.22,23601,16592123.0,1.35,0.29,0.33,0.44,1.5100000000000051
2018-01-02,600644,112.89,113.73,113.9,111.22,33259,23507016.0,2.39,1.35,1.51,0.62,2.680000000000007
2018-01-03,600644,113.06,113.9,114.06,112.56,34537,24612705.0,1.32,0.15,0.17,0.64,1.5
2018-01-04,600644,113.73,115.4,115.57,113.06,45991,33111885.0,2.2,1.32,1.5,0.85,2.509999999999991
2018-01-05,600644,115.4,114.23,115.4,113.9,30680,22031090.0,1.3,-1.01,-1.17,0.57,1.5
2018-01-08,600644,114.4,112.39,115.07,111.72,30608,21631772.0,2.93,-1.61,-1.84,0.57,3.3499999999999943
2018-01-09,600644,112.39,110.22,112.56,110.05,39833,27820430.0,2.23,-1.93,-2.17,0.74,2.510000000000005
2018-01-10,600644,110.22,108.71,110.55,107.21,44166,30165169.0,3.03,-1.37,-1.51,0.82,3.3400000000000034
2018-01-11,600644,108.54,108.71,109.38,107.54,26469,18038417.0,1.69,0.0,0.0,0.49,1.8399999999999892
2018-01-12,600644,108.71,108.21,108.88,107.71,19724,13424065.0,1.08,-0.46,-0.5,0.37,1.1700000000000017
2018-01-15,600644,108.88,107.54,109.38,107.21,28010,19136173.0,2.01,-0.62,-0.67,0.52,2.1700000000000017
2018-01-16,600644,107.21,107.54,108.21,104.86,17184,11562283.0,3.12,0.0,0.0,0.32,3.3499999999999943
2018-01-17,600644,107.54,108.21,108.88,105.53,21325,14405652.0,3.12,0.62,0.67,0.4,3.3499999999999943
2018-01-18,600644,108.21,107.87,109.05,107.37,14033,9544429.0,1.55,-0.31,-0.34,0.26,1.6799999999999926
2018-01-19,600644,107.87,107.37,108.38,107.21,18685,12659464.0,1.08,-0.46,-0.5,0.35,1.1700000000000017
2018-01-22,600644,106.03,107.71,108.54,106.03,13976,9426059.0,2.34,0.32,0.34,0.26,2.510000000000005
2018-01-23,600644,107.21,107.37,108.04,107.21,13678,9253653.0,0.77,-0.32,-0.34,0.25,0.8300000000000125
2018-01-24,600644,107.54,107.21,107.54,106.37,14910,10046094.0,1.09,-0.15,-0.16,0.28,1.1700000000000017
2018-01-25,600644,106.54,107.54,108.04,106.03,20464,13804042.0,1.87,0.31,0.33,0.38,2.010000000000005
2018-01-26,600644,107.21,107.87,108.38,107.21,24803,16835896.0,1.09,0.31,0.33,0.46,1.1700000000000017
2018-01-29,600644,107.71,105.36,107.87,105.2,23765,15912113.0,2.48,-2.33,-2.51,0.44,2.6700000000000017
2018-01-30,600644,104.86,105.53,106.37,104.86,9313,6196349.0,1.43,0.16,0.17,0.17,1.5100000000000051
2018-01-31,600644,104.86,100.51,105.36,99.68,34912,22446255.0,5.38,-4.76,-5.02,0.65,5.679999999999993
2018-02-01,600644,100.51,94.83,101.18,94.49,31814,19404956.0,6.66,-5.65,-5.68,0.59,6.690000000000012
2018-02-02,600644,94.66,92.48,94.66,91.31,27386,16120554.0,3.53,-2.48,-2.35,0.51,3.3499999999999943
2018-02-05,600644,91.31,91.48,91.65,89.81,11454,6618433.0,1.99,-1.08,-1.0,0.21,1.8400000000000034
2018-02-06,600644,90.98,86.63,93.49,86.29,23495,13378477.0,7.87,-5.3,-4.85,0.44,7.199999999999989
2018-02-07,600644,87.8,87.46,89.81,86.29,14168,7906242.0,4.06,0.96,0.83,0.26,3.519999999999996
2018-02-08,600644,87.46,88.47,90.81,87.3,12825,7262589.0,4.01,1.15,1.01,0.24,3.510000000000005
2018-02-09,600644,87.3,84.45,87.3,83.28,23320,12699772.0,4.54,-4.54,-4.02,0.43,4.019999999999996
2018-02-12,600644,84.79,86.63,87.3,84.79,11471,6304128.0,2.97,2.58,2.18,0.21,2.509999999999991
2018-02-13,600644,87.13,87.8,89.47,86.63,13386,7484977.0,3.28,1.35,1.17,0.25,2.8400000000000034
2018-02-14,600644,87.97,88.13,88.3,86.46,10955,6104229.0,2.1,0.38,0.33,0.2,1.8400000000000034
2018-02-22,600644,88.13,89.47,89.64,87.63,11831,6677948.0,2.28,1.52,1.34,0.22,2.010000000000005
2018-02-23,600644,89.64,88.97,90.31,88.3,8668,4926547.0,2.25,-0.56,-0.5,0.16,2.010000000000005
2018-02-26,600644,89.3,90.48,90.64,89.14,12079,6923255.0,1.69,1.7,1.51,0.22,1.5
2018-02-27,600644,90.48,90.31,91.48,89.81,11342,6531647.0,1.85,-0.19,-0.17,0.21,1.6700000000000017
2018-02-28,600644,89.64,89.97,90.48,88.8,8865,5053443.0,1.86,-0.38,-0.34,0.16,1.6800000000000068
2018-03-01,600644,89.64,90.98,91.14,89.14,10046,5779701.0,2.22,1.12,1.01,0.19,2.0
2018-03-02,600644,90.48,92.15,92.98,89.97,16344,9521245.0,3.31,1.29,1.17,0.3,3.010000000000005
2018-03-05,600644,91.65,92.82,93.99,91.48,21157,12453531.0,2.72,0.73,0.67,0.39,2.509999999999991
2018-03-06,600644,92.82,94.66,95.33,92.82,19879,11919618.0,2.7,1.98,1.84,0.37,2.510000000000005
2018-03-07,600644,94.66,96.0,97.33,93.99,23092,14032396.0,3.53,1.42,1.34,0.43,3.3400000000000034
2018-03-08,600644,95.16,96.67,97.67,95.16,18581,11394023.0,2.61,0.7,0.67,0.35,2.510000000000005
2018-03-09,600644,97.0,96.33,97.0,95.16,17493,10612647.0,1.9,-0.35,-0.34,0.32,1.8400000000000034
2018-03-12,600644,96.33,96.33,96.33,95.16,19756,11966601.0,1.21,0.0,0.0,0.37,1.1700000000000017
2018-03-13,600644,95.83,95.49,96.16,94.99,16222,9811308.0,1.21,-0.87,-0.84,0.3,1.1700000000000017
2018-03-14,600644,95.49,93.49,95.49,93.49,18808,11241204.0,2.09,-2.09,-2.0,0.35,2.0
2018-03-15,600644,93.65,94.83,95.49,92.98,17708,10605057.0,2.68,1.43,1.34,0.33,2.509999999999991
2018-03-16,600644,104.7,102.02,104.86,101.68,156044,101783925.0,3.35,7.58,7.19,2.9,3.1799999999999926
2018-03-19,600644,99.51,97.17,99.68,96.83,68190,42185107.0,2.79,-4.75,-4.85,1.27,2.8500000000000085
2018-03-20,600644,97.17,96.16,97.17,94.83,35412,21508765.0,2.41,-1.04,-1.01,0.66,2.3400000000000034
2018-03-21,600644,95.66,98.0,98.67,95.49,33406,20654903.0,3.31,1.91,1.84,0.62,3.180000000000007
2018-03-22,600644,97.17,98.51,99.51,95.66,38133,23606558.0,3.93,0.52,0.51,0.71,3.8500000000000085
2018-03-23,600644,96.16,91.31,96.16,89.3,46818,27678574.0,6.96,-7.31,-7.2,0.87,6.859999999999999
2018-03-26,600644,89.64,91.81,91.81,87.97,20804,11856971.0,4.21,0.55,0.5,0.39,3.8400000000000034
2018-03-27,600644,92.98,99.68,101.52,92.98,80487,50457791.0,9.3,8.57,7.87,1.49,8.539999999999992
2018-03-28,600644,99.34,97.67,99.84,96.5,41028,25481235.0,3.35,-2.02,-2.01,0.76,3.3400000000000034
2018-03-29,600644,97.17,97.5,98.51,96.67,22611,13942471.0,1.88,-0.17,-0.17,0.42,1.8400000000000034
2018-03-30,600644,97.84,97.67,98.34,97.0,19849,12256234.0,1.37,0.17,0.17,0.37,1.3400000000000034
2018-04-02,600644,97.84,96.5,98.0,96.16,19149,11735563.0,1.88,-1.2,-1.17,0.36,1.8400000000000034
2018-04-03,600644,94.66,94.66,95.16,93.65,18584,11124808.0,1.56,-1.91,-1.84,0.35,1.509999999999991
2018-04-04,600644,93.99,93.15,95.16,93.15,15673,9368739.0,2.12,-1.6,-1.51,0.29,2.009999999999991
2018-04-09,600644,92.98,92.15,92.98,89.81,21624,12542806.0,3.4,-1.07,-1.0,0.4,3.1700000000000017
2018-04-10,600644,91.65,92.65,92.82,90.64,15648,9134173.0,2.37,0.54,0.5,0.29,2.1799999999999926
2018-04-11,600644,92.65,92.98,93.49,91.81,14176,8351992.0,1.81,0.36,0.33,0.26,1.6799999999999926
2018-04-12,600644,92.98,91.81,93.32,91.31,10389,6076034.0,2.16,-1.26,-1.17,0.19,2.009999999999991
2018-04-13,600644,91.98,90.14,92.48,89.97,15080,8706662.0,2.73,-1.82,-1.67,0.28,2.510000000000005
2018-04-16,600644,90.14,87.97,90.31,87.63,23087,12982083.0,2.97,-2.41,-2.17,0.43,2.680000000000007
2018-04-17,600644,87.46,86.46,88.8,86.29,18513,10300715.0,2.85,-1.72,-1.51,0.34,2.509999999999991
2018-04-18,600644,87.13,87.46,87.46,85.62,16040,8852213.0,2.13,1.16,1.0,0.3,1.8399999999999892
2018-04-19,600644,87.3,87.8,88.13,86.63,17043,9508721.0,1.72,0.39,0.34,0.32,1.5
2018-04-20,600644,87.8,85.96,87.8,85.62,13189,7270114.0,2.48,-2.1,-1.84,0.24,2.1799999999999926
2018-04-23,600644,85.96,85.29,86.13,84.62,11151,6071883.0,1.76,-0.78,-0.67,0.21,1.509999999999991
2018-04-24,600644,85.29,87.63,87.97,85.12,13550,7525848.0,3.34,2.74,2.34,0.25,2.8499999999999943
2018-04-25,600644,87.63,87.97,87.97,86.63,12990,7224025.0,1.53,0.39,0.34,0.24,1.3400000000000034
2018-04-26,600644,87.97,86.63,87.97,86.29,11935,6629682.0,1.91,-1.52,-1.34,0.22,1.6799999999999926
2018-04-27,600644,86.79,86.46,87.46,85.46,9942,5468674.0,2.31,-0.2,-0.17,0.18,2.0
2018-05-02,600644,86.79,85.96,86.96,85.46,10381,5715333.0,1.73,-0.58,-0.5,0.19,1.5
2018-05-03,600644,86.13,85.79,86.13,84.45,13685,7438118.0,1.95,-0.2,-0.17,0.25,1.6799999999999926
2018-05-04,600644,85.12,85.62,86.13,84.95,7556,4124141.0,1.38,-0.2,-0.17,0.14,1.1799999999999926
2018-05-07,600644,85.96,87.46,87.63,85.62,13408,7429496.0,2.35,2.15,1.84,0.25,2.009999999999991
2018-05-08,600644,87.3,87.46,87.8,86.96,11327,6300968.0,0.96,0.0,0.0,0.21,0.8400000000000034
2018-05-09,600644,87.3,87.46,87.63,86.96,12135,6749008.0,0.77,0.0,0.0,0.23,0.6700000000000017
2018-05-10,600644,87.46,87.63,88.13,87.3,11631,6487225.0,0.95,0.19,0.17,0.22,0.8299999999999983
2018-05-11,600644,87.63,86.63,87.97,86.29,13387,7422279.0,1.92,-1.14,-1.0,0.25,1.6799999999999926
2018-05-14,600644,86.63,85.62,86.79,85.29,10777,5917009.0,1.73,-1.17,-1.01,0.2,1.5
2018-05-15,600644,85.62,86.63,86.79,85.12,8123,4445550.0,1.95,1.18,1.01,0.15,1.6700000000000017
2018-05-16,600644,86.46,85.62,86.46,85.46,8439,4617841.0,1.15,-1.17,-1.01,0.16,1.0
2018-05-17,600644,85.79,85.96,86.29,85.12,11377,6226809.0,1.37,0.4,0.34,0.21,1.1700000000000017
2018-05-18,600644,85.62,87.97,88.13,85.62,20917,11616696.0,2.92,2.34,2.01,0.39,2.509999999999991
2018-05-21,600644,88.13,90.48,93.49,87.63,48615,27957561.0,6.66,2.85,2.51,0.9,5.859999999999999
2018-05-22,600644,89.64,89.64,90.31,88.8,23543,13400232.0,1.67,-0.93,-0.84,0.44,1.5100000000000051
2018-05-23,600644,89.47,89.47,90.98,89.14,22971,13140065.0,2.05,-0.19,-0.17,0.43,1.8400000000000034
2018-05-24,600644,88.8,88.13,89.3,87.8,14725,8281050.0,1.68,-1.5,-1.34,0.27,1.5
2018-05-25,600644,87.97,87.46,88.64,87.3,10276,5744455.0,1.52,-0.76,-0.67,0.19,1.3400000000000034
2018-05-28,600644,87.46,86.29,87.63,85.62,11172,6149495.0,2.3,-1.34,-1.17,0.21,2.009999999999991
2018-05-29,600644,86.29,85.46,86.63,84.79,11731,6426035.0,2.13,-0.96,-0.83,0.22,1.8399999999999892
2018-05-30,600644,84.79,81.27,84.79,80.94,18040,9545195.0,4.51,-4.9,-4.19,0.34,3.8500000000000085
2018-05-31,600644,82.61,82.45,82.95,81.27,10321,5436111.0,2.07,1.45,1.18,0.19,1.6800000000000068
2018-06-01,600644,82.45,82.11,82.78,81.27,11253,5894473.0,1.83,-0.41,-0.34,0.21,1.5100000000000051
2018-06-04,600644,81.44,81.61,82.78,81.44,7978,4187213.0,1.63,-0.61,-0.5,0.15,1.3400000000000034
2018-06-05,600644,81.27,82.28,82.61,81.27,7233,3800755.0,1.64,0.82,0.67,0.13,1.3400000000000034
2018-06-06,600644,82.28,81.94,82.45,81.61,7603,3987277.0,1.02,-0.41,-0.34,0.14,0.8400000000000034
2018-06-07,600644,82.61,81.61,82.61,81.61,8100,4243079.0,1.22,-0.4,-0.33,0.15,1.0
2018-06-08,600644,81.27,79.94,81.61,78.76,16140,8265481.0,3.49,-2.05,-1.67,0.3,2.8499999999999943
2018-06-11,600644,79.94,81.27,81.61,79.27,14338,7424533.0,2.93,1.66,1.33,0.27,2.3400000000000034
2018-06-12,600644,80.94,81.94,82.61,80.94,9365,4911099.0,2.05,0.82,0.67,0.17,1.6700000000000017
2018-06-13,600644,81.44,83.45,88.97,81.44,37673,20370564.0,9.19,1.84,1.51,0.7,7.530000000000001
2018-06-14,600644,82.95,80.94,82.95,80.27,21825,11350772.0,3.21,-3.01,-2.51,0.41,2.680000000000007
2018-06-15,600644,80.77,78.6,81.78,78.1,14682,7465812.0,4.55,-2.89,-2.34,0.27,3.680000000000007
2018-06-19,600644,77.59,70.57,77.93,70.23,29360,13847141.0,9.8,-10.22,-8.03,0.55,7.700000000000003
2018-06-20,600644,70.57,71.57,72.74,68.56,10358,4729986.0,5.92,1.42,1.0,0.19,4.179999999999993
2018-06-21,600644,72.07,69.73,72.24,69.56,9832,4504181.0,3.74,-2.57,-1.84,0.18,2.6799999999999926
2018-06-22,600644,68.22,70.4,70.57,67.05,8018,3603442.0,5.05,0.96,0.67,0.15,3.519999999999996
2018-06-25,600644,70.9,70.07,72.41,69.73,6643,3052058.0,3.81,-0.47,-0.33,0.12,2.6799999999999926
2018-06-26,600644,69.4,70.23,70.57,67.39,7495,3371477.0,4.54,0.23,0.16,0.14,3.1799999999999926
2018-06-27,600644,70.07,70.4,71.07,69.9,5652,2576276.0,1.67,0.24,0.17,0.1,1.1699999999999875
2018-06-28,600644,70.57,70.57,71.91,70.4,5600,2570898.0,2.14,0.24,0.17,0.1,1.509999999999991
2018-06-29,600644,70.4,72.07,72.41,70.4,9304,4315503.0,2.85,2.13,1.5,0.17,2.009999999999991
2018-07-02,600644,71.91,69.9,72.41,69.73,9484,4349022.0,3.72,-3.01,-2.17,0.18,2.6799999999999926
2018-07-03,600644,70.23,71.24,71.4,69.73,8018,3655019.0,2.39,1.92,1.34,0.15,1.6700000000000017
2018-07-04,600644,71.4,70.9,72.07,70.4,7125,3278103.0,2.34,-0.48,-0.34,0.13,1.6699999999999875
2018-07-05,600644,71.24,68.73,71.74,68.39,7720,3493424.0,4.72,-3.06,-2.17,0.14,3.3499999999999943
2018-07-06,600644,68.89,69.06,70.07,66.89,8451,3755660.0,4.63,0.48,0.33,0.16,3.1799999999999926
2018-07-09,600644,68.73,70.4,70.73,68.39,7898,3573429.0,3.39,1.94,1.34,0.15,2.3400000000000034
2018-07-10,600644,70.4,71.07,71.24,70.07,6385,2909978.0,1.66,0.95,0.67,0.12,1.1700000000000017
2018-07-11,600644,70.73,69.06,70.73,67.22,6624,2961933.0,4.94,-2.83,-2.01,0.12,3.510000000000005
2018-07-12,600644,70.23,70.4,70.73,69.23,11038,5018180.0,2.17,1.94,1.34,0.21,1.5
2018-07-13,600644,70.4,70.9,71.07,69.9,7229,3304209.0,1.66,0.71,0.5,0.13,1.1699999999999875
2018-07-16,600644,70.07,70.73,71.07,69.9,4909,2235123.0,1.65,-0.24,-0.17,0.09,1.1699999999999875
2018-07-17,600644,70.4,70.73,71.07,70.07,6216,2835336.0,1.41,0.0,0.0,0.12,1.0
2018-07-18,600644,70.57,71.57,72.74,70.57,13284,6154221.0,3.07,1.19,0.84,0.25,2.1700000000000017
2018-07-19,600644,71.57,70.9,71.91,70.23,10654,4877613.0,2.35,-0.94,-0.67,0.2,1.6799999999999926
2018-07-20,600644,70.9,71.91,72.41,69.9,8984,4146713.0,3.54,1.42,1.01,0.17,2.509999999999991
2018-07-23,600644,71.91,73.08,73.24,70.73,14633,6847827.0,3.49,1.63,1.17,0.27,2.509999999999991
2018-07-24,600644,72.91,75.75,76.92,72.57,26566,12864843.0,5.95,3.65,2.67,0.49,4.3500000000000085
2018-07-25,600644,75.25,75.25,76.09,74.41,14675,7094863.0,2.22,-0.66,-0.5,0.27,1.6800000000000068
2018-07-26,600644,75.42,76.09,77.59,74.58,16599,8127395.0,4.0,1.12,0.84,0.31,3.010000000000005
2018-07-27,600644,75.92,78.26,82.95,75.42,39241,20049741.0,9.9,2.85,2.17,0.73,7.530000000000001
2018-07-30,600644,77.09,75.75,77.26,75.59,23455,11494984.0,2.13,-3.21,-2.51,0.44,1.6700000000000017
2018-07-31,600644,78.1,77.76,81.27,77.43,29665,14985499.0,5.07,2.65,2.01,0.55,3.839999999999989
2018-08-01,600644,77.09,75.59,78.93,74.75,22943,11361118.0,5.38,-2.79,-2.17,0.43,4.180000000000007
2018-08-02,600644,75.59,74.41,75.59,72.24,19787,9385546.0,4.43,-1.56,-1.18,0.37,3.3500000000000085
2018-08-03,600644,73.41,73.75,75.08,72.91,8923,4256645.0,2.92,-0.89,-0.66,0.17,2.1700000000000017
2018-08-06,600644,73.08,72.24,74.25,71.91,8664,4066013.0,3.17,-2.05,-1.51,0.16,2.3400000000000034
2018-08-07,600644,72.74,74.41,74.92,72.41,9274,4406086.0,3.47,3.0,2.17,0.17,2.510000000000005
2018-08-08,600644,74.41,75.25,76.59,74.08,11010,5341100.0,3.37,1.13,0.84,0.2,2.510000000000005
2018-08-09,600644,76.26,76.92,76.92,74.58,12828,6288273.0,3.11,2.22,1.67,0.24,2.3400000000000034
2018-08-10,600644,76.92,76.42,77.09,75.75,8219,4022877.0,1.74,-0.65,-0.5,0.15,1.3400000000000034
2018-08-13,600644,76.26,76.26,76.42,74.58,7636,3697681.0,2.41,-0.21,-0.16,0.14,1.8400000000000034
2018-08-14,600644,76.26,75.42,76.26,75.08,6620,3220693.0,1.55,-1.1,-0.84,0.12,1.1800000000000068
2018-08-15,600644,75.92,74.08,75.92,73.75,6949,3332891.0,2.88,-1.78,-1.34,0.13,2.1700000000000017
2018-08-16,600644,73.75,74.25,75.25,72.57,7475,3573957.0,3.62,0.23,0.17,0.14,2.680000000000007
2018-08-17,600644,74.08,73.41,75.08,72.74,4532,2159034.0,3.15,-1.13,-0.84,0.08,2.3400000000000034
2018-08-20,600644,73.08,72.41,73.41,70.9,11967,5571051.0,3.42,-1.36,-1.0,0.22,2.509999999999991
2018-08-21,600644,72.91,73.58,74.58,71.91,9982,4697316.0,3.69,1.62,1.17,0.19,2.6700000000000017
2018-08-22,600644,73.91,72.57,73.91,72.07,4579,2152480.0,2.5,-1.37,-1.01,0.09,1.8400000000000034
2018-08-23,600644,72.57,73.24,73.91,71.91,6011,2827271.0,2.76,0.92,0.67,0.11,2.0
2018-08-24,600644,72.91,73.24,74.75,72.57,6827,3248395.0,2.98,0.0,0.0,0.13,2.180000000000007
2018-08-27,600644,73.41,74.41,74.58,72.74,6935,3303573.0,2.51,1.6,1.17,0.13,1.8400000000000034
2018-08-28,600644,74.41,74.08,74.92,73.58,6470,3088535.0,1.8,-0.44,-0.33,0.12,1.3400000000000034
2018-08-29,600644,74.25,73.41,74.25,73.24,3499,1657819.0,1.36,-0.9,-0.67,0.06,1.0100000000000051
2018-08-30,600644,73.75,73.08,74.08,72.74,3611,1704098.0,1.83,-0.45,-0.33,0.07,1.3400000000000034
2018-08-31,600644,72.91,72.57,73.91,72.24,5027,2365939.0,2.29,-0.7,-0.51,0.09,1.6700000000000017
2018-09-03,600644,73.58,73.58,74.25,72.57,7247,3427694.0,2.32,1.39,1.01,0.13,1.6800000000000068
2018-09-04,600644,73.75,73.91,74.41,72.91,6222,2953324.0,2.04,0.45,0.33,0.12,1.5
2018-09-05,600644,73.24,72.57,74.08,72.24,5729,2703250.0,2.49,-1.81,-1.34,0.11,1.8400000000000034
2018-09-06,600644,72.57,72.57,73.75,72.24,6090,2863340.0,2.08,0.0,0.0,0.11,1.5100000000000051
2018-09-07,600644,72.74,72.74,73.41,72.24,3728,1751856.0,1.61,0.23,0.17,0.07,1.1700000000000017
2018-09-10,600644,72.57,71.91,72.74,71.24,5822,2699757.0,2.06,-1.14,-0.83,0.11,1.5
2018-09-11,600644,71.91,71.91,72.74,71.4,3063,1423215.0,1.86,0.0,0.0,0.06,1.3399999999999892
2018-09-12,600644,71.91,71.74,72.57,71.4,4359,2024091.0,1.63,-0.24,-0.17,0.08,1.1699999999999875
2018-09-13,600644,71.91,72.41,72.57,71.74,3099,1443235.0,1.16,0.93,0.67,0.06,0.8299999999999983
2018-09-14,600644,72.57,72.91,73.24,72.57,5040,2366407.0,0.93,0.69,0.5,0.09,0.6700000000000017
2018-09-17,600644,72.91,74.25,74.25,72.41,12395,5882341.0,2.52,1.84,1.34,0.23,1.8400000000000034
2018-09-18,600644,74.08,74.92,75.92,73.75,14058,6773403.0,2.92,0.9,0.67,0.26,2.1700000000000017
2018-09-19,600644,75.59,75.42,75.59,66.89,12724,6118362.0,11.61,0.67,0.5,0.24,8.700000000000003
2018-09-20,600644,75.42,74.25,75.59,73.91,8766,4214037.0,2.23,-1.55,-1.17,0.16,1.6800000000000068
2018-09-21,600644,74.58,75.92,76.42,73.91,14159,6866768.0,3.38,2.25,1.67,0.26,2.510000000000005
2018-09-25,600644,75.42,75.59,76.76,74.25,11116,5406005.0,3.31,-0.43,-0.33,0.21,2.510000000000005
2018-09-26,600644,75.92,74.92,75.92,74.75,6417,3109436.0,1.55,-0.89,-0.67,0.12,1.1700000000000017
2018-09-27,600644,75.08,76.76,77.43,73.91,25273,12415744.0,4.7,2.46,1.84,0.47,3.5200000000000102
2018-09-28,600644,76.42,76.09,77.09,75.42,17119,8365730.0,2.18,-0.87,-0.67,0.32,1.6700000000000017
2018-10-08,600644,75.75,72.57,75.75,71.91,14838,7025868.0,5.05,-4.63,-3.52,0.28,3.8400000000000034
2018-10-09,600644,72.24,72.24,72.91,71.74,8455,3942569.0,1.61,-0.45,-0.33,0.16,1.1700000000000017
2018-10-10,600644,71.91,72.24,72.57,71.91,4075,1899302.0,0.91,0.0,0.0,0.08,0.6599999999999966
2018-10-11,600644,71.24,66.22,71.24,65.38,14528,6413371.0,8.11,-8.33,-6.02,0.27,5.859999999999999
2018-10-12,600644,66.22,63.88,66.22,61.53,13439,5602823.0,7.08,-3.53,-2.34,0.25,4.689999999999998
2018-10-15,600644,64.54,63.71,67.56,63.71,14627,6223521.0,6.03,-0.27,-0.17,0.27,3.8500000000000014
2018-10-16,600644,64.71,62.37,65.21,61.03,12947,5321256.0,6.56,-2.1,-1.34,0.24,4.179999999999993
2018-10-17,600644,61.53,62.54,63.88,61.2,10361,4211129.0,4.3,0.27,0.17,0.19,2.6799999999999997
2018-10-18,600644,62.54,61.03,62.7,60.53,12075,4847778.0,3.47,-2.41,-1.51,0.22,2.1700000000000017
2018-10-19,600644,61.53,62.37,62.87,60.03,12180,4908929.0,4.65,2.2,1.34,0.23,2.8399999999999963
2018-10-22,600644,62.87,65.38,66.22,62.7,14801,6221341.0,5.64,4.83,3.01,0.27,3.519999999999996
2018-10-23,600644,65.55,63.54,65.72,63.54,13872,5802291.0,3.33,-2.81,-1.84,0.26,2.1799999999999997
2018-10-24,600644,64.04,64.88,65.72,63.54,10344,4355524.0,3.43,2.11,1.34,0.19,2.1799999999999997
2018-10-25,600644,64.21,63.88,64.71,63.21,10614,4417650.0,2.31,-1.54,-1.0,0.2,1.499999999999993
2018-10-26,600644,64.21,65.38,65.55,64.21,14367,6071043.0,2.1,2.35,1.5,0.27,1.3400000000000034
2018-10-29,600644,64.54,64.54,65.72,64.54,10213,4323860.0,1.8,-1.28,-0.84,0.19,1.1799999999999926
2018-10-30,600644,64.54,65.21,65.38,63.88,11219,4727101.0,2.32,1.04,0.67,0.21,1.499999999999993
2018-10-31,600644,64.88,67.05,67.89,64.88,20105,8714850.0,4.62,2.82,1.84,0.37,3.010000000000005
2018-11-01,600644,67.05,66.89,68.56,66.89,14406,6313685.0,2.49,-0.24,-0.16,0.27,1.6700000000000017
2018-11-02,600644,67.39,68.39,68.56,66.89,11962,5272370.0,2.5,2.24,1.5,0.22,1.6700000000000017
2018-11-05,600644,68.06,68.06,68.73,67.22,14457,6377226.0,2.21,-0.48,-0.33,0.27,1.5100000000000051
2018-11-06,600644,68.22,68.89,69.56,68.06,13824,6149227.0,2.2,1.22,0.83,0.26,1.5
2018-11-07,600644,68.56,69.9,69.9,68.56,13965,6253535.0,1.95,1.47,1.01,0.26,1.3400000000000034
2018-11-08,600644,70.07,69.4,70.23,69.06,9718,4376355.0,1.67,-0.72,-0.5,0.18,1.1700000000000017
2018-11-09,600644,69.4,69.56,70.07,68.89,9094,4081746.0,1.7,0.23,0.16,0.17,1.1799999999999926
2018-11-12,600644,69.4,73.08,73.08,68.89,22683,10417659.0,6.02,5.06,3.52,0.42,4.189999999999998
2018-11-13,600644,72.24,74.25,75.08,71.74,26080,12360315.0,4.57,1.6,1.17,0.48,3.3400000000000034
2018-11-14,600644,74.25,75.25,80.44,73.75,47214,23323778.0,9.01,1.35,1.0,0.88,6.689999999999998
2018-11-15,600644,74.25,74.92,75.25,73.08,27059,12933953.0,2.88,-0.44,-0.33,0.5,2.1700000000000017
2018-11-16,600644,75.42,75.92,77.59,74.25,24841,12110363.0,4.46,1.33,1.0,0.46,3.3400000000000034
2018-11-19,600644,75.92,77.09,79.6,75.42,31924,15833123.0,5.51,1.54,1.17,0.59,4.179999999999993
2018-11-20,600644,76.26,73.91,77.26,73.75,27191,13201552.0,4.55,-4.13,-3.18,0.51,3.510000000000005
2018-11-21,600644,73.91,75.08,75.75,73.58,18929,9094721.0,2.94,1.58,1.17,0.35,2.1700000000000017
2018-11-22,600644,75.59,75.25,76.59,74.92,16590,8035339.0,2.22,0.23,0.17,0.31,1.6700000000000017
2018-11-23,600644,75.25,71.57,76.09,71.57,16776,7908223.0,6.01,-4.89,-3.68,0.31,4.52000000000001
2018-11-26,600644,71.24,71.24,72.74,70.4,14123,6552760.0,3.27,-0.46,-0.33,0.26,2.339999999999989
2018-11-27,600644,72.24,72.57,72.91,71.74,7532,3511204.0,1.64,1.87,1.33,0.14,1.1700000000000017
2018-11-28,600644,72.24,73.41,73.58,70.73,10844,5055788.0,3.93,1.16,0.84,0.2,2.8499999999999943
2018-11-29,600644,73.91,71.07,74.08,70.9,10021,4683600.0,4.33,-3.19,-2.34,0.19,3.1799999999999926
2018-11-30,600644,70.73,71.4,71.74,70.07,9233,4232579.0,2.35,0.46,0.33,0.17,1.6700000000000017
2018-12-03,600644,72.41,75.92,76.76,72.41,30127,14573807.0,6.09,6.33,4.52,0.56,4.3500000000000085
2018-12-04,600644,76.09,76.09,76.26,75.08,12845,6242615.0,1.55,0.22,0.17,0.24,1.1800000000000068
2018-12-05,600644,73.75,75.59,76.26,73.75,14160,6835111.0,3.3,-0.66,-0.5,0.26,2.510000000000005
2018-12-06,600644,75.42,75.08,75.75,73.91,10818,5217997.0,2.43,-0.67,-0.51,0.2,1.8400000000000034
2018-12-07,600644,75.08,74.75,75.42,74.41,7786,3750881.0,1.35,-0.44,-0.33,0.14,1.0100000000000051
2018-12-10,600644,74.75,73.08,75.75,72.91,12251,5828987.0,3.8,-2.23,-1.67,0.23,2.8400000000000034
2018-12-11,600644,73.91,73.75,73.91,72.91,6743,3184612.0,1.37,0.92,0.67,0.13,1.0
2018-12-12,600644,74.08,73.58,74.08,73.08,6564,3112419.0,1.36,-0.23,-0.17,0.12,1.0
2018-12-13,600644,73.41,73.91,75.08,73.08,11358,5422326.0,2.72,0.45,0.33,0.21,2.0
2018-12-14,600644,74.92,72.74,75.75,72.41,12473,5932247.0,4.52,-1.58,-1.17,0.23,3.3400000000000034
2018-12-17,600644,73.24,72.41,73.24,71.57,6729,3133981.0,2.3,-0.45,-0.33,0.12,1.6700000000000017
2018-12-18,600644,72.41,71.4,72.41,70.9,8735,4029779.0,2.09,-1.39,-1.01,0.16,1.509999999999991
2018-12-19,600644,71.4,70.9,72.41,70.73,4986,2307343.0,2.35,-0.7,-0.5,0.09,1.6799999999999926
2018-12-20,600644,71.07,70.73,71.07,69.73,5292,2406158.0,1.89,-0.24,-0.17,0.1,1.3399999999999892
2018-12-21,600644,70.73,71.4,72.41,69.73,9551,4392188.0,3.79,0.95,0.67,0.18,2.6799999999999926
2018-12-24,600644,70.07,69.9,71.24,69.4,15002,6794625.0,2.58,-2.1,-1.5,0.28,1.8399999999999892
2018-12-25,600644,69.06,68.22,69.4,65.55,17255,7531891.0,5.51,-2.4,-1.68,0.32,3.8500000000000085
2018-12-26,600644,68.39,68.56,69.73,68.06,5686,2532216.0,2.45,0.5,0.34,0.11,1.6700000000000017
2018-12-27,600644,69.56,68.06,70.23,68.06,8306,3722859.0,3.17,-0.73,-0.5,0.15,2.1700000000000017
2018-12-28,600644,68.06,69.4,69.56,67.89,8411,3755603.0,2.45,1.97,1.34,0.16,1.6700000000000017
2019-01-02,600644,69.56,69.56,70.23,68.73,10907,4917105.0,2.16,0.23,0.16,0.2,1.5
2019-01-03,600644,69.56,70.57,70.9,68.89,8940,4063203.0,2.89,1.45,1.01,0.17,2.010000000000005
2019-01-04,600644,69.9,71.91,72.24,69.73,11293,5196995.0,3.56,1.9,1.34,0.21,2.509999999999991
2019-01-07,600644,72.07,74.58,75.92,72.07,20838,9971880.0,5.35,3.71,2.67,0.39,3.8500000000000085
2019-01-08,600644,74.25,74.08,75.42,73.24,13089,6276694.0,2.92,-0.67,-0.5,0.24,2.180000000000007
2019-01-09,600644,74.08,74.25,76.09,73.91,15345,7429830.0,2.94,0.23,0.17,0.29,2.180000000000007
2019-01-10,600644,74.41,75.08,76.59,74.25,21740,10575706.0,3.15,1.12,0.83,0.4,2.3400000000000034
2019-01-11,600644,75.08,75.59,76.26,74.58,15777,7679065.0,2.24,0.68,0.51,0.29,1.6800000000000068
2019-01-14,600644,75.59,75.59,76.92,73.58,21416,10401188.0,4.42,0.0,0.0,0.4,3.3400000000000034
2019-01-15,600644,75.59,75.59,76.09,74.25,13674,6631107.0,2.43,0.0,0.0,0.25,1.8400000000000034
2019-01-16,600644,76.09,75.08,76.76,74.25,21599,10544183.0,3.32,-0.67,-0.51,0.4,2.510000000000005
2019-01-17,600644,75.92,75.08,76.92,74.58,23467,11474161.0,3.12,0.0,0.0,0.44,2.3400000000000034
2019-01-18,600644,75.92,74.75,76.42,74.75,16411,7936813.0,2.22,-0.44,-0.33,0.3,1.6700000000000017
2019-01-21,600644,75.59,75.42,76.26,74.75,18492,8978584.0,2.02,0.9,0.67,0.34,1.5100000000000051
2019-01-22,600644,75.42,74.08,75.92,73.91,8957,4322584.0,2.67,-1.78,-1.34,0.17,2.010000000000005
2019-01-23,600644,73.75,74.92,75.25,73.75,14406,6931097.0,2.02,1.13,0.84,0.27,1.5
2019-01-24,600644,74.41,75.42,75.92,74.41,15295,7422001.0,2.02,0.67,0.5,0.28,1.5100000000000051
2019-01-25,600644,75.75,73.75,76.59,73.58,29968,14477141.0,3.99,-2.21,-1.67,0.56,3.010000000000005
2019-01-28,600644,74.08,73.41,75.42,72.57,17802,8507377.0,3.86,-0.46,-0.34,0.33,2.8500000000000085
2019-01-29,600644,73.75,72.24,74.08,70.4,22452,10441747.0,5.01,-1.59,-1.17,0.42,3.6799999999999926
2019-01-30,600644,70.73,70.9,72.24,70.57,14625,6733319.0,2.31,-1.85,-1.34,0.27,1.6700000000000017
2019-01-31,600644,69.73,70.07,71.4,69.56,20824,9464518.0,2.6,-1.17,-0.83,0.39,1.8400000000000034
2019-02-01,600644,70.4,71.24,71.4,70.07,16471,7532973.0,1.9,1.67,1.17,0.31,1.3300000000000125
2019-02-11,600644,71.07,73.08,73.58,70.9,23073,10802251.0,3.76,2.58,1.84,0.43,2.6799999999999926
2019-02-12,600644,73.24,74.08,74.25,72.91,17656,8363820.0,1.83,1.37,1.0,0.33,1.3400000000000034
2019-02-13,600644,74.58,75.08,75.08,73.58,20697,9909091.0,2.02,1.35,1.0,0.38,1.5
2019-02-14,600644,75.75,75.08,75.75,74.08,16897,8128073.0,2.22,0.0,0.0,0.31,1.6700000000000017
2019-02-15,600644,75.75,77.76,82.28,75.42,84863,42517089.0,9.14,3.57,2.68,1.58,6.859999999999999
2019-02-18,600644,77.59,86.13,86.13,76.92,177196,95101192.0,11.84,10.76,8.37,3.29,9.209999999999994
2019-02-19,600644,87.97,84.29,87.97,83.11,184686,100467949.0,5.64,-2.14,-1.84,3.43,4.859999999999999
2019-02-20,600644,82.78,82.95,83.62,81.78,71335,37653581.0,2.18,-1.59,-1.34,1.32,1.8400000000000034
2019-02-21,600644,82.95,81.94,85.79,81.78,99283,53309187.0,4.83,-1.22,-1.01,1.84,4.010000000000005
2019-02-22,600644,80.94,83.62,83.62,80.94,64669,34125594.0,3.27,2.05,1.68,1.2,2.680000000000007
2019-02-25,600644,85.46,87.3,88.3,83.45,138666,75769530.0,5.8,4.4,3.68,2.58,4.849999999999994
2019-02-26,600644,87.46,85.29,87.46,84.79,98162,53685769.0,3.06,-2.3,-2.01,1.82,2.6699999999999875
2019-02-27,600644,84.95,84.62,86.13,83.78,60950,33113613.0,2.76,-0.79,-0.67,1.13,2.3499999999999943
2019-02-28,600644,86.29,88.97,92.65,84.79,113433,63553891.0,9.29,5.14,4.35,2.11,7.859999999999999
2019-03-01,600644,88.47,93.15,98.51,87.46,132411,78022167.0,12.42,4.7,4.18,2.46,11.050000000000011
2019-03-04,600644,91.81,93.65,97.0,91.65,125250,75096206.0,5.74,0.54,0.5,2.33,5.349999999999994
2019-03-05,600644,92.82,94.83,98.0,92.15,116026,69611751.0,6.25,1.26,1.18,2.16,5.849999999999994
2019-03-06,600644,95.16,94.32,95.33,91.98,93766,55505982.0,3.53,-0.54,-0.51,1.74,3.3499999999999943
2019-03-07,600644,93.65,94.66,95.16,92.48,86921,51866742.0,2.84,0.36,0.34,1.61,2.6799999999999926
2019-03-08,600644,93.49,87.97,93.49,87.8,89486,51813102.0,6.01,-7.07,-6.69,1.66,5.689999999999998
2019-03-11,600644,88.8,94.66,95.49,88.8,78793,46179430.0,7.6,7.6,6.69,1.46,6.689999999999998
2019-03-12,600644,95.66,98.0,99.68,95.66,137890,85567091.0,4.25,3.53,3.34,2.56,4.02000000000001
2019-03-13,600644,97.17,93.49,97.17,92.98,82794,49783826.0,4.28,-4.6,-4.51,1.54,4.189999999999998
2019-03-14,600644,92.65,89.81,93.32,86.46,60242,34464462.0,7.34,-3.94,-3.68,1.12,6.859999999999999
2019-03-15,600644,89.64,91.98,92.98,89.64,40749,23639701.0,3.72,2.42,2.17,0.76,3.3400000000000034
2019-03-18,600644,92.15,96.83,99.51,90.81,84951,51585085.0,9.46,5.27,4.85,1.58,8.700000000000003
2019-03-19,600644,96.83,107.04,107.04,96.33,183706,119776086.0,11.06,10.54,10.21,3.41,10.710000000000008
2019-03-20,600644,106.37,110.05,113.73,104.53,293114,202916014.0,8.59,2.81,3.01,5.44,9.200000000000003
2019-03-21,600644,107.04,108.38,113.06,105.36,181847,124799578.0,7.0,-1.52,-1.67,3.38,7.700000000000003
2019-03-22,600644,108.21,105.53,108.38,103.19,109358,72628249.0,4.79,-2.63,-2.85,2.03,5.189999999999998
2019-03-25,600644,105.2,104.86,107.87,103.02,83972,55736041.0,4.6,-0.63,-0.67,1.56,4.8500000000000085
2019-03-26,600644,104.19,99.68,105.7,99.17,85469,54956239.0,6.23,-4.94,-5.18,1.59,6.530000000000001
2019-03-27,600644,100.01,103.36,103.69,99.17,49801,31786893.0,4.53,3.69,3.68,0.92,4.519999999999996
2019-03-28,600644,103.36,100.85,105.2,100.35,56024,36317491.0,4.69,-2.43,-2.51,1.04,4.8500000000000085
2019-03-29,600644,98.0,101.68,101.85,98.0,53421,33904752.0,3.82,0.82,0.83,0.99,3.8499999999999943
2019-04-01,600644,101.18,103.52,104.36,101.18,63013,40985802.0,3.13,1.81,1.84,1.17,3.1799999999999926
2019-04-02,600644,103.86,102.86,104.36,102.02,56829,36860809.0,2.26,-0.64,-0.66,1.06,2.3400000000000034
2019-04-03,600644,101.85,103.86,104.03,101.52,53071,34282441.0,2.44,0.97,1.0,0.99,2.510000000000005
2019-04-04,600644,103.86,105.2,106.03,103.02,69662,45978558.0,2.9,1.29,1.34,1.29,3.010000000000005
2019-04-08,600644,105.53,103.36,106.54,101.35,49191,32191213.0,4.93,-1.75,-1.84,0.91,5.190000000000012
2019-04-09,600644,102.52,107.37,108.04,102.52,72214,48086896.0,5.34,3.88,4.01,1.34,5.52000000000001
2019-04-10,600644,106.37,106.37,108.21,104.53,42880,28720390.0,3.43,-0.93,-1.0,0.8,3.6799999999999926
2019-04-11,600644,108.04,108.21,111.05,105.7,94961,64887078.0,5.03,1.73,1.84,1.76,5.349999999999994
2019-04-12,600644,107.71,111.72,113.56,107.54,114608,80347493.0,5.56,3.24,3.51,2.13,6.019999999999996
2019-04-15,600644,114.06,122.26,123.43,113.06,226383,169522328.0,9.28,9.43,10.54,4.2,10.370000000000005
2019-04-16,600644,119.25,120.92,124.6,117.08,168080,128067932.0,6.15,-1.1,-1.34,3.12,7.519999999999996
2019-04-17,600644,121.76,118.58,122.26,117.75,74739,55840202.0,3.73,-1.94,-2.34,1.39,4.510000000000005
2019-04-18,600644,118.75,128.79,130.96,114.06,144808,111735681.0,14.25,8.61,10.21,2.69,16.900000000000006
2019-04-19,600644,129.79,129.62,139.66,126.28,202480,166976298.0,10.39,0.64,0.83,3.76,13.379999999999995
2019-04-22,600644,127.78,121.43,130.63,121.43,129530,101114315.0,7.1,-6.32,-8.19,2.41,9.199999999999989
2019-04-23,600644,122.6,122.26,125.94,119.75,68801,52900393.0,5.1,0.68,0.83,1.28,6.189999999999998
2019-04-24,600644,122.43,124.44,124.77,121.43,43668,33783228.0,2.73,1.78,2.18,0.81,3.339999999999989
2019-04-25,600644,123.1,116.41,124.6,116.07,71904,54008637.0,6.85,-6.45,-8.03,1.34,8.530000000000001
2019-04-26,600644,115.07,116.07,117.58,114.4,62636,45579067.0,2.73,-0.29,-0.34,1.16,3.1799999999999926
2019-04-29,600644,117.08,107.71,118.58,106.54,62452,44346776.0,10.37,-7.2,-8.36,1.16,12.039999999999992
2019-04-30,600644,110.05,112.73,113.06,109.05,62444,43758162.0,3.72,4.66,5.02,1.16,4.010000000000005
2019-05-06,600644,110.55,100.85,110.55,100.85,100986,65750364.0,8.6,-10.54,-11.88,1.88,9.700000000000003
2019-05-07,600644,99.84,97.84,102.52,95.83,73241,45900985.0,6.63,-2.98,-3.01,1.36,6.689999999999998
2019-05-08,600644,96.0,99.68,103.02,93.99,64170,40390633.0,9.23,1.88,1.84,1.19,9.030000000000001
2019-05-09,600644,99.01,97.33,100.35,96.83,36138,22514165.0,3.53,-2.36,-2.35,0.67,3.519999999999996
2019-05-10,600644,97.84,100.85,101.85,96.5,52478,33072164.0,5.5,3.62,3.52,0.97,5.349999999999994
2019-05-13,600644,100.35,98.34,101.02,97.33,34287,21522847.0,3.66,-2.49,-2.51,0.64,3.6899999999999977
2019-05-14,600644,97.67,97.67,99.17,96.5,22489,13927792.0,2.72,-0.68,-0.67,0.42,2.6700000000000017
2019-05-15,600644,98.84,100.85,102.69,97.17,53170,33695525.0,5.65,3.26,3.18,0.99,5.519999999999996
2019-05-16,600644,99.68,100.68,101.18,98.34,37380,23595114.0,2.82,-0.17,-0.17,0.69,2.8400000000000034
2019-05-17,600644,100.01,96.33,101.18,95.83,36954,22933232.0,5.31,-4.32,-4.35,0.69,5.3500000000000085
2019-05-20,600644,96.5,95.49,97.5,94.49,31766,19239400.0,3.12,-0.87,-0.84,0.59,3.010000000000005
2019-05-21,600644,96.16,97.67,98.0,95.66,23911,14725517.0,2.45,2.28,2.18,0.44,2.3400000000000034
2019-05-22,600644,97.84,97.17,98.67,96.5,18717,11547359.0,2.22,-0.51,-0.5,0.35,2.1700000000000017
2019-05-23,600644,96.16,94.66,96.67,94.66,20946,12653498.0,2.07,-2.58,-2.51,0.39,2.010000000000005
2019-05-24,600644,94.16,94.99,96.0,94.16,14890,8957037.0,1.94,0.35,0.33,0.28,1.8400000000000034
2019-05-27,600644,94.99,96.67,97.67,94.66,18388,11206072.0,3.17,1.77,1.68,0.34,3.010000000000005
2019-05-28,600644,96.33,97.33,98.84,96.33,17797,10994577.0,2.6,0.68,0.66,0.33,2.510000000000005
2019-05-29,600644,97.33,101.35,104.53,96.33,51681,32875723.0,8.42,4.13,4.02,0.96,8.200000000000003
2019-05-30,600644,100.35,98.67,100.35,97.5,30034,18773647.0,2.81,-2.64,-2.68,0.56,2.8499999999999943
2019-05-31,600644,98.67,97.5,100.01,97.5,19298,11986359.0,2.54,-1.19,-1.17,0.36,2.510000000000005
2019-06-03,600644,98.0,95.83,98.17,95.49,22976,14041055.0,2.75,-1.71,-1.67,0.43,2.680000000000007
2019-06-04,600644,96.0,94.83,96.5,94.66,17292,10427467.0,1.92,-1.04,-1.0,0.32,1.8400000000000034
2019-06-05,600644,95.49,95.33,96.33,94.66,10279,6214998.0,1.76,0.53,0.5,0.19,1.6700000000000017
2019-06-06,600644,94.99,92.32,95.49,91.81,17570,10434493.0,3.86,-3.16,-3.01,0.33,3.6799999999999926
2019-06-10,600644,92.32,92.65,94.49,92.15,20642,12146237.0,2.53,0.36,0.33,0.38,2.339999999999989
2019-06-11,600644,92.82,94.66,95.49,92.32,48172,28728809.0,3.42,2.17,2.01,0.89,3.1700000000000017
2019-06-12,600644,94.83,95.83,98.67,93.99,44332,27071569.0,4.94,1.24,1.17,0.82,4.680000000000007
2019-06-13,600644,95.66,95.33,96.0,94.32,27104,16326472.0,1.75,-0.52,-0.5,0.5,1.6800000000000068
2019-06-14,600644,95.33,93.82,96.16,93.32,25007,15002629.0,2.98,-1.58,-1.51,0.46,2.8400000000000034
2019-06-17,600644,93.82,94.16,94.49,93.32,10614,6326011.0,1.25,0.36,0.34,0.2,1.1700000000000017
2019-06-18,600644,93.65,93.32,94.83,92.98,12127,7197485.0,1.96,-0.89,-0.84,0.23,1.8499999999999943
2019-06-19,600644,94.99,95.49,96.5,94.83,23990,14530857.0,1.79,2.33,2.17,0.45,1.6700000000000017
2019-06-20,600644,95.49,97.67,97.67,95.33,30471,18668157.0,2.45,2.28,2.18,0.57,2.3400000000000034
2019-06-21,600644,97.84,98.67,99.34,97.17,30130,18735183.0,2.22,1.02,1.0,0.56,2.1700000000000017
2019-06-24,600644,99.01,98.51,99.01,97.84,19685,12249305.0,1.19,-0.16,-0.16,0.37,1.1700000000000017
2019-06-25,600644,98.51,97.67,100.18,96.5,15204,9381842.0,3.74,-0.85,-0.84,0.28,3.680000000000007
2019-06-26,600644,97.84,97.17,98.51,96.67,11605,7152203.0,1.88,-0.51,-0.5,0.22,1.8400000000000034
2019-06-27,600644,97.67,97.17,98.34,97.0,14784,9129446.0,1.38,0.0,0.0,0.27,1.3400000000000034
2019-06-28,600644,98.34,100.51,104.03,98.17,95951,61355261.0,6.03,3.44,3.34,1.78,5.859999999999999
2019-07-01,600644,103.19,101.52,103.52,100.18,64464,41266060.0,3.32,1.0,1.01,1.2,3.339999999999989
2019-07-02,600644,101.52,99.51,101.52,99.17,37242,23485973.0,2.31,-1.98,-2.01,0.69,2.3499999999999943
2019-07-03,600644,99.34,97.5,99.34,97.17,27213,16848008.0,2.18,-2.02,-2.01,0.51,2.1700000000000017
2019-07-04,600644,97.5,98.51,99.01,97.0,22467,13908765.0,2.06,1.04,1.01,0.42,2.010000000000005
2019-07-05,600644,98.0,97.33,98.51,96.5,23949,14746435.0,2.04,-1.2,-1.18,0.44,2.010000000000005
2019-07-08,600644,97.0,94.99,97.84,94.66,30088,18212412.0,3.27,-2.4,-2.34,0.56,3.180000000000007
2019-07-09,600644,94.83,95.66,96.33,94.83,20047,12106065.0,1.58,0.71,0.67,0.37,1.5
2019-07-10,600644,95.49,95.16,96.16,94.83,10766,6512557.0,1.39,-0.52,-0.5,0.2,1.3299999999999983
2019-07-11,600644,95.49,95.33,96.16,94.83,16565,10016856.0,1.4,0.18,0.17,0.31,1.3299999999999983
2019-07-12,600644,95.33,95.49,95.66,94.83,9101,5496957.0,0.87,0.17,0.16,0.17,0.8299999999999983
2019-07-15,600644,95.49,95.66,96.16,93.99,10879,6575141.0,2.27,0.18,0.17,0.2,2.1700000000000017
2019-07-16,600644,95.49,95.83,96.0,95.33,8604,5217719.0,0.7,0.18,0.17,0.16,0.6700000000000017
2019-07-17,600644,96.67,97.33,98.0,96.33,30092,18525906.0,1.74,1.57,1.5,0.56,1.6700000000000017
2019-07-18,600644,97.33,95.49,97.5,95.49,17128,10412150.0,2.07,-1.89,-1.84,0.32,2.010000000000005
2019-07-19,600644,95.66,95.49,96.5,95.33,14783,8978008.0,1.23,0.0,0.0,0.27,1.1700000000000017
2019-07-22,600644,96.33,92.82,96.33,92.15,19210,11361900.0,4.38,-2.8,-2.67,0.36,4.179999999999993
2019-07-23,600644,92.32,93.65,93.99,92.32,8666,5128074.0,1.8,0.89,0.83,0.16,1.6700000000000017
2019-07-24,600644,93.65,97.0,97.84,93.65,32560,19864646.0,4.47,3.58,3.35,0.6,4.189999999999998
2019-07-25,600644,97.0,96.0,97.17,94.83,14371,8739783.0,2.41,-1.03,-1.0,0.27,2.3400000000000034
2019-07-26,600644,96.83,97.17,97.67,96.0,21160,13002444.0,1.74,1.22,1.17,0.39,1.6700000000000017
2019-07-29,600644,97.67,96.67,97.67,96.16,12534,7677101.0,1.55,-0.51,-0.5,0.23,1.5100000000000051
2019-07-30,600644,96.67,97.17,97.5,96.5,12985,7982820.0,1.03,0.52,0.5,0.24,1.0
2019-07-31,600644,96.5,97.33,98.34,96.33,20707,12767503.0,2.07,0.16,0.16,0.38,2.010000000000005
2019-08-01,600644,96.67,97.5,97.84,96.67,11988,7388454.0,1.2,0.17,0.17,0.22,1.1700000000000017
2019-08-02,600644,95.49,96.33,97.17,94.83,17046,10370410.0,2.4,-1.2,-1.17,0.32,2.3400000000000034
2019-08-05,600644,95.66,95.33,97.17,95.33,17740,10801742.0,1.91,-1.04,-1.0,0.33,1.8400000000000034
2019-08-06,600644,93.99,95.16,95.49,89.81,38618,22855899.0,5.96,-0.18,-0.17,0.72,5.679999999999993
2019-08-07,600644,95.83,96.5,99.68,94.66,38488,23746356.0,5.28,1.41,1.34,0.71,5.02000000000001
2019-08-08,600644,96.67,94.99,97.17,94.66,22871,13808759.0,2.6,-1.56,-1.51,0.42,2.510000000000005
2019-08-09,600644,95.49,92.98,95.66,92.98,14540,8674888.0,2.82,-2.12,-2.01,0.27,2.6799999999999926
2019-08-12,600644,92.82,93.99,94.32,92.32,10483,6203318.0,2.15,1.09,1.01,0.19,2.0
2019-08-13,600644,93.82,94.16,94.16,92.98,7656,4540805.0,1.26,0.18,0.17,0.14,1.1799999999999926
2019-08-14,600644,94.66,94.16,95.33,93.99,8236,4941481.0,1.42,0.0,0.0,0.15,1.3400000000000034
2019-08-15,600644,92.65,94.49,94.66,91.31,11964,7093830.0,3.56,0.35,0.33,0.22,3.3499999999999943
2019-08-16,600644,94.32,94.16,94.99,93.99,12310,7373109.0,1.06,-0.35,-0.33,0.23,1.0
2019-08-19,600644,94.49,96.67,97.0,94.16,32834,19962067.0,3.02,2.67,2.51,0.61,2.8400000000000034
2019-08-20,600644,97.0,96.0,97.17,95.66,18530,11298085.0,1.56,-0.69,-0.67,0.34,1.5100000000000051
2019-08-21,600644,95.66,95.83,96.0,95.33,13647,8267593.0,0.7,-0.18,-0.17,0.25,0.6700000000000017
2019-08-22,600644,95.49,95.33,96.16,94.66,11227,6775163.0,1.57,-0.52,-0.5,0.21,1.5
2019-08-23,600644,95.33,94.83,95.66,94.49,11650,7011535.0,1.23,-0.52,-0.5,0.22,1.1700000000000017
2019-08-26,600644,93.82,94.16,95.49,93.15,10444,6241196.0,2.47,-0.71,-0.67,0.19,2.339999999999989
2019-08-27,600644,94.83,95.49,95.66,94.49,16683,10050363.0,1.24,1.41,1.33,0.31,1.1700000000000017
2019-08-28,600644,94.83,94.66,95.49,93.99,18336,10981931.0,1.57,-0.87,-0.83,0.34,1.5
2019-08-29,600644,94.16,94.16,94.99,93.99,9275,5546849.0,1.06,-0.53,-0.5,0.17,1.0
2019-08-30,600644,94.49,92.98,94.66,92.65,17739,10509824.0,2.13,-1.25,-1.18,0.33,2.009999999999991
2019-09-02,600644,92.98,93.82,94.16,92.82,13222,7859223.0,1.44,0.9,0.84,0.25,1.3400000000000034
2019-09-03,600644,93.15,94.16,94.66,93.15,14086,8392481.0,1.61,0.36,0.34,0.26,1.509999999999991
2019-09-04,600644,93.99,94.32,94.66,93.15,19367,11580967.0,1.6,0.17,0.16,0.36,1.509999999999991
2019-09-05,600644,94.83,94.99,96.16,94.83,33951,20541296.0,1.41,0.71,0.67,0.63,1.3299999999999983
2019-09-06,600644,94.99,94.99,95.83,94.32,21895,13144522.0,1.59,0.0,0.0,0.41,1.5100000000000051
2019-09-09,600644,95.49,95.49,95.83,94.32,34036,20512815.0,1.59,0.53,0.5,0.63,1.5100000000000051
2019-09-10,600644,95.66,96.83,96.83,95.16,36676,22346535.0,1.75,1.4,1.34,0.68,1.6700000000000017
2019-09-11,600644,97.17,95.83,97.17,95.66,21410,13056625.0,1.56,-1.03,-1.0,0.4,1.5100000000000051
2019-09-12,600644,96.0,97.17,99.51,95.83,77707,48064959.0,3.84,1.4,1.34,1.44,3.680000000000007
2019-09-16,600644,97.5,100.01,100.68,96.83,101571,63760832.0,3.96,2.92,2.84,1.89,3.8500000000000085
2019-09-17,600644,99.68,96.33,99.84,96.16,59986,37051597.0,3.68,-3.68,-3.68,1.11,3.680000000000007
2019-09-18,600644,96.33,95.66,97.17,95.49,30635,18697724.0,1.74,-0.7,-0.67,0.57,1.6800000000000068
2019-09-19,600644,96.67,96.33,96.67,95.66,15904,9664695.0,1.06,0.7,0.67,0.3,1.0100000000000051
2019-09-20,600644,96.0,95.83,96.16,95.16,20762,12584495.0,1.04,-0.52,-0.5,0.39,1.0
2019-09-23,600644,95.33,94.49,95.33,93.32,24626,14681366.0,2.1,-1.4,-1.34,0.46,2.010000000000005
2019-09-24,600644,94.16,94.16,94.83,93.82,16643,9963509.0,1.07,-0.35,-0.33,0.31,1.0100000000000051
2019-09-25,600644,93.49,93.32,93.82,92.98,15869,9386521.0,0.89,-0.89,-0.84,0.29,0.8399999999999892
2019-09-26,600644,92.98,91.65,93.65,91.48,23410,13782127.0,2.33,-1.79,-1.67,0.43,2.1700000000000017
2019-09-27,600644,91.98,92.48,92.82,91.48,9429,5524519.0,1.46,0.91,0.83,0.18,1.3399999999999892
2019-09-30,600644,92.48,91.81,92.98,91.48,12088,7060601.0,1.62,-0.72,-0.67,0.22,1.5
2019-10-08,600644,91.81,91.48,92.32,91.48,9225,5382121.0,0.91,-0.36,-0.33,0.17,0.8399999999999892
2019-10-09,600644,91.48,91.81,91.81,90.48,5917,3436023.0,1.45,0.36,0.33,0.11,1.3299999999999983
2019-10-10,600644,91.81,92.32,92.48,91.81,8315,4863555.0,0.73,0.56,0.51,0.15,0.6700000000000017
2019-10-11,600644,92.32,92.65,92.65,91.98,10561,6193970.0,0.73,0.36,0.33,0.2,0.6700000000000017
2019-10-14,600644,92.65,94.16,94.49,92.65,21950,13070876.0,1.99,1.63,1.51,0.41,1.8399999999999892
2019-10-15,600644,93.82,93.15,93.82,92.65,12684,7492598.0,1.24,-1.07,-1.01,0.24,1.1699999999999875
2019-10-16,600644,93.49,93.15,93.82,92.48,11291,6669847.0,1.44,0.0,0.0,0.21,1.3399999999999892
2019-10-17,600644,92.98,92.15,92.98,91.98,9436,5535752.0,1.07,-1.07,-1.0,0.18,1.0
2019-10-18,600644,91.98,91.14,92.65,90.98,10529,6128676.0,1.81,-1.1,-1.01,0.2,1.6700000000000017
2019-10-21,600644,90.81,91.14,91.48,90.14,7598,4377674.0,1.47,0.0,0.0,0.14,1.3400000000000034
2019-10-22,600644,91.14,91.98,91.98,90.98,6974,4048325.0,1.1,0.92,0.84,0.13,1.0
2019-10-23,600644,91.31,90.98,91.81,90.81,5787,3348852.0,1.09,-1.09,-1.0,0.11,1.0
2019-10-24,600644,91.31,90.98,91.48,90.48,7270,4201584.0,1.1,0.0,0.0,0.14,1.0
2019-10-25,600644,91.14,91.98,91.98,90.98,9533,5530469.0,1.1,1.1,1.0,0.18,1.0
2019-10-28,600644,91.98,92.65,92.65,91.31,12460,7291788.0,1.46,0.73,0.67,0.23,1.3400000000000034
2019-10-29,600644,92.15,91.81,92.82,91.81,10619,6219146.0,1.09,-0.91,-0.84,0.2,1.009999999999991
2019-10-30,600644,91.65,90.98,91.98,90.64,7460,4320782.0,1.46,-0.9,-0.83,0.14,1.3400000000000034
2019-10-31,600644,91.31,92.82,93.49,90.14,19593,11452010.0,3.68,2.02,1.84,0.36,3.3499999999999943
2019-11-01,600644,91.98,92.82,93.15,91.48,14694,8616460.0,1.8,0.0,0.0,0.27,1.6700000000000017
2019-11-04,600644,92.65,93.65,93.82,92.48,13866,8202179.0,1.44,0.89,0.83,0.26,1.3399999999999892
2019-11-05,600644,92.98,93.82,93.99,92.65,13364,7922385.0,1.43,0.18,0.17,0.25,1.3399999999999892
2019-11-06,600644,93.15,95.49,100.01,93.15,62021,37797896.0,7.31,1.78,1.67,1.15,6.859999999999999
2019-11-07,600644,94.83,94.16,95.83,93.49,39742,23860914.0,2.45,-1.39,-1.33,0.74,2.3400000000000034
2019-11-08,600644,94.66,95.16,97.33,94.32,36813,22380960.0,3.2,1.06,1.0,0.68,3.010000000000005
2019-11-11,600644,94.83,92.65,95.49,91.65,19392,11552219.0,4.04,-2.64,-2.51,0.36,3.839999999999989
2019-11-12,600644,92.48,91.81,92.65,90.48,20978,12157516.0,2.34,-0.91,-0.84,0.39,2.1700000000000017
2019-11-13,600644,91.65,91.65,92.65,90.81,12404,7210675.0,2.0,-0.17,-0.16,0.23,1.8400000000000034
2019-11-14,600644,90.98,91.48,91.81,90.81,12435,7215238.0,1.09,-0.19,-0.17,0.23,1.0
2019-11-15,600644,91.48,87.46,91.48,87.46,27401,15609013.0,4.39,-4.39,-4.02,0.51,4.02000000000001
2019-11-18,600644,87.97,85.96,87.97,84.95,34498,18920869.0,3.45,-1.72,-1.5,0.64,3.019999999999996
2019-11-19,600644,85.96,86.63,86.96,85.96,18290,10081381.0,1.16,0.78,0.67,0.34,1.0
2019-11-20,600644,86.29,85.62,86.63,85.62,14243,7820042.0,1.17,-1.17,-1.01,0.26,1.009999999999991
2019-11-21,600644,85.46,86.46,86.96,85.12,10158,5581340.0,2.15,0.98,0.84,0.19,1.8399999999999892
2019-11-22,600644,86.46,87.3,89.3,86.13,34819,19351972.0,3.67,0.97,0.84,0.65,3.1700000000000017
2019-11-25,600644,87.3,87.13,87.63,85.96,15169,8393274.0,1.91,-0.19,-0.17,0.28,1.6700000000000017
2019-11-26,600644,86.63,86.63,87.46,86.29,10642,5874607.0,1.34,-0.57,-0.5,0.2,1.1699999999999875
2019-11-27,600644,86.46,86.46,86.63,86.13,6405,3529469.0,0.58,-0.2,-0.17,0.12,0.5
2019-11-28,600644,86.29,86.46,86.79,86.29,6761,3729025.0,0.58,0.0,0.0,0.13,0.5
2019-11-29,600644,86.63,86.29,86.79,85.62,8216,4509242.0,1.35,-0.2,-0.17,0.15,1.1700000000000017
2019-12-02,600644,86.13,85.46,86.29,85.46,8166,4464034.0,0.96,-0.96,-0.83,0.15,0.8300000000000125
2019-12-03,600644,85.29,84.95,85.29,83.62,14806,7953924.0,1.95,-0.6,-0.51,0.27,1.6700000000000017
2019-12-04,600644,84.62,85.62,85.62,84.12,7370,3978244.0,1.77,0.79,0.67,0.14,1.5
2019-12-05,600644,85.29,86.13,86.46,85.29,7449,4079169.0,1.37,0.6,0.51,0.14,1.1699999999999875
2019-12-06,600644,86.29,86.29,86.46,85.46,7623,4169549.0,1.16,0.19,0.16,0.14,1.0
2019-12-09,600644,85.96,86.29,86.46,85.79,7341,4035464.0,0.78,0.0,0.0,0.14,0.6699999999999875
2019-12-10,600644,85.79,85.46,86.29,84.62,11408,6200084.0,1.94,-0.96,-0.83,0.21,1.6700000000000017
2019-12-11,600644,85.29,86.96,87.3,84.79,19654,10824198.0,2.94,1.76,1.5,0.37,2.509999999999991
2019-12-12,600644,87.3,85.29,87.3,84.62,13172,7212746.0,3.08,-1.92,-1.67,0.24,2.6799999999999926
2019-12-13,600644,85.46,86.29,86.46,85.29,11181,6135621.0,1.37,1.17,1.0,0.21,1.1699999999999875
2019-12-16,600644,86.29,87.46,87.63,86.29,15671,8691906.0,1.55,1.36,1.17,0.29,1.3399999999999892
2019-12-17,600644,87.63,88.64,88.64,86.96,20993,11769709.0,1.92,1.35,1.18,0.39,1.6800000000000068
2019-12-18,600644,89.14,87.63,89.14,87.13,39420,22021791.0,2.27,-1.14,-1.01,0.73,2.010000000000005
2019-12-19,600644,87.63,88.47,88.64,87.46,29081,16321679.0,1.35,0.96,0.84,0.54,1.1800000000000068
2019-12-20,600644,88.47,87.63,88.64,87.63,23074,12931035.0,1.14,-0.95,-0.84,0.43,1.0100000000000051
2019-12-23,600644,87.8,85.79,87.8,85.62,19768,10927214.0,2.49,-2.1,-1.84,0.37,2.1799999999999926
2019-12-24,600644,85.62,86.46,86.63,85.46,16937,9291542.0,1.36,0.78,0.67,0.31,1.1700000000000017
2019-12-25,600644,86.29,85.79,86.79,85.79,12592,6920336.0,1.16,-0.77,-0.67,0.23,1.0
2019-12-26,600644,86.46,87.3,87.3,86.29,16117,8894033.0,1.18,1.76,1.51,0.3,1.009999999999991
2019-12-27,600644,87.13,86.96,87.63,86.63,17544,9737771.0,1.15,-0.39,-0.34,0.33,1.0
2019-12-30,600644,86.79,87.13,87.3,85.29,14393,7932122.0,2.31,0.2,0.17,0.27,2.009999999999991
2019-12-31,600644,87.13,87.8,87.97,86.96,13973,7781909.0,1.16,0.77,0.67,0.26,1.0100000000000051
