date,open,true_price,predicted_price,return,pred_return,volatility,signal,hold_days,code,position_weight,position,cash,total,trade
2020-03-11,2504.69,2491.69,2442.334982910156,,,0.030781448435938906,0,0,000001,0.9701377547271098,0.0,1000000.0,1000000.0,
2020-03-12,2485.19,2490.07,2432.624212450981,-0.0006501611356147796,-0.003976019066641134,0.030781448435938906,-1,0,000001,0.9701377547271098,0.0,1000000.0,1000000.0,
2020-03-13,2363.29,2464.06,2425.235557117462,-0.010445489484231407,-0.0030373188327654788,0.030781448435938906,-1,0,000001,0.9701377547271098,0.0,1000000.0,1000000.0,
2020-03-16,2452.68,2338.92,2409.584013738632,-0.050786100987800564,-0.006453617807514189,0.030781448435938906,-1,0,000001,0.9701377547271098,0.0,1000000.0,1000000.0,
2020-03-17,2338.92,2283.6599999999994,2373.587429418564,-0.023626289056487892,-0.014938920624816387,0.030781448435938906,-1,0,000001,0.9701377547271098,0.0,1000000.0,1000000.0,
2020-03-18,2283.66,2169.89,2321.9259366512297,-0.04981914996102732,-0.021765152665975118,0.030781448435938906,-1,0,000001,0.9701377547271098,0.0,1000000.0,1000000.0,
2020-03-19,2165.01,2091.87,2256.990572385788,-0.03595573969187382,-0.02796616517368089,0.030781448435938906,-1,0,000001,0.9701377547271098,0.0,1000000.0,1000000.0,
2020-03-20,2119.5,2139.01,2189.696404571533,0.0225348611529399,-0.029815883432388612,0.030781448435938906,-1,0,000001,0.9701377547271098,0.0,1000000.0,1000000.0,
2020-03-23,2054.49,2078.87,2144.1508719444278,-0.028115810585270906,-0.0207999303154619,0.030781448435938906,-1,0,000001,0.9701377547271098,0.0,1000000.0,1000000.0,
2020-03-24,2119.5,2153.63,2108.223995628357,0.03596184465599106,-0.016755759487899424,0.030781448435938906,-1,0,000001,0.9701377547271098,0.0,1000000.0,1000000.0,
2020-03-25,2197.52,2195.8899999999994,2120.9340446805954,0.01962268356217156,0.006028794415865679,0.030781448435938906,-1,0,000001,0.9701377547271098,0.0,1000000.0,1000000.0,
2020-03-26,2181.2600000000007,2226.77,2135.6314269971845,0.014062635195752238,0.006929674382591289,0.03172807756115986,-1,0,000001,0.9692476358342791,0.0,1000000.0,1000000.0,
2020-03-27,2257.65,2241.4,2178.487829236984,0.006570054383703727,0.02006732140108003,0.03219351249560447,-1,0,000001,0.9688105843469524,0.0,1000000.0,1000000.0,
2020-03-30,2192.64,2207.27,2188.034550032616,-0.015227090211475058,0.0043822695116804145,0.028849920459479025,-1,0,000001,0.9719590584731788,0.0,1000000.0,1000000.0,
2020-03-31,2225.15,2184.51,2169.9906594038007,-0.010311380121144964,-0.008246620524592019,0.028215510419739142,-1,0,000001,0.9725587582235352,0.0,1000000.0,1000000.0,
2020-04-01,2194.2700000000004,2199.14,2161.727247238159,0.00669715405285376,-0.0038080404308799,0.023257767966683923,-1,0,000001,0.9772708610725728,0.0,1000000.0,1000000.0,
2020-04-02,2176.3900000000003,2212.14,2165.9886075878144,0.005911401729767007,0.0019712756801764098,0.019155878496080705,-1,0,000001,0.981204172099416,0.0,1000000.0,1000000.0,
2020-04-03,2187.76,2153.63,2163.8103634929657,-0.026449501387796337,-0.001005658149455635,0.020601187395596653,-1,0,000001,0.9798146546858646,0.0,1000000.0,1000000.0,
2020-04-07,2199.14,2197.52,2156.420790948868,0.020379545232932283,-0.003415074014235131,0.018633101341301087,-1,0,000001,0.9817077401895092,0.0,1000000.0,1000000.0,
2020-04-08,2197.52,2181.26,2157.478203716278,-0.007399250063708118,0.000490355487133165,0.015614842400211978,-1,0,000001,0.9846252321762949,0.0,1000000.0,1000000.0,
2020-04-09,2197.52,2174.76,2147.3515437746046,-0.002979929031843964,-0.004693748434737466,0.014258680345576369,-1,0,000001,0.985941771441662,0.0,1000000.0,1000000.0,
2020-04-10,2178.01,2182.89,2150.873763427734,0.0037383435413560484,0.0016402622399396272,0.01340517352855771,-1,0,000001,0.9867721481212866,0.0,1000000.0,1000000.0,
2020-04-13,2163.39,2150.38,2147.322586126327,-0.014893100431079831,-0.0016510393877079421,0.013613706123029295,-1,0,000001,0.9865691376894455,0.0,1000000.0,1000000.0,
2020-04-14,2160.1400000000003,2194.27,2142.2099233293534,0.02041034607836756,-0.0023809477113528876,0.014961492812245448,-1,0,000001,0.9852590537491326,0.0,1000000.0,1000000.0,
2020-04-15,2194.2700000000004,2195.8899999999994,2139.9925012397766,0.0007382865372080882,-0.0010351096152755312,0.01455811362311553,-1,0,000001,0.9856507838953389,0.0,1000000.0,1000000.0,
2020-04-16,2182.89,2165.01,2143.622296590805,-0.014062635195751683,0.0016961719954278198,0.01506580096461542,-1,0,000001,0.9851578085378323,0.0,1000000.0,1000000.0,
2020-04-17,2179.64,2199.14,2129.965031070709,0.015764361365536272,-0.006371115630685709,0.01590056254425532,-1,0,000001,0.9843483081607578,0.0,1000000.0,1000000.0,
2020-04-20,2194.2700000000004,2215.39,2145.512667593956,0.007389252162208759,0.007299479708092527,0.013115472336233983,-1,0,000001,0.9870543164186509,0.0,1000000.0,1000000.0,
2020-04-21,2265.78,2290.1600000000003,2156.218480501175,0.033750265190327866,0.004989862361998831,0.015550060328197283,-1,0,000001,0.9846880415494516,0.0,1000000.0,1000000.0,
2020-04-22,2277.15,2254.4,2228.135520663261,-0.015614629545534053,0.03335331777017814,0.0164259828934845,-1,0,000001,0.9838394697007604,0.0,1000000.0,1000000.0,
2020-04-23,2254.4,2254.4,2218.069527649879,0.0,-0.004517675392736287,0.016323607183235493,-1,0,000001,0.9839385732380291,0.0,1000000.0,1000000.0,
2020-04-24,2244.6500000000005,2256.03,2195.7518288135525,0.0007230305180980778,-0.010061767026740998,0.016351099175263614,-1,0,000001,0.9839119579950945,0.0,1000000.0,1000000.0,
2020-04-27,2265.78,2298.28,2204.0915004873277,0.018727587842360283,0.0037980939213342335,0.015606653565435844,-1,0,000001,0.9846331712079216,0.0,1000000.0,1000000.0,
2020-04-28,2290.16,2301.53,2221.033821210861,0.0014141009798631643,0.007686759247421016,0.014903868969329269,-1,0,000001,0.9853149944295072,0.0,1000000.0,1000000.0,
2020-04-29,2295.03,2382.8,2236.0790883970258,0.0353112929225341,0.006773992832744158,0.017601463020913158,-1,0,000001,0.9827029896668383,0.0,1000000.0,1000000.0,
2020-04-30,2382.8,2368.17,2278.0836640691755,-0.006139835487661616,0.01878492397255127,0.01663266478071718,-1,0,000001,0.9836394546851348,0.0,1000000.0,1000000.0,
2020-05-06,2340.54,2342.17,2288.0614738368986,-0.010978941545581655,0.004379913663882018,0.017571378838040094,-1,0,000001,0.9827320429765775,0.0,1000000.0,1000000.0,
2020-05-07,2340.54,2329.16,2287.32220211029,-0.005554677926879914,-0.00032309959109999564,0.01796746551188509,-1,0,000001,0.9823496662510229,0.0,1000000.0,1000000.0,
2020-05-08,2340.54,2371.42,2267.2421039962765,0.01814388019715274,-0.008778867312828842,0.015749460375661786,-1,0,000001,0.9844947391162412,0.0,1000000.0,1000000.0,
2020-05-11,2366.54,2379.55,2295.973725380897,0.003428325644550645,0.012672498157112466,0.014247231485083684,-1,0,000001,0.9859529007890684,0.0,1000000.0,1000000.0,
2020-05-12,2371.42,2345.42,2315.2436644935606,-0.014343048055304619,0.008392926669692935,0.015527721320107078,-1,0,000001,0.984709702163598,0.0,1000000.0,1000000.0,
2020-05-13,2338.92,2319.41,2299.521364870071,-0.011089698220361432,-0.00679077535751671,0.016243721119585938,-1,0,000001,0.9840159198211919,0.0,1000000.0,1000000.0,
2020-05-14,2306.41,2265.78,2285.2175969219206,-0.023122259540141576,-0.00622032400597361,0.017080049058603983,-1,0,000001,0.9832067799634718,0.0,1000000.0,1000000.0,
2020-05-15,2280.41,2254.4,2258.9765953493115,-0.005022552939826563,-0.011482933444917687,0.017087973978515143,-1,0,000001,0.9831991190381765,0.0,1000000.0,1000000.0,
2020-05-18,2249.53,2249.53,2260.49353061676,-0.0021602200141944694,0.000671514379817495,0.011056478187892287,-1,0,000001,0.989064430695594,0.0,1000000.0,1000000.0,
2020-05-19,2283.66,2275.53,2244.846049170494,0.011557969887043162,-0.006922152722107833,0.012319652125819695,-1,0,000001,0.9878302746568743,0.0,1000000.0,1000000.0,
2020-05-20,2278.78,2299.91,2250.708204040527,0.010713987510601708,0.002611383917484833,0.012836476078196555,-1,0,000001,0.9873262107147833,0.0,1000000.0,1000000.0,
2020-05-21,2301.53,2282.03,2260.990265660286,-0.007774217251979243,0.004568367237165694,0.012928530034970262,-1,0,000001,0.9872364834718163,0.0,1000000.0,1000000.0,
2020-05-22,2270.65,2204.0199999999995,2259.346231212616,-0.03418447610241793,-0.0007271302635128984,0.014391499257766477,-1,0,000001,0.9858126775822779,0.0,1000000.0,1000000.0,
2020-05-25,2212.14,2210.5200000000004,2223.967584762573,0.002949156541229625,-0.015658798090036452,0.014352927441931992,-1,0,000001,0.9858501641256872,0.0,1000000.0,1000000.0,
2020-05-26,2220.27,2223.52,2207.4505876874923,0.005880969183721163,-0.007426815565229616,0.014663518592994891,-1,0,000001,0.9855483928176226,0.0,1000000.0,1000000.0,
2020-05-27,2225.15,2217.02,2203.2061302185057,-0.002923292797006538,-0.0019227870796569846,0.014527389231550683,-1,0,000001,0.9856806337751468,0.0,1000000.0,1000000.0,
2020-05-28,2231.32,2263.83,2204.951450920105,0.02111392770475673,0.0007921731324458392,0.014925408105877364,-1,0,000001,0.9852940836965228,0.0,1000000.0,1000000.0,
2020-05-29,2254.08,2252.45,2228.4214283037186,-0.005026879226797121,0.010644215034222082,0.014925570414822217,-1,0,000001,0.9852939261263053,0.0,1000000.0,1000000.0,
2020-06-01,2268.7,2304.46,2220.691046514511,0.023090412661768367,-0.003468994549694293,0.016562853481879806,-1,0,000001,0.9837070050069707,0.0,1000000.0,1000000.0,
2020-06-02,2299.58,2341.84,2259.8817511606217,0.016220719821563367,0.01764797705994381,0.016906998901181275,-1,0,000001,0.9833740952521223,0.0,1000000.0,1000000.0,
2020-06-03,2356.47,2340.22,2293.850120830536,-0.0006917637413317301,0.015031038527776541,0.01671284096588892,-1,0,000001,0.9835618866089941,0.0,1000000.0,1000000.0,
2020-06-04,2338.59,2345.09,2319.8703367137905,0.002081000931536403,0.011343468192173356,0.016368269138618,-1,0,000001,0.9838953363307079,0.0,1000000.0,1000000.0,
2020-06-05,2349.97,2348.34,2308.477139992713,0.001385874316124358,-0.004911135135775013,0.010084525177079412,-1,0,000001,0.9900161571376302,0.0,1000000.0,1000000.0,
2020-06-08,2362.97,2353.22,2295.445150027275,0.0020780636534742936,-0.005645275727304555,0.010121416922553382,-1,0,000001,0.989979999678267,0.0,1000000.0,1000000.0,
2020-06-09,2356.47,2361.34,2302.6770933818816,0.0034505911049542703,0.0031505624756578143,0.010162251504420634,-1,0,000001,0.9899399809394124,0.0,1000000.0,1000000.0,
2020-06-10,2367.85,2332.09,2308.8269903135297,-0.01238703448042211,0.0026707595907926596,0.011452402172108295,-1,0,000001,0.9886772702823048,0.0,1000000.0,1000000.0,
2020-06-11,2314.21,2265.45,2308.189791021347,-0.028575226513556595,-0.00027598399310824195,0.014197891019893636,-1,0,000001,0.9860008671427861,0.0,1000000.0,1000000.0,
2020-06-12,2236.2,2250.83,2313.8164848327638,-0.006453463991701436,0.0024377084732392085,0.014262846098659894,-1,0,000001,0.9859377220081348,0.0,1000000.0,1000000.0,
2020-06-15,2228.07,2223.2000000000003,2278.631500844955,-0.012275471714878305,-0.015206471307663727,0.012132203573386157,-1,0,000001,0.9880132224520148,0.0,1000000.0,1000000.0,
2020-06-16,2236.2,2234.57,2240.0916226196287,0.005114249730118647,-0.016913607229179117,0.010526717853831611,-1,0,000001,0.9895829396018462,0.0,1000000.0,1000000.0,
2020-06-17,2234.57,2228.0700000000006,2235.444509706497,-0.0029088370469484426,-0.002074519125113916,0.010457741134434106,-1,0,000001,0.9896504913479178,0.0,1000000.0,1000000.0,
2020-06-18,2213.44,2213.44,2216.270484614372,-0.006566220989466465,-0.008577276245896326,0.010174724663135515,-1,0,000001,0.9899277576297225,0.0,1000000.0,1000000.0,
2020-06-19,2208.57,2219.95,2220.6391586017608,0.002941123319357919,0.001971182677257488,0.01030633827121896,-1,0,000001,0.989798798759538,0.0,1000000.0,1000000.0,
2020-06-22,2210.19,2193.94,2212.752064833641,-0.011716480100903093,-0.003551722366764931,0.010091623580679863,-1,0,000001,0.9900091998140664,0.0,1000000.0,1000000.0,
2020-06-23,2195.5700000000006,2187.44,2181.6077865362167,-0.002962706363893286,-0.014074906444507373,0.00954718711608401,-1,0,000001,0.9905430996808016,0.0,1000000.0,1000000.0,
2020-06-24,2193.94,2219.95,2171.7940264320373,0.014862121932487149,-0.004498407167752627,0.011674161941781672,-1,0,000001,0.9884605514493178,0.0,1000000.0,1000000.0,
2020-06-29,2239.45,2219.95,2200.36867377758,0.0,0.01315716269488365,0.00820426783029424,-1,0,000001,0.9918624944447515,0.0,1000000.0,1000000.0,
2020-06-30,2224.82,2219.95,2200.7861356210706,0.0,0.00018972358971725,0.008067408675062804,-1,0,000001,0.9919971535577506,0.0,1000000.0,1000000.0,
2020-07-01,2218.32,2271.95,2191.9902171993253,0.023423950989887254,-0.003996716572945425,0.010289006215299745,-1,0,000001,0.9898157792948337,0.0,1000000.0,1000000.0,
2020-07-02,2265.45,2322.34,2239.289849543571,0.02217918528136642,0.021578395730561084,0.012081610058086105,-1,0,000001,0.9880626127991866,0.0,1000000.0,1000000.0,
2020-07-03,2345.09,2455.61,2307.941882104873,0.057386084724889486,0.030657948355946374,0.02044369078462889,-1,0,000001,0.979965880558378,0.0,1000000.0,1000000.0,
2020-07-06,2512.49,2688.02,2434.372677874565,0.09464450788195178,0.054780753687950545,0.0327219953392547,-1,0,000001,0.9683148073857908,0.0,1000000.0,1000000.0,
2020-07-07,2788.79,2655.52,2581.354231815338,-0.01209068384907852,0.060377589379248864,0.033919922346728,-1,0,000001,0.9671928922021944,0.0,1000000.0,1000000.0,
2020-07-08,2614.89,2701.03,2654.1327947711943,0.017137886365005794,0.02819394644053741,0.0322428680900722,-1,0,000001,0.9687642616996422,0.0,1000000.0,1000000.0,
2020-07-09,2684.77,2663.65,2624.113016643524,-0.013839165059255198,-0.011310578802541826,0.03332351999771448,-1,0,000001,0.9677511259999306,0.0,1000000.0,1000000.0,
2020-07-10,2634.39,2554.75,2578.237288208008,-0.04088374974189557,-0.017482375242433457,0.03859343803186507,-1,0,000001,0.9628406683321631,0.0,1000000.0,1000000.0,
2020-07-13,2528.75,2559.630000000001,2554.735470514297,0.0019101673353560944,-0.009115459543309057,0.038516720875973506,-1,0,000001,0.9629117951577272,0.0,1000000.0,1000000.0,
2020-07-14,2561.25,2525.5,2543.913171863556,-0.013333958423678793,-0.004236171915115161,0.03931570553094679,-1,0,000001,0.9621715467959162,0.0,1000000.0,1000000.0,
2020-07-15,2541.75,2458.86,2539.6180057525635,-0.026386854088299327,-0.001688409085065512,0.04105710279548822,-1,0,000001,0.9605621029958491,0.0,1000000.0,1000000.0,
2020-07-16,2463.74,2439.36,2517.149491291046,-0.007930504380078585,-0.008847202378713392,0.04106056713839982,-1,0,000001,0.9605589065281144,0.0,1000000.0,1000000.0,
2020-07-17,2442.61,2437.73,2487.8281035041805,-0.000668208054571684,-0.011648647761411501,0.036819860695487316,-1,0,000001,0.9644876973413792,0.0,1000000.0,1000000.0,
2020-07-20,2452.36,2533.62,2459.286606769562,0.039335775496055714,-0.011472455309278429,0.022284022469453775,-1,0,000001,0.9782017306544379,0.0,1000000.0,1000000.0,
2020-07-21,2525.5,2494.62,2498.0544773387905,-0.015392995003197019,0.015763868457834285,0.02241375392359918,-1,0,000001,0.9780776091503225,0.0,1000000.0,1000000.0,
2020-07-22,2494.62,2481.61,2487.6958941507337,-0.005215223160240701,-0.004146660243811828,0.020913697038357482,-1,0,000001,0.9795147257804185,0.0,1000000.0,1000000.0,
2020-07-23,2453.98,2416.6,2475.254718828201,-0.02619670294687737,-0.005001083674168294,0.021633961259637756,-1,0,000001,0.9788241561263646,0.0,1000000.0,1000000.0,
2020-07-24,2410.1,2333.71,2446.201680650711,-0.034300256558801534,-0.011737393310068733,0.0206497786270867,-1,0,000001,0.9797680075384296,0.0,1000000.0,1000000.0,
2020-07-27,2361.34,2291.46,2365.6239451122283,-0.018104220318719944,-0.03293993957074226,0.02046353918199187,-1,0,000001,0.9799468198556163,0.0,1000000.0,1000000.0,
2020-07-28,2307.71,2307.7100000000005,2331.525986690521,0.0070915486196574395,-0.014413938653334624,0.02119109714129935,-1,0,000001,0.9792486468001715,0.0,1000000.0,1000000.0,
2020-07-29,2309.34,2340.22,2287.9818075466155,0.014087558662049915,-0.018676257263473328,0.02131876469944752,-1,0,000001,0.9791262381184965,0.0,1000000.0,1000000.0,
2020-07-30,2333.71,2312.59,2302.567552232742,-0.01180658228713527,0.006374939100484589,0.021418437528381313,-1,0,000001,0.9790306922790533,0.0,1000000.0,1000000.0,
2020-07-31,2297.96,2307.7100000000005,2295.939395499229,-0.0021101881440288572,-0.0028785938232673836,0.02138999411146436,-1,0,000001,0.9790579560845687,0.0,1000000.0,1000000.0,
2020-08-03,2328.84,2348.34,2286.6673137569423,0.01760619835247912,-0.004038469726362459,0.017011760536857348,-1,0,000001,0.9832727986076806,0.0,1000000.0,1000000.0,
2020-08-04,2359.72,2421.48,2310.7464499950406,0.031145404839162838,0.010530231526568956,0.02058330124124272,-1,0,000001,0.9798318263524309,0.0,1000000.0,1000000.0,
2020-08-05,2385.72,2375.97,2382.936949939728,-0.018794291094702542,0.031241203440923737,0.02120045078091485,-1,0,000001,0.9792396774162184,0.0,1000000.0,1000000.0,
2020-08-06,2385.72,2398.73,2362.4265490341186,0.009579245529194536,-0.008607194120737516,0.02005195355906487,-1,0,000001,0.9803422232670586,0.0,1000000.0,1000000.0,
2020-08-07,2382.47,2366.22,2353.9376340961453,-0.0135530051318824,-0.003593303225213118,0.017016721068261128,-1,0,000001,0.9832680026633319,0.0,1000000.0,1000000.0,
2020-08-10,2361.34,2406.85,2326.678921871185,0.017170846328743883,-0.011580048608818339,0.016131186579017184,-1,0,000001,0.9841248976588095,0.0,1000000.0,1000000.0,
2020-08-11,2410.1,2436.11,2365.895570473671,0.012156968651972688,0.01685520431454579,0.016281537643820662,-1,0,000001,0.9839793039224464,0.0,1000000.0,1000000.0,
2020-08-12,2449.11,2476.74,2436.605037393569,0.01667822881561154,0.029886977177839613,0.016452226697119154,-1,0,000001,0.9838140679266556,0.0,1000000.0,1000000.0,
2020-08-13,2479.99,2444.23,2462.927408647537,-0.013126125471385697,0.010802887973228925,0.01661369400062406,-1,0,000001,0.9836578101409935,0.0,1000000.0,1000000.0,
2020-08-14,2431.23,2491.37,2437.413624033928,0.019286237383552285,-0.01035912975917519,0.016875344716650836,-1,0,000001,0.9834047065804776,0.0,1000000.0,1000000.0,
2020-08-17,2512.49,2608.39,2445.526089544296,0.04697014092647822,0.003328308921545231,0.020854070827915874,-1,0,000001,0.9795719374356776,0.0,1000000.0,1000000.0,
2020-08-18,2610.01,2601.88,2543.3465977859496,-0.002495792423678922,0.039999781094088194,0.019889773306362307,-1,0,000001,0.9804981147699109,0.0,1000000.0,1000000.0,
2020-08-19,2595.38,2593.76,2550.3323356151577,-0.0031208203299152304,0.002746671584316962,0.01813777079500559,-1,0,000001,0.9821853472925939,0.0,1000000.0,1000000.0,
2020-08-20,2579.13,2510.87,2541.3572990703583,-0.03195746715193404,-0.0035191635299697266,0.022265282247976012,-1,0,000001,0.9782196631005463,0.0,1000000.0,1000000.0,
2020-08-21,2530.37,2488.12,2512.213457045555,-0.009060604491670232,-0.011467825494456907,0.021896073364249466,-1,0,000001,0.9785730917898882,0.0,1000000.0,1000000.0,
2020-08-24,2496.24,2489.74,2480.229406948089,0.0006510939986816844,-0.012731422167875928,0.021516662079054186,-1,0,000001,0.9789365529924279,0.0,1000000.0,1000000.0,
2020-08-25,2505.99,2512.49,2455.132166967392,0.009137500301236168,-0.010118918802587307,0.021404102012605498,-1,0,000001,0.9790444330794931,0.0,1000000.0,1000000.0,
2020-08-26,2512.49,2475.11,2463.3330777835845,-0.0148776711549099,0.003340313375602255,0.02153770887722072,-1,0,000001,0.9789163839082428,0.0,1000000.0,1000000.0,
2020-08-27,2479.99,2489.74,2443.874062261581,0.00591084840673739,-0.007899465848732024,0.021071052776404513,-1,0,000001,0.9793637742259856,0.0,1000000.0,1000000.0,
2020-08-28,2457.24,2598.63,2445.17623922348,0.04373549045281844,0.0005328330874356801,0.02444266640522108,-1,0,000001,0.9761405228357087,0.0,1000000.0,1000000.0,
2020-08-31,2626.26,2590.51,2524.509451036453,-0.003124723411951691,0.032444782727876875,0.019377520229949607,-1,0,000001,0.9809908303396975,0.0,1000000.0,1000000.0,
2020-09-01,2571.0,2600.26,2557.003077125549,0.0037637376423946822,0.012871263395649368,0.019407689711747465,-1,0,000001,0.9809617978090441,0.0,1000000.0,1000000.0,
2020-09-02,2579.13,2629.51,2521.289255723953,0.011248875112488843,-0.013967062347748138,0.019672416613174107,-1,0,000001,0.9807071209413355,0.0,1000000.0,1000000.0,
2020-09-03,2629.51,2561.25,2543.932826375961,-0.025959209130218208,0.008980949171381925,0.018599676161080055,-1,0,000001,0.9817399547669415,0.0,1000000.0,1000000.0,
2020-09-04,2533.62,2571.0,2516.092864704132,0.0038067349926793614,-0.01094367012492603,0.0181788460575792,-1,0,000001,0.9821457240759144,0.0,1000000.0,1000000.0,
2020-09-07,2558.0,2567.75,2482.8105685472487,-0.0012640995721509007,-0.013227769381555343,0.018221405746911182,-1,0,000001,0.9821046722804408,0.0,1000000.0,1000000.0,
2020-09-08,2577.51,2647.39,2492.0291900157927,0.031015480479018587,0.003712978180988591,0.020213052365606658,-1,0,000001,0.9801874203444685,0.0,1000000.0,1000000.0,
2020-09-09,2619.76,2611.64,2544.622830791473,-0.013503866071867043,0.02110474507537652,0.020063844355430807,-1,0,000001,0.980330795502208,0.0,1000000.0,1000000.0,
2020-09-10,2629.51,2632.77,2560.827845239639,0.008090701628095776,0.006368336498468574,0.020079879571929363,-1,0,000001,0.9803153851241965,0.0,1000000.0,1000000.0,
2020-09-11,2606.76,2579.13,2564.482667336464,-0.020373978737223464,0.001427203356765716,0.016537297843796456,-1,0,000001,0.9837317352950312,0.0,1000000.0,1000000.0,
2020-09-14,2579.13,2626.26,2545.518421406746,0.018273603889683798,-0.007394959681835234,0.017533064697223183,-1,0,000001,0.9827690467214053,0.0,1000000.0,1000000.0,
2020-09-15,2610.01,2634.39,2545.11524184227,0.003095656941810576,-0.00015838799715039986,0.01752479288390453,-1,0,000001,0.9827770359931621,0.0,1000000.0,1000000.0,
2020-09-16,2629.51,2649.02,2553.302263469696,0.005553467785711419,0.0032167587120730534,0.017261267393942795,-1,0,000001,0.9830316282087852,0.0,1000000.0,1000000.0,
2020-09-17,2665.27,2670.15,2562.5143334341046,0.007976534718499684,0.0036079042016319285,0.014517655790152045,-1,0,000001,0.9856900905496365,0.0,1000000.0,1000000.0,
2020-09-18,2678.27,2751.41,2576.6568033504486,0.03043274722393874,0.00551898177966148,0.01670129649295887,-1,0,000001,0.9835730547894757,0.0,1000000.0,1000000.0,
2020-09-21,2740.03,2717.28,2646.01325363636,-0.01240454894036136,0.02691722475252689,0.017653019683362872,-1,0,000001,0.9826532036539768,0.0,1000000.0,1000000.0,
2020-09-22,2686.4,2670.15,2646.6585767936704,-0.01734455043278571,0.00024388508123451835,0.01657357107476001,-1,0,000001,0.9836966339216965,0.0,1000000.0,1000000.0,
2020-09-23,2673.4,2679.9,2634.495840396881,0.00365148025391826,-0.004595506388105464,0.015776521526907835,-1,0,000001,0.9844685113383083,0.0,1000000.0,1000000.0,
2020-09-24,2673.4,2597.01,2644.916400814056,-0.03093025859173848,0.003955428684831563,0.018824857282948183,-1,0,000001,0.9815229701666769,0.0,1000000.0,1000000.0,
2020-09-25,2610.01,2608.39,2616.059383640289,0.004381962333606548,-0.010910370235098998,0.017612982164990777,-1,0,000001,0.982691865695818,0.0,1000000.0,1000000.0,
2020-09-28,2608.39,2627.89,2591.475257463455,0.007475875923462327,-0.00939738842725546,0.016765226897850243,-1,0,000001,0.9835112113845583,0.0,1000000.0,1000000.0,
2020-09-29,2640.89,2545.0,2578.3612426662444,-0.031542416158971576,-0.005060443760534494,0.019459641115774532,-1,0,000001,0.9809118082453205,0.0,1000000.0,1000000.0,
2020-09-30,2545.0,2605.14,2571.0721701955795,0.02363064833005879,-0.0028270175451161617,0.02113814679886116,1,1,000001,0.9792994249944275,19.64636542239686,949950.0,999950.0,
2020-10-09,2626.26,2606.76,2571.630620408058,0.000621847578249346,0.00021720518737367023,0.020899657972019862,-1,0,000001,0.979528195735185,0.0,1001494.8671905698,1001494.8671905698,
2020-10-12,2613.26,2723.7800000000007,2577.7425186157225,0.04489097577068879,0.002376662557663334,0.023718253142915213,-1,0,000001,0.9768312686912656,0.0,1001494.8671905698,1001494.8671905698,
2020-10-13,2723.78,2749.78,2632.1337610960004,0.009545558011292865,0.021100339575221394,0.023535533217644598,-1,0,000001,0.9770056510459809,0.0,1001494.8671905698,1001494.8671905698,
2020-10-14,2746.53,2744.91,2648.500728726387,-0.0017710507749711946,0.006218136734651214,0.022653302024804915,-1,0,000001,0.9778485025375144,0.0,1001494.8671905698,1001494.8671905698,
2020-10-15,2772.54,2831.05,2645.377888765335,0.03138172107646531,-0.001179097263286022,0.024374398083971866,-1,0,000001,0.9762055766626316,0.0,1001494.8671905698,1001494.8671905698,
2020-10-16,2831.05,2918.81,2719.13524643898,0.030999099274120923,0.02788159604224627,0.021739014976372834,-1,0,000001,0.9787235148528849,0.0,1001494.8671905698,1001494.8671905698,
2020-10-19,2951.32,2980.57,2794.080129752159,0.021159308074180982,0.027562028557177376,0.021736471938756257,-1,0,000001,0.978725950833965,0.0,1001494.8671905698,1001494.8671905698,
2020-10-20,2980.57,2990.33,2867.1360833930967,0.003274541446770085,0.02614669238115863,0.021908755250065515,-1,0,000001,0.9785609476995779,0.0,1001494.8671905698,1001494.8671905698,
2020-10-21,3006.5800000000004,3050.46,2864.887214083672,0.02010814859898402,-0.0007843608548789849,0.015264474057518159,-1,0,000001,0.9849650268993325,0.0,1001494.8671905698,1001494.8671905698,
2020-10-22,3055.34,2993.58,2885.454613075256,-0.01864636808874731,0.0071791304350397045,0.019038062713224026,-1,0,000001,0.9813176137282502,0.0,1001494.8671905698,1001494.8671905698,
2020-10-23,2988.7,3086.22,2932.5389629936217,0.0309462249213317,0.016317827251555395,0.019057775143461974,-1,0,000001,0.9812986313354225,0.0,1001494.8671905698,1001494.8671905698,
2020-10-26,3097.59,3016.33,2963.1523073959347,-0.022645825637835237,0.010439194427978471,0.020088847602442644,-1,0,000001,0.9803067667589365,0.0,1001494.8671905698,1001494.8671905698,
2020-10-27,3065.09,3026.08,2930.132464494705,0.003232404942429934,-0.011143484868737064,0.020218689301287417,-1,0,000001,0.9801820045904721,0.0,1001494.8671905698,1001494.8671905698,
2020-10-28,3026.08,3004.95,2927.021810331345,-0.006982630994554095,-0.001061608716006024,0.020613506425129328,-1,0,000001,0.9798028281074472,0.0,1001494.8671905698,1001494.8671905698,
2020-10-29,2990.33,3027.71,2917.6502767562865,0.007574169287342558,-0.0032017300117068714,0.01909659779041105,-1,0,000001,0.9812612486080162,0.0,1001494.8671905698,1001494.8671905698,
2020-10-30,3022.83,3024.46,2921.7952823925016,-0.0010734185242311511,0.0014206656874666823,0.017198794977645423,-1,0,000001,0.9830920022098303,0.0,1001494.8671905698,1001494.8671905698,
2020-11-02,3008.2,3004.95,2932.063323793411,-0.006450738313616422,0.0035142918680126645,0.016274965071511823,-1,0,000001,0.9839856676284784,0.0,1001494.8671905698,1001494.8671905698,
2020-11-03,3017.96,3058.59,2929.844198312759,0.017850546598113137,-0.0007568477333501633,0.017137762059177723,-1,0,000001,0.9831509922269697,0.0,1001494.8671905698,1001494.8671905698,
2020-11-04,3121.97,3117.1,2946.338265123367,0.01912972971205673,0.005629673693948067,0.017027815397258388,-1,0,000001,0.9832572766059431,0.0,1001494.8671905698,1001494.8671905698,
2020-11-05,3125.22,3016.33,2976.186393842697,-0.03232812550126718,0.010130584486055305,0.01929587124407858,-1,0,000001,0.9810694109645246,0.0,1001494.8671905698,1001494.8671905698,
2020-11-06,3017.96,3006.58,2960.882080183029,-0.003232404942430045,-0.005142256443121385,0.016159565420992693,-1,0,000001,0.9840974134664591,0.0,1001494.8671905698,1001494.8671905698,
2020-11-09,3011.45,3039.0799999999995,2917.8331947517395,0.010809624224201508,-0.01453920969004896,0.014940831106974263,-1,0,000001,0.9852791112062378,0.0,1001494.8671905698,1001494.8671905698,
2020-11-10,3065.09,3082.97,2913.607736644745,0.014441870566092474,-0.0014481493029124826,0.01554737713497027,-1,0,000001,0.984690643208757,0.0,1001494.8671905698,1001494.8671905698,
2020-11-11,3097.59,3034.21,2941.573749256134,-0.015815917767607157,0.009598413767116787,0.016343341245564066,-1,0,000001,0.9839194683702708,0.0,1001494.8671905698,1001494.8671905698,
2020-11-12,3034.21,3009.83,2949.8716223335264,-0.008035040422383455,0.0028208958145248264,0.016400599759668618,-1,0,000001,0.9838640396674829,0.0,1001494.8671905698,1001494.8671905698,
2020-11-13,2970.82,2931.82,2899.1222299718856,-0.0259184073519102,-0.017203932529611166,0.018276663251258134,-1,0,000001,0.9820513776748035,0.0,1001494.8671905698,1001494.8671905698,
2020-11-16,2915.56,2962.7,2875.180282230377,0.010532706646383394,-0.008258343678645308,0.01869990558202364,-1,0,000001,0.9816433618187688,0.0,1001494.8671905698,1001494.8671905698,
2020-11-17,2964.32,3037.46,2855.1388379907607,0.025233739494380236,-0.00697050002863453,0.019659267652262558,-1,0,000001,0.980719767596947,0.0,1001494.8671905698,1001494.8671905698,
2020-11-18,3029.33,3139.85,2887.4707729578017,0.03370908588096633,0.0113241200521772,0.02171172773937016,-1,0,000001,0.9787496539876182,0.0,1001494.8671905698,1001494.8671905698,
2020-11-19,3160.98,3203.24,2954.3352931308746,0.020188862525279738,0.023156778173924142,0.018946032595356144,-1,0,000001,0.9814062452874971,0.0,1001494.8671905698,1001494.8671905698,
2020-11-20,3199.99,3204.86,3015.961623687744,0.0005057379403354823,0.020859626427696565,0.018775547198190586,-1,0,000001,0.9815704771774052,0.0,1001494.8671905698,1001494.8671905698,
2020-11-23,3203.24,3328.38,3037.065066747665,0.03854146514980372,0.006997251852998154,0.021344398165596943,-1,0,000001,0.979101664233991,0.0,1001494.8671905698,1001494.8671905698,
2020-11-24,3328.38,3286.13,3095.65569234848,-0.01269386308053766,0.019291857208564522,0.022325846892482078,-1,0,000001,0.9781617113953003,0.0,1001494.8671905698,1001494.8671905698,
2020-11-25,3305.63,3237.37,3110.156791601181,-0.014838122654916353,0.004684338535626997,0.02221852707807431,-1,0,000001,0.9782644058099943,0.0,1001494.8671905698,1001494.8671905698,
2020-11-26,3235.74,3308.88,3123.2668754959104,0.022088917856161183,0.0042152485463538,0.02203672694042621,-1,0,000001,0.9784384197166813,0.0,1001494.8671905698,1001494.8671905698,
2020-11-27,3390.14,3341.38,3135.545442485809,0.009822054592490526,0.00393132174718458,0.018170975617280007,-1,0,000001,0.9821533160417741,0.0,1001494.8671905698,1001494.8671905698,
2020-11-30,3373.89,3347.89,3169.268130750656,0.0019482968114969967,0.01075496716070945,0.01851620539523039,-1,0,000001,0.9818204115976287,0.0,1001494.8671905698,1001494.8671905698,
2020-12-01,3341.38,3398.27,3230.171437311172,0.015048284143146962,0.01921683620567971,0.018008066319639138,-1,0,000001,0.9823104875929491,0.0,1001494.8671905698,1001494.8671905698,
2020-12-02,3378.77,3330.01,3259.35865029335,-0.020086691169330262,0.009035809259236638,0.0186380214304807,-1,0,000001,0.9817029984760365,0.0,1001494.8671905698,1001494.8671905698,
2020-12-03,3354.39,3315.38,3215.348004055023,-0.004393380200059527,-0.01350285469025192,0.0181818997386618,-1,0,000001,0.9821427784727575,0.0,1001494.8671905698,1001494.8671905698,
2020-12-04,3304.0,3276.37,3203.033534822464,-0.011766373688687382,-0.0038299024606446297,0.01881660960523917,-1,0,000001,0.9815309159392974,0.0,1001494.8671905698,1001494.8671905698,
2020-12-07,3278.0,3212.99,3167.261011943817,-0.019344579519407157,-0.011168326053954347,0.014960359909320814,-1,0,000001,0.9852601534993372,0.0,1001494.8671905698,1001494.8671905698,
2020-12-08,3214.61,3180.48,3132.524412899017,-0.010118301021789566,-0.010967393881908483,0.01480434856439083,-1,0,000001,0.9854116228558402,0.0,1001494.8671905698,1001494.8671905698,
2020-12-09,3193.48,3180.48,3084.851999969482,0.0,-0.015218528779290863,0.014236990488577038,-1,0,000001,0.9859628561942718,0.0,1001494.8671905698,1001494.8671905698,
2020-12-10,3183.73,3170.73,3065.527683372497,-0.0030655750075460064,-0.006264260521145371,0.011536905413757325,-1,0,000001,0.988594676722113,0.0,1001494.8671905698,1001494.8671905698,
2020-12-11,3180.48,3149.6,3057.7120009994505,-0.006664080511427972,-0.0025495389963167137,0.010436688999584082,-1,0,000001,0.9896711104087903,0.0,1001494.8671905698,1001494.8671905698,
2020-12-14,3162.6,3208.11,3025.286772613525,0.01857696215392446,-0.010604408909448249,0.012859672233544341,-1,0,000001,0.9873035993177748,0.0,1001494.8671905698,1001494.8671905698,
2020-12-15,3195.11,3185.36,3061.577126379013,-0.007091402726215779,0.011995673961889164,0.01094436686122128,-1,0,000001,0.989174115589366,0.0,1001494.8671905698,1001494.8671905698,
2020-12-16,3195.11,3229.24,3056.5940523338318,0.013775523017806268,-0.0016276166954104498,0.011463751101772718,-1,0,000001,0.9886661770238573,0.0,1001494.8671905698,1001494.8671905698,
2020-12-17,3212.99,3219.49,3042.5421242046355,-0.0030192862716924562,-0.004597250367109451,0.011453545882834941,-1,0,000001,0.9886761523260688,0.0,1001494.8671905698,1001494.8671905698,
2020-12-18,3227.62,3123.6,3034.8137078666687,-0.029784220482126034,-0.002540118106002298,0.014116016390775454,-1,0,000001,0.9860804718960912,0.0,1001494.8671905698,1001494.8671905698,
2020-12-21,3113.85,3110.6,3017.7148061943053,-0.004161864515302871,-0.005634250836563881,0.013145877518040007,-1,0,000001,0.9870246942619515,0.0,1001494.8671905698,1001494.8671905698,
2020-12-22,3123.6,3048.84,2977.7747405052182,-0.019854690413425025,-0.01323520221563157,0.014048467136907973,-1,0,000001,0.9861461581056646,0.0,1001494.8671905698,1001494.8671905698,
2020-12-23,3058.59,3065.09,2955.3305976390834,0.005329895960430875,-0.007537219844348186,0.014320981877591408,-1,0,000001,0.985881213014955,0.0,1001494.8671905698,1001494.8671905698,
2020-12-24,3089.47,3107.35,2932.0528413867946,0.013787523367992272,-0.007876532077624288,0.015345333304122931,-1,0,000001,0.9848865870548827,0.0,1001494.8671905698,1001494.8671905698,
2020-12-25,3107.35,3071.59,2955.953514652252,-0.011508198304021056,0.008151515186934022,0.015586623199308973,-1,0,000001,0.9846525910806034,0.0,1001494.8671905698,1001494.8671905698,
2020-12-28,3068.34,3203.24,2953.9298860549925,0.0428605380275362,-0.0006845941883824036,0.020373609156013373,-1,0,000001,0.9800331868903733,0.0,1001494.8671905698,1001494.8671905698,
2020-12-29,3206.49,3255.25,3027.500132770538,0.01623668535607714,0.024905887936899962,0.020798290726209825,-1,0,000001,0.9796254647806927,0.0,1001494.8671905698,1001494.8671905698,
2020-12-30,3227.62,3260.12,3063.484924383163,0.0014960448506258217,0.011885975238486335,0.02040867408877451,-1,0,000001,0.9799995094053865,0.0,1001494.8671905698,1001494.8671905698,
2020-12-31,3261.75,3282.88,3080.006769571304,0.006981338110253699,0.005393153743515677,0.020427327201635426,-1,0,000001,0.9799815953012018,0.0,1001494.8671905698,1001494.8671905698,
2021-01-04,3243.87,3162.6,3104.3112775516506,-0.03663856126328113,0.007891056675738861,0.02169326776623279,-1,0,000001,0.9787673380547358,0.0,1001494.8671905698,1001494.8671905698,
2021-01-05,3130.1,3092.72,3097.6580940723416,-0.022095744008094664,-0.002143207585985518,0.022915861591058514,1,1,000001,0.9775975107518473,15.997809450026674,951370.0490876817,1001444.7924472102,
2021-01-06,3078.09,3318.63,3047.828925981521,0.07304573320572194,-0.016086077474519622,0.03138987852661401,-1,0,000001,0.9695654580482641,0.0,1000563.5036804243,1000563.5036804243,
2021-01-07,3312.13,3373.89,3093.7709556388854,0.016651449543938268,0.015073690411468554,0.031448936429594475,-1,0,000001,0.9695099434214782,0.0,1000563.5036804243,1000563.5036804243,
2021-01-08,3373.89,3365.76,3141.1679433345794,-0.002409681406329134,0.01532013467555049,0.031653306554024534,-1,0,000001,0.9693178838734552,0.0,1000563.5036804243,1000563.5036804243,
2021-01-11,3390.14,3451.9,3177.5342945480343,0.02559303099448562,0.011577334249390558,0.031223927009224946,-1,0,000001,0.9697214870684963,0.0,1000563.5036804243,1000563.5036804243,
2021-01-12,3453.53,3552.67,3234.131428470612,0.029192618557895678,0.017811651638091286,0.030006737626107238,-1,0,000001,0.9708674355905041,0.0,1000563.5036804243,1000563.5036804243,
2021-01-13,3552.67,3503.91,3292.0061056995387,-0.013724888604908503,0.017894967631632452,0.030887068177927923,-1,0,000001,0.9700383590682536,0.0,1000563.5036804243,1000563.5036804243,
2021-01-14,3500.66,3417.77,3287.938931932449,-0.024583964770784617,-0.001235469691276636,0.03253637261884266,-1,0,000001,0.9684888847679817,0.0,1000563.5036804243,1000563.5036804243,
2021-01-15,3552.67,3552.67,3272.042362298965,0.03947018084891618,-0.004834812921583387,0.0343077346419863,-1,0,000001,0.9668302445269237,0.0,1000563.5036804243,1000563.5036804243,
2021-01-18,3585.18,3828.97,3345.3924784755704,0.0777724922382319,0.02241722693500492,0.03660118790197958,-1,0,000001,0.9646911576707159,0.0,1000563.5036804243,1000563.5036804243,
2021-01-19,3798.09,3770.46,3443.465088596344,-0.015280871879382651,0.029315726256867514,0.03578694762306867,-1,0,000001,0.96544950898909,0.0,1000563.5036804243,1000563.5036804243,
2021-01-20,3739.58,3791.59,3451.8654271984096,0.005604090747548085,0.002439501602581995,0.03080790115165051,-1,0,000001,0.9701128589359561,0.0,1000563.5036804243,1000563.5036804243,
2021-01-21,3796.46,3752.58,3477.520593271255,-0.01028855968076725,0.007432261371112414,0.03169862447861075,-1,0,000001,0.9692753060569114,0.0,1000563.5036804243,1000563.5036804243,
2021-01-22,3752.58,3720.07,3479.23079791069,-0.008663372932755542,0.0004917885009061429,0.032055203269507365,-1,0,000001,0.9689404179466778,0.0,1000563.5036804243,1000563.5036804243,
2021-01-25,3669.69,3794.84,3471.77177942276,0.020099084157018554,-0.0021438699877022183,0.03181412809483546,-1,0,000001,0.9691668031784196,0.0,1000563.5036804243,1000563.5036804243,
2021-01-26,3763.96,3775.33,3497.772078733444,-0.005141191723498251,0.007489057738411242,0.03135725704755107,-1,0,000001,0.9695961250737528,0.0,1000563.5036804243,1000563.5036804243,
2021-01-27,3765.58,3890.73,3509.618770570755,0.030566864353579692,0.003386925039895905,0.03130701074591923,-1,0,000001,0.969643364759757,0.0,1000563.5036804243,1000563.5036804243,
2021-01-28,3841.97,3846.85,3553.510703554153,-0.011278089201769315,0.0125061825379571,0.029878894926796525,-1,0,000001,0.9709879529777913,0.0,1000563.5036804243,1000563.5036804243,
2021-01-29,3846.85,3892.35,3547.002963466644,0.011827859157492515,-0.0018313551387365568,0.02832266295962168,-1,0,000001,0.9724574163540206,0.0,1000563.5036804243,1000563.5036804243,
2021-02-01,3877.73,4129.64,3567.386527252197,0.060963171348928036,0.005746700523089343,0.023989262710786993,-1,0,000001,0.976572739984323,0.0,1000563.5036804243,1000563.5036804243,
2021-02-02,3939.49,3923.23,3749.40382191658,-0.049982565066204354,0.05102258846186292,0.029567020754061975,-1,0,000001,0.971282082508425,0.0,1000563.5036804243,1000563.5036804243,
2021-02-03,3955.74,4194.65,3728.91569612503,0.0691827907107152,-0.005464368940947262,0.03599804853474385,-1,0,000001,0.9652527834529637,0.0,1000563.5036804243,1000563.5036804243,
2021-02-04,4069.5100000000007,4137.77,3795.744969205856,-0.013560130165806261,0.01792190505949831,0.03622443400931364,-1,0,000001,0.965041903259166,0.0,1000563.5036804243,1000563.5036804243,
2021-02-05,4137.77,4191.4,3788.698171358108,0.01296108773566429,-0.0018564992919485324,0.035599952338997376,-1,0,000001,0.9656238374107766,0.0,1000563.5036804243,1000563.5036804243,
2021-02-08,4186.53,4170.28,3794.819896821976,-0.005038889153981985,0.001615786000095376,0.03589505734716465,-1,0,000001,0.9653487512151195,0.0,1000563.5036804243,1000563.5036804243,
2021-02-09,4168.65,4134.52,3799.782792234421,-0.008574963791399881,0.0013078078927015735,0.03607251152942617,-1,0,000001,0.9651834103038051,0.0,1000563.5036804243,1000563.5036804243,
2021-02-10,4137.77,4011.0,3804.162603778839,-0.029875293867244634,0.0011526478706544996,0.03723394324794583,-1,0,000001,0.9641026564061785,0.0,1000563.5036804243,1000563.5036804243,
2021-02-18,4040.25,4089.01,3806.07721534729,0.019449015208177656,0.0005032938304343482,0.03713171191448815,-1,0,000001,0.9641976891768694,0.0,1000563.5036804243,1000563.5036804243,
2021-02-19,4033.75,4015.87,3797.93317158699,-0.01788697019571983,-0.002139747382806867,0.03786070336674665,-1,0,000001,0.963520438490513,0.0,1000563.5036804243,1000563.5036804243,
2021-02-22,4007.75,3776.96,3740.5501192283623,-0.05949146760228785,-0.015109021082287732,0.036786782839962756,-1,0,000001,0.9645184685522354,0.0,1000563.5036804243,1000563.5036804243,
2021-02-23,3776.96,3703.82,3687.396979999542,-0.019364780140642135,-0.014209979156698305,0.03410691772945659,-1,0,000001,0.9670179967422096,0.0,1000563.5036804243,1000563.5036804243,
2021-02-24,3759.08,3741.2,3607.909938869476,0.010092283102310473,-0.021556409999032966,0.023139824220681057,-1,0,000001,0.9773835172154436,0.0,1000563.5036804243,1000563.5036804243,
2021-02-25,3780.21,3729.83,3566.5429555797573,-0.0030391318293595537,-0.01146563633533515,0.023255894942759568,-1,0,000001,0.9772726499229595,0.0,1000563.5036804243,1000563.5036804243,
2021-02-26,3650.19,3614.43,3555.4373698902127,-0.030939747924168204,-0.003113823617957645,0.022556866614605608,-1,0,000001,0.9779407215861892,0.0,1000563.5036804243,1000563.5036804243,
2021-03-01,3640.44,3625.81,3487.250887212753,0.003148490910046764,-0.019178085727204253,0.02307962767310483,-1,0,000001,0.9774410250689898,0.0,1000563.5036804243,1000563.5036804243,
2021-03-02,3653.44,3658.31,3464.79180691719,0.008963514359549896,-0.006440339689328556,0.024149573234415415,-1,0,000001,0.9764198766805638,0.0,1000563.5036804243,1000563.5036804243,
2021-03-03,3646.94,3879.35,3442.181779966354,0.06042134209512051,-0.006525652394379633,0.032214083082089805,-1,0,000001,0.9687912773037336,0.0,1000563.5036804243,1000563.5036804243,
2021-03-04,3840.34,3864.7199999999993,3539.4325694084164,-0.0037712503383300344,0.028252659405748393,0.03124939841928778,-1,0,000001,0.9696975353709905,0.0,1000563.5036804243,1000563.5036804243,
2021-03-05,3828.97,3770.46,3559.9343223285678,-0.024389865242501196,0.005792384094939207,0.03160864703903742,-1,0,000001,0.9693598467502559,0.0,1000563.5036804243,1000563.5036804243,
2021-03-08,3786.71,3650.19,3534.2854456996915,-0.031897964704571846,-0.007204873547245416,0.02731746355760563,-1,0,000001,0.973408936841193,0.0,1000563.5036804243,1000563.5036804243,
2021-03-09,3663.19,3528.29,3471.8103022670743,-0.03339552187694339,-0.017676881053462545,0.028578175825478388,-1,0,000001,0.9722158446512409,0.0,1000563.5036804243,1000563.5036804243,
2021-03-10,3526.67,3455.15,3404.13798163414,-0.020729588554228795,-0.01949194072865812,0.02849378044896524,-1,0,000001,0.9722956220148196,0.0,1000563.5036804243,1000563.5036804243,
2021-03-11,3484.41,3596.55,3349.062631092071,0.040924417174363015,-0.016178941875802044,0.03239400177797946,-1,0,000001,0.9686224428636832,0.0,1000563.5036804243,1000563.5036804243,
2021-03-12,3612.81,3630.68,3364.320035982132,0.009489649803283706,0.004555723965390834,0.0310371155265857,-1,0,000001,0.9698971888992242,0.0,1000563.5036804243,1000563.5036804243,
2021-03-15,3617.68,3650.19,3447.0749673748014,0.005373649013407977,0.024597817837657354,0.031063181002833753,-1,0,000001,0.9698726697110637,0.0,1000563.5036804243,1000563.5036804243,
2021-03-16,3650.19,3659.94,3468.6233885955808,0.0026710938334717493,0.006251219200257285,0.03094969094598368,-1,0,000001,0.9699794362248805,0.0,1000563.5036804243,1000563.5036804243,
2021-03-17,3625.81,3585.18,3500.9954187679286,-0.02042656436990775,0.009332817820113748,0.023117452778495227,-1,0,000001,0.977404888641363,0.0,1000563.5036804243,1000563.5036804243,
2021-03-18,3601.43,3671.32,3479.910319919586,0.024026687641903743,-0.006022601096622671,0.025207824780145768,-1,0,000001,0.9754119855790688,0.0,1000563.5036804243,1000563.5036804243,
2021-03-19,3638.81,3466.53,3515.1833561229705,-0.05578102698756848,0.010136191154546559,0.02950225814383294,-1,0,000001,0.9713431826783705,0.0,1000563.5036804243,1000563.5036804243,
2021-03-22,3479.53,3642.06,3512.4948808860777,0.05063565005928106,-0.0007648179239952979,0.033358473320129874,1,1,000001,0.967718391844264,7.1889271229190745,950485.300321219,1000513.4755052403,
2021-03-23,3645.31,3590.05,3480.0078063011165,-0.014280379785066577,-0.009249002685170038,0.03172198479254399,-1,0,000001,0.9692533596645974,0.0,1002161.9970961728,1002161.9970961728,
2021-03-24,3586.8,3476.28,3492.2509951686857,-0.0316903664294369,0.003518149828687367,0.03277384553847703,-1,0,000001,0.9682661933393666,0.0,1002161.9970961728,1002161.9970961728,
2021-03-25,3484.41,3512.04,3460.6132575798038,0.010286858365839313,-0.009059411145605156,0.029946846044506016,-1,0,000001,0.9709238916944923,0.0,1002161.9970961728,1002161.9970961728,
2021-03-26,3526.67,3575.42,3474.4948466014857,0.018046491497818895,0.004011308975736316,0.030429020705325733,-1,0,000001,0.9704695616157073,0.0,1002161.9970961728,1002161.9970961728,
2021-03-29,3598.18,3632.31,3491.76880446434,0.015911417399913752,0.004971645843639738,0.030858087523834246,-1,0,000001,0.9700656298890212,0.0,1002161.9970961728,1002161.9970961728,
2021-03-30,3614.43,3703.82,3539.37989531517,0.019687196302077714,0.01363523575500114,0.031488150640586764,-1,0,000001,0.9694730854435587,0.0,1002161.9970961728,1002161.9970961728,
2021-03-31,3677.82,3716.82,3576.2753460025783,0.0035098897894605408,0.010424269724830681,0.03051907253394476,-1,0,000001,0.9703847572089069,0.0,1002161.9970961728,1002161.9970961728,
2021-04-01,3728.2,3679.44,3581.945017681121,-0.01005698419616774,0.0015853565875121323,0.029936019463880838,-1,0,000001,0.9709340979457504,0.0,952003.7891415093,1002111.888996318,
2021-04-02,3666.44,3633.93,3563.890906705856,-0.012368730024134189,-0.005040309353199546,0.023247601972404962,-1,0,000001,0.9772805702866119,0.0,1002061.7808964632,1002061.7808964632,
2021-04-06,3642.06,3663.19,3572.2257302665707,0.008051888726530398,0.0023386865027297254,0.017018637805591763,-1,0,000001,0.9832661495345724,0.0,1002061.7808964632,1002061.7808964632,
2021-04-07,3695.69,3656.69,3554.488974151611,-0.0017744097357766941,-0.004965183461022815,0.016236221409405793,-1,0,000001,0.9840231817491331,0.0,1002061.7808964632,1002061.7808964632,
2021-04-08,3627.43,3643.69,3568.928751325607,-0.0035551277248002666,0.004062405954555759,0.011505679663813806,-1,0,000001,0.9886251951964938,0.0,1002061.7808964632,1002061.7808964632,
2021-04-09,3668.07,3601.43,3562.8728029632566,-0.011598132662218874,-0.0016968532532629643,0.012388073164411003,-1,0,000001,0.98776351332776,0.0,1002061.7808964632,1002061.7808964632,
2021-04-12,3635.56,3503.91,3560.76688747406,-0.027078132852783487,-0.0005910723187887434,0.01421435640135783,-1,0,000001,0.9859848597965095,0.0,1002061.7808964632,1002061.7808964632,
2021-04-13,3507.16,3516.91,3500.6039008808134,0.0037101409568167654,-0.01689607561923967,0.01298336420218633,-1,0,000001,0.9871830430182712,0.0,1002061.7808964632,1002061.7808964632,
2021-04-14,3518.54,3499.04,3523.003493518829,-0.005081164999957366,0.00639877954554624,0.010209424401738785,-1,0,000001,0.9898937545471971,0.0,1002061.7808964632,1002061.7808964632,
2021-04-15,3513.66,3448.65,3512.8803713893885,-0.014401092871187515,-0.0028734351663470825,0.009997874629173347,-1,0,000001,0.9901010933979993,0.0,1002061.7808964632,1002061.7808964632,
2021-04-16,3448.65,3432.4,3474.201339216232,-0.004711988749220741,-0.011010631756258271,0.009983812628538187,-1,0,000001,0.9901148785716133,0.0,1002061.7808964632,1002061.7808964632,
2021-04-19,3395.02,3577.05,3452.74490111351,0.04214252418133091,-0.006175933979566839,0.01817536873306319,-1,0,000001,0.9821490783501479,0.0,1002061.7808964632,1002061.7808964632,
2021-04-20,3565.67,3664.81,3485.042768259048,0.02453418319565004,0.009354258154178119,0.019805014519916328,-1,0,000001,0.9805796066523171,0.0,1002061.7808964632,1002061.7808964632,
2021-04-21,3763.96,3879.35,3534.8132348728177,0.058540551897642734,0.014281163797204233,0.027005814788873088,-1,0,000001,0.9737043214361696,0.0,1002061.7808964632,1002061.7808964632,
2021-04-22,3908.61,3874.48,3619.254261369705,-0.0012553649451583215,0.02388839830739342,0.02692270121082678,-1,0,000001,0.9737831278059363,0.0,1002061.7808964632,1002061.7808964632,
2021-04-23,3929.73,3924.86,3679.033853940964,0.0130030352460202,0.016517102213381207,0.026201544551910816,-1,0,000001,0.974467447753305,0.0,1002061.7808964632,1002061.7808964632,
2021-04-26,4019.12,3867.97,3701.816054420471,-0.014494784527346316,0.006192441109261093,0.024528284865027488,-1,0,000001,0.97605894807652,0.0,1002061.7808964632,1002061.7808964632,
2021-04-27,3869.6,3867.97,3704.278633794784,0.0,0.0006652354785086079,0.024665012740985728,-1,0,000001,0.9759287060314408,0.0,1002061.7808964632,1002061.7808964632,
2021-04-28,3924.86,3934.61,3717.729395904541,0.017228675506790525,0.0036311421033621283,0.024170684450655733,-1,0,000001,0.9763997497510677,0.0,1002061.7808964632,1002061.7808964632,
2021-04-29,3932.99,3973.62,3697.364700450897,0.009914578573225752,-0.005477723977457272,0.022369014889590883,-1,0,000001,0.9781204099852276,0.0,1002061.7808964632,1002061.7808964632,
2021-04-30,3934.61,3924.86,3729.373515233993,-0.01227092676199526,0.008657197051508803,0.023202190153368454,-1,0,000001,0.9773239440096481,0.0,1002061.7808964632,1002061.7808964632,
2021-05-06,3893.98,3958.99,3727.868765764236,0.008695851571775659,-0.00040348585723870567,0.020953816656479975,-1,0,000001,0.9794762345616165,0.0,1002061.7808964632,1002061.7808964632,
2021-05-07,3986.62,4048.38,3725.9342376232144,0.02257899110631767,-0.0005189367605393791,0.02081583680788108,-1,0,000001,0.9796086266912035,0.0,1002061.7808964632,1002061.7808964632,
2021-05-10,4040.25,4017.5,3767.702697086334,-0.007627742455006747,0.011210197711316594,0.012658333687775565,-1,0,000001,0.987499896789791,0.0,1002061.7808964632,1002061.7808964632,
2021-05-11,3978.49,3963.87,3771.523272237777,-0.013349097697573198,0.0010140330749550674,0.013705722633659849,-1,0,000001,0.9864795844320069,0.0,1002061.7808964632,1002061.7808964632,
2021-05-12,3924.86,3967.12,3736.40668595314,0.0008199057991307157,-0.009310982260968825,0.013186979243924151,-1,0,000001,0.9869846538555355,0.0,1002061.7808964632,1002061.7808964632,
2021-05-13,3962.24,3889.1,3718.588167066574,-0.019666659944745812,-0.004768891714479029,0.013948167174614678,-1,0,000001,0.9862437078874737,0.0,1002061.7808964632,1002061.7808964632,
2021-05-14,3929.73,3958.99,3702.514182701111,0.01797073873132593,-0.004322604075337244,0.014977342695368568,-1,0,000001,0.98524366794672,0.0,1002061.7808964632,1002061.7808964632,
2021-05-17,3931.36,4004.5,3707.57377831459,0.01149535613881314,0.0013665297049012537,0.014448273324606105,-1,0,000001,0.9857575061197991,0.0,1002061.7808964632,1002061.7808964632,
2021-05-18,4045.13,4053.2600000000007,3728.508716688156,0.012176301660631994,0.005646533184589186,0.014605285828026974,-1,0,000001,0.9856049578766904,0.0,1002061.7808964632,1002061.7808964632,
2021-05-19,4040.25,4004.5,3767.798086986541,-0.012029822907980381,0.010537556241328572,0.01457913448901174,-1,0,000001,0.9856303623902589,0.0,1002061.7808964632,1002061.7808964632,
2021-05-20,3973.62,4040.25,3775.109565601349,0.008927456611312223,0.001940517630193872,0.01459094486115639,-1,0,000001,0.985618889134524,0.0,1002061.7808964632,1002061.7808964632,
2021-05-21,4050.0,3986.62,3785.311567840576,-0.013273931068622069,0.0027024387138818717,0.013360825444161945,-1,0,000001,0.986815332595568,0.0,1002061.7808964632,1002061.7808964632,
2021-05-24,3984.99,3984.99,3755.4773283100126,-0.0004088676623305032,-0.007881580946739186,0.013184149398905965,-1,0,000001,0.9869874105248017,0.0,1002061.7808964632,1002061.7808964632,
2021-05-25,3994.75,4167.02,3759.839581823349,0.04567891011018865,0.0011615709887136116,0.01888846454273692,-1,0,000001,0.9814616955632981,0.0,1002061.7808964632,1002061.7808964632,
2021-05-26,4173.53,4233.66,3793.959029178619,0.01599224385772069,0.00907470827218737,0.019108394597281236,-1,0,000001,0.9812498899051536,0.0,1002061.7808964632,1002061.7808964632,
2021-05-27,4217.41,4197.9,3874.548557424545,-0.00844659231019973,0.021241538884876565,0.017663888136078956,-1,0,000001,0.9826427091085727,0.0,1002061.7808964632,1002061.7808964632,
2021-05-28,4180.03,4150.77,3848.789091405868,-0.011227042092474604,-0.006648378678676181,0.018202342634508373,-1,0,000001,0.9821230595606258,0.0,1002061.7808964632,1002061.7808964632,
2021-05-31,4123.14,4102.01,3837.7495448780055,-0.011747217986060488,-0.0028683168304839413,0.018740917044348257,-1,0,000001,0.9816038437930609,0.0,1002061.7808964632,1002061.7808964632,
2021-06-01,4102.01,4056.51,3830.09633980751,-0.011092123129880282,-0.0019941908613368975,0.01885899677564764,-1,0,000001,0.9814900817136325,0.0,1002061.7808964632,1002061.7808964632,
2021-06-02,4051.63,4051.63,3808.2166745376585,-0.0012030045531750133,-0.0057125626429938015,0.018381228282588834,-1,0,000001,0.9819505429085853,0.0,1002061.7808964632,1002061.7808964632,
2021-06-03,4024.0,4032.13,3819.1236186218257,-0.0048128777800539035,0.002864055545235278,0.018262544033420886,-1,0,000001,0.9820649947889848,0.0,1002061.7808964632,1002061.7808964632,
2021-06-04,4067.88,4157.27,3799.245044775009,0.031035705694012927,-0.005205009272255534,0.019992103766148118,-1,0,000001,0.9803997465349676,0.0,1002061.7808964632,1002061.7808964632,
2021-06-07,4147.52,4118.27,3837.950545024872,-0.009381156383876932,0.010187681971999707,0.020427346878753323,-1,0,000001,0.9799815764040078,0.0,1002061.7808964632,1002061.7808964632,
2021-06-08,4093.89,4155.65,3854.293665180206,0.009076626836025614,0.004258293577159122,0.01442246286175836,-1,0,000001,0.985782587245681,0.0,1002061.7808964632,1002061.7808964632,
2021-06-09,4139.39,4175.15,3874.200017404556,0.004692406723376674,0.005164721205388245,0.01342255510362265,-1,0,000001,0.9867552236369456,0.0,1002061.7808964632,1002061.7808964632,
2021-06-10,4176.78,4102.01,3894.6776607894894,-0.01751793348741948,0.005285644337653883,0.014240055143504722,-1,0,000001,0.9859598769824863,0.0,1002061.7808964632,1002061.7808964632,
2021-06-11,4119.89,3967.12,3867.205631589889,-0.032883878878891104,-0.007053736301769198,0.01711840666617909,-1,0,000001,0.9831697012324373,0.0,1002061.7808964632,1002061.7808964632,
2021-06-15,3963.87,3942.74,3822.67322356224,-0.006145516142692986,-0.011515396973949099,0.0169414001121045,-1,0,000001,0.9833408295598578,0.0,1002061.7808964632,1002061.7808964632,
2021-06-16,3942.74,3949.24,3767.881684179306,0.0016485997047739342,-0.014333304517165968,0.016812592675680846,-1,0,000001,0.9834653968717681,0.0,1002061.7808964632,1002061.7808964632,
2021-06-17,3910.23,3923.23,3734.682330064773,-0.006586077321206085,-0.008811145597785508,0.01685083871163206,-1,0,000001,0.9834284065370077,0.0,1002061.7808964632,1002061.7808964632,
2021-06-18,3928.11,3850.1,3738.152006654739,-0.01864025305679251,0.0009290419594820687,0.017560533217951108,-1,0,000001,0.9827425173788753,0.0,1002061.7808964632,1002061.7808964632,
2021-06-21,3841.97,3770.46,3729.18378367424,-0.020685177008389344,-0.0023991060193736535,0.012953367338614463,-1,0,000001,0.98721227673822,0.0,1002061.7808964632,1002061.7808964632,
2021-06-22,3806.21,3902.1,3688.5966914367673,0.03491351187918723,-0.010883639582247584,0.01914579229320455,-1,0,000001,0.9812138828046141,0.0,1002061.7808964632,1002061.7808964632,
2021-06-23,3882.6,3929.73,3697.552597589493,0.007080802644729767,0.0024279982068837747,0.0189900529562067,-1,0,000001,0.9813638485467897,0.0,1002061.7808964632,1002061.7808964632,
2021-06-24,3911.86,3919.98,3740.85253665924,-0.002481086486857853,0.011710432218861477,0.01869919569553066,-1,0,000001,0.9816440458826872,0.0,1002061.7808964632,1002061.7808964632,
2021-06-25,3919.98,3965.49,3770.498092870712,0.01160975311098511,0.007924812839039896,0.018994424464071905,-1,0,000001,0.9813596384748997,0.0,1002061.7808964632,1002061.7808964632,
2021-06-28,3965.49,3871.22,3790.054070653915,-0.023772598090021635,0.005186576760290551,0.017579026571628048,-1,0,000001,0.9827246571395498,0.0,1002061.7808964632,1002061.7808964632,
2021-06-29,3838.72,3799.71,3779.337382249832,-0.018472212894126372,-0.002827581930047285,0.01829576215921192,-1,0,000001,0.9820329585577208,0.0,1002061.7808964632,1002061.7808964632,
2021-06-30,3802.96,3845.22,3740.9088795948014,0.011977229841224624,-0.010168052959631302,0.018902608531836198,-1,0,000001,0.9814480713136328,0.0,1002061.7808964632,1002061.7808964632,
2021-07-01,3876.1,3939.49,3728.984093828201,0.024516152521832257,-0.003187670737356263,0.02063591285919698,-1,0,000001,0.9797813180986471,0.0,1002061.7808964632,1002061.7808964632,
2021-07-02,3861.47,3713.5700000000006,3777.314539833069,-0.057347524679590256,0.012960754132703034,0.027225045948082203,-1,0,000001,0.9734965127111413,0.0,1002061.7808964632,1002061.7808964632,
2021-07-05,3694.07,3754.2,3758.6692211246486,0.010940954391595925,-0.004936130817754014,0.02681049549312645,-1,0,000001,0.9738895389063483,0.0,1002061.7808964632,1002061.7808964632,
2021-07-06,3757.46,3871.22,3691.453933420181,0.03117042246017787,-0.017882735550843742,0.026288337163178483,-1,0,000001,0.9743850376046914,0.0,1002061.7808964632,1002061.7808964632,
2021-07-07,3854.97,3833.84,3732.280810709,-0.009655870759088803,0.011059836591538419,0.026286419315203587,-1,0,000001,0.9743868584632122,0.0,1002061.7808964632,1002061.7808964632,
2021-07-08,3871.22,3664.81,3744.986535768509,-0.04408895519896505,0.0034042789661090644,0.029447324792766967,-1,0,000001,0.971395015477169,0.0,1002061.7808964632,1002061.7808964632,
2021-07-09,3630.68,3625.81,3683.432271757125,-0.010641752232721458,-0.01643644467703076,0.028775640195043077,-1,0,000001,0.9720292364333321,0.0,1002061.7808964632,1002061.7808964632,
2021-07-12,3663.19,3607.93,3650.92947356224,-0.0049313118999616545,-0.008824052078845401,0.028279814168112483,-1,0,000001,0.972497939006037,0.0,1002061.7808964632,1002061.7808964632,
2021-07-13,3606.3,3601.43,3604.387850246429,-0.0018015870596158612,-0.012747883423340989,0.027995618716202476,-1,0,000001,0.9727667917970658,0.0,1002061.7808964632,1002061.7808964632,
2021-07-14,3581.93,3542.92,3594.717568082809,-0.016246324376705812,-0.0026829194208272122,0.027513968541181665,-1,0,000001,0.9732227790730235,0.0,1002061.7808964632,1002061.7808964632,
2021-07-15,3536.42,3682.69,3578.7803791236875,0.039450509749020535,-0.004433502398248579,0.029775821479900183,-1,0,000001,0.9710851421651082,0.0,1002061.7808964632,1002061.7808964632,
2021-07-16,3648.56,3637.18,3600.361819925308,-0.012357814532311995,0.006030389829874139,0.024058259120313463,-1,0,000001,0.976506942934106,0.0,1002061.7808964632,1002061.7808964632,
2021-07-19,3640.44,3616.06,3652.5925073719022,-0.0058066963966588725,0.014507066250268652,0.023651004408824606,-1,0,000001,0.976895441603671,0.0,1002061.7808964632,1002061.7808964632,
2021-07-20,3598.18,3516.91,3625.7334368991847,-0.027419345917932825,-0.00735342648228865,0.021245163590019874,-1,0,000001,0.9791968037181825,0.0,1002061.7808964632,1002061.7808964632,
2021-07-21,3513.66,3492.54,3592.820252485275,-0.006929378346332449,-0.009077662488629512,0.02125829196553687,-1,0,000001,0.9791842160472228,0.0,1002061.7808964632,1002061.7808964632,
2021-07-22,3492.54,3481.16,3561.819059038162,-0.003258373561934924,-0.00862865138484692,0.017347949778497292,-1,0,000001,0.9829478697211959,0.0,1002061.7808964632,1002061.7808964632,
2021-07-23,3481.1600000000003,3435.65,3566.9619897842404,-0.013073228464075104,0.0014439056731498923,0.01745262433123674,-1,0,000001,0.9828467449846049,0.0,1002061.7808964632,1002061.7808964632,
2021-07-26,3412.9,3224.37,3538.458491773605,-0.06149636895492849,-0.007990973296679083,0.024914006047781496,-1,0,000001,0.9756916132467995,0.0,1002061.7808964632,1002061.7808964632,
2021-07-27,3235.74,3055.3400000000006,3412.237737226486,-0.05242264380328543,-0.03567111352035468,0.027833014998023466,-1,0,000001,0.9729206840100607,0.0,1002061.7808964632,1002061.7808964632,
2021-07-28,3069.96,3053.71,3317.1623092174527,-0.0005334921809031501,-0.027863072661025057,0.028255126595886644,-1,0,000001,0.972521287893378,0.0,1002061.7808964632,1002061.7808964632,
2021-07-29,3079.72,3087.84,3270.706117515564,0.01117656882939122,-0.014004799093731424,0.023238802895565753,-1,0,000001,0.9772889741575432,0.0,1002061.7808964632,1002061.7808964632,
2021-07-30,3081.34,3043.96,3251.955450620651,-0.014210580859111865,-0.005732910943755498,0.023203159458261104,-1,0,000001,0.9773230181672365,0.0,1002061.7808964632,1002061.7808964632,
2021-08-02,3035.83,3095.97,3231.885572853088,0.017086295483514924,-0.006171633674665666,0.02549041063340139,-1,0,000001,0.9751431994204052,0.0,1002061.7808964632,1002061.7808964632,
2021-08-03,3092.72,3076.47,3239.6834351348875,-0.006298510644482946,0.0024127903374115967,0.025230670309410654,-1,0,000001,0.9753902501748253,0.0,1002061.7808964632,1002061.7808964632,
2021-08-04,3100.84,3063.46,3237.184429397583,-0.004228872701505182,-0.0007713734342691403,0.025317121375743514,-1,0,000001,0.9753080087634023,0.0,1002061.7808964632,1002061.7808964632,
2021-08-05,3045.58,3042.33,3196.153145179748,-0.006897429703668467,-0.012674991219289389,0.025191758569495105,-1,0,000001,0.9754272716699882,0.0,1002061.7808964632,1002061.7808964632,
2021-08-06,3021.21,3071.59,3189.564166440964,0.009617628593873828,-0.002061534112882346,0.026195341043093925,-1,0,000001,0.9744733385590435,0.0,1002061.7808964632,1002061.7808964632,
2021-08-09,3079.72,3266.62,3204.758152770996,0.0634948023662012,0.004763655953341717,0.028998590686398346,-1,0,000001,0.9718186293461737,0.0,1002061.7808964632,1002061.7808964632,
2021-08-10,3271.5,3375.52,3304.40207564354,0.03333721093974806,0.031092493761623485,0.023352731178195352,-1,0,000001,0.9771801740820009,0.0,1002061.7808964632,1002061.7808964632,
2021-08-11,3417.7700000000004,3388.52,3373.833344106674,0.0038512584727685706,0.02101174944021067,0.02316810502571759,-1,0,000001,0.9773565019160413,0.0,1002061.7808964632,1002061.7808964632,
2021-08-12,3385.27,3401.52,3412.9518511772158,0.0038364831843991087,0.011594676761041978,0.02326713877486332,-1,0,000001,0.9772619114860656,0.0,1002061.7808964632,1002061.7808964632,
2021-08-13,3383.64,3401.52,3432.850865716934,0.0,0.00583044103972763,0.022027915561933568,-1,0,000001,0.978446855289836,0.0,1002061.7808964632,1002061.7808964632,
2021-08-16,3434.03,3411.27,3456.65693526268,0.0028663656247795988,0.006934781170802262,0.022077534767113566,-1,0,000001,0.978399354240631,0.0,1002061.7808964632,1002061.7808964632,
2021-08-17,3395.02,3365.76,3440.4647617626188,-0.013341072386530484,-0.00468434496200032,0.022755632372903158,-1,0,000001,0.977750665307892,0.0,1002061.7808964632,1002061.7808964632,
2021-08-18,3365.76,3520.17,3389.417013902664,0.045876711351968025,-0.01483745697014549,0.024874761305449366,-1,0,000001,0.975728974656606,0.0,1002061.7808964632,1002061.7808964632,
2021-08-19,3497.41,3474.66,3422.3066129016875,-0.012928352892047856,0.009703615360434403,0.025509838750141935,-1,0,000001,0.9751247254914369,0.0,1002061.7808964632,1002061.7808964632,
2021-08-20,3414.52,3325.13,3425.31506360054,-0.043034426389920055,0.0008790710591244366,0.031229573574830614,-1,0,000001,0.9697161772944786,0.0,1002061.7808964632,1002061.7808964632,
2021-08-23,3338.13,3305.63,3342.5137475585934,-0.0058644323680577815,-0.024173343036920314,0.024639565766182606,-1,0,000001,0.9759529432696089,0.0,1002061.7808964632,1002061.7808964632,
2021-08-24,3313.7600000000007,3315.38,3326.4308531475062,0.0029495134059165373,-0.0048116165334650685,0.022004275141573194,-1,0,000001,0.9784694881647877,0.0,1002061.7808964632,1002061.7808964632,
2021-08-25,3325.13,3282.88,3301.857471437454,-0.009802797869324142,-0.007387311744899372,0.022053466676642545,-1,0,000001,0.9784223943309418,0.0,1002061.7808964632,1002061.7808964632,
2021-08-26,3289.38,3169.11,3282.881694860458,-0.034655546349546706,-0.00574700051142274,0.024010800016783997,-1,0,000001,0.976552200410005,0.0,1002061.7808964632,1002061.7808964632,
2021-08-27,3185.36,3157.73,3226.882582235336,-0.003590913537239171,-0.01705791369600429,0.02392461029473709,-1,0,000001,0.9766344025192926,0.0,1002061.7808964632,1002061.7808964632,
2021-08-30,3128.47,3048.84,3204.904382343292,-0.034483632229481254,-0.006810969823642932,0.02507454231182893,-1,0,000001,0.9755388108114764,0.0,1002061.7808964632,1002061.7808964632,
2021-08-31,3048.84,3061.84,3159.459480819702,0.0042639167683447,-0.01417979948917003,0.025497594045553653,-1,0,000001,0.9751363687310405,0.0,1002061.7808964632,1002061.7808964632,
2021-09-01,3009.83,3074.84,3140.1084340858456,0.004245812975204544,-0.006124796615158967,0.01773651834040788,-1,0,000001,0.98257258335455,0.0,1002061.7808964632,1002061.7808964632,
2021-09-02,3094.34,3159.35,3124.581369285583,0.027484356909627694,-0.004944754337689816,0.021935162957423544,-1,0,000001,0.9785356608202574,0.0,1002061.7808964632,1002061.7808964632,
2021-09-03,3175.61,3100.84,3155.6915797615047,-0.018519632202826486,0.009956601156792644,0.018899574834966657,-1,0,000001,0.9814509935014666,0.0,1002061.7808964632,1002061.7808964632,
2021-09-06,3082.97,3167.48,3161.561465406417,0.021490950839127443,0.0018600948465805622,0.020921202680646907,-1,0,000001,0.9795075245516365,0.0,1002061.7808964632,1002061.7808964632,
2021-09-07,3191.86,3295.88,3174.911072292328,0.04053695682372105,0.004222472671172595,0.02524959687883595,-1,0,000001,0.9753722440314014,0.0,1002061.7808964632,1002061.7808964632,
2021-09-08,3295.88,3294.25,3192.402015972137,-0.0004945568406616863,0.005509112942549521,0.025031106125882236,-1,0,000001,0.9755801497376136,0.0,1002061.7808964632,1002061.7808964632,
2021-09-09,3274.75,3256.87,3243.43561258316,-0.011347044091978509,0.015985955514278283,0.022318805065091967,-1,0,000001,0.978168449064506,0.0,1002061.7808964632,1002061.7808964632,
2021-09-10,3238.99,3512.04,3258.157104434966,0.0783482300490963,0.0045388574370623935,0.032407913765752416,-1,0,000001,0.9686093904031177,0.0,1002061.7808964632,1002061.7808964632,
2021-09-13,3477.91,3453.53,3336.6960118865964,-0.016659833031514415,0.024105316267507115,0.03002139073336956,-1,0,000001,0.9708536240087262,0.0,1002061.7808964632,1002061.7808964632,
2021-09-14,3448.65,3317.01,3347.5974527072904,-0.03953056727464366,0.003267136347410382,0.03431423436841711,-1,0,000001,0.9668241688761343,0.0,1002061.7808964632,1002061.7808964632,
2021-09-15,3307.25,3341.38,3301.5663225936887,0.007346978152010353,-0.01375049741311496,0.034284959003711576,-1,0,000001,0.96685153476781,0.0,951908.5887625952,1002011.6778074184,
2021-09-16,3305.63,3269.87,3299.3112948703765,-0.021401337172066714,-0.0006830175446970177,0.03481629953920853,-1,0,000001,0.966355091667273,0.0,1001172.6457953855,1001172.6457953855,
2021-09-17,3240.62,3180.48,3282.6356203651426,-0.02733747824837074,-0.005054289521319366,0.035553239147953344,-1,0,000001,0.9656673961280771,0.0,1001172.6457953855,1001172.6457953855,
2021-09-22,3073.2100000000005,3091.09,3198.682811956405,-0.028105820505080925,-0.02557481795661465,0.03615616491457258,-1,0,000001,0.9651054868572312,0.0,1001172.6457953855,1001172.6457953855,
2021-09-23,3110.6,3042.33,3120.3105747699733,-0.015774370853000153,-0.024501409421866738,0.03307218485672232,-1,0,000001,0.9679865692431655,0.0,1001172.6457953855,1001172.6457953855,
2021-09-24,3029.33,2988.7,3083.422199707031,-0.01762793648289307,-0.011822020333877137,0.03311297119832022,-1,0,000001,0.9679483540314937,0.0,1001172.6457953855,1001172.6457953855,
2021-09-27,2965.95,3024.46,3043.7489112663266,0.011965068424398595,-0.012866641631001374,0.03376000330868184,-1,0,000001,0.9673425135421873,0.0,1001172.6457953855,1001172.6457953855,
2021-09-28,3008.2,3089.47,3022.3752841758724,0.02149474616956404,-0.007022138722198923,0.019652379939079166,-1,0,000001,0.9807263923218095,0.0,1001172.6457953855,1001172.6457953855,
2021-09-29,3071.59,3118.72,3044.0510666370387,0.009467643317462304,0.007171770684684109,0.020753173561333393,-1,0,000001,0.9796687641058934,0.0,1001172.6457953855,1001172.6457953855,
2021-09-30,3108.97,3082.97,3047.468331193924,-0.011463036117381531,0.0011226042146068593,0.018027034826889707,-1,0,000001,0.9822921845784233,0.0,1001172.6457953855,1001172.6457953855,
2021-10-08,3121.97,3198.36,3050.185633049011,0.03742819424126753,0.0008916587671388143,0.022634641947659396,-1,0,000001,0.9778663453992225,0.0,1001172.6457953855,1001172.6457953855,
2021-10-11,3256.87,3321.88,3074.079230690002,0.038619792643729944,0.007833489667678606,0.025343391385178302,-1,0,000001,0.9752830206952025,0.0,1001172.6457953855,1001172.6457953855,
2021-10-12,3305.63,3313.76,3152.790049610138,-0.0024443989548086353,0.025604681276373054,0.0232959781276488,-1,0,000001,0.9772343695024835,0.0,1001172.6457953855,1001172.6457953855,
2021-10-13,3305.63,3351.14,3184.4094429874417,0.011280237554922357,0.010029019655531268,0.020339817056447853,-1,0,000001,0.980065644095782,0.0,1001172.6457953855,1001172.6457953855,
2021-10-14,3352.76,3290.9999999999995,3203.7542002773284,-0.01794613176411619,0.00607483354016769,0.020634820587137948,-1,0,000001,0.979782366649741,0.0,1001172.6457953855,1001172.6457953855,
2021-10-15,3256.87,3364.14,3185.9734180545806,0.022224247948951836,-0.005549983273126502,0.01889359174664187,-1,0,000001,0.9814567567215203,0.0,951063.9548733265,1001122.5871630957,
2021-10-18,3330.01,3304.0,3214.2140697193145,-0.01787678277360627,0.008864057529387015,0.021134531961935116,-1,0,000001,0.9793028917342275,0.0,1000686.9759945367,1000686.9759945367,
2021-10-19,3281.25,3349.51,3201.763067140579,0.01377421307506066,-0.0038737315899506353,0.02076840845384307,-1,0,000001,0.9796541426225162,0.0,1000686.9759945367,1000686.9759945367,
2021-10-20,3378.77,3295.88,3201.567832317352,-0.016011297174810646,-6.09772863053859e-05,0.022128476550955768,-1,0,000001,0.9783505918692086,0.0,1000686.9759945367,1000686.9759945367,
2021-10-21,3341.38,3419.4,3186.663684530258,0.03747709261259513,-0.0046552653473864725,0.02327850482663621,-1,0,000001,0.9772510565629637,0.0,1000686.9759945367,1000686.9759945367,
2021-10-22,3445.4,3425.9,3219.7390841865536,0.0019009182897584687,0.010379319228716044,0.021370888607500402,-1,0,000001,0.9790762700935831,0.0,1000686.9759945367,1000686.9759945367,
2021-10-25,3372.2699999999995,3438.9,3244.549106225967,0.003794623310662937,0.00770560017153743,0.01827739398408751,-1,0,000001,0.9820506729383672,0.0,1000686.9759945367,1000686.9759945367,
2021-10-26,3429.15,3427.52,3242.2880511188505,-0.0033091977085696334,-0.0006968780662859331,0.01831127618037102,-1,0,000001,0.9820179972384716,0.0,1000686.9759945367,1000686.9759945367,
2021-10-27,3419.4,3406.4,3255.9424339771267,-0.0061618896461581585,0.00421134169543147,0.01832180522673753,-1,0,000001,0.9820078435591801,0.0,1000686.9759945367,1000686.9759945367,
2021-10-28,3386.89,3373.89,3281.433812446594,-0.009543799906059247,0.007829185861351284,0.017490107059324793,-1,0,000001,0.9828105384632453,0.0,1000686.9759945367,1000686.9759945367,
2021-10-29,3359.26,3338.13,3250.067831249237,-0.010599041462525438,-0.009558620709759547,0.016452833354368812,-1,0,000001,0.9838134807494479,0.0,1000686.9759945367,1000686.9759945367,
2021-11-01,3310.5,3320.26,3231.6135544013973,-0.005353296606183666,-0.0056781205211788865,0.01544191580911753,-1,0,000001,0.9847929107822843,0.0,1000686.9759945367,1000686.9759945367,
2021-11-02,3317.01,3123.6,3263.155640029907,-0.05923030124146911,0.009760475718252115,0.023614382466309064,-1,0,000001,0.9769303920784971,0.0,1000686.9759945367,1000686.9759945367,
2021-11-03,3110.6,3099.22,3165.0971811580657,-0.007805096683314194,-0.030050193643519352,0.023396575580507502,-1,0,000001,0.9771383096848492,0.0,1000686.9759945367,1000686.9759945367,
2021-11-04,3107.35,3073.21,3110.397886953353,-0.008392434225385714,-0.017282026766931358,0.01777137561144857,-1,0,000001,0.9825389315937756,0.0,1000686.9759945367,1000686.9759945367,
2021-11-05,3069.96,3035.83,3059.42535036087,-0.01216317791494892,-0.016387786529269643,0.017231898179336368,-1,0,000001,0.9830600100034432,0.0,1000686.9759945367,1000686.9759945367,
2021-11-08,3032.58,3000.08,3007.954637393951,-0.011776021713995832,-0.016823653814873385,0.01633887881144688,-1,0,000001,0.9839237884606419,0.0,1000686.9759945367,1000686.9759945367,
2021-11-09,3009.83,3017.96,2966.5134910774227,0.005959841070904748,-0.013777184602900894,0.017216393812530182,-1,0,000001,0.9830749937601742,0.0,1000686.9759945367,1000686.9759945367,
2021-11-10,3006.5800000000004,2996.83,2965.6570784568785,-0.007001418176516672,-0.00028869331729663994,0.017184034163012677,-1,0,000001,0.9831062682996665,0.0,1000686.9759945367,1000686.9759945367,
2021-11-11,2988.7,3151.23,2933.3820105457303,0.051521107303383884,-0.010882939954723891,0.026636941140184906,-1,0,000001,0.97405417624014,0.0,1000686.9759945367,1000686.9759945367,
2021-11-12,3144.73,3138.23,3018.5143517589568,-0.004125373266946508,0.0290219074457978,0.02660446538955763,-1,0,000001,0.9740849896074997,0.0,1000686.9759945367,1000686.9759945367,
2021-11-15,3151.23,3164.23,3035.027286901474,0.00828492494176647,0.005470550482191472,0.026978926861648694,-1,0,000001,0.9737298145502422,0.0,950602.5928460101,1000636.9416457369,
2021-11-16,3152.85,3130.1,3067.530085096359,-0.010786194429608487,0.01070922766828497,0.019314800958629766,-1,0,000001,0.9810511915058382,0.0,1000084.1213970479,1000084.1213970479,
2021-11-17,3118.72,3112.22,3085.5949405384063,-0.005712277563017176,0.0058890556704938035,0.019227500465427993,-1,0,000001,0.981135222061171,0.0,1000084.1213970479,1000084.1213970479,
2021-11-18,3108.97,3061.84,3081.7620485591888,-0.016187801633560484,-0.0012421889629326,0.01978176147085031,-1,0,000001,0.9806019658144125,0.0,1000084.1213970479,1000084.1213970479,
2021-11-19,3061.84,3118.72,3073.1507515239714,0.018577064771509777,-0.0027942770725090105,0.020101805886626203,-1,0,000001,0.9802943139884409,0.0,1000084.1213970479,1000084.1213970479,
2021-11-22,3099.22,3113.85,3084.840731382369,-0.0015615380668991818,0.003803907065932366,0.019525858628022266,-1,0,000001,0.9808480986894259,0.0,1000084.1213970479,1000084.1213970479,
2021-11-23,3112.22,3074.84,3094.8721324539183,-0.012527899545578536,0.003251837597156637,0.02017332836622311,-1,0,000001,0.980225587353347,0.0,1000084.1213970479,1000084.1213970479,
2021-11-24,3056.96,3073.21,3067.634647102356,-0.0005301088837142975,-0.008800843519814694,0.01995337542819133,-1,0,000001,0.9804369729941679,0.0,1000084.1213970479,1000084.1213970479,
2021-11-25,3052.09,3042.33,3053.274536218643,-0.010048125575538358,-0.004681167262626129,0.010448708644732551,-1,0,000001,0.9896593379205295,0.0,1000084.1213970479,1000084.1213970479,
2021-11-26,3032.58,3026.08,3029.102368621826,-0.005341300910815083,-0.007916801227692116,0.010464352824860657,-1,0,000001,0.9896440158471632,0.0,1000084.1213970479,1000084.1213970479,
2021-11-29,2998.45,3014.7,3017.412126703262,-0.0037606408290593585,-0.003859308962173791,0.00960434289802539,-1,0,000001,0.9904870229951105,0.0,1000084.1213970479,1000084.1213970479,
2021-11-30,3019.58,3003.33,3006.78322845459,-0.0037715195541844215,-0.0035225212209526457,0.009370896438344234,-1,0,000001,0.9907161020082802,0.0,1000084.1213970479,1000084.1213970479,
2021-12-01,3001.7,3035.83,3004.412370138168,0.0108213216662838,-0.0007885032396034442,0.010448734566169907,-1,0,000001,0.9896593125324107,0.0,1000084.1213970479,1000084.1213970479,
2021-12-02,3032.58,3027.71,2989.402612104416,-0.0026747215753187836,-0.0049959047509385845,0.009280741690517827,-1,0,000001,0.990804598455953,0.0,1000084.1213970479,1000084.1213970479,
2021-12-03,3035.83,3037.46,2998.365855941772,0.0032202555726934534,0.0029983394679133912,0.006528949962562714,-1,0,000001,0.9935134007195664,0.0,1000084.1213970479,1000084.1213970479,
2021-12-06,3069.96,3110.6,2991.1909106731414,0.024079329439729236,-0.0023929518989194154,0.010695280487385411,-1,0,000001,0.9894178980609983,0.0,1000084.1213970479,1000084.1213970479,
2021-12-07,3143.1,3169.11,3046.7154323387144,0.018809875908184948,0.018562680659215403,0.011212601778252618,-1,0,000001,0.988911726615615,0.0,1000084.1213970479,1000084.1213970479,
2021-12-08,3167.48,3170.73,3084.777574882507,0.0005111845281482452,0.012492844635173306,0.011180133850397933,-1,0,000001,0.9889434795283943,0.0,1000084.1213970479,1000084.1213970479,
2021-12-09,3173.98,3208.11,3084.738265857696,0.011789083271044776,-1.2742904101359365e-05,0.010414763901612278,-1,0,000001,0.9896925853880076,0.0,1000084.1213970479,1000084.1213970479,
2021-12-10,3177.23,3156.1,3091.197524814605,-0.016212037617164055,0.002093940684822604,0.012089497758370071,-1,0,000001,0.9880549123519743,0.0,1000084.1213970479,1000084.1213970479,
2021-12-13,3170.73,3138.23,3082.0969614505766,-0.005662051265802659,-0.0029440251847296928,0.012243996986467446,-1,0,000001,0.9879041051140647,0.0,1000084.1213970479,1000084.1213970479,
2021-12-14,3120.35,3026.08,3073.8420662403105,-0.03573670508535065,-0.002678337285787702,0.017548324817924323,-1,0,000001,0.9827543081837766,0.0,1000084.1213970479,1000084.1213970479,
2021-12-15,3014.7,3021.21,3006.4624668121337,-0.0016093427800982774,-0.021920319253939557,0.01720390770643307,-1,0,000001,0.9830870609362641,0.0,1000084.1213970479,1000084.1213970479,
2021-12-16,3021.21,3048.84,2968.5358093738555,0.00914534242902687,-0.012615044377551565,0.017430881330658822,-1,0,000001,0.9828677489051034,0.0,1000084.1213970479,1000084.1213970479,
2021-12-17,3045.58,3024.46,2955.9836515712736,-0.007996483908634167,-0.0042284003322262675,0.017620098870048787,-1,0,000001,0.9826849932606344,0.0,1000084.1213970479,1000084.1213970479,
2021-12-20,3022.83,3016.33,2956.5918932151794,-0.0026880831619529033,0.00020576624081880546,0.015400380629007001,-1,0,000001,0.9848331939569818,0.0,1000084.1213970479,1000084.1213970479,
2021-12-21,3011.45,3027.71,2961.178994350433,0.003772796743062079,0.001551482687137229,0.013675562850779309,-1,0,000001,0.9865089350557893,0.0,1000084.1213970479,1000084.1213970479,
2021-12-22,3032.58,2995.2,2971.8789109039303,-0.010737488068540357,0.0036133974251173484,0.013683063115043295,-1,0,000001,0.9865016358535228,0.0,1000084.1213970479,1000084.1213970479,
2021-12-23,2996.83,2983.82,2971.5581492614742,-0.0037994123931622825,-0.00010793227182948062,0.01230086027079392,-1,0,000001,0.9878486122519906,0.0,1000084.1213970479,1000084.1213970479,
2021-12-24,2985.4500000000003,2982.2,2961.9591474628446,-0.0005429281927195051,-0.0032302924312671566,0.012013209299958213,-1,0,000001,0.988129394765244,0.0,1000084.1213970479,1000084.1213970479,
2021-12-27,2985.4500000000003,2967.5700000000006,2940.431953115463,-0.004905774260612672,-0.007267890364329177,0.01201505376692462,-1,0,000001,0.9881275938315324,0.0,1000084.1213970479,1000084.1213970479,
2021-12-28,2967.57,2959.45,2941.6214442062374,-0.002736245480309041,0.0004045293717864773,0.005621169833839661,-1,0,000001,0.9944102510940889,0.0,1000084.1213970479,1000084.1213970479,
2021-12-29,2957.82,2891.18,2952.7317469787595,-0.023068475561337398,0.0037769315267961456,0.008647761090493738,-1,0,000001,0.9914263815138554,0.0,1000084.1213970479,1000084.1213970479,
2021-12-30,2892.81,2902.56,2918.1974583816527,0.003936109131911669,-0.0116957080955431,0.007865653510240739,-1,0,000001,0.9921957321565171,0.0,1000084.1213970479,1000084.1213970479,
2021-12-31,2909.06,2847.3,2911.5728394603725,-0.01903836613196619,-0.002270106466665922,0.009039703824717695,-1,0,000001,0.9910412803475889,0.0,1000084.1213970479,1000084.1213970479,
2022-01-04,2847.3,2876.56,2880.07032491684,0.010276402205598112,-0.010819758350737674,0.01039280047041002,-1,0,000001,0.9897140988479219,0.0,1000084.1213970479,1000084.1213970479,
2022-01-05,2863.55,2956.19,2882.166675209998,0.02768237060933898,0.0007278816336606653,0.014495235424308278,-1,0,000001,0.9857118743211785,0.0,1000084.1213970479,1000084.1213970479,
2022-01-06,2949.69,2951.32,2903.883994207382,-0.0016473907292832157,0.007535066998094919,0.014188641854032473,-1,0,000001,0.9860098592426609,0.0,1000084.1213970479,1000084.1213970479,
2022-01-07,2948.07,2964.32,2887.903303260803,0.0044048086957699795,-0.005503212586472683,0.014270440593239052,-1,0,000001,0.9859303396588267,0.0,1000084.1213970479,1000084.1213970479,
2022-01-10,2978.95,2962.7,2895.28265545845,-0.0005464997031360275,0.0025552629097085333,0.014270440053382854,-1,0,000001,0.9859303401835986,0.0,1000084.1213970479,1000084.1213970479,
2022-01-11,2974.07,2998.45,2898.3238636779784,0.012066695919262793,0.0010504011460832352,0.014699571144294305,-1,0,000001,0.985513376015605,0.0,1000084.1213970479,1000084.1213970479,
2022-01-12,2998.45,2931.82,2923.937100124359,-0.022221481098567475,0.008837258239966728,0.01645595977549765,-1,0,000001,0.9838104547302451,0.0,1000084.1213970479,1000084.1213970479,
2022-01-13,2917.19,2928.57,2907.617303323745,-0.0011085264443246867,-0.005581445920953554,0.01450616017241362,-1,0,000001,0.9857012596454334,0.0,1000084.1213970479,1000084.1213970479,
2022-01-14,2931.82,2822.92,2883.963883824348,-0.036075627353964634,-0.008134983745061053,0.018649359705321524,-1,0,000001,0.981692071439856,0.0,1000084.1213970479,1000084.1213970479,
2022-01-17,2826.17,2805.04,2841.3485769367217,-0.006333867059640452,-0.014776643746008178,0.017821012989297506,-1,0,000001,0.9824910148622714,0.0,1000084.1213970479,1000084.1213970479,
2022-01-18,2809.92,2853.8,2807.420040411949,0.01738299632090823,-0.011940997595357161,0.018466192887884564,-1,0,000001,0.9818686245877997,0.0,1000084.1213970479,1000084.1213970479,
2022-01-19,2857.05,2850.55,2804.909241967201,-0.0011388324339477451,-0.0008943437065368487,0.015577935090040351,-1,0,000001,0.984661014628425,0.0,1000084.1213970479,1000084.1213970479,
2022-01-20,2845.68,2985.45,2815.008778681755,0.047324200592868015,0.0036006643507191516,0.022425250007771867,-1,0,000001,0.9780666117081894,0.0,1000084.1213970479,1000084.1213970479,
2022-01-21,3004.95,2988.7,2880.9686671638487,0.0010886131069018923,0.02343150365342117,0.022399979334403144,-1,0,000001,0.9780907865931434,0.0,1000084.1213970479,1000084.1213970479,
2022-01-24,2987.07,2964.32,2901.722652993202,-0.008157392846387945,0.007203822126182313,0.022588520917919446,-1,0,000001,0.9779104493588066,0.0,1000084.1213970479,1000084.1213970479,
2022-01-25,2944.82,2907.44,2877.6313309574125,-0.019188211798996102,-0.008302420636561725,0.022936475154997034,-1,0,000001,0.9775778108298254,0.0,1000084.1213970479,1000084.1213970479,
2022-01-26,2923.69,2874.9299999999994,2849.1633420991893,-0.011181658090966828,-0.009892854776762383,0.022152383422357976,-1,0,000001,0.9783277094671661,0.0,1000084.1213970479,1000084.1213970479,
2022-01-27,2850.55,2818.05,2826.7093719768523,-0.019784829543675553,-0.007880899557620169,0.022869030942868365,-1,0,000001,0.9776422687059086,0.0,1000084.1213970479,1000084.1213970479,
2022-01-28,2832.67,2741.66,2807.562339081764,-0.027107396958890084,-0.006773612131797502,0.021594591648968868,-1,0,000001,0.9788618774751805,0.0,1000084.1213970479,1000084.1213970479,
2022-02-07,2772.54,2832.67,2765.020146980285,0.033195217495969764,-0.015152715047243692,0.02430524919417077,-1,0,000001,0.9762714784354645,0.0,1000084.1213970479,1000084.1213970479,
2022-02-08,2818.0500000000006,2904.19,2762.9530163955687,0.02524826400533775,-0.0007476005507496275,0.02500281976149396,-1,0,000001,0.9756070722153605,0.0,1000084.1213970479,1000084.1213970479,
2022-02-09,2918.81,2909.06,2789.8808776617047,0.0016768875314632226,0.009746043854652608,0.02497901445203737,-1,0,000001,0.975629730853181,0.0,1000084.1213970479,1000084.1213970479,
2022-02-10,2894.43,2930.19,2802.376037378311,0.00726351467484343,0.004478743094966431,0.019588668431014266,-1,0,000001,0.9807876754248769,0.0,1000084.1213970479,1000084.1213970479,
2022-02-11,2936.69,2948.07,2813.149068717956,0.0061019933860944064,0.0038442490215280234,0.019731451397393726,-1,0,000001,0.9806503453724463,0.0,1000084.1213970479,1000084.1213970479,
2022-02-14,2948.07,2863.55,2841.9536738586426,-0.028669604181718933,0.010239274363734063,0.02152090115282177,-1,0,000001,0.9789324906337847,0.0,1000084.1213970479,1000084.1213970479,
2022-02-15,2850.55,2814.8,2813.957262268066,-0.01702432295577172,-0.009851114692015495,0.02135300230651986,-1,0,000001,0.9790934160292295,0.0,1000084.1213970479,1000084.1213970479,
2022-02-16,2826.17,2835.92,2786.0659368038177,0.007503197385249294,-0.009911780053748154,0.021377753735262822,-1,0,000001,0.9790696892926416,0.0,1000084.1213970479,1000084.1213970479,
2022-02-17,2832.67,2837.55,2763.189918785095,0.0005747693870066239,-0.00821086741578203,0.02035173244577986,-1,0,000001,0.9800541991564058,0.0,1000084.1213970479,1000084.1213970479,
2022-02-18,2821.3,2894.43,2768.9227469635007,0.02004546175397781,0.0020747137717287423,0.01852857225755963,-1,0,000001,0.9818084904417642,0.0,1000084.1213970479,1000084.1213970479,
2022-02-21,2876.5599999999995,2852.18,2792.393379497528,-0.014597001827648226,0.0084764490304996,0.016689904768038374,-1,0,000001,0.9835840754493905,0.0,1000084.1213970479,1000084.1213970479,
2022-02-22,2819.67,2806.67,2794.097687783241,-0.01595621594710006,0.0006103396098222635,0.014986154630524828,-1,0,000001,0.9852351142307157,0.0,1000084.1213970479,1000084.1213970479,
2022-02-23,2818.0500000000006,2800.17,2778.4575440216063,-0.002315911738822174,-0.005597565120940007,0.014891471502442856,-1,0,000001,0.985327030603186,0.0,1000084.1213970479,1000084.1213970479,
2022-02-24,2790.42,2754.66,2767.9093603038787,-0.016252584664502634,-0.003796417094954041,0.014823115370317613,-1,0,000001,0.9853933999474298,0.0,1000084.1213970479,1000084.1213970479,
2022-02-25,2767.66,2753.04,2759.1395168685917,-0.0005880943564722241,-0.0031683997897691274,0.014356909954574197,-1,0,000001,0.985846293534672,0.0,1000084.1213970479,1000084.1213970479,
2022-02-28,2753.04,2728.66,2727.3939415216446,-0.008855665010315872,-0.011505607147758834,0.01219709771456356,-1,0,000001,0.9879498787912914,0.0,1000084.1213970479,1000084.1213970479,
2022-03-01,2735.16,2756.29,2692.561428456306,0.010125849317980329,-0.012771353831601218,0.012182222084884089,-1,0,000001,0.9879643982880955,0.0,1000084.1213970479,1000084.1213970479,
2022-03-02,2735.16,2717.28,2697.3197859096526,-0.014153082585649512,0.0017672233595333875,0.012223731469645385,-1,0,000001,0.987923883732801,0.0,1000084.1213970479,1000084.1213970479,
2022-03-03,2725.4100000000003,2722.16,2689.280697245598,0.0017959135606193666,-0.0029803988040459917,0.012282658120570618,-1,0,000001,0.9878663750464965,0.0,1000084.1213970479,1000084.1213970479,
2022-03-04,2707.53,2660.39,2690.7350001335144,-0.022691539071913458,0.0005407776471255676,0.010219238727612795,-1,0,000001,0.9898841376843268,0.0,1000084.1213970479,1000084.1213970479,
2022-03-07,2634.39,2561.25,2682.369253473282,-0.037265212995087116,-0.0031090934855411145,0.013685467513552065,-1,0,000001,0.986499295933362,0.0,1000084.1213970479,1000084.1213970479,
2022-03-08,2545.0,2494.62,2631.2308327960964,-0.02601464128843345,-0.019064646155993792,0.014468810125849182,-1,0,000001,0.9857375505472127,0.0,1000084.1213970479,1000084.1213970479,
2022-03-09,2509.24,2418.23,2563.9636571788787,-0.030621898325195795,-0.02556490855108129,0.015196551694134204,-1,0,000001,0.9850309266035483,0.0,1000084.1213970479,1000084.1213970479,
2022-03-10,2473.49,2536.87,2503.3718091249466,0.04906067661057878,-0.02363210097938795,0.025127375301994215,-1,0,000001,0.9754885335155624,0.0,1000084.1213970479,1000084.1213970479,
2022-03-11,2509.24,2590.51,2503.501266846657,0.021144165842160056,5.1713341677306346e-05,0.026721273528228614,-1,0,000001,0.973974169799362,0.0,1000084.1213970479,1000084.1213970479,
2022-03-14,2546.63,2523.87,2528.7881073570247,-0.025724664255301177,0.010100590259424225,0.027461501850749494,-1,0,000001,0.9732724760963952,0.0,1000084.1213970479,1000084.1213970479,
2022-03-15,2509.24,2392.22,2522.395673742294,-0.05216195762856257,-0.0025278644723664145,0.029984100091141278,-1,0,000001,0.9708887738281706,0.0,1000084.1213970479,1000084.1213970479,
2022-03-16,2421.48,2494.62,2476.135240983963,0.04280542759445205,-0.018339879520050895,0.03488944091986447,-1,0,000001,0.9662867939894594,0.0,1000084.1213970479,1000084.1213970479,
2022-03-17,2551.5,2517.37,2472.17603600502,0.009119625433933853,-0.001598945369950644,0.03519270420713666,-1,0,000001,0.9660037169271869,0.0,1000084.1213970479,1000084.1213970479,
2022-03-18,2502.74,2558.0,2483.5020142936705,0.016139860250976357,0.004581380178311667,0.03543919634697239,-1,0,000001,0.9657737542947941,0.0,1000084.1213970479,1000084.1213970479,
2022-03-21,2525.5,2540.12,2488.779381904602,-0.006989835809225964,0.002124970135138904,0.03345791612577404,-1,0,000001,0.9676252747173286,0.0,1000084.1213970479,1000084.1213970479,
2022-03-22,2540.12,2636.02,2493.000909109116,0.037754121852511036,0.0016962239542837043,0.0340884788362186,-1,0,000001,0.9670352396976878,0.0,1000084.1213970479,1000084.1213970479,
2022-03-23,2624.64,2606.76,2521.4645739746093,-0.011100067526042978,0.011417430600001222,0.032265059120364,-1,0,000001,0.9687434357723409,0.0,1000084.1213970479,1000084.1213970479,
2022-03-24,2593.76,2639.2700000000004,2531.6576661682125,0.012471420460648641,0.004042528417337987,0.029001513271988796,-1,0,000001,0.9718158691722711,0.0,1000084.1213970479,1000084.1213970479,
2022-03-25,2631.14,2603.51,2541.126030974388,-0.013549201104851027,0.003739986228274761,0.02884339634563001,-1,0,000001,0.9719652218713951,0.0,1000084.1213970479,1000084.1213970479,
2022-03-28,2574.26,2582.38,2551.90666205883,-0.008115966522118212,0.004242462181345719,0.027547354095636974,-1,0,000001,0.9731911585526081,0.0,1000084.1213970479,1000084.1213970479,
2022-03-29,2587.26,2554.75,2545.2258312320705,-0.01069943230663195,-0.0026179761689910652,0.020636274990871298,-1,0,000001,0.9797809704627088,0.0,1000084.1213970479,1000084.1213970479,
2022-03-30,2584.01,2640.89,2538.9756962871547,0.033717584890889496,-0.002455630800309083,0.019009679152101198,-1,0,000001,0.9813449474121592,0.0,1000084.1213970479,1000084.1213970479,
2022-03-31,2623.01,2668.52,2560.699173698425,0.010462382000007597,0.008556000533221919,0.01903986403063138,-1,0,000001,0.9813158790910078,0.0,1000084.1213970479,1000084.1213970479,
2022-04-01,2666.9,2728.66,2588.779182481765,0.022536836898355617,0.010965758520858904,0.01951947638369023,-1,0,000001,0.9808542388489454,0.0,1000084.1213970479,1000084.1213970479,
2022-04-06,2710.78,2832.67,2627.841477646828,0.038117610841951866,0.015089079605320244,0.02116048869748483,-1,0,000001,0.979277998971077,0.0,1000084.1213970479,1000084.1213970479,
2022-04-07,2831.05,2814.8,2702.3150457525253,-0.00630853576307866,0.028340205731278267,0.01953232554473037,-1,0,000001,0.9808418771476477,0.0,1000084.1213970479,1000084.1213970479,
2022-04-08,2811.55,2834.3,2718.2117464160915,0.006927668040358048,0.005882623008206522,0.01850643955555128,-1,0,000001,0.9818298256772663,0.0,1000084.1213970479,1000084.1213970479,
2022-04-11,2826.17,2777.41,2715.010812525749,-0.02007197544367223,-0.001177588131080265,0.02049585414893772,-1,0,000001,0.979915788912214,0.0,1000084.1213970479,1000084.1213970479,
2022-04-12,2777.41,2756.29,2704.680531835556,-0.007604206796979929,-0.0038048764456236617,0.019967729608755955,-1,0,000001,0.9804231751367122,0.0,1000084.1213970479,1000084.1213970479,
2022-04-13,2751.41,2736.78,2693.51427921772,-0.007078355325455532,-0.004128492251267102,0.01988936804256889,-1,0,000001,0.9804985043811745,0.0,1000084.1213970479,1000084.1213970479,
2022-04-14,2769.29,2775.79,2674.68761487484,0.014253977301792453,-0.0069896285637466304,0.019111586357498343,-1,0,000001,0.9812468167241558,0.0,1000084.1213970479,1000084.1213970479,
2022-04-15,2753.04,2837.55,2684.8735004138944,0.02224952175776984,0.0038082524039095844,0.017723612251300813,-1,0,000001,0.9825850436818552,0.0,1000084.1213970479,1000084.1213970479,
2022-04-18,2793.67,2753.04,2705.915621395111,-0.02978273510598939,0.007837285808054872,0.02117179119002854,-1,0,000001,0.9792671601657192,0.0,1000084.1213970479,1000084.1213970479,
2022-04-19,2753.04,2738.41,2694.847641339302,-0.00531412547583765,-0.004090290165848831,0.020171812293734808,-1,0,000001,0.98022704406194,0.0,1000084.1213970479,1000084.1213970479,
2022-04-20,2738.41,2744.91,2669.25130777359,0.002373640178059633,-0.009498248870571047,0.015367934166914605,-1,0,000001,0.9848646646700305,0.0,1000084.1213970479,1000084.1213970479,
2022-04-21,2731.91,2738.41,2666.1291229629514,-0.002368019352182782,-0.0011696855974353548,0.01532514529631273,-1,0,000001,0.9849061698439072,0.0,1000084.1213970479,1000084.1213970479,
2022-04-22,2710.78,2779.04,2661.4741482448576,0.014837076989932196,-0.0017459674694677574,0.016060357994524488,-1,0,000001,0.9841935000532607,0.0,1000084.1213970479,1000084.1213970479,
2022-04-25,2715.65,2582.38,2665.882655377388,-0.07076544418216357,0.0016564155377716272,0.026836290596011194,-1,0,000001,0.9738650738761537,0.0,1000084.1213970479,1000084.1213970479,
2022-04-26,2587.26,2562.88,2626.5226598644253,-0.007551173723464366,-0.01476433909555952,0.026836145572204206,-1,0,000001,0.9738652114186633,0.0,1000084.1213970479,1000084.1213970479,
2022-04-27,2603.51,2712.4,2548.3930903911587,0.05834061680609315,-0.0297463907953871,0.033849102967676,-1,0,000001,0.967259145584678,0.0,1000084.1213970479,1000084.1213970479,
2022-04-28,2699.4,2712.4,2600.6266604995726,0.0,0.020496669177672455,0.03346264672158724,-1,0,000001,0.9676208454870241,0.0,1000084.1213970479,1000084.1213970479,
2022-04-29,2718.9,2658.77,2620.9768116140363,-0.01977215749889405,0.007825095167852458,0.032737912131187125,-1,0,000001,0.9682998834974227,0.0,1000084.1213970479,1000084.1213970479,
2022-05-05,2639.27,2658.77,2631.146187362671,0.0,0.0038799945514864653,0.03167128426603406,-1,0,000001,0.9693009927202092,0.0,1000084.1213970479,1000084.1213970479,
2022-05-06,2610.01,2600.26,2604.8426844406126,-0.022006416500863102,-0.00999697510096298,0.03224028635369302,-1,0,000001,0.9687666846761239,0.0,1000084.1213970479,1000084.1213970479,
2022-05-09,2597.01,2533.62,2568.28109840393,-0.025628206410128307,-0.014036005419856723,0.03277017816757643,-1,0,000001,0.9682696316563673,0.0,1000084.1213970479,1000084.1213970479,
2022-05-10,2525.5,2540.12,2532.956174287796,0.002565499167199503,-0.013754305997924932,0.03289278737699559,-1,0,000001,0.9681546935180698,0.0,1000084.1213970479,1000084.1213970479,
2022-05-11,2532.0000000000005,2546.63,2502.9373133707045,0.0025628710454626003,-0.011851314768812404,0.03220937183074702,-1,0,000001,0.9687956990996702,0.0,1000084.1213970479,1000084.1213970479,
2022-05-12,2522.25,2505.99,2505.0492562437057,-0.01595834494999282,0.0008437857639178592,0.024002677421595356,-1,0,000001,0.9765599466184666,0.0,1000084.1213970479,1000084.1213970479,
2022-05-13,2525.5,2543.3699999999994,2482.294834141731,0.014916260639507684,-0.009083423028613313,0.024548108986403368,-1,0,000001,0.9760400621785451,0.0,1000084.1213970479,1000084.1213970479,
2022-05-16,2551.5,2510.87,2482.056490421295,-0.012778321675572024,-9.60174904115485e-05,0.013360479717546189,-1,0,000001,0.9868156692658173,0.0,1000084.1213970479,1000084.1213970479,
2022-05-17,2527.1199999999994,2559.630000000001,2479.503238229752,0.01941956373687259,-0.0010286841582360928,0.015781460420162614,-1,0,000001,0.9844637246936611,0.0,1000084.1213970479,1000084.1213970479,
2022-05-18,2582.38,2566.13,2488.5430036354064,0.0025394295269234313,0.0036457969750862684,0.01512959223303703,-1,0,000001,0.9850959007117942,0.0,1000084.1213970479,1000084.1213970479,
2022-05-19,2533.62,2545.0,2512.397423281669,-0.008234189226578592,0.00958569717759139,0.015145827306442396,-1,0,000001,0.9850801462223118,0.0,1000084.1213970479,1000084.1213970479,
2022-05-20,2558.0,2610.01,2505.8459191465377,0.025544204322200503,-0.0026076702970718735,0.016370133861142562,-1,0,000001,0.9838935311893185,0.0,1000084.1213970479,1000084.1213970479,
2022-05-23,2618.14,2579.13,2515.2284592485425,-0.011831372293592768,0.0037442605829494102,0.014384857879300262,-1,0,000001,0.9858191318930237,0.0,1000084.1213970479,1000084.1213970479,
2022-05-24,2585.63,2509.24,2519.1049842453,-0.02709828508062806,0.001541221825199779,0.017040055989563256,-1,0,000001,0.9832454426065024,0.0,1000084.1213970479,1000084.1213970479,
2022-05-25,2514.12,2507.62,2504.074392428398,-0.0006456138113531962,-0.00596663970374578,0.016993738975347457,-1,0,000001,0.983290222619788,0.0,1000084.1213970479,1000084.1213970479,
2022-05-26,2510.8700000000003,2475.11,2483.10394490242,-0.012964484251999808,-0.008374530560827709,0.01673338609938483,-1,0,000001,0.9835420117720526,0.0,1000084.1213970479,1000084.1213970479,
2022-05-27,2491.37,2473.49,2468.3334477996823,-0.0006545163649294139,-0.005948400643098428,0.015772955930952303,-1,0,000001,0.9844719670484863,0.0,1000084.1213970479,1000084.1213970479,
2022-05-30,2486.49,2457.24,2458.514446492195,-0.006569664724741187,-0.00397798819127948,0.015449754319181067,-1,0,000001,0.9847853089200463,0.0,1000084.1213970479,1000084.1213970479,
2022-05-31,2455.61,2470.24,2445.5311997175213,0.005290488515570235,-0.005280931659034205,0.013829300764446986,-1,0,000001,0.9863593400249732,0.0,1000084.1213970479,1000084.1213970479,
2022-06-01,2466.99,2457.24,2442.956589622497,-0.005262646544465288,-0.0010527815369199,0.013672266016614289,-1,0,000001,0.9865121435448347,0.0,1000084.1213970479,1000084.1213970479,
2022-06-02,2447.4800000000005,2436.11,2434.0361926221844,-0.008599078641076896,-0.0036514758543831904,0.013684583879642219,-1,0,000001,0.9865001558697207,0.0,1000084.1213970479,1000084.1213970479,
2022-06-06,2429.61,2471.8600000000006,2415.60930106163,0.014675035199560149,-0.007570508448645152,0.011271529857803404,-1,0,000001,0.9888541014702665,0.0,1000084.1213970479,1000084.1213970479,
2022-06-07,2447.4800000000005,2470.24,2430.423169121742,-0.0006553769226416151,0.006132559621128131,0.011112182604388393,-1,0,000001,0.9890099409387335,0.0,1000084.1213970479,1000084.1213970479,
2022-06-08,2470.24,2470.24,2418.584470119476,0.0,-0.004871044331981045,0.007701559308335359,-1,0,000001,0.9923573013882984,0.0,1000084.1213970479,1000084.1213970479,
2022-06-09,2466.99,2501.12,2411.894860277176,0.012500809637929988,-0.0027659194561724387,0.008899753561906741,-1,0,000001,0.9911787533593044,0.0,1000084.1213970479,1000084.1213970479,
2022-06-10,2486.49,2496.24,2436.201333708763,-0.0019511258955988708,0.010077750001421526,0.007755878726060546,-1,0,000001,0.992303811974915,0.0,1000084.1213970479,1000084.1213970479,
2022-06-13,2473.49,2429.61,2417.305092391968,-0.026692144986058874,-0.007756436652149756,0.011696721912419081,-1,0,000001,0.9884385096253858,0.0,1000084.1213970479,1000084.1213970479,
2022-06-14,2397.1,2463.74,2414.5065518856045,0.014047522030284476,-0.0011577109216257542,0.012535155348396287,-1,0,000001,0.9876200295049674,0.0,1000084.1213970479,1000084.1213970479,
2022-06-15,2460.49,2564.5,2425.7447400188444,0.040897172591263686,0.004654445076764713,0.017975587336989646,-1,0,000001,0.9823418286640709,0.0,1000084.1213970479,1000084.1213970479,
2022-06-16,2564.5,2515.75,2520.6800968694683,-0.019009553519204525,0.03913658155552113,0.01923533192687202,-1,0,000001,0.9811276833481551,0.0,1000084.1213970479,1000084.1213970479,
2022-06-17,2496.24,2517.37,2492.251154975891,0.00064394315810401,-0.01127828236866879,0.018860009932019223,-1,0,000001,0.98148910571799,0.0,1000084.1213970479,1000084.1213970479,
2022-06-20,2515.75,2499.49,2446.089780960083,-0.007102650782364162,-0.01852195912263699,0.0186757109515169,-1,0,000001,0.9816666768916356,0.0,1000084.1213970479,1000084.1213970479,
2022-06-21,2499.49,2504.37,2429.9783219909664,0.0019523982892510894,-0.006586617995187671,0.018664075182017268,-1,0,000001,0.9816778900554805,0.0,1000084.1213970479,1000084.1213970479,
2022-06-22,2502.74,2457.24,2435.483944005966,-0.018819104205848203,0.002265708284380219,0.019752376218127515,-1,0,000001,0.9806302229062888,0.0,1000084.1213970479,1000084.1213970479,
2022-06-23,2458.86,2476.74,2423.746269197464,0.007935732773355575,-0.004819442492072223,0.01947306822988025,-1,0,000001,0.9808988890077386,0.0,1000084.1213970479,1000084.1213970479,
2022-06-24,2476.74,2481.61,2417.58300719738,0.0019662944031269003,-0.0025428660080514254,0.01948695513896416,-1,0,000001,0.9808855277247681,0.0,1000084.1213970479,1000084.1213970479,
2022-06-27,2483.24,2523.87,2417.487355237007,0.01702926729018661,-3.956511941416441e-05,0.017765748724677344,-1,0,000001,0.9825443637232448,0.0,1000084.1213970479,1000084.1213970479,
2022-06-28,2520.62,2546.63,2448.187572584152,0.009017897118314355,0.012699225615653953,0.017517710505506358,-1,0,000001,0.9827838765609264,0.0,1000084.1213970479,1000084.1213970479,
2022-06-29,2549.88,2548.25,2465.580767822265,0.0006361348134593658,0.007104519046207791,0.01157322287798273,-1,0,000001,0.988559184232797,0.0,1000084.1213970479,1000084.1213970479,
2022-06-30,2546.63,2603.51,2477.406756906509,0.021685470420877095,0.004796431428482295,0.011525526008494307,-1,0,000001,0.9886057981611455,0.0,1000084.1213970479,1000084.1213970479,
2022-07-01,2606.76,2593.76,2514.8019563293456,-0.003744944325161037,0.015094493190747293,0.011727923615029352,-1,0,000001,0.9884080261686126,0.0,1000084.1213970479,1000084.1213970479,
2022-07-04,2598.630000000001,2597.01,2515.614342842102,0.0012530072173215778,0.00032304194400345487,0.01120998801695582,-1,0,000001,0.9889142827406805,0.0,1000084.1213970479,1000084.1213970479,
2022-07-05,2605.14,2592.13,2510.448612861633,-0.0018790840235501927,-0.002053466579711394,0.011348244112258158,-1,0,000001,0.9887790934741579,0.0,1000084.1213970479,1000084.1213970479,
2022-07-06,2579.13,2530.37,2503.2550613212584,-0.02382596551870475,-0.0028654446474308815,0.012495259968059296,-1,0,000001,0.9876589447258712,0.0,1000084.1213970479,1000084.1213970479,
2022-07-07,2532.0000000000005,2512.49,2498.602183084488,-0.007066160284859624,-0.001858731181118456,0.012736062529574259,-1,0,000001,0.9874241048573281,0.0,1000084.1213970479,1000084.1213970479,
2022-07-08,2525.5,2532.0,2467.395272407532,0.007765205035642042,-0.012489747622981495,0.012890370298322814,-1,0,000001,0.9872736767212762,0.0,1000084.1213970479,1000084.1213970479,
2022-07-11,2525.5,2519.0,2467.286779499054,-0.005134281200631863,-4.3970623471389914e-05,0.01190336903399123,-1,0,000001,0.9882366544096453,0.0,1000084.1213970479,1000084.1213970479,
2022-07-12,2510.8700000000003,2512.49,2454.075802440643,-0.0025843588725685818,-0.005354455415633952,0.011470286549580528,-1,0,000001,0.9886597889210279,0.0,1000084.1213970479,1000084.1213970479,
2022-07-13,2512.49,2439.36,2469.0344587421414,-0.02910658350878992,0.006095433680826545,0.014398018908168839,-1,0,000001,0.985806341653086,0.0,1000084.1213970479,1000084.1213970479,
2022-07-14,2395.47,2341.84,2461.365136971473,-0.03997769906860815,-0.003106202808759284,0.01523013679513253,-1,0,000001,0.9849983405307382,0.0,1000084.1213970479,1000084.1213970479,
2022-07-15,2359.72,2320.71,2428.6208503341672,-0.009022819663170867,-0.013303303173293202,0.015063263918498401,-1,0,000001,0.9851602708383427,0.0,1000084.1213970479,1000084.1213970479,
2022-07-18,2322.34,2345.09,2361.296545600891,0.010505405673263857,-0.027721208406825903,0.016142157866241885,-1,0,000001,0.9841142720619541,0.0,1000084.1213970479,1000084.1213970479,
2022-07-19,2336.96,2349.97,2329.427670946121,0.0020809435885187355,-0.013496345774164586,0.01641074698431208,-1,0,000001,0.983854217369304,0.0,1000084.1213970479,1000084.1213970479,
2022-07-20,2351.59,2345.09,2314.1988306140897,-0.0020766222547520252,-0.0065375888343620625,0.015749168199436475,-1,0,000001,0.9844950223022539,0.0,1000084.1213970479,1000084.1213970479,
2022-07-21,2333.71,2283.33,2290.5688654994965,-0.02633587623502731,-0.010210862092745465,0.016836708195842476,-1,0,000001,0.9834420727928719,0.0,1000084.1213970479,1000084.1213970479,
2022-07-22,2292.76,2287.88,2298.797030572891,0.0019927036389835173,0.003592192837913233,0.016272747365390836,-1,0,000001,0.9839878148778696,0.0,1000084.1213970479,1000084.1213970479,
2022-07-25,2286.2600000000007,2289.51,2285.392653112411,0.0007124499536690365,-0.005831040010147892,0.01656799180506889,-1,0,000001,0.9837020327822342,0.0,1000084.1213970479,1000084.1213970479,
2022-07-26,2278.13,2304.13,2260.9868588781355,0.006385645836882059,-0.010679037670414337,0.017207350726962854,-1,0,000001,0.9830837334053226,0.0,1000084.1213970479,1000084.1213970479,
2022-07-27,2294.38,2284.63,2266.7717059993743,-0.00846306415002629,0.002558549643277841,0.015623843579217339,-1,0,000001,0.984616505728975,0.0,1000084.1213970479,1000084.1213970479,
2022-07-28,2287.88,2299.26,2259.283598833084,0.006403662737511251,-0.0033034236074466206,0.010646515235143466,-1,0,000001,0.9894656389997384,0.0,1000084.1213970479,1000084.1213970479,
2022-07-29,2299.26,2266.75,2251.393753433227,-0.014139331785009146,-0.0034921890301562453,0.011144472348910093,-1,0,000001,0.9889783580352062,0.0,1000084.1213970479,1000084.1213970479,
2022-08-01,2263.5,2224.5,2243.700453157425,-0.01863902062424172,-0.003417127840952161,0.011235969127736872,-1,0,000001,0.988888875128296,0.0,1000084.1213970479,1000084.1213970479,
2022-08-02,2191.99,2198.49,2229.0873231840133,-0.011692515171948803,-0.006512959407236063,0.011086410842648876,-1,0,000001,0.9890351499893967,0.0,1000084.1213970479,1000084.1213970479,
2022-08-03,2187.11,2161.11,2210.291450910568,-0.017002579042888377,-0.008432093295742793,0.011411946654211885,-1,0,000001,0.9887168164347246,0.0,1000084.1213970479,1000084.1213970479,
2022-08-04,2172.49,2182.24,2179.454569187164,0.009777382918962685,-0.01395150024703773,0.010682933719520692,-1,0,000001,0.9894299850496087,0.0,1000084.1213970479,1000084.1213970479,
2022-08-05,2177.36,2206.62,2163.582371149063,0.011172006745362673,-0.0072826468890427876,0.011650181987009785,-1,0,000001,0.9884839817216982,0.0,1000084.1213970479,1000084.1213970479,
2022-08-08,2196.8700000000003,2188.74,2157.4727004528045,-0.008102890393452467,-0.0028238678488647917,0.011625430833223161,-1,0,000001,0.9885081666801834,0.0,1000084.1213970479,1000084.1213970479,
2022-08-09,2190.37,2175.74,2149.726857113838,-0.0059394903003554544,-0.003590239328331135,0.01098718199540624,-1,0,000001,0.9891322242348113,0.0,1000084.1213970479,1000084.1213970479,
2022-08-10,2175.74,2165.99,2141.9490424346923,-0.004481233970970777,-0.003618047871248087,0.010946490633586568,-1,0,000001,0.9891720375558888,0.0,1000084.1213970479,1000084.1213970479,
2022-08-11,2169.24,2213.12,2143.785429043769,0.021759103227623422,0.0008573437428696096,0.013535870145637216,-1,0,000001,0.9866449027169683,0.0,1000084.1213970479,1000084.1213970479,
2022-08-12,2198.49,2217.99,2166.851964802742,0.0022005133024869394,0.010759722240141212,0.013119359796979929,-1,0,000001,0.987050528972609,0.0,1000084.1213970479,1000084.1213970479,
2022-08-15,2203.37,2174.11,2159.3708022308347,-0.019783678014778983,-0.0034525489943140197,0.013283709292292317,-1,0,000001,0.9868904343665308,0.0,1000084.1213970479,1000084.1213970479,
2022-08-16,2174.11,2177.36,2141.436190690994,0.0014948645652703707,-0.008305480245130892,0.012886306961016787,-1,0,000001,0.9872776373098775,0.0,1000084.1213970479,1000084.1213970479,
2022-08-17,2180.61,2221.25,2130.560824856758,0.020157438365727254,-0.005078538357347395,0.013080305517935584,-1,0,000001,0.9870885798029128,0.0,1000084.1213970479,1000084.1213970479,
2022-08-18,2234.25,2196.8699999999994,2154.938054533005,-0.010975801913337357,0.01144169619183999,0.013494538977438578,-1,0,000001,0.9866851389341932,0.0,1000084.1213970479,1000084.1213970479,
2022-08-19,2200.12,2248.880000000001,2168.4320565700527,0.023674591578018545,0.006261897880852185,0.015056221940622066,-1,0,000001,0.985167105412312,0.0,1000084.1213970479,1000084.1213970479,
2022-08-22,2250.5,2237.5,2216.304945526123,-0.005060296681015042,0.02207719112573625,0.014858816875391605,-1,0,000001,0.9853587350000665,0.0,1000084.1213970479,1000084.1213970479,
2022-08-23,2229.37,2211.49,2203.353145971298,-0.01162458100558672,-0.00584387070965553,0.015311161487808327,-1,0,000001,0.9849197348866215,0.0,1000084.1213970479,1000084.1213970479,
2022-08-24,2209.87,2221.25,2173.326030158996,0.004413314100448318,-0.01362791791556639,0.015167531379490026,-1,0,000001,0.9850590854113712,0.0,1000084.1213970479,1000084.1213970479,
2022-08-25,2221.25,2257.0,2166.9343827247617,0.01609454136184585,-0.0029409519536132134,0.014462972568354979,-1,0,000001,0.9857432228090707,0.0,1000084.1213970479,1000084.1213970479,
2022-08-26,2266.75,2255.38,2180.557187333107,-0.0007177669472751003,0.006286671491739115,0.014489220057658889,-1,0,000001,0.9857177190538945,0.0,1000084.1213970479,1000084.1213970479,
2022-08-29,2237.5,2224.5,2187.0558863449096,-0.013691706053968744,0.0029802928579694132,0.01358210808322067,-1,0,000001,0.9865998936100938,0.0,1000084.1213970479,1000084.1213970479,
2022-08-30,2226.12,2234.25,2173.116644086838,0.004383007417397167,-0.006373519005665407,0.013591982221932582,-1,0,000001,0.9865902824210023,0.0,1000084.1213970479,1000084.1213970479,
2022-08-31,2217.99,2278.13,2171.876051263809,0.019639700123083914,-0.0005708818375692593,0.013518737405034958,-1,0,000001,0.9866615811764391,0.0,1000084.1213970479,1000084.1213970479,
2022-09-01,2261.88,2255.38,2202.545083451271,-0.009986260661156265,0.014120986402338831,0.013411410033924473,-1,0,000001,0.9867660755531897,0.0,1000084.1213970479,1000084.1213970479,
2022-09-02,2257.0,2239.12,2199.73841907978,-0.007209428122977202,-0.0012742823711434648,0.011462225678665474,-1,0,000001,0.9886676680674115,0.0,1000084.1213970479,1000084.1213970479,
2022-09-05,2231.0,2248.880000000001,2197.738900017738,0.004358855264568806,-0.0009089803790754969,0.011421455190308122,-1,0,000001,0.9887075213485965,0.0,1000084.1213970479,1000084.1213970479,
2022-09-06,2250.5,2237.5,2188.006247534752,-0.005060296681015042,-0.004428484422288492,0.010815539952877765,-1,0,000001,0.989300184330979,0.0,1000084.1213970479,1000084.1213970479,
2022-09-07,2224.5,2209.87,2176.876421279907,-0.012348603351955312,-0.005086743361626733,0.011540638423522013,-1,0,000001,0.9885910283925835,0.0,1000084.1213970479,1000084.1213970479,
2022-09-08,2208.24,2214.74,2179.964931359291,0.002203749541828115,0.0014187806203385112,0.010069738453260245,-1,0,000001,0.9900306502908599,0.0,1000084.1213970479,1000084.1213970479,
2022-09-09,2221.25,2273.25,2163.120621137619,0.026418450924261982,-0.007726872106685212,0.013484130312725452,-1,0,000001,0.9866952723684338,0.0,1000084.1213970479,1000084.1213970479,
2022-09-13,2299.26,2310.64,2231.6213139533997,0.016447817002089415,0.03166753261302424,0.013233530343435185,-1,0,000001,0.9869393087110434,0.0,1000084.1213970479,1000084.1213970479,
2022-09-14,2278.13,2274.88,2276.933088912964,-0.015476231693383524,0.02030441933685112,0.01457278789070888,-1,0,000001,0.9856365279409812,0.0,1000084.1213970479,1000084.1213970479,
2022-09-15,2286.2600000000007,2318.76,2243.6146284532547,0.01928892952595307,-0.01463304329053261,0.014525686323602875,-1,0,000001,0.9856822882659181,0.0,1000084.1213970479,1000084.1213970479,
2022-09-16,2305.76,2247.25,2272.492479410171,-0.03083975918163162,0.012871127951605832,0.017589668138938714,-1,0,000001,0.9827143801773182,0.0,1000084.1213970479,1000084.1213970479,
2022-09-19,2244.0,2248.880000000001,2258.2403373146053,0.0007253309600627755,-0.0062715904341584805,0.017417550355351693,-1,0,000001,0.9828806271827448,0.0,1000084.1213970479,1000084.1213970479,
2022-09-20,2255.38,2211.49,2231.264650068283,-0.01662605385792093,-0.011945445664300003,0.0181589534361257,-1,0,000001,0.9821649130768412,0.0,1000084.1213970479,1000084.1213970479,
2022-09-21,2206.62,2226.12,2204.318313560486,0.006615449312454613,-0.012076710177330474,0.018281452399406494,-1,0,000001,0.982046758922762,0.0,1000084.1213970479,1000084.1213970479,
2022-09-22,2209.87,2203.37,2193.014479355812,-0.010219574865685588,-0.005128040780288057,0.018138145747722396,-1,0,000001,0.9821849855803196,0.0,1000084.1213970479,1000084.1213970479,
2022-09-23,2195.24,2203.37,2180.6808797311783,0.0,-0.00562403930331401,0.018119800367835195,-1,0,000001,0.9822026834550427,0.0,1000084.1213970479,1000084.1213970479,
2022-09-26,2182.24,2156.23,2181.009634208679,-0.021394500242809866,0.00015075772001149623,0.016502773230317937,-1,0,000001,0.983765146869325,0.0,1000084.1213970479,1000084.1213970479,
2022-09-27,2156.23,2180.61,2167.384077968597,0.011306771541069516,-0.006247361784362582,0.015821266717469182,-1,0,000001,0.9844251471830334,0.0,1000084.1213970479,1000084.1213970479,
2022-09-28,2170.86,2174.11,2171.094325790405,-0.0029808172942433764,0.0017118552542314536,0.015449082965821625,-1,0,000001,0.9847859600003779,0.0,1000084.1213970479,1000084.1213970479,
2022-09-29,2196.8700000000003,2133.48,2165.7587808227536,-0.01868810685751876,-0.0024575371527024714,0.013523161341231198,-1,0,000001,0.9866572744885913,0.0,1000084.1213970479,1000084.1213970479,
2022-09-30,2135.11,2130.23,2152.433283472061,-0.0015233327708720212,-0.006152807722026421,0.011017918016696238,-1,0,000001,0.9891021535619171,0.0,1000084.1213970479,1000084.1213970479,
2022-10-10,2107.48,2070.09,2116.444560956955,-0.02823169329133468,-0.01672001766161746,0.012907808956263998,-1,0,000001,0.9872566793916174,0.0,1000084.1213970479,1000084.1213970479,
2022-10-11,2081.47,2071.72,2088.7425739622117,0.0007874053785099644,-0.013088926355915298,0.012815168859707701,-1,0,000001,0.9873469817063109,0.0,1000084.1213970479,1000084.1213970479,
2022-10-12,2066.8400000000006,2091.22,2071.615500822067,0.009412468866449197,-0.008199705101838206,0.013157552131632718,-1,0,000001,0.9870133207772573,0.0,1000084.1213970479,1000084.1213970479,
2022-10-13,2076.6,2048.97,2054.4691662597656,-0.020203517563910034,-0.008276793910596547,0.013860415056004818,-1,0,000001,0.9863290697119886,0.0,1000084.1213970479,1000084.1213970479,
2022-10-14,2066.8400000000006,2079.85,2055.533785681725,0.015070986886094095,0.0005181968361673839,0.015452372804423326,-1,0,000001,0.9847827695140957,0.0,1000084.1213970479,1000084.1213970479,
2022-10-17,2061.9700000000003,2071.72,2073.4572596645357,-0.003908935740558284,0.008719620230842606,0.014427424819399149,-1,0,000001,0.9857777654010411,0.0,1000084.1213970479,1000084.1213970479,
2022-10-18,2083.1,2071.72,2073.64607401371,0.0,9.106257112079241e-05,0.013518005716773817,-1,0,000001,0.9866622934762627,0.0,1000084.1213970479,1000084.1213970479,
2022-10-19,2061.9700000000003,2040.84,2063.6238450479505,-0.01490548915876655,-0.004833143462307787,0.013839624443479475,-1,0,000001,0.9863492961709043,0.0,1000084.1213970479,1000084.1213970479,
2022-10-20,2031.09,2026.21,2051.3838009023666,-0.007168616844044573,-0.005931334906289276,0.013148597802523577,-1,0,000001,0.987022044119646,0.0,1000084.1213970479,1000084.1213970479,
2022-10-21,2027.84,2008.33,2029.079467134476,-0.008824356804082556,-0.010872823387841568,0.013132653186894905,-1,0,000001,0.9870375778082119,0.0,1000084.1213970479,1000084.1213970479,
2022-10-24,2008.33,1931.95,2016.5854866886136,-0.03803159839269432,-0.006157462360755539,0.015196292849933927,-1,0,000001,0.9850311777564971,0.0,1000084.1213970479,1000084.1213970479,
2022-10-25,1944.95,1936.82,1978.342260570526,0.002520769171044712,-0.018964346599997572,0.015301685631298667,-1,0,000001,0.9849289271870121,0.0,1000084.1213970479,1000084.1213970479,
2022-10-26,1935.2000000000005,1938.45,1956.6946495771408,0.0008415856920107601,-0.01094229821848025,0.014525229575164791,-1,0,000001,0.9856827320290031,0.0,1000084.1213970479,1000084.1213970479,
2022-10-27,1944.95,1941.7,1941.7103113794328,0.0016765972813330698,-0.007657984959966169,0.014032054634945326,-1,0,000001,0.98616211926358,0.0,1000084.1213970479,1000084.1213970479,
2022-10-28,1933.57,1899.44,1934.5987846708297,-0.0217644332286141,-0.0036625065371110876,0.012886248941199316,-1,0,000001,0.9872776938627909,0.0,1000084.1213970479,1000084.1213970479,
2022-10-31,1884.81,1886.44,1924.3693971443172,-0.0068441224782040955,-0.005287601546928977,0.012791584534429669,-1,0,000001,0.9873699735169996,0.0,1000084.1213970479,1000084.1213970479,
2022-11-01,1892.94,1940.0699999999997,1897.5172712659837,0.02842921057653558,-0.013953727344750422,0.017403569928396603,-1,0,000001,0.98289413322029,0.0,1000084.1213970479,1000084.1213970479,
2022-11-02,1930.32,1933.57,1915.678171758652,-0.0033503945733915907,0.009570874936253748,0.017158495672112594,-1,0,000001,0.983130951818109,0.0,1000084.1213970479,1000084.1213970479,
2022-11-03,1918.9400000000005,1902.69,1917.8330924987797,-0.01597045878866543,0.0011248866181678974,0.01749031042510261,-1,0,000001,0.9828103420289132,0.0,1000084.1213970479,1000084.1213970479,
2022-11-04,1896.19,1964.45,1885.9301500225065,0.03245930761185489,-0.016634889970902678,0.021251880089566865,-1,0,000001,0.9791903638035868,0.0,1000084.1213970479,1000084.1213970479,
2022-11-07,1962.83,1974.2,1932.2661871385571,0.00496322125785853,0.024569328357944675,0.017095889585602056,-1,0,000001,0.9831914672346502,0.0,1000084.1213970479,1000084.1213970479,
2022-11-08,1975.83,1969.33,1928.789434924125,-0.0024668220038497335,-0.0017993132817692992,0.017161237301721675,-1,0,000001,0.9831283019128353,0.0,1000084.1213970479,1000084.1213970479,
2022-11-09,1967.7000000000005,1975.83,1918.543930697441,0.003300614929950818,-0.005311883216058355,0.017163637710081586,-1,0,000001,0.9831259818245943,0.0,1000084.1213970479,1000084.1213970479,
2022-11-10,1959.58,1972.58,1926.3615785217285,-0.0016448783549192214,0.004074781765067703,0.017203613696694518,-1,0,000001,0.9830873450850479,0.0,1000084.1213970479,1000084.1213970479,
2022-11-11,2014.84,2063.59,1922.2654471063613,0.0461375457522637,-0.0021263564748371655,0.020069922599603367,-1,0,000001,0.9803249540497616,0.0,1000084.1213970479,1000084.1213970479,
2022-11-14,2107.48,2148.11,2026.3647858810425,0.040957748389941706,0.05415450760527629,0.021640114917394468,-1,0,000001,0.9788182603625112,0.0,1000084.1213970479,1000084.1213970479,
2022-11-15,2133.4800000000005,2157.86,2134.1566834163664,0.004538873707584878,0.05319471513045326,0.021093856859544867,-1,0,000001,0.9793419021005368,0.0,1000084.1213970479,1000084.1213970479,
2022-11-16,2151.3600000000006,2126.98,2130.4218019390105,-0.014310474266171158,-0.0017500502687446406,0.022173242572523552,-1,0,000001,0.9783077450582449,0.0,1000084.1213970479,1000084.1213970479,
2022-11-17,2125.3500000000004,2105.85,2088.684265575409,-0.009934273006798389,-0.019591207865791604,0.02146469516934229,-1,0,000001,0.978986356287347,0.0,1000084.1213970479,1000084.1213970479,
2022-11-18,2113.98,2089.5999999999995,2077.544874124527,-0.007716598998029567,-0.005333209827102947,0.020620359277779707,-1,0,000001,0.9797962493200006,0.0,1000084.1213970479,1000084.1213970479,
2022-11-21,2071.72,2068.47,2058.126871018409,-0.010111983154670545,-0.00934661067877074,0.021276278564190197,-1,0,000001,0.9791669707690631,0.0,1000084.1213970479,1000084.1213970479,
2022-11-22,2068.47,2126.98,2038.5888443565368,0.028286607975943623,-0.00949311091410232,0.022295354466914698,-1,0,000001,0.9781908874284763,0.0,1000084.1213970479,1000084.1213970479,
2022-11-23,2120.48,2126.98,2079.101904597282,0.0,0.019873090325642773,0.022396041046434483,-1,0,000001,0.9780945542164737,0.0,1000084.1213970479,1000084.1213970479,
2022-11-24,2143.23,2118.85,2100.567383775711,-0.0038223208492793592,0.01032439974729682,0.022506442581924323,-1,0,000001,0.9779889478983688,0.0,1000084.1213970479,1000084.1213970479,
2022-11-25,2122.1,2183.86,2083.018524799347,0.030681737735092307,-0.008354342313370844,0.019934590114476035,-1,0,000001,0.9804550308346356,0.0,1000084.1213970479,1000084.1213970479,
2022-11-28,2139.98,2125.35,2128.350216331482,-0.026792010476862194,0.02176250042543515,0.018108850091832388,-1,0,000001,0.9822132475420491,0.0,1000084.1213970479,1000084.1213970479,
2022-11-29,2182.24,2317.14,2115.3135092830657,0.0902392547109887,-0.00612526404178293,0.03415128713157792,-1,0,000001,0.9669765076381588,0.0,1000084.1213970479,1000084.1213970479,
2022-11-30,2302.51,2323.64,2262.882340054512,0.002805182250533056,0.06976215588083745,0.033347731420114185,-1,0,000001,0.967728451511395,0.0,1000084.1213970479,1000084.1213970479,
2022-12-01,2380.52,2335.01,2326.9008868312835,0.004893184830696784,0.028290709438843153,0.032718043397632166,-1,0,000001,0.9683185128730877,0.0,1000084.1213970479,1000084.1213970479,
2022-12-02,2341.52,2302.51,2316.8309629154205,-0.013918569941884562,-0.004327611877605997,0.0331647477846989,-1,0,000001,0.9678998457353386,0.0,1000084.1213970479,1000084.1213970479,
2022-12-05,2333.39,2404.9000000000005,2276.489814143181,0.044468862241640705,-0.017412210652379967,0.03392823443157702,-1,0,000001,0.9671851166244341,0.0,1000084.1213970479,1000084.1213970479,
2022-12-06,2374.02,2388.65,2324.0387967348097,-0.00675703771466607,0.02088697357493996,0.03428979128376146,-1,0,000001,0.9668470175643898,0.0,1000084.1213970479,1000084.1213970479,
2022-12-07,2372.4,2343.14,2337.455884113312,-0.019052602934712115,0.005773177021551001,0.035547971424065516,-1,0,000001,0.9656723083768098,0.0,1000084.1213970479,1000084.1213970479,
2022-12-08,2343.14,2377.27,2322.5419090700148,0.01456592435791304,-0.0063804305974975994,0.03521174860725267,-1,0,000001,0.9659859457211284,0.0,1000084.1213970479,1000084.1213970479,
2022-12-09,2383.77,2432.53,2331.528083171844,0.02324515095046009,0.003869111711929385,0.03485271785837574,-1,0,000001,0.9663210839021582,0.0,1000084.1213970479,1000084.1213970479,
2022-12-12,2413.03,2336.64,2369.266188321113,-0.03941986326992897,0.01618599639508922,0.03657522789082028,-1,0,000001,0.9647153174157538,0.0,1000084.1213970479,1000084.1213970479,
2022-12-13,2343.14,2357.77,2353.152239780426,0.009042899205697008,-0.006801240240593476,0.023476670577583954,-1,0,000001,0.9770618410243438,0.0,1000084.1213970479,1000084.1213970479,
2022-12-14,2356.14,2356.14,2338.9818604564666,-0.0006913312155130136,-0.006021871039368687,0.02348917059398299,-1,0,000001,0.9770499080314147,0.0,1000084.1213970479,1000084.1213970479,
2022-12-15,2341.52,2335.01,2337.943184990883,-0.008968057925250461,-0.0004440716207098072,0.023683889667922373,-1,0,000001,0.9768640593966901,0.0,1000084.1213970479,1000084.1213970479,
2022-12-16,2322.01,2374.02,2328.166506400108,0.016706566567166625,-0.004181743445922481,0.023627963221387365,-1,0,000001,0.9769174308730005,0.0,1000084.1213970479,1000084.1213970479,
2022-12-19,2372.4,2325.2600000000007,2350.7418103790283,-0.020539001356348896,0.00969660198996114,0.01965585353233137,-1,0,000001,0.9807230513469433,0.0,1000084.1213970479,1000084.1213970479,
2022-12-20,2313.89,2279.76,2330.2819870853423,-0.01956770425672849,-0.008703560383939823,0.020320627092263035,-1,0,000001,0.9800840769531697,0.0,1000084.1213970479,1000084.1213970479,
2022-12-21,2294.38,2300.88,2313.008946433067,0.009264133066638536,-0.007412425083317853,0.02003335229256536,-1,0,000001,0.9803601007285305,0.0,1000084.1213970479,1000084.1213970479,
2022-12-22,2318.76,2310.64,2299.1948379039763,0.004241855290149754,-0.005972354127896429,0.01936033280085407,-1,0,000001,0.9810073708208181,0.0,1000084.1213970479,1000084.1213970479,
2022-12-23,2294.38,2315.51,2310.4138956451416,0.0021076411730085454,0.004879559381488985,0.017256289257129385,-1,0,000001,0.9830364388607211,0.0,1000084.1213970479,1000084.1213970479,
2022-12-26,2317.14,2281.38,2295.0739418029784,-0.014739733363276386,-0.0066394830255640525,0.012989285334049295,-1,0,000001,0.9871772727292315,0.0,1000084.1213970479,1000084.1213970479,
2022-12-27,2297.63,2336.64,2294.738242731094,0.024222181311311486,-0.00014626939279382967,0.015168134714044814,-1,0,000001,0.9850584999712215,0.0,1000084.1213970479,1000084.1213970479,
2022-12-28,2344.7699999999995,2341.52,2327.966423463821,0.0020884689126268174,0.014480161664617519,0.015195720125764586,-1,0,000001,0.985031733463295,0.0,1000084.1213970479,1000084.1213970479,
2022-12-29,2330.14,2323.64,2328.674772090912,-0.00763606546175144,0.0003042778538178137,0.015119068608731261,-1,0,000001,0.9851061130893219,0.0,1000084.1213970479,1000084.1213970479,
2022-12-30,2325.26,2344.77,2305.249869055748,0.009093491246492613,-0.010059327870044599,0.0143341001837173,-1,0,000001,0.9858684626878647,0.0,1000084.1213970479,1000084.1213970479,
2023-01-03,2351.27,2443.91,2338.420527582168,0.04228133249743049,0.014389181394903083,0.018148959552688623,-1,0,000001,0.9821745537503056,0.0,1000084.1213970479,1000084.1213970479,
2023-01-04,2434.16,2533.3,2410.225012903213,0.036576633345745346,0.03070640394834734,0.01834100977060473,-1,0,000001,0.9819893242100343,0.0,1000084.1213970479,1000084.1213970479,
2023-01-05,2546.3,2559.3,2479.627585778236,0.01026329293806505,0.028795059591313787,0.018334736365132737,-1,0,000001,0.9819953737112247,0.0,1000084.1213970479,1000084.1213970479,
2023-01-06,2562.55,2582.06,2508.7053886413573,0.008893056695189916,0.011726681470191513,0.018207027155379158,-1,0,000001,0.9821185410532423,0.0,1000084.1213970479,1000084.1213970479,
2023-01-09,2603.19,2611.31,2508.7593730354306,0.011328164333904045,2.1518825732869118e-05,0.017920146640626668,-1,0,000001,0.9823953315986845,0.0,1000084.1213970479,1000084.1213970479,
2023-01-10,2604.8100000000004,2552.8,2535.7030889415737,-0.022406378407772265,0.010739856598340536,0.019312425308352577,-1,0,000001,0.9810534779829547,0.0,1000084.1213970479,1000084.1213970479,
2023-01-11,2554.43,2590.18,2532.048004784584,0.014642745220933673,-0.0014414480042753697,0.018841466000772838,-1,0,000001,0.9815069697990104,0.0,1000084.1213970479,1000084.1213970479,
2023-01-12,2606.44,2590.18,2528.4807107830047,0.0,-0.0014088571760244584,0.018956440265118085,-1,0,000001,0.9813962211572205,0.0,1000084.1213970479,1000084.1213970479,
2023-01-13,2590.18,2635.69,2521.706979627609,0.0175702074759283,-0.002678972841876237,0.017955360209371135,-1,0,000001,0.9823613481384114,0.0,1000084.1213970479,1000084.1213970479,
2023-01-16,2635.69,2656.8200000000006,2548.6229171562195,0.008016876036256448,0.010673697517617597,0.01798342145643454,-1,0,000001,0.982334268832487,0.0,1000084.1213970479,1000084.1213970479,
2023-01-17,2664.95,2638.94,2599.967055063248,-0.00672984997101822,0.02014583544760673,0.015543886789868759,-1,0,000001,0.9846940275136676,0.0,1000084.1213970479,1000084.1213970479,
2023-01-18,2635.69,2661.69,2596.199940185547,0.008620885658635613,-0.0014489086968871856,0.011878102213966523,-1,0,000001,0.9882613308974891,0.0,1000084.1213970479,1000084.1213970479,
2023-01-19,2664.95,2658.44,2590.2782976579665,-0.0012210287448951584,-0.0022808884770089133,0.011869994231241738,-1,0,000001,0.9882692497070636,0.0,1000084.1213970479,1000084.1213970479,
2023-01-20,2669.82,2664.95,2596.051352071762,0.0024488045620738585,0.0022287390582760302,0.011741311894006951,-1,0,000001,0.9883949466568418,0.0,1000084.1213970479,1000084.1213970479,
2023-01-30,2741.33,2668.2,2592.5161604404448,0.0012195350757049361,-0.0013617572042616821,0.011396437649192525,-1,0,000001,0.9887319776647804,0.0,1000084.1213970479,1000084.1213970479,
2023-01-31,2682.82,2642.19,2624.116161365509,-0.009748144816730253,0.01218893112693098,0.008754432056407071,-1,0,000001,0.9913215429065718,0.0,1000084.1213970479,1000084.1213970479,
2023-02-01,2648.69,2595.06,2610.4076630830764,-0.017837475730360097,-0.005224043997846151,0.01007870284867884,-1,0,000001,0.9900218638208544,0.0,1000084.1213970479,1000084.1213970479,
2023-02-02,2601.56,2578.81,2579.8203936672207,-0.006261897605450373,-0.011717430134927653,0.010287224088509484,-1,0,000001,0.989817525310398,0.0,1000084.1213970479,1000084.1213970479,
2023-02-03,2554.43,2533.3,2556.2529299020766,-0.01764767470267281,-0.00913531183139571,0.009448783561550734,-1,0,000001,0.9906396602626898,0.0,1000084.1213970479,1000084.1213970479,
2023-02-06,2497.54,2481.29,2511.658675675392,-0.020530533296490794,-0.017445165032394905,0.00975126023137525,-1,0,000001,0.9903429085801381,0.0,1000084.1213970479,1000084.1213970479,
2023-02-07,2491.04,2515.42,2486.963960108757,0.013754941985821834,-0.009832034824554525,0.011714383091232409,-1,0,000001,0.9884212547661525,0.0,1000084.1213970479,1000084.1213970479,
2023-02-08,2520.3,2487.79,2472.4417650127407,-0.010984249151235193,-0.005839326716813864,0.010841567388468438,-1,0,000001,0.9892747115490333,0.0,1000084.1213970479,1000084.1213970479,
2023-02-09,2482.91,2502.42,2459.819899206161,0.005880721443530135,-0.005105020464057142,0.011454233035762075,-1,0,000001,0.9886754806479147,0.0,1000084.1213970479,1000084.1213970479,
2023-02-10,2497.54,2478.04,2450.3199561500546,-0.009742569193021189,-0.0038620482170960146,0.011101919637032774,-1,0,000001,0.9890199796663247,0.0,1000084.1213970479,1000084.1213970479,
2023-02-13,2471.54,2452.03,2433.5043415164946,-0.010496198608577645,-0.00686261995759152,0.010727765755017339,-1,0,000001,0.9893860977025761,0.0,1000084.1213970479,1000084.1213970479,
2023-02-14,2456.91,2474.79,2440.780310978889,0.009282105031341192,0.0029899143133889083,0.012059649376350996,-1,0,000001,0.9880840527692392,0.0,1000084.1213970479,1000084.1213970479,
2023-02-15,2473.16,2427.66,2434.792367229461,-0.019044040100372195,-0.0024532907457887054,0.012191463145275135,-1,0,000001,0.9879553784148787,0.0,1000084.1213970479,1000084.1213970479,
2023-02-16,2429.28,2416.28,2423.79894329071,-0.0046876415972580965,-0.004515138164023491,0.012206167049427265,-1,0,000001,0.9879410267919941,0.0,1000084.1213970479,1000084.1213970479,
2023-02-17,2421.15,2388.65,2414.7384751319883,-0.011434933037561934,-0.0037381269530635253,0.011719700861372945,-1,0,000001,0.9884160594565917,0.0,1000084.1213970479,1000084.1213970479,
2023-02-20,2400.03,2505.67,2392.780715932846,0.048990015280597765,-0.00909322455631234,0.019826587961774837,-1,0,000001,0.9805588634422638,0.0,1000084.1213970479,1000084.1213970479,
2023-02-21,2491.04,2497.54,2467.1102819776534,-0.003244641153863137,0.031064094402745823,0.019348941265996004,-1,0,000001,0.9810183338769497,0.0,1000084.1213970479,1000084.1213970479,
2023-02-22,2481.29,2484.5399999999995,2471.263935599327,-0.005205121839890636,0.0016836108430240415,0.019087136632232618,-1,0,000001,0.9812703585923871,0.0,1000084.1213970479,1000084.1213970479,
2023-02-23,2481.29,2489.42,2453.86379576683,0.001964146280599488,-0.007040988047388397,0.018993692763360166,-1,0,000001,0.9813603431520246,0.0,1000084.1213970479,1000084.1213970479,
2023-02-24,2484.54,2458.54,2465.523376646041,-0.01240449582633707,0.004751519175320462,0.019157713624715272,-1,0,000001,0.981202405311167,0.0,1000084.1213970479,1000084.1213970479,
2023-02-27,2440.66,2430.91,2454.476492433548,-0.01123837724828558,-0.004480543286318528,0.01920157829457176,-1,0,000001,0.9811601760598705,0.0,1000084.1213970479,1000084.1213970479,
2023-02-28,2440.66,2445.53,2416.1454761600494,0.006014208670827026,-0.015616778727220448,0.019039901731701316,-1,0,000001,0.9813158427856005,0.0,1000084.1213970479,1000084.1213970479,
2023-03-01,2448.78,2508.92,2417.2482253360745,0.025920761552710392,0.0004564084352145503,0.01961358168798225,-1,0,000001,0.980763710840815,0.0,1000084.1213970479,1000084.1213970479,
2023-03-02,2502.42,2520.3,2453.1968526458736,0.00453581620777066,0.014871715255805329,0.01940321570602981,-1,0,000001,0.9809661031012236,0.0,1000084.1213970479,1000084.1213970479,
2023-03-03,2538.17,2528.42,2476.3821016597744,0.0032218386699995882,0.009451034876754694,0.01861249490884363,-1,0,000001,0.9817276000423407,0.0,1000084.1213970479,1000084.1213970479,
2023-03-06,2530.05,2456.91,2474.3516594982143,-0.028282484713773925,-0.0008199228060157271,0.014242047448509066,-1,0,000001,0.9859579402329679,0.0,1000084.1213970479,1000084.1213970479,
2023-03-07,2456.91,2430.91,2461.350854692459,-0.010582398215644884,-0.005254226801533868,0.014507194719013333,-1,0,000001,0.985700254473768,0.0,1000084.1213970479,1000084.1213970479,
2023-03-08,2421.15,2404.9000000000005,2454.576075296402,-0.010699696821354632,-0.0027524639094590464,0.014719095777935322,-1,0,000001,0.9854944133414076,0.0,1000084.1213970479,1000084.1213970479,
2023-03-09,2406.53,2351.27,2413.0193604469296,-0.02230030354692525,-0.016930302249627438,0.015745628509485552,-1,0,000001,0.9844984530894898,0.0,1000084.1213970479,1000084.1213970479,
2023-03-10,2318.76,2341.52,2393.016308021545,-0.004146695190258898,-0.008289636110370813,0.015563525153711202,-1,0,000001,0.984674986085823,0.0,1000084.1213970479,1000084.1213970479,
2023-03-13,2338.27,2326.89,2321.802768373489,-0.006248078171444238,-0.029758902774437157,0.015411835086851582,-1,0,000001,0.9848220844446497,0.0,1000084.1213970479,1000084.1213970479,
2023-03-14,2317.14,2297.63,2302.238404664993,-0.012574724202691012,-0.008426367637679011,0.015154262138080694,-1,0,000001,0.9850719612739808,0.0,1000084.1213970479,1000084.1213970479,
2023-03-15,2326.89,2326.89,2284.8952629184723,0.01273486157475312,-0.007533164989072638,0.012376005847201223,-1,0,000001,0.9877752872690374,0.0,1000084.1213970479,1000084.1213970479,
2023-03-16,2300.88,2289.51,2288.7074521446225,-0.016064360584299053,0.0016684306226277812,0.011866160572152888,-1,0,000001,0.9882729939644951,0.0,1000084.1213970479,1000084.1213970479,
2023-03-17,2317.14,2278.13,2271.116401481628,-0.0049704958702954105,-0.007686019742938588,0.011152013560507507,-1,0,000001,0.9889709821956062,0.0,1000084.1213970479,1000084.1213970479,
2023-03-20,2279.76,2248.880000000001,2272.478983311653,-0.01283947799291485,0.000599961247752745,0.00930323860884649,-1,0,000001,0.9907825138640499,0.0,1000084.1213970479,1000084.1213970479,
2023-03-21,2261.88,2270.0,2246.258291401863,0.009391341467752445,-0.01153836497602223,0.010881034815244958,-1,0,000001,0.9892360876893553,0.0,1000084.1213970479,1000084.1213970479,
2023-03-22,2278.13,2284.63,2212.265288076401,0.006444933920704887,-0.015133167657334523,0.011525001049143231,-1,0,000001,0.9886063112259316,0.0,1000084.1213970479,1000084.1213970479,
2023-03-23,2270.0,2302.51,2217.151661920547,0.007826212559582935,0.002208764866710622,0.01039943300519062,-1,0,000001,0.9897076020972616,0.0,1000084.1213970479,1000084.1213970479,
2023-03-24,2294.38,2289.51,2237.525267419815,-0.005646012395168709,0.009189089699718433,0.010443819483456651,-1,0,000001,0.9896641265134408,0.0,1000084.1213970479,1000084.1213970479,
2023-03-27,2286.2600000000007,2253.75,2241.8689146614074,-0.015619062594179667,0.0019412729343617485,0.011238152476626425,-1,0,000001,0.9888867400333906,0.0,1000084.1213970479,1000084.1213970479,
2023-03-28,2263.5,2260.25,2237.521336517334,0.002884082085413242,-0.001939265099596632,0.01085144860351704,-1,0,000001,0.9892650412496237,0.0,1000084.1213970479,1000084.1213970479,
2023-03-29,2274.88,2242.37,2230.562590885162,-0.007910629355159848,-0.0031100242570214487,0.009730159365830856,-1,0,000001,0.990363604300042,0.0,1000084.1213970479,1000084.1213970479,
2023-03-30,2245.62,2266.75,2217.741035232544,0.01087242515731135,-0.005748126371800222,0.009639779504885,-1,0,000001,0.9904522586168185,0.0,1000084.1213970479,1000084.1213970479,
2023-03-31,2268.38,2242.37,2218.6503840065,-0.010755486930627556,0.00041003379542936536,0.01007134307903508,-1,0,000001,0.9900290775022541,0.0,1000084.1213970479,1000084.1213970479,
2023-04-03,2245.62,2265.13,2206.401429815292,0.010149975249401422,-0.005520903284044532,0.009825087999683433,-1,0,000001,0.9902705051434744,0.0,1000084.1213970479,1000084.1213970479,
2023-04-04,2260.2500000000005,2261.88,2213.902639989853,-0.0014347962368606026,0.0033997486011370093,0.009353962544355067,-1,0,000001,0.9907327232155746,0.0,1000084.1213970479,1000084.1213970479,
2023-04-06,2253.75,2250.5,2196.143215670585,-0.005031212973278909,-0.008021772953551998,0.009133316662561418,-1,0,000001,0.9909493458279949,0.0,1000084.1213970479,1000084.1213970479,
2023-04-07,2248.88,2257.0,2198.6646275520325,0.002888247056209714,0.0011481090410934147,0.00869820359892574,-1,0,000001,0.9913768027266316,0.0,1000084.1213970479,1000084.1213970479,
2023-04-10,2260.2500000000005,2266.75,2201.016617536545,0.0043198936641559715,0.001069735672752925,0.008799318700633127,-1,0,000001,0.9912774339380334,0.0,1000084.1213970479,1000084.1213970479,
2023-04-11,2270.0,2244.0,2211.9754495334623,-0.01003639572074555,0.004978986487245596,0.007897039800256533,-1,0,000001,0.992164834811082,0.0,1000084.1213970479,1000084.1213970479,
2023-04-12,2250.5,2234.25,2198.1128598737714,-0.004344919786096302,-0.006267063073694956,0.00789333447970203,-1,0,000001,0.9921684823089173,0.0,1000084.1213970479,1000084.1213970479,
2023-04-13,2222.87,2247.25,2193.635824007988,0.0058185073290812905,-0.00203676341989123,0.00777568510113465,-1,0,000001,0.9922843096771538,0.0,1000084.1213970479,1000084.1213970479,
2023-04-14,2253.75,2268.38,2205.162016263008,0.009402603181666525,0.005254378201191345,0.007563464048953982,-1,0,000001,0.9924933125119884,0.0,1000084.1213970479,1000084.1213970479,
2023-04-17,2263.5,2307.38,2234.56857360363,0.017192886553399234,0.013335327347264947,0.008240818091644548,-1,0,000001,0.9918265379225151,0.0,1000084.1213970479,1000084.1213970479,
2023-04-18,2307.38,2318.76,2265.0774870300293,0.004932000797441383,0.013653156043986758,0.007887862794852584,-1,0,000001,0.992173868655408,0.0,1000084.1213970479,1000084.1213970479,
2023-04-19,2322.01,2294.38,2274.516894187927,-0.010514240369852934,0.0041673661108496685,0.008839691632270849,-1,0,000001,0.9912377638334506,0.0,1000084.1213970479,1000084.1213970479,
2023-04-20,2302.51,2278.13,2261.0273471736905,-0.007082523383223349,-0.00593073063062588,0.009028908107940097,-1,0,000001,0.9910518836126605,0.0,1000084.1213970479,1000084.1213970479,
2023-04-21,2270.0,2237.5,2227.67730846405,-0.01783480310605634,-0.01474994928802098,0.010814636410392004,-1,0,000001,0.9893010686422221,0.0,1000084.1213970479,1000084.1213970479,
2023-04-24,2234.25,2172.49,2211.882287144661,-0.029054748603352,-0.007090354271409027,0.01379354489010017,-1,0,000001,0.9863941283118001,0.0,1000084.1213970479,1000084.1213970479,
2023-04-25,2178.99,2201.74,2181.766463966369,0.013463813412259773,-0.013615472827520514,0.014654651850139892,-1,0,000001,0.9855570052101784,0.0,1000084.1213970479,1000084.1213970479,
2023-04-26,2196.8700000000003,2175.74,2187.065320510864,-0.011808842097613681,0.002428700152839358,0.014984906094885161,-1,0,000001,0.9852363261710569,0.0,1000084.1213970479,1000084.1213970479,
2023-04-27,2165.99,2198.49,2165.102189078331,0.010456212598931813,-0.010042284163420678,0.015340186600220886,-1,0,000001,0.9848915793911533,0.0,1000084.1213970479,1000084.1213970479,
2023-04-28,2198.49,2245.62,2165.77411134243,0.021437441152791337,0.0003103420556722636,0.01674893935214758,-1,0,000001,0.9835269664871058,0.0,1000084.1213970479,1000084.1213970479,
2023-05-04,2221.25,2274.88,2199.1347634887693,0.013029809139569526,0.015403569546623253,0.016295372572043595,-1,0,000001,0.9839659089160239,0.0,1000084.1213970479,1000084.1213970479,
2023-05-05,2283.01,2304.13,2226.7891865634915,0.012857821071880604,0.012575137974196071,0.016816455144979457,-1,0,000001,0.9834616610894817,0.0,1000084.1213970479,1000084.1213970479,
2023-05-08,2309.01,2370.77,2250.4964594268795,0.0289219792286024,0.010646393024736467,0.018724255272525924,-1,0,000001,0.9816198984409997,0.0,1000084.1213970479,1000084.1213970479,
2023-05-09,2383.77,2344.77,2313.680213546753,-0.010966901049026312,0.028075473682799723,0.019004956452008153,-1,0,000001,0.9813494955724456,0.0,1000084.1213970479,1000084.1213970479,
2023-05-10,2346.39,2292.76,2332.984351511001,-0.022181280040259765,0.008343477137082722,0.01957677246712757,-1,0,000001,0.9807991188149995,0.0,1000084.1213970479,1000084.1213970479,
2023-05-11,2310.64,2294.38,2288.2210684776305,0.0007065719918351032,-0.01918713385470361,0.016197784851709047,-1,0,000001,0.9840604013380401,0.0,1000084.1213970479,1000084.1213970479,
2023-05-12,2289.51,2257.0,2257.569725351333,-0.016291983019377843,-0.01339527178931621,0.017287428150275477,-1,0,000001,0.9830063483810971,0.0,1000084.1213970479,1000084.1213970479,
2023-05-15,2266.75,2291.13,2237.5897342205044,0.015121843154630055,-0.008850221061375785,0.01688354210507474,-1,0,000001,0.9833967790745007,0.0,1000084.1213970479,1000084.1213970479,
2023-05-16,2286.2600000000007,2257.0,2246.108917107582,-0.014896579417143507,0.003807303348236646,0.01789782376546515,-1,0,000001,0.9824168758910825,0.0,1000084.1213970479,1000084.1213970479,
2023-05-17,2250.5,2235.87,2244.8207603645324,-0.009361984935755463,-0.0005735059120410835,0.01695444425118045,-1,0,000001,0.9833282165715254,0.0,1000084.1213970479,1000084.1213970479,
2023-05-18,2248.88,2235.87,2231.9534752130508,0.0,-0.005731987773220704,0.016303881686742187,-1,0,000001,0.9839576705545167,0.0,1000084.1213970479,1000084.1213970479,
2023-05-19,2226.12,2211.49,2211.97047039032,-0.010904032882054882,-0.008953145773266336,0.01568081892164852,-1,0,000001,0.9845612729614243,0.0,1000084.1213970479,1000084.1213970479,
2023-05-22,2206.62,2217.99,2199.827650566101,0.0029391948414869695,-0.00548959400080784,0.011108280806055084,-1,0,000001,0.9890137574610707,0.0,1000084.1213970479,1000084.1213970479,
2023-05-23,2217.99,2190.3699999999994,2187.918588409424,-0.012452716197999258,-0.005413634178846882,0.011183111307159151,-1,0,000001,0.9889405675568466,0.0,1000084.1213970479,1000084.1213970479,
2023-05-24,2188.74,2157.86,2171.4988156557083,-0.014842241265174083,-0.007504745761885312,0.010259244264025951,-1,0,000001,0.9898449389874182,0.0,1000084.1213970479,1000084.1213970479,
2023-05-25,2154.6100000000006,2144.86,2156.167378768921,-0.006024487223452835,-0.0070603017493048315,0.009987686534770508,-1,0,000001,0.9901110808894731,0.0,1000084.1213970479,1000084.1213970479,
2023-05-26,2144.86,2172.49,2138.3268468284605,0.012881959661702691,-0.008274186928218352,0.011067697708798839,-1,0,000001,0.9890534553384708,0.0,1000084.1213970479,1000084.1213970479,
2023-05-29,2174.11,2152.98,2125.012749094963,-0.008980478621305354,-0.006226409097956576,0.00891550729368859,-1,0,000001,0.9911632765784287,0.0,1000084.1213970479,1000084.1213970479,
2023-05-30,2152.98,2135.11,2127.441522707939,-0.008300123549684568,0.0011429454312734677,0.008428338392194834,-1,0,000001,0.9916421047769912,0.0,1000084.1213970479,1000084.1213970479,
2023-05-31,2126.98,2091.22,2130.365196943283,-0.020556317941464508,0.0013742677315156104,0.009652161057743778,-1,0,000001,0.9904401125159462,0.0,1000084.1213970479,1000084.1213970479,
2023-06-01,2091.2200000000003,2089.5999999999995,2115.7347709989544,-0.0007746674190187708,-0.006867567103199468,0.009596037027513125,-1,0,000001,0.9904951716572044,0.0,1000084.1213970479,1000084.1213970479,
2023-06-02,2104.23,2144.86,2098.5024807024,0.026445252679939024,-0.008144825397191968,0.014024962742738272,-1,0,000001,0.9861690162885108,0.0,1000084.1213970479,1000084.1213970479,
2023-06-05,2136.73,2141.61,2116.5783426713942,-0.0015152504126143551,0.008613695783168174,0.013886609213439125,-1,0,000001,0.9863035875143749,0.0,1000084.1213970479,1000084.1213970479,
2023-06-06,2141.61,2130.23,2114.06675804615,-0.005313759274564567,-0.0011866249288341457,0.013549602618026433,-1,0,000001,0.9866315347734068,0.0,1000084.1213970479,1000084.1213970479,
2023-06-07,2138.3600000000006,2146.48,2109.703063201904,0.0076282842697736886,-0.002064123485049696,0.013169759925959559,-1,0,000001,0.9870014281447544,0.0,1000084.1213970479,1000084.1213970479,
2023-06-08,2149.73,2175.74,2110.2708165502545,0.013631620140881706,0.0002691152884277681,0.013701588483612644,-1,0,000001,0.9864836075633375,0.0,1000084.1213970479,1000084.1213970479,
2023-06-09,2165.99,2136.73,2131.967825884819,-0.01792953202128922,0.010281623175755872,0.01431210655625908,-1,0,000001,0.985889839563435,0.0,1000084.1213970479,1000084.1213970479,
2023-06-12,2126.98,2122.1,2127.025895285606,-0.006846910933997363,-0.002318013686328446,0.014204803508133947,-1,0,000001,0.9859941468833519,0.0,1000084.1213970479,1000084.1213970479,
2023-06-13,2117.2300000000005,2118.85,2114.826077375412,-0.0015315018142406656,-0.0057356226537882415,0.013996736916788299,-1,0,000001,0.9861964674961898,0.0,1000084.1213970479,1000084.1213970479,
2023-06-14,2129.42,2116.42,2106.144941306114,-0.0011468485263231853,-0.004104893618519845,0.01215872118500727,-1,0,000001,0.9879873374298725,0.0,1000084.1213970479,1000084.1213970479,
2023-06-15,2119.6700000000005,2139.17,2111.28433423996,0.010749284168548812,0.00244018957719927,0.012485678022666065,-1,0,000001,0.987668291716432,0.0,1000084.1213970479,1000084.1213970479,
2023-06-16,2139.17,2142.42,2108.32305437088,0.0015192808425696924,-0.0014025964296021654,0.00921563375003196,-1,0,000001,0.9908685186377973,0.0,1000084.1213970479,1000084.1213970479,
2023-06-19,2142.42,2113.16,2109.3122004652023,-0.01365745278703534,0.00046916249019401945,0.010176244620069243,-1,0,000001,0.9899262681395794,0.0,1000084.1213970479,1000084.1213970479,
2023-06-20,2111.54,2098.54,2101.308358893394,-0.006918548524484591,-0.0037945267514419845,0.010259070603927632,-1,0,000001,0.9898451091383967,0.0,1000084.1213970479,1000084.1213970479,
2023-06-21,2098.5400000000004,2096.91,2089.903107404709,-0.000776730488816102,-0.005427690534049789,0.009765053777550934,-1,0,000001,0.9903293803434575,0.0,1000084.1213970479,1000084.1213970479,
2023-06-26,2088.79,2069.28,2074.0510879993435,-0.013176531181595563,-0.007585049923702347,0.00850697752151273,-1,0,000001,0.991564780699466,0.0,1000084.1213970479,1000084.1213970479,
2023-06-27,2072.5300000000007,2085.53,2039.050987458229,0.007852973014768505,-0.0168752354961883,0.008037435258623554,-1,0,000001,0.99202665002559,0.0,1000084.1213970479,1000084.1213970479,
2023-06-28,2085.5300000000007,2088.79,2049.8698793268204,0.0015631518127285915,0.005305846658634872,0.007959265821274859,-1,0,000001,0.9921035838538677,0.0,1000084.1213970479,1000084.1213970479,
2023-06-29,2087.16,2069.28,2046.9112200593947,-0.00934033579249216,-0.0014433400369769922,0.00833136384296234,-1,0,000001,0.9917374742651962,0.0,1000084.1213970479,1000084.1213970479,
2023-06-30,2069.2800000000007,2077.41,2033.193680701256,0.003928902806773271,-0.00670158003127308,0.008563063715269978,-1,0,000001,0.9915096397802572,0.0,1000084.1213970479,1000084.1213970479,
2023-07-03,2079.03,2119.67,2030.488433613777,0.0203426381888987,-0.0013305407709834904,0.010456440768449902,-1,0,000001,0.9896517649385282,0.0,1000084.1213970479,1000084.1213970479,
2023-07-04,2114.7900000000004,2105.04,2082.676536283493,-0.006902017766916568,0.02570224080362471,0.010581335947027268,-1,0,000001,0.9895294563924324,0.0,1000084.1213970479,1000084.1213970479,
2023-07-05,2098.5400000000004,2095.29,2072.3839922571183,-0.004631740964542219,-0.004941979153777587,0.009805336740499423,-1,0,000001,0.9902898743116674,0.0,1000084.1213970479,1000084.1213970479,
2023-07-06,2088.79,2079.03,2055.1081999731064,-0.007760262302592857,-0.008336192688496946,0.009867058665192226,-1,0,000001,0.9902293489221895,0.0,1000084.1213970479,1000084.1213970479,
2023-07-07,2072.5300000000007,2072.53,2044.5284380054472,-0.0031264580116688867,-0.0051480316062179066,0.009892008194466183,-1,0,000001,0.9902048851617792,0.0,1000084.1213970479,1000084.1213970479,
2023-07-10,2080.66,2072.53,2029.197394208908,0.0,-0.007498572047985541,0.008940107606087162,-1,0,000001,0.9911391097066214,0.0,1000084.1213970479,1000084.1213970479,
2023-07-11,2075.78,2074.16,2031.2655730342865,0.0007864783621949201,0.0010192102706620965,0.008537555992255572,-1,0,000001,0.991534716836741,0.0,1000084.1213970479,1000084.1213970479,
2023-07-12,2077.4100000000003,2079.03,2042.7115748786923,0.0023479384425504346,0.005634911552854227,0.008562341631622254,-1,0,000001,0.9915103496549649,0.0,1000084.1213970479,1000084.1213970479,
2023-07-13,2092.04,2109.9099999999994,2054.5135854578016,0.01485308052312817,0.005777619671935463,0.009163544988579658,-1,0,000001,0.990919663087232,0.0,1000084.1213970479,1000084.1213970479,
2023-07-14,2109.9100000000003,2114.79,2083.0337242889404,0.0023128948628143853,0.013881698827892475,0.009139650624925512,-1,0,000001,0.9909431260388335,0.0,1000084.1213970479,1000084.1213970479,
2023-07-17,2106.6600000000003,2090.41,2093.687780313492,-0.011528331418249604,0.005114682446242469,0.0073443600756798785,-1,0,000001,0.9927091862854841,0.0,1000084.1213970479,1000084.1213970479,
2023-07-18,2087.16,2080.66,2060.022745285034,-0.004664156792208218,-0.016079300526565254,0.007189351569960779,-1,0,000001,0.992861966264085,0.0,1000084.1213970479,1000084.1213970479,
2023-07-19,2077.4100000000003,2090.41,2048.287691078186,0.0046860130919996745,-0.005696565357691807,0.007289785681575049,-1,0,000001,0.9927629707109137,0.0,1000084.1213970479,1000084.1213970479,
2023-07-20,2093.6600000000003,2092.04,2054.1849620103835,0.0007797513406462286,0.002879122380066157,0.006789996310284613,-1,0,000001,0.9932557968045284,0.0,1000084.1213970479,1000084.1213970479,
2023-07-21,2090.41,2095.29,2054.0684762668607,0.001553507581117053,-5.6706550615959195e-05,0.006661250656550759,-1,0,000001,0.9933828279848795,0.0,1000084.1213970479,1000084.1213970479,
2023-07-24,2093.6600000000003,2082.28,2039.2633872222896,-0.0062091643638827465,-0.0072076901114214165,0.007054287786737559,-1,0,000001,0.9929951266060926,0.0,1000084.1213970479,1000084.1213970479,
2023-07-25,2113.16,2157.05,2045.994926691055,0.035907754960908145,0.0033009661777603228,0.01324436705158404,-1,0,000001,0.986928753337042,0.0,1000084.1213970479,1000084.1213970479,
2023-07-26,2145.67,2148.92,2138.389086117744,-0.00376903641547488,0.0451585476685985,0.013468705595190946,-1,0,000001,0.9867102896016103,0.0,1000084.1213970479,1000084.1213970479,
2023-07-27,2150.55,2161.92,2137.5186532783505,0.006049550471864951,-0.00040705073040447903,0.012912587917186993,-1,0,000001,0.9872520214762671,0.0,1000084.1213970479,1000084.1213970479,
2023-07-28,2152.1700000000005,2244.81,2142.606682419777,0.03834091918294846,0.0023803437381109127,0.017173924228679457,-1,0,000001,0.9831160396274389,0.0,1000084.1213970479,1000084.1213970479,
2023-07-31,2251.31,2254.56,2208.6609125614164,0.004343351998610023,0.030828910729915338,0.01605948578807501,-1,0,000001,0.9841943449052898,0.0,1000084.1213970479,1000084.1213970479,
2023-08-01,2244.81,2228.56,2228.392208595276,-0.011532183663331197,0.008933601315458173,0.016777884548743256,-1,0,000001,0.9834989678633801,0.0,1000084.1213970479,1000084.1213970479,
2023-08-02,2212.3099999999995,2207.43,2197.4411996698377,-0.009481458879276317,-0.013889390209701369,0.017575599417556438,-1,0,000001,0.9827279669170366,0.0,1000084.1213970479,1000084.1213970479,
2023-08-03,2200.93,2256.19,2178.7158215808868,0.02208903566591025,-0.008521446713461334,0.018206936037720556,-1,0,000001,0.9821186289414099,0.0,1000084.1213970479,1000084.1213970479,
2023-08-04,2270.82,2251.31,2203.15057346344,-0.0021629384050102507,0.011215208353709594,0.018384071948830603,-1,0,000001,0.9819478009768456,0.0,1000084.1213970479,1000084.1213970479,
2023-08-07,2236.69,2228.56,2222.444753141403,-0.010105227623028346,0.0087575401837523,0.018741344974673686,-1,0,000001,0.9816034314626354,0.0,1000084.1213970479,1000084.1213970479,
2023-08-08,2222.06,2218.81,2199.643291239738,-0.00437502243601251,-0.010259630467499892,0.015951401030892428,-1,0,000001,0.9842990511015524,0.0,1000084.1213970479,1000084.1213970479,
2023-08-09,2212.3099999999995,2230.18,2187.035707712173,0.005124368467782192,-0.0057316491168253325,0.01578283574923126,-1,0,000001,0.984462391769408,0.0,1000084.1213970479,1000084.1213970479,
2023-08-10,2226.93,2228.56,2189.2406819438934,-0.0007263987660188764,0.0010082022090196485,0.01582231595036751,-1,0,000001,0.9844241303799626,0.0,1000084.1213970479,1000084.1213970479,
2023-08-11,2230.18,2184.68,2188.0657351922987,-0.01968984456330547,-0.0005366914479916218,0.011545944685428302,-1,0,000001,0.9885858425451759,0.0,1000084.1213970479,1000084.1213970479,
2023-08-14,2163.55,2148.92,2190.348803353309,-0.0163685299448888,0.0010434184514158673,0.012000485352579623,-1,0,000001,0.9881418185798609,0.0,1000084.1213970479,1000084.1213970479,
2023-08-15,2152.1700000000005,2158.67,2158.144491686821,0.004537162853898602,-0.014702823412045207,0.012063085554958511,-1,0,000001,0.9880806980047653,0.0,1000084.1213970479,1000084.1213970479,
2023-08-16,2148.9200000000005,2158.67,2156.282816271782,0.0,-0.0008626277907758384,0.011878368327493661,-1,0,000001,0.988261070994998,0.0,1000084.1213970479,1000084.1213970479,
2023-08-17,2148.9200000000005,2132.67,2148.366109704971,-0.012044453297632374,-0.0036714602124867657,0.00857975353131437,-1,0,000001,0.9914932324377183,0.0,1000084.1213970479,1000084.1213970479,
2023-08-18,2134.29,2131.0399999999995,2122.1540657806395,-0.0007643001495780677,-0.012200920413854122,0.008652755608649698,-1,0,000001,0.991421472295063,0.0,1000084.1213970479,1000084.1213970479,
2023-08-21,2131.0400000000004,2092.04,2120.5122588443755,-0.018300923492754473,-0.0007736511513173339,0.009491128055124174,-1,0,000001,0.9905981065198565,0.0,1000084.1213970479,1000084.1213970479,
2023-08-22,2101.79,2100.16,2110.372495894432,0.0038813789411291655,-0.004781751629895914,0.010017896925163545,-1,0,000001,0.9900814659268301,0.0,1000084.1213970479,1000084.1213970479,
2023-08-23,2096.91,2080.66,2108.0814348983763,-0.009285006856620481,-0.0010856192451867974,0.009343917640874692,-1,0,000001,0.9907425829020557,0.0,1000084.1213970479,1000084.1213970479,
2023-08-24,2087.16,2061.1599999999994,2068.9960784387586,-0.009372026183999571,-0.01854072419242281,0.009108698244093445,-1,0,000001,0.9909735212272541,0.0,1000084.1213970479,1000084.1213970479,
2023-08-25,2056.2800000000007,2077.41,2074.1211890935897,0.007883910031244667,0.002477100226646378,0.009261798001451122,-1,0,000001,0.9908231957062168,0.0,1000084.1213970479,1000084.1213970479,
2023-08-28,2176.55,2124.5399999999995,2080.0539691782,0.02268690340375734,0.0028603825638573444,0.011811061072401156,-1,0,000001,0.9883268116678989,0.0,1000084.1213970479,1000084.1213970479,
2023-08-29,2116.42,2090.41,2142.2565700387954,-0.01606465399568835,0.02990432064855053,0.01249954501684456,-1,0,000001,0.9876547648062038,0.0,1000084.1213970479,1000084.1213970479,
2023-08-30,2083.91,2061.1599999999994,2133.8781134605406,-0.013992470376624877,-0.003911042540578169,0.012886442097362819,-1,0,000001,0.9872775055901832,0.0,1000084.1213970479,1000084.1213970479,
2023-08-31,2062.78,2061.1599999999994,2097.4244962120056,0.0,-0.017083270604157264,0.012667820531482486,-1,0,000001,0.9874906457234575,0.0,1000084.1213970479,1000084.1213970479,
2023-09-01,2070.91,2092.04,2077.685600433349,0.014981854877835987,-0.009411016136364081,0.013937542387067412,-1,0,000001,0.9862540424785389,0.0,1000084.1213970479,1000084.1213970479,
2023-09-04,2096.91,2131.0399999999995,2101.847809743881,0.018642090973403747,0.011629386710622747,0.013961535213320695,-1,0,000001,0.9862307052797783,0.0,1000084.1213970479,1000084.1213970479,
2023-09-05,2121.29,2103.4099999999994,2128.5897393226624,-0.012965500412943975,0.012723057042859809,0.014697752453498253,-1,0,000001,0.9855151423978621,0.0,1000084.1213970479,1000084.1213970479,
2023-09-06,2093.6600000000003,2109.9099999999994,2111.6770313978195,0.0030902201663014495,-0.007945499131375433,0.014321754386282923,-1,0,000001,0.9858804621666145,0.0,1000084.1213970479,1000084.1213970479,
2023-09-07,2105.04,2093.66,2101.653492131233,-0.007701750311624456,-0.0047467198428309265,0.014190148178498516,-1,0,000001,0.9860083947729287,0.0,1000084.1213970479,1000084.1213970479,
2023-09-08,2085.5300000000007,2083.91,2081.0229366397857,-0.004656916595817795,-0.00981634487735017,0.014132637888208696,-1,0,000001,0.9860643101698827,0.0,1000084.1213970479,1000084.1213970479,
2023-09-11,2088.79,2095.29,2074.414696478844,0.00546088842608361,-0.0031754768506359055,0.012004092776746578,-1,0,000001,0.9881382962159672,0.0,1000084.1213970479,1000084.1213970479,
2023-09-12,2096.91,2085.53,2072.9906615400314,-0.0046580664251725246,-0.0006864755351133622,0.010942401024790974,-1,0,000001,0.9891760390960962,0.0,1000084.1213970479,1000084.1213970479,
2023-09-13,2087.16,2080.66,2069.251325039864,-0.0023351378306715187,-0.0018038366354191648,0.009876433149893116,-1,0,000001,0.9902201568175152,0.0,1000084.1213970479,1000084.1213970479,
2023-09-14,2085.5300000000007,2087.16,2064.9040089559558,0.003124008727999783,-0.0021009125529130035,0.009891184492011096,-1,0,000001,0.9902056928074023,0.0,1000084.1213970479,1000084.1213970479,
2023-09-15,2096.91,2075.78,2059.005558753013,-0.005452385059123266,-0.0028565251349990106,0.008800825006383566,-1,0,000001,0.9912759537975915,0.0,1000084.1213970479,1000084.1213970479,
2023-09-18,2075.78,2077.41,2053.4780547142027,0.0007852469914921834,-0.0026845503234861345,0.005692853783607752,-1,0,000001,0.9943393713476334,0.0,1000084.1213970479,1000084.1213970479,
2023-09-19,2075.78,2074.16,2061.8044923496245,-0.001564448038663513,0.004054797477044625,0.004355493293730554,-1,0,000001,0.995663394761304,0.0,1000084.1213970479,1000084.1213970479,
2023-09-20,2072.5300000000007,2064.41,2056.43435544014,-0.004700698113935253,-0.002604581049954424,0.004157167970455161,-1,0,000001,0.995860042528146,0.0,1000084.1213970479,1000084.1213970479,
2023-09-21,2062.78,2048.15,2042.6828792905808,-0.007876342393225988,-0.006687048440510934,0.004183266526315598,-1,0,000001,0.9958341602914911,0.0,1000084.1213970479,1000084.1213970479,
2023-09-22,2044.9000000000003,2079.03,2023.3123090744016,0.015077020726021129,-0.009482906236971345,0.006753729514925818,-1,0,000001,0.9932915773570763,0.0,1000084.1213970479,1000084.1213970479,
2023-09-25,2079.03,2075.78,2036.600593881607,-0.0015632290058344989,0.006567589564699716,0.006456677174090512,-1,0,000001,0.9935847440624871,0.0,1000084.1213970479,1000084.1213970479,
2023-09-26,2075.78,2066.03,2051.6762600469588,-0.0046970295503376835,0.007402367558294154,0.006459197243585162,-1,0,000001,0.9935822562292885,0.0,1000084.1213970479,1000084.1213970479,
2023-09-27,2064.4100000000003,2067.6599999999994,2031.827036938667,0.0007889527257587403,-0.009674637024769894,0.006458713682257123,-1,0,000001,0.9935827336040173,0.0,1000084.1213970479,1000084.1213970479,
2023-09-28,2070.91,2072.53,2034.225018482208,0.002355319539963485,0.0011802094863122559,0.00641378113266555,-1,0,000001,0.9936270932961122,0.0,1000084.1213970479,1000084.1213970479,
2023-10-09,2066.03,2057.91,2039.663946185112,-0.007054180156620293,0.002673709964968518,0.006564314197396393,-1,0,000001,0.9934784950103953,0.0,1000084.1213970479,1000084.1213970479,
2023-10-10,2070.91,2043.28,2024.693628206253,-0.007109154433381337,-0.007339600235057753,0.00681634248197632,-1,0,000001,0.9932298054825245,0.0,1000084.1213970479,1000084.1213970479,
2023-10-11,2054.65,2036.78,2030.8445733785627,-0.003181159704005343,0.0030379634165980107,0.006833650305255465,-1,0,000001,0.9932127315141049,0.0,1000084.1213970479,1000084.1213970479,
2023-10-12,2057.91,2057.91,2025.162453842163,0.01037421812861461,-0.0027979096041539364,0.007726161367123805,-1,0,000001,0.9923330745361992,0.0,1000084.1213970479,1000084.1213970479,
2023-10-13,2044.9000000000003,2040.03,2037.9703823661805,-0.008688426607577515,0.006324395605754152,0.007818493014195665,-1,0,000001,0.9922421615912088,0.0,1000084.1213970479,1000084.1213970479,
2023-10-16,2040.03,2041.65,2028.9760843992235,0.0007941059690299568,-0.004413360490800766,0.005700981257704971,-1,0,000001,0.9943313356912754,0.0,1000084.1213970479,1000084.1213970479,
2023-10-17,2041.65,2043.28,2018.9266011762616,0.0007983738642762805,-0.0049529825906931,0.005760394316418038,-1,0,000001,0.994272597778785,0.0,1000084.1213970479,1000084.1213970479,
2023-10-18,2038.4,2031.9,2015.8872273778916,-0.00556947652793538,-0.0015054404635608254,0.005819457816796173,-1,0,000001,0.9942142123304835,0.0,1000084.1213970479,1000084.1213970479,
2023-10-19,2025.4,1975.02,2015.1332802820205,-0.027993503617304016,-0.000374002615638247,0.01005558366665101,-1,0,000001,0.9900445244506766,0.0,1000084.1213970479,1000084.1213970479,
2023-10-20,1966.8900000000003,1975.02,2006.326355333328,0.0,-0.004370393281113438,0.009902882241670938,-1,0,000001,0.9901942232111571,0.0,1000084.1213970479,1000084.1213970479,
2023-10-23,1973.39,1958.76,1966.5259677124025,-0.008232828021994765,-0.019837444449217312,0.009940127190115966,-1,0,000001,0.9901577064595188,0.0,1000084.1213970479,1000084.1213970479,
2023-10-24,1965.26,1966.89,1948.203769187927,0.004150585064020218,-0.009317038689191093,0.010291188251702617,-1,0,000001,0.9898136414814114,0.0,1000084.1213970479,1000084.1213970479,
2023-10-25,1960.39,1939.26,1956.9404620122907,-0.014047557311288483,0.00448448615208541,0.010785693655401541,-1,0,000001,0.9893293962082148,0.0,1000084.1213970479,1000084.1213970479,
2023-10-26,1927.88,1944.14,1954.225649728775,0.0025164237905181963,-0.0013872738267797224,0.009794714738889782,-1,0,000001,0.9903002911424206,0.0,1000084.1213970479,1000084.1213970479,
2023-10-27,1939.26,1950.64,1940.6382232427595,0.0033433806207372463,-0.00695284420604203,0.010110788689119058,-1,0,000001,0.9899904160985744,0.0,1000084.1213970479,1000084.1213970479,
2023-10-30,1942.51,1950.64,1943.6698662662504,0.0,0.0015621886589582967,0.010068280434164556,-1,0,000001,0.9900320793859235,0.0,1000084.1213970479,1000084.1213970479,
2023-10-31,1947.39,1952.26,1944.5110793972012,0.0008304966575072292,0.0004327963022685566,0.010070164879125553,-1,0,000001,0.9900302323251666,0.0,1000084.1213970479,1000084.1213970479,
2023-11-01,1966.8900000000003,1955.51,1941.787619128227,0.0016647372788460846,-0.0014005887124173277,0.010243178728584683,-1,0,000001,0.9898606801369588,0.0,1000084.1213970479,1000084.1213970479,
2023-11-02,1958.76,1955.51,1924.3730659866333,0.0,-0.008968309906833283,0.005713120771417106,-1,0,000001,0.9943193335620052,0.0,1000084.1213970479,1000084.1213970479,
2023-11-03,1957.14,1955.51,1932.297241268158,0.0,0.0041177957754579,0.005713120771417106,-1,0,000001,0.9943193335620052,0.0,1000084.1213970479,1000084.1213970479,
2023-11-06,1960.39,1989.6400000000003,1929.8477649021147,0.01745324749042476,-0.0012676498800130442,0.007563301294963649,-1,0,000001,0.9924934728316891,0.0,1000084.1213970479,1000084.1213970479,
2023-11-07,1984.77,1975.02,1970.3068407487867,-0.007348062966164859,0.02096490540989593,0.007992831785558157,-1,0,000001,0.9920705469984348,0.0,1000084.1213970479,1000084.1213970479,
2023-11-08,1971.77,1958.76,1958.53889799118,-0.008232828021994765,-0.005972644724277831,0.006967392558588721,-1,0,000001,0.9930808161117458,0.0,1000084.1213970479,1000084.1213970479,
2023-11-09,1952.26,1957.14,1964.3993494701383,-0.0008270538503950542,0.0029922568732074772,0.006967972683761396,-1,0,000001,0.9930802439871146,0.0,1000084.1213970479,1000084.1213970479,
2023-11-10,1950.6400000000003,1926.26,1943.3367877960204,-0.015778125223540496,-0.01072213838789915,0.008592682969588244,-1,0,000001,0.9914805222021948,0.0,1000084.1213970479,1000084.1213970479,
2023-11-13,1927.88,1918.13,1931.5408046007155,-0.004220614039641579,-0.006069963410039181,0.008629471481473042,-1,0,000001,0.9914443591770147,0.0,1000084.1213970479,1000084.1213970479,
2023-11-14,1916.51,1921.38,1913.280452275276,0.0016943585679802808,-0.009453775080467075,0.00866128054328816,-1,0,000001,0.9914130930666606,0.0,1000084.1213970479,1000084.1213970479,
2023-11-15,1937.6300000000008,1937.63,1915.1305970430371,0.008457462865232301,0.0009670013434575075,0.00919232081183127,-1,0,000001,0.9908914082853538,0.0,1000084.1213970479,1000084.1213970479,
2023-11-16,1939.26,1916.51,1925.873622493744,-0.01089991381223454,0.005609552407179974,0.009708122583128326,-1,0,000001,0.9903852188904927,0.0,1000084.1213970479,1000084.1213970479,
2023-11-17,1913.26,1901.88,1911.1104630756377,-0.007633667447599968,-0.0076656948024399485,0.009835284572099562,-1,0,000001,0.9902605061217811,0.0,1000084.1213970479,1000084.1213970479,
2023-11-20,1901.8800000000003,1908.38,1898.9823186206816,0.003417670936126438,-0.006346124250420249,0.007312297410875009,-1,0,000001,0.9927407841345033,0.0,1000084.1213970479,1000084.1213970479,
2023-11-21,1914.8800000000003,1923.01,1891.702811346054,0.007666188075750036,-0.003833372856212325,0.008080780435010098,-1,0,000001,0.9919839951402277,0.0,1000084.1213970479,1000084.1213970479,
2023-11-22,1919.76,1903.5,1904.086988582611,-0.01014555306524667,0.006546576535320092,0.00824887530436716,-1,0,000001,0.9918186119455109,0.0,1000084.1213970479,1000084.1213970479,
2023-11-23,1901.8800000000003,1901.88,1894.446188187599,-0.0008510638297871687,-0.005063214261123883,0.008248231993709278,-1,0,000001,0.9918192447732843,0.0,1000084.1213970479,1000084.1213970479,
2023-11-24,1895.38,1893.75,1887.4139346790312,-0.004274717647801185,-0.0037120365584496495,0.006940099977928631,-1,0,000001,0.9931077330438219,0.0,1000084.1213970479,1000084.1213970479,
2023-11-27,1892.13,1879.12,1861.7475000190732,-0.00772541254125414,-0.013598731146553078,0.007167487831545106,-1,0,000001,0.9928835194561564,0.0,1000084.1213970479,1000084.1213970479,
2023-11-28,1875.87,1869.37,1868.339099359512,-0.005188598918642762,0.0035405442147076194,0.0071003262366737515,-1,0,000001,0.9929497329593704,0.0,1000084.1213970479,1000084.1213970479,
2023-11-29,1869.37,1831.99,1864.373866996765,-0.01999604144711853,-0.00212233012952856,0.007791910878673281,-1,0,000001,0.9922683335770381,0.0,1000084.1213970479,1000084.1213970479,
2023-11-30,1827.12,1825.49,1855.249063067436,-0.003548054301606429,-0.0048942994164725695,0.0075762705662777135,-1,0,000001,0.9924806977023987,0.0,1000084.1213970479,1000084.1213970479,
2023-12-01,1820.62,1822.24,1841.4172654771803,-0.0017803439076631289,-0.007455493639967892,0.007561512941247838,-1,0,000001,0.9924952344406502,0.0,1000084.1213970479,1000084.1213970479,
2023-12-04,1823.87,1817.3599999999997,1823.274578166008,-0.0026780226534377505,-0.00985256717817884,0.007107435812801495,-1,0,000001,0.9929427233281567,0.0,1000084.1213970479,1000084.1213970479,
2023-12-05,1814.11,1792.99,1808.699971036911,-0.013409561121626834,-0.007993643581515553,0.00602533599048749,-1,0,000001,0.9940107512455884,0.0,1000084.1213970479,1000084.1213970479,
2023-12-06,1786.48,1796.24,1783.254911701679,0.0018126146827366352,-0.014068148251611068,0.006491421820682442,-1,0,000001,0.9935504449616274,0.0,1000084.1213970479,1000084.1213970479,
2023-12-07,1794.61,1786.48,1784.7286070418356,-0.005433572351133509,0.0008264075598425347,0.0062638295805359555,-1,0,000001,0.9937751617454569,0.0,1000084.1213970479,1000084.1213970479,
2023-12-08,1781.61,1763.73,1773.5825985717772,-0.012734539429492653,-0.0062452119756923885,0.006536917030047082,-1,0,000001,0.9935055367374548,0.0,1000084.1213970479,1000084.1213970479,
2023-12-11,1750.73,1771.86,1759.570962193012,0.004609549080641484,-0.007900188234846506,0.0074929831708309205,-1,0,000001,0.992562744062744,0.0,1000084.1213970479,1000084.1213970479,
2023-12-12,1765.36,1783.23,1752.7520911741256,0.006416985540618425,-0.003875303221864912,0.008442745517585204,-1,0,000001,0.9916279376740897,0.0,1000084.1213970479,1000084.1213970479,
2023-12-13,1776.73,1740.98,1764.0015478944777,-0.02369296164824508,0.006418167621649484,0.009232238587811576,-1,0,000001,0.9908522159372058,0.0,1000084.1213970479,1000084.1213970479,
2023-12-14,1749.1,1739.35,1749.5157136464118,-0.0009362542935588136,-0.008211916971023192,0.009315820126380814,-1,0,000001,0.9907701633714467,0.0,1000084.1213970479,1000084.1213970479,
2023-12-15,1747.48,1749.1,1735.227014157772,0.005605542300284538,-0.008167231295601707,0.009857346530905935,-1,0,000001,0.9902388722874886,0.0,1000084.1213970479,1000084.1213970479,
2023-12-18,1744.23,1736.1,1742.5617506122587,-0.007432393802527026,0.004226960734614149,0.0098987105250568,-1,0,000001,0.9901983135319479,0.0,1000084.1213970479,1000084.1213970479,
2023-12-19,1734.48,1731.22,1731.806735908985,-0.0028108979897470965,-0.006171956144162327,0.00939569837575645,-1,0,000001,0.9906917590486315,0.0,1000084.1213970479,1000084.1213970479,
2023-12-20,1732.85,1719.85,1724.9950060296055,-0.00656762283245349,-0.0039333083410165726,0.009245738794615816,-1,0,000001,0.9908389617719283,0.0,1000084.1213970479,1000084.1213970479,
2023-12-21,1716.6,1742.6,1715.3137173390387,0.013227897781783238,-0.005612357517979172,0.010751647846343155,-1,0,000001,0.9893627204375554,0.0,1000084.1213970479,1000084.1213970479,
2023-12-22,1745.85,1747.4800000000002,1733.8469398117063,0.0028004131757146666,0.010804567284297129,0.010206029017373382,-1,0,000001,0.9898970816603612,0.0,1000084.1213970479,1000084.1213970479,
2023-12-25,1744.23,1745.85,1736.5886132621763,-0.0009327717627671817,0.0015812661357337277,0.01002378068480332,-1,0,000001,0.9900756983385013,0.0,1000084.1213970479,1000084.1213970479,
2023-12-26,1745.85,1731.22,1726.5539364385604,-0.008379872268522437,-0.005778384556354821,0.009826557898194633,-1,0,000001,0.9902690637106563,0.0,1000084.1213970479,1000084.1213970479,
2023-12-27,1731.22,1734.48,1707.185331673622,0.0018830651217061067,-0.011218071069874047,0.0066229953909237565,-1,0,000001,0.9934205800769018,0.0,1000084.1213970479,1000084.1213970479,
2023-12-28,1732.85,1788.11,1709.5763686227797,0.03091992989253267,0.0014005725710013461,0.011883850279995806,-1,0,000001,0.9882557170205776,0.0,1000084.1213970479,1000084.1213970479,
2023-12-29,1783.23,1778.36,1773.6006807231902,-0.005452684678235675,0.037450396060392466,0.012109377730786526,-1,0,000001,0.9880355048602192,0.0,1000084.1213970479,1000084.1213970479,
2024-01-02,1778.36,1749.1,1759.7477872896193,-0.016453361524100818,-0.0078106044861926405,0.013158012243507603,-1,0,000001,0.987012872538637,0.0,1000084.1213970479,1000084.1213970479,
2024-01-03,1745.85,1747.4800000000002,1742.837962026596,-0.0009261906123146924,-0.009609232291786562,0.013113594613849679,-1,0,000001,0.987056145842315,0.0,1000084.1213970479,1000084.1213970479,
2024-01-04,1745.85,1732.85,1745.007885711193,-0.008372055760294983,0.0012450518819739909,0.013241269926685813,-1,0,000001,0.9869317700337612,0.0,1000084.1213970479,1000084.1213970479,
2024-01-05,1731.22,1758.85,1724.931849529743,0.01500418385896074,-0.011504839803785694,0.0134365176459887,-1,0,000001,0.9867416286940212,0.0,1000084.1213970479,1000084.1213970479,
2024-01-08,1752.35,1739.35,1765.0436301422117,-0.011086789663700691,0.023254124864935388,0.013939055462436128,-1,0,000001,0.9862525707168082,0.0,1000084.1213970479,1000084.1213970479,
2024-01-09,1740.9800000000002,1744.2299999999998,1755.6103158831595,0.002805645787219202,-0.005344521856545881,0.01397266390369829,-1,0,000001,0.9862198810667095,0.0,1000084.1213970479,1000084.1213970479,
2024-01-10,1740.9800000000002,1729.6,1736.0483107161522,-0.008387655297753094,-0.011142566770101614,0.013973182389077294,-1,0,000001,0.9862193767727129,0.0,1000084.1213970479,1000084.1213970479,
2024-01-11,1727.97,1742.6,1724.0944362711905,0.007516188714153493,-0.006885680756217205,0.01416998645092479,-1,0,000001,0.9860279966472756,0.0,1000084.1213970479,1000084.1213970479,
2024-01-12,1736.1,1745.85,1725.2411460399626,0.0018650292666131385,0.000665108444553697,0.00944260521706805,-1,0,000001,0.9906457235227976,0.0,1000084.1213970479,1000084.1213970479,
2024-01-15,1740.9800000000002,1749.1,1727.3485028600692,0.0018615574075664387,0.001221485370287878,0.009458728371355874,-1,0,000001,0.9906299008513043,0.0,1000084.1213970479,1000084.1213970479,
2024-01-16,1745.85,1770.23,1730.1473054265975,0.012080498542107465,0.0016202882984495126,0.00876427903849087,-1,0,000001,0.9913118661905389,0.0,1000084.1213970479,1000084.1213970479,
2024-01-17,1768.61,1752.35,1759.4141846990583,-0.010100382436180722,0.016915830912584973,0.00946769923307951,-1,0,000001,0.9906210973959123,0.0,1000084.1213970479,1000084.1213970479,
2024-01-18,1749.1,1747.4800000000002,1759.1947093105314,-0.0027791251747650847,-0.0001247434461059127,0.009053397329279034,-1,0,000001,0.991027831279057,0.0,1000084.1213970479,1000084.1213970479,
2024-01-19,1740.9800000000002,1742.6,1747.931035826206,-0.0027925927621491597,-0.006402744065061361,0.007600618848610908,-1,0,000001,0.9924567147871584,0.0,1000084.1213970479,1000084.1213970479,
2024-01-22,1740.9800000000002,1731.22,1746.008365907669,-0.006530471708940611,-0.001099968979970778,0.007037962522412042,-1,0,000001,0.993011224219608,0.0,1000084.1213970479,1000084.1213970479,
2024-01-23,1723.1,1740.98,1756.898276081085,0.005637642818359323,0.006237032070436133,0.007237498629885401,-1,0,000001,0.9928145063704139,0.0,1000084.1213970479,1000084.1213970479,
2024-01-24,1752.35,1768.61,1757.531741015911,0.01587037185952722,0.00036055868655004986,0.00817861713028815,-1,0,000001,0.9918877300199362,0.0,1000084.1213970479,1000084.1213970479,
2024-01-25,1768.61,1796.24,1783.2454775357246,0.015622437959753821,0.014630595806452096,0.009106271023353835,-1,0,000001,0.9909759048329776,0.0,1000084.1213970479,1000084.1213970479,
2024-01-26,1791.36,1815.74,1803.6474510478968,0.010856010332694899,0.011440922615076898,0.009412408480403846,-1,0,000001,0.9906753588510234,0.0,1000084.1213970479,1000084.1213970479,
2024-01-29,1827.12,1828.74,1838.311328396797,0.007159615363433014,0.019218765468141275,0.009429472597707331,-1,0,000001,0.9906586117666635,0.0,1000084.1213970479,1000084.1213970479,
2024-01-30,1814.11,1796.24,1852.2107375097276,-0.01777179916226468,0.007560965815867737,0.011303052748129323,-1,0,000001,0.9888232783264975,0.0,1000084.1213970479,1000084.1213970479,
2024-01-31,1789.73,1789.73,1825.5488673114776,-0.003624237295684285,-0.014394620254764567,0.010734697130981331,-1,0,000001,0.989379312730183,0.0,1000084.1213970479,1000084.1213970479,
2024-02-01,1781.61,1781.61,1798.6118994545934,-0.004536997200695114,-0.014755544668905385,0.010838542996959924,-1,0,000001,0.9892776714223563,0.0,1000084.1213970479,1000084.1213970479,
2024-02-02,1783.23,1758.85,1780.753219847679,-0.012774961972597865,-0.009929145699708708,0.011749289640136268,-1,0,000001,0.9883871530620838,0.0,1000084.1213970479,1000084.1213970479,
2024-02-05,1745.85,1776.73,1779.330364179611,0.01016573329163939,-0.0007990190062324709,0.011748035812474602,-1,0,000001,0.988388377939335,0.0,1000084.1213970479,1000084.1213970479,
2024-02-06,1763.73,1825.49,1792.3391618204116,0.02744367461572672,0.007311063702776011,0.014141916949866763,-1,0,000001,0.9860552880089999,0.0,1000084.1213970479,1000084.1213970479,
2024-02-07,1815.74,1814.11,1833.351577706337,-0.006233942667448256,0.022882062033544148,0.013952661640387961,-1,0,000001,0.9862393362449335,0.0,1000084.1213970479,1000084.1213970479,
2024-02-08,1809.24,1823.8699999999997,1835.151537952423,0.00538004861888175,0.0009817867276378234,0.01325129304280877,-1,0,000001,0.9869220072712516,0.0,1000084.1213970479,1000084.1213970479,
2024-02-19,1838.49,1846.62,1836.633357157707,0.01247347672805632,0.0008074642200595061,0.013385928051690109,-1,0,000001,0.9867908881689076,0.0,1000084.1213970479,1000084.1213970479,
2024-02-20,1843.37,1848.24,1848.0661249637603,0.0008772784871819983,0.006224850355405875,0.013251521874925697,-1,0,000001,0.9869217843853766,0.0,1000084.1213970479,1000084.1213970479,
2024-02-21,1841.74,2007.52,1839.0482415819167,0.08617928407566122,-0.004879632422254643,0.028623809633524767,-1,0,000001,0.9721727133229371,0.0,1000084.1213970479,1000084.1213970479,
2024-02-22,1983.1400000000003,2023.77,1987.4804295682904,0.008094564437714169,0.08071141617182098,0.02817052221990077,-1,0,000001,0.9726013130982608,0.0,1000084.1213970479,1000084.1213970479,
2024-02-23,2020.52,2015.65,2059.6105246448515,-0.0040123136522430825,0.036292229097435014,0.02813530319483803,-1,0,000001,0.9726346297929757,0.0,1000084.1213970479,1000084.1213970479,
2024-02-26,2004.27,1963.64,2066.21326154232,-0.025803090814377483,0.00320581819643162,0.029706795701631976,-1,0,000001,0.9711502382759454,0.0,1000084.1213970479,1000084.1213970479,
2024-02-27,1957.14,1958.76,2025.281429157257,-0.002485180582998958,-0.019810071470797608,0.030035428133504606,-1,0,000001,0.9708403931426602,0.0,1000084.1213970479,1000084.1213970479,
2024-02-28,1960.39,1957.14,2000.309060845375,-0.0008270538503950542,-0.012330320098907666,0.029557821469886416,-1,0,000001,0.9712907610883991,0.0,1000084.1213970479,1000084.1213970479,
2024-02-29,1945.76,1973.39,2008.2712348508835,0.00830293182909747,0.003980471898749283,0.029169656682324237,-1,0,000001,0.971657096093994,0.0,1000084.1213970479,1000084.1213970479,
2024-03-01,1973.39,1957.14,2002.7535580682752,-0.00823456083186802,-0.0027474758821698364,0.02966152437052708,-1,0,000001,0.9711929370298066,0.0,1000084.1213970479,1000084.1213970479,
2024-03-04,1950.6400000000003,1931.13,1985.8449120759965,-0.013289800423066267,-0.008442699264800013,0.030289565975839917,-1,0,000001,0.9706009194151635,0.0,1000084.1213970479,1000084.1213970479,
2024-03-05,1926.26,1947.39,1963.760577816963,0.008419940656506864,-0.01112087561558206,0.030272718525922577,-1,0,000001,0.9706167910868922,0.0,1000084.1213970479,1000084.1213970479,
2024-03-06,1942.51,1931.13,1960.8781780576703,-0.008349637206722882,-0.0014677959176148114,0.01086510346949526,-1,0,000001,0.9892516781594259,0.0,1000084.1213970479,1000084.1213970479,
2024-03-07,1931.1300000000003,1939.26,1951.4353641176224,0.004209970328253432,-0.004815604582535271,0.010453500775630802,-1,0,000001,0.989654644407084,0.0,1000084.1213970479,1000084.1213970479,
2024-03-08,1934.3800000000003,1939.26,1967.5506229591367,0.0,0.008258156605049027,0.010538454551499425,-1,0,000001,0.989571446287834,0.0,1000084.1213970479,1000084.1213970479,
2024-03-11,1939.26,1953.89,1954.0448282146451,0.0075441147654260465,-0.00686426798217743,0.007697454394802684,-1,0,000001,0.9923613438128356,0.0,1000084.1213970479,1000084.1213970479,
2024-03-12,1955.51,1968.52,1948.5905699920647,0.0074876272461601445,-0.002791265657689057,0.008045653945080783,-1,0,000001,0.9920185619435058,0.0,1000084.1213970479,1000084.1213970479,
2024-03-13,1963.64,1931.13,1937.03358566761,-0.01899396500924544,-0.0059309454240568105,0.010158742128728764,-1,0,000001,0.989943420073442,0.0,1000084.1213970479,1000084.1213970479,
2024-03-14,1926.26,1914.88,1938.4712477350236,-0.008414762341219961,0.0007421978008286256,0.009772858365071366,-1,0,000001,0.9903217260356011,0.0,1000084.1213970479,1000084.1213970479,
2024-03-15,1966.8900000000003,1975.02,1933.53364112854,0.03140666778074852,-0.002547165253161676,0.014359859477286508,-1,0,000001,0.9858434269227824,0.0,1000084.1213970479,1000084.1213970479,
2024-03-18,1968.52,1965.26,2027.3130505895613,-0.004941722109143232,0.04850156597548794,0.013662410108559881,-1,0,000001,0.9865217354690141,0.0,1000084.1213970479,1000084.1213970479,
2024-03-19,1963.64,1942.51,2017.895001335144,-0.011576076447900041,-0.0046455821175118706,0.01404966361687545,-1,0,000001,0.9861449945491194,0.0,1000084.1213970479,1000084.1213970479,
2024-03-20,1939.26,1950.64,1979.736944770813,0.004185306639348019,-0.01890983254286449,0.013794951298166337,-1,0,000001,0.9863927599160937,0.0,1000084.1213970479,1000084.1213970479,
2024-03-21,1950.6400000000003,1953.89,1960.1337961578367,0.0016661198375917952,-0.009901895635556546,0.013754435069714072,-1,0,000001,0.9864321825938367,0.0,1000084.1213970479,1000084.1213970479,
2024-03-22,1950.6400000000003,1936.01,1959.0644596529005,-0.009150975745819911,-0.0005455426088935011,0.014115921539675237,-1,0,000001,0.9860805641250125,0.0,1000084.1213970479,1000084.1213970479,
2024-03-25,1934.3800000000003,1942.51,1955.0744626045223,0.0033574206744799717,-0.002036684923111265,0.01392551371754172,-1,0,000001,0.9862657428685425,0.0,1000084.1213970479,1000084.1213970479,
2024-03-26,1950.6400000000003,1975.02,1948.7809567022323,0.01673607857874604,-0.003219061996189043,0.01479473928346548,-1,0,000001,0.9854209539025479,0.0,1000084.1213970479,1000084.1213970479,
2024-03-27,1968.52,1963.64,1987.7030496788025,-0.005761966967423038,0.019972533517792046,0.013389750717606428,-1,0,000001,0.9867871658380946,0.0,1000084.1213970479,1000084.1213970479,
2024-03-28,1960.39,1957.14,1979.1385303831096,-0.0033101790552240162,-0.004308751901888397,0.013052202635749974,-1,0,000001,0.9871159624333367,0.0,1000084.1213970479,1000084.1213970479,
2024-03-29,1950.6400000000003,1962.01,1974.935085330009,0.0024883248004741176,-0.002123876115072587,0.00816631636248735,-1,0,000001,0.9918998321705967,0.0,1000084.1213970479,1000084.1213970479,
2024-04-01,1962.01,1981.52,1963.9872598600384,0.009943884078062792,-0.0055433849706211236,0.008636352690118348,-1,0,000001,0.9914375952571167,0.0,1000084.1213970479,1000084.1213970479,
2024-04-02,1979.8900000000003,1966.89,1972.170219554901,-0.007383220961685866,0.004166503450458103,0.008047321726229814,-1,0,000001,0.9920169206814129,0.0,1000084.1213970479,1000084.1213970479,
2024-04-03,1963.64,1952.26,1976.9095776462552,-0.007438138380895798,0.002403118171221408,0.008411772607722235,-1,0,000001,0.9916583950760812,0.0,1000084.1213970479,1000084.1213970479,
2024-04-08,1945.76,1947.39,1964.5765021419525,-0.0024945447839939128,-0.006238563282690346,0.008429391015893578,-1,0,000001,0.9916410696762795,0.0,1000084.1213970479,1000084.1213970479,
2024-04-09,1947.39,1942.51,1934.0126871109007,-0.0025059181776635464,-0.015557457293074783,0.00789950786016462,-1,0,000001,0.9921624052809235,0.0,1000084.1213970479,1000084.1213970479,
2024-04-10,1939.26,1923.01,1943.3574905490875,-0.010038558360059957,0.004831821166668027,0.008451859209571392,-1,0,000001,0.9916189760250964,0.0,1000084.1213970479,1000084.1213970479,
2024-04-11,1916.51,1918.13,1949.272843632698,-0.00253768831155321,0.0030438831313219783,0.005719968040795472,-1,0,000001,0.9943125639118626,0.0,1000084.1213970479,1000084.1213970479,
2024-04-12,1913.26,1887.25,1935.7661316776275,-0.016099013101301796,-0.006929102818617805,0.00706887838765208,-1,0,000001,0.9929807399083075,0.0,1000084.1213970479,1000084.1213970479,
2024-04-15,1888.8800000000003,1924.63,1917.1683768892287,0.01980659690025166,-0.009607438876038765,0.010326189409597867,-1,0,000001,0.989779350948398,0.0,1000084.1213970479,1000084.1213970479,
2024-04-16,1923.01,1923.01,1951.965249772072,-0.0008417202267448909,0.018150139185638015,0.01023203761458989,-1,0,000001,0.9898715965900762,0.0,1000084.1213970479,1000084.1213970479,
2024-04-17,1919.76,1978.27,1945.8638339710235,0.028736200019760627,-0.0031257809542259984,0.013773753525026014,-1,0,000001,0.986413385159033,0.0,1000084.1213970479,1000084.1213970479,
2024-04-18,1971.77,2007.52,1984.833228807449,0.014785646044271017,0.020026784071986548,0.014243647292570624,-1,0,000001,0.9859563850061149,0.0,1000084.1213970479,1000084.1213970479,
2024-04-19,1992.89,1989.6400000000003,2041.600439777374,-0.00890651151669708,0.02860049405966092,0.014360418184028964,-1,0,000001,0.985842883923115,0.0,1000084.1213970479,1000084.1213970479,
2024-04-22,1981.52,1958.76,2015.2415111303328,-0.015520395649464391,-0.012910914463711398,0.015367865903517438,-1,0,000001,0.984864730882691,0.0,1000084.1213970479,1000084.1213970479,
2024-04-23,1960.39,1965.26,1991.579050555229,0.003318425942943515,-0.011741749286333314,0.01534372487631952,-1,0,000001,0.9848881472348799,0.0,1000084.1213970479,1000084.1213970479,
2024-04-24,1962.01,1963.64,1972.063561067581,-0.0008243184107954438,-0.009799003199098322,0.014858129082403101,-1,0,000001,0.9853594028006287,0.0,1000084.1213970479,1000084.1213970479,
2024-04-25,1958.76,1976.64,1954.4157743787764,0.0066203581104480325,-0.008948893452121243,0.014816411733256821,-1,0,000001,0.9853999092230377,0.0,1000084.1213970479,1000084.1213970479,
2024-04-26,1973.39,1975.02,1962.2094436979287,-0.0008195726080622023,0.003987723298861212,0.013328829714828525,-1,0,000001,0.986846491164591,0.0,1000084.1213970479,1000084.1213970479,
2024-04-29,1968.52,2009.15,1976.4155942344664,0.017280837662403403,0.007239874714783268,0.013029980832127178,-1,0,000001,0.9871376157876156,0.0,1000084.1213970479,1000084.1213970479,
2024-04-30,2007.52,2005.9,2016.210347561836,-0.0016175994823681705,0.02013481043332055,0.013066805846094732,-1,0,000001,0.9871017333006172,0.0,1000084.1213970479,1000084.1213970479,
2024-05-06,2033.53,2022.15,2015.4981990623476,0.008101101749838024,-0.00035321140988564537,0.010064412173698589,-1,0,000001,0.9900358709282316,0.0,1000084.1213970479,1000084.1213970479,
2024-05-07,2018.9000000000003,2020.52,2027.1513594675064,-0.0008060727443562898,0.0057817766399295145,0.009063128776771982,-1,0,000001,0.991018273764736,0.0,1000084.1213970479,1000084.1213970479,
2024-05-08,2014.02,1996.14,2024.9799289369585,-0.012066200779997205,-0.0010711733588153471,0.009480069074747449,-1,0,000001,0.9906089586459725,0.0,1000084.1213970479,1000084.1213970479,
2024-05-09,1992.89,2001.02,1988.9053817176816,0.002444718306331195,-0.01781476779289104,0.007662975736400363,-1,0,000001,0.992395298903584,0.0,1000084.1213970479,1000084.1213970479,
2024-05-10,2002.6500000000003,2030.28,1990.4873079061504,0.014622542503323288,0.0007953752868337105,0.008625632771012191,-1,0,000001,0.9914481324975701,0.0,1000084.1213970479,1000084.1213970479,
2024-05-13,2023.77,2035.15,2006.689439692497,0.0023986839253700154,0.008139781510784871,0.008514163671527063,-1,0,000001,0.9915577153219831,0.0,1000084.1213970479,1000084.1213970479,
2024-05-14,2040.03,2025.4,2017.131358013153,-0.00479080166081125,0.005203554727559734,0.008825737555996142,-1,0,000001,0.9912514746328959,0.0,1000084.1213970479,1000084.1213970479,
2024-05-15,2023.77,2012.4,2022.037517399788,-0.006418485237484006,0.0024322458560495086,0.009226442875491915,-1,0,000001,0.9908579061313495,0.0,1000084.1213970479,1000084.1213970479,
2024-05-16,2015.6500000000003,2067.6599999999994,2017.3070693540567,0.027459749552772417,-0.002339446229372766,0.011412527562565864,-1,0,000001,0.9887162485617326,0.0,1000084.1213970479,1000084.1213970479,
2024-05-17,2069.2800000000007,2108.29,2079.5036428308485,0.01965023263012311,0.030831485410254045,0.012408545290547267,-1,0,000001,0.9877435395539986,0.0,1000084.1213970479,1000084.1213970479,
2024-05-20,2109.9100000000003,2101.79,2125.4271972465517,-0.003083067319960775,0.022083901884002888,0.012606393928884085,-1,0,000001,0.9875505487576751,0.0,1000084.1213970479,1000084.1213970479,
2024-05-21,2092.04,2129.42,2116.813017549515,0.013145937510407935,-0.004052916848055976,0.01279330207441812,-1,0,000001,0.9873682990910241,0.0,1000084.1213970479,1000084.1213970479,
2024-05-22,2131.0400000000004,2131.0399999999995,2123.113992166519,0.0007607705384562458,0.0029766325909590385,0.011424397504322198,-1,0,000001,0.9887046451197817,0.0,1000084.1213970479,1000084.1213970479,
2024-05-23,2126.17,2105.04,2124.9824811458584,-0.012200615661836278,0.0008800700227276081,0.012866654890578718,-1,0,000001,0.9872967928912926,0.0,1000084.1213970479,1000084.1213970479,
2024-05-24,2100.16,2090.41,2111.6117784166336,-0.006949986698590149,-0.006292147275498872,0.012911211367634906,-1,0,000001,0.9872533631548988,0.0,1000084.1213970479,1000084.1213970479,
2024-05-27,2090.41,2122.92,2089.784263119697,0.015551973057917001,-0.010336897871115247,0.013500026814193383,-1,0,000001,0.9866797962930214,0.0,1000084.1213970479,1000084.1213970479,
2024-05-28,2121.29,2105.04,2102.8155979347225,-0.008422361652817845,0.006235732101634417,0.013817238856424026,-1,0,000001,0.986371075252173,0.0,1000084.1213970479,1000084.1213970479,
2024-05-29,2101.79,2082.28,2102.891857442856,-0.010812146087485153,3.626542822310341e-05,0.014246733381901135,-1,0,000001,0.9859533849969653,0.0,1000084.1213970479,1000084.1213970479,
2024-05-30,2079.03,2059.53,2092.1494871425625,-0.010925523944906534,-0.005108379806727736,0.012083870628568652,-1,0,000001,0.9880604058821095,0.0,1000084.1213970479,1000084.1213970479,
2024-05-31,2062.78,2057.91,2076.739301176071,-0.0007865872310675037,-0.007365719352845357,0.009851530947873218,-1,0,000001,0.990244574924171,0.0,1000084.1213970479,1000084.1213970479,
2024-06-03,2059.53,2036.78,2060.1516788864133,-0.010267698781773693,-0.007987339710990193,0.010166099426265467,-1,0,000001,0.9899362100628406,0.0,1000084.1213970479,1000084.1213970479,
2024-06-04,2031.9000000000003,2043.28,2056.3431585025787,0.0031913117764315047,-0.0018486601850079554,0.008794401818184146,-1,0,000001,0.991282265442459,0.0,1000084.1213970479,1000084.1213970479,
2024-06-05,2046.53,2018.9,2057.8532802057266,-0.011931795935946066,0.0007343724207236058,0.008932005746418005,-1,0,000001,0.9911470686869429,0.0,1000084.1213970479,1000084.1213970479,
2024-06-06,2023.77,2023.77,2027.5238779926297,0.0024122046659071916,-0.014738369593611078,0.008882880729001254,-1,0,000001,0.9911953301035471,0.0,1000084.1213970479,1000084.1213970479,
2024-06-07,2027.03,2038.4,2018.855451841354,0.007229082356196681,-0.0042753756172075885,0.009454165273056755,-1,0,000001,0.990634378857113,0.0,1000084.1213970479,1000084.1213970479,
2024-06-11,2036.78,2018.9,2040.513938331604,-0.00956632653061229,0.01072810164318394,0.007200273482755212,-1,0,000001,0.992851199833517,0.0,1000084.1213970479,1000084.1213970479,
2024-06-12,2015.6500000000003,2020.52,2027.1423183918,0.0008024171578582262,-0.0065530647395318775,0.0073015948627278065,-1,0,000001,0.992751331974489,0.0,1000084.1213970479,1000084.1213970479,
2024-06-13,2022.15,2007.52,2024.797141971588,-0.006433987290400456,-0.0011568879002400445,0.006976112526169186,-1,0,000001,0.9930722164712841,0.0,1000084.1213970479,1000084.1213970479,
2024-06-14,2018.74,2023.61,2026.17898522377,0.008014864110942765,0.000682460096143922,0.007336455274895948,-1,0,000001,0.992716976302725,0.0,1000084.1213970479,1000084.1213970479,
2024-06-17,2015.49,2010.61,2051.376463217735,-0.006424162758634333,0.012435958608652875,0.007470965448304847,-1,0,000001,0.9925844359743107,0.0,1000084.1213970479,1000084.1213970479,
2024-06-18,2012.24,2007.36,2009.14520550251,-0.0016164248660853753,-0.02058679061228097,0.006926532649047751,-1,0,000001,0.9931211141781862,0.0,1000084.1213970479,1000084.1213970479,
2024-06-19,2010.61,2018.74,2006.619469628334,0.0056691375737287775,-0.0012571196284164587,0.00715099268942982,-1,0,000001,0.992899780925267,0.0,1000084.1213970479,1000084.1213970479,
2024-06-20,2020.36,2002.48,2025.3283379268644,-0.00805452906268267,0.009323575586553945,0.006586348431642727,-1,0,000001,0.9934567477078298,0.0,1000084.1213970479,1000084.1213970479,
2024-06-21,2002.48,1994.36,2020.8444884967803,-0.004054971834924759,-0.0022138876675540375,0.006553673801712442,-1,0,000001,0.993488997186847,0.0,1000084.1213970479,1000084.1213970479,
2024-06-24,1989.48,1991.1099999999997,2011.4649620866771,-0.0016295954591950546,-0.004641389509927207,0.005807363786799765,-1,0,000001,0.9942261669620956,0.0,1000084.1213970479,1000084.1213970479,
2024-06-25,1992.73,2007.36,2015.704047322273,0.008161276875712664,0.0021074616339318286,0.0060533019273417,-1,0,000001,0.9939831200635741,0.0,1000084.1213970479,1000084.1213970479,
2024-06-26,2004.11,2007.36,2015.772445025444,0.0,3.3932413472159695e-05,0.006038585840063901,-1,0,000001,0.9939976598064361,0.0,1000084.1213970479,1000084.1213970479,
2024-06-27,2004.11,2015.49,2015.3433215045927,0.004050095648015395,-0.00021288291836230044,0.005826658131228466,-1,0,000001,0.9942070951449486,0.0,1000084.1213970479,1000084.1213970479,
2024-06-28,2010.61,2018.74,2013.7235276222227,0.001612511101518832,-0.0008037309896959943,0.005218372011735645,-1,0,000001,0.9948087180288079,0.0,1000084.1213970479,1000084.1213970479,
2024-07-01,2008.98,2051.24,2011.060603251457,0.01609915095554637,-0.0013223882694115563,0.006852137792860027,-1,0,000001,0.9931944944687898,0.0,1000084.1213970479,1000084.1213970479,
2024-07-02,2043.12,2059.3699999999994,2056.0322241163253,0.003963456250853037,0.022362141047444606,0.006749198787734212,-1,0,000001,0.9932960475202154,0.0,1000084.1213970479,1000084.1213970479,
2024-07-03,2059.3700000000003,2044.74,2057.0834784698486,-0.0071041143650725225,0.0005113024694809454,0.007287211748967768,-1,0,000001,0.9927655075295607,0.0,1000084.1213970479,1000084.1213970479,
2024-07-04,2043.12,2036.61,2038.1333837890625,-0.003976055635435349,-0.009212117485325466,0.006803283086921073,-1,0,000001,0.9932426888139838,0.0,1000084.1213970479,1000084.1213970479,
2024-07-05,2036.61,1989.48,2013.974712290764,-0.023141396732805908,-0.01185333192147875,0.010352524351699526,-1,0,000001,0.9897535522481697,0.0,1000084.1213970479,1000084.1213970479,
2024-07-08,1984.61,1982.98,2015.5548040580748,-0.0032671853951786733,0.0007845638565706636,0.010390594720596382,-1,0,000001,0.9897162594595709,0.0,1000084.1213970479,1000084.1213970479,
2024-07-09,1984.61,2005.73,2001.0762419795988,0.011472632099163826,-0.00718341275033807,0.010739253754752093,-1,0,000001,0.9893748524014899,0.0,1000084.1213970479,1000084.1213970479,
2024-07-10,2005.73,2017.11,1997.9287683629989,0.005673744721373275,-0.0015728904029594926,0.010889783629557776,-1,0,000001,0.9892275262784253,0.0,1000084.1213970479,1000084.1213970479,
2024-07-11,2028.49,2015.49,2008.876593832969,-0.0008031292294420345,0.0054795874824606905,0.010823830064593564,-1,0,000001,0.9892920707420383,0.0,1000084.1213970479,1000084.1213970479,
2024-07-12,2013.86,2044.74,2004.404799170494,0.0145125999136686,-0.0022260176041689617,0.011758710235089476,-1,0,000001,0.9883779500822312,0.0,1000084.1213970479,1000084.1213970479,
2024-07-15,2044.74,2047.99,2025.7768538999555,0.0015894441347066302,0.010662544181847089,0.0105707569314465,-1,0,000001,0.9895398151401648,0.0,1000084.1213970479,1000084.1213970479,
2024-07-16,2047.9900000000005,2043.12,2019.1387388801568,-0.0023779412985415194,-0.003276824398017575,0.010489267842082966,-1,0,000001,0.9896196147985986,0.0,1000084.1213970479,1000084.1213970479,
2024-07-17,2043.12,2059.3699999999994,2018.624707865715,0.007953522064293672,-0.00025457934343176003,0.010555089575811062,-1,0,000001,0.989555156681026,0.0,1000084.1213970479,1000084.1213970479,
2024-07-18,2056.12,2060.99,2032.5019728946684,0.0007866483439111782,0.006874613678748531,0.010424100711752461,-1,0,000001,0.9896834401471524,0.0,1000084.1213970479,1000084.1213970479,
2024-07-19,2056.12,2054.49,2036.5561746835708,-0.0031538241330623107,0.0019946852908232504,0.006349663173420143,-1,0,000001,0.9936904006571661,0.0,1000084.1213970479,1000084.1213970479,
2024-07-22,2052.87,2031.74,2021.8844742631911,-0.011073307730872228,-0.007204171730082143,0.00759588122727966,-1,0,000001,0.9924613812255488,0.0,1000084.1213970479,1000084.1213970479,
2024-07-23,2034.99,2023.61,2017.1380405473708,-0.004001496254442016,-0.0023475296320033534,0.007116448421710882,-1,0,000001,0.9929338375588411,0.0,1000084.1213970479,1000084.1213970479,
2024-07-24,2023.61,2015.49,2025.53366206646,-0.004012630892316182,0.004162145252494032,0.007055046385394236,-1,0,000001,0.9929943785985516,0.0,1000084.1213970479,1000084.1213970479,
2024-07-25,2013.86,2008.98,2015.9315155458448,-0.00322998377565753,-0.004740551441055341,0.007124919967181649,-1,0,000001,0.9929254853832692,0.0,1000084.1213970479,1000084.1213970479,
2024-07-26,2010.61,1999.23,2025.581488046646,-0.004853209091180588,0.004786855320423999,0.004951638419474177,-1,0,000001,0.9950727594939178,0.0,1000084.1213970479,1000084.1213970479,
2024-07-29,1997.61,2012.24,2010.3353517436976,0.006507505389574897,-0.007526794845291951,0.005578502463068407,-1,0,000001,0.9944524445884589,0.0,1000084.1213970479,1000084.1213970479,
2024-07-30,2010.61,2007.36,2001.226795544624,-0.0024251580328390476,-0.004530864062641582,0.00557911721757065,-1,0,000001,0.9944518366361784,0.0,1000084.1213970479,1000084.1213970479,
2024-07-31,2007.36,2038.24,1987.972447528839,0.015383389128009073,-0.006623111406110271,0.0072573044007593,-1,0,000001,0.9927949845892884,0.0,1000084.1213970479,1000084.1213970479,
2024-08-01,2034.99,2038.24,2023.090082054138,0.0,0.01766505092610937,0.0072399422368482624,-1,0,000001,0.9928120977601721,0.0,1000084.1213970479,1000084.1213970479,
2024-08-02,2030.11,2017.11,2009.7632744026184,-0.010366787031949154,-0.006587352570078475,0.007806031524191039,-1,0,000001,0.9922544306344493,0.0,1000084.1213970479,1000084.1213970479,
2024-08-05,2012.24,2002.48,1998.684418849945,-0.007252951004159347,-0.005512517665030248,0.007384238820089888,-1,0,000001,0.992669888473996,0.0,1000084.1213970479,1000084.1213970479,
2024-08-06,2005.73,1982.98,2001.0732282876968,-0.009737924973033385,0.0011951909041880704,0.007816770131299933,-1,0,000001,0.9922438578490002,0.0,1000084.1213970479,1000084.1213970479,
2024-08-07,1986.23,1982.98,1994.3355304050444,0.0,-0.003367042138891496,0.007804887521971329,-1,0,000001,0.9922555569846835,0.0,1000084.1213970479,1000084.1213970479,
2024-08-08,1981.35,1984.61,1981.898548045158,0.0008219951789729674,-0.00623615343069206,0.00781589278420848,-1,0,000001,0.9922447216399652,0.0,1000084.1213970479,1000084.1213970479,
2024-08-09,1987.86,2000.86,1978.5068343544008,0.008188006711646212,-0.0017113457669679644,0.008214990052675857,-1,0,000001,0.9918519461288245,0.0,1000084.1213970479,1000084.1213970479,
2024-08-12,1997.61,1995.98,2007.394905657768,-0.0024389512509620515,0.01460094592637251,0.007923047006564973,-1,0,000001,0.9921392342102945,0.0,1000084.1213970479,1000084.1213970479,
2024-08-13,1997.61,1986.23,1994.07543569088,-0.004884818485155207,-0.006635201638375943,0.008017315289377169,-1,0,000001,0.992046450822052,0.0,1000084.1213970479,1000084.1213970479,
2024-08-14,1984.61,1981.35,1987.9212147665023,-0.0024569158657355983,-0.0030862528138237977,0.005571234312528031,-1,0,000001,0.9944596323736956,0.0,1000084.1213970479,1000084.1213970479,
2024-08-15,1981.35,1999.23,1978.647691693306,0.00902415020062075,-0.004664934910051599,0.006694994060115163,-1,0,000001,0.9933495307917313,0.0,1000084.1213970479,1000084.1213970479,
2024-08-16,2007.36,2015.49,1996.1197670412064,0.008133131255533277,0.00883031144010693,0.006654527089692655,-1,0,000001,0.9933894629084603,0.0,1000084.1213970479,1000084.1213970479,
2024-08-19,2015.49,2041.49,2013.1384783029555,0.01290008881214999,0.008525896863881721,0.0072585021216574385,-1,0,000001,0.9927938040668127,0.0,1000084.1213970479,1000084.1213970479,
2024-08-20,2046.3700000000003,2049.62,2043.864639606476,0.00398238541457463,0.015262815566181143,0.005988295817882692,-1,0,000001,0.9940473504087698,0.0,1000084.1213970479,1000084.1213970479,
2024-08-21,2043.12,2051.24,2045.8847303915024,0.0007903904138326645,0.0009883681853879445,0.00594456161747108,-1,0,000001,0.9940905673689285,0.0,1000084.1213970479,1000084.1213970479,
2024-08-22,2049.62,2056.12,2046.749397907257,0.00237904877049977,0.00042263745503845485,0.005889497140938552,-1,0,000001,0.9941449859475834,0.0,1000084.1213970479,1000084.1213970479,
2024-08-23,2057.74,2070.74,2055.7633503866195,0.0071104799330776736,0.004404033287406461,0.005804696409669801,-1,0,000001,0.9942288036331602,0.0,1000084.1213970479,1000084.1213970479,
2024-08-26,2075.6200000000003,2073.9999999999995,2066.001254868507,0.0015743164279435895,0.004980098745296813,0.005481757819632711,-1,0,000001,0.9945481280222132,0.0,1000084.1213970479,1000084.1213970479,
2024-08-27,2070.74,2064.24,2064.9815787649154,-0.004705882352941115,-0.0004935505732094336,0.0054502600963833294,-1,0,000001,0.994579284214556,0.0,1000084.1213970479,1000084.1213970479,
2024-08-28,2060.99,2047.99,2036.42959962368,-0.007872146649614331,-0.013826747625667823,0.006344704446823339,-1,0,000001,0.9936952970301453,0.0,1000084.1213970479,1000084.1213970479,
2024-08-29,2044.74,2015.49,2022.8558002662655,-0.015869218111416505,-0.006665489128582114,0.008410282016417426,-1,0,000001,0.9916598609054241,0.0,1000084.1213970479,1000084.1213970479,
2024-08-30,2012.24,2020.36,2007.6408491230009,0.002416285865967982,-0.007521520387791303,0.008046034958932455,-1,0,000001,0.992018186987601,0.0,1000084.1213970479,1000084.1213970479,
2024-09-02,2013.86,2012.24,2024.0997998714445,-0.004019085707497649,0.008198154941723379,0.00677346805361849,-1,0,000001,0.9932721031408253,0.0,1000084.1213970479,1000084.1213970479,
2024-09-03,2012.24,2007.36,2017.2902975034715,-0.0024251580328390476,-0.003364212756903351,0.006503166176997879,-1,0,000001,0.9935388517438064,0.0,1000084.1213970479,1000084.1213970479,
2024-09-04,2002.48,1997.6099999999997,2010.261057686805,-0.004857125777140259,-0.0034844959227561256,0.006473077501520597,-1,0,000001,0.9935685537485123,0.0,1000084.1213970479,1000084.1213970479,
2024-09-05,1999.23,2005.73,1993.8433814144128,0.004064857504718411,-0.008166937428158771,0.006637790110353217,-1,0,000001,0.9934059796129594,0.0,1000084.1213970479,1000084.1213970479,
2024-09-06,2004.11,2007.36,1987.9713992881773,0.000812671695592071,-0.002945056859014694,0.005885143182178713,-1,0,000001,0.9941492890892486,0.0,1000084.1213970479,1000084.1213970479,
2024-09-09,2002.48,1969.98,1984.848690357208,-0.018621472979435616,-0.0015708017389423068,0.007382237166760571,-1,0,000001,0.99267186089411,0.0,1000084.1213970479,1000084.1213970479,
2024-09-10,1971.6,1978.1,1984.9467008590696,0.004121869257555755,4.937933170312547e-05,0.007942194776827354,-1,0,000001,0.9921203866471867,0.0,1000084.1213970479,1000084.1213970479,
2024-09-11,1974.85,1937.47,1981.483968863487,-0.020539912036802943,-0.00174449620943673,0.009454788975709292,-1,0,000001,0.9906337667828561,0.0,1000084.1213970479,1000084.1213970479,
2024-09-12,1937.47,1952.1,1954.5519146347044,0.007551084661955976,-0.01359186077302954,0.009499147733796039,-1,0,000001,0.9905902369951273,0.0,1000084.1213970479,1000084.1213970479,
2024-09-13,1950.47,1945.6,1942.0452242708204,-0.003329747451462528,-0.006398750665173036,0.009296689753572064,-1,0,000001,0.990788942589476,0.0,1000084.1213970479,1000084.1213970479,
2024-09-18,1948.85,1956.98,1930.6805921077728,0.005849095394736992,-0.005851888525054694,0.009773427284158772,-1,0,000001,0.9903211680758476,0.0,1000084.1213970479,1000084.1213970479,
2024-09-19,1960.23,1963.48,1939.8944964933396,0.0033214442661653187,0.004772360805423315,0.009960971039477491,-1,0,000001,0.9901372713153208,0.0,1000084.1213970479,1000084.1213970479,
2024-09-20,1963.48,1978.1,1953.2032219934465,0.0074459632896692884,0.006860540882076105,0.010343645154383005,-1,0,000001,0.9897622504936897,0.0,1000084.1213970479,1000084.1213970479,
2024-09-23,1976.48,2000.86,1976.3388106060029,0.011505990597037608,0.011844946983521787,0.01099051664692357,-1,0,000001,0.9891289616806942,0.0,1000084.1213970479,1000084.1213970479,
2024-09-24,2012.24,2054.49,1992.563086476326,0.026803474505962432,0.00820925834338504,0.013932874546795962,-1,0,000001,0.9862585828938394,0.0,1000084.1213970479,1000084.1213970479,
2024-09-25,2078.87,2075.62,2046.5588801670076,0.010284790872673977,0.027098662048471667,0.011940650325422273,-1,0,000001,0.9882002464061679,0.0,1000084.1213970479,1000084.1213970479,
2024-09-26,2075.6200000000003,2181.26,2083.113783669472,0.05089563600273661,0.01786164270997248,0.01868414720483503,-1,0,000001,0.9816585471992447,0.0,1000084.1213970479,1000084.1213970479,
2024-09-27,2213.77,2225.15,2167.546293210983,0.020121397724251144,0.040531875984604504,0.015448926489069056,-1,0,000001,0.9847861117520857,0.0,1000084.1213970479,1000084.1213970479,
2024-09-30,2257.65,2353.54,2230.265676717758,0.05769948093386956,0.02893566043005391,0.02043985567054141,-1,0,000001,0.979969563559324,0.0,1000084.1213970479,1000084.1213970479,
2024-10-08,2551.83,2462.4400000000005,2346.841306877136,0.04627072410071653,0.05226984003580237,0.020421165155533074,-1,0,000001,0.9799875131437318,0.0,1000084.1213970479,1000084.1213970479,
2024-10-09,2421.8,2267.4,2476.904125509262,-0.07920599080586754,0.055420372161932185,0.03852152133005834,-1,0,000001,0.9629073442014732,0.0,1000084.1213970479,1000084.1213970479,
2024-10-10,2297.63,2356.14,2403.668267564773,0.03913733792008456,-0.029567498067544884,0.03892481848966018,-1,0,000001,0.9625335560409007,0.0,1000084.1213970479,1000084.1213970479,
2024-10-11,2359.39,2313.89,2373.6621165657043,-0.017931871620531892,-0.012483482601976847,0.040561618223817215,-1,0,000001,0.961019494171759,0.0,1000084.1213970479,1000084.1213970479,
2024-10-14,2356.14,2362.64,2331.134599833488,0.02106841725406139,-0.017916415497984395,0.040541993407797274,-1,0,000001,0.9610376191786154,0.0,1000084.1213970479,1000084.1213970479,
2024-10-15,2349.64,2343.14,2341.367918262481,-0.008253479158906951,0.004389844511648366,0.041160488777725414,-1,0,000001,0.9604667203362222,0.0,1000084.1213970479,1000084.1213970479,
2024-10-16,2326.89,2369.15,2349.081921291351,0.01110048908729322,0.003294656499177817,0.04115309664842326,-1,0,000001,0.9604735395967229,0.0,1000084.1213970479,1000084.1213970479,
2024-10-17,2370.77,2351.27,2359.757466249466,-0.007547010531203213,0.004544560520156837,0.03946048993588388,-1,0,000001,0.9620375278156864,0.0,1000084.1213970479,1000084.1213970479,
2024-10-18,2344.7699999999995,2365.89,2355.0747131538387,0.006217916275034208,-0.0019844213494828455,0.03923990084106024,-1,0,000001,0.9622417299323253,0.0,1000084.1213970479,1000084.1213970479,
2024-10-21,2349.64,2328.51,2379.959422340393,-0.015799551120297073,0.01056642027005128,0.03534885418935338,-1,0,000001,0.9658580254893598,0.0,1000084.1213970479,1000084.1213970479,
2024-10-22,2320.39,2325.2600000000007,2372.575090999603,-0.0013957423416689485,-0.003102713126733936,0.031327143310608,-1,0,000001,0.9696244363257556,0.0,1000084.1213970479,1000084.1213970479,
2024-10-23,2330.14,2336.64,2347.3038430690763,0.0048940763613527505,-0.010651400677008538,0.017513430691589168,-1,0,000001,0.9827880102971362,0.0,1000084.1213970479,1000084.1213970479,
2024-10-24,2328.51,2318.76,2326.2022344303127,-0.007652013147082859,-0.008989721846650034,0.012306569249247471,-1,0,000001,0.9878430412060111,0.0,1000084.1213970479,1000084.1213970479,
2024-10-25,2322.01,2312.26,2309.3999848651883,-0.002803222411978834,-0.007223039044685353,0.010917738854706139,-1,0,000001,0.989200170859525,0.0,1000084.1213970479,1000084.1213970479,
2024-10-28,2307.38,2300.88,2289.614966497421,-0.004921591862506847,-0.008567168311002793,0.008060084891292655,-1,0,000001,0.9920043606407035,0.0,1000084.1213970479,1000084.1213970479,
2024-10-29,2297.63,2284.63,2274.1146318340298,-0.0070625152115711964,-0.006769843353663596,0.007975888898785779,-1,0,000001,0.9920872225351547,0.0,1000084.1213970479,1000084.1213970479,
2024-10-30,2278.13,2248.880000000001,2313.0341042089462,-0.015648048042789853,0.01711412073521057,0.007371473788593894,-1,0,000001,0.9926824672125459,0.0,1000084.1213970479,1000084.1213970479,
2024-10-31,2250.5,2258.63,2262.528034710884,0.004335491444629858,-0.02183541929025512,0.00788581359467035,-1,0,000001,0.9921758859105821,0.0,1000084.1213970479,1000084.1213970479,
2024-11-01,2258.63,2266.75,2270.610232272148,0.003595099684321923,0.0035721977528100357,0.007545070222619307,-1,0,000001,0.9925114315521862,0.0,1000084.1213970479,1000084.1213970479,
2024-11-04,2266.75,2271.63,2253.009878473282,0.002152862027131386,-0.007751376061251203,0.006562330368239682,-1,0,000001,0.99348045305268,0.0,1000084.1213970479,1000084.1213970479,
2024-11-05,2265.13,2302.51,2265.387766265869,0.013593763068809661,0.005493934097161812,0.00830941075895519,-1,0,000001,0.991759066542183,0.0,1000084.1213970479,1000084.1213970479,
2024-11-06,2297.63,2286.26,2284.4958832263947,-0.007057515493960942,0.008434810695575834,0.008234363950974008,-1,0,000001,0.9918328870296524,0.0,1000084.1213970479,1000084.1213970479,
2024-11-07,2278.13,2344.77,2292.9513854932784,0.02559201490644103,0.0037012551998745202,0.01173247452394467,-1,0,000001,0.988403580176207,0.0,1000084.1213970479,1000084.1213970479,
2024-11-08,2349.64,2313.89,2344.390520210266,-0.013169735197908539,0.022433591502386552,0.01255260906287222,-1,0,000001,0.9876030055618643,0.0,1000084.1213970479,1000084.1213970479,
2024-11-11,2299.26,2294.38,2352.3765416908263,-0.008431688628240619,0.0034064382242273705,0.012757311202081392,-1,0,000001,0.9874033877011076,0.0,1000084.1213970479,1000084.1213970479,
2024-11-12,2291.13,2284.63,2326.8986593198774,-0.0042495140299340095,-0.010830699048136272,0.012619695655703188,-1,0,000001,0.9875375763380432,0.0,1000084.1213970479,1000084.1213970479,
2024-11-13,2278.13,2296.01,2314.917399587631,0.004981112915439345,-0.005149025155976705,0.011390852630397798,-1,0,000001,0.9887374375586127,0.0,1000084.1213970479,1000084.1213970479,
2024-11-14,2292.76,2284.63,2316.411928710937,-0.004956424405817117,0.0006456079701040451,0.011568927781502555,-1,0,000001,0.9885633816304791,0.0,1000084.1213970479,1000084.1213970479,
2024-11-15,2278.13,2268.38,2299.671263284683,-0.0071127491103591955,-0.007226981185324055,0.011816031141514024,-1,0,000001,0.9883219569784999,0.0,1000084.1213970479,1000084.1213970479,
2024-11-18,2299.26,2318.76,2290.1734167099,0.022209682681032294,-0.004130088820267774,0.013742032663582407,-1,0,000001,0.9864442508835551,0.0,1000084.1213970479,1000084.1213970479,
2024-11-19,2318.76,2307.38,2373.141140956878,-0.004907795545895266,0.03622770382435547,0.013265825871713838,-1,0,000001,0.9869078522802236,0.0,1000084.1213970479,1000084.1213970479,
2024-11-20,2305.76,2300.88,2380.8677228736874,-0.0028170479071500942,0.0032558459265064066,0.01307121964002001,-1,0,000001,0.9870974326517097,0.0,1000084.1213970479,1000084.1213970479,
2024-11-21,2297.63,2292.76,2324.9127673864364,-0.0035290845241819913,-0.023501916948041934,0.009729581778628125,-1,0,000001,0.9903641708094859,0.0,1000084.1213970479,1000084.1213970479,
2024-11-22,2292.76,2242.37,2284.1546808910366,-0.02197787819047803,-0.017531017536291604,0.011130954884037985,-1,0,000001,0.9889915793495666,0.0,1000084.1213970479,1000084.1213970479,
2024-11-25,2242.37,2226.12,2268.612154541016,-0.007246796915763243,-0.006804498171707696,0.011073805915292936,-1,0,000001,0.9890474801636582,0.0,1000084.1213970479,1000084.1213970479,
2024-11-26,2226.12,2240.7500000000005,2240.001604952812,0.006571972759779499,-0.012611476814551548,0.011456011788357978,-1,0,000001,0.9886737419572972,0.0,1000084.1213970479,1000084.1213970479,
2024-11-27,2235.87,2260.25,2234.599365673065,0.008702443378332925,-0.0024117122361886345,0.011760003327544268,-1,0,000001,0.9883766868735004,0.0,1000084.1213970479,1000084.1213970479,
2024-11-28,2260.2500000000005,2252.13,2222.001347341537,-0.003592522951000987,-0.005637707825865146,0.01172339652303914,-1,0,000001,0.988412448932852,0.0,1000084.1213970479,1000084.1213970479,
2024-11-29,2257.0,2258.63,2226.517168111801,0.002886156660583561,0.002032321346549404,0.011604978230346058,-1,0,000001,0.9885281523123313,0.0,1000084.1213970479,1000084.1213970479,
2024-12-02,2260.2500000000005,2260.25,2236.4670684719085,0.000717248951798144,0.004468818162559174,0.008545456915290397,-1,0,000001,0.9915269491754718,0.0,1000084.1213970479,1000084.1213970479,
2024-12-03,2257.0,2276.5,2239.30675242424,0.007189470191350411,0.0012697186524064374,0.009013232032496085,-1,0,000001,0.9910672806397788,0.0,1000084.1213970479,1000084.1213970479,
2024-12-04,2268.38,2271.63,2243.716307797432,-0.002139248846914077,0.0019691609326939474,0.009003179358980285,-1,0,000001,0.991077154618383,0.0,1000084.1213970479,1000084.1213970479,
2024-12-05,2268.38,2268.38,2245.0393185424805,-0.0014306907374880273,0.0005896515261090141,0.008968332752306582,-1,0,000001,0.9911113833197891,0.0,1000084.1213970479,1000084.1213970479,
2024-12-06,2268.38,2304.13,2234.0506116867064,0.015760146007282705,-0.004894661204823847,0.006869483839031199,-1,0,000001,0.9931773840112433,0.0,1000084.1213970479,1000084.1213970479,
2024-12-09,2299.26,2305.76,2256.8477495956417,0.0007074253622842974,0.01020439635059267,0.005988392815235089,-1,0,000001,0.9940472545627721,0.0,1000084.1213970479,1000084.1213970479,
2024-12-10,2343.14,2325.2600000000007,2268.4450911855697,0.008457081396155974,0.005138734587659233,0.0061227037353372826,-1,0,000001,0.9939145556375916,0.0,1000084.1213970479,1000084.1213970479,
2024-12-11,2325.26,2315.51,2306.910151233673,-0.004193079483584827,0.016956575320057565,0.006313112157089034,-1,0,000001,0.9937264931949893,0.0,1000084.1213970479,1000084.1213970479,
2024-12-12,2315.51,2335.01,2295.435584831237,0.008421470863870129,-0.004973997967064103,0.006180101225743974,-1,0,000001,0.9938578578345811,0.0,1000084.1213970479,1000084.1213970479,
2024-12-13,2325.26,2287.88,2311.911831550598,-0.02018406773418535,0.007177830137442998,0.00976061491136612,-1,0,000001,0.9903337337907334,0.0,1000084.1213970479,1000084.1213970479,
2024-12-16,2287.88,2289.51,2281.925073003769,0.0007124499536690365,-0.01297054590819624,0.009760648535295156,-1,0,000001,0.9903337008136992,0.0,1000084.1213970479,1000084.1213970479,
2024-12-17,2289.51,2283.01,2264.512092223167,-0.002839035426794423,-0.007630829332043065,0.009605696405084968,-1,0,000001,0.9904856951191062,0.0,1000084.1213970479,1000084.1213970479,
2024-12-18,2291.13,2302.51,2244.9683002376555,0.008541355491215485,-0.008630464837273033,0.009890540465567681,-1,0,000001,0.9902063242804433,0.0,1000084.1213970479,1000084.1213970479,
2024-12-19,2292.76,2292.76,2268.80437567234,-0.004234509296376587,0.010617555460431749,0.010018469259620565,-1,0,000001,0.9900809048898239,0.0,1000084.1213970479,1000084.1213970479,
2024-12-20,2292.76,2297.63,2253.7982864809032,0.0021240775310105153,-0.006614095667454745,0.008636287498391092,-1,0,000001,0.9914376593372316,0.0,1000084.1213970479,1000084.1213970479,
2024-12-23,2300.88,2315.51,2255.149075603485,0.007781931816698062,0.000599338960671103,0.009005189396922577,-1,0,000001,0.9910751802948556,0.0,1000084.1213970479,1000084.1213970479,
2024-12-24,2313.89,2336.64,2288.103665523529,0.009125419454029338,0.014613042781318253,0.009073368160537935,-1,0,000001,0.9910082175916722,0.0,1000084.1213970479,1000084.1213970479,
2024-12-25,2336.64,2346.39,2313.34844537735,0.0041726581758423364,0.011033057738686347,0.008975092735923914,-1,0,000001,0.991104743020378,0.0,1000084.1213970479,1000084.1213970479,
2024-12-26,2346.39,2336.64,2323.572984790802,-0.0041553194481736,0.004419800844910782,0.008754440968812132,-1,0,000001,0.9913215341481875,0.0,1000084.1213970479,1000084.1213970479,
2024-12-27,2338.27,2331.76,2302.8723282051083,-0.0020884689126264844,-0.008908976271110092,0.005272574063098458,-1,0,000001,0.9947550801651855,0.0,1000084.1213970479,1000084.1213970479,
2024-12-30,2323.6400000000003,2351.27,2305.1392796659466,0.00836707036744766,0.0009844017113207482,0.005622756858798068,-1,0,000001,0.9944086817641622,0.0,1000084.1213970479,1000084.1213970479,
2024-12-31,2348.02,2310.64,2318.008661298752,-0.01728002313643273,0.0055829084803371565,0.008377305250712475,-1,0,000001,0.9916922909638176,0.0,1000084.1213970479,1000084.1213970479,
2020-03-11,4692.94,4634.03,4669.616998999715,,,0.03186234681140056,0,0,000002,0.9691215142117942,0.0,1000000.0,1000000.0,
2020-03-12,4585.59,4577.74,4635.448869262935,-0.012147094429686423,-0.007317116102691035,0.03186234681140056,-1,0,000002,0.9691215142117942,0.0,1000000.0,1000000.0,
2020-03-13,4387.92,4512.28,4597.419767918587,-0.014299632569783394,-0.008203973858176616,0.03186234681140056,-1,0,000002,0.9691215142117942,0.0,1000000.0,1000000.0,
2020-03-16,4513.59,4393.15,4579.188872600198,-0.02640128715416601,-0.00396546241994411,0.03186234681140056,-1,0,000002,0.9691215142117942,0.0,1000000.0,1000000.0,
2020-03-17,4394.46,4336.86,4498.49244251132,-0.01281312953120195,-0.01762242884798415,0.03186234681140056,-1,0,000002,0.9691215142117942,0.0,1000000.0,1000000.0,
2020-03-18,4243.92,4099.92,4405.229310514927,-0.05463399786942613,-0.020732085957296364,0.03186234681140056,-1,0,000002,0.9691215142117942,0.0,1000000.0,1000000.0,
2020-03-19,4034.46,3959.84,4316.097967919111,-0.03416652032234768,-0.02023307671704322,0.03186234681140056,-1,0,000002,0.9691215142117942,0.0,1000000.0,1000000.0,
2020-03-20,3995.19,4034.46,4207.858117457628,0.018844195725079782,-0.02507817275372637,0.03186234681140056,-1,0,000002,0.9691215142117942,0.0,1000000.0,1000000.0,
2020-03-23,3908.79,3870.82,4075.553880785108,-0.040560570683561115,-0.03144218102877905,0.03186234681140056,-1,0,000002,0.9691215142117942,0.0,1000000.0,1000000.0,
2020-03-24,3940.21,3916.64,3977.699936318994,0.011837285123048824,-0.02400997443009234,0.03186234681140056,-1,0,000002,0.9691215142117942,0.0,1000000.0,1000000.0,
2020-03-25,3975.5500000000006,4126.1,3899.462683053017,0.053479513052003824,-0.01966896812693686,0.03186234681140056,-1,0,000002,0.9691215142117942,0.0,1000000.0,1000000.0,
2020-03-26,4089.44,4086.82,3969.6123454499248,-0.009519885606262601,0.017989571409870564,0.03186345785814283,-1,0,000002,0.9691204707216956,0.0,1000000.0,1000000.0,
2020-03-27,4154.9,4135.26,3989.9510235053294,0.011852736357363503,0.005123593007442473,0.03261091842266396,-1,0,000002,0.9684189680344676,0.0,1000000.0,1000000.0,
2020-03-30,4073.73,4065.88,4012.1089222669607,-0.01677766331500319,0.005553426252877802,0.03215316334601411,-1,0,000002,0.9688484572950582,0.0,1000000.0,1000000.0,
2020-03-31,4106.46,4014.82,4014.866842240692,-0.01255816698967993,0.0006873990779325823,0.03214835887400058,-1,0,000002,0.968852967116983,0.0,1000000.0,1000000.0,
2020-04-01,4119.55,4143.12,4001.90947621286,0.03195660079405793,-0.003227346394532149,0.02951201587264712,-1,0,000002,0.9713339762745442,0.0,1000000.0,1000000.0,
2020-04-02,4126.1,4175.84,4059.5776672214274,0.007897429956168267,0.014410168783512978,0.02674088256981066,-1,0,000002,0.97395556851415,0.0,1000000.0,1000000.0,
2020-04-03,4158.82,4161.44,4094.680714666844,-0.0034484079849803617,0.008646970281872335,0.026445867272576293,-1,0,000002,0.9742354973449823,0.0,1000000.0,1000000.0,
2020-04-07,4236.06,4200.72,4105.772608614565,0.009439040332192894,0.0027088544188538233,0.021465239317591783,-1,0,000002,0.9789858347681689,0.0,1000000.0,1000000.0,
2020-04-08,4178.46,4186.32,4132.210941129328,-0.0034279837742102748,0.006439307539655603,0.02173598084988618,-1,0,000002,0.9787264212504231,0.0,1000000.0,1000000.0,
2020-04-09,4204.64,4150.97,4147.205694721341,-0.008444170536413664,0.0036287483397243747,0.014655645536575798,-1,0,000002,0.9855560400210206,0.0,1000000.0,1000000.0,
2020-04-10,4170.61,4175.84,4203.347299502492,0.005991370691669662,0.01353721250253126,0.014269932171511788,-1,0,000002,0.9859308338748044,0.0,1000000.0,1000000.0,
2020-04-13,4157.52,4196.79,4190.62148123324,0.005016954672592666,-0.0030275438507683106,0.01391810615277836,-1,0,000002,0.9862729484084376,0.0,1000000.0,1000000.0,
2020-04-14,4204.64,4237.37,4228.523173132539,0.009669294865837896,0.009044408345882271,0.012484353205406648,-1,0,000002,0.9876695840623289,0.0,1000000.0,1000000.0,
2020-04-15,4217.73,4152.28,4253.805221300126,-0.020080852037938635,0.005978930972455165,0.013767653599370456,-1,0,000002,0.9864193204917433,0.0,1000000.0,1000000.0,
2020-04-16,4128.72,4136.57,4174.410520130396,-0.0037834635429210284,-0.018664395062607753,0.009535846111391745,-1,0,000002,0.9905542273232569,0.0,1000000.0,1000000.0,
2020-04-17,4162.75,4154.9,4149.554915447831,0.004431207497999523,-0.005954278948537284,0.009271487581824228,-1,0,000002,0.9908136832399393,0.0,1000000.0,1000000.0,
2020-04-20,4162.75,4136.57,4137.7689600026615,-0.004411658523670869,-0.002840293883397793,0.009310862506396568,-1,0,000002,0.9907750299216287,0.0,1000000.0,1000000.0,
2020-04-21,4106.46,4063.26,4161.684410972,-0.017722412530187914,0.005779793700545932,0.010005671587909689,-1,0,000002,0.990093450096989,0.0,1000000.0,1000000.0,
2020-04-22,4037.08,4077.66,4136.917527478337,0.003543952392906169,-0.005951168096351989,0.010234209660611743,-1,0,000002,0.9898694683245284,0.0,1000000.0,1000000.0,
2020-04-23,4085.52,4060.64,4061.87103723228,-0.00417396251771851,-0.01814067835473676,0.010049717786790388,-1,0,000002,0.9900502741500574,0.0,1000000.0,1000000.0,
2020-04-24,4054.1,4018.75,3987.506972917915,-0.010316107805666053,-0.018307834894983777,0.009903521475245283,-1,0,000002,0.9901935964528786,0.0,1000000.0,1000000.0,
2020-04-27,4022.68,4044.93,3946.356921948195,0.0065144634525660106,-0.010319743952599936,0.010061428285443591,-1,0,000002,0.9900387956576833,0.0,1000000.0,1000000.0,
2020-04-28,4080.28,4111.7,3927.451745594145,0.0165070841769821,-0.004790538901564223,0.011230349886665119,-1,0,000002,0.9888943702214598,0.0,1000000.0,1000000.0,
2020-04-29,4113.01,4173.22,3957.886894946695,0.014962181092978755,0.007749337566449466,0.010747649485180848,-1,0,000002,0.9893666342032503,0.0,1000000.0,1000000.0,
2020-04-30,4178.46,4165.37,4019.0495372414593,-0.0018810414979321122,0.015453357793739686,0.010678937462667994,-1,0,000002,0.9894338972874238,0.0,1000000.0,1000000.0,
2020-05-06,4086.82,4094.68,4010.198944147826,-0.016970881338272514,-0.0022021607376624397,0.011929573873873833,-1,0,000002,0.9882110631195361,0.0,1000000.0,1000000.0,
2020-05-07,4084.21,4056.71,3950.011944041848,-0.009273007902937391,-0.015008482358165876,0.012162938586207003,-1,0,000002,0.9879832207616728,0.0,1000000.0,1000000.0,
2020-05-08,4082.9,4094.68,3881.531112663746,0.009359801415432578,-0.017336866912870397,0.011222461904269636,-1,0,000002,0.9889020840348659,0.0,1000000.0,1000000.0,
2020-05-11,4086.82,4114.32,3928.212420705557,0.004796467611632549,0.012026519094362031,0.011263067484762579,-1,0,000002,0.9888623763223388,0.0,1000000.0,1000000.0,
2020-05-12,4105.15,4051.48,3998.284706590176,-0.015273483832079049,0.01783821198549984,0.012321580847236962,-1,0,000002,0.9878283925974147,0.0,1000000.0,1000000.0,
2020-05-13,4035.77,4051.48,3982.908888219596,0.0,-0.003845603677306131,0.011797252486398898,-1,0,000002,0.9883402999391347,0.0,1000000.0,1000000.0,
2020-05-14,4035.77,3993.88,3963.468766729832,-0.014217026864256965,-0.0048808853115527295,0.012496790055238443,-1,0,000002,0.9876574521736937,0.0,1000000.0,1000000.0,
2020-05-15,4009.59,3993.88,3955.6284316331153,0.0,-0.001978149837468246,0.01088430043202932,-1,0,000002,0.9892328920061597,0.0,1000000.0,1000000.0,
2020-05-18,4038.39,4088.13,3935.9779972922806,0.023598605866976374,-0.004967714910654952,0.012653514838557587,-1,0,000002,0.9875045959421028,0.0,1000000.0,1000000.0,
2020-05-19,4123.48,4077.66,4018.400854450465,-0.002561073155697202,0.02094088361644464,0.012654715025611083,-1,0,000002,0.9875034255626894,0.0,1000000.0,1000000.0,
2020-05-20,4076.35,4009.59,4049.4000378531214,-0.016693397683965716,0.007714308384223045,0.012618624949671723,-1,0,000002,0.9875386205242878,0.0,1000000.0,1000000.0,
2020-05-21,4020.06,4005.66,4027.245920650364,-0.0009801500901589488,-0.005470962857624384,0.012359296796331423,-1,0,000002,0.9877915905593565,0.0,1000000.0,1000000.0,
2020-05-22,3996.5,3950.68,3967.8015605288742,-0.013725578306696073,-0.014760548844727661,0.012324296296869331,-1,0,000002,0.9878257428553754,0.0,1000000.0,1000000.0,
2020-05-25,3959.84,3989.95,3922.169780518413,0.009940060951532326,-0.011500519699472744,0.012807159262961549,-1,0,000002,0.9873547899559858,0.0,1000000.0,1000000.0,
2020-05-26,4005.66,4038.39,3946.086395044327,0.01214050301382219,0.006097801947460013,0.012819999412190208,-1,0,000002,0.9873422726450597,0.0,1000000.0,1000000.0,
2020-05-27,4038.39,4047.55,3998.986622094512,0.00226823065627646,0.01340574476945533,0.012844951802158259,-1,0,000002,0.9873179485376283,0.0,1000000.0,1000000.0,
2020-05-28,4044.93,4078.97,4036.844098843933,0.007762720658175848,0.009466767540620813,0.011998937138239098,-1,0,000002,0.9881433302962055,0.0,1000000.0,1000000.0,
2020-05-29,4076.35,4021.37,4045.1350212246175,-0.014121211972630276,0.002053812874036609,0.013066774014787298,-1,0,000002,0.9871017643160838,0.0,1000000.0,1000000.0,
2020-06-01,4058.02,4113.01,3999.8261281639343,0.02278825375431759,-0.011200835775060591,0.012911004263703278,-1,0,000002,0.987253565012764,0.0,1000000.0,1000000.0,
2020-06-02,4109.08,4222.97,4054.8483915191896,0.02673467849579758,0.013756163791177611,0.015212043213104381,-1,0,000002,0.9850158956300804,0.0,1000000.0,1000000.0,
2020-06-03,4243.92,4170.61,4137.207834843994,-0.01239885672879526,0.020311349617179397,0.014624391488801429,-1,0,000002,0.9855863986599589,0.0,1000000.0,1000000.0,
2020-06-04,4194.17,4156.21,4176.846134932638,-0.003452732334118913,0.009580930345052252,0.01473916732213111,-1,0,000002,0.9854749202585456,0.0,1000000.0,1000000.0,
2020-06-05,4145.73,4114.32,4158.91107387364,-0.01007889399236328,-0.004293924286317363,0.014296005972118822,-1,0,000002,0.98590548923791,0.0,1000000.0,1000000.0,
2020-06-08,4137.88,4139.19,4099.971115527749,0.0060447412938224865,-0.01417196888775829,0.014173505947160553,-1,0,000002,0.986024574824676,0.0,1000000.0,1000000.0,
2020-06-09,4139.19,4118.24,4095.322997896672,-0.0050613767427926115,-0.001133695213967112,0.014088169305879616,-1,0,000002,0.986107549883436,0.0,1000000.0,1000000.0,
2020-06-10,4111.7,4084.21,4119.414145908952,-0.008263238665060735,0.005882600230715296,0.014458685519683464,-1,0,000002,0.9857473885077176,0.0,1000000.0,1000000.0,
2020-06-11,4075.04,4047.55,4105.0628391033415,-0.00897603208454023,-0.003483822285715865,0.014556773175820697,-1,0,000002,0.9856520861516164,0.0,1000000.0,1000000.0,
2020-06-12,4000.42,4022.68,4091.721790294648,-0.006144457758397115,-0.0032499012394185955,0.013943949734521881,-1,0,000002,0.9862478101100433,0.0,1000000.0,1000000.0,
2020-06-15,3995.19,4008.28,4063.714692626596,-0.0035797030835164056,-0.0068448196391268645,0.011451215502801766,-1,0,000002,0.9886784302324366,0.0,1000000.0,1000000.0,
2020-06-16,4044.93,4037.08,4038.933555564881,0.007185126787549789,-0.006098148845606555,0.006501300238976845,-1,0,000002,0.9935406936509339,0.0,1000000.0,1000000.0,
2020-06-17,4027.91,4018.75,4018.731013628841,-0.004540410395632466,-0.005001949563692265,0.005882221532696396,-1,0,000002,0.9941521766596755,0.0,1000000.0,1000000.0,
2020-06-18,4025.3,4046.24,3984.0820441371206,0.0068404354587869864,-0.008621868289819479,0.006762442308771779,-1,0,000002,0.9932829811437307,0.0,1000000.0,1000000.0,
2020-06-19,4054.1,4054.1,4022.81422454238,0.0019425441891731676,0.009721732629039748,0.006352642415245273,-1,0,000002,0.9936874589010876,0.0,1000000.0,1000000.0,
2020-06-22,4044.93,4020.06,3999.3077637094266,-0.008396438173700727,-0.005843287688888421,0.006094445749099246,-1,0,000002,0.9939424715295376,0.0,1000000.0,1000000.0,
2020-06-23,4017.44,4001.73,3904.644291374088,-0.004559633438306898,-0.023669964385920728,0.0060767081072589536,-1,0,000002,0.9939599952386422,0.0,1000000.0,1000000.0,
2020-06-24,4020.06,4113.01,3892.408912201524,0.027807973051655166,-0.0031335451476575127,0.011119418724817432,-1,0,000002,0.9890028630457511,0.0,1000000.0,1000000.0,
2020-06-29,4073.73,4050.17,4020.2378193944696,-0.015278348460130209,0.03284056482150177,0.011884694529816527,-1,0,000002,0.9882548924852165,0.0,1000000.0,1000000.0,
2020-06-30,4073.73,4078.97,4042.56239763558,0.007110812632556085,0.005553049158786516,0.011846551878168327,-1,0,000002,0.9882921458237132,0.0,1000000.0,1000000.0,
2020-07-01,4084.21,4334.24,4032.9933083564047,0.06258197535162058,-0.0023670851153150263,0.02245173260111242,-1,0,000002,0.978041278736948,0.0,1000000.0,1000000.0,
2020-07-02,4322.46,4373.52,4229.829265388847,0.009062719184909085,0.04880641795873952,0.022451366862123595,-1,0,000002,0.978041628590095,0.0,1000000.0,1000000.0,
2020-07-03,4407.55,4407.55,4288.455063459278,0.007780917887651118,0.01386008616237655,0.022004651727404293,-1,0,000002,0.9784691276206895,0.0,1000000.0,1000000.0,
2020-07-06,4492.64,4717.81,4308.017067500354,0.07039284863472917,0.004561550430540295,0.029166528852150268,-1,0,000002,0.9716600491422119,0.0,1000000.0,1000000.0,
2020-07-07,4780.65,4623.55,4461.656277546287,-0.019979609183074398,0.035663556489826,0.031088089209190876,-1,0,000002,0.9698492402981452,0.0,1000000.0,1000000.0,
2020-07-08,4623.55,4636.65,4562.21781816423,0.002833320716765231,0.022539060465959437,0.030398311058428874,-1,0,000002,0.9704984851661842,0.0,1000000.0,1000000.0,
2020-07-09,4643.19,4666.75,4597.3252289468055,0.006491755901351315,0.007695250902488127,0.02981252536955301,-1,0,000002,0.9710505313975915,0.0,1000000.0,1000000.0,
2020-07-10,4586.9,4475.63,4605.301409273744,-0.040953554400814274,0.0017349610762180667,0.03434158745089932,-1,0,000002,0.9667986012865122,0.0,1000000.0,1000000.0,
2020-07-13,4442.9,4479.55,4582.457593910694,0.0008758543489966186,-0.00496033013540631,0.033440545858767975,-1,0,000002,0.9676415387486278,0.0,1000000.0,1000000.0,
2020-07-14,4471.7,4445.52,4549.002724354864,-0.007596745208782063,-0.007300639202921677,0.03393183763326851,-1,0,000002,0.9671817460317883,0.0,1000000.0,1000000.0,
2020-07-15,4453.37,4359.12,4550.515929681659,-0.019435296658208867,0.00033264550902423196,0.029157834547511502,-1,0,000002,0.9716682577067188,0.0,1000000.0,1000000.0,
2020-07-16,4355.19,4262.24,4519.0917572397,-0.022224669199288005,-0.006905628488626636,0.029860414086183104,-1,0,000002,0.9710053773523484,0.0,1000000.0,1000000.0,
2020-07-17,4225.59,4221.66,4458.063214840294,-0.009520815345921418,-0.013504603508357027,0.0297199505267976,-1,0,000002,0.9711378316875448,0.0,1000000.0,1000000.0,
2020-07-20,4242.61,4361.73,4395.546483580471,0.03317889171558108,-0.014023294028607025,0.020181228868534906,-1,0,000002,0.9802179962760955,0.0,1000000.0,1000000.0,
2020-07-21,4381.37,4323.77,4408.8133556574585,-0.00870296877615051,0.0030182531629561193,0.01972457507456565,-1,0,000002,0.9806569582054808,0.0,1000000.0,1000000.0,
2020-07-22,4308.06,4306.75,4369.095351943374,-0.003936379594659423,-0.009008774132639896,0.01948314008064549,-1,0,000002,0.9808891983450514,0.0,1000000.0,1000000.0,
2020-07-23,4275.33,4259.63,4337.7180126535895,-0.010940964764613703,-0.007181655872039561,0.018894706121821796,-1,0,000002,0.9814556832925946,0.0,1000000.0,1000000.0,
2020-07-24,4237.37,4195.48,4319.701793523432,-0.015059993473611644,-0.00415338642982388,0.01548435016579826,-1,0,000002,0.984751758938215,0.0,1000000.0,1000000.0,
2020-07-27,4226.9,4149.66,4228.904819689394,-0.01092127718401703,-0.02101926896207762,0.015322370390776018,-1,0,000002,0.9849088616210842,0.0,1000000.0,1000000.0,
2020-07-28,4169.3,4174.53,4182.299142825008,0.005993262098581642,-0.011020743869049499,0.015905976222031302,-1,0,000002,0.9843430626511493,0.0,1000000.0,1000000.0,
2020-07-29,4153.59,4205.95,4137.704382612706,0.007526595808390324,-0.010662738051343656,0.01568876145002924,-1,0,000002,0.9845535738451695,0.0,1000000.0,1000000.0,
2020-07-30,4196.79,4175.84,4137.071698724628,-0.0071589058357801605,-0.0001529069816433859,0.014353209318764921,-1,0,000002,0.9858498901695156,0.0,1000000.0,1000000.0,
2020-07-31,4175.84,4170.61,4131.2748598641165,-0.0012524426223228247,-0.0014011937144571274,0.014104903304173164,-1,0,000002,0.986091277876464,0.0,1000000.0,1000000.0,
2020-08-03,4194.17,4228.21,4136.375310114026,0.013810929336476097,0.001234594749301543,0.009423694739977574,-1,0,000002,0.9906642822146106,0.0,1000000.0,1000000.0,
2020-08-04,4243.92,4288.43,4146.752489435077,0.01424243355935495,0.0025087615467767055,0.01061618037314135,-1,0,000002,0.9894953390027641,0.0,1000000.0,1000000.0,
2020-08-05,4257.01,4237.37,4203.170729792118,-0.0119064552761734,0.01360540338512628,0.011165309516580003,-1,0,000002,0.9889579780758915,0.0,1000000.0,1000000.0,
2020-08-06,4241.3,4241.3,4241.142525975109,0.0009274620814325729,0.009034083701108253,0.01067830015222743,-1,0,000002,0.9894345212016334,0.0,1000000.0,1000000.0,
2020-08-07,4216.42,4195.48,4271.715556781888,-0.010803291443661323,0.0072086779964439796,0.010097108072292965,-1,0,000002,0.9900038243931194,0.0,1000000.0,1000000.0,
2020-08-10,4202.02,4297.59,4209.63283212483,0.02433809719030977,-0.014533440682513055,0.011846606198228039,-1,0,000002,0.988292092768153,0.0,1000000.0,1000000.0,
2020-08-11,4311.99,4306.75,4286.139004095197,0.00213142714870429,0.018174072424209653,0.01182181731049968,-1,0,000002,0.9883163051949968,0.0,1000000.0,1000000.0,
2020-08-12,4308.06,4415.41,4330.775361455084,0.02523016195507055,0.010414118001595085,0.013717691957438513,-1,0,000002,0.9864679367182098,0.0,1000000.0,1000000.0,
2020-08-13,4431.12,4401.01,4442.807824575306,-0.0032613052921471875,0.02586891578753714,0.013386602517999707,-1,0,000002,0.9867902314035557,0.0,1000000.0,1000000.0,
2020-08-14,4442.46,4413.66,4480.332524144054,0.002874340208270265,0.008446167615259181,0.013223208673243711,-1,0,000002,0.9869493626280444,0.0,1000000.0,1000000.0,
2020-08-17,4421.51,4483.04,4497.818452364803,0.015719380287561924,0.0039028192944428053,0.013365349004703186,-1,0,000002,0.9868109275516177,0.0,1000000.0,1000000.0,
2020-08-18,4483.04,4416.27,4522.701109737754,-0.014893911274492244,0.005532161343655195,0.014485469160192926,-1,0,000002,0.9857213635872141,0.0,1000000.0,1000000.0,
2020-08-19,4408.42,4382.24,4517.461614477039,-0.007705597710285117,-0.0011584880657787844,0.014058619429569914,-1,0,000002,0.986136285259842,0.0,1000000.0,1000000.0,
2020-08-20,4370.46,4387.47,4501.592739007474,0.0011934535762534448,-0.0035127859014253415,0.014053555231291487,-1,0,000002,0.9861412100388662,0.0,1000000.0,1000000.0,
2020-08-21,4421.51,4371.76,4467.977880422473,-0.00358065126371232,-0.007467325574283756,0.013408590077150126,-1,0,000002,0.9867688213732929,0.0,1000000.0,1000000.0,
2020-08-24,4400.56,4341.65,4445.635267054439,-0.006887386315808874,-0.005000609664146616,0.011729735152069083,-1,0,000002,0.9884062563898984,0.0,1000000.0,1000000.0,
2020-08-25,4349.51,4349.51,4402.190973406435,0.0018103716329047614,-0.009772347715963137,0.0117269826334903,-1,0,000002,0.9884089454617833,0.0,1000000.0,1000000.0,
2020-08-26,4340.35,4335.11,4389.440429559947,-0.0033107177590120385,-0.002896408611873902,0.008100548744212876,-1,0,000002,0.9919645428679671,0.0,1000000.0,1000000.0,
2020-08-27,4336.42,4318.09,4372.794298297764,-0.003926082613820547,-0.0037923128310576315,0.008116547182850747,-1,0,000002,0.9919488007556941,0.0,1000000.0,1000000.0,
2020-08-28,4328.56,4399.26,4385.849984856249,0.018797662855568165,0.0029856621802601957,0.010393454172230837,-1,0,000002,0.9897134585251784,0.0,1000000.0,1000000.0,
2020-08-31,4404.49,4359.98,4375.618831885457,-0.008928774384783011,-0.0023327640038117714,0.009008418451952308,-1,0,000002,0.9910720086302419,0.0,1000000.0,1000000.0,
2020-09-01,4348.2,4353.44,4355.966943098903,-0.0015000068807654587,-0.004491225022469791,0.007932559638676609,-1,0,000002,0.9921298706319,0.0,1000000.0,1000000.0,
2020-09-02,4377.0,4392.71,4280.708685556055,0.009020452791355993,-0.01727704974026012,0.008214519192801617,-1,0,000002,0.9918524093469926,0.0,1000000.0,1000000.0,
2020-09-03,4403.18,4430.67,4295.291249231101,0.008641590271153854,0.0034065769820428304,0.00863459199103741,-1,0,000002,0.9914393259366678,0.0,1000000.0,1000000.0,
2020-09-04,4397.95,4464.71,4327.423736738563,0.007682810951842534,0.007480863495162193,0.008703059801137954,-1,0,000002,0.9913720299382717,0.0,1000000.0,1000000.0,
2020-09-07,4449.0,4511.84,4341.178429909945,0.010556116746664346,0.0031784946444253226,0.008436687500245937,-1,0,000002,0.9916338947156325,0.0,1000000.0,1000000.0,
2020-09-08,4534.09,4494.82,4445.887758831383,-0.0037722968899607245,0.024120024231210735,0.008767398036965189,-1,0,000002,0.9913088011626602,0.0,1000000.0,1000000.0,
2020-09-09,4468.64,4452.93,4488.140279656649,-0.009319616803342368,0.009503730889592443,0.00945199119203478,-1,0,000002,0.9906365124101908,0.0,1000000.0,1000000.0,
2020-09-10,4502.67,4515.76,4465.255448924304,0.01410981084364682,-0.005098956205998095,0.009757630718203833,-1,0,000002,0.9903366605793673,0.0,1000000.0,1000000.0,
2020-09-11,4515.76,4455.55,4494.78156970203,-0.013333303807111063,0.006612414701792302,0.009826918860966281,-1,0,000002,0.9902687097388426,0.0,1000000.0,1000000.0,
2020-09-14,4456.86,4416.27,4500.189780666233,-0.008815971092233199,0.0012032199741713878,0.009813908751482782,-1,0,000002,0.9902814680344257,0.0,1000000.0,1000000.0,
2020-09-15,4409.73,4438.53,4475.975586546064,0.005040452689713204,-0.00538070510363764,0.009822512622970727,-1,0,000002,0.9902730306561921,0.0,1000000.0,1000000.0,
2020-09-16,4445.07,4480.42,4480.007310081125,0.0094378093648122,0.0009007474364202128,0.009856574094320506,-1,0,000002,0.9902396297185465,0.0,1000000.0,1000000.0,
2020-09-17,4483.04,4463.4,4502.703062869907,-0.0037987510099500854,0.0050660079812170355,0.009712379563676168,-1,0,000002,0.9903810433938889,0.0,1000000.0,1000000.0,
2020-09-18,4492.2,4625.73,4475.783017932773,0.03636913563651034,-0.005978640954390491,0.014853710122131623,-1,0,000002,0.9853636933343388,0.0,1000000.0,1000000.0,
2020-09-21,4624.42,4604.78,4593.335393448473,-0.004529014879813498,0.026264091678419588,0.01484010991157947,-1,0,000002,0.9853768985216079,0.0,1000000.0,1000000.0,
2020-09-22,4581.22,4581.22,4609.753758510948,-0.005116422500097584,0.0035743884685390803,0.014905540907488444,-1,0,000002,0.9853133712383119,0.0,1000000.0,1000000.0,
2020-09-23,4599.55,4547.18,4605.799993266464,-0.007430335150898637,-0.0008576955411520037,0.01475729661880908,-1,0,000002,0.9854573141104966,0.0,1000000.0,1000000.0,
2020-09-24,4530.16,4468.64,4591.071694130302,-0.017272243456383896,-0.0031977721910840806,0.015269518014434661,-1,0,000002,0.9849601334980516,0.0,1000000.0,1000000.0,
2020-09-25,4456.86,4405.8,4559.66206614554,-0.014062444054566914,-0.006841458830825764,0.015336839903421145,-1,0,000002,0.9848948257359795,0.0,1000000.0,1000000.0,
2020-09-28,4429.36,4507.91,4517.132327966095,0.023176267647192272,-0.009327388206073262,0.01679668501625931,-1,0,000002,0.9834807830672749,0.0,1000000.0,1000000.0,
2020-09-29,4511.84,4493.51,4536.980276035667,-0.0031943849810665004,0.004393926639405965,0.01684274331952854,-1,0,000002,0.9834362359074869,0.0,1000000.0,1000000.0,
2020-09-30,4548.49,4458.16,4540.721110426784,-0.00786690137553947,0.0008245207524653075,0.0168092926697406,-1,0,000002,0.9834685886616891,0.0,949950.0,999950.0,
2020-10-09,4462.09,4459.47,4535.488887394668,0.00029384319988534635,-0.0011522890098010219,0.01676637124357344,-1,0,000002,0.9835101044667055,0.0,1001494.8671905698,1001494.8671905698,
2020-10-12,4476.49,4496.13,4515.931537579894,0.00822070784196316,-0.00431207093663688,0.01153594557971903,-1,0,000002,0.9885956147874629,0.0,1001494.8671905698,1001494.8671905698,
2020-10-13,4481.73,4454.24,4520.929594851137,-0.009316901424113677,0.0011067610812189876,0.011714664449026605,-1,0,000002,0.9884209798862543,0.0,1001494.8671905698,1001494.8671905698,
2020-10-14,4435.91,4426.75,4494.628852901459,-0.0061716476884945415,-0.005817551766263196,0.011738005167071776,-1,0,000002,0.9883981770901911,0.0,1001494.8671905698,1001494.8671905698,
2020-10-15,4404.49,4416.27,4446.863982798458,-0.0023674253120233857,-0.010627099960026087,0.011651921635947025,-1,0,000002,0.988482281912632,0.0,1001494.8671905698,1001494.8671905698,
2020-10-16,4416.27,4437.22,4432.147901006341,0.0047438222753590775,-0.0033093168239555215,0.01066337961003063,-1,0,000002,0.9894491283396999,0.0,1001494.8671905698,1001494.8671905698,
2020-10-19,4455.55,4421.51,4376.178793487549,-0.0035405050910254365,-0.012627987325532164,0.009665827885669852,-1,0,000002,0.9904267059271373,0.0,1001494.8671905698,1001494.8671905698,
2020-10-20,4408.42,4387.47,4398.035331096054,-0.007698727357848378,0.004994434331849096,0.005698106385065122,-1,0,000002,0.9943341780710448,0.0,1001494.8671905698,1001494.8671905698,
2020-10-21,4392.71,4407.11,4370.287415655256,0.004476383884106205,-0.006309161557800036,0.006123102402685244,-1,0,000002,0.9939141618077718,0.0,1001494.8671905698,1001494.8671905698,
2020-10-22,4391.4,4454.24,4374.404660598636,0.010694082970472696,0.0009420993522373244,0.0068866329379939605,-1,0,000002,0.9931604684055647,0.0,1001494.8671905698,1001494.8671905698,
2020-10-23,4443.76,4439.84,4448.731781991721,-0.003232874744063974,0.01699136846267746,0.00695607458638531,-1,0,000002,0.9930919781289939,0.0,1001494.8671905698,1001494.8671905698,
2020-10-26,4455.55,4455.55,4478.6587480098015,0.003538415798767458,0.006727078071828041,0.00644897990686127,-1,0,000002,0.9935923429447382,0.0,1001494.8671905698,1001494.8671905698,
2020-10-27,4445.07,4386.16,4429.937725290657,-0.015573834880093451,-0.010878485158261952,0.007564700973620221,-1,0,000002,0.9924920940895307,0.0,1001494.8671905698,1001494.8671905698,
2020-10-28,4383.55,4314.16,4400.027339953781,-0.016415269848797154,-0.006751874900208343,0.008849978301272723,-1,0,000002,0.9912276567461749,0.0,1001494.8671905698,1001494.8671905698,
2020-10-29,4305.0,4374.38,4372.398398172856,0.01395868488883134,-0.00627926593320105,0.010275878392506653,-1,0,000002,0.9898286412530636,0.0,1001494.8671905698,1001494.8671905698,
2020-10-30,4403.18,4396.64,4407.048822110296,0.005088721144482333,0.007924809402528377,0.010297500683301155,-1,0,000002,0.989807457034847,0.0,1001494.8671905698,1001494.8671905698,
2020-11-02,4411.04,4449.0,4424.597000607849,0.011909094217402272,0.003981843452587341,0.01098820850327181,-1,0,000002,0.9891312199184407,0.0,1001494.8671905698,1001494.8671905698,
2020-11-03,4455.55,4459.47,4440.709350290895,0.00235333782872571,0.003641540615073602,0.010589671828124396,-1,0,000002,0.989521294227193,0.0,1001494.8671905698,1001494.8671905698,
2020-11-04,4462.09,4476.49,4459.144158899188,0.0038165970395585003,0.0041513206909356,0.010572352135250922,-1,0,000002,0.9895382531365394,0.0,1001494.8671905698,1001494.8671905698,
2020-11-05,4514.46,4619.18,4474.432710526587,0.031875420251134434,0.003428584293891035,0.01412021920243174,-1,0,000002,0.9860763852893726,0.0,1001494.8671905698,1001494.8671905698,
2020-11-06,4630.97,4646.67,4575.745326914192,0.005951272736719471,0.0226425611785952,0.013914058779882941,-1,0,000002,0.9862768854427103,0.0,1001494.8671905698,1001494.8671905698,
2020-11-09,4680.71,4661.07,4615.044450260997,0.003098993472745004,0.008588573126141918,0.01391865332146907,-1,0,000002,0.9862724161589559,0.0,1001494.8671905698,1001494.8671905698,
2020-11-10,4678.09,4629.66,4650.399698594213,-0.0067387960275215875,0.007660868430252377,0.0127245507745029,-1,0,000002,0.9874353290193553,0.0,1001494.8671905698,1001494.8671905698,
2020-11-11,4634.89,4687.26,4648.368710591198,0.012441518383639494,-0.00043673407333766345,0.010233117755211088,-1,0,000002,0.9898705382199807,0.0,1001494.8671905698,1001494.8671905698,
2020-11-12,4685.95,4685.95,4666.463760679365,-0.0002794809760927608,0.003892774264429244,0.010359719279703064,-1,0,000002,0.9897465040598722,0.0,1001494.8671905698,1001494.8671905698,
2020-11-13,4659.77,4593.0,4654.263579093218,-0.019835892401754096,-0.002614438300999611,0.013407681163420764,-1,0,000002,0.9867697063949344,0.0,1001494.8671905698,1001494.8671905698,
2020-11-16,4637.51,4612.64,4624.730476976038,0.004276072283910359,-0.0063453866793969915,0.013151255266024365,-1,0,000002,0.9870194551922346,0.0,1001494.8671905698,1001494.8671905698,
2020-11-17,4625.73,4710.82,4645.772234092356,0.021284990807866944,0.004549834248952056,0.01425300111943969,-1,0,000002,0.9859472921414001,0.0,1001494.8671905698,1001494.8671905698,
2020-11-18,4717.37,4816.86,4734.726425199509,0.022509881506828977,0.01914734227700099,0.015189765187252938,-1,0,000002,0.9850375114996838,0.0,1001494.8671905698,1001494.8671905698,
2020-11-19,4789.37,4836.49,4780.106004322171,0.004075268951142519,0.009584414187299162,0.012536747954721334,-1,0,000002,0.9876184760898357,0.0,1001494.8671905698,1001494.8671905698,
2020-11-20,4836.49,4831.26,4800.510132434964,-0.0010813627237934442,0.004268551386589214,0.012654112498468142,-1,0,000002,0.9875040131252247,0.0,1001494.8671905698,1001494.8671905698,
2020-11-23,4819.48,4853.51,4809.688266704679,0.004605423843883294,0.0019119081132028537,0.012651490128035812,-1,0,000002,0.9875065703735485,0.0,1001494.8671905698,1001494.8671905698,
2020-11-24,4848.28,4828.64,4832.847696788907,-0.005124126662971684,0.004815162397228567,0.012506899981780267,-1,0,000002,0.987647590369996,0.0,1001494.8671905698,1001494.8671905698,
2020-11-25,4848.28,4822.09,4835.0497276085625,-0.0013564896119818703,0.00045563836433704097,0.012266139276055896,-1,0,000002,0.9878824957191314,0.0,1001494.8671905698,1001494.8671905698,
2020-11-26,4819.48,4840.42,4816.618991448284,0.0038012563017280065,-0.0038119020896595357,0.012216113444044014,-1,0,000002,0.9879313189329906,0.0,1001494.8671905698,1001494.8671905698,
2020-11-27,4861.37,4928.13,4821.654864308239,0.01812032840125455,0.0010455202848504985,0.009900781023849576,-1,0,000002,0.9901962834271579,0.0,1001494.8671905698,1001494.8671905698,
2020-11-30,4939.91,4809.0,4857.8903431910285,-0.02417346944987253,0.007515154008848501,0.014031630253629915,-1,0,000002,0.9861625319812556,0.0,1001494.8671905698,1001494.8671905698,
2020-12-01,4823.4,4815.55,4917.162206050159,0.001362029527968378,0.012201152902145518,0.012697686426106383,-1,0,000002,0.9874615232203032,0.0,1001494.8671905698,1001494.8671905698,
2020-12-02,4833.88,4865.29,4854.787137803436,0.010329038219933251,-0.012685176049302416,0.011013292684863906,-1,0,000002,0.989106678651458,0.0,1001494.8671905698,1001494.8671905698,
2020-12-03,4896.71,4835.18,4875.550223119855,-0.006188736950931917,0.004276827124868321,0.011177678506630824,-1,0,000002,0.9889458808830326,0.0,1001494.8671905698,1001494.8671905698,
2020-12-04,4863.98,4717.37,4903.555866342188,-0.024365173581955668,0.005744099012564785,0.013597842168326043,-1,0,000002,0.9865845786142983,0.0,1001494.8671905698,1001494.8671905698,
2020-12-07,4723.91,4640.13,4849.814969666005,-0.016373530166173045,-0.010959576711475516,0.014025856361963993,-1,0,000002,0.986168147218371,0.0,1001494.8671905698,1001494.8671905698,
2020-12-08,4645.37,4610.02,4732.805975071193,-0.006489042332865624,-0.024126486335389052,0.014040353572725442,-1,0,000002,0.9861540484821363,0.0,1001494.8671905698,1001494.8671905698,
2020-12-09,4638.82,4541.95,4617.183067247272,-0.014765662621854303,-0.024430096740270635,0.014340347767499635,-1,0,000002,0.985862390469765,0.0,1001494.8671905698,1001494.8671905698,
2020-12-10,4561.58,4531.47,4579.227269967199,-0.002307378989200526,-0.008220552819167781,0.014008668767355072,-1,0,000002,0.9861848629120852,0.0,1001494.8671905698,1001494.8671905698,
2020-12-11,4547.18,4515.76,4556.0166433936365,-0.0034668661604292383,-0.005068677574880276,0.011171713068243713,-1,0,000002,0.9889517151994445,0.0,1001494.8671905698,1001494.8671905698,
2020-12-14,4534.09,4575.98,4541.405863471628,0.013335518273778879,-0.0032069197866505528,0.011664275391505328,-1,0,000002,0.9884702112397996,0.0,1001494.8671905698,1001494.8671905698,
2020-12-15,4555.04,4527.55,4566.978800783158,-0.010583525277645278,0.005631061851842478,0.011563762390696454,-1,0,000002,0.9885684295734684,0.0,1001494.8671905698,1001494.8671905698,
2020-12-16,4540.64,4534.09,4561.133674324751,0.0014444898455014954,-0.0012798672193100602,0.010449983469559436,-1,0,000002,0.9896580893260272,0.0,1001494.8671905698,1001494.8671905698,
2020-12-17,4535.4,4565.51,4553.779705876708,0.006929725700195677,-0.0016123115376862618,0.011344891983494096,-1,0,000002,0.9887823708079999,0.0,1001494.8671905698,1001494.8671905698,
2020-12-18,4565.51,4521.0,4539.109584569335,-0.00974918464749841,-0.0032215263484179912,0.009451369794854114,-1,0,000002,0.9906371222253382,0.0,1001494.8671905698,1001494.8671905698,
2020-12-21,4494.82,4477.8,4532.963096957803,-0.009555408095553997,-0.0013541174754686525,0.008691164812830252,-1,0,000002,0.99138372069072,0.0,1001494.8671905698,1001494.8671905698,
2020-12-22,4456.86,4462.09,4491.681854984165,-0.0035084193130555663,-0.009106900076319424,0.008628943509255813,-1,0,000002,0.9914448781538692,0.0,1001494.8671905698,1001494.8671905698,
2020-12-23,4468.64,4433.29,4461.243214961887,-0.006454374519563766,-0.0067766687412424975,0.007749003505647629,-1,0,000002,0.9923105818227642,0.0,1001494.8671905698,1001494.8671905698,
2020-12-24,4433.29,4447.69,4445.042434979082,0.0032481520496063787,-0.003631449621144145,0.007952191693422856,-1,0,000002,0.9921105467511682,0.0,1001494.8671905698,1001494.8671905698,
2020-12-25,4449.0,4468.64,4428.75264291823,0.004710310295906517,-0.003664710134747784,0.008182935025929953,-1,0,000002,0.991883481914203,0.0,1001494.8671905698,1001494.8671905698,
2020-12-28,4479.11,4510.53,4488.222601284385,0.009374216763937016,0.013428150804775774,0.007476237695251003,-1,0,000002,0.9925792416579928,0.0,1001494.8671905698,1001494.8671905698,
2020-12-29,4528.86,4523.62,4558.966259313226,0.0029020979796166024,0.015762065368281064,0.006826584553997022,-1,0,000002,0.9932197017254754,0.0,1001494.8671905698,1001494.8671905698,
2020-12-30,4517.07,4505.29,4586.033494157196,-0.004052064497017893,0.005937143050505522,0.006912211378351025,-1,0,000002,0.9931352392986783,0.0,1001494.8671905698,1001494.8671905698,
2020-12-31,4493.51,4547.18,4580.492055965066,0.009297958621975466,-0.001208329201954128,0.007232590968212464,-1,0,000002,0.9928193437811021,0.0,1001494.8671905698,1001494.8671905698,
2021-01-04,4507.91,4426.75,4592.892078393103,-0.026484546466161496,0.002707137634239132,0.010731554228287182,-1,0,000002,0.9893823892373868,0.0,1001494.8671905698,1001494.8671905698,
2021-01-05,4426.75,4443.76,4535.139529532791,0.00384254814480145,-0.012574331788026027,0.010525080696588541,-1,0,000002,0.989584542830611,0.0,951370.0490876817,1001444.7924472102,
2021-01-06,4429.36,4553.73,4502.392684153319,0.02474706104740121,-0.007220691924961664,0.0131551671819089,-1,0,000002,0.9870156441895271,0.0,1000563.5036804243,1000563.5036804243,
2021-01-07,4586.46,4558.97,4558.857757662535,0.0011507050264289997,0.012541125901334826,0.012820409624774726,-1,0,000002,0.9873418727516318,0.0,1000563.5036804243,1000563.5036804243,
2021-01-08,4583.84,4630.97,4582.418032987119,0.01579304097197398,0.005168021591589245,0.013458988186953427,-1,0,000002,0.986719750533733,0.0,1000563.5036804243,1000563.5036804243,
2021-01-11,4651.91,4688.57,4612.956447985769,0.01243799895054365,0.006664257773694171,0.013715532536870766,-1,0,000002,0.9864700380958483,0.0,1000563.5036804243,1000563.5036804243,
2021-01-12,4688.57,4678.09,4653.785648229718,-0.0022352231064054484,0.008850983247799205,0.013785976425543384,-1,0,000002,0.9864014922812893,0.0,1000563.5036804243,1000563.5036804243,
2021-01-13,4704.27,4704.27,4681.258382540345,0.00559630105449016,0.005903308916060057,0.013794106805060352,-1,0,000002,0.9863935815838069,0.0,1000563.5036804243,1000563.5036804243,
2021-01-14,4708.2,4716.06,4686.008893150091,0.0025062336983208144,0.0010147935066913139,0.013521455803492692,-1,0,000002,0.9866589348197141,0.0,1000563.5036804243,1000563.5036804243,
2021-01-15,4718.68,4710.82,4724.570321627856,-0.0011110969750174338,0.00822905576089128,0.013525845120967515,-1,0,000002,0.9866546618558572,0.0,1000563.5036804243,1000563.5036804243,
2021-01-18,4743.55,4882.31,4704.481517347098,0.03640342870243418,-0.004251985453321949,0.012556428172017036,-1,0,000002,0.9875992805707774,0.0,1000563.5036804243,1000563.5036804243,
2021-01-19,4873.15,4884.930000000001,4770.294313496948,0.0005366312257928385,0.013989383507443831,0.012775621978716761,-1,0,000002,0.9873855356492919,0.0,1000563.5036804243,1000563.5036804243,
2021-01-20,4857.44,4782.82,4839.2327134984735,-0.02090306309404666,0.01445160308169502,0.01475715137491184,-1,0,000002,0.9854574551606587,0.0,1000563.5036804243,1000563.5036804243,
2021-01-21,4756.64,4730.46,4776.205180901886,-0.010947516318824402,-0.013024282221596795,0.01558223522574773,-1,0,000002,0.9846568454180532,0.0,1000563.5036804243,1000563.5036804243,
2021-01-22,4710.82,4620.49,4731.231392135025,-0.023247210630678694,-0.009416217910129254,0.01706574896586818,-1,0,000002,0.9832206039941663,0.0,1000563.5036804243,1000563.5036804243,
2021-01-25,4620.49,4633.58,4719.700546469093,0.00283303286015113,-0.0024371764367941973,0.016544229948092272,-1,0,000002,0.9837250269484713,0.0,1000563.5036804243,1000563.5036804243,
2021-01-26,4620.49,4678.09,4705.364947677255,0.009605963423529928,-0.0030373958370224496,0.016871045271627964,-1,0,000002,0.9834088645260607,0.0,1000563.5036804243,1000563.5036804243,
2021-01-27,4676.78,4638.82,4675.491214372516,-0.008394451581735352,-0.006348866376344797,0.016947057595040706,-1,0,000002,0.9833353590351905,0.0,1000563.5036804243,1000563.5036804243,
2021-01-28,4593.0,4511.84,4626.989812957049,-0.02737334063404051,-0.010373541343928316,0.01874555517039059,-1,0,000002,0.9815993747651196,0.0,1000563.5036804243,1000563.5036804243,
2021-01-29,4527.55,4428.06,4525.372053857446,-0.018568920883719198,-0.021961958683168192,0.019226494775640656,-1,0,000002,0.9811361901655893,0.0,1000563.5036804243,1000563.5036804243,
2021-02-01,4451.62,4464.71,4442.541661008597,0.00827676228416041,-0.018303554241080433,0.013553495834277342,-1,0,000002,0.9866277449685859,0.0,1000563.5036804243,1000563.5036804243,
2021-02-02,4480.42,4500.06,4385.557932155729,0.007917647506781034,-0.012826830495030306,0.014299973565118794,-1,0,000002,0.9859016327143769,0.0,1000563.5036804243,1000563.5036804243,
2021-02-03,4500.06,4445.07,4341.807041350007,-0.012219837068839223,-0.009976128803346085,0.013685241699276846,-1,0,000002,0.9864995156915418,0.0,1000563.5036804243,1000563.5036804243,
2021-02-04,4441.15,4441.15,4323.431283237935,-0.0008818758759704393,-0.004232283456419794,0.01374996143409082,-1,0,000002,0.9864365356772595,0.0,1000563.5036804243,1000563.5036804243,
2021-02-05,4456.86,4570.75,4351.5337925452,0.029181630883892806,0.006500047639526496,0.01629067457980477,-1,0,000002,0.9839704574810347,0.0,1000563.5036804243,1000563.5036804243,
2021-02-08,4586.46,4603.47,4405.635682649017,0.0071585625991359425,0.012432832349021705,0.016459201675215415,-1,0,000002,0.983807316960593,0.0,1000563.5036804243,1000563.5036804243,
2021-02-09,4585.15,4553.73,4468.163467696309,-0.01080489283084296,0.014192681726623357,0.016327658808292695,-1,0,000002,0.983934650733172,0.0,1000563.5036804243,1000563.5036804243,
2021-02-10,4535.4,4564.2,4485.188045734763,0.0022992140508990566,0.003810195880597833,0.01625388904082942,-1,0,000002,0.9840060744503814,0.0,1000563.5036804243,1000563.5036804243,
2021-02-18,4579.91,4718.68,4497.620647746921,0.03384601901757156,0.0027719243620076828,0.01694112273487158,-1,0,000002,0.9833410977723946,0.0,1000563.5036804243,1000563.5036804243,
2021-02-19,4678.09,4696.42,4639.888710266949,-0.004717420973662123,0.03163185018534098,0.015323467080335317,-1,0,000002,0.984907797783499,0.0,1000563.5036804243,1000563.5036804243,
2021-02-22,4696.42,4682.02,4634.400213899017,-0.0030661652918605453,-0.001182893968078802,0.015554741703255394,-1,0,000002,0.9846835024597813,0.0,1000563.5036804243,1000563.5036804243,
2021-02-23,4676.78,4718.68,4651.666811705232,0.007829953737916506,0.0037257459453827746,0.015552858018222053,-1,0,000002,0.9846853288871913,0.0,1000563.5036804243,1000563.5036804243,
2021-02-24,4706.89,4716.06,4696.621692677737,-0.0005552400247527123,0.009664252147076002,0.014533338984972409,-1,0,000002,0.9856748532290591,0.0,1000563.5036804243,1000563.5036804243,
2021-02-25,4781.51,5108.79,4776.763397169114,0.08327502194628567,0.017063691677854598,0.02811072244682488,-1,0,000002,0.9726578841820427,0.0,1000563.5036804243,1000563.5036804243,
2021-02-26,5053.800000000001,5123.1900000000005,5022.837286929489,0.0028186713487929893,0.05151477460788767,0.02780966982965828,-1,0,000002,0.9729427824567293,0.0,1000563.5036804243,1000563.5036804243,
2021-03-01,5123.19,5155.91,5128.649958373905,0.006386645820279924,0.021066314793784624,0.027825077471422984,-1,0,000002,0.9729281975296067,0.0,1000563.5036804243,1000563.5036804243,
2021-03-02,5110.1,5148.06,5136.686643642784,-0.0015225246367759349,0.0015670177013653586,0.027136044676210946,-1,0,000002,0.9735808661210353,0.0,1000563.5036804243,1000563.5036804243,
2021-03-03,5103.55,5175.55,5203.036712041498,0.005339875603625366,0.012916900134609,0.027023861065167475,-1,0,000002,0.9736872120603509,0.0,1000563.5036804243,1000563.5036804243,
2021-03-04,5149.37,5069.51,5231.544720815421,-0.020488643719025035,0.005479109672231752,0.027809551890205356,-1,0,000002,0.9729428941003109,0.0,1000563.5036804243,1000563.5036804243,
2021-03-05,5005.370000000001,4918.97,5211.15775516212,-0.029695177640442605,-0.0038969303984317527,0.03006228192775243,-1,0,000002,0.9708150832671096,0.0,1000563.5036804243,1000563.5036804243,
2021-03-08,4966.09,4874.46,5127.382554373742,-0.009048642297066256,-0.01607612064812114,0.030299936281059918,-1,0,000002,0.9705911500000383,0.0,1000563.5036804243,1000563.5036804243,
2021-03-09,4890.169999999999,4850.89,5057.814379375578,-0.004835407409230941,-0.013567970452842748,0.03040673056107341,-1,0,000002,0.9704905551766763,0.0,1000563.5036804243,1000563.5036804243,
2021-03-10,4870.53,4807.69,5024.793516422511,-0.008905582274593038,-0.006528682248149953,0.030634131959772867,-1,0,000002,0.9702764239900328,0.0,1000563.5036804243,1000563.5036804243,
2021-03-11,4816.86,4867.91,4951.61657070458,0.012525766012367656,-0.0145631746814604,0.012900063134313251,-1,0,000002,0.987264229114178,0.0,1000563.5036804243,1000563.5036804243,
2021-03-12,4861.37,4912.42,4924.76168493569,0.009143554420685707,-0.00542345825558721,0.01345509182726852,-1,0,000002,0.986723544105927,0.0,1000563.5036804243,1000563.5036804243,
2021-03-15,4887.55,4905.88,4974.915627577901,-0.0013313193904429532,0.01018403444691085,0.012999743793894271,-1,0,000002,0.987167080866963,0.0,1000563.5036804243,1000563.5036804243,
2021-03-16,4912.42,5097.0,4931.81080156088,0.03895733283325309,-0.008664433579149589,0.019054494422460933,-1,0,000002,0.9813017905060516,0.0,1000563.5036804243,1000563.5036804243,
2021-03-17,5064.28,5072.13,5016.182325094343,-0.004879340788699227,0.01710761562604146,0.018960403805749936,-1,0,000002,0.9813924037333206,0.0,1000563.5036804243,1000563.5036804243,
2021-03-18,5057.73,5070.82,4948.685862579347,-0.0002582741372955111,-0.013455743459988123,0.017794857143822503,-1,0,000002,0.9825162634504176,0.0,1000563.5036804243,1000563.5036804243,
2021-03-19,5044.64,4874.46,4919.840422398449,-0.038723520061843986,-0.0058289091249495995,0.019614307478549756,-1,0,000002,0.9807630127052112,0.0,1000563.5036804243,1000563.5036804243,
2021-03-22,4829.95,4930.75,4915.6501642799385,0.011547945823742412,-0.0008517061040097529,0.019725460329923943,1,1,000002,0.9806561068667032,5.1789537349269885,950485.300321219,1000513.4755052403,
2021-03-23,4928.13,4903.26,4852.309344075323,-0.005575216752015333,-0.012885542723298005,0.019752497446367395,-1,0,000002,0.9806301063289072,0.0,1002161.9970961728,1002161.9970961728,
2021-03-24,4903.26,4816.86,4782.6445938813695,-0.01762092974877949,-0.014357029870532445,0.020431003548608467,-1,0,000002,0.9799780646829052,0.0,1002161.9970961728,1002161.9970961728,
2021-03-25,4818.17,4789.37,4774.949121578336,-0.005707037364590217,-0.001609041222272345,0.020036275368020943,-1,0,000002,0.9803572913514355,0.0,1002161.9970961728,1002161.9970961728,
2021-03-26,4795.91,4811.62,4759.743182467819,0.0046457049674590856,-0.003184523797709393,0.019821509043616032,-1,0,000002,0.9805637468244767,0.0,1002161.9970961728,1002161.9970961728,
2021-03-29,4806.38,4848.28,4768.541124626398,0.0076190555363888635,0.0018484069037560946,0.020050516795915893,-1,0,000002,0.9803436041002197,0.0,1002161.9970961728,1002161.9970961728,
2021-03-30,4846.97,4896.71,4840.106544486881,0.009989109539878083,0.015007822726094133,0.01512355940149168,-1,0,000002,0.9851017550903771,0.0,1002161.9970961728,1002161.9970961728,
2021-03-31,4844.35,4717.37,4897.342474227548,-0.03662459079667779,0.011825345003171783,0.018342119578763912,-1,0,000002,0.9819882540198268,0.0,1002161.9970961728,1002161.9970961728,
2021-04-01,4717.37,4695.11,4882.490256316067,-0.004718730987817388,-0.003032709676654588,0.018211817069034363,1,1,000002,0.9821139209310515,10.622041488119152,952003.7891415093,1002111.888996318,
2021-04-02,4717.37,4717.37,4797.749594458938,0.004741102977352973,-0.017356032968525947,0.014804330505910129,-1,0,000002,0.9854116403912764,0.0,1002061.7808964632,1002061.7808964632,
2021-04-06,4717.37,4642.75,4762.102875203491,-0.01581813595287207,-0.007429883230382961,0.014302141855234147,-1,0,000002,0.98589952513649,0.0,1002061.7808964632,1002061.7808964632,
2021-04-07,4651.91,4678.09,4724.486254665256,0.0076118679661838495,-0.007899161677944133,0.014930283436186652,-1,0,000002,0.9852893507269898,0.0,1002061.7808964632,1002061.7808964632,
2021-04-08,4638.82,4608.71,4708.633087209464,-0.01483083908176197,-0.0033555325597861563,0.014683708838300013,-1,0,000002,0.985528782308813,0.0,1002061.7808964632,1002061.7808964632,
2021-04-09,4625.73,4568.13,4694.155825404526,-0.00880506692762184,-0.0030746209222086707,0.01474901327418959,-1,0,000002,0.9854653583484645,0.0,1002061.7808964632,1002061.7808964632,
2021-04-12,4587.77,4532.78,4690.088904283048,-0.007738396236534495,-0.0008663796586104722,0.014400457233335313,-1,0,000002,0.9858039720598992,0.0,1002061.7808964632,1002061.7808964632,
2021-04-13,4547.18,4493.51,4650.189094853998,-0.008663557463631455,-0.008507260788300441,0.013605978269726714,-1,0,000002,0.9865766594106393,0.0,1002061.7808964632,1002061.7808964632,
2021-04-14,4507.91,4555.04,4597.765053332449,0.013693081800196127,-0.011273528979619862,0.014173150934317525,-1,0,000002,0.9860249199840675,0.0,1002061.7808964632,1002061.7808964632,
2021-04-15,4540.64,4538.02,4602.481239023209,-0.003736520425726142,0.0010257561306534768,0.009662993546941346,-1,0,000002,0.9904294862655157,0.0,1002061.7808964632,1002061.7808964632,
2021-04-16,4558.97,4569.44,4566.300738188625,0.00692372444369993,-0.007861086000268691,0.010228381123682588,-1,0,000002,0.989875179400221,0.0,1002061.7808964632,1002061.7808964632,
2021-04-19,4564.2,4586.46,4530.1612527233365,0.003724745264189977,-0.007914390123946125,0.01015140247583463,-1,0,000002,0.9899506128972805,0.0,1002061.7808964632,1002061.7808964632,
2021-04-20,4560.27,4551.11,4532.205039848685,-0.007707469377253973,0.0004511510763818283,0.00927904699011227,-1,0,000002,0.9908062621355468,0.0,1002061.7808964632,1002061.7808964632,
2021-04-21,4531.47,4540.64,4472.164647871256,-0.0023005376710295566,-0.013247501260321037,0.008652026316884215,-1,0,000002,0.9914221891285172,0.0,1002061.7808964632,1002061.7808964632,
2021-04-22,4562.89,4589.07,4468.156486356855,0.010665897318439477,-0.0008962464108537294,0.008515647694089013,-1,0,000002,0.9915562562528806,0.0,1002061.7808964632,1002061.7808964632,
2021-04-23,4521.0,4467.33,4522.966691526175,-0.026528250822061894,0.012266849949566172,0.011706947912531785,-1,0,000002,0.9884285188149722,0.0,1002061.7808964632,1002061.7808964632,
2021-04-26,4455.55,4416.27,4479.284159669281,-0.011429645895870588,-0.009657937994266952,0.011957653481735863,-1,0,000002,0.988183642427532,0.0,1002061.7808964632,1002061.7808964632,
2021-04-27,4408.42,4446.38,4432.831199605465,0.00681797082153035,-0.010370621377868816,0.01207774255097744,-1,0,000002,0.9880663885359883,0.0,1002061.7808964632,1002061.7808964632,
2021-04-28,4447.69,4413.66,4377.294353354574,-0.007358795244670979,-0.012528527198562012,0.011023178179828536,-1,0,000002,0.9890970074497464,0.0,1002061.7808964632,1002061.7808964632,
2021-04-29,4426.75,4441.15,4312.843209287525,0.006228390949914564,-0.014723968475562232,0.011402417631142116,-1,0,000002,0.9887261317232677,0.0,1002061.7808964632,1002061.7808964632,
2021-04-30,4480.42,4477.8,4311.178450716734,0.00825236706708865,-0.0003860002531985707,0.011526269263954099,-1,0,000002,0.9886050717473296,0.0,1002061.7808964632,1002061.7808964632,
2021-05-06,4438.53,4445.07,4323.035674002171,-0.007309393005493825,0.0027503438841567363,0.011449116620351366,-1,0,000002,0.9886804818628866,0.0,1002061.7808964632,1002061.7808964632,
2021-05-07,4443.76,4455.55,4349.863797969819,0.002357668158206927,0.006205853014118468,0.011438248391848416,-1,0,000002,0.9886911055518862,0.0,1002061.7808964632,1002061.7808964632,
2021-05-10,4454.24,4395.33,4323.552002232671,-0.013515727575720171,-0.0060488780704877065,0.01200041580448918,-1,0,000002,0.988141886488308,0.0,1002061.7808964632,1002061.7808964632,
2021-05-11,4365.22,4405.8,4305.614032282234,0.002382073700950782,-0.004148896541818825,0.01119733646970715,-1,0,000002,0.9889266554945653,0.0,1002061.7808964632,1002061.7808964632,
2021-05-12,4377.0,4328.56,4300.538307609559,-0.01753143583458161,-0.001178861977552792,0.009405036761038018,-1,0,000002,0.9906825937869135,0.0,1002061.7808964632,1002061.7808964632,
2021-05-13,4298.45,4308.93,4252.982295911908,-0.004534995471935255,-0.011058153258047376,0.008970085669017181,-1,0,000002,0.991109661429586,0.0,1002061.7808964632,1002061.7808964632,
2021-05-14,4308.93,4333.8,4191.300125606061,0.005771734514136817,-0.014503274646860964,0.008855722540843863,-1,0,000002,0.9912220128775794,0.0,1002061.7808964632,1002061.7808964632,
2021-05-17,4328.56,4340.35,4190.119406570792,0.00151137569800186,-0.0002817071075523758,0.008761579936279495,-1,0,000002,0.9913145186032631,0.0,1002061.7808964632,1002061.7808964632,
2021-05-18,4348.2,4362.6,4137.387022556663,0.005126314698123524,-0.012584935868757308,0.008657945521481697,-1,0,000002,0.9914163710701694,0.0,1002061.7808964632,1002061.7808964632,
2021-05-19,4363.91,4294.53,4152.234877130986,-0.015603080731673935,0.0035887033273351854,0.008879690125309377,-1,0,000002,0.9911984647800706,0.0,1002061.7808964632,1002061.7808964632,
2021-05-20,4280.13,4320.71,4155.715365738273,0.0060961269335644275,0.0008382205511678897,0.009346754070321804,-1,0,000002,0.9907397987533721,0.0,1002061.7808964632,1002061.7808964632,
2021-05-21,4319.4,4268.35,4099.053651167751,-0.012118378692390741,-0.013634647607886907,0.00957836231306819,-1,0,000002,0.990512512281738,0.0,1002061.7808964632,1002061.7808964632,
2021-05-24,4256.56,4218.6,4086.166098534465,-0.011655557768224245,-0.0031440312155012196,0.009394540512906025,-1,0,000002,0.9906928954577737,0.0,1002061.7808964632,1002061.7808964632,
2021-05-25,4222.53,4293.22,4015.2767050445086,0.017688332622196823,-0.017348632380700724,0.011557790965586307,-1,0,000002,0.988574265287845,0.0,1002061.7808964632,1002061.7808964632,
2021-05-26,4291.91,4348.2,4032.9863270169503,0.012806238674002213,0.0044105607840656536,0.011155748175289698,-1,0,000002,0.988967329518305,0.0,1002061.7808964632,1002061.7808964632,
2021-05-27,4349.51,4345.58,4094.695840902329,-0.000602548180856366,0.015301195908348886,0.011026761270820128,-1,0,000002,0.9890935020780657,0.0,1002061.7808964632,1002061.7808964632,
2021-05-28,4345.58,4318.09,4106.114694247843,-0.0063259679950662395,0.0027886939077255146,0.011096547476840088,-1,0,000002,0.9890252345292533,0.0,1002061.7808964632,1002061.7808964632,
2021-05-31,4318.09,4285.36,4149.977286484838,-0.00757974011657947,0.010682261822457573,0.01130146854943452,-1,0,000002,0.9888248273132195,0.0,1002061.7808964632,1002061.7808964632,
2021-06-01,4308.93,4272.27,4136.921599926353,-0.0030545858457631248,-0.003145965786608751,0.011085315288540438,-1,0,000002,0.9890362216512096,0.0,1002061.7808964632,1002061.7808964632,
2021-06-02,4259.18,4293.22,4147.878521311283,0.004903716291339233,0.0026485687775965605,0.01015411570309269,-1,0,000002,0.9899479539356971,0.0,1002061.7808964632,1002061.7808964632,
2021-06-03,4305.0,4281.44,4189.2042693239455,-0.002743861250995905,0.00996310470529349,0.009948672514508292,-1,0,000002,0.9901493285894036,0.0,1002061.7808964632,1002061.7808964632,
2021-06-04,4267.04,4236.93,4157.392632542253,-0.010396034978885416,-0.0075937182186693875,0.009745091964329553,-1,0,000002,0.9903489583243512,0.0,1002061.7808964632,1002061.7808964632,
2021-06-07,4209.44,4185.87,4137.272994012237,-0.012051178565612441,-0.004839484818568218,0.009795202215955364,-1,0,000002,0.990299813076493,0.0,1002061.7808964632,1002061.7808964632,
2021-06-08,4192.42,4201.58,4089.695747407079,0.0037531027002750683,-0.01149966334685082,0.007636193106652361,-1,0,000002,0.9924216764355107,0.0,1002061.7808964632,1002061.7808964632,
2021-06-09,4201.58,4181.94,4066.984286604524,-0.004674431999390771,-0.005553337510976086,0.005554382528308724,-1,0,000002,0.9944762982243257,0.0,1002061.7808964632,1002061.7808964632,
2021-06-10,4175.4,4147.91,4045.1036051970727,-0.008137371650477898,-0.0053800752266292,0.005571849456385596,-1,0,000002,0.9944590240275741,0.0,1002061.7808964632,1002061.7808964632,
2021-06-11,4138.74,4100.78,4040.534318524004,-0.011362348749129114,-0.0011295845839889296,0.005956461074345211,-1,0,000002,0.9940788082736863,0.0,1002061.7808964632,1002061.7808964632,
2021-06-15,4089.000000000001,4031.4,4038.3855204176903,-0.0169187325338106,-0.0005318103837065324,0.007019705186439687,-1,0,000002,0.9930292275808643,0.0,1002061.7808964632,1002061.7808964632,
2021-06-16,4030.09,4057.58,3960.171538283229,0.006494021927866189,-0.019367636333633587,0.00804912544899031,-1,0,000002,0.9920151456454018,0.0,1002061.7808964632,1002061.7808964632,
2021-06-17,4057.58,4062.82,3892.306228333712,0.0012914101508780806,-0.017136962198091354,0.007619204681286533,-1,0,000002,0.9924384086310695,0.0,1002061.7808964632,1002061.7808964632,
2021-06-18,4056.27,4006.5300000000007,3845.4972199577096,-0.01385490865950234,-0.012026034343151193,0.007978435514442205,-1,0,000002,0.992084716067988,0.0,1002061.7808964632,1002061.7808964632,
2021-06-21,3997.36,3958.09,3806.856378743649,-0.012090262646230143,-0.01004833419551543,0.00808560857771589,-1,0,000002,0.9919792441148687,0.0,1002061.7808964632,1002061.7808964632,
2021-06-22,3971.18,3962.02,3761.2952847951656,0.0009929031426774149,-0.011968167279144848,0.008187803326584864,-1,0,000002,0.9918786923432633,0.0,1002061.7808964632,1002061.7808964632,
2021-06-23,3964.63,3997.36,3728.767478941084,0.008919692480098496,-0.00864803302882744,0.008959721885097352,-1,0,000002,0.9911198418621138,0.0,1002061.7808964632,1002061.7808964632,
2021-06-24,4005.22,3975.11,3717.806194218994,-0.005566173674625308,-0.00293965359438364,0.008961288901104423,-1,0,000002,0.9911183025556268,0.0,1002061.7808964632,1002061.7808964632,
2021-06-25,3984.27,3998.67,3709.330557231904,0.005926880010867608,-0.0022797414777211422,0.009505364054395681,-1,0,000002,0.990584137149881,0.0,1002061.7808964632,1002061.7808964632,
2021-06-28,4014.38,3942.38,3719.753697037697,-0.014077180662570243,0.0028099786861732756,0.009785799124916578,-1,0,000002,0.9903090347146919,0.0,1002061.7808964632,1002061.7808964632,
2021-06-29,3945.0,3905.73,3733.874910530448,-0.009296414856000745,0.003796276485724448,0.008916285674258657,-1,0,000002,0.9911625118943344,0.0,1002061.7808964632,1002061.7808964632,
2021-06-30,3908.34,3907.0300000000007,3716.408471882344,0.0003328443082344368,-0.004677831761006224,0.008374061026726685,-1,0,000002,0.9916954815178405,0.0,1002061.7808964632,1002061.7808964632,
2021-07-01,3917.51,4060.2,3676.8591838717466,0.03920369180681971,-0.010641803318935494,0.016008318592911713,-1,0,000002,0.984243909916917,0.0,1002061.7808964632,1002061.7808964632,
2021-07-02,4034.02,3938.45,3842.38237900436,-0.02998620757598147,0.04501755081039471,0.01822444320541552,-1,0,000002,0.9821017425705828,0.0,1002061.7808964632,1002061.7808964632,
2021-07-05,3939.76,3908.34,3852.969580287338,-0.007645139585369831,0.0027553742024295502,0.017991897297224183,-1,0,000002,0.9823260898785219,0.0,1002061.7808964632,1002061.7808964632,
2021-07-06,3918.82,3994.74,3808.1150560694937,0.0221065720996636,-0.011641546418463822,0.01944732267596088,-1,0,000002,0.9809236610432079,0.0,1002061.7808964632,1002061.7808964632,
2021-07-07,3958.09,3937.14,3871.668516238333,-0.014418960933627711,0.01668895483279731,0.019787646726251582,-1,0,000002,0.9805963067019153,0.0,1002061.7808964632,1002061.7808964632,
2021-07-08,3951.54,3938.45,3871.407588676215,0.0003327288336203438,-6.739408630251909e-05,0.019735585851432334,-1,0,000002,0.9806463693870662,0.0,1002061.7808964632,1002061.7808964632,
2021-07-09,3909.65,3939.76,3865.723614803553,0.0003326181619673907,-0.0014681930906182972,0.0196040760906401,-1,0,000002,0.9807728543359634,0.0,1002061.7808964632,1002061.7808964632,
2021-07-12,3969.87,3908.34,3876.128719482422,-0.007975105082543066,0.0026916318173972886,0.019254425865890035,-1,0,000002,0.9811093036466015,0.0,1002061.7808964632,1002061.7808964632,
2021-07-13,3910.96,3910.96,3864.973120812178,0.0006703613298739697,-0.002878025854552546,0.019016568140722577,-1,0,000002,0.9813383130998352,0.0,1002061.7808964632,1002061.7808964632,
2021-07-14,3907.03,3828.49,3839.254157150389,-0.02108689426636945,-0.006654370640586604,0.020182464348621726,-1,0,000002,0.980216809194512,0.0,1002061.7808964632,1002061.7808964632,
2021-07-15,3828.49,3869.0700000000006,3817.544518559576,0.010599479168027282,-0.005654650018514729,0.01510681677668489,-1,0,000002,0.9851180028278658,0.0,1002061.7808964632,1002061.7808964632,
2021-07-16,3853.36,3925.36,3806.301362257004,0.014548715841274484,-0.0029451277510744722,0.013280547237425276,-1,0,000002,0.9868935140681098,0.0,1002061.7808964632,1002061.7808964632,
2021-07-19,3916.2,3863.83,3832.427570720316,-0.0156749954144334,0.006863935872860161,0.014000371971649809,-1,0,000002,0.9861929321145839,0.0,1002061.7808964632,1002061.7808964632,
2021-07-20,3840.27,3812.78,3824.668975473047,-0.013212279008134376,-0.0020244597201378722,0.011787862286077005,-1,0,000002,0.988349472527331,0.0,1002061.7808964632,1002061.7808964632,
2021-07-21,3801.0,3765.65,3780.6644293338063,-0.012361059384491169,-0.01150545221597854,0.011613852942949525,-1,0,000002,0.9885194801265692,0.0,1002061.7808964632,1002061.7808964632,
2021-07-22,3763.03,3828.49,3681.7952817553287,0.01668769004023196,-0.026151262410744947,0.01337040657708617,-1,0,000002,0.9868060025334191,0.0,1002061.7808964632,1002061.7808964632,
2021-07-23,3820.63,3815.4,3696.225710408092,-0.0034191025704650713,0.003919400061234146,0.01332695255387545,-1,0,000002,0.9868483192712009,0.0,1002061.7808964632,1002061.7808964632,
2021-07-26,3774.82,3586.31,3702.662796274424,-0.06004350788908108,0.0017415294331746267,0.022469310776306508,-1,0,000002,0.9780244643633883,0.0,1002061.7808964632,1002061.7808964632,
2021-07-27,3578.45,3429.21,3616.296645880938,-0.04380547136192914,-0.02332541609794636,0.024773634562606818,-1,0,000002,0.9758252615728343,0.0,1002061.7808964632,1002061.7808964632,
2021-07-28,3431.83,3472.4099999999994,3498.999380144477,0.01259765368700072,-0.032435742203302254,0.025787450018963896,-1,0,000002,0.9748608251948422,0.0,1002061.7808964632,1002061.7808964632,
2021-07-29,3499.9,3486.81,3403.31372335732,0.004146975731552649,-0.027346577232947644,0.025307452038344818,-1,0,000002,0.9753172065724942,0.0,1002061.7808964632,1002061.7808964632,
2021-07-30,3459.32,3494.67,3373.1624818092587,0.0022542094349851105,-0.008859377653352984,0.02425626705118556,-1,0,000002,0.9763181658424029,0.0,1002061.7808964632,1002061.7808964632,
2021-08-02,3486.81,3526.09,3351.7832932859665,0.008990834613854748,-0.0063380251139948385,0.025002658284672116,-1,0,000002,0.9756072259105029,0.0,1002061.7808964632,1002061.7808964632,
2021-08-03,3527.4,3523.47,3362.7940291625264,-0.0007430326508967022,0.0032850381164604148,0.025069910540871754,-1,0,000002,0.9755432187765185,0.0,1002061.7808964632,1002061.7808964632,
2021-08-04,3522.1600000000003,3480.27,3361.597893002629,-0.012260640788767874,-0.0003556971225487926,0.025067798022147016,-1,0,000002,0.9755452292321396,0.0,1002061.7808964632,1002061.7808964632,
2021-08-05,3506.45,3537.87,3335.269371139705,0.016550440052064852,-0.00783214492064277,0.025053080530301385,-1,0,000002,0.9755592359008957,0.0,1002061.7808964632,1002061.7808964632,
2021-08-06,3503.8300000000004,3552.27,3343.064036640824,0.004070245656284666,0.0023370422696789017,0.02530176833413092,-1,0,000002,0.9753226131900267,0.0,1002061.7808964632,1002061.7808964632,
2021-08-09,3539.18,3706.74,3363.136696574092,0.04348487023790426,0.006004270248271437,0.022081960242042762,-1,0,000002,0.9783951179054041,0.0,1002061.7808964632,1002061.7808964632,
2021-08-10,3694.960000000001,3651.76,3512.189457487465,-0.014832440365388333,0.0443195666311178,0.016333966184941984,-1,0,000002,0.9839285444269313,0.0,1002061.7808964632,1002061.7808964632,
2021-08-11,3748.63,3815.4,3535.99407969296,0.04481126908668687,0.006777715864600298,0.02036543812928488,-1,0,000002,0.9800410349387937,0.0,1002061.7808964632,1002061.7808964632,
2021-08-12,3804.92,3753.87,3610.13939537108,-0.01612674948891335,0.020968732980615856,0.021923361987853454,-1,0,000002,0.978546960757206,0.0,1002061.7808964632,1002061.7808964632,
2021-08-13,3747.32,3773.51,3627.147101839185,0.0052319339774686835,0.00471109411728321,0.021862523149971606,-1,0,000002,0.978605220707597,0.0,1002061.7808964632,1002061.7808964632,
2021-08-16,3789.22,3795.76,3685.555896608234,0.005896367042885764,0.016103232962190184,0.021867544940491795,-1,0,000002,0.9786004115222534,0.0,1002061.7808964632,1002061.7808964632,
2021-08-17,3774.82,3816.71,3778.63925911367,0.005519316289754883,0.025256261230795385,0.0216907661187423,-1,0,000002,0.978769734602631,0.0,1002061.7808964632,1002061.7808964632,
2021-08-18,3827.18,3895.25,3819.742476931215,0.020577932302952018,0.010877782979258566,0.020706625081525223,-1,0,000002,0.9797134410880586,0.0,1002061.7808964632,1002061.7808964632,
2021-08-19,3867.7600000000007,3820.63,3849.043158622385,-0.019156665169116183,0.0076708526472994976,0.022722997499773044,-1,0,000002,0.9777818651234758,0.0,1002061.7808964632,1002061.7808964632,
2021-08-20,3825.87,3768.27,3822.385786582232,-0.013704546108887827,-0.006925713986977944,0.02373276931311661,-1,0,000002,0.9768174175678284,0.0,1002061.7808964632,1002061.7808964632,
2021-08-23,3776.12,3777.43,3802.843563002944,0.0024308236936312344,-0.005112572270409621,0.019782843442862182,-1,0,000002,0.980600925412636,0.0,1002061.7808964632,1002061.7808964632,
2021-08-24,3770.89,3803.62,3769.291536473036,0.006933285328914129,-0.00882287845241081,0.01889462619369741,-1,0,000002,0.9814557602837869,0.0,1002061.7808964632,1002061.7808964632,
2021-08-25,3849.43,3734.23,3788.21242084086,-0.018243147317555386,0.005019745536989806,0.013642676956877113,-1,0,000002,0.9865409406420863,0.0,1002061.7808964632,1002061.7808964632,
2021-08-26,3718.52,3685.8,3792.7569819366936,-0.012969206503080866,0.0011996584644597963,0.013313611348302903,-1,0,000002,0.9868613120368648,0.0,1002061.7808964632,1002061.7808964632,
2021-08-27,3685.8,3689.72,3748.030739831329,0.0010635411579573706,-0.01179254097174609,0.013134833683131524,-1,0,000002,0.9870354534791964,0.0,1002061.7808964632,1002061.7808964632,
2021-08-30,3571.91,3497.29,3674.595484553576,-0.05215300890040431,-0.019593023743732063,0.02013711443262747,-1,0,000002,0.9802603844642716,0.0,1002061.7808964632,1002061.7808964632,
2021-08-31,3477.65,3545.72,3621.944258610607,0.013847865061233033,-0.014328441365666578,0.020914254306827446,-1,0,000002,0.9795141911099795,0.0,1002061.7808964632,1002061.7808964632,
2021-09-01,3526.09,3679.25,3526.286527181268,0.03765948805884278,-0.02641060286941954,0.023912095718790535,-1,0,000002,0.9766463392523904,0.0,1002061.7808964632,1002061.7808964632,
2021-09-02,3696.27,3729.0,3611.8198619556433,0.013521777536182666,0.024255923083694064,0.024060110549860417,-1,0,000002,0.9765051774773832,0.0,1002061.7808964632,1002061.7808964632,
2021-09-03,3715.91,3693.65,3628.648089821935,-0.009479753285063008,0.004659210179208673,0.02387124892116813,-1,0,000002,0.9766853020374185,0.0,1002061.7808964632,1002061.7808964632,
2021-09-06,3672.71,3643.91,3595.4745100682976,-0.013466354419070625,-0.009142131982069812,0.024091043526056326,-1,0,000002,0.9764756818465004,0.0,1002061.7808964632,1002061.7808964632,
2021-09-07,3660.92,3649.14,3582.0328136158,0.0014352714529173305,-0.0037385041709674383,0.02389274949022437,-1,0,000002,0.9766647927704146,0.0,1002061.7808964632,1002061.7808964632,
2021-09-08,3625.58,3615.1100000000006,3552.4008091896776,-0.00932548490877283,-0.008272398933222291,0.023459522489023568,-1,0,000002,0.9770782117186514,0.0,1002061.7808964632,1002061.7808964632,
2021-09-09,3594.16,3598.09,3542.2705947518352,-0.004708017183432944,-0.002851653003691612,0.023213091744093188,-1,0,000002,0.9773135313343911,0.0,1002061.7808964632,1002061.7808964632,
2021-09-10,3598.09,3624.27,3541.85491416514,0.007276082588262067,-0.00011734862585344175,0.02339141184768069,-1,0,000002,0.9771432400380918,0.0,1002061.7808964632,1002061.7808964632,
2021-09-13,3609.87,3736.85,3549.2292448532585,0.031062807130815218,0.002082053293212427,0.017426262358226155,-1,0,000002,0.9828722109867353,0.0,1002061.7808964632,1002061.7808964632,
2021-09-14,3719.83,3588.92,3632.6457793271543,-0.0395868177743286,0.023502718116858334,0.022478941274477568,-1,0,000002,0.9780152525718931,0.0,1002061.7808964632,1002061.7808964632,
2021-09-15,3571.91,3516.92,3648.425060940385,-0.020061745594775027,0.004343743533439914,0.0193359132713352,1,1,000002,0.9810308721398026,14.026974096442286,951908.5887625952,1002011.6778074184,
2021-09-16,3515.61,3443.6100000000006,3570.0935595917704,-0.020844943871341837,-0.02146994937273683,0.018858026807492143,-1,0,000002,0.9814910161069427,0.0,1001172.6457953855,1001172.6457953855,
2021-09-17,3447.54,3450.1599999999994,3504.8404341548685,0.001902073695917661,-0.01827770738993273,0.019085466703333748,-1,0,000002,0.9812719665553922,0.0,1001172.6457953855,1001172.6457953855,
2021-09-22,3427.9000000000005,3582.38,3497.309895996452,0.038322860389083724,-0.0021486108426024275,0.02353315488652351,-1,0,000002,0.9770079212635447,0.0,1001172.6457953855,1001172.6457953855,
2021-09-23,3558.81,3643.91,3582.075865209103,0.017175732334369753,0.024237477299248633,0.024262887043245564,-1,0,000002,0.9763118557255496,0.0,1001172.6457953855,1001172.6457953855,
2021-09-24,3624.27,3613.8,3588.9786645948893,-0.008263101997579403,0.0019270388583418896,0.024219213840237102,-1,0,000002,0.9763534861356205,0.0,1001172.6457953855,1001172.6457953855,
2021-09-27,3591.5399999999995,3547.03,3554.4562318807843,-0.018476396037412135,-0.009619013078753347,0.024912407103688673,-1,0,000002,0.9756931354025766,0.0,1001172.6457953855,1001172.6457953855,
2021-09-28,3613.8,3713.29,3552.990732373596,0.0468730177077723,-0.00041229921303964634,0.029181462923824054,-1,0,000002,0.9716459497425053,0.0,1001172.6457953855,1001172.6457953855,
2021-09-29,3742.09,3725.0700000000006,3668.532191237212,0.003172388905795298,0.03251949345401961,0.02746343452371231,-1,0,000002,0.9732706453573764,0.0,1001172.6457953855,1001172.6457953855,
2021-09-30,3761.72,3743.4,3664.510067043901,0.004920712899354696,-0.0010963851436054384,0.023676689764563972,-1,0,000002,0.976870930049204,0.0,1001172.6457953855,1001172.6457953855,
2021-10-08,3765.65,3734.23,3688.982570723892,-0.0024496447080194494,0.006678247086856048,0.022261712319912707,-1,0,000002,0.9782230792255809,0.0,1001172.6457953855,1001172.6457953855,
2021-10-11,3739.47,3846.8200000000006,3707.3088776814943,0.03015079413962196,0.004967848615778703,0.021184418515782316,-1,0,000002,0.9792550511624801,0.0,1001172.6457953855,1001172.6457953855,
2021-10-12,3833.72,3873.0,3771.7789295429,0.0068056212663965,0.017389986642204036,0.020997799177161547,-1,0,000002,0.9794340407059801,0.0,1001172.6457953855,1001172.6457953855,
2021-10-13,3866.45,3873.0,3812.7512472456697,0.0,0.010862862980077992,0.01902880831056777,-1,0,000002,0.9813265256532684,0.0,1001172.6457953855,1001172.6457953855,
2021-10-14,3859.91,3742.09,3839.6567477256062,-0.033800671314226705,0.007056715409738068,0.022757602138644674,-1,0,000002,0.9777487822226331,0.0,1001172.6457953855,1001172.6457953855,
2021-10-15,3735.54,3714.6,3835.7855949980026,-0.007346162171406934,-0.0010082028113311825,0.022709453120431797,1,1,000002,0.9777948144987396,13.400641484168093,951063.9548733265,1001122.5871630957,
2021-10-18,3706.74,3611.18,3803.9663950985673,-0.02784149033543315,-0.008295354135780864,0.023856942155571634,-1,0,000002,0.9766989496546807,0.0,1000686.9759945367,1000686.9759945367,
2021-10-19,3639.98,3611.18,3744.561305011511,0.0,-0.015616618002619598,0.01794321326920543,-1,0,000002,0.9823730704863394,0.0,1000686.9759945367,1000686.9759945367,
2021-10-20,3619.0300000000007,3571.9099999999994,3663.878837601543,-0.01087456177759083,-0.021546574041126587,0.017987511183218948,-1,0,000002,0.9823303223412714,0.0,1000686.9759945367,1000686.9759945367,
2021-10-21,3598.09,3667.47,3603.8782974368337,0.026753193669493358,-0.01637623481129824,0.020364376000055685,-1,0,000002,0.9800420550941946,0.0,1000686.9759945367,1000686.9759945367,
2021-10-22,3710.67,3746.02,3643.874682061673,0.021418034776017336,0.011098150748676927,0.021645982032092732,-1,0,000002,0.9788126391991109,0.0,1000686.9759945367,1000686.9759945367,
2021-10-25,3676.630000000001,3649.14,3711.753082022668,-0.025862114991377583,0.018628082984069483,0.02033592806933827,-1,0,000002,0.9800693795936231,0.0,1000686.9759945367,1000686.9759945367,
2021-10-26,3649.14,3535.25,3684.73907989204,-0.031210093337060152,-0.007277963144010413,0.02139402377479831,-1,0,000002,0.9790540934479608,0.0,1000686.9759945367,1000686.9759945367,
2021-10-27,3520.85,3527.4,3610.1766291815047,-0.0022204936001697373,-0.020235476405216724,0.02130298855687633,-1,0,000002,0.9791413627536938,0.0,1000686.9759945367,1000686.9759945367,
2021-10-28,3519.54,3458.01,3549.0640198194983,-0.01967171287633951,-0.016927872411567235,0.01990529493550569,-1,0,000002,0.9804831928666824,0.0,1000686.9759945367,1000686.9759945367,
2021-10-29,3435.76,3337.58,3513.193606812358,-0.034826388587655965,-0.010107006468980106,0.02167174580222212,-1,0,000002,0.9787879562185549,0.0,1000686.9759945367,1000686.9759945367,
2021-11-01,3332.34,3334.96,3452.1301577156787,-0.0007849999101144922,-0.01738117961340724,0.020933318862274314,-1,0,000002,0.9794959000009891,0.0,1000686.9759945367,1000686.9759945367,
2021-11-02,3328.41,3262.96,3355.829852167368,-0.02158946434140141,-0.027895908076662423,0.021159830885320776,-1,0,000002,0.9792786298037442,0.0,1000686.9759945367,1000686.9759945367,
2021-11-03,3270.81,3316.63,3333.016434719861,0.016448255571628323,-0.0067981448561144076,0.0227243264556646,-1,0,000002,0.9777805945670446,0.0,1000686.9759945367,1000686.9759945367,
2021-11-04,3311.39,3317.94,3311.0225974354157,0.00039497924097653403,-0.006598778528463467,0.019678918174902967,-1,0,000002,0.9807008678671855,0.0,1000686.9759945367,1000686.9759945367,
2021-11-05,3310.09,3286.52,3286.650014176369,-0.009469731218768263,-0.00736104407077276,0.016384509673965684,-1,0,000002,0.9838796149311431,0.0,1000686.9759945367,1000686.9759945367,
2021-11-08,3359.83,3350.67,3274.00928098172,0.019519126614169435,-0.0038460843534070532,0.01853290482276563,-1,0,000002,0.9818043140923459,0.0,1000686.9759945367,1000686.9759945367,
2021-11-09,3344.12,3338.89,3291.340165288747,-0.003515714767494349,0.005293474397797038,0.016715960541298005,-1,0,000002,0.983558868759768,0.0,1000686.9759945367,1000686.9759945367,
2021-11-10,3358.52,3438.38,3294.3043256655337,0.02979732785446676,0.000900593748421219,0.02014400381442295,-1,0,000002,0.9802537644302153,0.0,1000686.9759945367,1000686.9759945367,
2021-11-11,3434.45,3675.3200000000006,3311.266653427184,0.06891035894810948,0.005148986275948619,0.02915258754444976,-1,0,000002,0.9716732116332645,0.0,1000686.9759945367,1000686.9759945367,
2021-11-12,3637.3600000000006,3540.49,3455.500399337411,-0.036685241013027614,0.04355848109089755,0.029449705036651855,-1,0,000002,0.9713927694645332,0.0,1000686.9759945367,1000686.9759945367,
2021-11-15,3514.31,3493.3600000000006,3471.93301796794,-0.01331171673977305,0.00475549608782555,0.030045075141811574,1,1,000002,0.9708313006227663,14.237317937156039,950602.5928460101,1000636.9416457369,
2021-11-16,3478.96,3472.4099999999994,3443.7577863746887,-0.00599709162525508,-0.008115142615781723,0.028891424144624585,-1,0,000002,0.9719198513403456,0.0,1000084.1213970479,1000084.1213970479,
2021-11-17,3471.1,3501.21,3435.607072561384,0.008293951463105076,-0.0023668080971179783,0.028697288387710976,-1,0,000002,0.972103272059083,0.0,1000084.1213970479,1000084.1213970479,
2021-11-18,3486.81,3452.78,3459.770651970506,-0.013832360812404798,0.007033277932772197,0.029340153499383712,-1,0,000002,0.9714961537256291,0.0,1000084.1213970479,1000084.1213970479,
2021-11-19,3442.3,3558.81,3476.791448450089,0.030708588441777263,0.004919631441433481,0.029978294412208117,-1,0,000002,0.9708942464371869,0.0,1000084.1213970479,1000084.1213970479,
2021-11-22,3558.81,3469.8,3540.265786771775,-0.02501116946394999,0.018256584918253216,0.03141417835118517,-1,0,000002,0.9695426153619453,0.0,1000084.1213970479,1000084.1213970479,
2021-11-23,3465.87,3472.4099999999994,3531.9681739407783,0.000752204738025064,-0.002343782453283816,0.03133057615081086,-1,0,000002,0.9696212088778123,0.0,1000084.1213970479,1000084.1213970479,
2021-11-24,3456.7,3480.27,3477.185603240133,0.0022635575868059643,-0.015510493867084363,0.030029815632094038,-1,0,000002,0.9708456831284387,0.0,1000084.1213970479,1000084.1213970479,
2021-11-25,3469.8,3469.8,3461.513077942729,-0.0030083872802971756,-0.004507244388335163,0.018531476950094574,-1,0,000002,0.9818056904774455,0.0,1000084.1213970479,1000084.1213970479,
2021-11-26,3460.63,3439.69,3465.691700495482,-0.008677733586950342,0.0012071664785495706,0.015108914194122108,-1,0,000002,0.9851159673776317,0.0,1000084.1213970479,1000084.1213970479,
2021-11-29,3408.27,3370.3,3433.5379780805115,-0.020173329573304533,-0.009277721503725744,0.01578110196803761,-1,0,000002,0.9844640720944086,0.0,1000084.1213970479,1000084.1213970479,
2021-11-30,3367.69,3344.12,3410.036753252149,-0.007767854493665349,-0.006844608965560495,0.015822511639168733,-1,0,000002,0.9844239407397686,0.0,1000084.1213970479,1000084.1213970479,
2021-12-01,3344.12,3371.6100000000006,3375.054715690613,0.008220398789517303,-0.010258551474019661,0.015816360795354666,-1,0,000002,0.9844299015001383,0.0,1000084.1213970479,1000084.1213970479,
2021-12-02,3362.45,3444.92,3315.095336339772,0.021743321439905428,-0.017765454015335025,0.01721168339476578,-1,0,000002,0.9830795461006456,0.0,1000084.1213970479,1000084.1213970479,
2021-12-03,3444.92,3476.34,3354.790796145201,0.009120676242118764,0.011974153313267122,0.013966787979616608,-1,0,000002,0.9862255961978339,0.0,1000084.1213970479,1000084.1213970479,
2021-12-06,3519.54,3505.14,3401.492175537944,0.00828457515663028,0.013920802288597267,0.011728130593135124,-1,0,000002,0.9884078239613052,0.0,1000084.1213970479,1000084.1213970479,
2021-12-07,3591.5399999999995,3564.05,3435.5343502753976,0.016806746663471372,0.010008012066665906,0.01273458281673646,-1,0,000002,0.9874255475888682,0.0,1000084.1213970479,1000084.1213970479,
2021-12-08,3564.05,3547.03,3457.343763842583,-0.004775466112989402,0.0063481867283432525,0.012952901921159962,-1,0,000002,0.9872127303287314,0.0,1000084.1213970479,1000084.1213970479,
2021-12-09,3556.2,3624.27,3464.905136250258,0.021775964680309956,0.002187046739972054,0.014203688528653032,-1,0,000002,0.9859952308502655,0.0,1000084.1213970479,1000084.1213970479,
2021-12-10,3598.09,3592.85,3491.052579621077,-0.008669332031002175,0.0075463663051726915,0.014202825582888363,-1,0,000002,0.9859960697952842,0.0,1000084.1213970479,1000084.1213970479,
2021-12-13,3582.38,3558.81,3518.528513712288,-0.009474372712470647,0.007870386785808092,0.012434158745118419,-1,0,000002,0.9877185507445441,0.0,1000084.1213970479,1000084.1213970479,
2021-12-14,3560.12,3506.45,3526.243766477108,-0.014712783205622193,0.0021927498199183493,0.013414502009738751,-1,0,000002,0.9867630648829911,0.0,1000084.1213970479,1000084.1213970479,
2021-12-15,3494.67,3520.85,3502.940637155772,0.004106717620385281,-0.006608485080603743,0.013362019580326012,-1,0,000002,0.9868141697417673,0.0,1000084.1213970479,1000084.1213970479,
2021-12-16,3507.76,3544.4099999999994,3497.5705326694256,0.006691565957084089,-0.0015330275453102615,0.011969021695303124,-1,0,000002,0.9881725414131234,0.0,1000084.1213970479,1000084.1213970479,
2021-12-17,3544.41,3510.38,3537.9034760338072,-0.009601033740453069,0.011531702645492858,0.012348746383825155,-1,0,000002,0.9878018850441256,0.0,1000084.1213970479,1000084.1213970479,
2021-12-20,3507.76,3514.31,3555.30708262682,0.001119536916231345,0.004919186379986673,0.012086995792266504,-1,0,000002,0.9880573549087006,0.0,1000084.1213970479,1000084.1213970479,
2021-12-21,3505.14,3612.49,3555.7288718855384,0.027937205311995728,0.00011863651969190592,0.014115465706685865,-1,0,000002,0.9860810073566432,0.0,1000084.1213970479,1000084.1213970479,
2021-12-22,3609.87,3553.58,3616.6718928766254,-0.016307311577333006,0.017139389190484078,0.015115295585525922,-1,0,000002,0.9851097745731363,0.0,1000084.1213970479,1000084.1213970479,
2021-12-23,3554.89,3526.09,3562.657269515992,-0.007735860737622335,-0.01493489732010811,0.013214985902706308,-1,0,000002,0.9869573722392859,0.0,1000084.1213970479,1000084.1213970479,
2021-12-24,3526.09,3524.78,3521.4152975767856,-0.0003715163254482956,-0.011576182837483406,0.013055599788168915,-1,0,000002,0.9871126522661748,0.0,1000084.1213970479,1000084.1213970479,
2021-12-27,3544.41,3522.1599999999994,3512.971949284673,-0.0007433088022517076,-0.002397714435421139,0.012776902115347584,-1,0,000002,0.9873842876070129,0.0,1000084.1213970479,1000084.1213970479,
2021-12-28,3509.07,3530.01,3507.3054287606483,0.002228745996774917,-0.001613027546427892,0.011839798458307411,-1,0,000002,0.9882987420772071,0.0,1000084.1213970479,1000084.1213970479,
2021-12-29,3526.09,3490.74,3512.236581528783,-0.011124614377863051,0.0014059661664189704,0.012327174710250926,-1,0,000002,0.9878229341084525,0.0,1000084.1213970479,1000084.1213970479,
2021-12-30,3486.81,3456.7,3463.8974962556367,-0.00975151400562635,-0.013763049313752607,0.012314891016598398,-1,0,000002,0.9878349206102941,0.0,1000084.1213970479,1000084.1213970479,
2021-12-31,3459.32,3540.49,3446.477599870563,0.024239881968351362,-0.005028987261864404,0.014570072726086765,-1,0,000002,0.985639165674444,0.0,1000084.1213970479,1000084.1213970479,
2022-01-04,3505.14,3636.05,3527.5338598304998,0.026990614293501913,0.023518580234782593,0.01673911607341287,-1,0,000002,0.983536468884901,0.0,1000084.1213970479,1000084.1213970479,
2022-01-05,3628.2,3725.0700000000006,3636.243496259451,0.02448261162525278,0.03081746079516723,0.016206761149307837,-1,0,000002,0.9840517089937699,0.0,1000084.1213970479,1000084.1213970479,
2022-01-06,3718.52,3709.36,3683.649990937114,-0.004217370411831345,0.013037216766816906,0.014996372102536798,-1,0,000002,0.9852251963507296,0.0,1000084.1213970479,1000084.1213970479,
2022-01-07,3752.56,3819.3200000000006,3669.746362524033,0.029643927793473912,-0.0037744162575945595,0.016242228659558343,-1,0,000002,0.98401736495345,0.0,1000084.1213970479,1000084.1213970479,
2022-01-10,3807.54,3854.67,3740.526672585011,0.009255574290711222,0.019287521007935737,0.01596476619928083,-1,0,000002,0.9842861025003801,0.0,1000084.1213970479,1000084.1213970479,
2022-01-11,3848.13,3873.0,3777.177541165353,0.00475527087921912,0.009798317667125023,0.01568021166725369,-1,0,000002,0.984561861610443,0.0,1000084.1213970479,1000084.1213970479,
2022-01-12,3853.36,3840.27,3817.432817128301,-0.008450813323005457,0.010657501672671765,0.016579730449020665,-1,0,000002,0.9836906737834548,0.0,1000084.1213970479,1000084.1213970479,
2022-01-13,3833.72,3772.2,3828.082850466371,-0.017725316188705542,0.002789841720405528,0.01755423081470108,-1,0,000002,0.982748604169582,0.0,1000084.1213970479,1000084.1213970479,
2022-01-14,3780.05,3663.54,3822.373278349042,-0.028805471608080113,-0.0014914964854100266,0.02047659597384671,-1,0,000002,0.9799342816340577,0.0,1000084.1213970479,1000084.1213970479,
2022-01-17,3658.31,3685.8,3800.990017377735,0.006076090338852591,-0.005594236725237511,0.01946093698128011,-1,0,000002,0.9809105613806981,0.0,1000084.1213970479,1000084.1213970479,
2022-01-18,3696.27,3780.05,3772.54454976976,0.025571110749362358,-0.007483699635601582,0.019280574110790035,-1,0,000002,0.9810841346332827,0.0,1000084.1213970479,1000084.1213970479,
2022-01-19,3807.54,3820.63,3817.547136561871,0.010735307734024646,0.011928974250246416,0.018117527180887716,-1,0,000002,0.9822048764536505,0.0,1000084.1213970479,1000084.1213970479,
2022-01-20,3832.42,3848.13,3851.655343135,0.007197765813491408,0.008934586883410978,0.017993584081374445,-1,0,000002,0.9823244621943156,0.0,1000084.1213970479,1000084.1213970479,
2022-01-21,3823.25,3786.6,3872.6744108980897,-0.015989584551457492,0.00545715176737005,0.016437464157905,-1,0,000002,0.9838283566500344,0.0,1000084.1213970479,1000084.1213970479,
2022-01-24,3780.05,3794.45,3825.995139080287,0.0020730998785190025,-0.01205349762594099,0.016105844068470546,-1,0,000002,0.9841494425384043,0.0,1000084.1213970479,1000084.1213970479,
2022-01-25,3781.36,3679.25,3808.3850011950735,-0.030360131244317357,-0.0046027601303870735,0.018282128031586128,-1,0,000002,0.9820461073328206,0.0,1000084.1213970479,1000084.1213970479,
2022-01-26,3701.5100000000007,3667.47,3770.4818548500543,-0.003201739484949395,-0.009952551103190821,0.018246333263671442,-1,0,000002,0.9820806295415878,0.0,1000084.1213970479,1000084.1213970479,
2022-01-27,3641.29,3629.51,3735.7331103819615,-0.010350459581128013,-0.009215995675299404,0.017793243829085495,-1,0,000002,0.9825178208472433,0.0,1000084.1213970479,1000084.1213970479,
2022-01-28,3650.45,3615.1100000000006,3683.412334506512,-0.0039674777036017295,-0.014005490844633761,0.015483892307508611,-1,0,000002,0.9847522029400937,0.0,1000084.1213970479,1000084.1213970479,
2022-02-07,3641.29,3691.03,3650.4260873615744,0.021000744099072932,-0.008955350134417284,0.01691830076437901,-1,0,000002,0.9833631661937227,0.0,1000084.1213970479,1000084.1213970479,
2022-02-08,3677.94,3687.1100000000006,3675.861143218875,-0.0010620341747424877,0.006967695071367519,0.01440216717889739,-1,0,000002,0.9858023103214077,0.0,1000084.1213970479,1000084.1213970479,
2022-02-09,3679.25,3637.3600000000006,3683.363174241186,-0.013492952474973618,0.0020408907545788058,0.013980081080615414,-1,0,000002,0.9862126669532634,0.0,1000084.1213970479,1000084.1213970479,
2022-02-10,3626.89,3683.18,3693.099233888984,0.012597048408735878,0.002643252697937859,0.014586693539775392,-1,0,000002,0.9856230190750047,0.0,1000084.1213970479,1000084.1213970479,
2022-02-11,3702.82,3726.38,3731.116699667573,0.011728995053187807,0.010294190155988536,0.014746104520319934,-1,0,000002,0.9854681831695323,0.0,1000084.1213970479,1000084.1213970479,
2022-02-14,3696.27,3603.3200000000006,3722.1058266556265,-0.0330240072134349,-0.00241506062052399,0.017684263731819853,-1,0,000002,0.9826230350983595,0.0,1000084.1213970479,1000084.1213970479,
2022-02-15,3604.63,3547.03,3636.285093407035,-0.015621704428138594,-0.023057037399095814,0.01585682473477601,-1,0,000002,0.9843906893681441,0.0,1000084.1213970479,1000084.1213970479,
2022-02-16,3554.89,3571.9099999999994,3576.3747288769487,0.007014319021829252,-0.016475706109708055,0.01620623802609716,-1,0,000002,0.9840522155644541,0.0,1000084.1213970479,1000084.1213970479,
2022-02-17,3567.9800000000005,3545.72,3543.729694697857,-0.007332211617873785,-0.009127968027372368,0.016071700785816406,-1,0,000002,0.9841825131303363,0.0,1000084.1213970479,1000084.1213970479,
2022-02-18,3532.63,3634.74,3553.170792753697,0.025106325372561855,0.0026641699196090496,0.01820746215089749,-1,0,000002,0.9821181214755239,0.0,1000084.1213970479,1000084.1213970479,
2022-02-21,3611.18,3663.54,3612.8993515688185,0.007923537859654495,0.01680993183241619,0.017017440384474135,-1,0,000002,0.9832673072174252,0.0,1000084.1213970479,1000084.1213970479,
2022-02-22,3638.67,3655.69,3671.618234165311,-0.0021427362605567213,0.016252565289701648,0.01702401604405434,-1,0,000002,0.9832609498148598,0.0,1000084.1213970479,1000084.1213970479,
2022-02-23,3657.0,3605.94,3673.6044252401593,-0.013608921981896671,0.0005409579504660478,0.017033717360810295,-1,0,000002,0.9832515706509587,0.0,1000084.1213970479,1000084.1213970479,
2022-02-24,3591.5399999999995,3550.96,3663.192339221836,-0.015247064565688806,-0.002834297004540076,0.016887216348114513,-1,0,000002,0.9833932258399702,0.0,1000084.1213970479,1000084.1213970479,
2022-02-25,3565.36,3510.38,3643.302794004679,-0.011427895555004786,-0.005429566174890543,0.01613472935579973,-1,0,000002,0.9841214664850314,0.0,1000084.1213970479,1000084.1213970479,
2022-02-28,3506.45,3467.18,3564.6399699211124,-0.012306359995214233,-0.021591075057777798,0.013344672857745847,-1,0,000002,0.9868310623076427,0.0,1000084.1213970479,1000084.1213970479,
2022-03-01,3468.49,3490.74,3510.78620825708,0.006795147641599275,-0.015107770242845597,0.013010140154839948,-1,0,000002,0.9871569497291989,0.0,1000084.1213970479,1000084.1213970479,
2022-03-02,3494.67,3482.89,3499.2925964015726,-0.00224880684324813,-0.0032737999905763093,0.012659830702616113,-1,0,000002,0.9874984369688761,0.0,1000084.1213970479,1000084.1213970479,
2022-03-03,3486.81,3505.14,3469.49973027885,0.0063883728742510915,-0.008513968267003236,0.012814345250623279,-1,0,000002,0.9873477846056254,0.0,1000084.1213970479,1000084.1213970479,
2022-03-04,3480.27,3403.03,3449.2038129276043,-0.029131504019810794,-0.005849810903318486,0.011949889784103891,-1,0,000002,0.9881912237900896,0.0,1000084.1213970479,1000084.1213970479,
2022-03-07,3380.78,3380.78,3464.539488596321,-0.006538290876072161,0.004446149459547355,0.010833227402297108,-1,0,000002,0.9892828736643957,0.0,1000084.1213970479,1000084.1213970479,
2022-03-08,3369.0,3266.89,3418.565913841725,-0.0336874922355197,-0.013269750541426983,0.013273272583033107,-1,0,000002,0.9869005993326984,0.0,1000084.1213970479,1000084.1213970479,
2022-03-09,3279.98,3176.56,3365.7427724146846,-0.027650150448897848,-0.01545184231000496,0.01427304793823153,-1,0,000002,0.9859278051731285,0.0,1000084.1213970479,1000084.1213970479,
2022-03-10,3202.74,3149.07,3343.02171227038,-0.008654015664744219,-0.006750682295309285,0.014284602208903633,-1,0,000002,0.9859165739302415,0.0,1000084.1213970479,1000084.1213970479,
2022-03-11,3094.08,3133.36,3220.6955550134185,-0.004988774463571821,-0.03659149350061641,0.014449723283125522,-1,0,000002,0.985756097171222,0.0,1000084.1213970479,1000084.1213970479,
2022-03-14,3098.0100000000007,3060.05,3161.34558841914,-0.02339660939055832,-0.018427686063618443,0.014960451173973216,-1,0,000002,0.9852600649053184,0.0,1000084.1213970479,1000084.1213970479,
2022-03-15,3022.08,2891.17,3122.2227438935643,-0.05518864070848517,-0.012375377329480575,0.018569861375523473,-1,0,000002,0.9817686914960886,0.0,1000084.1213970479,1000084.1213970479,
2022-03-16,2943.5400000000004,2984.12,3080.9935710766918,0.03214961417004192,-0.013205070937846619,0.02423765345725402,-1,0,000002,0.976335908589729,0.0,1000084.1213970479,1000084.1213970479,
2022-03-17,3101.94,3137.28,3059.9775576496127,0.05132501373939391,-0.006821180551744854,0.03168080029943124,-1,0,000002,0.9692920520666505,0.0,1000084.1213970479,1000084.1213970479,
2022-03-18,3105.87,3238.09,3084.262874165476,0.03213293043655652,0.007936436152988335,0.03356168665291877,-1,0,000002,0.9675281242655146,0.0,1000084.1213970479,1000084.1213970479,
2022-03-21,3215.8299999999995,3152.99,3132.748422122598,-0.02628092486620215,0.015720303338359498,0.034271378752970615,-1,0,000002,0.9668642297785597,0.0,1000084.1213970479,1000084.1213970479,
2022-03-22,3121.58,3255.1,3129.855675030649,0.03238513284215938,-0.000923389529628893,0.03479627320079596,-1,0,000002,0.9663737934683845,0.0,1000084.1213970479,1000084.1213970479,
2022-03-23,3264.27,3298.3,3160.6726163846256,0.013271481674910213,0.009846122171008664,0.03354294508504351,-1,0,000002,0.9675456687653328,0.0,1000084.1213970479,1000084.1213970479,
2022-03-24,3255.1000000000004,3242.01,3194.721045238674,-0.017066367522663217,0.010772526289988038,0.03400553713412327,-1,0,000002,0.9671128094455143,0.0,1000084.1213970479,1000084.1213970479,
2022-03-25,3218.45,3232.85,3196.7738499274856,-0.002825407694609261,0.0006425614818141856,0.03395283788792055,-1,0,000002,0.9671621019414417,0.0,1000084.1213970479,1000084.1213970479,
2022-03-28,3192.2700000000004,3279.98,3199.7743714472654,0.014578467915306925,0.0009386092544043656,0.03269184612279335,-1,0,000002,0.9683430771284446,0.0,1000084.1213970479,1000084.1213970479,
2022-03-29,3261.65,3242.01,3228.6198116281635,-0.011576290099329811,0.009014835682883193,0.02553248699452215,-1,0,000002,0.9751031904709826,0.0,1000084.1213970479,1000084.1213970479,
2022-03-30,3251.18,3438.38,3239.774246741832,0.060570448579739145,0.0034548617565608453,0.029345289567985502,-1,0,000002,0.9714913063037364,0.0,1000084.1213970479,1000084.1213970479,
2022-03-31,3349.36,3460.63,3314.8562254634503,0.006471070678633506,0.023175064990138328,0.026396748014417524,-1,0,000002,0.974282120373547,0.0,1000084.1213970479,1000084.1213970479,
2022-04-01,3434.45,3658.31,3393.6157701873785,0.05712254705068154,0.023759565835443475,0.029685415849274272,-1,0,000002,0.9711704027343244,0.0,1000084.1213970479,1000084.1213970479,
2022-04-06,3743.4,3731.62,3479.270987513066,0.0200393077677945,0.025240104692511478,0.026360856322813486,-1,0,000002,0.9743161908792414,0.0,1000084.1213970479,1000084.1213970479,
2022-04-07,3689.72,3691.03,3576.672017582059,-0.010877313338442773,0.02799466624432556,0.02714781013045938,-1,0,000002,0.9735697142488078,0.0,1000084.1213970479,1000084.1213970479,
2022-04-08,3691.03,3766.96,3583.546309831739,0.020571493593928958,0.0019219800462237924,0.02725473159825285,-1,0,000002,0.9734683805682272,0.0,1000084.1213970479,1000084.1213970479,
2022-04-11,3709.36,3668.78,3629.201360973717,-0.02606345700511814,0.012740187287860527,0.02850315040837513,-1,0,000002,0.972286764122154,0.0,1000084.1213970479,1000084.1213970479,
2022-04-12,3692.34,3594.1599999999994,3641.290132017732,-0.020339186323519165,0.0033309728068580124,0.030065268583932103,-1,0,000002,0.9708122684058033,0.0,1000084.1213970479,1000084.1213970479,
2022-04-13,3585.0,3637.3600000000006,3665.063338195682,0.01201949829723814,0.006528786588278823,0.030042778562612917,-1,0,000002,0.970833465184294,0.0,1000084.1213970479,1000084.1213970479,
2022-04-14,3655.690000000001,3702.8200000000006,3677.4028556817775,0.01799656894011048,0.003366795153987745,0.029034691393819676,-1,0,000002,0.9717845358988894,0.0,1000084.1213970479,1000084.1213970479,
2022-04-15,3681.87,3742.09,3703.935436279178,0.01060543045570661,0.0072150323580693065,0.023933502908891117,-1,0,000002,0.9766259206863546,0.0,1000084.1213970479,1000084.1213970479,
2022-04-18,3687.11,3641.29,3737.721046791673,-0.026936818729640488,0.009121544123467551,0.026483468521218332,-1,0,000002,0.9741998099985272,0.0,1000084.1213970479,1000084.1213970479,
2022-04-19,3642.6,3658.31,3683.791944839359,0.004674167671347318,-0.014428337823285342,0.019333439569878763,-1,0,000002,0.9810332528892246,0.0,1000084.1213970479,1000084.1213970479,
2022-04-20,3628.2,3486.81,3666.073596192599,-0.04687957007470667,-0.004809812527979962,0.02293701044493417,-1,0,000002,0.9775772992757809,0.0,1000084.1213970479,1000084.1213970479,
2022-04-21,3473.72,3480.27,3635.020889187456,-0.0018756399115523736,-0.008470290132034708,0.022923766094272848,-1,0,000002,0.9775899565010593,0.0,1000084.1213970479,1000084.1213970479,
2022-04-22,3454.09,3547.03,3547.642735462189,0.01918241975478918,-0.02403786838892097,0.022750962276014274,-1,0,000002,0.9777551299239214,0.0,1000084.1213970479,1000084.1213970479,
2022-04-25,3519.54,3418.74,3531.3145460343367,-0.03616828727132293,-0.004602546153995801,0.023945878438433963,-1,0,000002,0.976614117071351,0.0,1000084.1213970479,1000084.1213970479,
2022-04-26,3414.81,3435.76,3484.745230312944,0.004978442350105805,-0.013187529775190998,0.023689095339887955,-1,0,000002,0.9768590918397712,0.0,1000084.1213970479,1000084.1213970479,
2022-04-27,3396.49,3340.2,3439.7984942364697,-0.02781335134002383,-0.01289814121431132,0.023998136451278376,-1,0,000002,0.9765642772217874,0.0,1000084.1213970479,1000084.1213970479,
2022-04-28,3337.5800000000004,3401.72,3450.429910669327,0.01841805879887426,0.0030907090780667446,0.024049619980689847,-1,0,000002,0.9765151809917733,0.0,1000084.1213970479,1000084.1213970479,
2022-04-29,3408.27,3490.74,3423.7431588256363,0.026169114447985198,-0.007734326601207209,0.025837637455665162,-1,0,000002,0.9748131317157078,0.0,1000084.1213970479,1000084.1213970479,
2022-05-05,3509.07,3497.29,3484.229483860732,0.0018763929711178573,0.017666723883529523,0.024910826756802642,-1,0,000002,0.9756946398589332,0.0,1000084.1213970479,1000084.1213970479,
2022-05-06,3437.07,3374.23,3494.3460265088083,-0.03518724498111392,0.0029035236326817593,0.026549485084441545,-1,0,000002,0.97413716000037,0.0,1000084.1213970479,1000084.1213970479,
2022-05-09,3374.23,3372.92,3433.192983555794,-0.00038823672363763606,-0.01750056877283912,0.022727715715976517,-1,0,000002,0.9777773542588845,0.0,1000084.1213970479,1000084.1213970479,
2022-05-10,3341.5,3383.4000000000005,3374.85458395958,0.0031071000794564707,-0.016992461500312306,0.022811539020923418,-1,0,000002,0.9776972216770653,0.0,1000084.1213970479,1000084.1213970479,
2022-05-11,3375.54,3370.3,3375.187361140252,-0.0038718448897560043,9.86048946387541e-05,0.021494430414988185,-1,0,000002,0.9789578584327122,0.0,1000084.1213970479,1000084.1213970479,
2022-05-12,3351.98,3307.47,3372.5065267896657,-0.018642257365813264,-0.0007942771952311745,0.019258768272815165,-1,0,000002,0.9811051237700411,0.0,1000084.1213970479,1000084.1213970479,
2022-05-13,3310.09,3397.8,3347.5275851100687,0.02731090531433411,-0.007406639981620722,0.021471867391818073,-1,0,000002,0.9789794823751304,0.0,1000084.1213970479,1000084.1213970479,
2022-05-16,3467.18,3425.29,3407.656989165545,0.008090529165930782,0.01796233265498226,0.019370984837821664,-1,0,000002,0.9809971196689462,0.0,1000084.1213970479,1000084.1213970479,
2022-05-17,3414.81,3450.1599999999994,3447.304597706795,0.007260699094091105,0.011634858985897667,0.018673056222275268,-1,0,000002,0.9816692351798095,0.0,1000084.1213970479,1000084.1213970479,
2022-05-18,3442.3,3417.43,3454.13351125002,-0.009486516567347447,0.0019809428931136797,0.016760815351871874,-1,0,000002,0.9835154786663651,0.0,1000084.1213970479,1000084.1213970479,
2022-05-19,3375.54,3473.72,3466.3258388292797,0.016471441990033364,0.003529778898108571,0.017741939124617034,-1,0,000002,0.9825673498923733,0.0,1000084.1213970479,1000084.1213970479,
2022-05-20,3493.36,3427.9000000000005,3490.2220911151176,-0.013190470158792045,0.006893827469464986,0.013920091580379556,-1,0,000002,0.9862710171186344,0.0,1000084.1213970479,1000084.1213970479,
2022-05-23,3404.34,3355.9000000000005,3529.628843445182,-0.02100411330552232,0.011290614551543898,0.01567424931582942,-1,0,000002,0.9845676413216267,0.0,1000084.1213970479,1000084.1213970479,
2022-05-24,3349.36,3325.79,3432.588225025535,-0.008972257814595319,-0.027493150901647834,0.015838916372453424,-1,0,000002,0.9844080433253984,0.0,1000084.1213970479,1000084.1213970479,
2022-05-25,3327.1,3338.89,3364.969298180938,0.003938913761843077,-0.019699108198185877,0.015907062969558936,-1,0,000002,0.984342009668619,0.0,1000084.1213970479,1000084.1213970479,
2022-05-26,3336.27,3361.14,3340.447634235621,0.006663891293214208,-0.007287336606183303,0.01472625988407058,-1,0,000002,0.9854874556161058,0.0,1000084.1213970479,1000084.1213970479,
2022-05-27,3365.0700000000006,3328.41,3373.3809395563608,-0.00973776754315503,0.009858949735721767,0.011972298524198545,-1,0,000002,0.9881693416493137,0.0,1000084.1213970479,1000084.1213970479,
2022-05-30,3329.72,3286.52,3365.3145835947994,-0.012585588914827195,-0.0023911784960231053,0.011821125910333513,-1,0,000002,0.9883169805337894,0.0,1000084.1213970479,1000084.1213970479,
2022-05-31,3287.83,3285.21,3337.8419947287443,-0.00039859790903451486,-0.008163453425714784,0.011239653668892794,-1,0,000002,0.9888852720241794,0.0,1000084.1213970479,1000084.1213970479,
2022-06-01,3289.14,3294.38,3310.871335080564,0.002791297968775197,-0.008080268536010182,0.01134459004776144,-1,0,000002,0.9887826660078088,0.0,1000084.1213970479,1000084.1213970479,
2022-06-02,3286.52,3272.12,3306.9098612737657,-0.006756961856252186,-0.0011965049093948243,0.008890302114786636,-1,0,000002,0.9911880388817782,0.0,1000084.1213970479,1000084.1213970479,
2022-06-06,3269.5,3217.14,3264.357870074809,-0.01680256225321808,-0.012867599355298576,0.009282993010030417,-1,0,000002,0.9908023883545829,0.0,1000084.1213970479,1000084.1213970479,
2022-06-07,3210.59,3235.47,3228.5305086609724,0.005697607191480714,-0.010975316690083226,0.008375038542543267,-1,0,000002,0.9916945201711379,0.0,1000084.1213970479,1000084.1213970479,
2022-06-08,3236.78,3249.87,3193.0733036828046,0.004450667136459252,-0.010982459321059235,0.008496018701356666,-1,0,000002,0.9915755555363549,0.0,1000084.1213970479,1000084.1213970479,
2022-06-09,3255.1000000000004,3287.83,3196.802502508164,0.011680467218688761,0.0011679026663928838,0.0094267545091313,-1,0,000002,0.9906612793181657,0.0,1000084.1213970479,1000084.1213970479,
2022-06-10,3274.74,3291.76,3196.338825212717,0.0011953172761365316,-0.00014504408548321468,0.009051709914119946,-1,0,000002,0.9910294885532772,0.0,1000084.1213970479,1000084.1213970479,
2022-06-13,3277.36,3240.7,3201.7259467139843,-0.015511458915595466,0.0016854037684532752,0.009753721495145218,-1,0,000002,0.9903404946300144,0.0,1000084.1213970479,1000084.1213970479,
2022-06-14,3224.99,3277.36,3208.209574843348,0.011312370784089865,0.0020250415673515043,0.009967128097907271,-1,0,000002,0.990131235145565,0.0,1000084.1213970479,1000084.1213970479,
2022-06-15,3291.76,3354.6,3227.3918231070047,0.02356774965215891,0.005979113214445553,0.01248625590540557,-1,0,000002,0.9876677279986978,0.0,1000084.1213970479,1000084.1213970479,
2022-06-16,3355.9,3333.6500000000005,3282.308930036724,-0.006245155905323818,0.017015940406284846,0.012759684364650883,-1,0,000002,0.9874010739550166,0.0,1000084.1213970479,1000084.1213970479,
2022-06-17,3316.63,3329.72,3265.812897572816,-0.0011788880056397,-0.005025740360071418,0.012489392186379787,-1,0,000002,0.9876646686051593,0.0,1000084.1213970479,1000084.1213970479,
2022-06-20,3353.29,3386.01,3261.071695415676,0.01690532537270406,-0.0014517678464260886,0.011407783631556645,-1,0,000002,0.9887208860598284,0.0,1000084.1213970479,1000084.1213970479,
2022-06-21,3386.01,3386.01,3308.186719171107,0.0,0.014447711720556144,0.011521189575577895,-1,0,000002,0.988610036354837,0.0,1000084.1213970479,1000084.1213970479,
2022-06-22,3384.7,3349.3600000000006,3332.931785978973,-0.010823949131869015,0.007479948657210578,0.012515429017544138,-1,0,000002,0.987639270811223,0.0,1000084.1213970479,1000084.1213970479,
2022-06-23,3349.36,3384.7,3313.9137446370723,0.010551269496261728,-0.005706099783351681,0.012434141974464333,-1,0,000002,0.9877185671057922,0.0,1000084.1213970479,1000084.1213970479,
2022-06-24,3393.87,3354.6,3332.913896296621,-0.008892959494194441,0.005733447857626528,0.012991537411474623,-1,0,000002,0.9871750780419427,0.0,1000084.1213970479,1000084.1213970479,
2022-06-27,3357.21,3376.85,3362.354786555172,0.006632683479401491,0.008833378591407426,0.011480383373093404,-1,0,000002,0.9886499198977952,0.0,1000084.1213970479,1000084.1213970479,
2022-06-28,3375.54,3369.0,3356.5108236533406,-0.0023246516724165778,-0.0017380565921237823,0.011348584582287671,-1,0,000002,0.9887787606021371,0.0,1000084.1213970479,1000084.1213970479,
2022-06-29,3387.32,3523.47,3348.937815679908,0.04585040071237745,-0.002256214375972121,0.016768509455849245,-1,0,000002,0.9835080361951578,0.0,1000084.1213970479,1000084.1213970479,
2022-06-30,3493.36,3637.3600000000006,3444.9073802715543,0.03232324952390697,0.028656717405235677,0.018252377518192846,-1,0,000002,0.9820747999993089,0.0,1000084.1213970479,1000084.1213970479,
2022-07-01,3636.05,3624.27,3520.414057143331,-0.003598763938680971,0.021918347443589115,0.018416217676617094,-1,0,000002,0.9819168063538586,0.0,1000084.1213970479,1000084.1213970479,
2022-07-04,3602.01,3599.4,3532.0595131319765,-0.006862071534405545,0.0033079790614447546,0.018764569182833375,-1,0,000002,0.9815810543962236,0.0,1000084.1213970479,1000084.1213970479,
2022-07-05,3604.63,3577.14,3535.6525758379703,-0.006184364060676795,0.0010172712811420404,0.01909376608474809,-1,0,000002,0.9812639751903258,0.0,1000084.1213970479,1000084.1213970479,
2022-07-06,3571.91,3502.52,3534.2810335242752,-0.020860240303706257,-0.0003879177278525159,0.02028359814503838,-1,0,000002,0.9801196469472647,0.0,1000084.1213970479,1000084.1213970479,
2022-07-07,3499.9,3465.87,3537.955254301429,-0.010463894567340093,0.0010395949677748373,0.02069037840262012,-1,0,000002,0.9797290355229951,0.0,1000084.1213970479,1000084.1213970479,
2022-07-08,3465.87,3477.65,3514.18728412807,0.0033988580067920715,-0.006717996261954351,0.02029560074586069,-1,0,000002,0.9801081169701955,0.0,1000084.1213970479,1000084.1213970479,
2022-07-11,3460.63,3438.38,3480.517156605721,-0.011292108176498505,-0.009581198951581493,0.020801982225479614,-1,0,000002,0.9796219221869763,0.0,1000084.1213970479,1000084.1213970479,
2022-07-12,3435.76,3444.92,3462.163506068588,0.0019020585275624224,-0.00527325386180022,0.020747246505236176,-1,0,000002,0.9796744526362731,0.0,1000084.1213970479,1000084.1213970479,
2022-07-13,3447.54,3435.76,3464.342265756726,-0.0026589877268556883,0.0006293058327022649,0.014057191915085813,-1,0,000002,0.9861376734693452,0.0,1000084.1213970479,1000084.1213970479,
2022-07-14,3420.05,3361.14,3474.07279851079,-0.021718629939227574,0.0028087677277863765,0.008502892299421224,-1,0,000002,0.9915687973090148,0.0,1000084.1213970479,1000084.1213970479,
2022-07-15,3353.29,3260.34,3433.1083348149064,-0.029989824880843896,-0.011791481086246614,0.010821772995353768,-1,0,000002,0.9892940839973344,0.0,1000084.1213970479,1000084.1213970479,
2022-07-18,3276.05,3296.99,3367.942476121188,0.011241158897538073,-0.01898159112337816,0.012822234396379861,-1,0,000002,0.9873400938872341,0.0,1000084.1213970479,1000084.1213970479,
2022-07-19,3302.23,3283.9000000000005,3333.76431070894,-0.003970288050615611,-0.010148084670261626,0.012888725338357538,-1,0,000002,0.9872752800816772,0.0,1000084.1213970479,1000084.1213970479,
2022-07-20,3294.38,3278.67,3260.0553287467364,-0.001592618532842205,-0.022109835936940825,0.012250256943189009,-1,0,000002,0.9878979957187835,0.0,1000084.1213970479,1000084.1213970479,
2022-07-21,3264.27,3217.14,3180.8284706130626,-0.018766756032171594,-0.024302304760002724,0.012815991172776226,-1,0,000002,0.9873461800717264,0.0,1000084.1213970479,1000084.1213970479,
2022-07-22,3218.45,3228.92,3176.1412283921245,0.0036616373549178682,-0.0014735916331994892,0.012840712999156274,-1,0,000002,0.9873220805262327,0.0,1000084.1213970479,1000084.1213970479,
2022-07-25,3230.23,3244.63,3177.5798206534987,0.004865403912144073,0.0004529371202119936,0.013293710095934868,-1,0,000002,0.9868806941526596,0.0,1000084.1213970479,1000084.1213970479,
2022-07-26,3244.63,3316.63,3196.297082620561,0.02219051170703601,0.005890414410805622,0.01587989890776187,-1,0,000002,0.984368330424851,0.0,1000084.1213970479,1000084.1213970479,
2022-07-27,3295.69,3278.67,3281.759731332958,-0.011445352662190267,0.02673801793240327,0.016059566822444023,-1,0,000002,0.9841942664122857,0.0,1000084.1213970479,1000084.1213970479,
2022-07-28,3274.74,3264.27,3262.1335862356427,-0.004392024814940276,-0.005980372331932937,0.014894126178458329,-1,0,000002,0.9853244532663308,0.0,1000084.1213970479,1000084.1213970479,
2022-07-29,3252.49,3206.67,3228.269871987999,-0.0176455991691864,-0.010380848408700794,0.012749167326626672,-1,0,000002,0.9874113277621537,0.0,1000084.1213970479,1000084.1213970479,
2022-08-01,3197.4999999999995,3162.16,3215.98024199009,-0.013880442951722527,-0.003806878137589287,0.012411507888517907,-1,0,000002,0.9877406491413722,0.0,1000084.1213970479,1000084.1213970479,
2022-08-02,3146.4500000000003,3116.34,3169.5067742416268,-0.014490095377842849,-0.014450793926428007,0.012838015856944012,-1,0,000002,0.9873247097206536,0.0,1000084.1213970479,1000084.1213970479,
2022-08-03,3115.03,3056.12,3131.4245856285097,-0.01932395053171354,-0.012015178173023222,0.013499606148131175,-1,0,000002,0.9866802058271761,0.0,1000084.1213970479,1000084.1213970479,
2022-08-04,3058.74,3078.38,3117.148473666609,0.007283745402667519,-0.0045589831629413435,0.013473559019101682,-1,0,000002,0.9867055643443305,0.0,1000084.1213970479,1000084.1213970479,
2022-08-05,3078.38,3108.48,3102.00071238488,0.009777870178470538,-0.004859493030151096,0.014004382483129286,-1,0,000002,0.9861890316007956,0.0,1000084.1213970479,1000084.1213970479,
2022-08-08,3113.72,3083.61,3090.848168050647,-0.008000694873378622,-0.0035952745883345294,0.013717492955591165,-1,0,000002,0.9864681303707243,0.0,1000084.1213970479,1000084.1213970479,
2022-08-09,3082.3,3078.38,3092.2038569059973,-0.0016960640288493645,0.00043861386313426287,0.010046641761077156,-1,0,000002,0.9900532892782453,0.0,1000084.1213970479,1000084.1213970479,
2022-08-10,3067.9,3061.36,3081.685014571846,-0.005528882074337771,-0.003401729905568529,0.009954502604442245,-1,0,000002,0.9901436128273383,0.0,1000084.1213970479,1000084.1213970479,
2022-08-11,3066.59,3084.92,3067.7389163437488,0.007695925993675967,-0.004525478159562835,0.010961040472695407,-1,0,000002,0.9891578013060025,0.0,1000084.1213970479,1000084.1213970479,
2022-08-12,3075.76,3098.01,3057.808251858652,0.004243221866369273,-0.0032371283071678247,0.010458066916851498,-1,0,000002,0.989650172274084,0.0,1000084.1213970479,1000084.1213970479,
2022-08-15,3087.54,3086.23,3050.7114294138555,-0.003802440921753081,-0.0023208853728754475,0.009799907082054131,-1,0,000002,0.9902951990653553,0.0,1000084.1213970479,1000084.1213970479,
2022-08-16,3100.63,3117.6500000000005,3010.8444904580715,0.010180705909799581,-0.013068079324514703,0.009514899351606704,-1,0,000002,0.9905747806617634,0.0,1000084.1213970479,1000084.1213970479,
2022-08-17,3109.7900000000004,3163.47,3024.7388104185466,0.014696967267011862,0.004614758418944875,0.007717222038245347,-1,0,000002,0.992341877394299,0.0,1000084.1213970479,1000084.1213970479,
2022-08-18,3162.16,3151.68,3071.6830822464826,-0.003726920122523625,0.015520107609370726,0.007898370258876677,-1,0,000002,0.9921635251212402,0.0,1000084.1213970479,1000084.1213970479,
2022-08-19,3146.4500000000003,3180.49,3090.579822815359,0.009141156462584954,0.006151917389555672,0.00783445057242632,-1,0,000002,0.9922264509136629,0.0,1000084.1213970479,1000084.1213970479,
2022-08-22,3181.79,3185.72,3127.718512490094,0.0016444007055516074,0.012016738542252936,0.0069684902482183555,-1,0,000002,0.9930797335609771,0.0,1000084.1213970479,1000084.1213970479,
2022-08-23,3185.72,3160.85,3155.2971304491166,-0.0078067124543274025,0.008817487203177432,0.007684887287034205,-1,0,000002,0.9923737198165945,0.0,1000084.1213970479,1000084.1213970479,
2022-08-24,3146.4500000000003,3129.43,3177.4620105502013,-0.009940364142556612,0.007024657008428914,0.008309325086371243,-1,0,000002,0.9917591508085483,0.0,1000084.1213970479,1000084.1213970479,
2022-08-25,3173.43,3153.8,3147.9444710022217,0.007787360637560248,-0.009289659309842824,0.00831605241822434,-1,0,000002,0.9917525339418328,0.0,1000084.1213970479,1000084.1213970479,
2022-08-26,3164.27,3153.8,3140.3940069374444,0.0,-0.0023985378822052317,0.008310832989067369,-1,0,000002,0.9917576676584636,0.0,1000084.1213970479,1000084.1213970479,
2022-08-29,3142.01,3119.76,3152.1252752235537,-0.01079332868285876,0.003735603959310163,0.00909328405354433,-1,0,000002,0.9909886586332074,0.0,1000084.1213970479,1000084.1213970479,
2022-08-30,3110.6,3161.65,3134.462922737003,0.013427314921660605,-0.005603315523460051,0.009501583271101333,-1,0,000002,0.9905878470835942,0.0,1000084.1213970479,1000084.1213970479,
2022-08-31,3225.8,3258.52,3149.494473805726,0.03063906504515046,0.004795574693095439,0.012753425158324712,-1,0,000002,0.9874071764740455,0.0,1000084.1213970479,1000084.1213970479,
2022-09-01,3274.23,3286.01,3202.809217886031,0.008436345334691842,0.016928032267947257,0.012615914523108639,-1,0,000002,0.9875412638275095,0.0,1000084.1213970479,1000084.1213970479,
2022-09-02,3297.8,3280.78,3225.8581100955607,-0.0015915958868050195,0.007196461181894209,0.01261044085372846,-1,0,000002,0.9875466019853631,0.0,1000084.1213970479,1000084.1213970479,
2022-09-05,3288.63,3329.22,3236.14075044483,0.014764781545851813,0.003187567462154872,0.013105711662296281,-1,0,000002,0.9870638261028135,0.0,1000084.1213970479,1000084.1213970479,
2022-09-06,3323.9800000000005,3418.23,3264.115850307048,0.0267359922143926,0.008644586876628502,0.014023925264886748,-1,0,000002,0.9861700252671814,0.0,1000084.1213970479,1000084.1213970479,
2022-09-07,3393.36,3375.03,3300.765118997097,-0.01263811972863138,0.011227931351334153,0.014426416736092712,-1,0,000002,0.9857787450148334,0.0,1000084.1213970479,1000084.1213970479,
2022-09-08,3377.65,3382.89,3301.283628896177,0.0023288681878381734,0.0001570877903720458,0.014524699018089822,-1,0,000002,0.9856832475028477,0.0,1000084.1213970479,1000084.1213970479,
2022-09-09,3371.11,3457.51,3306.5754842028027,0.022058062780640375,0.0016029689967580474,0.01498894092272772,-1,0,000002,0.9852324096170927,0.0,1000084.1213970479,1000084.1213970479,
2022-09-13,3452.27,3461.43,3372.0719384086137,0.0011337638936690375,0.019807941635907378,0.013621301871178881,-1,0,000002,0.9865617446614101,0.0,1000084.1213970479,1000084.1213970479,
2022-09-14,3437.87,3426.09,3406.825046213866,-0.010209653235801253,0.010306158480608563,0.015039580501688502,-1,0,000002,0.9851832570959892,0.0,1000084.1213970479,1000084.1213970479,
2022-09-15,3450.9600000000005,3503.33,3414.916418641806,0.022544650023788027,0.0023750478284561005,0.013867835578760803,-1,0,000002,0.9863218507461139,0.0,1000084.1213970479,1000084.1213970479,
2022-09-16,3483.69,3437.87,3457.9045981121067,-0.01868507962424326,0.012588354794170309,0.01610480285296143,-1,0,000002,0.9841504510088495,0.0,1000084.1213970479,1000084.1213970479,
2022-09-19,3441.8,3461.43,3438.3149596023563,0.006853080541149081,-0.005665176107069514,0.015962265845706324,-1,0,000002,0.9842885248967204,0.0,1000084.1213970479,1000084.1213970479,
2022-09-20,3461.43,3380.27,3450.0709534657008,-0.02344695689353815,0.0034191148866431487,0.01794545204037312,-1,0,000002,0.9823709099496412,0.0,1000084.1213970479,1000084.1213970479,
2022-09-21,3405.1400000000003,3380.27,3441.2890102100378,0.0,-0.0025454384486908177,0.015639057486263677,-1,0,000002,0.9846017565285734,0.0,1000084.1213970479,1000084.1213970479,
2022-09-22,3376.34,3371.11,3399.6115772223475,-0.0027098427048726226,-0.012110994706935885,0.01512526812214202,-1,0,000002,0.9851000969071315,0.0,1000084.1213970479,1000084.1213970479,
2022-09-23,3365.8699999999994,3373.72,3384.0097379869226,0.0007742257001401853,-0.00458930053655493,0.015106497285762955,-1,0,000002,0.9851183128803181,0.0,1000084.1213970479,1000084.1213970479,
2022-09-26,3397.29,3364.56,3401.268772675395,-0.002715103802330865,0.005100172879153542,0.012931171808092359,-1,0,000002,0.9872339087116747,0.0,1000084.1213970479,1000084.1213970479,
2022-09-27,3356.71,3385.51,3395.252312511206,0.006226668568847016,-0.001768887014317433,0.01319419753248194,-1,0,000002,0.9869776222913487,0.0,1000084.1213970479,1000084.1213970479,
2022-09-28,3369.8000000000006,3367.18,3371.832245754004,-0.0054142507332721745,-0.0068978869908729035,0.012953132538848432,-1,0,000002,0.9872125055713261,0.0,1000084.1213970479,1000084.1213970479,
2022-09-29,3395.98,3326.6,3383.1661594694856,-0.012051627771607065,0.0033613516003809796,0.010070158942877298,-1,0,000002,0.9900302381436389,0.0,1000084.1213970479,1000084.1213970479,
2022-09-30,3377.65,3415.62,3376.0038869673017,0.026760055311729758,-0.0021170324378353422,0.013073257832950696,-1,0,000002,0.9870954467193069,0.0,1000084.1213970479,1000084.1213970479,
2022-10-10,3411.69,3406.45,3399.537109601498,-0.0026847248815734526,0.006970733275824648,0.012816735104711381,-1,0,000002,0.9873454548483676,0.0,1000084.1213970479,1000084.1213970479,
2022-10-11,3406.45,3304.34,3423.826934899092,-0.029975487677787682,0.0071450390198686264,0.014153912227229812,-1,0,000002,0.9860436250784205,0.0,1000084.1213970479,1000084.1213970479,
2022-10-12,3304.34,3330.52,3405.8741296023136,0.007922913501637208,-0.005243490876768786,0.014506789908379806,-1,0,000002,0.9857006477899573,0.0,1000084.1213970479,1000084.1213970479,
2022-10-13,3309.58,3280.78,3350.6083920335773,-0.014934604806456586,-0.016226594250325244,0.015132278566688088,-1,0,000002,0.9850932938630874,0.0,1000084.1213970479,1000084.1213970479,
2022-10-14,3286.01,3309.58,3341.0481748732927,0.008778400258474983,-0.0028532779846832668,0.015537394959734998,-1,0,000002,0.9847003221773521,0.0,1000084.1213970479,1000084.1213970479,
2022-10-17,3293.87,3254.6,3347.774840882421,-0.01661237981858721,0.002013340022965382,0.016233393570831436,-1,0,000002,0.9840259199574316,0.0,1000084.1213970479,1000084.1213970479,
2022-10-18,3254.6,3225.8,3342.531854951978,-0.008849013703680852,-0.0015661106793731783,0.015958537839156045,-1,0,000002,0.9842921366918199,0.0,1000084.1213970479,1000084.1213970479,
2022-10-19,3215.32,3198.31,3306.4195676216486,-0.008521917043834204,-0.01080387230321489,0.016004054232061547,-1,0,000002,0.9842480409744445,0.0,1000084.1213970479,1000084.1213970479,
2022-10-20,3189.14,3191.76,3270.8940036946537,-0.0020479565770671337,-0.010744421027168327,0.015827144144963338,-1,0,000002,0.9844194514429073,0.0,1000084.1213970479,1000084.1213970479,
2022-10-21,3215.32,3200.92,3225.036639153064,0.002869889966664152,-0.014019825922145901,0.012007589246506236,-1,0,000002,0.9881348822142269,0.0,1000084.1213970479,1000084.1213970479,
2022-10-24,3176.05,3118.45,3223.173494186104,-0.02576446771553187,-0.0005777128062175452,0.013355391572608961,-1,0,000002,0.9868206241525167,0.0,1000084.1213970479,1000084.1213970479,
2022-10-25,3110.6,3117.14,3182.797935562134,-0.0004200804887043441,-0.012526647633705923,0.011228201644137197,-1,0,000002,0.9888964710182316,0.0,1000084.1213970479,1000084.1213970479,
2022-10-26,3117.1399999999994,3054.3,3141.347541551292,-0.020159505187447357,-0.013023256534041128,0.010934302517302884,-1,0,000002,0.9891839633000129,0.0,1000084.1213970479,1000084.1213970479,
2022-10-27,3054.3,3030.74,3121.6876533132795,-0.007713715090200801,-0.006258425079672669,0.010702991496747225,-1,0,000002,0.9894103494431167,0.0,1000084.1213970479,1000084.1213970479,
2022-10-28,3016.34,2958.74,3047.0937865751985,-0.023756574301985633,-0.02389536527106062,0.010011297874012256,-1,0,000002,0.9900879347636158,0.0,1000084.1213970479,1000084.1213970479,
2022-10-31,2924.7,2851.39,3011.8038428547984,-0.03628233639995404,-0.011581508871134738,0.01276802995188312,-1,0,000002,0.9873929374009864,0.0,1000084.1213970479,1000084.1213970479,
2022-11-01,2848.78,2895.9,2989.586602707804,0.01560993059525373,-0.0073767221592808685,0.01567671755181602,-1,0,000002,0.9845652486850313,0.0,1000084.1213970479,1000084.1213970479,
2022-11-02,2868.41,2902.45,2949.3314721894267,0.002261818432956808,-0.013465116040430658,0.01619916679120439,-1,0,000002,0.9840590631043759,0.0,1000084.1213970479,1000084.1213970479,
2022-11-03,2881.5,2867.1,2934.080299817026,-0.012179365708280931,-0.005171060803511152,0.01599403347732227,-1,0,000002,0.9842577486182853,0.0,1000084.1213970479,1000084.1213970479,
2022-11-04,2859.25,2919.47,2894.3762587818505,0.018265843535279602,-0.013532022636753238,0.018039905633795573,-1,0,000002,0.9822797657204168,0.0,1000084.1213970479,1000084.1213970479,
2022-11-07,2902.4500000000003,2944.34,2895.808015148342,0.00851866948452984,0.0004946683632258697,0.01775830361836093,-1,0,000002,0.9825515512325215,0.0,1000084.1213970479,1000084.1213970479,
2022-11-08,2940.41,2948.27,2904.1940582790976,0.0013347643274892462,0.0028959251051476897,0.017823569878173223,-1,0,000002,0.9824885467328031,0.0,1000084.1213970479,1000084.1213970479,
2022-11-09,2999.32,2986.23,2907.2984272232657,0.012875347237532475,0.0010689261398764138,0.01784748898929661,-1,0,000002,0.9824654585462319,0.0,1000084.1213970479,1000084.1213970479,
2022-11-10,2966.6000000000004,2957.43,2936.156375637353,-0.009644267186385558,0.009926035849594284,0.017925152720203546,-1,0,000002,0.9823905002521038,0.0,1000084.1213970479,1000084.1213970479,
2022-11-11,3009.8,3144.63,2923.94834004432,0.0632982014789869,-0.004157828818086351,0.025769532557336793,-1,0,000002,0.9748778534169454,0.0,1000084.1213970479,1000084.1213970479,
2022-11-14,3200.92,3227.11,3024.6980859383943,0.026228840912921436,0.03445674621342554,0.0214903671780354,-1,0,000002,0.9789617524858266,0.0,1000084.1213970479,1000084.1213970479,
2022-11-15,3215.32,3221.87,3093.553582533896,-0.0016237438451122133,0.022764419667406166,0.02191407989210323,-1,0,000002,0.9785558489472844,0.0,1000084.1213970479,1000084.1213970479,
2022-11-16,3194.38,3157.72,3123.158534269631,-0.019910797145756942,0.009569884906110548,0.02391897691776956,-1,0,000002,0.9766397757469336,0.0,1000084.1213970479,1000084.1213970479,
2022-11-17,3159.03,3151.18,3133.048619719148,-0.0020711146016746396,0.00316669337819242,0.023138659109882106,-1,0,000002,0.9773846302220537,0.0,1000084.1213970479,1000084.1213970479,
2022-11-18,3147.25,3130.23,3155.1268148553377,-0.006648303175318393,0.007046872811749871,0.023456233083487127,-1,0,000002,0.9770813520644476,0.0,1000084.1213970479,1000084.1213970479,
2022-11-21,3119.76,3119.76,3183.2290332734588,-0.003344802139139902,0.00890684275693987,0.02368305083288691,-1,0,000002,0.976864859866911,0.0,1000084.1213970479,1000084.1213970479,
2022-11-22,3149.87,3123.69,3177.446884314716,0.0012597122855604326,-0.001816441386498835,0.023684722756015002,-1,0,000002,0.976863264411869,0.0,1000084.1213970479,1000084.1213970479,
2022-11-23,3097.5,3109.2900000000004,3173.856875944734,-0.00460993248369701,-0.0011298405608930473,0.023769464818547734,-1,0,000002,0.976782404989232,0.0,1000084.1213970479,1000084.1213970479,
2022-11-24,3179.98,3178.67,3172.1209949782497,0.02231377581377081,-0.0005469310792307613,0.023835622646465902,-1,0,000002,0.9767192876285605,0.0,1000084.1213970479,1000084.1213970479,
2022-11-25,3202.23,3348.85,3191.523882657588,0.05353811499778205,0.006116692178531169,0.02136862664463238,-1,0,000002,0.9790784383941458,0.0,1000084.1213970479,1000084.1213970479,
2022-11-28,3292.56,3322.67,3251.297092956305,-0.007817609029965422,0.01872873664631447,0.020575907322963646,-1,0,000002,0.9798389250859981,0.0,1000084.1213970479,1000084.1213970479,
2022-11-29,3435.25,3546.53,3258.4184955337646,0.06737352791580276,0.0021903266216083406,0.028755376000675695,-1,0,000002,0.9720483832488309,0.0,1000084.1213970479,1000084.1213970479,
2022-11-30,3568.78,3522.9600000000005,3330.857164604366,-0.006645932785003805,0.022231235542607974,0.027500427083073806,-1,0,000002,0.9732356052044244,0.0,1000084.1213970479,1000084.1213970479,
2022-12-01,3486.31,3568.78,3408.4098102700714,0.013006108499670654,0.02328308955719427,0.027094086206354097,-1,0,000002,0.973620638488507,0.0,1000084.1213970479,1000084.1213970479,
2022-12-02,3503.33,3488.93,3418.637181681991,-0.022374592998167575,0.0030006284400141414,0.028756497059458017,-1,0,000002,0.9720473239861386,0.0,1000084.1213970479,1000084.1213970479,
2022-12-05,3555.69,3558.31,3414.683998215795,0.01988575293858008,-0.0011563623912412835,0.028380559796356505,-1,0,000002,0.9724026679364919,0.0,1000084.1213970479,1000084.1213970479,
2022-12-06,3542.6,3592.34,3448.5466943514352,0.009563528753818495,0.009916787659805193,0.028099700809277393,-1,0,000002,0.9726683114612732,0.0,1000084.1213970479,1000084.1213970479,
2022-12-07,3556.9999999999995,3503.33,3507.92589530468,-0.02477772148516011,0.01721861590289775,0.030258368545538494,-1,0,000002,0.9706303103480193,0.0,1000084.1213970479,1000084.1213970479,
2022-12-08,3509.87,3618.53,3517.381828706861,0.03288299988867749,0.0026955909800825406,0.0308222177934767,-1,0,000002,0.9700993854600329,0.0,1000084.1213970479,1000084.1213970479,
2022-12-09,3617.22,3759.91,3549.3831252104046,0.03907111451335199,0.00909804452913443,0.029019007848824344,-1,0,000002,0.9717993471184863,0.0,1000084.1213970479,1000084.1213970479,
2022-12-12,3714.09,3627.69,3640.578035393358,-0.03516573535004819,0.02569317173320007,0.03220924074120826,-1,0,000002,0.9687958221357528,0.0,1000084.1213970479,1000084.1213970479,
2022-12-13,3627.69,3631.62,3626.124335609079,0.0010833340224771781,-0.003970166177942436,0.02492222933029863,-1,0,000002,0.975683784957437,0.0,1000084.1213970479,1000084.1213970479,
2022-12-14,3621.14,3601.51,3607.937073662282,-0.008291065695199329,-0.0050156200569836384,0.024995753047029078,-1,0,000002,0.9756137984252875,0.0,1000084.1213970479,1000084.1213970479,
2022-12-15,3553.07,3584.49,3611.944944287539,-0.004725795569080815,0.0011108482613275683,0.024794866034214356,-1,0,000002,0.9758050446425768,0.0,1000084.1213970479,1000084.1213970479,
2022-12-16,3615.91,3618.53,3612.942694051266,0.00949646951170191,0.0002762361495307619,0.023512326033356325,-1,0,000002,0.9770278037349303,0.0,1000084.1213970479,1000084.1213970479,
2022-12-19,3634.23,3614.6,3640.83634495318,-0.001086076390136359,0.0077204797484999865,0.022854360515640906,-1,0,000002,0.9776562906725846,0.0,1000084.1213970479,1000084.1213970479,
2022-12-20,3542.6,3530.82,3633.045170121789,-0.02317822165661476,-0.0021399409622436805,0.023938967338983735,-1,0,000002,0.9766207087506431,0.0,1000084.1213970479,1000084.1213970479,
2022-12-21,3546.53,3529.51,3620.8903672420975,-0.0003710186302331442,-0.003345623935439246,0.022499410300677373,-1,0,000002,0.9779956740571016,0.0,1000084.1213970479,1000084.1213970479,
2022-12-22,3559.62,3533.43,3589.7186865770823,0.0011106357539714118,-0.008608844097303447,0.019541252036069944,-1,0,000002,0.9808332894848096,0.0,1000084.1213970479,1000084.1213970479,
2022-12-23,3515.1100000000006,3539.98,3623.890888761879,0.0018537228698460861,0.009519465219538281,0.013378837440984266,-1,0,000002,0.9867977927437592,0.0,1000084.1213970479,1000084.1213970479,
2022-12-26,3534.74,3486.31,3611.481848770381,-0.015161102605099508,-0.003424231129579569,0.009435754120393668,-1,0,000002,0.9906524470904877,0.0,1000084.1213970479,1000084.1213970479,
2022-12-27,3495.47,3504.63,3571.547132644058,0.0052548396442084755,-0.011057709217040634,0.009768219177943627,-1,0,000002,0.9903262758795321,0.0,1000084.1213970479,1000084.1213970479,
2022-12-28,3500.71,3513.8,3577.0789714944367,0.002616538693100301,0.0015488634602685014,0.009783978111647438,-1,0,000002,0.9903108206074492,0.0,1000084.1213970479,1000084.1213970479,
2022-12-29,3502.02,3458.82,3545.274316052198,-0.015646878023791944,-0.00889123659155644,0.010641973907959368,-1,0,000002,0.989470085170905,0.0,1000084.1213970479,1000084.1213970479,
2022-12-30,3467.98,3464.05,3462.058785976768,0.0015120763728670994,-0.02347224013065763,0.009825842998957538,-1,0,000002,0.9902697647648064,0.0,1000084.1213970479,1000084.1213970479,
2023-01-03,3450.9600000000005,3467.98,3470.6595052957537,0.0011345101831670146,0.0024842788209789024,0.009931311971820378,-1,0,000002,0.9901663490832558,0.0,1000084.1213970479,1000084.1213970479,
2023-01-04,3470.6,3577.94,3496.646377859116,0.03170721861141068,0.007487589181165655,0.012923890723204589,-1,0,000002,0.9872410051322048,0.0,1000084.1213970479,1000084.1213970479,
2023-01-05,3568.78,3611.98,3627.653539838792,0.009513854340766015,0.03746651729188799,0.013149350527908265,-1,0,000002,0.9870213108057003,0.0,1000084.1213970479,1000084.1213970479,
2023-01-06,3648.63,3597.58,3664.918475401998,-0.003986733038388923,0.010272462668764692,0.013302346220916458,-1,0,000002,0.9868722832128759,0.0,1000084.1213970479,1000084.1213970479,
2023-01-09,3606.74,3539.98,3642.760285751224,-0.016010762790542477,-0.0060460252525381675,0.014455792668541587,-1,0,000002,0.9857501994931535,0.0,1000084.1213970479,1000084.1213970479,
2023-01-10,3539.98,3542.6,3619.613363900185,0.0007401171758032454,-0.0063542259263061895,0.013429504765839309,-1,0,000002,0.9867484568954382,0.0,1000084.1213970479,1000084.1213970479,
2023-01-11,3545.22,3567.47,3625.349406929613,0.007020267600067687,0.0015847115293130543,0.013493123390756513,-1,0,000002,0.9866865170770832,0.0,1000084.1213970479,1000084.1213970479,
2023-01-12,3549.14,3516.4200000000005,3630.0621019506457,-0.014309861049987549,0.0012999285012431638,0.01441766613970486,-1,0,000002,0.9857872485654058,0.0,1000084.1213970479,1000084.1213970479,
2023-01-13,3496.7800000000007,3539.98,3593.7733903545145,0.0066999960186779894,-0.009996719223241746,0.013389331854429995,-1,0,000002,0.9867875737058249,0.0,1000084.1213970479,1000084.1213970479,
2023-01-16,3539.98,3529.51,3564.429657070041,-0.0029576438284961704,-0.00816515959610331,0.013496519948793029,-1,0,000002,0.9866832103681273,0.0,1000084.1213970479,1000084.1213970479,
2023-01-17,3533.43,3534.74,3588.469608592988,0.0014817920901200043,0.0067444034069417125,0.01349462053875841,-1,0,000002,0.9866850595303752,0.0,1000084.1213970479,1000084.1213970479,
2023-01-18,3536.05,3500.7100000000005,3568.118131415248,-0.009627299320459026,-0.005671352804272334,0.008943792808775115,-1,0,000002,0.9911354895361646,0.0,1000084.1213970479,1000084.1213970479,
2023-01-19,3495.47,3509.87,3541.5180645364526,0.0026166120586965658,-0.007454928872617006,0.008178078244556077,-1,0,000002,0.991888260198242,0.0,1000084.1213970479,1000084.1213970479,
2023-01-20,3502.02,3513.8,3553.4410287684204,0.0011196995900133455,0.003366625276137958,0.008257100867208905,-1,0,000002,0.9918105204911456,0.0,1000084.1213970479,1000084.1213970479,
2023-01-30,3553.07,3449.65,3532.636928082705,-0.01825658830895327,-0.0058546351317742,0.008689960721068387,-1,0,000002,0.9913849041237048,0.0,1000084.1213970479,1000084.1213970479,
2023-01-31,3448.34,3475.83,3519.447432518006,0.007589175713478058,-0.0037336119825530645,0.009230918443908033,-1,0,000002,0.9908535120404943,0.0,1000084.1213970479,1000084.1213970479,
2023-02-01,3464.05,3462.74,3442.078192457557,-0.003766006968119906,-0.021983348677293457,0.00869212022821433,-1,0,000002,0.9913827816695466,0.0,1000084.1213970479,1000084.1213970479,
2023-02-02,3461.43,3461.43,3384.618859854341,-0.0003783131277542706,-0.01669320956424636,0.0077307789729130156,-1,0,000002,0.9923285274854934,0.0,1000084.1213970479,1000084.1213970479,
2023-02-03,3453.58,3433.94,3387.9027074003225,-0.007941804398760022,0.0009702266878353072,0.007373388531391287,-1,0,000002,0.992680580393194,0.0,1000084.1213970479,1000084.1213970479,
2023-02-06,3405.1400000000003,3343.62,3385.4086238801483,-0.02630214855239177,-0.0007361733011772564,0.010420233751857058,-1,0,000002,0.9896872277456628,0.0,1000084.1213970479,1000084.1213970479,
2023-02-07,3343.62,3380.27,3346.0283424621825,0.01096117381759898,-0.0116323569155532,0.011486997492263392,-1,0,000002,0.9886434551104042,0.0,1000084.1213970479,1000084.1213970479,
2023-02-08,3377.65,3372.42,3328.05459314704,-0.0023222996979530564,-0.00537166678687373,0.011348982801516545,-1,0,000002,0.9887783712699458,0.0,1000084.1213970479,1000084.1213970479,
2023-02-09,3371.11,3394.67,3320.3265412598853,0.006597636118870209,-0.0023220928836528154,0.011659508159076936,-1,0,000002,0.9884748691975487,0.0,1000084.1213970479,1000084.1213970479,
2023-02-10,3390.74,3394.67,3312.3995211982733,0.0,-0.0023874218282772253,0.0116179715038702,-1,0,000002,0.9885154556056384,0.0,1000084.1213970479,1000084.1213970479,
2023-02-13,3352.78,3393.36,3307.335868425072,-0.0003858990711910204,-0.001528696264081586,0.010384708307005639,-1,0,000002,0.9897220254605731,0.0,1000084.1213970479,1000084.1213970479,
2023-02-14,3395.98,3399.91,3304.1331789502506,0.001930240233868341,-0.000968359308589517,0.009974729698515742,-1,0,000002,0.9901237828975252,0.0,1000084.1213970479,1000084.1213970479,
2023-02-15,3385.51,3351.47,3304.8382942351705,-0.014247435961540211,0.00021340401452696334,0.010687387943550725,-1,0,000002,0.9894256245095762,0.0,1000084.1213970479,1000084.1213970479,
2023-02-16,3352.78,3350.16,3270.8291354155544,-0.00039087325859998856,-0.010290717969148488,0.01068701905624558,-1,0,000002,0.9894259856367554,0.0,1000084.1213970479,1000084.1213970479,
2023-02-17,3343.62,3318.74,3251.973555660546,-0.009378656541777164,-0.005764770635936278,0.010767063344692534,-1,0,000002,0.9893476313829779,0.0,1000084.1213970479,1000084.1213970479,
2023-02-20,3317.43,3380.27,3249.731382139028,0.018540168859265904,-0.0006894808592816659,0.009398611384359622,-1,0,000002,0.9906889000258583,0.0,1000084.1213970479,1000084.1213970479,
2023-02-21,3422.16,3389.43,3287.753793033064,0.0027098427048726226,0.011700170390393616,0.008781592062800919,-1,0,000002,0.991294852987113,0.0,1000084.1213970479,1000084.1213970479,
2023-02-22,3360.63,3363.25,3311.8254514727,-0.007724012592087659,0.007321612248047726,0.009120761809609378,-1,0,000002,0.9909616746034899,0.0,1000084.1213970479,1000084.1213970479,
2023-02-23,3367.18,3368.49,3284.1387681967026,0.0015580167992268468,-0.008359946404689178,0.008836074411235817,-1,0,000002,0.9912413179550575,0.0,1000084.1213970479,1000084.1213970479,
2023-02-24,3373.72,3335.76,3284.4135129931574,-0.009716519864983897,8.36580960328348e-05,0.009269407679600517,-1,0,000002,0.9908157251086094,0.0,1000084.1213970479,1000084.1213970479,
2023-02-27,3337.07,3330.52,3321.191209240258,-0.0015708564165288763,0.011197644907259052,0.009258160114763499,-1,0,000002,0.9908267671437894,0.0,1000084.1213970479,1000084.1213970479,
2023-02-28,3337.07,3325.29,3285.2386200499536,-0.0015703253545993334,-0.010825209066637531,0.009165947412092278,-1,0,000002,0.9909173041008792,0.0,1000084.1213970479,1000084.1213970479,
2023-03-01,3316.12,3335.76,3270.044461949766,0.0031485975659266696,-0.004624978535031521,0.008223324184653266,-1,0,000002,0.9918437473252234,0.0,1000084.1213970479,1000084.1213970479,
2023-03-02,3306.96,3271.61,3253.56850083679,-0.019230999832122286,-0.005038451710577818,0.010144686892242499,-1,0,000002,0.9899571942278357,0.0,1000084.1213970479,1000084.1213970479,
2023-03-03,3275.54,3282.09,3229.9529565748576,0.0032033157986435246,-0.007258351639394922,0.009950830579607349,-1,0,000002,0.9901472128361966,0.0,1000084.1213970479,1000084.1213970479,
2023-03-06,3282.09,3234.96,3211.128065624536,-0.01435975247479504,-0.005828224498441115,0.007995139746537358,-1,0,000002,0.9920682754992769,0.0,1000084.1213970479,1000084.1213970479,
2023-03-07,3234.96,3193.07,3196.551756066084,-0.01294915547642006,-0.004539311189264761,0.00799109910101698,-1,0,000002,0.9920722523163708,0.0,1000084.1213970479,1000084.1213970479,
2023-03-08,3194.38,3187.83,3175.0234868565203,-0.0016410539073682395,-0.006734841433025385,0.008069750700961772,-1,0,000002,0.9919948488729571,0.0,1000084.1213970479,1000084.1213970479,
2023-03-09,3190.45,3191.76,3150.337761434019,0.0012328135440096144,-0.007774974114267752,0.008039583993928767,-1,0,000002,0.9920245354234253,0.0,1000084.1213970479,1000084.1213970479,
2023-03-10,3174.74,3153.8,3135.8869705411794,-0.01189312479635063,-0.004587060812889288,0.008198959792215915,-1,0,000002,0.9918677164734373,0.0,1000084.1213970479,1000084.1213970479,
2023-03-13,3153.8,3155.11,3072.2126459330325,0.0004153719322721461,-0.020305044539650097,0.008329438425663768,-1,0,000002,0.9917393679999378,0.0,1000084.1213970479,1000084.1213970479,
2023-03-14,3155.11,3143.32,3017.09540727228,-0.0037367952305941143,-0.017940567601567592,0.008247561932401034,-1,0,000002,0.9918199039166594,0.0,1000084.1213970479,1000084.1213970479,
2023-03-15,3151.1800000000003,3157.72,3007.779973326624,0.004581143504320151,-0.003087550338382705,0.008426537399544595,-1,0,000002,0.9916438757935958,0.0,1000084.1213970479,1000084.1213970479,
2023-03-16,3148.56,3143.32,3004.042629605234,-0.0045602523339624,-0.0012425588821433076,0.006896489712631182,-1,0,000002,0.9931507460964539,0.0,1000084.1213970479,1000084.1213970479,
2023-03-17,3161.65,3162.96,2998.9125086626414,0.006248170723947899,-0.0017077390620342525,0.007303622642259381,-1,0,000002,0.9927493334898357,0.0,1000084.1213970479,1000084.1213970479,
2023-03-20,3170.81,3139.4,3015.5023528754714,-0.007448718921516551,0.0055319533880726635,0.006457262549671456,-1,0,000002,0.9935841661738192,0.0,1000084.1213970479,1000084.1213970479,
2023-03-21,3139.4000000000005,3142.01,3015.7250285151604,0.0008313690514112348,7.384362989348858e-05,0.005490243380542546,-1,0,000002,0.994539734804304,0.0,1000084.1213970479,1000084.1213970479,
2023-03-22,3144.63,3162.96,2993.2647504884008,0.006667706340845347,-0.007447720801593838,0.006079899675998604,-1,0,000002,0.9939568421176523,0.0,1000084.1213970479,1000084.1213970479,
2023-03-23,3153.8,3157.72,3021.141529819966,-0.001656676024989312,0.009313168615310952,0.00604288760365692,-1,0,000002,0.9939934095473297,0.0,1000084.1213970479,1000084.1213970479,
2023-03-24,3159.03,3151.18,3022.4271143916253,-0.0020711146016746396,0.0004255294096520146,0.004744263365112745,-1,0,000002,0.9952781383899391,0.0,1000084.1213970479,1000084.1213970479,
2023-03-27,3151.1800000000003,3106.67,3033.3904353377225,-0.014124867509948569,0.0036273235155594996,0.006486289176140429,-1,0,000002,0.9935555116389616,0.0,1000084.1213970479,1000084.1213970479,
2023-03-28,3098.8099999999995,3090.96,3035.660388772488,-0.0050568615269726,0.0007483222101321019,0.0065493849260265585,-1,0,000002,0.9934932304126262,0.0,1000084.1213970479,1000084.1213970479,
2023-03-29,3098.8099999999995,3096.2,3019.013239398301,0.0016952661956155524,-0.005483864214771095,0.006302810745909713,-1,0,000002,0.9937366658637892,0.0,1000084.1213970479,1000084.1213970479,
2023-03-30,3097.5,3123.69,3011.6886507537965,0.008878625411795182,-0.0024261532042715306,0.007069886162309725,-1,0,000002,0.992979746232656,0.0,1000084.1213970479,1000084.1213970479,
2023-03-31,3123.69,3076.56,3049.076632424891,-0.01508792485810051,0.012414291783360953,0.00793845018871089,-1,0,000002,0.9921240724696784,0.0,1000084.1213970479,1000084.1213970479,
2023-04-03,3076.56,3098.81,3056.454890116453,0.007232103388199906,0.0024198334712546288,0.008318723063547688,-1,0,000002,0.991749907173921,0.0,1000084.1213970479,1000084.1213970479,
2023-04-04,3094.89,3064.78,3055.4983011665945,-0.010981634885649516,-0.0003129733577785787,0.008811443264362303,-1,0,000002,0.9912655201096354,0.0,1000084.1213970479,1000084.1213970479,
2023-04-06,3063.47,3050.38,3035.62955452323,-0.004698542799156935,-0.006502620746271837,0.008217635370628692,-1,0,000002,0.9918493437504613,0.0,1000084.1213970479,1000084.1213970479,
2023-04-07,3081.8,3152.49,3012.3722402420644,0.03347451792891376,-0.007661446781775827,0.014353424270565407,-1,0,000002,0.9858496812579036,0.0,1000084.1213970479,1000084.1213970479,
2023-04-10,3143.32,3136.78,3082.7802121987943,-0.0049833623580088915,0.023372932141703773,0.014427797612779595,-1,0,000002,0.985777403136298,0.0,1000084.1213970479,1000084.1213970479,
2023-04-11,3123.69,3181.29,3086.848151432276,0.014189710467422012,0.0013195683615019327,0.014204073704577158,-1,0,000002,0.9859948563875374,0.0,1000084.1213970479,1000084.1213970479,
2023-04-12,3186.52,3182.6,3123.0695221915844,0.0004117826416327741,0.01173409542108561,0.013985846297749205,-1,0,000002,0.9862070596460354,0.0,1000084.1213970479,1000084.1213970479,
2023-04-13,3165.58,3156.41,3122.1607845059043,-0.008229120844592486,-0.00029097581056802824,0.014434663745278058,-1,0,000002,0.9857707309685322,0.0,1000084.1213970479,1000084.1213970479,
2023-04-14,3169.51,3151.18,3114.610174996555,-0.0016569457073066785,-0.002418392270769676,0.014261946203655,-1,0,000002,0.9859385967727203,0.0,1000084.1213970479,1000084.1213970479,
2023-04-17,3139.4000000000005,3166.89,3113.398621712029,0.0049854340278878695,-0.0003889903443622389,0.013117921885461122,-1,0,000002,0.9870519298868506,0.0,1000084.1213970479,1000084.1213970479,
2023-04-18,3162.96,3162.96,3140.0356315121057,-0.0012409651108815645,0.008555605316427295,0.013085958329907669,-1,0,000002,0.9870830720509836,0.0,1000084.1213970479,1000084.1213970479,
2023-04-19,3162.96,3107.98,3150.3203080853823,-0.017382451880517014,0.0032753375375946803,0.01392785867343785,-1,0,000002,0.9862634618880476,0.0,1000084.1213970479,1000084.1213970479,
2023-04-20,3102.74,3101.43,3129.5423874226217,-0.0021074781691002853,-0.006595494626192022,0.013823712187687864,-1,0,000002,0.9863647772078065,0.0,1000084.1213970479,1000084.1213970479,
2023-04-21,3109.29,3084.41,3091.767814079225,-0.0054877911157111825,-0.01207031848976059,0.008257566459368258,-1,0,000002,0.9918100624938866,0.0,1000084.1213970479,1000084.1213970479,
2023-04-24,3084.41,3032.05,3103.147397390306,-0.016975693892835153,0.0036806073403252704,0.009493128746450617,-1,0,000002,0.9905961432761422,0.0,1000084.1213970479,1000084.1213970479,
2023-04-25,3037.29,3029.43,3072.100799057186,-0.0008641018452862914,-0.01000487387715765,0.007355810034730701,-1,0,000002,0.9926979028050903,0.0,1000084.1213970479,1000084.1213970479,
2023-04-26,3005.87,3018.96,3053.5345085558297,-0.0034560957011714466,-0.006043516054894504,0.007146836292598236,-1,0,000002,0.9929038785258897,0.0,1000084.1213970479,1000084.1213970479,
2023-04-27,3018.96,3034.67,3043.0462095817925,0.005203778784746982,-0.0034348061057275503,0.007759078389566229,-1,0,000002,0.9923006613823162,0.0,1000084.1213970479,1000084.1213970479,
2023-04-28,3030.74,3063.47,2991.3892427328237,0.009490323494811603,-0.016975413217950486,0.008842030618271815,-1,0,000002,0.9912354656626936,0.0,1000084.1213970479,1000084.1213970479,
2023-05-04,3018.96,3038.6,2998.2457907447224,-0.008118244996686674,0.002292094894890573,0.008528162290139536,-1,0,000002,0.9915439522573429,0.0,1000084.1213970479,1000084.1213970479,
2023-05-05,3038.6,3115.83,2974.7617283758523,0.025416310142828857,-0.007832600796560119,0.012676385353697472,-1,0,000002,0.987482293912413,0.0,1000084.1213970479,1000084.1213970479,
2023-05-08,3094.89,3121.07,3028.959321008027,0.0016817348828401801,0.01821913739012815,0.01137738407490001,-1,0,000002,0.9887506046169829,0.0,1000084.1213970479,1000084.1213970479,
2023-05-09,3110.6,3106.67,3057.7332024595144,-0.004613802317794846,0.009499593227257908,0.011467920363425024,-1,0,000002,0.9886621017507857,0.0,1000084.1213970479,1000084.1213970479,
2023-05-10,3105.36,3084.41,3065.5485210898523,-0.007165228363488985,0.002555919078895297,0.011572600558770085,-1,0,000002,0.9885597923941616,0.0,1000084.1213970479,1000084.1213970479,
2023-05-11,3084.41,3084.41,3042.583986732066,0.0,-0.007491166491020662,0.009923599990338941,-1,0,000002,0.9901739101943614,0.0,1000084.1213970479,1000084.1213970479,
2023-05-12,3076.56,3053.0000000000005,3035.8755012944343,-0.010183471069021066,-0.002204864505593207,0.010610942219160067,-1,0,000002,0.9895004677112837,0.0,1000084.1213970479,1000084.1213970479,
2023-05-15,3045.14,3053.0000000000005,3043.791758457721,0.0,0.0026075697636187556,0.010511811193099189,-1,0,000002,0.989597537528346,0.0,1000084.1213970479,1000084.1213970479,
2023-05-16,3053.0,3033.36,3044.660207996965,-0.006433016704880501,0.00028531831615308256,0.010658867435306292,-1,0,000002,0.9894535458216928,0.0,1000084.1213970479,1000084.1213970479,
2023-05-17,3029.4300000000003,3016.34,3033.839859065116,-0.00561093968404669,-0.003553877343497547,0.010227088269928198,-1,0,000002,0.9898764462083048,0.0,1000084.1213970479,1000084.1213970479,
2023-05-18,3021.58,2995.4,3041.21826220125,-0.006942188214856482,0.0024320344773924862,0.010149024120534623,-1,0,000002,0.9899529436962327,0.0,1000084.1213970479,1000084.1213970479,
2023-05-19,2995.4,2984.92,3027.2020596894627,-0.0034986980036055826,-0.004608746003531672,0.0037943007286809806,-1,0,000002,0.9962200415703432,0.0,1000084.1213970479,1000084.1213970479,
2023-05-22,2982.3,3001.94,3008.3963674226407,0.005701995363359913,-0.006212235554818313,0.0046190969486702566,-1,0,000002,0.995402141007771,0.0,1000084.1213970479,1000084.1213970479,
2023-05-23,2996.7,2982.3,3002.0526569715144,-0.006542435891456866,-0.00210866843206603,0.004693064933520727,-1,0,000002,0.9953288570436871,0.0,1000084.1213970479,1000084.1213970479,
2023-05-24,2975.7600000000007,2928.63,2979.373775753081,-0.017996177446936934,-0.007554458169068856,0.006419649685709271,-1,0,000002,0.9936212993379909,0.0,1000084.1213970479,1000084.1213970479,
2023-05-25,2918.16,2939.1,2957.452806199193,0.0035750504502103375,-0.0073575761900995795,0.006825088943271876,-1,0,000002,0.9932211771257753,0.0,1000084.1213970479,1000084.1213970479,
2023-05-26,2932.56,2941.72,2886.292158582509,0.0008914293491204539,-0.024061465145791217,0.006751349703472967,-1,0,000002,0.9932939253516159,0.0,1000084.1213970479,1000084.1213970479,
2023-05-29,2936.49,2918.16,2851.838084817231,-0.008008919951592919,-0.011937140064919305,0.006740600913678289,-1,0,000002,0.9933045305736544,0.0,1000084.1213970479,1000084.1213970479,
2023-05-30,2912.92,2961.36,2844.687593325377,0.014803849000740277,-0.0025073273023186182,0.009019391627028939,-1,0,000002,0.9910612306345419,0.0,1000084.1213970479,1000084.1213970479,
2023-05-31,2946.96,2945.65,2895.469129295648,-0.005304995002296309,0.017851357769275822,0.009007660373627435,-1,0,000002,0.9910727532333186,0.0,1000084.1213970479,1000084.1213970479,
2023-06-01,2932.56,2914.23,2901.9156690591576,-0.010666576137694617,0.002226423241154629,0.009291961364312804,-1,0,000002,0.9907935842947244,0.0,1000084.1213970479,1000084.1213970479,
2023-06-02,2920.78,2982.3,2884.992756776512,0.02335779948734329,-0.005831634758749593,0.012398714275843612,-1,0,000002,0.9877531311517791,0.0,1000084.1213970479,1000084.1213970479,
2023-06-05,2958.74,2961.36,2935.520491968692,-0.007021426415853571,0.017513990311932792,0.012399244046965893,-1,0,000002,0.9877526142775442,0.0,1000084.1213970479,1000084.1213970479,
2023-06-06,2956.12,2974.45,2938.523486046196,0.004420266364102865,0.0010229852204131085,0.012367966888600805,-1,0,000002,0.987783130943374,0.0,1000084.1213970479,1000084.1213970479,
2023-06-07,2991.47,2995.4,2956.544213958085,0.0070433189329119905,0.006132579166871377,0.010798722395348426,-1,0,000002,0.9893166441982058,0.0,1000084.1213970479,1000084.1213970479,
2023-06-08,2988.85,3030.74,2974.8370686641338,0.011798090405287898,0.0061872420576991605,0.011211056537021211,-1,0,000002,0.9889132377810282,0.0,1000084.1213970479,1000084.1213970479,
2023-06-09,3017.65,3001.94,3004.3204287377,-0.009502629720794187,0.009910915923474706,0.0119023119625769,-1,0,000002,0.9882376867590188,0.0,1000084.1213970479,1000084.1213970479,
2023-06-12,2990.1599999999994,2988.85,2989.309676242769,-0.004360513534581001,-0.004996388651272388,0.011610634124827258,-1,0,000002,0.9885226254715364,0.0,1000084.1213970479,1000084.1213970479,
2023-06-13,2982.3,2995.4,2985.103855555058,0.0021914783277849903,-0.0014069538265426562,0.01077534712142265,-1,0,000002,0.9893395232164005,0.0,1000084.1213970479,1000084.1213970479,
2023-06-14,2996.7,2966.6,3013.615791332424,-0.009614742605328241,0.0095514049617762,0.011144108091112352,-1,0,000002,0.988978714307943,0.0,1000084.1213970479,1000084.1213970479,
2023-06-15,2973.14,3008.49,3007.129836089909,0.014120542034652406,-0.002152217034822268,0.011075469480945328,-1,0,000002,0.9890458528415973,0.0,1000084.1213970479,1000084.1213970479,
2023-06-16,3011.1000000000004,2984.92,3015.981738184691,-0.007834495045687229,0.0029436381457648153,0.008974145905089322,-1,0,000002,0.9911056730823967,0.0,1000084.1213970479,1000084.1213970479,
2023-06-19,2991.47,2939.1,3018.7473667207364,-0.015350495155649124,0.000916991141236112,0.010034844904126209,-1,0,000002,0.9900648527575513,0.0,1000084.1213970479,1000084.1213970479,
2023-06-20,2940.41,2915.5400000000004,2982.0736633425954,-0.0080160593378924,-0.012148649397574318,0.010098968994956829,-1,0,000002,0.9900020004920852,0.0,1000084.1213970479,1000084.1213970479,
2023-06-21,2906.38,2906.38,2956.17580285728,-0.0031417850552557525,-0.008684514002342492,0.0095917646914994,-1,0,000002,0.9904993631812852,0.0,1000084.1213970479,1000084.1213970479,
2023-06-26,2886.74,2881.4999999999995,2950.835223619044,-0.008560477294779267,-0.0018065837738994173,0.008162816532917345,-1,0,000002,0.99190327554334,0.0,1000084.1213970479,1000084.1213970479,
2023-06-27,2888.05,2957.43,2906.4391406920554,0.026350858927641996,-0.015045259922219278,0.012623767839358951,-1,0,000002,0.9875336050364545,0.0,1000084.1213970479,1000084.1213970479,
2023-06-28,2954.81,2943.03,2943.709894038141,-0.004869092421460386,0.012823510674718985,0.012637940179397691,-1,0,000002,0.9875197840432892,0.0,1000084.1213970479,1000084.1213970479,
2023-06-29,2939.1,2915.5400000000004,2938.485088679194,-0.009340713482363316,-0.00177490498283428,0.012791682968071363,-1,0,000002,0.9873698775541044,0.0,1000084.1213970479,1000084.1213970479,
2023-06-30,2924.7,2916.85,2917.1003732621675,0.0004493164216574641,-0.007277462628418108,0.012574770911948922,-1,0,000002,0.9875813902605692,0.0,1000084.1213970479,1000084.1213970479,
2023-07-03,2920.78,2933.87,2898.524919752777,0.005835061796115593,-0.006367780032408676,0.01166230741989328,-1,0,000002,0.9884721340961724,0.0,1000084.1213970479,1000084.1213970479,
2023-07-04,2929.9400000000005,2916.85,2906.282060554326,-0.0058012113692835765,0.002676237402233772,0.011575357641295048,-1,0,000002,0.9885570980413307,0.0,1000084.1213970479,1000084.1213970479,
2023-07-05,2908.99,2910.3,2910.260551376045,-0.0022455731354028563,0.0013689279769906193,0.010629926718671924,-1,0,000002,0.9894818801248193,0.0,1000084.1213970479,1000084.1213970479,
2023-07-06,2905.07,2910.3,2894.622787331343,0.0,-0.005373320968567019,0.010334669956996148,-1,0,000002,0.9897710429382414,0.0,1000084.1213970479,1000084.1213970479,
2023-07-07,2903.76,2897.21,2898.017318196595,-0.0044978180943545665,0.0011727023224266109,0.010387307032549212,-1,0,000002,0.9897194798863257,0.0,1000084.1213970479,1000084.1213970479,
2023-07-10,2902.4500000000003,2902.45,2868.93974847883,0.0018086365848521968,-0.010033607989568427,0.009976973407798396,-1,0,000002,0.9901215832929986,0.0,1000084.1213970479,1000084.1213970479,
2023-07-11,2927.32,2895.9,2866.74615344435,-0.002256714155282502,-0.0007646012906485922,0.004330012084871875,-1,0,000002,0.9956886560863761,0.0,1000084.1213970479,1000084.1213970479,
2023-07-12,2894.59,2872.34,2895.819359824956,-0.008135640042819192,0.010141534975349975,0.004672479562594999,-1,0,000002,0.9953492509672115,0.0,1000084.1213970479,1000084.1213970479,
2023-07-13,2876.27,2888.05,2897.8232951375844,0.005469408217690042,0.0006920097781062395,0.0045808254103163176,-1,0,000002,0.9954400628655784,0.0,1000084.1213970479,1000084.1213970479,
2023-07-14,2890.67,2885.43,2896.131192987264,-0.0009071865099289367,-0.0005839217847269929,0.004555209820082426,-1,0,000002,0.9954654460247154,0.0,1000084.1213970479,1000084.1213970479,
2023-07-17,2876.27,2876.27,2907.4912867257003,-0.0031745701680511162,0.00392250660672544,0.0038776495322101028,-1,0,000002,0.9961373285539158,0.0,1000084.1213970479,1000084.1213970479,
2023-07-18,2876.27,2874.96,2839.32039773047,-0.00045545098339161427,-0.02344663569809058,0.0036534144882235096,-1,0,000002,0.9963598843629836,0.0,1000084.1213970479,1000084.1213970479,
2023-07-19,2868.41,2901.14,2819.309551740289,0.009106213651668194,-0.007047759036344137,0.004919380547954206,-1,0,000002,0.9951047012892997,0.0,1000084.1213970479,1000084.1213970479,
2023-07-20,2902.4500000000003,2898.52,2887.491639967561,-0.0009030932667847269,0.02418396666842937,0.004921462293721589,-1,0,000002,0.9951026398794506,0.0,1000084.1213970479,1000084.1213970479,
2023-07-21,2898.52,2911.61,2896.9029218861465,0.004516097870637559,0.0032593278499297718,0.0049119015767648145,-1,0,000002,0.9951121072712366,0.0,1000084.1213970479,1000084.1213970479,
2023-07-24,2929.9400000000005,2888.05,2890.7747602906825,-0.008091743056247158,-0.0021154183487357425,0.005573536825846761,-1,0,000002,0.9944573553084542,0.0,1000084.1213970479,1000084.1213970479,
2023-07-25,2931.25,3034.67,2887.725805728436,0.050767819116704915,-0.0010547188262912677,0.017068318620348986,-1,0,000002,0.9832181198569805,0.0,1000084.1213970479,1000084.1213970479,
2023-07-26,3018.96,3028.12,3008.083079814613,-0.002158389544827055,0.041678913506061344,0.01666411247510102,-1,0,000002,0.9836090285172635,0.0,1000084.1213970479,1000084.1213970479,
2023-07-27,3009.8,3009.8,3010.837800007761,-0.0060499583900240905,0.0009157726432600377,0.017053675222746152,-1,0,000002,0.9832322760949551,0.0,1000084.1213970479,1000084.1213970479,
2023-07-28,3021.58,3075.2500000000005,3011.6153466895225,0.021745630938933003,0.00025824927591910907,0.017779381510507026,-1,0,000002,0.9825312028977043,0.0,1000084.1213970479,1000084.1213970479,
2023-07-31,3097.5,3077.87,3053.704096926749,0.0008519632550196832,0.013975473422757068,0.017579646455665603,-1,0,000002,0.9827240584882988,0.0,1000084.1213970479,1000084.1213970479,
2023-08-01,3067.4,3056.92,3082.4257637768987,-0.006806655251846205,0.009405517345002501,0.01798625928639717,-1,0,000002,0.9823315303892163,0.0,1000084.1213970479,1000084.1213970479,
2023-08-02,3056.9200000000005,3053.0000000000005,3074.715892461241,-0.0012823364693873573,-0.002501235035815119,0.018105642319105334,-1,0,000002,0.9822163422276463,0.0,1000084.1213970479,1000084.1213970479,
2023-08-03,3034.67,3090.96,3075.3628299173715,0.012433671798231183,0.00021040560453622348,0.018092502802974347,-1,0,000002,0.9822290187255454,0.0,1000084.1213970479,1000084.1213970479,
2023-08-04,3126.3,3076.56,3097.401755019129,-0.004658746797111646,0.0071662845396194275,0.018438821573745472,-1,0,000002,0.9818950130502166,0.0,1000084.1213970479,1000084.1213970479,
2023-08-07,3053.0,3009.8,3109.704765917659,-0.021699560548144592,0.003972042334706494,0.02000344627971068,-1,0,000002,0.9803888444174675,0.0,1000084.1213970479,1000084.1213970479,
2023-08-08,3008.49,2990.16,3077.6777257248764,-0.006525350521629503,-0.010299061359071437,0.011702628594017996,-1,0,000002,0.9884327387680297,0.0,1000084.1213970479,1000084.1213970479,
2023-08-09,2990.1599999999994,3005.87,3038.846352121532,0.005253899456885369,-0.01261710193980703,0.011883651866781177,-1,0,000002,0.9882559108007551,0.0,1000084.1213970479,1000084.1213970479,
2023-08-10,3007.18,3012.41,3037.910852634609,0.002175742796594715,-0.0003078469190356259,0.01175414970323086,-1,0,000002,0.9883824052447141,0.0,1000084.1213970479,1000084.1213970479,
2023-08-11,3025.5,2992.78,3039.2186902257804,-0.006516377252764327,0.0004305055857833917,0.009077255763433895,-1,0,000002,0.9910043996021232,0.0,1000084.1213970479,1000084.1213970479,
2023-08-14,2957.43,2966.6,3042.4821755316857,-0.008747719511624785,0.0010737908780309446,0.009169675952695562,-1,0,000002,0.990913642996616,0.0,1000084.1213970479,1000084.1213970479,
2023-08-15,2983.61,2952.19,2977.262211457193,-0.00485741252612415,-0.021436432594085786,0.009115375834102435,-1,0,000002,0.9909669636868152,0.0,1000084.1213970479,1000084.1213970479,
2023-08-16,2946.96,2984.92,2951.4548174956444,0.011086684800097668,-0.008668162939171387,0.010214044363303152,-1,0,000002,0.9898892275154018,0.0,1000084.1213970479,1000084.1213970479,
2023-08-17,2967.9,2983.61,2981.1057297161224,-0.00043887273360754264,0.01004620231511355,0.008889352355382506,-1,0,000002,0.9911889719773241,0.0,1000084.1213970479,1000084.1213970479,
2023-08-18,2981.0,2954.81,2952.4999821898346,-0.009652736114974858,-0.009595683655611809,0.009099920284002779,-1,0,000002,0.9909821415093942,0.0,1000084.1213970479,1000084.1213970479,
2023-08-21,2949.58,2911.61,2931.0019654512407,-0.014620229388691564,-0.007281292758094748,0.007743593904404437,-1,0,000002,0.9923159085790835,0.0,1000084.1213970479,1000084.1213970479,
2023-08-22,2912.92,2916.85,2918.67015652746,0.0017996915795728263,-0.004207369721733301,0.0078037035438913,-1,0,000002,0.9922567226966422,0.0,1000084.1213970479,1000084.1213970479,
2023-08-23,2920.78,2890.67,2906.85918461591,-0.008975435829747802,-0.0040466963644848475,0.007535210923351073,-1,0,000002,0.9925211438353152,0.0,1000084.1213970479,1000084.1213970479,
2023-08-24,2894.59,2876.27,2872.6708380836253,-0.004981544071097743,-0.011761266838524964,0.007230411728532605,-1,0,000002,0.9928214918410532,0.0,1000084.1213970479,1000084.1213970479,
2023-08-25,2898.52,2929.94,2856.4059170445803,0.018659583418802805,-0.005661950831058471,0.010241413088381496,-1,0,000002,0.9898624101569221,0.0,1000084.1213970479,1000084.1213970479,
2023-08-28,3055.61,3009.8,2925.8283565816287,0.02725653085046109,0.024304122576835008,0.013457766458098439,-1,0,000002,0.9867209400297642,0.0,1000084.1213970479,1000084.1213970479,
2023-08-29,3003.25,3029.43,3005.911737799645,0.006522028041730188,0.027371182262920346,0.013338455142981358,-1,0,000002,0.9868371173764452,0.0,1000084.1213970479,1000084.1213970479,
2023-08-30,3016.34,3029.43,3001.491822701991,0.0,-0.0014704074780615972,0.013017629510270188,-1,0,000002,0.9871496515647379,0.0,1000084.1213970479,1000084.1213970479,
2023-08-31,3033.36,2956.12,3000.0644296726587,-0.024199271810208534,-0.00047556119211666914,0.015377002303373691,-1,0,000002,0.9848558690333826,0.0,1000084.1213970479,1000084.1213970479,
2023-09-01,2987.54,3009.8,2994.7360677784686,0.018158938067466934,-0.001776082487258912,0.016099882023426746,-1,0,000002,0.9841552171117607,0.0,1000084.1213970479,1000084.1213970479,
2023-09-04,3026.81,3008.49,3015.234298529327,-0.00043524486676871366,0.006844753690118832,0.015068399819982425,-1,0,000002,0.9851552862618375,0.0,1000084.1213970479,1000084.1213970479,
2023-09-05,3001.94,2987.5400000000004,3039.2899580660464,-0.006963626270986234,0.007978039898409284,0.015421244221079145,-1,0,000002,0.9848129588494984,0.0,1000084.1213970479,1000084.1213970479,
2023-09-06,2987.54,3025.5000000000005,3006.7889140132074,0.012706106027032371,-0.010693630585191016,0.015149701376492419,-1,0,000002,0.9850763869053497,0.0,1000084.1213970479,1000084.1213970479,
2023-09-07,3015.03,3003.2500000000005,3025.2183411723377,-0.007354156337795459,0.00612927201947544,0.0153351351149399,-1,0,000002,0.9848964794139582,0.0,1000084.1213970479,1000084.1213970479,
2023-09-08,2991.47,2991.47,3034.7037998226288,-0.0039224173811706065,0.003135462495779784,0.014655352845975913,-1,0,000002,0.9855563243175434,0.0,1000084.1213970479,1000084.1213970479,
2023-09-11,2992.78,2963.98,3032.801675710381,-0.009189462037058616,-0.0006267906977803772,0.01202030105617172,-1,0,000002,0.9881224704251219,0.0,1000084.1213970479,1000084.1213970479,
2023-09-12,2962.67,2957.43,3023.127720894814,-0.0022098664633365406,-0.003189774950681845,0.01168797582482419,-1,0,000002,0.9884470547203102,0.0,1000084.1213970479,1000084.1213970479,
2023-09-13,2957.43,2953.4999999999995,3009.5714141196017,-0.0013288564733570096,-0.0044841991562301065,0.011665937324760147,-1,0,000002,0.9884685874117602,0.0,1000084.1213970479,1000084.1213970479,
2023-09-14,2945.65,2939.1,3009.024687973559,-0.004875571356018127,-0.0001816624598033334,0.00895220725598009,-1,0,000002,0.991127223676603,0.0,1000084.1213970479,1000084.1213970479,
2023-09-15,2949.58,2927.32,2979.906539220214,-0.0040080296689462,-0.009676939132378659,0.006096035760110615,-1,0,000002,0.9939409007257394,0.0,1000084.1213970479,1000084.1213970479,
2023-09-18,2924.7,2912.92,2928.8262600991134,-0.004919175218288441,-0.017141570867678202,0.006071049542633055,-1,0,000002,0.9939655856856303,0.0,1000084.1213970479,1000084.1213970479,
2023-09-19,2914.23,2911.61,2899.276286411584,-0.0004497205553189998,-0.010089356985801379,0.005971781728843405,-1,0,000002,0.9940636687456775,0.0,1000084.1213970479,1000084.1213970479,
2023-09-20,2911.6100000000006,2910.3,2891.296324525774,-0.0004499228948932066,-0.002752397873638568,0.002890183604821186,-1,0,000002,0.9971181454838529,0.0,1000084.1213970479,1000084.1213970479,
2023-09-21,2915.54,2906.38,2911.149072266221,-0.0013469401779885315,0.00686638293420283,0.002704007247070222,-1,0,000002,0.9973032846906694,0.0,1000084.1213970479,1000084.1213970479,
2023-09-22,2903.76,2923.39,2868.1940541583303,0.005852641430232675,-0.014755348160323423,0.003930600514350342,-1,0,000002,0.9960847886175235,0.0,1000084.1213970479,1000084.1213970479,
2023-09-25,2916.85,2890.67,2861.710426028967,-0.011192485436428146,-0.002260526312703015,0.004349802900736201,-1,0,000002,0.9956690359392979,0.0,1000084.1213970479,1000084.1213970479,
2023-09-26,2890.67,2881.4999999999995,2863.002119272649,-0.0031722749397200545,0.0004513710513591729,0.004353492765893384,-1,0,000002,0.9956653779797148,0.0,1000084.1213970479,1000084.1213970479,
2023-09-27,2874.96,2878.89,2804.04296224326,-0.000905778240499644,-0.020593473065387724,0.004369127754290695,-1,0,000002,0.9956498784823664,0.0,1000084.1213970479,1000084.1213970479,
2023-09-28,2882.81,2882.81,2778.926139109433,0.0013616359082841978,-0.008957360308678441,0.0044442845818193615,-1,0,000002,0.9955753796900048,0.0,1000084.1213970479,1000084.1213970479,
2023-10-09,2880.19,2857.94,2783.1302144622805,-0.00862699935132727,0.0015128417030165764,0.004901561128732538,-1,0,000002,0.9951223469856818,0.0,1000084.1213970479,1000084.1213970479,
2023-10-10,2857.94,2848.78,2787.672303000391,-0.0032051057754886036,0.0016320071962525606,0.004832575841694701,-1,0,000002,0.9951906656313897,0.0,1000084.1213970479,1000084.1213970479,
2023-10-11,2852.7,2842.23,2774.751589004696,-0.002299229845758588,-0.004634947221661689,0.004792801142104748,-1,0,000002,0.9952300602306694,0.0,1000084.1213970479,1000084.1213970479,
2023-10-12,2847.47,2851.39,2768.674623898566,0.003222821516907448,-0.00219009338717413,0.005090202851743177,-1,0,000002,0.9949355760932692,0.0,1000084.1213970479,1000084.1213970479,
2023-10-13,2839.61,2818.67,2781.891317598224,-0.011475105124167495,0.004773653641195086,0.005884567605220518,-1,0,000002,0.994149857951166,0.0,1000084.1213970479,1000084.1213970479,
2023-10-16,2814.74,2768.92,2782.583779205382,-0.01765016834180655,0.00024891756294631584,0.0065879140688904865,-1,0,000002,0.9934552024946729,0.0,1000084.1213970479,1000084.1213970479,
2023-10-17,2767.61,2738.81,2766.4483038353924,-0.010874275890961127,-0.005798738385011881,0.0065574939483011244,-1,0,000002,0.993485226638591,0.0,1000084.1213970479,1000084.1213970479,
2023-10-18,2730.96,2703.47,2735.971411890686,-0.012903414256556722,-0.011016613577218615,0.006908982467143818,-1,0,000002,0.993138424040855,0.0,1000084.1213970479,1000084.1213970479,
2023-10-19,2696.92,2670.74,2702.817176265121,-0.01210666291839746,-0.012117902797329938,0.006838481169101247,-1,0,000002,0.9932079660273208,0.0,1000084.1213970479,1000084.1213970479,
2023-10-20,2664.19,2696.92,2672.352210775316,0.009802526640556586,-0.011271559821853239,0.008392183504247794,-1,0,000002,0.9916776591077053,0.0,1000084.1213970479,1000084.1213970479,
2023-10-23,2686.45,2691.68,2663.623500232995,-0.0019429571511205834,-0.003266302438400759,0.008479550095057933,-1,0,000002,0.9915917480981558,0.0,1000084.1213970479,1000084.1213970479,
2023-10-24,2695.61,2696.92,2655.1288100069764,0.0019467395827141853,-0.0031891482505975732,0.008814283370576458,-1,0,000002,0.9912627294083042,0.0,1000084.1213970479,1000084.1213970479,
2023-10-25,2720.4800000000005,2702.16,2646.6155028757457,0.0019429571511204724,-0.0032063631335491616,0.00907968600150972,-1,0,000002,0.99100201289604,0.0,1000084.1213970479,1000084.1213970479,
2023-10-26,2691.68,2685.14,2647.0828162854914,-0.006298664771886231,0.00017657019285111097,0.008608139961248838,-1,0,000002,0.9914653276924976,0.0,1000084.1213970479,1000084.1213970479,
2023-10-27,2679.9,2692.99,2630.5069347515705,0.002923497471267744,-0.006261942932779485,0.00878477744698103,-1,0,000002,0.991291722829905,0.0,1000084.1213970479,1000084.1213970479,
2023-10-30,2683.83,2689.07,2629.4095554560427,-0.0014556311014892742,-0.0004171740743316166,0.007492109758110515,-1,0,000002,0.9925636045329336,0.0,1000084.1213970479,1000084.1213970479,
2023-10-31,2683.83,2653.72,2629.160699793398,-0.01314580877403726,-9.464317269558542e-05,0.007789397434197385,-1,0,000002,0.9922708083117078,0.0,1000084.1213970479,1000084.1213970479,
2023-11-01,2652.41,2655.03,2623.1753647676114,0.0004936466545077955,-0.0022765192809466317,0.007036158939532177,-1,0,000002,0.9930130026840925,0.0,1000084.1213970479,1000084.1213970479,
2023-11-02,2655.03,2639.32,2588.63693315059,-0.005917070616904496,-0.013166649885826942,0.00625621498563224,-1,0,000002,0.9937826818930787,0.0,1000084.1213970479,1000084.1213970479,
2023-11-03,2641.94,2645.87,2574.12563731581,0.0024816998317747085,-0.005605767131321326,0.005163044344085395,-1,0,000002,0.9948634757583488,0.0,1000084.1213970479,1000084.1213970479,
2023-11-06,2675.98,2737.4999999999995,2582.809841819108,0.03463133109336414,0.0033736521548939358,0.01265119181769678,-1,0,000002,0.9875068612766968,0.0,1000084.1213970479,1000084.1213970479,
2023-11-07,2767.61,2732.27,2692.7164870753886,-0.0019105022831048535,0.04255313088743384,0.012703568412751437,-1,0,000002,0.9874557878445493,0.0,1000084.1213970479,1000084.1213970479,
2023-11-08,2719.18,2758.45,2766.783553573788,0.009581776325180202,0.02750644817377168,0.012968449939329402,-1,0,000002,0.9871975776342233,0.0,1000084.1213970479,1000084.1213970479,
2023-11-09,2754.52,2736.19,2804.559872252047,-0.008069749315738783,0.013653514251038557,0.013107821744185367,-1,0,000002,0.9870617702648681,0.0,1000084.1213970479,1000084.1213970479,
2023-11-10,2729.65,2727.03,2785.917077905834,-0.003347720735767612,-0.006647315513090835,0.013206320939124406,-1,0,000002,0.9869658127212593,0.0,1000084.1213970479,1000084.1213970479,
2023-11-13,2719.18,2704.78,2776.927730690539,-0.008159059489627918,-0.0032267102587461016,0.013529832876096375,-1,0,000002,0.9866507798416719,0.0,1000084.1213970479,1000084.1213970479,
2023-11-14,2704.78,2712.63,2763.651841050089,0.0029022693158038404,-0.0047807832712840614,0.012631781023446755,-1,0,000002,0.9875257904599042,0.0,1000084.1213970479,1000084.1213970479,
2023-11-15,2740.12,2727.03,2758.2653013271097,0.005308501343714411,-0.0019490659579365355,0.01264835820201889,-1,0,000002,0.9875096245408659,0.0,1000084.1213970479,1000084.1213970479,
2023-11-16,2721.79,2715.2499999999995,2785.206290282608,-0.004319717788216715,0.009767366809326106,0.012536328801664895,-1,0,000002,0.9876188849278114,0.0,1000084.1213970479,1000084.1213970479,
2023-11-17,2706.08,2691.68,2774.8939792406563,-0.008680600313046627,-0.0037025304294086014,0.01306450714621787,-1,0,000002,0.987103973089512,0.0,1000084.1213970479,1000084.1213970479,
2023-11-20,2703.47,2685.14,2761.66855886668,-0.0024297093265172043,-0.004766099343945118,0.006131011554618791,-1,0,000002,0.9939063486919607,0.0,1000084.1213970479,1000084.1213970479,
2023-11-21,2713.94,2730.96,2768.4538390383127,0.017064287150763136,0.002456949495205585,0.008579148211988434,-1,0,000002,0.9914938275025837,0.0,1000084.1213970479,1000084.1213970479,
2023-11-22,2721.79,2720.48,2810.8942742505674,-0.003837478395875449,0.015330013675430187,0.007936710666178019,-1,0,000002,0.9921257847023625,0.0,1000084.1213970479,1000084.1213970479,
2023-11-23,2723.1,2763.68,2804.739059964717,0.015879550667529108,-0.002189770829246651,0.009199023299522073,-1,0,000002,0.9908848273857357,0.0,1000084.1213970479,1000084.1213970479,
2023-11-24,2766.3000000000006,2757.14,2823.8981825414303,-0.002366410004052577,0.006830982193742674,0.009152154377425888,-1,0,000002,0.9909308479026416,0.0,1000084.1213970479,1000084.1213970479,
2023-11-27,2749.28,2715.2499999999995,2791.0995588943365,-0.015193279993036435,-0.01161466226008756,0.010160702587816246,-1,0,000002,0.9899414988508395,0.0,1000084.1213970479,1000084.1213970479,
2023-11-28,2715.25,2708.7,2768.32235714525,-0.002412300893103625,-0.008160655422162488,0.010156170123225864,-1,0,000002,0.9899459406143242,0.0,1000084.1213970479,1000084.1213970479,
2023-11-29,2708.7,2670.74,2743.126848497987,-0.014014102706095155,-0.009101363713019728,0.010828941769677226,-1,0,000002,0.9892870679476997,0.0,1000084.1213970479,1000084.1213970479,
2023-11-30,2664.19,2668.12,2739.790350016952,-0.0009810015201778821,-0.001216312137684028,0.010801971139731524,-1,0,000002,0.9893134645082342,0.0,1000084.1213970479,1000084.1213970479,
2023-12-01,2668.12,2662.88,2728.5887908619648,-0.0019639296583361388,-0.004088473103395551,0.010524753047545606,-1,0,000002,0.9895848636900729,0.0,1000084.1213970479,1000084.1213970479,
2023-12-04,2656.34,2634.0800000000004,2732.37893096298,-0.0108153578080874,0.0013890477428144532,0.010973566680261018,-1,0,000002,0.9891455454010583,0.0,1000084.1213970479,1000084.1213970479,
2023-12-05,2631.47,2583.03,2709.8244048535826,-0.019380580696106486,-0.00825453814396404,0.009997221991594741,-1,0,000002,0.9901017331791454,0.0,1000084.1213970479,1000084.1213970479,
2023-12-06,2583.03,2590.88,2674.240081319512,0.003039066522649625,-0.013131597556777286,0.010355029756384459,-1,0,000002,0.9897510979295256,0.0,1000084.1213970479,1000084.1213970479,
2023-12-07,2581.72,2597.43,2654.102407662571,0.0025280985611064732,-0.007530241505842916,0.007977151483459673,-1,0,000002,0.9920859798540874,0.0,1000084.1213970479,1000084.1213970479,
2023-12-08,2593.5000000000005,2581.72,2655.473804531693,-0.006048286190580732,0.0005167083474861833,0.007867017290326442,-1,0,000002,0.9921943895817952,0.0,1000084.1213970479,1000084.1213970479,
2023-12-11,2568.63,2562.0800000000004,2646.761820115149,-0.007607331546410689,-0.0032807645858440315,0.007282206015195235,-1,0,000002,0.9927704411219538,0.0,1000084.1213970479,1000084.1213970479,
2023-12-12,2585.65,2611.8300000000004,2602.968895828128,0.01941781677387122,-0.016545850085262215,0.010814486093645569,-1,0,000002,0.9893012157597395,0.0,1000084.1213970479,1000084.1213970479,
2023-12-13,2590.88,2563.39,2629.7462596401574,-0.018546383187267312,0.010287239257813052,0.011380405881488979,-1,0,000002,0.9887476504238084,0.0,1000084.1213970479,1000084.1213970479,
2023-12-14,2567.32,2545.07,2603.0295462146405,-0.007146786091854818,-0.010159426342970734,0.011363526595644796,-1,0,000002,0.9887641522589847,0.0,1000084.1213970479,1000084.1213970479,
2023-12-15,2562.08,2563.39,2577.871707711518,0.007198230304078068,-0.009664830174404782,0.011958177489811726,-1,0,000002,0.9881831307302894,0.0,1000084.1213970479,1000084.1213970479,
2023-12-18,2552.92,2550.3,2599.2587502416973,-0.005106519101658269,0.00829639522641945,0.01171649236238328,-1,0,000002,0.9884191940619401,0.0,1000084.1213970479,1000084.1213970479,
2023-12-19,2546.37,2529.36,2594.736005831659,-0.008210798729561208,-0.001740013151679376,0.010464385840372398,-1,0,000002,0.9896439835119281,0.0,1000084.1213970479,1000084.1213970479,
2023-12-20,2526.74,2513.65,2586.607399593294,-0.006211057342568882,-0.003132729580233251,0.010373156109695787,-1,0,000002,0.9897333415412221,0.0,1000084.1213970479,1000084.1213970479,
2023-12-21,2505.79,2534.59,2566.1437846505646,0.008330515385992499,-0.007911372613388035,0.010865671633091567,-1,0,000002,0.9892511221441148,0.0,1000084.1213970479,1000084.1213970479,
2023-12-22,2531.97,2529.36,2570.8266635343434,-0.002063450104356157,0.0018248700294152265,0.010789529144503054,-1,0,000002,0.9893256421506118,0.0,1000084.1213970479,1000084.1213970479,
2023-12-25,2524.12,2518.88,2576.5766692426805,-0.004143340607900781,0.002236636872449349,0.010643932523881725,-1,0,000002,0.989468167589647,0.0,1000084.1213970479,1000084.1213970479,
2023-12-26,2518.88,2501.8700000000003,2580.454803309739,-0.00675300133392609,0.001505149880984602,0.007698713079860886,-1,0,000002,0.9923601042852074,0.0,1000084.1213970479,1000084.1213970479,
2023-12-27,2501.87,2501.8700000000003,2568.5501650938395,0.0,-0.004613387609281316,0.005899875178784281,-1,0,000002,0.9941347291869028,0.0,1000084.1213970479,1000084.1213970479,
2023-12-28,2499.25,2547.68,2551.7292094561462,0.018310303892688173,-0.006548813360271133,0.008533566778066519,-1,0,000002,0.9915386388126589,0.0,1000084.1213970479,1000084.1213970479,
2023-12-29,2542.45,2539.8300000000004,2594.655429538787,-0.0030812346919548705,0.01682240416560088,0.008200852766293294,-1,0,000002,0.9918658541660703,0.0,1000084.1213970479,1000084.1213970479,
2024-01-02,2537.21,2499.25,2611.818470809758,-0.01597744730946571,0.006614767061390525,0.009447269187267866,-1,0,000002,0.9906411464217699,0.0,1000084.1213970479,1000084.1213970479,
2024-01-03,2499.25,2496.63,2573.650033565462,-0.0010483144943482792,-0.0146137404535861,0.009190408177266065,-1,0,000002,0.9908932862393479,0.0,1000084.1213970479,1000084.1213970479,
2024-01-04,2492.7,2470.45,2559.351086805761,-0.010486135310398548,-0.005555901763337867,0.009538936224471063,-1,0,000002,0.9905511953207616,0.0,1000084.1213970479,1000084.1213970479,
2024-01-05,2469.1399999999994,2478.3,2557.5738995808365,0.003177558744358544,-0.0006943897748481476,0.009064805980003053,-1,0,000002,0.9910166265573008,0.0,1000084.1213970479,1000084.1213970479,
2024-01-08,2483.54,2456.05,2537.047161693871,-0.008977928418674064,-0.00802586306121178,0.009312996062624769,-1,0,000002,0.9907729355522467,0.0,1000084.1213970479,1000084.1213970479,
2024-01-09,2457.36,2463.9,2524.4563159874083,0.003196189002666827,-0.004962795290749167,0.009491445165194715,-1,0,000002,0.9905977953447229,0.0,1000084.1213970479,1000084.1213970479,
2024-01-10,2459.97,2445.57,2526.8453885266185,-0.007439425301351443,0.0009463711152695176,0.009530721330019547,-1,0,000002,0.990559255772362,0.0,1000084.1213970479,1000084.1213970479,
2024-01-11,2444.26,2448.19,2522.930166093707,0.0010713248854050672,-0.001549450730420121,0.0095645675849778,-1,0,000002,0.9905260466818308,0.0,1000084.1213970479,1000084.1213970479,
2024-01-12,2440.34,2440.34,2499.427777708769,-0.0032064504797421067,-0.009315512851204799,0.006329625318430965,-1,0,000002,0.9937101868421808,0.0,1000084.1213970479,1000084.1213970479,
2024-01-15,2429.86,2441.65,2488.34111976564,0.0005368104444463118,-0.004435678454887015,0.006506515108050648,-1,0,000002,0.9935355459598271,0.0,1000084.1213970479,1000084.1213970479,
2024-01-16,2436.41,2428.56,2491.981306512952,-0.0053611287449061296,0.0014628969952699133,0.005014853360575703,-1,0,000002,0.9950101699056417,0.0,1000084.1213970479,1000084.1213970479,
2024-01-17,2423.3200000000006,2393.21,2488.48641889304,-0.014555950851533384,-0.0014024533854960497,0.006162386553799995,-1,0,000002,0.9938753558708283,0.0,1000084.1213970479,1000084.1213970479,
2024-01-18,2386.6600000000003,2401.06,2469.2259214496617,0.003280113320602851,-0.007739844307426913,0.006140801441713481,-1,0,000002,0.9938966778477583,0.0,1000084.1213970479,1000084.1213970479,
2024-01-19,2389.28,2402.37,2420.0969267061355,0.0005455923633728155,-0.019896516684339227,0.005906749733087699,-1,0,000002,0.9941279350847828,0.0,1000084.1213970479,1000084.1213970479,
2024-01-22,2384.05,2355.25,2399.676799690425,-0.01961396454334674,-0.008437731063731913,0.007753460303970216,-1,0,000002,0.9923061933207041,0.0,1000084.1213970479,1000084.1213970479,
2024-01-23,2348.7,2372.26,2390.820970592201,0.007222163252308844,-0.003690425768739569,0.008265200360447578,-1,0,000002,0.9918025531799641,0.0,1000084.1213970479,1000084.1213970479,
2024-01-24,2378.81,2402.37,2394.345383460224,0.012692537917428748,0.001474143363879854,0.009609726828300831,-1,0,000002,0.990481741040184,0.0,1000084.1213970479,1000084.1213970479,
2024-01-25,2408.9200000000005,2474.3700000000003,2441.4829511243106,0.029970404225827085,0.01968703763028734,0.013925150326046017,-1,0,000002,0.986266096346887,0.0,1000084.1213970479,1000084.1213970479,
2024-01-26,2473.0700000000006,2505.7899999999995,2525.825822077096,0.012698181759396965,0.03454575462586984,0.01427601796326812,-1,0,000002,0.9859249181579435,0.0,1000084.1213970479,1000084.1213970479,
2024-01-29,2533.28,2487.47,2573.9115429058675,-0.007311067567513541,0.0190376234214078,0.014622191512597292,-1,0,000002,0.985588535678686,0.0,1000084.1213970479,1000084.1213970479,
2024-01-30,2479.61,2452.1200000000003,2570.305099299252,-0.014211226668060073,-0.0014011528937563078,0.015363358151275874,-1,0,000002,0.9848691032348766,0.0,1000084.1213970479,1000084.1213970479,
2024-01-31,2449.5,2427.25,2558.0508123323325,-0.01014224426210808,-0.004767639051978856,0.014921558411017572,-1,0,000002,0.9852978210115281,0.0,1000084.1213970479,1000084.1213970479,
2024-02-01,2418.08,2406.3,2543.607293668092,-0.008631166958492087,-0.00564629857804555,0.015236910191118556,-1,0,000002,0.9849917688786057,0.0,1000084.1213970479,1000084.1213970479,
2024-02-02,2407.61,2412.85,2533.430827856362,0.0027220213605949617,-0.004000800688479966,0.015255992113496134,-1,0,000002,0.9849732557778487,0.0,1000084.1213970479,1000084.1213970479,
2024-02-05,2398.45,2372.26,2540.221344032586,-0.016822429906541925,0.0026803637587253792,0.014866825530662677,-1,0,000002,0.9853509592030569,0.0,1000084.1213970479,1000084.1213970479,
2024-02-06,2368.34,2415.46,2527.088280961812,0.018210482830718355,-0.005170046736921452,0.015771273405193225,-1,0,000002,0.984473597730006,0.0,1000084.1213970479,1000084.1213970479,
2024-02-07,2415.46,2416.77,2543.4688304355745,0.000542339761370414,0.0064819854522566445,0.01531022052524752,-1,0,000002,0.9849206476840869,0.0,1000084.1213970479,1000084.1213970479,
2024-02-08,2435.1000000000004,2487.47,2546.638067658842,0.029253921556457563,0.001246029511092761,0.01515896447422672,-1,0,000002,0.985067398304385,0.0,1000084.1213970479,1000084.1213970479,
2024-02-19,2491.39,2458.67,2573.0883266285064,-0.011578029081757646,0.010386343982512036,0.014954197259622546,-1,0,000002,0.9852661358512542,0.0,1000084.1213970479,1000084.1213970479,
2024-02-20,2466.52,2466.52,2591.5536785969143,0.0031927830900446708,0.0071763381681511085,0.014892602873616746,-1,0,000002,0.9853259321908061,0.0,1000084.1213970479,1000084.1213970479,
2024-02-21,2450.8099999999995,2507.1,2578.105291694105,0.016452329597976156,-0.005189314430905645,0.01496875704472004,-1,0,000002,0.9852520021519632,0.0,1000084.1213970479,1000084.1213970479,
2024-02-22,2495.32,2499.25,2609.122510223687,-0.0031311076542618332,0.012031013096909016,0.014476281808261634,-1,0,000002,0.985730290527386,0.0,1000084.1213970479,1000084.1213970479,
2024-02-23,2500.56,2505.7899999999995,2560.4715917882327,0.0026167850355105493,-0.018646467632247532,0.013895645970992524,-1,0,000002,0.9862947966822712,0.0,1000084.1213970479,1000084.1213970479,
2024-02-26,2501.87,2476.99,2578.5998032388093,-0.011493381328842256,0.0070800283466203595,0.014757871684534052,-1,0,000002,0.985456755649468,0.0,1000084.1213970479,1000084.1213970479,
2024-02-27,2471.76,2487.47,2581.497931779921,0.004230941586360837,0.0011239155984854587,0.013064034351495318,-1,0,000002,0.9871044337687319,0.0,1000084.1213970479,1000084.1213970479,
2024-02-28,2487.47,2470.45,2593.800215455592,-0.006842293575399894,0.0047655601518101776,0.012607084400744303,-1,0,000002,0.9875498753712503,0.0,1000084.1213970479,1000084.1213970479,
2024-02-29,2459.97,2484.85,2607.7378778985144,0.005828897569268854,0.0053734525735145144,0.01263486307102039,-1,0,000002,0.9875227848341083,0.0,1000084.1213970479,1000084.1213970479,
2024-03-01,2478.3,2465.21,2606.047084749341,-0.007903897619574551,-0.0006483754228150396,0.008928083103957722,-1,0,000002,0.9911509221980515,0.0,1000084.1213970479,1000084.1213970479,
2024-03-04,2440.34,2404.99,2585.974715705216,-0.0244279392019342,-0.007702228083901086,0.011261469632167617,-1,0,000002,0.9888639387830491,0.0,1000084.1213970479,1000084.1213970479,
2024-03-05,2390.5900000000006,2411.54,2579.2403411337737,0.0027235040478339467,-0.002604191963108904,0.011237695208897563,-1,0,000002,0.9888871871943262,0.0,1000084.1213970479,1000084.1213970479,
2024-03-06,2399.7600000000007,2391.9,2533.574817982614,-0.008144173432744206,-0.017705028268550582,0.009212081392627487,-1,0,000002,0.9908720064271173,0.0,1000084.1213970479,1000084.1213970479,
2024-03-07,2389.28,2376.19,2519.3125232550506,-0.006568000334462143,-0.005629316579219945,0.009213053141800785,-1,0,000002,0.9908710523381365,0.0,1000084.1213970479,1000084.1213970479,
2024-03-08,2376.19,2372.26,2491.029226344824,-0.0016539081470756667,-0.011226593226982162,0.00891501622773539,-1,0,000002,0.9911637590041349,0.0,1000084.1213970479,1000084.1213970479,
2024-03-11,2386.6600000000003,2408.92,2481.074563505352,0.015453618068845598,-0.0039962047551239666,0.010758853416958876,-1,0,000002,0.9893556673972356,0.0,1000084.1213970479,1000084.1213970479,
2024-03-12,2401.06,2479.61,2506.716005210281,0.029345100709031513,0.010334813020976386,0.014753824174437432,-1,0,000002,0.9854606863034584,0.0,1000084.1213970479,1000084.1213970479,
2024-03-13,2457.36,2439.03,2559.8863228306177,-0.016365476829017456,0.02121114538297153,0.015516483256264618,-1,0,000002,0.9847205993087272,0.0,1000084.1213970479,1000084.1213970479,
2024-03-14,2432.4800000000005,2441.65,2491.9730161723496,0.0010741975293455663,-0.0265298134735813,0.015350102203590286,-1,0,000002,0.9848819612365466,0.0,1000084.1213970479,1000084.1213970479,
2024-03-15,2429.86,2410.23,2501.0435214588047,-0.01286834722421315,0.003639889046787248,0.01565225944622187,-1,0,000002,0.9845889581787017,0.0,1000084.1213970479,1000084.1213970479,
2024-03-18,2408.9200000000005,2406.3,2517.4994112208487,-0.0016305497815560788,0.006579609519328011,0.0135671888593618,-1,0,000002,0.9866144158882748,0.0,1000084.1213970479,1000084.1213970479,
2024-03-19,2399.7600000000007,2391.9,2509.453272054792,-0.005984291235506811,-0.0031960838323116247,0.013661820796837455,-1,0,000002,0.9865223090023278,0.0,1000084.1213970479,1000084.1213970479,
2024-03-20,2387.97,2395.83,2502.9601900282505,0.0016430452778124494,-0.0025874488673880425,0.013420433921419261,-1,0,000002,0.9867572890064107,0.0,1000084.1213970479,1000084.1213970479,
2024-03-21,2395.83,2401.06,2492.0934442779426,0.0021829595589002437,-0.0043415575659576655,0.013210523058737626,-1,0,000002,0.986961719447152,0.0,1000084.1213970479,1000084.1213970479,
2024-03-22,2395.83,2382.74,2504.240538595319,-0.007629963432817188,0.004874253148599683,0.013482304783018364,-1,0,000002,0.9866970496481388,0.0,1000084.1213970479,1000084.1213970479,
2024-03-25,2385.36,2393.21,2514.564485203028,0.004394100909037579,0.004122585849321014,0.012542205117868266,-1,0,000002,0.987613153254774,0.0,1000084.1213970479,1000084.1213970479,
2024-03-26,2391.9,2408.92,2518.992981530428,0.006564405129512174,0.0017611385007063607,0.007595454296288996,-1,0,000002,0.9924618017440404,0.0,1000084.1213970479,1000084.1213970479,
2024-03-27,2403.68,2376.19,2523.077792334259,-0.013587001643890262,0.0016216046784494065,0.007079925224467572,-1,0,000002,0.9929698477279353,0.0,1000084.1213970479,1000084.1213970479,
2024-03-28,2372.2600000000007,2380.12,2503.4875720462205,0.0016539081470756667,-0.007764413902559109,0.0071154923936912655,-1,0,000002,0.9929347801245919,0.0,1000084.1213970479,1000084.1213970479,
2024-03-29,2343.46,2348.7,2497.9746409901977,-0.01320101507487026,-0.002202100428849718,0.007169787743688054,-1,0,000002,0.9928812521672734,0.0,1000084.1213970479,1000084.1213970479,
2024-04-01,2340.85,2346.08,2487.981435339153,-0.0011155107080512705,-0.004000523258748334,0.007179045704645059,-1,0,000002,0.9928721256312254,0.0,1000084.1213970479,1000084.1213970479,
2024-04-02,2335.6100000000006,2283.25,2422.820521760881,-0.0267808429380072,-0.026190273228220207,0.010528730911758499,-1,0,000002,0.989580968269691,0.0,1000084.1213970479,1000084.1213970479,
2024-04-03,2270.15,2242.66,2421.3654942628746,-0.01777729114201254,-0.0006005510870236153,0.011030865623866952,-1,0,000002,0.9890894867813356,0.0,1000084.1213970479,1000084.1213970479,
2024-04-08,2224.3400000000006,2217.79,2377.496938798428,-0.011089509778566486,-0.018117279513723883,0.01065826512774766,-1,0,000002,0.9894541354921781,0.0,1000084.1213970479,1000084.1213970479,
2024-04-09,2217.7900000000004,2216.48,2355.381509851813,-0.0005906781074853651,-0.00930197998816007,0.010904527464145233,-1,0,000002,0.9892130985984411,0.0,1000084.1213970479,1000084.1213970479,
2024-04-10,2215.17,2162.81,2338.6610564133525,-0.024214069154695816,-0.007098830218596919,0.011284618372626176,-1,0,000002,0.9888413032616024,0.0,1000084.1213970479,1000084.1213970479,
2024-04-11,2141.8600000000006,2144.48,2342.518682795763,-0.008475085652461356,0.0016495021250864106,0.009723949939744988,-1,0,000002,0.9903696946672155,0.0,1000084.1213970479,1000084.1213970479,
2024-04-12,2134.01,2099.97,2282.0902447003127,-0.020755614414683432,-0.025796352677678547,0.010148425366071703,-1,0,000002,0.9899535304800441,0.0,1000084.1213970479,1000084.1213970479,
2024-04-15,2089.5,2105.21,2254.780408310294,0.0024952737420058657,-0.011967027357239757,0.010279010544670506,-1,0,000002,0.9898255725028587,0.0,1000084.1213970479,1000084.1213970479,
2024-04-16,2098.66,2096.04,2217.135426080525,-0.004355859985464616,-0.016695631242414355,0.010555412052205228,-1,0,000002,0.9895548409059829,0.0,1000084.1213970479,1000084.1213970479,
2024-04-17,2093.43,2099.97,2192.7968768513206,0.0018749642182400716,-0.010977475233540646,0.01091130015904733,-1,0,000002,0.9892064712726719,0.0,1000084.1213970479,1000084.1213970479,
2024-04-18,2089.5,2071.17,2151.004397207201,-0.013714481635451858,-0.01905898356811342,0.009497970103736783,-1,0,000002,0.9905913925683667,0.0,1000084.1213970479,1000084.1213970479,
2024-04-19,2058.08,2047.61,2119.2075957718494,-0.011375213043835264,-0.014782304246627964,0.009097367239117818,-1,0,000002,0.9909846487222455,0.0,1000084.1213970479,1000084.1213970479,
2024-04-22,2043.68,2046.3,2123.2015037181977,-0.0006397702687522822,0.0018846232687712572,0.009427413115464113,-1,0,000002,0.9906606329558976,0.0,1000084.1213970479,1000084.1213970479,
2024-04-23,2047.61,2030.59,2137.9082770577074,-0.007677271172359834,0.006926696930910747,0.009070236782928181,-1,0,000002,0.9910112929186717,0.0,1000084.1213970479,1000084.1213970479,
2024-04-24,2033.21,2026.66,2157.287311827243,-0.0019353980862704123,0.009064483718733474,0.0074172218472447395,-1,0,000002,0.9926373882772778,0.0,1000084.1213970479,1000084.1213970479,
2024-04-25,2021.43,2027.97,2170.4624083793165,0.00064638370520953,0.006107251676604086,0.00769690291478582,-1,0,000002,0.9923618869001956,0.0,1000084.1213970479,1000084.1213970479,
2024-04-26,2029.28,2069.86,2194.9401480638985,0.020656124104400098,0.011277661197947042,0.00952608090329516,-1,0,000002,0.9905638090154427,0.0,1000084.1213970479,1000084.1213970479,
2024-04-29,2056.77,2160.19,2257.421972626448,0.04364063269979601,0.02846629992059846,0.017195332401429658,-1,0,000002,0.9830953486968582,0.0,1000084.1213970479,1000084.1213970479,
2024-04-30,2178.5200000000004,2140.55,2193.420543175936,-0.009091792851554703,-0.028351557762170798,0.017474575776620708,-1,0,000002,0.9828255406153192,0.0,1000084.1213970479,1000084.1213970479,
2024-05-06,2169.35,2147.1,2112.9723869714144,0.0030599612249186947,-0.036677032343299665,0.017475855091259894,-1,0,000002,0.9828243048679592,0.0,1000084.1213970479,1000084.1213970479,
2024-05-07,2134.01,2154.95,2185.160745933652,0.003656094266685228,0.03416436457350369,0.016539091406740293,-1,0,000002,0.9837299996167854,0.0,1000084.1213970479,1000084.1213970479,
2024-05-08,2145.79,2113.06,2249.155048600137,-0.01943896610130158,0.029285855873794064,0.01754320073666326,-1,0,000002,0.9827592570772793,0.0,1000084.1213970479,1000084.1213970479,
2024-05-09,2118.3,2126.15,2221.2881594994665,0.006194807530311541,-0.01238993688674983,0.017506289362518114,-1,0,000002,0.9827949079572903,0.0,1000084.1213970479,1000084.1213970479,
2024-05-10,2139.2500000000005,2160.19,2252.382027318478,0.016010159207958008,0.013998124325309558,0.017356966187018458,-1,0,000002,0.9829391582660792,0.0,1000084.1213970479,1000084.1213970479,
2024-05-13,2143.17,2141.86,2274.4318607631326,-0.00848536471328909,0.009789561973599037,0.017821319578123627,-1,0,000002,0.9824907189156635,0.0,1000084.1213970479,1000084.1213970479,
2024-05-14,2141.8600000000006,2147.1,2221.6908955192566,0.0024464717581913487,-0.023188632798249675,0.01777380084664483,-1,0,000002,0.9825365903191264,0.0,1000084.1213970479,1000084.1213970479,
2024-05-15,2140.55,2182.45,2257.383138925732,0.016464067812398175,0.016065350710335213,0.01743233251178109,-1,0,000002,0.9828663470240373,0.0,1000084.1213970479,1000084.1213970479,
2024-05-16,2178.5200000000004,2241.35,2304.6971308556203,0.026988018053105467,0.020959663919703386,0.013793961973372026,-1,0,000002,0.9863937225010477,0.0,1000084.1213970479,1000084.1213970479,
2024-05-17,2260.99,2348.7,2313.1980751982333,0.047895241707006875,0.003688529928206563,0.018762078715701194,-1,0,000002,0.9815834539705742,0.0,1000084.1213970479,1000084.1213970479,
2024-05-20,2348.7,2372.26,2327.051670678556,0.010031081023545108,0.005988936109215581,0.018626089167060454,-1,0,000002,0.9817144982195664,0.0,1000084.1213970479,1000084.1213970479,
2024-05-21,2348.7,2373.57,2300.423678441942,0.0005522160302833257,-0.011442802311669276,0.01877210229106029,-1,0,000002,0.9815737962898231,0.0,1000084.1213970479,1000084.1213970479,
2024-05-22,2380.12,2401.06,2279.27021989435,0.011581710250803567,-0.009195462012423272,0.015703767687451357,-1,0,000002,0.9845390278277636,0.0,1000084.1213970479,1000084.1213970479,
2024-05-23,2378.81,2422.01,2389.443901384771,0.008725312986764377,0.04833726186951548,0.015602562441563685,-1,0,000002,0.9846371375786467,0.0,1000084.1213970479,1000084.1213970479,
2024-05-24,2386.6600000000003,2347.39,2369.8277919629218,-0.030809121349622992,-0.008209487324846165,0.020823643342268265,-1,0,000002,0.9796011353399989,0.0,1000084.1213970479,1000084.1213970479,
2024-05-27,2325.14,2331.68,2347.2741385209565,-0.0066925393735169925,-0.00951700098988384,0.02066792094401595,-1,0,000002,0.9797505922152426,0.0,1000084.1213970479,1000084.1213970479,
2024-05-28,2343.46,2285.86,2333.142889352739,-0.01965106704178954,-0.006020280689123858,0.022512019625790886,-1,0,000002,0.9779836136948008,0.0,1000084.1213970479,1000084.1213970479,
2024-05-29,2287.1700000000005,2293.72,2359.555769067407,0.0034385307936617426,0.011320729576916433,0.022247256908399987,-1,0,000002,0.9782369120992481,0.0,1000084.1213970479,1000084.1213970479,
2024-05-30,2281.9400000000005,2253.14,2332.802403609753,-0.017691784524702214,-0.011338306052510738,0.02187002564800418,-1,0,000002,0.9785980358567268,0.0,1000084.1213970479,1000084.1213970479,
2024-05-31,2263.6100000000006,2250.52,2321.107932800353,-0.0011628216622135978,-0.005013056738669475,0.014313227759571178,-1,0,000002,0.9858887497788169,0.0,1000084.1213970479,1000084.1213970479,
2024-06-03,2241.3500000000004,2229.57,2297.2438237649203,-0.009308959707089781,-0.010281343964320233,0.013462846469740828,-1,0,000002,0.9867159940626962,0.0,1000084.1213970479,1000084.1213970479,
2024-06-04,2228.26,2264.92,2283.006981837452,0.015855075193871526,-0.0061973577990236395,0.015076274249472471,-1,0,000002,0.9851476439436833,0.0,1000084.1213970479,1000084.1213970479,
2024-06-05,2255.75,2232.19,2299.367169071138,-0.014450841530826652,0.007166069733399949,0.014199173529453706,-1,0,000002,0.9859996202915053,0.0,1000084.1213970479,1000084.1213970479,
2024-06-06,2243.9700000000003,2220.41,2239.2006766498093,-0.005277328542821258,-0.026166544095536426,0.013105247306652272,-1,0,000002,0.9870642785224018,0.0,1000084.1213970479,1000084.1213970479,
2024-06-07,2220.4100000000003,2240.05,2219.185321877897,0.008845213271422958,-0.008938615900142777,0.011535430532767796,-1,0,000002,0.9885961181540699,0.0,1000084.1213970479,1000084.1213970479,
2024-06-11,2228.26,2219.1,2230.2139474368096,-0.009352469810941844,0.004969673082363402,0.011619159438467301,-1,0,000002,0.9885142948014973,0.0,1000084.1213970479,1000084.1213970479,
2024-06-12,2212.55,2203.39,2252.539834679068,-0.007079446622504593,0.010010648201674854,0.010465726521179051,-1,0,000002,0.9896426704573046,0.0,1000084.1213970479,1000084.1213970479,
2024-06-13,2211.25,2179.83,2245.886036400497,-0.010692614562106573,-0.0029539092610627593,0.010360479624419222,-1,0,000002,0.9897457592281613,0.0,1000084.1213970479,1000084.1213970479,
2024-06-14,2174.59,2209.94,2246.214886577726,0.013813003766348864,0.00014642335893233493,0.01086093589855707,-1,0,000002,0.9892557566398561,0.0,1000084.1213970479,1000084.1213970479,
2024-06-17,2194.23,2171.97,2302.436922207177,-0.01718146194014325,0.02502967813338164,0.011876981547212867,-1,0,000002,0.9882624254096063,0.0,1000084.1213970479,1000084.1213970479,
2024-06-18,2171.9700000000003,2156.26,2269.34304607898,-0.0072330649134194624,-0.014373412712853861,0.011781597666149404,-1,0,000002,0.9883555920632221,0.0,1000084.1213970479,1000084.1213970479,
2024-06-19,2156.26,2148.41,2247.7205287867787,-0.003640562826375482,-0.00952809551185363,0.009691949210077318,-1,0,000002,0.9904010830059012,0.0,1000084.1213970479,1000084.1213970479,
2024-06-20,2147.1,2114.37,2219.739756586254,-0.015844275533999586,-0.012448510320643646,0.00984808909439591,-1,0,000002,0.9902479499632193,0.0,1000084.1213970479,1000084.1213970479,
2024-06-21,2116.99,2111.75,2222.7956924879554,-0.0012391397910488378,0.0013767090906193769,0.009934465379602284,-1,0,000002,0.9901632573992133,0.0,1000084.1213970479,1000084.1213970479,
2024-06-24,2103.9,2085.57,2203.087952985764,-0.01239730081685797,-0.008866194751409151,0.008868339676259291,-1,0,000002,0.9912096164311143,0.0,1000084.1213970479,1000084.1213970479,
2024-06-25,2085.57,2101.28,2183.474025232494,0.007532712879452674,-0.008902925426416908,0.009932232613350685,-1,0,000002,0.9901654464600566,0.0,1000084.1213970479,1000084.1213970479,
2024-06-26,2093.43,2111.75,2172.0730615693333,0.004982677225310095,-0.005221478951162206,0.010425299649298732,-1,0,000002,0.9896822658212168,0.0,1000084.1213970479,1000084.1213970479,
2024-06-27,2111.75,2086.88,2173.2264370250705,-0.011776962235113042,0.0005310021454361102,0.010505777606606665,-1,0,000002,0.9896034462747064,0.0,1000084.1213970479,1000084.1213970479,
2024-06-28,2080.34,2077.72,2168.397095457316,-0.004389327608679161,-0.002222198978200085,0.008381154392498168,-1,0,000002,0.9916885055259216,0.0,1000084.1213970479,1000084.1213970479,
2024-07-01,2073.79,2124.85,2131.4178130334617,0.022683518472171427,-0.017053740987443722,0.011452572800918336,-1,0,000002,0.9886771034956154,0.0,1000084.1213970479,1000084.1213970479,
2024-07-02,2118.3,2103.9,2182.2906881949307,-0.009859519495493685,0.023868091394556812,0.011611564042287463,-1,0,000002,0.9885217167784354,0.0,1000084.1213970479,1000084.1213970479,
2024-07-03,2103.9,2107.83,2161.988662171662,0.0018679595037787156,-0.009303080535096542,0.011676380647960633,-1,0,000002,0.9884583836577442,0.0,1000084.1213970479,1000084.1213970479,
2024-07-04,2102.59,2079.03,2167.721941754222,-0.013663340971520332,0.002651854601680048,0.011402992269593923,-1,0,000002,0.9887255699688948,0.0,1000084.1213970479,1000084.1213970479,
2024-07-05,2079.03,2071.17,2141.921529132128,-0.003780609226418097,-0.011902085837270704,0.011421721590828644,-1,0,000002,0.9887072609308175,0.0,1000084.1213970479,1000084.1213970479,
2024-07-08,2065.94,2043.68,2170.6125071775914,-0.013272691280773685,0.013394971596876637,0.011514264826838153,-1,0,000002,0.9886168043029928,0.0,1000084.1213970479,1000084.1213970479,
2024-07-09,2042.37,2048.92,2189.152617655993,0.0025640021921240486,0.008541418800958045,0.011160524331596085,-1,0,000002,0.9889626581902281,0.0,1000084.1213970479,1000084.1213970479,
2024-07-10,2014.88,2041.06,2184.5910395452383,-0.0038361673466997814,-0.0020837186379626393,0.010850810503098298,-1,0,000002,0.9892656657240075,0.0,1000084.1213970479,1000084.1213970479,
2024-07-11,2051.54,2062.01,2195.8142699414493,0.010264274445631383,0.005137451446540542,0.011181589357642201,-1,0,000002,0.9889420560309595,0.0,1000084.1213970479,1000084.1213970479,
2024-07-12,2071.17,2080.34,2186.2614704543357,0.008889384629560348,-0.004350458787831912,0.011535970968088442,-1,0,000002,0.9885955899748696,0.0,1000084.1213970479,1000084.1213970479,
2024-07-15,2067.24,2064.63,2215.569569818676,-0.00755165021102322,0.01340557831733169,0.008563518889785836,-1,0,000002,0.9915091923023227,0.0,1000084.1213970479,1000084.1213970479,
2024-07-16,2067.24,2076.41,2155.102152577937,0.005705622799242249,-0.027292041768603892,0.008560010245897335,-1,0,000002,0.9915126416287214,0.0,1000084.1213970479,1000084.1213970479,
2024-07-17,2076.41,2102.59,2196.604033967257,0.01260829990223522,0.019257500782352777,0.009608630960173338,-1,0,000002,0.990482816147248,0.0,1000084.1213970479,1000084.1213970479,
2024-07-18,2102.59,2105.21,2234.735964623988,0.0012460822128896876,0.01735949222849298,0.008364939523495688,-1,0,000002,0.9917044522318987,0.0,1000084.1213970479,1000084.1213970479,
2024-07-19,2097.35,2094.74,2189.8053728950026,-0.004973375577733474,-0.020105548234887416,0.008453213123325368,-1,0,000002,0.9916176447123961,0.0,1000084.1213970479,1000084.1213970479,
2024-07-22,2098.66,2084.26,2188.841802605689,-0.005003007533154302,-0.00044002553890898355,0.007194752825832573,-1,0,000002,0.9928566418702575,0.0,1000084.1213970479,1000084.1213970479,
2024-07-23,2084.26,2067.24,2201.411267960072,-0.008165967777532757,0.0057425188697601826,0.00786843262918605,-1,0,000002,0.9921929962538265,0.0,1000084.1213970479,1000084.1213970479,
2024-07-24,2065.94,2041.06,2209.3281069016457,-0.012664228633346819,0.003596256209276838,0.008890054499362119,-1,0,000002,0.9911882821525347,0.0,1000084.1213970479,1000084.1213970479,
2024-07-25,2039.75,2047.61,2214.6019270813467,0.0032091168314503093,0.0023870696992567275,0.008244626034250814,-1,0,000002,0.991822791987814,0.0,1000084.1213970479,1000084.1213970479,
2024-07-26,2050.23,2065.94,2201.5626757594946,0.008951900020023329,-0.005887853325873715,0.008252699606963494,-1,0,000002,0.991814849977411,0.0,1000084.1213970479,1000084.1213970479,
2024-07-29,2067.24,2046.3,2223.8796908828617,-0.00950656843858011,0.010136897472459383,0.008454674377711358,-1,0,000002,0.9916162078549257,0.0,1000084.1213970479,1000084.1213970479,
2024-07-30,2043.68,2054.15,2186.9817119747404,0.003836192151688511,-0.01659171539692106,0.008312867898584639,-1,0,000002,0.9917556661595429,0.0,1000084.1213970479,1000084.1213970479,
2024-07-31,2051.54,2098.66,2184.2796427166463,0.021668329966165967,-0.0012355243956997386,0.010237345797600278,-1,0,000002,0.9898663954166951,0.0,1000084.1213970479,1000084.1213970479,
2024-08-01,2096.04,2073.79,2185.0915143173934,-0.011850418838687538,0.00037168848936275367,0.010859128741517808,-1,0,000002,0.9892575251756028,0.0,1000084.1213970479,1000084.1213970479,
2024-08-02,2064.63,2062.01,2144.9319408828023,-0.005680420871929992,-0.018378897712728826,0.010886886434266564,-1,0,000002,0.98923036139813,0.0,1000084.1213970479,1000084.1213970479,
2024-08-05,2058.08,2058.08,2143.641992973984,-0.0019059073428355777,-0.000601393398192096,0.010820660220823019,-1,0,000002,0.9892951730740653,0.0,1000084.1213970479,1000084.1213970479,
2024-08-06,2067.24,2071.17,2149.5003548884392,0.006360296975822299,0.0027329012650696427,0.010758077191533556,-1,0,000002,0.9893564271863888,0.0,1000084.1213970479,1000084.1213970479,
2024-08-07,2065.94,2059.39,2133.48516217947,-0.0056876065219176875,-0.007450658322780468,0.010029681381648736,-1,0,000002,0.9900699142148686,0.0,1000084.1213970479,1000084.1213970479,
2024-08-08,2065.94,2076.41,2137.70189121008,0.008264583201821996,0.001976451069527041,0.01028105363120771,-1,0,000002,0.9898235707833429,0.0,1000084.1213970479,1000084.1213970479,
2024-08-09,2076.41,2110.45,2174.546928294003,0.016393679475633416,0.017235816291983674,0.011119909421562761,-1,0,000002,0.9890023830824137,0.0,1000084.1213970479,1000084.1213970479,
2024-08-12,2106.52,2071.17,2206.922308236659,-0.018612144329408276,0.014888333528886077,0.012474353851631516,-1,0,000002,0.9876793384403498,0.0,1000084.1213970479,1000084.1213970479,
2024-08-13,2067.24,2064.63,2147.306905298531,-0.0031576355393327926,-0.027012914190785775,0.012511034677890692,-1,0,000002,0.9876435572063954,0.0,1000084.1213970479,1000084.1213970479,
2024-08-14,2064.63,2058.08,2155.495289255977,-0.0031724812678302072,0.0038133272599463197,0.0100904507912373,-1,0,000002,0.9900103492876967,0.0,1000084.1213970479,1000084.1213970479,
2024-08-15,2056.77,2075.1,2148.3813043516875,0.008269843737852778,-0.0033003945495723164,0.00989096411762477,-1,0,000002,0.990205908886147,0.0,1000084.1213970479,1000084.1213970479,
2024-08-16,2069.86,2060.7,2161.312635801137,-0.006939424606043132,0.006019104440750933,0.009980427772948995,-1,0,000002,0.9901181968496595,0.0,1000084.1213970479,1000084.1213970479,
2024-08-19,2056.77,2060.7,2146.1295314884187,0.0,-0.007024945887613376,0.009958558122740855,-1,0,000002,0.9901396368765355,0.0,1000084.1213970479,1000084.1213970479,
2024-08-20,2059.39,2043.68,2137.585971886218,-0.008259329354102896,-0.003980915166977628,0.010022043857696866,-1,0,000002,0.9900774008660065,0.0,1000084.1213970479,1000084.1213970479,
2024-08-21,2042.37,2027.97,2100.366560474038,-0.00768711344241757,-0.01741188981481634,0.01013879445069452,-1,0,000002,0.9899629689440766,0.0,1000084.1213970479,1000084.1213970479,
2024-08-22,2031.9,2017.5,2105.413341676891,-0.005162798266246549,0.002402809727514388,0.00957696549691711,-1,0,000002,0.990513882720964,0.0,1000084.1213970479,1000084.1213970479,
2024-08-23,2014.88,2009.64,2100.2410418084264,-0.0038959107806690874,-0.0024566671855251743,0.006796835681776561,-1,0,000002,0.9932490494200115,0.0,1000084.1213970479,1000084.1213970479,
2024-08-26,2009.64,2025.35,2097.201977477074,0.007817320515117077,-0.0014470074009865774,0.005940481890457424,-1,0,000002,0.9940945990370191,0.0,1000084.1213970479,1000084.1213970479,
2024-08-27,2021.43,1996.55,2103.436604499221,-0.014219764485150721,0.0029728309858108037,0.007059348684031536,-1,0,000002,0.992990136387437,0.0,1000084.1213970479,1000084.1213970479,
2024-08-28,1993.94,1984.77,2095.031653574109,-0.005900177806716589,-0.003995818512967819,0.007105350621721291,-1,0,000002,0.9929447791958061,0.0,1000084.1213970479,1000084.1213970479,
2024-08-29,1982.15,1987.39,2080.461889021397,0.0013200521974838786,-0.006954436477299097,0.006081751451449223,-1,0,000002,0.9939550126590853,0.0,1000084.1213970479,1000084.1213970479,
2024-08-30,1987.39,2055.46,2087.939630800188,0.03425095225396113,0.0035942700119866444,0.013506516010996672,-1,0,000002,0.9866734788601497,0.0,1000084.1213970479,1000084.1213970479,
2024-09-02,2022.74,2010.95,2188.6160726299886,-0.021654520156072166,0.048218080803043684,0.015115622569875467,-1,0,000002,0.9851094572541317,0.0,1000084.1213970479,1000084.1213970479,
2024-09-03,2009.64,2024.04,2083.47811855495,0.006509361247171608,-0.048038555226681545,0.015194202089737265,-1,0,000002,0.9850332063969035,0.0,1000084.1213970479,1000084.1213970479,
2024-09-04,2018.81,2016.19,2089.45996291101,-0.0038783818501609835,0.002871085759330594,0.015051178308218194,-1,0,000002,0.985172000555377,0.0,1000084.1213970479,1000084.1213970479,
2024-09-05,2029.28,2033.21,2088.190086353123,0.008441664724058828,-0.0006077534771795623,0.015195170313430949,-1,0,000002,0.9850322669396273,0.0,1000084.1213970479,1000084.1213970479,
2024-09-06,2024.04,2017.5,2102.0601170700797,-0.007726698176774627,0.006642130334590268,0.015376136052512536,-1,0,000002,0.9848567092463975,0.0,1000084.1213970479,1000084.1213970479,
2024-09-09,2009.64,2004.41,2087.990245511234,-0.006488228004956631,-0.006693372584632207,0.015284495870121699,-1,0,000002,0.9849456029986723,0.0,1000084.1213970479,1000084.1213970479,
2024-09-10,2004.41,1995.24,2086.077794834376,-0.004574912318338065,-0.0009159289326037268,0.014643905769437226,-1,0,000002,0.985567443231887,0.0,1000084.1213970479,1000084.1213970479,
2024-09-11,1988.7,1996.55,2087.417048453093,0.0006565626190333518,0.0006419960089854015,0.014494916493515708,-1,0,000002,0.9857121842033317,0.0,1000084.1213970479,1000084.1213970479,
2024-09-12,1993.94,1996.55,2081.7249296844006,0.0,-0.0027268718404452885,0.014494507244862911,-1,0,000002,0.9857125818411508,0.0,1000084.1213970479,1000084.1213970479,
2024-09-13,1996.55,1997.86,2089.586936022341,0.0006561318274023176,0.0037766787656869916,0.008448886112111935,-1,0,000002,0.9916218995048078,0.0,1000084.1213970479,1000084.1213970479,
2024-09-18,2000.48,2020.12,2081.564358876944,0.011141921856386405,-0.0038393124531437284,0.0064477714708954924,-1,0,000002,0.993593535945266,0.0,1000084.1213970479,1000084.1213970479,
2024-09-19,2026.66,2056.77,2111.738144333661,0.01814248658495532,0.014495725451888708,0.00840890191662735,-1,0,000002,0.9916612180826201,0.0,1000084.1213970479,1000084.1213970479,
2024-09-20,2039.75,2072.48,2152.9398281264307,0.007638189977488885,0.019510792047453762,0.008358077423814503,-1,0,000002,0.9917112009999781,0.0,1000084.1213970479,1000084.1213970479,
2024-09-23,2058.08,2077.72,2126.315326559544,0.0025283718057591553,-0.012366579510982745,0.008119471261710825,-1,0,000002,0.9919459235803185,0.0,1000084.1213970479,1000084.1213970479,
2024-09-24,2096.04,2102.59,2101.2374825710062,0.01196985156806507,-0.011794038106810012,0.00782837207950836,-1,0,000002,0.9922324353070597,0.0,1000084.1213970479,1000084.1213970479,
2024-09-25,2105.21,2127.46,2208.068120574653,0.011828268944492182,0.050841772474443214,0.007173725667688226,-1,0,000002,0.9928773701250669,0.0,1000084.1213970479,1000084.1213970479,
2024-09-26,2115.68,2223.03,2213.3621575498582,0.044922113694264576,0.0023975877038735494,0.01342219395836125,-1,0,000002,0.9867555752791095,0.0,1000084.1213970479,1000084.1213970479,
2024-09-27,2285.86,2327.76,2260.011176896692,0.04711137501518192,0.021076089689033628,0.01702100806918459,-1,0,000002,0.9832638579398679,0.0,1000084.1213970479,1000084.1213970479,
2024-09-30,2442.96,2442.96,2298.3986536663774,0.04948963810702134,0.016985525187710238,0.019056244866254027,-1,0,000002,0.9813001049134877,0.0,1000084.1213970479,1000084.1213970479,
2024-10-08,2569.94,2529.36,2336.0770881477,0.03536693191865603,0.016393341695192243,0.018172180025773144,-1,0,000002,0.9821521542404417,0.0,1000084.1213970479,1000084.1213970479,
2024-10-09,2452.12,2393.21,2446.9433766898514,-0.053827845779169436,0.04745831766624553,0.030629683457201167,-1,0,000002,0.9702806119900844,0.0,1000084.1213970479,1000084.1213970479,
2024-10-10,2335.6100000000006,2364.41,2342.031879813373,-0.012034046322721426,-0.04287450942914728,0.03201632333471475,-1,0,000002,0.9689769215749788,0.0,1000084.1213970479,1000084.1213970479,
2024-10-11,2344.7700000000004,2361.79,2348.4202417480947,-0.0011080988491842803,0.002727700672986,0.03234238822671419,-1,0,000002,0.9686708706379191,0.0,1000084.1213970479,1000084.1213970479,
2024-10-14,2402.37,2393.21,2361.0721741747857,0.013303468979037225,0.005387422660466212,0.032110289198878685,-1,0,000002,0.9688887035281833,0.0,1000084.1213970479,1000084.1213970479,
2024-10-15,2356.56,2374.88,2422.686712754667,-0.007659169065815319,0.026095999628396038,0.03288645442172795,-1,0,000002,0.9681606295823293,0.0,1000084.1213970479,1000084.1213970479,
2024-10-16,2402.37,2479.61,2395.6389674833417,0.044099070268813545,-0.011164359439843174,0.034338409102120104,-1,0,000002,0.9668015720967682,0.0,1000084.1213970479,1000084.1213970479,
2024-10-17,2479.61,2376.19,2469.734541117847,-0.0417081718496054,0.030929357319790185,0.03704287240527176,-1,0,000002,0.9642802883169562,0.0,1000084.1213970479,1000084.1213970479,
2024-10-18,2355.25,2397.14,2390.4777214023475,0.008816635033393805,-0.032091230209553845,0.03435198420142516,-1,0,000002,0.9667888835463038,0.0,1000084.1213970479,1000084.1213970479,
2024-10-21,2381.4300000000003,2373.57,2379.002435562909,-0.009832550455959876,-0.004800415304731076,0.03041970059886897,-1,0,000002,0.9704783394754688,0.0,1000084.1213970479,1000084.1213970479,
2024-10-22,2363.1000000000004,2380.12,2361.281323469281,0.002759556280202302,-0.007448967612946111,0.027524478719693074,-1,0,000002,0.9732128243270769,0.0,1000084.1213970479,1000084.1213970479,
2024-10-23,2377.5,2391.9,2369.945747510791,0.004949330285868081,0.0036693738926374397,0.021787515499671596,-1,0,000002,0.9786770584204906,0.0,1000084.1213970479,1000084.1213970479,
2024-10-24,2374.880000000001,2364.41,2383.6405175185205,-0.011492955391111725,0.0057785162475187946,0.02175451759711143,-1,0,000002,0.9787086651221546,0.0,1000084.1213970479,1000084.1213970479,
2024-10-25,2364.41,2367.03,2335.9293164625765,0.0011080988491845023,-0.02001610591248615,0.02175085527857487,-1,0,000002,0.9787121731621702,0.0,1000084.1213970479,1000084.1213970479,
2024-10-28,2365.7200000000003,2399.76,2324.035441145003,0.013827454658369431,-0.005091710281535877,0.021785905078344582,-1,0,000002,0.9786786008986156,0.0,1000084.1213970479,1000084.1213970479,
2024-10-29,2389.28,2365.72,2333.3782186701897,-0.014184751808514307,0.004020066716617476,0.02215167242943256,-1,0,000002,0.9783283899768193,0.0,1000084.1213970479,1000084.1213970479,
2024-10-30,2361.79,2377.5,2389.203190618158,0.004979456571361007,0.023924527751777447,0.016091155636519486,-1,0,000002,0.9841636692266656,0.0,1000084.1213970479,1000084.1213970479,
2024-10-31,2363.1000000000004,2385.36,2399.666909459532,0.0033059936908517162,0.004379585161472521,0.009226620311897013,-1,0,000002,0.9908577319244259,0.0,1000084.1213970479,1000084.1213970479,
2024-11-01,2376.19,2363.1,2437.1165596291426,-0.009331924740919706,0.01560618685117654,0.009177060028216196,-1,0,000002,0.9909063925531962,0.0,1000084.1213970479,1000084.1213970479,
2024-11-04,2368.34,2357.86,2393.198262121082,-0.002217426262113187,-0.018020597880121003,0.008702448967810434,-1,0,000002,0.991372630276931,0.0,1000084.1213970479,1000084.1213970479,
2024-11-05,2352.63,2393.21,2389.6558141261344,0.014992408370301913,-0.0014802150122772417,0.009995515204379551,-1,0,000002,0.9901034063479411,0.0,1000084.1213970479,1000084.1213970479,
2024-11-06,2386.6600000000003,2414.16,2398.1934105008845,0.008753933002118464,0.0035727305682606847,0.010248925723049248,-1,0,000002,0.9898550491249334,0.0,1000084.1213970479,1000084.1213970479,
2024-11-07,2401.06,2465.21,2498.817201395631,0.02114607151141601,0.041958163363366996,0.011006661204456281,-1,0,000002,0.9891131664836474,0.0,1000084.1213970479,1000084.1213970479,
2024-11-08,2479.61,2415.46,2529.247114743591,-0.020180836521026646,0.012177726858517035,0.013463852078888734,-1,0,000002,0.9867150149941009,0.0,1000084.1213970479,1000084.1213970479,
2024-11-11,2398.45,2387.97,2497.642736476958,-0.011380854992423917,-0.012495567587051282,0.013385679926856315,-1,0,000002,0.9867911297820762,0.0,1000084.1213970479,1000084.1213970479,
2024-11-12,2387.97,2373.57,2459.335545111001,-0.0060302265103830965,-0.01533733820553973,0.012683368893277909,-1,0,000002,0.9874754841613138,0.0,1000084.1213970479,1000084.1213970479,
2024-11-13,2364.41,2357.86,2458.132718500793,-0.006618722009462563,-0.0004890860104872496,0.01274857188032557,-1,0,000002,0.9874119083114027,0.0,1000084.1213970479,1000084.1213970479,
2024-11-14,2387.97,2342.16,2479.5044893509157,-0.006658580238012579,0.008694311209997307,0.01278516064539362,-1,0,000002,0.9873762362027042,0.0,1000084.1213970479,1000084.1213970479,
2024-11-15,2335.6100000000006,2310.74,2491.1768525853754,-0.013414967380537601,0.0047075386572561495,0.01311504814615755,-1,0,000002,0.9870547296971297,0.0,1000084.1213970479,1000084.1213970479,
2024-11-18,2321.21,2327.76,2430.650966626704,0.007365605823242971,-0.024296101617938937,0.013456136327452892,-1,0,000002,0.9867225271572039,0.0,1000084.1213970479,1000084.1213970479,
2024-11-19,2327.76,2315.97,2444.160440249741,-0.005064955150015593,0.00555796525643748,0.012211185555791518,-1,0,000002,0.9879361286161972,0.0,1000084.1213970479,1000084.1213970479,
2024-11-20,2309.43,2317.28,2398.6149088704587,0.000565637724150303,-0.018634427850664492,0.011578041341255285,-1,0,000002,0.9885544754155556,0.0,1000084.1213970479,1000084.1213970479,
2024-11-21,2313.36,2306.81,2374.8547927039863,-0.004518228267624269,-0.009905765230843744,0.007506605518744651,-1,0,000002,0.9925493237685725,0.0,1000084.1213970479,1000084.1213970479,
2024-11-22,2304.19,2272.77,2381.600221062899,-0.014756308495281312,0.0028403540206483058,0.006550797571002496,-1,0,000002,0.9934918360933093,0.0,1000084.1213970479,1000084.1213970479,
2024-11-25,2274.08,2267.54,2371.048508255482,-0.0023011567382533737,-0.004430513867985764,0.006356355718175402,-1,0,000002,0.993683792344473,0.0,1000084.1213970479,1000084.1213970479,
2024-11-26,2262.3,2264.92,2334.4815611931685,-0.0011554371697962695,-0.015422268644017634,0.006466738015993292,-1,0,000002,0.9935748119915608,0.0,1000084.1213970479,1000084.1213970479,
2024-11-27,2262.3,2276.7,2328.0841816949846,0.005201066704342727,-0.0027403855333576477,0.00711571206375465,-1,0,000002,0.9929345635476451,0.0,1000084.1213970479,1000084.1213970479,
2024-11-28,2274.08,2280.63,2320.532699518204,0.0017261826327581442,-0.003243646529689781,0.007192323515488424,-1,0,000002,0.9928590366034716,0.0,1000084.1213970479,1000084.1213970479,
2024-11-29,2274.08,2296.34,2337.3490009295942,0.006888447490386529,0.00724674184288876,0.0066570058704541225,-1,0,000002,0.9933870167975459,0.0,1000084.1213970479,1000084.1213970479,
2024-12-02,2287.1700000000005,2306.81,2377.6071857839825,0.004559429352796185,0.017223865515324066,0.0063350465643411905,-1,0,000002,0.9937048336078831,0.0,1000084.1213970479,1000084.1213970479,
2024-12-03,2302.88,2314.66,2393.0371095353366,0.0034029677346638643,0.006489685867207884,0.006280024931889602,-1,0,000002,0.9937591676508588,0.0,1000084.1213970479,1000084.1213970479,
2024-12-04,2309.43,2289.79,2418.0577938070896,-0.010744558596078813,0.010455619000664607,0.007121217481698675,-1,0,000002,0.9929291356809014,0.0,1000084.1213970479,1000084.1213970479,
2024-12-05,2283.25,2285.86,2414.640864477754,-0.0017163145965349846,-0.0014130883629360769,0.0070293594884118385,-1,0,000002,0.9930197074969265,0.0,1000084.1213970479,1000084.1213970479,
2024-12-06,2284.5600000000004,2306.81,2421.898257730008,0.009165040728653429,0.0030055787421718883,0.005737717618741681,-1,0,000002,0.9942950159686497,0.0,1000084.1213970479,1000084.1213970479,
2024-12-09,2302.88,2272.77,2431.918225182295,-0.014756308495281312,0.004137237152843198,0.007678702600889748,-1,0,000002,0.9923798105675247,0.0,1000084.1213970479,1000084.1213970479,
2024-12-10,2347.3900000000003,2293.72,2411.9057793018223,0.009217826704857934,-0.008229078458825367,0.008152723939846269,-1,0,000002,0.9919132054635675,0.0,1000084.1213970479,1000084.1213970479,
2024-12-11,2284.5600000000004,2302.88,2425.985686536133,0.003993512721692349,0.005837668848899469,0.008097183746513418,-1,0,000002,0.9919678540154028,0.0,1000084.1213970479,1000084.1213970479,
2024-12-12,2300.26,2308.12,2371.8736153122786,0.0022754116584449147,-0.022305189813842885,0.008103208643945592,-1,0,000002,0.991961925550415,0.0,1000084.1213970479,1000084.1213970479,
2024-12-13,2295.03,2271.46,2420.6135458257795,-0.01588305634022491,0.020549126310460686,0.00942736088864505,-1,0,000002,0.9906606842117439,0.0,1000084.1213970479,1000084.1213970479,
2024-12-16,2272.77,2247.9,2398.3733254364133,-0.010372183529536061,-0.009187844308199633,0.009620926055550398,-1,0,000002,0.9904707541144794,0.0,1000084.1213970479,1000084.1213970479,
2024-12-17,2249.21,2236.12,2352.2719049030543,-0.005240446639085405,-0.019221953498407274,0.009413537042389125,-1,0,000002,0.9906742512390204,0.0,1000084.1213970479,1000084.1213970479,
2024-12-18,2240.05,2236.12,2358.0262739485506,0.0,0.002446302671686107,0.009090509518036395,-1,0,000002,0.990991383396938,0.0,1000084.1213970479,1000084.1213970479,
2024-12-19,2217.7900000000004,2206.01,2381.6809428003435,-0.013465288088295613,0.0100315544034133,0.009738307230800441,-1,0,000002,0.990355612775049,0.0,1000084.1213970479,1000084.1213970479,
2024-12-20,2202.0800000000004,2194.23,2375.35584925443,-0.005339957661116723,-0.0026557266476158192,0.008661949671613177,-1,0,000002,0.991412435380919,0.0,1000084.1213970479,1000084.1213970479,
2024-12-23,2190.3000000000006,2173.28,2331.907192269266,-0.009547768465475226,-0.018291430733968217,0.008148624139539548,-1,0,000002,0.9919172392399042,0.0,1000084.1213970479,1000084.1213970479,
2024-12-24,2175.9,2182.45,2311.189194770157,0.004219428697636474,-0.008884572065214869,0.007330225047955141,-1,0,000002,0.9927231161483254,0.0,1000084.1213970479,1000084.1213970479,
2024-12-25,2179.83,2157.57,2309.271944422424,-0.011400032074045052,-0.0008295514499944145,0.006847060310429005,-1,0,000002,0.9931995031019728,0.0,1000084.1213970479,1000084.1213970479,
2024-12-26,2152.34,2153.65,2310.054436219633,-0.0018168587809433978,0.00033884783431359367,0.006371733027438597,-1,0,000002,0.9936686089063027,0.0,1000084.1213970479,1000084.1213970479,
2024-12-27,2153.65,2158.88,2265.023051402271,0.002428435446799604,-0.019493646604733295,0.006124819925293808,-1,0,000002,0.9939124651295764,0.0,1000084.1213970479,1000084.1213970479,
2024-12-30,2152.34,2134.01,2265.463603010774,-0.011519862150744742,0.00019450204192406062,0.006245127664442056,-1,0,000002,0.9937936318966957,0.0,1000084.1213970479,1000084.1213970479,
2024-12-31,2136.63,2120.92,2240.67882983476,-0.006133991874452405,-0.01094026544636395,0.0062526634810780805,-1,0,000002,0.9937861893856288,0.0,1000084.1213970479,1000084.1213970479,
