日期,股票代码,开盘,收盘,最高,最低,成交量,成交额,振幅,涨跌幅,涨跌额,换手率,volatility
2011-05-27,002583,17.5,17.55,20.0,16.7,159854,289875530.61,16.58,-11.81,-2.35,28.55,3.3000000000000007
2011-05-30,002583,16.71,15.8,16.73,15.8,76177,122695699.25,5.3,-9.97,-1.75,13.6,0.9299999999999997
2011-05-31,002583,15.39,15.69,15.98,15.25,39420,61509439.04,4.62,-0.7,-0.11,7.04,0.7300000000000004
2011-06-01,002583,15.73,16.09,16.26,15.51,35465,56876849.35,4.78,2.55,0.4,6.33,0.7500000000000018
2011-06-02,002583,15.8,15.62,16.09,15.4,30295,47403554.48,4.29,-2.92,-0.47,5.41,0.6899999999999995
2011-06-03,002583,15.57,15.81,16.0,15.5,20812,32949987.86,3.2,1.22,0.19,3.72,0.5
2011-06-07,002583,15.79,16.08,16.15,15.6,21854,35007796.43,3.48,1.71,0.27,3.9,0.5499999999999989
2011-06-08,002583,15.9,15.88,15.97,15.64,17945,28325656.7,2.05,-1.24,-0.2,3.2,0.33000000000000007
2011-06-09,002583,15.95,15.27,15.97,15.26,18596,28829457.38,4.47,-3.84,-0.61,3.32,0.7100000000000009
2011-06-10,002583,15.27,15.58,15.62,15.26,13510,20889274.35,2.36,2.03,0.31,2.41,0.35999999999999943
2011-06-13,002583,15.5,16.14,16.21,15.46,29378,46833883.54,4.81,3.59,0.56,5.25,0.75
2011-06-14,002583,16.08,16.42,16.52,15.93,25985,42543330.36,3.66,1.73,0.28,4.64,0.5899999999999999
2011-06-15,002583,16.28,18.06,18.06,16.28,93310,165773434.24,10.84,9.99,1.64,16.66,1.7799999999999976
2011-06-16,002583,17.94,18.15,18.33,17.71,68995,124948215.94,3.43,0.5,0.09,12.32,0.6199999999999974
2011-06-17,002583,17.87,18.14,19.21,17.86,50932,93782692.55,7.44,-0.06,-0.01,9.1,1.3500000000000014
2011-06-20,002583,17.72,18.38,19.13,17.01,41625,76182014.16,11.69,1.32,0.24,7.43,2.1199999999999974
2011-06-21,002583,18.34,19.18,19.2,18.12,39296,74116266.89,5.88,4.35,0.8,7.02,1.0799999999999983
2011-06-22,002583,19.2,18.85,19.2,18.21,29297,54568412.04,5.16,-1.72,-0.33,5.23,0.9899999999999984
2011-06-23,002583,18.51,18.86,19.08,18.3,25500,47947544.08,4.14,0.05,0.01,4.55,0.7799999999999976
2011-06-24,002583,18.87,18.95,19.67,18.76,38944,74520073.25,4.83,0.48,0.09,6.95,0.9100000000000001
2011-06-27,002583,18.85,19.3,19.35,18.49,33534,63713499.94,4.54,1.85,0.35,5.99,0.860000000000003
2011-06-28,002583,19.31,18.96,19.35,18.71,23962,45323585.04,3.32,-1.76,-0.34,4.28,0.6400000000000006
2011-06-29,002583,18.83,18.42,18.93,18.4,24996,46451401.62,2.8,-2.85,-0.54,4.46,0.5300000000000011
2011-06-30,002583,18.1,18.54,18.73,18.1,20935,38694355.86,3.42,0.65,0.12,3.74,0.629999999999999
2011-07-04,002583,18.54,18.94,19.1,18.3,18648,35087976.11,4.31,2.16,0.4,3.33,0.8000000000000007
2011-07-05,002583,18.81,19.23,19.26,18.63,19487,36903745.76,3.33,1.53,0.29,3.48,0.6300000000000026
2011-07-06,002583,19.11,19.91,19.99,19.05,50400,99485484.72,4.89,3.54,0.68,9.0,0.9399999999999977
2011-07-07,002583,19.8,20.91,21.03,19.76,107803,220353121.84,6.38,5.02,1.0,19.25,1.2699999999999996
2011-07-08,002583,20.7,20.54,21.45,20.13,50470,104850477.34,6.31,-1.77,-0.37,9.01,1.3200000000000003
2011-07-11,002583,20.48,20.7,20.99,20.29,40979,85091215.51,3.41,0.78,0.16,7.32,0.6999999999999993
2011-07-12,002583,20.35,20.42,20.89,20.16,28340,58434664.56,3.53,-1.35,-0.28,5.06,0.7300000000000004
2011-07-13,002583,20.37,20.85,21.28,20.31,32511,67787459.11,4.75,2.11,0.43,5.81,0.9700000000000024
2011-07-14,002583,21.15,20.66,21.16,20.5,20447,42410231.91,3.17,-0.91,-0.19,3.65,0.6600000000000001
2011-07-15,002583,20.67,22.4,22.5,20.66,70933,154855515.2,8.91,8.42,1.74,12.67,1.8399999999999999
2011-07-18,002583,22.38,22.55,22.68,22.06,39898,89529646.14,2.77,0.67,0.15,7.12,0.620000000000001
2011-07-19,002583,22.43,21.91,22.43,21.71,32483,71385356.52,3.19,-2.84,-0.64,5.8,0.7199999999999989
2011-07-20,002583,21.9,21.48,22.19,21.3,21957,47406880.77,4.06,-1.96,-0.43,3.92,0.8900000000000006
2011-07-21,002583,21.31,21.46,21.9,21.1,17136,36894267.8,3.72,-0.09,-0.02,3.06,0.7999999999999972
2011-07-22,002583,21.42,22.28,22.76,21.38,39789,88482899.85,6.43,3.82,0.82,7.11,1.3800000000000026
2011-07-25,002583,22.48,21.35,22.5,21.35,25993,56754043.59,5.16,-4.17,-0.93,4.64,1.1499999999999986
2011-07-26,002583,21.45,21.15,21.75,20.78,21238,44758139.49,4.54,-0.94,-0.2,3.79,0.9699999999999989
2011-07-27,002583,21.1,22.67,22.97,20.92,43885,98343006.84,9.69,7.19,1.52,7.84,2.049999999999997
2011-07-28,002583,22.18,22.88,23.4,22.18,43581,99935795.5,5.38,0.93,0.21,7.78,1.2199999999999989
2011-07-29,002583,22.88,24.09,24.19,22.65,55094,130550687.89,6.73,5.29,1.21,9.84,1.5400000000000027
2011-08-01,002583,23.81,24.5,24.65,23.5,32697,78815601.08,4.77,1.7,0.41,5.84,1.1499999999999986
2011-08-02,002583,24.24,24.84,25.15,23.6,37874,91330831.94,6.33,1.39,0.34,6.76,1.5499999999999972
2011-08-03,002583,24.5,24.75,25.14,24.12,26380,65040084.37,4.11,-0.36,-0.09,4.71,1.0199999999999996
2011-08-04,002583,24.75,24.21,25.2,24.02,26122,64045183.94,4.77,-2.18,-0.54,4.66,1.1799999999999997
2011-08-05,002583,23.22,24.76,25.6,23.01,23439,58007124.54,10.7,2.27,0.55,4.19,2.59
2011-08-08,002583,24.33,24.7,25.3,22.35,30104,73944443.61,11.91,-0.24,-0.06,5.38,2.9499999999999993
2011-08-09,002583,23.93,26.0,26.9,23.41,52166,134440477.69,14.13,5.26,1.3,9.32,3.4899999999999984
2011-08-10,002583,26.25,25.81,27.55,25.65,42115,111963868.87,7.31,-0.73,-0.19,7.52,1.9000000000000021
2011-08-11,002583,25.59,26.4,26.78,25.55,30193,79491950.84,4.77,2.29,0.59,5.39,1.2300000000000004
2011-08-12,002583,27.0,27.19,27.7,25.99,41141,110673352.0,6.48,2.99,0.79,7.35,1.7100000000000009
2011-08-15,002583,27.1,28.8,28.98,26.8,38344,107414168.0,8.02,5.92,1.61,6.85,2.1799999999999997
2011-08-16,002583,29.01,27.29,29.2,27.12,50797,141413995.0,7.22,-5.24,-1.51,9.07,2.0799999999999983
2011-08-17,002583,27.01,27.95,28.16,26.96,31427,87335117.0,4.4,2.42,0.66,5.61,1.1999999999999993
2011-08-18,002583,27.9,26.85,28.1,26.23,41154,110802885.0,6.69,-3.94,-1.1,7.35,1.870000000000001
2011-08-19,002583,26.15,26.25,26.75,25.93,27544,72476260.0,3.05,-2.23,-0.6,4.92,0.8200000000000003
2011-08-22,002583,26.3,26.66,27.5,26.3,20833,56183442.0,4.57,1.56,0.41,3.72,1.1999999999999993
2011-08-23,002583,26.66,27.14,27.2,25.95,23782,63263310.0,4.69,1.8,0.48,4.25,1.25
2011-08-24,002583,27.22,28.05,28.4,26.65,41015,113610015.0,6.45,3.35,0.91,7.32,1.75
2011-08-25,002583,28.0,27.24,28.2,26.62,32869,89433226.0,5.63,-2.89,-0.81,5.87,1.5799999999999983
2011-08-26,002583,27.35,27.1,27.49,26.46,27385,73619962.0,3.78,-0.51,-0.14,4.89,1.0299999999999976
2011-08-29,002583,26.96,25.76,26.96,25.5,60645,157835221.0,5.39,-4.94,-1.34,8.66,1.4600000000000009
2011-08-30,002583,25.75,26.03,26.16,24.98,60116,154034550.0,4.58,1.05,0.27,8.59,1.1799999999999997
2011-08-31,002583,25.6,25.32,25.99,24.96,29850,75878061.0,3.96,-2.73,-0.71,4.26,1.0299999999999976
2011-09-01,002583,25.3,25.41,25.8,25.19,22354,57031761.0,2.41,0.36,0.09,3.19,0.6099999999999994
2011-09-05,002583,24.65,25.3,25.87,24.11,25044,62797266.0,6.93,-0.43,-0.11,3.58,1.7600000000000016
2011-09-06,002583,24.71,24.9,25.55,24.35,13579,33756415.0,4.74,-1.58,-0.4,1.94,1.1999999999999993
2011-09-07,002583,25.0,26.15,26.48,25.0,31037,79988764.0,5.94,5.02,1.25,4.43,1.4800000000000004
2011-09-08,002583,26.28,25.85,26.36,25.53,16205,41996826.0,3.17,-1.15,-0.3,2.32,0.8299999999999983
2011-09-09,002583,25.66,25.73,26.2,25.51,15159,39193961.0,2.67,-0.46,-0.12,2.17,0.6899999999999977
2011-09-13,002583,25.45,24.89,25.45,24.71,14243,35635059.0,2.88,-3.26,-0.84,2.03,0.7399999999999984
2011-09-14,002583,24.85,25.26,25.5,24.75,13197,33050492.0,3.01,1.49,0.37,1.89,0.75
2011-09-15,002583,25.37,25.72,26.1,25.03,14550,37463236.0,4.24,1.82,0.46,2.08,1.0700000000000003
2011-09-16,002583,25.8,25.66,26.2,25.25,11045,28388313.0,3.69,-0.23,-0.06,1.58,0.9499999999999993
2011-09-19,002583,25.59,25.39,25.59,25.01,10406,26312670.0,2.26,-1.05,-0.27,1.49,0.5799999999999983
2011-09-20,002583,25.39,24.83,25.64,24.81,8431,21241937.0,3.27,-2.21,-0.56,1.2,0.8300000000000018
2011-09-21,002583,24.85,25.94,26.1,24.43,19866,50813230.0,6.73,4.47,1.11,2.84,1.6700000000000017
2011-09-22,002583,25.8,25.2,26.25,25.18,10591,27351319.0,4.12,-2.85,-0.74,1.51,1.0700000000000003
2011-09-23,002583,24.7,25.0,25.44,24.53,8413,21032558.0,3.61,-0.79,-0.2,1.2,0.9100000000000001
2011-09-26,002583,24.9,24.87,25.39,24.7,6051,15127857.0,2.76,-0.52,-0.13,0.86,0.6900000000000013
2011-09-27,002583,25.15,24.55,25.26,23.88,20273,49776593.0,5.55,-1.29,-0.32,2.9,1.3800000000000026
2011-09-28,002583,24.55,23.62,24.7,23.43,10619,25521777.0,5.17,-3.79,-0.93,1.52,1.2699999999999996
2011-09-29,002583,23.5,23.18,23.62,22.75,12291,28472730.0,3.68,-1.86,-0.44,1.76,0.870000000000001
2011-09-30,002583,23.0,22.6,23.5,22.3,8430,19069910.0,5.18,-2.5,-0.58,1.2,1.1999999999999993
2011-10-10,002583,22.95,22.8,23.0,22.33,3693,8377975.0,2.96,0.88,0.2,0.53,0.6700000000000017
2011-10-11,002583,23.29,22.75,23.47,22.5,8888,20393773.0,4.25,-0.22,-0.05,1.27,0.9699999999999989
2011-10-12,002583,22.5,24.11,24.25,22.08,22416,52778466.0,9.54,5.98,1.36,3.2,2.1700000000000017
2011-10-13,002583,23.8,24.67,24.97,23.8,13030,32107324.0,4.85,2.32,0.56,1.86,1.1699999999999982
2011-10-14,002583,24.66,24.31,24.66,23.86,12833,31011312.0,3.24,-1.46,-0.36,1.83,0.8000000000000007
2011-10-18,002583,24.19,24.56,25.14,24.06,16222,40310721.0,4.44,1.03,0.25,2.32,1.0800000000000018
2011-10-19,002583,24.78,24.5,24.88,24.26,9819,24144184.0,2.52,-0.24,-0.06,1.4,0.6199999999999974
2011-10-20,002583,24.23,23.63,24.5,23.21,9914,23426827.0,5.27,-3.55,-0.87,1.42,1.2899999999999991
2011-10-21,002583,23.15,23.3,23.61,22.56,8550,19829593.0,4.44,-1.4,-0.33,1.22,1.0500000000000007
2011-10-24,002583,22.1,20.97,22.24,20.97,69097,145071655.0,5.45,-10.0,-2.33,9.87,1.2699999999999996
2011-10-25,002583,20.61,21.1,21.18,20.45,66415,137814060.0,3.48,0.62,0.13,9.49,0.7300000000000004
2011-10-26,002583,20.88,21.3,21.47,20.53,38767,81658149.0,4.45,0.95,0.2,5.54,0.9399999999999977
2011-10-27,002583,21.32,21.41,21.59,21.08,21662,46172300.0,2.39,0.52,0.11,3.09,0.5100000000000016
2011-10-28,002583,21.63,21.4,21.72,20.76,24695,52276393.0,4.48,-0.05,-0.01,3.53,0.9599999999999973
2011-10-31,002583,21.26,22.22,22.27,20.87,30527,66154644.0,6.54,3.83,0.82,4.36,1.3999999999999986
2011-11-01,002583,22.0,23.26,23.5,21.77,31780,73009098.0,7.79,4.68,1.04,4.54,1.7300000000000004
2011-11-02,002583,22.9,23.54,23.69,22.72,26327,61419066.0,4.17,1.2,0.28,3.76,0.9700000000000024
2011-11-03,002583,23.75,23.36,24.3,23.27,32134,76736204.0,4.38,-0.76,-0.18,4.59,1.0300000000000011
2011-11-04,002583,23.75,23.57,24.15,23.37,17413,41404929.0,3.34,0.9,0.21,2.49,0.7799999999999976
2011-11-07,002583,23.6,23.99,24.55,23.6,28462,68510023.0,4.03,1.78,0.42,4.07,0.9499999999999993
2011-11-08,002583,23.98,23.75,24.0,23.55,12908,30623575.0,1.88,-1.0,-0.24,1.84,0.4499999999999993
2011-11-09,002583,23.6,23.23,23.8,22.95,31674,73403406.0,3.58,-2.19,-0.52,4.52,0.8500000000000014
2011-11-10,002583,23.1,23.25,24.52,22.81,23412,55242574.0,7.36,0.09,0.02,3.34,1.7100000000000009
2011-11-11,002583,23.15,23.33,23.75,23.15,10586,24758074.0,2.58,0.34,0.08,1.51,0.6000000000000014
2011-11-14,002583,23.55,23.99,24.1,23.42,19261,45959157.0,2.91,2.83,0.66,2.75,0.6799999999999997
2011-11-15,002583,23.83,24.31,24.65,23.82,19730,48017205.0,3.46,1.33,0.32,2.82,0.8299999999999983
2011-11-16,002583,24.57,23.87,24.57,23.87,11871,28600684.0,2.88,-1.81,-0.44,1.7,0.6999999999999993
2011-11-17,002583,23.8,23.82,24.35,23.8,8756,21056318.0,2.3,-0.21,-0.05,1.25,0.5500000000000007
2011-11-18,002583,23.6,23.2,24.24,22.99,13479,31407758.0,5.25,-2.6,-0.62,1.93,1.25
2011-11-21,002583,23.3,22.92,23.3,22.6,6269,14283419.0,3.02,-1.21,-0.28,0.9,0.6999999999999993
2011-11-22,002583,22.62,22.75,22.91,22.5,5213,11835865.0,1.79,-0.74,-0.17,0.74,0.41000000000000014
2011-11-23,002583,23.03,22.66,23.03,22.41,3444,7805653.0,2.73,-0.4,-0.09,0.49,0.620000000000001
2011-11-24,002583,22.3,22.84,22.9,22.3,2926,6642602.0,2.65,0.79,0.18,0.42,0.5999999999999979
2011-11-25,002583,22.71,22.87,23.27,22.7,6626,15217109.0,2.5,0.13,0.03,0.95,0.5700000000000003
2011-11-28,002583,22.9,22.97,23.16,22.78,4389,10067223.0,1.66,0.44,0.1,0.63,0.379999999999999
2011-11-29,002583,24.0,23.37,24.0,22.93,7341,17146937.0,4.66,1.74,0.4,1.05,1.0700000000000003
2011-11-30,002583,23.05,22.06,23.35,21.1,10838,24231056.0,9.63,-5.61,-1.31,1.55,2.25
2011-12-01,002583,22.73,22.2,22.88,22.08,10008,22464950.0,3.63,0.63,0.14,1.43,0.8000000000000007
2011-12-02,002583,21.8,21.71,22.25,21.5,5607,12222881.0,3.38,-2.21,-0.49,0.8,0.75
2011-12-05,002583,21.58,21.49,21.76,20.81,8703,18388730.0,4.38,-1.01,-0.22,1.24,0.9500000000000028
2011-12-06,002583,21.0,21.69,21.69,20.9,5166,11071260.0,3.68,0.93,0.2,0.74,0.7900000000000027
2011-12-07,002583,21.7,22.13,22.23,21.38,5104,11231721.0,3.92,2.03,0.44,0.73,0.8500000000000014
2011-12-08,002583,21.91,22.35,22.8,21.81,6682,14945874.0,4.47,0.99,0.22,0.95,0.990000000000002
2011-12-09,002583,22.0,21.7,22.44,21.65,9306,20441208.0,3.53,-2.91,-0.65,1.33,0.7900000000000027
2011-12-12,002583,21.48,20.5,21.7,19.67,20859,42741030.0,9.35,-5.53,-1.2,2.98,2.0299999999999976
2011-12-13,002583,20.78,19.83,20.78,19.51,13721,27443130.0,6.2,-3.27,-0.67,1.96,1.2699999999999996
2011-12-14,002583,19.83,19.7,20.0,19.5,10004,19696382.0,2.52,-0.66,-0.13,1.43,0.5
2011-12-15,002583,19.51,19.6,19.96,19.4,5881,11592861.0,2.84,-0.51,-0.1,0.84,0.5600000000000023
2011-12-16,002583,19.72,19.37,19.87,18.88,18317,35213134.0,5.05,-1.17,-0.23,2.62,0.990000000000002
2011-12-19,002583,19.32,19.65,19.66,18.75,11157,21438957.0,4.7,1.45,0.28,1.59,0.9100000000000001
2011-12-20,002583,19.65,20.48,20.59,19.58,14406,29368801.0,5.14,4.22,0.83,2.06,1.0100000000000016
2011-12-21,002583,20.5,20.45,21.0,20.36,9870,20463043.0,3.13,-0.15,-0.03,1.41,0.6400000000000006
2011-12-22,002583,20.27,20.8,20.8,19.56,7757,15618730.0,6.06,1.71,0.35,1.11,1.240000000000002
2011-12-23,002583,20.7,20.65,20.8,20.1,2160,4431198.0,3.37,-0.72,-0.15,0.31,0.6999999999999993
2011-12-26,002583,20.41,19.94,20.85,19.93,3621,7341347.0,4.46,-3.44,-0.71,0.52,0.9200000000000017
2011-12-27,002583,20.0,19.9,20.05,19.4,10077,19940636.0,3.26,-0.2,-0.04,1.44,0.6500000000000021
2011-12-28,002583,19.68,19.76,20.07,18.7,9950,19352153.0,6.88,-0.7,-0.14,1.42,1.370000000000001
2011-12-29,002583,19.5,19.46,19.78,19.42,3913,7681661.0,1.82,-1.52,-0.3,0.56,0.35999999999999943
2011-12-30,002583,19.73,20.4,20.5,19.58,8310,16706510.0,4.73,4.83,0.94,1.19,0.9200000000000017
2012-01-04,002583,20.9,20.27,20.97,20.27,5796,11869025.0,3.43,-0.64,-0.13,0.83,0.6999999999999993
2012-01-05,002583,20.25,18.88,20.48,18.8,6891,13477518.0,8.29,-6.86,-1.39,0.98,1.6799999999999997
2012-01-06,002583,18.89,18.9,19.29,18.65,7324,13865296.0,3.39,0.11,0.02,1.05,0.6400000000000006
2012-01-09,002583,18.9,20.1,20.11,18.68,10482,20334851.0,7.57,6.35,1.2,1.5,1.4299999999999997
2012-01-10,002583,19.94,20.55,20.66,19.94,13884,28202470.0,3.58,2.24,0.45,1.98,0.7199999999999989
2012-01-11,002583,20.57,20.78,20.9,20.36,15124,31252562.0,2.63,1.12,0.23,2.16,0.5399999999999991
2012-01-12,002583,20.69,20.09,20.79,19.83,9683,19510474.0,4.62,-3.32,-0.69,1.38,0.9600000000000009
2012-01-13,002583,20.1,18.08,20.1,18.08,27501,50433149.0,10.05,-10.0,-2.01,3.93,2.020000000000003
2012-01-16,002583,17.5,16.35,17.5,16.27,37087,61156077.0,6.8,-9.57,-1.73,5.3,1.2300000000000004
2012-01-17,002583,16.05,17.08,17.15,16.05,16064,27001393.0,6.73,4.46,0.73,2.29,1.0999999999999979
2012-01-18,002583,17.13,15.86,17.19,15.5,17789,28774302.0,9.89,-7.14,-1.22,2.54,1.6900000000000013
2012-01-19,002583,15.56,15.89,16.1,15.56,9705,15482545.0,3.4,0.19,0.03,1.39,0.5400000000000009
2012-01-20,002583,15.89,16.54,16.7,15.89,8883,14433198.0,5.1,4.09,0.65,1.27,0.8099999999999987
2012-01-30,002583,16.79,16.67,17.4,16.38,8724,14843494.0,6.17,0.79,0.13,1.25,1.0199999999999996
2012-01-31,002583,16.62,16.85,17.0,16.2,5734,9530026.0,4.8,1.08,0.18,0.82,0.8000000000000007
2012-02-01,002583,16.7,16.75,17.06,16.57,3842,6457042.0,2.91,-0.59,-0.1,0.55,0.48999999999999844
2012-02-02,002583,16.69,17.06,17.15,16.69,5798,9817268.0,2.75,1.85,0.31,0.83,0.4599999999999973
2012-02-03,002583,17.06,17.62,17.84,16.9,10572,18462463.0,5.51,3.28,0.56,1.51,0.9400000000000013
2012-02-06,002583,17.46,18.18,18.76,17.46,12223,22216100.0,7.38,3.18,0.56,1.75,1.3000000000000007
2012-02-07,002583,18.19,18.33,18.47,17.62,8646,15581725.0,4.68,0.83,0.15,1.24,0.8499999999999979
2012-02-09,002583,18.6,18.17,18.7,17.98,16718,30555804.0,3.93,-0.87,-0.16,2.39,0.7199999999999989
2012-02-10,002583,18.24,17.95,18.32,17.72,13019,23376872.0,3.3,-1.21,-0.22,1.86,0.6000000000000014
2012-02-13,002583,17.78,17.95,18.2,17.58,14855,26686951.0,3.45,0.0,0.0,2.12,0.620000000000001
2012-02-14,002583,17.94,17.48,18.09,17.35,16927,29817894.0,4.12,-2.62,-0.47,2.42,0.7399999999999984
2012-02-15,002583,17.48,18.26,18.35,17.3,37268,66998523.0,6.01,4.46,0.78,5.32,1.0500000000000007
2012-02-16,002583,18.1,18.47,18.8,18.03,28821,53135301.0,4.22,1.15,0.21,4.12,0.7699999999999996
2012-02-17,002583,18.4,18.17,18.49,18.01,12678,23058256.0,2.6,-1.62,-0.3,1.81,0.4799999999999969
2012-02-20,002583,18.4,18.52,18.67,18.2,24118,44529708.0,2.59,1.93,0.35,3.45,0.4700000000000024
2012-02-21,002583,18.6,18.72,18.77,18.32,20868,38673288.0,2.43,1.08,0.2,2.98,0.4499999999999993
2012-02-22,002583,18.68,19.2,19.4,18.53,36979,70210961.0,4.65,2.56,0.48,5.28,0.8699999999999974
2012-02-23,002583,19.13,20.0,20.0,18.9,40168,79000946.0,5.73,4.17,0.8,5.74,1.1000000000000014
2012-02-24,002583,19.85,19.93,20.2,19.71,16824,33508654.0,2.45,-0.35,-0.07,2.4,0.48999999999999844
2012-02-27,002583,19.93,19.73,20.08,19.58,18252,36055530.0,2.51,-1.0,-0.2,2.61,0.5
2012-02-28,002583,19.7,19.12,19.85,18.96,15198,29227926.0,4.51,-3.09,-0.61,2.17,0.8900000000000006
2012-02-29,002583,19.09,18.4,19.2,18.28,21869,40771932.0,4.81,-3.77,-0.72,3.12,0.9199999999999982
2012-03-01,002583,18.3,18.39,18.51,17.7,36614,66202570.0,4.4,-0.05,-0.01,5.23,0.8100000000000023
2012-03-02,002583,18.45,19.18,19.2,18.45,40916,77407799.0,4.08,4.3,0.79,5.85,0.75
2012-03-05,002583,19.47,18.86,19.47,18.82,36182,68753869.0,3.39,-1.67,-0.32,5.17,0.6499999999999986
2012-03-06,002583,18.85,18.4,18.85,18.1,24615,45188038.0,3.98,-2.44,-0.46,3.52,0.75
2012-03-07,002583,18.26,18.19,18.52,18.12,15972,29312645.0,2.17,-1.14,-0.21,2.28,0.3999999999999986
2012-03-08,002583,18.28,18.39,18.51,18.25,26169,48137457.0,1.43,1.1,0.2,3.74,0.26000000000000156
2012-03-09,002583,18.55,18.77,18.77,18.15,43712,80486225.0,3.37,2.07,0.38,6.24,0.620000000000001
2012-03-12,002583,18.87,19.56,19.59,18.71,87401,167639479.0,4.69,4.21,0.79,12.49,0.879999999999999
2012-03-13,002583,19.41,19.32,19.43,19.15,50469,97364077.0,1.43,-1.23,-0.24,7.21,0.28000000000000114
2012-03-14,002583,19.42,18.32,19.76,18.13,62844,119976846.0,8.44,-5.18,-1.0,8.98,1.6300000000000026
2012-03-15,002583,18.3,17.75,18.47,17.52,30148,53925241.0,5.19,-3.11,-0.57,4.31,0.9499999999999993
2012-03-16,002583,17.78,18.36,18.42,17.53,32862,59002537.0,5.01,3.44,0.61,4.69,0.8900000000000006
2012-03-19,002583,18.29,18.47,18.5,18.02,28974,52814095.0,2.61,0.6,0.11,4.14,0.4800000000000004
2012-03-20,002583,18.73,18.55,19.39,18.5,62314,118477072.0,4.82,0.43,0.08,8.9,0.8900000000000006
2012-03-21,002583,18.35,18.17,18.56,17.65,33171,59945187.0,4.91,-2.05,-0.38,4.74,0.9100000000000001
2012-03-22,002583,18.16,18.2,18.47,17.9,18452,33557038.0,3.14,0.17,0.03,2.64,0.5700000000000003
2012-03-23,002583,18.19,18.1,18.36,17.86,15813,28584232.0,2.75,-0.55,-0.1,2.26,0.5
2012-03-26,002583,17.99,17.5,18.09,17.4,16582,29221504.0,3.81,-3.31,-0.6,2.37,0.6900000000000013
2012-03-27,002583,16.95,16.15,16.95,15.99,63435,104599543.0,5.49,-7.71,-1.35,9.06,0.9599999999999991
2012-03-28,002583,16.04,15.7,16.04,15.57,48686,76542629.0,2.91,-2.79,-0.45,6.96,0.46999999999999886
2012-03-29,002583,15.6,15.4,15.69,14.9,37311,56896815.0,5.03,-1.91,-0.3,5.33,0.7899999999999991
2012-03-30,002583,15.53,15.7,15.7,15.46,19650,30627743.0,1.56,1.95,0.3,2.81,0.23999999999999844
2012-04-05,002583,15.8,15.9,15.96,15.63,22743,36026494.0,2.1,1.27,0.2,3.25,0.33000000000000007
2012-04-06,002583,15.84,15.79,15.96,15.53,20165,31757715.0,2.7,-0.69,-0.11,2.88,0.4300000000000015
2012-04-09,002583,15.8,15.2,15.83,15.16,20212,31119528.0,4.24,-3.74,-0.59,2.89,0.6699999999999999
2012-04-10,002583,15.08,15.29,15.29,14.76,23957,35926302.0,3.49,0.59,0.09,3.42,0.5299999999999994
2012-04-11,002583,15.1,15.15,15.34,14.96,17705,26767897.0,2.49,-0.92,-0.14,2.53,0.379999999999999
2012-04-12,002583,15.15,15.5,15.51,15.05,22373,34204356.0,3.04,2.31,0.35,3.2,0.4599999999999991
2012-04-13,002583,15.56,16.15,16.25,15.5,42578,68049838.0,4.84,4.19,0.65,6.08,0.75
2012-04-16,002583,15.93,15.94,16.05,15.75,29924,47546397.0,1.86,-1.3,-0.21,4.27,0.3000000000000007
2012-04-18,002583,15.79,15.98,16.0,15.21,28538,44881022.0,4.96,0.25,0.04,4.08,0.7899999999999991
2012-04-19,002583,15.64,15.28,15.87,15.19,66464,102141765.0,4.26,-4.38,-0.7,9.49,0.6799999999999997
2012-04-20,002583,15.26,15.36,15.48,15.2,22726,34964402.0,1.83,0.52,0.08,3.25,0.28000000000000114
2012-04-23,002583,15.38,14.99,15.45,14.9,27659,41901917.0,3.58,-2.41,-0.37,3.95,0.5499999999999989
2012-04-24,002583,14.9,14.09,14.99,13.49,39609,55286704.0,10.01,-6.0,-0.9,5.66,1.5
2012-04-25,002583,14.0,13.78,14.01,13.7,35517,49041167.0,2.2,-2.2,-0.31,5.07,0.3100000000000005
2012-04-26,002583,13.78,13.9,14.08,13.77,15241,21256773.0,2.25,0.87,0.12,2.18,0.3100000000000005
2012-04-27,002583,14.0,14.45,15.04,13.86,26338,37795768.0,8.49,3.96,0.55,3.76,1.1799999999999997
2012-05-02,002583,14.66,14.51,14.75,14.37,15515,22401057.0,2.63,0.42,0.06,2.22,0.3800000000000008
2012-05-03,002583,14.51,15.04,15.21,14.51,25654,37990592.0,4.82,3.65,0.53,3.66,0.7000000000000011
2012-05-04,002583,15.03,15.09,15.45,14.86,23295,35329513.0,3.92,0.33,0.05,3.33,0.5899999999999999
2012-05-08,002583,15.09,15.21,15.31,14.86,20613,30977972.0,2.98,0.8,0.12,2.94,0.45000000000000107
2012-05-09,002583,15.1,14.69,15.1,14.69,13571,20105643.0,2.7,-3.42,-0.52,1.94,0.41000000000000014
2012-05-10,002583,14.69,14.51,14.84,14.28,14214,20539574.0,3.81,-1.23,-0.18,2.03,0.5600000000000005
2012-05-11,002583,14.48,15.14,15.2,14.33,30552,45333746.0,6.0,4.34,0.63,4.36,0.8699999999999992
2012-05-14,002583,15.16,15.24,15.46,14.91,27303,41583583.0,3.63,0.66,0.1,3.9,0.5500000000000007
2012-05-15,002583,14.96,15.18,15.22,14.96,15103,22692264.0,1.71,-0.39,-0.06,2.16,0.2599999999999998
2012-05-16,002583,15.34,15.66,16.62,15.31,51272,81382378.0,8.63,3.16,0.48,7.32,1.3100000000000005
2012-05-17,002583,15.59,15.86,15.91,15.34,21945,34176498.0,3.64,1.28,0.2,3.14,0.5700000000000003
2012-05-18,002583,15.76,15.37,15.98,15.36,17754,27756389.0,3.91,-3.09,-0.49,2.54,0.620000000000001
2012-05-21,002583,15.38,15.4,15.65,15.29,14169,21780422.0,2.34,0.2,0.03,2.02,0.3600000000000012
2012-05-22,002583,15.46,15.56,15.76,15.31,13983,21676143.0,2.92,1.04,0.16,2.0,0.4499999999999993
2012-05-23,002583,15.62,15.32,15.62,15.29,9766,14930278.0,2.12,-1.54,-0.24,1.4,0.33000000000000007
2012-05-24,002583,15.32,15.15,15.33,15.01,9633,14537951.0,2.09,-1.11,-0.17,1.38,0.3200000000000003
2012-05-25,002583,15.16,14.57,15.18,14.06,13020,18927421.0,7.39,-3.83,-0.58,1.86,1.1199999999999992
2012-05-28,002583,14.06,14.88,15.01,14.06,13358,19413907.0,6.52,2.13,0.31,1.34,0.9499999999999993
2012-05-29,002583,14.84,15.47,15.57,14.84,17331,26209922.0,4.91,3.97,0.59,1.74,0.7300000000000004
2012-05-30,002583,15.47,15.81,16.15,15.41,29477,46919392.0,4.78,2.2,0.34,2.96,0.7399999999999984
2012-05-31,002583,15.8,17.12,17.28,15.68,63774,106125687.0,10.12,8.29,1.31,6.41,1.6000000000000014
2012-06-01,002583,16.79,16.81,17.06,16.76,23652,39709262.0,1.75,-1.81,-0.31,2.38,0.29999999999999716
2012-06-04,002583,16.62,16.46,16.62,16.18,23184,37834381.0,2.62,-2.08,-0.35,2.33,0.4400000000000013
2012-06-05,002583,16.46,16.36,16.64,15.96,13210,21448334.0,4.13,-0.61,-0.1,1.33,0.6799999999999997
2012-06-06,002583,16.35,16.53,16.76,16.14,14462,23823344.0,3.79,1.04,0.17,1.45,0.620000000000001
2012-06-07,002583,16.75,16.16,16.81,16.04,11133,18127040.0,4.66,-2.24,-0.37,1.12,0.7699999999999996
2012-06-08,002583,16.27,15.51,16.27,15.41,25175,39412164.0,5.32,-4.02,-0.65,2.53,0.8599999999999994
2012-06-11,002583,15.37,15.83,16.03,15.37,13527,21105578.0,4.26,2.06,0.32,1.36,0.6600000000000019
2012-06-12,002583,15.86,15.99,16.09,15.57,10032,15764378.0,3.28,1.01,0.16,1.01,0.5199999999999996
2012-06-13,002583,15.89,16.88,16.98,15.89,31236,51812398.0,6.82,5.57,0.89,3.14,1.0899999999999999
2012-06-14,002583,16.96,16.66,17.18,16.59,26230,44479404.0,3.5,-1.3,-0.22,2.64,0.5899999999999999
2012-06-15,002583,16.87,17.86,18.17,16.86,52404,91513651.0,7.86,7.2,1.2,5.27,1.3100000000000023
2012-06-18,002583,18.14,17.9,18.14,17.46,30046,53097354.0,3.81,0.22,0.04,3.02,0.6799999999999997
2012-06-19,002583,17.86,17.96,18.16,17.61,26646,47621474.0,3.07,0.34,0.06,2.68,0.5500000000000007
2012-06-20,002583,17.79,18.06,18.15,17.46,21142,37497147.0,3.84,0.56,0.1,2.12,0.6899999999999977
2012-06-21,002583,17.78,17.64,18.2,17.46,16168,28670221.0,4.1,-2.33,-0.42,1.62,0.7399999999999984
2012-06-25,002583,17.56,17.37,17.56,17.17,11185,19321979.0,2.21,-1.53,-0.27,1.12,0.389999999999997
2012-06-26,002583,17.36,17.05,17.36,16.53,10857,18396503.0,4.78,-1.84,-0.32,1.09,0.8299999999999983
2012-06-27,002583,17.06,17.81,18.01,16.94,17897,31424252.0,6.28,4.46,0.76,1.8,1.0700000000000003
2012-06-28,002583,17.94,17.21,17.94,17.21,13533,23607734.0,4.1,-3.37,-0.6,1.36,0.7300000000000004
2012-06-29,002583,17.11,17.64,17.78,17.06,9913,17289454.0,4.18,2.5,0.43,1.0,0.7200000000000024
2012-07-02,002583,17.64,18.36,18.36,17.64,33132,60113367.0,4.08,4.08,0.72,3.33,0.7199999999999989
2012-07-03,002583,18.37,18.33,18.61,18.14,33610,61529090.0,2.56,-0.16,-0.03,3.38,0.46999999999999886
2012-07-04,002583,18.26,18.36,18.56,17.74,23925,43244686.0,4.47,0.16,0.03,2.4,0.8200000000000003
2012-07-05,002583,18.18,17.94,18.26,17.86,9478,17029765.0,2.18,-2.29,-0.42,0.95,0.40000000000000213
2012-07-06,002583,18.06,18.23,18.26,17.81,15608,28135767.0,2.51,1.62,0.29,1.57,0.45000000000000284
2012-07-09,002583,17.96,17.39,18.13,17.05,40032,69371219.0,5.92,-4.61,-0.84,4.02,1.0799999999999983
2012-07-10,002583,17.39,16.1,17.39,16.1,40178,65469122.0,7.42,-7.42,-1.29,4.04,1.2899999999999991
2012-07-11,002583,16.06,15.98,16.35,15.76,24696,39701445.0,3.66,-0.75,-0.12,2.48,0.5900000000000016
2012-07-12,002583,15.98,16.41,16.59,15.76,12741,20696174.0,5.19,2.69,0.43,1.28,0.8300000000000001
2012-07-13,002583,15.84,15.41,15.84,15.04,56485,86426510.0,4.88,-6.09,-1.0,5.68,0.8000000000000007
2012-07-16,002583,15.11,14.97,15.3,14.87,8476,12643385.0,2.79,-2.86,-0.44,0.85,0.4300000000000015
2012-07-17,002583,14.93,15.16,15.28,14.78,5849,8781883.0,3.34,1.27,0.19,0.59,0.5
2012-07-18,002583,15.15,15.33,15.37,15.06,5862,8893675.0,2.04,1.12,0.17,0.59,0.3099999999999987
2012-07-19,002583,15.25,15.42,15.53,15.16,9531,14606701.0,2.41,0.59,0.09,0.96,0.3699999999999992
2012-07-20,002583,15.42,15.22,15.45,15.21,4051,6186848.0,1.56,-1.3,-0.2,0.41,0.23999999999999844
2012-07-23,002583,15.22,15.23,15.38,14.96,3410,5128737.0,2.76,0.07,0.01,0.34,0.41999999999999993
2012-07-24,002583,15.23,15.34,15.48,15.13,4431,6743409.0,2.3,0.72,0.11,0.45,0.34999999999999964
2012-07-25,002583,15.34,16.04,16.21,15.32,18002,28451225.0,5.8,4.56,0.7,1.81,0.8900000000000006
2012-07-26,002583,15.94,16.06,16.22,15.66,6027,9626911.0,3.49,0.12,0.02,0.61,0.5599999999999987
2012-07-27,002583,16.14,16.02,16.33,15.74,11611,18363826.0,3.67,-0.25,-0.04,1.17,0.5899999999999981
2012-07-30,002583,16.02,15.76,16.06,15.56,10387,16273503.0,3.12,-1.62,-0.26,1.04,0.4999999999999982
2012-07-31,002583,15.86,15.69,15.93,15.51,3618,5667226.0,2.66,-0.44,-0.07,0.36,0.41999999999999993
2012-08-01,002583,15.69,16.06,16.21,15.69,10874,17359205.0,3.31,2.36,0.37,1.09,0.5200000000000014
2012-08-02,002583,15.92,15.95,16.14,15.81,6163,9781454.0,2.05,-0.68,-0.11,0.62,0.33000000000000007
2012-08-03,002583,15.94,16.31,16.41,15.79,19968,32233598.0,3.89,2.26,0.36,2.01,0.620000000000001
2012-08-06,002583,16.3,16.36,16.36,16.03,13742,22133391.0,2.02,0.31,0.05,1.38,0.3299999999999983
2012-08-07,002583,16.44,16.36,16.44,16.21,5289,8585734.0,1.41,0.0,0.0,0.53,0.23000000000000043
2012-08-08,002583,16.31,16.29,16.4,16.15,5687,9189041.0,1.53,-0.43,-0.07,0.57,0.25
2012-08-09,002583,16.13,17.06,17.09,16.13,23617,39745453.0,5.89,4.73,0.77,2.37,0.9600000000000009
2012-08-10,002583,17.06,17.06,17.44,16.78,9905,16827078.0,3.87,0.0,0.0,1.0,0.6600000000000001
2012-08-13,002583,16.84,16.49,17.16,16.44,10165,16898670.0,4.22,-3.34,-0.57,1.02,0.7199999999999989
2012-08-14,002583,16.44,16.57,16.6,16.26,6978,11407342.0,2.06,0.49,0.08,0.7,0.33999999999999986
2012-08-15,002583,16.31,16.46,16.58,16.31,2773,4550793.0,1.63,-0.66,-0.11,0.28,0.2699999999999996
2012-08-16,002583,16.35,16.54,16.7,16.35,4516,7469440.0,2.13,0.49,0.08,0.45,0.34999999999999787
2012-08-17,002583,16.64,16.46,16.64,16.33,5123,8378060.0,1.87,-0.48,-0.08,0.51,0.3100000000000023
2012-08-20,002583,16.59,16.47,16.6,16.23,7036,11515774.0,2.25,0.06,0.01,0.71,0.370000000000001
2012-08-21,002583,16.47,16.78,16.91,16.33,9176,15278785.0,3.52,1.88,0.31,0.92,0.5800000000000018
2012-08-22,002583,16.81,16.57,16.81,16.4,8986,14818750.0,2.44,-1.25,-0.21,0.9,0.41000000000000014
2012-08-23,002583,16.49,15.71,16.71,15.16,50510,78542188.0,9.35,-5.19,-0.86,5.08,1.5500000000000007
2012-08-24,002583,15.55,15.46,15.55,15.07,24470,37297557.0,3.06,-1.59,-0.25,2.46,0.4800000000000004
2012-08-27,002583,15.31,15.16,15.31,14.74,21163,31618626.0,3.69,-1.94,-0.3,2.13,0.5700000000000003
2012-08-28,002583,15.06,15.14,15.16,14.76,13533,20111533.0,2.64,-0.13,-0.02,1.36,0.40000000000000036
2012-08-29,002583,15.06,15.14,15.31,14.81,4882,7328250.0,3.3,0.0,0.0,0.49,0.5
2012-08-30,002583,15.16,14.99,15.19,14.86,3067,4587432.0,2.18,-0.99,-0.15,0.31,0.33000000000000007
2012-08-31,002583,14.99,15.29,15.45,14.89,3226,4884785.0,3.74,2.0,0.3,0.32,0.5599999999999987
2012-09-03,002583,15.29,15.31,15.44,15.07,16043,24378417.0,2.42,0.13,0.02,1.61,0.3699999999999992
2012-09-04,002583,15.21,15.02,15.26,14.98,6414,9631740.0,1.83,-1.89,-0.29,0.64,0.27999999999999936
2012-09-05,002583,15.02,15.06,15.23,14.86,6536,9783748.0,2.46,0.27,0.04,0.66,0.370000000000001
2012-09-06,002583,15.09,15.0,15.26,14.86,8030,11993444.0,2.66,-0.4,-0.06,0.81,0.40000000000000036
2012-09-07,002583,15.05,15.46,15.61,15.05,14928,22872299.0,3.73,3.07,0.46,1.5,0.5599999999999987
2012-09-10,002583,15.45,15.93,15.93,15.37,18954,29531994.0,3.62,3.04,0.47,1.9,0.5600000000000005
2012-09-11,002583,15.93,16.19,16.32,15.71,14635,23613268.0,3.83,1.63,0.26,1.47,0.6099999999999994
2012-09-12,002583,16.2,16.04,16.35,15.95,5835,9358662.0,2.47,-0.93,-0.15,0.59,0.40000000000000213
2012-09-13,002583,16.04,15.86,16.34,15.54,14042,22259958.0,4.99,-1.12,-0.18,1.41,0.8000000000000007
2012-09-14,002583,16.03,15.82,16.05,15.57,5010,7881796.0,3.03,-0.25,-0.04,0.5,0.4800000000000004
2012-09-17,002583,15.76,15.42,15.86,15.42,4580,7095461.0,2.78,-2.53,-0.4,0.46,0.4399999999999995
2012-09-18,002583,15.42,14.73,15.42,13.98,39734,56923891.0,9.34,-4.47,-0.69,3.99,1.4399999999999995
2012-10-08,002583,14.26,14.11,14.36,14.05,12683,17833543.0,2.1,-4.21,-0.62,1.27,0.3099999999999987
2012-10-09,002583,14.09,14.36,14.4,14.09,39014,55367255.0,2.2,1.77,0.25,3.92,0.3100000000000005
2012-10-10,002583,14.35,14.84,14.93,14.26,40815,59423164.0,4.67,3.34,0.48,4.1,0.6699999999999999
2012-10-11,002583,14.69,14.61,14.94,14.56,14926,21888766.0,2.56,-1.55,-0.23,1.5,0.379999999999999
2012-10-12,002583,14.51,15.07,15.18,14.51,20886,30970057.0,4.59,3.15,0.46,2.1,0.6699999999999999
2012-10-15,002583,15.08,15.06,15.15,14.82,12139,18110237.0,2.19,-0.07,-0.01,1.22,0.33000000000000007
2012-10-16,002583,15.01,14.99,15.15,14.58,9102,13558677.0,3.78,-0.46,-0.07,0.91,0.5700000000000003
2012-10-17,002583,15.09,14.73,15.09,14.71,5496,8118806.0,2.54,-1.73,-0.26,0.55,0.379999999999999
2012-10-18,002583,14.73,15.06,15.14,14.69,7863,11767463.0,3.05,2.24,0.33,0.79,0.45000000000000107
2012-10-19,002583,15.06,15.27,15.27,15.01,13243,19964845.0,1.73,1.39,0.21,1.33,0.2599999999999998
2012-10-22,002583,15.24,15.32,15.32,15.06,5114,7758041.0,1.7,0.33,0.05,0.51,0.2599999999999998
2012-10-23,002583,15.26,15.04,15.36,15.03,5154,7774717.0,2.15,-1.83,-0.28,0.52,0.33000000000000007
2012-10-24,002583,14.86,15.07,15.07,14.66,2914,4333015.0,2.73,0.2,0.03,0.29,0.41000000000000014
2012-10-25,002583,14.94,14.74,14.94,14.24,9556,13969833.0,4.64,-2.19,-0.33,0.96,0.6999999999999993
2012-10-26,002583,14.74,14.57,14.74,14.02,21123,29980714.0,4.88,-1.15,-0.17,2.12,0.7200000000000006
2012-10-29,002583,14.38,14.61,14.61,14.24,6392,9173345.0,2.54,0.27,0.04,0.64,0.3699999999999992
2012-10-30,002583,14.47,14.61,14.74,14.38,9143,13264430.0,2.46,0.0,0.0,0.92,0.35999999999999943
2012-10-31,002583,14.62,14.76,14.76,14.44,6017,8775524.0,2.19,1.03,0.15,0.6,0.3200000000000003
2012-11-01,002583,14.85,14.85,14.9,14.68,4672,6894424.0,1.49,0.61,0.09,0.47,0.22000000000000064
2012-11-02,002583,14.99,14.88,14.99,14.67,1256,1857986.0,2.15,0.2,0.03,0.13,0.3200000000000003
2012-11-05,002583,14.88,14.87,14.96,14.83,3205,4759093.0,0.87,-0.07,-0.01,0.32,0.13000000000000078
2012-11-06,002583,14.81,14.78,14.85,14.57,2571,3764037.0,1.88,-0.61,-0.09,0.26,0.27999999999999936
2012-11-07,002583,14.78,14.63,14.84,14.54,2098,3055617.0,2.03,-1.01,-0.15,0.21,0.3000000000000007
2012-11-08,002583,14.63,14.76,14.76,14.18,2809,4096993.0,3.96,0.89,0.13,0.28,0.5800000000000001
2012-11-09,002583,14.76,14.6,14.76,14.46,5623,8148093.0,2.03,-1.08,-0.16,0.57,0.29999999999999893
2012-11-12,002583,14.58,14.03,14.58,14.03,10137,14368038.0,3.77,-3.9,-0.57,1.02,0.5500000000000007
2012-11-13,002583,14.07,14.32,14.32,14.01,11035,15528796.0,2.21,2.07,0.29,1.11,0.3100000000000005
2012-11-14,002583,14.32,14.76,14.76,14.07,14757,21178637.0,4.82,3.07,0.44,1.48,0.6899999999999995
2012-11-15,002583,14.76,14.75,14.76,14.41,4079,5937980.0,2.37,-0.07,-0.01,0.41,0.34999999999999964
2012-11-16,002583,14.64,15.14,15.16,14.6,11223,16564443.0,3.8,2.64,0.39,1.13,0.5600000000000005
2012-11-19,002583,15.06,15.13,15.16,14.71,12065,17942366.0,2.97,-0.07,-0.01,1.21,0.4499999999999993
2012-11-20,002583,15.08,15.16,15.24,14.87,6805,10233964.0,2.45,0.2,0.03,0.68,0.370000000000001
2012-11-21,002583,15.1,15.15,15.45,14.87,4978,7475871.0,3.83,-0.07,-0.01,0.5,0.5800000000000001
2012-11-22,002583,14.92,15.03,15.27,14.87,6661,9917202.0,2.64,-0.79,-0.12,0.67,0.40000000000000036
2012-11-23,002583,14.91,15.06,15.13,14.91,4669,6987830.0,1.46,0.2,0.03,0.47,0.22000000000000064
2012-11-26,002583,15.09,15.35,15.36,15.08,14418,21928567.0,1.86,1.93,0.29,1.45,0.27999999999999936
2012-11-27,002583,15.41,14.98,15.65,14.51,23861,35794763.0,7.43,-2.41,-0.37,2.4,1.1400000000000006
2012-11-28,002583,14.66,14.58,14.82,14.07,5551,7965535.0,5.01,-2.67,-0.4,0.56,0.75
2012-11-29,002583,14.58,14.56,14.58,14.27,7003,10061016.0,2.13,-0.14,-0.02,0.7,0.3100000000000005
2012-11-30,002583,14.47,14.61,14.66,14.46,1746,2532338.0,1.37,0.34,0.05,0.18,0.1999999999999993
2012-12-03,002583,14.49,14.22,14.66,14.17,3974,5699040.0,3.35,-2.67,-0.39,0.4,0.4900000000000002
2012-12-04,002583,14.14,14.26,14.26,13.56,13746,18896423.0,4.92,0.28,0.04,1.38,0.6999999999999993
2012-12-05,002583,14.08,14.56,14.7,13.86,5611,8067339.0,5.89,2.1,0.3,0.56,0.8399999999999999
2012-12-06,002583,14.56,14.57,14.61,14.5,3904,5658740.0,0.76,0.07,0.01,0.39,0.10999999999999943
2012-12-07,002583,14.58,14.64,14.74,14.49,3870,5647680.0,1.72,0.48,0.07,0.39,0.25
2012-12-10,002583,14.73,14.57,14.74,14.46,11104,16071680.0,1.91,-0.48,-0.07,1.12,0.27999999999999936
2012-12-11,002583,14.55,14.26,14.57,14.26,7387,10620846.0,2.13,-2.13,-0.31,0.74,0.3100000000000005
2012-12-12,002583,14.25,14.36,14.45,14.09,7107,10038638.0,2.52,0.7,0.1,0.71,0.35999999999999943
2012-12-13,002583,14.22,14.16,14.26,14.15,2113,2986153.0,0.77,-1.39,-0.2,0.21,0.10999999999999943
2012-12-14,002583,14.11,14.64,14.65,14.11,10292,14847315.0,3.81,3.39,0.48,1.03,0.5400000000000009
2012-12-17,002583,14.58,14.52,14.66,14.43,4694,6783923.0,1.57,-0.82,-0.12,0.47,0.23000000000000043
2012-12-18,002583,14.47,14.42,14.66,14.38,6591,9519095.0,1.93,-0.69,-0.1,0.66,0.27999999999999936
2012-12-19,002583,14.41,14.66,14.74,14.25,16942,24479290.0,3.4,1.66,0.24,1.7,0.4900000000000002
2012-12-20,002583,14.66,14.96,15.05,14.47,14588,21553159.0,3.96,2.05,0.3,1.47,0.5800000000000001
2012-12-21,002583,15.03,15.04,15.06,14.79,8764,13049790.0,1.8,0.53,0.08,0.88,0.27000000000000135
2012-12-24,002583,15.06,15.07,15.12,14.97,15311,22964781.0,1.0,0.2,0.03,1.54,0.14999999999999858
2012-12-25,002583,15.07,15.13,15.24,14.97,11543,17431798.0,1.79,0.4,0.06,1.16,0.2699999999999996
2012-12-26,002583,15.21,15.38,15.49,15.02,16227,24717269.0,3.11,1.65,0.25,1.63,0.47000000000000064
2012-12-27,002583,15.24,15.12,15.56,15.11,10931,16656974.0,2.93,-1.69,-0.26,1.1,0.45000000000000107
2012-12-28,002583,15.12,15.41,15.44,15.08,18982,28882168.0,2.38,1.92,0.29,1.91,0.35999999999999943
2012-12-31,002583,15.47,15.86,15.99,15.31,27713,43345208.0,4.41,2.92,0.45,2.79,0.6799999999999997
2013-01-04,002583,15.86,15.04,15.92,15.02,26911,40882111.0,5.67,-5.17,-0.82,2.71,0.9000000000000004
2013-01-07,002583,15.05,14.99,15.12,14.86,11293,16872990.0,1.73,-0.33,-0.05,1.14,0.2599999999999998
2013-01-08,002583,14.98,15.18,15.24,14.93,13026,19574190.0,2.07,1.27,0.19,1.31,0.3100000000000005
2013-01-09,002583,15.16,15.3,15.38,15.04,13110,19927959.0,2.24,0.79,0.12,1.32,0.34000000000000163
2013-01-10,002583,15.31,15.21,15.33,15.07,11811,17848282.0,1.7,-0.59,-0.09,1.19,0.2599999999999998
2013-01-11,002583,15.26,14.86,15.32,14.82,11027,16562890.0,3.29,-2.3,-0.35,1.11,0.5
2013-01-14,002583,14.87,15.27,15.27,14.81,13302,19991250.0,3.1,2.76,0.41,1.34,0.4599999999999991
2013-01-15,002583,15.27,15.55,15.57,15.21,19851,30565290.0,2.36,1.83,0.28,2.0,0.35999999999999943
2013-01-16,002583,15.56,16.06,16.06,15.47,38828,61042144.0,3.79,3.28,0.51,3.9,0.5899999999999981
2013-01-17,002583,16.05,15.65,16.2,15.62,13847,21882197.0,3.61,-2.55,-0.41,1.39,0.5800000000000001
2013-01-18,002583,15.58,15.73,15.85,15.56,8849,13849380.0,1.85,0.51,0.08,0.89,0.28999999999999915
2013-01-21,002583,15.66,15.73,15.96,15.61,7971,12526653.0,2.23,0.0,0.0,0.8,0.3500000000000014
2013-01-22,002583,15.74,15.92,15.95,15.34,14033,21753215.0,3.88,1.21,0.19,1.41,0.6099999999999994
2013-01-23,002583,15.94,15.91,15.94,15.61,9493,14922522.0,2.07,-0.06,-0.01,0.95,0.33000000000000007
2013-01-24,002583,15.91,15.39,15.96,15.31,10482,16349242.0,4.09,-3.27,-0.52,1.05,0.6500000000000004
2013-01-25,002583,15.38,15.43,15.62,15.37,5731,8855794.0,1.62,0.26,0.04,0.58,0.25
2013-01-28,002583,15.41,15.55,15.56,15.28,11294,17329637.0,1.81,0.78,0.12,1.14,0.28000000000000114
2013-01-29,002583,15.55,15.78,15.96,15.47,9979,15621304.0,3.15,1.48,0.23,1.0,0.4900000000000002
2013-01-30,002583,15.68,15.8,15.93,15.67,10074,15862962.0,1.65,0.13,0.02,1.01,0.2599999999999998
2013-01-31,002583,15.76,15.86,16.12,15.66,12928,20487172.0,2.91,0.38,0.06,1.3,0.46000000000000085
2013-02-01,002583,15.77,15.61,15.84,15.48,11498,17830741.0,2.27,-1.58,-0.25,1.16,0.35999999999999943
2013-02-04,002583,15.59,15.95,16.15,15.48,16188,25665731.0,4.29,2.18,0.34,1.63,0.6699999999999982
2013-02-05,002583,15.86,15.84,16.04,15.7,7761,12249943.0,2.13,-0.69,-0.11,0.78,0.33999999999999986
2013-02-06,002583,15.84,15.83,15.88,15.71,8390,13201903.0,1.07,-0.06,-0.01,0.84,0.16999999999999993
2013-02-07,002583,15.83,15.6,15.83,15.51,10701,16647738.0,2.02,-1.45,-0.23,1.08,0.3200000000000003
2013-02-08,002583,15.76,15.6,15.76,15.44,21271,32885077.0,2.05,0.0,0.0,2.14,0.3200000000000003
2013-02-18,002583,15.61,15.8,15.84,15.44,22657,35266439.0,2.56,1.28,0.2,2.28,0.40000000000000036
2013-02-19,002583,15.8,16.71,17.3,15.77,71717,116880149.0,9.68,5.76,0.91,7.21,1.5300000000000011
2013-02-20,002583,16.47,16.82,16.96,16.26,31439,51955616.0,4.19,0.66,0.11,3.16,0.6999999999999993
2013-02-21,002583,16.67,17.05,17.21,16.34,27881,46449579.0,5.17,1.37,0.23,2.8,0.870000000000001
2013-02-22,002583,16.94,16.95,17.06,16.66,25343,42746744.0,2.35,-0.59,-0.1,2.55,0.3999999999999986
2013-02-25,002583,16.95,17.42,17.59,16.69,27197,46906444.0,5.31,2.77,0.47,2.74,0.8999999999999986
2013-02-26,002583,17.34,17.06,17.76,17.06,31462,54814989.0,4.02,-2.07,-0.36,3.16,0.7000000000000028
2013-02-27,002583,16.97,16.83,17.32,16.66,19355,32590651.0,3.87,-1.35,-0.23,1.95,0.6600000000000001
2013-02-28,002583,16.76,17.09,17.3,16.72,18015,30483776.0,3.45,1.54,0.26,1.81,0.5800000000000018
2013-03-01,002583,17.06,17.21,17.26,16.94,11939,20293282.0,1.87,0.7,0.12,1.2,0.3200000000000003
2013-03-04,002583,17.06,16.62,17.06,16.43,19486,32240366.0,3.66,-3.43,-0.59,1.96,0.629999999999999
2013-03-05,002583,16.56,16.78,16.87,16.44,13220,22046348.0,2.59,0.96,0.16,1.33,0.4299999999999997
2013-03-06,002583,16.8,17.32,17.36,16.71,12989,22268215.0,3.87,3.22,0.54,1.31,0.6499999999999986
2013-03-07,002583,17.32,16.93,17.32,16.86,8614,14589042.0,2.66,-2.25,-0.39,0.87,0.46000000000000085
2013-03-08,002583,16.95,16.7,17.06,16.66,8295,13867185.0,2.36,-1.36,-0.23,0.83,0.3999999999999986
2013-03-11,002583,16.66,16.46,16.95,16.38,11214,18601592.0,3.41,-1.44,-0.24,1.13,0.5700000000000003
2013-03-12,002583,16.39,15.88,16.39,15.76,17862,28546822.0,3.83,-3.52,-0.58,1.8,0.6300000000000008
2013-03-13,002583,15.86,16.26,16.41,15.78,18498,29623707.0,3.97,2.39,0.38,1.86,0.6300000000000008
2013-03-14,002583,16.25,16.23,16.83,16.07,12465,20370366.0,4.67,-0.18,-0.03,1.25,0.759999999999998
2013-03-15,002583,16.27,16.28,16.54,16.14,7405,12060714.0,2.46,0.31,0.05,0.74,0.3999999999999986
2013-03-18,002583,16.28,15.98,16.35,15.97,3811,6121709.0,2.33,-1.84,-0.3,0.38,0.3800000000000008
2013-03-19,002583,15.99,16.06,16.16,15.96,6035,9656263.0,1.25,0.5,0.08,0.61,0.1999999999999993
2013-03-20,002583,16.07,16.97,17.23,16.07,21396,35669225.0,7.22,5.67,0.91,2.15,1.1600000000000001
2013-03-21,002583,16.95,17.76,17.78,16.95,36780,63844803.0,4.89,4.66,0.79,3.7,0.8300000000000018
2013-03-22,002583,17.71,17.6,17.71,17.4,10180,17743431.0,1.75,-0.9,-0.16,1.02,0.3100000000000023
2013-03-25,002583,17.42,17.46,17.72,17.24,14061,24414311.0,2.73,-0.8,-0.14,1.41,0.4800000000000004
2013-03-26,002583,17.44,17.45,17.45,16.81,14267,24324751.0,3.67,-0.06,-0.01,1.43,0.6400000000000006
2013-03-27,002583,17.45,18.01,18.02,17.27,23341,41306142.0,4.3,3.21,0.56,2.35,0.75
2013-03-28,002583,18.02,17.39,18.02,17.34,9169,16066516.0,3.78,-3.44,-0.62,0.92,0.6799999999999997
2013-03-29,002583,17.07,16.66,17.07,16.23,35355,57898086.0,4.83,-4.2,-0.73,3.56,0.8399999999999999
2013-04-01,002583,16.26,16.47,16.73,16.24,10290,16925716.0,2.94,-1.14,-0.19,1.03,0.490000000000002
2013-04-02,002583,16.51,16.22,16.56,15.92,11804,19054636.0,3.89,-1.52,-0.25,1.19,0.6399999999999988
2013-04-03,002583,16.19,16.23,16.55,16.19,5993,9789493.0,2.22,0.06,0.01,0.6,0.35999999999999943
2013-04-08,002583,16.14,16.64,16.64,15.81,5583,9007479.0,5.11,2.53,0.41,0.56,0.8300000000000001
2013-04-09,002583,16.65,16.81,17.04,16.57,11351,18950612.0,2.82,1.02,0.17,1.14,0.46999999999999886
2013-04-10,002583,16.68,16.51,16.77,16.36,4951,8160988.0,2.44,-1.78,-0.3,0.5,0.41000000000000014
2013-04-11,002583,16.13,16.78,16.9,16.13,5340,8895516.0,4.66,1.64,0.27,0.54,0.7699999999999996
2013-04-12,002583,16.44,16.75,16.86,16.41,4751,7903508.0,2.68,-0.18,-0.03,0.48,0.4499999999999993
2013-04-15,002583,16.46,16.41,16.51,15.98,8931,14404218.0,3.16,-2.03,-0.34,0.9,0.5300000000000011
2013-04-16,002583,15.98,16.51,16.6,15.98,5998,9776158.0,3.78,0.61,0.1,0.6,0.620000000000001
2013-04-17,002583,16.6,16.45,16.6,16.22,4310,7007047.0,2.3,-0.36,-0.06,0.43,0.38000000000000256
2013-04-18,002583,16.41,16.48,16.61,16.19,4474,7304770.0,2.55,0.18,0.03,0.45,0.41999999999999815
2013-04-19,002583,16.48,16.5,16.55,16.36,9078,14884392.0,1.15,0.12,0.02,0.91,0.19000000000000128
2013-04-22,002583,16.45,16.23,16.45,16.07,11172,18001820.0,2.3,-1.64,-0.27,1.12,0.379999999999999
2013-04-23,002583,16.25,16.06,16.35,15.82,12373,19723220.0,3.27,-1.05,-0.17,1.24,0.5300000000000011
2013-04-24,002583,15.87,16.32,16.54,15.86,11916,19199289.0,4.23,1.62,0.26,1.2,0.6799999999999997
2013-04-25,002583,16.21,16.42,16.69,16.21,20603,33878916.0,2.94,0.61,0.1,2.07,0.4800000000000004
2013-04-26,002583,16.42,16.65,17.03,16.41,17135,28610273.0,3.78,1.4,0.23,1.72,0.620000000000001
2013-05-02,002583,16.74,16.92,17.12,16.48,14818,24971416.0,3.84,1.62,0.27,1.49,0.6400000000000006
2013-05-03,002583,17.09,16.93,17.17,16.86,14186,24002994.0,1.83,0.06,0.01,1.43,0.3100000000000023
2013-05-06,002583,17.16,18.13,18.62,17.16,50740,91604182.0,8.62,7.09,1.2,5.1,1.4600000000000009
2013-05-07,002583,18.15,18.2,18.7,18.05,33247,60709096.0,3.59,0.39,0.07,3.34,0.6499999999999986
2013-05-08,002583,18.46,18.57,19.05,18.22,38551,71464426.0,4.56,2.03,0.37,3.88,0.8300000000000018
2013-05-09,002583,18.26,18.95,18.99,18.17,32583,60920202.0,4.42,2.05,0.38,3.28,0.8199999999999967
2013-05-10,002583,18.78,19.45,19.5,18.61,34249,65639591.0,4.7,2.64,0.5,3.44,0.8900000000000006
2013-05-13,002583,19.26,19.75,19.76,18.96,27819,54018277.0,4.11,1.54,0.3,2.8,0.8000000000000007
2013-05-14,002583,19.56,18.86,19.56,18.77,23420,44412748.0,4.0,-4.51,-0.89,2.36,0.7899999999999991
2013-05-15,002583,18.96,19.21,19.31,18.56,18541,35094821.0,3.98,1.86,0.35,1.86,0.75
2013-05-16,002583,19.09,19.26,20.14,18.91,37450,73458094.0,6.4,0.26,0.05,3.77,1.2300000000000004
2013-05-17,002583,19.14,19.36,19.63,18.97,18670,35958351.0,3.43,0.52,0.1,1.88,0.6600000000000001
2013-05-20,002583,19.34,20.46,20.94,19.09,36561,74154984.0,9.56,5.68,1.1,3.68,1.8500000000000014
2013-05-21,002583,20.41,20.71,20.83,20.02,19390,39403183.0,3.96,1.22,0.25,1.95,0.8099999999999987
2013-05-22,002583,20.47,19.86,20.94,19.81,34762,70344098.0,5.46,-4.1,-0.85,3.5,1.1300000000000026
2013-05-23,002583,19.85,20.66,21.04,19.79,23317,47784342.0,6.29,4.03,0.8,2.35,1.25
2013-05-24,002583,20.86,20.51,21.46,20.51,32864,68761291.0,4.6,-0.73,-0.15,3.31,0.9499999999999993
2013-05-27,002583,20.55,21.82,22.33,20.54,33885,73052096.0,8.73,6.39,1.31,3.41,1.7899999999999991
2013-05-28,002583,21.91,21.82,22.64,21.25,34655,76239161.0,6.37,0.0,0.0,3.49,1.3900000000000006
2013-05-29,002583,21.61,21.45,22.06,21.31,25931,55693924.0,3.44,-1.7,-0.37,2.61,0.75
2013-05-30,002583,21.47,21.81,22.41,21.46,27906,60676091.0,4.43,1.68,0.36,2.81,0.9499999999999993
2013-05-31,002583,21.81,21.59,22.06,21.4,12383,26766252.0,3.03,-1.01,-0.22,1.25,0.6600000000000001
2013-06-03,002583,21.32,20.77,21.93,20.43,22408,47048261.0,6.95,-3.8,-0.82,2.25,1.5
2013-06-04,002583,20.77,20.01,20.85,19.23,35342,70702937.0,7.8,-3.66,-0.76,3.55,1.620000000000001
2013-06-05,002583,20.1,20.44,20.56,20.09,22160,44729389.0,2.35,2.15,0.43,2.23,0.46999999999999886
2013-06-06,002583,20.3,20.08,20.67,19.99,19128,38673308.0,3.33,-1.76,-0.36,1.92,0.6800000000000033
2013-06-07,002583,20.1,20.24,20.45,19.92,10882,21877945.0,2.64,0.8,0.16,1.09,0.5299999999999976
2013-06-13,002583,19.91,20.56,20.69,19.64,17494,35261855.0,5.19,1.58,0.32,1.76,1.0500000000000007
2013-06-14,002583,20.62,21.07,21.46,20.62,18849,39634000.0,4.09,2.48,0.51,1.9,0.8399999999999999
2013-06-17,002583,20.99,21.39,21.7,20.89,25687,54586405.0,3.84,1.52,0.32,2.58,0.8099999999999987
2013-06-18,002583,21.36,20.57,21.69,20.4,15898,32934693.0,6.03,-3.83,-0.82,1.6,1.2900000000000027
2013-06-19,002583,20.57,20.42,20.74,20.14,15291,31097866.0,2.92,-0.73,-0.15,1.54,0.5999999999999979
2013-06-20,002583,20.46,19.94,20.61,19.71,12797,25814004.0,4.41,-2.35,-0.48,1.29,0.8999999999999986
2013-06-21,002583,20.01,20.14,20.45,19.74,15348,30755736.0,3.56,1.0,0.2,1.54,0.7100000000000009
2013-06-24,002583,19.95,19.51,20.31,18.91,17693,34532315.0,6.95,-3.13,-0.63,1.78,1.3999999999999986
2013-06-25,002583,19.34,20.39,20.61,17.86,23356,45047156.0,14.1,4.51,0.88,2.35,2.75
2013-06-26,002583,20.36,21.31,21.38,20.13,25443,52815559.0,6.13,4.51,0.92,2.56,1.25
2013-06-27,002583,21.31,20.57,21.41,20.51,18306,38203976.0,4.22,-3.47,-0.74,1.84,0.8999999999999986
2013-06-28,002583,20.45,19.61,20.67,19.31,21935,43465944.0,6.61,-4.67,-0.96,2.21,1.360000000000003
2013-07-01,002583,19.31,19.8,19.8,19.16,23065,44527938.0,3.26,0.97,0.19,2.3,0.6400000000000006
2013-07-02,002583,19.81,19.9,20.03,19.44,20037,39332839.0,2.98,0.51,0.1,2.0,0.5899999999999999
2013-07-03,002583,19.6,20.53,20.7,19.11,25088,49512369.0,7.99,3.17,0.63,2.5,1.5899999999999999
2013-07-04,002583,20.39,20.29,20.79,19.86,14975,30335730.0,4.53,-1.17,-0.24,1.49,0.9299999999999997
2013-07-05,002583,20.66,20.86,22.04,20.66,25153,53234447.0,6.8,2.81,0.57,2.51,1.379999999999999
2013-07-08,002583,20.81,21.17,21.61,20.61,20392,43171182.0,4.79,1.49,0.31,2.03,1.0
2013-07-09,002583,20.99,21.08,21.46,20.82,12209,25621240.0,3.02,-0.43,-0.09,1.22,0.6400000000000006
2013-07-10,002583,21.11,20.43,21.28,20.09,26630,53962615.0,5.65,-3.08,-0.65,2.65,1.1900000000000013
2013-07-11,002583,20.19,21.86,21.89,20.14,41904,88556078.0,8.57,7.0,1.43,4.17,1.75
2013-07-12,002583,21.76,21.52,21.97,21.35,27815,59873686.0,2.84,-1.56,-0.34,2.77,0.6199999999999974
2013-07-15,002583,21.52,22.4,22.48,21.31,33536,73475948.0,5.44,4.09,0.88,3.34,1.1700000000000017
2013-07-16,002583,22.28,22.62,22.86,21.99,26104,58323761.0,3.88,0.98,0.22,2.6,0.870000000000001
2013-07-17,002583,22.41,21.4,22.79,21.32,37463,81467281.0,6.5,-5.39,-1.22,3.73,1.4699999999999989
2013-07-18,002583,21.36,21.4,21.65,20.82,19188,40686294.0,3.88,0.0,0.0,1.91,0.8299999999999983
2013-07-19,002583,21.47,20.81,21.61,20.81,21581,45491558.0,3.74,-2.76,-0.59,2.15,0.8000000000000007
2013-07-22,002583,20.58,21.07,21.21,20.12,20908,43197398.0,5.24,1.25,0.26,2.08,1.0899999999999999
2013-07-23,002583,21.07,21.75,21.85,21.02,21341,45733718.0,3.94,3.23,0.68,2.13,0.8300000000000018
2013-07-24,002583,21.61,21.61,22.04,21.21,22520,48167827.0,3.82,-0.64,-0.14,2.24,0.8299999999999983
2013-07-25,002583,21.71,21.71,22.31,21.33,25184,54866752.0,4.53,0.46,0.1,2.51,0.9800000000000004
2013-07-26,002583,22.21,22.92,23.01,21.71,44914,99921492.0,5.99,5.57,1.21,4.47,1.3000000000000007
2013-07-29,002583,23.17,22.61,23.86,22.61,60435,140225685.0,5.45,-1.35,-0.31,6.02,1.25
2013-07-30,002583,22.22,20.99,22.62,20.51,50680,106992555.0,9.33,-7.16,-1.62,5.05,2.1099999999999994
2013-07-31,002583,20.91,20.85,21.41,20.76,20726,43348464.0,3.1,-0.67,-0.14,2.06,0.6499999999999986
2013-08-01,002583,20.8,21.53,21.88,20.8,21836,46649558.0,5.18,3.26,0.68,2.17,1.0799999999999983
2013-08-02,002583,21.66,21.82,22.29,21.62,21145,46187895.0,3.11,1.35,0.29,2.11,0.6699999999999982
2013-08-05,002583,21.78,21.9,22.09,21.45,15589,33890053.0,2.93,0.37,0.08,1.55,0.6400000000000006
2013-08-06,002583,22.0,22.1,22.27,21.76,13752,30055407.0,2.33,0.91,0.2,1.37,0.509999999999998
2013-08-07,002583,22.21,21.48,22.53,21.45,22136,48203136.0,4.89,-2.81,-0.62,2.2,1.0800000000000018
2013-08-08,002583,21.42,22.41,22.41,21.22,26501,57698668.0,5.54,4.33,0.93,2.64,1.1900000000000013
2013-08-09,002583,22.62,22.14,22.76,21.75,19700,43415775.0,4.51,-1.2,-0.27,1.96,1.0100000000000016
2013-08-12,002583,22.01,22.03,22.32,21.71,12726,27878656.0,2.76,-0.5,-0.11,1.27,0.6099999999999994
2013-08-13,002583,22.11,22.26,22.32,21.81,11037,24200792.0,2.32,1.04,0.23,1.1,0.5100000000000016
2013-08-14,002583,22.31,22.71,23.1,22.0,23532,52997285.0,4.94,2.02,0.45,2.34,1.1000000000000014
2013-08-15,002583,22.58,21.92,22.58,21.41,45899,99650364.0,5.15,-3.48,-0.79,4.57,1.1699999999999982
2013-08-16,002583,21.61,21.07,22.18,20.96,25921,55581025.0,5.57,-3.88,-0.85,2.58,1.2199999999999989
2013-08-19,002583,20.96,21.71,21.71,20.52,30656,64472761.0,5.65,3.04,0.64,3.05,1.1900000000000013
2013-08-20,002583,21.71,21.59,21.81,21.46,11882,25543732.0,1.61,-0.55,-0.12,1.18,0.34999999999999787
2013-08-21,002583,21.59,21.85,21.9,21.22,14595,31301286.0,3.15,1.2,0.26,1.45,0.6799999999999997
2013-08-22,002583,21.61,22.39,22.78,21.47,33951,75607270.0,6.0,2.47,0.54,3.38,1.3100000000000023
2013-08-23,002583,22.4,22.28,22.76,21.86,18319,40790208.0,4.02,-0.49,-0.11,1.82,0.9000000000000021
2013-08-26,002583,22.1,23.06,23.23,22.1,28001,64066749.0,5.07,3.5,0.78,2.79,1.129999999999999
2013-08-27,002583,22.96,23.73,23.85,22.93,28997,67689216.0,3.99,2.91,0.67,2.89,0.9200000000000017
2013-08-28,002583,23.46,22.91,24.29,22.91,31075,72640133.0,5.82,-3.46,-0.82,3.09,1.379999999999999
2013-08-29,002583,22.91,23.38,23.7,22.51,15919,36674221.0,5.19,2.05,0.47,1.59,1.1899999999999977
2013-08-30,002583,23.36,23.14,23.91,23.02,23808,55634479.0,3.81,-1.03,-0.24,2.37,0.8900000000000006
2013-09-02,002583,23.31,23.91,23.96,22.72,15718,36770977.0,5.36,3.33,0.77,1.57,1.240000000000002
2013-09-03,002583,23.69,24.68,25.01,23.69,31673,77099544.0,5.52,3.22,0.77,3.15,1.3200000000000003
2013-09-04,002583,24.58,24.72,24.86,24.23,15811,38627952.0,2.55,0.16,0.04,1.57,0.629999999999999
2013-09-05,002583,24.82,23.91,24.9,23.91,20473,49538936.0,4.0,-3.28,-0.81,2.04,0.9899999999999984
2013-09-06,002583,24.11,25.15,25.49,24.09,31563,78332310.0,5.86,5.19,1.24,3.14,1.3999999999999986
2013-09-09,002583,25.29,24.97,25.31,24.77,17296,43028059.0,2.15,-0.72,-0.18,1.72,0.5399999999999991
2013-09-10,002583,24.99,24.21,25.2,23.81,24490,59206235.0,5.57,-3.04,-0.76,2.44,1.3900000000000006
2013-09-11,002583,24.16,23.1,24.16,22.87,28360,65312908.0,5.33,-4.58,-1.11,2.82,1.2899999999999991
2013-09-12,002583,23.11,22.83,23.56,22.78,16969,39039098.0,3.38,-1.17,-0.27,1.69,0.7799999999999976
2013-09-13,002583,22.9,23.54,23.63,22.83,13778,31865516.0,3.5,3.11,0.71,1.37,0.8000000000000007
2013-09-16,002583,23.59,23.19,23.61,23.18,9204,21449490.0,1.83,-1.49,-0.35,0.92,0.4299999999999997
2013-09-17,002583,23.21,22.56,23.49,22.51,13869,31582081.0,4.23,-2.72,-0.63,1.38,0.9799999999999969
2013-09-18,002583,22.41,23.14,23.16,22.39,9014,20510721.0,3.41,2.57,0.58,0.9,0.7699999999999996
2013-09-23,002583,23.2,23.51,23.59,22.99,11212,26032111.0,2.59,1.6,0.37,1.12,0.6000000000000014
2013-09-24,002583,23.51,23.04,23.6,22.91,13581,31266319.0,2.93,-2.0,-0.47,1.35,0.6900000000000013
2013-09-25,002583,23.04,22.61,23.24,22.58,11960,27141898.0,2.86,-1.87,-0.43,1.19,0.6600000000000001
2013-09-26,002583,22.57,22.29,22.89,22.24,12612,28252812.0,2.87,-1.42,-0.32,1.26,0.6500000000000021
2013-09-27,002583,22.67,23.94,24.51,22.42,53906,128556969.0,9.38,7.4,1.65,5.37,2.09
2013-09-30,002583,23.74,23.61,24.01,23.41,13376,31533555.0,2.51,-1.38,-0.33,1.33,0.6000000000000014
2013-10-08,002583,23.68,24.61,24.75,23.26,22494,53564950.0,6.31,4.24,1.0,2.24,1.4899999999999984
2013-10-09,002583,24.15,24.57,24.75,24.11,14150,34428040.0,2.6,-0.16,-0.04,1.41,0.6400000000000006
2013-10-10,002583,24.42,23.55,24.42,22.91,30652,71927460.0,6.15,-4.15,-1.02,3.05,1.5100000000000016
2013-10-11,002583,23.48,23.3,23.66,22.91,15310,35435963.0,3.18,-1.06,-0.25,1.52,0.75
2013-10-14,002583,23.3,23.42,23.89,23.26,20213,47566496.0,2.7,0.52,0.12,2.01,0.629999999999999
2013-10-15,002583,23.41,23.17,23.65,22.97,11138,25710358.0,2.9,-1.07,-0.25,1.11,0.6799999999999997
2013-10-16,002583,23.26,22.28,23.29,22.02,18385,40901749.0,5.48,-3.84,-0.89,1.83,1.2699999999999996
2013-10-17,002583,22.32,21.76,22.58,21.71,14980,32815529.0,3.9,-2.33,-0.52,1.49,0.8699999999999974
2013-10-18,002583,21.75,21.56,22.07,21.36,12662,27313502.0,3.26,-0.92,-0.2,1.26,0.7100000000000009
2013-10-21,002583,21.72,22.67,22.96,21.49,19034,42476471.0,6.82,5.15,1.11,1.9,1.4700000000000024
2013-10-22,002583,22.59,21.5,22.59,21.41,21961,47607410.0,5.21,-5.16,-1.17,2.19,1.1799999999999997
2013-10-23,002583,21.5,20.37,21.61,19.81,19185,39442467.0,8.37,-5.26,-1.13,1.91,1.8000000000000007
2013-10-24,002583,20.41,20.39,20.76,20.19,13124,26731468.0,2.8,0.1,0.02,1.31,0.5700000000000003
2013-10-25,002583,20.79,20.4,20.86,19.89,14599,29498325.0,4.76,0.05,0.01,1.45,0.9699999999999989
2013-10-28,002583,20.23,20.5,20.69,20.13,7977,16161717.0,2.75,0.49,0.1,0.79,0.5600000000000023
2013-10-29,002583,20.52,20.5,20.66,19.46,13036,25863278.0,5.85,0.0,0.0,1.3,1.1999999999999993
2013-10-30,002583,20.22,20.74,20.77,20.12,8838,17981177.0,3.17,1.17,0.24,0.88,0.6499999999999986
2013-10-31,002583,20.63,20.5,20.66,20.24,6520,13234622.0,2.03,-1.16,-0.24,0.65,0.4200000000000017
2013-11-01,002583,20.33,20.44,20.6,20.29,9123,18518731.0,1.51,-0.29,-0.06,0.91,0.3100000000000023
2013-11-04,002583,20.39,19.76,20.51,19.39,21312,41870859.0,5.48,-3.33,-0.68,2.12,1.120000000000001
2013-11-05,002583,19.61,19.19,19.61,18.57,32698,61494518.0,5.26,-2.88,-0.57,3.26,1.0399999999999991
2013-11-06,002583,19.11,19.55,19.57,18.78,16493,31640597.0,4.12,1.88,0.36,1.64,0.7899999999999991
2013-11-07,002583,19.23,19.18,19.49,18.93,7830,14964745.0,2.86,-1.89,-0.37,0.78,0.5599999999999987
2013-11-08,002583,18.91,19.34,19.39,18.64,9629,18182013.0,3.91,0.83,0.16,0.96,0.75
2013-11-11,002583,19.19,19.35,19.58,19.02,6504,12513800.0,2.9,0.05,0.01,0.65,0.5599999999999987
2013-11-12,002583,19.31,19.5,19.53,19.01,9879,19058860.0,2.69,0.78,0.15,0.98,0.5199999999999996
2013-11-13,002583,19.61,19.43,19.73,19.18,9387,18137801.0,2.82,-0.36,-0.07,0.93,0.5500000000000007
2013-11-14,002583,19.14,19.64,19.91,19.14,14512,28266294.0,3.96,1.08,0.21,1.45,0.7699999999999996
2013-11-15,002583,19.64,20.31,20.61,19.64,29088,58305590.0,4.94,3.41,0.67,2.9,0.9699999999999989
2013-11-18,002583,20.3,21.39,21.61,20.11,37247,77917586.0,7.39,5.32,1.08,3.71,1.5
2013-11-19,002583,21.41,21.67,21.9,21.18,22056,47362677.0,3.37,1.31,0.28,2.2,0.7199999999999989
2013-11-20,002583,21.81,22.42,22.86,21.53,28074,62338844.0,6.14,3.46,0.75,2.8,1.3299999999999983
2013-11-21,002583,22.51,22.25,22.81,21.92,22041,48940711.0,3.97,-0.76,-0.17,2.2,0.889999999999997
2013-11-22,002583,22.24,22.78,22.78,22.03,16021,35889418.0,3.37,2.38,0.53,1.6,0.75
2013-11-25,002583,22.91,23.29,23.51,22.63,27994,64791222.0,3.86,2.24,0.51,2.79,0.8800000000000026
2013-11-26,002583,23.29,23.12,23.59,22.91,11644,26961080.0,2.92,-0.73,-0.17,1.16,0.6799999999999997
2013-11-27,002583,23.2,23.34,23.57,22.65,15569,35964878.0,3.98,0.95,0.22,1.55,0.9200000000000017
2013-11-28,002583,23.34,23.26,23.76,23.09,17289,40367039.0,2.87,-0.34,-0.08,1.72,0.6700000000000017
2013-11-29,002583,23.26,23.2,23.61,22.92,18078,41804434.0,2.97,-0.26,-0.06,1.8,0.6899999999999977
2013-12-02,002583,22.51,21.49,22.56,20.89,30822,66199068.0,7.2,-7.37,-1.71,3.07,1.6699999999999982
2013-12-03,002583,21.11,22.38,22.41,20.71,18099,38666602.0,7.91,4.14,0.89,1.8,1.6999999999999993
2013-12-04,002583,22.35,22.37,22.51,21.93,22006,48828581.0,2.59,-0.04,-0.01,2.19,0.5800000000000018
2013-12-05,002583,22.6,21.91,22.69,21.89,8343,18360810.0,3.58,-2.06,-0.46,0.83,0.8000000000000007
2013-12-06,002583,21.81,22.29,22.48,21.62,8611,18888306.0,3.93,1.73,0.38,0.86,0.8599999999999994
2013-12-09,002583,22.31,22.84,22.89,22.11,10595,23827709.0,3.5,2.47,0.55,1.06,0.7800000000000011
2013-12-10,002583,22.69,22.81,22.91,22.56,7988,18041657.0,1.53,-0.13,-0.03,0.8,0.3500000000000014
2013-12-11,002583,22.53,22.41,22.77,22.06,6259,13914482.0,3.11,-1.75,-0.4,0.62,0.7100000000000009
2013-12-12,002583,22.41,22.46,22.51,21.94,10136,22421556.0,2.54,0.22,0.05,1.01,0.5700000000000003
2013-12-13,002583,22.36,22.14,22.36,22.05,6053,13369407.0,1.38,-1.42,-0.32,0.6,0.3099999999999987
2013-12-16,002583,22.11,21.52,22.16,20.92,11774,25087915.0,5.6,-2.8,-0.62,1.17,1.2399999999999984
2013-12-17,002583,21.48,21.07,21.48,20.82,9954,20850186.0,3.07,-2.09,-0.45,0.99,0.6600000000000001
2013-12-18,002583,20.96,21.33,21.45,20.81,7861,16602951.0,3.04,1.23,0.26,0.78,0.6400000000000006
2013-12-19,002583,21.45,21.38,21.47,21.22,5032,10681821.0,1.17,0.23,0.05,0.5,0.25
2013-12-20,002583,21.31,21.21,21.41,21.01,4395,9260404.0,1.87,-0.8,-0.17,0.44,0.3999999999999986
2013-12-23,002583,21.02,21.69,21.7,20.99,6767,14472315.0,3.35,2.26,0.48,0.67,0.7100000000000009
2013-12-24,002583,21.76,22.11,22.33,21.76,14908,32783257.0,2.63,1.94,0.42,1.48,0.5699999999999967
2013-12-25,002583,22.11,22.4,22.46,21.97,12781,28240674.0,2.22,1.31,0.29,1.27,0.490000000000002
2013-12-26,002583,22.4,22.48,22.49,22.06,16977,37645780.0,1.92,0.36,0.08,1.69,0.4299999999999997
2013-12-27,002583,22.34,22.55,22.56,22.24,14435,32243090.0,1.42,0.31,0.07,1.44,0.3200000000000003
2013-12-30,002583,22.6,23.34,23.57,22.6,26148,60603068.0,4.3,3.5,0.79,2.6,0.9699999999999989
2013-12-31,002583,23.11,23.79,23.99,22.88,37473,87709928.0,4.76,1.93,0.45,3.69,1.1099999999999994
2014-01-02,002583,23.46,23.8,23.81,23.45,10940,25730342.0,1.51,0.04,0.01,1.08,0.35999999999999943
2014-01-03,002583,23.76,23.76,23.93,23.58,14956,35372296.0,1.47,-0.17,-0.04,1.47,0.3500000000000014
2014-01-06,002583,23.61,23.06,23.61,22.71,12972,29794807.0,3.79,-2.95,-0.7,1.28,0.8999999999999986
2014-01-07,002583,22.87,23.32,23.39,22.76,7801,17993176.0,2.73,1.13,0.26,0.77,0.629999999999999
2014-01-08,002583,23.18,23.41,23.58,23.18,9352,21791535.0,1.72,0.39,0.09,0.92,0.3999999999999986
2014-01-09,002583,23.49,22.89,23.6,22.62,13910,31775382.0,4.19,-2.22,-0.52,1.37,0.9800000000000004
2014-01-10,002583,22.8,22.66,22.96,22.41,7095,15939408.0,2.4,-1.0,-0.23,0.7,0.5500000000000007
2014-01-13,002583,22.66,22.27,22.96,21.88,7298,16303143.0,4.77,-1.72,-0.39,0.72,1.0800000000000018
2014-01-14,002583,22.26,22.76,22.76,21.82,13614,30450644.0,4.22,2.2,0.49,1.34,0.9400000000000013
2014-01-15,002583,22.76,22.89,23.01,22.46,8258,18712011.0,2.42,0.57,0.13,0.81,0.5500000000000007
2014-01-16,002583,22.83,23.07,23.3,22.7,10342,23660574.0,2.62,0.79,0.18,1.02,0.6000000000000014
2014-01-17,002583,24.61,24.01,25.37,23.61,47113,114175170.0,7.63,4.07,0.94,4.64,1.7600000000000016
2014-01-20,002583,23.71,23.44,24.44,23.26,26221,61776275.0,4.91,-2.37,-0.57,2.58,1.1799999999999997
2014-01-21,002583,23.11,23.3,23.66,22.69,18362,42403652.0,4.14,-0.6,-0.14,1.81,0.9699999999999989
2014-01-22,002583,23.35,24.21,24.26,23.35,23753,56405621.0,3.91,3.91,0.91,2.34,0.9100000000000001
2014-01-23,002583,24.21,24.2,24.29,23.92,19631,47189147.0,1.53,-0.04,-0.01,1.94,0.36999999999999744
2014-01-24,002583,24.01,24.18,24.26,23.81,19592,46891729.0,1.86,-0.08,-0.02,1.93,0.45000000000000284
2014-01-27,002583,24.11,25.07,25.34,24.01,39221,97234465.0,5.5,3.68,0.89,3.87,1.3299999999999983
2014-01-28,002583,26.22,25.11,27.0,24.85,55163,140677669.0,8.58,0.16,0.04,5.44,2.1499999999999986
2014-01-29,002583,25.29,26.78,27.28,24.86,53951,140061307.0,9.64,6.65,1.67,5.32,2.4200000000000017
2014-01-30,002583,26.55,27.11,27.23,26.51,34112,91427136.0,2.69,1.23,0.33,3.36,0.7199999999999989
2014-02-07,002583,27.02,27.55,28.41,26.66,32537,89261921.0,6.46,1.62,0.44,3.21,1.75
2014-02-10,002583,27.49,27.47,28.36,27.21,37818,104152139.0,4.17,-0.29,-0.08,3.73,1.1499999999999986
2014-02-11,002583,27.43,28.33,28.49,26.8,43777,121012713.0,6.15,3.13,0.86,4.32,1.6899999999999977
2014-02-12,002583,28.16,28.32,28.58,27.77,25515,71535596.0,2.86,-0.04,-0.01,2.52,0.8099999999999987
2014-02-13,002583,28.09,26.99,28.09,26.79,30484,82995743.0,4.59,-4.7,-1.33,3.01,1.3000000000000007
2014-02-14,002583,26.82,27.3,27.61,26.74,29000,78285141.0,3.22,1.15,0.31,2.86,0.870000000000001
2014-02-17,002583,28.21,27.91,28.36,27.2,24657,68232275.0,4.25,2.23,0.61,2.43,1.1600000000000001
2014-02-18,002583,27.98,27.94,28.08,27.32,19289,53225886.0,2.72,0.11,0.03,1.9,0.759999999999998
2014-02-19,002583,27.89,30.07,30.66,27.77,61627,181332878.0,10.34,7.62,2.13,6.08,2.8900000000000006
2014-02-20,002583,29.71,29.21,30.58,28.96,31708,94203804.0,5.39,-2.86,-0.86,3.13,1.6199999999999974
2014-02-21,002583,28.99,29.36,30.8,28.91,24187,72025588.0,6.47,0.51,0.15,2.38,1.8900000000000006
2014-02-24,002583,29.31,30.31,30.41,28.91,17662,52498578.0,5.11,3.24,0.95,1.74,1.5
2014-02-25,002583,30.31,29.62,31.91,29.16,55210,169938184.0,9.07,-2.28,-0.69,5.44,2.75
2014-02-26,002583,29.64,28.85,30.56,28.01,30965,88952575.0,8.61,-2.6,-0.77,3.05,2.549999999999997
2014-02-27,002583,29.01,28.71,30.21,28.37,24915,72348994.0,6.38,-0.49,-0.14,2.46,1.8399999999999999
2014-02-28,002583,28.77,27.91,29.71,26.9,34874,96703765.0,9.79,-2.79,-0.8,3.44,2.8100000000000023
2014-03-03,002583,29.11,29.11,29.31,28.41,23304,67390492.0,3.22,4.3,1.2,2.3,0.8999999999999986
2014-03-04,002583,29.14,30.65,30.66,28.77,32354,96856834.0,6.49,5.29,1.54,3.19,1.8900000000000006
2014-03-05,002583,31.42,31.0,31.79,30.11,27447,84853583.0,5.48,1.14,0.35,2.71,1.6799999999999997
2014-03-06,002583,30.99,30.93,31.35,30.14,16437,50321354.0,3.9,-0.23,-0.07,1.62,1.2100000000000009
2014-03-07,002583,31.01,29.71,31.45,29.71,22996,69444494.0,5.63,-3.94,-1.22,2.27,1.7399999999999984
2014-03-10,002583,29.31,27.39,29.31,27.39,29411,82483378.0,6.46,-7.81,-2.32,2.9,1.9199999999999982
2014-03-11,002583,27.39,27.51,27.91,26.73,18736,51092852.0,4.31,0.44,0.12,1.85,1.1799999999999997
2014-03-12,002583,27.41,27.42,28.09,26.79,15724,42956589.0,4.73,-0.33,-0.09,1.55,1.3000000000000007
2014-03-13,002583,27.61,28.17,28.19,27.32,10252,28308681.0,3.17,2.74,0.75,1.01,0.870000000000001
2014-03-14,002583,27.86,27.59,28.07,27.34,10189,28167480.0,2.59,-2.06,-0.58,1.0,0.7300000000000004
2014-03-17,002583,27.86,29.21,29.56,27.75,17528,50377033.0,6.56,5.87,1.62,1.73,1.8099999999999987
2014-03-18,002583,29.41,28.88,29.56,28.77,11186,32325556.0,2.7,-1.13,-0.33,1.1,0.7899999999999991
2014-03-19,002583,28.81,29.61,30.07,28.11,32577,95274010.0,6.79,2.53,0.73,3.21,1.9600000000000009
2014-03-20,002583,29.93,30.11,32.27,29.93,43356,133845344.0,7.9,1.69,0.5,4.27,2.3400000000000034
2014-03-21,002583,30.11,30.16,30.6,28.91,27396,80676700.0,5.61,0.17,0.05,2.7,1.6900000000000013
2014-03-24,002583,29.86,31.2,31.89,29.81,29178,90955323.0,6.9,3.45,1.04,2.88,2.080000000000002
2014-03-25,002583,30.9,29.99,31.02,29.74,17869,53960157.0,4.1,-3.88,-1.21,1.76,1.2800000000000011
2014-03-26,002583,30.09,29.61,30.4,29.46,15272,45260470.0,3.13,-1.27,-0.38,1.51,0.9399999999999977
2014-03-27,002583,29.71,28.8,29.71,28.69,14871,43102882.0,3.44,-2.74,-0.81,1.47,1.0199999999999996
2014-03-28,002583,28.7,28.34,29.31,28.32,13070,37482242.0,3.44,-1.6,-0.46,1.29,0.9899999999999984
2014-03-31,002583,25.61,26.09,27.97,25.52,60337,156551120.0,8.65,-7.94,-2.25,5.95,2.4499999999999993
2014-04-01,002583,26.07,26.11,26.11,25.14,29556,75361842.0,3.72,0.08,0.02,2.91,0.9699999999999989
2014-04-02,002583,26.18,26.69,27.11,26.06,19466,51798596.0,4.02,2.22,0.58,1.92,1.0500000000000007
2014-04-03,002583,26.11,26.51,27.31,26.11,15441,41099355.0,4.5,-0.67,-0.18,1.52,1.1999999999999993
2014-04-04,002583,26.84,26.81,26.86,26.51,11210,29862437.0,1.32,1.13,0.3,1.11,0.34999999999999787
2014-04-08,002583,26.81,27.62,27.69,26.32,18473,49888386.0,5.11,3.02,0.81,1.82,1.370000000000001
2014-04-09,002583,27.66,29.02,29.33,27.66,24812,70662478.0,6.05,5.07,1.4,2.45,1.6699999999999982
2014-04-10,002583,29.61,29.02,30.0,29.01,22551,66345548.0,3.41,0.0,0.0,2.22,0.9899999999999984
2014-04-11,002583,28.91,29.47,29.91,28.91,17619,51533408.0,3.45,1.55,0.45,1.74,1.0
2014-04-14,002583,29.58,29.68,30.37,29.47,11814,35080753.0,3.05,0.71,0.21,1.16,0.9000000000000021
2014-04-15,002583,29.53,28.83,29.53,28.82,11483,33204886.0,2.39,-2.86,-0.85,1.13,0.7100000000000009
2014-04-16,002583,28.82,28.98,29.2,28.71,5622,16218638.0,1.7,0.52,0.15,0.55,0.48999999999999844
2014-04-17,002583,29.09,29.17,29.59,29.09,6388,18629642.0,1.73,0.66,0.19,0.63,0.5
2014-04-18,002583,29.01,29.25,29.46,28.88,5422,15731183.0,1.99,0.27,0.08,0.53,0.5800000000000018
2014-04-21,002583,28.91,28.42,29.3,28.42,11307,32594172.0,3.01,-2.84,-0.83,1.11,0.879999999999999
2014-04-22,002583,28.11,27.01,28.55,26.62,18119,49449123.0,6.79,-4.96,-1.41,1.79,1.9299999999999997
2014-04-23,002583,26.81,27.11,27.71,26.71,10175,27647302.0,3.7,0.37,0.1,1.0,1.0
2014-04-24,002583,27.36,26.12,27.36,25.82,20621,54091931.0,5.68,-3.65,-0.99,2.03,1.5399999999999991
2014-04-25,002583,25.61,25.84,26.06,25.36,12491,31963473.0,2.68,-1.07,-0.28,1.23,0.6999999999999993
2014-04-28,002583,25.86,23.97,25.94,23.61,20840,50658339.0,9.02,-7.24,-1.87,2.05,2.330000000000002
2014-04-29,002583,24.02,24.09,24.5,23.64,6807,16312466.0,3.59,0.5,0.12,0.67,0.8599999999999994
2014-04-30,002583,24.09,24.14,24.39,23.91,6415,15429429.0,1.99,0.21,0.05,0.63,0.4800000000000004
2014-05-05,002583,24.4,25.38,25.5,24.4,9271,23145380.0,4.56,5.14,1.24,0.91,1.1000000000000014
2014-05-06,002583,25.58,25.71,26.2,25.14,11588,29917437.0,4.18,1.3,0.33,1.14,1.0599999999999987
2014-05-07,002583,25.73,24.63,26.07,24.63,10060,25177763.0,5.6,-4.2,-1.08,0.99,1.4400000000000013
2014-05-08,002583,24.61,24.01,24.88,23.97,12816,30982017.0,3.69,-2.52,-0.62,1.26,0.9100000000000001
2014-05-09,002583,24.1,23.71,24.1,23.41,7268,17158170.0,2.87,-1.25,-0.3,0.72,0.6900000000000013
2014-05-12,002583,23.91,24.56,24.71,23.91,10830,26195273.0,3.37,3.58,0.85,1.07,0.8000000000000007
2014-05-13,002583,24.6,24.41,24.76,24.27,4293,10441940.0,2.0,-0.61,-0.15,0.42,0.490000000000002
2014-05-14,002583,24.6,24.71,24.93,24.18,6281,15378153.0,3.07,1.23,0.3,0.62,0.75
2014-05-15,002583,24.71,23.91,24.78,22.77,9955,23760968.0,8.13,-3.24,-0.8,0.98,2.0100000000000016
2014-05-16,002583,23.91,23.1,23.91,22.83,13079,30094600.0,4.52,-3.39,-0.81,1.29,1.0800000000000018
2014-05-19,002583,23.1,23.09,23.26,22.71,4980,11401090.0,2.38,-0.04,-0.01,0.49,0.5500000000000007
2014-05-20,002583,23.08,22.11,23.7,22.01,22058,49697862.0,7.32,-4.24,-0.98,2.17,1.6899999999999977
2014-05-21,002583,22.13,23.07,23.11,22.02,12721,28802438.0,4.93,4.34,0.96,1.25,1.0899999999999999
2014-05-22,002583,23.33,24.38,24.81,23.31,28725,69030459.0,6.5,5.68,1.31,2.83,1.5
2014-05-23,002583,24.5,24.45,24.55,23.81,24492,58605671.0,3.04,0.29,0.07,2.41,0.740000000000002
2014-05-26,002583,24.51,25.01,25.49,24.51,26426,65648534.0,4.01,2.29,0.56,2.61,0.9799999999999969
2014-05-27,002583,25.09,25.38,25.67,24.99,25970,65495053.0,2.72,1.48,0.37,1.77,0.6800000000000033
2014-05-28,002583,25.19,25.14,25.36,24.43,21446,53185654.0,3.66,-0.95,-0.24,1.46,0.9299999999999997
2014-05-29,002583,25.14,25.2,25.94,25.01,22490,57047561.0,3.7,0.24,0.06,1.53,0.9299999999999997
2014-05-30,002583,25.2,25.53,25.64,25.12,13769,34751141.0,2.06,1.31,0.33,0.94,0.5199999999999996
2014-06-03,002583,25.54,25.12,26.14,25.07,14388,36432495.0,4.19,-1.61,-0.41,0.98,1.0700000000000003
2014-06-04,002583,25.09,25.07,25.33,24.69,9276,22972841.0,2.55,-0.2,-0.05,0.63,0.639999999999997
2014-06-05,002583,25.07,25.64,25.64,24.86,10413,26241836.0,3.11,2.27,0.57,0.71,0.7800000000000011
2014-06-06,002583,25.64,25.39,25.67,24.72,9038,22539521.0,3.71,-0.98,-0.25,0.62,0.9500000000000028
2014-06-09,002583,25.19,24.82,25.39,24.74,7819,19433242.0,2.56,-2.24,-0.57,0.53,0.6500000000000021
2014-06-10,002583,24.97,25.08,25.27,24.62,16308,40371591.0,2.62,1.05,0.26,1.11,0.6499999999999986
2014-06-11,002583,25.18,25.47,25.55,24.99,10817,27164335.0,2.23,1.56,0.39,0.74,0.5600000000000023
2014-06-12,002583,25.47,25.22,25.47,24.96,10588,26335630.0,2.0,-0.98,-0.25,0.72,0.509999999999998
2014-06-13,002583,25.01,25.55,25.69,24.82,13881,34940629.0,3.45,1.31,0.33,0.95,0.870000000000001
2014-06-16,002583,25.69,26.64,26.98,25.67,37972,99868610.0,5.13,4.27,1.09,2.59,1.3099999999999987
2014-06-17,002583,26.69,26.59,27.34,26.54,35715,95594714.0,3.0,-0.19,-0.05,2.44,0.8000000000000007
2014-06-18,002583,26.59,26.47,26.88,26.37,10549,27814727.0,1.92,-0.45,-0.12,0.72,0.509999999999998
2014-06-19,002583,27.09,26.13,27.69,25.9,27196,72536861.0,6.76,-1.28,-0.34,1.86,1.7900000000000027
2014-06-20,002583,25.89,26.57,26.72,25.81,10663,27992203.0,3.48,1.68,0.44,0.73,0.9100000000000001
2014-06-23,002583,26.6,26.91,27.37,26.49,11437,30610003.0,3.31,1.28,0.34,0.78,0.8800000000000026
2014-06-24,002583,27.18,27.24,27.33,26.79,10206,27491569.0,2.01,1.23,0.33,0.7,0.5399999999999991
2014-06-25,002583,28.14,27.59,28.14,27.27,23550,64461617.0,3.19,1.28,0.35,1.61,0.870000000000001
2014-06-26,002583,27.5,27.51,27.96,27.44,16174,44299225.0,1.88,-0.29,-0.08,1.1,0.5199999999999996
2014-06-27,002583,27.51,27.5,27.78,27.19,11090,30279005.0,2.14,-0.04,-0.01,0.76,0.5899999999999999
2014-06-30,002583,27.5,27.45,27.6,27.0,17688,47813502.0,2.18,-0.18,-0.05,1.21,0.6000000000000014
2014-07-01,002583,27.47,26.71,27.49,26.5,19764,52811141.0,3.61,-2.7,-0.74,1.35,0.9899999999999984
2014-07-02,002583,26.69,26.69,26.91,26.48,21366,56551076.0,1.61,-0.07,-0.02,1.46,0.4299999999999997
2014-07-03,002583,26.73,27.09,27.09,26.29,22322,59196280.0,3.0,1.5,0.4,1.52,0.8000000000000007
2014-07-04,002583,27.02,26.87,27.31,26.79,9938,26617823.0,1.92,-0.81,-0.22,0.68,0.5199999999999996
2014-07-07,002583,26.69,26.36,26.87,26.2,15057,39560038.0,2.49,-1.9,-0.51,1.03,0.6700000000000017
2014-07-08,002583,26.3,26.74,26.79,25.89,18588,48569335.0,3.41,1.44,0.38,1.27,0.8999999999999986
2014-07-09,002583,26.69,26.99,27.31,26.59,20087,53802808.0,2.69,0.93,0.25,1.37,0.7199999999999989
2014-07-10,002583,29.67,29.67,29.67,29.41,217540,641264320.0,0.96,9.93,2.68,14.85,0.26000000000000156
2014-07-11,002583,29.66,28.54,29.66,28.06,145218,411635328.0,5.39,-3.81,-1.13,9.91,1.6000000000000014
2014-07-14,002583,28.05,28.3,28.76,27.87,60526,171192956.0,3.12,-0.84,-0.24,4.13,0.8900000000000006
2014-07-15,002583,28.22,28.04,28.64,27.62,53285,148205235.0,3.6,-0.92,-0.26,3.64,1.0199999999999996
2014-07-16,002583,27.89,26.7,28.18,26.39,53270,143629277.0,6.38,-4.78,-1.34,3.64,1.7899999999999991
2014-07-17,002583,26.85,26.36,26.85,26.3,23668,62286121.0,2.06,-1.27,-0.34,1.62,0.5500000000000007
2014-07-18,002583,26.34,26.57,26.65,26.07,19789,51926229.0,2.2,0.8,0.21,1.35,0.5799999999999983
2014-07-21,002583,26.87,26.55,27.15,26.54,23841,63493570.0,2.3,-0.08,-0.02,1.63,0.6099999999999994
2014-07-22,002583,26.49,27.01,27.03,26.19,20883,55298740.0,3.16,1.73,0.46,1.43,0.8399999999999999
2014-07-23,002583,27.01,26.64,27.01,26.19,25814,68042927.0,3.04,-1.37,-0.37,1.76,0.8200000000000003
2014-07-24,002583,26.54,26.84,27.07,26.29,20110,53354906.0,2.93,0.75,0.2,1.37,0.7800000000000011
2014-07-25,002583,26.81,26.79,27.14,26.7,12085,32175408.0,1.64,-0.19,-0.05,0.82,0.4400000000000013
2014-07-28,002583,26.84,26.68,26.92,26.59,32658,86782394.0,1.23,-0.41,-0.11,2.23,0.33000000000000185
2014-07-29,002583,26.71,26.76,27.16,26.67,33607,89812409.0,1.84,0.3,0.08,2.29,0.48999999999999844
2014-07-30,002583,26.75,27.1,27.15,26.74,23158,62049126.0,1.53,1.27,0.34,1.58,0.41000000000000014
2014-07-31,002583,26.99,27.39,27.43,26.92,27416,74163112.0,1.88,1.07,0.29,1.87,0.509999999999998
2014-08-01,002583,27.34,26.41,27.36,26.29,37690,100662370.0,3.91,-3.58,-0.98,2.57,1.0700000000000003
2014-08-04,002583,26.29,26.43,26.58,26.2,44345,116049871.0,1.44,0.08,0.02,3.03,0.379999999999999
2014-08-05,002583,26.46,26.62,26.66,26.27,36570,96051283.0,1.48,0.72,0.19,2.5,0.39000000000000057
2014-08-06,002583,26.59,26.52,26.63,26.37,27933,73410490.0,0.98,-0.38,-0.1,1.91,0.259999999999998
2014-08-07,002583,26.52,26.29,26.68,26.07,28670,74913830.0,2.3,-0.87,-0.23,1.96,0.6099999999999994
2014-08-08,002583,26.34,26.49,26.56,26.21,14043,36815346.0,1.33,0.76,0.2,0.96,0.34999999999999787
2014-08-11,002583,26.41,26.92,26.96,26.37,31104,82349257.0,2.23,1.62,0.43,2.12,0.5899999999999999
2014-08-12,002583,27.17,27.91,28.08,26.99,54515,150135816.0,4.05,3.68,0.99,3.72,1.0899999999999999
2014-08-13,002583,27.89,27.87,27.97,27.24,27104,74524830.0,2.62,-0.14,-0.04,1.85,0.7300000000000004
2014-08-14,002583,27.9,27.46,28.13,27.4,27093,74668702.0,2.62,-1.47,-0.41,1.85,0.7300000000000004
2014-08-15,002583,27.46,27.66,27.7,27.04,24117,65815007.0,2.4,0.73,0.2,1.65,0.6600000000000001
2014-08-18,002583,27.19,27.54,27.6,26.99,53042,143377455.0,2.21,-0.43,-0.12,3.62,0.610000000000003
2014-08-19,002583,27.54,27.39,27.74,27.16,28968,78517060.0,2.11,-0.54,-0.15,1.98,0.5799999999999983
2014-08-20,002583,27.24,27.2,27.34,27.04,29579,79819217.0,1.1,-0.69,-0.19,2.02,0.3000000000000007
2014-08-21,002583,27.2,27.81,27.85,27.07,46086,125723605.0,2.87,2.24,0.61,3.15,0.7800000000000011
2014-08-22,002583,27.69,27.79,28.01,27.55,32782,90350398.0,1.65,-0.07,-0.02,2.24,0.46000000000000085
2014-08-25,002583,27.88,27.26,27.88,27.24,21488,58611402.0,2.3,-1.91,-0.53,1.47,0.6400000000000006
2014-08-26,002583,27.2,26.21,27.29,25.96,43082,113618017.0,4.88,-3.85,-1.05,2.94,1.3299999999999983
2014-08-27,002583,26.08,26.1,26.47,25.99,20532,53324905.0,1.83,-0.42,-0.11,1.4,0.4800000000000004
2014-08-28,002583,26.12,26.31,26.44,25.7,21981,57251432.0,2.84,0.8,0.21,1.5,0.740000000000002
2014-08-29,002583,26.21,26.35,26.62,26.09,16908,44103680.0,2.01,0.15,0.04,1.15,0.5300000000000011
2014-09-01,002583,26.19,26.99,27.14,26.17,20838,55571797.0,3.68,2.43,0.64,1.42,0.9699999999999989
2014-09-02,002583,27.22,27.5,27.67,27.09,32033,87133082.0,2.15,1.89,0.51,2.19,0.5800000000000018
2014-09-03,002583,27.67,28.97,28.99,27.3,73836,206340600.0,6.15,5.35,1.47,5.04,1.6899999999999977
2014-09-04,002583,29.88,28.72,30.17,28.7,135513,395054256.0,5.07,-0.86,-0.25,9.14,1.4700000000000024
2014-09-05,002583,29.89,29.68,30.12,28.99,120472,353146864.0,3.93,3.34,0.96,8.13,1.1300000000000026
2014-09-09,002583,29.58,29.61,29.99,29.29,71773,211170950.0,2.36,-0.24,-0.07,4.84,0.6999999999999993
2014-09-10,002583,29.56,30.69,32.47,29.25,118108,362708544.0,10.87,3.65,1.08,7.97,3.219999999999999
2014-09-11,002583,30.97,30.47,31.01,29.91,76653,231695807.0,3.58,-0.72,-0.22,5.17,1.1000000000000014
2014-09-12,002583,30.64,31.44,31.69,30.46,128089,396680976.0,4.04,3.18,0.97,8.64,1.2300000000000004
2014-09-15,002583,31.69,31.32,32.64,30.87,343449,431816160.0,5.63,-0.38,-0.12,9.27,1.7699999999999996
2014-09-16,002583,31.19,29.24,31.59,29.22,353874,424064192.0,7.57,-6.64,-2.08,9.55,2.370000000000001
2014-09-17,002583,29.24,28.44,29.49,27.87,164878,186597703.0,5.54,-2.74,-0.8,4.45,1.6199999999999974
2014-09-18,002583,28.49,28.84,29.04,28.44,106139,121012768.0,2.11,1.41,0.4,2.86,0.5999999999999979
2014-09-19,002583,28.82,29.67,29.67,28.64,105372,122340281.0,3.57,2.88,0.83,2.84,1.0300000000000011
2014-09-22,002583,29.69,29.22,30.07,29.17,113020,132918410.0,3.03,-1.52,-0.45,3.05,0.8999999999999986
2014-09-23,002583,29.19,29.34,29.42,28.94,64800,75192419.0,1.64,0.41,0.12,1.75,0.4800000000000004
2014-09-24,002583,29.24,29.39,29.64,28.94,84902,98910289.0,2.39,0.17,0.05,2.29,0.6999999999999993
2014-09-25,002583,29.44,29.07,29.59,28.99,145151,168739395.0,2.04,-1.09,-0.32,3.92,0.6000000000000014
2014-09-26,002583,29.07,28.87,29.14,28.72,82446,94637578.0,1.44,-0.69,-0.2,2.22,0.4200000000000017
2014-09-29,002583,28.97,29.74,29.74,28.92,118971,138925840.0,2.84,3.01,0.87,3.21,0.8199999999999967
2014-09-30,002583,29.79,30.82,31.07,29.54,199031,241251897.0,5.14,3.63,1.08,5.37,1.5300000000000011
2014-10-08,002583,31.17,30.82,31.42,30.37,160510,197068686.0,3.41,0.0,0.0,4.33,1.0500000000000007
2014-10-09,002583,30.87,30.49,31.09,30.19,153996,186745410.0,2.92,-1.07,-0.33,4.16,0.8999999999999986
2014-10-10,002583,30.39,31.07,31.07,29.94,173320,211297505.0,3.71,1.9,0.58,4.68,1.129999999999999
2014-10-13,002583,30.84,30.79,30.94,30.34,99292,120853877.0,1.93,-0.9,-0.28,2.68,0.6000000000000014
2014-10-14,002583,30.79,30.29,30.87,30.19,98290,118920067.0,2.21,-1.62,-0.5,2.65,0.6799999999999997
2014-10-15,002583,30.09,29.67,30.24,29.19,104511,123026196.0,3.47,-2.05,-0.62,2.82,1.0499999999999972
2014-10-16,002583,29.44,29.17,29.62,29.12,81284,94742995.0,1.69,-1.69,-0.5,2.19,0.5
2014-10-17,002583,29.04,28.67,29.39,28.02,75467,86039986.0,4.7,-1.71,-0.5,2.04,1.370000000000001
2014-10-20,002583,28.57,28.69,29.02,28.49,65572,74807214.0,1.85,0.07,0.02,1.77,0.5300000000000011
2014-10-21,002583,28.79,28.87,29.14,28.69,48416,55527243.0,1.57,0.63,0.18,1.31,0.4499999999999993
2014-10-22,002583,28.94,28.24,29.14,28.24,48726,55549794.0,3.12,-2.18,-0.63,1.31,0.9000000000000021
2014-10-23,002583,28.32,27.77,28.67,27.67,64414,71404354.0,3.54,-1.66,-0.47,1.74,1.0
2014-10-24,002583,27.89,27.94,28.17,27.72,41529,46092577.0,1.62,0.61,0.17,1.12,0.45000000000000284
2014-10-27,002583,28.07,28.69,28.94,27.79,82045,92396953.0,4.12,2.68,0.75,2.21,1.1500000000000021
2014-10-28,002583,28.87,28.94,29.07,28.62,85721,98366723.0,1.57,0.87,0.25,2.31,0.4499999999999993
2014-10-29,002583,28.94,29.19,29.69,28.92,135324,157747756.0,2.66,0.86,0.25,3.65,0.7699999999999996
2014-10-30,002583,28.84,28.72,28.94,28.54,106919,122042782.0,1.37,-1.61,-0.47,2.89,0.40000000000000213
2014-10-31,002583,28.72,28.49,28.79,28.27,61988,70017588.0,1.81,-0.8,-0.23,1.67,0.5199999999999996
2014-11-03,002583,28.52,28.29,28.67,28.22,80460,90843570.0,1.58,-0.7,-0.2,2.17,0.45000000000000284
2014-11-04,002583,28.32,28.09,28.37,27.77,80925,90137191.0,2.12,-0.71,-0.2,2.18,0.6000000000000014
2014-11-05,002583,28.02,28.24,28.54,27.77,58386,65288273.0,2.74,0.53,0.15,1.58,0.7699999999999996
2014-11-06,002583,28.37,28.07,28.37,27.84,43912,48927175.0,1.88,-0.6,-0.17,1.18,0.5300000000000011
2014-11-07,002583,28.07,27.97,28.27,27.94,59841,66776740.0,1.18,-0.36,-0.1,1.61,0.3299999999999983
2014-11-10,002583,27.89,27.82,28.09,27.69,83032,91796876.0,1.43,-0.54,-0.15,2.24,0.3999999999999986
2014-11-11,002583,27.84,26.42,27.84,26.12,125601,134395409.0,6.18,-5.03,-1.4,3.39,1.7199999999999989
2014-11-12,002583,26.34,26.64,26.67,26.24,50132,52770124.0,1.63,0.83,0.22,1.35,0.43000000000000327
2014-11-13,002583,26.64,25.59,26.74,25.47,87566,89619750.0,4.77,-3.94,-1.05,2.36,1.2699999999999996
2014-11-14,002583,25.52,25.77,25.82,25.34,53386,54024927.0,1.88,0.7,0.18,1.44,0.4800000000000004
2014-11-17,002583,25.64,25.74,25.94,25.47,54083,55325864.0,1.82,-0.12,-0.03,1.46,0.4700000000000024
2014-11-18,002583,25.72,25.67,25.77,25.49,36196,36869769.0,1.09,-0.27,-0.07,0.98,0.28000000000000114
2014-11-19,002583,25.84,26.99,27.19,25.59,109069,114816380.0,6.23,5.14,1.32,2.94,1.6000000000000014
2014-11-20,002583,27.04,26.69,27.14,26.62,62562,66746694.0,1.93,-1.11,-0.3,1.69,0.5199999999999996
2014-11-21,002583,26.77,26.57,26.92,26.34,57096,60201392.0,2.17,-0.45,-0.12,1.54,0.5800000000000018
2014-11-24,002583,26.72,26.29,26.94,26.24,80451,84431638.0,2.63,-1.05,-0.28,2.17,0.7000000000000028
2014-11-25,002583,26.34,26.59,26.79,26.24,66527,70258953.0,2.09,1.14,0.3,1.8,0.5500000000000007
2014-11-26,002583,26.59,26.52,26.69,26.39,66506,70040835.0,1.13,-0.26,-0.07,1.79,0.3000000000000007
2014-11-27,002583,26.52,26.84,26.97,26.44,96688,102569058.0,2.0,1.21,0.32,2.61,0.5299999999999976
2014-11-28,002583,26.89,26.27,26.92,26.19,99799,104946350.0,2.72,-2.12,-0.57,2.69,0.7300000000000004
2014-12-01,002583,26.19,25.69,26.19,25.52,82411,84187640.0,2.55,-2.21,-0.58,2.22,0.6700000000000017
2014-12-02,002583,25.64,26.09,26.42,25.59,62545,64963026.0,3.23,1.56,0.4,1.69,0.8300000000000018
2014-12-03,002583,26.42,26.59,26.92,26.09,122198,128729114.0,3.18,1.92,0.5,3.3,0.8300000000000018
2014-12-04,002583,26.87,29.24,29.24,26.82,218322,247888199.0,9.1,9.97,2.65,5.89,2.419999999999998
2014-12-05,002583,31.14,29.69,31.14,28.59,600202,717719584.0,8.72,1.54,0.45,16.2,2.5500000000000007
2014-12-08,002583,29.22,28.27,29.24,27.82,272580,306612240.0,4.78,-4.78,-1.42,7.36,1.4199999999999982
2014-12-09,002583,28.07,26.32,28.07,26.29,229631,247069474.0,6.3,-6.9,-1.95,6.2,1.7800000000000011
2014-12-10,002583,26.32,27.07,27.27,26.17,98666,104858093.0,4.18,2.85,0.75,2.66,1.0999999999999979
2014-12-11,002583,26.89,27.59,27.79,26.69,94740,103039745.0,4.06,1.92,0.52,2.56,1.0999999999999979
2014-12-12,002583,27.44,27.42,27.57,27.02,73482,79614043.0,1.99,-0.62,-0.17,1.98,0.5500000000000007
2014-12-15,002583,27.39,29.14,29.34,27.12,205858,235339841.0,8.1,6.27,1.72,5.56,2.219999999999999
2014-12-16,002583,29.39,28.52,29.49,28.39,116570,132782625.0,3.77,-2.13,-0.62,3.15,1.0999999999999979
2014-12-17,002583,28.24,28.37,28.94,28.09,105936,120011051.0,2.98,-0.53,-0.15,2.86,0.8500000000000014
2014-12-18,002583,28.02,27.87,28.29,27.74,86935,96632606.0,1.94,-1.76,-0.5,2.35,0.5500000000000007
2014-12-19,002583,27.87,26.92,28.04,26.69,98158,105770859.0,4.84,-3.41,-0.95,2.65,1.3499999999999979
2014-12-22,002583,26.62,24.84,26.64,24.69,147181,147756774.0,7.24,-7.73,-2.08,3.97,1.9499999999999993
2014-12-23,002583,24.89,25.22,25.69,24.89,66204,66641010.0,3.22,1.53,0.38,1.79,0.8000000000000007
2014-12-24,002583,25.37,25.64,25.69,25.27,51716,52393514.0,1.67,1.67,0.42,1.4,0.4200000000000017
2014-12-25,002583,25.77,26.24,26.79,25.77,54347,56639561.0,3.98,2.34,0.6,1.47,1.0199999999999996
2014-12-26,002583,26.27,25.87,26.37,25.74,49941,51300747.0,2.4,-1.41,-0.37,1.35,0.6300000000000026
2014-12-29,002583,25.72,25.37,25.72,25.17,62053,62421927.0,2.13,-1.93,-0.5,1.67,0.5499999999999972
2014-12-30,002583,25.32,24.94,25.37,24.77,49073,48717022.0,2.36,-1.69,-0.43,1.32,0.6000000000000014
2014-12-31,002583,24.89,25.42,25.69,24.84,38713,39008420.0,3.41,1.92,0.48,1.03,0.8500000000000014
2015-01-05,002583,25.54,25.52,25.79,25.09,45498,45890569.0,2.75,0.39,0.1,1.21,0.6999999999999993
2015-01-06,002583,25.47,25.84,25.89,25.12,71902,72786645.0,3.02,1.25,0.32,1.92,0.7699999999999996
2015-01-07,002583,25.69,25.52,25.82,25.34,54683,55336100.0,1.86,-1.24,-0.32,1.46,0.4800000000000004
2015-01-08,002583,25.49,25.57,25.62,25.32,47126,47618610.0,1.18,0.2,0.05,1.26,0.3000000000000007
2015-01-09,002583,25.57,25.37,25.64,25.37,40027,40543914.0,1.06,-0.78,-0.2,1.07,0.2699999999999996
2015-01-12,002583,25.19,24.84,25.19,24.82,51461,50969500.0,1.46,-2.09,-0.53,1.37,0.370000000000001
2015-01-13,002583,24.77,25.44,25.49,24.77,44280,44275014.0,2.9,2.42,0.6,1.18,0.7199999999999989
2015-01-14,002583,25.47,24.94,25.49,24.92,46785,46623154.0,2.24,-1.97,-0.5,1.25,0.5699999999999967
2015-01-15,002583,25.12,24.94,25.17,24.77,42554,42161307.0,1.6,0.0,0.0,1.14,0.40000000000000213
2015-01-16,002583,24.94,25.32,25.54,24.87,56745,56675545.0,2.69,1.52,0.38,1.52,0.6699999999999982
2015-01-19,002583,25.19,24.92,25.67,24.69,76804,76572964.0,3.87,-1.58,-0.4,2.05,0.9800000000000004
2015-01-20,002583,24.99,25.77,25.77,24.99,91662,92702739.0,3.13,3.41,0.85,2.45,0.7800000000000011
2015-01-21,002583,25.84,26.22,26.64,25.69,109603,114275600.0,3.69,1.75,0.45,2.93,0.9499999999999993
2015-01-22,002583,26.19,27.94,28.69,26.02,219296,240653406.0,10.18,6.56,1.72,5.86,2.6700000000000017
2015-01-23,002583,27.92,27.09,27.94,26.94,124144,135272584.0,3.58,-3.04,-0.85,3.31,1.0
2015-01-26,002583,27.07,28.02,28.17,26.99,116660,129001472.0,4.36,3.43,0.93,3.11,1.1800000000000033
2015-01-27,002583,28.12,27.92,28.37,27.02,115546,127371052.0,4.82,-0.36,-0.1,3.09,1.3500000000000014
2015-01-28,002583,28.02,28.37,28.92,27.74,138004,155057550.0,4.23,1.61,0.45,3.68,1.1800000000000033
2015-01-29,002583,28.14,28.64,29.39,27.92,183906,210757569.0,5.18,0.95,0.27,4.91,1.4699999999999989
2015-01-30,002583,28.82,27.99,29.07,27.97,89726,101054172.0,3.84,-2.27,-0.65,2.4,1.1000000000000014
2015-02-02,002583,27.69,27.77,28.19,27.19,67041,73808096.0,3.57,-0.79,-0.22,1.79,1.0
2015-02-03,002583,27.74,28.84,29.67,27.74,149488,171927294.0,6.95,3.85,1.07,3.99,1.9300000000000033
2015-02-04,002583,28.77,28.49,29.17,28.47,58362,66431444.0,2.43,-1.21,-0.35,1.56,0.7000000000000028
2015-02-05,002583,28.62,29.19,29.59,28.52,171719,199175908.0,3.76,2.46,0.7,4.58,1.0700000000000003
2015-02-06,002583,29.19,28.22,29.57,28.04,90747,103460680.0,5.24,-3.32,-0.97,2.42,1.5300000000000011
2015-02-09,002583,27.87,27.64,28.19,27.59,60994,67381737.0,2.13,-2.06,-0.58,1.63,0.6000000000000014
2015-02-10,002583,27.59,28.07,28.17,27.47,42233,46753974.0,2.53,1.56,0.43,1.13,0.7000000000000028
2015-02-11,002583,28.07,27.79,28.29,27.69,46735,51818166.0,2.14,-1.0,-0.28,1.25,0.5999999999999979
2015-02-12,002583,27.79,28.12,28.29,27.69,57629,64282124.0,2.16,1.19,0.33,1.54,0.5999999999999979
2015-02-13,002583,28.34,28.24,28.64,28.12,57562,64849952.0,1.85,0.43,0.12,1.54,0.5199999999999996
2015-02-16,002583,28.42,29.54,29.59,28.42,140375,162410285.0,4.14,4.6,1.3,3.75,1.1699999999999982
2015-02-17,002583,29.57,29.29,29.69,28.97,79226,91918547.0,2.44,-0.85,-0.25,2.12,0.7200000000000024
2015-02-25,002583,29.52,29.44,29.94,29.22,81660,95620674.0,2.46,0.51,0.15,2.18,0.7200000000000024
2015-02-26,002583,29.44,29.07,29.57,28.97,94580,109812473.0,2.04,-1.26,-0.37,2.53,0.6000000000000014
2015-02-27,002583,28.97,29.77,30.12,28.69,169526,198422405.0,4.92,2.41,0.7,4.53,1.4299999999999997
2015-03-02,002583,29.82,30.07,30.07,29.47,152870,180944205.0,2.02,1.01,0.3,4.08,0.6000000000000014
2015-03-03,002583,30.07,33.07,33.07,29.72,464632,596400160.0,11.14,9.98,3.0,12.41,3.3500000000000014
2015-03-04,002583,34.32,35.97,36.37,33.69,650014,909975216.0,8.1,8.77,2.9,17.36,2.6799999999999997
2015-03-05,002583,35.19,37.89,39.29,34.19,524910,759763392.0,14.18,5.34,1.92,14.01,5.100000000000001
2015-03-09,002583,40.27,37.44,41.44,37.39,471485,733160784.0,10.69,-1.19,-0.45,12.59,4.049999999999997
2015-03-10,002583,37.19,39.54,39.62,36.44,355834,541749120.0,8.49,5.61,2.1,9.5,3.1799999999999997
2015-03-11,002583,39.39,43.34,43.37,38.94,514829,854995072.0,11.2,9.61,3.8,13.75,4.43
2015-03-12,002583,43.34,41.39,43.97,40.02,418710,698762480.0,9.11,-4.5,-1.95,11.18,3.9499999999999957
2015-03-13,002583,41.67,40.39,41.69,39.59,244463,391895984.0,5.07,-2.42,-1.0,6.53,2.0999999999999943
2015-03-16,002583,40.37,40.74,41.49,39.89,304003,493861456.0,3.96,0.87,0.35,8.12,1.6000000000000014
2015-03-17,002583,40.44,42.22,42.67,39.94,411904,678846080.0,6.7,3.63,1.48,11.0,2.730000000000004
2015-03-18,002583,41.69,41.87,42.09,40.72,297523,491581664.0,3.24,-0.83,-0.35,7.94,1.3700000000000045
2015-03-19,002583,41.89,44.34,45.94,41.44,443551,774255904.0,10.75,5.9,2.47,11.84,4.5
2015-03-20,002583,43.92,43.62,45.22,42.94,280236,488725728.0,5.14,-1.62,-0.72,7.48,2.280000000000001
2015-03-23,002583,43.34,43.72,43.89,43.02,243236,421172112.0,1.99,0.23,0.1,6.49,0.8699999999999974
2015-03-24,002583,43.57,42.52,43.57,40.27,306158,516618544.0,7.55,-2.74,-1.2,8.17,3.299999999999997
2015-03-25,002583,41.99,44.67,45.64,40.94,421486,728115664.0,11.05,5.06,2.15,11.25,4.700000000000003
2015-03-26,002583,44.19,41.89,44.32,41.82,283531,484622688.0,5.6,-6.22,-2.78,7.57,2.5
2015-03-27,002583,41.44,42.02,42.74,41.27,136607,229323217.0,3.51,0.31,0.13,3.65,1.4699999999999989
2015-03-30,002583,41.34,42.17,43.19,40.72,199100,334489920.0,5.88,0.36,0.15,5.32,2.469999999999999
2015-03-31,002583,42.14,43.94,44.24,41.07,387484,666243248.0,7.52,4.2,1.77,10.35,3.1700000000000017
2015-04-01,002583,43.94,44.19,45.14,43.44,325561,572776592.0,3.87,0.57,0.25,8.69,1.7000000000000028
2015-04-02,002583,44.19,46.12,46.72,43.99,406230,739560928.0,6.18,4.37,1.93,10.85,2.729999999999997
2015-04-03,002583,45.79,45.62,47.19,45.22,297119,544743056.0,4.27,-1.08,-0.5,7.93,1.9699999999999989
2015-04-07,002583,45.62,46.19,46.44,44.52,307543,554143424.0,4.21,1.25,0.57,8.21,1.9199999999999946
2015-04-08,002583,46.27,44.24,46.42,43.39,284289,506065536.0,6.56,-4.22,-1.95,7.59,3.030000000000001
2015-04-09,002583,43.64,41.42,44.19,40.59,303529,505312784.0,8.14,-6.37,-2.82,8.1,3.5999999999999943
2015-04-10,002583,41.39,41.92,42.54,40.72,199639,332315216.0,4.39,1.21,0.5,5.33,1.8200000000000003
2015-04-13,002583,43.64,44.14,44.57,43.34,305922,535545248.0,2.93,5.3,2.22,8.17,1.2299999999999969
2015-04-14,002583,44.44,42.97,44.44,42.92,189831,327643056.0,3.44,-2.65,-1.17,5.07,1.519999999999996
2015-04-15,002583,43.02,40.67,43.17,40.64,199930,330501376.0,5.89,-5.35,-2.3,5.34,2.530000000000001
2015-04-16,002583,40.14,40.59,41.39,38.97,145018,233608019.0,5.95,-0.2,-0.08,3.87,2.4200000000000017
2015-04-17,002583,40.94,40.64,41.39,40.19,150302,243640618.0,2.96,0.12,0.05,4.01,1.2000000000000028
2015-04-20,002583,40.62,39.77,41.44,39.22,198819,318900080.0,5.46,-2.14,-0.87,5.31,2.219999999999999
2015-04-21,002583,39.84,41.22,41.34,39.82,138382,224434394.0,3.82,3.65,1.45,3.69,1.5200000000000031
2015-04-22,002583,43.94,45.09,45.19,43.32,414051,731501264.0,4.54,9.39,3.87,11.06,1.8699999999999974
2015-04-23,002583,45.19,44.59,45.89,44.29,270680,483087488.0,3.55,-1.11,-0.5,7.23,1.6000000000000014
2015-04-24,002583,43.97,47.69,48.87,43.19,502202,924378704.0,12.74,6.95,3.1,13.41,5.68
2015-04-27,002583,47.39,47.82,48.69,46.62,377612,719838336.0,4.34,0.27,0.13,10.08,2.0700000000000003
2015-04-28,002583,47.69,44.37,48.22,44.09,276489,503363072.0,8.64,-7.21,-3.45,7.38,4.1299999999999955
2015-04-29,002583,44.32,44.54,45.17,42.87,164963,290423472.0,5.18,0.38,0.17,4.4,2.3000000000000043
2015-04-30,002583,44.72,45.42,47.37,44.19,212171,385417488.0,7.14,1.98,0.88,5.66,3.1799999999999997
2015-05-04,002583,45.42,44.47,45.69,44.07,126460,224700350.0,3.57,-2.09,-0.95,3.38,1.6199999999999974
2015-05-05,002583,44.29,41.84,44.29,41.44,182654,310610544.0,6.41,-5.91,-2.63,4.88,2.8500000000000014
2015-05-06,002583,41.89,41.34,43.07,41.19,116488,195739758.0,4.49,-1.2,-0.5,3.11,1.8800000000000026
2015-05-07,002583,41.22,41.79,42.37,40.19,113181,186070293.0,5.27,1.09,0.45,3.02,2.1799999999999997
2015-05-08,002583,43.09,44.19,44.32,42.12,183043,315560032.0,5.26,5.74,2.4,4.89,2.200000000000003
2015-05-11,002583,44.42,45.84,46.62,44.42,236943,431194720.0,4.98,3.73,1.65,6.33,2.1999999999999957
2015-05-12,002583,45.77,49.57,50.17,44.89,443349,833704080.0,11.52,8.14,3.73,11.84,5.280000000000001
2015-05-13,002583,49.69,50.99,52.67,49.19,441741,894084960.0,7.02,2.86,1.42,11.79,3.480000000000004
2015-05-14,002583,50.99,50.17,51.69,49.69,252354,506206176.0,3.92,-1.61,-0.82,6.74,2.0
2015-05-15,002583,49.74,49.79,51.04,48.14,245115,482588400.0,5.78,-0.76,-0.38,6.54,2.8999999999999986
2015-05-18,002583,49.97,53.24,53.72,49.82,282475,583904416.0,7.83,6.93,3.45,7.54,3.8999999999999986
2015-05-19,002583,53.27,56.87,57.67,52.57,285537,617977184.0,9.58,6.82,3.63,7.62,5.100000000000001
2015-05-20,002583,56.64,55.24,58.54,55.19,300614,684541072.0,5.89,-2.87,-1.63,8.03,3.3500000000000014
2015-05-21,002583,55.19,57.34,58.44,54.44,212360,478678832.0,7.24,3.8,2.1,5.67,4.0
2015-05-22,002583,57.97,56.74,58.57,55.14,257399,581490576.0,5.98,-1.05,-0.6,6.87,3.4299999999999997
2015-05-25,002583,55.52,55.67,56.27,54.44,271271,599495616.0,3.23,-1.89,-1.07,7.21,1.8300000000000054
2015-05-26,002583,55.69,61.19,61.22,55.67,335224,788305392.0,9.97,9.92,5.52,8.91,5.549999999999997
2015-06-24,002583,62.74,60.12,66.49,55.79,547609,1322485936.0,17.49,-1.75,-1.07,14.56,10.699999999999996
2015-06-25,002583,58.24,54.14,58.89,54.14,341581,769201984.0,7.9,-9.95,-5.98,9.08,4.75
2015-06-26,002583,50.24,48.74,50.67,48.74,149331,292374448.0,3.56,-9.97,-5.4,3.97,1.9299999999999997
2015-06-29,002583,48.82,43.89,49.87,43.89,174223,312313040.0,12.27,-9.95,-4.85,4.63,5.979999999999997
2015-06-30,002583,40.29,44.42,45.94,39.52,297826,499479712.0,14.63,1.21,0.53,7.81,6.419999999999995
2015-07-01,002583,44.49,40.34,46.94,40.19,275357,487358432.0,15.2,-9.19,-4.08,7.22,6.75
2015-07-02,002583,41.49,36.34,41.94,36.34,210232,313884192.0,13.88,-9.92,-4.0,5.52,5.599999999999994
2015-07-03,002583,32.89,35.24,37.22,32.74,303136,409375104.0,12.33,-3.03,-1.1,7.95,4.479999999999997
2015-07-06,002583,38.74,32.44,38.74,31.74,266536,368205936.0,19.86,-7.95,-2.8,6.99,7.0000000000000036
2015-07-07,002583,31.99,29.22,31.99,29.22,240472,282535456.0,8.54,-9.93,-3.22,6.31,2.7699999999999996
2015-07-10,002583,32.12,32.12,32.12,31.52,85301,108738194.0,2.05,9.92,2.9,2.24,0.5999999999999979
2015-07-13,002583,35.32,35.32,35.32,35.32,11821,16584905.0,0.0,9.96,3.2,0.31,0.0
2015-07-14,002583,38.82,38.82,38.82,37.74,260130,400583472.0,3.06,9.91,3.5,6.82,1.0799999999999983
2015-07-15,002583,38.29,35.67,38.99,35.12,261566,385423872.0,9.97,-8.11,-3.15,6.86,3.8700000000000045
2015-07-16,002583,35.67,37.82,38.37,33.37,164598,242552031.0,14.02,6.03,2.15,4.32,5.0
2015-07-17,002583,38.14,40.52,40.87,37.82,209616,329538384.0,8.06,7.14,2.7,5.5,3.049999999999997
2015-07-20,002583,40.02,39.97,41.69,39.27,214672,344649040.0,5.97,-1.36,-0.55,5.63,2.4199999999999946
2015-07-21,002583,39.02,40.74,41.19,38.62,164019,262699963.0,6.43,1.93,0.77,4.3,2.5700000000000003
2015-07-22,002583,40.47,40.94,41.54,39.87,183457,296929408.0,4.1,0.49,0.2,4.81,1.6700000000000017
2015-07-23,002583,40.94,42.04,42.42,40.02,169475,280178048.0,5.86,2.69,1.1,4.45,2.3999999999999986
2015-07-24,002583,42.07,41.17,43.74,40.44,183038,308538752.0,7.85,-2.07,-0.87,4.8,3.3000000000000043
2015-07-27,002583,40.19,37.07,42.24,37.07,186614,291554144.0,12.56,-9.96,-4.1,4.9,5.170000000000002
2015-07-28,002583,34.04,34.67,37.74,33.49,172763,240921776.0,11.46,-6.47,-2.4,4.53,4.25
2015-07-29,002583,35.37,37.99,38.12,34.12,153967,219358966.0,11.54,9.58,3.32,4.04,4.0
2015-07-30,002583,37.42,38.04,40.87,37.24,175525,274175440.0,9.56,0.13,0.05,4.6,3.6299999999999955
2015-07-31,002583,37.84,39.29,40.74,37.84,196970,308518656.0,7.62,3.29,1.25,5.17,2.8999999999999986
2015-08-03,002583,38.37,36.69,39.74,35.99,137083,207660487.0,9.54,-6.62,-2.6,3.6,3.75
2015-08-04,002583,37.07,40.34,40.34,37.07,163117,254752960.0,8.91,9.95,3.65,4.28,3.270000000000003
2015-08-05,002583,41.12,42.74,42.74,40.37,214398,355514432.0,5.88,5.95,2.4,5.62,2.3700000000000045
2015-08-06,002583,41.74,43.97,45.24,41.24,183580,320881520.0,9.36,2.88,1.23,4.82,4.0
2015-08-07,002583,44.87,48.34,48.34,44.74,297917,560995904.0,8.19,9.94,4.37,7.82,3.6000000000000014
2015-08-10,002583,49.32,49.44,50.52,46.77,288913,558669968.0,7.76,2.28,1.1,7.58,3.75
2015-08-11,002583,48.49,47.74,48.94,46.99,217960,416076784.0,3.94,-3.44,-1.7,5.72,1.9499999999999957
2015-08-12,002583,47.24,49.07,50.47,46.24,226244,439280960.0,8.86,2.79,1.33,5.94,4.229999999999997
2015-08-13,002583,48.72,50.29,51.64,48.49,208867,415049696.0,6.42,2.49,1.22,5.48,3.1499999999999986
2015-08-14,002583,51.09,50.39,53.27,50.29,216205,446926800.0,5.93,0.2,0.1,5.67,2.980000000000004
2015-08-17,002583,49.24,53.04,53.34,49.24,181612,377737488.0,8.14,5.26,2.65,4.76,4.100000000000001
2015-08-18,002583,53.12,47.77,54.99,47.77,196359,397571376.0,13.61,-9.94,-5.27,5.15,7.219999999999999
2015-08-19,002583,45.99,48.49,49.39,43.02,304759,549830736.0,13.33,1.51,0.72,8.0,6.369999999999997
2015-08-20,002583,47.74,44.74,48.37,44.19,176066,325044160.0,8.62,-7.73,-3.75,4.62,4.18
2015-08-21,002583,42.82,40.29,44.54,40.29,209035,348022928.0,9.5,-9.95,-4.45,5.48,4.25
2015-08-24,002583,36.92,36.29,39.19,36.29,155001,224433701.0,7.2,-9.93,-4.0,4.07,2.8999999999999986
2015-08-25,002583,32.72,33.89,37.04,32.72,303470,410388368.0,11.9,-6.61,-2.4,7.96,4.32
2015-08-26,002583,34.77,35.99,37.27,33.74,256645,364784016.0,10.42,6.2,2.1,6.73,3.530000000000001
2015-08-27,002583,37.24,39.57,39.57,37.07,264358,413209712.0,6.95,9.95,3.58,6.94,2.5
2015-08-28,002583,41.97,42.92,43.07,39.99,254300,421287888.0,7.78,8.47,3.35,6.67,3.0799999999999983
2015-08-31,002583,43.84,42.72,45.74,42.69,207219,362507424.0,7.11,-0.47,-0.2,5.44,3.0500000000000043
2015-09-01,002583,41.67,38.47,41.67,38.47,144587,225857207.0,7.49,-9.95,-4.25,3.79,3.200000000000003
2015-09-02,002583,35.47,35.44,39.89,34.94,175566,255574810.0,12.87,-7.88,-3.03,4.61,4.950000000000003
2015-09-07,002583,36.87,38.52,38.97,36.04,143104,217060973.0,8.27,8.69,3.08,3.75,2.9299999999999997
2015-09-08,002583,37.82,42.14,42.24,37.74,129771,207133803.0,11.68,9.4,3.62,3.4,4.5
2015-09-09,002583,42.24,43.19,44.74,42.24,185103,319951840.0,5.93,2.49,1.05,4.85,2.5
2015-09-10,002583,42.37,41.99,44.04,41.82,122922,211313884.0,5.14,-2.78,-1.2,3.22,2.219999999999999
2015-09-11,002583,42.49,46.17,46.17,41.04,256956,451648048.0,12.22,9.95,4.18,6.73,5.130000000000003
2015-09-14,002583,46.44,41.57,46.94,41.57,250440,437647184.0,11.63,-9.96,-4.6,6.56,5.369999999999997
2015-09-15,002583,40.37,38.49,40.79,38.04,179063,280252528.0,6.62,-7.41,-3.08,4.69,2.75
2015-09-16,002583,39.19,42.32,42.32,38.72,157304,252197471.0,9.35,9.95,3.83,4.12,3.6000000000000014
2015-09-17,002583,42.19,42.24,45.37,41.49,204435,355863824.0,9.17,-0.19,-0.08,5.36,3.8799999999999955
2015-09-18,002583,43.24,45.14,45.74,43.24,207958,368973680.0,5.92,6.87,2.9,5.45,2.5
2015-09-21,002583,43.99,46.54,46.79,43.49,187131,338033664.0,7.31,3.1,1.4,4.9,3.299999999999997
2015-09-22,002583,45.97,45.42,47.29,45.14,147819,270294032.0,4.62,-2.41,-1.12,3.87,2.1499999999999986
2015-09-23,002583,44.69,46.99,47.99,44.27,192378,356553120.0,8.19,3.46,1.57,5.04,3.719999999999999
2015-09-24,002583,48.29,48.74,49.14,46.99,203104,388508432.0,4.58,3.72,1.75,5.32,2.1499999999999986
2015-09-25,002583,48.49,44.94,48.49,44.67,191100,352608656.0,7.84,-7.8,-3.8,5.0,3.8200000000000003
2015-09-28,002583,45.27,49.42,49.42,45.24,158270,297431376.0,9.3,9.97,4.48,4.15,4.18
2015-09-29,002583,48.62,46.99,50.12,46.99,167100,323426576.0,6.33,-4.92,-2.43,4.38,3.1299999999999955
2015-09-30,002583,46.61,45.18,49.58,44.24,318897,273659456.0,11.36,-3.85,-1.81,3.8,5.339999999999996
2015-10-08,002583,46.72,49.69,49.69,45.23,514868,449237200.0,9.87,9.98,4.51,6.13,4.460000000000001
2015-10-09,002583,49.74,49.74,51.39,48.7,511073,462334720.0,5.41,0.1,0.05,6.08,2.6899999999999977
2015-10-12,002583,50.02,51.5,54.2,50.02,560894,524860896.0,8.4,3.54,1.76,6.68,4.18
2015-10-13,002583,51.34,51.39,51.61,50.24,337706,310472688.0,2.66,-0.21,-0.11,4.02,1.3699999999999974
2015-10-14,002583,51.78,49.36,52.11,49.19,407307,370624656.0,5.68,-3.95,-2.03,4.85,2.9200000000000017
2015-10-15,002583,48.75,52.11,53.1,48.64,412604,378946608.0,9.04,5.57,2.75,4.91,4.460000000000001
2015-10-16,002583,52.49,52.11,53.7,50.73,393111,371287408.0,5.7,0.0,0.0,4.68,2.970000000000006
2015-10-19,002583,52.49,53.1,54.2,50.84,441423,416446144.0,6.45,1.9,0.99,5.26,3.3599999999999994
2015-10-20,002583,52.49,55.57,57.33,52.22,609053,605845136.0,9.62,4.65,2.47,7.25,5.109999999999999
2015-10-21,002583,55.24,50.18,55.74,50.02,601218,576145088.0,10.29,-9.7,-5.39,7.16,5.719999999999999
2015-10-22,002583,50.29,52.33,52.49,49.36,333805,309257744.0,6.24,4.28,2.15,3.97,3.1300000000000026
2015-10-23,002583,55.46,57.55,57.55,55.46,482810,498374688.0,3.99,9.98,5.22,5.75,2.0899999999999963
2015-10-26,002583,60.19,56.89,61.24,55.52,871862,917413280.0,9.94,-1.15,-0.66,10.38,5.719999999999999
2015-10-27,002583,56.12,60.41,60.85,54.42,647876,676181040.0,11.3,6.19,3.52,7.71,6.43
2015-10-28,002583,59.15,58.6,61.57,57.72,490504,529376832.0,6.37,-3.0,-1.81,5.84,3.8500000000000014
2015-10-29,002583,58.6,58.98,60.14,57.99,304257,325331568.0,3.67,0.65,0.38,3.62,2.1499999999999986
2015-10-30,002583,58.54,59.04,60.63,56.84,390237,415638432.0,6.43,0.1,0.06,4.65,3.789999999999999
2015-11-02,002583,56.89,56.56,59.59,56.29,370936,386725968.0,5.59,-4.2,-2.48,4.42,3.3000000000000043
2015-11-03,002583,57.17,57.0,58.43,56.34,229391,237874972.0,3.7,0.78,0.44,2.73,2.0899999999999963
2015-11-04,002583,57.83,59.97,60.25,57.17,328293,349941136.0,5.4,5.21,2.97,3.91,3.0799999999999983
2015-11-05,002583,59.86,58.54,60.47,58.1,352823,377924560.0,3.95,-2.38,-1.43,4.2,2.3699999999999974
2015-11-06,002583,56.89,59.04,60.03,56.89,301840,322683312.0,5.36,0.85,0.5,3.59,3.1400000000000006
2015-11-09,002583,58.16,61.07,61.35,56.45,484874,516636352.0,8.3,3.44,2.03,5.77,4.899999999999999
2015-11-10,002583,60.19,60.52,62.28,59.7,405319,447387888.0,4.22,-0.9,-0.55,4.83,2.5799999999999983
2015-11-11,002583,59.7,60.03,60.58,59.09,305981,331279136.0,2.46,-0.81,-0.49,3.64,1.4899999999999949
2015-11-12,002583,61.84,62.01,63.44,61.07,420469,473323136.0,3.95,3.3,1.98,5.01,2.3699999999999974
2015-11-13,002583,62.23,65.03,67.29,61.68,603597,712982048.0,9.05,4.87,3.02,7.19,5.6100000000000065
2015-11-16,002583,66.24,68.88,71.08,65.14,592852,733315424.0,9.13,5.92,3.85,7.06,5.939999999999998
2015-11-17,002583,68.94,72.29,73.61,67.4,688192,869615120.0,9.02,4.95,3.41,8.19,6.209999999999994
2015-11-18,002583,72.29,68.5,72.29,67.95,428841,546726080.0,6.0,-5.24,-3.79,5.11,4.340000000000003
2015-11-19,002583,68.39,69.82,70.09,67.23,319876,399224976.0,4.18,1.93,1.32,3.81,2.8599999999999994
2015-11-20,002583,70.64,72.02,73.56,69.82,411280,535056112.0,5.36,3.15,2.2,4.9,3.740000000000009
2015-11-23,002583,72.46,69.6,73.12,68.88,387614,494546208.0,5.89,-3.36,-2.42,4.61,4.240000000000009
2015-11-24,002583,69.1,68.39,69.38,66.57,313367,384813936.0,4.04,-1.74,-1.21,3.73,2.8100000000000023
2015-11-25,002583,68.5,70.09,71.14,68.5,268857,340490592.0,3.86,2.49,1.7,3.2,2.6400000000000006
2015-11-26,002583,70.09,68.06,70.92,67.62,272063,338657424.0,4.71,-2.9,-2.03,3.24,3.299999999999997
2015-11-27,002583,68.11,62.89,69.27,61.9,346204,413203952.0,10.83,-7.6,-5.17,4.12,7.369999999999997
2015-11-30,002583,62.12,61.73,64.04,57.33,404667,445178544.0,10.67,-1.84,-1.16,4.82,6.710000000000008
2015-12-01,002583,61.57,61.73,62.94,60.14,225324,251817857.0,4.54,0.0,0.0,2.68,2.799999999999997
2015-12-02,002583,61.79,61.79,62.5,59.97,191254,211174772.0,4.1,0.1,0.06,2.28,2.530000000000001
2015-12-03,002583,62.39,64.37,64.48,62.28,213315,245529324.0,3.56,4.18,2.58,2.54,2.200000000000003
2015-12-04,002583,64.59,63.0,65.14,62.67,203527,235527588.0,3.84,-2.13,-1.37,2.42,2.469999999999999
2015-12-07,002583,63.27,62.94,63.77,61.9,138387,157619415.0,2.97,-0.1,-0.06,1.65,1.8700000000000045
2015-12-08,002583,62.94,60.74,62.94,60.19,194563,215577842.0,4.37,-3.5,-2.2,2.32,2.75
2015-12-09,002583,60.58,59.26,61.57,58.98,180414,196030391.0,4.26,-2.44,-1.48,2.15,2.5900000000000034
2015-12-10,002583,59.15,61.35,62.72,58.98,234520,258384582.0,6.31,3.53,2.09,2.79,3.740000000000002
2015-12-11,002583,60.74,60.74,62.12,60.25,123285,136610191.0,3.05,-0.99,-0.61,1.47,1.8699999999999974
2015-12-14,002583,59.48,62.17,62.28,59.15,166534,183048063.0,5.15,2.35,1.43,1.98,3.1300000000000026
2015-12-15,002583,65.69,68.39,68.39,65.31,160158,196892595.0,4.95,10.0,6.22,1.91,3.0799999999999983
2015-12-16,002583,68.99,69.71,72.84,68.44,721917,923455536.0,6.43,1.93,1.32,8.59,4.400000000000006
2015-12-17,002583,69.27,71.58,72.29,68.5,585246,752145504.0,5.44,2.68,1.87,6.97,3.7900000000000063
2015-12-18,002583,70.64,69.43,71.96,68.99,377376,478993472.0,4.15,-3.0,-2.15,4.49,2.969999999999999
2015-12-21,002583,69.49,68.39,70.31,67.62,259569,322475504.0,3.87,-1.5,-1.04,3.09,2.6899999999999977
2015-12-22,002583,68.72,70.2,70.59,68.44,261600,329775952.0,3.14,2.65,1.81,3.11,2.1500000000000057
2015-12-23,002583,69.54,67.62,70.2,67.4,222258,276005616.0,3.99,-3.68,-2.58,2.65,2.799999999999997
2015-12-24,002583,67.34,66.79,67.34,65.14,187097,223796631.0,3.25,-1.23,-0.83,2.23,2.200000000000003
2015-12-25,002583,66.9,67.95,68.88,66.41,164277,202001194.0,3.7,1.74,1.16,1.96,2.469999999999999
2015-12-28,002583,68.83,65.8,69.05,65.53,196865,239009207.0,5.18,-3.16,-2.15,2.34,3.519999999999996
2015-12-29,002583,65.75,67.62,67.62,65.36,177633,214302638.0,3.43,2.77,1.82,2.11,2.260000000000005
2015-12-30,002583,67.95,69.1,69.49,67.34,228031,283197856.0,3.18,2.19,1.48,2.71,2.1499999999999915
2015-12-31,002583,69.16,68.94,69.82,66.96,223835,277881664.0,4.14,-0.23,-0.16,2.66,2.8599999999999994
2016-01-04,002583,69.6,62.12,70.04,62.06,185590,222006426.0,11.58,-9.89,-6.82,2.21,7.980000000000004
2016-01-05,002583,58.27,60.03,62.39,56.67,300533,327824528.0,9.21,-3.36,-2.09,3.58,5.719999999999999
2016-01-06,002583,60.74,61.13,61.46,59.48,175013,192163463.0,3.3,1.83,1.1,2.08,1.980000000000004
2016-01-07,002583,59.48,55.02,59.92,55.02,56982,58595836.0,8.02,-10.0,-6.11,0.68,4.899999999999999
2016-01-08,002583,56.78,55.19,57.39,51.94,205861,207442535.0,9.91,0.31,0.17,2.45,5.450000000000003
2016-01-11,002583,54.69,49.69,54.69,49.69,236695,221443013.0,9.06,-9.97,-5.5,2.82,5.0
2016-01-12,002583,50.24,49.85,50.95,47.54,202490,181582345.0,6.86,0.32,0.16,2.41,3.4100000000000037
2016-01-13,002583,50.13,48.48,52.49,48.31,225391,206583139.0,8.39,-2.75,-1.37,2.68,4.18
2016-01-14,002583,47.05,52.88,53.26,46.33,331088,304298288.0,14.29,9.08,4.4,3.94,6.93
2016-01-15,002583,52.55,51.94,54.03,50.95,230958,220029265.0,5.82,-1.78,-0.94,2.75,3.0799999999999983
2016-01-18,002583,49.96,53.59,54.53,49.96,176989,169556346.0,8.8,3.18,1.65,2.11,4.57
2016-01-19,002583,53.59,56.01,56.07,53.1,191871,188978805.0,5.54,4.52,2.42,2.28,2.969999999999999
2016-01-20,002583,55.24,55.19,56.34,54.03,182217,181721967.0,4.12,-1.46,-0.82,2.17,2.3100000000000023
2016-01-21,002583,54.31,52.22,54.97,52.22,167876,163676560.0,4.98,-5.38,-2.97,2.0,2.75
2016-01-22,002583,52.77,52.71,53.59,51.12,109110,103488450.0,4.73,0.94,0.49,1.3,2.470000000000006
2016-01-25,002583,54.03,55.24,56.07,53.15,213383,212253310.0,5.54,4.8,2.53,2.54,2.9200000000000017
2016-01-26,002583,54.36,50.29,54.64,50.02,193274,184175641.0,8.36,-8.96,-4.95,2.3,4.619999999999997
2016-01-27,002583,50.35,49.58,51.23,46.99,178321,157920518.0,8.43,-1.41,-0.71,2.12,4.239999999999995
2016-01-28,002583,48.64,47.87,50.13,47.27,126119,111273371.0,5.77,-3.45,-1.71,1.5,2.8599999999999994
2016-01-29,002583,47.65,50.13,50.46,47.65,125330,112247873.0,5.87,4.72,2.26,1.49,2.8100000000000023
2016-02-01,002583,49.74,50.84,51.56,49.74,131954,120976005.0,3.63,1.42,0.71,1.57,1.8200000000000003
2016-02-02,002583,50.84,52.77,53.65,50.57,141769,134850489.0,6.06,3.8,1.93,1.69,3.0799999999999983
2016-02-03,002583,52.33,52.55,52.82,50.9,145921,136746161.0,3.64,-0.42,-0.22,1.74,1.9200000000000017
2016-02-04,002583,52.93,53.59,54.86,52.93,147062,143605899.0,3.67,1.98,1.04,1.75,1.9299999999999997
2016-02-05,002583,54.14,53.76,55.13,53.59,140898,138852225.0,2.87,0.32,0.17,1.68,1.5399999999999991
2016-02-15,002583,51.56,52.66,53.1,51.06,105084,99021843.0,3.79,-2.05,-1.1,1.25,2.039999999999999
2016-02-16,002583,53.54,54.53,54.8,53.21,167218,163803759.0,3.02,3.55,1.87,1.99,1.5899999999999963
2016-02-17,002583,56.07,55.41,56.07,54.36,182810,183040993.0,3.14,1.61,0.88,2.18,1.7100000000000009
2016-02-18,002583,55.74,54.64,56.01,54.31,156819,155835265.0,3.07,-1.39,-0.77,1.87,1.6999999999999957
2016-02-19,002583,55.68,56.07,56.84,54.86,227833,229731950.0,3.62,2.62,1.43,2.71,1.980000000000004
2016-02-22,002583,57.39,56.67,57.39,56.07,231754,237687454.0,2.35,1.07,0.6,2.76,1.3200000000000003
2016-02-23,002583,58.38,55.79,58.38,55.19,212849,216477720.0,5.63,-1.55,-0.88,2.53,3.190000000000005
2016-02-24,002583,55.79,54.69,56.12,53.21,214383,211273291.0,5.22,-1.97,-1.1,2.55,2.9099999999999966
2016-02-25,002583,54.36,49.8,54.53,49.36,206613,194032269.0,9.45,-8.94,-4.89,2.46,5.170000000000002
2016-02-26,002583,50.29,50.57,51.23,49.63,165567,151167428.0,3.21,1.55,0.77,1.97,1.5999999999999943
2016-02-29,002583,50.84,48.75,51.23,47.54,161324,142720067.0,7.3,-3.6,-1.82,1.92,3.6899999999999977
2016-03-01,002583,49.25,50.29,50.57,48.7,146764,132110348.0,3.84,3.16,1.54,1.75,1.8699999999999974
2016-03-02,002583,50.68,53.54,53.54,50.57,198734,189130559.0,5.91,6.46,3.25,2.37,2.969999999999999
2016-03-03,002583,53.43,53.26,53.87,52.82,146296,141218605.0,1.96,-0.52,-0.28,1.74,1.0499999999999972
2016-03-04,002583,53.04,53.37,53.76,51.5,201460,192889239.0,4.24,0.21,0.11,2.4,2.259999999999998
2016-03-07,002583,53.15,53.81,55.24,53.04,155659,152407655.0,4.12,0.82,0.44,1.85,2.200000000000003
2016-03-08,002583,53.81,53.37,53.87,51.45,107684,102445950.0,4.5,-0.82,-0.44,1.28,2.4199999999999946
2016-03-09,002583,51.83,52.22,52.77,51.39,80464,75875573.0,2.59,-2.15,-1.15,0.96,1.3800000000000026
2016-03-10,002583,52.27,51.94,53.15,51.56,82048,77895071.0,3.04,-0.54,-0.28,0.98,1.5899999999999963
2016-03-11,002583,51.5,51.89,52.22,51.17,57079,53372691.0,2.02,-0.1,-0.05,0.68,1.0499999999999972
2016-03-14,002583,52.49,53.59,54.42,52.44,144324,140194048.0,3.82,3.28,1.7,1.72,1.980000000000004
2016-03-15,002583,53.81,53.26,54.47,53.26,117908,114694403.0,2.26,-0.62,-0.33,1.4,1.2100000000000009
2016-03-16,002583,53.81,52.22,54.03,51.67,97602,92729131.0,4.43,-1.95,-1.04,1.16,2.3599999999999994
2016-03-17,002583,53.04,54.03,54.31,52.27,138178,134098763.0,3.91,3.47,1.81,1.64,2.039999999999999
2016-03-18,002583,54.36,56.34,57.17,53.98,272836,276916784.0,5.9,4.28,2.31,3.25,3.190000000000005
2016-03-21,002583,57.28,58.32,58.32,56.62,233680,243245651.0,3.02,3.51,1.98,2.78,1.7000000000000028
2016-03-22,002583,56.78,58.93,59.86,56.29,288724,305797760.0,6.12,1.05,0.61,3.44,3.5700000000000003
2016-03-23,002583,59.97,59.53,61.24,58.71,227934,247090938.0,4.29,1.02,0.6,2.71,2.530000000000001
2016-03-24,002583,58.6,57.22,58.98,57.22,196756,206846960.0,2.96,-3.88,-2.31,2.34,1.759999999999998
2016-03-25,002583,57.22,57.33,57.83,56.51,107500,111160249.0,2.31,0.19,0.11,1.28,1.3200000000000003
2016-03-28,002583,57.94,56.01,58.27,55.52,157961,162979028.0,4.8,-2.3,-1.32,1.88,2.75
2016-03-29,002583,56.01,55.13,56.23,54.64,115047,115066698.0,2.84,-1.57,-0.88,1.37,1.5899999999999963
2016-03-30,002583,55.68,57.22,57.44,55.3,183861,186898904.0,3.88,3.79,2.09,2.19,2.1400000000000006
2016-03-31,002583,57.61,56.73,58.21,56.29,183125,189091508.0,3.36,-0.86,-0.49,2.18,1.9200000000000017
2016-04-01,002583,56.45,55.79,56.45,55.24,113206,113897675.0,2.13,-1.66,-0.94,1.35,1.2100000000000009
2016-04-05,002583,55.85,57.11,57.28,55.46,137664,140878065.0,3.26,2.37,1.32,1.64,1.8200000000000003
2016-04-06,002583,57.17,57.11,57.99,56.67,132328,137368450.0,2.31,0.0,0.0,1.58,1.3200000000000003
2016-04-07,002583,57.44,56.01,57.72,55.68,152302,155606695.0,3.57,-1.93,-1.1,1.81,2.039999999999999
2016-04-08,002583,55.9,55.19,55.9,54.75,110738,110794516.0,2.05,-1.46,-0.82,1.32,1.1499999999999986
2016-04-11,002583,56.29,56.45,56.84,55.74,112951,115412268.0,1.99,2.28,1.26,1.34,1.1000000000000014
2016-04-12,002583,56.89,55.52,56.89,55.13,122743,123500719.0,3.12,-1.65,-0.93,1.46,1.759999999999998
2016-04-13,002583,55.79,55.96,56.67,55.63,152546,155321598.0,1.87,0.79,0.44,1.82,1.0399999999999991
2016-04-14,002583,56.23,55.63,56.4,55.24,190090,191226738.0,2.07,-0.59,-0.33,2.26,1.1599999999999966
2016-04-15,002583,55.63,55.24,55.85,55.13,140757,141019735.0,1.29,-0.7,-0.39,1.68,0.7199999999999989
2016-04-18,002583,55.24,53.65,55.24,53.04,183831,179109854.0,3.98,-2.88,-1.59,2.19,2.200000000000003
2016-04-19,002583,53.59,53.65,54.14,53.32,147885,143395518.0,1.53,0.0,0.0,1.76,0.8200000000000003
2016-04-20,002583,53.92,50.73,54.09,49.63,218527,203909402.0,8.31,-5.44,-2.92,2.6,4.460000000000001
2016-04-21,002583,50.68,50.18,50.84,50.07,110066,100473045.0,1.52,-1.08,-0.55,1.31,0.7700000000000031
2016-04-22,002583,50.02,53.15,53.54,49.52,221293,206060124.0,8.01,5.92,2.97,2.63,4.019999999999996
2016-04-25,002583,52.71,52.22,52.77,51.5,103096,97310065.0,2.39,-1.75,-0.93,1.23,1.2700000000000031
2016-04-26,002583,52.22,52.77,52.88,51.72,117415,111281438.0,2.22,1.05,0.55,1.4,1.1600000000000037
2016-04-27,002583,52.44,52.11,53.04,52.0,65455,62217482.0,1.97,-1.25,-0.66,0.78,1.0399999999999991
2016-04-28,002583,52.49,52.6,52.93,51.39,117256,110756060.0,2.96,0.94,0.49,1.4,1.5399999999999991
2016-04-29,002583,51.94,52.05,52.77,51.67,92524,87323125.0,2.09,-1.05,-0.55,1.1,1.1000000000000014
2016-05-03,002583,52.11,53.54,53.92,51.78,135073,130137540.0,4.11,2.86,1.49,1.61,2.1400000000000006
2016-05-04,002583,53.32,53.48,54.36,53.1,117810,114948725.0,2.35,-0.11,-0.06,1.4,1.259999999999998
2016-05-05,002583,53.48,53.54,54.03,53.04,84472,81788766.0,1.85,0.11,0.06,1.01,0.990000000000002
2016-05-06,002583,53.65,51.78,54.03,51.67,132980,127419002.0,4.41,-3.29,-1.76,1.58,2.3599999999999994
2016-05-09,002583,51.5,51.83,53.32,50.57,149711,140727696.0,5.31,0.1,0.05,1.78,2.75
2016-05-10,002583,51.78,51.83,52.71,51.39,78663,74187548.0,2.55,0.0,0.0,0.94,1.3200000000000003
2016-05-11,002583,52.11,51.23,52.33,51.12,55172,51565412.0,2.33,-1.16,-0.6,0.66,1.2100000000000009
2016-05-12,002583,50.73,51.5,51.67,49.63,137493,125069813.0,3.98,0.53,0.27,1.64,2.039999999999999
2016-05-13,002583,51.34,50.84,52.16,50.29,78171,72388646.0,3.63,-1.28,-0.66,0.93,1.8699999999999974
2016-05-16,002583,50.46,51.01,51.06,49.91,56780,51978822.0,2.26,0.33,0.17,0.68,1.1500000000000057
2016-05-17,002583,51.12,52.33,52.93,51.01,172252,163129423.0,3.76,2.59,1.32,2.05,1.9200000000000017
2016-05-18,002583,52.0,50.84,52.82,50.4,109158,102159810.0,4.62,-2.85,-1.49,1.3,2.4200000000000017
2016-05-19,002583,50.62,52.6,52.66,50.62,154645,145426527.0,4.01,3.46,1.76,1.84,2.039999999999999
2016-05-20,002583,51.94,55.24,56.34,51.89,351525,345888048.0,8.46,5.02,2.64,4.18,4.450000000000003
2016-05-23,002583,55.02,56.01,56.84,54.64,265921,269040256.0,3.98,1.39,0.77,3.16,2.200000000000003
2016-05-24,002583,56.14,56.36,56.85,54.43,231316,232153732.0,4.32,0.62,0.35,2.75,2.4200000000000017
2016-05-25,002583,56.14,54.71,56.47,54.65,131259,131268957.0,3.23,-2.93,-1.65,1.56,1.8200000000000003
2016-05-26,002583,54.76,55.09,55.7,53.17,131721,128933518.0,4.62,0.69,0.38,1.57,2.530000000000001
2016-05-27,002583,54.87,54.32,55.37,54.1,73968,72926686.0,2.31,-1.4,-0.77,0.88,1.269999999999996
2016-05-30,002583,54.43,56.03,56.3,53.61,170518,170985175.0,4.95,3.15,1.71,2.03,2.6899999999999977
2016-05-31,002583,55.97,57.84,58.12,55.86,259965,268257474.0,4.03,3.23,1.81,3.09,2.259999999999998
2016-06-01,002583,57.62,57.73,58.5,57.02,259922,270883184.0,2.56,-0.19,-0.11,3.09,1.4799999999999969
2016-06-02,002583,57.24,58.06,59.22,57.24,212459,223092233.0,3.43,0.57,0.33,2.53,1.9799999999999969
2016-06-03,002583,57.95,57.62,58.89,57.62,181611,190533866.0,2.19,-0.76,-0.44,2.16,1.2700000000000031
2016-06-06,002583,57.95,57.9,58.34,56.63,140689,145606967.0,2.97,0.49,0.28,1.67,1.7100000000000009
2016-06-07,002583,57.4,58.12,58.89,57.29,167181,175768963.0,2.76,0.38,0.22,1.99,1.6000000000000014
2016-06-08,002583,58.06,58.17,58.45,56.96,150921,157315598.0,2.56,0.09,0.05,1.8,1.490000000000002
2016-06-13,002583,57.18,55.09,57.68,55.09,203135,206764121.0,4.45,-5.29,-3.08,2.42,2.5899999999999963
2016-06-14,002583,54.87,57.02,57.07,54.65,173971,176394147.0,4.39,3.5,1.93,2.07,2.4200000000000017
2016-06-15,002583,56.47,58.89,59.55,56.03,231015,243107751.0,6.17,3.28,1.87,2.75,3.519999999999996
2016-06-16,002583,58.72,61.86,62.13,57.84,393246,427696976.0,7.28,5.04,2.97,4.68,4.289999999999999
2016-06-17,002583,62.3,61.25,62.85,59.99,267458,296380832.0,4.62,-0.99,-0.61,3.18,2.8599999999999994
2016-06-20,002583,62.3,61.86,63.95,60.92,270250,305354960.0,4.95,1.0,0.61,3.22,3.030000000000001
2016-06-21,002583,62.19,62.68,64.11,61.42,248690,282938896.0,4.35,1.33,0.82,2.96,2.6899999999999977
2016-06-22,002583,64.28,66.97,68.62,63.23,322552,386513680.0,8.6,6.84,4.29,3.84,5.390000000000008
2016-06-23,002583,66.97,66.31,67.8,65.21,187015,224475753.0,3.87,-0.99,-0.66,2.23,2.5900000000000034
2016-06-24,002583,65.87,66.2,67.08,62.02,203148,240784727.0,7.63,-0.17,-0.11,2.42,5.059999999999995
2016-06-27,002583,66.97,68.4,68.62,65.93,200938,244829273.0,4.06,3.32,2.2,2.39,2.6899999999999977
2016-06-28,002583,67.85,66.59,68.9,66.48,210121,256002794.0,3.54,-2.65,-1.81,2.5,2.4200000000000017
2016-06-29,002583,66.97,65.98,67.47,64.94,162739,193630569.0,3.8,-0.92,-0.61,1.94,2.530000000000001
2016-06-30,002583,65.98,66.64,67.25,65.32,119770,143815457.0,2.93,1.0,0.66,1.43,1.9300000000000068
2016-07-01,002583,65.93,66.42,67.14,65.87,69646,83575332.0,1.91,-0.33,-0.22,0.83,1.269999999999996
2016-07-04,002583,65.76,66.42,67.96,65.32,127566,154404727.0,3.97,0.0,0.0,1.52,2.6400000000000006
2016-07-05,002583,66.37,69.17,71.04,66.37,228337,286527888.0,7.03,4.14,2.75,2.72,4.670000000000002
2016-07-06,002583,68.24,67.58,70.05,67.25,192912,237293338.0,4.05,-2.3,-1.59,2.3,2.799999999999997
2016-07-07,002583,71.92,67.47,71.92,66.37,303734,373174592.0,8.21,-0.16,-0.11,3.61,5.549999999999997
2016-07-08,002583,68.35,65.76,68.35,65.54,171283,205247843.0,4.16,-2.53,-1.71,2.04,2.809999999999988
2016-07-11,002583,66.7,66.42,68.07,65.87,254659,308744672.0,3.35,1.0,0.66,3.03,2.1999999999999886
2016-07-12,002583,67.63,66.09,67.69,64.99,275488,328245712.0,4.07,-0.5,-0.33,3.28,2.700000000000003
2016-07-13,002583,66.64,67.14,67.96,66.26,150634,182812726.0,2.57,1.59,1.05,1.79,1.6999999999999886
2016-07-14,002583,67.8,67.19,67.8,66.26,102868,124644928.0,2.29,0.07,0.05,1.22,1.539999999999992
2016-07-15,002583,67.08,66.81,67.19,66.26,90445,109007083.0,1.38,-0.57,-0.38,1.08,0.9299999999999926
2016-07-18,002583,66.81,66.75,67.08,65.38,93635,112214201.0,2.54,-0.09,-0.06,1.11,1.7000000000000028
2016-07-19,002583,67.08,67.14,67.25,66.15,90917,109923078.0,1.65,0.58,0.39,1.08,1.0999999999999943
2016-07-20,002583,67.74,68.57,69.67,67.08,154400,190614609.0,3.86,2.13,1.43,1.84,2.5900000000000034
2016-07-21,002583,69.17,69.45,70.0,68.35,157332,197521820.0,2.41,1.28,0.88,1.87,1.6500000000000057
2016-07-22,002583,69.45,66.92,69.78,66.37,180144,219915083.0,4.91,-3.64,-2.53,2.14,3.4099999999999966
2016-07-25,002583,66.92,67.74,67.8,65.43,165660,199354345.0,3.54,1.23,0.82,1.97,2.3699999999999903
2016-07-26,002583,66.97,68.07,68.07,66.97,95838,117179209.0,1.62,0.49,0.33,1.14,1.0999999999999943
2016-07-27,002583,67.96,65.87,68.51,64.22,164503,197838492.0,6.3,-3.23,-2.2,1.96,4.290000000000006
2016-07-28,002583,65.93,65.65,66.15,61.53,248225,285299728.0,7.01,-0.33,-0.22,2.95,4.6200000000000045
2016-07-29,002583,65.65,66.81,67.41,63.51,184417,219298884.0,5.94,1.77,1.16,2.19,3.8999999999999986
2016-08-01,002583,67.03,66.04,67.03,64.5,92502,109803898.0,3.79,-1.15,-0.77,1.1,2.530000000000001
2016-08-02,002583,66.26,66.09,66.81,65.05,60953,72820782.0,2.67,0.08,0.05,0.72,1.7600000000000051
2016-08-03,002583,66.09,65.32,66.09,65.21,61241,72555217.0,1.33,-1.17,-0.77,0.73,0.8800000000000097
2016-08-04,002583,64.77,63.89,65.27,63.18,115536,133530991.0,3.2,-2.19,-1.43,1.37,2.0899999999999963
2016-08-05,002583,63.12,64.22,64.39,62.57,67994,78086454.0,2.85,0.52,0.33,0.81,1.8200000000000003
2016-08-08,002583,65.32,64.33,65.32,63.67,49213,57178791.0,2.57,0.17,0.11,0.59,1.6499999999999915
2016-08-09,002583,64.33,64.72,65.98,63.56,71879,84370079.0,3.76,0.61,0.39,0.85,2.4200000000000017
2016-08-10,002583,64.61,63.84,65.1,63.84,57612,66898654.0,1.95,-1.36,-0.88,0.69,1.259999999999991
2016-08-11,002583,63.56,63.23,64.44,63.18,44787,51678105.0,1.97,-0.96,-0.61,0.53,1.259999999999998
2016-08-12,002583,62.96,63.73,64.28,62.96,48997,56214649.0,2.09,0.79,0.5,0.58,1.3200000000000003
2016-08-15,002583,64.11,65.54,65.98,63.73,142233,167448333.0,3.53,2.84,1.81,1.69,2.250000000000007
2016-08-16,002583,65.43,65.43,66.04,65.21,75146,89009588.0,1.27,-0.17,-0.11,0.89,0.8300000000000125
2016-08-17,002583,65.82,67.25,67.25,65.38,107734,128881335.0,2.86,2.78,1.82,1.28,1.8700000000000045
2016-08-18,002583,67.25,67.91,68.79,66.59,144277,177366819.0,3.27,0.98,0.66,1.72,2.200000000000003
2016-08-19,002583,69.01,67.63,69.01,66.86,95749,116745344.0,3.17,-0.41,-0.28,1.14,2.1500000000000057
2016-08-22,002583,67.96,66.42,68.07,66.37,63516,76945442.0,2.51,-1.79,-1.21,0.76,1.6999999999999886
2016-08-23,002583,65.98,66.42,67.03,65.6,53614,64138724.0,2.15,0.0,0.0,0.64,1.4300000000000068
2016-08-24,002583,66.59,66.26,66.81,65.76,59627,71406935.0,1.58,-0.24,-0.16,0.71,1.0499999999999972
2016-08-25,002583,65.87,67.41,67.85,64.99,113686,136948741.0,4.32,1.74,1.15,1.35,2.8599999999999994
2016-08-26,002583,67.36,67.41,68.18,66.86,110246,134626349.0,1.96,0.0,0.0,1.31,1.3200000000000074
2016-08-29,002583,67.8,67.36,68.29,66.42,92551,112585174.0,2.77,-0.07,-0.05,1.1,1.8700000000000045
2016-08-30,002583,67.96,66.42,67.96,66.37,112024,136199746.0,2.36,-1.4,-0.94,1.33,1.5899999999999892
2016-08-31,002583,66.42,65.98,67.3,65.76,87908,105550582.0,2.32,-0.66,-0.44,1.05,1.539999999999992
2016-09-01,002583,66.04,65.65,66.7,65.6,70540,84146146.0,1.67,-0.5,-0.33,0.84,1.1000000000000085
2016-09-02,002583,65.6,66.59,66.64,64.77,156357,185751723.0,2.85,1.43,0.94,1.86,1.8700000000000045
2016-09-05,002583,66.48,66.64,66.81,65.98,52332,62730574.0,1.25,0.08,0.05,0.62,0.8299999999999983
2016-09-06,002583,66.75,67.19,67.47,65.49,109829,132238024.0,2.97,0.83,0.55,1.31,1.980000000000004
2016-09-07,002583,67.14,66.53,67.25,66.42,75204,90732966.0,1.24,-0.98,-0.66,0.89,0.8299999999999983
2016-09-08,002583,66.31,65.65,66.75,65.16,115171,136790308.0,2.39,-1.32,-0.88,1.37,1.5900000000000034
2016-09-09,002583,65.38,64.83,65.87,64.77,106741,125793215.0,1.68,-1.25,-0.82,1.27,1.1000000000000085
2016-09-12,002583,64.22,63.89,65.27,63.23,81040,94156660.0,3.15,-1.45,-0.94,0.96,2.039999999999999
2016-09-13,002583,64.77,64.44,65.32,64.28,52175,61079302.0,1.63,0.86,0.55,0.62,1.039999999999992
2016-09-14,002583,64.22,64.55,65.1,63.45,47487,54991494.0,2.56,0.17,0.11,0.56,1.6499999999999915
2016-09-19,002583,64.55,65.21,65.38,64.28,55310,64901652.0,1.7,1.02,0.66,0.66,1.0999999999999943
2016-09-20,002583,65.27,64.55,65.27,64.11,45968,53576039.0,1.78,-1.01,-0.66,0.55,1.1599999999999966
2016-09-21,002583,64.88,65.05,65.21,64.28,49333,57771590.0,1.44,0.77,0.5,0.59,0.9299999999999926
2016-09-22,002583,65.32,65.43,65.98,65.05,55708,66106244.0,1.43,0.58,0.38,0.66,0.9300000000000068
2016-09-23,002583,65.6,64.83,65.76,64.77,50140,59070585.0,1.51,-0.92,-0.6,0.6,0.9900000000000091
2016-09-26,002583,64.83,64.22,65.05,63.84,59118,68986125.0,1.87,-0.94,-0.61,0.7,1.2099999999999937
2016-09-27,002583,64.28,63.4,64.55,62.68,63703,72974172.0,2.91,-1.28,-0.82,0.76,1.8699999999999974
2016-09-28,002583,63.56,63.62,64.0,63.12,41265,47390984.0,1.39,0.35,0.22,0.49,0.8800000000000026
2016-09-29,002583,63.62,64.77,65.1,63.34,61959,72188634.0,2.77,1.81,1.15,0.74,1.759999999999991
2016-09-30,002583,64.77,68.02,68.07,64.77,188099,227567672.0,5.09,5.02,3.25,2.24,3.299999999999997
2016-10-10,002583,68.18,69.67,70.71,68.13,213835,269854688.0,3.79,2.43,1.65,2.54,2.5799999999999983
2016-10-11,002583,69.34,69.78,70.38,68.68,102531,129122434.0,2.44,0.16,0.11,1.22,1.6999999999999886
2016-10-12,002583,69.34,70.6,72.42,69.34,203201,261801108.0,4.41,1.18,0.82,2.42,3.0799999999999983
2016-10-13,002583,70.6,69.78,70.82,69.67,92675,117429895.0,1.63,-1.16,-0.82,1.1,1.1499999999999915
2016-10-14,002583,69.17,68.24,69.78,67.85,146199,180547997.0,2.77,-2.21,-1.54,1.74,1.9300000000000068
2016-10-17,002583,68.57,68.9,69.78,68.07,96048,119500403.0,2.51,0.97,0.66,1.14,1.710000000000008
2016-10-18,002583,68.62,68.95,69.45,68.02,127410,158222407.0,2.08,0.07,0.05,1.52,1.4300000000000068
2016-10-19,002583,69.28,67.58,69.5,67.25,82872,102206590.0,3.26,-1.99,-1.37,0.99,2.25
2016-10-20,002583,67.85,68.79,69.39,67.52,81938,101560300.0,2.77,1.79,1.21,0.97,1.8700000000000045
2016-10-21,002583,68.79,67.8,69.01,67.19,66210,81207191.0,2.65,-1.44,-0.99,0.79,1.8200000000000074
2016-10-24,002583,67.8,68.4,68.62,67.03,87919,107616377.0,2.35,0.88,0.6,1.05,1.5900000000000034
2016-10-25,002583,68.4,68.07,68.46,67.3,99603,121925810.0,1.7,-0.48,-0.33,1.18,1.1599999999999966
2016-10-26,002583,67.69,66.92,68.18,66.42,152096,183803950.0,2.59,-1.69,-1.15,1.81,1.7600000000000051
2016-10-27,002583,67.19,66.2,67.19,65.6,94782,113164740.0,2.38,-1.08,-0.72,1.13,1.5900000000000034
2016-10-28,002583,66.42,69.39,71.48,66.42,290603,365121088.0,7.64,4.82,3.19,3.46,5.060000000000002
2016-10-31,002583,69.78,70.11,70.22,68.51,168186,211579645.0,2.46,1.04,0.72,2.0,1.7099999999999937
2016-11-01,002583,70.11,71.1,72.31,69.39,255468,329911472.0,4.16,1.41,0.99,3.04,2.9200000000000017
2016-11-02,002583,70.6,70.66,72.2,69.72,138488,177391698.0,3.49,-0.62,-0.44,1.65,2.480000000000004
2016-11-03,002583,71.1,70.82,71.43,69.83,119801,153066550.0,2.26,0.23,0.16,1.42,1.6000000000000085
2016-11-04,002583,70.27,70.05,72.42,69.61,167232,214757163.0,3.97,-1.09,-0.77,1.98,2.8100000000000023
2016-12-01,002583,71.1,76.21,77.04,70.82,537677,738279728.0,8.88,8.79,6.16,6.34,6.220000000000013
2016-12-02,002583,74.78,74.67,78.25,74.07,272418,374293536.0,5.48,-2.02,-1.54,3.21,4.180000000000007
2016-12-05,002583,73.41,78.25,78.3,73.13,265559,367019728.0,6.92,4.79,3.58,3.13,5.170000000000002
2016-12-06,002583,78.47,76.98,79.13,76.32,154785,216351219.0,3.59,-1.62,-1.27,1.82,2.8100000000000023
2016-12-07,002583,77.2,75.77,77.2,75.33,122592,168388748.0,2.43,-1.57,-1.21,1.44,1.8700000000000045
2016-12-08,002583,76.05,75.72,76.21,74.67,85064,115759997.0,2.03,-0.07,-0.05,1.0,1.539999999999992
2016-12-09,002583,75.22,74.34,76.6,74.12,103308,140307698.0,3.28,-1.82,-1.38,1.22,2.4799999999999898
2016-12-12,002583,74.12,72.91,74.56,71.37,191852,253134210.0,4.29,-1.92,-1.43,2.26,3.1899999999999977
2016-12-13,002583,73.08,76.21,76.82,71.92,149534,201389412.0,6.72,4.53,3.3,1.76,4.8999999999999915
2016-12-14,002583,75.77,72.31,76.87,72.2,142025,189902326.0,6.13,-5.12,-3.9,1.67,4.670000000000002
2016-12-15,002583,72.36,72.75,73.9,70.16,117079,153237096.0,5.17,0.61,0.44,1.38,3.740000000000009
2016-12-16,002583,72.8,74.84,75.83,71.81,102162,136677339.0,5.53,2.87,2.09,1.2,4.019999999999996
2016-12-19,002583,75.11,72.86,76.16,72.03,96615,128448431.0,5.52,-2.65,-1.98,1.14,4.1299999999999955
2016-12-20,002583,72.75,73.35,74.62,71.26,71289,93900678.0,4.61,0.67,0.49,0.84,3.3599999999999994
2016-12-21,002583,73.35,72.47,74.56,72.36,66629,88415842.0,3.0,-1.2,-0.88,0.79,2.200000000000003
2016-12-22,002583,72.53,72.2,73.3,71.81,99303,130164830.0,2.06,-0.37,-0.27,1.17,1.4899999999999949
2016-12-23,002583,71.92,71.65,72.47,71.15,56216,72778606.0,1.83,-0.76,-0.55,0.66,1.3199999999999932
2016-12-26,002583,70.93,72.42,72.42,70.66,73218,94467278.0,2.46,1.07,0.77,0.86,1.7600000000000051
2016-12-27,002583,72.42,73.19,73.63,71.7,78507,103453664.0,2.67,1.06,0.77,0.92,1.9299999999999926
2016-12-28,002583,73.46,72.75,73.9,72.58,50855,67443007.0,1.8,-0.6,-0.44,0.6,1.3200000000000074
2016-12-29,002583,72.75,72.86,73.52,70.88,112755,147405918.0,3.63,0.15,0.11,1.32,2.6400000000000006
2016-12-30,002583,73.35,73.08,73.41,71.48,117028,153900275.0,2.65,0.3,0.22,1.37,1.9299999999999926
2017-01-03,002583,73.24,71.81,73.3,71.65,74417,97176961.0,2.26,-1.74,-1.27,0.88,1.6499999999999915
2017-01-04,002583,71.37,72.03,72.47,71.37,79666,103458273.0,1.53,0.31,0.22,0.94,1.0999999999999943
2017-01-05,002583,71.92,71.59,72.03,70.88,84908,109556909.0,1.6,-0.61,-0.44,1.0,1.1500000000000057
2017-01-06,002583,71.59,69.89,71.59,69.72,122192,155605132.0,2.61,-2.37,-1.7,1.44,1.8700000000000045
2017-01-09,002583,69.83,68.95,70.0,68.57,101384,126622856.0,2.05,-1.34,-0.94,1.19,1.4300000000000068
2017-01-10,002583,68.9,70.16,70.33,68.68,65072,82318107.0,2.39,1.75,1.21,0.76,1.6499999999999915
2017-01-11,002583,69.78,68.73,70.33,68.24,48924,61058002.0,2.98,-2.04,-1.43,0.57,2.0900000000000034
2017-01-12,002583,68.73,67.52,69.06,66.97,76043,93035141.0,3.04,-1.76,-1.21,0.89,2.0900000000000034
2017-01-13,002583,67.19,67.19,67.8,66.53,55825,67801158.0,1.88,-0.49,-0.33,0.66,1.269999999999996
2017-01-16,002583,67.08,66.64,69.39,64.5,103112,125603620.0,7.28,-0.82,-0.55,1.21,4.890000000000001
2017-01-17,002583,66.42,68.02,68.35,66.31,64148,78425903.0,3.06,2.07,1.38,0.75,2.039999999999992
2017-01-18,002583,67.8,67.63,68.51,67.14,32020,39246258.0,2.01,-0.57,-0.39,0.38,1.3700000000000045
2017-01-19,002583,67.63,66.15,67.63,66.15,50435,60673966.0,2.19,-2.19,-1.48,0.59,1.4799999999999898
2017-01-20,002583,66.15,68.68,68.73,66.15,59777,73472570.0,3.9,3.82,2.53,0.7,2.5799999999999983
2017-01-23,002583,68.68,70.77,71.26,68.18,86662,110016437.0,4.48,3.04,2.09,1.02,3.0799999999999983
2017-01-24,002583,70.27,70.16,71.59,69.72,52414,66975238.0,2.64,-0.86,-0.61,0.61,1.8700000000000045
2017-01-25,002583,70.77,70.6,71.1,69.83,35590,45413293.0,1.81,0.63,0.44,0.42,1.269999999999996
2017-01-26,002583,70.55,71.1,71.43,70.44,30238,38860610.0,1.4,0.71,0.5,0.35,0.9900000000000091
2017-02-03,002583,71.37,71.15,71.37,70.66,22521,28957477.0,1.0,0.07,0.05,0.26,0.710000000000008
2017-02-06,002583,70.77,71.87,72.2,70.11,59568,77134412.0,2.94,1.01,0.72,0.7,2.0900000000000034
2017-02-07,002583,71.43,71.1,72.36,70.22,71908,92223975.0,2.98,-1.07,-0.77,0.84,2.1400000000000006
2017-02-08,002583,70.11,71.26,71.65,70.05,56278,71830765.0,2.25,0.23,0.16,0.66,1.6000000000000085
2017-02-09,002583,70.71,70.77,71.43,70.16,61234,78363359.0,1.78,-0.69,-0.49,0.72,1.2700000000000102
2017-02-10,002583,70.82,70.11,71.48,70.11,36022,45997831.0,1.94,-0.93,-0.66,0.42,1.3700000000000045
2017-02-13,002583,70.77,73.02,73.3,70.49,122037,159862768.0,4.01,4.15,2.91,1.43,2.8100000000000023
2017-02-14,002583,73.02,73.19,73.46,72.31,52774,69634322.0,1.57,0.23,0.17,0.62,1.1499999999999915
2017-02-15,002583,73.19,72.03,73.46,71.98,50108,65632366.0,2.02,-1.58,-1.16,0.59,1.4799999999999898
2017-02-16,002583,72.42,72.64,73.68,72.14,48050,63328240.0,2.14,0.85,0.61,0.56,1.5400000000000063
2017-02-17,002583,72.47,75.06,75.44,71.98,194281,259651177.0,4.76,3.33,2.42,2.27,3.4599999999999937
2017-02-20,002583,75.0,77.15,77.97,74.34,134863,187329572.0,4.84,2.78,2.09,1.58,3.6299999999999955
2017-02-21,002583,76.38,77.48,77.97,75.5,136105,188854769.0,3.2,0.43,0.33,1.59,2.469999999999999
2017-02-22,002583,77.48,77.2,77.7,75.88,71114,98488026.0,2.35,-0.36,-0.28,0.83,1.8200000000000074
2017-02-23,002583,76.98,75.77,76.98,75.11,91755,125600535.0,2.42,-1.85,-1.43,1.07,1.8700000000000045
2017-02-24,002583,76.16,79.84,81.66,76.16,259201,374155072.0,7.26,5.37,4.07,3.03,5.5
2017-02-27,002583,78.96,77.75,80.45,77.48,174450,249386680.0,3.72,-2.62,-2.09,2.04,2.969999999999999
2017-02-28,002583,77.09,76.27,78.25,75.61,140461,194029858.0,3.4,-1.9,-1.48,1.64,2.6400000000000006
2017-03-01,002583,76.32,77.53,78.52,76.21,83598,117325639.0,3.03,1.65,1.26,0.98,2.3100000000000023
2017-03-02,002583,77.53,75.77,78.19,75.77,78461,108806138.0,3.12,-2.27,-1.76,0.92,2.4200000000000017
2017-03-03,002583,75.77,76.16,76.54,75.39,47318,65037769.0,1.52,0.51,0.39,0.55,1.1500000000000057
2017-03-06,002583,76.76,77.7,78.3,76.43,73376,102424255.0,2.46,2.02,1.54,0.86,1.8699999999999903
2017-03-07,002583,77.7,77.92,78.8,76.87,72871,102618096.0,2.48,0.28,0.22,0.85,1.9299999999999926
2017-03-08,002583,77.59,76.54,77.86,76.1,92265,128113210.0,2.26,-1.77,-1.38,1.08,1.7600000000000051
2017-03-09,002583,76.76,76.21,76.87,75.66,60162,82742727.0,1.58,-0.43,-0.33,0.7,1.210000000000008
2017-03-10,002583,76.27,76.21,76.98,75.72,59738,82581052.0,1.65,0.0,0.0,0.7,1.2600000000000051
2017-03-13,002583,76.76,77.97,78.47,75.5,80156,111940735.0,3.9,2.31,1.76,0.94,2.969999999999999
2017-03-14,002583,78.74,78.3,80.17,77.81,94983,135405531.0,3.03,0.42,0.33,1.11,2.3599999999999994
2017-03-15,002583,77.97,74.62,77.97,73.19,225166,306646032.0,6.1,-4.7,-3.68,2.64,4.780000000000001
2017-03-16,002583,74.95,75.88,76.6,73.35,226175,305609936.0,4.36,1.69,1.26,2.65,3.25
2017-03-17,002583,76.76,74.67,76.76,74.12,100600,136680619.0,3.48,-1.59,-1.21,1.18,2.6400000000000006
2017-03-20,002583,74.07,74.12,74.67,72.75,123883,164397599.0,2.57,-0.74,-0.55,1.45,1.9200000000000017
2017-03-21,002583,73.46,75.44,76.32,73.02,132839,181084668.0,4.45,1.78,1.32,1.56,3.299999999999997
2017-03-22,002583,75.06,76.05,76.76,74.84,78506,108070169.0,2.55,0.81,0.61,0.92,1.9200000000000017
2017-03-23,002583,76.32,78.19,80.01,76.16,250110,355697936.0,5.06,2.81,2.14,2.93,3.8500000000000085
2017-03-24,002583,78.96,79.9,80.83,78.08,193026,279415936.0,3.52,2.19,1.71,2.26,2.75
2017-03-27,002583,79.79,81.71,83.25,79.13,213085,316096512.0,5.16,2.27,1.81,2.49,4.1200000000000045
2017-03-28,002583,83.31,81.22,83.75,79.24,228623,333278864.0,5.52,-0.6,-0.49,2.68,4.510000000000005
2017-03-29,002583,81.27,80.17,82.04,79.51,87494,127476129.0,3.11,-1.29,-1.05,1.02,2.530000000000001
2017-03-30,002583,80.17,78.96,80.94,78.47,91040,130710583.0,3.08,-1.51,-1.21,1.07,2.469999999999999
2017-03-31,002583,78.96,80.67,81.82,78.52,117948,171201485.0,4.18,2.17,1.71,1.38,3.299999999999997
2017-04-05,002583,80.67,81.44,82.32,79.29,115070,169330634.0,3.76,0.95,0.77,1.35,3.029999999999987
2017-04-06,002583,81.55,82.1,83.47,81.22,136944,204623427.0,2.76,0.81,0.66,1.6,2.25
2017-04-07,002583,82.04,82.26,82.37,81.0,96003,141991582.0,1.67,0.19,0.16,1.12,1.3700000000000045
2017-04-10,002583,82.26,81.33,83.47,81.0,85506,126566386.0,3.0,-1.13,-0.93,1.0,2.469999999999999
2017-04-11,002583,81.82,80.89,82.1,78.96,106925,155102957.0,3.86,-0.54,-0.44,1.25,3.1400000000000006
2017-04-12,002583,80.83,80.45,82.26,79.68,70008,102587565.0,3.19,-0.54,-0.44,0.82,2.5799999999999983
2017-04-13,002583,80.83,80.12,81.93,79.84,79801,116387673.0,2.6,-0.41,-0.33,0.93,2.0900000000000034
2017-04-14,002583,80.17,79.07,80.45,78.85,49527,71005866.0,2.0,-1.31,-1.05,0.58,1.6000000000000085
2017-04-17,002583,78.52,77.64,78.58,76.32,86238,120972338.0,2.86,-1.81,-1.43,1.01,2.260000000000005
2017-04-18,002583,77.64,77.31,78.85,77.09,91168,128505585.0,2.27,-0.43,-0.33,1.07,1.759999999999991
2017-04-19,002583,77.15,77.42,77.64,76.6,57408,80055051.0,1.35,0.14,0.11,0.67,1.0400000000000063
2017-04-20,002583,77.37,77.42,78.41,76.93,87535,122838806.0,1.91,0.0,0.0,1.02,1.4799999999999898
2017-04-21,002583,77.42,78.14,78.25,77.26,57350,80515363.0,1.28,0.93,0.72,0.67,0.9899999999999949
2017-04-24,002583,78.14,79.73,80.61,77.75,158495,228301659.0,3.66,2.03,1.59,1.86,2.8599999999999994
2017-04-25,002583,79.73,81.16,81.6,78.3,118268,172426589.0,4.14,1.79,1.43,1.38,3.299999999999997
2017-04-26,002583,80.83,80.06,82.1,79.9,93476,137321571.0,2.71,-1.36,-1.1,1.09,2.1999999999999886
2017-04-27,002583,79.79,82.65,82.65,78.96,130712,191434968.0,4.61,3.24,2.59,1.53,3.690000000000012
2017-04-28,002583,82.37,82.76,83.31,81.77,75034,112363665.0,1.86,0.13,0.11,0.88,1.5400000000000063
2017-05-02,002583,83.42,82.21,83.47,81.71,58201,86924516.0,2.13,-0.66,-0.55,0.68,1.7600000000000051
2017-05-03,002583,82.21,83.47,83.53,80.89,98776,147254642.0,3.21,1.53,1.26,1.16,2.6400000000000006
2017-05-04,002583,83.25,82.26,83.97,82.15,65672,98606543.0,2.18,-1.45,-1.21,0.77,1.8199999999999932
2017-05-05,002583,82.1,81.88,82.92,81.71,52619,78367050.0,1.47,-0.46,-0.38,0.62,1.210000000000008
2017-05-08,002583,81.27,81.55,82.81,81.27,50642,75209264.0,1.88,-0.4,-0.33,0.59,1.5400000000000063
2017-05-09,002583,81.77,81.44,81.82,80.17,76190,111461195.0,2.02,-0.13,-0.11,0.89,1.6499999999999915
2017-05-10,002583,81.88,81.55,83.75,81.27,90540,135293525.0,3.05,0.14,0.11,1.06,2.480000000000004
2017-05-11,002583,81.55,82.1,82.54,80.45,73615,108436046.0,2.56,0.67,0.55,0.86,2.0900000000000034
2017-05-12,002583,82.1,81.88,82.37,81.27,52385,77636043.0,1.34,-0.27,-0.22,0.61,1.1000000000000085
2017-05-15,002583,82.37,82.65,83.47,81.22,90363,134679509.0,2.75,0.94,0.77,1.06,2.25
2017-05-16,002583,82.37,84.74,84.85,81.27,128246,192984739.0,4.33,2.53,2.09,1.5,3.5799999999999983
2017-05-17,002583,84.57,85.62,86.22,84.13,123323,190946175.0,2.47,1.04,0.88,1.44,2.0900000000000034
2017-05-18,002583,85.01,83.53,85.01,83.2,87888,133544425.0,2.11,-2.44,-2.09,1.03,1.8100000000000023
2017-05-19,002583,83.91,82.1,83.91,81.55,85081,126962421.0,2.83,-1.71,-1.43,0.99,2.3599999999999994
2017-05-22,002583,82.26,82.1,83.47,80.5,51468,76284251.0,3.62,0.0,0.0,0.6,2.969999999999999
2017-05-23,002583,82.1,81.99,82.81,81.82,44292,65962052.0,1.21,-0.13,-0.11,0.52,0.9900000000000091
2017-05-24,002583,82.15,81.6,82.26,76.05,163778,234392910.0,7.57,-0.48,-0.39,1.91,6.210000000000008
2017-05-25,002583,80.97,79.32,81.35,77.45,104647,149650394.0,4.78,-2.79,-2.28,1.22,3.8999999999999915
2017-05-26,002583,79.32,79.26,80.14,78.33,33121,47375460.0,2.28,-0.08,-0.06,0.39,1.8100000000000023
2017-05-31,002583,79.81,81.08,81.24,79.32,51383,74523205.0,2.42,2.3,1.82,0.6,1.9200000000000017
2017-06-01,002583,81.13,80.69,81.74,80.58,42171,61872236.0,1.43,-0.48,-0.39,0.49,1.1599999999999966
2017-06-02,002583,80.69,81.9,81.96,78.88,81518,118015371.0,3.82,1.5,1.21,0.95,3.0799999999999983
2017-06-05,002583,82.23,79.76,82.45,79.65,63470,92635865.0,3.42,-2.61,-2.14,0.74,2.799999999999997
2017-06-06,002583,79.81,79.65,80.91,78.71,51020,73163251.0,2.76,-0.14,-0.11,0.6,2.200000000000003
2017-06-07,002583,80.25,82.18,82.84,79.7,100458,148475794.0,3.94,3.18,2.53,1.17,3.1400000000000006
2017-06-08,002583,82.18,83.28,84.21,81.85,103699,156275416.0,2.87,1.34,1.1,1.21,2.3599999999999994
2017-06-09,002583,83.44,84.05,84.49,82.73,90819,137363212.0,2.11,0.92,0.77,1.06,1.759999999999991
2017-06-12,002583,83.94,82.12,83.94,82.12,56271,83927997.0,2.17,-2.3,-1.93,0.66,1.8199999999999932
2017-06-13,002583,82.12,83.44,83.99,81.68,42321,63606619.0,2.81,1.61,1.32,0.49,2.309999999999988
2017-06-14,002583,83.39,82.73,83.5,82.4,38762,57965069.0,1.32,-0.85,-0.71,0.45,1.0999999999999943
2017-06-15,002583,82.84,83.83,83.99,82.56,65504,98585676.0,1.73,1.33,1.1,0.77,1.4299999999999926
2017-06-16,002583,83.55,82.01,83.66,82.01,69605,103981967.0,1.97,-2.17,-1.82,0.81,1.6499999999999915
2017-06-19,002583,82.12,83.83,84.49,82.12,94930,143285292.0,2.89,2.22,1.82,1.11,2.3699999999999903
2017-06-20,002583,83.83,83.33,84.16,82.18,82058,123334012.0,2.36,-0.6,-0.5,0.96,1.9799999999999898
2017-06-21,002583,83.44,85.31,85.75,82.4,144857,220194612.0,4.02,2.38,1.98,1.69,3.3499999999999943
2017-06-22,002583,85.04,84.93,85.97,84.21,105123,161485996.0,2.06,-0.45,-0.38,1.23,1.7600000000000051
2017-06-23,002583,84.38,86.19,86.41,83.99,91991,141327107.0,2.85,1.48,1.26,1.07,2.4200000000000017
2017-06-26,002583,86.08,87.57,88.23,85.2,133693,209939910.0,3.52,1.6,1.38,1.56,3.030000000000001
2017-06-27,002583,87.62,86.58,87.73,86.47,89845,140994430.0,1.44,-1.13,-0.99,1.05,1.2600000000000051
2017-06-28,002583,86.58,85.15,86.58,84.98,73530,113750234.0,1.85,-1.65,-1.43,0.86,1.5999999999999943
2017-06-29,002583,85.42,83.88,85.92,83.88,129520,198557308.0,2.4,-1.49,-1.27,1.51,2.0400000000000063
2017-06-30,002583,83.66,89.11,89.11,83.66,179414,282865712.0,6.5,6.24,5.23,2.09,5.450000000000003
2017-07-03,002583,88.56,88.34,89.88,87.4,142567,227815597.0,2.78,-0.86,-0.77,1.66,2.4799999999999898
2017-07-04,002583,87.29,90.21,90.21,87.13,130566,208751908.0,3.49,2.12,1.87,1.52,3.0799999999999983
2017-07-05,002583,90.21,91.53,93.45,89.16,190941,315870640.0,4.76,1.46,1.32,2.23,4.290000000000006
2017-07-06,002583,91.2,91.58,91.97,90.32,69258,114075086.0,1.8,0.05,0.05,0.81,1.6500000000000057
2017-07-07,002583,91.91,91.53,92.02,90.54,36978,60876184.0,1.62,-0.05,-0.05,0.43,1.4799999999999898
2017-07-10,002583,91.36,88.89,93.01,88.17,97347,158166650.0,5.29,-2.88,-2.64,1.14,4.840000000000003
2017-07-11,002583,89.6,88.78,90.48,87.57,76183,122304082.0,3.27,-0.12,-0.11,0.89,2.910000000000011
2017-07-12,002583,88.78,88.17,89.44,87.51,71456,113651903.0,2.17,-0.69,-0.61,0.83,1.9299999999999926
2017-07-13,002583,88.72,89.27,90.54,87.79,63280,102079102.0,3.12,1.25,1.1,0.74,2.75
2017-07-14,002583,89.27,88.01,89.66,87.79,57868,92372339.0,2.09,-1.41,-1.26,0.67,1.8699999999999903
2017-07-17,002583,87.84,85.53,88.06,85.31,81866,127957953.0,3.12,-2.82,-2.48,0.95,2.75
2017-07-18,002583,85.48,88.5,88.78,85.48,74656,118089372.0,3.86,3.47,2.97,0.87,3.299999999999997
2017-07-19,002583,88.78,90.32,90.76,88.06,107456,174630574.0,3.05,2.06,1.82,1.25,2.700000000000003
2017-07-20,002583,90.15,90.32,90.98,89.77,36214,59149032.0,1.34,0.0,0.0,0.42,1.210000000000008
2017-07-21,002583,90.81,91.31,91.64,89.88,63919,104972647.0,1.95,1.1,0.99,0.74,1.7600000000000051
2017-07-24,002583,91.36,89.77,91.58,89.22,64262,104442034.0,2.58,-1.69,-1.54,0.75,2.3599999999999994
2017-07-25,002583,89.93,90.43,91.09,89.22,31400,51226831.0,2.08,0.74,0.66,0.37,1.8700000000000045
2017-07-26,002583,90.26,90.76,91.25,89.44,37463,61164662.0,2.0,0.36,0.33,0.44,1.8100000000000023
2017-07-27,002583,90.81,91.75,91.75,90.43,53685,88388642.0,1.45,1.09,0.99,0.63,1.3199999999999932
2017-07-28,002583,91.64,91.2,91.64,90.04,45810,75033495.0,1.74,-0.6,-0.55,0.53,1.5999999999999943
2017-07-31,002583,91.36,91.97,92.35,89.49,75266,123617335.0,3.14,0.84,0.77,0.88,2.8599999999999994
2017-08-01,002583,91.31,91.36,92.13,90.54,59722,98387254.0,1.73,-0.66,-0.61,0.7,1.5899999999999892
2017-08-02,002583,91.31,89.0,91.31,87.29,126419,203696670.0,4.4,-2.58,-2.36,1.47,4.019999999999996
2017-08-03,002583,88.45,86.03,88.61,85.09,140456,219276411.0,3.96,-3.34,-2.97,1.64,3.519999999999996
2017-08-04,002583,85.86,84.82,86.36,83.94,72035,110570147.0,2.81,-1.41,-1.21,0.84,2.4200000000000017
2017-08-07,002583,85.31,85.2,86.3,84.32,44850,69133741.0,2.33,0.45,0.38,0.52,1.980000000000004
2017-08-08,002583,85.59,84.27,85.59,83.72,59597,90753122.0,2.19,-1.09,-0.93,0.69,1.8700000000000045
2017-08-09,002583,83.94,85.81,85.92,82.84,66803,101944505.0,3.65,1.83,1.54,0.78,3.0799999999999983
2017-08-10,002583,85.31,84.54,85.97,84.49,26503,40697179.0,1.72,-1.48,-1.27,0.31,1.480000000000004
2017-08-11,002583,83.66,84.76,85.59,83.5,29226,44756553.0,2.47,0.26,0.22,0.34,2.0900000000000034
2017-08-14,002583,84.49,86.52,87.35,84.49,50923,79460219.0,3.37,2.08,1.76,0.59,2.8599999999999994
2017-08-15,002583,86.96,86.74,87.13,85.31,63961,99329128.0,2.1,0.25,0.22,0.75,1.8199999999999932
2017-08-16,002583,86.41,84.16,86.63,83.39,78178,119514746.0,3.74,-2.97,-2.58,0.91,3.239999999999995
2017-08-17,002583,83.99,83.77,84.49,82.78,76701,115252147.0,2.03,-0.46,-0.39,0.89,1.7099999999999937
2017-08-18,002583,83.22,82.29,84.93,81.41,97551,145324058.0,4.2,-1.77,-1.48,1.14,3.5200000000000102
2017-08-21,002583,81.41,83.11,83.33,81.19,71980,107346514.0,2.6,1.0,0.82,0.84,2.1400000000000006
2017-08-22,002583,83.66,84.49,85.97,83.17,121519,186913271.0,3.37,1.66,1.38,1.42,2.799999999999997
2017-08-23,002583,83.55,84.87,86.14,83.44,135874,209463777.0,3.2,0.45,0.38,1.3,2.700000000000003
2017-08-24,002583,84.87,84.93,85.97,83.99,54243,83214894.0,2.33,0.07,0.06,0.52,1.980000000000004
2017-08-25,002583,84.21,84.21,85.48,83.94,81626,124838048.0,1.81,-0.85,-0.72,0.78,1.5400000000000063
2017-08-28,002583,83.17,81.96,83.33,80.09,231594,340439904.0,3.85,-2.67,-2.25,2.21,3.239999999999995
2017-08-29,002583,82.18,83.77,84.54,82.01,144950,218862651.0,3.09,2.21,1.81,1.38,2.530000000000001
2017-08-30,002583,83.99,83.77,84.21,82.84,69527,104804859.0,1.64,0.0,0.0,0.66,1.3699999999999903
2017-08-31,002583,83.5,83.94,84.21,83.0,54571,82249298.0,1.44,0.2,0.17,0.52,1.2099999999999937
2017-09-01,002583,83.94,84.82,85.48,83.39,71793,109141107.0,2.49,1.05,0.88,0.69,2.0900000000000034
2017-09-04,002583,84.49,85.92,86.14,84.1,87381,134865827.0,2.41,1.3,1.1,0.83,2.0400000000000063
2017-09-05,002583,85.92,85.59,86.41,84.76,50302,77634939.0,1.92,-0.38,-0.33,0.48,1.6499999999999915
2017-09-06,002583,85.37,86.41,87.24,84.93,68503,106951819.0,2.7,0.96,0.82,0.65,2.309999999999988
2017-09-07,002583,86.25,87.24,87.95,86.25,67279,106144489.0,1.97,0.96,0.83,0.64,1.7000000000000028
2017-09-08,002583,87.4,85.86,88.12,85.26,62997,98091559.0,3.28,-1.58,-1.38,0.6,2.8599999999999994
2017-09-11,002583,85.86,87.79,88.06,85.26,83008,130229587.0,3.26,2.25,1.93,0.79,2.799999999999997
2017-09-12,002583,87.9,89.44,89.71,87.24,124573,200571086.0,2.81,1.88,1.65,1.19,2.469999999999999
2017-09-13,002583,89.44,90.59,90.76,89.05,102455,166815091.0,1.91,1.29,1.15,0.98,1.710000000000008
2017-09-14,002583,90.54,88.61,90.54,88.56,55880,90122660.0,2.19,-2.19,-1.98,0.53,1.980000000000004
2017-09-15,002583,88.56,88.06,89.05,87.4,32672,52078339.0,1.86,-0.62,-0.55,0.31,1.6499999999999915
2017-09-18,002583,88.06,89.44,89.71,87.51,70915,113731456.0,2.5,1.57,1.38,0.68,2.1999999999999886
2017-09-19,002583,88.67,87.62,89.38,86.63,74681,118521860.0,3.07,-2.03,-1.82,0.71,2.75
2017-09-20,002583,87.62,88.39,88.61,86.41,80063,126348586.0,2.51,0.88,0.77,0.76,2.200000000000003
2017-09-21,002583,88.34,86.63,88.34,86.3,67204,105380684.0,2.31,-1.99,-1.76,0.64,2.0400000000000063
2017-09-22,002583,86.63,87.18,87.51,85.31,52504,81844792.0,2.54,0.63,0.55,0.5,2.200000000000003
2017-09-25,002583,87.35,89.49,89.77,86.3,80132,128429250.0,3.98,2.65,2.31,0.76,3.469999999999999
2017-09-26,002583,89.16,89.27,90.26,88.06,75595,121655194.0,2.46,-0.25,-0.22,0.72,2.200000000000003
2017-09-27,002583,89.71,90.98,91.64,88.83,82790,135452072.0,3.15,1.92,1.71,0.79,2.8100000000000023
2017-09-28,002583,90.59,89.49,91.53,89.44,54320,88502318.0,2.3,-1.64,-1.49,0.52,2.0900000000000034
2017-09-29,002583,89.6,91.86,91.97,89.55,79524,130870549.0,2.7,2.65,2.37,0.76,2.4200000000000017
2017-10-09,002583,93.01,95.93,96.26,92.96,140138,240278637.0,3.59,4.43,4.07,1.34,3.3000000000000114
2017-10-10,002583,95.43,96.2,96.75,94.0,80698,138957222.0,2.87,0.28,0.27,0.77,2.75
2017-10-11,002583,94.66,94.11,97.19,94.11,73098,125679069.0,3.2,-2.17,-2.09,0.7,3.0799999999999983
2017-10-12,002583,94.22,95.1,97.3,94.11,46885,81168072.0,3.39,1.05,0.99,0.45,3.1899999999999977
2017-10-13,002583,95.16,94.94,96.09,94.06,34899,59779193.0,2.13,-0.17,-0.16,0.33,2.030000000000001
2017-10-16,002583,94.94,95.49,95.65,94.39,43659,75033585.0,1.33,0.58,0.55,0.42,1.2600000000000051
2017-10-17,002583,95.49,98.62,99.61,95.1,112162,198882103.0,4.72,3.28,3.13,1.07,4.510000000000005
2017-10-18,002583,99.06,98.79,100.11,97.85,46458,82976072.0,2.29,0.17,0.17,0.44,2.260000000000005
2017-10-19,002583,98.79,98.62,99.56,96.7,50922,89954077.0,2.9,-0.17,-0.17,0.49,2.8599999999999994
2017-10-20,002583,98.51,98.4,98.95,96.64,48211,85124904.0,2.34,-0.22,-0.22,0.46,2.3100000000000023
2017-10-23,002583,98.46,95.71,99.5,95.38,69183,121116018.0,4.19,-2.73,-2.69,0.66,4.1200000000000045
2017-10-24,002583,96.64,96.31,96.92,95.21,46356,80435859.0,1.79,0.63,0.6,0.44,1.710000000000008
2017-10-25,002583,95.71,93.73,95.71,91.97,233672,392413552.0,3.88,-2.68,-2.58,2.23,3.739999999999995
2017-10-26,002583,93.84,96.86,96.86,93.07,150040,257347258.0,4.04,3.34,3.13,1.43,3.7900000000000063
2017-10-27,002583,98.51,101.7,103.08,97.69,233032,427023344.0,5.56,5.0,4.84,2.22,5.390000000000001
2017-10-30,002583,102.8,101.37,103.46,99.89,104572,192225072.0,3.51,-0.32,-0.33,1.0,3.569999999999993
2017-10-31,002583,101.92,105.99,106.16,100.88,155684,291862288.0,5.21,4.56,4.62,1.49,5.280000000000001
2017-11-01,002583,107.09,105.11,110.5,104.29,186972,363264416.0,5.86,-0.83,-0.88,1.78,6.209999999999994
2017-11-02,002583,106.82,106.21,107.48,102.97,126968,240720930.0,4.29,1.05,1.1,1.21,4.510000000000005
2017-11-03,002583,106.21,106.76,109.79,104.51,145591,282174064.0,4.97,0.52,0.55,1.39,5.280000000000001
2017-11-06,002583,108.08,117.38,117.38,107.59,242091,490480000.0,9.17,9.95,10.62,2.31,9.789999999999992
2017-11-07,002583,117.16,120.46,122.44,115.51,298879,643312560.0,5.9,2.62,3.08,2.85,6.929999999999993
2017-11-08,002583,119.96,121.45,126.84,119.85,259105,576282464.0,5.8,0.82,0.99,2.47,6.990000000000009
2017-11-09,002583,122.44,122.82,124.2,120.62,187054,415132256.0,2.95,1.13,1.37,1.79,3.5799999999999983
2017-11-10,002583,121.61,123.26,128.1,120.9,197813,444727952.0,5.86,0.36,0.44,1.89,7.199999999999989
2017-11-13,002583,122.66,121.06,123.98,117.87,226646,493752560.0,4.96,-1.78,-2.2,2.16,6.109999999999999
2017-11-14,002583,121.28,116.44,121.39,116.44,151846,326946592.0,4.09,-3.82,-4.62,1.45,4.950000000000003
2017-11-15,002583,117.82,113.14,118.75,110.23,321395,656527904.0,7.32,-2.83,-3.3,3.07,8.519999999999996
2017-11-16,002583,113.2,115.89,117.6,109.51,265609,543285696.0,7.15,2.43,2.75,2.53,8.08999999999999
2017-11-17,002583,114.74,113.42,117.27,112.32,165690,344980016.0,4.27,-2.13,-2.47,1.58,4.950000000000003
2017-11-20,002583,113.36,121.61,122.66,110.94,219180,466561648.0,10.33,7.22,8.19,2.09,11.719999999999999
2017-11-21,002583,119.74,121.72,124.03,118.86,173157,380455488.0,4.25,0.09,0.11,1.65,5.170000000000002
2017-11-22,002583,122.16,122.38,123.59,120.79,120029,265109891.0,2.3,0.54,0.66,1.15,2.799999999999997
2017-11-23,002583,122.16,116.11,122.16,110.67,217847,457825664.0,9.39,-5.12,-6.27,2.08,11.489999999999995
2017-11-24,002583,116.11,112.32,116.11,112.04,137815,283133392.0,3.51,-3.26,-3.79,1.31,4.069999999999993
2017-11-27,002583,112.26,110.61,114.35,110.06,93214,188496451.0,3.82,-1.52,-1.71,0.89,4.289999999999992
2017-11-28,002583,111.16,112.81,113.09,109.46,86216,173379845.0,3.28,1.99,2.2,0.82,3.6300000000000097
2017-11-29,002583,113.09,110.06,113.14,107.53,126617,251489021.0,4.97,-2.44,-2.75,1.21,5.609999999999999
2017-11-30,002583,110.34,106.05,110.83,105.28,114312,222043671.0,5.04,-3.64,-4.01,1.09,5.549999999999997
2017-12-01,002583,105.83,105.55,106.98,104.51,116689,223603900.0,2.33,-0.47,-0.5,1.11,2.469999999999999
2017-12-04,002583,106.21,107.04,109.24,105.44,96638,187636186.0,3.6,1.41,1.49,0.92,3.799999999999997
2017-12-05,002583,106.98,106.76,108.14,105.66,75398,145819805.0,2.32,-0.26,-0.28,0.72,2.480000000000004
2017-12-06,002583,106.1,107.2,107.75,104.56,76351,146336537.0,2.99,0.41,0.44,0.73,3.1899999999999977
2017-12-07,002583,107.26,102.64,107.53,100.71,152378,283714128.0,6.36,-4.25,-4.56,1.45,6.820000000000007
2017-12-08,002583,102.36,105.11,105.39,101.65,135849,254904332.0,3.64,2.41,2.47,1.3,3.739999999999995
2017-12-11,002583,105.17,108.63,109.95,103.85,92508,180670171.0,5.8,3.35,3.52,0.88,6.1000000000000085
2017-12-12,002583,105.39,103.46,106.21,101.43,275701,517291184.0,4.4,-4.76,-5.17,2.63,4.779999999999987
2017-12-13,002583,103.19,101.1,104.34,99.61,150531,276656304.0,4.57,-2.28,-2.36,1.44,4.730000000000004
2017-12-14,002583,101.54,107.2,109.18,101.15,158937,301228096.0,7.94,6.03,6.1,1.52,8.030000000000001
2017-12-15,002583,106.71,104.95,108.41,103.46,87313,166298883.0,4.62,-2.1,-2.25,0.83,4.950000000000003
2017-12-18,002583,104.95,104.78,106.16,104.18,53402,101518342.0,1.89,-0.16,-0.17,0.51,1.9799999999999898
2017-12-19,002583,104.84,104.67,105.44,102.36,56988,106762636.0,2.94,-0.1,-0.11,0.54,3.0799999999999983
2017-12-20,002583,104.56,105.88,106.38,102.91,83577,158069927.0,3.32,1.16,1.21,0.8,3.469999999999999
2017-12-21,002583,105.33,107.86,108.41,102.64,91085,174679698.0,5.45,1.87,1.98,0.87,5.769999999999996
2017-12-22,002583,107.53,107.42,110.17,106.76,71339,139902514.0,3.16,-0.41,-0.44,0.68,3.4099999999999966
2017-12-25,002583,107.31,103.9,108.91,102.91,81626,154908351.0,5.59,-3.28,-3.52,0.78,6.0
2017-12-26,002583,103.79,102.03,104.29,100.44,92499,170337325.0,3.71,-1.8,-1.87,0.88,3.8500000000000085
2017-12-27,002583,102.03,99.56,102.03,98.4,118671,213595358.0,3.56,-2.42,-2.47,1.13,3.6299999999999955
2017-12-28,002583,99.56,99.01,100.66,98.51,75637,136220843.0,2.16,-0.55,-0.55,0.72,2.1499999999999915
2017-12-29,002583,99.12,102.42,103.35,99.12,101409,186250173.0,4.27,3.44,3.41,0.97,4.22999999999999
2018-01-02,002583,103.24,100.05,103.24,98.68,107055,193869486.0,4.45,-2.31,-2.37,1.02,4.559999999999988
2018-01-03,002583,100.22,104.56,104.84,98.95,188905,348332544.0,5.89,4.51,4.51,1.8,5.890000000000001
2018-01-04,002583,104.56,104.29,104.56,102.14,124137,231567658.0,2.31,-0.26,-0.27,1.19,2.4200000000000017
2018-01-05,002583,104.07,102.09,104.12,101.7,82883,153575960.0,2.32,-2.11,-2.2,0.79,2.4200000000000017
2018-01-08,002583,102.09,96.04,102.14,94.22,299261,523565232.0,7.76,-5.93,-6.05,2.86,7.920000000000002
2018-01-09,002583,94.28,92.85,96.59,89.99,343440,573604080.0,6.87,-3.32,-3.19,3.28,6.6000000000000085
2018-01-10,002583,92.85,93.73,94.39,90.26,237655,395145872.0,4.45,0.95,0.88,2.27,4.1299999999999955
2018-01-11,002583,92.9,91.64,93.34,91.64,118859,198089042.0,1.81,-2.23,-2.09,1.13,1.7000000000000028
2018-01-12,002583,91.8,88.61,91.86,87.13,258120,413540848.0,5.16,-3.31,-3.03,2.46,4.730000000000004
2018-01-15,002583,89.44,87.24,90.37,85.92,197462,313326768.0,5.02,-1.55,-1.37,1.89,4.450000000000003
2018-01-16,002583,87.07,81.41,88.01,80.42,272196,409977296.0,8.7,-6.68,-5.83,2.6,7.590000000000003
2018-01-17,002583,81.79,85.2,86.14,77.83,358453,529293920.0,10.21,4.66,3.79,3.42,8.310000000000002
2018-01-18,002583,83.33,84.87,87.4,82.89,188704,291144000.0,5.29,-0.39,-0.33,1.8,4.510000000000005
2018-01-19,002583,84.05,88.61,89.77,84.05,202207,319866112.0,6.74,4.41,3.74,1.93,5.719999999999999
2018-01-22,002583,89.6,86.14,89.6,85.2,187956,293067504.0,4.97,-2.79,-2.47,1.79,4.3999999999999915
2018-01-23,002583,85.86,81.57,86.58,80.91,267475,399261488.0,6.58,-5.31,-4.57,2.55,5.670000000000002
2018-01-24,002583,81.35,79.76,83.72,78.16,318035,462456320.0,6.82,-2.22,-1.81,3.04,5.560000000000002
2018-01-25,002583,79.59,79.81,82.29,78.82,306644,445113536.0,4.35,0.06,0.05,2.93,3.470000000000013
2018-01-26,002583,80.42,78.93,81.19,78.33,116700,167221921.0,3.58,-1.1,-0.88,1.11,2.8599999999999994
2018-01-29,002583,78.16,75.85,80.25,75.47,182580,254299439.0,6.06,-3.9,-3.08,1.74,4.780000000000001
2018-01-30,002583,76.51,76.24,77.28,74.37,163139,222976516.0,3.84,0.51,0.39,1.56,2.9099999999999966
2018-01-31,002583,68.7,68.7,68.7,68.7,148518,183865284.0,0.0,-9.89,-7.54,1.42,0.0
2018-02-01,002583,61.88,61.88,61.88,61.88,79541,88608674.0,0.0,-9.93,-6.82,0.76,0.0
2018-02-02,002583,56.16,61.11,67.71,56.16,922927,995342720.0,18.67,-1.24,-0.77,8.81,11.549999999999997
2018-02-05,002583,59.35,58.8,60.78,57.54,310938,329546464.0,5.3,-3.78,-2.31,2.97,3.240000000000002
2018-02-06,002583,57.32,60.07,62.49,56.22,290127,316357952.0,10.66,2.16,1.27,2.77,6.270000000000003
2018-02-07,002583,61.83,61.77,63.75,60.51,210359,234815706.0,5.39,2.83,1.7,2.01,3.240000000000002
2018-02-08,002583,61.99,64.3,64.74,61.22,150374,173082229.0,5.7,4.1,2.53,1.44,3.519999999999996
2018-02-09,002583,62.87,62.21,63.92,60.56,212351,238286448.0,5.23,-3.25,-2.09,2.03,3.3599999999999994
2018-02-12,002583,62.76,64.08,64.8,62.76,120302,139101024.0,3.28,3.01,1.87,1.15,2.039999999999999
2018-02-13,002583,64.41,66.45,66.67,64.3,143601,170479048.0,3.7,3.7,2.37,1.37,2.3700000000000045
2018-02-14,002583,67.0,65.68,67.05,64.41,88963,104744425.0,3.97,-1.16,-0.77,0.85,2.6400000000000006
2018-02-22,002583,66.39,65.29,66.56,63.97,111559,130609376.0,3.94,-0.59,-0.39,1.07,2.5900000000000034
2018-02-23,002583,65.35,68.15,68.43,64.96,184122,221481120.0,5.31,4.38,2.86,1.76,3.470000000000013
2018-02-26,002583,68.59,73.32,74.26,67.55,211882,272590816.0,9.85,7.59,5.17,2.02,6.710000000000008
2018-02-27,002583,74.2,72.72,75.19,72.44,126744,167938191.0,3.75,-0.82,-0.6,1.21,2.75
2018-02-28,002583,72.77,73.16,74.31,70.46,91504,120624396.0,5.29,0.61,0.44,0.87,3.8500000000000085
2018-03-01,002583,72.88,73.93,74.26,72.17,108178,143275004.0,2.86,1.05,0.77,1.03,2.0900000000000034
2018-03-02,002583,73.32,71.67,73.87,70.74,140354,181497862.0,4.23,-3.06,-2.26,1.34,3.1300000000000097
2018-03-05,002583,71.67,71.29,72.0,69.42,126893,161543308.0,3.6,-0.53,-0.38,1.21,2.5799999999999983
2018-03-06,002583,71.56,72.28,73.27,70.85,105858,137680416.0,3.39,1.39,0.99,1.01,2.4200000000000017
2018-03-07,002583,72.55,70.74,72.94,70.63,77755,100605249.0,3.2,-2.13,-1.54,0.74,2.3100000000000023
2018-03-08,002583,70.85,71.07,71.67,69.75,85162,108627078.0,2.71,0.47,0.33,0.81,1.9200000000000017
2018-03-09,002583,71.07,73.93,74.64,71.07,171945,225830366.0,5.02,4.02,2.86,1.64,3.5700000000000074
2018-03-12,002583,74.86,74.92,75.36,73.21,171235,229851292.0,2.91,1.34,0.99,1.63,2.1500000000000057
2018-03-13,002583,75.3,73.27,75.3,72.83,153174,203033785.0,3.3,-2.2,-1.65,1.46,2.469999999999999
2018-03-14,002583,73.49,71.29,73.82,71.29,109961,142477048.0,3.45,-2.7,-1.98,1.05,2.529999999999987
2018-03-15,002583,70.85,68.87,71.67,67.27,166791,209234643.0,6.17,-3.39,-2.42,1.59,4.400000000000006
2018-03-16,002583,69.31,69.42,69.75,67.88,104889,130150638.0,2.72,0.8,0.55,1.0,1.8700000000000045
2018-03-19,002583,69.36,69.47,70.63,68.43,58746,73629733.0,3.17,0.07,0.05,0.56,2.1999999999999886
2018-03-20,002583,68.26,69.64,70.08,67.6,71239,88690390.0,3.57,0.24,0.17,0.68,2.480000000000004
2018-03-21,002583,69.91,68.54,70.74,68.37,75638,95018836.0,3.4,-1.58,-1.1,0.72,2.3699999999999903
2018-03-22,002583,68.15,66.67,69.64,66.34,77914,94893163.0,4.81,-2.73,-1.87,0.74,3.299999999999997
2018-03-23,002583,63.53,62.87,65.73,62.1,117276,135145213.0,5.44,-5.7,-3.8,1.12,3.6300000000000026
2018-03-26,002583,62.16,63.7,64.03,60.45,120764,135924575.0,5.69,1.32,0.83,1.15,3.5799999999999983
2018-03-27,002583,64.8,65.35,66.61,64.25,134315,157956490.0,3.7,2.59,1.65,1.28,2.3599999999999994
2018-03-28,002583,64.36,66.17,67.22,63.92,112413,134166130.0,5.05,1.25,0.82,1.07,3.299999999999997
2018-03-29,002583,66.23,66.56,67.33,65.73,63543,76167513.0,2.42,0.59,0.39,0.61,1.5999999999999943
2018-03-30,002583,62.93,65.13,66.39,62.87,172180,200388607.0,5.29,-2.15,-1.43,1.64,3.520000000000003
2018-04-02,002583,66.06,67.44,68.04,64.47,155299,186352260.0,5.48,3.55,2.31,1.48,3.5700000000000074
2018-04-03,002583,66.06,66.61,67.88,65.84,115616,138719127.0,3.02,-1.23,-0.83,1.1,2.039999999999992
2018-04-04,002583,66.67,64.58,67.16,64.41,98825,116488587.0,4.13,-3.05,-2.03,0.94,2.75
2018-04-09,002583,64.3,64.41,65.51,63.97,51987,60406558.0,2.38,-0.26,-0.17,0.5,1.5400000000000063
2018-04-10,002583,64.91,65.62,66.61,63.64,68170,79556162.0,4.61,1.88,1.21,0.65,2.969999999999999
2018-04-11,002583,65.84,65.68,67.05,64.96,67606,80254221.0,3.19,0.09,0.06,0.65,2.0900000000000034
2018-04-12,002583,64.85,64.69,65.57,64.3,60493,70493819.0,1.93,-1.51,-0.99,0.58,1.269999999999996
2018-04-13,002583,65.29,63.81,65.46,63.64,72502,83695212.0,2.81,-1.36,-0.88,0.69,1.8199999999999932
2018-04-16,002583,63.42,62.76,64.14,62.32,57790,65736112.0,2.85,-1.65,-1.05,0.55,1.8200000000000003
2018-04-17,002583,62.76,61.77,63.75,61.66,53582,60542878.0,3.33,-1.58,-0.99,0.51,2.0900000000000034
2018-04-18,002583,62.49,62.71,62.87,60.67,92422,102694482.0,3.56,1.52,0.94,0.88,2.1999999999999957
2018-04-19,002583,62.87,62.93,63.48,62.32,49520,56027825.0,1.85,0.35,0.22,0.47,1.1599999999999966
2018-04-20,002583,62.98,61.22,63.2,61.06,86780,96186518.0,3.4,-2.72,-1.71,0.83,2.1400000000000006
2018-04-23,002583,61.39,60.95,62.16,60.56,73108,80539767.0,2.61,-0.44,-0.27,0.7,1.5999999999999943
2018-04-24,002583,60.51,58.8,60.51,57.81,184227,194617943.0,4.43,-3.53,-2.15,1.76,2.6999999999999957
2018-04-25,002583,58.36,59.79,61.61,58.09,130412,140564309.0,5.99,1.68,0.99,1.25,3.519999999999996
2018-04-26,002583,59.96,57.32,60.84,57.26,142102,150575259.0,5.99,-4.13,-2.47,1.36,3.5800000000000054
2018-04-27,002583,58.36,58.2,59.3,57.37,103871,108588080.0,3.37,1.54,0.88,0.99,1.9299999999999997
2018-05-02,002583,58.36,57.21,58.8,56.82,70386,73027876.0,3.4,-1.7,-0.99,0.67,1.9799999999999969
2018-05-03,002583,57.15,61.66,61.72,57.15,157121,168151026.0,7.99,7.78,4.45,1.5,4.57
2018-05-04,002583,60.84,59.57,61.39,59.24,151403,163427011.0,3.49,-3.39,-2.09,1.45,2.1499999999999986
2018-05-07,002583,60.07,61.17,62.49,60.07,134809,149111682.0,4.06,2.69,1.6,1.29,2.4200000000000017
2018-05-08,002583,61.22,61.61,62.05,60.67,99546,110034973.0,2.26,0.72,0.44,0.95,1.3799999999999955
2018-05-09,002583,61.94,60.95,62.05,60.78,65885,72458523.0,2.06,-1.07,-0.66,0.63,1.269999999999996
2018-05-10,002583,61.44,60.45,61.61,59.79,71639,78171013.0,2.99,-0.82,-0.5,0.68,1.8200000000000003
2018-05-11,002583,60.78,61.28,61.61,60.67,70102,77243572.0,1.56,1.37,0.83,0.67,0.9399999999999977
2018-05-14,002583,61.39,58.8,61.55,58.36,137924,147199942.0,5.21,-4.05,-2.48,1.32,3.1899999999999977
2018-05-15,002583,58.75,59.3,59.52,58.36,71039,75388892.0,1.97,0.85,0.5,0.68,1.1600000000000037
2018-05-16,002583,59.13,58.8,59.57,58.53,83309,88532496.0,1.75,-0.84,-0.5,0.8,1.0399999999999991
2018-05-17,002583,58.64,57.48,58.97,57.26,95968,99831309.0,2.91,-2.24,-1.32,0.92,1.7100000000000009
2018-05-18,002583,57.59,57.81,58.09,56.99,76152,78704736.0,1.91,0.57,0.33,0.73,1.1000000000000014
2018-05-21,002583,58.36,58.8,59.35,58.36,83349,88352113.0,1.71,1.71,0.99,0.8,0.990000000000002
2018-05-22,002583,58.36,60.45,60.89,58.36,113801,122806208.0,4.3,2.81,1.65,1.09,2.530000000000001
2018-05-23,002583,60.51,60.73,61.22,59.68,103548,113067572.0,2.55,0.46,0.28,0.99,1.5399999999999991
2018-05-24,002583,60.67,59.24,60.84,59.02,113521,122009060.0,3.0,-2.45,-1.49,1.08,1.8200000000000003
2018-05-25,002583,58.91,57.81,59.74,57.59,88389,92699027.0,3.63,-2.41,-1.43,0.84,2.1499999999999986
2018-05-28,002583,57.04,55.17,57.04,53.96,153461,153331987.0,5.33,-4.57,-2.64,1.47,3.0799999999999983
2018-05-29,002583,55.94,55.83,56.27,55.12,75150,75201409.0,2.08,1.2,0.66,0.72,1.1500000000000057
2018-05-30,002583,54.9,53.25,55.34,53.03,82152,80058835.0,4.14,-4.62,-2.58,0.78,2.3100000000000023
2018-05-31,002583,54.02,55.17,56.16,53.69,101491,100132336.0,4.64,3.61,1.92,0.97,2.469999999999999
2018-06-01,002583,54.29,55.12,55.94,54.24,80728,80440901.0,3.08,-0.09,-0.05,0.77,1.6999999999999957
2018-06-04,002583,55.5,54.07,55.94,53.58,58139,56848255.0,4.28,-1.9,-1.05,0.55,2.3599999999999994
2018-06-05,002583,54.18,55.61,55.94,54.18,80766,80361042.0,3.26,2.85,1.54,0.77,1.759999999999998
2018-06-06,002583,55.12,54.73,55.45,54.62,55280,54572728.0,1.49,-1.58,-0.88,0.53,0.8300000000000054
2018-06-07,002583,54.68,54.18,55.28,53.8,50882,49539761.0,2.7,-1.0,-0.55,0.49,1.480000000000004
2018-06-08,002583,53.47,52.59,54.02,52.15,83914,79781512.0,3.45,-2.93,-1.59,0.8,1.8700000000000045
2018-06-11,002583,52.26,52.31,53.08,52.04,51666,48835672.0,1.98,-0.53,-0.28,0.49,1.0399999999999991
2018-06-12,002583,52.09,51.82,52.7,50.94,60520,56133000.0,3.36,-0.94,-0.49,0.58,1.7600000000000051
2018-06-13,002583,51.38,49.51,51.76,49.23,105620,95312761.0,4.88,-4.46,-2.31,1.01,2.530000000000001
2018-06-14,002583,49.29,48.9,50.83,48.74,87180,77745862.0,4.22,-1.23,-0.61,0.83,2.0899999999999963
2018-06-15,002583,49.34,48.13,49.4,46.65,102043,87477674.0,5.62,-1.57,-0.77,0.97,2.75
2018-06-19,002583,46.81,45.44,47.09,44.06,145420,118022040.0,6.3,-5.59,-2.69,1.39,3.030000000000001
2018-06-20,002583,44.94,44.61,45.66,44.06,103971,83505385.0,3.52,-1.83,-0.83,0.99,1.5999999999999943
2018-06-21,002583,44.67,43.62,45.44,43.51,81384,65226965.0,4.33,-2.22,-0.99,0.78,1.9299999999999997
2018-06-22,002583,43.62,44.45,44.67,42.03,64334,50287715.0,6.05,1.9,0.83,0.61,2.6400000000000006
2018-06-25,002583,44.89,43.4,45.05,43.18,48434,38291571.0,4.21,-2.36,-1.05,0.46,1.8699999999999974
2018-06-26,002583,41.86,43.84,44.45,41.53,44170,34310884.0,6.73,1.01,0.44,0.42,2.9200000000000017
2018-06-27,002583,44.06,43.46,44.45,43.02,34461,27010044.0,3.26,-0.87,-0.38,0.33,1.4299999999999997
2018-06-28,002583,43.46,42.36,43.84,41.86,54931,41973379.0,4.56,-2.53,-1.1,0.52,1.980000000000004
2018-06-29,002583,43.51,46.54,46.54,43.4,156901,128616176.0,7.41,9.87,4.18,1.5,3.1400000000000006
2018-07-02,002583,47.25,45.82,47.31,45.71,124685,104108177.0,3.44,-1.55,-0.72,1.19,1.6000000000000014
2018-07-03,002583,45.93,46.81,47.25,45.0,93570,77433538.0,4.91,2.16,0.99,0.89,2.25
2018-07-04,002583,46.29,45.25,46.95,44.86,74818,60957066.0,4.46,-3.33,-1.56,0.71,2.0900000000000034
2018-07-05,002583,44.7,44.15,45.52,42.88,82616,65192621.0,5.83,-2.43,-1.1,0.79,2.6400000000000006
2018-07-06,002583,43.71,42.83,44.48,42.06,140366,108490482.0,5.48,-2.99,-1.32,1.34,2.4199999999999946
2018-07-09,002583,46.9,45.8,47.06,44.48,219051,179499562.0,6.02,6.93,2.97,2.08,2.5800000000000054
2018-07-10,002583,45.3,46.46,46.68,44.59,123141,101316638.0,4.56,1.44,0.66,1.17,2.0899999999999963
2018-07-11,002583,45.58,45.85,46.13,45.14,85456,69791555.0,2.13,-1.31,-0.61,0.81,0.990000000000002
2018-07-12,002583,45.85,49.26,49.7,45.85,144791,124453688.0,8.4,7.44,3.41,1.38,3.8500000000000014
2018-07-13,002583,49.04,51.13,53.0,48.6,165669,152761000.0,8.93,3.8,1.87,1.58,4.399999999999999
2018-07-16,002583,51.52,52.01,53.39,51.13,130224,121857419.0,4.42,1.72,0.88,1.24,2.259999999999998
2018-07-17,002583,51.9,51.35,52.34,49.7,115725,105593036.0,5.08,-1.27,-0.66,1.1,2.6400000000000006
2018-07-18,002583,51.41,51.3,52.23,51.02,81696,75587251.0,2.36,-0.1,-0.05,0.78,1.2099999999999937
2018-07-19,002583,51.35,51.13,51.9,50.09,52294,47895195.0,3.53,-0.33,-0.17,0.5,1.8099999999999952
2018-07-20,002583,51.63,52.95,53.39,51.08,96856,91277624.0,4.52,3.56,1.82,0.92,2.3100000000000023
2018-07-23,002583,52.95,54.87,55.86,52.01,119239,117506978.0,7.27,3.63,1.92,1.13,3.8500000000000014
2018-07-24,002583,54.93,54.93,55.7,54.21,90380,88828934.0,2.72,0.11,0.06,0.86,1.490000000000002
2018-07-25,002583,54.93,53.72,54.93,53.61,71163,68980358.0,2.4,-2.2,-1.21,0.68,1.3200000000000003
2018-07-26,002583,54.1,53.0,54.27,52.29,72852,69056762.0,3.69,-1.34,-0.72,0.69,1.980000000000004
2018-07-27,002583,52.51,52.45,53.33,51.41,76735,72203166.0,3.62,-1.04,-0.55,0.73,1.9200000000000017
2018-07-30,002583,53.0,51.68,53.0,51.13,87414,81370901.0,3.57,-1.47,-0.77,0.83,1.8699999999999974
2018-07-31,002583,51.79,53.22,53.77,51.79,78599,74672028.0,3.83,2.98,1.54,0.75,1.980000000000004
2018-08-01,002583,53.22,51.35,53.77,51.35,68146,64218454.0,4.55,-3.51,-1.87,0.65,2.4200000000000017
2018-08-02,002583,51.46,50.75,52.29,48.88,113212,102171177.0,6.64,-1.17,-0.6,1.08,3.4099999999999966
2018-08-03,002583,50.58,50.14,51.41,49.76,63315,57296688.0,3.25,-1.2,-0.61,0.6,1.6499999999999986
2018-08-06,002583,50.14,46.62,50.2,45.85,124454,105596885.0,8.68,-7.02,-3.52,1.18,4.350000000000001
2018-08-07,002583,47.45,50.25,50.53,47.34,119493,104657199.0,6.84,7.79,3.63,1.14,3.1899999999999977
2018-08-08,002583,50.8,48.22,51.79,48.05,97359,86538605.0,7.44,-4.04,-2.03,0.93,3.740000000000002
2018-08-09,002583,48.82,52.51,52.73,48.38,141693,130829609.0,9.02,8.9,4.29,1.35,4.349999999999994
2018-08-10,002583,52.51,53.0,53.22,51.68,104327,98505024.0,2.93,0.93,0.49,0.99,1.5399999999999991
2018-08-13,002583,52.45,52.89,53.39,51.52,81504,76690790.0,3.53,-0.21,-0.11,0.77,1.8699999999999974
2018-08-14,002583,52.56,52.07,53.22,51.79,43050,40318571.0,2.7,-1.55,-0.82,0.41,1.4299999999999997
2018-08-15,002583,52.01,50.64,52.07,50.25,64372,58721627.0,3.5,-2.75,-1.43,0.61,1.8200000000000003
2018-08-16,002583,50.47,50.8,51.35,48.71,61898,55850903.0,5.21,0.32,0.16,0.59,2.6400000000000006
2018-08-17,002583,51.13,50.2,51.52,49.76,53872,49056154.0,3.46,-1.18,-0.6,0.51,1.7600000000000051
2018-08-20,002583,49.81,49.98,50.86,48.77,49612,44057979.0,4.16,-0.44,-0.22,0.47,2.0899999999999963
2018-08-21,002583,50.8,50.42,50.91,48.66,73960,66399150.0,4.5,0.88,0.44,0.7,2.25
2018-08-22,002583,50.64,49.43,50.64,48.66,63696,56384108.0,3.93,-1.96,-0.99,0.61,1.980000000000004
2018-08-23,002583,48.99,47.83,49.65,46.57,215281,183637083.0,6.23,-3.24,-1.6,2.05,3.0799999999999983
2018-08-24,002583,47.67,45.8,47.67,45.41,200233,165474764.0,4.73,-4.24,-2.03,1.9,2.260000000000005
2018-08-27,002583,45.8,47.12,47.67,45.8,152951,128036442.0,4.08,2.88,1.32,1.45,1.8700000000000045
2018-08-28,002583,47.78,47.61,50.14,47.28,200602,174077817.0,6.07,1.04,0.49,1.91,2.8599999999999994
2018-08-29,002583,47.61,47.12,47.72,46.9,98260,82998653.0,1.72,-1.03,-0.49,0.93,0.8200000000000003
2018-08-30,002583,47.67,46.18,47.67,46.07,79200,66024549.0,3.4,-1.99,-0.94,0.75,1.6000000000000014
2018-08-31,002583,46.4,46.4,47.23,45.85,73751,61420752.0,2.99,0.48,0.22,0.7,1.3799999999999955
2018-09-03,002583,46.29,45.47,46.51,43.98,114114,91713296.0,5.45,-2.0,-0.93,1.08,2.530000000000001
2018-09-04,002583,45.47,45.74,46.46,44.97,102123,83589067.0,3.28,0.59,0.27,0.97,1.490000000000002
2018-09-05,002583,45.47,46.4,47.72,45.41,133864,112092416.0,5.05,1.44,0.66,1.27,2.3100000000000023
2018-09-06,002583,46.02,45.58,46.68,45.3,65831,54106382.0,2.97,-1.77,-0.82,0.63,1.3800000000000026
2018-09-07,002583,45.47,45.8,46.95,45.19,83987,69407644.0,3.86,0.48,0.22,0.8,1.7600000000000051
2018-09-10,002583,46.02,45.58,46.68,45.36,73977,60921339.0,2.88,-0.48,-0.22,0.7,1.3200000000000003
2018-09-11,002583,45.47,45.96,46.24,44.53,60330,49093578.0,3.75,0.83,0.38,0.57,1.7100000000000009
2018-09-12,002583,46.02,45.74,46.57,45.69,53770,44308936.0,1.91,-0.48,-0.22,0.51,0.8800000000000026
2018-09-13,002583,46.4,46.4,46.62,45.63,52599,43494957.0,2.16,1.44,0.66,0.5,0.9899999999999949
2018-09-14,002583,46.24,45.41,46.57,45.25,70986,58102380.0,2.84,-2.13,-0.99,0.67,1.3200000000000003
2018-09-17,002583,45.41,44.09,45.52,43.71,63105,50196260.0,3.99,-2.91,-1.32,0.6,1.8100000000000023
2018-09-18,002583,44.26,45.3,45.41,44.2,51944,41619769.0,2.74,2.74,1.21,0.49,1.2099999999999937
2018-09-19,002583,45.3,45.25,46.07,45.14,81813,66686162.0,2.05,-0.11,-0.05,0.78,0.9299999999999997
2018-09-20,002583,45.3,45.3,46.02,45.19,43178,35172081.0,1.83,0.11,0.05,0.41,0.8300000000000054
2018-09-21,002583,45.58,46.24,46.46,45.03,79332,65022510.0,3.16,2.08,0.94,0.75,1.4299999999999997
2018-09-25,002583,45.96,45.52,46.79,45.3,64449,53063841.0,3.22,-1.56,-0.72,0.61,1.490000000000002
2018-09-26,002583,45.85,45.36,45.85,44.92,71056,57698911.0,2.04,-0.35,-0.16,0.68,0.9299999999999997
2018-09-27,002583,45.19,44.42,45.41,44.26,69060,55334133.0,2.54,-2.07,-0.94,0.66,1.1499999999999986
2018-09-28,002583,44.75,45.08,45.14,44.26,54088,43246474.0,1.98,1.49,0.66,0.51,0.8800000000000026
2018-10-08,002583,43.93,43.1,43.93,42.72,63605,49278248.0,2.68,-4.39,-1.98,0.6,1.2100000000000009
2018-10-09,002583,43.38,42.88,43.54,42.72,32304,24877714.0,1.9,-0.51,-0.22,0.31,0.8200000000000003
2018-10-10,002583,43.05,42.39,43.05,42.06,36331,27545799.0,2.31,-1.14,-0.49,0.35,0.9899999999999949
2018-10-11,002583,40.9,38.21,40.9,38.21,132279,91736275.0,6.35,-9.86,-4.18,1.26,2.6899999999999977
2018-10-12,002583,38.15,37.55,38.15,36.17,68109,44984459.0,5.18,-1.73,-0.66,0.65,1.9799999999999969
2018-10-15,002583,37.71,38.04,38.81,37.6,52321,35572149.0,3.22,1.3,0.49,0.5,1.2100000000000009
2018-10-16,002583,38.26,36.94,38.48,36.06,74307,49064722.0,6.36,-2.89,-1.1,0.71,2.4199999999999946
2018-10-17,002583,37.6,37.27,37.66,36.56,46844,30951594.0,2.98,0.89,0.33,0.45,1.0999999999999943
2018-10-18,002583,37.27,35.9,37.27,35.24,60512,38712875.0,5.45,-3.68,-1.37,0.58,2.030000000000001
2018-10-19,002583,35.29,36.61,37.27,34.85,66776,42987099.0,6.74,1.98,0.71,0.63,2.4200000000000017
2018-10-22,002583,37.05,39.64,40.08,36.89,112147,78499243.0,8.71,8.28,3.03,1.07,3.1899999999999977
2018-10-23,002583,39.97,39.47,40.24,39.03,80098,56609496.0,3.05,-0.43,-0.17,0.76,1.2100000000000009
2018-10-24,002583,39.42,39.75,40.57,38.98,64000,45461843.0,4.03,0.71,0.28,0.61,1.5900000000000034
2018-10-25,002583,38.21,39.25,39.42,38.15,61780,42681606.0,3.19,-1.26,-0.5,0.59,1.2700000000000031
2018-10-26,002583,39.75,39.25,40.02,39.09,34578,24387209.0,2.37,0.0,0.0,0.33,0.9299999999999997
2018-10-29,002583,39.53,38.54,39.8,38.43,44328,30848594.0,3.49,-1.81,-0.71,0.42,1.3699999999999974
2018-10-30,002583,39.03,39.58,40.41,38.26,100774,70950517.0,5.58,2.7,1.04,0.96,2.1499999999999986
2018-10-31,002583,39.75,41.07,41.67,39.75,98736,71760799.0,4.85,3.76,1.49,0.94,1.9200000000000017
2018-11-01,002583,41.45,41.45,42.28,41.12,108353,80662557.0,2.82,0.93,0.38,1.03,1.1600000000000037
2018-11-02,002583,42.28,45.52,45.52,42.22,271491,216345491.0,7.96,9.82,4.07,2.58,3.3000000000000043
2018-11-05,002583,45.52,45.58,46.02,44.7,185078,150030188.0,2.9,0.13,0.06,1.76,1.3200000000000003
2018-11-06,002583,45.58,46.4,46.79,45.08,124810,102574775.0,3.75,1.8,0.82,1.19,1.7100000000000009
2018-11-07,002583,46.4,45.74,47.23,45.58,103524,85780890.0,3.56,-1.42,-0.66,0.98,1.6499999999999986
2018-11-08,002583,46.35,45.3,46.35,45.3,85093,69496680.0,2.3,-0.96,-0.44,0.81,1.0500000000000043
2018-11-09,002583,45.74,45.85,46.57,45.08,106942,88069807.0,3.29,1.21,0.55,1.02,1.490000000000002
2018-11-12,002583,45.69,47.56,47.78,45.36,129412,108758884.0,5.28,3.73,1.71,1.23,2.4200000000000017
2018-11-13,002583,46.9,49.48,50.36,46.46,208841,182586845.0,8.2,4.04,1.92,1.99,3.8999999999999986
2018-11-14,002583,49.37,48.11,49.59,47.83,115972,100614274.0,3.56,-2.77,-1.37,1.1,1.7600000000000051
2018-11-15,002583,48.16,48.66,48.93,47.23,89133,76683651.0,3.53,1.14,0.55,0.85,1.7000000000000028
2018-11-16,002583,48.6,49.37,51.02,48.27,112365,99845526.0,5.65,1.46,0.71,1.07,2.75
2018-11-19,002583,50.2,48.6,50.53,48.27,91885,80632894.0,4.58,-1.56,-0.77,0.88,2.259999999999998
2018-11-20,002583,48.6,46.51,48.66,45.69,125520,105309090.0,6.11,-4.3,-2.09,1.2,2.969999999999999
2018-11-21,002583,46.13,47.12,47.78,45.58,93527,78189288.0,4.73,1.31,0.61,0.89,2.200000000000003
2018-11-22,002583,47.61,47.34,48.38,46.84,62547,53278894.0,3.27,0.47,0.22,0.6,1.5399999999999991
2018-11-23,002583,48.16,45.41,48.27,44.37,139413,114376523.0,8.24,-4.08,-1.93,1.33,3.9000000000000057
2018-11-26,002583,44.97,45.58,46.18,44.81,62569,51116202.0,3.02,0.37,0.17,0.6,1.3699999999999974
2018-11-27,002583,45.74,45.19,46.29,44.75,61567,50112593.0,3.38,-0.86,-0.39,0.59,1.5399999999999991
2018-11-28,002583,45.52,47.61,47.67,45.47,117838,98511406.0,4.87,5.36,2.42,1.12,2.200000000000003
2018-11-29,002583,47.94,45.69,48.0,45.58,112319,93504026.0,5.08,-4.03,-1.92,1.07,2.4200000000000017
2018-11-30,002583,45.8,45.91,46.02,44.75,64572,52368865.0,2.78,0.48,0.22,0.62,1.2700000000000031
2018-12-03,002583,47.39,49.32,49.59,47.39,198337,172977915.0,4.79,7.43,3.41,1.89,2.200000000000003
2018-12-04,002583,49.1,48.71,49.32,47.94,97230,84547838.0,2.8,-1.24,-0.61,0.93,1.3800000000000026
2018-12-05,002583,48.0,47.67,48.38,47.45,86969,74514221.0,1.91,-2.14,-1.04,0.83,0.9299999999999997
2018-12-06,002583,47.28,46.4,47.28,45.58,95524,79265075.0,3.57,-2.66,-1.27,0.91,1.7000000000000028
2018-12-07,002583,46.29,46.24,46.95,46.02,54978,45688723.0,2.0,-0.34,-0.16,0.52,0.9299999999999997
2018-12-10,002583,45.8,46.57,46.9,45.47,66164,54991519.0,3.09,0.71,0.33,0.63,1.4299999999999997
2018-12-11,002583,46.51,46.9,47.45,45.96,47027,39382927.0,3.2,0.71,0.33,0.45,1.490000000000002
2018-12-12,002583,47.28,46.02,47.39,45.63,55382,45772926.0,3.75,-1.88,-0.88,0.53,1.759999999999998
2018-12-13,002583,46.24,46.79,47.23,45.96,67585,56551338.0,2.76,1.67,0.77,0.64,1.269999999999996
2018-12-14,002583,47.17,45.69,47.23,45.63,66721,55354613.0,3.42,-2.35,-1.1,0.64,1.5999999999999943
2018-12-17,002583,45.74,45.3,45.96,44.7,47337,38216410.0,2.76,-0.85,-0.39,0.45,1.259999999999998
2018-12-18,002583,45.41,45.36,45.8,44.75,45500,36759692.0,2.32,0.13,0.06,0.43,1.0499999999999972
2018-12-19,002583,45.47,44.09,45.52,43.82,55652,44436501.0,3.75,-2.8,-1.27,0.53,1.7000000000000028
2018-12-20,002583,44.2,45.3,45.58,44.15,55486,44511088.0,3.24,2.74,1.21,0.53,1.4299999999999997
2018-12-21,002583,45.19,45.08,45.58,44.59,45925,37008602.0,2.19,-0.49,-0.22,0.44,0.9899999999999949
2018-12-24,002583,45.41,46.18,46.35,44.92,49909,41034000.0,3.17,2.44,1.1,0.48,1.4299999999999997
2018-12-25,002583,45.69,47.34,47.5,45.25,92442,76643112.0,4.87,2.51,1.16,0.88,2.25
2018-12-26,002583,46.9,46.02,47.17,45.3,86418,71148813.0,3.95,-2.79,-1.32,0.82,1.8700000000000045
2018-12-27,002583,46.9,45.41,46.9,44.48,80256,65132837.0,5.26,-1.33,-0.61,0.76,2.4200000000000017
2018-12-28,002583,45.47,44.15,45.47,43.82,108764,85939168.0,3.63,-2.77,-1.26,1.04,1.6499999999999986
2019-01-02,002583,44.59,43.87,44.97,43.54,54076,42653421.0,3.24,-0.63,-0.28,0.52,1.4299999999999997
2019-01-03,002583,44.2,42.44,44.2,42.22,71065,54580663.0,4.51,-3.26,-1.43,0.68,1.980000000000004
2019-01-04,002583,42.44,43.71,44.15,42.0,57494,44467161.0,5.07,2.99,1.27,0.55,2.1499999999999986
2019-01-07,002583,44.2,45.74,45.85,43.93,102918,83444497.0,4.39,4.64,2.03,0.98,1.9200000000000017
2019-01-08,002583,45.3,45.58,46.51,45.08,75720,61934473.0,3.13,-0.35,-0.16,0.72,1.4299999999999997
2019-01-09,002583,45.74,46.02,47.12,45.3,91346,75946134.0,3.99,0.97,0.44,0.87,1.8200000000000003
2019-01-10,002583,45.85,46.02,46.9,45.74,65938,54553382.0,2.52,0.0,0.0,0.63,1.1599999999999966
2019-01-11,002583,45.91,47.5,48.27,45.91,124390,105326310.0,5.13,3.22,1.48,1.19,2.3600000000000065
2019-01-14,002583,47.5,46.68,48.0,46.29,89531,74997334.0,3.6,-1.73,-0.82,0.85,1.7100000000000009
2019-01-15,002583,46.95,51.3,51.3,46.35,318133,284726608.0,10.6,9.9,4.62,3.04,4.949999999999996
2019-01-16,002583,51.9,49.65,51.9,49.48,226071,203233701.0,4.72,-3.22,-1.65,2.16,2.4200000000000017
2019-01-17,002583,49.98,48.99,50.03,48.55,144894,127493831.0,2.98,-1.33,-0.66,1.38,1.480000000000004
2019-01-18,002583,48.88,48.6,49.92,47.89,125286,109098782.0,4.14,-0.8,-0.39,1.2,2.030000000000001
2019-01-21,002583,48.6,48.55,49.37,48.16,119815,104573678.0,2.49,-0.1,-0.05,1.14,1.2100000000000009
2019-01-22,002583,48.6,47.89,48.99,47.5,82675,71106639.0,3.07,-1.36,-0.66,0.79,1.490000000000002
2019-01-23,002583,47.56,48.16,48.22,47.28,57025,48861780.0,1.96,0.56,0.27,0.54,0.9399999999999977
2019-01-24,002583,47.78,48.99,49.48,47.39,141398,122669430.0,4.34,1.72,0.83,1.35,2.0899999999999963
2019-01-25,002583,48.93,49.21,49.32,48.44,76088,66668575.0,1.8,0.45,0.22,0.73,0.8800000000000026
2019-01-28,002583,49.32,47.89,49.81,47.67,81196,71020365.0,4.35,-2.68,-1.32,0.78,2.1400000000000006
2019-01-29,002583,47.83,46.4,47.83,45.08,119019,97846438.0,5.74,-3.11,-1.49,1.14,2.75
2019-01-30,002583,46.29,45.8,46.84,45.58,54622,45028841.0,2.72,-1.29,-0.6,0.52,1.2600000000000051
2019-01-31,002583,45.74,45.52,46.79,45.25,64059,52525594.0,3.36,-0.61,-0.28,0.61,1.5399999999999991
2019-02-01,002583,46.13,49.04,49.81,46.13,137828,119317674.0,8.08,7.73,3.52,1.32,3.6799999999999997
2019-02-11,002583,49.32,50.42,50.75,48.6,105943,95066978.0,4.38,2.81,1.38,1.01,2.1499999999999986
2019-02-12,002583,50.75,50.25,50.8,49.7,95305,85704495.0,2.18,-0.34,-0.17,0.91,1.0999999999999943
2019-02-13,002583,50.25,51.52,52.01,49.98,163185,149445437.0,4.04,2.53,1.27,1.56,2.030000000000001
2019-02-14,002583,51.02,50.86,51.24,50.36,99553,90592018.0,1.71,-1.28,-0.66,0.95,0.8800000000000026
2019-02-15,002583,50.8,51.24,52.34,50.42,143928,133061877.0,3.78,0.75,0.38,1.37,1.9200000000000017
2019-02-18,002583,52.73,53.28,54.6,52.23,177049,168792593.0,4.63,3.98,2.04,1.69,2.3700000000000045
2019-02-19,002583,54.43,53.66,54.93,52.29,186484,179355466.0,4.95,0.71,0.38,1.78,2.6400000000000006
2019-02-20,002583,54.1,53.99,54.6,52.78,125846,121252011.0,3.39,0.61,0.33,1.2,1.8200000000000003
2019-02-21,002583,54.16,55.09,57.24,54.1,233200,233039627.0,5.82,2.04,1.1,2.23,3.1400000000000006
2019-02-22,002583,55.26,57.02,57.07,55.26,177053,178714783.0,3.29,3.5,1.93,1.69,1.8100000000000023
2019-02-25,002583,59.11,62.13,62.63,59.05,412920,452747344.0,6.28,8.96,5.11,3.94,3.5800000000000054
2019-02-26,002583,62.13,63.12,64.83,60.1,316014,357705648.0,7.61,1.59,0.99,3.02,4.729999999999997
2019-02-27,002583,62.35,60.98,63.73,60.21,213077,236367310.0,5.58,-3.39,-2.14,2.03,3.519999999999996
2019-02-28,002583,60.76,63.4,64.99,60.7,223891,255122033.0,7.04,3.97,2.42,2.14,4.289999999999992
2019-03-01,002583,64.0,63.84,64.83,62.68,145842,166767661.0,3.39,0.69,0.44,1.39,2.1499999999999986
2019-03-04,002583,63.51,65.27,68.62,63.45,275626,328037584.0,8.1,2.24,1.43,2.63,5.170000000000002
2019-03-05,002583,64.33,65.38,66.48,64.33,213477,249413502.0,3.29,0.17,0.11,2.04,2.1500000000000057
2019-03-06,002583,66.92,64.61,66.92,62.9,234942,270951904.0,6.15,-1.18,-0.77,2.24,4.020000000000003
2019-03-07,002583,64.5,63.18,65.16,62.24,239579,272558848.0,4.52,-2.21,-1.43,2.29,2.9199999999999946
2019-03-08,002583,61.86,60.87,63.29,60.7,288610,319505712.0,4.1,-3.66,-2.31,2.76,2.5899999999999963
2019-03-11,002583,60.87,62.96,63.07,60.43,200997,223738121.0,4.34,3.43,2.09,1.92,2.6400000000000006
2019-03-12,002583,64.0,62.63,64.0,61.53,205575,232010875.0,3.92,-0.52,-0.33,1.96,2.469999999999999
2019-03-13,002583,62.85,61.47,63.01,60.81,188976,208853804.0,3.51,-1.85,-1.16,1.8,2.1999999999999957
2019-03-14,002583,61.31,60.15,62.35,58.56,184376,197695468.0,6.17,-2.15,-1.32,1.76,3.789999999999999
2019-03-15,002583,60.15,60.37,60.92,59.11,139671,151269130.0,3.01,0.37,0.22,1.33,1.8100000000000023
2019-03-18,002583,60.43,61.14,61.2,59.27,136966,148569098.0,3.2,1.28,0.77,1.31,1.9299999999999997
2019-03-19,002583,61.09,59.71,62.63,59.6,215454,235707775.0,4.96,-2.34,-1.43,2.06,3.030000000000001
2019-03-20,002583,59.82,61.25,61.53,59.6,156431,170148852.0,3.23,2.58,1.54,1.49,1.9299999999999997
2019-03-21,002583,60.98,61.14,61.42,60.15,152572,166708870.0,2.07,-0.18,-0.11,1.46,1.2700000000000031
2019-03-22,002583,60.76,60.54,61.31,59.6,109789,118935862.0,2.8,-0.98,-0.6,1.05,1.7100000000000009
2019-03-25,002583,59.05,60.48,61.03,58.61,112333,121819264.0,4.0,-0.1,-0.06,1.07,2.4200000000000017
2019-03-26,002583,60.48,58.61,60.98,58.5,106972,114127596.0,4.1,-3.09,-1.87,1.02,2.479999999999997
2019-03-27,002583,59.22,58.45,59.49,56.36,107840,112523029.0,5.34,-0.27,-0.16,1.03,3.1300000000000026
2019-03-28,002583,58.5,58.72,61.64,58.5,186456,201252849.0,5.37,0.46,0.27,1.78,3.1400000000000006
2019-03-29,002583,58.94,61.03,61.47,58.39,232579,251995828.0,5.25,3.93,2.31,2.22,3.0799999999999983
2019-04-01,002583,60.76,61.97,63.12,60.54,230894,257434849.0,4.23,1.54,0.94,2.2,2.5799999999999983
2019-04-02,002583,62.46,62.79,64.0,62.24,273193,309694128.0,2.84,1.32,0.82,2.61,1.759999999999998
2019-04-03,002583,62.85,62.9,63.73,61.53,174646,196276845.0,3.5,0.18,0.11,1.67,2.1999999999999957
2019-04-04,002583,63.62,63.29,64.0,62.41,146455,166324158.0,2.53,0.62,0.39,1.4,1.5900000000000034
2019-04-08,002583,64.28,61.91,64.55,61.14,246296,276183376.0,5.39,-2.18,-1.38,2.35,3.4099999999999966
2019-04-09,002583,61.91,62.9,63.73,61.09,194952,220131625.0,4.26,1.6,0.99,1.86,2.6399999999999935
2019-04-10,002583,63.45,63.12,63.51,62.63,143868,162980249.0,1.4,0.35,0.22,1.37,0.8799999999999955
2019-04-11,002583,65.6,62.35,65.6,61.75,191937,218743654.0,6.1,-1.22,-0.77,1.83,3.8499999999999943
2019-04-12,002583,61.25,61.8,62.02,60.21,138913,152432859.0,2.9,-0.88,-0.55,1.33,1.8100000000000023
2019-04-15,002583,62.41,61.03,62.85,61.03,142816,158627305.0,2.94,-1.25,-0.77,1.36,1.8200000000000003
2019-04-16,002583,60.48,62.63,62.9,59.6,137504,151723818.0,5.41,2.62,1.6,1.31,3.299999999999997
2019-04-17,002583,63.29,63.18,64.0,62.68,160481,182372745.0,2.11,0.88,0.55,1.53,1.3200000000000003
2019-04-18,002583,63.29,63.56,63.84,62.74,121986,138853568.0,1.74,0.6,0.38,1.16,1.1000000000000014
2019-04-19,002583,63.62,63.4,63.78,62.02,87860,99371724.0,2.77,-0.25,-0.16,0.84,1.759999999999998
2019-04-22,002583,63.34,64.44,65.43,62.52,177007,204171787.0,4.59,1.64,1.04,1.69,2.9100000000000037
2019-04-23,002583,64.77,62.68,64.83,62.52,109653,124560771.0,3.58,-2.73,-1.76,1.05,2.309999999999995
2019-04-24,002583,63.07,63.51,63.67,60.26,173439,193418178.0,5.44,1.32,0.83,1.66,3.4100000000000037
2019-04-25,002583,63.62,60.98,64.28,60.65,132046,148927810.0,5.72,-3.98,-2.53,1.26,3.6300000000000026
2019-04-26,002583,60.98,60.54,61.69,60.21,79043,86535118.0,2.43,-0.72,-0.44,0.75,1.4799999999999969
2019-04-29,002583,60.54,57.62,60.7,56.96,125242,131436601.0,6.18,-4.82,-2.92,1.2,3.740000000000002
2019-04-30,002583,57.73,57.07,59.0,56.03,80652,83019890.0,5.15,-0.95,-0.55,0.77,2.969999999999999
2019-05-06,002583,55.37,51.46,55.42,51.46,120194,114317786.0,6.94,-9.83,-5.61,1.15,3.960000000000001
2019-05-07,002583,51.46,51.35,52.34,50.31,97416,89485200.0,3.94,-0.21,-0.11,0.93,2.030000000000001
2019-05-08,002583,50.58,50.97,52.01,49.21,71749,65408534.0,5.45,-0.74,-0.38,0.69,2.799999999999997
2019-05-09,002583,50.31,50.14,51.3,50.03,46403,42078301.0,2.49,-1.63,-0.83,0.44,1.269999999999996
2019-05-10,002583,50.69,52.12,52.62,50.25,86521,79979554.0,4.73,3.95,1.98,0.83,2.3699999999999974
2019-05-13,002583,51.3,51.85,52.18,51.3,58208,53843537.0,1.69,-0.52,-0.27,0.56,0.8800000000000026
2019-05-14,002583,50.86,50.86,51.79,50.75,51933,47601309.0,2.01,-1.91,-0.99,0.5,1.0399999999999991
2019-05-15,002583,51.35,52.12,52.18,51.08,62034,57565101.0,2.16,2.48,1.26,0.59,1.1000000000000014
2019-05-16,002583,52.01,52.78,54.32,51.52,103680,98095875.0,5.37,1.27,0.66,0.99,2.799999999999997
2019-05-17,002583,52.45,50.91,53.33,50.69,84587,78120134.0,5.0,-3.54,-1.87,0.81,2.6400000000000006
2019-05-20,002583,50.91,50.14,51.3,48.66,81128,72480521.0,5.19,-1.51,-0.77,0.77,2.6400000000000006
2019-05-21,002583,50.25,51.68,52.07,50.25,71559,65949773.0,3.63,3.07,1.54,0.68,1.8200000000000003
2019-05-22,002583,51.3,51.63,52.78,50.86,89076,82778990.0,3.72,-0.1,-0.05,0.85,1.9200000000000017
2019-05-23,002583,51.19,48.82,51.57,48.55,178519,159270933.0,5.85,-5.44,-2.81,1.7,3.020000000000003
2019-05-24,002583,47.94,47.17,49.59,47.01,139898,120267915.0,5.28,-3.38,-1.65,1.34,2.5800000000000054
2019-05-27,002583,47.39,48.71,48.99,46.62,216568,186254224.0,5.02,3.26,1.54,2.07,2.3700000000000045
2019-05-28,002583,48.66,48.11,49.26,47.67,166343,144427218.0,3.26,-1.23,-0.6,1.59,1.5899999999999963
2019-05-29,002583,47.45,47.94,48.88,47.45,125342,108347185.0,2.97,-0.35,-0.17,1.2,1.4299999999999997
2019-05-30,002583,48.16,47.17,48.16,45.58,183261,153227366.0,5.38,-1.61,-0.77,1.75,2.5799999999999983
2019-05-31,002583,47.39,48.11,49.59,47.34,177979,155136072.0,4.77,1.99,0.94,1.7,2.25
2019-06-03,002583,49.15,47.28,49.26,46.73,150170,127744800.0,5.26,-1.73,-0.83,1.43,2.530000000000001
2019-06-04,002583,47.56,46.24,48.05,45.74,159427,133215163.0,4.89,-2.2,-1.04,1.52,2.309999999999995
2019-06-05,002583,46.84,45.8,47.06,45.58,127626,105256552.0,3.2,-0.95,-0.44,1.22,1.480000000000004
2019-06-06,002583,46.07,44.64,46.07,44.53,108562,87307756.0,3.36,-2.53,-1.16,1.04,1.5399999999999991
2019-06-10,002583,44.75,45.63,45.8,44.26,101559,82315603.0,3.45,2.22,0.99,0.97,1.5399999999999991
2019-06-11,002583,45.63,46.95,47.34,44.81,125949,104874213.0,5.54,2.89,1.32,1.2,2.530000000000001
2019-06-12,002583,47.17,46.62,47.34,46.35,89847,75191346.0,2.11,-0.7,-0.33,0.86,0.990000000000002
2019-06-13,002583,46.62,46.29,46.84,46.02,102742,85011594.0,1.76,-0.71,-0.33,0.98,0.8200000000000003
2019-06-14,002583,46.4,45.58,46.51,45.19,89420,72990270.0,2.85,-1.53,-0.71,0.85,1.3200000000000003
2019-06-17,002583,45.14,45.19,45.58,45.03,68041,55035882.0,1.21,-0.86,-0.39,0.65,0.5499999999999972
2019-06-18,002583,45.49,45.11,45.71,44.61,61991,49690939.0,2.43,-0.18,-0.08,0.59,1.1000000000000014
2019-06-19,002583,46.37,46.7,47.42,46.21,154034,128608323.0,2.68,3.52,1.59,1.47,1.2100000000000009
2019-06-20,002583,46.32,47.03,47.42,45.77,122177,101814433.0,3.53,0.71,0.33,1.17,1.6499999999999986
2019-06-21,002583,47.31,48.68,49.45,47.31,163801,141795380.0,4.55,3.51,1.65,1.56,2.1400000000000006
2019-06-24,002583,49.07,47.58,49.29,47.31,110979,94575575.0,4.07,-2.26,-1.1,1.06,1.9799999999999969
2019-06-25,002583,47.58,47.53,47.97,47.03,90624,76684204.0,1.98,-0.11,-0.05,0.87,0.9399999999999977
2019-06-26,002583,47.64,47.25,47.8,46.87,56034,47270097.0,1.96,-0.59,-0.28,0.54,0.9299999999999997
2019-06-27,002583,47.09,48.02,48.52,47.09,84973,72603854.0,3.03,1.63,0.77,0.81,1.4299999999999997
2019-06-28,002583,47.69,47.09,47.91,46.59,66872,56093290.0,2.75,-1.94,-0.93,0.64,1.3199999999999932
2019-07-01,002583,48.35,50.0,50.17,48.35,218983,192254217.0,3.86,6.18,2.91,2.09,1.8200000000000003
2019-07-02,002583,50.0,49.51,50.33,48.96,96043,84845992.0,2.74,-0.98,-0.49,0.92,1.3699999999999974
2019-07-03,002583,49.07,49.01,49.45,48.35,95483,83078282.0,2.22,-1.01,-0.5,0.91,1.1000000000000014
2019-07-04,002583,49.01,48.24,49.34,47.8,75070,64875824.0,3.14,-1.57,-0.77,0.72,1.5400000000000063
2019-07-05,002583,48.3,48.57,48.96,47.86,53002,45845426.0,2.28,0.68,0.33,0.51,1.1000000000000014
2019-07-08,002583,48.24,47.14,48.46,46.26,105316,88030619.0,4.53,-2.94,-1.43,1.01,2.200000000000003
2019-07-09,002583,46.81,46.1,46.81,45.6,86870,71291975.0,2.57,-2.21,-1.04,0.83,1.2100000000000009
2019-07-10,002583,45.99,46.04,46.59,45.71,63571,52187817.0,1.91,-0.13,-0.06,0.61,0.8800000000000026
2019-07-11,002583,46.26,46.26,46.59,45.49,64167,52564953.0,2.39,0.48,0.22,0.61,1.1000000000000014
2019-07-12,002583,46.59,44.94,46.59,44.78,130894,105258496.0,3.91,-2.85,-1.32,1.25,1.8100000000000023
2019-07-15,002583,45.77,47.69,48.41,45.33,190198,159373007.0,6.85,6.12,2.75,1.82,3.0799999999999983
2019-07-16,002583,47.64,49.73,50.0,47.25,243641,214638714.0,5.77,4.28,2.04,2.33,2.75
2019-07-17,002583,50.06,49.67,50.88,49.12,180209,159880503.0,3.54,-0.12,-0.06,1.72,1.7600000000000051
2019-07-18,002583,49.62,48.74,49.67,48.57,140626,123067442.0,2.21,-1.87,-0.93,1.34,1.1000000000000014
2019-07-19,002583,49.12,48.57,49.62,48.35,108613,94737722.0,2.61,-0.35,-0.17,1.04,1.269999999999996
2019-07-22,002583,48.85,47.8,48.9,47.2,119579,101733245.0,3.5,-1.59,-0.77,1.14,1.6999999999999957
2019-07-23,002583,47.42,47.8,48.3,46.87,157691,133388920.0,2.99,0.0,0.0,1.51,1.4299999999999997
2019-07-24,002583,47.97,50.61,51.43,47.86,283318,252981913.0,7.47,5.88,2.81,2.7,3.5700000000000003
2019-07-25,002583,50.66,51.16,52.15,50.44,245215,224579738.0,3.38,1.09,0.55,2.34,1.7100000000000009
2019-07-26,002583,51.32,52.37,53.91,51.32,306248,287679824.0,5.06,2.37,1.21,2.92,2.5899999999999963
2019-07-29,002583,52.2,52.92,53.47,51.82,249349,235104416.0,3.15,1.05,0.55,2.38,1.6499999999999986
2019-07-30,002583,52.75,54.18,56.22,52.64,261587,255567683.0,6.76,2.38,1.26,2.5,3.5799999999999983
2019-07-31,002583,54.18,54.68,55.61,53.3,204596,200147950.0,4.26,0.92,0.5,1.95,2.3100000000000023
2019-08-01,002583,54.4,54.57,55.83,54.13,180146,176500218.0,3.11,-0.2,-0.11,1.72,1.6999999999999957
2019-08-02,002583,53.25,54.62,55.06,53.19,174371,169363466.0,3.43,0.09,0.05,1.66,1.8700000000000045
2019-08-05,002583,54.68,53.58,54.95,53.36,149842,144759507.0,2.91,-1.9,-1.04,1.43,1.5900000000000034
2019-08-06,002583,52.59,52.92,53.58,51.32,190278,178540837.0,4.22,-1.23,-0.66,1.82,2.259999999999998
2019-08-07,002583,54.18,51.76,54.18,51.76,138359,129768459.0,4.57,-2.19,-1.16,1.32,2.4200000000000017
2019-08-08,002583,52.15,51.82,53.08,50.94,148238,137489262.0,4.13,0.12,0.06,1.42,2.1400000000000006
2019-08-09,002583,52.42,50.72,54.02,50.33,234951,217230668.0,7.12,-2.12,-1.1,2.24,3.690000000000005
2019-08-12,002583,51.21,53.19,53.19,50.44,202898,187503209.0,5.42,4.87,2.47,1.94,2.75
2019-08-13,002583,52.37,49.95,52.37,49.23,318812,287234400.0,5.9,-6.09,-3.24,3.04,3.1400000000000006
2019-08-14,002583,50.72,54.73,54.84,50.66,521732,499741840.0,8.37,9.57,4.78,4.98,4.180000000000007
2019-08-15,002583,52.86,53.14,53.52,51.27,473916,442498512.0,4.11,-2.91,-1.59,4.52,2.25
2019-08-16,002583,52.7,53.14,54.18,52.31,269887,255611782.0,3.52,0.0,0.0,2.58,1.8699999999999974
2019-08-19,002583,54.68,55.72,55.83,53.52,348946,341840112.0,4.35,4.86,2.58,3.33,2.309999999999995
2019-08-20,002583,56.11,56.22,57.76,55.45,325605,329991152.0,4.15,0.9,0.5,3.11,2.309999999999995
2019-08-21,002583,55.94,55.94,56.66,55.23,187090,187037578.0,2.54,-0.5,-0.28,1.79,1.4299999999999997
2019-08-22,002583,56.38,56.44,57.26,55.61,187827,189199894.0,2.95,0.89,0.5,1.79,1.6499999999999986
2019-08-23,002583,56.49,55.67,56.6,54.73,171422,170076913.0,3.31,-1.36,-0.77,1.64,1.8700000000000045
2019-08-26,002583,54.68,52.81,54.68,52.2,302661,287401744.0,4.45,-5.14,-2.86,2.89,2.479999999999997
2019-08-27,002583,53.25,53.25,54.13,52.7,334407,318563648.0,2.71,0.83,0.44,3.19,1.4299999999999997
2019-08-28,002583,53.08,52.75,53.14,52.15,170690,160573430.0,1.86,-0.94,-0.5,1.63,0.990000000000002
2019-08-29,002583,52.31,52.15,53.03,51.32,224596,208722104.0,3.24,-1.14,-0.6,2.14,1.7100000000000009
2019-08-30,002583,52.37,51.16,52.97,50.88,218342,202775219.0,4.01,-1.9,-0.99,2.08,2.0899999999999963
2019-09-02,002583,51.1,52.97,53.19,51.1,220935,207005033.0,4.09,3.54,1.81,2.11,2.0899999999999963
2019-09-03,002583,53.25,54.29,54.35,52.59,239183,228751725.0,3.32,2.49,1.32,2.28,1.759999999999998
2019-09-04,002583,54.24,54.84,55.23,53.63,254157,246781488.0,2.95,1.01,0.55,2.43,1.5999999999999943
2019-09-05,002583,55.94,54.95,56.66,54.73,337386,335506864.0,3.52,0.2,0.11,3.22,1.9299999999999997
2019-09-06,002583,55.23,58.69,60.07,55.23,522596,541716848.0,8.81,6.81,3.74,4.99,4.840000000000003
2019-09-09,002583,59.96,60.34,60.51,58.75,396448,423130224.0,3.0,2.81,1.65,3.78,1.759999999999998
2019-09-10,002583,60.34,59.41,61.88,58.42,337341,360597984.0,5.73,-1.54,-0.93,3.22,3.460000000000001
2019-09-11,002583,60.34,60.12,60.56,59.19,194162,207508259.0,2.31,1.2,0.71,1.85,1.3700000000000045
2019-09-12,002583,59.85,62.54,63.48,59.52,416863,461037392.0,6.59,4.03,2.42,3.98,3.9599999999999937
2019-09-16,002583,63.04,61.99,63.04,61.0,188165,208083782.0,3.26,-0.88,-0.55,1.8,2.039999999999999
2019-09-17,002583,61.88,59.9,61.88,59.3,226740,244377647.0,4.16,-3.37,-2.09,2.16,2.5800000000000054
2019-09-18,002583,60.18,59.57,60.45,58.47,137020,146050323.0,3.31,-0.55,-0.33,1.31,1.980000000000004
2019-09-19,002583,60.12,60.67,61.0,59.63,164504,177702340.0,2.3,1.85,1.1,1.57,1.3699999999999974
2019-09-20,002583,60.45,59.68,61.0,59.24,160668,172566783.0,2.9,-1.63,-0.99,1.53,1.759999999999998
2019-09-23,002583,60.01,60.29,60.62,59.35,143394,154128870.0,2.13,1.02,0.61,1.37,1.269999999999996
2019-09-24,002583,60.07,59.57,61.0,59.52,185238,199307450.0,2.45,-1.19,-0.72,1.77,1.4799999999999969
2019-09-25,002583,59.24,58.97,60.07,58.69,159006,168816101.0,2.32,-1.01,-0.6,1.52,1.3800000000000026
2019-09-26,002583,59.41,57.15,59.79,57.04,227435,236924426.0,4.66,-3.09,-1.82,2.17,2.75
2019-09-27,002583,57.54,59.13,60.51,57.32,235523,249900755.0,5.58,3.46,1.98,2.25,3.1899999999999977
2019-09-30,002583,58.97,57.37,60.01,57.21,132972,137903899.0,4.74,-2.98,-1.76,1.27,2.799999999999997
2019-10-08,002583,57.81,55.67,57.81,55.39,146586,147729700.0,4.22,-2.96,-1.7,1.4,2.4200000000000017
2019-10-09,002583,56.11,55.61,56.11,54.68,144446,142761764.0,2.57,-0.11,-0.06,1.38,1.4299999999999997
2019-10-10,002583,55.61,56.27,56.6,55.34,149723,150012937.0,2.27,1.19,0.66,1.43,1.259999999999998
2019-10-11,002583,56.49,56.16,56.88,55.39,118470,118675157.0,2.65,-0.2,-0.11,1.13,1.490000000000002
2019-10-14,002583,56.77,56.38,57.37,56.11,172910,175425610.0,2.24,0.39,0.22,1.65,1.259999999999998
2019-10-15,002583,56.38,55.06,56.38,54.9,126012,124575565.0,2.63,-2.34,-1.32,1.2,1.480000000000004
2019-10-16,002583,55.17,54.07,55.5,53.25,141975,137535767.0,4.09,-1.8,-0.99,1.36,2.25
2019-10-17,002583,53.8,53.47,54.46,53.19,89714,86228153.0,2.35,-1.11,-0.6,0.86,1.2700000000000031
2019-10-18,002583,54.24,54.18,55.5,53.58,153070,149470268.0,3.59,1.33,0.71,1.46,1.9200000000000017
2019-10-21,002583,53.74,54.24,54.9,52.2,138952,133647501.0,4.98,0.11,0.06,1.33,2.6999999999999957
2019-10-22,002583,54.18,56.22,56.66,54.02,174294,174215207.0,4.87,3.65,1.98,1.66,2.6399999999999935
2019-10-23,002583,56.22,54.84,56.49,54.73,131310,129822445.0,3.13,-2.45,-1.38,1.25,1.7600000000000051
2019-10-24,002583,55.23,53.8,55.39,53.25,108696,105004294.0,3.9,-1.9,-1.04,1.04,2.1400000000000006
2019-10-25,002583,53.8,53.58,54.07,52.81,124419,118465505.0,2.34,-0.41,-0.22,1.19,1.259999999999998
2019-10-28,002583,55.34,55.78,56.22,53.36,384485,377258240.0,5.34,4.11,2.2,3.67,2.8599999999999994
2019-10-29,002583,54.84,52.42,54.84,52.37,326456,310839424.0,4.43,-6.02,-3.36,3.12,2.470000000000006
2019-10-30,002583,52.09,50.99,52.09,50.66,173758,158769846.0,2.73,-2.73,-1.43,1.66,1.4300000000000068
2019-10-31,002583,51.1,50.44,51.49,50.39,87865,79817594.0,2.16,-1.08,-0.55,0.84,1.1000000000000014
2019-11-01,002583,50.39,50.33,51.05,50.0,109346,98716869.0,2.08,-0.22,-0.11,1.04,1.0499999999999972
2019-11-04,002583,51.05,50.72,51.82,50.5,121933,111321776.0,2.62,0.77,0.39,1.16,1.3200000000000003
2019-11-05,002583,50.77,50.39,50.94,49.34,188220,168090452.0,3.15,-0.65,-0.33,1.8,1.5999999999999943
2019-11-06,002583,50.11,50.06,50.61,49.56,123019,109949615.0,2.08,-0.65,-0.33,1.17,1.0499999999999972
2019-11-07,002583,50.22,49.95,50.33,49.73,77096,68781708.0,1.2,-0.22,-0.11,0.74,0.6000000000000014
2019-11-08,002583,50.28,50.28,50.94,50.11,111741,100696547.0,1.66,0.66,0.33,1.07,0.8299999999999983
2019-11-11,002583,50.11,47.8,50.11,47.69,162649,140793333.0,4.81,-4.93,-2.48,1.55,2.4200000000000017
2019-11-12,002583,47.8,48.46,48.68,47.42,95530,81923623.0,2.64,1.38,0.66,0.91,1.259999999999998
2019-11-13,002583,49.01,49.23,49.62,48.35,95227,83298007.0,2.62,1.59,0.77,0.91,1.269999999999996
2019-11-14,002583,49.23,49.45,49.89,48.9,78384,69200855.0,2.01,0.45,0.22,0.75,0.990000000000002
2019-11-15,002583,49.29,48.35,49.78,48.35,80668,70578960.0,2.89,-2.22,-1.1,0.77,1.4299999999999997
2019-11-18,002583,48.52,49.29,49.78,47.91,108430,94586924.0,3.87,1.94,0.94,1.04,1.8700000000000045
2019-11-19,002583,49.29,50.06,50.11,49.23,87732,77951002.0,1.79,1.56,0.77,0.84,0.8800000000000026
2019-11-20,002583,50.33,49.73,50.88,49.62,90144,80852942.0,2.52,-0.66,-0.33,0.86,1.2600000000000051
2019-11-21,002583,49.78,49.89,50.17,49.12,54893,48717450.0,2.11,0.32,0.16,0.52,1.0500000000000043
2019-11-22,002583,49.89,49.12,50.72,49.01,84689,75106045.0,3.43,-1.54,-0.77,0.81,1.7100000000000009
2019-11-25,002583,49.67,49.29,50.0,49.01,72973,64354307.0,2.02,0.35,0.17,0.7,0.990000000000002
2019-11-26,002583,49.45,47.91,49.73,47.91,127026,109954444.0,3.69,-2.8,-1.38,1.21,1.8200000000000003
2019-11-27,002583,48.3,49.4,50.11,48.3,143255,126182524.0,3.78,3.11,1.49,1.37,1.8100000000000023
2019-11-28,002583,49.12,49.12,50.06,48.9,62623,55163516.0,2.35,-0.57,-0.28,0.6,1.1600000000000037
2019-11-29,002583,49.12,49.78,50.17,49.12,71945,63762167.0,2.14,1.34,0.66,0.69,1.0500000000000043
2019-12-02,002583,49.84,49.78,50.17,49.45,70904,62976243.0,1.45,0.0,0.0,0.68,0.7199999999999989
2019-12-03,002583,49.45,50.0,50.06,48.74,67769,59757641.0,2.65,0.44,0.22,0.65,1.3200000000000003
2019-12-04,002583,49.62,49.73,50.17,49.45,57544,51087944.0,1.44,-0.54,-0.27,0.55,0.7199999999999989
2019-12-05,002583,49.89,50.55,50.88,49.89,115393,104012635.0,1.99,1.65,0.82,1.1,0.990000000000002
2019-12-06,002583,50.72,50.5,50.77,49.78,108169,97048590.0,1.96,-0.1,-0.05,1.03,0.990000000000002
2019-12-09,002583,50.55,50.72,50.77,50.0,103436,93147486.0,1.52,0.44,0.22,0.99,0.7700000000000031
2019-12-10,002583,50.55,50.5,50.94,50.06,97373,87587509.0,1.74,-0.43,-0.22,0.93,0.8799999999999955
2019-12-11,002583,50.55,49.23,50.66,48.96,180206,159059234.0,3.37,-2.51,-1.27,1.72,1.6999999999999957
2019-12-12,002583,49.23,48.63,49.29,48.3,132721,115195899.0,2.01,-1.22,-0.6,1.27,0.990000000000002
2019-12-13,002583,49.01,48.74,49.23,48.08,177418,153745341.0,2.36,0.23,0.11,1.69,1.1499999999999986
2019-12-16,002583,48.9,50.0,50.17,48.63,236502,209145444.0,3.16,2.59,1.26,2.26,1.5399999999999991
2019-12-17,002583,50.5,52.64,53.14,50.5,444670,411983184.0,5.28,5.28,2.64,4.24,2.6400000000000006
2019-12-18,002583,52.92,52.75,54.07,52.31,364394,345341184.0,3.34,0.21,0.11,3.48,1.759999999999998
2019-12-19,002583,53.03,52.2,53.19,51.82,210149,196517207.0,2.6,-1.04,-0.55,2.01,1.3699999999999974
2019-12-20,002583,52.31,50.77,52.48,50.66,212287,194640492.0,3.49,-2.74,-1.43,2.03,1.8200000000000003
2019-12-23,002583,50.77,48.9,50.88,48.79,237322,210033111.0,4.12,-3.68,-1.87,2.27,2.0900000000000034
2019-12-24,002583,49.12,49.34,49.51,48.57,153018,133712745.0,1.92,0.9,0.44,1.46,0.9399999999999977
2019-12-25,002583,49.23,49.23,49.62,48.85,160673,141031665.0,1.56,-0.22,-0.11,1.53,0.769999999999996
2019-12-26,002583,49.29,49.18,49.34,48.52,134635,117384511.0,1.67,-0.1,-0.05,1.29,0.8200000000000003
2019-12-27,002583,49.23,48.68,49.45,48.68,184923,161824562.0,1.57,-1.02,-0.5,1.77,0.7700000000000031
2019-12-30,002583,48.3,46.92,48.46,46.04,303281,253961534.0,4.97,-3.62,-1.76,2.89,2.4200000000000017
2019-12-31,002583,46.87,47.2,47.36,46.65,155530,130401764.0,1.51,0.6,0.28,1.48,0.7100000000000009
