日期,股票代码,开盘,收盘,最高,最低,成交量,成交额,振幅,涨跌幅,涨跌额,换手率,volatility
2010-01-04,600774,28.45,28.35,28.7,28.05,27596,21747493.0,2.28,-0.35,-0.1,1.61,0.6499999999999986
2010-01-05,600774,28.35,29.7,30.7,27.5,78545,63576302.0,11.29,4.76,1.35,4.57,3.1999999999999993
2010-01-06,600774,29.8,29.5,30.1,28.95,49577,40378124.0,3.87,-0.67,-0.2,2.88,1.1500000000000021
2010-01-07,600774,29.55,27.7,29.55,27.45,39461,31078132.0,7.12,-6.1,-1.8,2.3,2.1000000000000014
2010-01-08,600774,27.8,28.1,28.4,27.5,25275,19710252.0,3.25,1.44,0.4,1.47,0.8999999999999986
2010-01-11,600774,28.1,27.7,28.5,27.35,25359,19674600.0,4.09,-1.42,-0.4,1.48,1.1499999999999986
2010-01-12,600774,27.65,28.7,28.7,27.55,29499,23287593.0,4.15,3.61,1.0,1.72,1.1499999999999986
2010-01-13,600774,27.95,28.2,28.6,27.75,29193,22900749.0,2.96,-1.74,-0.5,1.7,0.8500000000000014
2010-01-14,600774,28.05,29.45,29.9,28.05,48659,39200369.0,6.56,4.43,1.25,2.83,1.8499999999999979
2010-01-15,600774,29.35,29.7,29.95,29.15,39791,32328648.0,2.72,0.85,0.25,2.32,0.8000000000000007
2010-01-18,600774,29.75,30.2,30.5,29.7,39333,32346532.0,2.69,1.68,0.5,2.29,0.8000000000000007
2010-01-19,600774,29.45,29.65,30.45,29.4,39607,32304043.0,3.48,-1.82,-0.55,2.3,1.0500000000000007
2010-01-20,600774,29.65,29.7,31.15,29.45,101929,84385424.0,5.73,0.17,0.05,5.93,1.6999999999999993
2010-01-21,600774,29.9,31.25,31.9,29.6,119421,100313200.0,7.74,5.22,1.55,6.95,2.299999999999997
2010-01-22,600774,31.15,29.65,31.15,28.1,63036,51404807.0,9.76,-5.12,-1.6,3.67,3.049999999999997
2010-01-25,600774,28.85,28.8,29.45,28.25,22781,18190175.0,4.05,-2.87,-0.85,1.33,1.1999999999999993
2010-01-26,600774,28.9,27.25,29.45,26.45,31556,24450505.0,10.42,-5.38,-1.55,1.84,3.0
2010-01-27,600774,27.25,26.8,27.65,26.45,17072,13035974.0,4.4,-1.65,-0.45,0.99,1.1999999999999993
2010-01-28,600774,26.7,27.55,27.65,26.5,13187,10095191.0,4.29,2.8,0.75,0.77,1.1499999999999986
2010-01-29,600774,27.3,27.4,28.0,26.95,21930,16911376.0,3.81,-0.54,-0.15,1.28,1.0500000000000007
2010-02-01,600774,27.5,26.15,27.55,25.95,17765,13308504.0,5.84,-4.56,-1.25,1.03,1.6000000000000014
2010-02-02,600774,26.35,25.95,26.7,25.7,19933,14813514.0,3.82,-0.76,-0.2,1.16,1.0
2010-02-03,600774,26.25,26.25,26.3,24.45,21500,15739530.0,7.13,1.16,0.3,1.25,1.8500000000000014
2010-02-04,600774,26.25,26.7,27.1,25.45,28402,21424193.0,6.29,1.71,0.45,1.65,1.6500000000000021
2010-02-05,600774,25.95,27.2,27.6,25.7,29967,22732054.0,7.12,1.87,0.5,1.74,1.9000000000000021
2010-02-08,600774,27.15,27.2,27.5,26.95,14368,11002531.0,2.02,0.0,0.0,0.84,0.5500000000000007
2010-02-09,600774,26.9,26.95,27.45,26.7,13600,10362130.0,2.76,-0.92,-0.25,0.79,0.75
2010-02-10,600774,27.05,27.65,28.0,26.95,24259,18756004.0,3.9,2.6,0.7,1.41,1.0500000000000007
2010-02-11,600774,27.5,26.75,27.75,26.7,13244,10149324.0,3.8,-3.25,-0.9,0.77,1.0500000000000007
2010-02-12,600774,26.75,27.05,27.35,26.75,10771,8220320.0,2.24,1.12,0.3,0.63,0.6000000000000014
2010-02-22,600774,26.75,27.3,27.6,26.75,14341,10978602.0,3.14,0.92,0.25,0.83,0.8500000000000014
2010-02-23,600774,27.4,27.9,28.2,26.5,28668,22183212.0,6.23,2.2,0.6,1.67,1.6999999999999993
2010-02-24,600774,27.75,28.75,29.2,27.45,43387,34474758.0,6.27,3.05,0.85,2.52,1.75
2010-02-25,600774,28.95,29.15,29.7,28.5,42133,33874730.0,4.17,1.39,0.4,2.45,1.1999999999999993
2010-02-26,600774,28.95,29.45,29.65,28.75,32462,26186624.0,3.09,1.03,0.3,1.89,0.8999999999999986
2010-03-01,600774,29.55,30.35,30.65,29.35,54174,44441217.0,4.41,3.06,0.9,3.15,1.2999999999999972
2010-03-02,600774,30.4,30.35,31.35,30.0,47013,39077075.0,4.45,0.0,0.0,2.74,1.3500000000000014
2010-03-03,600774,30.45,31.0,31.0,29.85,51570,42926006.0,3.79,2.14,0.65,3.0,1.1499999999999986
2010-03-04,600774,31.15,29.25,31.15,28.75,49581,40787703.0,7.74,-5.65,-1.75,2.89,2.3999999999999986
2010-03-05,600774,29.9,29.4,29.9,28.65,25488,20628201.0,4.27,0.51,0.15,1.48,1.25
2010-03-08,600774,29.75,29.9,30.7,29.15,35994,29506264.0,5.27,1.7,0.5,2.09,1.5500000000000007
2010-03-09,600774,29.85,30.9,30.9,29.65,61083,50798977.0,4.18,3.34,1.0,3.55,1.25
2010-03-10,600774,30.7,29.55,30.7,29.2,39156,32084018.0,4.85,-4.37,-1.35,2.28,1.5
2010-03-11,600774,30.35,30.0,31.85,29.6,71133,59274778.0,7.61,1.52,0.45,4.14,2.25
2010-03-12,600774,29.2,29.05,30.55,28.95,53735,43793463.0,5.33,-3.17,-0.95,3.13,1.6000000000000014
2010-03-15,600774,29.0,28.4,29.4,28.0,25700,20340776.0,4.82,-2.24,-0.65,1.5,1.3999999999999986
2010-03-16,600774,28.4,29.4,29.75,28.05,37391,30045078.0,5.99,3.52,1.0,2.18,1.6999999999999993
2010-03-17,600774,29.4,30.15,30.35,29.3,34745,28431051.0,3.57,2.55,0.75,2.02,1.0500000000000007
2010-03-18,600774,30.35,30.25,30.9,29.9,43074,35593922.0,3.32,0.33,0.1,2.51,1.0
2010-03-19,600774,30.35,30.7,30.8,29.95,42611,35323196.0,2.81,1.49,0.45,2.48,0.8500000000000014
2010-03-22,600774,30.65,31.8,32.2,30.15,92770,78743906.0,6.68,3.58,1.1,5.4,2.0500000000000043
2010-03-23,600774,31.45,32.05,32.8,31.4,129761,112285932.0,4.4,0.79,0.25,7.55,1.3999999999999986
2010-03-24,600774,32.3,33.55,35.1,31.95,186052,166896495.0,9.83,4.68,1.5,10.83,3.150000000000002
2010-03-25,600774,33.4,37.15,37.95,33.0,307387,289286545.0,14.75,10.73,3.6,17.89,4.950000000000003
2010-03-26,600774,35.45,34.9,36.4,34.15,194310,179809204.0,6.06,-6.06,-2.25,11.31,2.25
2010-03-29,600774,34.35,33.1,34.65,32.45,150030,132587218.0,6.3,-5.16,-1.8,8.73,2.1999999999999957
2010-03-30,600774,33.15,33.55,33.6,32.7,93557,82784906.0,2.72,1.36,0.45,5.44,0.8999999999999986
2010-03-31,600774,33.2,32.75,33.55,32.2,92689,81505048.0,4.02,-2.38,-0.8,5.39,1.3499999999999943
2010-04-01,600774,32.95,33.25,33.35,32.55,120416,106058232.0,2.44,1.53,0.5,7.01,0.8000000000000043
2010-04-02,600774,33.1,32.85,33.25,32.5,84112,73817515.0,2.26,-1.2,-0.4,4.89,0.75
2010-04-06,600774,32.85,33.3,33.6,32.85,74494,65934351.0,2.28,1.37,0.45,4.33,0.75
2010-04-07,600774,33.2,33.15,33.4,32.65,54758,48238577.0,2.25,-0.45,-0.15,3.19,0.75
2010-04-08,600774,33.15,32.6,33.2,32.3,59559,52072537.0,2.71,-1.66,-0.55,3.47,0.9000000000000057
2010-04-09,600774,32.5,33.1,33.5,32.45,65320,57654985.0,3.22,1.53,0.5,3.8,1.0499999999999972
2010-04-12,600774,33.15,33.85,33.85,32.75,93119,82614608.0,3.32,2.27,0.75,5.42,1.1000000000000014
2010-04-13,600774,33.85,32.1,33.9,30.7,70356,61233187.0,9.45,-5.17,-1.75,4.09,3.1999999999999993
2010-04-14,600774,32.1,32.45,32.6,31.55,43060,37209790.0,3.27,1.09,0.35,2.51,1.0500000000000007
2010-04-15,600774,32.2,31.5,32.4,30.75,52280,44686113.0,5.08,-2.93,-0.95,3.04,1.6499999999999986
2010-04-16,600774,31.45,31.45,31.85,31.2,23746,20220129.0,2.06,-0.16,-0.05,1.38,0.6500000000000021
2010-04-19,600774,31.05,29.3,31.3,29.2,40549,33582260.0,6.68,-6.84,-2.15,2.36,2.1000000000000014
2010-04-21,600774,29.55,30.5,30.85,29.45,42566,35269771.0,4.78,4.1,1.2,2.48,1.4000000000000021
2010-04-22,600774,30.65,31.1,31.55,30.25,45365,38179248.0,4.26,1.97,0.6,2.64,1.3000000000000007
2010-04-23,600774,31.1,30.7,31.35,30.2,33656,28147599.0,3.7,-1.29,-0.4,1.96,1.1500000000000021
2010-04-26,600774,30.65,30.2,30.65,29.85,24621,20355953.0,2.61,-1.63,-0.5,1.43,0.7999999999999972
2010-04-27,600774,29.95,28.6,30.3,27.8,38766,30892750.0,8.28,-5.3,-1.6,2.26,2.5
2010-04-28,600774,28.45,29.1,29.45,27.95,18696,14818583.0,5.24,1.75,0.5,1.09,1.5
2010-04-29,600774,28.9,28.0,29.55,27.95,23212,18500103.0,5.5,-3.78,-1.1,1.35,1.6000000000000014
2010-04-30,600774,27.5,26.7,27.85,25.95,26375,19886432.0,6.79,-4.64,-1.3,1.53,1.9000000000000021
2010-05-04,600774,26.45,26.35,27.15,25.75,13266,9959203.0,5.24,-1.31,-0.35,0.77,1.3999999999999986
2010-05-05,600774,26.2,27.75,27.8,25.95,26154,19953859.0,7.02,5.31,1.4,1.52,1.8500000000000014
2010-05-06,600774,27.8,26.45,28.0,26.35,25418,19459036.0,5.95,-4.68,-1.3,1.48,1.6499999999999986
2010-05-07,600774,26.1,25.85,27.4,25.75,17628,13175460.0,6.24,-2.27,-0.6,1.03,1.6499999999999986
2010-05-10,600774,26.1,24.7,26.25,23.51,24697,17807816.0,10.6,-4.45,-1.15,1.44,2.7399999999999984
2010-05-11,600774,25.25,24.35,25.65,23.81,19337,13879705.0,7.45,-1.42,-0.35,1.13,1.8399999999999999
2010-05-12,600774,23.96,23.86,24.7,22.91,18784,13068462.0,7.35,-2.01,-0.49,1.09,1.7899999999999991
2010-05-13,600774,23.76,24.45,24.55,23.11,21772,15238055.0,6.04,2.47,0.59,1.27,1.4400000000000013
2010-05-14,600774,24.11,24.55,25.1,23.86,23094,16437986.0,5.07,0.41,0.1,1.34,1.240000000000002
2010-05-17,600774,24.45,23.41,24.45,22.31,31240,21637460.0,8.72,-4.64,-1.14,1.82,2.1400000000000006
2010-05-18,600774,23.46,23.76,24.4,22.26,38431,26649909.0,9.14,1.5,0.35,2.24,2.139999999999997
2010-05-19,600774,23.61,23.56,23.76,22.21,39325,26809500.0,6.52,-0.84,-0.2,2.29,1.5500000000000007
2010-05-20,600774,23.06,23.56,24.2,22.56,30047,20825412.0,6.96,0.0,0.0,1.75,1.6400000000000006
2010-05-21,600774,22.91,25.05,25.3,22.21,89079,63038037.0,13.12,6.32,1.49,5.18,3.09
2010-05-24,600774,24.7,25.95,26.3,24.55,93933,68632654.0,6.99,3.59,0.9,5.47,1.75
2010-05-25,600774,25.4,25.6,27.35,24.75,63317,46432998.0,10.02,-1.35,-0.35,3.68,2.6000000000000014
2010-05-26,600774,25.4,25.0,25.85,24.7,35147,25497022.0,4.49,-2.34,-0.6,2.05,1.1500000000000021
2010-05-27,600774,25.0,25.55,25.6,24.65,29886,21661499.0,3.8,2.2,0.55,1.74,0.9500000000000028
2010-05-28,600774,25.8,25.4,26.0,24.85,34624,25259611.0,4.5,-0.59,-0.15,2.01,1.1499999999999986
2010-05-31,600774,25.25,24.06,25.5,23.91,27929,20079400.0,6.26,-5.28,-1.34,1.63,1.5899999999999999
2010-06-01,600774,23.71,24.11,24.2,22.71,38085,26227389.0,6.19,0.21,0.05,2.22,1.4899999999999984
2010-06-02,600774,23.71,25.85,26.55,23.51,79992,58135153.0,12.61,7.22,1.74,4.65,3.039999999999999
2010-06-03,600774,25.35,25.25,26.1,24.95,61695,45065984.0,4.45,-2.32,-0.6,3.59,1.1500000000000021
2010-06-04,600774,24.9,25.2,25.5,24.7,26148,18884749.0,3.17,-0.2,-0.05,1.52,0.8000000000000007
2010-06-07,600774,24.4,24.16,24.55,23.56,36332,25560512.0,3.93,-4.13,-1.04,2.11,0.990000000000002
2010-06-08,600774,23.96,24.16,24.6,23.61,20890,14723060.0,4.1,0.0,0.0,1.22,0.990000000000002
2010-06-09,600774,24.35,25.0,25.1,23.96,29320,20871034.0,4.72,3.48,0.84,1.71,1.1400000000000006
2010-06-10,600774,24.85,25.25,25.65,24.7,36866,26772048.0,3.8,1.0,0.25,2.15,0.9499999999999993
2010-06-11,600774,25.25,25.1,25.45,24.9,22213,16099472.0,2.18,-0.59,-0.15,1.29,0.5500000000000007
2010-06-17,600774,25.55,25.0,25.6,24.85,19501,14111296.0,2.99,-0.4,-0.1,1.13,0.75
2010-06-18,600774,25.2,23.11,25.2,23.01,24418,17160068.0,8.76,-7.56,-1.89,1.42,2.1899999999999977
2010-06-21,600774,23.31,24.01,24.06,22.86,16801,11647958.0,5.19,3.89,0.9,0.98,1.1999999999999993
2010-06-22,600774,24.06,24.11,24.35,23.71,17141,12041697.0,2.67,0.42,0.1,1.0,0.6400000000000006
2010-06-23,600774,24.06,23.86,24.3,23.46,15973,11154017.0,3.48,-1.04,-0.25,0.93,0.8399999999999999
2010-06-24,600774,24.11,23.96,24.3,23.71,14520,10176532.0,2.47,0.42,0.1,0.84,0.5899999999999999
2010-06-25,600774,23.76,23.31,23.81,22.76,15884,10909772.0,4.38,-2.71,-0.65,0.92,1.0499999999999972
2010-06-28,600774,22.96,22.91,23.46,22.56,10698,7269811.0,3.86,-1.72,-0.4,0.62,0.9000000000000021
2010-06-29,600774,22.91,19.66,23.16,19.61,29618,19047537.0,15.5,-14.19,-3.25,1.72,3.5500000000000007
2010-06-30,600774,19.11,18.96,19.56,18.86,17572,10588391.0,3.56,-3.56,-0.7,1.02,0.6999999999999993
2010-07-01,600774,19.06,18.76,19.31,18.71,10516,6315807.0,3.16,-1.05,-0.2,0.61,0.5999999999999979
2010-07-02,600774,18.76,18.36,18.81,17.21,23952,13998874.0,8.53,-2.13,-0.4,1.39,1.5999999999999979
2010-07-05,600774,18.36,17.91,18.46,17.41,17342,10044716.0,5.72,-2.45,-0.45,1.01,1.0500000000000007
2010-07-06,600774,17.56,18.91,18.96,17.56,22438,13326308.0,7.82,5.58,1.0,1.31,1.4000000000000021
2010-07-07,600774,19.06,19.26,19.31,18.76,15322,9220200.0,2.91,1.85,0.35,0.89,0.5499999999999972
2010-07-08,600774,19.31,19.21,19.56,18.91,18754,11358285.0,3.37,-0.26,-0.05,1.09,0.6499999999999986
2010-07-09,600774,19.31,20.41,20.56,18.96,34792,21609707.0,8.33,6.25,1.2,2.02,1.5999999999999979
2010-07-12,600774,20.31,20.56,20.71,20.06,25237,15930537.0,3.18,0.73,0.15,1.47,0.6500000000000021
2010-07-13,600774,20.26,20.56,20.81,19.66,22983,14326625.0,5.59,0.0,0.0,1.34,1.1499999999999986
2010-07-14,600774,20.36,20.66,21.11,20.31,33286,21108104.0,3.89,0.49,0.1,1.94,0.8000000000000007
2010-07-15,600774,20.71,19.56,20.86,19.51,19131,11940520.0,6.53,-5.32,-1.1,1.11,1.3499999999999979
2010-07-16,600774,19.46,19.81,19.86,18.96,16748,10192299.0,4.6,1.28,0.25,0.97,0.8999999999999986
2010-07-19,600774,19.56,20.46,20.71,19.41,17794,11170408.0,6.56,3.28,0.65,1.04,1.3000000000000007
2010-07-20,600774,20.46,21.31,21.41,20.46,26097,16718681.0,4.64,4.15,0.85,1.52,0.9499999999999993
2010-07-21,600774,21.31,21.36,22.16,21.16,30948,20186862.0,4.69,0.23,0.05,1.8,1.0
2010-07-22,600774,21.01,22.61,22.81,20.96,49574,32837267.0,8.66,5.85,1.25,2.88,1.8499999999999979
2010-07-23,600774,22.41,22.56,22.66,21.86,53596,35729276.0,3.54,-0.22,-0.05,3.12,0.8000000000000007
2010-07-26,600774,22.41,22.96,23.11,22.21,44686,30113939.0,3.99,1.77,0.4,2.6,0.8999999999999986
2010-07-27,600774,22.56,22.81,23.26,22.56,33362,22658771.0,3.05,-0.65,-0.15,1.94,0.7000000000000028
2010-07-28,600774,22.76,23.31,23.46,22.51,35870,24493237.0,4.16,2.19,0.5,2.09,0.9499999999999993
2010-07-29,600774,23.26,23.36,23.46,22.66,41865,28563557.0,3.43,0.21,0.05,2.44,0.8000000000000007
2010-07-30,600774,23.21,23.56,23.66,22.96,32320,22241325.0,3.0,0.86,0.2,1.88,0.6999999999999993
2010-08-02,600774,23.61,24.7,25.05,23.31,61344,43190912.0,7.39,4.84,1.14,3.57,1.740000000000002
2010-08-03,600774,24.55,23.71,24.8,23.66,40796,28821784.0,4.62,-4.01,-0.99,2.37,1.1400000000000006
2010-08-04,600774,23.36,24.7,24.75,23.36,40572,28613307.0,5.86,4.18,0.99,2.36,1.3900000000000006
2010-08-05,600774,24.45,24.75,25.6,24.45,50207,36253989.0,4.66,0.2,0.05,2.92,1.1500000000000021
2010-08-06,600774,24.75,25.85,26.35,24.35,63105,45924734.0,8.08,4.44,1.1,3.67,2.0
2010-08-09,600774,25.9,26.05,26.35,25.35,37257,27544466.0,3.87,0.77,0.2,2.17,1.0
2010-08-10,600774,25.85,25.0,26.2,24.75,37794,27489511.0,5.57,-4.03,-1.05,2.2,1.4499999999999993
2010-08-11,600774,24.75,25.0,25.4,24.65,22308,16100337.0,3.0,0.0,0.0,1.3,0.75
2010-08-12,600774,24.75,24.75,25.15,24.2,31171,22246384.0,3.8,-1.0,-0.25,1.81,0.9499999999999993
2010-08-13,600774,24.75,25.35,25.35,24.4,20320,14621203.0,3.84,2.42,0.6,1.18,0.9500000000000028
2010-08-16,600774,25.25,26.45,26.5,24.9,49841,36785703.0,6.31,4.34,1.1,2.9,1.6000000000000014
2010-08-17,600774,26.45,26.6,26.65,25.8,38442,28730459.0,3.21,0.57,0.15,2.24,0.8499999999999979
2010-08-18,600774,26.75,26.15,26.95,25.95,38435,28718132.0,3.76,-1.69,-0.45,2.24,1.0
2010-08-19,600774,26.2,25.6,26.75,25.35,48151,35593587.0,5.35,-2.1,-0.55,2.8,1.3999999999999986
2010-08-20,600774,25.6,24.2,25.65,23.86,76163,54296430.0,6.99,-5.47,-1.4,4.43,1.7899999999999991
2010-08-23,600774,24.25,24.55,24.8,24.11,30533,21649077.0,2.85,1.45,0.35,1.78,0.6900000000000013
2010-08-24,600774,24.6,25.1,25.25,24.3,37094,26636125.0,3.87,2.24,0.55,2.16,0.9499999999999993
2010-08-25,600774,24.95,24.6,25.45,24.35,36571,26243977.0,4.38,-1.99,-0.5,2.13,1.0999999999999979
2010-08-26,600774,24.95,25.25,25.35,24.55,40128,28907125.0,3.25,2.64,0.65,2.33,0.8000000000000007
2010-08-27,600774,25.2,25.0,25.4,24.6,22773,16428131.0,3.17,-0.99,-0.25,1.33,0.7999999999999972
2010-08-30,600774,25.25,25.55,25.8,25.1,39933,29168846.0,2.8,2.2,0.55,2.32,0.6999999999999993
2010-08-31,600774,25.35,26.1,26.35,25.35,52733,38984548.0,3.91,2.15,0.55,3.07,1.0
2010-09-01,600774,26.25,25.4,26.35,24.75,46581,34175836.0,6.13,-2.68,-0.7,2.71,1.6000000000000014
2010-09-02,600774,25.6,26.0,26.2,25.05,43878,32338156.0,4.53,2.36,0.6,2.55,1.1499999999999986
2010-09-03,600774,26.05,26.85,26.95,25.85,69187,52127014.0,4.23,3.27,0.85,4.03,1.0999999999999979
2010-09-06,600774,27.3,27.2,29.3,27.05,124241,97173551.0,8.38,1.3,0.35,7.23,2.25
2010-09-07,600774,27.0,27.6,27.9,26.55,45050,34477862.0,4.96,1.47,0.4,2.62,1.3499999999999979
2010-09-08,600774,27.4,29.05,29.3,27.2,78220,61845416.0,7.61,5.25,1.45,4.55,2.1000000000000014
2010-09-09,600774,28.95,30.35,31.4,28.45,145575,119289231.0,10.15,4.48,1.3,8.47,2.9499999999999993
2010-09-10,600774,30.5,32.45,32.85,30.05,161742,138145081.0,9.23,6.92,2.1,9.41,2.8000000000000007
2010-09-13,600774,32.15,33.05,33.9,31.35,115867,101125942.0,7.86,1.85,0.6,6.74,2.549999999999997
2010-09-14,600774,32.6,33.15,34.15,31.6,100240,88077637.0,7.72,0.3,0.1,5.83,2.549999999999997
2010-09-15,600774,33.05,33.4,33.95,32.4,79401,70161199.0,4.68,0.75,0.25,4.62,1.5500000000000043
2010-09-16,600774,33.45,35.55,37.45,33.1,196838,185130681.0,13.02,6.44,2.15,11.45,4.350000000000001
2010-09-17,600774,34.45,32.8,35.15,32.45,78251,70548345.0,7.59,-7.74,-2.75,4.55,2.6999999999999957
2010-09-20,600774,32.55,30.85,33.2,30.45,84385,71777307.0,8.38,-5.95,-1.95,4.91,2.7500000000000036
2010-09-21,600774,31.15,30.85,31.2,30.35,45910,38337741.0,2.76,0.0,0.0,2.67,0.8499999999999979
2010-09-27,600774,30.95,31.55,32.05,30.2,55942,47057192.0,6.0,2.27,0.7,3.26,1.8499999999999979
2010-09-28,600774,31.2,32.65,32.85,30.9,76588,66218440.0,6.18,3.49,1.1,4.46,1.9500000000000028
2010-09-29,600774,32.95,31.05,33.85,30.95,54632,47318995.0,8.88,-4.9,-1.6,3.18,2.900000000000002
2010-09-30,600774,30.9,32.1,32.15,30.35,30278,25709397.0,5.8,3.38,1.05,1.76,1.7999999999999972
2010-10-08,600774,32.1,32.55,33.2,31.55,39706,34639981.0,5.14,1.4,0.45,2.31,1.6500000000000021
2010-10-11,600774,32.65,31.9,33.5,31.55,59917,52178433.0,5.99,-2.0,-0.65,3.49,1.9499999999999993
2010-10-12,600774,31.9,31.5,32.55,31.4,46649,39961942.0,3.61,-1.25,-0.4,2.71,1.1499999999999986
2010-10-13,600774,31.45,30.95,31.6,30.15,48043,40162536.0,4.6,-1.75,-0.55,2.8,1.4500000000000028
2010-10-14,600774,31.05,28.6,31.3,28.4,64995,53001529.0,9.37,-7.59,-2.35,3.78,2.900000000000002
2010-10-15,600774,28.4,28.8,30.3,28.2,57226,45999071.0,7.34,0.7,0.2,3.33,2.1000000000000014
2010-10-18,600774,28.8,27.85,28.95,27.0,51003,39550243.0,6.77,-3.3,-0.95,2.97,1.9499999999999993
2010-10-19,600774,27.7,29.1,29.1,27.7,41001,32518432.0,5.03,4.49,1.25,2.39,1.4000000000000021
2010-10-20,600774,28.4,29.8,29.95,28.05,47954,38700839.0,6.53,2.41,0.7,2.79,1.8999999999999986
2010-10-21,600774,29.6,29.55,29.75,28.45,43443,34874090.0,4.36,-0.84,-0.25,2.53,1.3000000000000007
2010-10-22,600774,29.7,33.6,33.6,29.25,145437,124101162.0,14.72,13.71,4.05,8.46,4.350000000000001
2010-10-25,600774,33.75,34.75,35.95,32.75,152134,135954995.0,9.52,3.42,1.15,8.85,3.200000000000003
2010-10-26,600774,34.95,34.3,35.75,33.25,113282,102144661.0,7.19,-1.29,-0.45,6.59,2.5
2010-10-27,600774,34.45,33.05,35.25,33.0,109875,98349093.0,6.56,-3.64,-1.25,6.39,2.25
2010-10-28,600774,32.85,32.2,33.4,31.8,55174,47861302.0,4.84,-2.57,-0.85,3.21,1.5999999999999979
2010-10-29,600774,32.35,33.2,33.7,32.1,45806,40425082.0,4.97,3.11,1.0,2.67,1.6000000000000014
2010-11-01,600774,33.0,33.95,34.35,32.45,73939,66130992.0,5.72,2.26,0.75,4.3,1.8999999999999986
2010-11-02,600774,33.95,34.45,35.7,33.6,88065,80881641.0,6.19,1.47,0.5,5.12,2.1000000000000014
2010-11-03,600774,34.0,33.4,35.65,33.35,61299,55994540.0,6.68,-3.05,-1.05,3.57,2.299999999999997
2010-11-04,600774,33.4,34.5,34.7,32.85,57857,51852117.0,5.54,3.29,1.1,3.37,1.8500000000000014
2010-11-05,600774,34.7,36.05,36.75,34.05,87415,81893671.0,7.83,4.49,1.55,5.09,2.700000000000003
2010-11-08,600774,36.35,37.15,38.45,35.55,91848,88419017.0,8.04,3.05,1.1,5.34,2.9000000000000057
2010-11-09,600774,36.95,37.85,38.7,36.05,67946,66179083.0,7.13,1.88,0.7,3.95,2.6500000000000057
2010-11-10,600774,38.25,39.2,39.65,37.15,70735,70066801.0,6.61,3.57,1.35,4.12,2.5
2010-11-11,600774,38.85,37.55,39.55,37.5,62433,62155810.0,5.23,-4.21,-1.65,3.63,2.049999999999997
2010-11-12,600774,37.05,34.9,38.3,34.5,70834,66498545.0,10.12,-7.06,-2.65,4.12,3.799999999999997
2010-11-15,600774,34.9,36.75,37.1,34.75,40295,37738453.0,6.73,5.3,1.85,2.34,2.3500000000000014
2010-11-16,600774,36.5,35.2,38.0,34.65,51392,48809645.0,9.12,-4.22,-1.55,2.99,3.3500000000000014
2010-11-17,600774,35.15,33.4,35.9,33.0,32022,29142348.0,8.24,-5.11,-1.8,1.86,2.8999999999999986
2010-11-18,600774,33.4,33.4,34.65,32.15,24729,22015366.0,7.49,0.0,0.0,1.44,2.5
2010-11-19,600774,33.4,34.2,34.25,32.55,28085,24952356.0,5.09,2.4,0.8,1.63,1.7000000000000028
2010-11-22,600774,33.95,34.4,34.7,33.45,25358,23015396.0,3.65,0.58,0.2,1.48,1.25
2010-11-23,600774,34.0,33.5,34.35,32.7,19348,17204614.0,4.8,-2.62,-0.9,1.13,1.6499999999999986
2010-11-24,600774,33.35,34.65,34.85,33.05,22849,20709052.0,5.37,3.43,1.15,1.33,1.8000000000000043
2010-11-25,600774,34.65,35.85,35.9,34.65,31279,29004245.0,3.61,3.46,1.2,1.82,1.25
2010-11-26,600774,35.7,35.1,36.05,34.7,24563,22706294.0,3.77,-2.09,-0.75,1.43,1.3499999999999943
2010-11-29,600774,34.5,36.3,36.55,34.5,33770,31675587.0,5.84,3.42,1.2,1.97,2.049999999999997
2010-11-30,600774,36.35,34.7,36.95,33.45,49802,46278151.0,9.64,-4.41,-1.6,2.9,3.5
2010-12-01,600774,34.45,35.8,35.85,33.85,32835,30138069.0,5.76,3.17,1.1,1.91,2.0
2010-12-02,600774,35.95,37.9,39.85,35.95,116675,114399448.0,10.89,5.87,2.1,6.79,3.8999999999999986
2010-12-03,600774,37.7,36.95,37.7,35.8,61461,58971662.0,5.01,-2.51,-0.95,3.58,1.9000000000000057
2010-12-06,600774,36.9,37.0,37.75,34.95,64219,61108839.0,7.58,0.14,0.05,3.74,2.799999999999997
2010-12-07,600774,36.75,37.45,37.7,35.4,40201,38714559.0,6.22,1.22,0.45,2.34,2.3000000000000043
2010-12-08,600774,37.2,40.89,41.39,36.45,111564,111051479.0,13.19,9.19,3.44,6.49,4.939999999999998
2010-12-09,600774,39.55,40.45,41.24,38.3,152842,154926466.0,7.19,-1.08,-0.44,8.89,2.940000000000005
2010-12-10,600774,39.2,41.04,41.39,38.85,143357,146929822.0,6.28,1.46,0.59,8.34,2.539999999999999
2010-12-13,600774,41.24,44.24,44.84,40.15,203779,217558583.0,11.43,7.8,3.2,11.86,4.690000000000005
2010-12-14,600774,43.34,44.59,45.79,42.19,258406,282387647.0,8.14,0.79,0.35,15.04,3.6000000000000014
2010-12-15,600774,43.44,43.34,44.79,42.44,178332,194045694.0,5.27,-2.8,-1.25,10.38,2.3500000000000014
2010-12-16,600774,42.39,40.99,43.39,40.89,151142,159371165.0,5.77,-5.42,-2.35,8.79,2.5
2010-12-17,600774,40.45,40.2,40.6,39.45,75421,77055885.0,2.81,-1.93,-0.79,4.39,1.1499999999999986
2010-12-20,600774,40.25,38.95,40.94,38.1,80567,80949651.0,7.06,-3.11,-1.25,4.69,2.8399999999999963
2010-12-21,600774,39.2,39.9,39.95,38.75,48927,49443196.0,3.08,2.44,0.95,2.85,1.2000000000000028
2010-12-22,600774,40.0,38.85,40.05,38.65,49017,49246814.0,3.51,-2.63,-1.05,2.85,1.3999999999999986
2010-12-23,600774,38.45,39.3,39.6,37.85,43962,43812711.0,4.5,1.16,0.45,2.56,1.75
2010-12-24,600774,38.95,38.15,39.3,37.95,28755,28556702.0,3.44,-2.93,-1.15,1.67,1.3499999999999943
2010-12-27,600774,38.0,38.75,40.1,38.0,53861,54072196.0,5.5,1.57,0.6,3.13,2.1000000000000014
2010-12-28,600774,38.75,34.85,38.8,34.75,50085,47374903.0,10.45,-10.06,-3.9,2.91,4.049999999999997
2010-12-29,600774,34.6,35.05,35.3,34.05,22258,20393202.0,3.59,0.57,0.2,1.3,1.25
2010-12-30,600774,34.8,35.05,35.4,34.5,18291,16827396.0,2.57,0.0,0.0,1.06,0.8999999999999986
2010-12-31,600774,35.1,35.8,35.95,34.75,20407,18954518.0,3.42,2.14,0.75,1.19,1.2000000000000028
2011-01-04,600774,36.2,36.15,36.3,35.25,28353,26577151.0,2.93,0.98,0.35,1.65,1.0499999999999972
2011-01-05,600774,36.1,36.2,36.6,35.75,24598,23257608.0,2.35,0.14,0.05,1.43,0.8500000000000014
2011-01-06,600774,36.3,35.45,36.4,34.85,35328,32892947.0,4.28,-2.07,-0.75,2.06,1.5499999999999972
2011-01-07,600774,34.95,35.1,35.9,34.7,23791,22074720.0,3.39,-0.99,-0.35,1.38,1.1999999999999957
2011-01-10,600774,34.95,32.0,35.05,31.7,43616,38735217.0,9.54,-8.83,-3.1,2.54,3.349999999999998
2011-01-11,600774,31.95,32.25,32.85,31.55,27366,23715366.0,4.06,0.78,0.25,1.59,1.3000000000000007
2011-01-12,600774,32.7,32.85,32.9,32.0,16852,14629613.0,2.79,1.86,0.6,0.98,0.8999999999999986
2011-01-13,600774,32.75,32.3,32.95,32.25,13680,11916511.0,2.13,-1.67,-0.55,0.8,0.7000000000000028
2011-01-14,600774,32.3,30.55,32.4,30.2,27278,22870494.0,6.81,-5.42,-1.75,1.59,2.1999999999999993
2011-01-17,600774,30.35,30.1,30.35,28.35,45942,37164677.0,6.55,-1.47,-0.45,2.67,2.0
2011-01-18,600774,30.1,31.65,33.05,28.95,65292,55716689.0,13.62,5.15,1.55,3.8,4.099999999999998
2011-01-19,600774,31.75,34.65,34.75,31.2,105610,94030394.0,11.22,9.48,3.0,6.15,3.5500000000000007
2011-01-20,600774,34.0,35.65,36.8,33.75,149068,137489820.0,8.8,2.89,1.0,8.67,3.049999999999997
2011-01-21,600774,35.05,36.8,38.5,34.05,140827,132771269.0,12.48,3.23,1.15,8.19,4.450000000000003
2011-01-24,600774,36.35,35.85,37.95,34.25,110293,104085279.0,10.05,-2.58,-0.95,6.42,3.700000000000003
2011-01-25,600774,35.45,35.6,35.65,33.35,53844,48765680.0,6.42,-0.7,-0.25,3.13,2.299999999999997
2011-01-26,600774,34.7,35.6,36.35,34.35,91604,84851038.0,5.62,0.0,0.0,5.33,2.0
2011-01-27,600774,34.65,34.3,35.55,33.95,69125,63171240.0,4.49,-3.65,-1.3,4.02,1.5999999999999943
2011-01-28,600774,33.55,35.9,36.25,32.2,107392,96127875.0,11.81,4.66,1.6,6.22,4.049999999999997
2011-01-31,600774,34.95,36.5,36.55,34.55,70038,65998564.0,5.57,1.67,0.6,4.06,2.0
2011-02-01,600774,36.45,37.4,37.85,36.35,125462,120852888.0,4.11,2.47,0.9,7.27,1.5
2011-02-09,600774,36.55,35.25,37.1,35.1,55461,52074390.0,5.35,-5.75,-2.15,3.21,2.0
2011-02-10,600774,35.25,35.85,35.95,34.7,45668,42451886.0,3.55,1.7,0.6,2.65,1.25
2011-02-11,600774,35.9,37.2,37.3,35.6,65750,62463051.0,4.74,3.77,1.35,3.81,1.6999999999999957
2011-02-14,600774,37.2,37.35,38.05,36.75,73387,71134961.0,3.49,0.4,0.15,4.25,1.2999999999999972
2011-02-15,600774,37.7,38.15,38.45,36.8,84202,81835120.0,4.42,2.14,0.8,4.88,1.6500000000000057
2011-02-16,600774,37.75,39.25,39.55,37.5,91659,91670039.0,5.37,2.88,1.1,5.31,2.049999999999997
2011-02-17,600774,39.25,37.75,39.4,37.65,82360,81054984.0,4.46,-3.82,-1.5,4.77,1.75
2011-02-18,600774,37.6,36.9,38.4,36.75,49944,48479288.0,4.37,-2.25,-0.85,2.89,1.6499999999999986
2011-02-21,600774,36.55,37.8,37.85,36.2,51244,49230812.0,4.47,2.44,0.9,2.97,1.6499999999999986
2011-02-22,600774,37.7,35.25,37.7,35.2,50084,47523853.0,6.61,-6.75,-2.55,2.9,2.5
2011-02-23,600774,34.7,34.9,35.6,34.45,28888,26613369.0,3.26,-0.99,-0.35,1.67,1.1499999999999986
2011-02-24,600774,35.05,35.65,36.05,34.8,27875,25973786.0,3.58,2.15,0.75,1.62,1.25
2011-02-25,600774,35.95,35.6,36.05,35.25,27341,25549023.0,2.24,-0.14,-0.05,1.58,0.7999999999999972
2011-02-28,600774,35.6,36.65,36.8,34.95,51158,48070911.0,5.2,2.95,1.05,2.96,1.8499999999999943
2011-03-01,600774,36.6,38.05,38.15,36.45,81914,79119024.0,4.64,3.82,1.4,4.75,1.6999999999999957
2011-03-02,600774,38.55,39.8,40.7,38.4,189948,192626268.0,6.04,4.6,1.75,11.01,2.3000000000000043
2011-03-03,600774,39.45,38.8,39.7,38.15,79126,79026450.0,3.89,-2.51,-1.0,4.58,1.5500000000000043
2011-03-04,600774,38.65,39.45,39.5,38.45,47875,47941099.0,2.71,1.68,0.65,2.77,1.0499999999999972
2011-03-07,600774,40.3,39.45,40.8,39.2,85962,87380966.0,4.06,0.0,0.0,4.98,1.5999999999999943
2011-03-08,600774,39.35,39.0,39.55,38.4,49745,49532416.0,2.92,-1.14,-0.45,2.88,1.1499999999999986
2011-03-09,600774,39.0,38.6,39.1,38.35,38082,37787484.0,1.92,-1.03,-0.4,2.21,0.75
2011-03-10,600774,38.3,38.95,39.75,38.3,48385,48560563.0,3.76,0.91,0.35,2.8,1.4500000000000028
2011-03-11,600774,38.45,37.5,38.85,37.35,66229,64785733.0,3.85,-3.72,-1.45,3.84,1.5
2011-03-14,600774,37.45,37.6,37.9,36.95,39664,38411730.0,2.53,0.27,0.1,2.3,0.9499999999999957
2011-03-15,600774,37.6,36.1,37.6,35.6,39541,37475402.0,5.32,-3.99,-1.5,2.29,2.0
2011-03-16,600774,36.0,36.75,36.95,35.95,29281,27888233.0,2.77,1.8,0.65,1.7,1.0
2011-03-17,600774,35.85,36.55,36.95,35.7,34870,33018843.0,3.4,-0.54,-0.2,2.02,1.25
2011-03-18,600774,36.75,37.45,37.95,36.65,33518,32446028.0,3.56,2.46,0.9,1.94,1.3000000000000043
2011-03-21,600774,37.4,36.15,37.4,35.95,24894,23698074.0,3.87,-3.47,-1.3,1.44,1.4499999999999957
2011-03-22,600774,36.2,38.0,38.1,36.2,48123,46475443.0,5.26,5.12,1.85,2.79,1.8999999999999986
2011-03-23,600774,38.0,38.0,38.15,37.25,42097,41134357.0,2.37,0.0,0.0,2.44,0.8999999999999986
2011-03-24,600774,38.15,38.35,38.6,37.4,50936,50023522.0,3.16,0.92,0.35,2.95,1.2000000000000028
2011-03-25,600774,38.35,38.25,39.1,37.85,64159,63566853.0,3.26,-0.26,-0.1,3.72,1.25
2011-03-28,600774,38.2,39.6,40.5,36.55,145429,144561927.0,10.33,3.53,1.35,8.43,3.950000000000003
2011-03-29,600774,39.05,40.65,41.44,38.65,212746,218471679.0,7.05,2.65,1.05,12.33,2.789999999999999
2011-03-30,600774,40.65,40.15,41.94,39.7,182167,189587606.0,5.51,-1.23,-0.5,10.55,2.239999999999995
2011-03-31,600774,40.1,39.25,41.39,38.2,120479,122237887.0,7.95,-2.24,-0.9,6.98,3.1899999999999977
2011-04-01,600774,38.9,39.35,39.95,37.95,66502,66694802.0,5.1,0.25,0.1,3.85,2.0
2011-04-06,600774,38.95,37.8,39.5,37.7,68882,67819850.0,4.57,-3.94,-1.55,3.99,1.7999999999999972
2011-04-07,600774,37.75,38.1,38.15,36.8,46274,44777883.0,3.57,0.79,0.3,2.68,1.3500000000000014
2011-04-08,600774,37.9,38.15,38.4,37.45,36478,35796541.0,2.49,0.13,0.05,2.11,0.9499999999999957
2011-04-11,600774,38.2,37.95,38.9,37.65,39860,39355129.0,3.28,-0.52,-0.2,2.31,1.25
2011-04-12,600774,37.95,37.7,38.65,37.2,36434,35624948.0,3.82,-0.66,-0.25,2.11,1.4499999999999957
2011-04-13,600774,38.2,39.35,39.4,37.4,52490,52203961.0,5.31,4.38,1.65,3.04,2.0
2011-04-14,600774,39.7,39.3,39.95,38.9,50610,51169618.0,2.67,-0.13,-0.05,2.93,1.0500000000000043
2011-04-15,600774,39.3,38.8,39.85,38.25,37908,37753212.0,4.07,-1.27,-0.5,2.2,1.6000000000000014
2011-04-18,600774,38.45,40.0,40.05,38.45,54748,55280602.0,4.12,3.09,1.2,3.17,1.5999999999999943
2011-04-19,600774,39.6,40.1,40.75,39.0,85420,87241085.0,4.38,0.25,0.1,4.95,1.75
2011-04-21,600774,40.3,39.85,41.19,39.45,57277,58454020.0,4.34,-0.62,-0.25,3.32,1.7399999999999949
2011-04-22,600774,39.55,38.75,40.2,38.5,44374,44442053.0,4.27,-2.76,-1.1,2.57,1.7000000000000028
2011-04-25,600774,38.7,37.95,39.3,37.85,38404,38076792.0,3.74,-2.06,-0.8,2.23,1.4499999999999957
2011-04-26,600774,37.7,34.85,37.95,34.75,52410,49413499.0,8.43,-8.17,-3.1,3.04,3.200000000000003
2011-04-27,600774,34.9,34.1,35.7,33.45,30866,28299757.0,6.46,-2.15,-0.75,1.79,2.25
2011-04-28,600774,34.3,32.3,34.75,32.1,27353,24368326.0,7.77,-5.28,-1.8,1.58,2.6499999999999986
2011-04-29,600774,32.3,33.1,33.15,32.3,46204,40443942.0,2.63,2.48,0.8,2.68,0.8500000000000014
2011-05-03,600774,33.05,34.4,34.45,32.7,39061,35000067.0,5.29,3.93,1.3,2.26,1.75
2011-05-04,600774,33.95,34.4,34.7,33.45,29266,26428595.0,3.63,0.0,0.0,1.7,1.25
2011-05-05,600774,33.95,36.65,36.8,33.7,84714,78619253.0,9.01,6.54,2.25,4.91,3.0999999999999943
2011-05-06,600774,36.6,38.65,38.9,35.75,122255,117347597.0,8.59,5.46,2.0,7.08,3.1499999999999986
2011-05-09,600774,38.15,38.75,39.15,37.85,122588,120843245.0,3.36,0.26,0.1,7.1,1.2999999999999972
2011-05-10,600774,38.75,38.6,40.1,37.85,101521,101035086.0,5.81,-0.39,-0.15,5.88,2.25
2011-05-11,600774,38.45,39.35,40.25,37.95,147060,147508469.0,5.96,1.94,0.75,8.52,2.299999999999997
2011-05-12,600774,38.95,37.55,39.8,37.15,82438,81630512.0,6.73,-4.57,-1.8,4.78,2.6499999999999986
2011-05-13,600774,37.25,36.55,37.7,35.5,62800,59388785.0,5.86,-2.66,-1.0,3.64,2.200000000000003
2011-05-16,600774,36.4,35.6,36.5,35.45,32954,30994910.0,2.87,-2.6,-0.95,1.91,1.0499999999999972
2011-05-17,600774,35.6,35.85,36.05,34.85,30322,28246113.0,3.37,0.7,0.25,1.76,1.1999999999999957
2011-05-18,600774,35.75,36.25,36.65,35.35,27975,26470556.0,3.63,1.12,0.4,1.62,1.2999999999999972
2011-05-19,600774,35.9,35.85,37.0,35.8,23228,22077426.0,3.31,-1.1,-0.4,1.35,1.2000000000000028
2011-05-20,600774,36.2,35.55,36.2,35.05,16984,15823344.0,3.21,-0.84,-0.3,0.98,1.1500000000000057
2011-05-23,600774,35.05,33.4,35.35,33.25,24443,22145051.0,5.91,-6.05,-2.15,1.42,2.1000000000000014
2011-05-24,600774,33.0,34.25,34.4,33.0,18765,16763456.0,4.19,2.54,0.85,1.09,1.3999999999999986
2011-05-25,600774,34.4,34.05,34.85,33.95,18016,16355497.0,2.63,-0.58,-0.2,1.04,0.8999999999999986
2011-05-26,600774,34.65,33.35,34.8,32.55,19691,17705615.0,6.61,-2.06,-0.7,1.14,2.25
2011-05-27,600774,33.35,31.3,33.35,31.1,27503,23654570.0,6.75,-6.15,-2.05,1.59,2.25
2011-05-30,600774,30.9,30.1,31.45,30.0,14994,12484662.0,4.63,-3.83,-1.2,0.87,1.4499999999999993
2011-05-31,600774,30.45,31.35,31.45,30.05,11037,9222419.0,4.65,4.15,1.25,0.64,1.3999999999999986
2011-06-01,600774,31.45,32.65,32.9,31.05,21648,18684825.0,5.9,4.15,1.3,1.25,1.8499999999999979
2011-06-02,600774,31.95,33.0,33.3,31.3,24859,21577949.0,6.13,1.07,0.35,1.44,1.9999999999999964
2011-06-03,600774,32.6,35.75,35.9,32.6,65992,60412694.0,10.0,8.33,2.75,3.82,3.299999999999997
2011-06-07,600774,35.95,35.8,35.95,35.15,69809,65077875.0,2.24,0.14,0.05,4.04,0.8000000000000043
2011-06-08,600774,35.65,36.1,36.7,34.7,75973,71064234.0,5.59,0.84,0.3,4.4,2.0
2011-06-09,600774,36.0,36.85,39.45,35.45,127201,121967910.0,11.08,2.08,0.75,7.37,4.0
2011-06-10,600774,36.7,36.8,37.35,34.6,74178,69651530.0,7.46,-0.14,-0.05,4.3,2.75
2011-06-13,600774,36.45,35.8,37.8,35.35,87286,82105105.0,6.66,-2.72,-1.0,5.06,2.4499999999999957
2011-06-14,600774,35.8,35.55,37.15,34.85,48557,45276994.0,6.42,-0.7,-0.25,2.81,2.299999999999997
2011-06-15,600774,35.25,33.7,36.1,33.6,39502,36029888.0,7.03,-5.2,-1.85,2.29,2.5
2011-06-16,600774,33.2,31.8,33.2,31.75,25863,22423198.0,4.3,-5.64,-1.9,1.5,1.4500000000000028
2011-06-17,600774,31.55,32.05,32.6,31.55,18188,15695597.0,3.3,0.79,0.25,1.05,1.0500000000000007
2011-06-20,600774,32.15,31.95,32.45,31.6,11850,10208340.0,2.65,-0.31,-0.1,0.69,0.8500000000000014
2011-06-21,600774,32.25,32.8,32.85,31.75,12329,10705930.0,3.44,2.66,0.85,0.71,1.1000000000000014
2011-06-22,600774,33.05,32.45,33.3,32.35,13071,11453703.0,2.9,-1.07,-0.35,0.76,0.9499999999999957
2011-06-23,600774,32.45,33.0,33.15,31.55,21321,18604024.0,4.93,1.69,0.55,1.24,1.5999999999999979
2011-06-24,600774,32.7,34.0,34.1,32.6,30385,27147155.0,4.55,3.03,1.0,1.76,1.5
2011-06-27,600774,33.75,34.85,35.15,33.75,29453,26962503.0,4.12,2.5,0.85,1.71,1.3999999999999986
2011-06-28,600774,34.7,34.25,34.9,34.0,20723,18802390.0,2.58,-1.72,-0.6,1.2,0.8999999999999986
2011-06-29,600774,34.25,33.1,34.45,32.85,20435,18256990.0,4.67,-3.36,-1.15,1.18,1.6000000000000014
2011-06-30,600774,32.95,33.65,33.9,32.9,16125,14388960.0,3.02,1.66,0.55,0.93,1.0
2011-07-01,600774,33.55,33.6,33.9,33.5,23765,21268250.0,1.19,-0.15,-0.05,1.38,0.3999999999999986
2011-07-04,600774,33.45,34.5,34.65,31.95,37117,33367010.0,8.04,2.68,0.9,2.15,2.6999999999999993
2011-07-05,600774,34.4,34.55,34.65,33.85,26835,24326139.0,2.32,0.14,0.05,1.55,0.7999999999999972
2011-07-06,600774,34.4,34.45,34.5,33.95,18168,16439471.0,1.59,-0.29,-0.1,1.05,0.5499999999999972
2011-07-07,600774,34.25,34.55,35.05,34.25,32440,29732961.0,2.32,0.29,0.1,1.88,0.7999999999999972
2011-07-08,600774,34.55,34.45,34.9,34.1,22230,20283363.0,2.32,-0.29,-0.1,1.29,0.7999999999999972
2011-07-11,600774,34.45,34.55,34.75,33.95,20104,18270838.0,2.32,0.29,0.1,1.16,0.7999999999999972
2011-07-12,600774,34.5,33.55,34.5,33.35,21708,19460340.0,3.33,-2.89,-1.0,1.26,1.1499999999999986
2011-07-13,600774,33.5,34.2,34.35,33.4,16257,14647280.0,2.83,1.94,0.65,0.94,0.9500000000000028
2011-07-14,600774,34.3,34.65,34.75,33.95,24013,21791162.0,2.34,1.32,0.45,1.39,0.7999999999999972
2011-07-15,600774,34.55,35.3,35.5,34.35,35537,32771210.0,3.32,1.88,0.65,2.06,1.1499999999999986
2011-07-18,600774,35.2,34.9,35.6,34.75,21205,19541409.0,2.41,-1.13,-0.4,1.23,0.8500000000000014
2011-07-19,600774,34.95,34.75,35.2,34.2,20248,18528706.0,2.87,-0.43,-0.15,1.17,1.0
2011-07-20,600774,34.8,34.9,35.2,34.45,19023,17435176.0,2.16,0.43,0.15,1.1,0.75
2011-07-21,600774,34.9,35.7,35.75,34.5,41973,38921868.0,3.58,2.29,0.8,2.43,1.25
2011-07-22,600774,35.6,35.7,36.6,35.45,55698,52586341.0,3.22,0.0,0.0,3.23,1.1499999999999986
2011-07-25,600774,35.2,32.55,35.25,32.3,48308,43201149.0,8.26,-8.82,-3.15,2.8,2.950000000000003
2011-07-26,600774,32.5,32.7,33.05,32.35,13239,11569343.0,2.15,0.46,0.15,0.77,0.6999999999999957
2011-07-27,600774,32.65,33.15,33.15,32.4,14267,12549532.0,2.29,1.38,0.45,0.83,0.75
2011-07-28,600774,32.75,32.8,32.85,32.2,12293,10698781.0,1.96,-1.06,-0.35,0.71,0.6499999999999986
2011-07-29,600774,32.55,32.3,32.85,32.2,12901,11258127.0,1.98,-1.52,-0.5,0.75,0.6499999999999986
2011-08-01,600774,32.2,33.15,33.65,32.05,13056,11505005.0,4.95,2.63,0.85,0.76,1.6000000000000014
2011-08-02,600774,33.4,32.9,33.4,32.2,9522,8304103.0,3.62,-0.75,-0.25,0.55,1.1999999999999957
2011-08-03,600774,32.6,32.9,33.35,32.25,9223,8103758.0,3.34,0.0,0.0,0.53,1.1000000000000014
2011-08-04,600774,33.0,33.05,33.35,32.7,9080,8009675.0,1.98,0.46,0.15,0.53,0.6499999999999986
2011-08-05,600774,31.7,31.45,32.25,31.0,14122,12089111.0,3.78,-4.84,-1.6,0.82,1.25
2011-08-08,600774,31.0,28.5,31.2,28.0,25057,20213431.0,10.17,-9.38,-2.95,1.45,3.1999999999999993
2011-08-09,600774,27.35,28.4,28.85,26.5,17696,13702757.0,8.25,-0.35,-0.1,1.03,2.3500000000000014
2011-08-10,600774,28.85,29.1,29.7,28.8,15872,12774185.0,3.17,2.46,0.7,0.92,0.8999999999999986
2011-08-11,600774,28.55,29.65,29.65,28.35,14231,11431390.0,4.47,1.89,0.55,0.82,1.2999999999999972
2011-08-12,600774,29.45,30.0,30.35,29.45,17962,14763863.0,3.04,1.18,0.35,1.04,0.9000000000000021
2011-08-15,600774,30.0,30.3,30.6,29.45,11855,9789618.0,3.83,1.0,0.3,0.69,1.1500000000000021
2011-08-16,600774,30.2,29.8,30.45,29.6,10891,8951955.0,2.81,-1.65,-0.5,0.63,0.8499999999999979
2011-08-17,600774,29.5,29.7,30.2,29.4,8788,7176452.0,2.68,-0.34,-0.1,0.51,0.8000000000000007
2011-08-18,600774,29.6,28.45,29.85,28.4,9014,7250697.0,4.88,-4.21,-1.25,0.52,1.4500000000000028
2011-08-19,600774,27.7,28.15,28.35,27.2,8426,6562022.0,4.04,-1.05,-0.3,0.49,1.1500000000000021
2011-08-22,600774,28.55,28.0,28.95,27.85,6156,4853159.0,3.91,-0.53,-0.15,0.36,1.0999999999999979
2011-08-23,600774,28.35,28.85,28.9,28.0,7238,5734820.0,3.21,3.04,0.85,0.42,0.8999999999999986
2011-08-24,600774,28.75,29.25,29.65,28.7,10395,8396751.0,3.29,1.39,0.4,0.6,0.9499999999999993
2011-08-25,600774,29.0,29.9,29.95,29.0,13805,11209617.0,3.25,2.22,0.65,0.8,0.9499999999999993
2011-08-26,600774,29.85,30.25,30.55,29.0,21305,17425329.0,5.18,1.17,0.35,1.23,1.5500000000000007
2011-08-29,600774,30.1,29.45,30.3,29.2,15168,12367125.0,3.64,-2.64,-0.8,0.88,1.1000000000000014
2011-08-30,600774,29.8,29.35,30.05,28.9,11472,9312673.0,3.9,-0.34,-0.1,0.66,1.1500000000000021
2011-08-31,600774,29.65,29.65,29.65,28.7,10402,8376898.0,3.24,1.02,0.3,0.6,0.9499999999999993
2011-09-01,600774,29.65,29.6,29.8,29.2,10136,8226111.0,2.02,-0.17,-0.05,0.59,0.6000000000000014
2011-09-02,600774,29.95,29.25,29.95,28.35,11370,9097013.0,5.41,-1.18,-0.35,0.66,1.5999999999999979
2011-09-05,600774,28.5,27.9,28.85,27.85,5540,4349199.0,3.42,-4.62,-1.35,0.32,1.0
2011-09-06,600774,27.4,28.4,28.55,27.4,7623,5964267.0,4.12,1.79,0.5,0.44,1.1500000000000021
2011-09-07,600774,28.6,29.15,29.6,28.3,10495,8402678.0,4.58,2.64,0.75,0.61,1.3000000000000007
2011-09-08,600774,29.35,28.75,29.55,28.6,8583,6883938.0,3.26,-1.37,-0.4,0.5,0.9499999999999993
2011-09-09,600774,29.1,28.85,29.1,28.4,5420,4315456.0,2.43,0.35,0.1,0.31,0.7000000000000028
2011-09-13,600774,28.4,28.1,28.45,27.45,6359,4960390.0,3.47,-2.6,-0.75,0.37,1.0
2011-09-14,600774,27.95,28.15,28.45,27.35,8906,6926636.0,3.91,0.18,0.05,0.52,1.0999999999999979
2011-09-15,600774,28.15,29.6,29.7,28.15,28964,23260828.0,5.51,5.15,1.45,1.68,1.5500000000000007
2011-09-16,600774,29.6,30.3,30.6,29.3,39230,32310104.0,4.39,2.36,0.7,2.27,1.3000000000000007
2011-09-19,600774,29.9,29.85,30.4,29.6,13571,11137505.0,2.64,-1.49,-0.45,0.79,0.7999999999999972
2011-09-20,600774,29.6,28.9,30.25,28.6,28337,22917002.0,5.53,-3.18,-0.95,1.64,1.6499999999999986
2011-09-21,600774,28.95,30.1,30.4,28.1,35392,28602760.0,7.96,4.15,1.2,2.05,2.299999999999997
2011-09-22,600774,29.85,30.1,30.9,29.75,62919,52226246.0,3.82,0.0,0.0,3.65,1.1499999999999986
2011-09-23,600774,29.35,30.5,30.65,28.95,56924,47017568.0,5.65,1.33,0.4,3.3,1.6999999999999993
2011-09-26,600774,30.4,30.35,30.8,30.1,48485,40187860.0,2.3,-0.49,-0.15,2.81,0.6999999999999993
2011-09-27,600774,30.35,31.9,32.0,30.35,99464,84653930.0,5.44,5.11,1.55,5.76,1.6499999999999986
2011-09-28,600774,31.85,31.35,31.9,30.0,96478,81538342.0,5.96,-1.72,-0.55,5.59,1.8999999999999986
2011-09-29,600774,30.95,30.25,31.25,28.8,73031,59756063.0,7.81,-3.51,-1.1,4.23,2.4499999999999993
2011-09-30,600774,29.75,26.1,30.2,26.1,79740,61519405.0,13.55,-13.72,-4.15,4.62,4.099999999999998
2011-10-10,600774,25.65,24.11,25.65,23.31,45949,32399602.0,8.97,-7.62,-1.99,2.66,2.34
2011-10-11,600774,24.7,24.35,25.05,23.61,29339,20717391.0,5.97,1.0,0.24,1.7,1.4400000000000013
2011-10-12,600774,24.16,24.95,25.1,23.76,37080,26549286.0,5.5,2.46,0.6,2.15,1.3399999999999999
2011-10-13,600774,25.0,25.4,25.65,24.7,27547,20007236.0,3.81,1.8,0.45,1.6,0.9499999999999993
2011-10-14,600774,25.15,24.7,25.4,24.11,18488,13212781.0,5.08,-2.76,-0.7,1.07,1.2899999999999991
2011-10-17,600774,24.65,24.75,25.2,24.5,10730,7697905.0,2.83,0.2,0.05,0.62,0.6999999999999993
2011-10-18,600774,24.65,23.61,24.65,23.51,14419,10096291.0,4.61,-4.61,-1.14,0.84,1.139999999999997
2011-10-19,600774,23.61,23.06,23.91,22.91,12543,8617953.0,4.24,-2.33,-0.55,0.73,1.0
2011-10-20,600774,22.91,22.11,23.26,21.76,9832,6572330.0,6.5,-4.12,-0.95,0.57,1.5
2011-10-21,600774,22.11,21.71,22.46,21.66,6967,4614826.0,3.62,-1.81,-0.4,0.4,0.8000000000000007
2011-10-24,600774,21.96,22.21,22.26,20.96,11128,7323235.0,5.99,2.3,0.5,0.64,1.3000000000000007
2011-10-25,600774,22.21,23.16,23.21,22.16,12207,8255581.0,4.73,4.28,0.95,0.71,1.0500000000000007
2011-10-26,600774,22.86,24.55,25.4,22.81,43723,31002304.0,11.18,6.0,1.39,2.53,2.59
2011-10-27,600774,24.55,23.56,25.05,22.96,30412,21314860.0,8.51,-4.03,-0.99,1.76,2.09
2011-10-28,600774,23.81,23.96,24.3,23.56,19775,13847073.0,3.14,1.7,0.4,1.15,0.740000000000002
2011-10-31,600774,23.96,23.96,24.4,23.91,14202,9981067.0,2.05,0.0,0.0,0.82,0.48999999999999844
2011-11-01,600774,24.01,23.61,24.25,23.56,14674,10232825.0,2.88,-1.46,-0.35,0.85,0.6900000000000013
2011-11-02,600774,23.21,24.06,24.06,22.26,24837,17061568.0,7.62,1.91,0.45,1.44,1.7999999999999972
2011-11-03,600774,24.01,24.25,24.65,23.91,28000,19809850.0,3.08,0.79,0.19,1.62,0.7399999999999984
2011-11-04,600774,24.5,24.75,24.8,24.25,25337,18021465.0,2.27,2.06,0.5,1.47,0.5500000000000007
2011-11-07,600774,24.7,24.7,25.1,24.55,25306,18148040.0,2.22,-0.2,-0.05,1.47,0.5500000000000007
2011-11-08,600774,24.7,25.2,25.25,24.3,28471,20412170.0,3.85,2.02,0.5,1.65,0.9499999999999993
2011-11-09,600774,24.95,26.4,26.8,24.6,84654,62273651.0,8.73,4.76,1.2,4.9,2.1999999999999993
2011-11-10,600774,25.7,26.0,26.15,25.2,53993,39499464.0,3.6,-1.52,-0.4,3.13,0.9499999999999993
2011-11-11,600774,26.1,25.2,26.4,25.05,57245,41961266.0,5.19,-3.08,-0.8,3.32,1.3499999999999979
2011-11-14,600774,25.2,25.65,25.85,25.0,89068,64737069.0,3.37,1.79,0.45,5.16,0.8500000000000014
2011-11-15,600774,25.45,26.55,26.95,25.35,100461,74585876.0,6.24,3.51,0.9,5.82,1.5999999999999979
2011-11-16,600774,26.55,25.8,26.55,25.5,35004,25906504.0,3.95,-2.82,-0.75,2.03,1.0500000000000007
2011-11-17,600774,25.65,25.75,26.35,25.5,17168,12716815.0,3.29,-0.19,-0.05,0.99,0.8500000000000014
2011-11-18,600774,25.7,24.8,26.1,24.7,18140,13136080.0,5.44,-3.69,-0.95,1.05,1.4000000000000021
2011-11-21,600774,24.9,25.25,25.3,24.6,14673,10575789.0,2.82,1.81,0.45,0.85,0.6999999999999993
2011-11-22,600774,24.8,25.3,25.6,24.8,13350,9684885.0,3.17,0.2,0.05,0.77,0.8000000000000007
2011-11-23,600774,25.6,25.25,25.6,25.0,8000,5816738.0,2.37,-0.2,-0.05,0.46,0.6000000000000014
2011-11-24,600774,25.0,25.0,25.4,24.5,8749,6286296.0,3.56,-0.99,-0.25,0.51,0.8999999999999986
2011-11-25,600774,24.8,24.6,25.3,24.5,6846,4919035.0,3.2,-1.6,-0.4,0.4,0.8000000000000007
2011-11-28,600774,24.8,24.55,25.45,24.5,11514,8274419.0,3.86,-0.2,-0.05,0.67,0.9499999999999993
2011-11-29,600774,24.9,25.3,25.4,24.75,24108,17391348.0,2.65,3.05,0.75,1.4,0.6499999999999986
2011-11-30,600774,24.95,23.81,25.5,22.56,33312,23521477.0,11.62,-5.89,-1.49,1.93,2.9400000000000013
2011-12-01,600774,24.75,24.01,25.05,23.81,30780,21745583.0,5.21,0.84,0.2,1.78,1.240000000000002
2011-12-02,600774,23.56,22.11,23.86,22.06,20630,13878160.0,7.5,-7.91,-1.9,1.2,1.8000000000000007
2011-12-05,600774,22.46,20.31,22.46,20.11,22477,14392479.0,10.63,-8.14,-1.8,1.3,2.3500000000000014
2011-12-06,600774,20.16,20.96,21.11,20.16,24933,15862958.0,4.68,3.2,0.65,1.44,0.9499999999999993
2011-12-07,600774,21.06,21.01,21.16,20.46,6302,4018836.0,3.34,0.24,0.05,0.37,0.6999999999999993
2011-12-08,600774,20.96,20.51,21.11,19.71,9703,6109262.0,6.66,-2.38,-0.5,0.56,1.3999999999999986
2011-12-09,600774,20.11,20.61,20.76,20.01,7446,4679334.0,3.66,0.49,0.1,0.43,0.75
2011-12-12,600774,20.96,20.31,20.96,20.06,5881,3687252.0,4.37,-1.46,-0.3,0.34,0.9000000000000021
2011-12-13,600774,20.31,18.81,20.31,18.71,11217,6786400.0,7.88,-7.39,-1.5,0.65,1.5999999999999979
2011-12-14,600774,19.06,18.16,19.06,17.96,5489,3248109.0,5.85,-3.46,-0.65,0.32,1.0999999999999979
2011-12-15,600774,18.16,16.96,18.16,16.96,11433,6503559.0,6.61,-6.61,-1.2,0.66,1.1999999999999993
2011-12-16,600774,16.96,17.71,17.76,16.46,13007,7302384.0,7.67,4.42,0.75,0.75,1.3000000000000007
2011-12-19,600774,17.51,17.81,17.86,17.06,8125,4626194.0,4.52,0.56,0.1,0.47,0.8000000000000007
2011-12-20,600774,17.71,17.81,18.21,17.31,7861,4557766.0,5.05,0.0,0.0,0.46,0.9000000000000021
2011-12-21,600774,17.96,17.26,18.26,16.46,8751,5045875.0,10.11,-3.09,-0.55,0.51,1.8000000000000007
2011-12-22,600774,17.01,16.66,17.26,15.51,9992,5501609.0,10.14,-3.48,-0.6,0.58,1.7500000000000018
2011-12-23,600774,16.46,17.21,18.71,16.26,12122,6854736.0,14.71,3.3,0.55,0.7,2.4499999999999993
2011-12-26,600774,16.96,16.86,17.36,16.56,6734,3781823.0,4.65,-2.03,-0.35,0.39,0.8000000000000007
2011-12-27,600774,16.61,16.11,16.91,16.01,4679,2572935.0,5.34,-4.45,-0.75,0.27,0.8999999999999986
2011-12-28,600774,15.81,16.11,16.26,15.46,6423,3459393.0,4.97,0.0,0.0,0.37,0.8000000000000007
2011-12-29,600774,16.06,16.36,16.91,15.86,8238,4522829.0,6.52,1.55,0.25,0.48,1.0500000000000007
2011-12-30,600774,16.31,16.56,16.71,16.31,7624,4204508.0,2.44,1.22,0.2,0.44,0.40000000000000213
2012-01-04,600774,16.66,16.01,16.91,16.01,4485,2475875.0,5.43,-3.32,-0.55,0.26,0.8999999999999986
2012-01-05,600774,16.06,14.21,16.41,13.96,9949,5147618.0,15.3,-11.24,-1.8,0.58,2.4499999999999993
2012-01-06,600774,14.26,14.21,14.61,13.66,7980,3994611.0,6.69,0.0,0.0,0.46,0.9499999999999993
2012-01-09,600774,14.36,15.31,15.41,14.11,8143,4219524.0,9.15,7.74,1.1,0.47,1.3000000000000007
2012-01-10,600774,15.26,16.51,16.71,15.11,16435,8954451.0,10.45,7.84,1.2,0.95,1.6000000000000014
2012-01-11,600774,16.26,16.66,16.86,16.26,15211,8410109.0,3.63,0.91,0.15,0.88,0.5999999999999979
2012-01-12,600774,16.31,16.86,17.16,16.31,9838,5490731.0,5.1,1.2,0.2,0.57,0.8500000000000014
2012-01-13,600774,16.61,15.26,16.91,15.11,13453,7258664.0,10.68,-9.49,-1.6,0.78,1.8000000000000007
2012-01-16,600774,15.01,14.21,15.56,14.16,8777,4553319.0,9.17,-6.88,-1.05,0.51,1.4000000000000004
2012-01-17,600774,14.21,15.76,15.86,14.06,13669,7181809.0,12.67,10.91,1.55,0.79,1.799999999999999
2012-01-18,600774,15.81,15.01,16.36,14.91,13194,7042169.0,9.2,-4.76,-0.75,0.76,1.4499999999999993
2012-01-19,600774,14.96,15.51,15.71,14.96,9360,4949683.0,5.0,3.33,0.5,0.54,0.75
2012-01-20,600774,15.51,15.91,15.96,15.51,8593,4599504.0,2.9,2.58,0.4,0.5,0.45000000000000107
2012-01-30,600774,15.96,15.76,16.11,15.61,7428,3992007.0,3.14,-0.94,-0.15,0.43,0.5
2012-01-31,600774,15.56,15.96,16.06,15.56,5744,3081459.0,3.17,1.27,0.2,0.33,0.4999999999999982
2012-02-01,600774,15.96,16.06,16.36,15.81,10871,5898607.0,3.45,0.63,0.1,0.63,0.5499999999999989
2012-02-02,600774,16.01,16.51,16.56,15.86,9720,5304246.0,4.36,2.8,0.45,0.56,0.6999999999999993
2012-02-03,600774,16.51,16.81,16.91,16.21,21188,11770323.0,4.24,1.82,0.3,1.23,0.6999999999999993
2012-02-06,600774,16.86,16.81,17.01,16.56,17957,10009523.0,2.68,0.0,0.0,1.04,0.45000000000000284
2012-02-07,600774,16.71,16.26,16.86,16.11,8643,4734170.0,4.46,-3.27,-0.55,0.5,0.75
2012-02-08,600774,16.11,16.91,16.96,16.01,15237,8422624.0,5.84,4.0,0.65,0.88,0.9499999999999993
2012-02-09,600774,16.81,17.16,17.51,16.71,21468,12111686.0,4.73,1.48,0.25,1.24,0.8000000000000007
2012-02-10,600774,17.26,17.26,17.46,17.01,15309,8662718.0,2.62,0.58,0.1,0.89,0.4499999999999993
2012-02-13,600774,16.96,17.56,17.66,16.91,21543,12264362.0,4.35,1.74,0.3,1.25,0.75
2012-02-14,600774,17.51,17.76,17.86,17.36,13673,7839436.0,2.85,1.14,0.2,0.79,0.5
2012-02-15,600774,17.76,18.91,19.01,17.56,33608,19870519.0,8.16,6.48,1.15,1.95,1.4500000000000028
2012-02-16,600774,18.61,19.26,19.36,18.61,22898,13738563.0,3.97,1.85,0.35,1.33,0.75
2012-02-17,600774,19.21,19.21,19.41,18.86,14827,8939376.0,2.86,-0.26,-0.05,0.86,0.5500000000000007
2012-02-20,600774,19.66,20.51,20.96,19.31,54624,34222638.0,8.59,6.77,1.3,3.16,1.6500000000000021
2012-02-21,600774,20.66,20.31,20.66,19.71,14969,9320211.0,4.63,-0.98,-0.2,0.87,0.9499999999999993
2012-02-22,600774,20.21,21.41,22.46,20.01,49695,31640651.0,12.06,5.42,1.1,2.88,2.4499999999999993
2012-02-23,600774,23.36,20.71,23.36,20.56,98074,63137273.0,13.08,-3.27,-0.7,5.68,2.8000000000000007
2012-02-24,600774,20.46,20.36,20.76,19.91,49378,30899002.0,4.1,-1.69,-0.35,2.86,0.8500000000000014
2012-02-27,600774,20.41,20.41,21.01,20.31,37263,23575221.0,3.44,0.25,0.05,2.16,0.7000000000000028
2012-02-28,600774,19.96,20.16,20.36,19.46,27907,17311397.0,4.41,-1.22,-0.25,1.62,0.8999999999999986
2012-02-29,600774,20.16,19.66,20.26,19.51,14758,9134774.0,3.72,-2.48,-0.5,0.86,0.75
2012-03-01,600774,19.66,19.96,20.31,19.36,13272,8196007.0,4.83,1.53,0.3,0.77,0.9499999999999993
2012-03-02,600774,19.96,20.26,20.41,19.96,24420,15279138.0,2.25,1.5,0.3,1.41,0.4499999999999993
2012-03-05,600774,20.41,20.51,20.71,20.26,22381,14127885.0,2.22,1.23,0.25,1.3,0.4499999999999993
2012-03-06,600774,20.46,20.01,20.46,19.86,14083,8774608.0,2.93,-2.44,-0.5,0.82,0.6000000000000014
2012-03-07,600774,19.61,20.06,20.41,19.56,14982,9308274.0,4.25,0.25,0.05,0.87,0.8500000000000014
2012-03-08,600774,20.21,20.46,20.51,19.96,21506,13473308.0,2.74,1.99,0.4,1.25,0.5500000000000007
2012-03-09,600774,20.61,20.76,20.86,20.36,22731,14398188.0,2.44,1.47,0.3,1.32,0.5
2012-03-12,600774,20.76,20.76,20.96,20.41,17697,11234415.0,2.65,0.0,0.0,1.03,0.5500000000000007
2012-03-13,600774,20.81,21.01,21.06,20.61,18111,11533800.0,2.17,1.2,0.25,1.05,0.4499999999999993
2012-03-14,600774,20.91,19.26,21.21,19.01,29045,18247538.0,10.47,-8.33,-1.75,1.68,2.1999999999999993
2012-03-15,600774,19.16,18.51,19.41,18.21,18619,11076176.0,6.23,-3.89,-0.75,1.08,1.1999999999999993
2012-03-16,600774,18.36,19.41,19.41,18.36,17479,10522131.0,5.67,4.86,0.9,1.01,1.0500000000000007
2012-03-19,600774,19.96,19.86,19.96,19.36,14938,9177837.0,3.09,2.32,0.45,0.87,0.6000000000000014
2012-03-20,600774,19.81,19.16,19.86,19.11,14349,8745063.0,3.78,-3.52,-0.7,0.83,0.75
2012-03-21,600774,19.41,19.31,19.46,18.76,11108,6698606.0,3.65,0.78,0.15,0.64,0.6999999999999993
2012-03-22,600774,19.16,19.26,19.61,18.96,9601,5810853.0,3.37,-0.26,-0.05,0.56,0.6499999999999986
2012-03-23,600774,18.96,18.61,19.21,18.36,11635,6950827.0,4.41,-3.37,-0.65,0.67,0.8500000000000014
2012-03-26,600774,18.86,18.51,18.86,18.11,6648,3916368.0,4.03,-0.54,-0.1,0.39,0.75
2012-03-27,600774,18.56,18.26,18.81,18.11,5893,3477594.0,3.78,-1.35,-0.25,0.34,0.6999999999999993
2012-03-28,600774,18.16,16.91,18.21,16.76,14963,8487432.0,7.94,-7.39,-1.35,0.87,1.4499999999999993
2012-03-29,600774,16.51,16.71,17.71,16.51,11512,6432779.0,7.1,-1.18,-0.2,0.67,1.1999999999999993
2012-03-30,600774,17.06,16.71,17.06,16.46,6478,3598465.0,3.59,0.0,0.0,0.38,0.5999999999999979
2012-04-05,600774,16.71,17.61,17.76,16.71,9403,5335013.0,6.28,5.39,0.9,0.54,1.0500000000000007
2012-04-06,600774,17.66,17.91,17.96,17.46,9156,5273031.0,2.84,1.7,0.3,0.53,0.5
2012-04-09,600774,17.91,17.91,18.26,17.61,10748,6229854.0,3.63,0.0,0.0,0.62,0.6500000000000021
2012-04-10,600774,17.86,18.56,18.61,17.61,19211,11130563.0,5.58,3.63,0.65,1.11,1.0
2012-04-11,600774,18.46,18.46,18.66,18.06,17686,10374042.0,3.23,-0.54,-0.1,1.02,0.6000000000000014
2012-04-12,600774,18.41,19.36,19.51,18.31,27197,16375027.0,6.5,4.88,0.9,1.58,1.2000000000000028
2012-04-13,600774,19.36,19.61,20.16,19.21,22439,13745456.0,4.91,1.29,0.25,1.3,0.9499999999999993
2012-04-16,600774,19.36,19.76,20.06,19.11,18833,11595054.0,4.84,0.76,0.15,1.09,0.9499999999999993
2012-04-17,600774,20.86,19.61,22.16,19.51,59210,37846082.0,13.41,-0.76,-0.15,3.43,2.6499999999999986
2012-04-18,600774,19.21,19.96,20.26,18.76,37983,23239544.0,7.65,1.78,0.35,2.2,1.5
2012-04-19,600774,19.51,19.96,20.11,19.31,20528,12677121.0,4.01,0.0,0.0,1.19,0.8000000000000007
2012-04-20,600774,19.91,20.06,20.26,19.61,20517,12730143.0,3.26,0.5,0.1,1.19,0.6500000000000021
2012-04-23,600774,20.06,19.51,20.11,19.41,19670,12126431.0,3.49,-2.74,-0.55,1.14,0.6999999999999993
2012-04-24,600774,19.36,19.21,19.91,18.41,20390,12286754.0,7.69,-1.54,-0.3,1.18,1.5
2012-04-26,600774,20.41,20.96,21.11,20.06,71862,45568795.0,5.47,9.11,1.75,4.16,1.0500000000000007
2012-04-27,600774,20.46,19.91,20.76,19.66,38403,23934732.0,5.25,-5.01,-1.05,2.23,1.1000000000000014
2012-05-02,600774,20.36,20.31,20.51,19.86,27819,17375945.0,3.26,2.01,0.4,1.61,0.6500000000000021
2012-05-03,600774,20.16,20.41,20.76,19.86,25978,16272514.0,4.43,0.49,0.1,1.51,0.9000000000000021
2012-05-04,600774,20.41,21.16,21.41,20.36,39708,25439296.0,5.14,3.67,0.75,2.3,1.0500000000000007
2012-05-07,600774,20.91,20.96,21.26,20.56,20981,13353710.0,3.31,-0.95,-0.2,1.22,0.7000000000000028
2012-05-08,600774,20.86,22.01,22.16,20.71,69314,45337089.0,6.92,5.01,1.05,4.02,1.4499999999999993
2012-05-09,600774,21.51,22.01,22.51,21.51,46222,30623631.0,4.54,0.0,0.0,2.68,1.0
2012-05-10,600774,22.01,21.51,22.36,21.36,25671,16846843.0,4.54,-2.27,-0.5,1.49,1.0
2012-05-11,600774,21.51,20.76,21.61,20.71,21740,13989141.0,4.18,-3.49,-0.75,1.26,0.8999999999999986
2012-05-14,600774,21.06,20.96,21.56,20.46,20955,13387685.0,5.3,0.96,0.2,1.21,1.0999999999999979
2012-05-15,600774,20.61,21.06,21.11,20.61,13956,8896978.0,2.39,0.48,0.1,0.81,0.5
2012-05-16,600774,20.96,20.21,21.11,20.16,13424,8500095.0,4.51,-4.04,-0.85,0.78,0.9499999999999993
2012-05-17,600774,20.36,20.56,20.86,19.91,15870,9986685.0,4.7,1.73,0.35,0.92,0.9499999999999993
2012-05-18,600774,20.46,20.21,20.61,20.11,10849,6823354.0,2.43,-1.7,-0.35,0.63,0.5
2012-05-21,600774,20.41,20.46,20.76,20.06,9226,5797989.0,3.46,1.24,0.25,0.53,0.7000000000000028
2012-05-22,600774,20.81,20.66,20.81,20.36,15264,9640052.0,2.2,0.98,0.2,0.88,0.4499999999999993
2012-05-23,600774,20.56,19.96,20.71,19.86,15309,9590763.0,4.11,-3.39,-0.7,0.89,0.8500000000000014
2012-05-24,600774,19.91,19.91,20.16,19.76,9915,6145566.0,2.0,-0.25,-0.05,0.57,0.3999999999999986
2012-05-25,600774,19.96,19.56,20.21,19.41,9710,5979021.0,4.02,-1.76,-0.35,0.56,0.8000000000000007
2012-05-28,600774,19.56,19.96,20.01,19.11,8274,5077146.0,4.6,2.04,0.4,0.48,0.9000000000000021
2012-05-29,600774,20.01,20.51,20.66,19.96,13370,8390504.0,3.51,2.76,0.55,0.77,0.6999999999999993
2012-05-30,600774,20.36,20.51,20.71,20.26,9359,5906323.0,2.19,0.0,0.0,0.54,0.4499999999999993
2012-05-31,600774,20.36,20.56,20.81,20.26,11445,7235448.0,2.68,0.24,0.05,0.66,0.5499999999999972
2012-06-01,600774,20.46,20.46,20.76,20.26,11253,7120479.0,2.43,-0.49,-0.1,0.65,0.5
2012-06-04,600774,19.71,19.11,20.21,19.01,14337,8767472.0,5.87,-6.6,-1.35,0.83,1.1999999999999993
2012-06-05,600774,19.46,18.86,19.46,18.81,8743,5272138.0,3.4,-1.31,-0.25,0.51,0.6500000000000021
2012-06-06,600774,18.91,18.96,19.26,18.76,6545,3940825.0,2.65,0.53,0.1,0.38,0.5
2012-06-07,600774,19.26,18.91,19.36,18.76,8498,5113239.0,3.16,-0.26,-0.05,0.49,0.5999999999999979
2012-06-08,600774,19.36,19.21,19.41,18.96,8038,4852621.0,2.38,1.59,0.3,0.47,0.4499999999999993
2012-06-11,600774,19.21,19.56,19.66,19.11,5386,3282564.0,2.86,1.82,0.35,0.31,0.5500000000000007
2012-06-12,600774,19.61,19.46,19.66,19.26,5904,3600699.0,2.04,-0.51,-0.1,0.34,0.3999999999999986
2012-06-13,600774,19.71,19.76,19.96,19.41,9160,5637076.0,2.83,1.54,0.3,0.53,0.5500000000000007
2012-06-14,600774,19.76,20.26,20.66,19.76,14142,8864806.0,4.55,2.53,0.5,0.82,0.8999999999999986
2012-06-15,600774,20.56,20.51,20.66,20.06,11703,7334977.0,2.96,1.23,0.25,0.68,0.6000000000000014
2012-06-18,600774,20.71,21.01,21.06,20.41,21126,13468227.0,3.17,2.44,0.5,1.22,0.6499999999999986
2012-06-19,600774,21.06,20.76,21.06,20.76,11485,7335058.0,1.43,-1.19,-0.25,0.67,0.29999999999999716
2012-06-20,600774,21.06,21.26,22.21,21.01,23413,15185373.0,5.78,2.41,0.5,1.36,1.1999999999999993
2012-06-21,600774,20.96,20.76,21.01,20.46,20755,13181582.0,2.59,-2.35,-0.5,1.2,0.5500000000000007
2012-06-25,600774,20.36,20.91,20.96,20.36,13911,8842446.0,2.89,0.72,0.15,0.81,0.6000000000000014
2012-06-26,600774,20.71,22.21,22.36,20.66,36984,24248931.0,8.13,6.22,1.3,2.14,1.6999999999999993
2012-06-27,600774,22.06,22.61,23.06,21.71,44811,30171155.0,6.08,1.8,0.4,2.6,1.3499999999999979
2012-06-28,600774,22.56,21.86,23.06,21.81,24587,16421875.0,5.53,-3.32,-0.75,1.42,1.25
2012-06-29,600774,21.81,22.91,23.11,21.61,25046,16779191.0,6.86,4.8,1.05,1.45,1.5
2012-07-02,600774,22.96,22.96,23.16,22.46,17592,11905883.0,3.06,0.22,0.05,1.02,0.6999999999999993
2012-07-03,600774,22.91,22.06,22.91,21.81,22967,15278950.0,4.79,-3.92,-0.9,1.33,1.1000000000000014
2012-07-04,600774,22.16,21.61,22.31,21.16,17869,11624475.0,5.21,-2.04,-0.45,1.04,1.1499999999999986
2012-07-05,600774,21.31,20.81,21.56,20.76,12021,7738657.0,3.7,-3.7,-0.8,0.7,0.7999999999999972
2012-07-06,600774,21.11,21.86,21.91,20.76,15687,10177710.0,5.53,5.05,1.05,0.91,1.1499999999999986
2012-07-09,600774,21.71,21.46,22.41,21.46,11283,7419927.0,4.35,-1.83,-0.4,0.65,0.9499999999999993
2012-07-10,600774,21.36,22.96,23.01,20.96,26252,17536864.0,9.55,6.99,1.5,1.52,2.0500000000000007
2012-07-11,600774,22.96,23.01,23.21,22.41,18863,12750119.0,3.48,0.22,0.05,1.09,0.8000000000000007
2012-07-12,600774,22.76,23.51,23.61,22.51,24406,16707983.0,4.78,2.17,0.5,1.41,1.0999999999999979
2012-07-13,600774,23.51,22.56,23.76,22.26,27230,18542995.0,6.38,-4.04,-0.95,1.58,1.5
2012-07-16,600774,21.96,21.96,22.51,21.91,20645,13710387.0,2.66,-2.66,-0.6,1.2,0.6000000000000014
2012-07-17,600774,21.76,21.51,22.31,21.26,15361,10049725.0,4.78,-2.05,-0.45,0.89,1.0499999999999972
2012-07-18,600774,21.31,23.01,23.11,21.31,21605,14469591.0,8.37,6.97,1.5,1.25,1.8000000000000007
2012-07-19,600774,22.91,23.21,23.61,22.76,17994,12359107.0,3.69,0.87,0.2,1.04,0.8499999999999979
2012-07-20,600774,22.96,24.06,24.65,22.81,39767,27889459.0,7.93,3.66,0.85,2.3,1.8399999999999999
2012-07-23,600774,23.71,25.6,27.2,23.71,66512,48921756.0,14.51,6.4,1.54,3.85,3.4899999999999984
2012-07-24,600774,25.45,25.15,25.85,24.65,30939,22355289.0,4.69,-1.76,-0.45,1.79,1.2000000000000028
2012-07-25,600774,25.05,25.3,25.75,24.65,24719,17892444.0,4.37,0.6,0.15,1.43,1.1000000000000014
2012-07-26,600774,25.3,23.31,25.3,23.26,27390,19250493.0,8.06,-7.87,-1.99,1.58,2.039999999999999
2012-07-27,600774,23.46,23.81,23.91,22.61,19035,13031661.0,5.58,2.15,0.5,1.1,1.3000000000000007
2012-07-30,600774,24.45,21.61,24.45,21.21,28557,19047804.0,13.61,-9.24,-2.2,1.65,3.2399999999999984
2012-07-31,600774,21.71,21.91,22.21,21.46,10694,7039087.0,3.47,1.39,0.3,0.62,0.75
2012-08-01,600774,21.91,22.56,22.71,21.56,13704,9170355.0,5.25,2.97,0.65,0.79,1.1500000000000021
2012-08-02,600774,22.91,22.31,22.91,21.96,8395,5587166.0,4.21,-1.11,-0.25,0.49,0.9499999999999993
2012-08-03,600774,22.31,23.06,23.31,22.26,7235,4900571.0,4.71,3.36,0.75,0.42,1.0499999999999972
2012-08-06,600774,22.96,23.76,23.96,22.56,12912,8878677.0,6.07,3.04,0.7,0.75,1.4000000000000021
2012-08-07,600774,23.96,23.91,24.11,23.51,9852,6859897.0,2.53,0.63,0.15,0.57,0.5999999999999979
2012-08-08,600774,23.91,23.56,23.91,23.16,9220,6365905.0,3.14,-1.46,-0.35,0.53,0.75
2012-08-09,600774,23.56,23.96,24.11,23.11,10392,7233182.0,4.24,1.7,0.4,0.6,1.0
2012-08-10,600774,24.85,25.1,27.15,24.45,53023,38935312.0,11.27,4.76,1.14,3.07,2.6999999999999993
2012-08-13,600774,24.45,24.55,25.8,24.45,25140,18158321.0,5.38,-2.19,-0.55,1.45,1.3500000000000014
2012-08-14,600774,24.85,26.2,26.3,24.11,34526,25212879.0,8.92,6.72,1.65,2.0,2.1900000000000013
2012-08-15,600774,26.15,25.7,26.7,25.5,21051,15569752.0,4.58,-1.91,-0.5,1.22,1.1999999999999993
2012-08-16,600774,26.15,27.95,28.35,25.55,60374,46515306.0,10.89,8.75,2.25,3.49,2.8000000000000007
2012-08-17,600774,27.65,27.4,28.35,26.6,48248,37265468.0,6.26,-1.97,-0.55,2.79,1.75
2012-08-20,600774,27.45,28.05,28.3,27.1,32628,25426005.0,4.38,2.37,0.65,1.89,1.1999999999999993
2012-08-21,600774,27.95,27.9,28.7,27.7,27811,21747707.0,3.57,-0.53,-0.15,1.61,1.0
2012-08-22,600774,27.75,26.6,28.45,26.45,35464,27386687.0,7.17,-4.66,-1.3,2.05,2.0
2012-08-23,600774,26.5,27.1,27.75,26.3,33606,25824041.0,5.45,1.88,0.5,1.94,1.4499999999999993
2012-08-24,600774,27.25,27.5,28.15,26.95,24423,18973731.0,4.43,1.48,0.4,1.41,1.1999999999999993
2012-08-27,600774,27.5,26.2,27.8,26.0,21331,16222406.0,6.55,-4.73,-1.3,1.23,1.8000000000000007
2012-08-28,600774,26.65,28.5,28.7,26.65,35113,27504448.0,7.82,8.78,2.3,2.03,2.0500000000000007
2012-08-29,600774,28.45,28.45,29.2,27.95,27725,22025635.0,4.39,-0.18,-0.05,1.6,1.25
2012-08-30,600774,28.4,27.5,29.8,27.45,28251,22397310.0,8.26,-3.34,-0.95,1.63,2.3500000000000014
2012-08-31,600774,27.5,28.7,28.85,26.45,16670,13127044.0,8.73,4.36,1.2,0.96,2.400000000000002
2012-09-03,600774,28.7,28.65,30.0,28.45,18673,15014437.0,5.4,-0.17,-0.05,1.08,1.5500000000000007
2012-09-04,600774,28.65,28.4,29.5,28.35,18441,14741655.0,4.01,-0.87,-0.25,1.07,1.1499999999999986
2012-09-05,600774,28.4,28.35,29.25,28.0,14396,11437839.0,4.4,-0.18,-0.05,0.83,1.25
2012-09-06,600774,28.4,29.15,29.2,28.15,12631,10058953.0,3.7,2.82,0.8,0.73,1.0500000000000007
2012-09-07,600774,29.15,29.5,29.9,28.8,23849,19290057.0,3.77,1.2,0.35,1.38,1.0999999999999979
2012-09-10,600774,29.5,29.8,30.15,29.2,17707,14414875.0,3.22,1.02,0.3,1.02,0.9499999999999993
2012-09-11,600774,29.9,29.95,30.1,29.5,12622,10306929.0,2.01,0.5,0.15,0.73,0.6000000000000014
2012-09-12,600774,29.95,29.85,30.1,29.2,18057,14677501.0,3.01,-0.33,-0.1,1.04,0.9000000000000021
2012-09-13,600774,30.0,31.4,33.7,30.0,43568,37518271.0,12.4,5.19,1.55,2.52,3.700000000000003
2012-09-14,600774,30.1,33.1,33.3,30.1,35686,30587563.0,10.19,5.41,1.7,2.06,3.1999999999999957
2012-09-17,600774,34.15,32.65,36.15,31.45,53105,47923427.0,14.2,-1.36,-0.45,3.07,4.699999999999999
2012-09-18,600774,31.75,31.4,33.35,30.75,28223,24269352.0,7.96,-3.83,-1.25,1.63,2.6000000000000014
2012-09-19,600774,31.7,35.15,35.2,30.95,44213,39595750.0,13.54,11.94,3.75,2.56,4.2500000000000036
2012-09-20,600774,36.45,34.4,36.45,33.95,40891,37390604.0,7.11,-2.13,-0.75,2.37,2.5
2012-09-21,600774,33.95,36.8,37.9,33.4,66126,62023256.0,13.08,6.98,2.4,3.82,4.5
2012-09-24,600774,36.5,36.55,37.85,35.45,53988,51659244.0,6.52,-0.68,-0.25,3.12,2.3999999999999986
2012-09-25,600774,36.2,35.3,36.9,34.55,33328,31007743.0,6.43,-3.42,-1.25,1.93,2.3500000000000014
2012-09-26,600774,35.1,33.55,35.85,33.2,34636,31476406.0,7.51,-4.96,-1.75,2.0,2.6499999999999986
2012-09-27,600774,33.2,33.45,34.05,31.8,39522,34729705.0,6.71,-0.3,-0.1,2.29,2.2499999999999964
2012-09-28,600774,32.95,33.15,33.5,32.25,27373,24048946.0,3.74,-0.9,-0.3,1.58,1.25
2012-10-08,600774,33.2,33.15,34.35,32.45,23172,20603528.0,5.73,0.0,0.0,1.34,1.8999999999999986
2012-10-09,600774,33.15,34.6,34.65,32.8,33889,30308544.0,5.58,4.37,1.45,1.96,1.8500000000000014
2012-10-10,600774,34.25,34.55,34.85,33.75,19643,17835281.0,3.18,-0.14,-0.05,1.14,1.1000000000000014
2012-10-11,600774,34.95,31.4,35.2,31.3,32878,28981007.0,11.29,-9.12,-3.15,1.9,3.900000000000002
2012-10-12,600774,31.8,31.95,32.4,31.2,23918,20571817.0,3.82,1.75,0.55,1.38,1.1999999999999993
2012-10-15,600774,31.95,32.3,32.9,31.95,14640,12752917.0,2.97,1.1,0.35,0.85,0.9499999999999993
2012-10-16,600774,32.3,34.45,35.05,31.85,25319,22402587.0,9.91,6.66,2.15,1.46,3.1999999999999957
2012-10-17,600774,34.55,34.15,34.9,33.3,16891,15192953.0,4.64,-0.87,-0.3,0.98,1.6000000000000014
2012-10-18,600774,34.4,33.9,34.4,33.55,15409,13874289.0,2.49,-0.73,-0.25,0.89,0.8500000000000014
2012-10-19,600774,33.9,34.2,34.7,33.45,12032,10894230.0,3.69,0.88,0.3,0.7,1.25
2012-10-22,600774,33.45,33.1,34.05,32.9,17266,15294200.0,3.36,-3.22,-1.1,1.0,1.1499999999999986
2012-10-23,600774,32.4,32.95,33.0,31.95,17930,15588245.0,3.17,-0.45,-0.15,1.04,1.0500000000000007
2012-10-24,600774,32.35,32.55,32.65,31.85,12837,11107404.0,2.43,-1.21,-0.4,0.74,0.7999999999999972
2012-10-25,600774,31.95,31.8,32.7,31.25,10474,8996925.0,4.45,-2.3,-0.75,0.61,1.4500000000000028
2012-10-26,600774,31.8,30.75,32.2,30.35,12023,10147025.0,5.82,-3.3,-1.05,0.7,1.8500000000000014
2012-10-29,600774,30.7,32.1,32.15,30.35,8143,6942071.0,5.85,4.39,1.35,0.47,1.7999999999999972
2012-10-30,600774,32.9,32.95,33.0,32.0,10350,9021652.0,3.12,2.65,0.85,0.6,1.0
2012-10-31,600774,32.85,33.35,33.5,32.3,6864,6052432.0,3.64,1.21,0.4,0.4,1.2000000000000028
2012-11-01,600774,33.5,33.65,33.75,32.95,7503,6683591.0,2.4,0.9,0.3,0.43,0.7999999999999972
2012-11-02,600774,33.4,33.95,34.05,33.3,5602,5022446.0,2.23,0.89,0.3,0.32,0.75
2012-11-05,600774,34.05,34.05,34.15,33.4,6907,6194775.0,2.21,0.29,0.1,0.4,0.75
2012-11-06,600774,33.95,34.9,34.95,32.95,14105,12725017.0,5.87,2.5,0.85,0.82,2.0
2012-11-07,600774,35.35,34.05,35.85,34.0,11090,10219698.0,5.3,-2.44,-0.85,0.64,1.8500000000000014
2012-11-08,600774,33.35,32.85,33.7,32.25,9628,8516163.0,4.26,-3.52,-1.2,0.56,1.4500000000000028
2012-11-09,600774,32.75,34.4,35.95,32.45,12948,11857553.0,10.65,4.72,1.55,0.75,3.5
2012-11-12,600774,34.45,34.45,35.4,33.55,9365,8490726.0,5.38,0.15,0.05,0.54,1.8500000000000014
2012-11-13,600774,34.35,33.25,34.8,33.0,7313,6539173.0,5.22,-3.48,-1.2,0.42,1.7999999999999972
2012-11-14,600774,32.55,33.6,33.6,32.55,3151,2783301.0,3.16,1.05,0.35,0.18,1.0500000000000043
2012-11-15,600774,34.4,34.4,35.95,34.0,18767,17305606.0,5.8,2.38,0.8,1.09,1.9500000000000028
2012-11-16,600774,34.0,33.45,34.15,32.55,6773,6000644.0,4.65,-2.76,-0.95,0.39,1.6000000000000014
2012-11-19,600774,33.25,33.6,34.0,33.0,4774,4238453.0,2.99,0.45,0.15,0.28,1.0
2012-11-20,600774,33.55,33.3,34.2,33.1,3898,3465745.0,3.27,-0.89,-0.3,0.23,1.1000000000000014
2012-11-21,600774,33.35,35.05,35.4,33.2,13186,12044839.0,6.61,5.26,1.75,0.76,2.1999999999999957
2012-11-22,600774,34.4,35.35,35.7,34.4,10945,10129293.0,3.71,0.86,0.3,0.63,1.3000000000000043
2012-11-23,600774,34.85,34.8,35.7,34.5,7083,6519939.0,3.39,-1.56,-0.55,0.41,1.2000000000000028
2012-11-26,600774,34.5,34.3,35.05,34.3,3936,3592549.0,2.16,-1.44,-0.5,0.23,0.75
2012-11-27,600774,34.8,33.2,35.35,33.0,10184,9080075.0,6.85,-3.21,-1.1,0.59,2.3500000000000014
2012-11-28,600774,32.85,33.35,33.6,32.85,6504,5752996.0,2.26,0.45,0.15,0.38,0.75
2012-11-29,600774,33.35,29.6,33.45,28.95,17506,14687607.0,13.49,-11.24,-3.75,1.01,4.5000000000000036
2012-11-30,600774,29.0,29.75,30.5,27.0,14901,12021153.0,11.82,0.51,0.15,0.86,3.5
2012-12-03,600774,29.45,29.25,30.05,29.1,4950,4020826.0,3.19,-1.68,-0.5,0.29,0.9499999999999993
2012-12-04,600774,28.4,29.95,30.05,28.4,9024,7326527.0,5.64,2.39,0.7,0.52,1.6500000000000021
2012-12-05,600774,29.95,31.3,31.35,29.6,6920,5811327.0,5.84,4.51,1.35,0.4,1.75
2012-12-06,600774,31.3,30.5,31.3,30.0,4793,3989842.0,4.15,-2.56,-0.8,0.28,1.3000000000000007
2012-12-07,600774,30.5,30.8,31.05,29.95,8076,6716884.0,3.61,0.98,0.3,0.47,1.1000000000000014
2012-12-10,600774,30.8,31.9,31.95,30.4,7460,6346630.0,5.03,3.57,1.1,0.43,1.5500000000000007
2012-12-11,600774,31.5,32.0,33.0,31.5,6885,5964957.0,4.7,0.31,0.1,0.4,1.5
2012-12-12,600774,32.0,31.75,32.45,31.3,4495,3846635.0,3.59,-0.78,-0.25,0.26,1.1500000000000021
2012-12-13,600774,31.3,31.75,32.05,30.5,5156,4398528.0,4.88,0.0,0.0,0.3,1.5499999999999972
2012-12-14,600774,30.95,32.7,33.1,30.95,9694,8424416.0,6.77,2.99,0.95,0.56,2.150000000000002
2012-12-17,600774,32.4,33.0,33.35,32.1,12002,10512818.0,3.82,0.92,0.3,0.69,1.25
2012-12-18,600774,32.95,32.45,33.2,32.35,6240,5456494.0,2.58,-1.67,-0.55,0.36,0.8500000000000014
2012-12-19,600774,32.35,32.35,32.75,31.95,5040,4361126.0,2.47,-0.31,-0.1,0.29,0.8000000000000007
2012-12-20,600774,32.3,31.55,32.35,30.7,6261,5302958.0,5.1,-2.47,-0.8,0.36,1.6500000000000021
2012-12-21,600774,31.65,30.75,31.95,30.6,7173,6031880.0,4.28,-2.54,-0.8,0.41,1.3499999999999979
2012-12-24,600774,30.85,31.95,32.15,30.85,11225,9597207.0,4.23,3.9,1.2,0.65,1.2999999999999972
2012-12-25,600774,32.0,32.6,33.05,31.55,8039,7017603.0,4.69,2.03,0.65,0.46,1.4999999999999964
2012-12-26,600774,32.4,33.05,33.15,32.25,7464,6556552.0,2.76,1.38,0.45,0.43,0.8999999999999986
2012-12-27,600774,33.15,32.15,33.2,32.05,7635,6666553.0,3.48,-2.72,-0.9,0.44,1.1500000000000057
2012-12-28,600774,32.0,32.5,32.9,31.95,4748,4125064.0,2.95,1.09,0.35,0.27,0.9499999999999993
2012-12-31,600774,32.7,33.45,33.95,32.7,11150,9928989.0,3.85,2.92,0.95,0.64,1.25
2013-01-04,600774,33.45,33.85,33.95,32.95,7552,6728520.0,2.99,1.2,0.4,0.44,1.0
2013-01-07,600774,33.8,34.9,35.25,33.6,12489,11410002.0,4.87,3.1,1.05,0.72,1.6499999999999986
2013-01-08,600774,34.9,34.25,34.95,34.1,6930,6299854.0,2.44,-1.86,-0.65,0.4,0.8500000000000014
2013-01-09,600774,34.95,34.45,35.45,34.15,9110,8339691.0,3.8,0.58,0.2,0.53,1.3000000000000043
2013-01-10,600774,34.45,34.2,34.7,33.7,5715,5173139.0,2.9,-0.73,-0.25,0.33,1.0
2013-01-11,600774,34.2,33.55,34.5,33.3,6579,5888562.0,3.51,-1.9,-0.65,0.38,1.2000000000000028
2013-01-14,600774,33.7,34.55,34.7,32.55,14116,12612039.0,6.41,2.98,1.0,0.82,2.1500000000000057
2013-01-15,600774,34.25,34.4,34.5,33.85,11890,10748785.0,1.88,-0.43,-0.15,0.69,0.6499999999999986
2013-01-16,600774,34.6,34.4,35.3,34.05,16942,15500827.0,3.63,0.0,0.0,0.98,1.25
2013-01-17,600774,34.6,33.6,34.6,33.3,9607,8618014.0,3.78,-2.33,-0.8,0.56,1.3000000000000043
2013-01-18,600774,33.7,33.9,34.35,32.85,16323,14488586.0,4.46,0.89,0.3,0.94,1.5
2013-01-21,600774,33.9,34.4,34.5,33.8,12641,11409445.0,2.06,1.47,0.5,0.73,0.7000000000000028
2013-01-22,600774,34.6,33.6,34.6,33.4,9740,8759221.0,3.49,-2.33,-0.8,0.56,1.2000000000000028
2013-01-23,600774,33.3,33.8,34.1,33.3,9389,8406193.0,2.38,0.6,0.2,0.54,0.8000000000000043
2013-01-24,600774,33.8,38.25,38.3,33.5,56447,53214090.0,14.2,13.17,4.45,3.26,4.799999999999997
2013-01-25,600774,37.95,36.55,37.95,36.0,31560,30294955.0,5.1,-4.44,-1.7,1.83,1.9500000000000028
2013-01-28,600774,36.3,38.6,39.85,35.95,41507,40634717.0,10.67,5.61,2.05,2.4,3.8999999999999986
2013-01-29,600774,38.2,39.0,39.95,37.85,31419,31579445.0,5.44,1.04,0.4,1.82,2.1000000000000014
2013-01-30,600774,39.0,38.9,39.25,38.05,18128,17996673.0,3.08,-0.26,-0.1,1.05,1.2000000000000028
2013-01-31,600774,38.9,40.15,41.69,38.45,37093,38284281.0,8.33,3.21,1.25,2.15,3.239999999999995
2013-02-01,600774,40.05,40.15,40.4,39.2,15803,16061492.0,2.99,0.0,0.0,0.91,1.1999999999999957
2013-02-04,600774,40.15,40.0,40.45,38.55,19151,19260953.0,4.73,-0.37,-0.15,1.11,1.9000000000000057
2013-02-05,600774,39.35,40.45,41.44,38.85,13256,13577170.0,6.48,1.13,0.45,0.77,2.5899999999999963
2013-02-06,600774,40.4,40.25,41.34,40.0,12552,12966872.0,3.31,-0.49,-0.2,0.73,1.3400000000000034
2013-02-07,600774,39.75,40.99,41.19,39.75,13680,14144691.0,3.58,1.84,0.74,0.79,1.4399999999999977
2013-02-08,600774,40.55,41.89,42.79,40.55,17692,18811706.0,5.46,2.2,0.9,1.02,2.240000000000002
2013-02-18,600774,41.94,44.64,44.79,41.94,25482,27923618.0,6.8,6.56,2.75,1.47,2.8500000000000014
2013-02-19,600774,43.94,43.89,45.19,42.99,16618,18249838.0,4.93,-1.68,-0.75,0.96,2.1999999999999957
2013-02-20,600774,43.89,44.04,44.44,42.24,15793,17288107.0,5.01,0.34,0.15,0.91,2.1999999999999957
2013-02-21,600774,43.54,43.04,43.84,42.64,17186,18632168.0,2.72,-2.27,-1.0,0.99,1.2000000000000028
2013-02-22,600774,43.19,45.64,46.14,43.19,23814,26681399.0,6.85,6.04,2.6,1.38,2.950000000000003
2013-02-25,600774,45.44,50.99,51.29,45.19,54027,65303656.0,13.37,11.72,5.35,3.12,6.100000000000001
2013-02-26,600774,50.44,48.64,51.59,48.54,29807,36208793.0,5.98,-4.61,-2.35,1.72,3.0500000000000043
2013-02-27,600774,48.79,50.19,51.64,47.69,34031,41608744.0,8.12,3.19,1.55,1.97,3.950000000000003
2013-02-28,600774,50.24,51.64,51.74,49.24,26476,32619877.0,4.98,2.89,1.45,1.53,2.5
2013-03-01,600774,51.34,51.94,53.19,50.44,28133,35234402.0,5.33,0.58,0.3,1.63,2.75
2013-03-04,600774,50.84,47.29,50.94,45.64,39195,46604339.0,10.2,-8.95,-4.65,2.27,5.299999999999997
2013-03-05,600774,47.14,50.84,51.24,46.04,23815,28568700.0,11.0,7.51,3.55,1.38,5.200000000000003
2013-03-06,600774,51.19,50.39,52.44,50.14,24452,30340255.0,4.52,-0.89,-0.45,1.41,2.299999999999997
2013-03-07,600774,50.39,48.24,50.94,47.94,23014,27520808.0,5.95,-4.27,-2.15,1.33,3.0
2013-03-08,600774,47.39,47.44,48.94,47.19,13025,15379810.0,3.63,-1.66,-0.8,0.75,1.75
2013-03-11,600774,47.49,47.64,47.94,43.94,14722,16981562.0,8.43,0.42,0.2,0.85,4.0
2013-03-12,600774,47.44,49.34,50.94,46.24,55296,66556586.0,9.87,3.57,1.7,3.2,4.699999999999996
2013-03-13,600774,48.79,53.59,54.89,47.99,60984,76665192.0,13.98,8.61,4.25,3.53,6.899999999999999
2013-03-14,600774,54.94,52.94,57.68,51.54,39433,51189342.0,11.46,-1.21,-0.65,2.28,6.140000000000001
2013-03-15,600774,51.94,49.84,52.89,49.44,31369,38562662.0,6.52,-5.86,-3.1,1.81,3.450000000000003
2013-03-18,600774,49.19,48.44,50.69,48.34,18696,22651399.0,4.72,-2.81,-1.4,1.08,2.3499999999999943
2013-03-19,600774,48.19,49.14,49.29,47.59,13697,16302180.0,3.51,1.45,0.7,0.79,1.6999999999999957
2013-03-20,600774,48.94,50.24,50.49,48.29,15294,18646051.0,4.48,2.24,1.1,0.88,2.200000000000003
2013-03-21,600774,50.24,50.44,51.44,49.69,15474,19086401.0,3.48,0.4,0.2,0.9,1.75
2013-03-22,600774,50.69,50.64,50.74,49.09,13769,16873949.0,3.27,0.4,0.2,0.8,1.6499999999999986
2013-03-25,600774,50.64,49.79,50.79,49.44,12115,14732219.0,2.67,-1.68,-0.85,0.7,1.3500000000000014
2013-03-26,600774,49.59,50.24,50.74,49.59,11975,14647056.0,2.31,0.9,0.45,0.69,1.1499999999999986
2013-03-27,600774,49.94,48.29,50.44,48.04,13114,15925947.0,4.78,-3.88,-1.95,0.76,2.3999999999999986
2013-03-28,600774,46.69,47.44,49.34,45.79,18161,21407474.0,7.35,-1.76,-0.85,1.05,3.5500000000000043
2013-03-29,600774,47.44,44.14,48.44,43.44,19573,22215641.0,10.54,-6.96,-3.3,1.13,5.0
2013-04-01,600774,44.14,45.99,46.29,43.74,13024,14647757.0,5.78,4.19,1.85,0.75,2.549999999999997
2013-04-02,600774,45.54,44.34,46.19,43.69,13818,15362716.0,5.44,-3.59,-1.65,0.8,2.5
2013-04-03,600774,44.19,40.4,44.89,39.85,16839,17734287.0,11.37,-8.89,-3.94,0.97,5.039999999999999
2013-04-08,600774,38.95,41.94,42.74,37.85,13351,13909976.0,12.1,3.81,1.54,0.77,4.890000000000001
2013-04-09,600774,41.89,42.59,43.04,41.29,6020,6448072.0,4.17,1.55,0.65,0.35,1.75
2013-04-10,600774,42.04,42.99,43.49,41.99,4921,5289855.0,3.52,0.94,0.4,0.28,1.5
2013-04-11,600774,42.94,43.04,43.39,42.34,5022,5405273.0,2.44,0.12,0.05,0.29,1.0499999999999972
2013-04-12,600774,42.54,42.84,43.39,42.54,5764,6230718.0,1.97,-0.46,-0.2,0.33,0.8500000000000014
2013-04-15,600774,42.84,42.74,42.84,39.85,4191,4475821.0,6.98,-0.23,-0.1,0.24,2.990000000000002
2013-04-16,600774,42.69,45.54,45.59,42.09,10036,11042743.0,8.19,6.55,2.8,0.58,3.5
2013-04-17,600774,45.89,45.94,46.99,44.69,11685,13277660.0,5.05,0.88,0.4,0.68,2.3000000000000043
2013-04-18,600774,45.84,45.59,46.74,44.99,10714,12208754.0,3.81,-0.76,-0.35,0.62,1.75
2013-04-19,600774,45.59,46.49,47.74,45.59,11001,12695852.0,4.72,1.97,0.9,0.64,2.1499999999999986
2013-04-22,600774,46.09,46.59,47.19,45.69,8966,10295775.0,3.23,0.22,0.1,0.52,1.5
2013-04-23,600774,46.69,44.79,46.89,44.74,8264,9335476.0,4.61,-3.86,-1.8,0.48,2.1499999999999986
2013-04-24,600774,44.74,45.29,46.04,44.24,4569,5130936.0,4.02,1.12,0.5,0.26,1.7999999999999972
2013-04-25,600774,44.24,43.54,45.74,43.19,6589,7320558.0,5.63,-3.86,-1.75,0.38,2.5500000000000043
2013-04-26,600774,42.94,46.09,48.24,42.94,20728,23858050.0,12.17,5.86,2.55,1.2,5.300000000000004
2013-05-02,600774,46.44,47.04,47.14,45.49,7297,8351242.0,3.58,2.06,0.95,0.42,1.6499999999999986
2013-05-03,600774,46.54,46.99,47.64,46.44,10141,11790032.0,2.55,-0.11,-0.05,0.59,1.2000000000000028
2013-05-06,600774,46.44,46.94,47.19,46.39,9312,10773398.0,1.7,-0.11,-0.05,0.54,0.7999999999999972
2013-05-07,600774,46.84,49.59,49.94,46.84,23265,27855972.0,6.6,5.65,2.65,1.35,3.0999999999999943
2013-05-08,600774,49.59,48.84,49.64,48.19,11810,14122887.0,2.92,-1.51,-0.75,0.68,1.4500000000000028
2013-05-09,600774,48.84,48.09,48.84,47.24,10329,12170786.0,3.28,-1.54,-0.75,0.6,1.6000000000000014
2013-05-10,600774,48.09,48.74,48.94,47.44,11415,13586842.0,3.12,1.35,0.65,0.66,1.5
2013-05-13,600774,48.49,50.79,51.39,48.44,20232,24839966.0,6.05,4.21,2.05,1.17,2.950000000000003
2013-05-14,600774,50.69,50.04,50.94,49.44,9678,11824437.0,2.95,-1.48,-0.75,0.56,1.5
2013-05-15,600774,50.04,50.49,50.84,49.59,6316,7733306.0,2.5,0.9,0.45,0.37,1.25
2013-05-16,600774,50.19,50.84,50.94,48.94,12432,15212986.0,3.96,0.69,0.35,0.72,2.0
2013-05-17,600774,50.69,50.69,51.89,50.24,11466,14219228.0,3.25,-0.3,-0.15,0.66,1.6499999999999986
2013-05-20,600774,50.64,50.44,51.39,49.44,15312,18773873.0,3.85,-0.49,-0.25,0.89,1.9500000000000028
2013-05-21,600774,50.19,49.19,50.44,48.69,19940,24067660.0,3.47,-2.48,-1.25,1.15,1.75
2013-05-22,600774,49.09,49.44,49.84,48.44,14564,17505693.0,2.85,0.51,0.25,0.84,1.4000000000000057
2013-05-23,600774,49.44,47.54,49.74,47.44,11813,14055942.0,4.65,-3.84,-1.9,0.68,2.3000000000000043
2013-05-24,600774,47.04,47.84,48.04,43.94,21945,25097669.0,8.62,0.63,0.3,1.27,4.100000000000001
2013-05-27,600774,47.84,46.09,48.04,45.99,17380,20118001.0,4.29,-3.66,-1.75,1.01,2.049999999999997
2013-05-28,600774,46.09,45.99,46.44,44.59,13770,15624635.0,4.01,-0.22,-0.1,0.8,1.8499999999999943
2013-05-29,600774,45.99,46.44,46.49,45.09,9825,11181881.0,3.04,0.98,0.45,0.57,1.3999999999999986
2013-05-30,600774,46.34,45.49,46.64,45.34,10594,12056578.0,2.8,-2.05,-0.95,0.61,1.2999999999999972
2013-05-31,600774,45.54,45.14,46.09,45.09,6312,7130424.0,2.2,-0.77,-0.35,0.37,1.0
2013-06-03,600774,45.19,44.89,45.74,44.44,8415,9442954.0,2.88,-0.55,-0.25,0.49,1.3000000000000043
2013-06-04,600774,44.89,43.69,45.44,43.44,7738,8595383.0,4.46,-2.67,-1.2,0.45,2.0
2013-06-05,600774,43.69,44.84,44.89,43.19,6047,6696837.0,3.89,2.63,1.15,0.35,1.7000000000000028
2013-06-06,600774,44.79,44.09,44.79,43.84,7537,8337148.0,2.12,-1.67,-0.75,0.44,0.9499999999999957
2013-06-07,600774,44.44,45.64,45.89,43.94,13365,15044830.0,4.42,3.52,1.55,0.77,1.9500000000000028
2013-06-13,600774,45.19,42.84,45.84,41.44,12132,13202604.0,9.64,-6.13,-2.8,0.7,4.400000000000006
2013-06-14,600774,42.84,43.49,44.14,42.84,4942,5383686.0,3.03,1.52,0.65,0.29,1.2999999999999972
2013-06-17,600774,43.94,43.04,43.94,42.99,6146,6701927.0,2.18,-1.03,-0.45,0.36,0.9499999999999957
2013-06-18,600774,42.79,42.54,43.44,42.44,4291,4620903.0,2.32,-1.16,-0.5,0.25,1.0
2013-06-19,600774,43.14,41.29,43.14,40.89,3695,3856153.0,5.29,-2.94,-1.25,0.21,2.25
2013-06-20,600774,41.24,40.99,41.29,39.3,7813,8019212.0,4.82,-0.73,-0.3,0.45,1.990000000000002
2013-06-21,600774,40.65,40.7,41.04,39.65,3981,4078461.0,3.39,-0.71,-0.29,0.23,1.3900000000000006
2013-06-24,600774,39.9,37.8,40.6,37.55,5719,5682013.0,7.49,-7.13,-2.9,0.33,3.0500000000000043
2013-06-25,600774,36.9,37.15,39.75,34.2,7481,7159227.0,14.68,-1.72,-0.65,0.43,5.549999999999997
2013-06-26,600774,37.55,38.0,38.15,35.5,4388,4232736.0,7.13,2.29,0.85,0.25,2.6499999999999986
2013-06-27,600774,38.0,42.39,42.59,37.35,27871,28560665.0,13.79,11.55,4.39,1.61,5.240000000000002
2013-06-28,600774,41.64,41.44,42.84,40.35,10587,11173923.0,5.87,-2.24,-0.95,0.61,2.490000000000002
2013-07-01,600774,40.45,41.64,42.04,40.2,5764,6024256.0,4.44,0.48,0.2,0.33,1.8399999999999963
2013-07-02,600774,41.89,42.09,42.19,41.09,6143,6462595.0,2.64,1.08,0.45,0.36,1.0999999999999943
2013-07-03,600774,41.89,42.64,43.64,41.24,9270,9932565.0,5.7,1.31,0.55,0.54,2.3999999999999986
2013-07-04,600774,41.79,41.89,43.04,41.59,8778,9280381.0,3.4,-1.76,-0.75,0.51,1.4499999999999957
2013-07-05,600774,40.94,41.64,42.49,40.94,3772,3969545.0,3.7,-0.6,-0.25,0.22,1.5500000000000043
2013-07-08,600774,40.75,39.7,41.34,39.6,5960,6085022.0,4.18,-4.66,-1.94,0.34,1.740000000000002
2013-07-09,600774,39.65,39.6,40.4,38.15,4207,4219808.0,5.67,-0.25,-0.1,0.24,2.25
2013-07-10,600774,39.75,39.8,40.4,38.7,6468,6543532.0,4.29,0.51,0.2,0.37,1.6999999999999957
2013-07-11,600774,40.2,40.5,41.64,39.8,8983,9245011.0,4.62,1.76,0.7,0.52,1.8400000000000034
2013-07-12,600774,40.5,39.75,40.65,39.15,8901,9016352.0,3.7,-1.85,-0.75,0.51,1.5
2013-07-15,600774,39.95,39.55,39.95,38.95,8956,8986977.0,2.52,-0.5,-0.2,0.52,1.0
2013-07-16,600774,39.6,39.15,39.6,38.15,7855,7795862.0,3.67,-1.01,-0.4,0.45,1.4500000000000028
2013-07-17,600774,38.7,37.9,39.35,37.7,6701,6624786.0,4.21,-3.19,-1.25,0.39,1.6499999999999986
2013-07-18,600774,37.7,37.3,38.15,37.25,7061,6850469.0,2.37,-1.58,-0.6,0.41,0.8999999999999986
2013-07-19,600774,38.15,36.0,38.15,35.7,8116,7748721.0,6.57,-3.49,-1.3,0.47,2.4499999999999957
2013-07-22,600774,35.85,36.8,37.15,35.8,3317,3150003.0,3.75,2.22,0.8,0.19,1.3500000000000014
2013-07-23,600774,36.9,37.75,37.75,36.4,11727,11216464.0,3.67,2.58,0.95,0.68,1.3500000000000014
2013-07-24,600774,37.4,36.1,37.4,35.7,15139,14271745.0,4.5,-4.37,-1.65,0.88,1.6999999999999957
2013-07-25,600774,35.9,35.35,36.35,35.25,6666,6230281.0,3.05,-2.08,-0.75,0.39,1.1000000000000014
2013-07-26,600774,35.25,35.5,35.8,35.15,5032,4648275.0,1.84,0.42,0.15,0.29,0.6499999999999986
2013-07-29,600774,35.35,35.25,35.8,35.0,4228,3912693.0,2.25,-0.7,-0.25,0.24,0.7999999999999972
2013-07-30,600774,35.75,34.95,35.85,34.65,6144,5660939.0,3.4,-0.85,-0.3,0.36,1.2000000000000028
2013-07-31,600774,35.0,36.7,37.05,34.55,20724,19284207.0,7.15,5.01,1.75,1.2,2.5
2013-08-01,600774,36.65,36.7,36.75,35.9,10413,9827713.0,2.32,0.0,0.0,0.6,0.8500000000000014
2013-08-02,600774,36.7,36.55,36.9,36.1,9178,8673333.0,2.18,-0.41,-0.15,0.53,0.7999999999999972
2013-08-05,600774,36.5,37.1,37.15,36.15,10242,9759409.0,2.74,1.5,0.55,0.59,1.0
2013-08-06,600774,37.1,37.3,37.35,36.4,10970,10457047.0,2.56,0.54,0.2,0.63,0.9500000000000028
2013-08-07,600774,36.95,36.2,37.1,36.2,10996,10401458.0,2.41,-2.95,-1.1,0.64,0.8999999999999986
2013-08-08,600774,36.35,36.15,36.35,35.5,7794,7276420.0,2.35,-0.14,-0.05,0.45,0.8500000000000014
2013-08-09,600774,36.05,35.6,36.5,35.1,8595,7991546.0,3.87,-1.52,-0.55,0.5,1.3999999999999986
2013-08-12,600774,35.95,36.45,36.5,35.4,12806,11999880.0,3.09,2.39,0.85,0.74,1.1000000000000014
2013-08-13,600774,36.6,36.5,36.65,36.1,8437,7970072.0,1.51,0.14,0.05,0.49,0.5499999999999972
2013-08-14,600774,36.55,38.85,40.4,36.15,40732,40037635.0,11.64,6.44,2.35,2.36,4.25
2013-08-15,600774,38.15,37.65,39.05,37.4,13822,13508200.0,4.25,-3.09,-1.2,0.8,1.6499999999999986
2013-08-16,600774,37.6,35.5,38.3,35.3,13204,12636894.0,7.97,-5.71,-2.15,0.76,3.0
2013-08-19,600774,36.05,36.2,36.65,35.4,7932,7415360.0,3.52,1.97,0.7,0.46,1.25
2013-08-20,600774,36.05,36.75,37.4,35.8,8592,8178084.0,4.42,1.52,0.55,0.5,1.6000000000000014
2013-08-21,600774,36.75,37.4,37.85,36.65,10880,10465164.0,3.27,1.77,0.65,0.63,1.2000000000000028
2013-08-22,600774,36.95,36.8,37.3,36.65,6111,5833441.0,1.74,-1.6,-0.6,0.35,0.6499999999999986
2013-08-23,600774,37.1,36.25,37.2,35.65,8474,8036702.0,4.21,-1.49,-0.55,0.49,1.5500000000000043
2013-08-26,600774,36.15,37.05,37.15,35.8,4924,4673676.0,3.72,2.21,0.8,0.28,1.3500000000000014
2013-08-27,600774,37.1,37.5,37.75,36.8,6729,6479857.0,2.56,1.21,0.45,0.39,0.9500000000000028
2013-08-28,600774,37.45,37.0,37.5,36.65,7641,7326945.0,2.27,-1.33,-0.5,0.44,0.8500000000000014
2013-08-29,600774,36.85,37.55,37.55,36.75,5657,5440347.0,2.16,1.49,0.55,0.33,0.7999999999999972
2013-08-30,600774,37.55,40.4,41.14,37.2,19528,19309560.0,10.49,7.59,2.85,1.13,3.9399999999999977
2013-09-02,600774,39.15,39.1,39.75,38.7,19934,19904373.0,2.6,-3.22,-1.3,1.15,1.0499999999999972
2013-09-03,600774,39.1,38.9,39.45,38.25,9296,9204644.0,3.07,-0.51,-0.2,0.54,1.2000000000000028
2013-09-04,600774,38.55,38.8,39.2,38.15,7993,7894391.0,2.7,-0.26,-0.1,0.46,1.0500000000000043
2013-09-05,600774,38.4,38.6,39.0,38.3,5247,5186762.0,1.8,-0.52,-0.2,0.3,0.7000000000000028
2013-09-06,600774,38.65,38.75,39.05,38.45,6274,6220899.0,1.55,0.39,0.15,0.36,0.5999999999999943
2013-09-09,600774,38.55,38.9,39.65,38.3,7957,7919896.0,3.48,0.39,0.15,0.46,1.3500000000000014
2013-09-10,600774,39.15,38.85,39.35,38.45,8406,8339983.0,2.31,-0.13,-0.05,0.49,0.8999999999999986
2013-09-11,600774,38.65,39.25,39.25,38.65,9475,9448312.0,1.54,1.03,0.4,0.55,0.6000000000000014
2013-09-12,600774,40.65,42.19,42.59,40.65,59829,63113776.0,4.94,7.49,2.94,3.46,1.9400000000000048
2013-09-13,600774,42.19,40.8,42.19,40.45,23631,24483091.0,4.12,-3.29,-1.39,1.37,1.7399999999999949
2013-09-16,600774,40.5,41.54,41.89,39.4,22928,23676079.0,6.1,1.81,0.74,1.33,2.490000000000002
2013-09-17,600774,41.44,42.39,43.59,40.99,39463,42281289.0,6.26,2.05,0.85,2.28,2.6000000000000014
2013-09-18,600774,41.64,41.24,42.34,40.4,15348,15978032.0,4.58,-2.71,-1.15,0.89,1.9400000000000048
2013-09-23,600774,41.04,41.29,41.49,40.5,13447,13925487.0,2.4,0.12,0.05,0.78,0.990000000000002
2013-09-24,600774,41.29,40.15,41.29,39.75,15536,15867857.0,3.73,-2.76,-1.14,0.9,1.5399999999999991
2013-09-25,600774,40.05,40.75,41.39,39.95,12507,12892491.0,3.59,1.49,0.6,0.72,1.4399999999999977
2013-09-26,600774,40.7,38.85,40.7,38.7,12565,12688568.0,4.91,-4.66,-1.9,0.73,2.0
2013-09-27,600774,38.7,38.0,39.4,37.95,9618,9485823.0,3.73,-2.19,-0.85,0.56,1.4499999999999957
2013-09-30,600774,37.7,37.4,38.3,36.8,9954,9606912.0,3.95,-1.58,-0.6,0.58,1.5
2013-10-08,600774,37.45,38.4,38.55,36.7,6487,6351809.0,4.95,2.67,1.0,0.38,1.8499999999999943
2013-10-09,600774,38.4,38.45,39.0,38.15,6727,6635404.0,2.21,0.13,0.05,0.39,0.8500000000000014
2013-10-10,600774,38.6,38.7,39.0,38.25,9505,9409755.0,1.95,0.65,0.25,0.55,0.75
2013-10-11,600774,39.0,39.6,40.0,38.65,13786,13833770.0,3.49,2.33,0.9,0.8,1.3500000000000014
2013-10-14,600774,40.05,40.05,40.15,38.65,14524,14634366.0,3.79,1.14,0.45,0.84,1.5
2013-10-15,600774,40.05,41.49,42.39,39.95,36096,37777452.0,6.09,3.6,1.44,2.09,2.4399999999999977
2013-10-16,600774,41.19,39.25,41.39,39.1,15809,15996132.0,5.52,-5.4,-2.24,0.91,2.289999999999999
2013-10-17,600774,39.65,38.95,39.9,38.6,9055,9034194.0,3.31,-0.76,-0.3,0.52,1.2999999999999972
2013-10-18,600774,38.95,38.9,39.4,38.5,5515,5485834.0,2.31,-0.13,-0.05,0.32,0.8999999999999986
2013-10-21,600774,39.1,39.4,39.6,38.3,8165,8134717.0,3.34,1.29,0.5,0.47,1.3000000000000043
2013-10-22,600774,39.15,38.55,39.35,38.45,10455,10383194.0,2.28,-2.16,-0.85,0.6,0.8999999999999986
2013-10-23,600774,38.65,37.45,38.8,37.05,10417,10174941.0,4.54,-2.85,-1.1,0.6,1.75
2013-10-24,600774,37.15,37.85,38.0,37.0,4635,4488766.0,2.67,1.07,0.4,0.27,1.0
2013-10-25,600774,37.4,36.2,38.25,36.05,6365,6067197.0,5.81,-4.36,-1.65,0.37,2.200000000000003
2013-10-28,600774,36.15,35.6,36.15,35.15,3552,3294323.0,2.76,-1.66,-0.6,0.21,1.0
2013-10-29,600774,35.4,33.2,35.8,31.4,8000,7189056.0,12.36,-6.74,-2.4,0.46,4.399999999999999
2013-10-30,600774,32.8,33.55,33.65,32.8,5796,5092673.0,2.56,1.05,0.35,0.34,0.8500000000000014
2013-10-31,600774,34.1,33.7,34.1,33.15,3941,3505226.0,2.83,0.45,0.15,0.23,0.9500000000000028
2013-11-01,600774,33.55,33.35,33.7,32.8,6253,5481724.0,2.67,-1.04,-0.35,0.36,0.9000000000000057
2013-11-04,600774,34.1,33.2,34.2,32.85,5905,5247140.0,4.05,-0.45,-0.15,0.34,1.3500000000000014
2013-11-05,600774,33.1,33.9,34.0,32.85,4066,3602524.0,3.46,2.11,0.7,0.24,1.1499999999999986
2013-11-06,600774,33.65,33.45,34.55,33.3,3951,3553027.0,3.69,-1.33,-0.45,0.23,1.25
2013-11-07,600774,33.2,32.35,33.4,32.15,5613,4889927.0,3.74,-3.29,-1.1,0.32,1.25
2013-11-08,600774,32.2,31.15,32.35,31.05,5349,4527863.0,4.02,-3.71,-1.2,0.31,1.3000000000000007
2013-11-11,600774,31.1,31.6,31.9,30.9,3284,2770304.0,3.21,1.44,0.45,0.19,1.0
2013-11-12,600774,31.2,32.05,32.1,31.2,3506,2995604.0,2.85,1.42,0.45,0.2,0.9000000000000021
2013-11-13,600774,32.05,32.5,32.65,31.55,9692,8360113.0,3.43,1.4,0.45,0.56,1.0999999999999979
2013-11-14,600774,33.2,33.7,33.8,32.3,7901,6922671.0,4.62,3.69,1.2,0.46,1.5
2013-11-15,600774,33.65,35.65,36.0,33.3,30089,27565940.0,8.01,5.79,1.95,1.74,2.700000000000003
2013-11-18,600774,34.95,35.25,35.65,34.75,12315,11335197.0,2.52,-1.12,-0.4,0.71,0.8999999999999986
2013-11-19,600774,35.1,34.75,35.75,34.3,6476,5922108.0,4.11,-1.42,-0.5,0.37,1.4500000000000028
2013-11-20,600774,34.25,34.55,34.95,33.7,7511,6762698.0,3.6,-0.58,-0.2,0.43,1.25
2013-11-21,600774,34.45,34.5,34.7,33.95,5020,4536347.0,2.17,-0.14,-0.05,0.29,0.75
2013-11-22,600774,34.3,34.45,34.95,34.2,4169,3776815.0,2.17,-0.14,-0.05,0.24,0.75
2013-11-25,600774,34.15,34.4,34.8,33.95,4075,3688858.0,2.47,-0.15,-0.05,0.24,0.8499999999999943
2013-11-26,600774,34.2,34.55,34.65,34.15,3888,3525229.0,1.45,0.44,0.15,0.22,0.5
2013-11-27,600774,34.6,34.45,34.7,34.15,6535,5919246.0,1.59,-0.29,-0.1,0.38,0.5500000000000043
2013-11-28,600774,34.3,34.9,35.1,34.3,6855,6255687.0,2.32,1.31,0.45,0.4,0.8000000000000043
2013-11-29,600774,34.9,35.0,35.5,34.75,6815,6284536.0,2.15,0.29,0.1,0.39,0.75
2013-12-02,600774,34.8,31.7,34.8,31.55,11221,9808996.0,9.29,-9.43,-3.3,0.65,3.2499999999999964
2013-12-03,600774,31.65,32.45,32.45,31.0,7040,6026921.0,4.57,2.37,0.75,0.41,1.4500000000000028
2013-12-04,600774,32.4,32.6,32.95,31.95,14381,12509999.0,3.08,0.46,0.15,0.83,1.0000000000000036
2013-12-05,600774,32.85,32.6,32.85,32.25,6134,5309868.0,1.84,0.0,0.0,0.35,0.6000000000000014
2013-12-06,600774,32.6,32.35,32.6,32.1,5135,4432263.0,1.53,-0.77,-0.25,0.3,0.5
2013-12-09,600774,32.6,32.85,32.9,32.25,5705,4955998.0,2.01,1.55,0.5,0.33,0.6499999999999986
2013-12-10,600774,32.95,33.3,33.45,32.65,7081,6220090.0,2.44,1.37,0.45,0.41,0.8000000000000043
2013-12-11,600774,33.15,32.6,33.15,32.4,3739,3255894.0,2.25,-2.1,-0.7,0.22,0.75
2013-12-12,600774,32.4,33.0,33.05,32.4,4305,3755231.0,1.99,1.23,0.4,0.25,0.6499999999999986
2013-12-13,600774,32.8,32.95,33.2,32.55,5354,4679398.0,1.97,-0.15,-0.05,0.31,0.6500000000000057
2013-12-16,600774,33.5,33.4,34.9,33.35,20316,18291024.0,4.7,1.37,0.45,1.18,1.5499999999999972
2013-12-17,600774,33.25,32.05,33.75,31.65,9258,7992283.0,6.29,-4.04,-1.35,0.54,2.1000000000000014
2013-12-18,600774,31.9,32.15,32.25,31.45,4770,4076858.0,2.5,0.31,0.1,0.28,0.8000000000000007
2013-12-19,600774,32.15,31.65,32.45,31.5,3587,3062985.0,2.95,-1.56,-0.5,0.21,0.9500000000000028
2013-12-20,600774,32.05,31.0,32.05,30.9,4314,3629413.0,3.63,-2.05,-0.65,0.25,1.1499999999999986
2013-12-23,600774,30.95,29.4,31.0,29.15,6143,4978511.0,5.97,-5.16,-1.6,0.36,1.8500000000000014
2013-12-24,600774,29.35,30.25,30.3,29.3,4215,3428739.0,3.4,2.89,0.85,0.24,1.0
2013-12-25,600774,30.15,30.1,30.15,29.65,2322,1891667.0,1.65,-0.5,-0.15,0.13,0.5
2013-12-26,600774,29.75,29.35,29.9,29.15,3779,3047638.0,2.49,-2.49,-0.75,0.22,0.75
2013-12-27,600774,29.05,30.1,30.2,28.6,6655,5356857.0,5.45,2.56,0.75,0.38,1.5999999999999979
2013-12-30,600774,30.65,30.15,30.7,30.0,3125,2567099.0,2.33,0.17,0.05,0.18,0.6999999999999993
2013-12-31,600774,30.1,30.75,30.9,29.65,5669,4657412.0,4.15,1.99,0.6,0.33,1.25
2014-01-02,600774,30.2,31.75,32.0,30.2,12782,10856374.0,5.85,3.25,1.0,0.74,1.8000000000000007
2014-01-03,600774,31.65,30.9,31.7,30.6,3404,2847670.0,3.46,-2.68,-0.85,0.2,1.0999999999999979
2014-01-06,600774,30.7,29.55,30.75,29.55,4090,3339369.0,3.88,-4.37,-1.35,0.24,1.1999999999999993
2014-01-07,600774,29.55,30.15,30.6,29.25,2781,2279384.0,4.57,2.03,0.6,0.16,1.3500000000000014
2014-01-08,600774,29.9,30.35,30.65,29.9,3245,2681029.0,2.49,0.66,0.2,0.19,0.75
2014-01-09,600774,30.35,30.3,30.7,30.25,4574,3787234.0,1.48,-0.16,-0.05,0.26,0.4499999999999993
2014-01-10,600774,30.15,28.8,30.15,28.8,2589,2086149.0,4.46,-4.95,-1.5,0.15,1.3499999999999979
2014-01-13,600774,28.85,28.8,29.65,28.4,4779,3780161.0,4.34,0.0,0.0,0.28,1.25
2014-01-14,600774,29.05,29.15,29.3,28.6,2481,1975936.0,2.43,1.22,0.35,0.14,0.6999999999999993
2014-01-15,600774,28.95,29.65,30.15,28.95,2263,1841540.0,4.12,1.72,0.5,0.13,1.1999999999999993
2014-01-16,600774,28.65,29.8,30.05,28.65,2294,1859215.0,4.72,0.51,0.15,0.13,1.4000000000000021
2014-01-17,600774,29.2,29.75,30.05,29.15,1158,941041.0,3.02,-0.17,-0.05,0.07,0.9000000000000021
2014-01-20,600774,28.85,29.6,29.75,28.85,1645,1322793.0,3.03,-0.5,-0.15,0.1,0.8999999999999986
2014-01-21,600774,29.65,29.85,29.85,29.4,2040,1654044.0,1.52,0.84,0.25,0.12,0.45000000000000284
2014-01-22,600774,30.1,30.9,31.4,29.6,7263,6014158.0,6.03,3.52,1.05,0.42,1.7999999999999972
2014-01-23,600774,30.6,31.2,31.75,30.6,7353,6205186.0,3.72,0.97,0.3,0.43,1.1499999999999986
2014-01-24,600774,31.0,31.2,31.95,31.0,4712,3995710.0,3.04,0.0,0.0,0.27,0.9499999999999993
2014-01-27,600774,30.9,31.3,31.4,30.9,2171,1825367.0,1.6,0.32,0.1,0.13,0.5
2014-01-28,600774,31.5,32.9,33.3,31.1,12491,10829996.0,7.03,5.11,1.6,0.72,2.1999999999999957
2014-01-29,600774,33.0,37.3,37.3,31.65,49199,45562938.0,17.17,13.37,4.4,2.85,5.649999999999999
2014-01-30,600774,39.4,35.7,42.09,34.85,68043,65638630.0,19.41,-4.29,-1.6,3.94,7.240000000000002
2014-02-07,600774,35.05,34.3,35.05,32.85,41646,37061108.0,6.16,-3.92,-1.4,2.41,2.1999999999999957
2014-02-10,600774,33.95,35.15,35.45,33.85,39224,35627265.0,4.66,2.48,0.85,2.27,1.6000000000000014
2014-02-11,600774,35.1,34.6,35.25,34.3,20261,18444312.0,2.7,-1.56,-0.55,1.17,0.9500000000000028
2014-02-12,600774,34.6,34.65,34.75,34.0,15689,14197361.0,2.17,0.14,0.05,0.91,0.75
2014-02-13,600774,34.8,36.45,38.6,34.35,48824,46352827.0,12.27,5.19,1.8,2.82,4.25
2014-02-14,600774,36.05,37.75,38.7,35.5,28746,27622264.0,8.78,3.57,1.3,1.66,3.200000000000003
2014-02-17,600774,37.8,37.9,39.15,36.85,27616,27094738.0,6.09,0.4,0.15,1.6,2.299999999999997
2014-02-18,600774,38.15,36.15,38.15,36.0,26113,24739775.0,5.67,-4.62,-1.75,1.51,2.1499999999999986
2014-02-19,600774,36.0,36.15,37.05,35.95,18267,17207840.0,3.04,0.0,0.0,1.06,1.0999999999999943
2014-02-20,600774,36.15,34.4,36.65,34.15,15385,14099285.0,6.92,-4.84,-1.75,0.89,2.5
2014-02-21,600774,34.4,34.9,34.95,34.25,7008,6366108.0,2.03,1.45,0.5,0.41,0.7000000000000028
2014-02-24,600774,34.85,35.1,35.5,34.55,8387,7701445.0,2.72,0.57,0.2,0.49,0.9500000000000028
2014-02-25,600774,35.0,34.05,36.3,33.1,11149,10230855.0,9.12,-2.99,-1.05,0.64,3.1999999999999957
2014-02-26,600774,33.7,34.55,34.55,33.4,6351,5704939.0,3.38,1.47,0.5,0.37,1.1499999999999986
2014-02-27,600774,34.65,34.75,35.1,34.15,6521,5932794.0,2.75,0.58,0.2,0.38,0.9500000000000028
2014-02-28,600774,34.65,34.4,35.25,33.7,7116,6409001.0,4.46,-1.01,-0.35,0.41,1.5499999999999972
2014-03-03,600774,34.4,35.5,35.5,33.95,9607,8765472.0,4.51,3.2,1.1,0.56,1.5499999999999972
2014-03-04,600774,36.05,35.45,36.05,35.15,7301,6763021.0,2.54,-0.14,-0.05,0.42,0.8999999999999986
2014-03-05,600774,35.75,34.9,35.75,34.8,6026,5550566.0,2.68,-1.55,-0.55,0.35,0.9500000000000028
2014-03-06,600774,35.05,34.65,35.05,34.05,6049,5466097.0,2.87,-0.72,-0.25,0.35,1.0
2014-03-07,600774,34.65,34.4,34.85,34.3,5023,4556465.0,1.59,-0.72,-0.25,0.29,0.5500000000000043
2014-03-10,600774,34.45,32.6,34.45,32.55,8385,7404482.0,5.52,-5.23,-1.8,0.48,1.9000000000000057
2014-03-11,600774,34.35,32.9,34.35,32.5,4860,4259877.0,5.67,0.92,0.3,0.28,1.8500000000000014
2014-03-12,600774,32.7,33.05,33.6,32.4,4376,3852764.0,3.65,0.46,0.15,0.25,1.2000000000000028
2014-03-13,600774,33.1,33.35,33.8,33.1,3226,2856624.0,2.12,0.91,0.3,0.19,0.6999999999999957
2014-03-14,600774,33.25,33.2,33.65,33.1,3032,2679700.0,1.65,-0.45,-0.15,0.18,0.5499999999999972
2014-03-17,600774,33.3,33.65,33.75,33.15,3789,3350268.0,1.81,1.36,0.45,0.22,0.6000000000000014
2014-03-18,600774,33.6,33.85,34.55,33.55,4990,4471433.0,2.97,0.59,0.2,0.29,1.0
2014-03-19,600774,33.9,33.9,34.15,33.65,3191,2855892.0,1.48,0.15,0.05,0.18,0.5
2014-03-20,600774,34.15,33.35,34.5,33.2,3734,3347224.0,3.83,-1.62,-0.55,0.22,1.2999999999999972
2014-03-21,600774,32.75,33.8,34.1,32.65,5744,5087120.0,4.35,1.35,0.45,0.33,1.4500000000000028
2014-03-24,600774,33.7,35.0,35.05,33.4,11032,9993233.0,4.88,3.55,1.2,0.64,1.6499999999999986
2014-03-25,600774,34.75,35.0,35.5,34.65,7073,6480465.0,2.43,0.0,0.0,0.41,0.8500000000000014
2014-03-26,600774,35.0,34.7,35.35,34.15,3081,2802632.0,3.43,-0.86,-0.3,0.18,1.2000000000000028
2014-03-27,600774,34.9,34.15,35.15,34.15,6196,5664436.0,2.88,-1.59,-0.55,0.36,1.0
2014-03-28,600774,34.35,33.8,34.35,33.65,3504,3147555.0,2.05,-1.02,-0.35,0.2,0.7000000000000028
2014-03-31,600774,33.6,34.85,35.05,33.45,6605,6000439.0,4.73,3.11,1.05,0.38,1.5999999999999943
2014-04-01,600774,35.85,35.0,35.9,34.55,5068,4660065.0,3.87,0.43,0.15,0.29,1.3500000000000014
2014-04-02,600774,35.15,34.15,35.15,33.5,3939,3562127.0,4.71,-2.43,-0.85,0.23,1.6499999999999986
2014-04-03,600774,34.15,34.65,35.35,34.1,3913,3555151.0,3.66,1.46,0.5,0.23,1.25
2014-04-04,600774,34.55,34.7,34.85,34.5,4033,3670691.0,1.01,0.14,0.05,0.23,0.3500000000000014
2014-04-08,600774,34.7,34.65,34.85,34.2,6618,6003691.0,1.87,-0.14,-0.05,0.38,0.6499999999999986
2014-04-09,600774,34.6,34.95,35.1,34.45,5086,4648662.0,1.88,0.87,0.3,0.29,0.6499999999999986
2014-04-10,600774,35.15,35.05,35.3,34.85,6371,5848835.0,1.29,0.29,0.1,0.37,0.44999999999999574
2014-04-11,600774,34.9,35.2,35.35,34.15,6715,6178995.0,3.42,0.43,0.15,0.39,1.2000000000000028
2014-04-14,600774,35.15,35.35,35.4,34.7,4573,4199531.0,1.99,0.43,0.15,0.26,0.6999999999999957
2014-04-15,600774,35.3,35.1,35.65,35.0,4752,4386576.0,1.84,-0.71,-0.25,0.27,0.6499999999999986
2014-04-16,600774,34.9,34.3,35.4,34.0,11529,10462637.0,3.99,-2.28,-0.8,0.67,1.3999999999999986
2014-04-17,600774,33.4,34.25,34.7,33.4,3620,3265842.0,3.79,-0.15,-0.05,0.21,1.3000000000000043
2014-04-18,600774,34.8,34.4,34.8,34.25,3455,3135781.0,1.61,0.44,0.15,0.2,0.5499999999999972
2014-04-21,600774,34.6,34.0,34.7,33.75,4860,4396641.0,2.76,-1.16,-0.4,0.28,0.9500000000000028
2014-04-22,600774,34.0,34.25,34.6,33.65,4564,4113662.0,2.79,0.74,0.25,0.26,0.9500000000000028
2014-04-23,600774,34.25,33.45,34.3,33.3,2846,2541400.0,2.92,-2.34,-0.8,0.16,1.0
2014-04-24,600774,33.3,34.1,34.8,33.2,5803,5244163.0,4.78,1.94,0.65,0.34,1.5999999999999943
2014-04-25,600774,34.1,32.95,34.4,32.9,3654,3246818.0,4.4,-3.37,-1.15,0.21,1.5
2014-04-28,600774,32.55,29.35,33.15,29.2,11730,9737916.0,11.99,-10.93,-3.6,0.68,3.9499999999999993
2014-04-29,600774,29.15,29.6,29.9,28.95,6040,4864045.0,3.24,0.85,0.25,0.35,0.9499999999999993
2014-04-30,600774,30.1,31.05,31.15,29.8,4307,3562128.0,4.56,4.9,1.45,0.25,1.3499999999999979
2014-05-05,600774,30.65,32.05,32.15,30.3,5885,4999998.0,5.96,3.22,1.0,0.34,1.8499999999999979
2014-05-06,600774,31.65,32.1,32.3,31.55,2565,2193478.0,2.34,0.16,0.05,0.15,0.7499999999999964
2014-05-07,600774,31.85,31.45,32.35,30.95,3222,2734593.0,4.36,-2.02,-0.65,0.19,1.4000000000000021
2014-05-08,600774,31.25,31.05,31.9,30.95,3871,3270515.0,3.02,-1.27,-0.4,0.22,0.9499999999999993
2014-05-09,600774,31.4,30.95,31.4,30.55,2945,2460451.0,2.74,-0.32,-0.1,0.17,0.8499999999999979
2014-05-12,600774,31.25,31.65,31.7,30.75,4311,3617797.0,3.07,2.26,0.7,0.25,0.9499999999999993
2014-05-13,600774,31.45,31.4,31.7,31.05,2454,2067534.0,2.05,-0.79,-0.25,0.14,0.6499999999999986
2014-05-14,600774,31.45,31.4,31.6,31.0,1701,1434441.0,1.91,0.0,0.0,0.1,0.6000000000000014
2014-05-15,600774,31.45,31.5,32.1,31.25,4749,4046571.0,2.71,0.32,0.1,0.27,0.8500000000000014
2014-05-16,600774,31.5,31.5,31.85,31.15,2378,2006197.0,2.22,0.0,0.0,0.14,0.7000000000000028
2014-05-19,600774,31.6,31.0,31.6,30.15,2279,1904893.0,4.6,-1.59,-0.5,0.13,1.4500000000000028
2014-05-20,600774,31.0,31.75,31.95,30.85,3025,2551935.0,3.55,2.42,0.75,0.17,1.0999999999999979
2014-05-21,600774,31.7,31.75,31.85,31.4,1575,1338706.0,1.42,0.0,0.0,0.09,0.45000000000000284
2014-05-22,600774,31.8,31.25,31.9,31.1,2160,1833426.0,2.52,-1.57,-0.5,0.12,0.7999999999999972
2014-05-23,600774,31.5,31.65,31.65,31.0,2690,2267567.0,2.08,1.28,0.4,0.16,0.6499999999999986
2014-05-26,600774,29.35,31.85,31.9,29.35,2293,1936447.0,8.06,0.63,0.2,0.13,2.549999999999997
2014-05-27,600774,31.9,31.7,31.9,31.45,2028,1720699.0,1.41,-0.47,-0.15,0.12,0.4499999999999993
2014-05-28,600774,31.7,31.8,31.85,31.35,3979,3382799.0,1.58,0.32,0.1,0.23,0.5
2014-05-29,600774,31.7,31.65,32.05,31.05,2869,2436211.0,3.14,-0.47,-0.15,0.17,0.9999999999999964
2014-05-30,600774,31.65,31.65,31.85,31.45,3154,2681083.0,1.26,0.0,0.0,0.18,0.40000000000000213
2014-06-03,600774,31.8,32.3,32.35,31.5,4128,3523790.0,2.69,2.05,0.65,0.24,0.8500000000000014
2014-06-04,600774,32.2,33.05,35.15,32.2,7221,6353485.0,9.13,2.32,0.75,0.42,2.9499999999999957
2014-06-05,600774,33.3,32.55,33.3,32.2,4543,3941093.0,3.33,-1.51,-0.5,0.26,1.0999999999999943
2014-06-06,600774,32.3,32.15,32.65,31.75,2645,2276220.0,2.76,-1.23,-0.4,0.15,0.8999999999999986
2014-06-09,600774,32.35,32.9,33.0,32.15,3960,3448950.0,2.64,2.33,0.75,0.23,0.8500000000000014
2014-06-10,600774,32.9,33.15,33.25,32.45,4072,3562631.0,2.43,0.76,0.25,0.24,0.7999999999999972
2014-06-11,600774,33.15,32.95,33.85,32.7,2624,2313926.0,3.47,-0.6,-0.2,0.15,1.1499999999999986
2014-06-12,600774,32.95,32.45,33.35,32.3,2958,2570315.0,3.19,-1.52,-0.5,0.17,1.0500000000000043
2014-06-13,600774,32.2,32.55,32.7,32.2,4035,3496223.0,1.54,0.31,0.1,0.23,0.5
2014-06-16,600774,32.55,32.75,33.1,32.55,4942,4314331.0,1.69,0.61,0.2,0.29,0.5500000000000043
2014-06-17,600774,32.65,31.95,32.8,31.65,3618,3107228.0,3.51,-2.44,-0.8,0.21,1.1499999999999986
2014-06-18,600774,32.0,31.5,32.0,30.9,5537,4670725.0,3.44,-1.41,-0.45,0.32,1.1000000000000014
2014-06-19,600774,31.65,30.45,31.65,30.05,4322,3600246.0,5.08,-3.33,-1.05,0.25,1.5999999999999979
2014-06-20,600774,30.25,30.3,30.6,30.15,4247,3501425.0,1.48,-0.49,-0.15,0.25,0.45000000000000284
2014-06-23,600774,30.3,31.4,31.9,30.3,4687,3925189.0,5.28,3.63,1.1,0.27,1.5999999999999979
2014-06-24,600774,31.55,31.25,31.55,30.85,3967,3325797.0,2.23,-0.48,-0.15,0.23,0.6999999999999993
2014-06-25,600774,31.15,31.35,31.6,30.75,2945,2468285.0,2.72,0.32,0.1,0.17,0.8500000000000014
2014-06-26,600774,31.15,31.6,31.7,31.15,7692,6496758.0,1.75,0.8,0.25,0.44,0.5500000000000007
2014-06-27,600774,31.85,32.35,32.85,31.35,7531,6471052.0,4.75,2.37,0.75,0.44,1.5
2014-06-30,600774,32.4,32.75,33.0,31.85,9098,7901132.0,3.55,1.24,0.4,0.53,1.1499999999999986
2014-07-01,600774,32.95,32.65,33.05,32.4,6475,5640743.0,1.98,-0.31,-0.1,0.37,0.6499999999999986
2014-07-02,600774,32.8,32.85,32.9,32.45,4949,4310310.0,1.38,0.61,0.2,0.29,0.44999999999999574
2014-07-03,600774,32.9,33.25,34.05,32.9,5446,4819234.0,3.5,1.22,0.4,0.32,1.1499999999999986
2014-07-04,600774,33.1,33.65,33.75,33.1,4183,3708791.0,1.95,1.2,0.4,0.24,0.6499999999999986
2014-07-07,600774,34.05,33.5,34.05,33.2,3200,2841550.0,2.53,-0.45,-0.15,0.19,0.8499999999999943
2014-07-08,600774,33.55,33.5,33.6,32.9,3234,2853866.0,2.09,0.0,0.0,0.19,0.7000000000000028
2014-07-09,600774,33.75,32.25,33.75,32.2,3884,3410929.0,4.63,-3.73,-1.25,0.22,1.5499999999999972
2014-07-10,600774,32.4,33.0,33.15,32.4,3333,2911506.0,2.33,2.33,0.75,0.19,0.75
2014-07-11,600774,32.45,33.75,33.9,32.45,5550,4929087.0,4.39,2.27,0.75,0.32,1.4499999999999957
2014-07-14,600774,34.25,34.55,34.85,33.8,7838,7093114.0,3.11,2.37,0.8,0.45,1.0500000000000043
2014-07-15,600774,34.45,35.0,35.4,34.45,11163,10188307.0,2.75,1.3,0.45,0.65,0.9499999999999957
2014-07-16,600774,35.1,35.75,36.05,34.75,13697,12637771.0,3.71,2.14,0.75,0.79,1.2999999999999972
2014-07-17,600774,35.95,35.4,35.95,34.95,7772,7175115.0,2.8,-0.98,-0.35,0.45,1.0
2014-07-18,600774,35.45,35.4,35.6,34.85,5239,4835571.0,2.12,0.0,0.0,0.3,0.75
2014-07-21,600774,35.4,35.4,35.75,34.6,4812,4432406.0,3.25,0.0,0.0,0.28,1.1499999999999986
2014-07-22,600774,35.7,36.4,36.6,35.45,8823,8265412.0,3.25,2.82,1.0,0.51,1.1499999999999986
2014-07-23,600774,36.9,41.14,41.14,34.25,56693,56871862.0,18.93,13.02,4.74,3.28,6.890000000000001
2014-07-24,600774,42.64,39.4,43.14,39.15,95748,100267072.0,9.7,-4.23,-1.74,5.54,3.990000000000002
2014-07-25,600774,38.9,38.3,40.5,37.05,58309,57175319.0,8.76,-2.79,-1.1,3.37,3.450000000000003
2014-07-28,600774,38.3,38.3,38.55,37.6,29614,28994710.0,2.48,0.0,0.0,1.71,0.9499999999999957
2014-07-29,600774,38.65,38.45,38.65,38.05,22771,22422951.0,1.57,0.39,0.15,1.32,0.6000000000000014
2014-07-30,600774,38.2,38.3,38.4,37.6,21665,21182081.0,2.08,-0.39,-0.15,1.25,0.7999999999999972
2014-07-31,600774,38.25,38.4,38.8,38.0,16140,15854915.0,2.09,0.26,0.1,0.93,0.7999999999999972
2014-08-01,600774,38.45,37.5,38.8,37.4,22007,21455933.0,3.65,-2.34,-0.9,1.27,1.3999999999999986
2014-08-04,600774,37.45,38.25,38.45,37.15,15205,14725161.0,3.47,2.0,0.75,0.88,1.3000000000000043
2014-08-05,600774,38.15,38.15,39.0,37.9,11179,10970291.0,2.88,-0.26,-0.1,0.65,1.1000000000000014
2014-08-06,600774,38.15,37.8,38.15,37.55,9680,9404524.0,1.57,-0.92,-0.35,0.56,0.6000000000000014
2014-08-07,600774,37.9,38.25,38.45,37.3,14540,14236332.0,3.04,1.19,0.45,0.84,1.1500000000000057
2014-08-08,600774,38.1,38.25,38.65,37.9,13288,13064207.0,1.96,0.0,0.0,0.77,0.75
2014-08-11,600774,38.25,38.4,38.5,37.9,10258,10083295.0,1.57,0.39,0.15,0.59,0.6000000000000014
2014-08-12,600774,38.3,39.25,39.5,38.25,17357,17270633.0,3.26,2.21,0.85,1.0,1.25
2014-08-13,600774,39.05,39.0,39.15,38.4,14278,14171509.0,1.91,-0.64,-0.25,0.83,0.75
2014-08-14,600774,39.0,37.95,39.25,37.9,9500,9429734.0,3.46,-2.69,-1.05,0.55,1.3500000000000014
2014-08-15,600774,38.1,38.35,38.8,38.05,9438,9307231.0,1.98,1.05,0.4,0.55,0.75
2014-08-18,600774,38.35,39.0,39.0,38.25,10416,10340679.0,1.96,1.69,0.65,0.6,0.75
2014-08-19,600774,39.0,39.05,39.95,38.6,11130,11105106.0,3.46,0.13,0.05,0.64,1.3500000000000014
2014-08-20,600774,38.85,40.15,40.25,38.75,21562,21747875.0,3.84,2.82,1.1,1.25,1.5
2014-08-21,600774,40.15,40.7,41.04,39.35,23098,23704940.0,4.21,1.37,0.55,1.34,1.6899999999999977
2014-08-22,600774,40.75,40.3,40.84,39.85,13516,13797294.0,2.43,-0.98,-0.4,0.78,0.990000000000002
2014-08-25,600774,40.3,40.05,40.99,39.85,8187,8378680.0,2.83,-0.62,-0.25,0.47,1.1400000000000006
2014-08-26,600774,40.25,38.45,40.4,37.7,14900,14818862.0,6.74,-4.0,-1.6,0.86,2.6999999999999957
2014-08-27,600774,38.15,38.65,38.8,38.15,6730,6645624.0,1.69,0.52,0.2,0.39,0.6499999999999986
2014-08-28,600774,38.7,37.65,38.9,37.55,7282,7147288.0,3.49,-2.59,-1.0,0.42,1.3500000000000014
2014-08-29,600774,38.65,38.35,38.65,37.2,10885,10593933.0,3.85,1.86,0.7,0.63,1.4499999999999957
2014-09-01,600774,38.15,39.65,39.8,37.95,12526,12523502.0,4.82,3.39,1.3,0.72,1.8499999999999943
2014-09-02,600774,39.6,40.45,40.84,39.5,14707,15061528.0,3.38,2.02,0.8,0.85,1.3400000000000034
2014-09-03,600774,40.5,40.55,40.84,39.9,13687,14045190.0,2.32,0.25,0.1,0.79,0.9400000000000048
2014-09-04,600774,40.65,40.7,40.94,40.55,13724,14167511.0,0.96,0.37,0.15,0.79,0.39000000000000057
2014-09-05,600774,40.89,41.39,41.54,40.5,15143,15680989.0,2.56,1.7,0.69,0.88,1.0399999999999991
2014-09-09,600774,41.54,42.84,43.04,41.09,22386,23709773.0,4.71,3.5,1.45,1.29,1.9499999999999957
2014-09-10,600774,42.49,42.64,43.09,41.79,17387,18519632.0,3.03,-0.47,-0.2,1.01,1.3000000000000043
2014-09-11,600774,42.59,42.14,42.99,41.64,14649,15610954.0,3.17,-1.17,-0.5,0.85,1.3500000000000014
2014-09-12,600774,41.79,43.04,43.14,41.79,13980,14946448.0,3.2,2.14,0.9,0.81,1.3500000000000014
2014-09-15,600774,43.09,45.24,45.64,43.09,22342,24710555.0,5.92,5.11,2.2,1.29,2.549999999999997
2014-09-16,600774,45.14,43.89,46.69,40.65,26282,29563880.0,13.35,-2.98,-1.35,1.52,6.039999999999999
2014-09-17,600774,43.64,45.09,45.49,42.74,17272,19133794.0,6.27,2.73,1.2,1.0,2.75
2014-09-18,600774,45.09,46.09,46.49,44.49,16548,18709685.0,4.44,2.22,1.0,0.96,2.0
2014-09-19,600774,46.19,47.84,48.54,45.29,18273,21021290.0,7.05,3.8,1.75,1.06,3.25
2014-09-22,600774,47.84,47.29,48.59,46.79,17259,20161398.0,3.76,-1.15,-0.55,1.0,1.8000000000000043
2014-09-23,600774,47.19,47.84,48.39,46.44,23669,27413788.0,4.12,1.16,0.55,1.37,1.9500000000000028
2014-09-24,600774,49.29,46.64,50.44,46.64,36970,43736761.0,7.94,-2.51,-1.2,2.14,3.799999999999997
2014-09-25,600774,46.64,46.84,47.84,45.84,30376,34916824.0,4.29,0.43,0.2,1.76,2.0
2014-09-26,600774,46.69,46.54,47.14,45.54,12517,14360791.0,3.42,-0.64,-0.3,0.72,1.6000000000000014
2014-09-29,600774,46.44,47.49,47.64,46.44,14851,17177223.0,2.58,2.04,0.95,0.86,1.2000000000000028
2014-09-30,600774,47.29,47.74,47.94,47.04,10796,12580626.0,1.9,0.53,0.25,0.62,0.8999999999999986
2014-10-08,600774,47.64,48.64,49.64,47.59,19506,23234324.0,4.29,1.89,0.9,1.13,2.049999999999997
2014-10-09,600774,48.69,47.29,49.24,46.74,23507,27473830.0,5.14,-2.78,-1.35,1.36,2.5
2014-10-10,600774,47.09,46.74,47.89,46.59,11073,12852134.0,2.75,-1.16,-0.55,0.64,1.2999999999999972
2014-10-13,600774,46.69,46.54,46.69,45.64,8721,9933295.0,2.25,-0.43,-0.2,0.5,1.0499999999999972
2014-10-14,600774,46.49,48.44,48.54,46.39,18912,22056249.0,4.62,4.08,1.9,1.09,2.1499999999999986
2014-10-15,600774,48.29,48.59,49.54,47.44,14653,17342096.0,4.34,0.31,0.15,0.85,2.1000000000000014
2014-10-16,600774,48.39,48.34,48.84,47.39,13392,15816854.0,2.98,-0.51,-0.25,0.77,1.4500000000000028
2014-10-17,600774,48.14,46.89,49.39,46.04,14851,17358120.0,6.93,-3.0,-1.45,0.86,3.3500000000000014
2014-10-20,600774,46.69,47.89,48.14,46.64,8680,10112703.0,3.2,2.13,1.0,0.5,1.5
2014-10-21,600774,48.09,50.79,50.89,47.29,33024,39687107.0,7.52,6.06,2.9,1.91,3.6000000000000014
2014-10-22,600774,50.44,46.14,50.49,45.69,49209,57593255.0,9.45,-9.16,-4.65,2.85,4.800000000000004
2014-10-23,600774,45.69,44.69,45.84,43.39,22077,24481971.0,5.31,-3.14,-1.45,1.28,2.450000000000003
2014-10-24,600774,44.29,44.59,45.29,43.94,7730,8602849.0,3.02,-0.22,-0.1,0.45,1.3500000000000014
2014-10-27,600774,43.84,46.69,46.94,43.74,14499,16506987.0,7.18,4.71,2.1,0.84,3.1999999999999957
2014-10-28,600774,46.39,48.04,48.69,46.39,15881,18667360.0,4.93,2.89,1.35,0.92,2.299999999999997
2014-10-29,600774,48.44,48.84,49.09,47.74,15893,18784500.0,2.81,1.67,0.8,0.92,1.3500000000000014
2014-10-30,600774,48.84,48.49,49.09,47.99,14780,17548731.0,2.25,-0.72,-0.35,0.85,1.1000000000000014
2014-10-31,600774,48.14,48.34,49.59,47.59,8985,10589643.0,4.12,-0.31,-0.15,0.52,2.0
2014-11-03,600774,48.09,49.04,49.14,47.89,21905,26079286.0,2.59,1.45,0.7,1.27,1.25
2014-11-04,600774,48.99,50.14,50.54,48.94,23032,27930317.0,3.26,2.24,1.1,1.33,1.6000000000000014
2014-11-05,600774,49.44,51.19,51.69,49.39,23590,29015257.0,4.59,2.09,1.05,1.35,2.299999999999997
2014-11-06,600774,51.39,50.59,52.34,50.29,14811,18306567.0,4.0,-1.17,-0.6,0.85,2.0500000000000043
2014-11-07,600774,50.54,50.04,51.69,49.69,13757,16996347.0,3.95,-1.09,-0.55,0.79,2.0
2014-11-10,600774,49.64,50.24,51.14,49.14,13936,16915886.0,4.0,0.4,0.2,0.8,2.0
2014-11-11,600774,50.24,49.74,50.59,47.64,20692,24982512.0,5.87,-1.0,-0.5,1.19,2.950000000000003
2014-11-12,600774,49.69,51.64,52.29,49.29,15518,19228930.0,6.03,3.82,1.9,0.89,3.0
2014-11-13,600774,51.44,52.94,53.64,51.44,21125,26838612.0,4.26,2.52,1.3,1.21,2.200000000000003
2014-11-14,600774,52.39,53.39,53.64,51.19,18509,23513700.0,4.63,0.85,0.45,1.06,2.450000000000003
2014-11-17,600774,53.64,55.14,56.14,52.64,26541,34672011.0,6.56,3.28,1.75,1.52,3.5
2014-11-18,600774,55.09,54.89,57.39,53.64,38130,50619296.0,6.8,-0.45,-0.25,2.19,3.75
2014-11-19,600774,54.59,54.69,55.04,53.74,22662,29608009.0,2.37,-0.36,-0.2,1.3,1.2999999999999972
2014-11-20,600774,54.74,55.14,56.64,54.29,9743,12906664.0,4.3,0.82,0.45,0.56,2.3500000000000014
2014-11-21,600774,54.99,55.19,56.99,54.59,9532,12646169.0,4.35,0.09,0.05,0.55,2.3999999999999986
2014-11-24,600774,55.44,55.59,56.49,54.89,22435,29928001.0,2.9,0.72,0.4,1.29,1.6000000000000014
2014-11-25,600774,55.59,55.84,56.49,54.39,17804,23694537.0,3.78,0.45,0.25,1.02,2.1000000000000014
2014-11-26,600774,55.64,60.28,60.53,55.64,31239,43594810.0,8.76,7.95,4.44,1.79,4.890000000000001
2014-11-27,600774,60.18,65.03,67.33,59.08,71668,104609808.0,13.69,7.88,4.75,4.11,8.25
2014-11-28,600774,64.38,64.63,64.93,62.33,35455,52892621.0,4.0,-0.62,-0.4,2.03,2.6000000000000085
2014-12-01,600774,64.63,67.63,68.63,63.18,23120,35547646.0,8.43,4.64,3.0,1.33,5.449999999999996
2014-12-02,600774,67.53,67.98,70.38,66.68,38667,61720871.0,5.47,0.52,0.35,2.22,3.6999999999999886
2014-12-03,600774,67.68,68.38,69.38,66.38,22688,35593426.0,4.41,0.59,0.4,1.3,3.0
2014-12-04,600774,69.03,70.33,70.88,67.53,23866,38408167.0,4.9,2.85,1.95,1.37,3.3499999999999943
2014-12-05,600774,70.33,71.33,71.68,67.53,29217,46859313.0,5.9,1.42,1.0,1.67,4.150000000000006
2014-12-08,600774,71.28,70.63,71.33,68.88,13027,21051387.0,3.43,-0.98,-0.7,0.75,2.450000000000003
2014-12-09,600774,68.68,68.58,70.03,64.13,28314,45174169.0,8.35,-2.9,-2.05,1.62,5.900000000000006
2014-12-10,600774,64.88,70.03,70.28,64.88,44529,70275367.0,7.87,2.11,1.45,2.55,5.400000000000006
2014-12-11,600774,69.18,66.78,71.13,66.63,16516,26267591.0,6.43,-4.64,-3.25,0.95,4.5
2014-12-12,600774,66.93,68.18,68.43,65.63,15968,24894182.0,4.19,2.1,1.4,0.92,2.8000000000000114
2014-12-15,600774,68.58,67.73,70.53,66.73,44363,70036546.0,5.57,-0.66,-0.45,2.54,3.799999999999997
2014-12-16,600774,68.13,68.28,69.13,67.13,72525,114493968.0,2.95,0.81,0.55,4.16,2.0
2014-12-17,600774,68.38,68.38,69.23,67.98,38505,61363842.0,1.83,0.15,0.1,2.21,1.25
2014-12-18,600774,69.08,76.27,76.32,68.08,32138,54231863.0,12.05,11.54,7.89,1.84,8.239999999999995
2014-12-19,600774,74.17,70.18,77.12,69.93,20273,34293707.0,9.43,-7.98,-6.09,1.16,7.189999999999998
2014-12-22,600774,64.23,62.08,66.13,62.08,10266,15129208.0,5.77,-11.54,-8.1,0.59,4.049999999999997
2014-12-23,600774,59.13,59.43,61.53,54.79,28441,39562137.0,10.86,-4.27,-2.65,1.63,6.740000000000002
2014-12-24,600774,58.98,61.53,61.58,58.33,7088,10038650.0,5.47,3.53,2.1,0.41,3.25
2014-12-25,600774,61.53,62.28,62.48,60.13,11854,17086766.0,3.82,1.22,0.75,0.68,2.3499999999999943
2014-12-26,600774,61.93,61.93,62.48,61.28,4864,7057640.0,1.93,-0.56,-0.35,0.28,1.1999999999999957
2014-12-29,600774,61.88,61.38,63.08,59.68,7140,10317597.0,5.49,-0.89,-0.55,0.41,3.3999999999999986
2014-12-30,600774,61.13,62.18,62.53,56.39,8355,11742956.0,10.0,1.3,0.8,0.48,6.140000000000001
2014-12-31,600774,61.63,63.33,64.13,60.73,6228,9172815.0,5.47,1.85,1.15,0.36,3.3999999999999986
2015-01-05,600774,62.18,65.18,65.53,62.18,7680,11597956.0,5.29,2.92,1.85,0.44,3.3500000000000014
2015-01-06,600774,65.03,66.13,66.58,63.28,4297,6531138.0,5.06,1.46,0.95,0.25,3.299999999999997
2015-01-07,600774,66.13,66.33,66.63,64.63,4801,7356700.0,3.02,0.3,0.2,0.28,2.0
2015-01-08,600774,66.38,66.43,66.68,65.23,4397,6757463.0,2.19,0.15,0.1,0.25,1.4500000000000028
2015-01-09,600774,66.33,64.18,66.63,64.13,4739,7230039.0,3.76,-3.39,-2.25,0.27,2.5
2015-01-12,600774,63.88,63.68,64.53,60.88,6934,10152836.0,5.69,-0.78,-0.5,0.4,3.6499999999999986
2015-01-13,600774,63.08,63.88,65.13,63.08,2027,3036910.0,3.22,0.31,0.2,0.12,2.049999999999997
2015-01-14,600774,63.88,63.33,64.38,62.28,3815,5683653.0,3.29,-0.86,-0.55,0.22,2.0999999999999943
2015-01-15,600774,62.83,63.48,64.08,62.38,2573,3801264.0,2.68,0.24,0.15,0.15,1.6999999999999957
2015-01-16,600774,63.03,63.48,63.58,62.13,5202,7652551.0,2.28,0.0,0.0,0.3,1.4499999999999957
2015-01-19,600774,62.73,62.03,62.73,61.13,6059,8801899.0,2.52,-2.28,-1.45,0.35,1.5999999999999943
2015-01-20,600774,61.48,64.43,64.63,61.48,8145,12004014.0,5.08,3.87,2.4,0.47,3.1499999999999986
2015-01-21,600774,64.43,66.73,66.93,64.13,9507,14612233.0,4.35,3.57,2.3,0.55,2.8000000000000114
2015-01-22,600774,66.93,67.53,69.08,65.73,25679,39979904.0,5.02,1.2,0.8,1.47,3.3499999999999943
2015-01-23,600774,66.78,67.63,68.13,66.53,12431,19422426.0,2.37,0.15,0.1,0.71,1.5999999999999943
2015-01-26,600774,67.53,68.48,68.68,66.88,8824,13913865.0,2.66,1.26,0.85,0.51,1.8000000000000114
2015-01-27,600774,68.53,68.63,69.08,66.78,12118,19075124.0,3.36,0.22,0.15,0.69,2.299999999999997
2015-01-28,600774,68.18,68.28,68.88,67.63,7239,11437368.0,1.82,-0.51,-0.35,0.42,1.25
2015-01-29,600774,67.73,67.28,68.23,66.93,3931,6164015.0,1.9,-1.46,-1.0,0.23,1.2999999999999972
2015-01-30,600774,67.38,68.93,68.98,66.18,7949,12537927.0,4.16,2.45,1.65,0.46,2.799999999999997
2015-02-02,600774,68.73,67.28,71.88,67.23,14115,22601694.0,6.75,-2.39,-1.65,0.81,4.6499999999999915
2015-02-03,600774,66.38,65.13,67.88,63.78,12259,18672861.0,6.09,-3.2,-2.15,0.7,4.099999999999994
2015-02-04,600774,65.13,64.93,65.43,64.63,3225,4888219.0,1.23,-0.31,-0.2,0.18,0.8000000000000114
2015-02-05,600774,65.23,64.73,66.03,64.13,8582,12974611.0,2.93,-0.31,-0.2,0.49,1.9000000000000057
2015-02-06,600774,64.28,61.63,64.98,61.18,6432,9429479.0,5.87,-4.79,-3.1,0.37,3.8000000000000043
2015-02-09,600774,63.28,62.33,63.28,61.13,4304,6287768.0,3.49,1.14,0.7,0.25,2.1499999999999986
2015-02-10,600774,62.43,63.73,64.23,61.78,5765,8520909.0,3.93,2.25,1.4,0.33,2.450000000000003
2015-02-11,600774,64.63,65.83,67.08,63.78,12756,19334006.0,5.18,3.3,2.1,0.73,3.299999999999997
2015-02-12,600774,66.53,68.18,68.83,64.98,11846,18594436.0,5.85,3.57,2.35,0.68,3.8499999999999943
2015-02-13,600774,67.68,72.33,73.48,67.68,32856,54150948.0,8.51,6.09,4.15,1.88,5.799999999999997
2015-02-16,600774,72.28,72.53,73.63,70.88,16946,28330587.0,3.8,0.28,0.2,0.97,2.75
2015-02-17,600774,71.88,73.48,73.58,71.23,6453,10747507.0,3.24,1.31,0.95,0.37,2.3499999999999943
2015-02-25,600774,73.48,73.08,77.32,72.03,14491,24819716.0,7.2,-0.54,-0.4,0.83,5.289999999999992
2015-02-26,600774,73.73,71.38,73.73,70.13,5482,9014590.0,4.93,-2.33,-1.7,0.31,3.6000000000000085
2015-02-27,600774,71.38,71.13,71.93,70.73,6423,10563848.0,1.68,-0.35,-0.25,0.37,1.2000000000000028
2015-03-02,600774,70.93,73.13,73.43,69.73,10397,17211831.0,5.2,2.81,2.0,0.6,3.700000000000003
2015-03-03,600774,72.98,74.12,75.42,71.68,11002,18731326.0,5.11,1.35,0.99,0.63,3.739999999999995
2015-03-04,600774,74.12,75.37,78.37,74.12,15684,27187632.0,5.73,1.69,1.25,0.9,4.25
2015-03-05,600774,75.37,77.87,78.27,74.67,11240,19605342.0,4.78,3.32,2.5,0.64,3.5999999999999943
2015-03-06,600774,78.52,77.17,79.07,76.97,8687,15405114.0,2.7,-0.9,-0.7,0.5,2.0999999999999943
2015-03-09,600774,77.12,77.17,77.62,75.22,5126,8917205.0,3.11,0.0,0.0,0.29,2.4000000000000057
2015-03-10,600774,77.22,79.72,80.12,76.37,23050,41311529.0,4.86,3.3,2.55,1.32,3.75
2015-03-11,600774,81.17,79.97,82.42,79.62,9829,18053303.0,3.51,0.31,0.25,0.56,2.799999999999997
2015-03-12,600774,79.12,81.52,82.72,78.12,10034,18377545.0,5.75,1.94,1.55,0.58,4.599999999999994
2015-03-13,600774,81.17,79.32,82.52,79.07,7306,13391990.0,4.23,-2.7,-2.2,0.42,3.450000000000003
2015-03-16,600774,79.52,79.32,79.72,77.67,11236,20155366.0,2.58,0.0,0.0,0.64,2.049999999999997
2015-03-17,600774,78.77,80.92,81.37,78.52,14690,26506047.0,3.59,2.02,1.6,0.84,2.8500000000000085
2015-03-18,600774,80.72,80.67,81.02,79.77,10844,19807224.0,1.54,-0.31,-0.25,0.62,1.25
2015-03-19,600774,80.62,78.37,80.62,77.47,14432,25713962.0,3.9,-2.85,-2.3,0.83,3.1500000000000057
2015-03-20,600774,78.17,78.62,79.02,77.12,9831,17493187.0,2.42,0.32,0.25,0.56,1.8999999999999915
2015-03-23,600774,78.87,81.22,81.37,78.57,14845,26957483.0,3.56,3.31,2.6,0.85,2.8000000000000114
2015-03-24,600774,81.22,81.17,81.22,77.27,24524,44297619.0,4.86,-0.06,-0.05,1.41,3.950000000000003
2015-03-25,600774,80.52,79.27,82.17,77.62,41399,74775306.0,5.61,-2.34,-1.9,2.37,4.549999999999997
2015-03-26,600774,79.52,88.27,88.27,77.67,75319,141578976.0,13.37,11.35,9.0,4.32,10.599999999999994
2015-03-27,600774,88.37,95.16,97.86,85.57,44445,90649484.0,13.92,7.81,6.89,2.55,12.290000000000006
2015-03-30,600774,94.11,93.36,96.31,91.86,27541,57702596.0,4.68,-1.89,-1.8,1.58,4.450000000000003
2015-03-31,600774,95.01,93.36,95.91,92.11,34602,72283415.0,4.07,0.0,0.0,1.98,3.799999999999997
2015-04-01,600774,93.11,94.51,97.46,92.16,23878,50222177.0,5.68,1.23,1.15,1.37,5.299999999999997
2015-04-02,600774,94.61,96.96,97.21,93.56,14966,31747219.0,3.86,2.59,2.45,0.86,3.6499999999999915
2015-04-03,600774,96.56,99.81,101.36,95.51,14978,32788006.0,6.03,2.94,2.85,0.86,5.849999999999994
2015-04-07,600774,100.91,100.66,102.06,98.91,17772,39503661.0,3.16,0.85,0.85,1.02,3.1500000000000057
2015-04-08,600774,100.36,99.16,101.36,97.46,15237,33656326.0,3.87,-1.49,-1.5,0.87,3.9000000000000057
2015-04-09,600774,96.96,105.91,106.56,88.57,37323,81021594.0,18.14,6.81,6.75,2.14,17.99000000000001
2015-04-10,600774,103.86,105.06,108.9,102.66,17508,41116361.0,5.89,-0.8,-0.85,1.0,6.240000000000009
2015-04-13,600774,105.56,103.11,108.6,102.86,23190,53603447.0,5.46,-1.86,-1.95,1.33,5.739999999999995
2015-04-14,600774,102.61,98.56,104.11,97.66,23988,52683215.0,6.26,-4.41,-4.55,1.38,6.450000000000003
2015-04-15,600774,98.11,91.71,98.11,89.12,15287,31918238.0,9.12,-6.95,-6.85,0.88,8.989999999999995
2015-04-16,600774,89.32,91.01,93.46,84.72,19107,37816649.0,9.53,-0.76,-0.7,1.1,8.739999999999995
2015-04-17,600774,90.62,95.31,97.01,90.62,21215,44742463.0,7.02,4.72,4.3,1.22,6.390000000000001
2015-04-20,600774,95.86,98.36,101.56,95.11,37229,81683078.0,6.77,3.2,3.05,2.13,6.450000000000003
2015-04-21,600774,97.11,101.81,102.76,95.61,21795,48605259.0,7.27,3.51,3.45,1.25,7.150000000000006
2015-04-22,600774,101.91,113.05,113.05,101.91,31614,76645342.0,10.94,11.04,11.24,1.81,11.14
2015-04-23,600774,114.1,124.84,125.09,114.1,40694,106775457.0,9.72,10.43,11.79,2.33,10.990000000000009
2015-04-24,600774,122.15,129.19,131.54,119.05,41175,113198391.0,10.0,3.48,4.35,2.36,12.489999999999995
2015-04-27,600774,123.65,120.3,126.49,115.2,49786,132081102.0,8.74,-6.88,-8.89,2.85,11.289999999999992
2015-04-28,600774,120.3,121.5,128.89,118.1,37744,101428042.0,8.97,1.0,1.2,2.16,10.789999999999992
2015-04-29,600774,119.2,125.29,126.69,118.25,25784,69827954.0,6.95,3.12,3.79,1.48,8.439999999999998
2015-04-30,600774,125.44,124.69,126.69,122.2,17601,47916195.0,3.58,-0.48,-0.6,1.01,4.489999999999995
2015-05-04,600774,123.3,124.04,127.59,122.2,14942,40604127.0,4.32,-0.52,-0.65,0.86,5.390000000000001
2015-05-05,600774,123.65,112.8,123.99,110.6,27936,71665640.0,10.79,-9.06,-11.24,1.6,13.39
2015-05-06,600774,113.25,104.01,113.25,103.41,40399,95615158.0,8.72,-7.79,-8.79,2.32,9.840000000000003
2015-05-07,600774,103.61,104.56,108.25,100.46,23038,53175188.0,7.49,0.53,0.55,1.32,7.790000000000006
2015-05-08,600774,103.36,105.36,108.0,103.36,12603,29516846.0,4.44,0.77,0.8,0.72,4.640000000000001
2015-05-11,600774,109.5,109.95,110.45,107.9,29236,70319181.0,2.42,4.36,4.59,1.68,2.549999999999997
2015-05-12,600774,109.65,107.5,109.65,104.36,40093,94702435.0,4.81,-2.23,-2.45,2.3,5.290000000000006
2015-05-13,600774,107.85,119.35,119.35,107.6,34370,87025689.0,10.93,11.02,11.85,1.97,11.75
2015-05-14,600774,121.9,121.4,128.99,119.9,44335,119438741.0,7.62,1.72,2.05,2.54,9.090000000000003
2015-05-15,600774,121.4,120.35,126.49,114.1,26378,69058111.0,10.21,-0.86,-1.05,1.51,12.39
2015-05-18,600774,118.9,120.1,125.09,117.0,21509,57234424.0,6.72,-0.21,-0.25,1.23,8.090000000000003
2015-05-19,600774,120.1,123.4,125.44,120.1,21508,57944853.0,4.45,2.75,3.3,1.23,5.340000000000003
2015-05-20,600774,125.09,122.6,125.09,119.2,25474,67999969.0,4.77,-0.65,-0.8,1.46,5.890000000000001
2015-05-21,600774,120.6,122.65,124.09,119.05,20120,53238649.0,4.11,0.04,0.05,1.15,5.040000000000006
2015-05-22,600774,122.9,125.49,130.69,122.6,32102,87780471.0,6.6,2.32,2.84,1.84,8.090000000000003
2015-05-25,600774,125.59,139.14,139.14,121.45,37946,107183954.0,14.1,10.88,13.65,2.18,17.689999999999984
2015-05-26,600774,139.14,141.03,145.58,136.24,36588,110468602.0,6.71,1.36,1.89,2.1,9.340000000000003
2015-05-27,600774,140.34,136.64,140.48,134.34,25395,75079661.0,4.35,-3.11,-4.39,1.46,6.139999999999986
2015-05-28,600774,136.19,124.49,139.09,124.09,28932,83422841.0,10.98,-8.89,-12.15,1.66,15.0
2015-05-29,600774,123.6,133.44,138.04,119.1,39224,106956859.0,15.21,7.19,8.95,2.25,18.939999999999998
2015-06-01,600774,128.44,147.88,147.88,128.44,43184,130261620.0,14.57,10.82,14.44,2.48,19.439999999999998
2015-06-02,600774,147.58,152.53,153.08,141.13,40059,127347381.0,8.08,3.14,4.65,2.3,11.950000000000017
2015-06-03,600774,150.58,152.83,154.33,139.49,29171,93010947.0,9.73,0.2,0.3,1.67,14.840000000000003
2015-06-04,600774,150.48,153.78,155.73,139.09,30977,98318451.0,10.89,0.62,0.95,1.78,16.639999999999986
2015-06-05,600774,155.73,152.13,158.22,149.08,36388,119132034.0,5.94,-1.07,-1.65,2.09,9.139999999999986
2015-06-08,600774,150.33,144.33,150.33,141.08,33107,103083938.0,6.08,-5.13,-7.8,1.9,9.25
2015-06-09,600774,143.18,145.38,146.58,136.34,45761,138189551.0,7.09,0.73,1.05,2.62,10.240000000000009
2015-06-10,600774,142.78,143.58,147.08,138.74,27109,83452609.0,5.74,-1.24,-1.8,1.55,8.340000000000003
2015-06-11,600774,142.98,142.23,143.83,139.09,22720,69213856.0,3.3,-0.94,-1.35,1.3,4.740000000000009
2015-06-12,600774,142.28,144.98,148.33,142.23,39355,122334314.0,4.29,1.93,2.75,2.26,6.100000000000023
2015-06-15,600774,145.83,135.29,146.58,134.59,42142,127129106.0,8.27,-6.68,-9.69,2.42,11.990000000000009
2015-06-16,600774,145.08,141.63,145.08,128.34,61591,178810548.0,12.37,4.69,6.34,3.53,16.74000000000001
2015-06-17,600774,135.49,142.03,143.48,134.89,33386,100708632.0,6.07,0.28,0.4,1.91,8.590000000000003
2015-06-18,600774,140.24,138.09,142.33,135.94,22943,68649231.0,4.5,-2.77,-3.94,1.32,6.390000000000015
2015-06-19,600774,135.59,123.99,138.09,123.2,29521,81810906.0,10.78,-10.21,-14.1,1.69,14.89
2015-06-23,600774,122.1,128.49,129.04,112.9,38919,104795319.0,13.02,3.63,4.5,2.23,16.139999999999986
2015-06-24,600774,129.04,129.09,131.69,122.1,27973,77666579.0,7.46,0.47,0.6,1.6,9.590000000000003
2015-06-25,600774,131.59,134.84,140.09,129.14,62699,184368696.0,8.48,4.45,5.75,3.59,10.950000000000017
2015-06-26,600774,133.54,139.54,141.58,120.6,69107,195253717.0,15.56,3.49,4.7,3.96,20.980000000000018
2015-06-29,600774,151.08,144.43,151.08,126.99,83387,257610872.0,17.26,3.5,4.89,4.78,24.090000000000018
2015-06-30,600774,136.59,153.28,156.93,128.89,94700,284541104.0,19.41,6.13,8.85,5.43,28.04000000000002
2015-07-01,600774,149.83,136.89,153.63,136.89,71980,225385775.0,10.92,-10.69,-16.39,4.13,16.74000000000001
2015-07-02,600774,126.89,122.1,134.09,122.1,23718,63921630.0,8.76,-10.8,-14.79,1.36,11.990000000000009
2015-07-03,600774,108.8,108.8,114.1,108.8,24217,58137804.0,4.34,-10.89,-13.3,1.39,5.299999999999997
2015-07-06,600774,116.0,96.86,117.1,96.86,36041,82495868.0,18.6,-10.97,-11.94,2.07,20.239999999999995
2015-07-07,600774,86.12,86.12,86.12,86.12,599,1162060.0,0.0,-11.09,-10.74,0.03,0.0
2015-07-08,600774,76.42,76.42,76.42,76.42,1502,2622492.0,0.0,-11.26,-9.7,0.09,0.0
2015-07-09,600774,67.68,85.17,85.17,67.68,143937,247419510.0,22.89,11.45,8.75,8.25,17.489999999999995
2015-07-10,600774,81.62,94.76,94.76,81.62,160505,330555792.0,15.43,11.26,9.59,9.2,13.14
2015-07-13,600774,92.61,104.01,105.11,90.17,145493,315712960.0,15.77,9.76,9.25,8.34,14.939999999999998
2015-07-14,600774,98.56,92.51,104.11,92.51,140480,301224832.0,11.15,-11.06,-11.5,8.05,11.599999999999994
2015-07-15,600774,83.37,82.17,87.62,82.17,50547,94866210.0,5.89,-11.18,-10.34,2.9,5.450000000000003
2015-07-16,600774,72.88,74.62,83.07,72.88,84374,145589868.0,12.4,-9.19,-7.55,4.84,10.189999999999998
2015-07-17,600774,74.62,78.22,81.27,71.63,63140,111336097.0,12.92,4.82,3.6,3.62,9.64
2015-07-20,600774,78.62,81.72,84.12,76.62,59563,109024715.0,9.59,4.47,3.5,3.41,7.5
2015-07-21,600774,80.87,86.07,86.57,79.37,55306,105136879.0,8.81,5.32,4.35,3.17,7.199999999999989
2015-07-22,600774,86.52,83.27,86.62,80.02,56506,106750062.0,7.67,-3.25,-2.8,3.24,6.6000000000000085
2015-07-23,600774,83.52,89.92,90.96,83.52,74005,145661894.0,8.93,7.99,6.65,4.24,7.439999999999998
2015-07-24,600774,90.86,86.72,94.11,85.27,79204,160865508.0,9.83,-3.56,-3.2,4.54,8.840000000000003
2015-07-27,600774,83.72,76.97,85.37,76.97,49827,92290970.0,9.69,-11.24,-9.75,2.86,8.400000000000006
2015-07-28,600774,68.18,68.18,75.62,68.18,79021,126445270.0,9.67,-11.42,-8.79,4.53,7.439999999999998
2015-07-29,600774,68.38,71.03,71.58,60.28,83317,127110635.0,16.57,4.18,2.85,4.78,11.299999999999997
2015-07-30,600774,68.58,65.33,72.03,64.13,69921,111811761.0,11.12,-8.02,-5.7,4.01,7.900000000000006
2015-07-31,600774,62.18,63.38,65.98,62.13,43536,64923208.0,5.89,-2.98,-1.95,2.5,3.8500000000000014
2015-08-03,600774,63.28,59.63,65.38,57.88,37271,53601198.0,11.83,-5.92,-3.75,2.14,7.499999999999993
2015-08-04,600774,60.13,65.18,65.38,59.93,64444,95049880.0,9.14,9.31,5.55,3.69,5.449999999999996
2015-08-05,600774,64.63,66.08,67.68,63.33,54704,83359723.0,6.67,1.38,0.9,3.14,4.3500000000000085
2015-08-06,600774,63.88,67.63,67.83,63.13,52303,80539237.0,7.11,2.35,1.55,3.0,4.699999999999996
2015-08-07,600774,68.38,70.78,71.68,67.63,56763,92104205.0,5.99,4.66,3.15,3.25,4.050000000000011
2015-08-10,600774,72.38,78.92,78.92,72.13,69484,120880106.0,9.59,11.5,8.14,3.98,6.790000000000006
2015-08-11,600774,81.12,81.02,83.52,77.47,60351,111641427.0,7.67,2.66,2.1,3.46,6.049999999999997
2015-08-12,600774,79.17,82.72,84.12,77.67,66435,121704420.0,7.96,2.1,1.7,3.81,6.450000000000003
2015-08-13,600774,81.57,85.67,86.97,80.62,54129,102803312.0,7.68,3.57,2.95,3.1,6.349999999999994
2015-08-14,600774,85.32,83.82,88.37,83.57,45456,87895838.0,5.6,-2.16,-1.85,2.61,4.800000000000011
2015-08-17,600774,82.62,84.27,84.57,80.12,39070,73550238.0,5.31,0.54,0.45,2.24,4.449999999999989
2015-08-18,600774,84.62,74.77,85.27,74.77,43703,78678749.0,12.46,-11.27,-9.5,2.51,10.5
2015-08-19,600774,74.17,74.42,75.97,66.78,38153,63199403.0,12.29,-0.47,-0.35,2.19,9.189999999999998
2015-08-20,600774,73.43,72.83,73.88,71.03,27760,46234471.0,3.83,-2.14,-1.59,1.59,2.8499999999999943
2015-08-21,600774,69.38,65.98,71.38,65.48,33974,53327172.0,8.1,-9.41,-6.85,1.95,5.8999999999999915
2015-08-24,600774,63.93,58.28,63.93,58.28,39797,55462079.0,8.56,-11.67,-7.7,2.28,5.649999999999999
2015-08-25,600774,53.89,52.29,55.64,51.39,52239,67068119.0,7.29,-10.28,-5.99,2.99,4.25
2015-08-26,600774,54.19,54.84,57.48,47.24,32565,42701717.0,19.58,4.88,2.55,1.87,10.239999999999995
2015-08-27,600774,54.84,61.38,61.38,54.84,20837,28464395.0,11.93,11.93,6.54,1.19,6.539999999999999
2015-08-28,600774,64.18,67.23,68.13,61.28,25638,38866316.0,11.16,9.53,5.85,1.47,6.849999999999994
2015-08-31,600774,65.43,59.48,67.03,59.43,36032,52748326.0,11.3,-11.53,-7.75,2.07,7.600000000000001
2015-09-01,600774,59.13,54.99,59.68,54.14,25192,34199396.0,9.31,-7.55,-4.49,1.44,5.539999999999999
2015-09-02,600774,51.14,53.99,57.43,51.14,22038,29054026.0,11.44,-1.82,-1.0,1.26,6.289999999999999
2015-09-07,600774,56.94,60.48,60.48,56.94,13496,19179191.0,6.56,12.02,6.49,0.77,3.539999999999999
2015-09-08,600774,63.53,67.63,67.63,63.13,51850,80512859.0,7.44,11.82,7.15,2.97,4.499999999999993
2015-09-09,600774,75.47,75.47,75.47,72.73,28832,49760809.0,4.05,11.59,7.84,1.65,2.739999999999995
2015-09-10,600774,79.12,84.12,84.12,75.92,75100,137464397.0,10.87,11.46,8.65,4.31,8.200000000000003
2015-09-11,600774,84.12,83.92,89.92,78.37,96823,179729353.0,13.73,-0.24,-0.2,5.55,11.549999999999997
2015-09-14,600774,81.07,74.42,83.07,74.42,47323,84372690.0,10.31,-11.32,-9.5,2.71,8.649999999999991
2015-09-15,600774,66.73,65.88,70.88,65.88,51492,80245293.0,6.72,-11.48,-8.54,2.95,5.0
2015-09-16,600774,65.88,73.58,73.58,65.88,63867,103468729.0,11.69,11.69,7.7,3.66,7.700000000000003
2015-09-17,600774,76.37,72.98,80.62,72.63,78651,136974027.0,10.86,-0.82,-0.6,4.51,7.990000000000009
2015-09-18,600774,72.13,73.98,76.02,66.68,54934,90576295.0,12.8,1.37,1.0,3.15,9.33999999999999
2015-09-21,600774,71.63,77.97,78.42,69.53,49602,83892619.0,12.02,5.39,3.99,2.84,8.89
2015-09-22,600774,78.87,74.72,78.92,73.43,40744,70582355.0,7.04,-4.17,-3.25,2.34,5.489999999999995
2015-09-23,600774,72.23,83.27,83.27,71.63,67261,121271489.0,15.58,11.44,8.55,3.86,11.64
2015-09-24,600774,81.67,82.52,86.17,81.12,68458,129369821.0,6.06,-0.9,-0.75,3.92,5.049999999999997
2015-09-25,600774,79.67,73.43,82.52,73.18,44424,78042867.0,11.32,-11.02,-9.09,2.55,9.33999999999999
2015-09-28,600774,69.93,74.62,75.72,69.93,21703,36352846.0,7.89,1.62,1.19,1.24,5.789999999999992
2015-09-29,600774,73.43,69.83,73.43,67.13,33523,54384949.0,8.44,-6.42,-4.79,1.92,6.300000000000011
2015-09-30,600774,70.08,66.53,71.63,64.53,36291,56554735.0,10.17,-4.73,-3.3,2.08,7.099999999999994
2015-10-08,600774,69.03,69.13,71.53,68.38,31162,50012559.0,4.73,3.91,2.6,1.79,3.1500000000000057
2015-10-09,600774,68.58,69.93,73.03,68.58,38616,62795551.0,6.44,1.16,0.8,2.21,4.450000000000003
2015-10-12,600774,69.83,78.02,78.02,69.83,61577,104092831.0,11.71,11.57,8.09,3.53,8.189999999999998
2015-10-13,600774,77.92,83.02,83.37,76.62,74679,136226815.0,8.65,6.41,5.0,4.28,6.75
2015-10-14,600774,83.67,77.57,83.87,77.42,55160,100029458.0,7.77,-6.56,-5.45,3.16,6.450000000000003
2015-10-15,600774,77.02,80.12,81.02,77.02,39288,70978567.0,5.16,3.29,2.55,2.25,4.0
2015-10-16,600774,80.37,84.27,84.87,77.67,52126,95449282.0,8.99,5.18,4.15,2.99,7.200000000000003
2015-10-19,600774,87.12,87.57,90.62,86.12,93874,185600215.0,5.34,3.92,3.3,5.38,4.5
2015-10-20,600774,86.37,87.82,88.27,82.92,59063,113744240.0,6.11,0.29,0.25,3.39,5.349999999999994
2015-10-21,600774,87.97,77.97,87.97,77.97,58229,108584345.0,11.39,-11.22,-9.85,3.34,10.0
2015-10-22,600774,76.12,82.17,82.37,76.12,36313,65809303.0,8.02,5.39,4.2,2.08,6.25
2015-10-23,600774,80.87,83.47,84.37,80.57,34759,64881075.0,4.62,1.58,1.3,1.99,3.8000000000000114
2015-10-26,600774,84.52,82.52,88.47,78.12,33837,64380711.0,12.4,-1.14,-0.95,1.94,10.349999999999994
2015-10-27,600774,80.87,80.82,81.87,74.12,31399,56342994.0,9.39,-2.06,-1.7,1.8,7.75
2015-10-28,600774,80.07,80.17,81.72,76.67,28755,52107610.0,6.25,-0.8,-0.65,1.65,5.049999999999997
2015-10-29,600774,80.17,81.37,81.62,75.27,32040,57783856.0,7.92,1.5,1.2,1.84,6.3500000000000085
2015-10-30,600774,83.17,79.47,83.32,78.27,29499,54001846.0,6.21,-2.34,-1.9,1.69,5.049999999999997
2015-11-02,600774,76.62,76.22,79.62,76.12,21545,38191922.0,4.4,-4.09,-3.25,1.24,3.5
2015-11-03,600774,77.02,74.52,77.42,74.27,17076,29436400.0,4.13,-2.23,-1.7,0.98,3.1500000000000057
2015-11-04,600774,74.52,78.97,79.12,74.52,20981,37045948.0,6.17,5.97,4.45,1.2,4.6000000000000085
2015-11-05,600774,79.02,78.62,79.52,77.62,26104,46776492.0,2.41,-0.44,-0.35,1.5,1.8999999999999915
2015-11-06,600774,78.72,81.52,82.47,78.72,32050,59031479.0,4.77,3.69,2.9,1.84,3.75
2015-11-09,600774,80.12,82.57,83.97,78.37,45117,83769320.0,6.87,1.29,1.05,2.59,5.599999999999994
2015-11-10,600774,82.17,81.37,83.27,81.07,37284,69350644.0,2.66,-1.45,-1.2,2.14,2.200000000000003
2015-11-11,600774,82.77,90.62,90.62,82.77,53676,105897431.0,9.65,11.37,9.25,3.08,7.8500000000000085
2015-11-12,600774,98.41,94.76,98.81,93.11,90785,193073271.0,6.29,4.57,4.14,5.2,5.700000000000003
2015-11-13,600774,95.51,90.86,100.61,89.62,94862,199125145.0,11.6,-4.12,-3.9,5.44,10.989999999999995
2015-11-16,600774,94.11,101.06,101.06,93.41,69784,152085345.0,8.42,11.23,10.2,4.0,7.650000000000006
2015-11-17,600774,110.6,104.96,112.25,103.66,144192,343447808.0,8.5,3.86,3.9,8.27,8.590000000000003
2015-11-18,600774,102.11,99.56,106.61,98.11,69658,157605830.0,8.1,-5.14,-5.4,3.99,8.5
2015-11-19,600774,98.36,100.61,101.51,96.71,54309,119405189.0,4.82,1.05,1.05,3.11,4.800000000000011
2015-11-20,600774,100.86,99.46,101.01,96.61,82380,179328960.0,4.37,-1.14,-1.15,4.72,4.400000000000006
2015-11-23,600774,99.11,97.81,100.76,97.11,52715,115749839.0,3.67,-1.66,-1.65,3.02,3.6500000000000057
2015-11-24,600774,96.36,97.26,97.41,94.61,46411,99047997.0,2.86,-0.56,-0.55,2.66,2.799999999999997
2015-11-25,600774,97.11,104.36,108.0,94.61,80694,179390655.0,13.77,7.3,7.1,4.63,13.39
2015-11-26,600774,102.21,96.86,104.11,96.61,62714,140309551.0,7.19,-7.19,-7.5,3.6,7.5
2015-11-27,600774,96.61,86.17,98.36,86.12,52455,108299514.0,12.64,-11.04,-10.69,3.01,12.239999999999995
2015-11-30,600774,86.52,84.32,87.47,79.22,50156,94536803.0,9.57,-2.15,-1.85,2.88,8.25
2015-12-01,600774,84.42,86.37,88.97,82.72,39839,77141078.0,7.41,2.43,2.05,2.28,6.25
2015-12-02,600774,86.02,83.67,87.47,81.12,27940,52924167.0,7.35,-3.13,-2.7,1.6,6.349999999999994
2015-12-03,600774,84.22,85.87,86.02,83.57,31164,59644806.0,2.93,2.63,2.2,1.79,2.450000000000003
2015-12-04,600774,85.72,85.12,88.62,84.47,38353,74470899.0,4.83,-0.87,-0.75,2.2,4.150000000000006
2015-12-07,600774,85.42,88.77,89.12,84.62,36541,71381545.0,5.29,4.29,3.65,2.09,4.5
2015-12-08,600774,88.02,84.97,88.02,84.62,24042,46581016.0,3.83,-4.28,-3.8,1.38,3.3999999999999915
2015-12-09,600774,85.12,82.47,85.47,81.37,26210,49329241.0,4.83,-2.94,-2.5,1.5,4.099999999999994
2015-12-10,600774,82.52,81.92,83.47,81.37,21521,40078175.0,2.55,-0.67,-0.55,1.23,2.0999999999999943
2015-12-11,600774,82.22,85.12,85.47,80.67,32778,61964807.0,5.86,3.91,3.2,1.88,4.799999999999997
2015-12-14,600774,83.62,86.72,87.37,81.87,38369,73201042.0,6.46,1.88,1.6,2.2,5.5
2015-12-15,600774,87.12,87.07,88.82,85.62,38379,75039544.0,3.69,0.4,0.35,2.2,3.1999999999999886
2015-12-16,600774,88.32,86.87,89.87,86.62,36854,72834937.0,3.73,-0.23,-0.2,2.11,3.25
2015-12-17,600774,87.52,89.92,90.17,87.22,40362,80337044.0,3.4,3.51,3.05,2.31,2.950000000000003
2015-12-18,600774,90.42,89.67,90.42,87.17,42095,84096211.0,3.61,-0.28,-0.25,2.41,3.25
2015-12-21,600774,89.12,94.41,95.36,88.12,52969,109517564.0,8.07,5.29,4.74,3.04,7.239999999999995
2015-12-22,600774,93.86,93.51,94.86,92.41,29153,60683874.0,2.6,-0.95,-0.9,1.67,2.450000000000003
2015-12-23,600774,94.61,93.06,96.51,92.81,45353,95949112.0,3.96,-0.48,-0.45,2.6,3.700000000000003
2015-12-24,600774,94.11,103.46,103.46,92.21,109513,243323926.0,12.09,11.18,10.4,6.28,11.25
2015-12-25,600774,105.76,114.9,114.9,105.76,193308,475835776.0,8.83,11.06,11.44,11.08,9.14
2015-12-28,600774,112.95,120.3,124.09,112.6,162549,417686448.0,10.0,4.7,5.4,9.32,11.490000000000009
2015-12-29,600774,120.6,123.8,125.49,115.1,127446,334452816.0,8.64,2.91,3.5,7.31,10.39
2015-12-30,600774,119.25,119.85,122.55,118.1,58414,152874831.0,3.59,-3.19,-3.95,3.35,4.450000000000003
2015-12-31,600774,119.1,122.1,130.74,116.75,109767,297658912.0,11.67,1.88,2.25,6.29,13.990000000000009
2016-01-04,600774,119.35,117.25,128.49,116.65,55915,148974346.0,9.7,-3.97,-4.85,3.21,11.840000000000003
2016-01-05,600774,113.6,126.54,126.59,108.55,139519,368455744.0,15.39,7.92,9.29,8.0,18.040000000000006
2016-01-06,600774,128.59,134.09,140.29,124.14,173276,496738112.0,12.76,5.97,7.55,9.93,16.14999999999999
2016-01-07,600774,126.59,119.6,126.59,119.6,36447,95834899.0,5.21,-10.81,-14.49,2.09,6.990000000000009
2016-01-08,600774,126.64,120.85,126.64,106.96,125355,332519712.0,16.45,1.05,1.25,7.19,19.680000000000007
2016-01-11,600774,117.1,120.7,124.09,109.1,82171,212304887.0,12.4,-0.12,-0.15,4.71,14.990000000000009
2016-01-12,600774,118.85,114.8,120.7,109.1,62921,159184067.0,9.61,-4.89,-5.9,3.61,11.600000000000009
2016-01-13,600774,117.0,102.26,117.05,102.26,62614,147527390.0,12.88,-10.92,-12.54,3.59,14.789999999999992
2016-01-14,600774,90.96,90.96,90.96,90.96,27225,55457325.0,0.0,-11.05,-11.3,1.56,0.0
2016-01-15,600774,83.87,80.77,90.62,80.77,134483,253612997.0,10.83,-11.2,-10.19,7.71,9.850000000000009
2016-01-18,600774,71.63,72.63,77.07,71.63,172125,289813040.0,6.74,-10.08,-8.14,9.87,5.439999999999998
2016-01-19,600774,73.48,78.87,79.62,72.83,136814,236340536.0,9.35,8.59,6.24,7.84,6.790000000000006
2016-01-20,600774,77.97,74.22,78.12,71.63,107777,186166472.0,8.23,-5.9,-4.65,6.18,6.490000000000009
2016-01-21,600774,71.88,72.03,76.77,71.13,85674,145496102.0,7.6,-2.95,-2.19,4.91,5.640000000000001
2016-01-22,600774,73.63,72.98,74.87,67.13,77333,127253283.0,10.75,1.32,0.95,4.43,7.740000000000009
2016-01-25,600774,73.63,81.37,81.37,71.63,134466,237893808.0,13.35,11.5,8.39,7.71,9.740000000000009
2016-01-26,600774,79.12,72.23,82.92,72.18,115691,205616792.0,13.2,-11.23,-9.14,6.63,10.739999999999995
2016-01-27,600774,72.78,67.53,74.07,64.28,76245,120380970.0,13.55,-6.51,-4.7,4.37,9.789999999999992
2016-01-28,600774,66.63,59.68,67.28,59.68,57426,85730463.0,11.25,-11.62,-7.85,3.29,7.600000000000001
2016-01-29,600774,59.68,62.03,64.13,58.13,51678,74963033.0,10.05,3.94,2.35,2.96,5.999999999999993
2016-02-01,600774,62.13,64.08,66.13,61.63,56079,84151526.0,7.25,3.3,2.05,3.22,4.499999999999993
2016-02-02,600774,64.03,66.58,67.63,62.78,45325,70045180.0,7.57,3.9,2.5,2.6,4.849999999999994
2016-02-03,600774,66.13,67.13,67.93,62.68,38517,59116859.0,7.89,0.83,0.55,2.21,5.250000000000007
2016-02-04,600774,68.13,73.53,74.72,66.63,77039,125967442.0,12.05,9.53,6.4,4.42,8.090000000000003
2016-02-05,600774,73.13,74.92,77.62,71.73,67640,116623344.0,8.01,1.89,1.39,3.88,5.890000000000001
2016-02-15,600774,70.68,75.52,77.37,70.68,51476,88416835.0,8.93,0.8,0.6,2.95,6.689999999999998
2016-02-16,600774,75.52,84.17,84.17,75.12,58971,106661235.0,11.98,11.45,8.65,3.38,9.049999999999997
2016-02-17,600774,82.62,93.66,93.66,82.12,209284,427821632.0,13.71,11.27,9.49,12.0,11.539999999999992
2016-02-18,600774,104.11,104.11,104.11,89.52,146563,314030752.0,15.58,11.16,10.45,8.4,14.590000000000003
2016-02-19,600774,98.86,93.06,99.11,92.61,259366,542534512.0,6.24,-10.61,-11.05,14.87,6.5
2016-02-22,600774,88.27,90.91,91.91,87.22,136814,276600496.0,5.04,-2.31,-2.15,7.84,4.689999999999998
2016-02-23,600774,89.77,87.87,90.12,85.92,107383,211441745.0,4.62,-3.34,-3.04,6.16,4.200000000000003
2016-02-24,600774,87.42,90.42,92.51,86.27,131793,263271846.0,7.1,2.9,2.55,7.56,6.240000000000009
2016-02-25,600774,88.37,80.27,88.92,80.27,110597,207603951.0,9.57,-11.23,-10.15,6.34,8.650000000000006
2016-02-26,600774,79.62,76.62,80.12,73.43,87085,152053163.0,8.33,-4.55,-3.65,4.99,6.689999999999998
2016-02-29,600774,74.52,68.13,74.52,67.88,73832,119362679.0,8.67,-11.08,-8.49,4.23,6.640000000000001
2016-03-01,600774,69.03,71.18,72.93,66.48,54670,88553965.0,9.47,4.48,3.05,3.13,6.450000000000003
2016-03-02,600774,71.48,75.77,76.62,70.33,70871,120178552.0,8.84,6.45,4.59,4.06,6.290000000000006
2016-03-04,600774,75.57,69.23,79.12,68.63,70610,120071530.0,13.84,-8.63,-6.54,4.05,10.490000000000009
2016-03-07,600774,69.28,77.22,77.22,69.28,58355,98342142.0,11.47,11.54,7.99,3.35,7.939999999999998
2016-03-08,600774,77.22,83.07,84.12,74.22,117368,214197310.0,12.82,7.58,5.85,6.73,9.900000000000006
2016-03-09,600774,79.32,80.07,83.82,79.12,78320,143518009.0,5.66,-3.61,-3.0,4.49,4.699999999999989
2016-03-10,600774,81.62,75.17,81.62,75.02,65857,116591131.0,8.24,-6.12,-4.9,3.78,6.6000000000000085
2016-03-11,600774,71.73,72.88,74.67,71.63,40638,67982701.0,4.04,-3.05,-2.29,2.33,3.0400000000000063
2016-03-14,600774,73.68,75.17,77.92,73.53,50369,87551276.0,6.02,3.14,2.29,2.89,4.390000000000001
2016-03-15,600774,74.82,74.22,75.17,72.43,45293,76599424.0,3.65,-1.26,-0.95,2.6,2.739999999999995
2016-03-16,600774,75.47,75.87,77.37,74.52,55811,96956925.0,3.84,2.22,1.65,3.2,2.8500000000000085
2016-03-17,600774,77.12,78.67,78.97,74.62,70578,124125591.0,5.73,3.69,2.8,4.05,4.349999999999994
2016-03-18,600774,80.12,81.12,82.07,78.92,81659,149634980.0,4.0,3.11,2.45,4.68,3.1499999999999915
2016-03-21,600774,81.57,83.47,83.87,79.62,86371,160820401.0,5.24,2.9,2.35,4.95,4.25
2016-03-22,600774,82.37,81.82,83.12,80.77,51665,95684505.0,2.82,-1.98,-1.65,2.96,2.3500000000000085
2016-03-23,600774,81.47,82.87,83.62,81.12,71759,133974226.0,3.06,1.28,1.05,4.11,2.5
2016-03-24,600774,82.52,82.92,84.87,80.92,71061,133678124.0,4.77,0.06,0.05,4.07,3.950000000000003
2016-03-25,600774,83.12,83.92,84.57,82.62,44286,83574569.0,2.35,1.21,1.0,2.54,1.9499999999999886
2016-03-28,600774,85.47,84.12,85.47,82.92,49743,94181586.0,3.04,0.24,0.2,2.85,2.549999999999997
2016-03-29,600774,83.12,82.92,84.02,82.02,40266,75544367.0,2.38,-1.43,-1.2,2.31,2.0
2016-03-30,600774,84.12,91.01,92.06,82.57,128716,251093706.0,11.44,9.76,8.09,7.38,9.490000000000009
2016-03-31,600774,89.92,87.27,98.46,87.02,97803,198891033.0,12.57,-4.11,-3.74,5.61,11.439999999999998
2016-04-01,600774,88.22,83.57,88.72,82.12,61374,117133734.0,7.56,-4.24,-3.7,3.52,6.599999999999994
2016-04-05,600774,82.67,85.67,86.22,82.22,51964,99151893.0,4.79,2.51,2.1,2.98,4.0
2016-04-06,600774,85.07,84.62,85.37,83.27,44564,85043479.0,2.45,-1.23,-1.05,2.55,2.1000000000000085
2016-04-07,600774,85.07,85.72,91.51,84.97,69519,137293356.0,7.73,1.3,1.1,3.99,6.540000000000006
2016-04-08,600774,83.42,82.77,84.42,80.72,45634,85602770.0,4.32,-3.44,-2.95,2.62,3.700000000000003
2016-04-11,600774,83.42,84.62,86.27,83.42,36201,69494018.0,3.44,2.24,1.85,2.08,2.8499999999999943
2016-04-12,600774,85.12,85.72,85.92,82.52,40370,76742981.0,4.02,1.3,1.1,2.31,3.4000000000000057
2016-04-13,600774,85.37,87.07,89.62,85.37,74550,146761883.0,4.96,1.57,1.35,4.27,4.25
2016-04-14,600774,87.37,88.47,88.82,87.37,53676,106340480.0,1.67,1.61,1.4,3.08,1.4499999999999886
2016-04-15,600774,89.07,89.62,90.02,87.82,46314,91979126.0,2.49,1.3,1.15,2.66,2.200000000000003
2016-04-18,600774,88.72,88.72,90.62,88.02,61498,122918067.0,2.9,-1.0,-0.9,3.53,2.6000000000000085
2016-04-19,600774,88.52,89.02,89.97,87.62,43111,85705714.0,2.65,0.34,0.3,2.47,2.3499999999999943
2016-04-20,600774,88.67,84.57,89.42,81.12,78641,151742011.0,9.32,-5.0,-4.45,4.51,8.299999999999997
2016-04-21,600774,82.62,84.57,85.47,82.02,40462,76843941.0,4.08,0.0,0.0,2.32,3.450000000000003
2016-04-22,600774,82.52,85.22,85.62,82.52,24258,46471847.0,3.67,0.77,0.65,1.39,3.1000000000000085
2016-04-25,600774,86.12,85.97,87.87,84.22,46804,90538444.0,4.28,0.88,0.75,2.68,3.6500000000000057
2016-04-26,600774,85.12,86.37,86.62,85.02,25841,50005826.0,1.86,0.47,0.4,1.48,1.6000000000000085
2016-04-27,600774,86.72,84.62,87.87,84.32,52379,101264776.0,4.11,-2.03,-1.75,3.0,3.5500000000000114
2016-04-28,600774,84.12,84.17,84.62,82.97,37302,70453536.0,1.95,-0.53,-0.45,2.14,1.6500000000000057
2016-04-29,600774,84.27,84.42,84.57,83.17,18652,35466491.0,1.66,0.3,0.25,1.07,1.3999999999999915
2016-05-03,600774,84.57,85.47,85.92,83.87,49584,95293993.0,2.43,1.24,1.05,2.84,2.049999999999997
2016-05-04,600774,85.57,86.37,87.47,85.02,62217,121059921.0,2.87,1.05,0.9,3.57,2.450000000000003
2016-05-05,600774,86.47,86.72,87.12,85.82,37056,72258577.0,1.51,0.41,0.35,2.12,1.3000000000000114
2016-05-06,600774,86.92,82.87,87.62,82.67,50861,97867353.0,5.71,-4.44,-3.85,2.92,4.950000000000003
2016-05-09,600774,81.02,73.83,82.57,73.53,43044,75634522.0,10.91,-10.91,-9.04,2.47,9.039999999999992
2016-05-10,600774,73.88,73.38,75.72,71.63,19634,33301894.0,5.54,-0.61,-0.45,1.13,4.090000000000003
2016-05-11,600774,74.72,72.33,74.72,72.13,19881,33350512.0,3.53,-1.43,-1.05,1.14,2.5900000000000034
2016-05-12,600774,69.88,69.98,71.63,67.03,25370,40634765.0,6.36,-3.25,-2.35,1.45,4.599999999999994
2016-05-13,600774,69.88,69.23,70.98,68.43,15303,24629760.0,3.64,-1.07,-0.75,0.88,2.549999999999997
2016-05-16,600774,69.48,71.83,72.53,67.58,28034,46083644.0,7.15,3.76,2.6,1.61,4.950000000000003
2016-05-17,600774,71.83,72.13,73.38,71.63,15045,25037497.0,2.44,0.42,0.3,0.86,1.75
2016-05-18,600774,71.68,68.68,71.68,67.13,15321,24503621.0,6.31,-4.78,-3.45,0.88,4.550000000000011
2016-05-19,600774,68.68,70.03,72.08,68.48,21067,34352861.0,5.24,1.97,1.35,1.21,3.5999999999999943
2016-05-20,600774,68.98,70.13,70.53,68.38,13134,21130600.0,3.07,0.14,0.1,0.75,2.1500000000000057
2016-05-23,600774,70.03,78.22,78.22,69.98,39995,69126724.0,11.75,11.54,8.09,2.29,8.239999999999995
2016-05-24,600774,78.07,73.73,78.12,73.38,35844,61860552.0,6.06,-5.74,-4.49,2.05,4.740000000000009
2016-05-25,600774,74.32,72.98,75.52,72.78,22383,38025127.0,3.72,-1.02,-0.75,1.28,2.739999999999995
2016-05-26,600774,72.98,72.63,73.53,70.03,23318,38471724.0,4.8,-0.48,-0.35,1.34,3.5
2016-05-27,600774,72.13,73.48,74.47,71.43,22988,38642948.0,4.19,1.17,0.85,1.32,3.039999999999992
2016-05-30,600774,73.38,71.68,73.38,71.63,24319,40358010.0,2.38,-2.45,-1.8,1.39,1.75
2016-05-31,600774,71.68,75.37,76.62,71.68,49217,84436241.0,6.89,5.15,3.69,2.82,4.939999999999998
2016-06-01,600774,75.32,75.47,76.62,75.02,30025,52113589.0,2.12,0.13,0.1,1.72,1.6000000000000085
2016-06-02,600774,75.52,84.12,84.12,74.62,158799,298415600.0,12.59,11.46,8.65,9.1,9.5
2016-06-03,600774,84.62,86.62,86.97,84.12,189712,365824000.0,3.39,2.97,2.5,10.88,2.8499999999999943
2016-06-06,600774,86.32,87.42,91.61,82.12,153814,301792144.0,10.96,0.92,0.8,8.82,9.489999999999995
2016-06-07,600774,87.17,90.27,91.86,85.17,154406,308976208.0,7.65,3.26,2.85,8.85,6.689999999999998
2016-06-08,600774,88.67,89.87,91.61,87.82,76369,153906168.0,4.2,-0.44,-0.4,4.38,3.7900000000000063
2016-06-13,600774,86.97,84.82,94.31,84.12,50033,99258166.0,11.34,-5.62,-5.05,2.87,10.189999999999998
2016-06-14,600774,84.82,90.02,92.46,84.82,172701,345172064.0,9.01,6.13,5.2,9.9,7.640000000000001
2016-06-15,600774,89.12,92.96,93.61,86.87,225196,457129648.0,7.49,3.27,2.94,12.91,6.739999999999995
2016-06-16,600774,90.62,86.32,91.56,84.37,118164,232912471.0,7.73,-7.14,-6.64,6.77,7.189999999999998
2016-06-17,600774,86.12,86.97,87.07,83.62,75065,143969989.0,4.0,0.75,0.65,4.3,3.4499999999999886
2016-06-20,600774,86.32,85.42,86.72,83.87,51156,98016154.0,3.28,-1.78,-1.55,2.93,2.8499999999999943
2016-06-21,600774,86.92,80.22,86.92,79.37,62824,118448205.0,8.84,-6.09,-5.2,3.6,7.549999999999997
2016-06-22,600774,79.07,81.37,81.57,78.72,37510,68355720.0,3.55,1.43,1.15,2.15,2.8499999999999943
2016-06-23,600774,81.32,81.67,83.97,80.02,42130,78117711.0,4.85,0.37,0.3,2.42,3.950000000000003
2016-06-24,600774,81.62,77.32,82.97,73.33,59552,106654582.0,11.8,-5.33,-4.35,3.41,9.64
2016-06-27,600774,76.37,79.62,80.07,76.37,38780,69745177.0,4.79,2.97,2.3,2.22,3.6999999999999886
2016-06-28,600774,79.32,81.22,81.82,78.72,37590,68718642.0,3.89,2.01,1.6,2.16,3.0999999999999943
2016-06-29,600774,81.82,80.42,82.52,80.32,47360,87249698.0,2.71,-0.98,-0.8,2.72,2.200000000000003
2016-06-30,600774,80.72,80.12,81.32,79.57,31541,57377281.0,2.18,-0.37,-0.3,1.81,1.75
2016-07-01,600774,80.57,79.52,80.97,78.92,30020,54419260.0,2.56,-0.75,-0.6,1.72,2.049999999999997
2016-07-04,600774,78.57,80.97,81.82,77.87,40161,73108326.0,4.97,1.82,1.45,2.3,3.9499999999999886
2016-07-05,600774,81.47,81.47,81.92,80.47,34843,64039648.0,1.79,0.62,0.5,2.0,1.4500000000000028
2016-07-06,600774,81.37,82.47,83.32,80.82,44657,83016451.0,3.07,1.23,1.0,2.56,2.5
2016-07-07,600774,82.57,81.32,82.72,79.97,42286,77945750.0,3.33,-1.39,-1.15,2.42,2.75
2016-07-08,600774,81.82,86.22,87.32,80.87,90421,172010558.0,7.93,6.03,4.9,5.18,6.449999999999989
2016-07-11,600774,86.72,84.97,87.02,83.97,62072,119373922.0,3.54,-1.45,-1.25,3.56,3.049999999999997
2016-07-12,600774,85.52,85.32,85.57,82.72,42232,80169571.0,3.35,0.41,0.35,2.42,2.8499999999999943
2016-07-13,600774,85.57,85.92,86.12,84.62,41202,79159162.0,1.76,0.7,0.6,2.36,1.5
2016-07-14,600774,85.87,84.52,85.97,83.87,33042,63114929.0,2.44,-1.63,-1.4,1.89,2.0999999999999943
2016-07-15,600774,84.67,82.82,84.67,82.17,38927,73023793.0,2.96,-2.01,-1.7,2.23,2.5
2016-07-18,600774,83.22,83.52,84.02,81.92,31594,59361986.0,2.54,0.85,0.7,1.81,2.0999999999999943
2016-07-19,600774,83.42,85.07,85.27,82.82,25242,47774070.0,2.93,1.86,1.55,1.45,2.450000000000003
2016-07-20,600774,84.67,84.52,85.57,84.22,22759,43504590.0,1.59,-0.65,-0.55,1.3,1.3499999999999943
2016-07-21,600774,84.52,84.67,86.22,84.12,27338,52477779.0,2.48,0.18,0.15,1.57,2.0999999999999943
2016-07-22,600774,84.97,82.92,85.12,82.82,21712,41085556.0,2.72,-2.07,-1.75,1.24,2.3000000000000114
2016-07-25,600774,82.77,83.92,84.32,82.32,19650,36927834.0,2.41,1.21,1.0,1.13,2.0
2016-07-26,600774,83.22,84.87,85.32,83.22,24412,46466635.0,2.5,1.13,0.95,1.4,2.0999999999999943
2016-07-27,600774,84.87,78.12,85.57,76.82,41863,76304252.0,10.31,-7.95,-6.75,2.4,8.75
2016-07-28,600774,77.27,78.87,79.22,76.12,24240,43111026.0,3.97,0.96,0.75,1.39,3.0999999999999943
2016-07-29,600774,78.87,77.62,78.92,77.37,12451,22093478.0,1.97,-1.58,-1.25,0.71,1.5499999999999972
2016-08-01,600774,77.82,76.32,78.07,75.07,15063,26146881.0,3.86,-1.67,-1.3,0.86,3.0
2016-08-02,600774,76.42,77.62,77.67,75.92,15216,26616003.0,2.29,1.7,1.3,0.87,1.75
2016-08-03,600774,77.97,78.17,78.77,76.92,16414,29116192.0,2.38,0.71,0.55,0.94,1.8499999999999943
2016-08-04,600774,77.82,78.02,78.67,77.17,15300,27083200.0,1.92,-0.19,-0.15,0.88,1.5
2016-08-05,600774,78.37,77.32,78.87,77.17,14162,25128565.0,2.18,-0.9,-0.7,0.81,1.7000000000000028
2016-08-08,600774,76.87,78.87,79.57,76.07,21487,38158225.0,4.53,2.0,1.55,1.23,3.5
2016-08-09,600774,78.67,79.27,79.82,78.42,20951,37605476.0,1.78,0.51,0.4,1.2,1.3999999999999915
2016-08-10,600774,78.72,78.67,79.77,77.67,17394,31221156.0,2.65,-0.76,-0.6,1.0,2.0999999999999943
2016-08-11,600774,78.57,77.37,79.07,77.17,15837,27978459.0,2.42,-1.65,-1.3,0.91,1.8999999999999915
2016-08-12,600774,77.17,78.02,78.07,77.12,17264,30496160.0,1.23,0.84,0.65,0.99,0.9499999999999886
2016-08-15,600774,78.32,79.72,80.17,77.87,25521,45869491.0,2.95,2.18,1.7,1.46,2.299999999999997
2016-08-16,600774,80.07,83.17,84.32,79.42,53803,100355538.0,6.15,4.33,3.45,3.08,4.8999999999999915
2016-08-17,600774,83.12,82.77,84.22,82.32,25152,47119745.0,2.28,-0.48,-0.4,1.44,1.9000000000000057
2016-08-18,600774,82.77,84.27,84.87,80.82,49962,94533463.0,4.89,1.81,1.5,2.86,4.050000000000011
2016-08-19,600774,83.82,82.97,85.07,82.77,23366,44070458.0,2.73,-1.54,-1.3,1.34,2.299999999999997
2016-08-22,600774,82.57,82.42,83.92,82.32,15140,28383921.0,1.93,-0.66,-0.55,0.87,1.6000000000000085
2016-08-23,600774,82.32,82.07,82.97,81.12,16737,31053463.0,2.24,-0.42,-0.35,0.96,1.8499999999999943
2016-08-24,600774,82.77,84.72,86.72,82.22,74161,142059305.0,5.48,3.23,2.65,4.25,4.5
2016-08-25,600774,83.72,81.02,84.32,79.32,46043,84297459.0,5.9,-4.37,-3.7,2.64,5.0
2016-08-26,600774,80.82,80.82,82.17,80.52,21063,38802615.0,2.04,-0.25,-0.2,1.21,1.6500000000000057
2016-08-29,600774,80.82,83.27,83.97,80.07,27872,51997020.0,4.83,3.03,2.45,1.6,3.9000000000000057
2016-08-30,600774,83.57,85.12,85.47,83.02,49483,94434588.0,2.94,2.22,1.85,2.84,2.450000000000003
2016-08-31,600774,85.12,87.82,88.52,83.82,72614,140923738.0,5.52,3.17,2.7,4.16,4.700000000000003
2016-09-01,600774,88.82,85.47,88.82,85.22,52200,101363230.0,4.1,-2.68,-2.35,2.99,3.5999999999999943
2016-09-02,600774,84.32,85.42,86.47,83.07,36109,68668866.0,3.98,-0.06,-0.05,2.07,3.4000000000000057
2016-09-05,600774,85.37,85.82,86.27,84.77,30714,59105576.0,1.76,0.47,0.4,1.76,1.5
2016-09-06,600774,85.82,86.07,86.72,83.82,21214,40988188.0,3.38,0.29,0.25,1.22,2.9000000000000057
2016-09-07,600774,86.07,88.27,94.21,86.07,94364,190294259.0,9.46,2.56,2.2,5.41,8.14
2016-09-08,600774,88.17,93.56,93.66,88.12,128951,264953993.0,6.28,5.99,5.29,7.39,5.539999999999992
2016-09-09,600774,92.81,93.46,95.81,90.32,166860,348973808.0,5.87,-0.11,-0.1,9.57,5.490000000000009
2016-09-12,600774,86.82,94.51,95.31,86.07,116832,237420579.0,9.89,1.12,1.05,6.7,9.240000000000009
2016-09-13,600774,93.31,89.02,94.81,88.32,128963,265249297.0,6.87,-5.81,-5.49,7.39,6.490000000000009
2016-09-14,600774,89.27,84.67,89.82,83.72,95018,184165369.0,6.85,-4.89,-4.35,5.45,6.099999999999994
2016-09-19,600774,84.92,84.37,86.32,83.67,48778,93014135.0,3.13,-0.35,-0.3,2.8,2.6499999999999915
2016-09-20,600774,84.37,85.02,85.82,84.02,35120,67090965.0,2.13,0.77,0.65,2.01,1.7999999999999972
2016-09-21,600774,84.87,85.77,87.32,84.87,40743,78918957.0,2.88,0.88,0.75,2.34,2.4499999999999886
2016-09-22,600774,86.12,86.72,88.07,85.37,45991,89349531.0,3.15,1.11,0.95,2.64,2.6999999999999886
2016-09-23,600774,86.82,85.27,87.72,85.07,32797,63590043.0,3.06,-1.67,-1.45,1.88,2.6500000000000057
2016-09-26,600774,84.67,83.37,85.82,82.37,31918,60673683.0,4.05,-2.23,-1.9,1.83,3.4499999999999886
2016-09-27,600774,83.17,83.67,83.82,82.17,21937,41115747.0,1.98,0.36,0.3,1.26,1.6499999999999915
2016-09-28,600774,83.82,83.22,84.17,83.07,15558,29331063.0,1.31,-0.54,-0.45,0.89,1.1000000000000085
2016-09-29,600774,83.22,82.87,83.72,82.77,26547,49831142.0,1.14,-0.42,-0.35,1.52,0.9500000000000028
2016-09-30,600774,81.87,82.22,82.82,81.22,29206,54072584.0,1.93,-0.78,-0.65,1.67,1.5999999999999943
2016-10-10,600774,82.97,84.67,84.72,82.57,27530,52085754.0,2.61,2.98,2.45,1.58,2.1500000000000057
2016-10-11,600774,84.57,84.87,85.57,84.12,25011,47771272.0,1.71,0.24,0.2,1.43,1.4499999999999886
2016-10-12,600774,84.67,87.17,87.47,84.37,41431,80270120.0,3.65,2.71,2.3,2.38,3.0999999999999943
2016-10-13,600774,86.62,86.57,87.52,86.07,22096,42977097.0,1.66,-0.69,-0.6,1.27,1.4500000000000028
2016-10-14,600774,86.22,85.72,87.32,84.92,25168,48604839.0,2.77,-0.98,-0.85,1.44,2.3999999999999915
2016-10-17,600774,85.52,84.77,87.32,84.62,25647,49698893.0,3.15,-1.11,-0.95,1.47,2.6999999999999886
2016-10-18,600774,84.77,86.57,86.82,84.77,20624,39820699.0,2.42,2.12,1.8,1.18,2.049999999999997
2016-10-19,600774,86.77,87.52,88.07,85.72,29523,57793486.0,2.71,1.1,0.95,1.69,2.3499999999999943
2016-10-20,600774,87.72,87.07,88.02,86.82,20953,41116297.0,1.37,-0.51,-0.45,1.2,1.2000000000000028
2016-10-21,600774,87.22,86.22,87.47,84.72,17583,33961764.0,3.16,-0.98,-0.85,1.01,2.75
2016-10-24,600774,86.52,88.32,89.12,85.42,26622,52173613.0,4.29,2.44,2.1,1.53,3.700000000000003
2016-10-25,600774,88.32,87.57,88.37,87.27,15255,30004053.0,1.25,-0.85,-0.75,0.87,1.1000000000000085
2016-10-26,600774,87.62,87.32,88.37,86.82,17045,33455242.0,1.77,-0.29,-0.25,0.98,1.5500000000000114
2016-10-27,600774,87.32,86.47,88.12,86.12,17862,34818740.0,2.29,-0.97,-0.85,1.02,2.0
2016-10-28,600774,86.62,85.17,87.42,84.82,16984,33026116.0,3.01,-1.5,-1.3,0.97,2.6000000000000085
2016-10-31,600774,85.32,85.37,85.82,84.42,17052,32682599.0,1.64,0.23,0.2,0.98,1.3999999999999915
2016-11-01,600774,85.52,88.32,89.02,85.22,39957,78708897.0,4.45,3.46,2.95,2.29,3.799999999999997
2016-11-02,600774,88.77,86.92,88.77,86.32,39823,78578158.0,2.77,-1.59,-1.4,2.28,2.450000000000003
2016-11-03,600774,87.32,87.87,88.92,85.82,29764,58478480.0,3.57,1.09,0.95,1.71,3.1000000000000085
2016-11-04,600774,88.32,87.77,88.62,87.32,18533,36558656.0,1.48,-0.11,-0.1,1.06,1.3000000000000114
2016-11-07,600774,87.87,89.67,90.37,87.77,35607,71173523.0,2.96,2.16,1.9,2.04,2.6000000000000085
2016-11-08,600774,90.07,88.82,91.06,88.47,30682,61296144.0,2.89,-0.95,-0.85,1.76,2.5900000000000034
2016-11-09,600774,89.07,88.12,89.57,86.87,28311,56078722.0,3.04,-0.79,-0.7,1.62,2.6999999999999886
2016-11-10,600774,88.77,89.67,89.97,88.62,29421,58849273.0,1.53,1.76,1.55,1.69,1.3499999999999943
2016-11-11,600774,89.82,91.21,91.31,89.12,32491,65581784.0,2.44,1.72,1.54,1.86,2.1899999999999977
2016-11-14,600774,91.21,91.46,92.41,89.87,28342,57675402.0,2.78,0.27,0.25,1.62,2.539999999999992
2016-11-15,600774,91.56,92.21,92.41,89.92,25789,52491378.0,2.72,0.82,0.75,1.48,2.489999999999995
2016-11-16,600774,92.31,91.81,92.86,91.21,22367,46034643.0,1.79,-0.43,-0.4,1.28,1.6500000000000057
2016-11-17,600774,91.71,91.96,92.36,90.32,16758,34228419.0,2.22,0.16,0.15,0.96,2.0400000000000063
2016-11-18,600774,91.96,92.71,94.26,91.31,31175,64824481.0,3.21,0.82,0.75,1.79,2.950000000000003
2016-11-21,600774,91.61,94.81,95.81,91.61,45618,95986052.0,4.53,2.27,2.1,2.62,4.200000000000003
2016-11-22,600774,94.51,105.36,105.36,94.51,50128,113293747.0,11.44,11.13,10.55,2.87,10.849999999999994
2016-11-23,600774,108.95,104.46,114.15,102.06,158118,378449264.0,11.47,-0.85,-0.9,9.06,12.090000000000003
2016-11-24,600774,103.91,106.56,112.2,103.91,121411,287885392.0,7.94,2.01,2.1,6.96,8.290000000000006
2016-11-25,600774,104.01,107.6,116.3,103.81,104197,249605102.0,11.72,0.98,1.04,5.97,12.489999999999995
2016-11-28,600774,107.6,100.71,108.65,99.31,84097,190717573.0,8.68,-6.4,-6.89,4.82,9.340000000000003
2016-11-29,600774,100.86,95.11,102.71,94.71,79841,173505854.0,7.94,-5.56,-5.6,4.58,8.0
2016-11-30,600774,96.21,92.81,96.81,91.11,62834,130287207.0,5.99,-2.42,-2.3,3.6,5.700000000000003
2016-12-01,600774,93.56,93.31,94.01,91.71,52008,107727600.0,2.48,0.54,0.5,2.98,2.3000000000000114
2016-12-02,600774,92.91,90.52,93.71,89.82,38431,78375580.0,4.17,-2.99,-2.79,2.2,3.8900000000000006
2016-12-05,600774,89.97,93.11,93.66,89.47,50294,103646735.0,4.63,2.86,2.59,2.88,4.189999999999998
2016-12-06,600774,92.31,93.91,94.46,92.31,49941,103844428.0,2.31,0.86,0.8,2.86,2.1499999999999915
2016-12-07,600774,94.16,94.76,96.01,93.06,53311,112092017.0,3.14,0.91,0.85,3.06,2.950000000000003
2016-12-08,600774,94.61,92.41,95.21,91.91,44301,92311686.0,3.48,-2.48,-2.35,2.54,3.299999999999997
2016-12-09,600774,92.31,95.86,96.06,90.81,69144,145624454.0,5.68,3.73,3.45,3.96,5.25
2016-12-12,600774,95.91,85.32,96.06,85.22,58151,117386971.0,11.31,-11.0,-10.54,3.33,10.840000000000003
2016-12-13,600774,83.57,82.57,84.32,79.82,37074,69330552.0,5.27,-3.22,-2.75,2.13,4.5
2016-12-14,600774,82.32,84.77,85.42,80.82,37929,71687760.0,5.57,2.66,2.2,2.17,4.6000000000000085
2016-12-15,600774,84.12,87.72,89.27,83.42,38637,75669119.0,6.9,3.48,2.95,2.22,5.849999999999994
2016-12-16,600774,87.57,97.56,97.56,87.32,109669,231962061.0,11.67,11.22,9.84,6.29,10.240000000000009
2016-12-19,600774,97.56,102.16,108.4,94.31,122633,270399024.0,14.44,4.72,4.6,7.03,14.090000000000003
2016-12-20,600774,99.06,95.81,101.81,94.36,98561,218109032.0,7.29,-6.22,-6.35,5.65,7.450000000000003
2016-12-21,600774,96.06,97.31,99.16,94.96,55504,119959290.0,4.38,1.57,1.5,3.18,4.200000000000003
2016-12-22,600774,98.66,98.21,101.56,95.81,89683,197457045.0,5.91,0.92,0.9,5.14,5.75
2016-12-23,600774,97.06,93.96,97.91,93.31,38408,81090288.0,4.68,-4.33,-4.25,2.2,4.599999999999994
2016-12-26,600774,93.06,93.61,93.96,88.82,25827,53036370.0,5.47,-0.37,-0.35,1.48,5.140000000000001
2016-12-27,600774,93.61,99.56,104.06,93.61,127307,283172880.0,11.16,6.36,5.95,7.3,10.450000000000003
2016-12-28,600774,97.96,99.16,101.61,96.61,104207,228778061.0,5.02,-0.4,-0.4,5.97,5.0
2016-12-29,600774,98.06,95.26,99.16,94.91,53322,114802556.0,4.29,-3.93,-3.9,3.06,4.25
2016-12-30,600774,95.16,102.06,104.91,95.16,120561,269657456.0,10.24,7.14,6.8,6.91,9.75
2017-01-03,600774,101.81,104.46,106.71,100.71,91438,208152701.0,5.88,2.35,2.4,5.24,6.0
2017-01-04,600774,103.16,103.41,105.26,102.06,62000,141425715.0,3.06,-1.01,-1.05,3.55,3.200000000000003
2017-01-05,600774,102.86,108.65,108.8,101.36,99303,230991386.0,7.19,5.07,5.24,5.69,7.439999999999998
2017-01-06,600774,108.65,104.66,108.65,104.31,54121,126812769.0,3.99,-3.67,-3.99,3.1,4.340000000000003
2017-01-09,600774,104.66,103.81,104.81,101.81,39764,90565196.0,2.87,-0.81,-0.85,2.28,3.0
2017-01-10,600774,103.91,107.35,109.05,102.76,66723,156554640.0,6.06,3.41,3.54,3.83,6.289999999999992
2017-01-11,600774,106.26,100.61,106.26,100.31,48914,111219649.0,5.54,-6.28,-6.74,2.8,5.950000000000003
2017-01-12,600774,99.86,98.41,102.36,97.86,31658,70296036.0,4.47,-2.19,-2.2,1.81,4.5
2017-01-13,600774,99.31,95.51,100.41,95.16,27896,59949878.0,5.33,-2.95,-2.9,1.6,5.25
2017-01-16,600774,94.41,90.81,96.81,85.07,35412,72610708.0,12.29,-4.92,-4.7,2.03,11.740000000000009
2017-01-17,600774,90.07,91.21,92.76,88.87,32280,65430794.0,4.28,0.44,0.4,1.85,3.8900000000000006
2017-01-18,600774,91.51,88.32,91.81,88.12,31386,63340072.0,4.05,-3.17,-2.89,1.8,3.6899999999999977
2017-01-19,600774,87.82,89.82,90.02,85.42,27243,53811453.0,5.21,1.7,1.5,1.56,4.599999999999994
2017-01-20,600774,88.92,91.11,91.81,88.12,26750,54424081.0,4.11,1.44,1.29,1.53,3.6899999999999977
2017-01-23,600774,91.16,91.61,92.11,90.37,19537,39787969.0,1.91,0.55,0.5,1.12,1.7399999999999949
2017-01-24,600774,91.61,89.97,92.66,89.37,16433,33241313.0,3.59,-1.79,-1.64,0.94,3.289999999999992
2017-01-25,600774,89.32,91.61,92.01,87.92,29529,59437454.0,4.55,1.82,1.64,1.69,4.090000000000003
2017-01-26,600774,93.81,94.76,96.11,91.11,42279,88778076.0,5.46,3.44,3.15,2.42,5.0
2017-02-03,600774,96.31,99.46,99.56,94.86,54655,118376416.0,4.96,4.96,4.7,3.13,4.700000000000003
2017-02-06,600774,103.81,101.71,105.21,100.31,89791,204930692.0,4.93,2.26,2.25,5.15,4.8999999999999915
2017-02-07,600774,103.31,105.01,105.21,100.31,87963,199806177.0,4.82,3.24,3.3,5.04,4.8999999999999915
2017-02-08,600774,104.31,102.46,104.76,101.21,66383,150843940.0,3.38,-2.43,-2.55,3.81,3.5500000000000114
2017-02-09,600774,102.31,101.01,103.11,99.36,65042,145527218.0,3.66,-1.42,-1.45,3.73,3.75
2017-02-10,600774,101.01,103.61,104.81,101.01,74055,169003350.0,3.76,2.57,2.6,4.25,3.799999999999997
2017-02-13,600774,103.56,103.31,104.81,101.81,59207,135186213.0,2.9,-0.29,-0.3,3.39,3.0
2017-02-14,600774,104.46,103.46,105.36,102.96,60877,139820710.0,2.32,0.15,0.15,3.49,2.4000000000000057
2017-02-15,600774,103.31,101.21,104.31,99.96,52456,117964413.0,4.2,-2.17,-2.25,3.01,4.3500000000000085
2017-02-16,600774,101.81,102.16,102.71,99.61,40894,91742353.0,3.06,0.94,0.95,2.34,3.0999999999999943
2017-02-17,600774,101.26,101.81,102.56,97.41,51868,115746275.0,5.04,-0.34,-0.35,2.97,5.150000000000006
2017-02-20,600774,100.66,105.81,107.5,100.61,83574,192597982.0,6.77,3.93,4.0,4.79,6.890000000000001
2017-02-21,600774,106.46,106.11,107.3,104.46,65137,152230995.0,2.68,0.28,0.3,3.73,2.8400000000000034
2017-02-22,600774,105.91,106.16,107.11,104.96,51397,120330352.0,2.03,0.05,0.05,2.95,2.1500000000000057
2017-02-23,600774,106.41,104.41,107.06,104.11,33807,78594976.0,2.78,-1.65,-1.75,1.94,2.950000000000003
2017-02-24,600774,103.91,105.91,106.06,101.66,39143,89448344.0,4.21,1.44,1.5,2.24,4.400000000000006
2017-02-27,600774,106.76,103.26,106.91,103.06,36324,84420302.0,3.64,-2.5,-2.65,2.08,3.8499999999999943
2017-02-28,600774,104.26,104.51,104.61,101.61,45276,103258924.0,2.91,1.21,1.25,2.6,3.0
2017-03-01,600774,104.31,107.16,108.3,103.41,68270,160221982.0,4.68,2.54,2.65,3.91,4.890000000000001
2017-03-02,600774,106.81,102.76,108.3,102.31,46106,107698098.0,5.59,-4.11,-4.4,2.64,5.989999999999995
2017-03-03,600774,102.51,99.86,103.76,99.71,53080,118937647.0,3.94,-2.82,-2.9,3.04,4.050000000000011
2017-03-06,600774,99.41,100.51,102.51,98.66,42512,94154230.0,3.86,0.65,0.65,2.44,3.8500000000000085
2017-03-07,600774,100.11,100.26,101.66,99.46,36103,80335524.0,2.19,-0.25,-0.25,2.07,2.200000000000003
2017-03-08,600774,99.86,95.81,101.21,95.26,63003,136322559.0,5.93,-4.44,-4.45,3.61,5.949999999999989
2017-03-09,600774,95.71,102.91,105.51,94.46,99663,221315977.0,11.53,7.41,7.1,5.71,11.050000000000011
2017-03-10,600774,104.81,103.51,105.66,102.26,75693,173207867.0,3.3,0.58,0.6,4.34,3.3999999999999915
2017-03-13,600774,103.56,107.35,108.3,102.56,96128,223824085.0,5.55,3.71,3.84,5.51,5.739999999999995
2017-03-14,600774,107.3,105.46,108.95,104.11,77622,181422253.0,4.51,-1.76,-1.89,4.45,4.840000000000003
2017-03-15,600774,105.06,104.61,106.56,104.31,49784,115775066.0,2.13,-0.81,-0.85,2.85,2.25
2017-03-16,600774,104.51,105.36,106.01,103.41,44017,101631655.0,2.49,0.72,0.75,2.52,2.6000000000000085
2017-03-17,600774,105.31,102.91,105.31,101.96,38256,87755240.0,3.18,-2.33,-2.45,2.19,3.3500000000000085
2017-03-20,600774,102.31,101.66,103.01,99.36,29275,65510316.0,3.55,-1.21,-1.25,1.68,3.6500000000000057
2017-03-21,600774,101.56,108.8,109.05,101.06,92407,215930235.0,7.86,7.02,7.14,5.3,7.989999999999995
2017-03-22,600774,108.3,107.55,108.4,105.66,56419,132920564.0,2.52,-1.15,-1.25,3.23,2.740000000000009
2017-03-23,600774,107.25,108.6,112.4,106.36,107553,258700665.0,5.62,0.98,1.05,6.17,6.040000000000006
2017-03-24,600774,107.8,109.6,112.7,106.96,74575,180050870.0,5.29,0.92,1.0,4.28,5.740000000000009
2017-03-27,600774,109.35,108.55,110.4,107.45,42027,100312256.0,2.69,-0.96,-1.05,2.41,2.950000000000003
2017-03-28,600774,107.85,107.9,109.55,106.31,32538,77099412.0,2.98,-0.6,-0.65,1.87,3.239999999999995
2017-03-29,600774,108.4,102.16,108.8,101.71,60386,138937952.0,6.57,-5.32,-5.74,3.46,7.090000000000003
2017-03-30,600774,101.31,96.86,102.56,96.61,54985,120549379.0,5.82,-5.19,-5.3,3.15,5.950000000000003
2017-03-31,600774,96.31,94.31,98.31,93.61,45327,96542230.0,4.85,-2.63,-2.55,2.6,4.700000000000003
2017-04-05,600774,94.81,96.86,97.81,94.81,32190,69078109.0,3.18,2.7,2.55,1.85,3.0
2017-04-06,600774,97.51,95.51,97.51,94.56,50388,106982890.0,3.05,-1.39,-1.35,2.89,2.950000000000003
2017-04-07,600774,95.11,95.46,96.76,94.41,28245,60079371.0,2.46,-0.05,-0.05,1.62,2.3500000000000085
2017-04-10,600774,94.86,91.91,95.66,91.81,37679,78570664.0,4.03,-3.72,-3.55,2.16,3.8499999999999943
2017-04-11,600774,91.31,94.16,94.41,89.82,32774,67402639.0,4.99,2.45,2.25,1.88,4.590000000000003
2017-04-12,600774,92.91,93.51,95.16,92.91,19608,41106360.0,2.39,-0.69,-0.65,1.12,2.25
2017-04-13,600774,93.51,93.66,95.01,93.31,14844,31109564.0,1.82,0.16,0.15,0.85,1.7000000000000028
2017-04-14,600774,94.16,90.86,94.16,90.07,20653,42393448.0,4.37,-2.99,-2.8,1.18,4.090000000000003
2017-04-17,600774,90.17,86.17,90.17,85.32,29915,59000051.0,5.34,-5.16,-4.69,1.72,4.8500000000000085
2017-04-18,600774,87.37,83.77,87.37,83.57,34033,65121155.0,4.41,-2.79,-2.4,1.95,3.8000000000000114
2017-04-19,600774,81.82,82.77,83.32,80.02,32876,60640943.0,3.94,-1.19,-1.0,1.88,3.299999999999997
2017-04-20,600774,83.07,84.82,85.12,82.17,20445,38458429.0,3.56,2.48,2.05,1.17,2.950000000000003
2017-04-21,600774,85.22,84.67,86.82,84.37,19509,37546380.0,2.89,-0.18,-0.15,1.12,2.4499999999999886
2017-04-24,600774,83.82,76.12,84.27,75.12,31727,57416441.0,10.81,-10.1,-8.55,1.82,9.149999999999991
2017-04-25,600774,76.12,76.92,77.82,76.02,16782,29383171.0,2.36,1.05,0.8,0.96,1.7999999999999972
2017-04-26,600774,77.22,77.57,78.07,76.62,10771,18997890.0,1.89,0.85,0.65,0.62,1.4499999999999886
2017-04-27,600774,77.92,80.12,81.82,72.33,23908,41991326.0,12.23,3.29,2.55,1.37,9.489999999999995
2017-04-28,600774,79.32,80.07,81.57,78.67,11027,20089479.0,3.62,-0.06,-0.05,0.63,2.8999999999999915
2017-05-02,600774,81.07,78.77,81.07,78.32,14887,26838011.0,3.43,-1.62,-1.3,0.85,2.75
2017-05-03,600774,78.77,79.87,80.37,78.12,12850,23169146.0,2.86,1.4,1.1,0.74,2.25
2017-05-04,600774,79.77,78.57,80.27,78.32,13071,23474619.0,2.44,-1.63,-1.3,0.75,1.9500000000000028
2017-05-05,600774,78.52,76.62,79.07,76.37,13057,23074454.0,3.44,-2.48,-1.95,0.75,2.6999999999999886
2017-05-08,600774,77.37,74.32,77.37,74.27,12769,21915358.0,4.05,-3.0,-2.3,0.73,3.1000000000000085
2017-05-09,600774,73.78,76.17,76.22,73.78,13150,22567212.0,3.28,2.49,1.85,0.75,2.4399999999999977
2017-05-10,600774,76.52,74.42,77.47,74.37,12916,22380358.0,4.07,-2.3,-1.75,0.74,3.0999999999999943
2017-05-11,600774,73.78,72.53,74.72,69.33,16935,28054279.0,7.24,-2.54,-1.89,0.97,5.390000000000001
2017-05-12,600774,72.83,72.98,74.22,71.83,12953,21743447.0,3.3,0.62,0.45,0.74,2.3900000000000006
2017-05-15,600774,73.03,72.48,73.98,71.83,7856,13153511.0,2.95,-0.69,-0.5,0.45,2.1500000000000057
2017-05-16,600774,72.93,74.12,74.17,70.88,13755,22866496.0,4.54,2.26,1.64,0.79,3.2900000000000063
2017-05-17,600774,74.12,74.87,75.97,73.58,15909,27230287.0,3.22,1.01,0.75,0.91,2.3900000000000006
2017-05-18,600774,74.62,73.48,74.92,73.33,10380,17588650.0,2.12,-1.86,-1.39,0.6,1.5900000000000034
2017-05-19,600774,73.28,74.12,74.87,73.23,10275,17403845.0,2.23,0.87,0.64,0.59,1.6400000000000006
2017-05-22,600774,74.72,71.13,75.07,70.33,17985,29932542.0,6.4,-4.03,-2.99,1.03,4.739999999999995
2017-05-23,600774,70.88,66.63,71.58,66.43,22718,35861754.0,7.24,-6.33,-4.5,1.3,5.1499999999999915
2017-05-24,600774,66.63,70.33,70.48,65.93,26849,42612341.0,6.83,5.55,3.7,1.54,4.549999999999997
2017-05-25,600774,69.58,70.73,71.83,69.38,12547,20349937.0,3.48,0.57,0.4,0.72,2.450000000000003
2017-05-26,600774,71.78,70.53,71.78,70.18,7544,12265220.0,2.26,-0.28,-0.2,0.43,1.5999999999999943
2017-05-31,600774,70.83,73.53,73.73,70.78,18351,30566028.0,4.18,4.25,3.0,1.05,2.950000000000003
2017-06-01,600774,73.73,69.33,74.07,69.33,15832,25952263.0,6.45,-5.71,-4.2,0.91,4.739999999999995
2017-06-02,600774,69.33,69.68,70.33,66.88,12861,20280837.0,4.98,0.5,0.35,0.74,3.450000000000003
2017-06-05,600774,69.98,69.78,70.58,69.33,9058,14593608.0,1.79,0.14,0.1,0.52,1.25
2017-06-06,600774,68.38,69.48,69.88,68.38,6645,10625216.0,2.15,-0.43,-0.3,0.38,1.5
2017-06-07,600774,69.33,71.08,71.58,68.93,15085,24602830.0,3.81,2.3,1.6,0.86,2.6499999999999915
2017-06-08,600774,71.58,71.43,72.03,70.73,11387,18673655.0,1.83,0.49,0.35,0.65,1.2999999999999972
2017-06-09,600774,71.53,71.38,71.73,69.93,12485,20328985.0,2.52,-0.07,-0.05,0.72,1.7999999999999972
2017-06-12,600774,70.98,68.43,70.98,68.33,15138,24188050.0,3.71,-4.13,-2.95,0.87,2.6500000000000057
2017-06-13,600774,68.58,69.98,70.33,68.58,9710,15632413.0,2.56,2.27,1.55,0.56,1.75
2017-06-14,600774,70.03,74.17,77.72,69.93,33802,56697886.0,11.13,5.99,4.19,1.94,7.789999999999992
2017-06-15,600774,74.02,73.78,75.47,73.13,18492,31438981.0,3.15,-0.53,-0.39,1.06,2.3400000000000034
2017-06-16,600774,73.83,74.42,76.57,73.83,16285,27918857.0,3.71,0.87,0.64,0.93,2.739999999999995
2017-06-19,600774,75.82,75.47,75.82,73.88,17268,29604197.0,2.61,1.41,1.05,0.99,1.9399999999999977
2017-06-20,600774,74.67,74.62,75.47,74.47,9227,15805923.0,1.33,-1.13,-0.85,0.53,1.0
2017-06-21,600774,75.27,75.12,75.37,73.58,10374,17644527.0,2.4,0.67,0.5,0.59,1.7900000000000063
2017-06-22,600774,75.12,72.93,75.52,72.78,13463,22791076.0,3.65,-2.92,-2.19,0.77,2.739999999999995
2017-06-23,600774,72.13,74.22,74.52,72.08,12821,21550995.0,3.35,1.77,1.29,0.74,2.4399999999999977
2017-06-26,600774,74.07,74.17,74.82,73.48,12658,21420139.0,1.81,-0.07,-0.05,0.73,1.3399999999999892
2017-06-27,600774,74.07,73.88,74.07,72.53,15225,25514095.0,2.08,-0.39,-0.29,0.87,1.539999999999992
2017-06-28,600774,72.88,72.23,73.48,72.08,9644,16000544.0,1.89,-2.23,-1.65,0.55,1.4000000000000057
2017-06-29,600774,72.23,73.18,74.27,72.23,12625,21203621.0,2.82,1.32,0.95,0.72,2.039999999999992
2017-06-30,600774,73.18,73.48,74.07,72.33,7947,13319001.0,2.38,0.41,0.3,0.46,1.7399999999999949
2017-07-03,600774,74.37,74.97,75.52,74.27,13548,23174376.0,1.7,2.03,1.49,0.78,1.25
2017-07-04,600774,75.02,74.42,75.12,73.98,9301,15798433.0,1.52,-0.73,-0.55,0.53,1.1400000000000006
2017-07-05,600774,74.07,74.42,74.87,73.53,7604,12888980.0,1.8,0.0,0.0,0.44,1.3400000000000034
2017-07-06,600774,74.47,73.88,74.52,73.53,8069,13620768.0,1.33,-0.73,-0.54,0.46,0.9899999999999949
2017-07-07,600774,73.58,73.68,74.02,72.88,7727,12966526.0,1.54,-0.27,-0.2,0.44,1.1400000000000006
2017-07-10,600774,73.53,74.22,74.22,73.03,12769,21484941.0,1.62,0.73,0.54,0.73,1.1899999999999977
2017-07-11,600774,74.37,78.02,79.02,74.12,44870,78011603.0,6.6,5.12,3.8,2.57,4.8999999999999915
2017-07-12,600774,77.02,76.12,77.02,75.27,26915,46599591.0,2.24,-2.44,-1.9,1.54,1.75
2017-07-13,600774,76.02,75.42,76.12,75.07,12684,21810423.0,1.38,-0.92,-0.7,0.73,1.0500000000000114
2017-07-14,600774,75.47,75.97,76.27,74.72,10553,18170597.0,2.06,0.73,0.55,0.61,1.5499999999999972
2017-07-17,600774,76.37,70.38,76.42,67.33,19542,32402571.0,11.97,-7.36,-5.59,1.12,9.090000000000003
2017-07-18,600774,69.23,69.98,71.83,69.23,10672,17243790.0,3.69,-0.57,-0.4,0.61,2.5999999999999943
2017-07-19,600774,70.53,72.23,72.53,68.53,12304,20026325.0,5.72,3.22,2.25,0.71,4.0
2017-07-20,600774,71.53,71.53,72.98,71.13,7849,12950810.0,2.56,-0.97,-0.7,0.45,1.8500000000000085
2017-07-21,600774,71.08,70.83,71.63,69.53,10433,16917787.0,2.94,-0.98,-0.7,0.6,2.0999999999999943
2017-07-24,600774,70.13,71.08,71.53,69.63,7114,11515128.0,2.68,0.35,0.25,0.41,1.9000000000000057
2017-07-25,600774,71.08,70.98,71.43,69.68,6157,9967295.0,2.46,-0.14,-0.1,0.35,1.75
2017-07-26,600774,70.28,70.63,71.23,70.08,5988,9694591.0,1.62,-0.49,-0.35,0.34,1.1500000000000057
2017-07-27,600774,70.63,72.03,72.53,70.13,8740,14273700.0,3.4,1.98,1.4,0.5,2.4000000000000057
2017-07-28,600774,72.18,72.18,72.53,71.48,7460,12306390.0,1.46,0.21,0.15,0.43,1.0499999999999972
2017-07-31,600774,72.08,72.63,72.98,71.53,6779,11234361.0,2.01,0.62,0.45,0.39,1.4500000000000028
2017-08-01,600774,72.68,72.48,72.83,71.83,6659,11006345.0,1.38,-0.21,-0.15,0.38,1.0
2017-08-02,600774,72.63,69.73,72.63,69.03,18766,30258244.0,4.97,-3.79,-2.75,1.08,3.5999999999999943
2017-08-03,600774,69.78,69.88,70.38,68.93,8509,13671314.0,2.08,0.22,0.15,0.49,1.4499999999999886
2017-08-04,600774,69.73,69.58,70.53,69.08,11154,17900297.0,2.07,-0.43,-0.3,0.64,1.4500000000000028
2017-08-07,600774,69.53,70.78,71.68,68.78,7146,11593836.0,4.17,1.72,1.2,0.41,2.9000000000000057
2017-08-08,600774,70.58,70.73,71.28,70.03,4960,8037339.0,1.77,-0.07,-0.05,0.28,1.25
2017-08-09,600774,70.73,70.83,71.08,70.08,5072,8234199.0,1.41,0.14,0.1,0.29,1.0
2017-08-10,600774,71.23,69.78,71.23,69.53,7831,12598425.0,2.4,-1.48,-1.05,0.45,1.7000000000000028
2017-08-11,600774,69.03,69.48,70.23,69.03,5916,9481306.0,1.72,-0.43,-0.3,0.34,1.2000000000000028
2017-08-14,600774,69.53,70.88,70.98,69.48,5275,8554833.0,2.16,2.01,1.4,0.3,1.5
2017-08-15,600774,70.88,71.28,71.78,70.38,6769,11056351.0,1.98,0.56,0.4,0.39,1.4000000000000057
2017-08-16,600774,72.08,72.13,72.43,70.68,8628,14199832.0,2.46,1.19,0.85,0.49,1.75
2017-08-17,600774,72.18,73.13,73.68,72.18,9149,15278845.0,2.08,1.39,1.0,0.52,1.5
2017-08-18,600774,72.13,72.93,74.17,71.78,8684,14533580.0,3.27,-0.27,-0.2,0.5,2.3900000000000006
2017-08-21,600774,73.38,75.07,75.47,72.53,12176,20663693.0,4.03,2.93,2.14,0.7,2.9399999999999977
2017-08-22,600774,75.52,73.98,75.77,73.93,7966,13507192.0,2.45,-1.45,-1.09,0.46,1.8399999999999892
2017-08-23,600774,74.47,76.72,78.87,73.63,19520,33866745.0,7.08,3.7,2.74,1.12,5.240000000000009
2017-08-24,600774,76.67,74.07,76.67,68.03,14185,24172935.0,11.26,-3.45,-2.65,0.81,8.64
2017-08-25,600774,73.78,74.42,75.22,73.68,6139,10433387.0,2.08,0.47,0.35,0.35,1.539999999999992
2017-08-28,600774,74.52,75.97,76.42,74.52,11723,20205545.0,2.55,2.08,1.55,0.67,1.9000000000000057
2017-08-29,600774,76.02,75.37,76.77,75.27,9271,16090689.0,1.97,-0.79,-0.6,0.53,1.5
2017-08-30,600774,76.22,76.82,77.32,75.07,10098,17612227.0,2.99,1.92,1.45,0.58,2.25
2017-08-31,600774,76.82,77.92,78.52,76.72,10002,17656411.0,2.34,1.43,1.1,0.57,1.7999999999999972
2017-09-01,600774,78.52,78.17,78.52,76.52,6919,12204989.0,2.57,0.32,0.25,0.4,2.0
2017-09-04,600774,78.17,80.52,81.32,77.07,16910,30444849.0,5.44,3.01,2.35,0.97,4.25
2017-09-05,600774,80.52,82.37,82.77,80.42,20316,37560877.0,2.92,2.3,1.85,1.16,2.3499999999999943
2017-09-06,600774,82.02,81.32,82.02,80.57,8135,14919621.0,1.76,-1.27,-1.05,0.47,1.4500000000000028
2017-09-07,600774,81.27,81.17,82.62,80.42,8210,15095411.0,2.71,-0.18,-0.15,0.47,2.200000000000003
2017-09-08,600774,81.97,81.97,83.22,80.42,7883,14584591.0,3.45,0.99,0.8,0.45,2.799999999999997
2017-09-11,600774,81.12,80.02,82.72,79.77,8848,16105139.0,3.6,-2.38,-1.95,0.51,2.950000000000003
2017-09-12,600774,80.77,79.97,80.92,79.02,8866,16069703.0,2.37,-0.06,-0.05,0.51,1.9000000000000057
2017-10-09,600774,89.02,89.02,89.02,89.02,3859,7679947.0,0.0,11.32,9.05,0.22,0.0
2017-10-10,600774,98.51,93.66,98.51,89.52,52996,110995953.0,10.1,5.21,4.64,3.04,8.990000000000009
2017-10-11,600774,91.46,90.91,93.81,90.17,24689,50361536.0,3.89,-2.94,-2.75,1.42,3.6400000000000006
2017-10-12,600774,90.91,89.97,91.91,89.52,14500,29210004.0,2.63,-1.03,-0.94,0.83,2.3900000000000006
2017-10-13,600774,89.62,90.57,90.66,89.02,11670,23401668.0,1.82,0.67,0.6,0.67,1.6400000000000006
2017-10-16,600774,90.76,89.17,91.01,89.07,12521,25118984.0,2.14,-1.55,-1.4,0.72,1.940000000000012
2017-10-17,600774,89.27,87.07,89.27,84.57,12602,24527132.0,5.27,-2.36,-2.1,0.72,4.700000000000003
2017-10-18,600774,87.07,85.12,87.07,85.02,6231,12018358.0,2.35,-2.24,-1.95,0.36,2.049999999999997
2017-10-19,600774,85.82,84.72,85.82,84.52,5966,11378175.0,1.53,-0.47,-0.4,0.34,1.2999999999999972
2017-10-20,600774,85.02,86.02,86.07,84.12,4008,7689439.0,2.3,1.53,1.3,0.23,1.9499999999999886
2017-10-23,600774,85.17,85.67,86.52,85.17,3447,6630446.0,1.57,-0.41,-0.35,0.2,1.3499999999999943
2017-10-24,600774,85.42,85.12,85.92,84.92,3985,7639856.0,1.17,-0.64,-0.55,0.23,1.0
2017-10-25,600774,85.17,86.97,87.07,85.17,5666,10968658.0,2.23,2.17,1.85,0.32,1.8999999999999915
2017-10-26,600774,86.82,86.32,87.42,85.92,3830,7410447.0,1.72,-0.75,-0.65,0.22,1.5
2017-10-27,600774,86.32,85.67,86.82,85.12,5375,10389543.0,1.97,-0.75,-0.65,0.31,1.6999999999999886
2017-10-30,600774,85.32,82.52,85.77,82.42,7612,14315173.0,3.91,-3.68,-3.15,0.44,3.3499999999999943
2017-10-31,600774,82.07,82.87,83.42,82.07,3933,7353739.0,1.64,0.42,0.35,0.23,1.3500000000000085
2017-11-01,600774,82.47,83.37,83.97,82.47,3581,6717158.0,1.81,0.6,0.5,0.21,1.5
2017-11-02,600774,83.32,82.52,83.47,82.12,5867,10925936.0,1.62,-1.02,-0.85,0.34,1.3499999999999943
2017-11-03,600774,82.22,84.02,84.27,82.12,5177,9650272.0,2.61,1.82,1.5,0.3,2.1499999999999915
2017-11-06,600774,83.12,84.67,85.17,82.77,5485,10386379.0,2.86,0.77,0.65,0.31,2.4000000000000057
2017-11-07,600774,84.72,85.12,85.52,84.07,4182,7998848.0,1.71,0.53,0.45,0.24,1.4500000000000028
2017-11-08,600774,84.87,83.82,85.27,83.02,9873,18738893.0,2.64,-1.53,-1.3,0.57,2.25
2017-11-09,600774,83.97,83.07,83.97,82.57,5723,10695499.0,1.67,-0.89,-0.75,0.33,1.4000000000000057
2017-11-10,600774,83.42,86.97,89.22,83.42,17312,33861406.0,6.98,4.69,3.9,0.99,5.799999999999997
2017-11-13,600774,86.97,87.72,89.32,86.12,11104,21878232.0,3.68,0.86,0.75,0.64,3.1999999999999886
2017-11-14,600774,87.77,87.77,88.27,87.12,5883,11545087.0,1.31,0.06,0.05,0.34,1.1499999999999915
2017-11-15,600774,93.41,91.66,97.61,89.92,42251,87894740.0,8.76,4.43,3.89,2.42,7.689999999999998
2017-11-16,600774,90.17,87.12,92.51,86.97,25763,51277762.0,6.04,-4.95,-4.54,1.48,5.540000000000006
2017-11-17,600774,85.72,82.97,86.87,82.57,17559,33277908.0,4.94,-4.76,-4.15,1.01,4.300000000000011
2017-11-20,600774,82.92,84.77,85.52,81.02,7556,14198574.0,5.42,2.17,1.8,0.43,4.5
2017-11-21,600774,85.27,89.37,89.67,84.07,14950,29337043.0,6.61,5.43,4.6,0.86,5.6000000000000085
2017-11-22,600774,89.37,87.97,90.47,87.82,9346,18586874.0,2.97,-1.57,-1.4,0.54,2.6500000000000057
2017-11-23,600774,88.02,85.62,88.02,85.47,5793,11256748.0,2.9,-2.67,-2.35,0.33,2.549999999999997
2017-11-24,600774,86.42,89.37,90.37,85.47,11495,22857631.0,5.72,4.38,3.75,0.66,4.900000000000006
2017-11-27,600774,88.57,88.32,89.27,87.12,5368,10578785.0,2.41,-1.17,-1.05,0.31,2.1499999999999915
2017-11-28,600774,88.97,89.67,89.82,88.32,7735,15441547.0,1.7,1.53,1.35,0.44,1.5
2017-11-29,600774,89.67,87.87,90.02,87.27,6891,13563693.0,3.07,-2.01,-1.8,0.4,2.75
2017-11-30,600774,88.32,88.52,89.27,87.32,5467,10817783.0,2.22,0.74,0.65,0.31,1.9500000000000028
2017-12-01,600774,87.52,87.62,88.27,87.02,5588,10951953.0,1.41,-1.02,-0.9,0.32,1.25
2017-12-04,600774,88.27,86.57,88.27,86.42,4898,9548994.0,2.11,-1.2,-1.05,0.28,1.8499999999999943
2017-12-05,600774,86.67,85.17,87.07,84.87,7782,15000794.0,2.54,-1.62,-1.4,0.45,2.1999999999999886
2017-12-06,600774,85.17,86.27,86.62,85.17,3257,6286661.0,1.7,1.29,1.1,0.19,1.4500000000000028
2017-12-07,600774,86.77,87.52,87.97,85.47,6285,12293528.0,2.9,1.45,1.25,0.36,2.5
2017-12-08,600774,87.92,87.42,88.07,86.87,6440,12636395.0,1.37,-0.11,-0.1,0.37,1.1999999999999886
2017-12-11,600774,87.07,87.27,87.77,86.97,4210,8238135.0,0.92,-0.17,-0.15,0.24,0.7999999999999972
2017-12-12,600774,87.52,86.22,87.52,86.07,3858,7496948.0,1.66,-1.2,-1.05,0.22,1.4500000000000028
2017-12-13,600774,86.17,86.67,86.77,85.57,3831,7392443.0,1.39,0.52,0.45,0.22,1.2000000000000028
2017-12-14,600774,86.67,88.02,88.77,86.27,6318,12378457.0,2.88,1.56,1.35,0.36,2.5
2017-12-15,600774,88.42,89.07,89.92,87.52,16209,32190851.0,2.73,1.19,1.05,0.93,2.4000000000000057
2017-12-18,600774,88.97,86.57,89.12,85.77,11390,22136424.0,3.76,-2.81,-2.5,0.65,3.3500000000000085
2017-12-19,600774,86.22,86.97,86.97,86.22,3550,6890918.0,0.87,0.46,0.4,0.2,0.75
2017-12-20,600774,87.02,86.42,87.02,86.27,3541,6866954.0,0.86,-0.63,-0.55,0.2,0.75
2017-12-21,600774,86.07,86.67,86.92,86.07,4166,8075629.0,0.98,0.29,0.25,0.24,0.8500000000000085
2017-12-22,600774,86.92,86.42,86.92,86.32,2391,4635875.0,0.69,-0.29,-0.25,0.14,0.6000000000000085
2017-12-25,600774,86.57,87.77,88.62,86.52,7797,15295915.0,2.43,1.56,1.35,0.45,2.1000000000000085
2017-12-26,600774,87.87,88.42,88.67,87.37,5312,10478996.0,1.48,0.74,0.65,0.3,1.2999999999999972
2017-12-27,600774,88.52,87.82,88.77,87.52,3597,7090663.0,1.41,-0.68,-0.6,0.21,1.25
2017-12-28,600774,87.27,87.77,88.32,87.27,3335,6556439.0,1.2,-0.06,-0.05,0.19,1.0499999999999972
2017-12-29,600774,87.92,87.87,88.07,87.27,5843,11459378.0,0.91,0.11,0.1,0.33,0.7999999999999972
2018-01-02,600774,88.22,88.57,88.92,87.67,5749,11356117.0,1.42,0.8,0.7,0.33,1.25
2018-01-03,600774,88.87,88.32,89.27,88.02,5742,11377008.0,1.41,-0.28,-0.25,0.33,1.25
2018-01-04,600774,88.87,89.07,89.42,88.57,6699,13314917.0,0.96,0.85,0.75,0.38,0.8500000000000085
2018-01-05,600774,89.37,88.87,89.52,88.32,5845,11616173.0,1.35,-0.22,-0.2,0.34,1.2000000000000028
2018-01-08,600774,88.87,89.07,89.42,88.72,7385,14705773.0,0.79,0.23,0.2,0.42,0.7000000000000028
2018-01-09,600774,89.17,88.92,89.17,88.37,7538,14971495.0,0.9,-0.17,-0.15,0.43,0.7999999999999972
2018-01-10,600774,88.52,86.47,88.62,86.32,12566,24517460.0,2.59,-2.76,-2.45,0.72,2.3000000000000114
2018-01-11,600774,86.52,85.42,87.12,84.37,10002,19154325.0,3.18,-1.21,-1.05,0.57,2.75
2018-01-12,600774,85.42,86.27,87.52,84.67,10640,20591063.0,3.34,1.0,0.85,0.61,2.8499999999999943
2018-01-16,600774,82.02,81.92,84.02,79.07,5236,9660062.0,5.74,-5.04,-4.35,0.3,4.950000000000003
2018-01-17,600774,77.27,76.12,77.62,74.52,21224,36833614.0,3.78,-7.08,-5.8,1.22,3.1000000000000085
2018-01-18,600774,76.12,76.32,76.82,75.02,4945,8564038.0,2.36,0.26,0.2,0.28,1.7999999999999972
2018-01-19,600774,76.62,75.52,77.52,75.42,7916,13837592.0,2.75,-1.05,-0.8,0.45,2.0999999999999943
2018-01-22,600774,75.82,75.07,75.82,74.67,4774,8179032.0,1.52,-0.6,-0.45,0.27,1.1499999999999915
2018-01-23,600774,75.37,74.97,75.97,74.82,4286,7345304.0,1.53,-0.13,-0.1,0.25,1.1500000000000057
2018-01-24,600774,74.87,75.42,75.62,74.72,6085,10413875.0,1.2,0.6,0.45,0.35,0.9000000000000057
2018-01-25,600774,75.37,74.57,75.37,74.02,6845,11638568.0,1.79,-1.13,-0.85,0.39,1.3500000000000085
2018-01-26,600774,74.87,74.57,75.07,74.07,3808,6480016.0,1.34,0.0,0.0,0.22,1.0
2018-01-29,600774,74.97,74.17,74.97,74.12,2813,4770956.0,1.14,-0.54,-0.4,0.16,0.8499999999999943
2018-01-30,600774,74.77,74.72,76.27,74.17,4836,8286272.0,2.83,0.74,0.55,0.28,2.0999999999999943
2018-01-31,600774,74.72,72.03,74.72,71.98,4896,8127742.0,3.67,-3.6,-2.69,0.28,2.739999999999995
2018-02-01,600774,71.93,69.08,71.93,69.03,3830,6175201.0,4.03,-4.1,-2.95,0.22,2.9000000000000057
2018-02-02,600774,68.28,68.43,69.08,64.83,2855,4467447.0,6.15,-0.94,-0.65,0.16,4.25
2018-02-05,600774,67.23,67.53,68.78,66.03,2479,3877069.0,4.02,-1.32,-0.9,0.14,2.75
2018-02-06,600774,66.98,63.68,66.98,59.73,5771,8674509.0,10.74,-5.7,-3.85,0.33,7.250000000000007
2018-02-07,600774,64.53,64.48,67.38,63.28,2549,3835295.0,6.44,1.26,0.8,0.15,4.099999999999994
2018-02-08,600774,64.03,65.38,65.53,64.03,2275,3429874.0,2.33,1.4,0.9,0.13,1.5
2018-02-09,600774,65.53,63.43,65.53,62.93,2534,3766235.0,3.98,-2.98,-1.95,0.15,2.6000000000000014
2018-02-12,600774,65.73,64.88,65.78,63.53,1491,2253092.0,3.55,2.29,1.45,0.09,2.25
2018-02-13,600774,64.98,64.88,65.68,64.88,1712,2591428.0,1.23,0.0,0.0,0.1,0.8000000000000114
2018-02-14,600774,64.93,67.08,69.23,64.93,2192,3393228.0,6.63,3.39,2.2,0.13,4.299999999999997
2018-02-22,600774,68.78,67.73,69.53,67.28,1314,2058539.0,3.35,0.97,0.65,0.08,2.25
2018-02-23,600774,67.73,67.13,67.93,66.43,2019,3127013.0,2.21,-0.89,-0.6,0.12,1.5
2018-02-26,600774,67.28,67.43,68.08,66.08,3540,5489046.0,2.98,0.45,0.3,0.2,2.0
2018-02-27,600774,67.43,68.93,68.98,66.38,5429,8538384.0,3.86,2.22,1.5,0.31,2.6000000000000085
2018-02-28,600774,67.13,67.78,69.03,67.13,2072,3249786.0,2.76,-1.67,-1.15,0.12,1.9000000000000057
2018-03-01,600774,67.03,70.73,73.43,67.03,10111,16465802.0,9.44,4.35,2.95,0.58,6.400000000000006
2018-03-02,600774,70.13,69.03,70.13,68.08,4449,7091050.0,2.9,-2.4,-1.7,0.26,2.049999999999997
2018-03-05,600774,69.03,69.98,70.88,68.88,5508,8859141.0,2.9,1.38,0.95,0.32,2.0
2018-03-06,600774,69.93,71.13,71.23,69.93,4508,7340753.0,1.86,1.64,1.15,0.26,1.2999999999999972
2018-03-07,600774,71.13,71.03,71.88,70.43,2713,4431902.0,2.04,-0.14,-0.1,0.16,1.4499999999999886
2018-03-08,600774,70.38,71.33,71.33,70.33,1870,3039817.0,1.41,0.42,0.3,0.11,1.0
2018-03-09,600774,71.83,71.48,71.83,70.58,2229,3644275.0,1.75,0.21,0.15,0.13,1.25
2018-03-12,600774,71.28,72.18,73.18,71.13,3808,6294116.0,2.87,0.98,0.7,0.22,2.0500000000000114
2018-03-13,600774,72.78,71.83,72.83,71.43,2076,3420564.0,1.94,-0.48,-0.35,0.12,1.3999999999999915
2018-03-14,600774,71.28,70.18,71.28,69.33,2415,3898218.0,2.71,-2.3,-1.65,0.14,1.9500000000000028
2018-03-15,600774,69.38,69.28,70.18,68.68,3446,5490758.0,2.14,-1.28,-0.9,0.2,1.5
2018-03-16,600774,69.28,69.73,70.33,69.28,1469,2357963.0,1.52,0.65,0.45,0.08,1.0499999999999972
2018-03-19,600774,69.73,69.83,70.68,68.73,2262,3629377.0,2.8,0.14,0.1,0.13,1.9500000000000028
2018-03-20,600774,69.08,69.98,70.18,69.08,2240,3599214.0,1.58,0.21,0.15,0.13,1.1000000000000085
2018-03-21,600774,70.13,70.58,71.18,70.03,2566,4160350.0,1.64,0.86,0.6,0.15,1.1500000000000057
2018-03-22,600774,70.53,71.78,72.78,69.78,3616,5925999.0,4.25,1.7,1.2,0.21,3.0
2018-03-23,600774,71.18,67.33,71.18,66.53,8064,12833952.0,6.48,-6.2,-4.45,0.46,4.650000000000006
2018-03-26,600774,67.33,69.58,69.73,62.13,2621,4091885.0,11.29,3.34,2.25,0.15,7.600000000000001
2018-03-27,600774,68.58,70.33,70.88,68.53,3087,4990863.0,3.38,1.08,0.75,0.18,2.3499999999999943
2018-03-28,600774,70.43,71.23,71.43,69.68,2686,4379741.0,2.49,1.28,0.9,0.15,1.75
2018-03-29,600774,71.38,71.63,71.98,70.78,2036,3335845.0,1.68,0.56,0.4,0.12,1.2000000000000028
2018-03-30,600774,70.03,71.93,72.33,70.03,2510,4132987.0,3.21,0.42,0.3,0.14,2.299999999999997
2018-04-02,600774,72.78,74.57,78.52,70.48,10234,17362713.0,11.18,3.67,2.64,0.59,8.039999999999992
2018-04-03,600774,73.68,71.63,75.32,70.93,6626,11015894.0,5.89,-3.94,-2.94,0.38,4.389999999999986
2018-04-04,600774,71.18,70.73,71.58,70.43,3581,5831095.0,1.61,-1.26,-0.9,0.21,1.1499999999999915
2018-04-09,600774,70.48,70.68,70.93,69.78,1590,2575338.0,1.63,-0.07,-0.05,0.09,1.1500000000000057
2018-04-10,600774,70.63,70.43,70.78,70.28,1497,2423165.0,0.71,-0.35,-0.25,0.09,0.5
2018-04-11,600774,70.18,70.98,71.53,70.18,2118,3451839.0,1.92,0.78,0.55,0.12,1.3499999999999943
2018-04-12,600774,71.38,70.98,71.53,69.53,2155,3499881.0,2.82,0.0,0.0,0.12,2.0
2018-04-13,600774,70.53,71.13,71.43,69.58,2973,4828533.0,2.61,0.21,0.15,0.17,1.8500000000000085
2018-04-16,600774,70.98,70.08,71.68,69.83,2266,3661430.0,2.6,-1.48,-1.05,0.13,1.8500000000000085
2018-04-17,600774,70.63,69.33,71.53,69.03,3020,4868951.0,3.57,-1.07,-0.75,0.17,2.5
2018-04-18,600774,69.38,69.38,70.48,67.38,2209,3523630.0,4.47,0.07,0.05,0.13,3.1000000000000085
2018-04-19,600774,69.73,69.28,69.98,68.58,1580,2526211.0,2.02,-0.14,-0.1,0.09,1.4000000000000057
2018-04-20,600774,70.83,70.28,74.42,69.43,4655,7610059.0,7.2,1.44,1.0,0.27,4.989999999999995
2018-04-23,600774,70.03,69.38,70.98,68.53,3271,5208145.0,3.49,-1.28,-0.9,0.19,2.450000000000003
2018-04-24,600774,69.18,69.93,70.43,68.33,2129,3402731.0,3.03,0.79,0.55,0.12,2.1000000000000085
2018-04-25,600774,70.38,69.43,70.38,69.18,1796,2877176.0,1.72,-0.72,-0.5,0.1,1.1999999999999886
2018-04-26,600774,70.43,69.08,70.43,68.68,1745,2788705.0,2.52,-0.5,-0.35,0.1,1.75
2018-04-27,600774,69.53,69.33,70.03,68.78,1477,2358314.0,1.81,0.36,0.25,0.08,1.25
2018-05-02,600774,69.03,69.23,69.68,68.28,1599,2538236.0,2.02,-0.14,-0.1,0.09,1.4000000000000057
2018-05-03,600774,68.68,69.63,69.93,68.68,1011,1613870.0,1.81,0.58,0.4,0.06,1.25
2018-05-04,600774,69.83,71.68,72.13,69.43,4367,7121377.0,3.88,2.94,2.05,0.25,2.6999999999999886
2018-05-07,600774,71.78,71.78,72.08,70.78,3829,6289925.0,1.81,0.14,0.1,0.22,1.2999999999999972
2018-05-08,600774,71.78,73.43,73.53,69.53,13791,22485917.0,5.57,2.3,1.65,0.79,4.0
2018-05-09,600774,72.03,70.63,72.33,70.33,7206,11778801.0,2.72,-3.81,-2.8,0.41,2.0
2018-05-10,600774,71.13,74.72,75.47,70.58,12563,21157049.0,6.92,5.79,4.09,0.72,4.890000000000001
2018-05-11,600774,76.42,72.88,76.52,72.03,7127,12081209.0,6.01,-2.46,-1.84,0.41,4.489999999999995
2018-05-14,600774,71.68,71.68,72.88,71.53,3506,5788549.0,1.85,-1.65,-1.2,0.2,1.3499999999999943
2018-05-15,600774,71.78,71.98,72.08,70.98,2706,4434170.0,1.53,0.42,0.3,0.16,1.0999999999999943
2018-05-16,600774,70.53,71.48,71.98,70.53,2316,3785170.0,2.01,-0.69,-0.5,0.13,1.4500000000000028
2018-05-17,600774,71.93,69.98,72.03,68.98,5117,8273714.0,4.27,-2.1,-1.5,0.29,3.049999999999997
2018-05-18,600774,69.93,70.08,70.33,69.23,1663,2664801.0,1.57,0.14,0.1,0.1,1.0999999999999943
2018-05-21,600774,70.08,73.18,74.37,70.03,5639,9369051.0,6.19,4.42,3.1,0.32,4.340000000000003
2018-05-22,600774,72.98,72.38,73.38,70.33,3436,5691968.0,4.17,-1.09,-0.8,0.2,3.049999999999997
2018-05-23,600774,71.98,71.28,72.28,71.18,1529,2508541.0,1.52,-1.52,-1.1,0.09,1.0999999999999943
2018-05-24,600774,72.53,73.13,73.58,71.58,4974,8301984.0,2.81,2.6,1.85,0.29,2.0
2018-05-25,600774,72.98,73.48,74.27,72.33,3811,6398136.0,2.65,0.48,0.35,0.22,1.9399999999999977
2018-05-28,600774,73.33,71.73,73.33,71.28,2666,4397751.0,2.79,-2.38,-1.75,0.15,2.049999999999997
2018-05-29,600774,71.93,72.08,72.28,71.68,1863,3073236.0,0.84,0.49,0.35,0.11,0.5999999999999943
2018-05-30,600774,72.58,73.13,74.32,71.03,7270,12185588.0,4.56,1.46,1.05,0.42,3.289999999999992
2018-05-31,600774,73.93,76.07,78.37,72.28,9928,17101476.0,8.33,4.02,2.94,0.57,6.090000000000003
2018-06-01,600774,74.97,75.07,76.47,73.63,7150,12184907.0,3.73,-1.31,-1.0,0.41,2.8400000000000034
2018-06-04,600774,74.52,73.83,75.77,72.83,4117,6989861.0,3.92,-1.65,-1.24,0.24,2.9399999999999977
2018-06-05,600774,73.85,75.21,77.49,73.85,5081,6739749.0,4.93,1.87,1.38,0.22,3.6400000000000006
2018-06-06,600774,75.15,73.85,75.15,72.94,5836,7557612.0,2.94,-1.81,-1.36,0.26,2.210000000000008
2018-06-07,600774,73.53,72.81,74.82,72.55,4659,6009174.0,3.07,-1.41,-1.04,0.21,2.269999999999996
2018-06-08,600774,72.29,74.24,74.37,71.32,4889,6264529.0,4.19,1.96,1.43,0.22,3.0500000000000114
2018-06-11,600774,73.46,73.2,74.11,72.42,2527,3243028.0,2.28,-1.4,-1.04,0.11,1.6899999999999977
2018-06-12,600774,72.36,73.14,73.33,72.1,2183,2784757.0,1.68,-0.08,-0.06,0.1,1.230000000000004
2018-06-13,600774,73.4,72.23,73.4,72.16,1398,1783282.0,1.7,-1.24,-0.91,0.06,1.240000000000009
2018-06-14,600774,71.9,76.06,76.12,71.64,11416,14924781.0,6.2,5.3,3.83,0.5,4.480000000000004
2018-06-15,600774,76.25,77.81,79.89,72.88,27470,37219105.0,9.22,2.3,1.75,1.21,7.010000000000005
2018-06-19,600774,74.3,69.04,75.73,68.98,14961,18729833.0,8.67,-11.27,-8.77,0.66,6.75
2018-06-20,600774,69.04,65.67,69.04,61.18,12502,14541770.0,11.38,-4.88,-3.37,0.55,7.8600000000000065
2018-06-21,600774,64.69,61.05,66.44,60.6,7411,8434664.0,8.89,-7.04,-4.62,0.33,5.839999999999996
2018-06-22,600774,57.87,61.51,62.48,57.87,3856,4215770.0,7.55,0.75,0.46,0.17,4.609999999999999
2018-06-25,600774,62.35,60.01,62.55,59.56,3392,3704834.0,4.86,-2.44,-1.5,0.15,2.989999999999995
2018-06-26,600774,58.71,60.73,61.64,58.71,3125,3383419.0,4.88,1.2,0.72,0.14,2.9299999999999997
2018-06-27,600774,60.73,60.53,61.05,60.01,1506,1642295.0,1.71,-0.33,-0.2,0.07,1.0399999999999991
2018-06-28,600774,59.95,60.08,61.77,59.95,2323,2533459.0,3.01,-0.74,-0.45,0.1,1.8200000000000003
2018-06-29,600774,60.14,61.64,61.77,59.69,2362,2594377.0,3.46,2.6,1.56,0.1,2.0800000000000054
2018-07-02,600774,61.77,61.12,61.77,60.47,1921,2106810.0,2.11,-0.84,-0.52,0.08,1.3000000000000043
2018-07-03,600774,62.87,61.7,62.87,60.47,1644,1817177.0,3.93,0.95,0.58,0.07,2.3999999999999986
2018-07-04,600774,61.57,60.99,62.29,60.73,1507,1661947.0,2.53,-1.15,-0.71,0.07,1.5600000000000023
2018-07-05,600774,60.4,59.23,61.77,58.91,1454,1581665.0,4.69,-2.89,-1.76,0.06,2.8600000000000065
2018-07-06,600774,54.69,57.22,59.82,54.69,3548,3710863.0,8.66,-3.39,-2.01,0.16,5.130000000000003
2018-07-09,600774,57.22,58.39,58.45,56.18,1877,1958265.0,3.97,2.04,1.17,0.08,2.270000000000003
2018-07-10,600774,57.03,58.97,59.17,56.96,1968,2079959.0,3.78,0.99,0.58,0.09,2.210000000000001
2018-07-11,600774,59.43,56.51,59.43,56.18,2368,2450514.0,5.51,-4.17,-2.46,0.1,3.25
2018-07-12,600774,57.41,58.58,59.1,56.31,2161,2278746.0,4.94,3.66,2.07,0.1,2.789999999999999
2018-07-13,600774,57.67,58.26,59.43,57.67,1364,1444504.0,3.0,-0.55,-0.32,0.06,1.759999999999998
2018-07-16,600774,58.26,59.3,59.75,56.64,1726,1834492.0,5.34,1.79,1.04,0.08,3.1099999999999994
2018-07-17,600774,59.23,59.56,59.69,58.45,1693,1809826.0,2.09,0.44,0.26,0.07,1.2399999999999949
2018-07-18,600774,59.43,59.23,60.21,58.97,1319,1415244.0,2.08,-0.55,-0.33,0.06,1.240000000000002
2018-07-19,600774,58.45,59.04,59.82,58.45,1244,1326848.0,2.31,-0.32,-0.19,0.05,1.3699999999999974
2018-07-20,600774,58.65,59.69,60.27,58.32,1477,1589589.0,3.3,1.1,0.65,0.07,1.9500000000000028
2018-07-23,600774,59.69,59.82,60.79,59.1,1674,1802496.0,2.83,0.22,0.13,0.07,1.6899999999999977
2018-07-24,600774,59.82,61.18,61.51,59.17,3450,3773407.0,3.91,2.27,1.36,0.15,2.3399999999999963
2018-07-25,600774,63.46,64.17,67.55,61.9,6127,7053589.0,9.24,4.89,2.99,0.27,5.649999999999999
2018-07-26,600774,64.63,62.74,64.69,62.16,3672,4121232.0,3.94,-2.23,-1.43,0.16,2.530000000000001
2018-07-27,600774,62.74,62.74,63.2,62.03,1831,2056134.0,1.86,0.0,0.0,0.08,1.1700000000000017
2018-07-30,600774,63.26,63.2,64.04,61.25,1811,2042833.0,4.45,0.73,0.46,0.08,2.7900000000000063
2018-07-31,600774,61.64,62.81,63.72,61.64,1677,1897508.0,3.29,-0.62,-0.39,0.07,2.0799999999999983
2018-08-01,600774,62.87,61.31,63.52,61.25,2149,2406369.0,3.61,-2.39,-1.5,0.09,2.270000000000003
2018-08-02,600774,62.16,59.23,62.22,58.0,3127,3380229.0,6.88,-3.39,-2.08,0.14,4.219999999999999
2018-08-03,600774,59.23,60.73,60.92,54.82,3217,3416389.0,10.3,2.53,1.5,0.14,6.100000000000001
2018-08-06,600774,60.01,58.06,60.4,57.22,2525,2689854.0,5.24,-4.4,-2.67,0.11,3.1799999999999997
2018-08-07,600774,58.65,59.62,59.88,58.13,1237,1322813.0,3.01,2.69,1.56,0.05,1.75
2018-08-08,600774,58.91,65.21,66.38,58.65,9110,10276260.0,12.97,9.38,5.59,0.4,7.729999999999997
2018-08-09,600774,68.91,66.18,72.62,66.05,20095,24455480.0,10.08,1.49,0.97,0.89,6.570000000000007
2018-08-10,600774,63.13,63.78,64.89,62.94,10336,11775276.0,2.95,-3.63,-2.4,0.46,1.9500000000000028
2018-08-13,600774,64.17,62.87,64.17,61.25,4900,5476063.0,4.58,-1.43,-0.91,0.22,2.9200000000000017
2018-08-14,600774,61.51,62.22,63.78,61.51,2718,3031418.0,3.61,-1.03,-0.65,0.12,2.270000000000003
2018-08-15,600774,62.16,60.27,62.35,60.08,2805,3093008.0,3.65,-3.13,-1.95,0.12,2.270000000000003
2018-08-16,600774,59.88,60.4,61.77,58.58,2989,3243368.0,5.29,0.22,0.13,0.13,3.190000000000005
2018-08-17,600774,58.71,59.3,61.18,58.71,2382,2557789.0,4.09,-1.82,-1.1,0.11,2.469999999999999
2018-08-20,600774,58.71,58.91,59.69,58.19,2752,2929405.0,2.53,-0.66,-0.39,0.12,1.5
2018-08-21,600774,59.56,61.25,61.44,58.91,3052,3325015.0,4.29,3.97,2.34,0.13,2.530000000000001
2018-08-22,600774,61.64,60.47,61.64,58.71,2546,2758910.0,4.78,-1.27,-0.78,0.11,2.9299999999999997
2018-08-23,600774,59.88,63.78,63.78,59.88,6042,6675684.0,6.45,5.47,3.31,0.27,3.8999999999999986
2018-08-24,600774,63.0,62.55,63.46,61.64,2475,2777033.0,2.85,-1.93,-1.23,0.11,1.8200000000000003
2018-08-27,600774,63.46,63.13,63.91,62.35,2011,2277074.0,2.49,0.93,0.58,0.09,1.5599999999999952
2018-08-28,600774,63.78,62.03,63.78,61.25,2342,2612886.0,4.01,-1.74,-1.1,0.1,2.530000000000001
2018-08-29,600774,62.22,62.35,62.48,61.18,1546,1718162.0,2.1,0.52,0.32,0.07,1.2999999999999972
2018-08-30,600774,62.09,62.29,62.42,61.51,1786,1986203.0,1.46,-0.1,-0.06,0.08,0.9100000000000037
2018-08-31,600774,63.78,61.44,63.78,61.44,1854,2060698.0,3.76,-1.36,-0.85,0.08,2.3400000000000034
2018-09-03,600774,60.66,62.35,62.81,59.23,2755,3024720.0,5.83,1.48,0.91,0.12,3.5800000000000054
2018-09-04,600774,62.35,62.09,62.61,62.09,1631,1823901.0,0.83,-0.42,-0.26,0.07,0.519999999999996
2018-09-05,600774,62.87,60.79,62.87,60.79,1788,1977174.0,3.35,-2.09,-1.3,0.08,2.0799999999999983
2018-09-06,600774,59.88,60.6,61.38,59.88,978,1066456.0,2.47,-0.31,-0.19,0.04,1.5
2018-09-07,600774,62.16,60.73,62.16,60.53,1246,1369041.0,2.69,0.21,0.13,0.05,1.6299999999999955
2018-09-10,600774,60.73,59.23,60.79,59.1,1779,1913623.0,2.78,-2.47,-1.5,0.08,1.6899999999999977
2018-09-11,600774,58.71,59.88,60.6,58.71,1264,1359328.0,3.19,1.1,0.65,0.06,1.8900000000000006
2018-09-12,600774,59.49,60.14,60.53,59.49,1306,1414239.0,1.74,0.43,0.26,0.06,1.0399999999999991
2018-09-13,600774,60.4,59.95,60.86,58.78,1840,1979536.0,3.46,-0.32,-0.19,0.08,2.0799999999999983
2018-09-14,600774,59.95,59.49,60.27,59.3,1359,1464918.0,1.62,-0.77,-0.46,0.06,0.970000000000006
2018-09-17,600774,59.49,59.17,59.62,58.84,554,591655.0,1.31,-0.54,-0.32,0.02,0.779999999999994
2018-09-18,600774,59.69,60.27,60.6,58.78,2444,2642937.0,3.08,1.86,1.1,0.11,1.8200000000000003
2018-09-19,600774,59.75,61.05,61.25,59.69,3528,3852886.0,2.59,1.29,0.78,0.16,1.5600000000000023
2018-09-20,600774,61.96,60.73,61.96,60.6,1599,1752096.0,2.23,-0.52,-0.32,0.07,1.3599999999999994
2018-09-21,600774,60.6,61.83,62.16,60.6,2043,2251026.0,2.57,1.81,1.1,0.09,1.5599999999999952
2018-09-25,600774,60.79,60.92,61.44,60.53,1385,1516261.0,1.47,-1.47,-0.91,0.06,0.9099999999999966
2018-09-26,600774,60.6,64.63,64.63,60.53,1434,1595453.0,6.73,6.09,3.71,0.06,4.099999999999994
2018-09-27,600774,65.6,61.7,65.86,61.7,4174,4758490.0,6.44,-4.53,-2.93,0.18,4.159999999999997
2018-09-28,600774,61.7,61.38,62.42,60.6,2505,2758293.0,2.95,-0.52,-0.32,0.11,1.8200000000000003
2018-10-08,600774,61.12,59.95,61.44,58.52,4062,4434135.0,4.76,-2.33,-1.43,0.18,2.9199999999999946
2018-10-09,600774,59.23,60.47,60.73,59.1,1737,1883104.0,2.72,0.87,0.52,0.08,1.6299999999999955
2018-10-10,600774,60.47,60.47,61.44,60.4,822,897717.0,1.72,0.0,0.0,0.04,1.0399999999999991
2018-10-11,600774,59.3,54.1,59.3,53.39,5911,5979858.0,9.77,-10.53,-6.37,0.26,5.909999999999997
2018-10-12,600774,55.4,56.31,57.03,52.61,4379,4368407.0,8.17,4.09,2.21,0.19,4.420000000000002
2018-10-15,600774,56.51,55.27,58.52,54.36,2777,2808038.0,7.39,-1.85,-1.04,0.12,4.160000000000004
2018-10-16,600774,55.6,54.62,57.03,53.39,1366,1372617.0,6.59,-1.18,-0.65,0.06,3.6400000000000006
2018-10-17,600774,56.38,54.1,56.38,53.58,1788,1778489.0,5.13,-0.95,-0.52,0.08,2.8000000000000043
2018-10-18,600774,54.82,52.87,54.82,48.58,1860,1793915.0,11.53,-2.27,-1.23,0.08,6.240000000000002
2018-10-19,600774,52.74,53.84,54.69,51.05,1599,1553105.0,6.88,1.83,0.97,0.07,3.6400000000000006
2018-10-22,600774,55.21,57.16,57.16,53.91,3303,3371297.0,6.04,6.17,3.32,0.15,3.25
2018-10-23,600774,56.7,63.91,63.91,56.7,20089,22228066.0,12.61,11.81,6.75,0.89,7.209999999999994
2018-10-24,600774,65.02,66.18,69.11,61.18,18011,21078867.0,12.41,3.55,2.27,0.79,7.93
2018-10-25,600774,62.48,65.86,66.18,62.16,6960,8029065.0,6.07,-0.48,-0.32,0.31,4.02000000000001
2018-10-26,600774,66.12,67.03,68.52,64.11,6271,7437517.0,6.7,1.78,1.17,0.28,4.409999999999997
2018-10-29,600774,68.2,67.22,68.2,65.41,2705,3207743.0,4.16,0.28,0.19,0.12,2.7900000000000063
2018-10-30,600774,68.33,67.68,68.39,61.77,6021,7187103.0,9.85,0.68,0.46,0.27,6.619999999999997
2018-10-31,600774,68.2,68.2,68.72,66.38,3256,3918929.0,3.46,0.77,0.52,0.14,2.3400000000000034
2018-11-01,600774,68.33,67.68,68.33,66.7,3841,4579745.0,2.39,-0.76,-0.52,0.17,1.6299999999999955
2018-11-02,600774,68.13,67.87,68.13,66.7,3075,3694727.0,2.11,0.28,0.19,0.14,1.4299999999999926
2018-11-05,600774,67.87,67.94,68.13,67.03,2279,2733506.0,1.62,0.1,0.07,0.1,1.0999999999999943
2018-11-06,600774,69.3,67.81,69.3,67.48,2744,3308105.0,2.68,-0.19,-0.13,0.12,1.8199999999999932
2018-11-07,600774,67.22,67.03,67.87,64.63,2947,3521824.0,4.78,-1.15,-0.78,0.13,3.240000000000009
2018-11-08,600774,67.09,69.95,70.21,67.09,4374,5346641.0,4.65,4.36,2.92,0.19,3.1199999999999903
2018-11-09,600774,69.95,67.42,70.6,67.35,2865,3474870.0,4.65,-3.62,-2.53,0.13,3.25
2018-11-12,600774,67.42,68.33,68.91,66.96,2598,3119629.0,2.89,1.35,0.91,0.11,1.9500000000000028
2018-11-13,600774,68.33,68.72,69.17,66.7,2501,3028679.0,3.61,0.57,0.39,0.11,2.469999999999999
2018-11-14,600774,74.17,70.02,74.17,68.98,4588,5688342.0,7.55,1.89,1.3,0.2,5.189999999999998
2018-11-15,600774,72.68,71.25,72.68,69.3,5272,6614257.0,4.83,1.76,1.23,0.23,3.3800000000000097
2018-11-16,600774,69.04,70.34,72.68,69.04,3955,4889694.0,5.11,-1.28,-0.91,0.17,3.6400000000000006
2018-11-19,600774,70.15,70.41,71.84,69.37,2941,3650505.0,3.51,0.1,0.07,0.13,2.469999999999999
2018-11-20,600774,70.28,70.34,72.88,69.76,3642,4536053.0,4.43,-0.1,-0.07,0.16,3.1199999999999903
2018-11-21,600774,69.11,70.41,70.47,68.46,1420,1751401.0,2.86,0.1,0.07,0.06,2.010000000000005
2018-11-22,600774,70.41,68.98,70.41,68.65,3314,4063603.0,2.5,-2.03,-1.43,0.15,1.759999999999991
2018-11-23,600774,68.98,66.12,69.04,65.73,3809,4526607.0,4.8,-4.15,-2.86,0.17,3.3100000000000023
2018-11-26,600774,65.79,67.94,68.65,64.56,2646,3166394.0,6.19,2.75,1.82,0.12,4.090000000000003
2018-11-28,600774,75.73,75.73,75.73,75.73,1297,1716566.0,0.0,11.47,7.79,0.06,0.0
2018-11-29,600774,84.31,84.31,84.31,84.31,8583,12497023.0,0.0,11.33,8.58,0.38,0.0
2018-11-30,600774,87.04,91.13,92.36,85.8,65025,99422309.0,7.78,8.09,6.82,2.87,6.560000000000002
2018-12-03,600774,87.49,96.91,101.26,85.74,58718,91864891.0,17.03,6.34,5.78,2.59,15.52000000000001
2018-12-04,600774,93.01,88.86,93.01,87.3,45860,70875590.0,5.89,-8.31,-8.05,2.02,5.710000000000008
2018-12-05,600774,86.58,86.39,88.47,85.87,25608,38334283.0,2.93,-2.78,-2.47,1.13,2.5999999999999943
2018-12-06,600774,86.52,84.89,87.62,84.76,17788,26258372.0,3.31,-1.74,-1.5,0.78,2.8599999999999994
2018-12-07,600774,84.89,85.22,85.54,83.46,11759,17150093.0,2.45,0.39,0.33,0.52,2.0800000000000125
2018-12-10,600774,85.54,86.13,87.04,84.44,15457,22871189.0,3.05,1.07,0.91,0.68,2.6000000000000085
2018-12-11,600774,86.32,85.67,86.32,85.15,14687,21679581.0,1.36,-0.53,-0.46,0.65,1.1699999999999875
2018-12-12,600774,85.28,85.54,86.06,85.28,8219,12126697.0,0.91,-0.15,-0.13,0.36,0.7800000000000011
2018-12-13,600774,85.54,85.61,86.0,85.09,8486,12520527.0,1.06,0.08,0.07,0.37,0.9099999999999966
2018-12-14,600774,85.28,85.28,86.06,85.15,7350,10836477.0,1.06,-0.39,-0.33,0.32,0.9099999999999966
2018-12-17,600774,85.67,84.96,85.87,83.92,8450,12372543.0,2.29,-0.38,-0.32,0.37,1.9500000000000028
2018-12-18,600774,84.18,84.44,84.63,83.01,12964,18792240.0,1.91,-0.61,-0.52,0.57,1.6199999999999903
2018-12-19,600774,84.37,83.66,84.57,82.62,6334,9155378.0,2.31,-0.92,-0.78,0.28,1.9499999999999886
2018-12-20,600774,83.72,84.89,84.96,83.33,6728,9787967.0,1.95,1.47,1.23,0.3,1.6299999999999955
2018-12-21,600774,83.92,83.72,84.31,83.33,8256,11953925.0,1.15,-1.38,-1.17,0.36,0.980000000000004
2018-12-24,600774,84.18,83.27,84.18,82.81,7037,10145098.0,1.64,-0.54,-0.45,0.31,1.3700000000000045
2018-12-25,600774,83.27,82.81,83.59,81.97,8021,11464897.0,1.95,-0.55,-0.46,0.35,1.6200000000000045
2018-12-26,600774,82.81,83.79,84.63,82.17,10522,15205922.0,2.97,1.18,0.98,0.46,2.4599999999999937
2018-12-27,600774,83.92,84.57,84.89,83.4,9504,13824440.0,1.78,0.93,0.78,0.42,1.4899999999999949
2018-12-28,600774,82.94,81.78,83.92,80.87,11185,15925479.0,3.61,-3.3,-2.79,0.49,3.049999999999997
2019-01-02,600774,80.61,78.27,80.61,76.77,11219,15287006.0,4.7,-4.29,-3.51,0.49,3.8400000000000034
2019-01-04,600774,72.16,76.45,78.66,72.16,4910,6567953.0,8.3,-2.33,-1.82,0.22,6.5
2019-01-07,600774,73.98,73.14,74.04,70.73,33346,42363003.0,4.33,-4.33,-3.31,1.47,3.3100000000000023
2019-01-08,600774,72.23,69.43,72.23,68.85,21386,26521952.0,4.62,-5.07,-3.71,0.94,3.3800000000000097
2019-01-09,600774,69.37,70.47,71.77,69.17,21313,26464369.0,3.74,1.5,1.04,0.94,2.5999999999999943
2019-01-10,600774,69.82,70.34,71.9,69.69,12611,15734244.0,3.14,-0.18,-0.13,0.56,2.210000000000008
2019-01-11,600774,69.3,70.54,71.25,69.3,10067,12492390.0,2.77,0.28,0.2,0.44,1.9500000000000028
2019-01-14,600774,70.54,69.17,71.19,68.98,7117,8762893.0,3.13,-1.94,-1.37,0.31,2.2099999999999937
2019-01-15,600774,69.76,69.04,70.47,68.65,7048,8624767.0,2.63,-0.19,-0.13,0.31,1.8199999999999932
2019-01-16,600774,69.76,68.13,69.76,67.42,10597,12792601.0,3.39,-1.32,-0.91,0.47,2.3400000000000034
2019-01-17,600774,68.39,65.73,68.39,65.6,10884,12907373.0,4.1,-3.52,-2.4,0.48,2.7900000000000063
2019-01-18,600774,65.73,66.05,66.31,65.08,5589,6547587.0,1.87,0.49,0.32,0.25,1.230000000000004
2019-01-21,600774,66.25,66.44,67.22,66.12,10981,12992419.0,1.67,0.59,0.39,0.48,1.0999999999999943
2019-01-22,600774,67.03,66.44,67.35,65.41,9770,11538175.0,2.92,0.0,0.0,0.43,1.9399999999999977
2019-01-23,600774,66.31,65.67,66.7,65.08,13536,15896494.0,2.44,-1.16,-0.77,0.6,1.6200000000000045
2019-01-24,600774,65.92,64.76,66.18,64.43,8210,9507482.0,2.66,-1.39,-0.91,0.36,1.75
2019-01-25,600774,64.82,64.17,65.02,63.65,7156,8203908.0,2.12,-0.91,-0.59,0.32,1.3699999999999974
2019-01-28,600774,64.43,66.31,70.28,64.43,26015,30849523.0,9.12,3.33,2.14,1.15,5.849999999999994
2019-01-29,600774,66.05,71.97,73.72,65.15,48671,59517115.0,12.92,8.54,5.66,2.15,8.569999999999993
2019-01-30,600774,69.37,66.51,70.28,66.05,22953,27479691.0,5.88,-7.59,-5.46,1.01,4.230000000000004
2019-01-31,600774,66.31,58.84,66.31,58.84,25863,28321884.0,11.23,-11.53,-7.67,1.14,7.469999999999999
2019-02-01,600774,58.65,59.36,60.86,57.03,11489,12173759.0,6.51,0.88,0.52,0.51,3.8299999999999983
2019-02-11,600774,59.17,62.22,62.61,59.17,12570,13859431.0,5.8,4.82,2.86,0.55,3.4399999999999977
2019-02-12,600774,62.35,62.74,63.13,61.64,9582,10730702.0,2.39,0.84,0.52,0.42,1.490000000000002
2019-02-13,600774,63.85,63.72,63.91,62.74,8357,9485233.0,1.86,1.56,0.98,0.37,1.1699999999999946
2019-02-14,600774,63.85,64.24,64.82,62.87,7411,8480628.0,3.06,0.82,0.52,0.33,1.9499999999999957
2019-02-15,600774,64.5,63.85,64.82,63.46,8866,10136263.0,2.12,-0.61,-0.39,0.39,1.3599999999999923
2019-02-18,600774,64.56,66.18,66.83,63.85,13936,16186279.0,4.67,3.65,2.33,0.61,2.979999999999997
2019-02-19,600774,66.7,68.26,68.91,65.21,18974,22661120.0,5.59,3.14,2.08,0.84,3.700000000000003
2019-02-20,600774,68.26,68.85,69.11,67.55,9979,12065001.0,2.29,0.86,0.59,0.44,1.5600000000000023
2019-02-21,600774,68.65,69.69,70.41,67.03,14164,17358499.0,4.91,1.22,0.84,0.62,3.3799999999999955
2019-02-22,600774,68.91,70.28,71.51,68.91,12266,15145978.0,3.73,0.85,0.59,0.54,2.6000000000000085
2019-02-25,600774,71.77,72.49,73.72,70.08,22309,28098210.0,5.18,3.14,2.21,0.98,3.6400000000000006
2019-02-26,600774,72.49,70.8,72.49,69.95,18496,23240681.0,3.5,-2.33,-1.69,0.82,2.539999999999992
2019-02-27,600774,69.69,70.47,71.9,69.69,13343,16601484.0,3.12,-0.47,-0.33,0.59,2.210000000000008
2019-02-28,600774,73.59,72.36,74.11,71.77,16778,21394449.0,3.32,2.68,1.89,0.74,2.3400000000000034
2019-03-01,600774,72.23,72.68,72.88,71.71,9105,11583747.0,1.62,0.44,0.32,0.4,1.1700000000000017
2019-03-04,600774,73.46,77.75,81.0,72.75,31904,43001081.0,11.35,6.98,5.07,1.41,8.25
2019-03-05,600774,74.82,79.63,82.62,72.75,29468,40134131.0,12.69,2.42,1.88,1.3,9.870000000000005
2019-03-06,600774,79.63,79.7,80.22,78.14,18533,25521510.0,2.61,0.09,0.07,0.82,2.0799999999999983
2019-03-07,600774,79.7,80.67,82.17,78.72,20051,28071615.0,4.33,1.22,0.97,0.88,3.450000000000003
2019-03-08,600774,80.67,76.32,80.8,75.73,16034,21893924.0,6.28,-5.39,-4.35,0.71,5.069999999999993
2019-03-11,600774,76.51,81.97,83.53,76.51,19753,27225968.0,9.2,7.4,5.65,0.87,7.019999999999996
2019-03-12,600774,81.97,84.37,84.37,80.09,21692,30696246.0,5.22,2.93,2.4,0.96,4.280000000000001
2019-03-13,600774,89.25,84.89,90.42,84.57,37351,56565287.0,6.93,0.62,0.52,1.65,5.8500000000000085
2019-03-14,600774,82.75,80.09,84.24,78.46,14315,20074988.0,6.81,-5.65,-4.8,0.63,5.780000000000001
2019-03-15,600774,79.7,82.42,89.05,77.62,9260,13322592.0,14.27,2.91,2.33,0.41,11.429999999999993
2019-03-18,600774,86.52,83.79,86.52,82.49,9714,14090737.0,4.89,1.66,1.37,0.43,4.030000000000001
2019-03-19,600774,83.59,83.4,85.09,82.62,6772,9772988.0,2.95,-0.47,-0.39,0.3,2.469999999999999
2019-03-20,600774,82.3,81.65,83.72,80.02,9003,12762787.0,4.44,-2.1,-1.75,0.4,3.700000000000003
2019-03-21,600774,82.81,82.04,83.01,80.8,10619,15073496.0,2.71,0.48,0.39,0.47,2.210000000000008
2019-03-22,600774,84.44,81.65,84.44,80.02,7383,10459272.0,5.39,-0.48,-0.39,0.33,4.420000000000002
2019-03-25,600774,82.94,79.89,82.94,79.76,9911,13928723.0,3.89,-2.16,-1.76,0.44,3.1799999999999926
2019-03-26,600774,79.89,76.97,81.52,76.38,8543,11670134.0,6.43,-3.66,-2.92,0.38,5.140000000000001
2019-03-27,600774,76.51,77.88,78.46,76.51,5905,7969492.0,2.53,1.18,0.91,0.26,1.9499999999999886
2019-03-28,600774,77.94,76.32,78.2,75.86,4690,6310237.0,3.0,-2.0,-1.56,0.21,2.3400000000000034
2019-03-29,600774,77.42,78.27,78.33,75.47,8679,11706945.0,3.75,2.56,1.95,0.38,2.8599999999999994
2019-04-01,600774,78.79,81.65,82.3,78.79,12735,17885547.0,4.48,4.32,3.38,0.56,3.509999999999991
2019-04-02,600774,82.62,81.65,83.33,80.74,10800,15369269.0,3.17,0.0,0.0,0.48,2.5900000000000034
2019-04-03,600774,80.74,83.53,84.24,80.74,14846,21381996.0,4.29,2.3,1.88,0.65,3.5
2019-04-04,600774,84.24,82.17,84.24,81.71,13067,18623484.0,3.03,-1.63,-1.36,0.58,2.530000000000001
2019-04-08,600774,80.67,81.78,83.72,80.61,7589,10753740.0,3.78,-0.47,-0.39,0.33,3.1099999999999994
2019-04-09,600774,81.78,81.06,82.3,80.54,7121,10016490.0,2.15,-0.88,-0.72,0.31,1.759999999999991
2019-04-10,600774,81.13,83.66,83.92,80.28,19262,27456035.0,4.49,3.21,2.6,0.85,3.6400000000000006
2019-04-11,600774,83.72,80.15,85.67,80.09,12847,18184285.0,6.67,-4.2,-3.51,0.57,5.579999999999998
2019-04-12,600774,80.48,78.14,80.61,77.03,11731,15980172.0,4.47,-2.51,-2.01,0.52,3.5799999999999983
2019-04-15,600774,78.59,78.53,80.02,78.46,7878,10825045.0,2.0,0.5,0.39,0.35,1.5600000000000023
2019-04-16,600774,78.01,83.2,84.37,76.45,15032,21181001.0,10.09,5.95,4.67,0.66,7.920000000000002
2019-04-17,600774,82.62,83.79,85.09,81.26,16625,23784436.0,4.6,0.71,0.59,0.73,3.8299999999999983
2019-04-18,600774,83.85,82.55,83.85,81.91,9755,13929133.0,2.32,-1.48,-1.24,0.43,1.9399999999999977
2019-04-19,600774,82.23,81.71,82.94,80.35,8681,12284839.0,3.14,-1.02,-0.84,0.38,2.5900000000000034
2019-04-22,600774,82.1,82.49,83.98,80.8,16442,23256742.0,3.89,0.95,0.78,0.73,3.180000000000007
2019-04-23,600774,81.84,77.75,82.49,77.68,20187,27854218.0,5.83,-5.75,-4.74,0.89,4.809999999999988
2019-04-24,600774,78.07,77.62,78.07,76.32,9410,12632040.0,2.25,-0.17,-0.13,0.42,1.75
2019-04-25,600774,76.71,75.47,78.4,75.47,10324,13858932.0,3.77,-2.77,-2.15,0.46,2.930000000000007
2019-04-26,600774,75.8,75.41,76.45,74.24,3703,4890326.0,2.93,-0.08,-0.06,0.16,2.210000000000008
2019-04-29,600774,75.41,71.25,75.6,71.25,5492,7063619.0,5.77,-5.52,-4.16,0.24,4.349999999999994
2019-04-30,600774,71.25,72.29,74.04,71.25,7592,9668784.0,3.92,1.46,1.04,0.33,2.7900000000000063
2019-05-06,600774,71.77,65.54,71.77,64.56,9277,11069249.0,9.97,-9.34,-6.75,0.41,7.209999999999994
2019-05-07,600774,65.6,67.61,68.26,65.6,6528,7752222.0,4.06,3.16,2.07,0.29,2.660000000000011
2019-05-08,600774,74.17,69.63,74.82,67.55,8877,11126891.0,10.75,2.99,2.02,0.39,7.269999999999996
2019-05-09,600774,67.16,69.56,70.34,66.51,6136,7434356.0,5.5,-0.1,-0.07,0.27,3.8299999999999983
2019-05-10,600774,70.6,73.4,73.4,67.81,8191,10206080.0,8.04,5.52,3.84,0.36,5.590000000000003
2019-05-13,600774,71.97,71.38,72.16,70.47,7519,9473502.0,2.3,-2.75,-2.02,0.33,1.6899999999999977
2019-05-14,600774,70.15,69.24,71.38,68.52,4974,6151660.0,4.01,-3.0,-2.14,0.22,2.8599999999999994
2019-05-15,600774,69.24,71.25,71.51,69.24,4266,5313004.0,3.28,2.9,2.01,0.19,2.2700000000000102
2019-05-16,600774,71.25,71.32,71.58,70.21,5084,6355496.0,1.92,0.1,0.07,0.22,1.3700000000000045
2019-05-17,600774,71.58,68.98,71.58,68.33,5238,6431405.0,4.56,-3.28,-2.34,0.23,3.25
2019-05-20,600774,67.87,67.94,68.59,66.05,3286,3928638.0,3.68,-1.51,-1.04,0.14,2.5400000000000063
2019-05-21,600774,67.94,69.5,70.21,67.68,2784,3407051.0,3.72,2.3,1.56,0.12,2.529999999999987
2019-05-22,600774,69.56,68.52,70.93,67.87,3391,4147561.0,4.4,-1.41,-0.98,0.15,3.0600000000000023
2019-05-23,600774,67.74,67.68,69.63,66.96,4442,5343750.0,3.9,-1.23,-0.84,0.2,2.6700000000000017
2019-05-24,600774,70.21,66.18,70.21,65.79,3820,4524375.0,6.53,-2.22,-1.5,0.17,4.4199999999999875
2019-05-27,600774,67.35,67.74,68.2,64.5,4451,5306816.0,5.59,2.36,1.56,0.2,3.700000000000003
2019-05-28,600774,67.81,67.74,68.98,67.42,4394,5302878.0,2.3,0.0,0.0,0.19,1.5600000000000023
2019-05-29,600774,68.72,68.65,68.72,67.68,2603,3147786.0,1.54,1.34,0.91,0.11,1.039999999999992
2019-05-30,600774,67.81,67.68,68.78,66.7,2911,3486682.0,3.03,-1.41,-0.97,0.13,2.0799999999999983
2019-05-31,600774,70.67,71.25,74.17,69.89,13709,17186116.0,6.32,5.27,3.57,0.6,4.280000000000001
2019-06-03,600774,70.21,67.42,71.84,67.29,11330,13836827.0,6.39,-5.38,-3.83,0.5,4.549999999999997
2019-06-04,600774,68.33,65.15,68.33,64.76,7383,8655020.0,5.3,-3.37,-2.27,0.33,3.569999999999993
2019-06-05,600774,65.6,65.86,66.31,65.47,2688,3149425.0,1.29,1.09,0.71,0.12,0.8400000000000034
2019-06-06,600774,73.4,66.31,73.4,66.05,5403,6600502.0,11.16,0.68,0.45,0.24,7.3500000000000085
2019-06-10,600774,64.82,66.18,66.7,64.82,6518,7619272.0,2.84,-0.2,-0.13,0.29,1.8800000000000097
2019-06-11,600774,67.16,67.61,67.87,65.41,5470,6501784.0,3.72,2.16,1.43,0.24,2.460000000000008
2019-06-12,600774,67.61,68.0,69.43,67.03,6306,7620181.0,3.55,0.58,0.39,0.28,2.4000000000000057
2019-06-13,600774,67.87,68.0,68.65,66.64,5078,6085502.0,2.96,0.0,0.0,0.22,2.010000000000005
2019-06-14,600774,66.25,66.9,68.0,65.73,3558,4231368.0,3.34,-1.62,-1.1,0.16,2.269999999999996
2019-06-17,600774,66.12,66.96,67.16,65.21,2032,2406652.0,2.91,0.09,0.06,0.09,1.9500000000000028
2019-06-18,600774,67.42,66.9,67.74,66.25,2598,3077410.0,2.23,-0.09,-0.06,0.11,1.4899999999999949
2019-06-19,600774,66.9,67.48,68.2,66.77,4655,5561403.0,2.14,0.87,0.58,0.21,1.4300000000000068
2019-06-20,600774,66.57,68.2,68.39,66.57,5265,6316851.0,2.7,1.07,0.72,0.23,1.8200000000000074
2019-06-21,600774,70.99,70.15,70.99,68.46,8328,10196276.0,3.71,2.86,1.95,0.37,2.530000000000001
2019-06-24,600774,69.95,70.67,71.12,69.5,7223,8933265.0,2.31,0.74,0.52,0.32,1.6200000000000045
2019-06-25,600774,70.54,70.21,70.99,69.17,6269,7746372.0,2.58,-0.65,-0.46,0.28,1.8199999999999932
2019-06-26,600774,69.43,69.82,70.41,68.91,3123,3832999.0,2.14,-0.56,-0.39,0.14,1.5
2019-06-27,600774,69.56,69.95,70.73,69.43,5178,6367915.0,1.86,0.19,0.13,0.23,1.2999999999999972
2019-06-28,600774,74.04,70.15,74.04,69.17,9024,11323579.0,6.96,0.29,0.2,0.4,4.8700000000000045
2019-07-01,600774,69.76,70.93,71.06,69.5,8002,9900880.0,2.22,1.11,0.78,0.35,1.5600000000000023
2019-07-02,600774,71.06,70.28,71.12,70.08,3591,4451609.0,1.47,-0.92,-0.65,0.16,1.0400000000000063
2019-07-03,600774,69.82,69.3,70.21,69.04,2984,3651794.0,1.66,-1.39,-0.98,0.13,1.1699999999999875
2019-07-04,600774,69.63,69.3,69.69,69.17,2280,2789360.0,0.75,0.0,0.0,0.1,0.519999999999996
2019-07-05,600774,69.43,68.91,69.43,68.85,2655,3235589.0,0.84,-0.56,-0.39,0.12,0.5800000000000125
2019-07-08,600774,68.91,66.25,69.3,65.99,4097,4865034.0,4.8,-3.86,-2.66,0.18,3.3100000000000023
2019-07-09,600774,67.81,66.7,67.81,66.05,2804,3315457.0,2.66,0.68,0.45,0.12,1.7600000000000051
2019-07-10,600774,66.25,66.18,66.57,65.92,2229,2616995.0,0.97,-0.78,-0.52,0.1,0.6499999999999915
2019-07-11,600774,66.57,66.31,67.81,66.12,2457,2905634.0,2.55,0.2,0.13,0.11,1.6899999999999977
2019-07-12,600774,66.44,66.51,67.29,65.73,2487,2939062.0,2.35,0.3,0.2,0.11,1.5600000000000023
2019-07-15,600774,66.38,66.44,66.96,63.78,2909,3389270.0,4.78,-0.11,-0.07,0.13,3.1799999999999926
2019-07-16,600774,66.44,66.77,67.03,66.18,2990,3532771.0,1.28,0.5,0.33,0.13,0.8499999999999943
2019-07-17,600774,67.87,66.96,67.87,66.57,2350,2793697.0,1.95,0.28,0.19,0.1,1.3000000000000114
2019-07-18,600774,65.92,67.74,67.74,65.92,4188,4977430.0,2.72,1.16,0.78,0.18,1.8199999999999932
2019-07-19,600774,71.77,68.91,75.41,67.87,7192,8890449.0,11.13,1.73,1.17,0.32,7.539999999999992
2019-07-22,600774,65.47,66.9,68.91,64.76,6434,7572776.0,6.02,-2.92,-2.01,0.28,4.1499999999999915
2019-07-23,600774,66.9,66.38,67.09,65.99,3102,3658423.0,1.64,-0.78,-0.52,0.14,1.1000000000000085
2019-07-24,600774,63.46,66.51,66.96,63.46,4133,4819212.0,5.27,0.2,0.13,0.18,3.499999999999993
2019-07-25,600774,65.86,65.41,66.25,65.08,4542,5295344.0,1.76,-1.65,-1.1,0.2,1.1700000000000017
2019-07-26,600774,65.28,64.95,65.34,64.37,2463,2838339.0,1.48,-0.7,-0.46,0.11,0.9699999999999989
2019-07-29,600774,65.34,65.15,65.54,64.76,2444,2826757.0,1.2,0.31,0.2,0.11,0.7800000000000011
2019-07-30,600774,65.92,66.05,66.25,65.47,2750,3216819.0,1.2,1.38,0.9,0.12,0.7800000000000011
2019-07-31,600774,65.28,64.3,65.28,63.52,3248,3727528.0,2.66,-2.65,-1.75,0.14,1.759999999999998
2019-08-01,600774,63.98,64.82,64.95,63.65,2638,3026182.0,2.02,0.81,0.52,0.12,1.3000000000000043
2019-08-02,600774,64.3,63.85,64.76,63.2,3586,4068509.0,2.41,-1.5,-0.97,0.16,1.5600000000000023
2019-08-05,600774,64.11,63.26,64.5,63.2,2668,3029105.0,2.04,-0.92,-0.59,0.12,1.2999999999999972
2019-08-06,600774,62.42,60.53,62.42,59.43,4234,4576265.0,4.73,-4.32,-2.73,0.19,2.990000000000002
2019-08-07,600774,63.0,60.86,63.0,60.79,1828,2019450.0,3.65,0.55,0.33,0.08,2.210000000000001
2019-08-08,600774,60.21,60.47,60.86,59.62,2274,2460412.0,2.04,-0.64,-0.39,0.1,1.240000000000002
2019-08-09,600774,60.4,59.43,60.6,59.3,1605,1727232.0,2.15,-1.72,-1.04,0.07,1.3000000000000043
2019-08-12,600774,59.49,61.57,62.09,59.43,3088,3356352.0,4.48,3.6,2.14,0.14,2.6600000000000037
2019-08-13,600774,61.05,60.73,61.05,60.08,2443,2651026.0,1.58,-1.36,-0.84,0.11,0.9699999999999989
2019-08-14,600774,61.05,60.79,61.57,60.6,2071,2262207.0,1.6,0.1,0.06,0.09,0.9699999999999989
2019-08-15,600774,60.01,61.18,61.18,58.84,2152,2332889.0,3.85,0.64,0.39,0.09,2.3399999999999963
2019-08-16,600774,62.09,64.04,65.79,61.77,10445,11884721.0,6.57,4.67,2.86,0.46,4.020000000000003
2019-08-19,600774,64.04,64.11,65.28,62.22,7007,7910951.0,4.78,0.11,0.07,0.31,3.0600000000000023
2019-08-20,600774,63.78,62.74,63.98,62.74,4938,5569436.0,1.93,-2.14,-1.37,0.22,1.2399999999999949
2019-08-21,600774,62.81,62.55,63.0,62.03,2921,3266166.0,1.55,-0.3,-0.19,0.13,0.9699999999999989
2019-08-22,600774,62.55,62.94,63.07,62.03,2566,2869093.0,1.66,0.62,0.39,0.11,1.0399999999999991
2019-08-23,600774,63.07,62.68,63.2,62.42,2466,2763735.0,1.24,-0.41,-0.26,0.11,0.7800000000000011
2019-08-26,600774,61.7,62.42,62.68,61.18,1989,2214810.0,2.39,-0.41,-0.26,0.09,1.5
2019-08-27,600774,61.7,64.04,64.37,61.7,9001,10197840.0,4.28,2.6,1.62,0.4,2.6700000000000017
2019-08-28,600774,63.65,67.03,67.81,63.39,9655,11236901.0,6.9,4.67,2.99,0.43,4.420000000000002
2019-08-29,600774,66.64,65.79,69.5,65.6,9604,11359650.0,5.82,-1.85,-1.24,0.42,3.9000000000000057
2019-08-30,600774,65.67,64.82,66.83,64.17,7068,8226553.0,4.04,-1.47,-0.97,0.31,2.6599999999999966
2019-09-02,600774,64.82,65.41,66.44,63.0,4258,4942587.0,5.31,0.91,0.59,0.19,3.4399999999999977
2019-09-03,600774,65.47,66.31,67.09,65.47,5355,6289455.0,2.48,1.38,0.9,0.24,1.6200000000000045
2019-09-04,600774,66.31,66.05,66.9,65.86,2679,3145159.0,1.57,-0.39,-0.26,0.12,1.0400000000000063
2019-09-05,600774,66.31,67.16,67.61,66.05,6472,7687235.0,2.36,1.68,1.11,0.29,1.5600000000000023
2019-09-06,600774,66.83,66.64,67.22,65.86,4003,4711283.0,2.03,-0.77,-0.52,0.18,1.3599999999999994
2019-09-09,600774,66.96,68.59,68.91,66.96,4482,5380475.0,2.93,2.93,1.95,0.2,1.9500000000000028
2019-09-10,600774,69.82,68.65,69.82,67.87,4082,4959546.0,2.84,0.09,0.06,0.18,1.9499999999999886
2019-09-11,600774,68.52,68.2,69.5,67.87,4647,5631688.0,2.37,-0.66,-0.45,0.2,1.6299999999999955
2019-09-12,600774,68.26,69.3,70.8,68.0,6032,7360525.0,4.11,1.61,1.1,0.27,2.799999999999997
2019-09-16,600774,70.15,67.55,70.15,67.22,8835,10679048.0,4.23,-2.53,-1.75,0.39,2.930000000000007
2019-09-17,600774,68.13,66.9,69.11,66.05,5323,6376859.0,4.53,-0.96,-0.65,0.23,3.0600000000000023
2019-09-18,600774,67.35,67.74,68.07,66.96,2165,2585668.0,1.66,1.26,0.84,0.1,1.1099999999999994
2019-09-19,600774,67.74,67.87,69.04,66.57,3966,4737944.0,3.65,0.19,0.13,0.17,2.470000000000013
2019-09-20,600774,67.81,68.26,68.91,67.61,3575,4313601.0,1.92,0.57,0.39,0.16,1.2999999999999972
2019-09-23,600774,68.2,67.22,68.98,66.57,2757,3285531.0,3.53,-1.52,-1.04,0.12,2.410000000000011
2019-09-24,600774,67.35,67.55,67.94,66.7,3005,3579361.0,1.84,0.49,0.33,0.13,1.2399999999999949
2019-09-25,600774,66.96,66.05,67.48,65.99,5340,6301335.0,2.21,-2.22,-1.5,0.24,1.490000000000009
2019-09-26,600774,66.05,65.47,66.57,65.41,2716,3175381.0,1.76,-0.88,-0.58,0.12,1.1599999999999966
2019-09-27,600774,65.54,65.54,66.51,65.15,2383,2779690.0,2.08,0.11,0.07,0.11,1.3599999999999994
2019-09-30,600774,65.6,64.63,65.6,64.56,2175,2516795.0,1.59,-1.39,-0.91,0.1,1.039999999999992
2019-10-08,600774,64.69,64.95,66.18,64.69,1283,1490973.0,2.31,0.5,0.32,0.06,1.490000000000009
2019-10-09,600774,63.98,65.47,65.47,63.98,1183,1363417.0,2.29,0.8,0.52,0.05,1.490000000000002
2019-10-10,600774,65.28,66.77,66.96,64.89,2460,2889600.0,3.16,1.99,1.3,0.11,2.069999999999993
2019-10-11,600774,66.83,67.09,67.09,66.05,3254,3852909.0,1.56,0.48,0.32,0.14,1.0400000000000063
2019-10-14,600774,66.9,68.52,69.17,66.64,3995,4805707.0,3.77,2.13,1.43,0.18,2.530000000000001
2019-10-15,600774,68.52,68.26,69.37,66.57,2529,3043910.0,4.09,-0.38,-0.26,0.11,2.8000000000000114
2019-10-16,600774,68.33,67.61,68.91,66.77,1851,2218430.0,3.14,-0.95,-0.65,0.08,2.1400000000000006
2019-10-17,600774,67.22,66.7,69.11,65.99,3354,3977723.0,4.61,-1.35,-0.91,0.15,3.1200000000000045
2019-10-18,600774,66.18,65.99,68.39,65.73,2700,3187979.0,3.99,-1.06,-0.71,0.12,2.6599999999999966
2019-10-21,600774,65.92,66.64,68.0,65.79,1698,2001671.0,3.35,0.98,0.65,0.07,2.2099999999999937
2019-10-22,600774,67.55,66.77,67.55,66.25,2281,2700962.0,1.95,0.2,0.13,0.1,1.2999999999999972
2019-10-23,600774,67.22,65.67,67.22,65.41,2180,2552826.0,2.71,-1.65,-1.1,0.1,1.8100000000000023
2019-10-24,600774,65.99,66.7,67.03,65.6,2136,2516864.0,2.18,1.57,1.03,0.09,1.4300000000000068
2019-10-25,600774,67.48,66.44,68.2,65.99,2389,2817162.0,3.31,-0.39,-0.26,0.11,2.210000000000008
2019-10-28,600774,67.03,67.55,67.55,66.05,4857,5754723.0,2.26,1.67,1.11,0.21,1.5
2019-10-29,600774,67.22,67.29,67.87,66.96,2689,3210771.0,1.35,-0.38,-0.26,0.12,0.9100000000000108
2019-10-30,600774,67.81,66.05,67.81,66.05,2732,3222989.0,2.62,-1.84,-1.24,0.12,1.7600000000000051
2019-10-31,600774,66.38,66.77,67.22,65.47,4121,4859950.0,2.65,1.09,0.72,0.18,1.75
2019-11-01,600774,66.7,66.18,66.7,65.47,3535,4142581.0,1.84,-0.88,-0.59,0.16,1.230000000000004
2019-11-04,600774,65.86,66.25,66.44,65.86,2613,3066085.0,0.88,0.11,0.07,0.12,0.5799999999999983
2019-11-05,600774,65.92,66.31,66.51,65.6,1780,2088568.0,1.37,0.09,0.06,0.08,0.9100000000000108
2019-11-06,600774,66.51,66.12,66.64,65.34,2910,3410425.0,1.96,-0.29,-0.19,0.13,1.2999999999999972
2019-11-07,600774,65.67,66.18,66.77,65.67,2103,2472729.0,1.66,0.09,0.06,0.09,1.0999999999999943
2019-11-08,600774,66.18,67.48,67.61,64.11,7311,8615939.0,5.29,1.96,1.3,0.32,3.5
2019-11-11,600774,67.87,62.61,67.87,60.14,17344,19589728.0,11.46,-7.22,-4.87,0.76,7.730000000000004
2019-11-12,600774,61.38,60.27,62.42,59.82,6836,7444528.0,4.15,-3.74,-2.34,0.3,2.6000000000000014
2019-11-13,600774,61.38,59.82,61.38,58.97,3358,3608004.0,4.0,-0.75,-0.45,0.15,2.4100000000000037
2019-11-14,600774,59.82,59.62,60.14,58.84,2087,2238612.0,2.17,-0.33,-0.2,0.09,1.2999999999999972
2019-11-15,600774,59.62,58.32,60.14,58.26,2834,3016763.0,3.15,-2.18,-1.3,0.12,1.8800000000000026
2019-11-18,600774,58.52,59.62,61.31,58.52,3689,3974798.0,4.78,2.23,1.3,0.16,2.789999999999999
2019-11-19,600774,59.56,60.6,61.12,59.56,3050,3315594.0,2.62,1.64,0.98,0.13,1.5599999999999952
2019-11-20,600774,60.6,59.69,60.6,59.62,2388,2573853.0,1.62,-1.5,-0.91,0.11,0.980000000000004
2019-11-21,600774,60.08,59.1,60.08,58.71,1625,1733765.0,2.3,-0.99,-0.59,0.07,1.3699999999999974
2019-11-22,600774,59.49,58.45,60.34,57.8,2941,3117852.0,4.3,-1.1,-0.65,0.13,2.5400000000000063
2019-11-25,600774,58.71,58.45,58.71,57.54,1528,1609914.0,2.0,0.0,0.0,0.07,1.1700000000000017
2019-11-26,600774,58.39,58.32,59.17,57.74,2469,2599832.0,2.45,-0.22,-0.13,0.11,1.4299999999999997
2019-11-27,600774,58.13,58.45,59.82,57.54,1374,1451829.0,3.91,0.22,0.13,0.06,2.280000000000001
2019-11-28,600774,58.71,58.32,59.1,57.87,2297,2426473.0,2.1,-0.22,-0.13,0.1,1.230000000000004
2019-11-29,600774,58.32,58.52,58.71,57.61,1969,2068208.0,1.89,0.34,0.2,0.09,1.1000000000000014
2019-12-02,600774,58.19,58.26,59.69,57.67,3812,4007358.0,3.45,-0.44,-0.26,0.17,2.019999999999996
2019-12-03,600774,58.26,58.19,58.26,57.54,1190,1245389.0,1.24,-0.12,-0.07,0.05,0.7199999999999989
2019-12-04,600774,57.87,58.65,58.71,57.87,1573,1661277.0,1.44,0.79,0.46,0.07,0.8400000000000034
2019-12-05,600774,58.65,58.91,59.04,58.19,2724,2881329.0,1.45,0.44,0.26,0.12,0.8500000000000014
2019-12-06,600774,58.32,59.95,59.95,58.32,2479,2655033.0,2.77,1.77,1.04,0.11,1.6300000000000026
2019-12-09,600774,59.88,59.82,60.34,59.04,2555,2741802.0,2.17,-0.22,-0.13,0.11,1.3000000000000043
2019-12-10,600774,59.3,61.7,63.0,59.1,4058,4426883.0,6.52,3.14,1.88,0.18,3.8999999999999986
2019-12-11,600774,61.64,60.01,61.64,57.87,5371,5782943.0,6.11,-2.74,-1.69,0.24,3.770000000000003
2019-12-12,600774,61.31,59.62,61.31,59.17,3684,4006155.0,3.57,-0.65,-0.39,0.16,2.1400000000000006
2019-12-13,600774,59.62,60.21,60.27,58.84,4057,4365693.0,2.4,0.99,0.59,0.18,1.4299999999999997
2019-12-16,600774,60.14,59.88,60.21,59.56,4113,4428096.0,1.08,-0.55,-0.33,0.18,0.6499999999999986
2019-12-17,600774,59.88,61.18,61.38,59.62,6305,6845951.0,2.94,2.17,1.3,0.28,1.7600000000000051
2019-12-18,600774,60.73,60.73,61.57,60.47,4893,5358714.0,1.8,-0.74,-0.45,0.22,1.1000000000000014
2019-12-19,600774,60.73,61.57,61.9,60.34,3802,4178436.0,2.57,1.38,0.84,0.17,1.5599999999999952
2019-12-20,600774,61.83,61.05,62.03,60.73,3341,3667150.0,2.11,-0.84,-0.52,0.15,1.3000000000000043
2019-12-23,600774,61.18,59.62,61.18,59.49,3208,3473840.0,2.77,-2.34,-1.43,0.14,1.6899999999999977
2019-12-24,600774,60.08,60.6,60.86,59.36,3668,3965932.0,2.52,1.64,0.98,0.16,1.5
2019-12-25,600774,60.66,60.66,60.92,60.14,1602,1742405.0,1.29,0.1,0.06,0.07,0.7800000000000011
2019-12-26,600774,60.66,61.18,61.18,60.34,3401,3719691.0,1.38,0.86,0.52,0.15,0.8399999999999963
2019-12-27,600774,63.0,60.6,63.0,60.6,5590,6211173.0,3.92,-0.95,-0.58,0.25,2.3999999999999986
2019-12-30,600774,60.53,60.73,60.79,57.03,4622,4953777.0,6.2,0.21,0.13,0.2,3.759999999999998
2019-12-31,600774,60.79,62.42,62.68,53.65,8628,9457903.0,14.87,2.78,1.69,0.38,9.030000000000001
