日期,股票代码,开盘,收盘,最高,最低,成交量,成交额,振幅,涨跌幅,涨跌额,换手率,volatility
2015-05-29,603300,11.84,11.84,11.84,11.84,137,162208.0,0.0,44.04,3.62,0.03,0.0
2015-06-01,603300,13.02,13.02,13.02,13.02,57,74214.0,0.0,9.97,1.18,0.01,0.0
2015-06-02,603300,14.32,14.32,14.32,14.32,34,48688.0,0.0,9.98,1.3,0.01,0.0
2015-06-03,603300,15.75,15.75,15.75,15.75,133,209475.0,0.0,9.99,1.43,0.03,0.0
2015-06-04,603300,17.33,17.33,17.33,17.33,97,168101.0,0.0,10.03,1.58,0.02,0.0
2015-06-05,603300,19.06,19.06,19.06,19.06,141,268746.0,0.0,9.98,1.73,0.03,0.0
2015-06-08,603300,20.97,20.97,20.97,20.97,142,297774.0,0.0,10.02,1.91,0.03,0.0
2015-06-09,603300,23.07,23.07,23.07,23.07,217,499466.0,0.0,10.01,2.1,0.04,0.0
2015-06-10,603300,25.38,25.38,25.38,25.38,310,785511.0,0.0,10.01,2.31,0.06,0.0
2015-06-11,603300,27.92,27.92,27.92,27.92,238,663100.0,0.0,10.01,2.54,0.05,0.0
2015-06-12,603300,30.71,30.71,30.71,30.71,429,1317459.0,0.0,9.99,2.79,0.08,0.0
2015-06-15,603300,33.78,33.78,33.78,33.78,721,2435470.0,0.0,10.0,3.07,0.14,0.0
2015-06-16,603300,37.16,37.16,37.16,37.16,2279,8468764.0,0.0,10.01,3.38,0.45,0.0
2015-06-17,603300,40.88,40.88,40.88,37.6,309853,1241008016.0,8.83,10.01,3.72,61.15,3.280000000000001
2015-06-18,603300,37.68,36.79,39.19,36.79,91196,342749504.0,5.87,-10.0,-4.09,18.0,2.3999999999999986
2015-06-19,603300,33.11,33.11,35.03,33.11,140747,470214176.0,5.22,-10.0,-3.68,27.78,1.9200000000000017
2015-06-23,603300,31.69,30.45,33.11,29.8,135020,420389456.0,10.0,-8.03,-2.66,26.65,3.3099999999999987
2015-06-24,603300,31.0,30.1,31.99,29.0,138476,422429312.0,9.82,-1.15,-0.35,27.33,2.9899999999999984
2015-06-25,603300,29.8,27.65,29.84,27.27,106557,307009280.0,8.54,-8.14,-2.45,21.03,2.5700000000000003
2015-06-26,603300,26.8,24.89,26.81,24.89,78192,198631977.0,6.94,-9.98,-2.76,15.43,1.9199999999999982
2015-06-29,603300,25.38,22.4,25.38,22.4,83840,194960948.0,11.97,-10.0,-2.49,16.55,2.9800000000000004
2015-06-30,603300,21.79,24.39,24.6,20.17,107278,240018493.0,19.78,8.88,1.99,21.17,4.43
2015-07-01,603300,23.17,23.17,25.58,23.0,107394,262085450.0,10.58,-5.0,-1.22,21.19,2.5799999999999983
2015-07-02,603300,23.35,20.85,23.5,20.85,75204,165804848.0,11.44,-10.01,-2.32,14.84,2.6499999999999986
2015-07-03,603300,20.03,18.86,21.44,18.77,68360,133606330.0,12.81,-9.54,-1.99,13.49,2.6700000000000017
2015-07-06,603300,20.75,20.75,20.75,19.38,127477,261675599.0,7.26,10.02,1.89,25.16,1.370000000000001
2015-07-07,603300,19.01,18.68,20.29,18.68,61289,117631320.0,7.76,-9.98,-2.07,12.1,1.6099999999999994
2015-07-08,603300,16.81,16.81,16.81,16.81,12836,21577316.0,0.0,-10.01,-1.87,2.53,0.0
2015-07-09,603300,15.13,18.49,18.49,15.13,81203,141402957.0,19.99,9.99,1.68,16.03,3.3599999999999977
2015-07-10,603300,19.0,20.34,20.34,18.6,31466,62705190.0,9.41,10.01,1.85,6.21,1.7399999999999984
2015-07-13,603300,22.36,22.37,22.37,21.57,63582,141389567.0,3.93,9.98,2.03,12.55,0.8000000000000007
2015-07-14,603300,23.0,23.05,24.4,22.37,149815,350758512.0,9.07,3.04,0.68,29.57,2.0299999999999976
2015-07-15,603300,22.09,20.75,22.52,20.75,65186,138972449.0,7.68,-9.98,-2.3,12.86,1.7699999999999996
2015-07-16,603300,18.92,20.3,21.69,18.69,70901,143767744.0,14.46,-2.17,-0.45,13.99,3.0
2015-07-17,603300,20.43,21.58,21.99,20.15,54796,115775064.0,9.06,6.31,1.28,10.81,1.8399999999999999
2015-07-20,603300,21.54,21.5,22.28,21.0,64240,138862881.0,5.93,-0.37,-0.08,12.68,1.2800000000000011
2015-07-21,603300,21.21,23.12,23.35,20.74,80686,177557935.0,12.14,7.53,1.62,15.92,2.610000000000003
2015-07-22,603300,22.7,23.66,24.4,22.55,112948,267627909.0,8.0,2.34,0.54,22.29,1.8499999999999979
2015-07-23,603300,23.6,26.03,26.03,22.81,141366,352848128.0,13.61,10.02,2.37,27.9,3.2200000000000024
2015-07-24,603300,26.7,25.38,27.6,24.82,175239,463189872.0,10.68,-2.5,-0.65,34.58,2.780000000000001
2015-07-27,603300,24.0,22.84,25.89,22.84,87947,215015413.0,12.02,-10.01,-2.54,17.36,3.0500000000000007
2015-07-28,603300,20.62,20.59,23.18,20.56,88858,188655279.0,11.47,-9.85,-2.25,17.54,2.620000000000001
2015-07-29,603300,21.35,22.65,22.65,20.81,78985,170880875.0,8.94,10.0,2.06,15.59,1.8399999999999999
2015-07-30,603300,22.9,23.11,24.7,22.67,106048,251818267.0,8.96,2.03,0.46,20.93,2.0299999999999976
2015-07-31,603300,22.2,25.42,25.42,22.1,138728,340561808.0,14.37,10.0,2.31,27.38,3.3200000000000003
2015-08-03,603300,26.26,27.96,27.96,25.71,219185,597554512.0,8.85,9.99,2.54,43.26,2.25
2015-08-04,603300,28.7,26.8,30.15,25.16,232502,630833376.0,17.85,-4.15,-1.16,45.89,4.989999999999998
2015-08-05,603300,25.36,29.48,29.48,25.36,143361,407166048.0,15.37,10.0,2.68,28.29,4.120000000000001
2015-08-06,603300,31.2,32.43,32.43,29.33,299475,947901408.0,10.52,10.01,2.95,59.1,3.1000000000000014
2015-08-07,603300,30.0,32.3,35.19,30.0,255171,822388352.0,16.0,-0.4,-0.13,50.36,5.189999999999998
2015-08-10,603300,31.5,32.6,33.5,31.0,205752,664147536.0,7.74,0.93,0.3,40.61,2.5
2015-08-11,603300,32.01,33.83,35.5,31.93,203098,682726096.0,10.95,3.77,1.23,40.08,3.5700000000000003
2015-08-12,603300,33.01,30.56,33.5,30.5,165878,529629104.0,8.87,-9.67,-3.27,32.74,3.0
2015-08-13,603300,29.5,29.94,30.8,28.55,119196,352885728.0,7.36,-2.03,-0.62,23.52,2.25
2015-08-14,603300,30.24,30.64,31.49,29.4,111708,340381216.0,6.98,2.34,0.7,22.05,2.09
2015-08-17,603300,29.83,28.86,29.93,28.6,89057,258618747.0,4.34,-5.81,-1.78,17.58,1.3299999999999983
2015-08-18,603300,28.96,26.23,30.47,25.98,91725,263420807.0,15.56,-9.11,-2.63,18.1,4.489999999999998
2015-08-19,603300,25.65,27.27,27.5,24.0,87655,229675825.0,13.34,3.96,1.04,17.3,3.5
2015-08-20,603300,26.76,25.81,27.4,25.7,59011,156395271.0,6.23,-5.35,-1.46,11.65,1.6999999999999993
2015-08-21,603300,24.8,23.25,25.48,23.23,56585,137732428.0,8.72,-9.92,-2.56,11.17,2.25
2015-08-24,603300,22.2,20.93,22.35,20.93,34602,73129620.0,6.11,-9.98,-2.32,6.83,1.4200000000000017
2015-08-25,603300,18.85,18.84,21.99,18.84,81614,161032597.0,15.05,-9.99,-2.09,16.11,3.1499999999999986
2015-08-26,603300,19.55,20.72,20.72,19.0,124604,251739867.0,9.13,9.98,1.88,24.59,1.7199999999999989
2015-08-27,603300,21.05,22.06,22.15,19.61,120019,252773108.0,12.26,6.47,1.34,23.69,2.539999999999999
2015-08-28,603300,21.8,22.97,23.58,21.23,113330,251504238.0,10.65,4.13,0.91,22.37,2.349999999999998
2015-08-31,603300,22.47,20.67,22.47,20.67,63714,138460612.0,7.84,-10.01,-2.3,12.57,1.7999999999999972
2015-09-01,603300,20.05,18.6,20.6,18.6,71361,138229170.0,9.68,-10.01,-2.07,14.08,2.0
2015-09-02,603300,17.41,17.63,19.85,17.23,62039,115429396.0,14.09,-5.22,-0.97,12.24,2.620000000000001
2015-09-07,603300,18.22,18.3,19.0,17.71,44488,81987799.0,7.32,3.8,0.67,8.78,1.2899999999999991
2015-09-08,603300,17.86,20.13,20.13,17.86,92354,181566449.0,12.4,10.0,1.83,18.23,2.2699999999999996
2015-09-09,603300,20.79,20.99,21.57,20.25,114070,238577310.0,6.56,4.27,0.86,22.51,1.3200000000000003
2015-09-10,603300,20.0,21.08,22.15,19.6,93988,198987937.0,12.15,0.43,0.09,18.55,2.549999999999997
2015-09-11,603300,21.55,23.19,23.19,21.55,83200,188628675.0,7.78,10.01,2.11,16.42,1.6400000000000006
2015-09-14,603300,24.8,21.11,25.51,20.87,186944,445503168.0,20.01,-8.97,-2.08,36.89,4.640000000000001
2015-09-15,603300,19.57,20.75,22.38,19.0,131140,262622935.0,16.01,-1.71,-0.36,25.88,3.379999999999999
2015-09-16,603300,20.99,22.83,22.83,20.7,136130,298873696.0,10.27,10.02,2.08,26.87,2.129999999999999
2015-09-17,603300,23.0,21.7,23.49,21.51,133578,299794208.0,8.67,-4.95,-1.13,26.36,1.9799999999999969
2015-09-18,603300,21.82,21.95,22.5,20.7,80452,173198797.0,8.29,1.15,0.25,15.88,1.8000000000000007
2015-09-21,603300,21.3,23.16,23.25,20.98,86854,196091610.0,10.34,5.51,1.21,17.14,2.2699999999999996
2015-09-22,603300,23.01,25.48,25.48,23.01,117942,289485264.0,10.66,10.02,2.32,23.28,2.469999999999999
2015-09-23,603300,25.38,26.37,27.69,25.01,157117,411335376.0,10.52,3.49,0.89,31.01,2.6799999999999997
2015-10-19,603300,29.01,29.01,29.01,29.01,3287,9536428.0,0.0,10.01,2.64,0.65,0.0
2015-10-20,603300,31.91,31.91,31.91,31.91,10823,34537246.0,0.0,10.0,2.9,2.14,0.0
2015-10-21,603300,33.29,31.13,33.88,30.5,175748,567798752.0,10.59,-2.44,-0.78,34.68,3.3800000000000026
2015-10-22,603300,30.5,31.63,31.97,30.1,122024,380093360.0,6.01,1.61,0.5,24.08,1.8699999999999974
2015-10-23,603300,31.18,32.62,34.79,30.7,126587,420666480.0,12.93,3.13,0.99,24.98,4.09
2015-10-26,603300,32.0,29.89,32.3,29.36,95861,291074480.0,9.01,-8.37,-2.73,18.92,2.9399999999999977
2015-10-27,603300,29.78,29.47,30.0,27.46,71251,205461201.0,8.5,-1.41,-0.42,14.06,2.539999999999999
2015-10-28,603300,29.47,27.93,29.47,27.5,48507,138411376.0,6.68,-5.23,-1.54,9.57,1.9699999999999989
2015-10-29,603300,27.95,28.26,28.98,27.5,38400,108725124.0,5.3,1.18,0.33,7.58,1.4800000000000004
2015-10-30,603300,28.0,28.27,28.58,26.9,42620,118393017.0,5.94,0.04,0.01,8.41,1.6799999999999997
2015-11-02,603300,27.6,28.76,29.8,27.46,57060,165297548.0,8.28,1.73,0.49,11.26,2.34
2015-11-03,603300,28.49,29.02,29.39,27.77,46114,132529259.0,5.63,0.9,0.26,9.1,1.620000000000001
2015-11-04,603300,29.15,30.33,30.97,29.02,63584,190854979.0,6.72,4.51,1.31,12.55,1.9499999999999993
2015-11-05,603300,30.73,29.97,32.0,29.8,79775,246279440.0,7.25,-1.19,-0.36,15.74,2.1999999999999993
2015-11-06,603300,29.48,30.92,31.29,29.41,63143,192415680.0,6.27,3.17,0.95,12.46,1.879999999999999
2015-11-09,603300,30.5,31.19,31.8,29.75,74047,229465640.0,6.63,0.87,0.27,14.61,2.0500000000000007
2015-11-10,603300,30.9,30.57,32.22,30.4,67186,209393324.0,5.84,-1.99,-0.62,13.26,1.8200000000000003
2015-11-11,603300,30.4,33.63,33.63,29.86,103501,326852416.0,12.33,10.01,3.06,20.43,3.770000000000003
2015-11-12,603300,34.0,35.11,36.08,33.33,140453,487842656.0,8.18,4.4,1.48,27.72,2.75
2015-11-13,603300,33.84,31.62,34.55,31.6,97676,318136640.0,8.4,-9.94,-3.49,19.28,2.9499999999999957
2015-11-16,603300,30.66,31.74,31.92,29.76,48548,150904722.0,6.83,0.38,0.12,9.58,2.16
2015-11-17,603300,32.1,30.66,32.66,30.5,51930,164093996.0,6.81,-3.4,-1.08,10.25,2.1599999999999966
2015-11-18,603300,30.43,28.99,30.88,28.8,51839,153745888.0,6.78,-5.45,-1.67,10.23,2.0799999999999983
2015-11-19,603300,29.0,30.18,30.3,29.0,36677,108590523.0,4.48,4.1,1.19,7.24,1.3000000000000007
2015-11-20,603300,30.1,30.02,30.49,29.62,35460,106318738.0,2.88,-0.53,-0.16,7.0,0.8699999999999974
2015-11-23,603300,30.02,30.17,31.2,29.61,36963,112506169.0,5.3,0.5,0.15,7.29,1.5899999999999999
2015-11-24,603300,30.04,31.69,31.89,30.0,51730,160563218.0,6.26,5.04,1.52,10.21,1.8900000000000006
2015-11-25,603300,31.7,31.73,32.75,31.4,57269,183864269.0,4.26,0.13,0.04,11.3,1.3500000000000014
2015-11-26,603300,31.75,34.9,34.9,31.74,101474,337688336.0,9.96,9.99,3.17,20.03,3.16
2015-11-27,603300,35.01,33.9,36.65,33.81,139707,492329456.0,8.14,-2.87,-1.0,27.57,2.8399999999999963
2015-11-30,603300,33.4,37.29,37.29,32.5,136749,486758704.0,14.13,10.0,3.39,26.99,4.789999999999999
2015-12-01,603300,38.9,36.03,39.24,33.56,158608,585774944.0,15.23,-3.38,-1.26,31.3,5.68
2015-12-02,603300,35.2,33.42,35.2,32.5,72311,242305035.0,7.49,-7.24,-2.61,14.27,2.700000000000003
2015-12-03,603300,33.5,35.64,36.13,33.5,77831,272630768.0,7.87,6.64,2.22,15.36,2.6300000000000026
2015-12-04,603300,34.85,36.11,37.25,34.26,84645,302464304.0,8.39,1.32,0.47,16.71,2.990000000000002
2015-12-07,603300,36.08,35.7,36.45,35.0,47052,167548054.0,4.02,-1.14,-0.41,9.29,1.4500000000000028
2015-12-08,603300,35.7,33.98,36.1,33.8,59765,207293173.0,6.44,-4.82,-1.72,11.8,2.3000000000000043
2015-12-09,603300,33.7,34.36,35.5,32.13,54885,184835210.0,9.92,1.12,0.38,10.83,3.3699999999999974
2015-12-10,603300,34.0,34.68,36.25,33.6,75606,266601591.0,7.71,0.93,0.32,14.92,2.6499999999999986
2015-12-11,603300,33.97,34.89,35.87,32.95,66787,230271460.0,8.42,0.61,0.21,13.18,2.9199999999999946
2015-12-14,603300,34.1,38.38,38.38,32.99,110232,412410288.0,15.45,10.0,3.49,21.75,5.390000000000001
2015-12-15,603300,37.6,39.05,39.53,37.22,88666,341710064.0,6.02,1.75,0.67,17.5,2.3100000000000023
2015-12-16,603300,38.74,40.43,42.6,38.5,78525,315968848.0,10.5,3.53,1.38,15.5,4.100000000000001
2015-12-17,603300,40.58,41.44,42.39,39.71,71778,294550528.0,6.63,2.5,1.01,14.17,2.6799999999999997
2015-12-18,603300,41.0,42.72,44.44,39.9,77648,324487104.0,10.96,3.09,1.28,15.32,4.539999999999999
2015-12-21,603300,43.02,42.29,44.8,42.02,54002,234285165.0,6.51,-1.01,-0.43,10.66,2.779999999999994
2015-12-22,603300,41.2,46.52,46.52,41.15,73779,328496688.0,12.7,10.0,4.23,14.56,5.3700000000000045
2015-12-23,603300,46.6,47.93,49.95,45.58,66765,316691232.0,9.39,3.03,1.41,13.18,4.3700000000000045
2015-12-24,603300,48.28,48.49,50.89,46.5,49555,242294209.0,9.16,1.17,0.56,9.78,4.390000000000001
2015-12-25,603300,47.98,51.53,51.74,47.98,56403,282237360.0,7.75,6.27,3.04,11.13,3.760000000000005
2015-12-28,603300,51.74,46.38,52.5,46.38,57668,285499296.0,11.88,-9.99,-5.15,11.38,6.119999999999997
2015-12-29,603300,45.15,48.24,48.5,45.15,49737,236519464.0,7.22,4.01,1.86,9.82,3.3500000000000014
2015-12-30,603300,48.29,48.85,49.8,46.68,38064,184606881.0,6.47,1.26,0.61,7.51,3.1199999999999974
2015-12-31,603300,49.11,48.14,49.4,47.66,25302,122758443.0,3.56,-1.45,-0.71,4.99,1.740000000000002
2016-01-04,603300,47.3,46.49,49.69,44.57,29349,137922047.0,10.64,-3.43,-1.65,5.79,5.119999999999997
2016-01-05,603300,44.86,49.99,50.66,44.01,53679,256319778.0,14.3,7.53,3.5,10.59,6.649999999999999
2016-01-06,603300,49.5,54.99,54.99,49.18,69122,363201456.0,11.62,10.0,5.0,13.64,5.810000000000002
2016-01-07,603300,53.15,49.49,54.72,49.49,15219,78403357.0,9.51,-10.0,-5.5,3.0,5.229999999999997
2016-01-08,603300,51.51,52.8,53.95,44.7,49229,255626224.0,18.69,6.69,3.31,9.72,9.25
2016-01-11,603300,51.6,47.52,52.8,47.52,40757,202855067.0,10.0,-10.0,-5.28,8.04,5.279999999999994
2016-01-12,603300,47.18,46.49,49.5,42.77,46135,210313838.0,14.16,-2.17,-1.03,9.1,6.729999999999997
2016-01-13,603300,46.8,45.17,47.99,44.5,30322,141558716.0,7.51,-2.84,-1.32,5.98,3.490000000000002
2016-01-14,603300,42.51,45.71,46.88,42.01,31672,142067860.0,10.78,1.2,0.54,6.25,4.8700000000000045
2016-01-15,603300,46.73,42.26,46.73,41.14,32928,144659354.0,12.23,-7.55,-3.45,6.5,5.589999999999996
2016-01-18,603300,41.8,42.69,44.6,40.5,27090,116116739.0,9.7,1.02,0.43,5.35,4.100000000000001
2016-01-19,603300,43.78,44.59,44.86,42.71,20236,89474566.0,5.04,4.45,1.9,3.99,2.1499999999999986
2016-01-20,603300,44.7,47.5,47.6,44.0,36103,167815816.0,8.07,6.53,2.91,7.13,3.6000000000000014
2016-01-21,603300,46.6,42.76,48.8,42.75,53886,252059609.0,12.74,-9.98,-4.74,10.63,6.049999999999997
2016-01-22,603300,44.4,44.01,45.38,38.89,64416,274707552.0,15.18,2.92,1.25,12.71,6.490000000000002
2016-01-25,603300,43.6,44.04,44.8,42.55,36599,160607181.0,5.11,0.07,0.03,7.22,2.25
2016-01-26,603300,43.26,40.44,43.97,39.8,32983,137646703.0,9.47,-8.17,-3.6,6.51,4.170000000000002
2016-01-27,603300,40.72,36.4,40.72,36.4,40836,152329199.0,10.68,-9.99,-4.04,8.06,4.32
2016-01-28,603300,35.8,32.76,35.8,32.76,31627,105282011.0,8.35,-10.0,-3.64,6.24,3.039999999999999
2016-01-29,603300,31.96,32.5,34.4,29.48,48906,153689833.0,15.02,-0.79,-0.26,9.65,4.919999999999998
2016-02-01,603300,32.0,29.95,32.68,29.9,36421,114705940.0,8.55,-7.85,-2.55,7.19,2.780000000000001
2016-02-02,603300,29.8,30.94,31.88,29.8,23148,71820940.0,6.94,3.31,0.99,4.57,2.0799999999999983
2016-02-03,603300,30.7,31.74,32.15,29.68,23858,74336231.0,7.98,2.59,0.8,4.71,2.469999999999999
2016-02-04,603300,31.89,32.65,33.3,31.89,22702,74153899.0,4.44,2.87,0.91,4.48,1.4099999999999966
2016-02-05,603300,32.99,30.99,33.19,30.9,22371,71614022.0,7.01,-5.08,-1.66,4.42,2.289999999999999
2016-02-15,603300,30.3,32.2,32.46,29.5,22637,71458644.0,9.55,3.9,1.21,4.47,2.960000000000001
2016-02-16,603300,32.3,35.04,35.39,32.28,35098,118792053.0,9.66,8.82,2.84,6.93,3.1099999999999994
2016-02-17,603300,34.5,34.77,35.63,33.5,31749,110211191.0,6.08,-0.77,-0.27,6.27,2.1300000000000026
2016-02-18,603300,34.95,34.19,35.3,34.13,26712,92849093.0,3.36,-1.67,-0.58,5.27,1.1699999999999946
2016-02-19,603300,34.16,34.14,34.46,33.6,22411,76252241.0,2.52,-0.15,-0.05,4.42,0.8599999999999994
2016-02-22,603300,34.68,34.67,34.99,33.92,30702,105752678.0,3.13,1.55,0.53,6.06,1.0700000000000003
2016-02-23,603300,34.85,33.92,34.96,33.3,23226,79126460.0,4.79,-2.16,-0.75,4.58,1.6600000000000037
2016-02-24,603300,33.92,34.5,34.98,33.3,24937,85588429.0,4.95,1.71,0.58,4.92,1.6799999999999997
2016-02-25,603300,34.54,31.05,34.64,31.05,21932,71475232.0,10.41,-10.0,-3.45,4.33,3.59
2016-02-26,603300,31.0,30.03,31.75,28.86,19905,60338104.0,9.31,-3.29,-1.02,3.93,2.8900000000000006
2016-02-29,603300,30.03,27.03,30.03,27.03,30744,85123819.0,9.99,-9.99,-3.0,6.07,3.0
2016-03-01,603300,27.1,27.6,27.73,26.0,21548,58166047.0,6.4,2.11,0.57,4.25,1.7300000000000004
2016-03-02,603300,27.6,29.35,30.2,27.3,21842,62620590.0,10.51,6.34,1.75,4.31,2.8999999999999986
2016-03-03,603300,29.61,29.88,31.19,29.35,23238,70294337.0,6.27,1.81,0.53,4.59,1.8399999999999999
2016-03-04,603300,29.4,27.73,29.7,27.41,19858,56563456.0,7.66,-7.2,-2.15,3.92,2.289999999999999
2016-03-07,603300,27.6,28.57,29.0,27.6,12645,36112086.0,5.05,3.03,0.84,2.5,1.3999999999999986
2016-03-08,603300,28.95,28.58,28.99,27.01,13732,38413446.0,6.93,0.04,0.01,2.71,1.9799999999999969
2016-03-09,603300,27.8,28.01,28.38,27.3,14342,39983049.0,3.78,-1.99,-0.57,2.83,1.0799999999999983
2016-03-10,603300,28.04,27.37,28.29,27.21,13330,37138292.0,3.86,-2.28,-0.64,2.63,1.0799999999999983
2016-03-11,603300,27.1,27.24,27.84,26.9,14557,39716655.0,3.43,-0.47,-0.13,2.87,0.9400000000000013
2016-03-14,603300,27.34,28.22,28.67,27.34,27513,77580085.0,4.88,3.6,0.98,5.43,1.3300000000000018
2016-03-15,603300,28.01,28.39,29.2,28.0,24216,69138294.0,4.25,0.6,0.17,4.78,1.1999999999999993
2016-03-16,603300,28.44,27.82,28.97,27.7,16063,45379545.0,4.47,-2.01,-0.57,3.17,1.2699999999999996
2016-03-17,603300,28.0,28.71,28.76,27.56,34498,97817143.0,4.31,3.2,0.89,6.81,1.2000000000000028
2016-03-18,603300,28.88,30.44,30.5,28.88,41030,122645048.0,5.64,6.03,1.73,8.1,1.620000000000001
2016-03-21,603300,30.85,31.48,31.97,30.8,38131,119386635.0,3.84,3.42,1.04,7.53,1.1699999999999982
2016-03-22,603300,31.14,30.71,31.14,30.4,30874,94939380.0,2.35,-2.45,-0.77,6.09,0.740000000000002
2016-03-23,603300,30.7,31.37,31.69,30.41,32518,101260804.0,4.17,2.15,0.66,6.42,1.2800000000000011
2016-03-24,603300,31.35,32.13,32.99,30.52,51629,165069483.0,7.87,2.42,0.76,10.19,2.4700000000000024
2016-03-25,603300,32.0,31.42,32.32,30.9,32718,103467122.0,4.42,-2.21,-0.71,6.46,1.4200000000000017
2016-03-28,603300,31.85,30.63,31.88,30.5,29186,91139730.0,4.39,-2.51,-0.79,5.76,1.379999999999999
2016-03-29,603300,30.6,29.71,30.6,29.5,24043,71696213.0,3.59,-3.0,-0.92,4.75,1.1000000000000014
2016-03-30,603300,30.0,31.33,31.37,29.72,31865,96904937.0,5.55,5.45,1.62,6.29,1.6500000000000021
2016-03-31,603300,31.48,30.92,32.69,30.9,44014,139585839.0,5.71,-1.31,-0.41,8.69,1.7899999999999991
2016-04-01,603300,30.72,30.42,30.83,29.89,25519,77108438.0,3.04,-1.62,-0.5,5.04,0.9399999999999977
2016-04-05,603300,30.51,31.75,31.97,30.5,36771,115709409.0,4.83,4.37,1.33,7.26,1.4699999999999989
2016-04-06,603300,31.79,33.75,34.4,31.69,58687,194481681.0,8.54,6.3,2.0,11.58,2.7099999999999973
2016-04-07,603300,34.25,35.22,36.98,34.25,96351,342917952.0,8.09,4.36,1.47,19.02,2.729999999999997
2016-04-08,603300,34.6,38.74,38.74,34.4,85197,313441168.0,12.32,9.99,3.52,16.81,4.340000000000003
2016-04-11,603300,39.6,39.03,40.51,37.6,108655,425129264.0,7.51,0.75,0.29,21.44,2.9099999999999966
2016-04-12,603300,39.14,37.32,39.18,36.88,61941,233473099.0,5.89,-4.38,-1.71,12.22,2.299999999999997
2016-04-13,603300,36.9,37.24,38.97,36.9,56906,216194943.0,5.55,-0.21,-0.08,11.23,2.0700000000000003
2016-04-14,603300,37.02,37.95,38.6,37.0,50139,189324701.0,4.3,1.91,0.71,9.9,1.6000000000000014
2016-04-15,603300,37.63,37.03,37.95,36.8,35576,132128440.0,3.03,-2.42,-0.92,7.02,1.1500000000000057
2016-04-18,603300,36.88,35.5,36.9,35.06,45197,160483022.0,4.97,-4.13,-1.53,8.92,1.8399999999999963
2016-04-19,603300,36.0,36.13,36.34,35.7,29491,106479749.0,1.8,1.77,0.63,5.82,0.6400000000000006
2016-04-20,603300,36.2,33.06,36.48,32.58,47887,163308751.0,10.79,-8.5,-3.07,9.45,3.8999999999999986
2016-04-21,603300,33.06,31.73,33.45,31.42,33863,110306835.0,6.14,-4.02,-1.33,6.68,2.030000000000001
2016-04-22,603300,31.18,32.31,32.45,31.02,25003,79711030.0,4.51,1.83,0.58,4.93,1.4300000000000033
2016-04-25,603300,32.3,31.3,32.3,30.6,23114,72517210.0,5.26,-3.13,-1.01,4.56,1.6999999999999957
2016-04-26,603300,31.5,34.43,34.43,31.18,42853,140363276.0,10.38,10.0,3.13,8.46,3.25
2016-04-27,603300,34.43,34.28,35.4,33.53,50290,173105876.0,5.43,-0.44,-0.15,9.92,1.8699999999999974
2016-04-28,603300,34.4,34.75,35.48,33.58,52836,183553709.0,5.54,1.37,0.47,10.43,1.8999999999999986
2016-04-29,603300,34.75,33.62,35.18,33.5,41614,142270867.0,4.83,-3.25,-1.13,8.21,1.6799999999999997
2016-05-03,603300,33.64,34.23,34.38,32.5,35267,119101343.0,5.59,1.81,0.61,6.96,1.8800000000000026
2016-05-04,603300,34.27,33.86,34.27,33.51,31020,105171052.0,2.22,-1.08,-0.37,6.12,0.7600000000000051
2016-05-05,603300,33.54,33.73,33.8,33.0,30558,102462993.0,2.36,-0.38,-0.13,6.03,0.7999999999999972
2016-05-06,603300,33.73,34.21,35.18,33.73,74548,257635816.0,4.3,1.42,0.48,14.71,1.4500000000000028
2016-05-09,603300,34.21,31.35,34.21,31.11,39256,125797621.0,9.06,-8.36,-2.86,7.75,3.1000000000000014
2016-05-10,603300,31.09,31.2,31.79,30.6,23502,73422557.0,3.8,-0.48,-0.15,4.64,1.1899999999999977
2016-05-11,603300,31.6,30.66,31.75,30.49,18638,57731737.0,4.04,-1.73,-0.54,3.68,1.2600000000000016
2016-05-12,603300,30.1,30.15,30.6,29.11,20446,61050980.0,4.86,-1.66,-0.51,4.04,1.490000000000002
2016-05-13,603300,30.4,30.25,30.98,29.83,18069,54994914.0,3.81,0.33,0.1,3.57,1.1500000000000021
2016-05-16,603300,30.45,30.53,30.58,29.6,20013,60199669.0,3.24,0.93,0.28,3.95,0.9799999999999969
2016-05-17,603300,29.9,29.97,30.38,29.55,29492,88171231.0,2.72,-1.83,-0.56,5.82,0.8299999999999983
2016-05-18,603300,29.7,27.63,29.88,27.28,30011,85399220.0,8.68,-7.81,-2.34,5.92,2.599999999999998
2016-05-19,603300,27.74,27.7,28.44,27.57,21295,59684737.0,3.15,0.25,0.07,4.2,0.870000000000001
2016-05-20,603300,27.1,27.98,28.0,27.1,21012,57769957.0,3.25,1.01,0.28,4.15,0.8999999999999986
2016-05-23,603300,28.1,28.9,29.49,28.1,28582,82569004.0,4.97,3.29,0.92,5.64,1.389999999999997
2016-05-24,603300,28.76,28.02,28.79,27.95,22047,62260518.0,2.91,-3.04,-0.88,4.35,0.8399999999999999
2016-05-25,603300,27.8,27.69,28.38,27.35,26033,72657516.0,3.68,-1.18,-0.33,5.14,1.0299999999999976
2016-05-26,603300,27.74,27.55,28.04,26.9,22861,62241251.0,4.12,-0.51,-0.14,4.51,1.1400000000000006
2016-05-27,603300,27.55,27.8,28.45,27.3,27454,76811690.0,4.17,0.91,0.25,5.42,1.1499999999999986
2016-05-30,603300,27.55,27.88,28.48,26.93,23793,66433621.0,5.58,0.29,0.08,1.71,1.5500000000000007
2016-05-31,603300,27.8,29.13,29.2,27.8,58625,169541199.0,5.02,4.48,1.25,4.22,1.3999999999999986
2016-06-01,603300,29.21,28.96,29.49,28.79,50442,146995058.0,2.4,-0.58,-0.17,3.63,0.6999999999999993
2016-06-02,603300,28.88,30.81,31.2,28.7,59283,178046481.0,8.63,6.39,1.85,4.26,2.5
2016-06-03,603300,31.32,31.23,32.26,30.91,77580,244077922.0,4.38,1.36,0.42,5.58,1.3499999999999979
2016-06-06,603300,31.48,30.66,31.99,30.35,48543,148833031.0,5.25,-1.83,-0.57,3.49,1.639999999999997
2016-06-07,603300,30.71,32.46,32.65,30.45,70790,222932118.0,7.18,5.87,1.8,5.09,2.1999999999999993
2016-06-08,603300,32.5,31.38,32.56,31.25,58529,185113944.0,4.04,-3.33,-1.08,4.21,1.3100000000000023
2016-06-13,603300,31.22,29.36,32.44,28.84,43705,68682435.0,11.47,-6.44,-2.02,1.57,3.599999999999998
2016-06-14,603300,28.04,27.84,28.6,27.04,75535,105420271.0,5.31,-5.18,-1.52,2.72,1.5600000000000023
2016-06-15,603300,27.18,28.84,29.38,27.14,77390,110373750.0,8.05,3.59,1.0,2.78,2.2399999999999984
2016-06-16,603300,29.16,28.08,29.18,27.84,64071,90644200.0,4.65,-2.64,-0.76,2.3,1.3399999999999999
2016-06-17,603300,28.08,28.12,28.74,27.64,47414,67072071.0,3.92,0.14,0.04,1.7,1.0999999999999979
2016-06-20,603300,28.04,28.96,29.64,27.26,84745,120872989.0,8.46,2.99,0.84,3.05,2.379999999999999
2016-06-21,603300,28.56,28.14,28.96,27.84,69315,98184959.0,3.87,-2.83,-0.82,2.49,1.120000000000001
2016-06-22,603300,28.14,28.2,28.3,27.74,40121,56174672.0,1.99,0.21,0.06,1.44,0.5600000000000023
2016-06-23,603300,28.2,27.9,28.66,27.68,39114,54662581.0,3.48,-1.06,-0.3,1.41,0.9800000000000004
2016-06-24,603300,27.84,27.7,28.12,26.96,56193,77342275.0,4.16,-0.72,-0.2,2.02,1.1600000000000001
2016-06-27,603300,27.7,28.4,28.5,27.7,46800,66065563.0,2.89,2.53,0.7,1.68,0.8000000000000007
2016-06-28,603300,28.24,28.74,29.24,27.9,71340,101681587.0,4.72,1.2,0.34,2.57,1.3399999999999999
2016-06-29,603300,29.02,29.3,30.0,28.62,102325,149567455.0,4.8,1.95,0.56,3.68,1.379999999999999
2016-06-30,603300,28.94,28.68,29.3,28.54,59884,85947778.0,2.59,-2.12,-0.62,2.15,0.7600000000000016
2016-07-01,603300,28.88,28.32,28.88,28.1,42761,60762899.0,2.72,-1.26,-0.36,1.54,0.7799999999999976
2016-07-04,603300,28.04,28.7,28.98,27.8,50644,72455505.0,4.17,1.34,0.38,1.82,1.1799999999999997
2016-07-05,603300,28.84,28.56,28.84,28.04,78666,111505498.0,2.79,-0.49,-0.14,2.83,0.8000000000000007
2016-07-06,603300,28.56,28.82,28.88,28.16,68539,97789427.0,2.52,0.91,0.26,2.46,0.7199999999999989
2016-07-07,603300,28.82,28.44,29.02,28.16,83843,118939850.0,2.98,-1.32,-0.38,3.01,0.8599999999999994
2016-07-08,603300,28.36,28.14,28.44,28.04,81593,114715173.0,1.41,-1.05,-0.3,2.93,0.40000000000000213
2016-07-11,603300,27.74,27.64,28.0,27.54,115801,160602592.0,1.63,-1.78,-0.5,4.16,0.46000000000000085
2016-07-12,603300,27.84,28.32,28.7,27.2,106524,147589942.0,5.43,2.46,0.68,3.83,1.5
2016-07-13,603300,28.42,28.86,29.02,27.98,218415,309959728.0,3.67,1.91,0.54,7.85,1.0399999999999991
2016-07-14,603300,28.54,28.4,28.7,28.18,155936,221079654.0,1.8,-1.59,-0.46,5.61,0.5199999999999996
2016-07-15,603300,28.58,28.4,28.8,28.32,101882,144944484.0,1.69,0.0,0.0,3.66,0.4800000000000004
2016-07-18,603300,28.36,27.74,28.36,27.64,120620,167630699.0,2.54,-2.32,-0.66,4.34,0.7199999999999989
2016-07-19,603300,27.84,27.82,27.86,27.4,76775,105681604.0,1.66,0.29,0.08,2.76,0.46000000000000085
2016-07-20,603300,28.04,27.78,28.04,27.64,71743,99636990.0,1.44,-0.14,-0.04,2.58,0.3999999999999986
2016-07-21,603300,27.94,27.86,28.02,27.72,75681,105171705.0,1.08,0.29,0.08,2.72,0.3000000000000007
2016-07-22,603300,27.96,27.66,27.96,27.52,73369,101233989.0,1.58,-0.72,-0.2,2.64,0.4400000000000013
2016-07-25,603300,27.66,27.48,27.66,27.28,60503,82909872.0,1.37,-0.65,-0.18,2.18,0.379999999999999
2016-07-26,603300,27.54,27.62,27.64,27.42,66872,91837014.0,0.8,0.51,0.14,2.4,0.21999999999999886
2016-07-27,603300,27.62,25.66,27.62,25.46,188216,249376211.0,7.82,-7.1,-1.96,6.77,2.16
2016-07-28,603300,25.4,24.92,25.58,24.64,98079,122952272.0,3.66,-2.88,-0.74,3.53,0.9399999999999977
2016-07-29,603300,25.04,25.0,25.32,24.88,53695,67175081.0,1.77,0.32,0.08,1.93,0.4400000000000013
2016-08-01,603300,24.94,23.92,24.94,23.64,80195,96167634.0,5.2,-4.32,-1.08,2.88,1.3000000000000007
2016-08-02,603300,23.88,24.1,24.14,23.86,40741,48864554.0,1.17,0.75,0.18,1.46,0.28000000000000114
2016-08-03,603300,24.0,23.86,24.08,23.84,47023,56159520.0,1.0,-1.0,-0.24,1.69,0.23999999999999844
2016-08-04,603300,23.88,24.26,24.4,23.54,77137,92563679.0,3.6,1.68,0.4,2.77,0.8599999999999994
2016-08-05,603300,24.04,23.76,24.14,23.74,69646,83130209.0,1.65,-2.06,-0.5,2.5,0.40000000000000213
2016-08-08,603300,23.8,24.24,24.34,23.5,81719,98022655.0,3.54,2.02,0.48,2.94,0.8399999999999999
2016-08-09,603300,24.22,24.66,24.72,24.08,76654,93882580.0,2.64,1.73,0.42,2.76,0.6400000000000006
2016-08-10,603300,24.62,24.38,24.68,24.34,66400,81178997.0,1.38,-1.14,-0.28,2.39,0.33999999999999986
2016-08-11,603300,24.48,24.36,24.86,24.32,60630,74272016.0,2.21,-0.08,-0.02,2.18,0.5399999999999991
2016-08-12,603300,24.26,24.56,24.58,24.06,49707,60309389.0,2.13,0.82,0.2,1.79,0.5199999999999996
2016-08-15,603300,24.46,25.26,25.56,24.4,122354,152948148.0,4.72,2.85,0.7,4.4,1.1600000000000001
2016-08-16,603300,25.34,25.58,26.04,25.06,122029,154278264.0,3.88,1.27,0.32,4.39,0.9800000000000004
2016-08-17,603300,25.5,25.3,25.56,25.26,60695,76852382.0,1.17,-1.09,-0.28,2.18,0.29999999999999716
2016-08-18,603300,25.24,25.08,25.46,24.96,61183,76957707.0,1.98,-0.87,-0.22,2.2,0.5
2016-08-19,603300,25.08,24.78,25.14,24.6,67421,83224418.0,2.15,-1.2,-0.3,2.42,0.5399999999999991
2016-08-22,603300,24.74,24.42,25.0,24.4,53300,65502517.0,2.42,-1.45,-0.36,1.92,0.6000000000000014
2016-08-23,603300,24.46,24.58,24.6,24.34,48342,59104721.0,1.06,0.66,0.16,1.74,0.26000000000000156
2016-08-24,603300,24.62,24.52,24.74,24.44,46484,57032991.0,1.22,-0.24,-0.06,1.67,0.29999999999999716
2016-08-25,603300,24.22,24.0,24.22,23.66,62769,74802638.0,2.28,-2.12,-0.52,2.26,0.5599999999999987
2016-08-26,603300,24.0,26.4,26.4,23.98,203253,261051604.0,10.08,10.0,2.4,7.31,2.419999999999998
2016-08-29,603300,26.44,25.74,26.92,25.62,282184,370656432.0,4.92,-2.5,-0.66,10.15,1.3000000000000007
2016-08-30,603300,26.16,25.6,26.16,25.2,142376,180980404.0,3.73,-0.54,-0.14,5.12,0.9600000000000009
2016-08-31,603300,25.62,25.62,26.2,25.36,131784,168869020.0,3.28,0.08,0.02,4.74,0.8399999999999999
2016-09-01,603300,25.72,24.84,25.78,24.78,106991,134883498.0,3.9,-3.04,-0.78,3.85,1.0
2016-09-02,603300,24.36,24.66,24.98,24.36,67231,82878824.0,2.5,-0.72,-0.18,2.42,0.620000000000001
2016-09-05,603300,24.64,24.66,24.94,24.52,53078,65469239.0,1.7,0.0,0.0,1.91,0.4200000000000017
2016-09-06,603300,24.72,26.1,26.14,24.46,193478,246326373.0,6.81,5.84,1.44,6.96,1.6799999999999997
2016-09-07,603300,26.04,25.54,26.04,25.44,115368,147998834.0,2.3,-2.15,-0.56,4.15,0.5999999999999979
2016-09-08,603300,25.56,25.86,26.24,25.46,107768,139222326.0,3.05,1.25,0.32,3.87,0.7799999999999976
2016-09-09,603300,26.1,25.44,26.12,25.4,92542,118665094.0,2.78,-1.62,-0.42,3.33,0.7200000000000024
2016-09-12,603300,24.84,24.72,25.34,24.64,82961,103079549.0,2.75,-2.83,-0.72,2.98,0.6999999999999993
2016-09-13,603300,24.82,24.98,25.32,24.82,48455,60569919.0,2.02,1.05,0.26,1.74,0.5
2016-09-14,603300,24.9,24.78,25.14,24.64,53141,65928803.0,2.0,-0.8,-0.2,1.91,0.5
2016-09-19,603300,24.84,25.32,25.38,24.84,52366,65868859.0,2.18,2.18,0.54,1.88,0.5399999999999991
2016-09-20,603300,25.4,25.32,25.54,25.06,45327,57184652.0,1.9,0.0,0.0,1.63,0.4800000000000004
2016-09-21,603300,25.34,25.5,25.82,25.2,71363,90810077.0,2.45,0.71,0.18,2.57,0.620000000000001
2016-09-22,603300,25.58,25.38,25.78,25.32,58751,74835643.0,1.8,-0.47,-0.12,2.11,0.46000000000000085
2016-09-23,603300,25.38,24.98,25.66,24.96,54200,68131695.0,2.76,-1.58,-0.4,1.95,0.6999999999999993
2016-09-26,603300,24.74,24.5,25.08,24.46,75965,93820539.0,2.48,-1.92,-0.48,2.73,0.6199999999999974
2016-09-27,603300,24.44,24.66,24.68,24.16,56990,69594797.0,2.12,0.65,0.16,2.05,0.5199999999999996
2016-09-28,603300,24.64,24.8,25.24,24.52,44116,54804360.0,2.92,0.57,0.14,1.59,0.7199999999999989
2016-09-29,603300,24.82,25.66,26.0,24.82,172007,219181366.0,4.76,3.47,0.86,6.18,1.1799999999999997
2016-09-30,603300,25.7,25.7,25.78,25.46,77466,99106361.0,1.25,0.16,0.04,2.79,0.3200000000000003
2016-10-10,603300,25.66,26.3,26.82,25.54,141141,184004373.0,4.98,2.33,0.6,5.07,1.2800000000000011
2016-10-11,603300,26.16,26.64,26.8,26.06,156346,206859216.0,2.81,1.29,0.34,5.62,0.740000000000002
2016-10-12,603300,26.44,26.54,26.76,26.26,90210,119371396.0,1.88,-0.38,-0.1,3.24,0.5
2016-10-13,603300,26.64,26.62,26.78,26.32,93659,124082907.0,1.73,0.3,0.08,3.37,0.46000000000000085
2016-10-14,603300,26.52,26.22,26.82,26.08,75976,99978349.0,2.78,-1.5,-0.4,2.73,0.740000000000002
2016-10-17,603300,26.26,26.04,26.74,25.84,79052,103973000.0,3.43,-0.69,-0.18,2.84,0.8999999999999986
2016-10-18,603300,25.94,26.4,26.42,25.94,58900,77267609.0,1.84,1.38,0.36,2.12,0.4800000000000004
2016-10-19,603300,26.42,26.38,26.58,26.1,64619,84946189.0,1.82,-0.08,-0.02,2.32,0.4799999999999969
2016-11-02,603300,27.48,26.56,28.04,26.14,280226,378612192.0,7.2,0.68,0.18,10.08,1.8999999999999986
2016-11-03,603300,25.84,25.98,26.24,25.56,160918,208006330.0,2.56,-2.18,-0.58,5.79,0.6799999999999997
2016-11-04,603300,25.66,25.78,26.16,25.5,86584,111393988.0,2.54,-0.77,-0.2,3.11,0.6600000000000001
2016-11-07,603300,25.76,26.06,26.24,25.44,73689,95527598.0,3.1,1.09,0.28,2.65,0.7999999999999972
2016-11-08,603300,26.04,25.94,26.14,25.8,56199,72750835.0,1.3,-0.46,-0.12,2.02,0.33999999999999986
2016-11-09,603300,25.94,25.42,25.96,25.2,92752,118520161.0,2.93,-2.0,-0.52,3.34,0.7600000000000016
2016-11-10,603300,25.66,25.8,26.02,25.48,74246,95720416.0,2.12,1.49,0.38,2.67,0.5399999999999991
2016-11-11,603300,25.8,26.44,27.04,25.56,140187,184605066.0,5.74,2.48,0.64,5.04,1.4800000000000004
2016-11-14,603300,26.32,26.24,26.44,26.08,92289,120873085.0,1.36,-0.76,-0.2,3.32,0.360000000000003
2016-11-15,603300,26.18,26.54,26.56,26.16,88326,116523832.0,1.52,1.14,0.3,3.18,0.3999999999999986
2016-11-16,603300,26.6,29.2,29.2,26.52,344557,479245808.0,10.1,10.02,2.66,12.39,2.6799999999999997
2016-11-17,603300,29.24,32.12,32.12,28.84,969090,1512436896.0,11.23,10.0,2.92,34.85,3.2799999999999976
2016-11-18,603300,31.76,31.06,32.62,30.82,861967,1365897216.0,5.6,-3.3,-1.06,30.99,1.7999999999999972
2016-11-21,603300,31.06,34.16,34.16,30.66,953491,1585658960.0,11.27,9.98,3.1,34.28,3.4999999999999964
2016-11-22,603300,33.54,33.74,35.84,32.06,743076,1251115712.0,11.07,-1.23,-0.42,26.72,3.780000000000001
2016-11-23,603300,33.02,31.8,33.58,31.08,647267,1041192000.0,7.41,-5.75,-1.94,23.27,2.5
2016-11-24,603300,31.62,30.6,31.76,30.12,563380,871530048.0,5.16,-3.77,-1.2,20.26,1.6400000000000006
2016-11-25,603300,30.04,30.3,30.52,29.26,332968,499106624.0,4.12,-0.98,-0.3,11.97,1.259999999999998
2016-11-28,603300,30.16,28.64,30.54,28.48,588916,865163616.0,6.8,-5.48,-1.66,21.18,2.0599999999999987
2016-11-29,603300,28.6,28.32,29.04,28.04,312327,444154992.0,3.49,-1.12,-0.32,11.23,1.0
2016-11-30,603300,28.32,28.48,28.76,28.24,201797,287067184.0,1.84,0.56,0.16,7.26,0.5200000000000031
2016-12-01,603300,28.42,28.76,28.84,28.26,183481,261518889.0,2.04,0.98,0.28,6.6,0.5799999999999983
2016-12-02,603300,28.7,28.38,29.28,28.08,225284,322989952.0,4.17,-1.32,-0.38,8.1,1.2000000000000028
2016-12-05,603300,27.64,27.52,28.4,27.34,176918,245487274.0,3.74,-3.03,-0.86,6.36,1.0599999999999987
2016-12-06,603300,27.66,28.02,28.2,27.5,134371,186731760.0,2.54,1.82,0.5,4.83,0.6999999999999993
2016-12-07,603300,28.0,28.44,28.6,27.46,173848,243922872.0,4.07,1.5,0.42,6.25,1.1400000000000006
2016-12-08,603300,28.3,29.0,29.22,28.12,249147,356051216.0,3.87,1.97,0.56,8.96,1.0999999999999979
2016-12-09,603300,28.64,28.54,29.16,28.44,174476,250522827.0,2.48,-1.59,-0.46,6.27,0.7199999999999989
2016-12-12,603300,28.44,25.7,28.62,25.7,243988,328886784.0,10.23,-9.95,-2.84,8.77,2.9200000000000017
2016-12-13,603300,25.16,26.12,26.34,24.94,153703,197333215.0,5.45,1.63,0.42,5.53,1.3999999999999986
2016-12-14,603300,26.12,26.46,26.88,26.08,157428,207924952.0,3.06,1.3,0.34,5.66,0.8000000000000007
2016-12-15,603300,26.42,26.92,27.74,26.34,128573,174208543.0,5.29,1.74,0.46,4.62,1.3999999999999986
2016-12-16,603300,26.76,27.26,27.56,26.76,108717,147815067.0,2.97,1.26,0.34,3.91,0.7999999999999972
2016-12-19,603300,28.24,29.62,29.88,28.24,607244,885239904.0,6.02,8.66,2.36,21.83,1.6400000000000006
2016-12-20,603300,29.12,29.56,29.62,28.8,430071,629512656.0,2.77,-0.2,-0.06,15.46,0.8200000000000003
2016-12-21,603300,29.54,31.78,32.42,29.54,942635,1457560000.0,9.74,7.51,2.22,33.89,2.8800000000000026
2016-12-22,603300,31.84,32.98,33.68,31.84,586186,967114704.0,5.79,3.78,1.2,21.08,1.8399999999999999
2016-12-23,603300,32.94,32.3,33.36,31.04,384760,623267152.0,7.03,-2.06,-0.68,13.83,2.3200000000000003
2016-12-26,603300,32.34,32.44,33.38,31.84,355568,576013936.0,4.77,0.43,0.14,12.78,1.5400000000000027
2016-12-27,603300,32.12,32.28,32.54,31.06,388199,619673296.0,4.56,-0.49,-0.16,13.96,1.4800000000000004
2016-12-28,603300,32.16,32.36,33.0,31.86,269216,436583360.0,3.53,0.25,0.08,9.68,1.1400000000000006
2016-12-29,603300,31.84,31.38,32.22,31.22,328935,521559728.0,3.09,-3.03,-0.98,11.83,1.0
2016-12-30,603300,32.34,33.28,33.38,32.26,628009,1029510160.0,3.57,6.05,1.9,22.58,1.1200000000000045
2017-01-03,603300,32.82,32.78,33.0,32.24,220397,359487376.0,2.28,-1.5,-0.5,7.92,0.759999999999998
2017-01-04,603300,32.78,33.1,33.2,32.66,253226,415762608.0,1.65,0.98,0.32,9.11,0.5400000000000063
2017-01-05,603300,32.68,33.42,33.54,32.68,272438,450863232.0,2.6,0.97,0.32,9.8,0.8599999999999994
2017-01-06,603300,33.38,34.0,34.5,32.94,580514,978975792.0,4.67,1.74,0.58,20.87,1.5600000000000023
2017-01-09,603300,34.24,34.24,34.84,33.64,634381,1082270080.0,3.53,0.71,0.24,22.81,1.2000000000000028
2017-01-10,603300,34.24,36.7,37.66,34.24,616334,1114566032.0,9.99,7.18,2.46,22.16,3.4199999999999946
2017-01-11,603300,36.14,36.72,37.22,35.68,426878,776637680.0,4.2,0.05,0.02,15.35,1.5399999999999991
2017-01-12,603300,36.74,37.48,39.36,36.64,747510,1430593552.0,7.41,2.07,0.76,26.88,2.719999999999999
2017-01-13,603300,37.34,36.06,37.34,35.04,279254,507334352.0,6.14,-3.79,-1.42,10.04,2.3000000000000043
2017-01-16,603300,36.14,37.06,37.2,33.14,347899,629352240.0,11.26,2.77,1.0,12.51,4.060000000000002
2017-01-17,603300,36.64,37.1,37.46,33.76,363711,652528160.0,9.98,0.11,0.04,13.08,3.700000000000003
2017-01-18,603300,37.04,38.44,38.64,37.04,460021,872735296.0,4.31,3.61,1.34,16.54,1.6000000000000014
2017-01-19,603300,37.84,37.38,38.02,36.82,327905,610467696.0,3.12,-2.76,-1.06,11.79,1.2000000000000028
2017-01-20,603300,37.02,37.78,38.44,36.78,338481,632585088.0,4.44,1.07,0.4,12.17,1.6599999999999966
2017-01-23,603300,38.24,39.68,39.92,38.24,445128,876488672.0,4.45,5.03,1.9,16.01,1.6799999999999997
2017-01-24,603300,39.42,38.94,39.68,38.28,310414,602020432.0,3.53,-1.86,-0.74,11.16,1.3999999999999986
2017-01-25,603300,38.94,38.04,38.94,37.88,182755,350168144.0,2.72,-2.31,-0.9,6.57,1.0599999999999952
2017-01-26,603300,38.26,38.54,39.04,37.44,200241,383981360.0,4.21,1.31,0.5,7.2,1.6000000000000014
2017-02-03,603300,38.48,38.4,38.64,38.04,88384,168798201.0,1.56,-0.36,-0.14,3.18,0.6000000000000014
2017-02-06,603300,38.4,38.48,38.64,37.4,138273,264992318.0,3.23,0.21,0.08,4.97,1.240000000000002
2017-02-07,603300,38.52,39.84,40.2,38.34,401084,785513952.0,4.83,3.53,1.36,14.42,1.8599999999999994
2017-02-08,603300,39.76,41.84,42.04,39.76,329588,672633968.0,5.72,5.02,2.0,11.85,2.280000000000001
2017-02-09,603300,42.04,43.78,43.96,41.34,258875,555461888.0,6.26,4.64,1.94,9.31,2.6199999999999974
2017-02-10,603300,43.7,43.88,44.36,43.36,323949,708411456.0,2.28,0.23,0.1,11.65,1.0
2017-02-13,603300,44.1,45.42,45.64,44.06,256129,578055376.0,3.6,3.51,1.54,9.21,1.5799999999999983
2017-02-14,603300,45.64,46.58,47.04,44.84,229188,528433872.0,4.84,2.55,1.16,8.24,2.1999999999999957
2017-02-15,603300,46.58,45.82,47.36,45.64,179703,417438624.0,3.69,-1.63,-0.76,6.46,1.7199999999999989
2017-02-16,603300,46.3,48.68,48.84,46.24,309923,739079088.0,5.67,6.24,2.86,11.14,2.6000000000000014
2017-02-17,603300,48.94,47.98,49.46,47.86,278578,677993120.0,3.29,-1.44,-0.7,10.02,1.6000000000000014
2017-02-20,603300,48.04,47.86,48.84,46.92,250256,596649600.0,4.0,-0.25,-0.12,9.0,1.9200000000000017
2017-02-21,603300,47.48,47.84,48.64,47.48,172522,412445008.0,2.42,-0.04,-0.02,6.2,1.1600000000000037
2017-02-22,603300,47.84,47.82,48.04,46.56,202273,480516368.0,3.09,-0.04,-0.02,7.27,1.4799999999999969
2017-02-23,603300,47.84,46.76,47.9,44.58,230751,535452768.0,6.94,-2.22,-1.06,8.3,3.3200000000000003
2017-02-24,603300,46.84,46.4,47.32,45.68,205324,474763744.0,3.51,-0.77,-0.36,7.38,1.6400000000000006
2017-02-27,603300,46.4,45.42,46.4,44.7,190353,431276288.0,3.66,-2.11,-0.98,6.84,1.6999999999999957
2017-02-28,603300,45.64,40.88,46.0,40.88,186022,397668288.0,11.27,-10.0,-4.54,6.69,5.119999999999997
2017-03-01,603300,36.8,36.8,36.8,36.8,146269,268842416.0,0.0,-9.98,-4.08,5.26,0.0
2017-03-02,603300,33.12,36.04,39.04,33.12,1759512,3015715616.0,16.09,-2.07,-0.76,63.27,5.920000000000002
2017-03-03,603300,33.04,32.62,34.32,32.44,1364672,2262867328.0,5.22,-9.49,-3.42,49.07,1.8800000000000026
2017-03-06,603300,31.64,32.2,32.58,31.2,763639,1212400896.0,4.23,-1.29,-0.42,27.46,1.379999999999999
2017-03-07,603300,31.84,32.06,32.58,31.76,479837,770443792.0,2.55,-0.43,-0.14,17.25,0.8199999999999967
2017-03-08,603300,32.06,32.16,32.42,31.66,416397,665159936.0,2.37,0.31,0.1,14.97,0.7600000000000016
2017-03-09,603300,32.12,31.4,32.12,31.3,352245,556941328.0,2.55,-2.36,-0.76,12.67,0.8199999999999967
2017-03-10,603300,31.36,31.46,31.74,31.26,246077,386829840.0,1.53,0.19,0.06,8.85,0.4799999999999969
2017-03-13,603300,31.48,31.02,31.5,30.54,344138,530598304.0,3.05,-1.4,-0.44,12.37,0.9600000000000009
2017-03-14,603300,30.92,31.82,31.94,30.54,548836,857981568.0,4.51,2.58,0.8,19.73,1.4000000000000021
2017-03-15,603300,31.44,31.34,31.78,31.28,269804,424275872.0,1.57,-1.51,-0.48,9.7,0.5
2017-03-16,603300,31.42,31.92,32.22,31.24,414964,658968544.0,3.13,1.85,0.58,14.92,0.9800000000000004
2017-03-17,603300,31.74,32.32,33.0,31.66,582176,942141456.0,4.2,1.25,0.4,20.93,1.3399999999999999
2017-03-20,603300,32.14,32.2,32.64,31.7,356505,571562240.0,2.91,-0.37,-0.12,12.82,0.9400000000000013
2017-03-21,603300,32.24,33.76,34.3,31.88,835129,1393558768.0,7.52,4.84,1.56,30.03,2.419999999999998
2017-03-22,603300,33.46,33.58,34.02,32.98,612728,1023013424.0,3.08,-0.53,-0.18,22.03,1.0400000000000063
2017-03-23,603300,33.24,32.74,34.02,32.08,459710,761452896.0,5.78,-2.5,-0.84,16.53,1.9400000000000048
2017-03-24,603300,32.68,32.32,33.04,32.06,310473,502062496.0,2.99,-1.28,-0.42,11.16,0.9799999999999969
2017-03-27,603300,32.08,31.82,32.44,31.28,304052,482617904.0,3.59,-1.55,-0.5,10.93,1.1599999999999966
2017-03-28,603300,31.82,32.02,32.2,31.32,239272,380334768.0,2.77,0.63,0.2,8.6,0.8800000000000026
2017-03-29,603300,31.84,31.96,32.74,31.74,272478,438635648.0,3.12,-0.19,-0.06,9.8,1.0000000000000036
2017-03-30,603300,31.64,29.68,31.68,29.64,388384,593048112.0,6.38,-7.13,-2.28,13.96,2.039999999999999
2017-03-31,603300,29.68,28.78,30.2,28.44,297650,432741200.0,5.93,-3.03,-0.9,10.7,1.759999999999998
2017-04-05,603300,28.78,29.52,30.02,28.78,256176,376734816.0,4.31,2.57,0.74,9.21,1.2399999999999984
2017-04-06,603300,29.64,29.86,30.22,29.26,223699,331937872.0,3.25,1.15,0.34,8.04,0.9599999999999973
2017-04-07,603300,29.7,29.42,30.0,29.34,152669,225448141.0,2.21,-1.47,-0.44,5.49,0.6600000000000001
2017-04-10,603300,29.22,28.32,29.42,28.04,240437,342822656.0,4.69,-3.74,-1.1,8.65,1.3800000000000026
2017-04-11,603300,28.24,28.58,28.6,27.64,229004,320577312.0,3.39,0.92,0.26,8.23,0.9600000000000009
2017-04-12,603300,28.44,27.86,28.52,27.74,128250,179880253.0,2.73,-2.52,-0.72,4.61,0.7800000000000011
2017-04-13,603300,27.74,27.96,28.2,27.72,93185,129996926.0,1.72,0.36,0.1,3.35,0.4800000000000004
2017-04-14,603300,27.96,26.86,27.98,26.84,174251,236949345.0,4.08,-3.93,-1.1,6.27,1.1400000000000006
2017-04-17,603300,26.76,25.7,26.76,25.52,166786,216462971.0,4.62,-4.32,-1.16,6.0,1.240000000000002
2017-04-18,603300,25.54,25.24,25.9,25.1,105290,134325677.0,3.11,-1.79,-0.46,3.79,0.7999999999999972
2017-04-19,603300,25.16,26.08,26.24,24.28,223510,280998496.0,7.77,3.33,0.84,8.04,1.9599999999999973
2017-04-20,603300,25.84,25.76,26.4,25.48,130529,168811217.0,3.53,-1.23,-0.32,4.69,0.9199999999999982
2017-04-21,603300,25.7,25.82,26.18,25.64,97722,126359090.0,2.1,0.23,0.06,3.51,0.5399999999999991
2017-04-24,603300,25.7,24.8,25.74,24.6,109070,136157349.0,4.42,-3.95,-1.02,3.92,1.139999999999997
2017-04-25,603300,24.68,24.86,25.12,24.54,88876,110117264.0,2.34,0.24,0.06,3.2,0.5800000000000018
2017-04-26,603300,24.86,24.84,25.02,24.62,79585,98596226.0,1.61,-0.08,-0.02,2.86,0.3999999999999986
2017-04-27,603300,24.86,25.36,25.6,24.06,167619,207389472.0,6.2,2.09,0.52,6.03,1.5400000000000027
2017-04-28,603300,25.34,26.14,26.4,25.08,187349,241850235.0,5.21,3.08,0.78,6.74,1.3200000000000003
2017-05-02,603300,26.14,26.02,26.54,25.72,115249,150149924.0,3.14,-0.46,-0.12,4.14,0.8200000000000003
2017-05-03,603300,25.94,26.1,26.16,25.64,105960,136925599.0,2.0,0.31,0.08,3.81,0.5199999999999996
2017-05-04,603300,25.94,25.6,26.14,25.48,94568,121963532.0,2.53,-1.92,-0.5,3.4,0.6600000000000001
2017-05-05,603300,25.7,24.86,25.7,24.84,98813,124622218.0,3.36,-2.89,-0.74,3.55,0.8599999999999994
2017-05-08,603300,24.7,24.32,24.84,24.28,94295,115481672.0,2.25,-2.17,-0.54,3.39,0.5599999999999987
2017-05-09,603300,24.22,24.72,24.74,24.12,73587,90120036.0,2.55,1.64,0.4,2.65,0.6199999999999974
2017-05-10,603300,24.72,24.26,25.14,24.24,97412,120406400.0,3.64,-1.86,-0.46,3.5,0.9000000000000021
2017-05-11,603300,24.04,23.54,24.12,22.26,155012,180870278.0,7.67,-2.97,-0.72,5.57,1.8599999999999994
2017-05-12,603300,23.44,23.58,23.66,23.06,81972,95858005.0,2.55,0.17,0.04,2.95,0.6000000000000014
2017-05-15,603300,23.6,23.14,23.72,22.84,85799,99714149.0,3.73,-1.87,-0.44,3.09,0.879999999999999
2017-05-16,603300,23.04,23.44,23.52,22.6,105410,121331804.0,3.98,1.3,0.3,3.79,0.9199999999999982
2017-05-17,603300,23.46,23.68,24.18,23.34,121290,143869921.0,3.58,1.02,0.24,4.36,0.8399999999999999
2017-05-18,603300,23.38,23.86,23.98,23.24,93068,110085533.0,3.13,0.76,0.18,3.35,0.740000000000002
2017-05-19,603300,23.84,23.56,23.96,23.34,78326,92141270.0,2.6,-1.26,-0.3,2.82,0.620000000000001
2017-05-22,603300,23.48,22.62,23.48,22.4,107225,122122416.0,4.58,-3.99,-0.94,3.86,1.0800000000000018
2017-05-23,603300,22.86,22.28,23.4,21.74,122907,138392041.0,7.34,-1.5,-0.34,4.42,1.6600000000000001
2017-05-24,603300,22.02,22.32,22.34,21.52,85839,94042499.0,3.68,0.18,0.04,3.09,0.8200000000000003
2017-05-25,603300,22.16,22.26,22.54,21.76,89419,99116476.0,3.49,-0.27,-0.06,3.22,0.7799999999999976
2017-05-26,603300,22.26,22.08,22.44,22.06,60086,66554518.0,1.71,-0.81,-0.18,2.16,0.38000000000000256
2017-05-31,603300,22.38,22.02,22.52,22.02,60453,67225748.0,2.26,-0.27,-0.06,2.17,0.5
2017-06-01,603300,21.92,20.86,21.92,20.72,108411,115325236.0,5.45,-5.27,-1.16,3.9,1.2000000000000028
2017-06-02,603300,20.76,21.12,21.28,20.58,73985,77574643.0,3.36,1.25,0.26,2.66,0.7000000000000028
2017-06-05,603300,21.12,21.2,21.44,21.12,52828,55994224.0,1.52,0.38,0.08,1.9,0.3200000000000003
2017-06-06,603300,21.2,21.34,21.36,21.06,57691,61132671.0,1.42,0.66,0.14,2.07,0.3000000000000007
2017-06-07,603300,21.34,22.6,23.24,21.26,174313,193304580.0,9.28,5.9,1.26,6.27,1.9799999999999969
2017-06-08,603300,22.42,22.64,22.86,22.3,107900,121665524.0,2.48,0.18,0.04,3.88,0.5599999999999987
2017-06-09,603300,22.6,22.64,22.88,22.32,82975,93462786.0,2.47,0.0,0.0,2.98,0.5599999999999987
2017-06-12,603300,22.6,21.94,22.64,21.92,77274,85590562.0,3.18,-3.09,-0.7,2.78,0.7199999999999989
2017-06-13,603300,21.78,22.3,22.48,21.78,66744,74178962.0,3.19,1.64,0.36,2.4,0.6999999999999993
2017-06-14,603300,22.3,23.08,23.4,22.14,199741,229034701.0,5.65,3.5,0.78,7.18,1.259999999999998
2017-06-15,603300,22.94,23.84,24.6,22.88,237974,281545520.0,7.45,3.29,0.76,8.56,1.7200000000000024
2017-06-16,603300,23.86,23.46,23.96,23.36,128999,151633303.0,2.52,-1.59,-0.38,4.64,0.6000000000000014
2017-06-19,603300,23.44,23.48,23.72,23.34,74864,87781870.0,1.62,0.09,0.02,2.69,0.379999999999999
2017-06-20,603300,23.52,23.26,23.94,23.22,100765,118726283.0,3.07,-0.94,-0.22,3.62,0.7200000000000024
2017-06-21,603300,23.44,23.26,23.46,22.9,90249,103991619.0,2.41,0.0,0.0,3.25,0.5600000000000023
2017-06-22,603300,23.14,22.66,23.4,22.6,94707,109099232.0,3.44,-2.58,-0.6,3.41,0.7999999999999972
2017-06-23,603300,22.66,22.76,22.96,22.16,98430,110584589.0,3.53,0.44,0.1,3.54,0.8000000000000007
2017-06-26,603300,22.68,22.88,22.96,22.58,71217,81098446.0,1.67,0.53,0.12,2.56,0.38000000000000256
2017-06-27,603300,23.16,23.38,24.0,22.98,143829,169366202.0,4.46,2.19,0.5,5.17,1.0199999999999996
2017-06-28,603300,23.1,22.92,23.14,22.8,79662,91199301.0,1.45,-1.97,-0.46,2.86,0.33999999999999986
2017-06-29,603300,22.78,22.9,23.2,22.78,51215,58821971.0,1.83,-0.09,-0.02,1.84,0.41999999999999815
2017-06-30,603300,22.84,22.74,22.84,22.32,62125,70158464.0,2.27,-0.7,-0.16,2.23,0.5199999999999996
2017-07-03,603300,22.76,22.88,22.9,22.58,46310,52660573.0,1.41,0.62,0.14,1.67,0.3200000000000003
2017-07-04,603300,22.94,22.72,22.94,22.64,42419,48157731.0,1.31,-0.7,-0.16,1.53,0.3000000000000007
2017-07-05,603300,22.74,22.88,22.92,22.54,60961,69301170.0,1.67,0.7,0.16,2.19,0.38000000000000256
2017-07-06,603300,23.0,23.32,23.48,22.94,135180,156999091.0,2.36,1.92,0.44,4.86,0.5399999999999991
2017-07-07,603300,23.32,23.68,23.9,23.04,121957,143460311.0,3.69,1.54,0.36,4.39,0.8599999999999994
2017-07-10,603300,23.62,23.3,23.62,23.2,84984,99378425.0,1.77,-1.6,-0.38,3.06,0.4200000000000017
2017-07-11,603300,23.14,22.74,23.36,22.72,76812,88290649.0,2.75,-2.4,-0.56,2.76,0.6400000000000006
2017-07-12,603300,22.66,22.4,22.84,21.82,95259,105930591.0,4.49,-1.5,-0.34,3.43,1.0199999999999996
2017-07-13,603300,22.36,23.18,23.74,22.18,133189,152977209.0,6.96,3.48,0.78,4.79,1.5599999999999987
2017-07-14,603300,23.09,22.73,23.09,22.63,76795,87105899.0,1.98,-1.94,-0.45,2.76,0.46000000000000085
2017-07-17,603300,22.55,20.73,22.55,20.51,150345,160753412.0,8.97,-8.8,-2.0,5.41,2.039999999999999
2017-07-18,603300,20.71,21.09,21.23,20.51,64247,66840760.0,3.47,1.74,0.36,2.31,0.7199999999999989
2017-07-19,603300,21.05,21.45,21.67,20.79,72313,76355134.0,4.17,1.71,0.36,2.6,0.8800000000000026
2017-07-20,603300,21.45,21.67,22.09,21.25,90951,97969471.0,3.92,1.03,0.22,3.27,0.8399999999999999
2017-07-21,603300,21.61,21.23,21.61,21.17,65223,69345326.0,2.03,-2.03,-0.44,2.35,0.4399999999999977
2017-07-24,603300,21.23,21.51,21.65,21.03,71423,76041070.0,2.92,1.32,0.28,2.57,0.6199999999999974
2017-07-25,603300,21.51,21.23,21.53,21.15,50487,53482614.0,1.77,-1.3,-0.28,1.82,0.38000000000000256
2017-07-26,603300,21.11,21.21,21.33,20.73,63709,66519985.0,2.83,-0.09,-0.02,2.29,0.5999999999999979
2017-07-27,603300,21.11,21.57,21.65,20.91,78119,83023040.0,3.49,1.7,0.36,2.81,0.7399999999999984
2017-07-28,603300,21.51,21.57,21.83,21.45,72311,77738155.0,1.76,0.0,0.0,2.6,0.379999999999999
2017-07-31,603300,21.41,21.89,21.99,21.41,80180,87092428.0,2.69,1.48,0.32,2.88,0.5799999999999983
2017-08-01,603300,22.01,22.01,22.57,21.73,121560,134050046.0,3.84,0.55,0.12,4.37,0.8399999999999999
2017-08-02,603300,21.93,24.21,24.21,21.91,417579,486513120.0,10.45,10.0,2.2,15.01,2.3000000000000007
2017-08-03,603300,24.69,24.55,25.67,24.37,600146,744224736.0,5.37,1.4,0.34,21.58,1.3000000000000007
2017-08-04,603300,24.21,24.49,25.27,23.83,349890,428650064.0,5.87,-0.24,-0.06,12.58,1.4400000000000013
2017-08-07,603300,24.13,24.29,24.79,23.97,185624,224697486.0,3.35,-0.82,-0.2,6.67,0.8200000000000003
2017-08-08,603300,24.41,23.83,24.63,23.57,200603,238436958.0,4.36,-1.89,-0.46,7.21,1.0599999999999987
2017-08-09,603300,23.61,23.87,23.93,23.31,152564,179160417.0,2.6,0.17,0.04,5.49,0.620000000000001
2017-08-10,603300,23.97,23.23,24.07,23.01,176664,205297761.0,4.44,-2.68,-0.64,6.35,1.0599999999999987
2017-08-11,603300,22.89,22.75,23.11,22.67,104538,118948984.0,1.89,-2.07,-0.48,3.76,0.4399999999999977
2017-08-14,603300,22.85,23.43,23.71,22.79,125232,145303056.0,4.04,2.99,0.68,4.5,0.9200000000000017
2017-08-15,603300,23.31,23.47,23.81,23.03,113546,132294951.0,3.33,0.17,0.04,4.08,0.7799999999999976
2017-08-16,603300,23.33,23.47,23.63,23.15,94703,110237630.0,2.05,0.0,0.0,3.41,0.4800000000000004
2017-08-17,603300,23.57,23.95,24.03,23.21,165926,195409949.0,3.49,2.05,0.48,5.97,0.8200000000000003
2017-08-18,603300,23.67,23.45,23.97,23.43,117016,137968434.0,2.25,-2.09,-0.5,4.21,0.5399999999999991
2017-08-21,603300,23.43,23.91,24.07,23.35,130739,154523138.0,3.07,1.96,0.46,4.7,0.7199999999999989
2017-08-22,603300,23.89,23.59,24.43,23.53,139740,166617853.0,3.76,-1.34,-0.32,5.02,0.8999999999999986
2017-08-23,603300,23.45,22.93,23.65,22.85,122838,141288405.0,3.39,-2.8,-0.66,4.42,0.7999999999999972
2017-08-24,603300,22.93,22.77,23.11,22.61,74903,85179384.0,2.18,-0.7,-0.16,2.69,0.5
2017-08-25,603300,22.77,22.93,23.19,22.63,70564,80592984.0,2.46,0.7,0.16,2.54,0.5600000000000023
2017-08-28,603300,23.11,23.27,23.45,22.93,94230,108991658.0,2.27,1.48,0.34,3.39,0.5199999999999996
2017-08-29,603300,23.33,23.07,23.51,22.97,78001,89898342.0,2.32,-0.86,-0.2,2.8,0.5400000000000027
2017-08-30,603300,23.17,23.13,23.47,23.01,83396,96363055.0,1.99,0.26,0.06,3.0,0.4599999999999973
2017-08-31,603300,23.21,22.99,23.21,22.87,68319,78144259.0,1.47,-0.61,-0.14,2.46,0.33999999999999986
2017-09-01,603300,22.95,23.11,23.35,22.93,84321,97141612.0,1.83,0.52,0.12,3.03,0.4200000000000017
2017-09-04,603300,23.11,23.51,23.69,23.03,123782,144082621.0,2.86,1.73,0.4,4.45,0.6600000000000001
2017-09-05,603300,23.45,23.47,23.69,23.29,85271,99537233.0,1.7,-0.17,-0.04,3.07,0.40000000000000213
2017-09-06,603300,23.49,23.23,23.51,23.01,87929,101529079.0,2.13,-1.02,-0.24,3.16,0.5
2017-09-07,603300,23.23,23.87,24.05,23.05,221499,260444375.0,4.3,2.76,0.64,7.96,1.0
2017-09-08,603300,23.77,23.77,24.35,23.55,183117,218223706.0,3.35,-0.42,-0.1,6.58,0.8000000000000007
2017-09-11,603300,23.77,23.95,24.17,23.59,120276,143017055.0,2.44,0.76,0.18,4.32,0.5800000000000018
2017-09-12,603300,23.85,23.39,23.87,23.35,129813,152298759.0,2.17,-2.34,-0.56,4.67,0.5199999999999996
2017-09-13,603300,23.31,23.37,23.39,23.05,79507,91789540.0,1.45,-0.09,-0.02,2.86,0.33999999999999986
2017-09-14,603300,23.39,23.13,23.43,23.07,67886,78335562.0,1.54,-1.03,-0.24,2.44,0.35999999999999943
2017-09-15,603300,23.27,23.99,24.31,23.27,258195,305933968.0,4.5,3.72,0.86,9.28,1.0399999999999991
2017-09-18,603300,24.07,24.03,24.07,23.61,155979,185042876.0,1.92,0.17,0.04,5.61,0.46000000000000085
2017-09-19,603300,23.97,24.59,24.71,23.79,260780,315868672.0,3.83,2.33,0.56,9.38,0.9200000000000017
2017-09-20,603300,24.45,24.61,24.87,24.23,191066,233595478.0,2.6,0.08,0.02,6.87,0.6400000000000006
2017-09-21,603300,24.61,23.97,24.97,23.95,165502,201497726.0,4.14,-2.6,-0.64,5.95,1.0199999999999996
2017-09-22,603300,23.87,23.59,23.87,23.53,101508,119521069.0,1.42,-1.59,-0.38,3.65,0.33999999999999986
2017-09-25,603300,23.45,23.27,23.79,23.17,65290,76414333.0,2.63,-1.36,-0.32,2.35,0.6199999999999974
2017-09-26,603300,23.35,23.65,23.87,23.15,76481,89544767.0,3.09,1.63,0.38,2.75,0.7200000000000024
2017-09-27,603300,23.71,23.47,23.87,23.41,67125,78872063.0,1.95,-0.76,-0.18,2.41,0.46000000000000085
2017-09-28,603300,23.37,23.07,23.55,23.05,85736,99128666.0,2.13,-1.7,-0.4,3.08,0.5
2017-09-29,603300,23.09,23.21,23.37,23.09,48058,55524672.0,1.21,0.61,0.14,1.73,0.28000000000000114
2017-10-09,603300,23.57,23.33,23.57,23.29,48293,56214430.0,1.21,0.52,0.12,1.74,0.28000000000000114
2017-10-10,603300,23.29,23.65,23.71,23.17,72488,84422953.0,2.31,1.37,0.32,2.61,0.5399999999999991
2017-10-11,603300,23.57,24.15,24.35,23.53,180741,216320460.0,3.47,2.11,0.5,6.5,0.8200000000000003
2017-10-12,603300,24.11,24.23,24.27,23.81,119451,143031460.0,1.9,0.33,0.08,4.3,0.46000000000000085
2017-10-13,603300,24.21,24.03,24.43,23.95,87943,105642213.0,1.98,-0.83,-0.2,3.16,0.4800000000000004
2017-10-16,603300,23.97,23.39,24.19,23.23,97229,114412324.0,4.0,-2.66,-0.64,3.5,0.9600000000000009
2017-10-17,603300,23.29,23.41,23.57,23.21,61272,71319718.0,1.54,0.09,0.02,2.2,0.35999999999999943
2017-10-18,603300,23.47,22.45,23.51,22.41,101989,116539371.0,4.7,-4.1,-0.96,3.67,1.1000000000000014
2017-10-19,603300,22.33,21.77,22.47,21.59,106445,116249642.0,3.92,-3.03,-0.68,3.83,0.879999999999999
2017-10-20,603300,21.81,22.51,22.57,21.79,69943,77047715.0,3.58,3.4,0.74,2.51,0.7800000000000011
2017-10-23,603300,22.41,23.17,23.23,22.31,102851,117573855.0,4.09,2.93,0.66,3.7,0.9200000000000017
2017-10-24,603300,23.57,23.55,23.69,22.97,115394,134084112.0,3.11,1.64,0.38,4.15,0.7200000000000024
2017-10-25,603300,23.69,24.57,24.63,23.47,238673,287006976.0,4.93,4.33,1.02,8.58,1.1600000000000001
2017-10-26,603300,25.11,24.23,25.57,24.07,678005,839300864.0,6.11,-1.38,-0.34,24.38,1.5
2017-10-27,603300,23.61,22.87,23.61,22.71,288439,331198960.0,3.71,-5.61,-1.36,10.37,0.8999999999999986
2017-10-30,603300,22.53,22.29,22.85,21.81,150897,166999393.0,4.55,-2.54,-0.58,5.43,1.0400000000000027
2017-10-31,603300,22.15,22.83,22.85,22.15,102967,115309054.0,3.14,2.42,0.54,3.7,0.7000000000000028
2017-11-01,603300,22.75,22.39,22.81,22.37,81256,91027810.0,1.93,-1.93,-0.44,2.92,0.4399999999999977
2017-11-02,603300,22.41,22.31,22.45,21.93,76881,84656841.0,2.32,-0.36,-0.08,2.76,0.5199999999999996
2017-11-03,603300,21.95,21.93,22.17,21.71,75946,82885350.0,2.06,-1.7,-0.38,2.73,0.46000000000000085
2017-11-06,603300,21.97,22.43,22.47,21.97,60898,67431310.0,2.28,2.28,0.5,2.19,0.5
2017-11-07,603300,22.35,22.37,22.47,22.15,58718,65054797.0,1.43,-0.27,-0.06,2.11,0.3200000000000003
2017-11-08,603300,22.33,22.21,22.43,22.11,83215,92264014.0,1.43,-0.72,-0.16,2.99,0.3200000000000003
2017-11-09,603300,22.13,22.15,22.33,21.95,65838,72323787.0,1.71,-0.27,-0.06,2.37,0.379999999999999
2017-11-10,603300,22.05,21.93,22.17,21.85,62967,68772878.0,1.44,-0.99,-0.22,2.26,0.3200000000000003
2017-11-13,603300,21.93,21.83,21.99,21.53,81488,88169151.0,2.1,-0.46,-0.1,2.93,0.4599999999999973
2017-11-14,603300,21.81,21.21,21.83,21.21,87821,93621084.0,2.84,-2.84,-0.62,3.16,0.6199999999999974
2017-11-15,603300,21.21,21.21,21.53,21.15,46466,49305901.0,1.79,0.0,0.0,1.67,0.38000000000000256
2017-11-16,603300,21.19,20.93,21.37,20.91,51498,54063157.0,2.17,-1.32,-0.28,1.85,0.46000000000000085
2017-11-17,603300,20.99,20.31,21.05,19.87,104650,105848769.0,5.64,-2.96,-0.62,3.76,1.1799999999999997
2017-11-20,603300,20.27,20.27,20.29,19.53,62591,61883573.0,3.74,-0.2,-0.04,2.25,0.759999999999998
2017-11-21,603300,20.19,20.29,20.39,20.05,46544,46800508.0,1.68,0.1,0.02,1.67,0.33999999999999986
2017-11-22,603300,20.25,20.29,20.31,19.85,51613,51581099.0,2.27,0.0,0.0,1.86,0.4599999999999973
2017-11-23,603300,20.29,20.27,20.35,19.87,57506,57453592.0,2.37,-0.1,-0.02,2.07,0.4800000000000004
2017-11-24,603300,20.21,20.29,20.39,20.01,40353,40643696.0,1.87,0.1,0.02,1.45,0.379999999999999
2017-11-27,603300,20.31,20.25,20.41,19.95,39281,39338357.0,2.27,-0.2,-0.04,1.41,0.46000000000000085
2017-11-28,603300,20.11,20.27,20.31,19.99,37567,37665047.0,1.58,0.1,0.02,1.35,0.3200000000000003
2017-11-29,603300,20.19,20.25,20.27,20.05,39829,39960159.0,1.09,-0.1,-0.02,1.43,0.21999999999999886
2017-11-30,603300,20.23,20.27,20.59,20.13,72248,73277037.0,2.27,0.1,0.02,2.6,0.46000000000000085
2017-12-01,603300,20.27,20.29,20.33,20.07,75426,75630883.0,1.28,0.1,0.02,2.71,0.259999999999998
2017-12-04,603300,20.29,20.11,20.31,20.01,46806,46903761.0,1.48,-0.89,-0.18,1.68,0.29999999999999716
2017-12-05,603300,20.07,18.79,20.09,18.11,74836,72329824.0,9.85,-6.56,-1.32,2.69,1.9800000000000004
2017-12-06,603300,18.69,18.43,18.75,18.07,77720,70743895.0,3.62,-1.92,-0.36,2.79,0.6799999999999997
2017-12-07,603300,18.31,18.17,18.41,18.11,41939,37974164.0,1.63,-1.41,-0.26,1.51,0.3000000000000007
2017-12-08,603300,18.21,18.39,18.51,18.17,41023,37495602.0,1.87,1.21,0.22,1.48,0.33999999999999986
2017-12-11,603300,18.33,18.41,18.49,18.27,27131,24787418.0,1.2,0.11,0.02,0.98,0.21999999999999886
2017-12-12,603300,18.43,17.93,18.43,17.89,39414,35662792.0,2.93,-2.61,-0.48,1.42,0.5399999999999991
2017-12-13,603300,17.93,17.89,18.03,17.67,43071,38170596.0,2.01,-0.22,-0.04,1.55,0.35999999999999943
2017-12-14,603300,17.85,17.75,17.89,17.71,34989,30886467.0,1.01,-0.78,-0.14,1.26,0.17999999999999972
2017-12-15,603300,17.81,17.73,17.87,17.71,27773,24518538.0,0.9,-0.11,-0.02,1.0,0.16000000000000014
2017-12-18,603300,17.75,17.25,17.83,17.11,57600,49850905.0,4.06,-2.71,-0.48,2.07,0.7199999999999989
2017-12-19,603300,17.21,17.45,17.49,17.15,39178,33887327.0,1.97,1.16,0.2,1.41,0.33999999999999986
2017-12-20,603300,17.47,16.85,17.47,16.81,55918,47413354.0,3.78,-3.44,-0.6,2.01,0.6600000000000001
2017-12-21,603300,16.91,16.43,16.95,16.23,63105,51690189.0,4.27,-2.49,-0.42,2.27,0.7199999999999989
2017-12-22,603300,16.51,16.53,16.65,16.43,46261,38074302.0,1.34,0.61,0.1,1.66,0.21999999999999886
2017-12-25,603300,16.43,15.87,16.55,15.83,67822,54011012.0,4.36,-3.99,-0.66,2.44,0.7200000000000006
2017-12-26,603300,15.75,16.09,16.19,15.75,57590,45585386.0,2.77,1.39,0.22,2.07,0.4400000000000013
2017-12-27,603300,16.05,15.99,16.27,15.95,51871,41428750.0,1.99,-0.62,-0.1,1.87,0.3200000000000003
2017-12-28,603300,16.09,16.37,16.61,15.95,83844,68346151.0,4.13,2.38,0.38,3.01,0.6600000000000001
2017-12-29,603300,16.31,16.37,16.51,16.25,62340,50596994.0,1.59,0.0,0.0,2.24,0.26000000000000156
2018-01-02,603300,16.37,16.43,16.49,16.31,41658,33995642.0,1.1,0.37,0.06,1.5,0.17999999999999972
2018-01-03,603300,16.45,16.65,16.89,16.33,63897,52738304.0,3.41,1.34,0.22,2.3,0.5600000000000023
2018-01-04,603300,16.65,16.49,16.69,16.45,53698,44157550.0,1.44,-0.96,-0.16,1.93,0.240000000000002
2018-01-05,603300,16.47,16.51,16.59,16.41,40519,33258081.0,1.09,0.12,0.02,1.46,0.17999999999999972
2018-01-08,603300,16.53,16.35,16.53,16.27,47447,38518854.0,1.57,-0.97,-0.16,1.71,0.26000000000000156
2018-01-09,603300,16.31,16.49,16.59,16.29,58035,47402294.0,1.83,0.86,0.14,2.09,0.3000000000000007
2018-01-10,603300,16.41,16.11,16.49,16.01,60379,48640822.0,2.91,-2.3,-0.38,2.17,0.4799999999999969
2018-01-11,603300,16.15,16.31,16.35,16.03,38370,30907829.0,1.99,1.24,0.2,1.38,0.3200000000000003
2018-01-12,603300,16.27,16.13,16.31,16.13,35695,28696775.0,1.1,-1.1,-0.18,1.28,0.17999999999999972
2018-01-15,603300,16.13,15.71,16.15,15.63,53076,41832345.0,3.22,-2.6,-0.42,1.91,0.5199999999999978
2018-01-16,603300,15.71,15.79,15.91,15.61,33024,25844366.0,1.91,0.51,0.08,1.19,0.3000000000000007
2018-01-17,603300,15.81,17.35,17.35,15.61,193710,161144414.0,11.02,9.88,1.56,6.97,1.740000000000002
2018-01-18,603300,17.39,16.89,17.69,16.79,216799,184470616.0,5.19,-2.65,-0.46,7.8,0.9000000000000021
2018-01-19,603300,16.61,17.55,18.31,16.51,243308,208282801.0,10.66,3.91,0.66,8.75,1.7999999999999972
2018-01-22,603300,17.19,17.67,18.27,17.09,184262,161454761.0,6.72,0.68,0.12,6.63,1.1799999999999997
2018-01-23,603300,17.61,17.25,17.83,17.21,109753,95041083.0,3.51,-2.38,-0.42,3.95,0.6199999999999974
2018-01-24,603300,17.31,17.15,17.35,16.89,89876,76159404.0,2.67,-0.58,-0.1,3.23,0.46000000000000085
2018-01-25,603300,17.03,17.03,17.21,16.93,75051,63586281.0,1.63,-0.7,-0.12,2.7,0.28000000000000114
2018-01-26,603300,16.93,16.85,17.11,16.81,59845,50442727.0,1.76,-1.06,-0.18,2.15,0.3000000000000007
2018-01-29,603300,16.83,16.89,17.19,16.77,69164,58383327.0,2.49,0.24,0.04,2.49,0.4200000000000017
2018-01-30,603300,16.83,16.39,16.85,16.31,73149,60227572.0,3.2,-2.96,-0.5,2.63,0.5400000000000027
2018-01-31,603300,16.37,16.01,16.37,15.89,79373,63318804.0,2.93,-2.32,-0.38,2.85,0.4800000000000004
2018-02-01,603300,15.99,14.87,16.19,14.85,112773,85916289.0,8.37,-7.12,-1.14,4.05,1.3400000000000016
2018-02-02,603300,14.87,15.25,15.39,14.13,101854,74616541.0,8.47,2.56,0.38,3.66,1.2599999999999998
2018-02-05,603300,14.99,15.29,15.43,14.83,59236,44367366.0,3.93,0.26,0.04,2.13,0.5999999999999996
2018-02-06,603300,14.99,14.33,15.15,13.77,83293,60500459.0,9.03,-6.28,-0.96,2.99,1.3800000000000008
2018-02-07,603300,14.51,15.15,15.29,14.13,83447,61015351.0,8.09,5.72,0.82,3.0,1.1599999999999984
2018-02-08,603300,15.05,15.13,15.29,14.85,54045,40443497.0,2.9,-0.13,-0.02,1.94,0.4399999999999995
2018-02-09,603300,14.85,14.49,14.85,14.33,42712,30946095.0,3.44,-4.23,-0.64,1.54,0.5199999999999996
2018-02-12,603300,14.51,14.57,14.75,14.51,64662,46901148.0,1.66,0.55,0.08,2.33,0.2400000000000002
2018-02-13,603300,14.63,14.43,14.73,14.41,34537,25013453.0,2.2,-0.96,-0.14,1.24,0.3200000000000003
2018-02-14,603300,14.43,14.39,14.61,14.21,25275,18009148.0,2.77,-0.28,-0.04,0.91,0.3999999999999986
2018-02-22,603300,14.51,14.65,14.67,14.43,30828,22357641.0,1.67,1.81,0.26,1.11,0.2400000000000002
2018-02-23,603300,14.69,14.67,14.71,14.57,30205,21941703.0,0.96,0.14,0.02,1.09,0.14000000000000057
2018-02-26,603300,14.71,14.97,14.99,14.65,79435,58507947.0,2.32,2.04,0.3,2.86,0.33999999999999986
2018-02-27,603300,14.97,15.11,15.25,14.87,68468,51199862.0,2.54,0.94,0.14,2.46,0.3800000000000008
2018-02-28,603300,14.91,14.91,15.03,14.83,48548,35985671.0,1.32,-1.32,-0.2,1.75,0.1999999999999993
2018-03-01,603300,14.87,15.11,15.15,14.81,51598,38487189.0,2.28,1.34,0.2,1.86,0.33999999999999986
2018-03-02,603300,14.97,15.13,15.41,14.95,65851,49677089.0,3.04,0.13,0.02,2.37,0.46000000000000085
2018-03-05,603300,15.13,15.07,15.27,14.95,45963,34406960.0,2.12,-0.4,-0.06,1.65,0.3200000000000003
2018-03-06,603300,15.13,15.31,15.41,15.13,68388,51892316.0,1.86,1.59,0.24,2.46,0.27999999999999936
2018-03-07,603300,15.35,15.05,15.37,15.03,46510,35059388.0,2.22,-1.7,-0.26,1.67,0.33999999999999986
2018-03-08,603300,15.11,15.31,15.51,15.07,68697,52389452.0,2.92,1.73,0.26,2.47,0.4399999999999995
2018-03-09,603300,15.47,15.57,15.65,15.25,87792,67365867.0,2.61,1.7,0.26,3.16,0.40000000000000036
2018-03-12,603300,15.59,15.73,15.91,15.51,78136,60882752.0,2.57,1.03,0.16,2.81,0.40000000000000036
2018-03-13,603300,15.73,15.63,15.79,15.55,59149,46018729.0,1.53,-0.64,-0.1,2.13,0.23999999999999844
2018-03-14,603300,15.55,15.33,15.73,15.29,53827,41468098.0,2.82,-1.92,-0.3,1.94,0.4400000000000013
2018-03-15,603300,15.31,15.09,15.45,14.93,57611,43247436.0,3.39,-1.57,-0.24,2.07,0.5199999999999996
2018-03-16,603300,15.05,15.25,15.41,15.05,52079,39425106.0,2.39,1.06,0.16,1.87,0.35999999999999943
2018-03-19,603300,15.21,15.33,15.59,15.07,50500,38511411.0,3.41,0.52,0.08,1.82,0.5199999999999996
2018-03-20,603300,15.21,15.25,15.27,15.01,44767,33647196.0,1.7,-0.52,-0.08,1.61,0.2599999999999998
2018-03-21,603300,15.23,15.25,15.57,15.17,63167,48253625.0,2.62,0.0,0.0,2.27,0.40000000000000036
2018-03-22,603300,15.19,15.49,15.51,15.19,63724,48685153.0,2.1,1.57,0.24,2.29,0.3200000000000003
2018-03-23,603300,15.23,13.97,15.23,13.95,115020,82780827.0,8.26,-9.81,-1.52,4.14,1.2800000000000011
2018-03-26,603300,13.81,13.91,13.95,13.21,57626,39019892.0,5.3,-0.43,-0.06,2.07,0.7399999999999984
2018-03-27,603300,14.03,14.25,14.45,14.03,50906,36063756.0,3.02,2.44,0.34,1.83,0.41999999999999993
2018-03-28,603300,14.11,14.21,14.39,13.99,44483,31492251.0,2.81,-0.28,-0.04,1.6,0.40000000000000036
2018-03-29,603300,14.17,14.63,15.07,14.15,69589,50508270.0,6.47,2.96,0.42,2.5,0.9199999999999999
2018-03-30,603300,14.63,14.63,14.77,14.45,46584,33809418.0,2.19,0.0,0.0,1.68,0.3200000000000003
2018-04-02,603300,14.59,14.73,14.83,14.57,47143,34487503.0,1.78,0.68,0.1,1.7,0.2599999999999998
2018-04-03,603300,14.53,14.37,14.53,14.27,46613,33233681.0,1.77,-2.44,-0.36,1.68,0.2599999999999998
2018-04-04,603300,14.47,14.37,14.69,14.37,41222,29687469.0,2.23,0.0,0.0,1.48,0.3200000000000003
2018-04-09,603300,14.27,14.21,14.39,14.15,35236,24916818.0,1.67,-1.11,-0.16,1.27,0.2400000000000002
2018-04-10,603300,14.23,14.29,14.31,14.13,33713,23798201.0,1.27,0.56,0.08,1.21,0.17999999999999972
2018-04-11,603300,14.35,15.37,15.71,14.35,283577,216395076.0,9.52,7.56,1.08,10.2,1.3600000000000012
2018-04-12,603300,14.99,15.73,15.89,14.91,293578,227046747.0,6.38,2.34,0.36,10.56,0.9800000000000004
2018-04-13,603300,15.63,15.33,15.65,15.15,145037,110720684.0,3.18,-2.54,-0.4,5.22,0.5
2018-04-16,603300,15.21,14.85,15.31,14.75,92209,68537149.0,3.65,-3.13,-0.48,3.32,0.5600000000000005
2018-04-17,603300,14.77,14.63,15.15,14.59,71462,52814908.0,3.77,-1.48,-0.22,2.57,0.5600000000000005
2018-04-18,603300,14.79,14.71,14.89,14.35,62640,45345968.0,3.69,0.55,0.08,2.25,0.5400000000000009
2018-04-19,603300,14.73,14.65,14.77,14.53,50356,36592812.0,1.63,-0.41,-0.06,1.81,0.2400000000000002
2018-04-20,603300,14.65,14.17,14.65,14.15,57936,41283237.0,3.41,-3.28,-0.48,2.08,0.5
2018-04-23,603300,14.17,14.31,14.39,14.03,40034,28238234.0,2.54,0.99,0.14,1.44,0.3600000000000012
2018-04-24,603300,14.33,14.51,14.53,14.31,41906,30054053.0,1.54,1.4,0.2,1.51,0.21999999999999886
2018-04-25,603300,14.51,14.37,14.51,14.35,31364,22403931.0,1.1,-0.96,-0.14,1.13,0.16000000000000014
2018-04-26,603300,14.01,13.93,14.23,13.93,57898,40346122.0,2.09,-3.06,-0.44,2.08,0.3000000000000007
2018-04-27,603300,14.09,13.99,14.13,13.91,27471,19090093.0,1.58,0.43,0.06,0.99,0.22000000000000064
2018-05-02,603300,13.99,13.81,14.11,13.65,31170,21425279.0,3.29,-1.29,-0.18,1.12,0.4599999999999991
2018-05-03,603300,13.69,13.63,13.75,12.99,64801,42860028.0,5.5,-1.3,-0.18,2.33,0.7599999999999998
2018-05-04,603300,13.51,13.37,13.65,13.35,37439,25029562.0,2.2,-1.91,-0.26,1.35,0.3000000000000007
2018-05-07,603300,13.41,13.53,13.57,13.39,25517,17095997.0,1.35,1.2,0.16,0.92,0.17999999999999972
2018-05-08,603300,13.57,13.77,13.87,13.55,39917,27131101.0,2.37,1.77,0.24,1.44,0.3199999999999985
2018-05-09,603300,13.79,13.65,13.79,13.57,32978,22375299.0,1.6,-0.87,-0.12,1.19,0.21999999999999886
2018-05-10,603300,13.55,13.83,13.87,13.53,43814,29856719.0,2.49,1.32,0.18,1.58,0.33999999999999986
2018-05-11,603300,13.79,13.87,14.01,13.71,39683,27267048.0,2.17,0.29,0.04,1.43,0.29999999999999893
2018-05-14,603300,13.85,13.69,13.99,13.67,26222,17983858.0,2.31,-1.3,-0.18,0.94,0.3200000000000003
2018-05-15,603300,13.73,13.73,13.75,13.51,30483,20575513.0,1.75,0.29,0.04,1.1,0.2400000000000002
2018-05-16,603300,13.61,13.43,13.67,13.33,30465,20484679.0,2.48,-2.18,-0.3,1.1,0.33999999999999986
2018-05-17,603300,13.47,13.55,13.61,13.47,22924,15380191.0,1.04,0.89,0.12,0.82,0.1399999999999988
2018-05-18,603300,13.61,13.59,13.63,13.41,20709,13888498.0,1.62,0.3,0.04,0.74,0.22000000000000064
2018-05-21,603300,13.67,13.89,13.99,13.63,43232,29675420.0,2.65,2.21,0.3,1.55,0.35999999999999943
2018-05-22,603300,13.87,13.89,13.91,13.73,32519,22272889.0,1.3,0.0,0.0,1.17,0.17999999999999972
2018-05-23,603300,13.87,13.73,13.99,13.71,31164,21405587.0,2.02,-1.15,-0.16,1.12,0.27999999999999936
2018-05-24,603300,13.69,13.89,14.05,13.55,52537,36022227.0,3.64,1.17,0.16,1.89,0.5
2018-05-25,603300,13.81,13.47,13.81,13.43,49370,33398435.0,2.74,-3.02,-0.42,1.78,0.3800000000000008
2018-05-28,603300,13.49,13.15,13.49,13.11,38538,25267061.0,2.82,-2.38,-0.32,1.39,0.3800000000000008
2018-05-29,603300,13.23,13.29,13.41,13.07,26747,17632888.0,2.59,1.06,0.14,0.66,0.33999999999999986
2018-05-30,603300,13.19,13.43,14.01,13.03,67710,45143374.0,7.37,1.05,0.14,1.67,0.9800000000000004
2018-05-31,603300,13.41,13.55,13.61,13.35,38744,25929688.0,1.94,0.89,0.12,0.96,0.2599999999999998
2018-06-01,603300,13.47,13.31,13.51,13.21,30835,20414691.0,2.21,-1.77,-0.24,0.76,0.29999999999999893
2018-06-04,603300,13.17,13.29,13.37,13.17,17139,11282499.0,1.5,-0.15,-0.02,0.42,0.1999999999999993
2018-06-05,603300,13.21,13.35,13.39,13.21,23649,15619972.0,1.35,0.45,0.06,0.58,0.17999999999999972
2018-06-06,603300,13.33,13.43,13.47,13.25,25033,16634861.0,1.65,0.6,0.08,0.62,0.22000000000000064
2018-06-07,603300,13.41,13.31,13.55,13.31,27808,18512788.0,1.79,-0.89,-0.12,0.69,0.2400000000000002
2018-06-08,603300,13.29,13.05,13.29,13.01,29535,19205429.0,2.1,-1.95,-0.26,0.73,0.27999999999999936
2018-06-11,603300,13.07,12.99,13.19,12.89,20108,12925106.0,2.3,-0.46,-0.06,0.5,0.29999999999999893
2018-06-12,603300,12.97,13.01,13.05,12.77,26548,16991851.0,2.16,0.15,0.02,0.65,0.28000000000000114
2018-06-13,603300,13.05,12.87,13.05,12.71,25944,16503631.0,2.61,-1.08,-0.14,0.64,0.33999999999999986
2018-06-14,603300,12.81,12.81,12.99,12.63,24286,15440402.0,2.8,-0.47,-0.06,0.6,0.35999999999999943
2018-06-15,603300,12.87,12.17,12.89,12.15,45115,28000266.0,5.78,-5.0,-0.64,1.11,0.7400000000000002
2018-06-19,603300,11.61,11.17,12.01,11.11,83722,48025792.0,7.4,-8.22,-1.0,2.07,0.9000000000000004
2018-06-20,603300,11.01,11.23,11.41,10.89,58101,32101171.0,4.66,0.54,0.06,1.43,0.5199999999999996
2018-06-21,603300,11.29,10.31,11.33,10.27,84046,44775060.0,9.44,-8.19,-0.92,2.07,1.0600000000000005
2018-06-22,603300,10.31,10.25,10.43,10.05,75037,38053747.0,3.69,-0.58,-0.06,1.85,0.379999999999999
2018-06-25,603300,10.33,10.07,10.41,10.03,80074,40250891.0,3.71,-1.76,-0.18,1.98,0.3800000000000008
2018-06-26,603300,9.97,10.13,10.19,9.75,54222,26709895.0,4.37,0.6,0.06,1.34,0.4399999999999995
2018-06-27,603300,10.11,10.15,10.27,10.05,62936,31600769.0,2.17,0.2,0.02,1.55,0.21999999999999886
2018-06-28,603300,10.11,10.21,10.31,10.07,51887,26228216.0,2.36,0.59,0.06,1.28,0.2400000000000002
2018-06-29,603300,10.19,10.53,10.57,10.15,70612,36301977.0,4.11,3.13,0.32,1.74,0.41999999999999993
2018-07-02,603300,10.55,10.51,10.59,10.41,45310,23491408.0,1.71,-0.19,-0.02,1.12,0.17999999999999972
2018-07-03,603300,10.49,10.61,10.63,10.43,26805,13987679.0,1.9,0.95,0.1,0.66,0.20000000000000107
2018-07-04,603300,10.57,10.69,10.71,10.49,38737,20374480.0,2.07,0.75,0.08,0.96,0.22000000000000064
2018-07-05,603300,10.67,10.13,10.69,10.07,55189,28379119.0,5.8,-5.24,-0.56,1.36,0.6199999999999992
2018-07-06,603300,10.15,10.05,10.29,9.65,65963,32680221.0,6.32,-0.79,-0.08,1.63,0.6399999999999988
2018-07-09,603300,10.03,10.35,10.41,9.99,48448,24503585.0,4.18,2.99,0.3,1.2,0.41999999999999993
2018-07-10,603300,10.47,10.27,10.47,10.21,35462,18078944.0,2.51,-0.77,-0.08,0.87,0.2599999999999998
2018-07-11,603300,10.21,9.87,10.21,9.63,60135,29450410.0,5.65,-3.89,-0.4,1.48,0.5800000000000001
2018-07-12,603300,9.81,10.11,10.19,9.81,38105,18984329.0,3.85,2.43,0.24,0.94,0.379999999999999
2018-07-13,603300,10.15,10.19,10.27,10.11,33105,16644364.0,1.58,0.79,0.08,0.82,0.16000000000000014
2018-07-16,603300,10.17,10.09,10.23,10.07,20806,10417515.0,1.57,-0.98,-0.1,0.51,0.16000000000000014
2018-07-17,603300,10.13,10.33,10.35,10.05,46063,23341311.0,2.97,2.38,0.24,1.14,0.29999999999999893
2018-07-18,603300,10.33,10.37,10.47,10.27,30078,15422139.0,1.94,0.39,0.04,0.74,0.20000000000000107
2018-07-19,603300,10.39,10.09,10.39,9.91,41657,20829967.0,4.63,-2.7,-0.28,1.03,0.4800000000000004
2018-07-20,603300,10.07,10.37,10.57,10.01,56225,28830340.0,5.55,2.78,0.28,1.39,0.5600000000000005
2018-07-23,603300,10.37,10.49,10.53,10.25,50260,25927663.0,2.7,1.16,0.12,1.24,0.27999999999999936
2018-07-24,603300,10.49,10.73,10.75,10.43,73025,38371173.0,3.05,2.29,0.24,1.8,0.3200000000000003
2018-07-25,603300,10.77,11.03,11.55,10.57,107984,58695561.0,9.13,2.8,0.3,2.66,0.9800000000000004
2018-07-26,603300,10.81,10.89,11.01,10.75,70048,37697220.0,2.36,-1.27,-0.14,1.73,0.2599999999999998
2018-07-27,603300,10.87,10.71,10.95,10.63,44818,23858189.0,2.94,-1.65,-0.18,1.11,0.3199999999999985
2018-07-30,603300,10.65,10.55,10.71,10.47,46108,24112157.0,2.24,-1.49,-0.16,1.14,0.2400000000000002
2018-07-31,603300,10.49,10.77,10.81,10.45,38948,20624168.0,3.41,2.09,0.22,0.96,0.3600000000000012
2018-08-01,603300,10.75,10.47,10.85,10.41,36562,19191406.0,4.09,-2.79,-0.3,0.9,0.4399999999999995
2018-08-02,603300,10.37,10.11,10.43,9.91,53575,26910709.0,4.97,-3.44,-0.36,1.32,0.5199999999999996
2018-08-03,603300,10.15,9.99,10.27,9.95,37840,18876516.0,3.17,-1.19,-0.12,0.93,0.3200000000000003
2018-08-06,603300,10.01,9.95,10.17,9.81,28812,14205248.0,3.6,-0.4,-0.04,0.71,0.35999999999999943
2018-08-07,603300,9.91,10.23,10.23,9.89,26436,13178280.0,3.42,2.81,0.28,0.65,0.33999999999999986
2018-08-08,603300,10.25,10.33,10.35,10.17,32851,16683552.0,1.76,0.98,0.1,0.81,0.17999999999999972
2018-08-09,603300,10.29,10.49,10.97,10.21,82461,42924120.0,7.36,1.55,0.16,2.03,0.7599999999999998
2018-08-10,603300,10.33,10.35,10.49,10.27,44170,22621064.0,2.1,-1.33,-0.14,1.09,0.22000000000000064
2018-08-13,603300,10.21,10.29,10.31,10.05,27106,13665188.0,2.51,-0.58,-0.06,0.67,0.2599999999999998
2018-08-14,603300,10.29,10.41,10.51,10.21,33002,16953027.0,2.92,1.17,0.12,0.81,0.29999999999999893
2018-08-15,603300,10.39,10.21,10.43,10.21,31584,16123643.0,2.11,-1.92,-0.2,0.78,0.21999999999999886
2018-08-16,603300,10.21,10.31,10.41,10.05,30991,15738069.0,3.53,0.98,0.1,0.76,0.35999999999999943
2018-08-17,603300,10.33,10.17,10.41,10.13,26237,13325628.0,2.72,-1.36,-0.14,0.65,0.27999999999999936
2018-08-20,603300,10.17,10.15,10.23,9.91,29097,14488355.0,3.15,-0.2,-0.02,0.72,0.3200000000000003
2018-08-21,603300,10.09,10.21,10.27,10.01,17320,8736479.0,2.56,0.59,0.06,0.43,0.2599999999999998
2018-08-22,603300,10.13,10.05,10.21,10.01,19245,9611929.0,1.96,-1.57,-0.16,0.47,0.20000000000000107
2018-08-23,603300,10.13,10.07,10.17,10.03,12604,6292471.0,1.39,0.2,0.02,0.31,0.14000000000000057
2018-08-24,603300,10.07,10.29,10.39,10.07,42592,21609007.0,3.18,2.18,0.22,1.05,0.3200000000000003
2018-08-27,603300,10.35,10.43,10.45,10.29,34617,17794709.0,1.55,1.36,0.14,0.85,0.16000000000000014
2018-08-28,603300,10.43,10.37,10.47,10.29,23130,11856270.0,1.73,-0.58,-0.06,0.57,0.1800000000000015
2018-08-29,603300,10.33,10.25,10.33,10.25,15007,7631286.0,0.77,-1.16,-0.12,0.37,0.08000000000000007
2018-08-30,603300,10.25,10.05,10.33,9.95,26084,13055045.0,3.71,-1.95,-0.2,0.64,0.3800000000000008
2018-08-31,603300,10.03,10.07,10.13,9.99,15114,7527823.0,1.39,0.2,0.02,0.37,0.14000000000000057
2018-09-03,603300,10.11,10.15,10.15,9.99,13490,6724063.0,1.59,0.79,0.08,0.33,0.16000000000000014
2018-09-04,603300,10.13,10.27,10.31,10.07,26478,13391570.0,2.36,1.18,0.12,0.65,0.2400000000000002
2018-09-05,603300,10.29,10.15,10.35,10.13,22445,11388538.0,2.14,-1.17,-0.12,0.55,0.21999999999999886
2018-09-06,603300,10.05,10.15,10.25,10.05,15494,7785911.0,1.97,0.0,0.0,0.38,0.1999999999999993
2018-09-07,603300,10.15,10.17,10.29,10.11,21781,10993112.0,1.77,0.2,0.02,0.54,0.17999999999999972
2018-09-10,603300,10.15,10.17,10.21,10.09,21149,10636679.0,1.18,0.0,0.0,0.52,0.120000000000001
2018-09-11,603300,10.13,10.07,10.19,9.97,27987,13962130.0,2.16,-0.98,-0.1,0.69,0.21999999999999886
2018-09-12,603300,10.03,10.05,10.13,10.01,18739,9333799.0,1.19,-0.2,-0.02,0.46,0.120000000000001
2018-09-13,603300,10.13,10.17,10.17,10.09,22271,11158038.0,0.8,1.19,0.12,0.55,0.08000000000000007
2018-09-14,603300,10.15,10.37,10.39,10.13,67386,34324219.0,2.56,1.97,0.2,1.66,0.2599999999999998
2018-09-17,603300,10.39,10.65,10.87,10.29,150567,79149461.0,5.59,2.7,0.28,3.71,0.5800000000000001
2018-09-18,603300,10.43,10.63,10.67,10.43,89402,46604097.0,2.25,-0.19,-0.02,2.21,0.2400000000000002
2018-09-19,603300,10.57,10.59,10.65,10.49,66023,34507148.0,1.51,-0.38,-0.04,1.63,0.16000000000000014
2018-09-20,603300,10.69,10.47,10.69,10.45,46280,24071299.0,2.27,-1.13,-0.12,1.14,0.2400000000000002
2018-09-21,603300,10.55,10.49,10.55,10.39,42864,22207585.0,1.53,0.19,0.02,1.06,0.16000000000000014
2018-09-25,603300,10.43,10.37,10.49,10.37,32866,16930349.0,1.14,-1.14,-0.12,0.81,0.120000000000001
2018-09-26,603300,10.37,10.43,10.47,10.35,34471,17775293.0,1.16,0.58,0.06,0.85,0.120000000000001
2018-09-27,603300,10.43,10.31,10.45,10.29,46406,23793860.0,1.53,-1.15,-0.12,1.14,0.16000000000000014
2018-09-28,603300,10.31,10.35,10.41,10.29,21780,11165441.0,1.16,0.39,0.04,0.54,0.120000000000001
2018-10-08,603300,10.27,10.05,10.29,10.01,34962,17545406.0,2.71,-2.9,-0.3,0.86,0.27999999999999936
2018-10-09,603300,10.07,10.15,10.17,10.05,14823,7411987.0,1.19,1.0,0.1,0.37,0.11999999999999922
2018-10-10,603300,10.11,10.11,10.19,10.05,11600,5799826.0,1.38,-0.39,-0.04,0.29,0.1399999999999988
2018-10-11,603300,9.93,9.19,9.93,9.11,72390,33470670.0,8.11,-9.1,-0.92,1.79,0.8200000000000003
2018-10-12,603300,9.17,9.03,9.17,8.47,49151,21541558.0,7.62,-1.74,-0.16,1.21,0.6999999999999993
2018-10-15,603300,9.11,8.87,9.13,8.85,19445,8682222.0,3.1,-1.77,-0.16,0.48,0.28000000000000114
2018-10-16,603300,9.07,9.01,9.51,8.95,30597,13886614.0,6.31,1.58,0.14,0.75,0.5600000000000005
2018-10-17,603300,8.99,8.99,9.17,8.89,17528,7794680.0,3.11,-0.22,-0.02,0.43,0.27999999999999936
2018-10-18,603300,8.93,8.71,9.01,8.67,34166,14796265.0,3.78,-3.11,-0.28,0.84,0.33999999999999986
2018-10-19,603300,8.81,9.11,9.21,8.79,43767,19571582.0,4.82,4.59,0.4,1.08,0.4200000000000017
2018-10-22,603300,9.05,9.59,9.75,9.01,72400,33882798.0,8.12,5.27,0.48,1.79,0.7400000000000002
2018-10-23,603300,9.61,9.39,9.61,9.31,39493,18435687.0,3.13,-2.09,-0.2,0.97,0.29999999999999893
2018-10-24,603300,9.33,9.51,9.81,9.33,49122,23278153.0,5.11,1.28,0.12,1.21,0.4800000000000004
2018-10-25,603300,9.19,9.53,9.55,9.05,37972,17468718.0,5.26,0.21,0.02,0.94,0.5
2018-10-26,603300,9.61,9.49,9.77,9.43,26548,12546195.0,3.57,-0.42,-0.04,0.65,0.33999999999999986
2018-10-29,603300,9.49,9.51,9.69,9.35,33565,15857848.0,3.58,0.21,0.02,0.83,0.33999999999999986
2018-10-30,603300,9.59,9.75,9.83,9.45,42385,20336162.0,4.0,2.52,0.24,1.05,0.3800000000000008
2018-10-31,603300,9.81,9.71,9.81,9.59,34324,16512610.0,2.26,-0.41,-0.04,0.85,0.22000000000000064
2018-11-01,603300,9.77,9.91,10.47,9.73,86439,43049426.0,7.62,2.06,0.2,2.13,0.7400000000000002
2018-11-02,603300,9.83,10.13,10.23,9.81,65204,32482459.0,4.24,2.22,0.22,1.61,0.41999999999999993
2018-11-05,603300,10.13,10.47,10.49,10.09,73788,37698638.0,3.95,3.36,0.34,1.82,0.40000000000000036
2018-11-06,603300,10.41,10.35,10.59,10.25,42823,21993663.0,3.25,-1.15,-0.12,1.06,0.33999999999999986
2018-11-07,603300,10.43,10.33,10.47,10.25,37932,19428186.0,2.13,-0.19,-0.02,0.94,0.22000000000000064
2018-11-08,603300,10.35,10.47,10.69,10.29,56751,29519880.0,3.87,1.36,0.14,1.4,0.40000000000000036
2018-11-09,603300,10.47,10.31,10.53,10.25,35566,18177110.0,2.67,-1.53,-0.16,0.88,0.27999999999999936
2018-11-12,603300,10.35,10.61,10.65,10.29,55492,29021878.0,3.49,2.91,0.3,1.37,0.3600000000000012
2018-11-13,603300,10.57,10.93,11.09,10.45,100200,53954213.0,6.03,3.02,0.32,2.47,0.6400000000000006
2018-11-14,603300,10.87,10.95,11.09,10.83,71236,38693951.0,2.38,0.18,0.02,1.76,0.2599999999999998
2018-11-15,603300,10.83,10.99,11.05,10.83,42597,23113782.0,2.01,0.37,0.04,1.05,0.22000000000000064
2018-11-16,603300,11.05,11.39,11.87,10.97,121017,68377997.0,8.19,3.64,0.4,2.99,0.8999999999999986
2018-11-19,603300,11.41,11.47,11.51,11.21,69345,39019984.0,2.63,0.7,0.08,1.71,0.29999999999999893
2018-11-20,603300,11.31,11.03,11.47,10.99,66693,37097671.0,4.18,-3.84,-0.44,1.65,0.4800000000000004
2018-11-21,603300,10.87,11.37,11.43,10.83,56696,31434743.0,5.44,3.08,0.34,1.4,0.5999999999999996
2018-11-22,603300,11.31,11.23,11.43,11.21,31423,17549528.0,1.93,-1.23,-0.14,0.78,0.21999999999999886
2018-11-23,603300,11.41,10.75,11.41,10.69,56708,30691523.0,6.41,-4.27,-0.48,1.4,0.7200000000000006
2018-11-26,603300,10.85,11.03,11.17,10.73,50779,27760383.0,4.09,2.6,0.28,1.25,0.4399999999999995
2018-11-27,603300,11.15,10.95,11.31,10.87,45469,24768469.0,3.99,-0.73,-0.08,1.12,0.4400000000000013
2018-11-28,603300,11.07,11.01,11.07,10.79,50162,27271312.0,2.56,0.55,0.06,1.24,0.28000000000000114
2018-11-29,603300,11.09,10.71,11.21,10.63,48139,26121286.0,5.27,-2.72,-0.3,1.19,0.5800000000000001
2018-11-30,603300,10.71,10.79,10.87,10.59,34748,18454060.0,2.61,0.75,0.08,0.86,0.27999999999999936
2018-12-03,603300,11.01,11.39,11.51,11.01,75826,42410028.0,4.63,5.56,0.6,1.87,0.5
2018-12-04,603300,11.39,11.35,11.47,11.21,41070,23017482.0,2.28,-0.35,-0.04,1.01,0.2599999999999998
2018-12-05,603300,11.11,11.17,11.25,11.07,32837,18133971.0,1.59,-1.59,-0.18,0.81,0.17999999999999972
2018-12-06,603300,11.21,11.19,11.23,10.91,47832,26189463.0,2.86,0.18,0.02,1.18,0.3200000000000003
2018-12-07,603300,11.31,11.01,11.41,10.99,43793,24113187.0,3.75,-1.61,-0.18,1.08,0.41999999999999993
2018-12-10,603300,10.83,10.59,10.93,10.53,38196,20251415.0,3.63,-3.81,-0.42,0.94,0.40000000000000036
2018-12-11,603300,10.67,10.93,10.99,10.61,36091,19334340.0,3.59,3.21,0.34,0.89,0.3800000000000008
2018-12-12,603300,10.97,10.87,11.03,10.87,19601,10623935.0,1.46,-0.55,-0.06,0.48,0.16000000000000014
2018-12-13,603300,10.89,10.89,11.03,10.85,22242,12060559.0,1.66,0.18,0.02,0.55,0.17999999999999972
2018-12-14,603300,11.01,10.67,11.01,10.67,29195,15621443.0,3.12,-2.02,-0.22,0.72,0.33999999999999986
2018-12-17,603300,10.61,10.73,10.77,10.57,18705,9874840.0,1.87,0.56,0.06,0.46,0.1999999999999993
2018-12-18,603300,10.67,10.33,10.77,10.33,45283,23582607.0,4.1,-3.73,-0.4,1.12,0.4399999999999995
2018-12-19,603300,10.37,10.39,10.49,10.37,23617,12181525.0,1.16,0.58,0.06,0.58,0.120000000000001
2018-12-20,603300,10.35,10.37,10.45,10.31,17502,8991722.0,1.35,-0.19,-0.02,0.43,0.1399999999999988
2018-12-21,603300,10.37,10.35,10.41,10.23,16936,8653995.0,1.74,-0.19,-0.02,0.42,0.17999999999999972
2018-12-24,603300,10.35,10.37,10.43,10.23,22771,11650436.0,1.93,0.19,0.02,0.56,0.1999999999999993
2018-12-25,603300,10.39,10.01,10.41,9.85,33656,16658480.0,5.4,-3.47,-0.36,0.83,0.5600000000000005
2018-12-26,603300,10.09,9.81,10.11,9.67,41272,20153742.0,4.4,-2.0,-0.2,1.02,0.4399999999999995
2018-12-27,603300,9.91,9.63,10.01,9.63,37376,18244839.0,3.87,-1.83,-0.18,0.92,0.379999999999999
2018-12-28,603300,9.77,9.71,9.79,9.59,20558,9853465.0,2.08,0.83,0.08,0.51,0.1999999999999993
2019-01-02,603300,9.81,9.85,9.97,9.69,29423,14328870.0,2.88,1.44,0.14,0.73,0.28000000000000114
2019-01-03,603300,9.91,9.97,10.13,9.87,25303,12540709.0,2.64,1.22,0.12,0.62,0.26000000000000156
2019-01-04,603300,9.91,10.25,10.31,9.81,35117,17569904.0,5.02,2.81,0.28,0.87,0.5
2019-01-07,603300,10.25,10.39,10.47,10.19,38464,19716620.0,2.73,1.37,0.14,0.95,0.28000000000000114
2019-01-08,603300,10.39,10.57,10.61,10.27,41173,21442721.0,3.27,1.73,0.18,1.02,0.33999999999999986
2019-01-09,603300,10.61,10.51,10.67,10.51,26716,13981000.0,1.51,-0.57,-0.06,0.66,0.16000000000000014
2019-01-10,603300,10.49,10.49,10.61,10.43,24251,12610821.0,1.71,-0.19,-0.02,0.6,0.17999999999999972
2019-01-11,603300,10.45,10.61,10.63,10.43,27499,14364862.0,1.91,1.14,0.12,0.68,0.20000000000000107
2019-01-14,603300,10.57,10.55,10.67,10.49,23572,12322636.0,1.7,-0.57,-0.06,0.58,0.17999999999999972
2019-01-15,603300,10.55,10.67,10.69,10.55,23775,12510604.0,1.33,1.14,0.12,0.59,0.1399999999999988
2019-01-16,603300,10.69,10.61,10.71,10.57,24605,12930308.0,1.31,-0.56,-0.06,0.61,0.14000000000000057
2019-01-17,603300,10.43,9.97,10.45,9.83,98008,48673564.0,5.84,-6.03,-0.64,2.42,0.6199999999999992
2019-01-18,603300,9.85,9.79,9.97,9.71,61307,29801178.0,2.61,-1.81,-0.18,1.51,0.2599999999999998
2019-01-21,603300,9.79,9.91,9.97,9.71,38040,18591028.0,2.66,1.23,0.12,0.94,0.2599999999999998
2019-01-22,603300,9.99,9.75,9.99,9.73,32128,15624428.0,2.62,-1.61,-0.16,0.79,0.2599999999999998
2019-01-23,603300,9.71,9.73,9.79,9.67,20733,9962340.0,1.23,-0.21,-0.02,0.51,0.11999999999999922
2019-01-24,603300,9.73,9.55,9.75,9.41,37525,17730699.0,3.49,-1.85,-0.18,0.93,0.33999999999999986
2019-01-25,603300,9.61,9.47,9.63,9.47,27081,12754325.0,1.68,-0.84,-0.08,0.67,0.16000000000000014
2019-01-28,603300,9.33,9.33,9.57,9.31,40504,18735808.0,2.75,-1.48,-0.14,1.0,0.2599999999999998
2019-01-29,603300,9.31,8.93,9.31,8.87,47175,20959740.0,4.72,-4.29,-0.4,1.16,0.4400000000000013
2019-01-30,603300,8.97,9.03,9.17,8.91,27302,12236146.0,2.91,1.12,0.1,0.67,0.2599999999999998
2019-01-31,603300,8.95,8.53,8.95,8.47,67421,28842260.0,5.32,-5.54,-0.5,1.66,0.47999999999999865
2019-02-01,603300,8.53,8.79,8.83,8.49,31202,13412523.0,3.99,3.05,0.26,0.77,0.33999999999999986
2019-02-11,603300,8.85,9.19,9.23,8.85,33087,14850549.0,4.32,4.55,0.4,0.82,0.3800000000000008
2019-02-12,603300,9.15,9.27,9.33,9.15,25564,11707386.0,1.96,0.87,0.08,0.63,0.17999999999999972
2019-02-13,603300,9.31,9.35,9.41,9.23,29620,13683895.0,1.94,0.86,0.08,0.73,0.17999999999999972
2019-02-14,603300,9.35,9.43,9.49,9.33,35184,16358565.0,1.71,0.86,0.08,0.87,0.16000000000000014
2019-02-15,603300,9.41,9.47,9.61,9.35,40057,18746696.0,2.76,0.42,0.04,0.99,0.2599999999999998
2019-02-18,603300,9.47,9.71,9.79,9.47,55301,26432578.0,3.38,2.53,0.24,1.36,0.3199999999999985
2019-02-19,603300,9.77,9.89,10.17,9.67,112449,55221545.0,5.15,1.85,0.18,2.77,0.5
2019-02-20,603300,10.01,9.83,10.09,9.73,73237,35661670.0,3.64,-0.61,-0.06,1.81,0.35999999999999943
2019-02-21,603300,9.85,10.07,10.29,9.81,117746,58819738.0,4.88,2.44,0.24,2.9,0.47999999999999865
2019-02-22,603300,9.97,10.51,10.59,9.85,147364,74389319.0,7.35,4.37,0.44,3.64,0.7400000000000002
2019-02-25,603300,10.71,11.49,11.53,10.51,238688,129939329.0,9.71,9.32,0.98,5.89,1.0199999999999996
2019-02-26,603300,11.31,11.51,12.07,11.01,284748,162836600.0,9.23,0.17,0.02,7.02,1.0600000000000005
2019-02-27,603300,11.45,11.49,11.83,11.07,184878,105305635.0,6.6,-0.17,-0.02,4.56,0.7599999999999998
2019-02-28,603300,11.31,11.23,11.43,11.15,100235,55947484.0,2.44,-2.26,-0.26,2.47,0.27999999999999936
2019-03-01,603300,11.21,11.27,11.31,11.01,93476,51585523.0,2.67,0.36,0.04,2.31,0.3000000000000007
2019-03-04,603300,11.45,11.35,11.57,11.25,142571,80486853.0,2.84,0.71,0.08,3.52,0.3200000000000003
2019-03-05,603300,11.35,11.51,11.51,11.15,126686,71336859.0,3.17,1.41,0.16,3.13,0.35999999999999943
2019-03-06,603300,11.51,12.29,12.43,11.49,199559,118377098.0,8.17,6.78,0.78,4.92,0.9399999999999995
2019-03-07,603300,12.29,12.11,12.39,11.91,199214,119557312.0,3.91,-1.46,-0.18,4.91,0.4800000000000004
2019-03-08,603300,11.87,11.73,12.27,11.71,141248,83970826.0,4.62,-3.14,-0.38,3.11,0.5599999999999987
2019-03-11,603300,11.71,12.25,12.33,11.71,107780,64424251.0,5.29,4.43,0.52,2.37,0.6199999999999992
2019-03-12,603300,13.47,13.47,13.47,13.47,36586,24439114.0,0.0,9.96,1.22,0.8,0.0
2019-03-13,603300,14.81,14.81,14.81,14.81,55650,40902919.0,0.0,9.95,1.34,1.22,0.0
2019-03-14,603300,14.41,13.67,14.43,13.51,272450,187874172.0,6.21,-7.7,-1.14,5.99,0.9199999999999999
2019-03-15,603300,13.61,14.27,15.03,13.55,285432,203721541.0,10.83,4.39,0.6,6.28,1.4799999999999986
2019-03-18,603300,14.11,14.19,14.69,13.63,183852,128406880.0,7.43,-0.56,-0.08,4.04,1.0599999999999987
2019-03-19,603300,13.77,13.99,14.17,13.75,100535,69639234.0,2.96,-1.41,-0.2,2.21,0.41999999999999993
2019-03-20,603300,13.95,14.59,14.95,13.83,162971,115631853.0,8.01,4.29,0.6,3.59,1.1199999999999992
2019-03-21,603300,14.47,15.23,15.51,14.47,240942,180858238.0,7.13,4.39,0.64,5.3,1.0399999999999991
2019-03-22,603300,14.91,14.99,15.21,14.73,146790,108946099.0,3.15,-1.58,-0.24,3.23,0.4800000000000004
2019-03-25,603300,14.67,14.97,15.43,14.53,134359,100704930.0,6.0,-0.13,-0.02,2.96,0.9000000000000004
2019-03-26,603300,15.11,14.67,15.51,14.55,128692,96152643.0,6.41,-2.0,-0.3,2.83,0.9599999999999991
2019-03-27,603300,14.67,14.35,15.03,13.83,131822,94190578.0,8.18,-2.18,-0.32,2.9,1.1999999999999993
2019-03-28,603300,14.47,14.85,15.07,14.41,140859,103345954.0,4.6,3.48,0.5,3.1,0.6600000000000001
2019-03-29,603300,15.01,14.75,15.01,14.21,132534,95669808.0,5.39,-0.67,-0.1,2.92,0.7999999999999989
2019-04-01,603300,14.93,15.63,15.77,14.77,176423,134090602.0,6.78,5.97,0.88,3.88,1.0
2019-04-02,603300,15.77,16.51,16.67,15.33,240851,192443317.0,8.57,5.63,0.88,5.3,1.3400000000000016
2019-04-03,603300,16.51,17.15,17.27,16.27,193007,162681342.0,6.06,3.88,0.64,4.25,1.0
2019-04-04,603300,17.19,17.07,17.45,17.01,135293,115622359.0,2.57,-0.47,-0.08,2.98,0.4399999999999977
2019-04-08,603300,17.23,17.13,17.43,16.49,126268,106191932.0,5.51,0.35,0.06,2.78,0.9400000000000013
2019-04-09,603300,17.13,17.21,17.31,16.69,82831,69960813.0,3.62,0.47,0.08,1.82,0.6199999999999974
2019-04-10,603300,17.21,18.83,18.93,17.03,218462,199720687.0,11.04,9.41,1.62,4.81,1.8999999999999986
2019-04-11,603300,18.79,18.61,19.47,18.49,156249,146568248.0,5.2,-1.17,-0.22,3.44,0.9800000000000004
2019-04-12,603300,19.23,19.71,20.35,18.87,232874,226131711.0,7.95,5.91,1.1,5.12,1.4800000000000004
2019-04-15,603300,19.31,20.95,21.09,19.31,209415,211892361.0,9.03,6.29,1.24,4.61,1.7800000000000011
2019-04-16,603300,20.81,23.03,23.03,20.47,272959,303398272.0,12.22,9.93,2.08,6.01,2.5600000000000023
2019-04-17,603300,23.07,21.91,23.85,20.89,424083,471462624.0,12.85,-4.86,-1.12,9.33,2.960000000000001
2019-04-18,603300,21.11,20.07,21.27,19.93,249845,254315382.0,6.12,-8.4,-1.84,5.5,1.3399999999999999
2019-04-19,603300,19.89,21.11,21.29,19.79,220604,227043010.0,7.47,5.18,1.04,4.85,1.5
2019-04-22,603300,21.07,21.49,22.07,20.73,155567,167122401.0,6.35,1.8,0.38,3.42,1.3399999999999999
2019-04-23,603300,21.29,21.05,22.29,20.55,160788,171139676.0,8.1,-2.05,-0.44,3.54,1.7399999999999984
2019-04-24,603300,20.91,20.47,21.45,20.17,118560,122775397.0,6.08,-2.76,-0.58,2.61,1.2799999999999976
2019-04-25,603300,20.79,19.71,21.27,19.55,139402,141812592.0,8.4,-3.71,-0.76,3.07,1.7199999999999989
2019-04-26,603300,19.91,19.83,20.01,19.27,120368,117548584.0,3.75,0.61,0.12,2.65,0.740000000000002
2019-04-29,603300,19.93,19.33,20.01,19.25,119744,116734699.0,3.83,-2.52,-0.5,2.63,0.7600000000000016
2019-04-30,603300,19.37,19.99,19.99,19.37,84271,83006011.0,3.21,3.41,0.66,1.85,0.6199999999999974
2019-05-06,603300,19.53,18.01,19.53,18.01,158948,143916411.0,7.6,-9.9,-1.98,3.5,1.5199999999999996
2019-05-07,603300,18.09,18.49,18.69,17.81,77051,70128422.0,4.89,2.67,0.48,1.7,0.8800000000000026
2019-05-08,603300,18.07,18.49,18.75,17.61,68226,62232305.0,6.17,0.0,0.0,1.5,1.1400000000000006
2019-05-09,603300,18.17,18.33,18.63,18.17,48211,44256096.0,2.49,-0.87,-0.16,1.06,0.4599999999999973
2019-05-10,603300,18.59,19.33,19.41,18.07,101530,96213014.0,7.31,5.46,1.0,2.23,1.3399999999999999
2019-05-13,603300,19.07,20.21,21.03,18.87,88613,88688794.0,11.17,4.55,0.88,1.95,2.16
2019-05-14,603300,19.95,20.51,21.21,19.89,82857,84836717.0,6.53,1.48,0.3,1.82,1.3200000000000003
2019-05-15,603300,20.53,20.57,20.81,20.29,63506,64680526.0,2.54,0.29,0.06,1.4,0.5199999999999996
2019-05-16,603300,20.67,20.15,20.69,20.15,54351,54851553.0,2.63,-2.04,-0.42,1.2,0.5400000000000027
2019-05-17,603300,20.07,19.51,20.47,19.29,59318,59001527.0,5.86,-3.18,-0.64,1.3,1.1799999999999997
2019-05-20,603300,19.67,19.63,19.81,18.75,43039,41331191.0,5.43,0.62,0.12,0.95,1.0599999999999987
2019-05-21,603300,19.69,19.67,19.83,19.41,35189,34399136.0,2.14,0.2,0.04,0.77,0.41999999999999815
2019-05-22,603300,19.79,18.69,19.79,18.57,51098,48379380.0,6.2,-4.98,-0.98,1.12,1.2199999999999989
2019-05-23,603300,18.33,18.71,19.11,18.31,51912,48491628.0,4.28,0.11,0.02,1.14,0.8000000000000007
2019-05-24,603300,18.75,17.45,18.75,16.87,90401,79151927.0,10.05,-6.73,-1.26,1.99,1.879999999999999
2019-05-27,603300,17.51,18.71,18.91,17.51,81343,73821714.0,8.02,7.22,1.26,1.79,1.3999999999999986
2019-05-28,603300,18.95,18.01,19.23,17.83,67707,61798426.0,7.48,-3.74,-0.7,1.49,1.4000000000000021
2019-05-29,603300,18.31,18.07,18.39,18.01,43827,39664977.0,2.11,0.33,0.06,0.96,0.379999999999999
2019-05-30,603300,17.99,17.81,18.21,17.63,41413,36782804.0,3.21,-1.44,-0.26,0.91,0.5800000000000018
2019-05-31,603300,18.01,17.59,18.39,17.51,36938,32940100.0,4.94,-1.24,-0.22,0.81,0.879999999999999
2019-06-03,603300,17.77,17.11,18.03,17.07,35787,30933234.0,5.46,-2.73,-0.48,0.79,0.9600000000000009
2019-06-04,603300,17.25,16.61,17.31,16.53,35053,29115866.0,4.56,-2.92,-0.5,0.77,0.7799999999999976
2019-06-05,603300,16.75,16.49,17.07,16.33,39256,32422101.0,4.46,-0.72,-0.12,0.86,0.740000000000002
2019-06-06,603300,16.51,15.75,16.61,15.19,59207,46783164.0,8.61,-4.49,-0.74,1.3,1.42
2019-06-10,603300,15.83,15.93,16.21,15.43,53636,42279524.0,4.95,1.14,0.18,1.18,0.7800000000000011
2019-06-11,603300,16.09,16.49,16.51,15.81,47875,38513227.0,4.39,3.52,0.56,1.05,0.7000000000000011
2019-06-12,603300,16.51,16.31,16.51,16.25,24965,20305663.0,1.58,-1.09,-0.18,0.55,0.26000000000000156
2019-06-13,603300,16.37,16.37,16.47,15.87,28191,22659742.0,3.68,0.37,0.06,0.62,0.5999999999999996
2019-06-14,603300,16.49,15.79,16.49,15.79,28474,22830360.0,4.28,-3.54,-0.58,0.63,0.6999999999999993
2019-06-17,603300,15.93,16.13,16.47,15.93,39756,32048874.0,3.42,2.15,0.34,0.87,0.5399999999999991
2019-06-18,603300,16.41,15.91,16.41,15.83,20743,16450007.0,3.6,-1.36,-0.22,0.46,0.5800000000000001
2019-06-19,603300,16.25,16.29,16.63,16.17,42879,34919059.0,2.89,2.39,0.38,0.94,0.4599999999999973
2019-06-20,603300,16.33,16.71,16.99,15.83,70341,57770206.0,7.12,2.58,0.42,1.55,1.1599999999999984
2019-06-21,603300,16.81,16.73,17.07,16.71,60067,50182301.0,2.15,0.12,0.02,1.32,0.35999999999999943
2019-06-24,603300,16.73,16.59,17.01,16.51,48663,40435139.0,2.99,-0.84,-0.14,1.07,0.5
2019-06-25,603300,16.65,16.39,16.79,16.15,38120,31222217.0,3.86,-1.21,-0.2,0.84,0.6400000000000006
2019-06-26,603300,16.35,16.57,16.87,16.29,30500,25216644.0,3.54,1.1,0.18,0.67,0.5800000000000018
2019-06-27,603300,16.71,16.47,16.71,16.31,40312,33010067.0,2.41,-0.6,-0.1,0.89,0.40000000000000213
2019-06-28,603300,16.39,16.07,16.51,15.95,32692,26175725.0,3.4,-2.43,-0.4,0.72,0.5600000000000023
2019-07-01,603300,16.23,16.81,16.87,16.23,58781,48589960.0,3.98,4.6,0.74,1.29,0.6400000000000006
2019-07-02,603300,16.81,16.55,16.81,16.41,51915,42707218.0,2.38,-1.55,-0.26,1.14,0.3999999999999986
2019-07-03,603300,16.71,16.31,16.71,16.17,35253,28709628.0,3.26,-1.45,-0.24,0.78,0.5399999999999991
2019-07-04,603300,16.31,16.11,16.57,16.09,29760,24052978.0,2.94,-1.23,-0.2,0.65,0.4800000000000004
2019-07-05,603300,16.31,16.17,16.35,16.03,23755,19073923.0,1.99,0.37,0.06,0.52,0.3200000000000003
2019-07-08,603300,16.09,15.35,16.15,14.87,50697,38805140.0,7.92,-5.07,-0.82,1.12,1.2799999999999994
2019-07-09,603300,15.35,15.39,15.71,15.21,23785,18207520.0,3.26,0.26,0.04,0.52,0.5
2019-07-10,603300,15.35,15.17,15.55,15.09,20994,15948984.0,2.99,-1.43,-0.22,0.46,0.46000000000000085
2019-07-11,603300,15.31,14.95,15.39,14.71,46567,34726417.0,4.48,-1.45,-0.22,1.02,0.6799999999999997
2019-07-12,603300,15.01,14.89,15.27,14.47,49120,36171853.0,5.35,-0.4,-0.06,1.08,0.7999999999999989
2019-07-15,603300,14.91,15.29,15.41,14.73,39207,29370312.0,4.57,2.69,0.4,0.86,0.6799999999999997
2019-07-16,603300,15.23,15.21,15.33,15.01,20814,15654977.0,2.09,-0.52,-0.08,0.46,0.3200000000000003
2019-07-17,603300,15.21,15.05,15.57,14.97,29164,21999527.0,3.94,-1.05,-0.16,0.64,0.5999999999999996
2019-07-18,603300,14.91,14.87,15.25,14.75,31910,23678247.0,3.32,-1.2,-0.18,0.7,0.5
2019-07-19,603300,14.99,14.83,15.19,14.73,31082,23042439.0,3.09,-0.27,-0.04,0.68,0.4599999999999991
2019-07-22,603300,14.87,14.61,15.01,14.31,32304,23309609.0,4.72,-1.48,-0.22,0.71,0.6999999999999993
2019-07-23,603300,14.43,14.53,14.65,14.41,33691,24202901.0,1.64,-0.55,-0.08,0.74,0.2400000000000002
2019-07-24,603300,14.61,14.61,14.75,14.43,24081,17459614.0,2.2,0.55,0.08,0.53,0.3200000000000003
2019-07-25,603300,14.61,14.55,14.75,14.51,22670,16464614.0,1.64,-0.41,-0.06,0.5,0.2400000000000002
2019-07-26,603300,14.61,14.71,14.73,14.43,23086,16699820.0,2.06,1.1,0.16,0.51,0.3000000000000007
2019-07-29,603300,14.71,14.51,14.71,14.43,27213,19585735.0,1.9,-1.36,-0.2,0.6,0.28000000000000114
2019-07-30,603300,14.69,15.95,15.95,14.55,116977,90783771.0,9.65,9.92,1.44,2.57,1.3999999999999986
2019-07-31,603300,16.01,16.99,17.25,15.75,212216,176150502.0,9.4,6.52,1.04,4.67,1.5
2019-08-01,603300,16.71,16.69,17.01,16.23,125321,102976574.0,4.59,-1.77,-0.3,2.76,0.7800000000000011
2019-08-02,603300,16.11,15.99,16.11,15.63,100950,79534689.0,2.88,-4.19,-0.7,2.22,0.47999999999999865
2019-08-05,603300,15.85,15.75,15.97,15.41,73800,57276689.0,3.5,-1.5,-0.24,1.62,0.5600000000000005
2019-08-06,603300,15.29,14.87,15.49,14.19,88024,64839867.0,8.25,-5.59,-0.88,1.94,1.3000000000000007
2019-08-07,603300,15.01,14.65,15.07,14.51,51423,37443002.0,3.77,-1.48,-0.22,1.13,0.5600000000000005
2019-08-08,603300,14.65,14.65,15.09,14.53,44964,33098586.0,3.82,0.0,0.0,0.99,0.5600000000000005
2019-08-09,603300,14.67,14.57,14.77,14.35,46409,33474198.0,2.87,-0.55,-0.08,1.02,0.41999999999999993
2019-08-12,603300,14.47,14.75,14.79,14.01,31648,22810813.0,5.35,1.24,0.18,0.7,0.7799999999999994
2019-08-13,603300,14.67,14.63,14.73,14.33,35876,25902249.0,2.71,-0.81,-0.12,0.79,0.40000000000000036
2019-08-14,603300,14.77,14.63,14.85,14.59,25821,18837489.0,1.78,0.0,0.0,0.57,0.2599999999999998
2019-08-15,603300,14.41,14.67,14.77,14.35,29139,20939045.0,2.87,0.27,0.04,0.64,0.41999999999999993
2019-08-16,603300,14.69,14.75,14.95,14.65,28889,21251851.0,2.04,0.55,0.08,0.64,0.29999999999999893
2019-08-19,603300,14.81,15.19,15.19,14.73,42640,31737710.0,3.12,2.98,0.44,0.94,0.4599999999999991
2019-08-20,603300,15.19,15.23,15.41,15.07,29468,22304687.0,2.24,0.26,0.04,0.65,0.33999999999999986
2019-08-21,603300,15.47,15.39,15.63,15.21,39448,30198280.0,2.76,1.05,0.16,0.87,0.41999999999999993
2019-08-22,603300,15.55,16.15,16.39,15.45,65752,52380485.0,6.11,4.94,0.76,1.45,0.9400000000000013
2019-08-23,603300,16.13,15.55,16.13,15.47,62571,48703820.0,4.09,-3.72,-0.6,1.38,0.6599999999999984
2019-08-26,603300,15.31,14.93,15.31,14.87,38210,28495728.0,2.83,-3.99,-0.62,0.84,0.4400000000000013
2019-08-27,603300,15.05,15.33,15.61,15.05,53068,40551512.0,3.75,2.68,0.4,1.17,0.5599999999999987
2019-08-28,603300,15.49,15.17,15.53,15.13,38354,29108168.0,2.61,-1.04,-0.16,0.84,0.3999999999999986
2019-08-29,603300,15.15,15.27,15.47,14.99,45891,34694655.0,3.16,0.66,0.1,1.01,0.4800000000000004
2019-08-30,603300,16.79,16.79,16.79,16.79,35073,29250465.0,0.0,9.95,1.52,0.77,0.0
2019-09-02,603300,17.63,18.35,18.45,16.91,275791,240716302.0,9.17,9.29,1.56,6.07,1.5399999999999991
2019-09-03,603300,17.71,17.85,18.31,17.51,192569,171202941.0,4.36,-2.72,-0.5,4.24,0.7999999999999972
2019-09-04,603300,17.79,18.69,19.47,17.71,185295,171044536.0,9.86,4.71,0.84,4.08,1.759999999999998
2019-09-05,603300,18.81,19.19,20.09,18.65,187530,181659146.0,7.7,2.68,0.5,4.13,1.4400000000000013
2019-09-06,603300,19.19,18.85,19.21,18.65,137667,129192466.0,2.92,-1.77,-0.34,3.03,0.5600000000000023
2019-09-09,603300,18.91,18.89,18.91,18.27,139750,129465241.0,3.4,0.21,0.04,3.07,0.6400000000000006
2019-09-10,603300,18.79,19.15,19.25,18.43,144589,135456883.0,4.34,1.38,0.26,3.18,0.8200000000000003
2019-09-11,603300,19.05,19.17,19.81,18.93,129702,124733098.0,4.6,0.1,0.02,2.85,0.879999999999999
2019-09-12,603300,19.27,19.19,19.47,18.69,90597,85878004.0,4.07,0.1,0.02,1.99,0.7799999999999976
2019-09-16,603300,19.35,20.17,20.35,19.19,139528,138357609.0,6.04,5.11,0.98,3.07,1.1600000000000001
2019-09-17,603300,20.09,19.37,20.11,19.31,111991,109227656.0,3.97,-3.97,-0.8,2.46,0.8000000000000007
2019-09-18,603300,19.51,19.29,20.03,19.23,98611,96244707.0,4.13,-0.41,-0.08,2.17,0.8000000000000007
2019-09-19,603300,19.41,19.79,19.87,19.13,93781,91514388.0,3.84,2.59,0.5,2.06,0.740000000000002
2019-09-20,603300,19.89,19.61,19.95,19.41,64025,62482564.0,2.73,-0.91,-0.18,1.41,0.5399999999999991
2019-09-23,603300,19.55,19.37,19.79,19.15,60755,58585174.0,3.26,-1.22,-0.24,1.34,0.6400000000000006
2019-09-24,603300,19.53,19.03,19.61,18.91,75321,71983607.0,3.61,-1.76,-0.34,1.66,0.6999999999999993
2019-09-25,603300,19.05,18.91,19.21,18.73,55519,52445389.0,2.52,-0.63,-0.12,1.22,0.4800000000000004
2019-09-26,603300,18.89,17.95,18.93,17.59,92544,83629936.0,7.09,-5.08,-0.96,2.04,1.3399999999999999
2019-09-27,603300,17.85,19.01,19.27,17.71,113075,105853548.0,8.69,5.91,1.06,2.49,1.5599999999999987
2019-09-30,603300,19.01,18.47,19.05,18.37,57301,52906895.0,3.58,-2.84,-0.54,1.26,0.6799999999999997
2019-10-08,603300,18.45,18.25,18.59,18.01,38885,35196205.0,3.14,-1.19,-0.22,0.86,0.5799999999999983
2019-10-09,603300,18.33,18.31,18.41,18.13,44133,40086375.0,1.53,0.33,0.06,0.97,0.28000000000000114
2019-10-10,603300,18.45,19.71,19.73,18.35,103677,99440789.0,7.54,7.65,1.4,2.28,1.379999999999999
2019-10-11,603300,19.71,19.71,19.93,19.43,102178,100101166.0,2.54,0.0,0.0,2.25,0.5
2019-10-14,603300,19.81,19.87,20.27,19.55,131109,129872344.0,3.65,0.81,0.16,2.88,0.7199999999999989
2019-10-15,603300,19.91,19.23,20.07,18.87,127634,87382692.0,6.04,-3.22,-0.64,2.01,1.1999999999999993
2019-10-16,603300,19.15,18.28,19.15,18.25,161932,106791210.0,4.68,-4.94,-0.95,2.54,0.8999999999999986
2019-10-17,603300,18.42,18.37,19.49,18.0,148832,98337881.0,8.15,0.49,0.09,2.34,1.4899999999999984
2019-10-18,603300,18.65,17.75,18.7,17.69,114680,73022010.0,5.5,-3.38,-0.62,1.8,1.009999999999998
2019-10-21,603300,17.86,17.39,17.86,16.99,84718,52011683.0,4.9,-2.03,-0.36,1.33,0.870000000000001
2019-10-22,603300,17.55,17.55,17.67,17.3,58644,36369754.0,2.13,0.92,0.16,0.92,0.370000000000001
2019-10-23,603300,17.55,18.0,18.14,17.3,98557,62309290.0,4.79,2.56,0.45,1.55,0.8399999999999999
2019-10-24,603300,18.03,18.25,18.45,17.95,86640,56110768.0,2.78,1.39,0.25,1.36,0.5
2019-10-25,603300,18.31,18.67,18.95,17.92,73400,48223354.0,5.64,2.3,0.42,1.15,1.0299999999999976
2019-10-28,603300,18.53,18.51,18.79,18.09,109945,71842947.0,3.75,-0.86,-0.16,1.73,0.6999999999999993
2019-10-29,603300,18.51,18.0,18.53,17.83,77302,49667085.0,3.78,-2.76,-0.51,1.21,0.7000000000000028
2019-10-30,603300,18.0,18.09,18.17,17.55,55513,35136706.0,3.44,0.5,0.09,0.87,0.620000000000001
2019-10-31,603300,18.17,17.36,18.17,17.16,92370,57263481.0,5.58,-4.04,-0.73,1.45,1.0100000000000016
2019-11-01,603300,17.3,17.5,17.64,17.11,52362,32490373.0,3.05,0.81,0.14,0.82,0.5300000000000011
2019-11-04,603300,17.61,17.22,17.61,17.19,55089,33907970.0,2.4,-1.6,-0.28,0.87,0.41999999999999815
2019-11-05,603300,17.27,17.41,17.69,17.22,54878,34011637.0,2.73,1.1,0.19,0.86,0.4700000000000024
2019-11-06,603300,17.41,17.44,17.67,17.27,35504,22006211.0,2.3,0.17,0.03,0.56,0.40000000000000213
2019-11-07,603300,17.39,17.39,17.47,17.05,41000,25177905.0,2.41,-0.29,-0.05,0.64,0.41999999999999815
2019-11-08,603300,17.47,17.39,17.53,17.19,32521,20007693.0,1.96,0.0,0.0,0.51,0.33999999999999986
2019-11-11,603300,17.44,16.8,17.44,16.55,62296,37014023.0,5.12,-3.39,-0.59,0.98,0.8900000000000006
2019-11-12,603300,16.91,17.39,17.47,16.74,53515,32505227.0,4.35,3.51,0.59,0.84,0.7300000000000004
2019-11-13,603300,17.41,17.61,17.75,17.36,52671,32851079.0,2.24,1.27,0.22,0.83,0.39000000000000057
2019-11-14,603300,17.58,17.25,17.69,17.05,58133,35504729.0,3.63,-2.04,-0.36,0.91,0.6400000000000006
2019-11-15,603300,17.11,16.69,17.19,16.63,56245,33426050.0,3.25,-3.25,-0.56,0.88,0.5600000000000023
2019-11-18,603300,16.74,16.49,16.77,16.29,41758,24401362.0,2.88,-1.2,-0.2,0.66,0.4800000000000004
2019-11-19,603300,16.52,17.16,17.75,16.41,62245,37943828.0,8.13,4.06,0.67,0.98,1.3399999999999999
2019-11-20,603300,17.22,16.74,17.27,16.71,41696,25021410.0,3.26,-2.45,-0.42,0.66,0.5599999999999987
2019-11-21,603300,16.77,16.88,16.97,16.41,35125,20873918.0,3.35,0.84,0.14,0.55,0.5599999999999987
2019-11-22,603300,17.05,16.74,17.05,16.66,31145,18565262.0,2.31,-0.83,-0.14,0.49,0.39000000000000057
2019-11-25,603300,16.77,16.69,16.85,16.52,26300,15534201.0,1.97,-0.3,-0.05,0.41,0.33000000000000185
2019-11-26,603300,16.77,16.83,16.85,16.46,29947,17707387.0,2.34,0.84,0.14,0.47,0.39000000000000057
2019-11-27,603300,16.88,16.97,17.33,16.69,61409,36910644.0,3.8,0.83,0.14,0.96,0.639999999999997
2019-11-28,603300,17.05,16.77,17.05,16.71,27491,16423784.0,2.0,-1.18,-0.2,0.43,0.33999999999999986
2019-11-29,603300,16.74,16.91,17.19,16.66,27376,16428321.0,3.16,0.83,0.14,0.43,0.5300000000000011
2019-12-02,603300,17.61,17.41,18.59,17.36,151758,95649791.0,7.27,2.96,0.5,2.38,1.2300000000000004
2019-12-03,603300,17.05,17.19,17.25,16.94,72825,44169030.0,1.78,-1.26,-0.22,1.14,0.3099999999999987
2019-12-04,603300,17.08,16.91,17.13,16.85,50432,30382192.0,1.63,-1.63,-0.28,0.79,0.2799999999999976
2019-12-05,603300,16.91,16.8,17.08,16.74,43499,26036343.0,2.01,-0.65,-0.11,0.68,0.33999999999999986
2019-12-06,603300,16.8,16.77,16.91,16.63,33452,19871147.0,1.67,-0.18,-0.03,0.53,0.28000000000000114
2019-12-09,603300,16.85,18.45,18.45,16.57,233537,146460247.0,11.21,10.02,1.68,3.67,1.879999999999999
2019-12-10,603300,18.56,18.95,19.4,18.09,383509,255439620.0,7.1,2.71,0.5,6.03,1.3099999999999987
2019-12-11,603300,18.76,19.01,19.26,18.67,143360,96853086.0,3.11,0.32,0.06,2.25,0.5899999999999999
2019-12-12,603300,19.43,19.07,19.85,18.84,319080,218779701.0,5.31,0.32,0.06,5.01,1.0100000000000016
2019-12-13,603300,18.84,19.32,19.4,18.51,208910,140729987.0,4.67,1.31,0.25,3.28,0.889999999999997
2019-12-16,603300,19.29,19.57,19.79,19.01,236406,163731255.0,4.04,1.29,0.25,3.71,0.7799999999999976
2019-12-17,603300,19.6,19.65,19.79,19.37,164695,114569552.0,2.15,0.41,0.08,2.59,0.41999999999999815
2019-12-18,603300,19.65,19.88,20.13,19.6,183478,129270750.0,2.7,1.17,0.23,2.88,0.5299999999999976
2019-12-19,603300,19.93,20.13,20.52,19.32,301469,212868346.0,6.04,1.26,0.25,4.74,1.1999999999999993
2019-12-20,603300,20.41,19.96,20.41,19.79,193007,137388229.0,3.08,-0.84,-0.17,3.03,0.620000000000001
2019-12-23,603300,19.99,20.16,20.49,19.85,271585,194294993.0,3.21,1.0,0.2,4.27,0.639999999999997
2019-12-24,603300,20.19,20.69,21.08,20.07,382233,278407248.0,5.01,2.63,0.53,6.01,1.009999999999998
2019-12-25,603300,20.72,21.25,21.45,20.38,357313,266788266.0,5.17,2.71,0.56,5.61,1.0700000000000003
2019-12-26,603300,21.22,21.7,21.75,21.14,235392,179917792.0,2.87,2.12,0.45,3.7,0.6099999999999994
2019-12-27,603300,21.67,21.89,22.23,21.53,314975,244392284.0,3.23,0.88,0.19,4.95,0.6999999999999993
2019-12-30,603300,21.89,22.26,22.54,21.33,364149,285820224.0,5.53,1.69,0.37,5.72,1.2100000000000009
2019-12-31,603300,22.06,21.89,22.51,21.67,247986,194813410.0,3.77,-1.66,-0.37,3.9,0.8399999999999999
