日期,股票代码,开盘,收盘,最高,最低,成交量,成交额,振幅,涨跌幅,涨跌额,换手率,volatility
2011-06-02,002584,15.01,14.79,16.2,14.7,353674,544928080.09,12.0,18.32,2.29,88.42,1.5
2011-06-03,002584,13.89,14.43,15.0,13.33,220244,307726662.47,11.29,-2.43,-0.36,55.06,1.67
2011-06-07,002584,14.0,14.5,14.98,13.77,169334,243633773.89,8.39,0.49,0.07,42.33,1.2100000000000009
2011-06-08,002584,14.1,14.02,14.39,13.78,115720,162878144.5,4.21,-3.31,-0.48,28.93,0.6100000000000012
2011-06-09,002584,13.85,13.0,13.97,12.94,114831,155269963.83,7.35,-7.28,-1.02,28.71,1.0300000000000011
2011-06-10,002584,12.93,13.36,13.5,12.8,94885,124885712.2,5.38,2.77,0.36,23.72,0.6999999999999993
2011-06-13,002584,13.01,13.07,13.24,12.92,55692,72870952.33,2.4,-2.17,-0.29,13.92,0.3200000000000003
2011-06-14,002584,13.07,13.18,13.34,13.07,51243,67720260.15,2.07,0.84,0.11,12.81,0.2699999999999996
2011-06-15,002584,13.15,13.35,13.88,13.1,91041,123247478.25,5.92,1.29,0.17,22.76,0.7800000000000011
2011-06-16,002584,13.19,13.41,13.78,13.0,77595,104237976.17,5.84,0.45,0.06,19.4,0.7799999999999994
2011-06-17,002584,13.45,12.89,13.48,12.89,54817,71964010.83,4.4,-3.88,-0.52,13.7,0.5899999999999999
2011-06-20,002584,12.8,12.61,12.88,12.5,40893,51659379.1,2.95,-2.17,-0.28,10.22,0.3800000000000008
2011-06-21,002584,12.69,13.19,13.28,12.6,65486,85056831.04,5.39,4.6,0.58,16.37,0.6799999999999997
2011-06-22,002584,13.1,12.88,13.13,12.84,43501,56379943.12,2.2,-2.35,-0.31,10.88,0.2900000000000009
2011-06-23,002584,12.7,13.38,13.67,12.7,72386,96408184.24,7.53,3.88,0.5,18.1,0.9700000000000006
2011-06-24,002584,13.3,13.64,13.95,13.21,96169,130581896.36,5.53,1.94,0.26,24.04,0.7399999999999984
2011-06-27,002584,13.67,13.74,13.98,13.51,75614,103952863.88,3.45,0.73,0.1,18.9,0.47000000000000064
2011-06-28,002584,13.74,13.6,13.74,13.42,50503,68521910.51,2.33,-1.02,-0.14,12.63,0.3200000000000003
2011-06-29,002584,13.53,13.37,13.78,13.37,54190,73715601.99,3.01,-1.69,-0.23,13.55,0.41000000000000014
2011-06-30,002584,13.35,13.51,13.78,13.33,41809,56710010.39,3.37,1.05,0.14,10.45,0.4499999999999993
2011-07-01,002584,13.6,13.88,14.14,13.53,87570,121666747.6,4.52,2.74,0.37,21.89,0.6100000000000012
2011-07-04,002584,14.0,14.08,14.12,13.81,68093,95480783.36,2.23,1.44,0.2,17.02,0.3099999999999987
2011-07-05,002584,14.08,13.98,14.28,13.86,62582,87807456.21,2.98,-0.71,-0.1,15.65,0.41999999999999993
2011-07-06,002584,14.01,14.64,14.98,14.01,134438,195202314.44,6.94,4.72,0.66,33.61,0.9700000000000006
2011-07-07,002584,14.69,14.89,15.37,14.62,131451,197077066.4,5.12,1.71,0.25,32.86,0.75
2011-07-08,002584,14.71,14.75,14.87,14.48,66239,97239314.76,2.62,-0.94,-0.14,16.56,0.3899999999999988
2011-07-11,002584,14.79,14.96,15.16,14.68,59214,88903032.93,3.25,1.42,0.21,14.8,0.4800000000000004
2011-07-12,002584,14.8,14.75,15.45,14.69,83344,125651555.95,5.08,-1.4,-0.21,20.84,0.7599999999999998
2011-07-13,002584,14.86,15.31,15.39,14.75,74834,112984346.04,4.34,3.8,0.56,18.71,0.6400000000000006
2011-07-14,002584,15.2,15.46,15.8,15.12,80826,124741204.95,4.44,0.98,0.15,20.21,0.6800000000000015
2011-07-18,002584,15.45,15.31,15.58,15.1,54311,83109825.29,3.1,-0.97,-0.15,13.58,0.4800000000000004
2011-07-19,002584,15.21,14.82,15.21,14.7,44866,66783326.58,3.33,-3.2,-0.49,11.22,0.5100000000000016
2011-07-20,002584,14.94,14.85,15.15,14.56,35671,52918541.26,3.98,0.2,0.03,8.92,0.5899999999999999
2011-07-21,002584,14.83,14.51,14.93,14.51,29116,42807899.92,2.83,-2.29,-0.34,7.28,0.41999999999999993
2011-07-22,002584,14.62,14.6,14.83,14.54,27606,40553874.09,2.0,0.62,0.09,6.9,0.2900000000000009
2011-07-25,002584,14.52,13.76,14.59,13.72,50028,70330546.69,5.96,-5.75,-0.84,12.51,0.8699999999999992
2011-07-26,002584,13.81,14.04,14.08,13.74,29128,40497161.4,2.47,2.03,0.28,7.28,0.33999999999999986
2011-07-27,002584,13.89,14.35,14.45,13.81,43008,61083278.34,4.56,2.21,0.31,10.75,0.6399999999999988
2011-07-28,002584,14.18,14.26,14.4,14.0,30574,43378586.84,2.79,-0.63,-0.09,7.64,0.40000000000000036
2011-07-29,002584,14.2,13.83,14.32,13.83,29740,41796825.12,3.44,-3.02,-0.43,7.44,0.4900000000000002
2011-08-01,002584,13.78,14.66,14.72,13.67,61948,88932074.14,7.59,6.0,0.83,15.49,1.0500000000000007
2011-08-02,002584,14.47,14.72,14.72,13.93,63688,91385156.28,5.39,0.41,0.06,15.92,0.7900000000000009
2011-08-03,002584,14.35,14.61,15.1,14.31,59703,88349777.21,5.37,-0.75,-0.11,14.93,0.7899999999999991
2011-08-04,002584,14.64,14.68,14.95,14.56,33356,49161224.37,2.67,0.48,0.07,8.34,0.3899999999999988
2011-08-05,002584,14.07,14.13,14.45,14.0,39531,56213779.42,3.07,-3.75,-0.55,9.88,0.4499999999999993
2011-08-08,002584,13.89,13.08,13.9,12.77,41546,55644118.39,8.0,-7.43,-1.05,10.39,1.1300000000000008
2011-08-09,002584,12.58,13.24,13.47,12.52,38136,49803405.19,7.26,1.22,0.16,9.53,0.9500000000000011
2011-08-10,002584,13.45,13.5,13.64,13.39,34299,46300041.59,1.89,1.96,0.26,8.57,0.25
2011-08-11,002584,13.19,13.91,13.91,13.05,33244,45109708.72,6.37,3.04,0.41,8.31,0.8599999999999994
2011-08-12,002584,13.96,13.93,14.08,13.8,27183,37943155.0,2.01,0.14,0.02,6.8,0.27999999999999936
2011-08-15,002584,13.85,14.14,14.18,13.85,26747,37594919.0,2.37,1.51,0.21,6.69,0.33000000000000007
2011-08-16,002584,14.14,13.95,14.32,13.89,23214,32718785.0,3.04,-1.34,-0.19,5.8,0.4299999999999997
2011-08-17,002584,13.99,13.87,14.07,13.78,18814,26151076.0,2.08,-0.57,-0.08,4.7,0.2900000000000009
2011-08-18,002584,13.85,13.42,13.88,13.37,18712,25471234.0,3.68,-3.24,-0.45,4.68,0.5100000000000016
2011-08-19,002584,13.18,13.61,13.75,13.08,20689,27863507.0,4.99,1.42,0.19,5.17,0.6699999999999999
2011-08-22,002584,13.66,13.88,14.02,13.52,26173,36327164.0,3.67,1.98,0.27,6.54,0.5
2011-08-23,002584,13.98,14.3,14.35,13.85,36360,51323599.0,3.6,3.03,0.42,9.09,0.5
2011-08-24,002584,14.35,14.09,14.5,14.05,35798,51110589.0,3.15,-1.47,-0.21,8.95,0.4499999999999993
2011-08-25,002584,14.1,14.52,14.65,14.1,57546,83128538.0,3.9,3.05,0.43,14.39,0.5500000000000007
2011-08-26,002584,14.45,14.51,14.7,14.33,41993,60940560.0,2.55,-0.07,-0.01,10.5,0.3699999999999992
2011-08-29,002584,14.47,14.44,14.73,14.38,34752,50540446.0,2.41,-0.48,-0.07,8.69,0.34999999999999964
2011-08-30,002584,14.58,14.03,14.58,14.0,39074,55867301.0,4.02,-2.84,-0.41,9.77,0.5800000000000001
2011-08-31,002584,14.03,14.06,14.26,13.71,22175,30937894.0,3.92,0.21,0.03,5.54,0.5499999999999989
2011-09-01,002584,14.06,13.81,14.2,13.75,15595,21802022.0,3.2,-1.78,-0.25,3.9,0.4499999999999993
2011-09-02,002584,13.7,13.42,13.84,13.4,26652,36117211.0,3.19,-2.82,-0.39,5.33,0.4399999999999995
2011-09-05,002584,13.24,13.11,13.37,13.0,23206,30489356.0,2.76,-2.31,-0.31,4.64,0.3699999999999992
2011-09-07,002584,13.17,13.9,14.36,13.17,68291,93033539.0,9.08,6.03,0.79,13.66,1.1899999999999995
2011-09-08,002584,13.9,13.81,14.14,13.7,81291,112960209.0,3.17,-0.65,-0.09,16.26,0.4400000000000013
2011-09-09,002584,13.86,13.78,14.18,13.78,82374,114855142.0,2.9,-0.22,-0.03,16.47,0.40000000000000036
2011-09-13,002584,13.7,13.32,13.7,13.16,38337,50979247.0,3.92,-3.34,-0.46,7.67,0.5399999999999991
2011-09-14,002584,13.38,13.53,13.54,13.11,31525,42121331.0,3.23,1.58,0.21,6.3,0.4299999999999997
2011-09-15,002584,13.57,13.35,13.67,13.34,30770,41557364.0,2.44,-1.33,-0.18,6.15,0.33000000000000007
2011-09-16,002584,13.4,13.66,13.83,13.4,48576,66411683.0,3.22,2.32,0.31,9.72,0.4299999999999997
2011-09-19,002584,13.5,13.8,14.09,13.46,64772,90007743.0,4.61,1.02,0.14,12.95,0.629999999999999
2011-09-20,002584,13.66,13.8,13.98,13.36,43033,58707830.0,4.49,0.0,0.0,8.61,0.620000000000001
2011-09-21,002584,13.7,14.13,14.3,13.48,68915,96271664.0,5.94,2.39,0.33,13.78,0.8200000000000003
2011-09-22,002584,14.0,13.79,14.35,13.75,62727,88142808.0,4.25,-2.41,-0.34,12.55,0.5999999999999996
2011-09-23,002584,13.4,13.71,13.82,13.4,30332,41339825.0,3.05,-0.58,-0.08,6.07,0.41999999999999993
2011-09-26,002584,13.66,13.84,14.12,13.66,38760,54006367.0,3.36,0.95,0.13,7.75,0.4599999999999991
2011-09-27,002584,13.9,14.26,14.48,13.85,59541,84246477.0,4.55,3.03,0.42,11.91,0.6300000000000008
2011-09-28,002584,14.28,13.68,14.39,13.65,58281,82119651.0,5.19,-4.07,-0.58,11.66,0.7400000000000002
2011-09-29,002584,13.46,12.92,13.55,12.85,44045,57710179.0,5.12,-5.56,-0.76,8.81,0.7000000000000011
2011-09-30,002584,13.04,13.01,13.12,12.82,19533,25357954.0,2.32,0.7,0.09,3.91,0.29999999999999893
2011-10-10,002584,13.07,13.11,13.24,13.03,12946,17007105.0,1.61,0.77,0.1,2.59,0.21000000000000085
2011-10-11,002584,13.44,13.1,13.55,12.91,22598,30007118.0,4.88,-0.08,-0.01,4.52,0.6400000000000006
2011-10-12,002584,13.0,13.66,13.68,12.96,32884,44276258.0,5.5,4.27,0.56,6.58,0.7199999999999989
2011-10-13,002584,13.73,13.85,14.13,13.6,36400,50016621.0,3.88,1.39,0.19,7.28,0.5300000000000011
2011-10-14,002584,13.85,14.05,14.11,13.74,37564,51962696.0,2.67,1.44,0.2,7.51,0.3699999999999992
2011-10-17,002584,14.07,14.02,14.17,13.9,29735,41315423.0,1.92,-0.21,-0.03,5.95,0.2699999999999996
2011-10-18,002584,13.91,13.66,14.31,13.66,49251,68397347.0,4.64,-2.57,-0.36,9.85,0.6500000000000004
2011-10-19,002584,13.75,14.17,14.55,13.71,79770,112436759.0,6.15,3.73,0.51,15.95,0.8399999999999999
2011-10-20,002584,14.08,13.48,14.14,13.32,49514,66614294.0,5.79,-4.87,-0.69,9.9,0.8200000000000003
2011-10-21,002584,13.53,13.13,13.63,13.03,28973,38057690.0,4.45,-2.6,-0.35,5.79,0.6000000000000014
2011-10-24,002584,13.25,13.8,13.88,13.1,37259,49889921.0,5.94,5.1,0.67,7.45,0.7800000000000011
2011-10-25,002584,13.75,14.22,14.38,13.67,64497,89936957.0,5.14,3.04,0.42,12.9,0.7100000000000009
2011-10-26,002584,14.15,14.19,14.52,14.05,66247,93517285.0,3.31,-0.21,-0.03,13.25,0.46999999999999886
2011-10-27,002584,14.15,14.41,14.73,14.03,83947,120234412.0,4.93,1.55,0.22,16.79,0.7000000000000011
2011-10-28,002584,14.57,14.63,14.96,14.4,81132,117761547.0,3.89,1.53,0.22,16.23,0.5600000000000005
2011-10-31,002584,14.59,14.53,14.66,14.36,45787,65667431.0,2.05,-0.68,-0.1,9.16,0.3000000000000007
2011-11-01,002584,14.35,15.14,15.35,14.23,109838,162378886.0,7.71,4.2,0.61,21.97,1.1199999999999992
2011-11-02,002584,14.8,15.21,15.24,14.56,85583,125998622.0,4.49,0.46,0.07,17.12,0.6799999999999997
2011-11-03,002584,15.23,14.68,15.3,14.68,81245,120672680.0,4.08,-3.48,-0.53,16.25,0.620000000000001
2011-11-04,002584,14.77,15.2,15.83,14.66,92535,139670408.0,7.97,3.54,0.52,18.51,1.17
2011-11-07,002584,15.05,15.1,15.35,14.85,46170,68847642.0,3.29,-0.66,-0.1,9.23,0.5
2011-11-08,002584,15.06,14.69,15.48,14.51,62830,93362805.0,6.42,-2.72,-0.41,12.57,0.9700000000000006
2011-11-09,002584,14.78,15.11,15.15,14.49,47389,69612627.0,4.49,2.86,0.42,9.48,0.6600000000000001
2011-11-10,002584,14.87,14.9,15.15,14.72,47746,70480579.0,2.85,-1.39,-0.21,9.55,0.4299999999999997
2011-11-14,002584,14.99,15.39,15.5,14.91,59594,90062238.0,3.96,3.29,0.49,11.92,0.5899999999999999
2011-11-15,002584,15.32,15.24,15.38,15.08,37803,56818571.0,1.95,-0.97,-0.15,7.56,0.3000000000000007
2011-11-16,002584,15.24,14.81,15.5,14.66,50972,76133405.0,5.51,-2.82,-0.43,10.19,0.8399999999999999
2011-11-17,002584,14.81,14.45,14.85,14.35,49158,70860916.0,3.38,-2.43,-0.36,9.83,0.5
2011-11-18,002584,14.34,14.3,14.56,14.17,33917,48152042.0,2.7,-1.04,-0.15,6.78,0.39000000000000057
2011-11-21,002584,14.3,14.51,14.54,14.25,28804,41082858.0,2.03,1.47,0.21,5.76,0.28999999999999915
2011-11-22,002584,14.35,14.09,14.42,13.8,37096,51846951.0,4.27,-2.89,-0.42,7.42,0.6199999999999992
2011-11-23,002584,14.07,14.05,14.2,13.92,16521,23002342.0,1.99,-0.28,-0.04,3.3,0.27999999999999936
2011-11-24,002584,13.86,14.1,14.21,13.74,21411,29577832.0,3.35,0.36,0.05,4.28,0.47000000000000064
2011-11-25,002584,13.98,13.75,14.14,13.6,22366,30748685.0,3.83,-2.48,-0.35,4.47,0.5400000000000009
2011-11-28,002584,13.75,13.83,13.92,13.63,15119,20586067.0,2.11,0.58,0.08,3.02,0.28999999999999915
2011-11-29,002584,14.04,14.07,14.09,13.87,23813,32933675.0,1.59,1.74,0.24,4.76,0.22000000000000064
2011-11-30,002584,13.96,13.35,14.03,13.14,32699,43650910.0,6.33,-5.12,-0.72,6.54,0.8899999999999988
2011-12-01,002584,13.69,13.45,13.82,13.42,30327,40939670.0,3.0,0.75,0.1,6.07,0.40000000000000036
2011-12-02,002584,13.38,13.44,13.55,13.16,23252,30638502.0,2.9,-0.07,-0.01,4.65,0.39000000000000057
2011-12-05,002584,13.36,13.03,13.45,12.96,18226,23752427.0,3.65,-3.05,-0.41,3.65,0.48999999999999844
2011-12-06,002584,12.96,13.16,13.25,12.95,14114,18334143.0,2.3,1.0,0.13,2.82,0.3000000000000007
2011-12-07,002584,13.19,13.2,13.32,13.11,9504,12409673.0,1.6,0.3,0.04,1.9,0.21000000000000085
2011-12-08,002584,13.2,13.24,13.37,12.9,15971,20813541.0,3.56,0.3,0.04,3.19,0.46999999999999886
2011-12-09,002584,13.11,12.98,13.25,12.94,11517,14901231.0,2.34,-1.96,-0.26,2.3,0.3100000000000005
2011-12-13,002584,12.77,12.07,12.83,11.99,27281,32995936.0,6.47,-7.01,-0.91,5.46,0.8399999999999999
2011-12-14,002584,12.03,11.74,12.12,11.67,14623,17108817.0,3.73,-2.73,-0.33,2.92,0.4499999999999993
2011-12-15,002584,11.51,11.55,11.78,11.49,11412,13119388.0,2.47,-1.62,-0.19,2.28,0.28999999999999915
2011-12-16,002584,11.55,11.87,11.88,11.46,15274,17611454.0,3.64,2.77,0.32,3.05,0.41999999999999993
2011-12-19,002584,11.74,11.79,11.83,11.48,12592,14471534.0,2.95,-0.67,-0.08,2.52,0.34999999999999964
2011-12-20,002584,11.73,11.8,11.95,11.73,12361,14485994.0,1.87,0.08,0.01,2.47,0.21999999999999886
2011-12-21,002584,11.83,11.56,11.95,11.55,10958,12794796.0,3.39,-2.03,-0.24,2.19,0.3999999999999986
2011-12-22,002584,11.52,10.92,11.52,10.63,16429,17654131.0,7.7,-5.54,-0.64,3.29,0.8899999999999988
2011-12-23,002584,10.81,10.98,11.19,10.79,10457,11322321.0,3.66,0.55,0.06,2.09,0.40000000000000036
2011-12-26,002584,10.89,10.79,11.12,10.75,5910,6362553.0,3.37,-1.73,-0.19,1.18,0.3699999999999992
2011-12-27,002584,10.73,10.3,10.78,10.28,12438,12883374.0,4.63,-4.54,-0.49,2.49,0.5
2011-12-28,002584,10.16,10.39,10.47,10.07,12651,12771453.0,3.88,0.87,0.09,2.53,0.40000000000000036
2011-12-29,002584,10.36,10.3,10.52,10.23,7164,7318364.0,2.79,-0.87,-0.09,1.43,0.28999999999999915
2011-12-30,002584,10.35,10.46,10.51,10.34,8767,9013378.0,1.65,1.55,0.16,1.75,0.16999999999999993
2012-01-04,002584,10.54,10.11,10.61,10.09,10199,10461240.0,4.97,-3.35,-0.35,2.04,0.5199999999999996
2012-01-05,002584,10.0,9.35,10.06,9.28,15278,14557668.0,7.72,-7.52,-0.76,3.06,0.7800000000000011
2012-01-06,002584,9.27,9.5,9.54,9.21,7974,7346123.0,3.53,1.6,0.15,1.59,0.3299999999999983
2012-01-09,002584,9.45,9.93,9.99,9.37,14441,13895235.0,6.53,4.53,0.43,2.89,0.620000000000001
2012-01-10,002584,9.9,10.35,10.4,9.9,23113,23221229.0,5.04,4.23,0.42,4.62,0.5
2012-01-11,002584,10.35,10.28,10.5,10.25,16854,17177753.0,2.42,-0.68,-0.07,3.37,0.25
2012-01-12,002584,10.28,10.28,10.5,10.2,12722,12977440.0,2.92,0.0,0.0,2.54,0.3000000000000007
2012-01-13,002584,10.37,9.76,10.37,9.71,15220,14929488.0,6.42,-5.06,-0.52,3.04,0.6599999999999984
2012-01-16,002584,9.64,9.48,9.82,9.48,6208,5884339.0,3.48,-2.87,-0.28,1.24,0.33999999999999986
2012-01-17,002584,9.48,10.05,10.08,9.48,12200,11832593.0,6.33,6.01,0.57,2.44,0.5999999999999996
2012-01-18,002584,10.05,9.75,10.2,9.73,13731,13509336.0,4.68,-2.99,-0.3,2.75,0.46999999999999886
2012-01-19,002584,9.85,9.9,10.01,9.67,7969,7769150.0,3.49,1.54,0.15,1.59,0.33999999999999986
2012-01-20,002584,9.87,10.04,10.14,9.87,8503,8428421.0,2.73,1.41,0.14,1.7,0.27000000000000135
2012-01-30,002584,10.04,10.11,10.23,9.99,10052,10039276.0,2.39,0.7,0.07,2.01,0.2400000000000002
2012-01-31,002584,10.09,9.99,10.18,9.88,8068,7949031.0,2.97,-1.19,-0.12,1.61,0.29999999999999893
2012-02-01,002584,9.93,10.02,10.14,9.91,9360,9249021.0,2.3,0.3,0.03,1.87,0.23000000000000043
2012-02-02,002584,10.12,10.26,10.29,9.98,11189,11178895.0,3.09,2.4,0.24,2.24,0.3099999999999987
2012-02-03,002584,10.24,10.61,10.7,10.17,25748,26506240.0,5.17,3.41,0.35,5.15,0.5299999999999994
2012-02-06,002584,10.58,10.62,10.75,10.48,17528,18283424.0,2.54,0.09,0.01,3.51,0.2699999999999996
2012-02-07,002584,10.49,10.28,10.51,10.21,13269,13514135.0,2.82,-3.2,-0.34,2.65,0.29999999999999893
2012-02-08,002584,10.28,10.56,10.61,10.23,14695,15164109.0,3.7,2.72,0.28,2.94,0.379999999999999
2012-02-09,002584,10.56,10.65,10.82,10.52,25758,27148778.0,2.84,0.85,0.09,5.15,0.3000000000000007
2012-02-10,002584,10.59,10.75,10.78,10.55,19157,20211874.0,2.16,0.94,0.1,3.83,0.22999999999999865
2012-02-13,002584,10.73,10.85,10.92,10.61,17911,19128742.0,2.88,0.93,0.1,3.58,0.3100000000000005
2012-02-14,002584,10.88,10.7,10.88,10.6,15526,16406749.0,2.58,-1.38,-0.15,3.11,0.28000000000000114
2012-02-15,002584,10.67,10.98,11.11,10.64,24876,26737174.0,4.39,2.62,0.28,4.98,0.46999999999999886
2012-02-16,002584,10.94,11.16,11.23,10.92,34341,37513672.0,2.82,1.64,0.18,6.87,0.3100000000000005
2012-02-17,002584,11.11,11.04,11.23,10.93,13258,14425026.0,2.69,-1.08,-0.12,2.65,0.3000000000000007
2012-02-20,002584,11.17,10.95,11.24,10.95,15613,17073593.0,2.63,-0.82,-0.09,3.12,0.2900000000000009
2012-02-21,002584,10.97,11.16,11.17,10.8,15198,16487970.0,3.38,1.92,0.21,3.04,0.3699999999999992
2012-02-22,002584,11.13,11.33,11.39,11.06,27870,30911945.0,2.96,1.52,0.17,5.57,0.33000000000000007
2012-02-23,002584,11.31,11.35,11.53,11.22,23524,26399502.0,2.74,0.18,0.02,4.7,0.3099999999999987
2012-02-24,002584,11.37,11.45,11.49,11.3,26682,30023128.0,1.67,0.88,0.1,5.34,0.1899999999999995
2012-02-27,002584,11.47,11.42,11.66,11.39,36806,41718700.0,2.36,-0.26,-0.03,7.36,0.2699999999999996
2012-02-28,002584,11.43,11.33,11.45,11.18,20966,23397912.0,2.36,-0.79,-0.09,4.19,0.2699999999999996
2012-02-29,002584,11.32,11.32,11.56,11.25,22190,25000680.0,2.74,-0.09,-0.01,4.44,0.3100000000000005
2012-03-01,002584,11.22,11.26,11.38,11.22,11982,13368287.0,1.41,-0.53,-0.06,2.4,0.16000000000000014
2012-03-02,002584,11.27,11.45,11.45,11.27,15624,17556547.0,1.6,1.69,0.19,3.12,0.17999999999999972
2012-03-05,002584,11.46,11.37,11.53,11.34,18265,20619559.0,1.66,-0.7,-0.08,3.65,0.1899999999999995
2012-03-06,002584,11.33,11.07,11.33,11.02,20555,22569827.0,2.73,-2.64,-0.3,4.11,0.3100000000000005
2012-03-07,002584,10.99,11.04,11.18,10.93,13135,14314163.0,2.26,-0.27,-0.03,2.63,0.25
2012-03-08,002584,11.09,11.26,11.29,11.05,16295,17971443.0,2.17,1.99,0.22,3.26,0.23999999999999844
2012-03-09,002584,11.3,11.55,11.56,11.27,29853,33736531.0,2.58,2.58,0.29,5.97,0.2900000000000009
2012-03-12,002584,11.56,11.61,11.68,11.48,20513,23459924.0,1.73,0.52,0.06,4.1,0.1999999999999993
2012-03-13,002584,11.53,11.67,11.75,11.23,48727,55318472.0,4.48,0.52,0.06,9.75,0.5199999999999996
2012-03-14,002584,11.7,11.12,11.84,10.97,44369,50585706.0,7.46,-4.71,-0.55,8.87,0.8699999999999992
2012-03-15,002584,11.07,10.81,11.17,10.7,22543,24225999.0,4.23,-2.79,-0.31,4.51,0.47000000000000064
2012-03-16,002584,10.81,11.07,11.09,10.71,23626,25447444.0,3.52,2.41,0.26,4.73,0.379999999999999
2012-03-19,002584,11.03,11.38,11.42,10.91,31065,34261087.0,4.61,2.8,0.31,6.21,0.5099999999999998
2012-03-20,002584,11.3,10.92,11.33,10.92,19627,21435930.0,3.6,-4.04,-0.46,3.93,0.41000000000000014
2012-03-21,002584,10.97,10.99,11.06,10.75,12480,13432493.0,2.84,0.64,0.07,2.5,0.3100000000000005
2012-03-22,002584,10.96,11.01,11.06,10.84,8171,8834002.0,2.0,0.18,0.02,1.63,0.22000000000000064
2012-03-23,002584,10.96,10.77,11.0,10.74,8640,9217901.0,2.36,-2.18,-0.24,1.73,0.2599999999999998
2012-03-26,002584,10.77,10.66,10.87,10.53,6755,7144174.0,3.16,-1.02,-0.11,1.35,0.33999999999999986
2012-03-27,002584,10.71,10.61,10.82,10.57,8281,8721984.0,2.35,-0.47,-0.05,1.66,0.25
2012-03-28,002584,10.57,9.95,10.57,9.95,14943,14953647.0,5.84,-6.22,-0.66,2.99,0.620000000000001
2012-03-29,002584,9.91,9.67,9.95,9.5,9900,9490753.0,4.52,-2.81,-0.28,1.98,0.4499999999999993
2012-03-30,002584,9.68,9.74,9.8,9.66,8121,7791048.0,1.45,0.72,0.07,1.62,0.14000000000000057
2012-04-05,002584,9.88,9.99,10.03,9.73,8109,7913685.0,3.08,2.57,0.25,1.62,0.29999999999999893
2012-04-06,002584,9.97,9.98,10.1,9.9,7638,7517495.0,2.0,-0.1,-0.01,1.53,0.1999999999999993
2012-04-09,002584,9.99,9.93,10.07,9.88,5181,5095839.0,1.9,-0.5,-0.05,1.04,0.1899999999999995
2012-04-10,002584,9.9,10.06,10.07,9.73,6491,6318131.0,3.42,1.31,0.13,1.3,0.33999999999999986
2012-04-11,002584,9.97,10.17,10.24,9.92,9771,9748197.0,3.18,1.09,0.11,1.95,0.3200000000000003
2012-04-12,002584,10.22,10.33,10.37,10.08,13600,13729617.0,2.85,1.57,0.16,2.72,0.28999999999999915
2012-04-13,002584,10.33,10.35,10.43,10.3,10550,10767617.0,1.26,0.19,0.02,2.11,0.129999999999999
2012-04-16,002584,10.26,10.29,10.36,10.23,8177,8293629.0,1.26,-0.58,-0.06,1.64,0.129999999999999
2012-04-17,002584,10.31,10.05,10.34,10.05,11080,11098826.0,2.82,-2.33,-0.24,2.22,0.28999999999999915
2012-04-18,002584,10.12,10.36,10.39,10.02,16145,16303215.0,3.68,3.08,0.31,3.23,0.370000000000001
2012-04-19,002584,10.26,10.66,10.73,10.19,37631,38801278.0,5.21,2.9,0.3,7.53,0.5400000000000009
2012-04-20,002584,10.51,11.34,11.39,10.51,92004,100587238.0,8.26,6.38,0.68,18.4,0.8800000000000008
2012-04-23,002584,11.3,11.5,11.74,11.02,97926,110520418.0,6.35,1.41,0.16,19.59,0.7200000000000006
2012-04-24,002584,11.36,11.73,12.03,11.05,106287,122322568.0,8.52,2.0,0.23,21.26,0.9799999999999986
2012-04-25,002584,11.64,12.19,12.65,11.55,115065,137239299.0,9.38,3.92,0.46,23.01,1.0999999999999996
2012-04-26,002584,12.03,12.6,12.88,11.95,128801,159907860.0,7.63,3.36,0.41,25.76,0.9300000000000015
2012-04-27,002584,12.43,12.41,12.64,12.16,89532,110294082.0,3.81,-1.51,-0.19,17.91,0.4800000000000004
2012-05-02,002584,12.44,12.45,12.95,12.08,104964,130137458.0,7.01,0.32,0.04,20.99,0.8699999999999992
2012-05-03,002584,12.65,12.13,12.65,11.87,84984,101635975.0,6.27,-2.57,-0.32,17.0,0.7800000000000011
2012-05-04,002584,12.1,12.27,12.54,11.96,104805,127579926.0,4.78,1.15,0.14,20.96,0.5799999999999983
2012-05-07,002584,12.1,12.3,12.4,11.95,98655,119554237.0,3.67,0.24,0.03,19.73,0.45000000000000107
2012-05-08,002584,12.17,12.53,12.7,11.85,127045,155157154.0,6.91,1.87,0.23,25.41,0.8499999999999996
2012-05-10,002584,12.17,13.14,13.6,12.11,136470,171799058.0,11.89,4.87,0.61,27.29,1.4900000000000002
2012-05-11,002584,12.96,12.44,13.05,12.05,94533,118746586.0,7.61,-5.33,-0.7,18.91,1.0
2012-05-14,002584,12.43,12.63,12.92,12.06,79054,97799436.0,6.91,1.53,0.19,15.81,0.8599999999999994
2012-05-15,002584,12.39,12.46,12.6,12.16,66670,81548279.0,3.48,-1.35,-0.17,13.33,0.4399999999999995
2012-05-16,002584,12.43,11.78,12.55,11.77,58947,71145948.0,6.26,-5.46,-0.68,11.79,0.7800000000000011
2012-05-17,002584,11.78,11.54,12.13,11.32,56818,64821767.0,6.88,-2.04,-0.24,11.36,0.8100000000000005
2012-05-18,002584,11.44,11.15,11.67,11.01,40595,45525293.0,5.72,-3.38,-0.39,8.12,0.6600000000000001
2012-05-21,002584,11.15,11.15,11.26,10.85,30118,32848959.0,3.68,0.0,0.0,6.02,0.41000000000000014
2012-05-22,002584,11.16,11.57,11.6,11.16,41766,47179529.0,3.95,3.77,0.42,8.35,0.4399999999999995
2012-05-23,002584,11.57,11.45,11.57,11.25,27340,30762843.0,2.77,-1.04,-0.12,5.47,0.3200000000000003
2012-05-24,002584,11.37,11.2,11.55,11.15,23483,26280354.0,3.49,-2.18,-0.25,4.7,0.40000000000000036
2012-05-25,002584,11.28,10.6,11.28,10.49,37890,40315125.0,7.05,-5.36,-0.6,7.58,0.7899999999999991
2012-05-28,002584,10.61,10.8,10.84,10.31,20681,21568708.0,5.0,1.89,0.2,4.14,0.5299999999999994
2012-05-29,002584,10.81,10.98,11.07,10.7,24646,26531145.0,3.43,1.67,0.18,4.93,0.370000000000001
2012-05-30,002584,10.9,10.83,10.98,10.77,22551,24128047.0,1.91,-1.37,-0.15,4.51,0.21000000000000085
2012-05-31,002584,10.8,10.87,10.94,10.62,20727,22000115.0,2.95,0.37,0.04,4.15,0.3200000000000003
2012-06-01,002584,10.86,10.88,10.94,10.75,17181,18382259.0,1.75,0.09,0.01,3.44,0.1899999999999995
2012-06-04,002584,10.67,10.45,10.8,10.41,15481,16187373.0,3.58,-3.95,-0.43,2.14,0.39000000000000057
2012-06-05,002584,10.41,10.53,10.65,10.41,10678,11092547.0,2.3,0.77,0.08,1.47,0.2400000000000002
2012-06-06,002584,10.63,10.97,11.13,10.56,36582,39431017.0,5.41,4.18,0.44,5.05,0.5700000000000003
2012-06-07,002584,11.1,10.41,11.15,10.41,40988,43378389.0,6.75,-5.1,-0.56,5.66,0.7400000000000002
2012-06-08,002584,10.51,10.03,10.53,10.0,36777,37009987.0,5.09,-3.65,-0.38,5.08,0.5299999999999994
2012-06-11,002584,10.04,10.23,10.32,9.95,17202,17245147.0,3.69,1.99,0.2,2.37,0.370000000000001
2012-06-12,002584,10.18,10.09,10.32,10.06,13036,13061543.0,2.54,-1.37,-0.14,1.8,0.2599999999999998
2012-06-13,002584,10.13,10.29,10.33,10.11,16883,17057690.0,2.18,1.98,0.2,2.33,0.22000000000000064
2012-06-14,002584,10.33,10.43,10.44,10.25,24496,25016275.0,1.85,1.36,0.14,3.38,0.1899999999999995
2012-06-15,002584,10.43,10.43,10.58,10.34,18363,18924665.0,2.3,0.0,0.0,2.54,0.2400000000000002
2012-06-18,002584,10.53,10.5,10.56,10.42,15674,16220834.0,1.34,0.67,0.07,2.16,0.14000000000000057
2012-06-19,002584,10.51,10.71,10.78,10.23,58370,60559910.0,5.24,2.0,0.21,8.06,0.5499999999999989
2012-06-20,002584,10.64,10.51,10.67,10.49,26171,27280667.0,1.68,-1.87,-0.2,3.61,0.17999999999999972
2012-06-21,002584,10.48,10.27,10.48,10.26,15488,15741775.0,2.09,-2.28,-0.24,2.14,0.22000000000000064
2012-06-25,002584,10.16,10.14,10.35,10.12,13647,13734183.0,2.24,-1.27,-0.13,1.88,0.23000000000000043
2012-06-26,002584,10.06,10.32,10.4,10.06,15287,15467456.0,3.35,1.78,0.18,2.11,0.33999999999999986
2012-06-27,002584,10.3,10.12,10.38,10.1,14340,14501089.0,2.71,-1.94,-0.2,1.98,0.28000000000000114
2012-06-29,002584,10.03,10.13,10.17,9.72,15215,14669261.0,4.45,0.1,0.01,2.1,0.4499999999999993
2012-07-02,002584,10.17,10.25,10.41,10.17,12766,12758927.0,2.37,1.18,0.12,1.76,0.2400000000000002
2012-07-03,002584,10.35,10.2,10.39,10.16,12075,12064019.0,2.24,-0.49,-0.05,1.67,0.23000000000000043
2012-07-04,002584,10.28,10.08,10.28,10.02,13497,13245248.0,2.55,-1.18,-0.12,1.86,0.2599999999999998
2012-07-05,002584,9.99,9.77,9.99,9.72,13186,12562768.0,2.68,-3.08,-0.31,1.82,0.2699999999999996
2012-07-06,002584,9.84,10.05,10.08,9.76,12653,12144021.0,3.28,2.87,0.28,1.75,0.3200000000000003
2012-07-09,002584,9.91,9.58,9.98,9.57,14757,13981758.0,4.08,-4.68,-0.47,2.04,0.41000000000000014
2012-07-10,002584,9.52,9.61,9.75,9.37,10660,9830079.0,3.97,0.31,0.03,1.47,0.3800000000000008
2012-07-11,002584,9.48,9.79,9.9,9.35,31814,29666419.0,5.72,1.87,0.18,4.39,0.5500000000000007
2012-07-12,002584,9.67,9.77,9.85,9.5,19085,17892643.0,3.58,-0.2,-0.02,2.63,0.34999999999999964
2012-07-13,002584,9.76,9.53,9.79,9.52,12272,11448208.0,2.76,-2.46,-0.24,1.69,0.2699999999999996
2012-07-16,002584,9.56,8.95,9.57,8.8,21979,19438271.0,8.08,-6.09,-0.58,3.03,0.7699999999999996
2012-07-17,002584,8.95,8.97,9.05,8.9,9061,7858118.0,1.68,0.22,0.02,1.25,0.15000000000000036
2012-07-18,002584,9.05,9.04,9.07,8.82,7670,6622282.0,2.79,0.78,0.07,1.06,0.25
2012-07-19,002584,9.05,9.22,9.33,9.03,14464,12844931.0,3.32,1.99,0.18,2.0,0.3000000000000007
2012-07-20,002584,9.2,9.1,9.26,9.0,16506,14556113.0,2.82,-1.3,-0.12,2.28,0.2599999999999998
2012-07-23,002584,8.98,8.98,9.07,8.85,6776,5867745.0,2.42,-1.32,-0.12,0.94,0.22000000000000064
2012-07-24,002584,8.93,9.07,9.15,8.9,7527,6580842.0,2.78,1.0,0.09,1.04,0.25
2012-07-25,002584,9.03,9.15,9.21,8.96,12304,10846514.0,2.76,0.88,0.08,1.7,0.25
2012-07-26,002584,9.17,9.0,9.2,9.0,10387,9152560.0,2.19,-1.64,-0.15,1.43,0.1999999999999993
2012-07-27,002584,9.0,9.02,9.1,8.92,6985,6069837.0,2.0,0.22,0.02,0.96,0.17999999999999972
2012-07-30,002584,9.09,8.71,9.11,8.69,11003,9376482.0,4.66,-3.44,-0.31,1.52,0.41999999999999993
2012-07-31,002584,8.67,8.45,8.75,8.42,7398,6088070.0,3.79,-2.99,-0.26,1.02,0.33000000000000007
2012-08-01,002584,8.5,8.6,8.64,8.47,6245,5174477.0,2.01,1.78,0.15,0.86,0.16999999999999993
2012-08-02,002584,8.57,8.45,8.58,8.3,10438,8526921.0,3.26,-1.74,-0.15,1.44,0.27999999999999936
2012-08-03,002584,8.5,8.63,8.63,8.32,9786,8055976.0,3.67,2.13,0.18,1.35,0.3100000000000005
2012-08-06,002584,8.55,8.85,8.9,8.53,12916,10873433.0,4.29,2.55,0.22,1.78,0.370000000000001
2012-08-07,002584,8.89,9.03,9.07,8.82,19203,16701589.0,2.82,2.03,0.18,2.65,0.25
2012-08-08,002584,9.07,8.97,9.1,8.87,14205,12281160.0,2.55,-0.66,-0.06,1.96,0.23000000000000043
2012-08-09,002584,8.92,9.14,9.17,8.78,24606,21399440.0,4.35,1.9,0.17,3.4,0.39000000000000057
2012-08-10,002584,9.07,9.09,9.14,8.99,14346,12565138.0,1.64,-0.55,-0.05,1.98,0.15000000000000036
2012-08-13,002584,9.01,8.76,9.01,8.75,13341,11475318.0,2.86,-3.63,-0.33,1.84,0.2599999999999998
2012-08-14,002584,8.8,8.87,8.9,8.56,10261,8644306.0,3.88,1.26,0.11,1.42,0.33999999999999986
2012-08-15,002584,8.86,8.72,8.86,8.7,7914,6691602.0,1.8,-1.69,-0.15,1.09,0.16000000000000014
2012-08-16,002584,8.63,8.64,8.73,8.62,5399,4518988.0,1.26,-0.92,-0.08,0.75,0.11000000000000121
2012-08-17,002584,8.68,8.73,8.78,8.61,6264,5253610.0,1.97,1.04,0.09,0.86,0.16999999999999993
2012-08-20,002584,8.69,9.05,9.05,8.62,20928,18029961.0,4.93,3.67,0.32,2.89,0.4300000000000015
2012-08-21,002584,9.02,9.16,9.32,9.0,25675,22829008.0,3.54,1.22,0.11,3.54,0.3200000000000003
2012-08-22,002584,9.16,9.04,9.18,9.02,11640,10234468.0,1.75,-1.31,-0.12,1.61,0.16000000000000014
2012-08-23,002584,9.12,9.47,9.63,9.12,40398,37048157.0,5.64,4.76,0.43,5.58,0.5100000000000016
2012-08-24,002584,9.39,9.18,9.44,9.18,22103,19901482.0,2.75,-3.06,-0.29,3.05,0.2599999999999998
2012-08-27,002584,9.15,9.01,9.17,8.99,12888,11288072.0,1.96,-1.85,-0.17,1.78,0.17999999999999972
2012-08-28,002584,9.07,9.19,9.29,9.02,13665,12107155.0,3.0,2.0,0.18,1.89,0.2699999999999996
2012-08-29,002584,9.19,9.23,9.39,9.11,12850,11519604.0,3.05,0.44,0.04,1.77,0.28000000000000114
2012-08-30,002584,9.46,9.38,9.88,9.23,44250,40899016.0,7.04,1.63,0.15,6.11,0.6500000000000004
2012-08-31,002584,9.29,9.0,9.29,8.51,24300,21007537.0,8.32,-4.05,-0.38,3.35,0.7799999999999994
2012-09-03,002584,8.88,9.11,9.14,8.86,16861,14687831.0,3.11,1.22,0.11,2.33,0.28000000000000114
2012-09-04,002584,9.11,8.95,9.22,8.9,15355,13378698.0,3.51,-1.76,-0.16,2.12,0.3200000000000003
2012-09-05,002584,8.91,9.02,9.03,8.75,14862,12784076.0,3.13,0.78,0.07,2.05,0.27999999999999936
2012-09-06,002584,9.05,9.06,9.09,8.94,11959,10450007.0,1.66,0.44,0.04,1.65,0.15000000000000036
2012-09-07,002584,9.18,9.42,9.49,9.1,32364,29284819.0,4.3,3.97,0.36,4.47,0.39000000000000057
2012-09-10,002584,9.42,9.53,9.6,9.34,22142,20438708.0,2.76,1.17,0.11,3.06,0.2599999999999998
2012-09-11,002584,9.46,9.49,9.53,9.38,17689,16186524.0,1.57,-0.42,-0.04,2.44,0.14999999999999858
2012-09-12,002584,9.65,9.7,9.88,9.52,32857,30850265.0,3.79,2.21,0.21,4.54,0.3600000000000012
2012-09-13,002584,9.7,9.4,9.71,9.4,19230,17794036.0,3.2,-3.09,-0.3,2.65,0.3100000000000005
2012-09-14,002584,9.48,9.46,9.56,9.36,14717,13495371.0,2.13,0.64,0.06,2.03,0.20000000000000107
2012-09-17,002584,9.46,9.07,9.47,9.06,18077,16149156.0,4.33,-4.12,-0.39,2.5,0.41000000000000014
2012-09-18,002584,9.03,9.04,9.16,9.0,8563,7519683.0,1.76,-0.33,-0.03,1.18,0.16000000000000014
2012-09-19,002584,9.1,9.19,9.2,9.06,6830,6046932.0,1.55,1.66,0.15,0.94,0.1399999999999988
2012-09-20,002584,9.19,8.76,9.19,8.76,11309,9758142.0,4.68,-4.68,-0.43,1.56,0.4299999999999997
2012-09-21,002584,8.71,8.77,8.86,8.68,6048,5114515.0,2.05,0.11,0.01,0.83,0.17999999999999972
2012-09-24,002584,8.74,8.79,8.85,8.52,5062,4241371.0,3.76,0.23,0.02,0.7,0.33000000000000007
2012-09-25,002584,8.79,8.67,8.85,8.63,4442,3748307.0,2.5,-1.37,-0.12,0.61,0.21999999999999886
2012-09-26,002584,8.68,8.4,8.75,8.38,8706,7129526.0,4.27,-3.11,-0.27,1.2,0.3699999999999992
2012-09-27,002584,8.41,8.63,8.73,8.33,8088,6692703.0,4.76,2.74,0.23,1.12,0.40000000000000036
2012-09-28,002584,8.6,8.78,8.78,8.55,13991,11783392.0,2.67,1.74,0.15,1.93,0.22999999999999865
2012-10-08,002584,8.8,8.8,8.9,8.74,7236,6170655.0,1.82,0.23,0.02,1.0,0.16000000000000014
2012-10-09,002584,8.77,9.02,9.05,8.77,10817,9365605.0,3.18,2.5,0.22,1.49,0.28000000000000114
2012-10-10,002584,9.05,9.19,9.25,8.93,12923,11374743.0,3.55,1.88,0.17,1.78,0.3200000000000003
2012-10-11,002584,9.18,8.98,9.18,8.96,11563,10128329.0,2.39,-2.29,-0.21,1.6,0.21999999999999886
2012-10-12,002584,9.05,9.08,9.19,8.94,10350,9073357.0,2.78,1.11,0.1,1.43,0.25
2012-10-15,002584,9.1,8.92,9.1,8.81,9514,8206958.0,3.19,-1.76,-0.16,1.31,0.28999999999999915
2012-10-16,002584,8.94,9.22,9.27,8.9,17480,15446357.0,4.15,3.36,0.3,2.41,0.3699999999999992
2012-10-17,002584,9.22,9.15,9.23,8.99,12276,10834001.0,2.6,-0.76,-0.07,1.69,0.2400000000000002
2012-10-18,002584,9.13,9.22,9.29,9.12,14146,12621348.0,1.86,0.77,0.07,1.95,0.16999999999999993
2012-10-19,002584,9.2,9.12,9.24,9.12,7984,7068353.0,1.3,-1.08,-0.1,1.1,0.120000000000001
2012-10-22,002584,9.11,9.13,9.13,8.99,7778,6807691.0,1.54,0.11,0.01,1.07,0.14000000000000057
2012-10-23,002584,9.11,8.97,9.16,8.96,9341,8166485.0,2.19,-1.75,-0.16,1.29,0.1999999999999993
2012-10-24,002584,8.95,8.95,9.03,8.9,5943,5140395.0,1.45,-0.22,-0.02,0.82,0.129999999999999
2012-10-25,002584,8.93,8.97,9.02,8.91,9404,8146696.0,1.23,0.22,0.02,1.3,0.10999999999999943
2012-10-26,002584,8.99,8.88,9.06,8.65,17131,14656654.0,4.57,-1.0,-0.09,2.37,0.41000000000000014
2012-10-29,002584,8.81,8.9,8.96,8.65,6925,5886709.0,3.49,0.23,0.02,0.96,0.3100000000000005
2012-10-30,002584,8.9,9.37,9.39,8.81,55846,49822459.0,6.52,5.28,0.47,7.71,0.5800000000000001
2012-10-31,002584,9.22,9.3,9.36,9.16,32993,29574038.0,2.13,-0.75,-0.07,4.56,0.1999999999999993
2012-11-01,002584,9.22,9.35,9.37,9.2,25013,22557751.0,1.83,0.54,0.05,3.45,0.16999999999999993
2012-11-02,002584,9.38,9.29,9.43,9.23,20104,18108026.0,2.14,-0.64,-0.06,2.78,0.1999999999999993
2012-11-05,002584,9.24,9.15,9.24,9.06,17077,15108976.0,1.94,-1.51,-0.14,2.36,0.17999999999999972
2012-11-06,002584,9.2,8.99,9.2,8.85,13461,11671429.0,3.83,-1.75,-0.16,1.86,0.34999999999999964
2012-11-07,002584,8.99,8.99,9.03,8.88,10190,8819546.0,1.67,0.0,0.0,1.41,0.14999999999999858
2012-11-08,002584,8.83,8.7,8.96,8.69,13480,11511577.0,3.0,-3.23,-0.29,1.86,0.27000000000000135
2012-11-09,002584,8.69,8.7,8.76,8.67,6303,5305985.0,1.03,0.0,0.0,0.87,0.08999999999999986
2012-11-12,002584,8.71,8.8,8.83,8.71,5448,4623199.0,1.38,1.15,0.1,0.75,0.11999999999999922
2012-11-13,002584,8.82,8.56,8.85,8.55,8628,7199586.0,3.41,-2.73,-0.24,1.19,0.29999999999999893
2012-11-14,002584,8.53,8.64,8.68,8.52,5951,4926822.0,1.87,0.93,0.08,0.82,0.16000000000000014
2012-11-15,002584,8.64,8.52,8.67,8.47,5275,4366460.0,2.31,-1.39,-0.12,0.73,0.1999999999999993
2012-11-16,002584,8.57,8.44,8.57,8.4,5125,4177501.0,2.0,-0.94,-0.08,0.71,0.16999999999999993
2012-11-19,002584,8.43,9.25,9.25,8.42,39597,34498806.0,9.83,9.6,0.81,5.47,0.8300000000000001
2012-11-20,002584,10.15,9.79,10.15,9.54,158573,151196276.0,6.59,5.84,0.54,21.89,0.6100000000000012
2012-11-21,002584,9.62,9.68,10.5,9.56,165949,160847298.0,9.6,-1.12,-0.11,22.91,0.9399999999999995
2012-11-22,002584,9.79,10.18,10.43,9.6,158967,154700618.0,8.57,5.17,0.5,21.95,0.8300000000000001
2012-11-23,002584,9.8,9.61,10.03,9.3,126669,118378860.0,7.17,-5.6,-0.57,17.49,0.7299999999999986
2012-11-26,002584,9.41,9.36,9.6,9.25,78360,71503255.0,3.64,-2.6,-0.25,10.82,0.34999999999999964
2012-11-27,002584,9.25,8.5,9.25,8.45,88644,74539643.0,8.55,-9.19,-0.86,12.24,0.8000000000000007
2012-11-28,002584,8.38,8.17,8.54,8.12,47299,37913928.0,4.94,-3.88,-0.33,6.53,0.41999999999999993
2012-11-29,002584,8.17,8.47,8.68,8.09,74810,60490933.0,7.22,3.67,0.3,10.33,0.5899999999999999
2012-11-30,002584,8.47,8.56,8.72,8.3,61191,50394672.0,4.96,1.06,0.09,8.45,0.41999999999999993
2012-12-03,002584,8.5,7.75,8.85,7.75,69294,56035717.0,12.85,-9.46,-0.81,9.57,1.0999999999999996
2012-12-04,002584,7.46,7.67,7.72,7.4,39815,28817482.0,4.13,-1.03,-0.08,5.5,0.3199999999999994
2012-12-05,002584,7.6,7.95,8.05,7.55,42553,32281694.0,6.52,3.65,0.28,5.87,0.5000000000000009
2012-12-06,002584,7.95,7.79,7.98,7.76,35179,26564345.0,2.77,-2.01,-0.16,4.86,0.22000000000000064
2012-12-07,002584,7.78,8.08,8.15,7.73,44166,33946209.0,5.39,3.72,0.29,6.1,0.41999999999999993
2012-12-10,002584,8.17,8.3,8.38,8.11,45822,36496632.0,3.34,2.72,0.22,6.33,0.27000000000000135
2012-12-11,002584,8.22,8.39,8.56,8.1,51892,41937421.0,5.54,1.08,0.09,7.16,0.46000000000000085
2012-12-12,002584,8.35,8.29,8.41,8.14,34778,27615987.0,3.22,-1.19,-0.1,4.8,0.2699999999999996
2012-12-13,002584,8.31,8.51,8.6,8.16,55225,44607188.0,5.31,2.65,0.22,7.62,0.4399999999999995
2012-12-14,002584,8.41,8.7,8.78,8.35,69115,57412808.0,5.05,2.23,0.19,9.54,0.4299999999999997
2012-12-17,002584,8.58,8.6,8.67,8.49,45490,37675212.0,2.07,-1.15,-0.1,6.28,0.17999999999999972
2012-12-18,002584,8.55,8.45,8.62,8.4,36073,29651720.0,2.56,-1.74,-0.15,4.98,0.21999999999999886
2012-12-19,002584,8.44,8.47,8.51,8.38,21956,17876331.0,1.54,0.24,0.02,3.03,0.129999999999999
2012-12-20,002584,8.46,8.34,8.46,8.22,32896,26407755.0,2.83,-1.53,-0.13,4.54,0.2400000000000002
2012-12-21,002584,8.35,8.34,8.42,8.27,24305,19553923.0,1.8,0.0,0.0,3.36,0.15000000000000036
2012-12-24,002584,8.39,8.56,8.59,8.36,35680,29294445.0,2.76,2.64,0.22,4.93,0.23000000000000043
2012-12-25,002584,8.53,8.68,8.73,8.41,50712,42248230.0,3.74,1.4,0.12,7.0,0.3200000000000003
2012-12-26,002584,8.67,8.84,8.87,8.62,41070,34794475.0,2.88,1.84,0.16,5.67,0.25
2012-12-27,002584,8.89,8.83,9.15,8.71,58965,50862651.0,4.98,-0.11,-0.01,8.14,0.4399999999999995
2012-12-28,002584,8.8,8.9,8.98,8.64,40912,34893076.0,3.85,0.79,0.07,5.65,0.33999999999999986
2012-12-31,002584,8.91,8.88,8.96,8.8,30390,26039677.0,1.8,-0.22,-0.02,4.2,0.16000000000000014
2013-01-04,002584,8.9,8.81,8.95,8.67,29515,25041539.0,3.15,-0.79,-0.07,4.07,0.27999999999999936
2013-01-07,002584,8.79,8.95,8.96,8.74,27547,23647128.0,2.5,1.59,0.14,3.8,0.22000000000000064
2013-01-08,002584,8.95,9.09,9.12,8.9,37282,32554245.0,2.46,1.56,0.14,5.15,0.21999999999999886
2013-01-09,002584,9.07,9.07,9.16,8.91,36420,31857623.0,2.75,-0.22,-0.02,5.03,0.25
2013-01-10,002584,9.07,9.17,9.45,9.03,49246,44053695.0,4.63,1.1,0.1,6.8,0.41999999999999993
2013-01-11,002584,9.18,8.92,9.46,8.91,42739,38048139.0,6.0,-2.73,-0.25,5.9,0.5500000000000007
2013-01-14,002584,8.83,9.22,9.25,8.78,44647,39261234.0,5.27,3.36,0.3,6.16,0.47000000000000064
2013-01-15,002584,9.19,10.11,10.11,9.19,134673,128902908.0,9.98,9.65,0.89,18.59,0.9199999999999999
2013-01-16,002584,9.97,9.76,9.98,9.63,80500,76469141.0,3.46,-3.46,-0.35,11.11,0.34999999999999964
2013-01-17,002584,9.7,9.45,9.7,9.43,39771,36755003.0,2.77,-3.18,-0.31,5.49,0.2699999999999996
2013-01-18,002584,9.49,9.65,9.76,9.41,41150,38276230.0,3.7,2.12,0.2,5.68,0.34999999999999964
2013-01-21,002584,9.69,9.54,9.73,9.48,40263,37254799.0,2.59,-1.14,-0.11,5.56,0.25
2013-01-22,002584,9.51,9.36,9.66,9.25,35581,32573708.0,4.3,-1.89,-0.18,4.91,0.41000000000000014
2013-01-23,002584,9.28,9.38,9.41,9.18,24501,22075976.0,2.46,0.21,0.02,3.38,0.23000000000000043
2013-01-24,002584,9.39,9.01,9.5,8.98,39151,35129161.0,5.54,-3.94,-0.37,5.41,0.5199999999999996
2013-01-25,002584,9.01,9.06,9.18,9.01,19039,16706759.0,1.89,0.55,0.05,2.63,0.16999999999999993
2013-01-28,002584,9.15,9.3,9.31,9.03,26560,23602719.0,3.09,2.65,0.24,3.67,0.28000000000000114
2013-01-29,002584,9.28,9.42,9.43,9.26,25679,23254147.0,1.83,1.29,0.12,3.55,0.16999999999999993
2013-01-30,002584,9.4,9.45,9.45,9.23,26532,24000418.0,2.34,0.32,0.03,3.66,0.21999999999999886
2013-01-31,002584,9.47,9.43,9.51,9.31,18898,17229515.0,2.12,-0.21,-0.02,2.61,0.1999999999999993
2013-02-01,002584,9.38,9.38,9.45,9.28,20958,19020629.0,1.8,-0.53,-0.05,2.89,0.16999999999999993
2013-02-04,002584,9.4,9.22,9.45,9.14,18726,16772845.0,3.3,-1.71,-0.16,2.59,0.3099999999999987
2013-02-05,002584,9.16,9.38,9.39,9.16,13560,12201713.0,2.49,1.74,0.16,1.87,0.23000000000000043
2013-02-06,002584,9.46,9.39,9.46,9.36,15481,14089174.0,1.07,0.11,0.01,2.14,0.10000000000000142
2013-02-07,002584,9.36,9.36,9.4,9.26,8328,7532989.0,1.49,-0.32,-0.03,1.15,0.14000000000000057
2013-02-08,002584,9.41,9.47,9.56,9.37,19474,17905876.0,2.03,1.18,0.11,2.69,0.19000000000000128
2013-02-18,002584,9.53,9.58,9.61,9.43,26462,24414547.0,1.9,1.16,0.11,3.65,0.17999999999999972
2013-02-19,002584,9.59,9.45,9.59,9.38,20402,18682337.0,2.19,-1.36,-0.13,2.82,0.20999999999999908
2013-02-20,002584,9.46,9.57,9.59,9.39,18641,17177148.0,2.12,1.27,0.12,2.57,0.1999999999999993
2013-02-21,002584,9.54,9.44,9.62,9.37,26430,24280726.0,2.61,-1.36,-0.13,3.65,0.25
2013-02-22,002584,9.35,9.3,9.53,9.3,18657,17012366.0,2.44,-1.48,-0.14,2.58,0.22999999999999865
2013-02-25,002584,9.3,9.48,9.51,9.23,18336,16657620.0,3.01,1.94,0.18,2.53,0.27999999999999936
2013-02-26,002584,9.4,9.65,9.74,9.35,38860,35860052.0,4.11,1.79,0.17,5.37,0.39000000000000057
2013-02-27,002584,9.65,9.68,9.72,9.52,43297,40394296.0,2.07,0.31,0.03,5.98,0.20000000000000107
2013-02-28,002584,9.61,10.0,10.05,9.54,76596,73179071.0,5.27,3.31,0.32,10.57,0.5100000000000016
2013-03-01,002584,9.9,10.19,10.37,9.86,75294,74015336.0,5.1,1.9,0.19,10.4,0.5099999999999998
2013-03-04,002584,10.16,9.96,10.46,9.8,58504,57484951.0,6.48,-2.26,-0.23,8.08,0.6600000000000001
2013-03-05,002584,9.85,9.94,10.02,9.74,56847,54588040.0,2.81,-0.2,-0.02,7.85,0.27999999999999936
2013-03-06,002584,9.95,9.96,10.0,9.78,63221,60544229.0,2.21,0.2,0.02,8.73,0.22000000000000064
2013-03-07,002584,9.99,9.71,9.99,9.62,38154,36278265.0,3.71,-2.51,-0.25,5.27,0.370000000000001
2013-03-08,002584,9.69,9.87,9.87,9.67,25498,24126739.0,2.06,1.65,0.16,3.52,0.1999999999999993
2013-03-11,002584,9.95,10.09,10.24,9.77,56327,54875143.0,4.76,2.23,0.22,7.78,0.47000000000000064
2013-03-12,002584,10.05,9.56,10.05,9.38,44755,42018921.0,6.64,-5.25,-0.53,6.18,0.6699999999999999
2013-03-13,002584,9.59,9.33,9.59,9.25,21940,19880536.0,3.56,-2.41,-0.23,3.03,0.33999999999999986
2013-03-14,002584,9.3,9.56,9.6,9.26,21831,20028057.0,3.64,2.47,0.23,3.01,0.33999999999999986
2013-03-15,002584,9.5,9.38,9.61,9.36,17562,16087371.0,2.62,-1.88,-0.18,2.42,0.25
2013-03-18,002584,9.34,9.46,9.54,9.31,26310,23980369.0,2.45,0.85,0.08,3.63,0.22999999999999865
2013-03-19,002584,9.46,9.28,9.46,9.13,19611,17557506.0,3.49,-1.9,-0.18,2.71,0.33000000000000007
2013-03-20,002584,9.21,9.53,9.75,9.2,32126,29444357.0,5.93,2.69,0.25,4.44,0.5500000000000007
2013-03-21,002584,9.46,9.54,9.58,9.46,25144,23161903.0,1.26,0.1,0.01,3.47,0.11999999999999922
2013-03-22,002584,9.54,9.5,9.55,9.45,15340,14107972.0,1.05,-0.42,-0.04,2.12,0.10000000000000142
2013-03-25,002584,9.51,9.49,9.56,9.45,16737,15407199.0,1.16,-0.11,-0.01,2.31,0.11000000000000121
2013-03-26,002584,9.47,9.3,9.5,9.23,16374,14746425.0,2.85,-2.0,-0.19,2.26,0.2699999999999996
2013-03-27,002584,9.34,9.24,9.38,9.19,11722,10530272.0,2.04,-0.65,-0.06,1.62,0.19000000000000128
2013-03-28,002584,9.21,8.79,9.21,8.77,23345,20196778.0,4.76,-4.87,-0.45,3.22,0.4400000000000013
2013-03-29,002584,8.79,9.17,9.32,8.79,25940,22805938.0,6.03,4.32,0.38,3.58,0.5300000000000011
2013-04-01,002584,9.09,9.04,9.15,8.94,15704,13764894.0,2.29,-1.42,-0.13,2.17,0.21000000000000085
2013-04-02,002584,8.94,8.95,9.13,8.92,8907,7756024.0,2.32,-1.0,-0.09,1.23,0.21000000000000085
2013-04-03,002584,9.03,9.03,9.12,8.98,10878,9516584.0,1.56,0.89,0.08,1.5,0.1399999999999988
2013-04-08,002584,8.99,9.08,9.08,8.83,7730,6697510.0,2.77,0.55,0.05,1.07,0.25
2013-04-09,002584,9.09,9.12,9.23,9.08,10242,9059263.0,1.65,0.44,0.04,1.41,0.15000000000000036
2013-04-10,002584,9.1,9.18,9.25,9.08,9760,8654072.0,1.86,0.66,0.06,1.35,0.16999999999999993
2013-04-11,002584,9.24,9.12,9.25,9.06,12261,10814894.0,2.07,-0.65,-0.06,1.69,0.1899999999999995
2013-04-12,002584,9.0,8.88,9.1,8.87,9305,7803985.0,2.52,-2.63,-0.24,1.28,0.23000000000000043
2013-04-15,002584,8.88,8.73,8.89,8.7,6340,5186922.0,2.14,-1.69,-0.15,0.88,0.19000000000000128
2013-04-16,002584,8.62,8.86,8.88,8.62,5749,4707059.0,2.98,1.49,0.13,0.79,0.26000000000000156
2013-04-17,002584,8.8,8.89,8.92,8.78,5462,4503838.0,1.58,0.34,0.03,0.75,0.14000000000000057
2013-04-18,002584,8.85,8.88,8.94,8.8,5852,4840448.0,1.57,-0.11,-0.01,0.81,0.1399999999999988
2013-04-19,002584,8.85,9.0,9.11,8.85,15675,13193068.0,2.93,1.35,0.12,2.16,0.2599999999999998
2013-04-22,002584,8.92,9.0,9.05,8.92,6012,5044187.0,1.44,0.0,0.0,0.83,0.13000000000000078
2013-04-23,002584,8.97,8.76,8.99,8.76,10346,8555987.0,2.56,-2.67,-0.24,1.43,0.23000000000000043
2013-04-24,002584,8.82,8.94,8.97,8.76,7788,6435394.0,2.4,2.05,0.18,1.08,0.21000000000000085
2013-04-25,002584,8.9,8.68,8.9,8.65,13588,11058438.0,2.8,-2.91,-0.26,1.88,0.25
2013-04-26,002584,8.68,8.5,8.79,8.47,10459,8357505.0,3.69,-2.07,-0.18,1.44,0.3199999999999985
2013-05-02,002584,8.51,8.51,8.55,8.44,5849,4615402.0,1.29,0.12,0.01,0.81,0.11000000000000121
2013-05-03,002584,8.52,8.68,8.72,8.51,7317,5895972.0,2.47,2.0,0.17,1.01,0.21000000000000085
2013-05-06,002584,8.7,8.82,8.86,8.7,9091,7444595.0,1.84,1.61,0.14,1.26,0.16000000000000014
2013-05-07,002584,8.85,8.97,9.02,8.77,17445,14556334.0,2.83,1.7,0.15,2.41,0.25
2013-05-08,002584,8.96,8.93,8.99,8.81,13345,11056955.0,2.01,-0.45,-0.04,1.84,0.17999999999999972
2013-05-09,002584,8.92,8.87,8.93,8.78,11882,9793881.0,1.68,-0.67,-0.06,1.64,0.15000000000000036
2013-05-10,002584,8.86,9.22,9.25,8.86,34223,29086488.0,4.4,3.95,0.35,4.72,0.39000000000000057
2013-05-13,002584,9.25,9.55,9.55,9.24,50554,44675778.0,3.36,3.58,0.33,6.98,0.3100000000000005
2013-05-14,002584,9.51,9.65,9.74,9.51,73342,66518937.0,2.41,1.05,0.1,10.13,0.23000000000000043
2013-05-15,002584,9.75,9.73,9.82,9.53,119168,108115896.0,3.01,0.83,0.08,16.45,0.2900000000000009
2013-05-16,002584,9.6,9.66,9.75,9.58,41138,37315075.0,1.75,-0.72,-0.07,5.68,0.16999999999999993
2013-05-17,002584,9.65,9.78,9.86,9.61,44731,40874394.0,2.59,1.24,0.12,6.18,0.25
2013-05-20,002584,9.78,9.72,9.8,9.66,34646,31577505.0,1.43,-0.61,-0.06,4.78,0.14000000000000057
2013-05-21,002584,9.71,9.85,9.85,9.65,38357,35130330.0,2.06,1.34,0.13,5.3,0.1999999999999993
2013-05-22,002584,9.84,9.7,10.09,9.65,37641,34930854.0,4.47,-1.52,-0.15,5.2,0.4399999999999995
2013-05-23,002584,9.68,9.59,9.77,9.55,25463,23041728.0,2.27,-1.13,-0.11,3.52,0.21999999999999886
2013-05-24,002584,9.6,9.67,9.69,9.56,17995,16233006.0,1.36,0.83,0.08,2.48,0.129999999999999
2013-05-27,002584,9.68,9.83,9.93,9.62,25668,23630368.0,3.21,1.65,0.16,3.54,0.3100000000000005
2013-05-28,002584,9.85,9.81,9.85,9.63,22772,20815233.0,2.24,-0.2,-0.02,3.14,0.21999999999999886
2013-05-29,002584,10.59,9.94,10.59,9.81,44920,42513583.0,7.95,1.33,0.13,6.2,0.7799999999999994
2013-05-30,002584,9.9,10.0,10.15,9.88,32338,30527363.0,2.72,0.6,0.06,4.46,0.2699999999999996
2013-05-31,002584,9.99,9.86,10.08,9.86,24274,22648990.0,2.2,-1.4,-0.14,3.35,0.22000000000000064
2013-06-03,002584,9.83,9.72,9.95,9.71,19576,18024990.0,2.43,-1.42,-0.14,2.7,0.23999999999999844
2013-06-04,002584,9.75,9.42,9.75,9.37,24646,21878848.0,3.91,-3.09,-0.3,3.4,0.3800000000000008
2013-06-05,002584,9.44,9.5,9.52,9.4,12143,10755727.0,1.27,0.85,0.08,1.68,0.11999999999999922
2013-06-06,002584,9.44,9.27,9.44,9.27,12256,10724413.0,1.79,-2.42,-0.23,1.69,0.16999999999999993
2013-06-07,002584,9.28,9.15,9.35,9.07,11225,9634164.0,3.02,-1.29,-0.12,1.55,0.27999999999999936
2013-06-13,002584,9.0,9.09,9.12,8.91,10720,9060348.0,2.3,-0.66,-0.06,1.48,0.20999999999999908
2013-06-14,002584,9.13,9.4,9.49,9.13,20881,18306632.0,3.96,3.41,0.31,2.88,0.35999999999999943
2013-06-17,002584,9.42,9.29,9.44,9.21,13057,11362019.0,2.45,-1.17,-0.11,1.8,0.22999999999999865
2013-06-18,002584,9.26,9.37,9.38,9.24,6628,5788135.0,1.51,0.86,0.08,0.92,0.14000000000000057
2013-06-19,002584,9.3,9.33,9.35,8.97,11718,10043631.0,4.06,-0.43,-0.04,1.62,0.379999999999999
2013-06-20,002584,9.33,9.06,9.34,8.98,11043,9431751.0,3.86,-2.89,-0.27,1.52,0.35999999999999943
2013-06-21,002584,8.98,8.99,9.06,8.8,8835,7391717.0,2.87,-0.77,-0.07,1.22,0.2599999999999998
2013-06-24,002584,9.06,8.51,9.06,8.49,13814,11230029.0,6.34,-5.34,-0.48,1.91,0.5700000000000003
2013-06-25,002584,8.48,8.45,8.57,7.86,17267,13233150.0,8.34,-0.71,-0.06,2.38,0.71
2013-06-26,002584,8.45,8.54,8.56,8.34,13130,10332576.0,2.6,1.07,0.09,1.81,0.22000000000000064
2013-06-27,002584,8.6,8.36,8.6,8.34,11937,9414275.0,3.04,-2.11,-0.18,1.65,0.2599999999999998
2013-06-28,002584,8.29,8.34,8.48,8.25,7705,5985747.0,2.75,-0.24,-0.02,1.06,0.23000000000000043
2013-07-01,002584,8.38,8.42,8.45,8.29,10256,7960815.0,1.92,0.96,0.08,1.42,0.16000000000000014
2013-07-02,002584,8.43,8.53,8.56,8.37,9362,7354238.0,2.26,1.31,0.11,1.29,0.19000000000000128
2013-07-03,002584,8.45,8.44,8.48,8.33,16153,12608465.0,1.76,-1.06,-0.09,2.23,0.15000000000000036
2013-07-04,002584,8.43,8.52,8.55,8.28,14866,11649627.0,3.2,0.95,0.08,2.05,0.27000000000000135
2013-07-05,002584,8.5,8.48,8.58,8.46,8644,6850715.0,1.41,-0.47,-0.04,1.19,0.11999999999999922
2013-07-08,002584,8.41,8.08,8.41,8.0,11810,8951784.0,4.83,-4.72,-0.4,1.63,0.41000000000000014
2013-07-09,002584,8.06,8.18,8.23,7.9,7106,5351068.0,4.08,1.24,0.1,0.98,0.33000000000000007
2013-07-10,002584,8.19,8.36,8.39,8.14,8939,6863841.0,3.06,2.2,0.18,1.23,0.25
2013-07-11,002584,8.42,8.54,8.58,8.37,17459,13803635.0,2.51,2.15,0.18,2.41,0.21000000000000085
2013-07-12,002584,8.52,8.49,8.6,8.43,9255,7333418.0,1.99,-0.59,-0.05,1.28,0.16999999999999993
2013-07-15,002584,8.49,8.6,8.65,8.43,10541,8393403.0,2.59,1.3,0.11,1.46,0.22000000000000064
2013-07-16,002584,8.63,8.73,8.75,8.55,11378,9195829.0,2.33,1.51,0.13,1.57,0.1999999999999993
2013-07-17,002584,8.71,8.53,8.73,8.53,10463,8398328.0,2.29,-2.29,-0.2,1.44,0.20000000000000107
2013-07-18,002584,8.48,8.55,8.66,8.48,7403,5891642.0,2.11,0.23,0.02,1.02,0.17999999999999972
2013-07-19,002584,8.55,8.52,8.69,8.46,11382,9080081.0,2.69,-0.35,-0.03,1.57,0.22999999999999865
2013-07-22,002584,8.46,8.61,8.65,8.45,9748,7745434.0,2.35,1.06,0.09,1.35,0.20000000000000107
2013-07-23,002584,8.56,8.8,8.8,8.56,15525,12635526.0,2.79,2.21,0.19,2.14,0.2400000000000002
2013-07-24,002584,8.77,8.82,8.85,8.7,11680,9554754.0,1.7,0.23,0.02,1.61,0.15000000000000036
2013-07-25,002584,8.81,8.67,8.86,8.67,10279,8382989.0,2.15,-1.7,-0.15,1.42,0.1899999999999995
2013-07-26,002584,8.64,8.67,8.84,8.55,10086,8134212.0,3.34,0.0,0.0,1.39,0.28999999999999915
2013-07-29,002584,8.65,8.63,8.76,8.53,7926,6358974.0,2.65,-0.46,-0.04,1.09,0.23000000000000043
2013-07-30,002584,8.65,8.83,8.98,8.61,21910,17875537.0,4.29,2.32,0.2,3.02,0.370000000000001
2013-07-31,002584,8.85,8.74,8.9,8.72,15247,12485386.0,2.04,-1.02,-0.09,2.1,0.17999999999999972
2013-08-01,002584,8.75,8.94,8.99,8.73,19923,16446703.0,2.97,2.29,0.2,2.75,0.2599999999999998
2013-08-02,002584,8.95,8.91,8.99,8.87,14868,12388448.0,1.34,-0.34,-0.03,2.05,0.120000000000001
2013-08-05,002584,8.92,9.0,9.04,8.87,14066,11768084.0,1.91,1.01,0.09,1.94,0.16999999999999993
2013-08-06,002584,8.99,9.06,9.06,8.95,12917,10856405.0,1.22,0.67,0.06,1.78,0.11000000000000121
2013-08-07,002584,9.06,9.07,9.16,8.93,26571,22452782.0,2.54,0.11,0.01,3.67,0.23000000000000043
2013-08-08,002584,9.09,9.29,9.35,9.03,34930,30209544.0,3.53,2.43,0.22,4.82,0.3200000000000003
2013-08-09,002584,9.31,9.61,9.63,9.29,42166,37561315.0,3.66,3.44,0.32,5.82,0.34000000000000163
2013-08-12,002584,9.69,9.6,9.72,9.47,34313,30886159.0,2.6,-0.1,-0.01,4.74,0.25
2013-08-13,002584,9.61,9.53,9.71,9.45,21480,19228680.0,2.71,-0.73,-0.07,2.97,0.26000000000000156
2013-08-14,002584,9.53,9.42,9.55,9.36,15068,13358790.0,1.99,-1.15,-0.11,2.08,0.19000000000000128
2013-08-15,002584,9.47,9.41,9.47,9.34,12137,10672972.0,1.38,-0.11,-0.01,1.68,0.13000000000000078
2013-08-16,002584,9.36,9.2,9.56,9.16,12777,11179931.0,4.25,-2.23,-0.21,1.76,0.40000000000000036
2013-08-19,002584,9.19,9.41,9.49,9.12,11198,9768491.0,4.02,2.28,0.21,1.55,0.370000000000001
2013-08-20,002584,9.37,9.43,9.55,9.37,8069,7120477.0,1.91,0.21,0.02,1.11,0.1800000000000015
2013-08-21,002584,10.31,10.31,10.31,10.12,44768,43452482.0,2.01,9.33,0.88,6.18,0.19000000000000128
2013-08-22,002584,10.48,10.04,10.68,9.93,101942,98798516.0,7.27,-2.62,-0.27,14.07,0.75
2013-08-23,002584,10.0,9.74,10.08,9.56,55363,51112288.0,5.18,-2.99,-0.3,7.64,0.5199999999999996
2013-08-26,002584,9.75,9.83,9.88,9.68,27823,25617043.0,2.05,0.92,0.09,3.84,0.20000000000000107
2013-08-27,002584,9.77,9.86,9.91,9.71,21853,20119831.0,2.03,0.31,0.03,3.02,0.1999999999999993
2013-08-28,002584,9.82,9.66,9.88,9.64,22328,20430530.0,2.43,-2.03,-0.2,3.08,0.2400000000000002
2013-08-29,002584,9.66,9.66,9.74,9.55,12531,11323612.0,1.97,0.0,0.0,1.73,0.1899999999999995
2013-08-30,002584,9.65,9.49,9.65,9.4,21200,18921724.0,2.59,-1.76,-0.17,2.93,0.25
2013-09-02,002584,9.4,9.48,9.58,9.35,12146,10772739.0,2.42,-0.11,-0.01,1.68,0.23000000000000043
2013-09-03,002584,9.5,9.64,9.66,9.48,14773,13257265.0,1.9,1.69,0.16,2.04,0.17999999999999972
2013-09-04,002584,9.64,9.59,9.72,9.55,11929,10788621.0,1.76,-0.52,-0.05,1.65,0.16999999999999993
2013-09-05,002584,9.59,9.61,9.69,9.51,9716,8747368.0,1.88,0.21,0.02,1.34,0.17999999999999972
2013-09-06,002584,9.56,9.68,9.72,9.55,12302,11083214.0,1.77,0.73,0.07,1.7,0.16999999999999993
2013-09-09,002584,9.68,9.72,9.75,9.63,15752,14351453.0,1.24,0.41,0.04,2.17,0.11999999999999922
2013-09-10,002584,9.77,9.6,9.77,9.49,22228,20053177.0,2.88,-1.23,-0.12,3.07,0.27999999999999936
2013-09-11,002584,9.6,9.4,9.63,9.34,19964,17627899.0,3.02,-2.08,-0.2,2.76,0.2900000000000009
2013-09-12,002584,9.4,9.43,9.49,9.35,12699,11202081.0,1.49,0.32,0.03,1.75,0.14000000000000057
2013-09-13,002584,9.42,9.6,9.63,9.35,20320,18066899.0,2.97,1.8,0.17,2.81,0.28000000000000114
2013-09-16,002584,9.6,9.84,9.98,9.55,44297,40773962.0,4.48,2.5,0.24,6.12,0.4299999999999997
2013-09-17,002584,9.8,9.4,9.92,9.39,36573,33088001.0,5.39,-4.47,-0.44,5.05,0.5299999999999994
2013-09-18,002584,9.37,9.42,9.51,9.37,12860,11356865.0,1.49,0.21,0.02,1.78,0.14000000000000057
2013-09-23,002584,9.4,9.56,9.59,9.4,10365,9239093.0,2.02,1.49,0.14,1.43,0.1899999999999995
2013-09-24,002584,9.51,9.6,9.65,9.51,11322,10189009.0,1.46,0.42,0.04,1.56,0.14000000000000057
2013-09-25,002584,9.57,9.55,9.6,9.48,15826,14126041.0,1.25,-0.52,-0.05,2.18,0.11999999999999922
2013-09-26,002584,9.5,9.36,9.57,9.36,14991,13251189.0,2.2,-1.99,-0.19,2.07,0.21000000000000085
2013-09-27,002584,9.36,9.36,9.45,9.35,5817,5111228.0,1.07,0.0,0.0,0.8,0.09999999999999964
2013-09-30,002584,9.45,9.54,9.55,9.39,9926,8810184.0,1.71,1.92,0.18,1.37,0.16000000000000014
2013-10-08,002584,9.91,9.64,9.91,9.59,22381,20305240.0,3.35,1.05,0.1,3.09,0.3200000000000003
2013-10-09,002584,9.59,9.77,9.77,9.54,18699,17047363.0,2.39,1.35,0.13,2.58,0.23000000000000043
2013-10-10,002584,9.74,9.71,9.82,9.63,15671,14275698.0,1.94,-0.61,-0.06,2.16,0.1899999999999995
2013-10-11,002584,9.71,9.81,9.82,9.71,19224,17623039.0,1.13,1.03,0.1,2.65,0.10999999999999943
2013-10-14,002584,9.79,9.81,9.87,9.77,16011,14760122.0,1.02,0.0,0.0,2.21,0.09999999999999964
2013-10-15,002584,9.8,9.76,9.88,9.66,19593,17992522.0,2.24,-0.51,-0.05,2.71,0.22000000000000064
2013-10-16,002584,9.77,9.5,9.77,9.41,16391,14684302.0,3.69,-2.66,-0.26,2.26,0.35999999999999943
2013-10-17,002584,9.59,9.52,9.67,9.5,12381,11132611.0,1.79,0.21,0.02,1.71,0.16999999999999993
2013-10-18,002584,9.62,9.64,9.68,9.52,11677,10525324.0,1.68,1.26,0.12,1.61,0.16000000000000014
2013-10-21,002584,9.69,9.8,9.83,9.63,17504,16026405.0,2.07,1.66,0.16,2.42,0.1999999999999993
2013-10-22,002584,9.9,9.92,10.09,9.84,37112,34765726.0,2.55,1.22,0.12,5.12,0.25
2013-10-23,002584,9.91,9.74,10.0,9.7,21493,19836215.0,3.02,-1.81,-0.18,2.97,0.3000000000000007
2013-10-24,002584,9.74,10.02,10.05,9.68,33618,31287733.0,3.8,2.87,0.28,4.64,0.370000000000001
2013-10-25,002584,9.94,9.74,10.06,9.62,28849,26709636.0,4.39,-2.79,-0.28,3.98,0.4400000000000013
2013-10-28,002584,9.69,9.53,9.74,9.43,18087,16172091.0,3.18,-2.16,-0.21,2.5,0.3100000000000005
2013-10-29,002584,9.5,9.05,9.53,8.9,23512,20300127.0,6.61,-5.04,-0.48,3.25,0.629999999999999
2013-10-30,002584,9.0,9.29,9.29,9.0,12541,10791108.0,3.2,2.65,0.24,1.73,0.28999999999999915
2013-10-31,002584,9.24,9.37,9.45,9.23,11397,9958605.0,2.37,0.86,0.08,1.57,0.21999999999999886
2013-11-01,002584,9.21,9.4,9.55,9.17,11405,10096364.0,4.06,0.32,0.03,1.57,0.3800000000000008
2013-11-04,002584,9.4,9.52,9.52,9.4,6129,5425029.0,1.28,1.28,0.12,0.85,0.11999999999999922
2013-11-05,002584,9.4,9.54,9.56,9.38,7617,6776125.0,1.89,0.21,0.02,1.05,0.17999999999999972
2013-11-06,002584,9.54,9.41,9.57,9.4,12011,10665126.0,1.78,-1.36,-0.13,1.66,0.16999999999999993
2013-11-07,002584,9.45,9.36,9.47,9.31,6666,5868678.0,1.7,-0.53,-0.05,0.92,0.16000000000000014
2013-11-08,002584,9.35,9.18,9.45,9.15,7560,6578125.0,3.21,-1.92,-0.18,1.04,0.29999999999999893
2013-11-11,002584,9.22,9.33,9.39,9.12,7578,6569548.0,2.94,1.63,0.15,1.05,0.27000000000000135
2013-11-12,002584,9.26,9.5,9.58,9.26,10294,9107804.0,3.43,1.82,0.17,1.42,0.3200000000000003
2013-11-13,002584,9.5,9.21,9.5,9.21,10775,9407891.0,3.05,-3.05,-0.29,1.49,0.28999999999999915
2013-11-14,002584,9.21,9.45,9.49,9.12,10299,8973238.0,4.02,2.61,0.24,1.42,0.370000000000001
2013-11-15,002584,9.45,9.65,9.75,9.45,20451,18466806.0,3.17,2.12,0.2,2.82,0.3000000000000007
2013-11-18,002584,9.6,9.79,9.88,9.6,20293,18635358.0,2.9,1.45,0.14,2.8,0.28000000000000114
2013-11-19,002584,9.75,9.85,9.97,9.75,21441,19898125.0,2.25,0.61,0.06,2.96,0.22000000000000064
2013-11-20,002584,9.88,9.95,9.95,9.78,15141,14044302.0,1.73,1.02,0.1,2.09,0.16999999999999993
2013-11-21,002584,9.93,9.87,9.96,9.79,15571,14419966.0,1.71,-0.8,-0.08,2.15,0.1700000000000017
2013-11-22,002584,9.87,10.01,10.03,9.82,26835,25055277.0,2.13,1.42,0.14,3.7,0.20999999999999908
2013-11-25,002584,9.94,10.35,10.41,9.94,55650,53730990.0,4.7,3.4,0.34,7.68,0.47000000000000064
2013-11-26,002584,10.38,10.3,10.55,10.15,28925,27990865.0,3.86,-0.48,-0.05,3.99,0.40000000000000036
2013-11-27,002584,10.3,10.59,10.59,10.3,34958,34392068.0,2.82,2.82,0.29,4.83,0.28999999999999915
2013-11-28,002584,10.65,10.64,10.95,10.62,54132,55309335.0,3.12,0.47,0.05,7.47,0.33000000000000007
2013-11-29,002584,10.62,11.08,11.23,10.53,53909,55885720.0,6.58,4.14,0.44,7.44,0.7000000000000011
2013-12-02,002584,10.83,10.59,11.08,10.25,54987,55522972.0,7.49,-4.42,-0.49,7.59,0.8300000000000001
2013-12-03,002584,10.45,10.93,10.95,10.43,32793,33211478.0,4.91,3.21,0.34,4.53,0.5199999999999996
2013-12-04,002584,10.9,11.05,11.56,10.84,40682,43328162.0,6.59,1.1,0.12,5.62,0.7200000000000006
2013-12-05,002584,11.01,11.0,11.27,10.99,25638,26872834.0,2.53,-0.45,-0.05,3.54,0.27999999999999936
2013-12-06,002584,10.95,10.78,11.18,10.77,26871,27597611.0,3.73,-2.0,-0.22,3.71,0.41000000000000014
2013-12-09,002584,10.79,10.9,10.95,10.77,16150,16568768.0,1.67,1.11,0.12,2.23,0.17999999999999972
2013-12-10,002584,10.9,10.9,10.99,10.72,17538,17977331.0,2.48,0.0,0.0,2.42,0.2699999999999996
2013-12-11,002584,10.9,10.74,10.9,10.62,15725,15909634.0,2.57,-1.47,-0.16,2.17,0.28000000000000114
2013-12-12,002584,10.63,10.8,10.86,10.61,13031,13220982.0,2.33,0.56,0.06,1.8,0.25
2013-12-13,002584,10.73,11.18,11.29,10.68,34999,36509751.0,5.65,3.52,0.38,4.83,0.6099999999999994
2013-12-16,002584,11.19,10.82,11.3,10.77,35983,37580368.0,4.74,-3.22,-0.36,4.97,0.5300000000000011
2013-12-17,002584,10.83,10.77,10.99,10.7,17337,17785797.0,2.68,-0.46,-0.05,2.39,0.2900000000000009
2013-12-18,002584,10.78,11.08,11.08,10.67,18597,19185534.0,3.81,2.88,0.31,2.57,0.41000000000000014
2013-12-19,002584,11.14,11.3,11.55,11.11,37624,40493037.0,3.97,1.99,0.22,5.19,0.4400000000000013
2013-12-20,002584,11.49,11.34,11.49,11.13,23644,25371688.0,3.19,0.35,0.04,3.26,0.35999999999999943
2013-12-23,002584,11.34,11.6,11.9,11.34,49488,54696449.0,4.94,2.29,0.26,6.83,0.5600000000000005
2013-12-24,002584,11.63,11.83,11.99,11.45,47750,53351577.0,4.66,1.98,0.23,6.59,0.5400000000000009
2013-12-25,002584,11.82,11.88,12.0,11.7,31633,35578922.0,2.54,0.42,0.05,4.37,0.3000000000000007
2013-12-26,002584,11.83,11.48,11.9,11.41,32421,35735125.0,4.12,-3.37,-0.4,4.48,0.4900000000000002
2013-12-27,002584,11.4,11.53,11.66,11.35,20098,21946094.0,2.7,0.44,0.05,2.77,0.3100000000000005
2013-12-30,002584,11.68,11.62,11.68,11.43,16036,17582815.0,2.17,0.78,0.09,2.21,0.25
2013-12-31,002584,11.56,11.41,11.59,11.25,23292,25089688.0,2.93,-1.81,-0.21,3.22,0.33999999999999986
2014-01-02,002584,11.55,11.41,11.88,11.33,36269,39626726.0,4.82,0.0,0.0,5.01,0.5500000000000007
2014-01-03,002584,11.38,11.7,11.7,11.3,34571,37656969.0,3.51,2.54,0.29,4.77,0.3999999999999986
2014-01-06,002584,11.56,11.5,11.68,11.39,21442,23417320.0,2.48,-1.71,-0.2,2.96,0.28999999999999915
2014-01-07,002584,11.37,11.46,11.66,11.3,17351,18941179.0,3.13,-0.35,-0.04,2.4,0.35999999999999943
2014-01-08,002584,11.45,11.41,11.57,11.28,28099,30359129.0,2.53,-0.44,-0.05,3.88,0.2900000000000009
2014-01-09,002584,11.32,10.92,11.4,10.85,25055,26616514.0,4.82,-4.29,-0.49,3.46,0.5500000000000007
2014-01-10,002584,10.89,11.39,11.41,10.73,48450,51219255.0,6.23,4.3,0.47,6.69,0.6799999999999997
2014-01-13,002584,11.31,11.43,11.59,11.31,21746,23635252.0,2.46,0.35,0.04,3.0,0.27999999999999936
2014-01-14,002584,11.53,11.54,11.69,11.35,26299,28701886.0,2.97,0.96,0.11,3.63,0.33999999999999986
2014-01-15,002584,11.6,12.4,12.63,11.52,87429,102070077.0,9.62,7.45,0.86,12.07,1.1100000000000012
2014-01-16,002584,12.38,12.67,12.78,12.23,39432,46914103.0,4.44,2.18,0.27,5.44,0.5499999999999989
2014-01-17,002584,12.6,12.99,13.15,12.37,57852,71357785.0,6.16,2.53,0.32,7.99,0.7800000000000011
2014-01-20,002584,12.91,13.15,13.43,12.9,66391,83443468.0,4.08,1.23,0.16,9.17,0.5299999999999994
2014-01-21,002584,13.15,13.27,13.37,12.95,31261,39260668.0,3.19,0.91,0.12,4.32,0.41999999999999993
2014-01-22,002584,13.27,13.27,13.45,13.02,26480,33384107.0,3.24,0.0,0.0,3.66,0.4299999999999997
2014-01-23,002584,13.29,13.31,13.45,13.17,26757,34035682.0,2.11,0.3,0.04,3.69,0.27999999999999936
2014-01-24,002584,13.31,14.15,14.55,13.25,71085,95055849.0,9.77,6.31,0.84,9.81,1.3000000000000007
2014-01-27,002584,14.1,14.7,14.95,14.02,52544,72924164.0,6.57,3.89,0.55,7.25,0.9299999999999997
2014-01-28,002584,14.78,14.57,14.85,14.26,23000,32090152.0,4.01,-0.88,-0.13,3.18,0.5899999999999999
2014-01-29,002584,14.4,15.11,15.2,14.37,24859,35763940.0,5.7,3.71,0.54,3.43,0.8300000000000001
2014-01-30,002584,15.05,14.81,15.05,14.73,10956,15620528.0,2.12,-1.99,-0.3,1.51,0.3200000000000003
2014-02-07,002584,14.81,14.91,15.07,14.41,11087,15769120.0,4.46,0.68,0.1,1.53,0.6600000000000001
2014-02-10,002584,15.07,14.82,15.32,14.63,41440,59216623.0,4.63,-0.6,-0.09,5.72,0.6899999999999995
2014-02-11,002584,14.82,14.9,14.99,14.45,39497,55604052.0,3.64,0.54,0.08,5.45,0.5400000000000009
2014-02-12,002584,14.96,14.76,14.99,14.4,42966,60555637.0,3.96,-0.94,-0.14,5.93,0.5899999999999999
2014-02-13,002584,14.73,14.06,14.85,14.06,36488,50545468.0,5.35,-4.74,-0.7,5.04,0.7899999999999991
2014-02-14,002584,14.13,14.75,14.79,14.1,33347,46313661.0,4.91,4.91,0.69,4.6,0.6899999999999995
2014-02-17,002584,14.78,15.91,16.16,14.77,50615,75418936.0,9.42,7.86,1.16,6.99,1.3900000000000006
2014-02-18,002584,15.9,15.84,16.49,15.78,33579,51960763.0,4.46,-0.44,-0.07,4.64,0.7099999999999991
2014-02-19,002584,15.77,15.8,15.97,15.31,27839,41753172.0,4.17,-0.25,-0.04,3.84,0.6600000000000001
2014-02-20,002584,15.7,15.26,15.83,15.05,26315,38725623.0,4.94,-3.42,-0.54,3.63,0.7799999999999994
2014-02-21,002584,15.26,15.2,15.48,14.78,22983,33206217.0,4.59,-0.39,-0.06,3.17,0.7000000000000011
2014-02-24,002584,15.05,15.4,15.43,14.78,30971,45279221.0,4.28,1.32,0.2,4.28,0.6500000000000004
2014-02-25,002584,15.51,15.31,16.37,15.1,70362,107280269.0,8.25,-0.58,-0.09,9.71,1.2700000000000014
2014-02-26,002584,15.25,15.1,15.4,14.18,54255,77268940.0,7.97,-1.37,-0.21,7.49,1.2200000000000006
2014-02-27,002584,15.08,15.5,16.45,14.9,42530,64302684.0,10.26,2.65,0.4,5.87,1.549999999999999
2014-02-28,002584,15.39,15.87,15.97,15.1,16321,24564687.0,5.61,2.39,0.37,2.25,0.870000000000001
2014-03-03,002584,15.75,16.18,16.25,15.6,17175,26500626.0,4.1,1.95,0.31,2.37,0.6500000000000004
2014-03-04,002584,15.93,15.86,16.09,15.48,16581,25199071.0,3.77,-1.98,-0.32,2.29,0.6099999999999994
2014-03-05,002584,15.65,15.83,16.0,15.3,18007,27070131.0,4.41,-0.19,-0.03,2.49,0.6999999999999993
2014-03-06,002584,15.86,15.7,15.95,15.4,7737,11627302.0,3.47,-0.82,-0.13,1.07,0.5499999999999989
2014-03-07,002584,15.5,16.92,16.95,15.4,50440,79989742.0,9.87,7.77,1.22,6.96,1.549999999999999
2014-03-10,002584,16.92,17.55,17.9,16.46,71473,119708166.0,8.51,3.72,0.63,9.87,1.4399999999999977
2014-03-11,002584,17.52,16.83,17.6,16.5,27711,45501357.0,6.27,-4.1,-0.72,3.83,1.1000000000000014
2014-03-12,002584,16.79,15.99,16.79,15.4,44088,68199076.0,8.26,-4.99,-0.84,6.09,1.3899999999999988
2014-03-13,002584,15.8,17.53,17.53,15.65,34855,56923102.0,11.76,9.63,1.54,4.81,1.8800000000000008
2014-03-14,002584,17.69,17.78,18.0,17.2,30364,51829060.0,4.56,1.43,0.25,4.19,0.8000000000000007
2014-03-17,002584,17.6,18.8,19.5,17.4,54513,99645150.0,11.81,5.74,1.02,7.53,2.1000000000000014
2014-03-18,002584,18.75,18.65,18.99,18.21,29681,53301635.0,4.15,-0.8,-0.15,4.1,0.7799999999999976
2014-03-19,002584,18.35,18.43,18.9,18.15,26384,47183125.0,4.02,-1.18,-0.22,3.64,0.75
2014-03-20,002584,18.3,17.7,18.8,17.55,26354,45971796.0,6.78,-3.96,-0.73,3.64,1.25
2014-03-21,002584,17.7,17.94,18.07,16.9,20820,35380572.0,6.61,1.36,0.24,2.87,1.1700000000000017
2014-03-24,002584,17.9,18.94,19.2,17.72,44523,80843712.0,8.25,5.57,1.0,6.15,1.4800000000000004
2014-03-25,002584,18.92,18.17,18.94,18.13,17259,30790712.0,4.28,-4.07,-0.77,2.38,0.8100000000000023
2014-03-26,002584,17.95,17.85,18.42,17.56,16977,29363959.0,4.73,-1.76,-0.32,2.34,0.860000000000003
2014-03-27,002584,17.85,17.59,18.08,17.57,15089,25907948.0,2.86,-1.46,-0.26,2.08,0.509999999999998
2014-03-28,002584,17.46,16.1,17.6,16.0,39191,62514210.0,9.1,-8.47,-1.49,5.41,1.6000000000000014
2014-03-31,002584,16.3,15.78,16.44,15.4,28359,43189942.0,6.46,-1.99,-0.32,3.92,1.040000000000001
2014-04-01,002584,15.75,15.6,16.19,15.12,23199,34797847.0,6.78,-1.14,-0.18,3.2,1.070000000000002
2014-04-02,002584,15.61,15.6,15.75,15.43,25970,38955815.0,2.05,0.0,0.0,3.59,0.3200000000000003
2014-04-03,002584,15.64,16.2,16.88,15.64,25926,40650212.0,7.95,3.85,0.6,3.58,1.2399999999999984
2014-04-04,002584,16.1,16.46,16.77,15.98,10920,17363438.0,4.88,1.6,0.26,1.51,0.7899999999999991
2014-04-08,002584,16.33,16.43,16.8,16.25,8909,14106689.0,3.34,-0.18,-0.03,1.23,0.5500000000000007
2014-04-09,002584,16.3,16.34,16.65,15.96,19074,29765538.0,4.2,-0.55,-0.09,2.63,0.6899999999999977
2014-04-10,002584,16.26,16.39,16.62,16.2,13849,21948904.0,2.57,0.31,0.05,1.91,0.4200000000000017
2014-04-11,002584,16.6,16.4,17.1,16.36,20760,33239568.0,4.51,0.06,0.01,2.87,0.740000000000002
2014-04-14,002584,16.5,16.53,16.85,16.2,18396,29203977.0,3.96,0.79,0.13,2.54,0.6500000000000021
2014-04-15,002584,16.5,16.66,16.89,16.38,23829,38377005.0,3.09,0.79,0.13,3.29,0.5100000000000016
2014-04-16,002584,16.75,17.0,17.0,16.57,14662,23857336.0,2.58,2.04,0.34,2.02,0.4299999999999997
2014-04-17,002584,17.0,17.5,18.15,17.0,31439,53661238.0,6.76,2.94,0.5,4.34,1.1499999999999986
2014-04-18,002584,17.5,17.4,17.78,17.21,9168,15462868.0,3.26,-0.57,-0.1,1.27,0.5700000000000003
2014-04-21,002584,17.36,16.65,17.57,16.59,18218,29867052.0,5.63,-4.31,-0.75,2.52,0.9800000000000004
2014-04-22,002584,16.65,15.7,16.95,15.42,27658,42182992.0,9.19,-5.71,-0.95,3.82,1.5299999999999994
2014-04-23,002584,15.7,15.88,16.2,15.69,13747,21111471.0,3.25,1.15,0.18,1.9,0.5099999999999998
2014-04-24,002584,15.9,15.55,16.08,15.44,9569,14459702.0,4.03,-2.08,-0.33,1.32,0.6399999999999988
2014-04-25,002584,15.55,15.12,15.74,15.02,10572,15610364.0,4.63,-2.77,-0.43,1.46,0.7200000000000006
2014-04-28,002584,14.91,14.53,15.39,14.26,16442,22907711.0,7.47,-3.9,-0.59,2.27,1.1300000000000008
2014-04-29,002584,14.53,14.74,14.99,14.34,16667,23472299.0,4.47,1.45,0.21,2.3,0.6500000000000004
2014-04-30,002584,14.76,15.39,15.49,14.64,12445,18123292.0,5.77,4.41,0.65,1.72,0.8499999999999996
2014-05-05,002584,15.4,15.2,15.85,14.99,15861,23286781.0,5.59,-1.23,-0.19,2.19,0.8599999999999994
2014-05-06,002584,15.31,15.4,15.45,15.15,8854,13043072.0,1.97,1.32,0.2,1.22,0.29999999999999893
2014-05-07,002584,15.31,14.45,15.37,14.43,17546,24983677.0,6.1,-6.17,-0.95,2.42,0.9399999999999995
2014-05-08,002584,14.46,14.03,14.59,13.9,30888,41710334.0,4.78,-2.91,-0.42,4.26,0.6899999999999995
2014-05-09,002584,14.04,13.43,14.12,13.13,37267,47815559.0,7.06,-4.28,-0.6,5.15,0.9899999999999984
2014-05-12,002584,13.52,13.65,13.65,13.29,19545,25298935.0,2.68,1.64,0.22,2.7,0.3600000000000012
2014-05-13,002584,13.66,13.71,13.82,13.56,11003,14394566.0,1.9,0.44,0.06,1.52,0.2599999999999998
2014-05-14,002584,13.74,13.82,13.82,13.65,7720,10133721.0,1.24,0.8,0.11,1.07,0.16999999999999993
2014-05-15,002584,13.8,13.47,13.84,13.38,19276,24940766.0,3.33,-2.53,-0.35,2.66,0.4599999999999991
2014-05-16,002584,13.43,12.98,13.57,12.8,28508,35628114.0,5.72,-3.64,-0.49,3.94,0.7699999999999996
2014-05-19,002584,12.98,13.2,13.39,12.98,17880,22597773.0,3.16,1.69,0.22,2.47,0.41000000000000014
2014-05-20,002584,13.31,13.42,13.7,13.31,17692,22857518.0,2.95,1.67,0.22,2.44,0.3899999999999988
2014-05-21,002584,13.45,13.57,13.7,13.21,9585,12293960.0,3.65,1.12,0.15,1.32,0.48999999999999844
2014-05-22,002584,13.61,13.71,13.8,13.49,15709,20599858.0,2.28,1.03,0.14,2.17,0.3100000000000005
2014-05-23,002584,13.77,13.77,13.77,13.5,10448,13630756.0,1.97,0.44,0.06,1.44,0.2699999999999996
2014-05-26,002584,13.75,14.6,14.62,13.71,36895,50739830.0,6.61,6.03,0.83,5.09,0.9099999999999984
2014-05-27,002584,14.44,14.6,15.07,14.42,37988,53992296.0,4.45,0.0,0.0,5.24,0.6500000000000004
2014-05-28,002584,14.54,14.76,14.95,14.4,23761,33686541.0,3.77,1.1,0.16,3.28,0.5499999999999989
2014-05-29,002584,14.79,14.5,14.88,14.46,18983,26630929.0,2.85,-1.76,-0.26,2.62,0.41999999999999993
2014-05-30,002584,14.48,14.28,14.5,14.09,20851,28510795.0,2.83,-1.52,-0.22,2.88,0.41000000000000014
2014-06-03,002584,14.3,14.16,14.55,14.05,19912,27246967.0,3.5,-0.84,-0.12,1.93,0.5
2014-06-04,002584,14.1,13.93,14.22,13.78,11135,14868724.0,3.11,-1.62,-0.23,1.08,0.4400000000000013
2014-06-05,002584,13.88,14.43,14.43,13.88,13963,18897722.0,3.95,3.59,0.5,1.36,0.5499999999999989
2014-06-06,002584,14.45,14.13,14.45,14.06,9492,12927049.0,2.7,-2.08,-0.3,0.92,0.3899999999999988
2014-06-09,002584,14.08,14.21,14.28,14.0,8374,11362045.0,1.98,0.57,0.08,0.81,0.27999999999999936
2014-06-10,002584,14.19,14.62,14.69,14.07,12439,17257446.0,4.36,2.89,0.41,1.21,0.6199999999999992
2014-06-11,002584,14.6,14.86,14.9,14.52,19005,26949196.0,2.6,1.64,0.24,1.85,0.3800000000000008
2014-06-12,002584,15.0,14.6,15.0,14.5,11528,16220584.0,3.36,-1.75,-0.26,1.12,0.5
2014-06-13,002584,14.6,14.6,14.77,14.43,13408,18818959.0,2.33,0.0,0.0,1.3,0.33999999999999986
2014-06-16,002584,14.68,14.79,14.86,14.53,11598,16336545.0,2.26,1.3,0.19,1.13,0.33000000000000007
2014-06-17,002584,14.79,14.47,14.79,14.37,9685,13493777.0,2.84,-2.16,-0.32,0.94,0.41999999999999993
2014-06-18,002584,14.47,14.26,14.54,14.23,7955,10931458.0,2.14,-1.45,-0.21,0.77,0.3099999999999987
2014-06-19,002584,14.27,13.89,14.56,13.61,12322,16703262.0,6.66,-2.59,-0.37,1.2,0.9500000000000011
2014-06-20,002584,13.93,13.98,14.05,13.75,7087,9376052.0,2.16,0.65,0.09,0.69,0.3000000000000007
2014-06-23,002584,13.99,14.33,14.42,13.98,12757,17437505.0,3.15,2.5,0.35,1.24,0.4399999999999995
2014-06-24,002584,14.63,14.88,15.0,14.62,33579,47590371.0,2.65,3.84,0.55,3.26,0.3800000000000008
2014-06-25,002584,14.88,14.83,14.98,14.68,13886,19749924.0,2.02,-0.34,-0.05,1.35,0.3000000000000007
2014-06-26,002584,14.77,15.34,15.47,14.77,31745,46547947.0,4.72,3.44,0.51,3.08,0.7000000000000011
2014-06-27,002584,15.35,16.16,16.81,15.35,50390,78830517.0,9.52,5.35,0.82,4.9,1.459999999999999
2014-06-30,002584,16.27,16.18,16.36,15.9,22290,34565038.0,2.85,0.12,0.02,2.49,0.4599999999999991
2014-07-01,002584,16.13,16.18,16.73,16.13,25801,40779125.0,3.71,0.0,0.0,2.88,0.6000000000000014
2014-07-02,002584,16.16,16.24,16.58,16.06,16819,26290891.0,3.21,0.37,0.06,1.88,0.5199999999999996
2014-07-03,002584,16.25,16.93,17.03,16.14,34057,54750682.0,5.48,4.25,0.69,3.8,0.8900000000000006
2014-07-04,002584,16.83,16.75,16.99,16.51,15212,24350780.0,2.84,-1.06,-0.18,1.7,0.4799999999999969
2014-07-07,002584,16.75,16.64,16.75,16.35,14960,23799251.0,2.39,-0.66,-0.11,1.67,0.3999999999999986
2014-07-08,002584,16.53,17.03,17.11,16.53,19337,31362419.0,3.49,2.34,0.39,2.16,0.5799999999999983
2014-07-09,002584,17.03,16.57,17.2,16.43,17882,29066470.0,4.52,-2.7,-0.46,2.0,0.7699999999999996
2014-07-10,002584,16.56,16.2,16.73,16.13,18809,29550333.0,3.62,-2.23,-0.37,2.1,0.6000000000000014
2014-07-11,002584,16.16,15.94,16.36,15.73,18236,28082174.0,3.89,-1.6,-0.26,2.04,0.629999999999999
2014-07-14,002584,16.09,16.83,16.83,16.09,19815,31580005.0,4.64,5.58,0.89,2.21,0.7399999999999984
2014-07-15,002584,16.77,16.49,16.82,16.43,15542,24789391.0,2.32,-2.02,-0.34,1.73,0.39000000000000057
2014-07-16,002584,16.53,15.54,16.53,15.48,44775,67752537.0,6.37,-5.76,-0.95,5.0,1.0500000000000007
2014-07-17,002584,15.5,15.62,15.75,15.43,10115,15172448.0,2.06,0.51,0.08,1.13,0.3200000000000003
2014-07-18,002584,15.5,15.71,16.05,15.5,17140,26101035.0,3.52,0.58,0.09,1.91,0.5500000000000007
2014-07-21,002584,15.75,15.28,16.01,15.13,33289,49237064.0,5.6,-2.74,-0.43,3.72,0.8800000000000008
2014-07-22,002584,15.18,15.53,15.57,15.15,14456,21318754.0,2.75,1.64,0.25,1.61,0.41999999999999993
2014-07-23,002584,15.59,15.26,15.69,15.12,19705,28957080.0,3.67,-1.74,-0.27,2.2,0.5700000000000003
2014-07-24,002584,15.18,15.01,15.28,14.85,13429,19308435.0,2.82,-1.64,-0.25,1.5,0.4299999999999997
2014-07-25,002584,15.01,15.07,15.1,14.89,10818,15516858.0,1.4,0.4,0.06,1.21,0.20999999999999908
2014-07-28,002584,15.07,15.4,15.43,15.04,23669,34564220.0,2.59,2.19,0.33,2.64,0.39000000000000057
2014-07-29,002584,15.34,15.57,15.77,15.34,18192,27274256.0,2.79,1.1,0.17,2.03,0.4299999999999997
2014-07-30,002584,15.58,15.43,15.68,15.21,17380,25667796.0,3.02,-0.9,-0.14,1.94,0.46999999999999886
2014-07-31,002584,15.44,15.61,15.73,15.36,17753,26476670.0,2.4,1.17,0.18,1.98,0.370000000000001
2014-08-01,002584,15.6,15.58,15.73,15.48,14740,22041644.0,1.6,-0.19,-0.03,1.65,0.25
2014-08-04,002584,15.5,15.68,15.78,15.5,17369,26071206.0,1.8,0.64,0.1,1.94,0.27999999999999936
2014-08-05,002584,15.63,16.05,16.05,15.55,22157,33681669.0,3.19,2.36,0.37,2.47,0.5
2014-08-06,002584,16.06,16.39,16.43,15.86,25955,40385369.0,3.55,2.12,0.34,2.9,0.5700000000000003
2014-08-07,002584,16.4,15.85,16.47,15.84,22709,35203596.0,3.84,-3.29,-0.54,2.54,0.629999999999999
2014-08-08,002584,15.85,15.92,16.03,15.83,12941,19773316.0,1.26,0.44,0.07,1.44,0.20000000000000107
2014-08-11,002584,15.97,16.28,16.38,15.88,16018,24847496.0,3.14,2.26,0.36,1.79,0.4999999999999982
2014-08-12,002584,16.3,16.54,16.92,16.29,31180,49789796.0,3.87,1.6,0.26,3.48,0.6300000000000026
2014-08-13,002584,16.58,16.58,16.63,16.3,18028,28485756.0,2.0,0.24,0.04,2.01,0.3299999999999983
2014-08-14,002584,16.63,16.39,16.63,16.33,23322,36937249.0,1.81,-1.15,-0.19,2.6,0.3000000000000007
2014-08-15,002584,16.51,16.48,16.52,16.26,17994,28371814.0,1.59,0.55,0.09,2.01,0.259999999999998
2014-08-18,002584,16.52,16.69,16.69,16.43,26039,41582569.0,1.58,1.27,0.21,2.91,0.26000000000000156
2014-08-19,002584,16.7,16.51,16.83,16.36,29855,47717838.0,2.82,-1.08,-0.18,3.33,0.46999999999999886
2014-08-20,002584,16.43,16.35,16.51,16.32,22824,35965523.0,1.15,-0.97,-0.16,2.55,0.19000000000000128
2014-08-21,002584,16.39,16.4,16.48,16.24,19400,30496304.0,1.47,0.31,0.05,2.17,0.240000000000002
2014-08-22,002584,16.35,16.68,16.69,16.35,21371,33914174.0,2.07,1.71,0.28,2.39,0.33999999999999986
2014-08-25,002584,16.7,17.69,18.04,16.48,82176,137787053.0,9.35,6.06,1.01,9.17,1.5599999999999987
2014-08-26,002584,17.65,17.61,17.75,17.09,40461,67925623.0,3.73,-0.45,-0.08,4.52,0.6600000000000001
2014-08-27,002584,17.45,17.76,17.82,17.45,27360,46600024.0,2.1,0.85,0.15,3.05,0.370000000000001
2014-08-28,002584,17.71,17.73,18.46,17.65,29285,50694734.0,4.56,-0.17,-0.03,3.27,0.8100000000000023
2014-08-29,002584,17.66,17.58,17.81,17.13,27262,45507769.0,3.84,-0.85,-0.15,3.04,0.6799999999999997
2014-09-01,002584,17.49,17.65,17.78,17.35,24418,41363533.0,2.45,0.4,0.07,2.73,0.4299999999999997
2014-09-02,002584,17.61,17.9,18.0,17.52,36920,63277520.0,2.72,1.42,0.25,4.12,0.4800000000000004
2014-09-03,002584,17.89,18.03,18.12,17.69,31887,55074285.0,2.4,0.73,0.13,3.56,0.4299999999999997
2014-09-04,002584,18.06,17.93,18.13,17.83,21145,36679270.0,1.66,-0.55,-0.1,2.36,0.3000000000000007
2014-09-05,002584,17.84,17.84,18.11,17.83,17638,30478188.0,1.56,-0.5,-0.09,1.97,0.28000000000000114
2014-09-09,002584,17.84,18.21,18.41,17.81,31705,55642953.0,3.36,2.07,0.37,3.54,0.6000000000000014
2014-09-10,002584,18.21,18.01,18.62,17.87,25658,44758123.0,4.12,-1.1,-0.2,2.86,0.75
2014-09-11,002584,18.0,17.6,18.11,17.53,28093,48204019.0,3.22,-2.28,-0.41,3.14,0.5799999999999983
2014-09-12,002584,17.55,18.01,18.1,17.55,49848,86051747.0,3.13,2.33,0.41,5.56,0.5500000000000007
2014-09-15,002584,18.09,18.55,18.57,17.74,38354,67370944.0,4.61,3.0,0.54,4.28,0.8300000000000018
2014-09-16,002584,18.68,18.28,18.94,17.84,41996,75132110.0,5.93,-1.46,-0.27,4.69,1.1000000000000014
2014-09-17,002584,18.07,18.98,19.11,18.07,44644,79769148.0,5.69,3.83,0.7,4.98,1.0399999999999991
2014-09-18,002584,19.11,20.37,20.73,18.81,67071,128409956.0,10.12,7.32,1.39,7.49,1.9200000000000017
2014-09-19,002584,20.28,20.14,20.28,19.85,26136,50697456.0,2.11,-1.13,-0.23,2.92,0.4299999999999997
2014-10-28,002584,20.63,20.64,21.48,18.79,83587,163789528.0,13.36,2.48,0.5,9.33,2.6900000000000013
2014-10-29,002584,20.73,22.64,22.64,20.58,80050,170761089.0,9.98,9.69,2.0,8.94,2.0600000000000023
2014-10-30,002584,22.92,23.52,23.91,22.63,55427,125576200.0,5.65,3.89,0.88,6.19,1.2800000000000011
2014-10-31,002584,23.59,22.99,23.62,22.52,43184,96323915.0,4.68,-2.25,-0.53,4.82,1.1000000000000014
2014-11-03,002584,22.83,22.44,22.98,22.08,44319,96653863.0,3.91,-2.39,-0.55,4.95,0.9000000000000021
2014-11-04,002584,22.38,22.07,22.83,21.73,36328,78801599.0,4.9,-1.65,-0.37,4.06,1.0999999999999979
2014-11-05,002584,21.9,22.25,22.39,21.83,15905,34139322.0,2.54,0.82,0.18,1.78,0.5600000000000023
2014-11-06,002584,22.13,23.53,24.02,22.13,43240,97559151.0,8.49,5.75,1.28,4.83,1.8900000000000006
2014-11-07,002584,23.53,24.23,24.82,23.07,49278,116424053.0,7.44,2.97,0.7,5.5,1.75
2014-11-10,002584,24.09,24.32,25.14,23.46,22810,53979008.0,6.93,0.37,0.09,2.55,1.6799999999999997
2014-11-11,002584,24.13,22.98,24.51,22.52,29866,67173516.0,8.18,-5.51,-1.34,3.33,1.990000000000002
2014-11-12,002584,23.03,23.23,23.54,22.63,19335,43580680.0,3.96,1.09,0.25,2.16,0.9100000000000001
2014-11-13,002584,23.23,22.17,23.32,21.76,24407,53022919.0,6.72,-4.56,-1.06,2.72,1.5599999999999987
2014-11-14,002584,22.29,23.13,23.29,21.93,18388,40680171.0,6.13,4.33,0.96,2.05,1.3599999999999994
2014-11-17,002584,23.63,23.52,24.08,22.73,20335,46523859.0,5.84,1.69,0.39,2.27,1.3499999999999979
2014-11-18,002584,23.32,24.29,24.66,23.32,26955,63058707.0,5.7,3.27,0.77,3.01,1.3399999999999999
2014-11-19,002584,24.32,24.28,24.57,24.02,12828,30380446.0,2.26,-0.04,-0.01,1.43,0.5500000000000007
2014-11-20,002584,24.27,23.83,24.28,23.5,10148,23552638.0,3.21,-1.85,-0.45,1.13,0.7800000000000011
2014-11-21,002584,23.58,23.79,23.98,23.51,7969,18375685.0,1.97,-0.17,-0.04,0.89,0.46999999999999886
2014-11-24,002584,23.83,23.39,24.05,23.2,17222,39294035.0,3.57,-1.68,-0.4,1.92,0.8500000000000014
2014-11-25,002584,23.53,22.63,23.53,22.41,25981,57702553.0,4.79,-3.25,-0.76,2.9,1.120000000000001
2014-11-26,002584,22.75,22.73,23.11,22.39,19809,43656461.0,3.18,0.44,0.1,2.21,0.7199999999999989
2014-11-27,002584,22.76,22.7,23.29,22.58,26818,59655211.0,3.12,-0.13,-0.03,2.99,0.7100000000000009
2014-11-28,002584,22.69,22.68,22.96,22.34,22713,49925978.0,2.73,-0.09,-0.02,2.54,0.620000000000001
2014-12-01,002584,22.68,21.9,22.68,21.73,24277,51799767.0,4.19,-3.44,-0.78,2.71,0.9499999999999993
2014-12-02,002584,21.92,21.93,22.3,21.53,36327,77236958.0,3.52,0.14,0.03,4.06,0.7699999999999996
2014-12-03,002584,21.93,21.49,22.07,21.13,29496,61489244.0,4.29,-2.01,-0.44,3.29,0.9400000000000013
2014-12-04,002584,21.54,22.38,22.6,21.54,37367,80447768.0,4.93,4.14,0.89,4.17,1.0600000000000023
2014-12-05,002584,22.36,21.39,22.36,20.23,34124,70725135.0,9.52,-4.42,-0.99,3.81,2.129999999999999
2014-12-08,002584,21.53,20.83,21.62,20.78,24047,48954881.0,3.93,-2.62,-0.56,2.68,0.8399999999999999
2014-12-09,002584,20.63,19.91,21.11,19.84,25430,50484817.0,6.1,-4.42,-0.92,2.84,1.2699999999999996
2014-12-10,002584,19.9,20.22,20.29,19.43,23907,45985075.0,4.32,1.56,0.31,2.67,0.8599999999999994
2014-12-11,002584,20.23,20.87,21.0,20.08,20039,39554752.0,4.55,3.21,0.65,2.24,0.9200000000000017
2014-12-12,002584,20.82,22.28,22.28,20.61,55804,116117348.0,8.0,6.76,1.41,6.23,1.6700000000000017
2014-12-15,002584,22.11,23.12,23.17,21.79,54292,120836574.0,6.19,3.77,0.84,6.06,1.3800000000000026
2014-12-16,002584,23.12,22.23,23.12,21.96,27030,58340204.0,5.02,-3.85,-0.89,3.02,1.1600000000000001
2014-12-17,002584,22.08,20.69,22.08,20.63,45665,92897036.0,6.52,-6.93,-1.54,5.1,1.4499999999999993
2014-12-18,002584,20.66,20.26,20.83,20.12,41273,81677563.0,3.43,-2.08,-0.43,4.61,0.7099999999999973
2014-12-19,002584,20.13,19.51,20.31,19.34,23993,45648223.0,4.79,-3.7,-0.75,2.68,0.9699999999999989
2014-12-22,002584,19.51,18.71,19.51,18.24,25257,45701627.0,6.51,-4.1,-0.8,2.82,1.2700000000000031
2014-12-23,002584,18.61,18.74,19.49,18.13,20124,36650025.0,7.27,0.16,0.03,2.25,1.3599999999999994
2014-12-24,002584,19.02,18.89,19.18,18.73,12703,23310409.0,2.4,0.8,0.15,1.42,0.4499999999999993
2014-12-25,002584,19.03,18.83,19.08,18.42,19265,34880839.0,3.49,-0.32,-0.06,2.15,0.6599999999999966
2014-12-26,002584,18.71,18.53,18.76,18.5,16701,30004886.0,1.38,-1.59,-0.3,1.86,0.26000000000000156
2014-12-29,002584,18.51,17.71,18.52,17.43,30891,52744048.0,5.88,-4.43,-0.82,3.45,1.0899999999999999
2014-12-30,002584,17.75,17.33,17.81,16.8,32777,54192965.0,5.7,-2.15,-0.38,3.66,1.009999999999998
2014-12-31,002584,17.36,17.22,17.49,16.98,19844,32897848.0,2.94,-0.63,-0.11,2.12,0.509999999999998
2015-01-05,002584,17.31,17.32,17.41,16.64,30276,49401248.0,4.47,0.58,0.1,3.23,0.7699999999999996
2015-01-06,002584,17.18,18.18,18.19,17.18,32240,54982798.0,5.83,4.97,0.86,3.44,1.0100000000000016
2015-01-07,002584,18.1,17.89,18.39,17.73,23008,39860548.0,3.63,-1.6,-0.29,2.45,0.6600000000000001
2015-01-08,002584,17.84,18.43,18.49,17.77,26178,46168920.0,4.02,3.02,0.54,2.79,0.7199999999999989
2015-01-09,002584,18.43,18.51,19.07,18.23,23807,42995623.0,4.56,0.43,0.08,2.54,0.8399999999999999
2015-01-12,002584,18.11,18.11,18.32,17.84,13557,23619124.0,2.59,-2.16,-0.4,1.45,0.4800000000000004
2015-01-13,002584,17.85,18.77,18.95,17.85,18522,33251254.0,6.07,3.64,0.66,1.97,1.0999999999999979
2015-01-14,002584,18.62,18.81,19.1,18.46,15114,27549792.0,3.41,0.21,0.04,1.61,0.6400000000000006
2015-01-15,002584,18.81,18.67,19.13,18.53,8812,16019404.0,3.19,-0.74,-0.14,0.94,0.5999999999999979
2015-01-16,002584,18.68,18.78,18.96,18.53,9440,17074976.0,2.3,0.59,0.11,1.01,0.4299999999999997
2015-01-19,002584,18.48,17.88,18.67,17.29,18333,32076460.0,7.35,-4.79,-0.9,1.95,1.3800000000000026
2015-01-20,002584,17.79,18.91,19.11,17.79,27853,49998924.0,7.38,5.76,1.03,2.97,1.3200000000000003
2015-01-21,002584,19.05,19.83,19.91,18.82,31149,59071377.0,5.76,4.87,0.92,3.32,1.0899999999999999
2015-01-22,002584,19.86,19.98,20.25,19.51,18589,36010654.0,3.73,0.76,0.15,1.98,0.7399999999999984
2015-01-23,002584,20.09,19.5,20.11,19.46,15348,29168022.0,3.25,-2.4,-0.48,1.64,0.6499999999999986
2015-01-26,002584,19.63,19.98,20.08,19.53,11788,22690648.0,2.82,2.46,0.48,1.26,0.5499999999999972
2015-01-27,002584,20.0,19.58,20.24,19.23,22053,42043909.0,5.06,-2.0,-0.4,2.35,1.009999999999998
2015-01-28,002584,19.43,20.02,20.12,19.39,14755,28405474.0,3.73,2.25,0.44,1.57,0.7300000000000004
2015-01-29,002584,19.84,19.68,20.02,19.53,11270,21499868.0,2.45,-1.7,-0.34,1.2,0.48999999999999844
2015-01-30,002584,19.98,19.56,20.18,19.53,12103,23246569.0,3.3,-0.61,-0.12,1.29,0.6499999999999986
2015-02-02,002584,19.5,18.96,19.76,18.93,13332,24887026.0,4.24,-3.07,-0.6,1.42,0.8300000000000018
2015-02-03,002584,19.04,19.72,19.73,19.04,10547,19950388.0,3.64,4.01,0.76,1.12,0.6900000000000013
2015-02-04,002584,19.63,19.32,19.81,19.27,9490,17939168.0,2.74,-2.03,-0.4,1.01,0.5399999999999991
2015-02-05,002584,19.32,19.5,19.7,19.24,10775,20218613.0,2.38,0.93,0.18,1.15,0.46000000000000085
2015-02-06,002584,19.43,18.89,19.51,18.84,13488,24747622.0,3.44,-3.13,-0.61,1.44,0.6700000000000017
2015-02-09,002584,18.83,18.07,18.91,17.93,14344,25398381.0,5.19,-4.34,-0.82,1.53,0.9800000000000004
2015-02-10,002584,18.07,18.5,18.51,18.04,9743,17313529.0,2.6,2.38,0.43,1.04,0.4700000000000024
2015-02-11,002584,18.73,19.02,19.21,18.54,16931,30964732.0,3.62,2.81,0.52,1.81,0.6700000000000017
2015-02-12,002584,19.05,18.97,19.11,18.88,6713,12336023.0,1.21,-0.26,-0.05,0.72,0.23000000000000043
2015-02-13,002584,18.97,19.35,19.43,18.96,9484,17672804.0,2.48,2.0,0.38,1.01,0.46999999999999886
2015-02-16,002584,19.48,21.22,21.22,19.48,63658,128413504.0,8.99,9.66,1.87,6.79,1.7399999999999984
2015-02-17,002584,21.53,21.4,21.93,21.23,45372,94971425.0,3.3,0.85,0.18,4.84,0.6999999999999993
2015-02-25,002584,21.63,22.09,22.09,21.18,35560,74880398.0,4.25,3.22,0.69,3.79,0.9100000000000001
2015-02-26,002584,21.92,21.57,22.29,21.47,21361,45214787.0,3.71,-2.35,-0.52,2.28,0.8200000000000003
2015-02-27,002584,21.15,21.17,21.54,21.11,24638,50802985.0,1.99,-1.85,-0.4,2.63,0.4299999999999997
2015-03-02,002584,21.15,21.69,21.87,21.15,27064,56778801.0,3.4,2.46,0.52,2.89,0.7200000000000024
2015-03-03,002584,21.79,21.65,21.91,21.23,24772,51856318.0,3.14,-0.18,-0.04,2.64,0.6799999999999997
2015-03-04,002584,21.62,21.82,22.09,21.62,22281,47314993.0,2.17,0.79,0.17,2.38,0.46999999999999886
2015-03-05,002584,22.08,21.71,22.09,21.38,23459,49356798.0,3.25,-0.5,-0.11,2.5,0.7100000000000009
2015-03-06,002584,21.68,22.23,22.58,21.44,34515,74001703.0,5.25,2.4,0.52,3.68,1.139999999999997
2015-03-09,002584,22.24,22.03,22.38,21.38,29359,62009612.0,4.5,-0.9,-0.2,3.13,1.0
2015-03-10,002584,22.43,22.06,22.48,21.94,17691,38094515.0,2.45,0.14,0.03,1.89,0.5399999999999991
2015-03-11,002584,22.06,22.5,22.51,21.53,28181,60583848.0,4.44,1.99,0.44,3.0,0.9800000000000004
2015-03-12,002584,22.52,22.35,22.61,22.15,18271,39668183.0,2.04,-0.67,-0.15,1.95,0.46000000000000085
2015-03-13,002584,22.33,22.4,22.57,22.09,16584,35988368.0,2.15,0.22,0.05,1.77,0.4800000000000004
2015-03-16,002584,22.62,23.66,24.01,22.44,44481,101138397.0,7.01,5.63,1.26,4.74,1.5700000000000003
2015-03-17,002584,23.48,23.59,24.06,23.36,29322,67312077.0,2.96,-0.3,-0.07,3.13,0.6999999999999993
2015-03-18,002584,23.53,23.77,23.78,23.33,22651,52076026.0,1.91,0.76,0.18,2.42,0.45000000000000284
2015-03-19,002584,23.77,23.88,24.68,23.76,24644,58120035.0,3.87,0.46,0.11,2.63,0.9199999999999982
2015-03-20,002584,24.16,25.12,25.12,24.11,38651,92508705.0,4.23,5.19,1.24,4.12,1.0100000000000016
2015-03-23,002584,25.13,25.65,26.21,25.13,41360,103378787.0,4.3,2.11,0.53,4.41,1.0800000000000018
2015-03-24,002584,25.6,26.79,27.04,25.13,71924,184435682.0,7.45,4.44,1.14,7.67,1.9100000000000001
2015-03-25,002584,26.93,28.62,28.89,26.93,92914,255010324.0,7.32,6.83,1.83,9.91,1.9600000000000009
2015-03-26,002584,28.43,28.23,30.13,27.53,68628,193830481.0,9.08,-1.36,-0.39,7.32,2.599999999999998
2015-03-27,002584,27.73,29.71,29.83,27.63,47439,134316068.0,7.79,5.24,1.48,5.06,2.1999999999999993
2015-03-30,002584,29.91,28.63,30.06,27.38,63546,177923284.0,9.02,-3.64,-1.08,6.78,2.6799999999999997
2015-03-31,002584,28.32,28.47,29.13,26.63,59555,164093572.0,8.73,-0.56,-0.16,6.35,2.5
2015-04-01,002584,28.46,29.92,30.57,28.14,64004,186129736.0,8.54,5.09,1.45,6.82,2.4299999999999997
2015-04-02,002584,30.31,32.85,32.85,30.31,17273,55204247.0,8.49,9.79,2.93,1.84,2.5400000000000027
2015-04-03,002584,36.07,36.07,36.07,36.07,9647,34188897.0,0.0,9.8,3.22,1.03,0.0
2015-04-07,002584,37.63,35.79,38.07,34.33,82464,289163824.0,10.37,-0.78,-0.28,8.79,3.740000000000002
2015-04-08,002584,35.83,35.78,36.33,33.96,54833,190790183.0,6.62,-0.03,-0.01,5.85,2.3699999999999974
2015-04-09,002584,35.63,36.03,37.48,34.14,51750,183416834.0,9.33,0.7,0.25,5.52,3.3399999999999963
2015-04-10,002584,36.76,39.57,39.57,34.63,42398,158565167.0,13.71,9.83,3.54,4.52,4.939999999999998
2015-04-13,002584,41.49,43.27,43.46,41.43,120053,509133216.0,5.13,9.35,3.7,12.8,2.030000000000001
2015-04-14,002584,42.11,42.22,44.22,41.69,55757,235697942.0,5.85,-2.43,-1.05,5.95,2.530000000000001
2015-04-15,002584,41.63,38.06,42.12,38.06,65948,252907878.0,9.62,-9.85,-4.16,7.03,4.059999999999995
2015-04-16,002584,37.62,40.53,41.69,34.69,53436,210720000.0,18.39,6.49,2.47,5.7,7.0
2015-04-17,002584,41.58,39.11,42.39,38.74,35574,140489733.0,9.01,-3.5,-1.42,3.79,3.6499999999999986
2015-04-20,002584,37.65,37.11,38.21,35.64,56795,204378706.0,6.57,-5.11,-2.0,6.06,2.5700000000000003
2015-04-21,002584,36.71,38.48,38.57,36.19,48970,179365647.0,6.41,3.69,1.37,5.22,2.3800000000000026
2015-04-22,002584,38.39,38.53,39.5,38.05,38014,144858486.0,3.77,0.13,0.05,4.05,1.4500000000000028
2015-04-23,002584,38.14,38.83,41.11,38.13,49580,192173789.0,7.73,0.78,0.3,5.29,2.979999999999997
2015-04-24,002584,38.14,38.18,39.08,37.23,25510,96018620.0,4.76,-1.67,-0.65,2.72,1.8500000000000014
2015-04-27,002584,38.18,37.73,38.93,37.31,27130,101743107.0,4.24,-1.18,-0.45,2.89,1.6199999999999974
2015-04-28,002584,36.64,35.9,37.7,34.13,37991,134279597.0,9.46,-4.85,-1.83,4.05,3.5700000000000003
2015-04-29,002584,35.88,37.33,38.15,34.58,43696,158817793.0,9.94,3.98,1.43,4.66,3.5700000000000003
2015-04-30,002584,36.79,41.0,41.0,36.79,49538,195115890.0,11.28,9.83,3.67,5.28,4.210000000000001
2015-05-04,002584,41.62,38.83,41.62,38.61,45326,176488060.0,7.34,-5.29,-2.17,4.83,3.009999999999998
2015-05-05,002584,38.83,37.38,39.03,37.23,29746,110642068.0,4.64,-3.73,-1.45,3.17,1.8000000000000043
2015-05-06,002584,37.31,37.38,39.13,36.86,43407,162807253.0,6.07,0.0,0.0,4.63,2.270000000000003
2015-05-07,002584,37.61,40.14,40.63,37.46,70720,272815952.0,8.48,7.38,2.76,7.54,3.1700000000000017
2015-05-08,002584,41.22,44.09,44.09,40.37,64490,272328640.0,9.27,9.84,3.95,6.88,3.720000000000006
2015-05-11,002584,46.73,48.44,48.44,46.73,42357,201242810.0,3.88,9.87,4.35,4.52,1.7100000000000009
2015-05-12,002584,53.13,53.22,53.22,48.63,52608,272472944.0,9.48,9.87,4.78,5.61,4.589999999999996
2015-05-13,002584,53.22,58.48,58.48,53.22,31540,177364570.0,9.88,9.88,5.26,3.36,5.259999999999998
2015-05-14,002584,61.63,63.29,64.27,55.63,47592,295151888.0,14.77,8.23,4.81,5.07,8.639999999999993
2015-05-15,002584,60.76,63.63,66.13,57.23,46928,285760640.0,14.06,0.54,0.34,5.0,8.899999999999999
2015-05-18,002584,61.23,64.89,66.63,59.67,43306,271872560.0,10.94,1.98,1.26,4.62,6.959999999999994
2015-05-19,002584,64.83,64.6,65.93,61.13,39510,247441609.0,7.4,-0.45,-0.29,4.21,4.800000000000004
2015-05-20,002584,64.63,70.13,71.0,64.63,39367,267147767.0,9.86,8.56,5.53,4.2,6.3700000000000045
2015-05-21,002584,69.59,72.74,76.06,67.73,56621,405757200.0,11.88,3.72,2.61,6.04,8.329999999999998
2015-05-22,002584,72.51,73.03,73.48,67.63,33884,239274114.0,8.04,0.4,0.29,3.61,5.8500000000000085
2015-05-25,002584,71.14,67.24,71.18,65.79,68493,454390304.0,7.38,-7.93,-5.79,7.3,5.390000000000001
2015-05-26,002584,65.63,66.39,67.59,61.53,65983,418720976.0,9.01,-1.26,-0.85,7.04,6.060000000000002
2015-05-27,002584,65.63,64.75,66.03,63.45,33142,212325048.0,3.89,-2.47,-1.64,3.53,2.5799999999999983
2015-05-28,002584,64.26,62.63,64.43,59.62,36235,224377523.0,7.43,-3.27,-2.12,3.86,4.810000000000009
2015-05-29,002584,62.78,63.22,64.4,60.86,37435,232670762.0,5.65,0.94,0.59,3.99,3.5400000000000063
2015-06-01,002584,63.2,67.96,68.13,62.64,49651,322910240.0,8.68,7.5,4.74,5.29,5.489999999999995
2015-06-02,002584,66.87,66.67,68.87,64.67,34548,230041255.0,6.18,-1.9,-1.29,3.68,4.200000000000003
2015-06-03,002584,66.69,64.59,66.69,62.35,36943,235034795.0,6.51,-3.12,-2.08,3.94,4.339999999999996
2015-06-04,002584,64.27,70.98,70.98,62.37,38252,249628093.0,13.33,9.89,6.39,4.08,8.610000000000007
2015-06-05,002584,73.17,75.67,78.01,73.17,66605,499299056.0,6.82,6.61,4.69,7.1,4.840000000000003
2015-06-08,002584,71.02,69.47,74.02,68.17,45594,312598928.0,7.73,-8.19,-6.2,4.86,5.849999999999994
2015-06-09,002584,68.67,62.59,68.67,62.59,28762,179221558.0,8.75,-9.9,-6.88,3.07,6.079999999999998
2015-06-10,002584,60.72,63.61,67.27,59.3,43228,276417040.0,12.73,1.63,1.02,4.61,7.969999999999999
2015-06-11,002584,65.17,63.6,67.87,61.57,41828,265535942.0,9.9,-0.02,-0.01,4.46,6.300000000000004
2015-06-12,002584,63.11,62.77,63.43,60.35,34984,214232174.0,4.84,-1.31,-0.83,3.73,3.0799999999999983
2015-06-15,002584,61.67,56.6,62.17,56.56,39356,229246597.0,8.94,-9.83,-6.17,4.2,5.609999999999999
2015-06-16,002584,55.48,51.01,55.63,51.01,48820,250906747.0,8.16,-9.88,-5.59,5.21,4.6200000000000045
2015-06-17,002584,51.02,54.18,55.17,50.85,54745,287560320.0,8.47,6.21,3.17,5.84,4.32
2015-06-18,002584,55.67,53.42,56.85,53.22,52694,286666608.0,6.7,-1.4,-0.76,5.62,3.6300000000000026
2015-06-19,002584,51.67,48.15,53.07,48.15,51377,255549976.0,9.21,-9.87,-5.27,5.48,4.920000000000002
2015-06-23,002584,48.57,47.67,50.57,43.56,42880,201319894.0,14.56,-1.0,-0.48,4.57,7.009999999999998
2015-06-24,002584,48.27,46.91,49.47,44.74,52240,240818266.0,9.92,-1.59,-0.76,5.57,4.729999999999997
2015-06-25,002584,46.82,43.12,46.91,42.34,66080,290526176.0,9.74,-8.08,-3.79,7.05,4.569999999999993
2015-06-26,002584,42.17,38.88,42.17,38.88,55443,214266712.0,7.63,-9.83,-4.24,5.91,3.289999999999999
2015-06-29,002584,38.47,35.06,38.6,35.06,52614,184466269.0,9.1,-9.83,-3.82,5.61,3.539999999999999
2015-06-30,002584,33.17,37.27,37.62,31.62,94425,320534064.0,17.11,6.3,2.21,9.17,5.9999999999999964
2015-07-01,002584,36.16,33.61,38.58,33.61,62577,225104621.0,13.34,-9.82,-3.66,6.08,4.969999999999999
2015-07-02,002584,30.75,30.32,33.61,30.32,69526,208879045.0,9.79,-9.79,-3.29,6.76,3.289999999999999
2015-07-03,002584,27.94,27.36,31.05,27.36,72035,198731001.0,12.17,-9.76,-2.96,7.0,3.6900000000000013
2015-07-06,002584,30.02,24.98,30.02,24.69,71919,188110094.0,19.48,-8.7,-2.38,6.99,5.329999999999998
2015-07-07,002584,23.67,22.55,23.67,22.55,26720,59336122.0,4.48,-9.73,-2.43,2.6,1.120000000000001
2015-07-21,002584,24.74,24.74,24.74,24.74,146,351422.0,0.0,9.71,2.19,0.01,0.0
2015-07-22,002584,27.15,27.15,27.15,27.15,462,1223455.0,0.0,9.74,2.41,0.04,0.0
2015-07-23,002584,29.8,29.8,29.8,29.8,694,2021651.0,0.0,9.76,2.65,0.07,0.0
2015-07-24,002584,32.71,32.71,32.71,32.71,2458,7874182.0,0.0,9.77,2.91,0.24,0.0
2015-07-27,002584,35.91,35.91,35.91,34.69,196654,692347552.0,3.73,9.78,3.2,19.11,1.2199999999999989
2015-07-28,002584,32.57,32.73,36.47,32.52,138871,460632800.0,11.0,-8.86,-3.18,13.49,3.9499999999999957
2015-07-29,002584,33.47,35.92,35.94,30.29,107732,343564352.0,17.26,9.75,3.19,10.47,5.649999999999999
2015-07-30,002584,36.17,36.5,39.45,35.09,125931,465794480.0,12.14,1.61,0.58,12.24,4.359999999999999
2015-07-31,002584,35.85,37.65,38.87,35.72,85576,316823056.0,8.63,3.15,1.15,8.31,3.1499999999999986
2015-08-03,002584,35.85,33.95,35.85,33.95,58763,198771293.0,5.05,-9.83,-3.7,5.71,1.8999999999999986
2015-08-04,002584,33.1,36.66,37.28,30.95,80455,270072000.0,18.65,7.98,2.71,7.82,6.330000000000002
2015-08-05,002584,36.67,35.02,36.87,34.45,55397,192889623.0,6.6,-4.47,-1.64,5.38,2.4199999999999946
2015-08-06,002584,32.67,33.24,34.85,32.6,33837,112059690.0,6.42,-5.08,-1.78,3.29,2.25
2015-08-07,002584,34.62,33.89,34.87,33.25,46902,156591001.0,4.87,1.96,0.65,4.56,1.6199999999999974
2015-08-10,002584,33.89,37.21,37.21,33.69,65144,228549607.0,10.39,9.8,3.32,6.33,3.520000000000003
2015-08-11,002584,37.82,39.9,40.77,37.67,97608,375910496.0,8.33,7.23,2.69,9.48,3.1000000000000014
2015-08-12,002584,38.67,37.21,40.46,37.21,66521,253258623.0,8.15,-6.74,-2.69,6.46,3.25
2015-08-13,002584,37.27,38.87,38.87,36.68,46901,174916756.0,5.89,4.46,1.66,4.56,2.1899999999999977
2015-08-14,002584,39.34,39.63,40.65,37.63,64533,250046886.0,7.77,1.96,0.76,6.27,3.019999999999996
2015-08-17,002584,39.37,41.84,43.01,38.67,53997,218469654.0,10.95,5.58,2.21,5.25,4.339999999999996
2015-08-18,002584,41.67,37.72,41.77,37.72,52686,205642588.0,9.68,-9.85,-4.12,5.12,4.050000000000004
2015-08-19,002584,36.22,38.59,39.51,34.02,70741,248533914.0,14.55,2.31,0.87,6.87,5.489999999999995
2015-08-20,002584,37.64,35.17,38.33,35.17,36247,130472428.0,8.19,-8.86,-3.42,3.52,3.1599999999999966
2015-08-21,002584,35.17,32.17,36.17,32.17,34377,113940006.0,11.37,-8.53,-3.0,3.34,4.0
2015-08-24,002584,30.17,29.02,30.17,29.02,15450,44043196.0,3.57,-9.79,-3.15,1.5,1.1500000000000021
2015-08-25,002584,26.19,26.19,26.19,26.19,16684,42577568.0,0.0,-9.75,-2.83,1.62,0.0
2015-08-26,002584,26.19,23.64,27.13,23.64,55342,133070624.0,13.33,-9.74,-2.55,5.38,3.4899999999999984
2015-08-27,002584,24.38,24.67,25.17,22.67,37212,86975316.0,10.58,4.36,1.03,3.62,2.5
2015-08-28,002584,25.11,26.85,26.97,24.97,38450,97115267.0,8.11,8.84,2.18,3.74,2.0
2015-08-31,002584,26.87,25.38,26.87,25.35,35189,88399921.0,5.66,-5.47,-1.47,3.42,1.5199999999999996
2015-09-01,002584,25.26,22.91,25.26,22.91,33895,78802904.0,9.26,-9.73,-2.47,3.29,2.3500000000000014
2015-09-02,002584,20.75,21.46,23.65,20.75,30574,64969667.0,12.66,-6.33,-1.45,2.97,2.8999999999999986
2015-09-07,002584,21.67,22.57,22.97,21.67,25541,55549202.0,6.06,5.17,1.11,2.48,1.2999999999999972
2015-09-08,002584,22.67,24.76,24.76,21.77,27843,63259231.0,13.25,9.7,2.19,2.71,2.990000000000002
2015-09-09,002584,25.67,26.58,27.07,25.55,35902,92271109.0,6.14,7.35,1.82,3.49,1.5199999999999996
2015-09-10,002584,25.67,26.38,27.06,25.67,23787,61773868.0,5.23,-0.75,-0.2,2.31,1.389999999999997
2015-09-11,002584,26.38,26.55,26.97,26.18,16562,42972866.0,2.99,0.64,0.17,1.61,0.7899999999999991
2015-09-14,002584,26.75,23.96,27.12,23.96,21787,53447355.0,11.9,-9.76,-2.59,2.12,3.16
2015-09-15,002584,22.36,21.79,23.61,21.7,17141,37291766.0,7.97,-9.06,-2.17,1.67,1.9100000000000001
2015-09-16,002584,21.9,23.87,23.9,21.9,15551,34564851.0,9.18,9.55,2.08,1.51,2.0
2015-09-17,002584,23.67,23.83,25.17,23.51,23745,56407936.0,6.95,-0.17,-0.04,2.31,1.6600000000000001
2015-09-18,002584,23.94,23.68,24.46,23.49,17990,41696740.0,4.07,-0.63,-0.15,1.75,0.9700000000000024
2015-09-21,002584,23.44,25.67,25.77,23.17,35764,86834417.0,10.98,8.4,1.99,3.47,2.599999999999998
2015-09-22,002584,26.06,26.07,26.65,25.28,30143,76623711.0,5.34,1.56,0.4,2.93,1.3699999999999974
2015-09-23,002584,25.45,25.64,26.06,25.18,18061,45025840.0,3.38,-1.65,-0.43,1.75,0.879999999999999
2015-09-24,002584,25.64,26.1,26.35,25.64,17373,44066840.0,2.77,1.79,0.46,1.69,0.7100000000000009
2015-09-25,002584,26.06,24.75,26.54,24.25,23736,58991598.0,8.77,-5.17,-1.35,2.31,2.289999999999999
2015-09-28,002584,24.78,25.63,25.63,24.17,13537,33068973.0,5.9,3.56,0.88,1.32,1.4599999999999973
2015-09-29,002584,24.92,25.08,25.5,24.82,8820,21579682.0,2.65,-2.15,-0.55,0.86,0.6799999999999997
2015-09-30,002584,25.22,25.86,26.1,25.22,18811,47197724.0,3.51,3.11,0.78,1.83,0.8800000000000026
2015-10-08,002584,26.96,28.38,28.38,26.67,16302,44093325.0,6.61,9.74,2.52,1.58,1.7099999999999973
2015-10-09,002584,29.17,29.79,30.96,28.83,52976,154318888.0,7.51,4.97,1.41,5.15,2.1300000000000026
2015-10-12,002584,29.5,31.58,31.96,29.47,32520,98441677.0,8.36,6.01,1.79,3.16,2.490000000000002
2015-10-13,002584,31.51,31.19,31.9,30.77,22317,68179496.0,3.58,-1.23,-0.39,2.17,1.129999999999999
2015-10-14,002584,31.17,30.47,31.4,30.33,20592,61936138.0,3.43,-2.31,-0.72,2.0,1.0700000000000003
2015-10-15,002584,30.17,31.4,31.47,29.88,31988,96779318.0,5.22,3.05,0.93,3.11,1.5899999999999999
2015-10-16,002584,31.47,31.99,33.13,31.27,44188,139741202.0,5.92,1.88,0.59,4.29,1.860000000000003
2015-10-19,002584,32.17,31.39,32.17,30.78,30521,93625546.0,4.35,-1.88,-0.6,2.97,1.3900000000000006
2015-10-20,002584,31.39,32.09,32.45,31.17,34091,106740491.0,4.08,2.23,0.7,3.31,1.2800000000000011
2015-10-21,002584,31.77,31.67,33.87,30.67,82394,261785114.0,9.97,-1.31,-0.42,8.01,3.1999999999999957
2015-10-22,002584,31.68,34.77,34.77,31.65,85483,286283104.0,9.85,9.79,3.1,8.31,3.1200000000000045
2015-10-23,002584,36.5,38.18,38.18,35.34,109000,398974384.0,8.17,9.81,3.41,10.59,2.8399999999999963
2015-10-26,002584,39.57,39.55,40.06,36.29,88376,331134016.0,9.87,3.59,1.37,8.59,3.770000000000003
2015-10-27,002584,38.67,42.17,43.17,37.78,72098,284430080.0,13.63,6.62,2.62,7.0,5.390000000000001
2015-10-28,002584,41.57,38.67,42.17,38.29,65810,259331589.0,9.2,-8.3,-3.5,6.39,3.8800000000000026
2015-10-29,002584,38.57,38.74,40.27,37.18,54102,207040981.0,7.99,0.18,0.07,5.26,3.0900000000000034
2015-10-30,002584,38.57,39.29,40.66,37.17,52589,200217014.0,9.01,1.42,0.55,5.11,3.489999999999995
2015-11-02,002584,37.87,36.49,39.31,35.93,47712,177169165.0,8.6,-7.13,-2.8,4.64,3.3800000000000026
2015-11-03,002584,36.5,36.22,38.07,35.77,40238,144832087.0,6.3,-0.74,-0.27,3.91,2.299999999999997
2015-11-04,002584,36.21,39.12,39.19,36.21,50258,188734953.0,8.23,8.01,2.9,4.88,2.979999999999997
2015-11-05,002584,39.12,38.07,40.54,37.57,48020,183941944.0,7.59,-2.68,-1.05,4.67,2.969999999999999
2015-11-06,002584,38.16,39.66,39.95,37.97,42716,164608816.0,5.2,4.18,1.59,4.15,1.980000000000004
2015-11-09,002584,39.27,43.56,43.56,39.27,103280,433177040.0,10.82,9.83,3.9,10.03,4.289999999999999
2015-11-10,002584,43.67,43.86,46.32,42.57,55904,243116966.0,8.61,0.69,0.3,5.43,3.75
2015-11-11,002584,43.77,45.57,46.57,42.35,53725,236869465.0,9.62,3.9,1.71,5.22,4.219999999999999
2015-11-12,002584,45.07,44.61,46.57,43.97,37750,166525731.0,5.71,-2.11,-0.96,3.67,2.6000000000000014
2015-11-13,002584,43.87,49.0,49.0,43.87,107528,510865024.0,11.5,9.84,4.39,10.45,5.130000000000003
2015-11-16,002584,47.56,49.68,50.94,47.05,54421,260172167.0,7.94,1.39,0.68,5.29,3.8900000000000006
2015-11-17,002584,49.47,48.15,52.17,47.85,47632,235785939.0,8.7,-3.08,-1.53,4.63,4.32
2015-11-18,002584,47.69,46.47,48.67,45.68,38009,177219436.0,6.21,-3.49,-1.68,3.69,2.990000000000002
2015-11-19,002584,46.47,47.91,48.02,46.19,27534,127525770.0,3.94,3.1,1.44,2.68,1.8300000000000054
2015-11-20,002584,47.9,48.1,48.91,47.27,30007,142279269.0,3.42,0.4,0.19,2.92,1.6399999999999935
2015-11-23,002584,48.27,47.55,49.69,47.39,38753,185943999.0,4.78,-1.14,-0.55,3.77,2.299999999999997
2015-11-24,002584,47.62,46.27,48.02,45.05,31678,144299651.0,6.25,-2.69,-1.28,3.08,2.970000000000006
2015-11-25,002584,46.24,48.09,48.5,45.88,42738,199444575.0,5.66,3.93,1.82,4.15,2.6199999999999974
2015-11-26,002584,48.25,47.57,49.16,47.31,26283,124802994.0,3.85,-1.08,-0.52,2.55,1.8499999999999943
2015-11-27,002584,47.6,47.16,49.66,43.2,48301,226027585.0,13.58,-0.86,-0.41,4.69,6.459999999999994
2015-11-30,002584,47.13,46.09,47.67,43.17,31204,140596586.0,9.54,-2.27,-1.07,3.03,4.5
2015-12-01,002584,50.63,50.63,50.63,50.63,8184,40887264.0,0.0,9.85,4.54,0.8,0.0
2015-12-02,002584,54.67,51.67,54.67,48.35,125484,645966960.0,12.48,2.05,1.04,12.19,6.32
2015-12-03,002584,50.67,56.15,56.77,49.69,101074,535303296.0,13.7,8.67,4.48,9.82,7.080000000000005
2015-12-04,002584,54.67,56.5,58.67,54.33,80155,445987552.0,7.73,0.62,0.35,7.79,4.340000000000003
2015-12-07,002584,55.77,56.49,57.57,55.23,48816,271731616.0,4.14,-0.02,-0.01,4.74,2.3400000000000034
2015-12-08,002584,55.67,52.72,56.37,52.67,62024,329794160.0,6.55,-6.67,-3.77,6.03,3.6999999999999957
2015-12-09,002584,53.55,53.22,54.96,52.76,46532,246712831.0,4.17,0.95,0.5,4.52,2.200000000000003
2015-12-10,002584,53.22,51.49,53.35,50.75,34795,178577962.0,4.89,-3.25,-1.73,3.38,2.6000000000000014
2015-12-11,002584,51.66,52.97,54.97,51.66,44608,236455039.0,6.43,2.87,1.48,4.33,3.3100000000000023
2015-12-14,002584,52.1,52.57,52.6,50.68,24968,126906050.0,3.62,-0.76,-0.4,2.43,1.9200000000000017
2015-12-15,002584,52.95,52.27,53.96,51.98,29785,155634758.0,3.77,-0.57,-0.3,2.89,1.980000000000004
2015-12-16,002584,53.0,56.03,57.11,52.17,63425,343322816.0,9.45,7.19,3.76,6.16,4.939999999999998
2015-12-17,002584,56.47,58.03,60.46,55.17,79390,454015760.0,9.44,3.57,2.0,7.71,5.289999999999999
2015-12-18,002584,57.17,56.23,57.55,55.74,48503,271125536.0,3.12,-3.1,-1.8,4.71,1.8099999999999952
2015-12-21,002584,55.67,55.93,57.24,55.52,26886,150060439.0,3.06,-0.53,-0.3,2.61,1.7199999999999989
2015-12-22,002584,56.65,55.45,56.66,54.42,33790,183811976.0,4.01,-0.86,-0.48,3.28,2.239999999999995
2015-12-23,002584,55.37,53.97,55.45,53.95,34550,185816916.0,2.71,-2.67,-1.48,3.36,1.5
2015-12-24,002584,53.84,53.76,54.44,53.07,21184,112199821.0,2.54,-0.39,-0.21,2.06,1.3699999999999974
2015-12-25,002584,54.33,54.07,55.23,53.39,27369,146484136.0,3.42,0.58,0.31,2.66,1.8399999999999963
2015-12-28,002584,54.2,51.47,54.27,51.47,34153,178040016.0,5.18,-4.81,-2.6,3.32,2.8000000000000043
2015-12-29,002584,51.58,47.77,52.05,46.77,79669,380882288.0,10.26,-7.19,-3.7,7.74,5.279999999999994
2015-12-30,002584,48.17,49.85,50.25,47.7,53912,262261416.0,5.34,4.35,2.08,5.24,2.549999999999997
2015-12-31,002584,49.94,50.27,51.47,48.26,46756,231781904.0,6.44,0.84,0.42,4.54,3.210000000000001
2016-01-04,002584,49.68,45.38,49.68,45.35,24794,115848130.0,8.61,-9.73,-4.89,2.41,4.329999999999998
2016-01-05,002584,44.27,44.32,47.17,42.67,29824,130774991.0,9.92,-2.34,-1.06,2.9,4.5
2016-01-06,002584,44.67,45.43,46.17,44.25,33267,148497437.0,4.33,2.5,1.11,3.23,1.9200000000000017
2016-01-07,002584,44.86,40.95,44.87,40.95,6338,26415052.0,8.63,-9.86,-4.48,0.62,3.9199999999999946
2016-01-08,002584,41.67,40.5,42.76,37.67,36966,147781592.0,12.43,-1.1,-0.45,3.59,5.089999999999996
2016-01-11,002584,39.87,36.52,40.84,36.52,41692,154524161.0,10.67,-9.83,-3.98,4.05,4.32
2016-01-12,002584,36.75,36.52,37.5,34.33,35688,125541198.0,8.68,0.0,0.0,3.47,3.1700000000000017
2016-01-13,002584,36.97,34.28,36.97,34.28,23312,81979475.0,7.37,-6.13,-2.24,2.26,2.6899999999999977
2016-01-14,002584,31.87,35.53,35.74,31.77,34488,114796104.0,11.58,3.65,1.25,3.35,3.9700000000000024
2016-01-15,002584,35.37,32.17,35.37,32.04,27162,89985234.0,9.37,-9.46,-3.36,2.64,3.3299999999999983
2016-01-18,002584,31.55,34.57,35.32,30.79,34244,114230344.0,14.08,7.46,2.4,3.33,4.530000000000001
2016-01-19,002584,34.47,36.94,37.27,33.97,35326,123891432.0,9.55,6.86,2.37,3.43,3.3000000000000043
2016-01-20,002584,36.67,38.39,39.49,36.39,45838,171436347.0,8.39,3.93,1.45,4.45,3.1000000000000014
2016-01-21,002584,36.81,36.85,39.15,36.81,34006,126719983.0,6.1,-4.01,-1.54,3.3,2.3399999999999963
2016-01-22,002584,37.51,37.89,38.17,36.37,26284,96300642.0,4.88,2.82,1.04,2.55,1.8000000000000043
2016-01-25,002584,38.66,38.07,39.25,37.47,25547,96607821.0,4.7,0.48,0.18,2.48,1.7800000000000011
2016-01-26,002584,37.37,34.33,37.53,34.33,36598,126927577.0,8.41,-9.82,-3.74,3.56,3.200000000000003
2016-01-27,002584,34.27,32.17,34.28,30.96,51692,160944943.0,9.67,-6.29,-2.16,5.02,3.3200000000000003
2016-01-28,002584,31.62,29.13,31.67,29.13,27869,82898519.0,7.9,-9.45,-3.04,2.71,2.5400000000000027
2016-01-29,002584,28.77,30.74,31.33,28.76,37423,109284558.0,8.82,5.53,1.61,3.64,2.5699999999999967
2016-02-01,002584,30.5,29.55,31.17,28.8,46314,136715616.0,7.71,-3.87,-1.19,4.5,2.370000000000001
2016-02-02,002584,29.55,31.57,32.15,29.55,32322,98942662.0,8.8,6.84,2.02,3.14,2.599999999999998
2016-02-03,002584,30.77,31.74,31.92,30.63,28077,85672571.0,4.09,0.54,0.17,2.73,1.2900000000000027
2016-02-04,002584,32.37,32.57,32.92,31.82,41567,132143270.0,3.47,2.61,0.83,4.04,1.1000000000000014
2016-02-05,002584,32.99,31.75,33.1,31.73,26734,85016272.0,4.21,-2.52,-0.82,2.6,1.370000000000001
2016-02-15,002584,29.67,31.85,31.97,29.56,19371,58942094.0,7.59,0.31,0.1,1.88,2.41
2016-02-16,002584,31.89,33.93,34.14,31.89,29250,95224204.0,7.06,6.53,2.08,2.84,2.25
2016-02-17,002584,33.77,34.98,35.17,33.5,34666,116801114.0,4.92,3.09,1.05,3.37,1.6700000000000017
2016-02-18,002584,35.27,34.33,35.35,34.27,41684,142374562.0,3.09,-1.86,-0.65,4.05,1.0799999999999983
2016-02-19,002584,34.29,34.22,34.55,33.68,28042,93845016.0,2.53,-0.32,-0.11,2.72,0.8699999999999974
2016-02-22,002584,34.68,35.13,35.21,34.2,42353,143687293.0,2.95,2.66,0.91,4.11,1.009999999999998
2016-02-23,002584,34.9,34.69,36.2,34.42,48524,167923494.0,5.07,-1.25,-0.44,4.71,1.7800000000000011
2016-02-24,002584,34.57,34.12,35.22,32.78,36019,119446307.0,7.03,-1.64,-0.57,3.5,2.4399999999999977
2016-02-25,002584,33.87,30.78,33.87,30.78,34714,108405253.0,9.06,-9.79,-3.34,3.37,3.0899999999999963
2016-02-26,002584,30.95,29.68,31.36,29.29,29959,88424283.0,6.73,-3.57,-1.1,2.91,2.0700000000000003
2016-02-29,002584,29.68,27.34,29.77,26.78,33027,88791395.0,10.07,-7.88,-2.34,3.21,2.9899999999999984
2016-03-01,002584,27.39,28.0,28.32,26.18,25351,68200268.0,7.83,2.41,0.66,2.46,2.1400000000000006
2016-03-02,002584,28.05,29.67,29.67,27.67,23006,64549006.0,7.14,5.96,1.67,2.24,2.0
2016-03-03,002584,29.76,29.28,30.32,28.95,24443,71110528.0,4.62,-1.31,-0.39,2.37,1.370000000000001
2016-03-04,002584,29.17,27.54,29.57,27.37,24573,67708261.0,7.51,-5.94,-1.74,2.39,2.1999999999999993
2016-03-07,002584,27.93,28.49,29.26,27.67,20328,56674772.0,5.77,3.45,0.95,1.98,1.5899999999999999
2016-03-08,002584,28.41,29.65,29.92,26.87,28872,80577091.0,10.71,4.07,1.16,2.81,3.0500000000000007
2016-03-09,002584,29.11,29.97,30.47,28.15,38146,111425687.0,7.82,1.08,0.32,3.71,2.3200000000000003
2016-03-10,002584,30.27,28.95,30.32,28.73,20142,58201519.0,5.31,-3.4,-1.02,1.96,1.5899999999999999
2016-03-11,002584,28.2,29.03,29.51,27.8,18943,53114077.0,5.91,0.28,0.08,1.84,1.7100000000000009
2016-03-14,002584,29.22,31.33,31.87,29.22,38555,116710766.0,9.13,7.92,2.3,3.75,2.650000000000002
2016-03-15,002584,32.21,31.51,33.45,31.39,49139,155210089.0,6.58,0.57,0.18,4.77,2.0600000000000023
2016-03-16,002584,31.42,30.47,31.93,29.88,29493,88744531.0,6.51,-3.3,-1.04,2.87,2.0500000000000007
2016-03-17,002584,30.57,32.23,32.77,30.57,41948,131007788.0,7.22,5.78,1.76,4.08,2.200000000000003
2016-03-18,002584,32.17,34.17,34.87,32.17,44423,146599299.0,8.38,6.02,1.94,4.32,2.6999999999999957
2016-03-21,002584,34.92,34.82,35.21,34.27,43074,146823124.0,2.75,1.9,0.65,4.18,0.9399999999999977
2016-03-22,002584,34.03,36.19,37.45,34.03,55388,195130853.0,9.82,3.93,1.37,5.38,3.4200000000000017
2016-03-23,002584,35.87,39.74,39.74,35.82,72081,268031233.0,10.83,9.81,3.55,7.0,3.9200000000000017
2016-03-24,002584,39.74,41.57,43.17,39.44,132339,536860224.0,9.39,4.6,1.83,12.86,3.730000000000004
2016-03-25,002584,40.47,38.57,41.32,37.54,82846,319781232.0,9.09,-7.22,-3.0,8.05,3.780000000000001
2016-03-28,002584,38.68,37.28,39.14,36.79,63499,236820016.0,6.09,-3.34,-1.29,6.17,2.3500000000000014
2016-03-29,002584,37.77,36.68,37.77,36.18,45002,162854535.0,4.27,-1.61,-0.6,4.37,1.5900000000000034
2016-03-30,002584,37.05,40.28,40.28,37.05,74467,283012880.0,8.81,9.81,3.6,7.23,3.230000000000004
2016-03-31,002584,40.67,39.79,41.47,39.37,66554,264351490.0,5.21,-1.22,-0.49,6.47,2.1000000000000014
2016-04-01,002584,39.25,39.52,39.67,38.68,42910,164793573.0,2.49,-0.68,-0.27,4.17,0.990000000000002
2016-04-05,002584,39.33,41.19,41.62,39.33,49983,200616238.0,5.79,4.23,1.67,4.86,2.289999999999999
2016-04-06,002584,41.07,42.84,43.17,40.55,61198,251129753.0,6.36,4.01,1.65,5.95,2.6200000000000045
2016-04-07,002584,43.08,40.81,43.08,40.73,62550,255533727.0,5.49,-4.74,-2.03,6.08,2.3500000000000014
2016-04-08,002584,39.67,39.52,40.17,38.47,46467,179466915.0,4.17,-3.16,-1.29,4.51,1.7000000000000028
2016-04-11,002584,40.02,41.02,42.57,39.95,57096,232173414.0,6.63,3.8,1.5,5.55,2.6199999999999974
2016-04-12,002584,40.7,40.83,41.55,39.52,48918,194724838.0,4.95,-0.46,-0.19,4.75,2.029999999999994
2016-04-13,002584,41.17,40.85,41.91,40.67,43000,174483663.0,3.04,0.05,0.02,4.18,1.2399999999999949
2016-04-14,002584,41.07,41.53,41.87,40.88,29890,121531934.0,2.42,1.66,0.68,2.9,0.9899999999999949
2016-04-15,002584,41.47,40.73,41.62,40.23,25217,101052404.0,3.35,-1.93,-0.8,2.45,1.3900000000000006
2016-04-18,002584,40.17,38.92,40.17,38.75,37420,144362273.0,3.49,-4.44,-1.81,3.64,1.4200000000000017
2016-04-19,002584,39.3,38.43,39.56,37.57,40331,152485177.0,5.11,-1.26,-0.49,3.92,1.990000000000002
2016-04-20,002584,39.37,38.97,40.0,35.67,48210,181176765.0,11.27,1.41,0.54,4.68,4.329999999999998
2016-04-21,002584,38.55,37.74,38.87,37.67,24575,92415183.0,3.08,-3.16,-1.23,2.39,1.1999999999999957
2016-04-22,002584,37.29,38.67,38.67,37.01,22393,83418138.0,4.4,2.46,0.93,2.18,1.6600000000000037
2016-04-25,002584,38.87,38.07,38.92,37.57,18124,67927372.0,3.49,-1.55,-0.6,1.76,1.3500000000000014
2016-04-26,002584,38.07,38.14,38.54,37.35,29510,110468689.0,3.13,0.18,0.07,2.87,1.1899999999999977
2016-04-27,002584,38.22,36.62,38.69,36.34,105759,152610945.0,6.16,-3.99,-1.52,4.11,2.3499999999999943
2016-04-28,002584,36.62,36.24,37.32,35.54,73429,104681221.0,4.86,-1.04,-0.38,2.85,1.7800000000000011
2016-04-29,002584,35.77,35.72,36.94,35.52,55718,78826079.0,3.92,-1.43,-0.52,2.17,1.4199999999999946
2016-05-03,002584,35.42,36.82,36.89,35.42,71442,101799545.0,4.12,3.08,1.1,2.78,1.4699999999999989
2016-05-04,002584,36.77,36.49,36.89,35.34,67717,96810994.0,4.21,-0.9,-0.33,2.63,1.5499999999999972
2016-05-05,002584,36.29,38.52,38.97,35.97,136610,201064732.0,8.22,5.56,2.03,5.31,3.0
2016-05-06,002584,38.52,35.89,38.64,35.77,126491,184353691.0,7.45,-6.83,-2.63,4.92,2.8699999999999974
2016-05-09,002584,35.47,32.84,35.47,32.62,71790,94246755.0,7.94,-8.5,-3.05,2.79,2.8500000000000014
2016-05-10,002584,32.97,32.89,33.37,32.17,37135,47751467.0,3.65,0.15,0.05,1.44,1.1999999999999957
2016-05-11,002584,33.29,32.47,33.42,32.42,36321,46726169.0,3.04,-1.28,-0.42,1.41,1.0
2016-05-12,002584,31.72,31.72,31.89,30.79,47391,57866379.0,3.39,-2.31,-0.75,1.84,1.1000000000000014
2016-05-13,002584,31.72,30.97,32.42,30.52,57445,70573637.0,5.99,-2.36,-0.75,2.23,1.9000000000000021
2016-05-16,002584,30.99,31.54,31.69,30.57,42280,51629592.0,3.62,1.84,0.57,1.64,1.120000000000001
2016-05-17,002584,31.77,32.54,32.87,31.17,69439,87230279.0,5.39,3.17,1.0,2.7,1.6999999999999957
2016-05-18,002584,32.27,30.89,32.27,30.59,50183,61008225.0,5.16,-5.07,-1.65,1.95,1.6800000000000033
2016-05-19,002584,31.14,31.04,31.67,31.02,37009,45245811.0,2.1,0.49,0.15,1.44,0.6500000000000021
2016-05-20,002584,30.77,31.17,31.37,30.32,39674,47783700.0,3.38,0.42,0.13,1.54,1.0500000000000007
2016-05-23,002584,31.69,31.52,31.72,31.17,41011,50388249.0,1.76,1.12,0.35,1.59,0.5499999999999972
2016-05-24,002584,31.44,30.99,31.62,30.89,29670,36081848.0,2.32,-1.68,-0.53,1.15,0.7300000000000004
2016-05-25,002584,34.02,34.02,34.02,34.02,77362,102891553.0,0.0,9.78,3.03,3.01,0.0
2016-05-26,002584,34.24,33.09,34.24,31.77,168195,216432095.0,7.26,-2.73,-0.93,6.54,2.4700000000000024
2016-05-27,002584,32.44,32.17,32.74,32.04,79135,100034473.0,2.12,-2.78,-0.92,3.08,0.7000000000000028
2016-05-30,002584,31.67,31.32,31.97,31.07,44876,55338047.0,2.8,-2.64,-0.85,1.74,0.8999999999999986
2016-05-31,002584,31.37,33.59,33.69,31.37,114810,146591178.0,7.41,7.25,2.27,4.46,2.3199999999999967
2016-06-01,002584,34.27,33.74,35.42,33.57,149568,200543610.0,5.51,0.45,0.15,5.81,1.8500000000000014
2016-06-02,002584,33.69,36.27,36.92,33.09,198816,273511584.0,11.35,7.5,2.53,7.73,3.8299999999999983
2016-06-03,002584,35.77,36.22,36.72,35.47,154665,218894617.0,3.45,-0.14,-0.05,6.01,1.25
2016-06-06,002584,35.04,34.84,35.64,33.72,169356,230549029.0,5.3,-3.81,-1.38,6.58,1.9200000000000017
2016-06-07,002584,34.49,35.94,36.12,34.02,113913,156688197.0,6.03,3.16,1.1,4.43,2.0999999999999943
2016-06-08,002584,35.49,35.49,35.87,34.89,65692,90931628.0,2.73,-1.25,-0.45,2.55,0.9799999999999969
2016-06-13,002584,35.04,33.22,35.47,33.17,73582,99026170.0,6.48,-6.4,-2.27,2.86,2.299999999999997
2016-06-14,002584,32.77,32.57,33.49,31.89,63711,81406000.0,4.82,-1.96,-0.65,2.48,1.6000000000000014
2016-06-15,002584,32.34,33.59,33.99,31.84,63299,82673721.0,6.6,3.13,1.02,2.46,2.150000000000002
2016-06-16,002584,33.64,33.02,34.12,32.92,52054,68059912.0,3.57,-1.7,-0.57,2.02,1.1999999999999957
2016-06-17,002584,33.22,34.12,35.07,33.22,85063,114040293.0,5.6,3.33,1.1,3.31,1.8500000000000014
2016-06-20,002584,33.62,33.94,34.14,33.27,57583,75811268.0,2.55,-0.53,-0.18,2.24,0.8699999999999974
2016-06-21,002584,34.04,33.44,34.74,33.09,61304,81556220.0,4.86,-1.47,-0.5,2.38,1.6499999999999986
2016-06-22,002584,33.49,33.47,33.64,32.52,76559,99009458.0,3.35,0.09,0.03,2.98,1.1199999999999974
2016-06-23,002584,33.09,33.07,33.34,32.52,56636,73023412.0,2.45,-1.2,-0.4,2.2,0.8200000000000003
2016-06-24,002584,33.22,32.54,33.54,31.29,79770,102287558.0,6.8,-1.6,-0.53,3.1,2.25
2016-06-27,002584,32.27,33.22,33.52,32.02,60876,78678617.0,4.61,2.09,0.68,2.37,1.5
2016-06-28,002584,33.24,34.89,35.34,33.09,126735,171364583.0,6.77,5.03,1.67,4.93,2.25
2016-06-29,002584,34.52,34.42,35.22,34.22,79119,106823689.0,2.87,-1.35,-0.47,3.07,1.0
2016-06-30,002584,34.47,34.04,34.57,33.72,51974,69120811.0,2.47,-1.1,-0.38,2.0,0.8500000000000014
2016-07-01,002584,33.94,33.97,34.42,33.42,49862,66277866.0,2.94,-0.21,-0.07,1.92,1.0
2016-07-04,002584,33.77,34.34,34.62,33.67,66198,88553344.0,2.8,1.09,0.37,2.55,0.9499999999999957
2016-07-05,002584,34.47,34.29,34.62,34.09,48894,65580980.0,1.54,-0.15,-0.05,1.88,0.529999999999994
2016-07-06,002584,34.32,34.39,34.54,34.07,55212,73926023.0,1.37,0.29,0.1,2.13,0.46999999999999886
2016-07-07,002584,34.42,34.94,35.39,34.19,93586,127816096.0,3.49,1.6,0.55,3.61,1.2000000000000028
2016-07-08,002584,34.92,35.29,35.74,34.19,95553,131229279.0,4.44,1.0,0.35,3.68,1.5500000000000043
2016-07-11,002584,34.69,34.82,36.09,34.54,93973,129734246.0,4.39,-1.33,-0.47,3.62,1.5500000000000043
2016-07-12,002584,34.77,35.42,35.47,34.49,67084,92044408.0,2.81,1.72,0.6,2.59,0.9799999999999969
2016-07-13,002584,35.49,35.92,35.99,35.22,82940,115361525.0,2.17,1.41,0.5,3.2,0.7700000000000031
2016-07-14,002584,35.69,35.64,36.02,35.32,72685,101105355.0,1.95,-0.78,-0.28,2.8,0.7000000000000028
2016-07-15,002584,35.64,35.32,35.67,35.04,54327,75058249.0,1.77,-0.9,-0.32,2.09,0.6300000000000026
2016-07-18,002584,35.32,35.22,35.59,34.82,49883,68661645.0,2.18,-0.28,-0.1,1.92,0.7700000000000031
2016-07-19,002584,35.47,35.84,35.99,35.07,67982,94548374.0,2.61,1.76,0.62,2.62,0.9200000000000017
2016-07-20,002584,35.84,35.67,36.07,35.52,56241,78628134.0,1.53,-0.47,-0.17,2.17,0.5499999999999972
2016-07-21,002584,35.62,35.42,35.84,35.32,44572,62004733.0,1.46,-0.7,-0.25,1.72,0.5200000000000031
2016-07-22,002584,35.27,34.79,35.59,34.77,43900,60222424.0,2.32,-1.78,-0.63,1.69,0.8200000000000003
2016-07-25,002584,34.74,34.79,35.09,34.54,37461,51042485.0,1.58,0.0,0.0,1.44,0.5500000000000043
2016-07-26,002584,34.72,35.39,35.39,34.59,38078,52282290.0,2.3,1.72,0.6,1.47,0.7999999999999972
2016-07-27,002584,35.47,33.22,35.52,32.82,83906,111636727.0,7.63,-6.13,-2.17,3.23,2.700000000000003
2016-07-28,002584,33.24,32.37,33.39,31.99,54442,69344884.0,4.21,-2.56,-0.85,2.1,1.4000000000000021
2016-07-29,002584,32.42,32.29,32.72,32.12,31063,39280192.0,1.85,-0.25,-0.08,1.2,0.6000000000000014
2016-08-01,002584,32.24,31.52,32.49,31.14,32603,40162797.0,4.18,-2.38,-0.77,1.26,1.3500000000000014
2016-08-02,002584,31.52,31.72,31.87,31.29,20825,25738890.0,1.84,0.63,0.2,0.8,0.5800000000000018
2016-08-03,002584,31.77,32.39,32.64,31.72,39858,50162348.0,2.9,2.11,0.67,1.54,0.9200000000000017
2016-08-04,002584,32.64,32.39,32.64,31.87,29124,36684738.0,2.38,0.0,0.0,1.12,0.7699999999999996
2016-08-05,002584,32.39,32.22,32.44,32.02,20328,25552711.0,1.3,-0.52,-0.17,0.78,0.4199999999999946
2016-08-08,002584,32.22,32.32,32.37,31.74,21446,26867243.0,1.96,0.31,0.1,0.83,0.629999999999999
2016-08-09,002584,32.32,34.42,34.57,32.29,72881,95473618.0,7.05,6.5,2.1,2.81,2.280000000000001
2016-08-10,002584,34.09,34.27,34.94,34.04,69678,93665534.0,2.61,-0.44,-0.15,2.69,0.8999999999999986
2016-08-11,002584,34.27,33.42,34.27,33.14,48876,64354082.0,3.3,-2.48,-0.85,1.88,1.1300000000000026
2016-08-12,002584,33.67,33.87,34.19,33.22,30850,40780969.0,2.9,1.35,0.45,1.19,0.9699999999999989
2016-08-15,002584,33.97,34.27,34.62,33.47,40219,53763853.0,3.4,1.18,0.4,1.55,1.1499999999999986
2016-08-16,002584,34.27,34.62,34.77,34.07,52567,71003998.0,2.04,1.02,0.35,2.03,0.7000000000000028
2016-08-17,002584,34.52,35.39,35.54,34.34,93112,127927732.0,3.47,2.22,0.77,3.59,1.1999999999999957
2016-08-18,002584,35.22,34.94,35.84,34.82,61889,85275630.0,2.88,-1.27,-0.45,2.39,1.0200000000000031
2016-08-19,002584,34.94,34.77,35.17,34.42,44617,60607100.0,2.15,-0.49,-0.17,1.72,0.75
2016-08-22,002584,34.82,36.79,38.02,34.82,204896,293123504.0,9.2,5.81,2.02,7.9,3.200000000000003
2016-08-23,002584,36.77,36.79,37.62,36.19,128956,186555637.0,3.89,0.0,0.0,4.97,1.4299999999999997
2016-08-24,002584,36.52,38.89,38.89,36.47,203234,302481808.0,6.58,5.71,2.1,7.83,2.4200000000000017
2016-08-25,002584,39.12,41.74,42.14,38.02,275002,432668640.0,10.59,7.33,2.85,10.6,4.119999999999997
2016-08-26,002584,41.24,41.14,41.49,39.82,222542,354567472.0,4.0,-1.44,-0.6,8.58,1.6700000000000017
2016-08-29,002584,40.52,38.82,41.14,38.62,173786,269596640.0,6.13,-5.64,-2.32,6.7,2.520000000000003
2016-08-30,002584,39.34,39.34,39.92,38.57,113689,174818683.0,3.48,1.34,0.52,4.38,1.3500000000000014
2016-08-31,002584,39.34,39.32,39.82,38.52,106168,162726336.0,3.3,-0.05,-0.02,4.09,1.2999999999999972
2016-09-01,002584,39.09,37.67,39.29,37.49,141878,212817470.0,4.58,-4.2,-1.65,5.47,1.7999999999999972
2016-09-02,002584,37.92,38.02,38.42,37.39,80822,120321177.0,2.73,0.93,0.35,3.12,1.0300000000000011
2016-09-05,002584,38.02,38.74,39.19,37.89,91832,139570430.0,3.42,1.89,0.72,3.54,1.2999999999999972
2016-09-06,002584,38.84,38.52,38.84,37.47,80091,119810681.0,3.54,-0.57,-0.22,3.09,1.3700000000000045
2016-09-07,002584,38.49,40.44,40.77,37.99,183807,283518064.0,7.22,4.98,1.92,7.08,2.780000000000001
2016-09-08,002584,39.77,40.52,41.02,39.59,137302,217293340.0,3.54,0.2,0.08,5.29,1.4299999999999997
2016-09-09,002584,40.47,40.47,42.12,40.14,224307,364093600.0,4.89,-0.12,-0.05,8.65,1.9799999999999969
2017-03-02,002584,36.49,36.49,36.49,36.49,29493,42145497.0,0.0,-9.83,-3.98,1.14,0.0
2017-03-03,002584,33.77,35.89,38.17,33.77,514034,720349696.0,12.06,-1.64,-0.6,19.81,4.399999999999999
2017-03-06,002584,35.44,36.77,37.89,35.39,349289,498131504.0,6.97,2.45,0.88,13.46,2.5
2017-03-07,002584,36.14,36.64,37.19,35.82,230576,329654016.0,3.73,-0.35,-0.13,8.89,1.3699999999999974
2017-03-08,002584,36.64,37.47,38.44,36.59,294194,432346864.0,5.05,2.27,0.83,11.34,1.8499999999999943
2017-03-09,002584,37.44,41.14,41.14,37.07,553998,859370944.0,10.86,9.79,3.67,21.35,4.07
2017-03-10,002584,41.02,40.77,43.62,40.19,891666,1456502192.0,8.34,-0.9,-0.37,34.37,3.4299999999999997
2017-03-13,002584,40.24,38.37,40.27,37.77,581374,882784064.0,6.13,-5.89,-2.4,22.41,2.5
2017-03-14,002584,37.99,38.27,38.69,37.59,315688,472520640.0,2.87,-0.26,-0.1,12.17,1.0999999999999943
2017-03-15,002584,38.09,37.29,38.27,37.14,273338,402510144.0,2.95,-2.56,-0.98,10.54,1.1300000000000026
2017-03-16,002584,37.22,37.34,38.07,37.17,181168,267227381.0,2.41,0.13,0.05,6.98,0.8999999999999986
2017-03-17,002584,37.32,35.77,37.54,35.64,363154,516767632.0,5.09,-4.2,-1.57,14.0,1.8999999999999986
2017-03-20,002584,35.77,35.07,35.97,34.82,189736,261373460.0,3.21,-1.96,-0.7,7.31,1.1499999999999986
2017-03-21,002584,35.07,35.49,35.59,34.92,117074,161806043.0,1.91,1.2,0.42,4.51,0.6700000000000017
2017-03-22,002584,35.39,36.12,36.44,35.07,224380,315064544.0,3.86,1.78,0.63,8.65,1.3699999999999974
2017-03-23,002584,36.12,36.12,36.37,35.59,174056,245479205.0,2.16,0.0,0.0,6.71,0.779999999999994
2017-03-24,002584,36.14,36.02,36.22,35.79,120706,170177588.0,1.19,-0.28,-0.1,4.65,0.4299999999999997
2017-03-27,002584,36.02,35.42,36.19,35.37,111063,155299344.0,2.28,-1.67,-0.6,4.28,0.8200000000000003
2017-03-28,002584,35.42,35.22,35.54,34.77,68485,94070215.0,2.17,-0.56,-0.2,2.64,0.769999999999996
2017-03-29,002584,35.22,35.79,36.27,34.87,167137,233030804.0,3.98,1.62,0.57,6.44,1.4000000000000057
2017-03-30,002584,35.74,36.44,36.59,33.27,290723,410364736.0,9.28,1.82,0.65,11.21,3.3200000000000003
2017-03-31,002584,36.24,35.57,36.84,35.57,237498,336523152.0,3.49,-2.39,-0.87,9.15,1.2700000000000031
2017-04-05,002584,35.22,36.64,36.64,34.52,284673,400330672.0,5.96,3.01,1.07,10.97,2.1199999999999974
2017-04-06,002584,36.34,35.69,36.62,35.57,231864,327369184.0,2.87,-2.59,-0.95,8.94,1.0499999999999972
2017-04-07,002584,35.39,35.32,36.22,35.14,123934,172652927.0,3.03,-1.04,-0.37,4.78,1.0799999999999983
2017-04-10,002584,35.02,34.44,35.69,34.02,280795,381126080.0,4.73,-2.49,-0.88,10.82,1.6699999999999946
2017-04-11,002584,34.09,31.94,34.52,31.07,362297,453655248.0,10.02,-7.26,-2.5,13.96,3.450000000000003
2017-04-12,002584,31.32,30.67,31.64,30.54,162693,196751462.0,3.44,-3.98,-1.27,6.27,1.1000000000000014
2017-04-13,002584,30.84,30.02,31.14,28.27,166284,195523860.0,9.36,-2.12,-0.65,6.41,2.870000000000001
2017-04-14,002584,29.77,30.34,30.67,29.32,120128,140524271.0,4.5,1.07,0.32,4.63,1.3500000000000014
2017-04-17,002584,29.97,31.17,31.19,29.72,139286,166476716.0,4.85,2.74,0.83,5.37,1.4700000000000024
2017-04-18,002584,31.14,30.62,31.17,30.62,72218,86967917.0,1.76,-1.76,-0.55,2.78,0.5500000000000007
2017-04-19,002584,30.34,31.87,32.07,30.27,186590,228362428.0,5.88,4.08,1.25,7.19,1.8000000000000007
2017-04-20,002584,31.87,32.29,32.37,31.49,170992,213469682.0,2.76,1.32,0.42,6.59,0.879999999999999
2017-04-21,002584,32.22,33.04,33.57,31.84,153423,196680743.0,5.36,2.32,0.75,5.91,1.7300000000000004
2017-04-24,002584,33.14,32.54,33.27,32.02,115782,147296518.0,3.78,-1.51,-0.5,4.46,1.25
2017-04-25,002584,32.54,32.67,33.29,32.14,93016,119108002.0,3.53,0.4,0.13,3.59,1.1499999999999986
2017-04-26,002584,32.87,32.82,33.09,32.27,70776,90398753.0,2.51,0.46,0.15,2.73,0.8200000000000003
2017-04-27,002584,32.87,33.32,33.37,32.22,91384,117387418.0,3.5,1.52,0.5,3.52,1.1499999999999986
2017-04-28,002584,33.27,32.64,33.44,32.37,69391,88852940.0,3.21,-2.04,-0.68,2.67,1.0700000000000003
2017-05-02,002584,32.69,33.04,33.67,31.14,93538,118147041.0,7.75,1.23,0.4,3.61,2.530000000000001
2017-05-03,002584,33.04,32.99,33.14,32.44,81968,105255446.0,2.12,-0.15,-0.05,3.16,0.7000000000000028
2017-05-04,002584,33.02,32.69,33.07,32.27,40737,51983714.0,2.42,-0.91,-0.3,1.57,0.7999999999999972
2017-05-05,002584,32.64,31.84,32.64,31.64,45373,56692954.0,3.06,-2.6,-0.85,1.75,1.0
2017-05-08,002584,32.24,31.92,32.39,31.27,51800,64309185.0,3.52,0.25,0.08,2.0,1.120000000000001
2017-05-09,002584,32.39,32.17,32.62,31.79,62167,78083493.0,2.6,0.78,0.25,2.4,0.8299999999999983
2017-05-10,002584,32.39,32.87,33.22,32.17,69610,89278252.0,3.26,2.18,0.7,2.68,1.0499999999999972
2017-05-11,002584,32.47,32.82,33.27,31.89,49575,63102934.0,4.2,-0.15,-0.05,1.91,1.3800000000000026
2017-05-12,002584,32.84,32.82,33.14,32.52,25962,33165225.0,1.89,0.0,0.0,1.0,0.6199999999999974
2017-05-15,002584,32.82,32.84,33.39,32.64,28726,36803718.0,2.29,0.06,0.02,1.11,0.75
2017-05-16,002584,32.72,33.39,33.62,32.37,57626,74014744.0,3.81,1.67,0.55,2.22,1.25
2017-05-17,002584,33.24,34.07,34.34,33.09,95382,126058135.0,3.74,2.04,0.68,3.68,1.25
2017-05-18,002584,33.97,34.34,35.87,33.89,80791,109182358.0,5.81,0.79,0.27,3.11,1.9799999999999969
2017-05-19,002584,34.09,33.89,34.09,33.34,57181,74908813.0,2.18,-1.31,-0.45,2.2,0.75
2017-05-22,002584,33.74,33.47,34.39,33.14,38764,50890293.0,3.69,-1.24,-0.42,1.49,1.25
2017-05-23,002584,33.52,32.89,33.62,32.14,62028,79453019.0,4.42,-1.73,-0.58,2.39,1.4799999999999969
2017-05-24,002584,32.79,32.82,32.94,32.39,23118,29429761.0,1.67,-0.21,-0.07,0.89,0.5499999999999972
2017-05-25,002584,33.57,32.84,33.57,32.59,29966,38428852.0,2.99,0.06,0.02,1.16,0.9799999999999969
2017-05-26,002584,33.04,33.14,33.32,32.79,43819,56369161.0,1.61,0.91,0.3,1.69,0.5300000000000011
2017-05-31,002584,33.27,34.89,35.27,33.27,233152,313725040.0,6.04,5.28,1.75,8.99,2.0
2017-06-01,002584,35.02,34.89,35.59,34.42,145495,198565660.0,3.35,0.0,0.0,5.61,1.1700000000000017
2017-06-02,002584,34.54,35.12,35.37,34.39,112873,153231681.0,2.81,0.66,0.23,4.35,0.9799999999999969
2017-06-05,002584,35.14,36.09,37.09,34.67,238815,333840880.0,6.89,2.76,0.97,9.2,2.4200000000000017
2017-06-06,002584,36.14,36.22,36.69,35.69,201126,284795984.0,2.77,0.36,0.13,7.75,1.0
2017-06-07,002584,36.37,37.57,37.99,36.02,263081,379510000.0,5.44,3.73,1.35,10.14,1.9699999999999989
2017-06-08,002584,37.57,36.74,37.57,36.74,127569,184708704.0,2.21,-2.21,-0.83,4.92,0.8299999999999983
2017-06-09,002584,36.77,36.17,36.77,35.42,94542,132724300.0,3.67,-1.55,-0.57,3.64,1.3500000000000014
2017-06-12,002584,35.92,35.89,36.49,35.47,55966,78579074.0,2.82,-0.77,-0.28,2.16,1.0200000000000031
2017-06-13,002584,35.87,36.24,36.39,35.57,57604,81066410.0,2.28,0.98,0.35,2.22,0.8200000000000003
2017-06-14,002584,36.39,35.77,36.39,35.72,47850,67044143.0,1.85,-1.3,-0.47,1.84,0.6700000000000017
2017-06-15,002584,35.77,35.87,36.22,35.42,41331,57746415.0,2.24,0.28,0.1,1.59,0.7999999999999972
2017-06-16,002584,35.87,35.79,36.32,35.59,49338,69192581.0,2.04,-0.22,-0.08,1.9,0.7299999999999969
2017-06-19,002584,35.82,35.97,36.12,35.27,62095,86609906.0,2.37,0.5,0.18,2.39,0.8499999999999943
2017-06-20,002584,35.89,36.32,36.64,35.62,68939,97282192.0,2.84,0.97,0.35,2.66,1.0200000000000031
2017-06-21,002584,36.67,37.07,37.07,36.24,131442,188436396.0,2.29,2.06,0.75,5.07,0.8299999999999983
2017-06-22,002584,37.27,35.74,37.27,35.19,152791,216407484.0,5.61,-3.59,-1.33,5.89,2.0800000000000054
2017-06-23,002584,35.49,35.49,35.84,34.84,54107,74394027.0,2.8,-0.7,-0.25,2.09,1.0
2017-06-26,002584,35.49,35.82,36.09,35.14,73719,101995898.0,2.68,0.93,0.33,2.84,0.9500000000000028
2017-06-27,002584,35.62,35.32,35.82,35.27,52434,72577059.0,1.54,-1.4,-0.5,2.02,0.5499999999999972
2017-06-28,002584,35.27,35.34,35.69,34.47,82500,112126258.0,3.45,0.06,0.02,3.18,1.2199999999999989
2017-06-29,002584,35.29,34.79,35.44,34.79,30872,42228442.0,1.84,-1.56,-0.55,1.19,0.6499999999999986
2017-06-30,002584,34.62,35.32,35.74,34.39,57936,79493629.0,3.88,1.52,0.53,2.01,1.3500000000000014
2017-07-03,002584,35.34,35.02,35.54,34.79,33152,45323763.0,2.12,-0.85,-0.3,1.15,0.75
2017-07-04,002584,35.04,34.97,35.42,34.59,84577,115218933.0,2.37,-0.14,-0.05,2.93,0.8299999999999983
2017-07-05,002584,34.94,35.42,35.79,34.69,66030,90810472.0,3.15,1.29,0.45,2.29,1.1000000000000014
2017-07-06,002584,35.27,34.02,35.42,33.97,67902,91594539.0,4.09,-3.95,-1.4,2.36,1.4500000000000028
2017-07-07,002584,34.19,34.59,35.04,33.84,82545,110674372.0,3.53,1.68,0.57,2.86,1.1999999999999957
2017-07-10,002584,34.59,34.27,34.74,33.99,40103,53597188.0,2.17,-0.93,-0.32,1.39,0.75
2017-07-11,002584,34.37,34.39,34.54,34.02,46597,62354705.0,1.52,0.35,0.12,1.62,0.519999999999996
2017-07-12,002584,34.64,34.69,34.84,33.89,70649,94750657.0,2.76,0.87,0.3,2.45,0.9500000000000028
2017-07-13,002584,34.64,34.89,34.92,34.39,39756,53748242.0,1.53,0.58,0.2,1.38,0.5300000000000011
2017-07-14,002584,35.09,36.34,36.89,34.99,199377,281044976.0,5.45,4.16,1.45,6.92,1.8999999999999986
2017-07-17,002584,36.42,35.72,36.59,35.07,120841,167951540.0,4.18,-1.71,-0.62,4.19,1.5200000000000031
2017-07-18,002584,35.52,34.64,35.57,32.24,160416,211877779.0,9.32,-3.02,-1.08,5.56,3.3299999999999983
2017-07-19,002584,34.64,35.22,35.82,34.17,94336,129068632.0,4.76,1.67,0.58,3.27,1.6499999999999986
2017-07-20,002584,35.24,35.49,36.07,35.09,80454,111439791.0,2.78,0.77,0.27,2.79,0.9799999999999969
2017-07-21,002584,35.39,34.39,35.64,34.39,75528,102931852.0,3.52,-3.1,-1.1,2.62,1.25
2017-07-24,002584,34.44,34.22,34.69,33.89,42062,56062247.0,2.33,-0.49,-0.17,1.46,0.7999999999999972
2017-07-25,002584,34.32,34.77,34.94,34.09,56658,76550055.0,2.48,1.61,0.55,1.97,0.8499999999999943
2017-07-26,002584,34.84,35.34,35.52,34.64,51780,70793761.0,2.53,1.64,0.57,1.8,0.8800000000000026
2017-07-27,002584,35.64,35.29,35.89,35.09,81931,113189404.0,2.26,-0.14,-0.05,2.84,0.7999999999999972
2017-07-28,002584,35.27,35.37,35.47,35.02,32369,44433586.0,1.28,0.23,0.08,1.12,0.44999999999999574
2017-07-31,002584,35.37,35.79,35.92,35.37,71228,99319207.0,1.55,1.19,0.42,2.47,0.5500000000000043
2017-08-01,002584,35.94,37.02,37.17,35.84,170288,244366828.0,3.72,3.44,1.23,5.91,1.3299999999999983
2017-08-02,002584,37.14,36.87,37.77,36.79,181637,264599627.0,2.65,-0.41,-0.15,6.3,0.980000000000004
2017-08-03,002584,36.77,36.24,36.84,36.04,78164,110711327.0,2.17,-1.71,-0.63,2.71,0.8000000000000043
2017-08-04,002584,36.24,36.32,36.64,36.04,62280,88112495.0,1.66,0.22,0.08,2.16,0.6000000000000014
2017-08-07,002584,36.57,36.37,36.57,36.17,55279,78217189.0,1.1,0.14,0.05,1.92,0.3999999999999986
2017-08-08,002584,36.27,36.47,36.99,36.17,43839,62207715.0,2.25,0.27,0.1,1.52,0.8200000000000003
2017-08-09,002584,36.37,36.34,36.49,36.24,31919,45173381.0,0.69,-0.36,-0.13,1.11,0.25
2017-08-10,002584,36.24,36.27,36.29,35.97,50317,70835282.0,0.88,-0.19,-0.07,1.75,0.3200000000000003
2017-08-11,002584,36.22,36.32,36.42,36.04,58959,83359090.0,1.05,0.14,0.05,2.05,0.38000000000000256
2017-08-14,002584,36.32,37.39,37.72,36.12,100514,145221355.0,4.41,2.95,1.07,3.49,1.6000000000000014
2017-08-15,002584,38.09,38.89,39.62,37.42,177001,265751031.0,5.88,4.01,1.5,6.14,2.1999999999999957
2017-08-16,002584,38.77,38.79,39.22,38.64,77481,117645955.0,1.49,-0.26,-0.1,2.69,0.5799999999999983
2017-08-17,002584,38.84,38.74,39.19,38.37,58455,88418107.0,2.11,-0.13,-0.05,2.03,0.8200000000000003
2017-08-18,002584,38.87,38.74,38.97,38.02,55106,82825251.0,2.45,0.0,0.0,1.91,0.9499999999999957
2017-08-21,002584,38.72,38.44,39.04,38.07,62577,93922491.0,2.5,-0.77,-0.3,2.17,0.9699999999999989
2017-08-22,002584,38.37,38.17,38.59,38.07,28198,42122209.0,1.35,-0.7,-0.27,0.98,0.5200000000000031
2017-08-23,002584,37.89,38.69,38.77,37.89,79603,119243803.0,2.31,1.36,0.52,2.76,0.8800000000000026
2017-08-24,002584,38.47,38.77,38.94,38.34,59799,90231011.0,1.55,0.21,0.08,2.07,0.5999999999999943
2017-08-25,002584,38.52,38.99,39.47,38.32,76890,116810221.0,2.97,0.57,0.22,2.67,1.1499999999999986
2017-08-28,002584,38.89,38.14,39.02,37.99,74437,111519653.0,2.64,-2.18,-0.85,2.58,1.0300000000000011
2017-08-29,002584,38.24,38.09,38.32,37.69,62957,93497623.0,1.65,-0.13,-0.05,2.18,0.6300000000000026
2017-08-30,002584,38.09,38.62,39.12,37.74,84404,126674576.0,3.62,1.39,0.53,2.93,1.3799999999999955
2017-08-31,002584,38.52,38.54,38.82,38.32,55221,83169075.0,1.29,-0.21,-0.08,1.92,0.5
2017-09-01,002584,38.54,39.29,39.79,38.52,103547,158872989.0,3.3,1.95,0.75,3.59,1.269999999999996
2017-09-04,002584,39.54,39.17,39.64,38.62,78487,119913387.0,2.6,-0.31,-0.12,2.72,1.0200000000000031
2017-09-05,002584,39.17,40.64,41.14,38.89,186851,293217760.0,5.74,3.75,1.47,6.48,2.25
2017-09-06,002584,40.52,40.27,40.64,40.02,84092,132486353.0,1.53,-0.91,-0.37,2.92,0.6199999999999974
2017-09-07,002584,40.39,39.17,40.49,38.84,158664,246155544.0,4.1,-2.73,-1.1,5.5,1.6499999999999986
2017-09-08,002584,39.17,38.89,39.27,38.49,254132,384542096.0,1.99,-0.71,-0.28,8.82,0.7800000000000011
2017-09-11,002584,38.77,39.54,39.62,38.64,89065,135901983.0,2.52,1.67,0.65,3.09,0.9799999999999969
2017-09-12,002584,39.37,40.47,40.64,39.07,140299,219543251.0,3.97,2.35,0.93,4.87,1.5700000000000003
2017-09-13,002584,40.37,42.02,42.09,40.02,220248,351762544.0,5.11,3.83,1.55,7.64,2.0700000000000003
2017-09-14,002584,41.64,41.57,41.94,41.27,151351,246402920.0,1.59,-1.07,-0.45,5.25,0.6699999999999946
2017-09-15,002584,41.64,42.22,42.44,41.09,157037,256212428.0,3.25,1.56,0.65,5.45,1.3499999999999943
2017-09-18,002584,42.49,42.24,42.92,41.54,79015,130344402.0,3.27,0.05,0.02,2.74,1.3800000000000026
2017-09-19,002584,42.29,41.37,42.67,40.82,100454,162398299.0,4.38,-2.06,-0.87,3.48,1.8500000000000014
2017-09-20,002584,41.14,41.09,42.09,40.77,75944,123083002.0,3.19,-0.68,-0.28,2.63,1.3200000000000003
2017-09-21,002584,41.14,40.19,41.37,40.02,57410,90546791.0,3.29,-2.19,-0.9,1.99,1.3499999999999943
2017-09-22,002584,39.97,39.42,40.02,39.32,78897,121968389.0,1.74,-1.92,-0.77,2.74,0.7000000000000028
2017-09-25,002584,39.42,39.42,39.92,39.34,25262,39086541.0,1.47,0.0,0.0,0.88,0.5799999999999983
2017-09-26,002584,39.52,39.44,39.89,39.24,24898,38487811.0,1.65,0.05,0.02,0.86,0.6499999999999986
2017-09-27,002584,39.44,39.59,39.77,39.39,21201,32813359.0,0.96,0.38,0.15,0.74,0.38000000000000256
2017-09-28,002584,39.59,39.69,39.79,39.34,36681,56677611.0,1.14,0.25,0.1,1.27,0.44999999999999574
2017-09-29,002584,39.39,39.94,39.97,39.39,45209,70188579.0,1.46,0.63,0.25,1.57,0.5799999999999983
2017-10-09,002584,39.94,40.34,40.42,39.67,50214,78531416.0,1.88,1.0,0.4,1.74,0.75
2017-10-10,002584,40.32,40.44,40.62,40.14,32479,51335506.0,1.19,0.25,0.1,1.13,0.4799999999999969
2017-10-11,002584,40.47,40.99,41.39,40.27,48734,78068818.0,2.77,1.36,0.55,1.69,1.1199999999999974
2017-10-12,002584,41.04,40.14,41.14,39.89,33168,52221773.0,3.05,-2.07,-0.85,1.15,1.25
2017-10-13,002584,40.19,40.14,41.19,40.14,25798,40913707.0,2.62,0.0,0.0,0.89,1.0499999999999972
2017-10-16,002584,40.02,39.94,40.14,39.54,44708,69428730.0,1.49,-0.5,-0.2,1.55,0.6000000000000014
2017-10-17,002584,39.77,40.12,40.37,39.77,22245,34857098.0,1.5,0.45,0.18,0.77,0.5999999999999943
2017-10-18,002584,40.19,40.22,40.29,39.97,29667,46554516.0,0.8,0.25,0.1,1.03,0.3200000000000003
2017-10-19,002584,40.22,40.12,40.57,39.97,43534,68453043.0,1.49,-0.25,-0.1,1.51,0.6000000000000014
2017-10-20,002584,40.02,39.72,40.39,39.52,25449,39720900.0,2.17,-1.0,-0.4,0.88,0.8699999999999974
2017-10-23,002584,39.64,40.02,40.42,39.62,33419,52271027.0,2.01,0.76,0.3,1.16,0.8000000000000043
2017-10-24,002584,40.02,40.04,40.34,39.84,26357,41303947.0,1.25,0.05,0.02,0.91,0.5
2017-10-25,002584,40.04,40.67,40.79,39.82,93654,147432889.0,2.42,1.57,0.63,3.25,0.9699999999999989
2017-10-26,002584,40.57,41.52,41.77,40.47,126357,203844109.0,3.2,2.09,0.85,4.38,1.3000000000000043
2017-10-27,002584,41.64,40.84,41.87,40.77,93440,150462857.0,2.65,-1.64,-0.68,3.24,1.0999999999999943
2017-10-30,002584,40.77,39.77,40.89,39.69,80474,126788848.0,2.94,-2.62,-1.07,2.79,1.2000000000000028
2017-10-31,002584,39.77,39.94,40.39,39.72,65740,102830389.0,1.68,0.43,0.17,2.28,0.6700000000000017
2017-11-01,002584,40.02,40.59,40.77,39.77,92520,145703933.0,2.5,1.63,0.65,3.21,1.0
2017-11-02,002584,40.52,40.22,40.94,40.12,76026,120722834.0,2.02,-0.91,-0.37,2.64,0.8200000000000003
2017-11-03,002584,40.27,40.24,40.39,40.04,45354,71271229.0,0.87,0.05,0.02,1.57,0.3500000000000014
2017-11-06,002584,40.12,39.97,40.52,39.77,50142,78512002.0,1.86,-0.67,-0.27,1.74,0.75
2017-11-07,002584,39.97,41.19,41.39,39.89,77257,122886224.0,3.75,3.05,1.22,2.68,1.5
2017-11-08,002584,40.89,41.29,41.69,40.89,68398,110316484.0,1.94,0.24,0.1,2.37,0.7999999999999972
2017-11-09,002584,41.27,41.34,41.77,40.99,95278,154306625.0,1.89,0.12,0.05,3.3,0.7800000000000011
2017-11-10,002584,41.22,41.04,41.69,40.89,62198,100295344.0,1.94,-0.73,-0.3,2.16,0.7999999999999972
2017-11-13,002584,40.92,40.77,41.39,40.42,73701,117817159.0,2.36,-0.66,-0.27,2.56,0.9699999999999989
2017-11-14,002584,40.64,42.69,43.02,40.64,212717,348961632.0,5.84,4.71,1.92,7.38,2.3800000000000026
2017-11-15,002584,42.59,42.07,43.52,41.89,155875,259167144.0,3.82,-1.45,-0.62,5.41,1.6300000000000026
2017-11-16,002584,41.92,42.24,42.57,41.89,81099,133977151.0,1.62,0.4,0.17,2.81,0.6799999999999997
2017-11-17,002584,42.17,42.34,42.64,41.87,103555,171268040.0,1.82,0.24,0.1,3.59,0.7700000000000031
2017-11-20,002584,42.34,41.72,42.84,40.89,58953,95563485.0,4.61,-1.46,-0.62,2.04,1.9500000000000028
2017-11-21,002584,41.54,41.34,41.67,41.02,91810,148392709.0,1.56,-0.91,-0.38,3.18,0.6499999999999986
2017-11-22,002584,41.27,41.99,41.99,40.82,118080,191427379.0,2.83,1.57,0.65,4.1,1.1700000000000017
2017-11-23,002584,42.04,42.24,42.64,41.77,145067,239537100.0,2.07,0.6,0.25,5.03,0.8699999999999974
2017-11-24,002584,42.22,43.57,43.57,41.97,170433,287142704.0,3.79,3.15,1.33,5.91,1.6000000000000014
2017-11-27,002584,44.27,43.67,45.14,43.54,278316,483633728.0,3.67,0.23,0.1,9.65,1.6000000000000014
2017-11-28,002584,43.67,44.24,44.29,42.92,193945,329217008.0,3.14,1.31,0.57,6.73,1.3699999999999974
2017-11-29,002584,43.89,44.57,44.74,43.49,163167,281701024.0,2.83,0.75,0.33,5.66,1.25
2017-11-30,002584,44.52,43.99,44.87,43.77,98508,170236545.0,2.47,-1.3,-0.58,3.42,1.0999999999999943
2017-12-01,002584,43.99,44.74,45.32,43.64,187664,329120528.0,3.82,1.7,0.75,6.51,1.6799999999999997
2017-12-04,002584,44.52,43.89,44.59,43.19,102605,175594506.0,3.13,-1.9,-0.85,3.56,1.4000000000000057
2017-12-05,002584,43.29,43.39,43.77,42.84,89467,151820782.0,2.12,-1.14,-0.5,3.1,0.9299999999999997
2017-12-06,002584,43.02,42.52,43.69,41.89,112860,187734909.0,4.15,-2.01,-0.87,3.91,1.7999999999999972
2017-12-07,002584,42.27,42.84,43.54,42.12,90877,152153074.0,3.34,0.75,0.32,3.15,1.4200000000000017
2017-12-08,002584,42.82,43.72,43.72,42.42,76618,129456591.0,3.03,2.05,0.88,2.66,1.2999999999999972
2017-12-11,002584,43.74,43.54,43.84,42.79,59389,100759848.0,2.4,-0.41,-0.18,2.06,1.0500000000000043
2017-12-12,002584,44.62,45.87,46.34,43.97,152626,270034528.0,5.44,5.35,2.33,5.29,2.3700000000000045
2017-12-13,002584,46.57,45.97,47.19,45.37,206913,374686000.0,3.97,0.22,0.1,7.18,1.8200000000000003
2017-12-14,002584,45.97,46.09,46.52,44.97,164547,294234416.0,3.37,0.26,0.12,5.71,1.5500000000000043
2017-12-15,002584,45.87,46.39,47.27,45.32,155497,280562496.0,4.23,0.65,0.3,5.39,1.9500000000000028
2017-12-18,002584,46.37,45.32,46.37,45.24,53439,95658903.0,2.44,-2.31,-1.07,1.85,1.1299999999999955
2017-12-19,002584,45.29,46.09,46.49,45.19,91118,163796634.0,2.87,1.7,0.77,3.16,1.3000000000000043
2017-12-20,002584,46.12,45.44,46.84,45.42,60060,108186413.0,3.08,-1.41,-0.65,2.08,1.4200000000000017
2017-12-21,002584,45.34,45.52,45.52,44.74,68819,121793139.0,1.72,0.18,0.08,2.39,0.7800000000000011
2017-12-22,002584,45.59,46.04,46.24,45.12,63674,114202378.0,2.46,1.14,0.52,2.21,1.1200000000000045
2017-12-25,002584,46.02,45.44,46.37,45.32,54238,97262094.0,2.28,-1.3,-0.6,1.88,1.0499999999999972
2017-12-26,002584,45.24,46.22,46.84,45.22,106043,191601189.0,3.57,1.72,0.78,3.68,1.6200000000000045
2017-12-27,002584,46.34,46.29,46.77,45.44,85040,154088822.0,2.88,0.15,0.07,2.95,1.3300000000000054
2017-12-28,002584,46.14,46.24,47.52,46.12,115785,212380661.0,3.02,-0.11,-0.05,4.02,1.4000000000000057
2017-12-29,002584,45.67,46.19,46.44,44.99,94686,169083968.0,3.14,-0.11,-0.05,3.28,1.4499999999999957
2018-01-02,002584,45.74,46.77,46.97,45.59,69162,126318728.0,2.99,1.26,0.58,2.37,1.3799999999999955
2018-01-03,002584,46.82,46.22,47.32,45.77,94470,171771031.0,3.31,-1.18,-0.55,3.23,1.5499999999999972
2018-01-04,002584,46.27,46.27,46.74,45.87,72872,132179894.0,1.88,0.11,0.05,2.49,0.8700000000000045
2018-01-05,002584,46.27,47.69,47.89,46.27,175576,326430336.0,3.5,3.07,1.42,6.01,1.6199999999999974
2018-01-08,002584,47.74,47.84,48.79,47.39,136500,257611172.0,2.94,0.31,0.15,4.67,1.3999999999999986
2018-01-09,002584,47.97,49.54,50.44,47.89,225298,435998224.0,5.33,3.55,1.7,7.71,2.549999999999997
2018-01-10,002584,49.34,49.57,50.69,49.14,146377,286242864.0,3.13,0.06,0.03,5.01,1.5499999999999972
2018-01-11,002584,49.39,48.17,50.44,47.94,122660,235380803.0,5.04,-2.82,-1.4,4.2,2.5
2018-01-12,002584,48.14,48.24,48.77,46.84,128865,240121278.0,4.01,0.15,0.07,4.41,1.9299999999999997
2018-01-15,002584,47.89,46.89,47.97,46.54,97974,181449757.0,2.96,-2.8,-1.35,3.35,1.4299999999999997
2018-01-16,002584,46.59,45.94,46.59,45.34,74493,133998949.0,2.67,-2.03,-0.95,2.55,1.25
2018-01-17,002584,45.82,46.49,47.27,45.57,75281,137259829.0,3.7,1.2,0.55,2.58,1.7000000000000028
2018-01-18,002584,46.54,46.09,47.27,45.89,46496,84928116.0,2.97,-0.86,-0.4,1.59,1.3800000000000026
2018-01-19,002584,45.99,45.67,46.39,45.39,52650,94707027.0,2.17,-0.91,-0.42,1.8,1.0
2018-01-22,002584,45.69,46.79,47.47,45.64,63476,116184454.0,4.01,2.45,1.12,2.17,1.8299999999999983
2018-01-23,002584,46.97,45.99,47.99,45.74,63213,115675374.0,4.81,-1.71,-0.8,2.16,2.25
2018-01-24,002584,45.99,46.19,46.54,45.84,61062,110608643.0,1.52,0.43,0.2,2.09,0.6999999999999957
2018-01-25,002584,46.19,46.22,46.77,45.62,95023,172514044.0,2.49,0.06,0.03,3.25,1.1500000000000057
2018-01-26,002584,46.14,44.97,46.14,44.37,79608,140366608.0,3.83,-2.7,-1.25,2.73,1.7700000000000031
2018-01-29,002584,44.94,43.62,44.99,43.44,58745,101589834.0,3.45,-3.0,-1.35,2.01,1.5500000000000043
2018-01-30,002584,43.12,43.27,43.89,42.59,81709,137949986.0,2.98,-0.8,-0.35,2.8,1.2999999999999972
2018-01-31,002584,43.39,43.64,44.39,42.92,72782,124699690.0,3.4,0.86,0.37,2.49,1.4699999999999989
2018-02-01,002584,43.59,43.54,43.92,43.37,61560,105258156.0,1.26,-0.23,-0.1,2.11,0.5500000000000043
2018-02-02,002584,43.57,43.69,43.89,39.27,99234,169483282.0,10.61,0.34,0.15,3.4,4.619999999999997
2018-06-01,002584,39.42,39.42,39.42,39.42,145187,223733167.0,0.0,-9.77,-4.27,4.97,0.0
2018-06-04,002584,35.57,35.57,35.57,35.57,6267,8692329.0,0.0,-9.77,-3.85,0.21,0.0
2018-06-05,002584,32.09,32.09,32.09,32.09,3383,4221984.0,0.0,-9.78,-3.48,0.12,0.0
2018-06-06,002584,28.97,28.97,28.97,28.97,8830,9916090.0,0.0,-9.72,-3.12,0.3,0.0
2018-06-22,002584,26.17,26.17,26.17,26.17,923,933153.0,0.0,-9.67,-2.8,0.03,0.0
2018-06-25,002584,23.64,23.64,23.64,23.64,2021,1839110.0,0.0,-9.67,-2.53,0.07,0.0
2018-06-26,002584,21.37,21.37,21.37,21.37,7920,6486480.0,0.0,-9.6,-2.27,0.27,0.0
2018-06-27,002584,19.32,19.32,19.32,19.32,6249,4605513.0,0.0,-9.59,-2.05,0.21,0.0
2018-06-28,002584,17.47,19.14,21.14,17.47,1049610,717311392.0,19.0,-0.93,-0.18,35.93,3.6700000000000017
2018-06-29,002584,17.64,19.49,20.22,17.62,841635,590757648.0,13.58,1.83,0.35,28.81,2.599999999999998
2018-07-02,002584,19.17,21.34,21.34,19.17,462544,370326464.0,11.13,9.49,1.85,16.6,2.169999999999998
2018-07-03,002584,22.34,22.82,23.39,21.64,1045164,917008736.0,8.2,6.94,1.48,37.5,1.75
2018-07-04,002584,21.89,20.64,22.29,20.62,857053,702680672.0,7.32,-9.55,-2.18,30.75,1.6699999999999982
2018-07-05,002584,20.22,20.24,21.62,19.82,596031,473983424.0,8.72,-1.94,-0.4,21.38,1.8000000000000007
2018-07-06,002584,19.89,22.17,22.17,19.89,612715,498079392.0,11.26,9.54,1.93,21.98,2.280000000000001
2018-07-09,002584,22.37,22.39,23.74,22.04,933393,816013488.0,7.67,0.99,0.22,33.49,1.6999999999999993
2018-07-10,002584,21.92,22.29,22.89,21.77,595731,507871840.0,5.0,-0.45,-0.1,21.37,1.120000000000001
2018-07-11,002584,21.42,20.92,21.59,20.29,471521,378174976.0,5.83,-6.15,-1.37,16.92,1.3000000000000007
2018-07-12,002584,21.09,22.14,22.92,20.89,729218,625033792.0,9.7,5.83,1.22,26.16,2.030000000000001
2018-07-13,002584,21.62,21.52,21.74,20.84,518791,423956224.0,4.07,-2.8,-0.62,18.61,0.8999999999999986
2018-07-16,002584,21.34,20.87,21.39,20.22,323434,257584276.0,5.44,-3.02,-0.65,11.6,1.1700000000000017
2018-07-17,002584,20.94,21.39,21.84,20.79,347588,282945616.0,5.03,2.49,0.52,12.47,1.0500000000000007
2018-07-18,002584,21.32,20.62,21.34,20.57,262371,210259588.0,3.6,-3.6,-0.77,9.41,0.7699999999999996
2018-07-19,002584,20.57,19.64,20.64,19.47,251848,191939166.0,5.67,-4.75,-0.98,9.04,1.1700000000000017
2018-07-20,002584,19.77,19.82,19.99,18.99,202392,151493245.0,5.09,0.92,0.18,7.26,1.0
2018-07-23,002584,19.57,19.22,19.62,19.04,192033,141055305.0,2.93,-3.03,-0.6,6.89,0.5800000000000018
2018-07-24,002584,19.42,19.84,20.77,19.42,288076,220443696.0,7.02,3.23,0.62,10.34,1.3499999999999979
2018-07-25,002584,19.64,19.97,20.17,19.47,219975,166652664.0,3.53,0.66,0.13,7.89,0.7000000000000028
2018-07-26,002584,19.84,21.14,21.87,19.69,587577,472612688.0,10.92,5.86,1.17,21.08,2.1799999999999997
2018-07-27,002584,20.62,20.22,20.89,19.89,369135,287612032.0,4.73,-4.35,-0.92,13.24,1.0
2018-07-30,002584,19.67,19.34,19.99,19.07,219187,162385974.0,4.55,-4.35,-0.88,7.86,0.9199999999999982
2018-07-31,002584,19.32,20.04,21.09,19.32,331034,256664355.0,9.15,3.62,0.7,11.88,1.7699999999999996
2018-08-01,002584,20.04,19.44,20.04,19.32,195117,146003055.0,3.59,-2.99,-0.6,7.0,0.7199999999999989
2018-08-02,002584,19.24,18.17,19.24,17.59,341402,236216338.0,8.49,-6.53,-1.27,12.25,1.6499999999999986
2018-08-03,002584,18.14,17.69,18.44,17.67,156861,107380079.0,4.24,-2.64,-0.48,5.63,0.7699999999999996
2018-08-06,002584,17.94,17.27,18.19,16.64,135640,90841186.0,8.76,-2.37,-0.42,4.87,1.5500000000000007
2018-08-07,002584,17.39,17.52,17.64,16.39,177453,115581992.0,7.24,1.45,0.25,6.37,1.25
2018-08-08,002584,17.49,16.62,17.62,16.59,171616,110403167.0,5.88,-5.14,-0.9,6.16,1.0300000000000011
2018-08-09,002584,16.84,16.99,17.19,16.57,166116,106721786.0,3.73,2.23,0.37,5.96,0.620000000000001
2018-08-10,002584,17.04,17.32,17.94,16.54,185351,121844553.0,8.24,1.94,0.33,6.65,1.4000000000000021
2018-08-13,002584,16.92,17.17,17.24,16.64,141017,90626796.0,3.46,-0.87,-0.15,5.06,0.5999999999999979
2018-08-14,002584,17.27,17.44,17.92,17.27,166412,110604141.0,3.79,1.57,0.27,5.97,0.6500000000000021
2018-08-15,002584,17.22,17.27,17.87,17.19,169852,112810622.0,3.9,-0.97,-0.17,6.09,0.6799999999999997
2018-08-16,002584,16.69,16.74,17.19,16.67,131007,83933402.0,3.01,-3.07,-0.53,4.7,0.5199999999999996
2018-08-17,002584,16.99,15.82,16.99,15.77,175544,108217038.0,7.29,-5.5,-0.92,6.3,1.2199999999999989
2018-08-20,002584,15.79,15.57,15.99,14.74,158679,91928177.0,7.9,-1.58,-0.25,5.69,1.25
2018-08-21,002584,15.39,15.67,15.77,15.22,121019,70806078.0,3.53,0.64,0.1,4.34,0.5499999999999989
2018-08-22,002584,15.54,15.19,15.64,15.17,93630,54240100.0,3.0,-3.06,-0.48,3.36,0.47000000000000064
2018-08-23,002584,15.24,15.32,15.42,15.12,88341,50921297.0,1.97,0.86,0.13,3.17,0.3000000000000007
2018-08-24,002584,15.24,15.67,16.47,15.09,199775,118544350.0,9.01,2.28,0.35,7.17,1.379999999999999
2018-08-27,002584,15.82,16.02,16.32,15.42,228973,136116139.0,5.74,2.23,0.35,8.22,0.9000000000000004
2018-08-28,002584,15.59,15.14,15.64,15.07,260846,151135304.0,3.56,-5.49,-0.88,9.36,0.5700000000000003
2018-08-29,002584,15.09,14.42,15.17,14.29,216291,118229923.0,5.81,-4.76,-0.72,7.76,0.8800000000000008
2018-08-30,002584,14.42,14.52,14.97,14.27,190307,104754230.0,4.85,0.69,0.1,6.83,0.7000000000000011
2018-08-31,002584,14.39,13.97,14.39,13.92,134672,70862050.0,3.24,-3.79,-0.55,4.83,0.47000000000000064
2018-09-03,002584,13.97,14.22,14.34,13.72,137075,72217747.0,4.44,1.79,0.25,4.92,0.6199999999999992
2018-09-04,002584,14.19,14.84,15.09,14.12,268225,148212003.0,6.82,4.36,0.62,9.62,0.9700000000000006
2018-09-05,002584,14.69,15.22,16.22,14.59,435962,253625910.0,10.98,2.56,0.38,15.64,1.629999999999999
2018-09-06,002584,15.14,14.69,15.19,14.57,242461,134715103.0,4.07,-3.48,-0.53,8.7,0.6199999999999992
2018-09-07,002584,14.49,16.07,16.07,14.49,536627,315022160.0,10.76,9.39,1.38,19.25,1.58
2018-09-10,002584,15.97,15.99,16.82,15.84,516173,317632752.0,6.1,-0.5,-0.08,14.18,0.9800000000000004
2018-09-11,002584,16.14,15.99,16.17,14.89,295412,173505067.0,8.01,0.0,0.0,8.12,1.2800000000000011
2018-09-12,002584,15.84,15.74,16.52,15.64,294323,178981599.0,5.5,-1.56,-0.25,8.09,0.879999999999999
2018-09-13,002584,16.02,15.94,16.07,15.39,187342,111169244.0,4.32,1.27,0.2,5.15,0.6799999999999997
2018-09-14,002584,15.54,15.04,15.77,15.04,195955,113756077.0,4.58,-5.65,-0.9,5.38,0.7300000000000004
2018-09-17,002584,14.64,15.34,16.09,14.52,193914,111776055.0,10.44,1.99,0.3,5.33,1.5700000000000003
2018-09-18,002584,15.47,16.79,16.79,15.47,253150,157538870.0,8.6,9.45,1.45,6.96,1.3199999999999985
2018-09-19,002584,17.39,16.47,17.72,16.29,531712,338290704.0,8.52,-1.91,-0.32,14.61,1.4299999999999997
2018-09-20,002584,16.54,16.67,17.39,16.54,407873,260747080.0,5.16,1.21,0.2,11.21,0.8500000000000014
2018-09-21,002584,16.34,16.42,16.62,16.09,301864,186562203.0,3.18,-1.5,-0.25,8.29,0.5300000000000011
2018-09-25,002584,16.24,16.39,16.39,15.94,189569,115851813.0,2.74,-0.18,-0.03,5.21,0.45000000000000107
2018-09-26,002584,16.39,16.42,16.82,16.27,247916,155096495.0,3.36,0.18,0.03,6.81,0.5500000000000007
2018-09-27,002584,16.64,16.77,17.52,16.54,421597,271426448.0,5.97,2.13,0.35,11.58,0.9800000000000004
2018-09-28,002584,16.89,16.64,16.94,16.27,207673,130032697.0,4.0,-0.78,-0.13,5.71,0.6700000000000017
2018-10-08,002584,16.14,15.94,16.44,15.74,149694,91198882.0,4.21,-4.21,-0.7,4.11,0.7000000000000011
2018-10-09,002584,16.22,16.17,16.27,15.79,114074,68911374.0,3.01,1.44,0.23,3.13,0.4800000000000004
2018-10-10,002584,16.39,16.37,17.27,16.27,207559,130645925.0,6.18,1.24,0.2,5.7,1.0
2018-10-11,002584,15.59,14.82,15.62,14.82,210668,119387958.0,4.89,-9.47,-1.55,5.79,0.7999999999999989
2018-10-12,002584,14.22,14.07,14.54,13.42,213866,111473805.0,7.56,-5.06,-0.75,5.88,1.1199999999999992
2018-10-15,002584,14.02,13.79,14.34,13.74,117334,61618384.0,4.26,-1.99,-0.28,3.22,0.5999999999999996
2018-10-16,002584,13.72,14.12,14.12,13.59,142407,73901200.0,3.84,2.39,0.33,3.91,0.5299999999999994
2018-10-17,002584,14.29,13.97,14.34,13.57,125111,65231685.0,5.45,-1.06,-0.15,3.44,0.7699999999999996
2018-10-18,002584,13.82,12.67,13.82,12.67,155457,76542874.0,8.23,-9.31,-1.3,4.27,1.1500000000000004
2018-10-19,002584,12.27,13.04,13.34,12.22,145723,69401091.0,8.84,2.92,0.37,4.0,1.1199999999999992
2018-10-22,002584,13.27,13.97,14.27,13.27,226457,117356198.0,7.67,7.13,0.93,6.22,1.0
2018-10-23,002584,13.97,14.02,14.54,13.69,232916,123296546.0,6.08,0.36,0.05,6.4,0.8499999999999996
2018-10-24,002584,14.24,13.99,14.49,13.89,159885,84583676.0,4.28,-0.21,-0.03,4.39,0.5999999999999996
2018-10-25,002584,13.39,13.84,13.87,13.04,145074,73490872.0,5.93,-1.07,-0.15,3.99,0.8300000000000001
2018-10-26,002584,14.04,13.74,14.19,13.64,118353,61462520.0,3.97,-0.72,-0.1,3.25,0.5499999999999989
2018-10-29,002584,13.82,13.57,13.89,13.44,91977,47218694.0,3.28,-1.24,-0.17,2.53,0.45000000000000107
2018-10-30,002584,13.52,13.84,13.99,13.19,121303,62109180.0,5.9,1.99,0.27,3.33,0.8000000000000007
2018-10-31,002584,13.99,14.07,14.42,13.77,179741,94546124.0,4.7,1.66,0.23,4.94,0.6500000000000004
2018-11-01,002584,14.04,14.04,14.29,13.94,181709,96152017.0,2.49,-0.21,-0.03,4.99,0.34999999999999964
2018-11-02,002584,14.29,14.44,14.69,14.12,231458,124926005.0,4.06,2.85,0.4,6.36,0.5700000000000003
2018-11-05,002584,14.47,15.02,15.29,14.19,294379,164002536.0,7.62,4.02,0.58,8.09,1.0999999999999996
2018-11-06,002584,14.92,15.72,16.39,14.57,325359,188251932.0,12.12,4.66,0.7,8.94,1.8200000000000003
2018-11-07,002584,15.52,15.39,16.34,15.39,273622,162813049.0,6.04,-2.1,-0.33,7.52,0.9499999999999993
2018-11-08,002584,15.57,16.29,16.69,15.49,434593,265466212.0,7.8,5.85,0.9,11.94,1.200000000000001
2018-11-09,002584,15.89,15.94,16.14,15.77,220148,132592852.0,2.27,-2.15,-0.35,6.05,0.370000000000001
2018-11-12,002584,15.79,16.59,16.87,15.54,308463,188583680.0,8.34,4.08,0.65,8.48,1.3300000000000018
2018-11-13,002584,18.17,18.17,18.17,18.17,60513,41814185.0,0.0,9.52,1.58,1.66,0.0
2018-11-14,002584,19.89,19.89,19.89,18.89,600545,450677264.0,5.5,9.47,1.72,16.5,1.0
2018-11-15,002584,20.37,19.42,20.79,19.14,908664,694947488.0,8.3,-2.36,-0.47,24.97,1.6499999999999986
2018-11-16,002584,19.22,21.27,21.27,19.22,649539,501027216.0,10.56,9.53,1.85,17.85,2.0500000000000007
2018-11-19,002584,21.82,20.39,22.99,20.17,925210,766985920.0,13.26,-4.14,-0.88,25.42,2.8199999999999967
2018-11-20,002584,19.29,18.52,19.59,18.44,561317,404671632.0,5.64,-9.17,-1.87,15.42,1.1499999999999986
2018-11-21,002584,18.09,18.87,19.07,18.07,364962,258929064.0,5.4,1.89,0.35,10.03,1.0
2018-11-22,002584,18.84,18.39,18.84,18.22,244828,172428796.0,3.29,-2.54,-0.48,6.73,0.620000000000001
2018-11-23,002584,18.19,17.52,18.77,16.97,297711,202700295.0,9.79,-4.73,-0.87,8.18,1.8000000000000007
2018-11-26,002584,17.64,17.74,17.89,17.22,206504,137675985.0,3.82,1.26,0.22,5.67,0.6700000000000017
2018-11-27,002584,17.89,17.69,17.99,17.29,204008,137166664.0,3.95,-0.28,-0.05,5.61,0.6999999999999993
2018-11-28,002584,17.64,17.27,17.67,16.47,246290,159253101.0,6.78,-2.37,-0.42,6.77,1.2000000000000028
2018-11-29,002584,17.32,16.42,17.44,16.24,212037,135810907.0,6.95,-4.92,-0.85,5.83,1.2000000000000028
2018-11-30,002584,16.39,16.82,16.89,16.02,195739,122510855.0,5.3,2.44,0.4,5.38,0.870000000000001
2018-12-03,002584,17.29,17.39,17.79,17.02,248458,163957113.0,4.58,3.39,0.57,6.83,0.7699999999999996
2018-12-04,002584,17.37,18.09,18.34,17.22,318281,215925515.0,6.44,4.03,0.7,8.75,1.120000000000001
2018-12-05,002584,17.34,17.44,17.69,17.19,201169,133376007.0,2.76,-3.59,-0.65,5.53,0.5
2018-12-06,002584,17.29,16.59,17.42,16.54,192261,122991363.0,5.05,-4.87,-0.85,5.28,0.8800000000000026
2018-12-07,002584,16.67,16.62,16.89,16.59,105307,66722983.0,1.81,0.18,0.03,2.89,0.3000000000000007
2018-12-10,002584,16.59,16.32,16.59,16.19,104973,64971252.0,2.41,-1.81,-0.3,2.88,0.3999999999999986
2018-12-11,002584,16.49,17.22,17.47,16.49,238362,153241100.0,6.0,5.51,0.9,6.55,0.9800000000000004
2018-12-12,002584,17.22,16.87,17.44,16.79,153936,99203330.0,3.77,-2.03,-0.35,4.23,0.6500000000000021
2018-12-13,002584,17.07,16.99,17.17,16.72,133997,86143786.0,2.67,0.71,0.12,3.68,0.45000000000000284
2018-12-14,002584,16.84,16.07,16.89,15.94,174453,108312203.0,5.59,-5.41,-0.92,4.79,0.9500000000000011
2018-12-17,002584,15.97,16.49,16.64,15.69,142018,87263638.0,5.91,2.61,0.42,3.9,0.9500000000000011
2018-12-18,002584,16.32,16.32,16.69,16.14,140465,87174894.0,3.34,-1.03,-0.17,3.86,0.5500000000000007
2018-12-19,002584,16.27,15.74,16.34,15.42,192007,113885842.0,5.64,-3.55,-0.58,5.28,0.9199999999999999
2018-12-20,002584,15.69,15.82,16.02,15.52,121417,72501048.0,3.18,0.51,0.08,3.34,0.5
2018-12-21,002584,15.89,16.49,17.29,15.84,353197,223339448.0,9.17,4.24,0.67,9.7,1.4499999999999993
2018-12-24,002584,16.27,16.49,16.52,15.92,206463,127026491.0,3.64,0.0,0.0,5.67,0.5999999999999996
2018-12-25,002584,16.27,16.07,16.32,15.44,203485,121885943.0,5.34,-2.55,-0.42,5.59,0.8800000000000008
2018-12-26,002584,16.24,17.04,17.39,16.04,421973,270758576.0,8.4,6.04,0.97,11.59,1.3500000000000014
2018-12-27,002584,16.92,16.27,17.09,16.27,257759,163288894.0,4.81,-4.52,-0.77,7.08,0.8200000000000003
2018-12-28,002584,15.87,15.97,16.42,15.69,170553,103771786.0,4.49,-1.84,-0.3,4.69,0.7300000000000022
2019-01-02,002584,16.02,15.99,16.42,15.92,148594,90436724.0,3.13,0.13,0.02,4.17,0.5000000000000018
2019-01-03,002584,15.89,15.34,15.99,15.22,192922,113110660.0,4.82,-4.07,-0.65,5.42,0.7699999999999996
2019-01-04,002584,15.34,15.69,15.74,15.04,138915,81225580.0,4.56,2.28,0.35,3.9,0.7000000000000011
2019-01-07,002584,15.89,16.02,16.09,15.79,125949,75916443.0,1.91,2.1,0.33,3.54,0.3000000000000007
2019-01-08,002584,16.09,16.12,16.49,15.99,148251,90809435.0,3.12,0.62,0.1,4.16,0.4999999999999982
2019-01-09,002584,16.14,16.64,17.04,15.92,301549,188432910.0,6.95,3.23,0.52,8.47,1.1199999999999992
2019-01-10,002584,16.54,16.79,17.02,16.39,230513,145606756.0,3.79,0.9,0.15,6.47,0.629999999999999
2019-01-11,002584,16.54,16.59,16.74,16.39,145211,91046747.0,2.08,-1.19,-0.2,4.08,0.34999999999999787
2019-01-14,002584,16.67,17.32,17.59,16.54,379263,246352111.0,6.33,4.4,0.73,10.04,1.0500000000000007
2019-01-15,002584,16.97,17.29,17.32,16.77,266280,172254640.0,3.18,-0.17,-0.03,7.05,0.5500000000000007
2019-01-16,002584,17.14,17.32,18.09,17.04,299816,200000658.0,6.07,0.17,0.03,7.87,1.0500000000000007
2019-01-17,002584,17.07,16.87,17.24,16.72,239283,153793545.0,3.0,-2.6,-0.45,6.28,0.5199999999999996
2019-01-18,002584,16.94,16.37,17.32,16.04,218633,137320732.0,7.59,-2.96,-0.5,5.74,1.2800000000000011
2019-01-21,002584,16.34,16.39,16.64,16.19,133032,82466514.0,2.75,0.12,0.02,3.49,0.4499999999999993
2019-01-22,002584,16.37,15.92,16.49,15.82,144874,88009153.0,4.09,-2.87,-0.47,3.8,0.6699999999999982
2019-01-23,002584,15.97,15.99,16.14,15.84,83670,50490879.0,1.88,0.44,0.07,2.2,0.3000000000000007
2019-01-24,002584,16.14,15.94,16.14,15.92,89091,53873918.0,1.38,-0.31,-0.05,2.34,0.22000000000000064
2019-01-25,002584,15.97,15.67,15.97,15.59,105789,62850093.0,2.38,-1.69,-0.27,2.78,0.3800000000000008
2019-01-28,002584,15.72,15.42,15.84,15.29,87709,51432496.0,3.51,-1.6,-0.25,2.3,0.5500000000000007
2019-01-29,002584,15.29,14.74,15.39,14.17,125353,69268651.0,7.91,-4.41,-0.68,3.29,1.2200000000000006
2019-01-30,002584,14.64,14.34,14.99,14.32,72595,39933017.0,4.55,-2.71,-0.4,1.9,0.6699999999999999
2019-01-31,002584,14.34,13.84,14.62,13.57,113246,59486374.0,7.32,-3.49,-0.5,2.97,1.049999999999999
2019-02-01,002584,13.99,14.77,14.77,13.87,97288,52753208.0,6.5,6.72,0.93,2.55,0.9000000000000004
2019-02-11,002584,14.87,15.04,15.12,14.67,91031,51235855.0,3.05,1.83,0.27,2.39,0.4499999999999993
2019-02-12,002584,15.09,15.37,15.37,14.94,106211,60800179.0,2.86,2.19,0.33,2.79,0.4299999999999997
2019-02-13,002584,15.32,15.52,15.54,15.14,135909,78892085.0,2.6,0.98,0.15,3.57,0.3999999999999986
2019-02-14,002584,15.47,15.59,15.84,15.34,149001,87950356.0,3.22,0.45,0.07,3.91,0.5
2019-02-15,002584,15.67,15.72,16.27,15.44,189696,113648481.0,5.32,0.83,0.13,4.98,0.8300000000000001
2019-02-18,002584,15.87,16.19,16.22,15.79,159554,96935379.0,2.74,2.99,0.47,4.19,0.4299999999999997
2019-02-19,002584,16.44,16.39,16.72,16.07,233449,144059980.0,4.01,1.24,0.2,6.13,0.6499999999999986
2019-02-20,002584,16.54,16.39,16.62,15.82,209458,128123391.0,4.88,0.0,0.0,5.5,0.8000000000000007
2019-02-21,002584,16.22,16.24,16.84,16.09,267534,166073640.0,4.58,-0.92,-0.15,7.02,0.75
2019-02-22,002584,16.12,16.99,16.99,16.04,346061,217836509.0,5.85,4.62,0.75,9.08,0.9499999999999993
2019-02-25,002584,17.17,18.07,18.29,16.92,446894,297285968.0,8.06,6.36,1.08,11.73,1.3699999999999974
2019-02-26,002584,17.67,17.47,18.02,17.27,478691,319397952.0,4.15,-3.32,-0.6,12.56,0.75
2019-02-27,002584,17.37,17.62,17.79,17.19,343654,228112903.0,3.43,0.86,0.15,9.02,0.5999999999999979
2019-02-28,002584,17.87,17.62,17.87,17.39,232421,155579743.0,2.72,0.0,0.0,6.1,0.4800000000000004
2019-03-01,002584,17.69,17.39,17.77,17.07,209308,137596404.0,3.97,-1.31,-0.23,5.49,0.6999999999999993
2019-03-04,002584,17.52,17.59,17.99,17.42,339293,228063063.0,3.28,1.15,0.2,8.9,0.5699999999999967
2019-03-05,002584,17.52,18.57,19.09,17.27,444720,307267744.0,10.35,5.57,0.98,11.67,1.8200000000000003
2019-03-06,002584,18.59,18.94,19.02,18.04,456777,322285472.0,5.28,1.99,0.37,11.99,0.9800000000000004
2019-03-07,002584,18.84,19.44,20.27,18.62,473670,347928000.0,8.71,2.64,0.5,12.43,1.6499999999999986
2019-03-08,002584,19.04,17.82,19.47,17.79,362166,258418618.0,8.64,-8.33,-1.62,9.5,1.6799999999999997
2019-03-11,002584,18.04,19.24,19.37,17.92,351693,250151828.0,8.14,7.97,1.42,9.23,1.4499999999999993
2019-03-12,002584,19.32,19.94,20.49,19.07,457481,343335776.0,7.38,3.64,0.7,12.0,1.4199999999999982
2019-03-13,002584,19.74,21.84,21.84,19.34,869917,704114528.0,12.54,9.53,1.9,22.83,2.5
2019-03-14,002584,21.67,20.39,21.67,19.74,673032,530018832.0,8.84,-6.64,-1.45,17.66,1.9300000000000033
2019-03-15,002584,20.22,21.44,22.14,19.94,728129,585720224.0,10.79,5.15,1.05,19.11,2.1999999999999993
2019-03-18,002584,21.34,21.29,21.62,20.39,481640,389582976.0,5.74,-0.7,-0.15,12.64,1.2300000000000004
2019-03-19,002584,21.27,20.82,21.29,20.62,334046,267154504.0,3.15,-2.21,-0.47,8.77,0.6699999999999982
2019-03-20,002584,20.82,21.17,21.27,20.34,383161,305466864.0,4.47,1.68,0.35,10.05,0.9299999999999997
2019-03-21,002584,20.97,21.04,21.62,20.82,378480,307231520.0,3.78,-0.61,-0.13,9.93,0.8000000000000007
2019-03-22,002584,20.72,20.19,20.87,19.72,364886,282105312.0,5.47,-4.04,-0.85,9.57,1.1500000000000021
2019-03-25,002584,19.92,19.94,20.52,19.62,213334,164077955.0,4.46,-1.24,-0.25,5.6,0.8999999999999986
2019-03-26,002584,20.02,20.09,20.49,19.67,224368,172317155.0,4.11,0.75,0.15,5.89,0.8199999999999967
2019-03-27,002584,20.27,19.62,20.39,19.22,199963,150092548.0,5.82,-2.34,-0.47,5.25,1.1700000000000017
2019-03-28,002584,19.52,18.72,19.87,18.62,212169,155867049.0,6.37,-4.59,-0.9,5.57,1.25
2019-03-29,002584,18.97,19.62,19.77,18.72,205799,150630626.0,5.61,4.81,0.9,5.4,1.0500000000000007
2019-04-01,002584,19.62,20.47,20.74,19.49,272084,210067689.0,6.37,4.33,0.85,7.14,1.25
2019-04-02,002584,20.74,20.27,20.74,20.19,229087,178544149.0,2.69,-0.98,-0.2,6.01,0.5499999999999972
2019-04-03,002584,20.32,21.14,21.49,20.19,414074,332759712.0,6.41,4.29,0.87,10.86,1.2999999999999972
2019-04-04,002584,20.94,21.22,21.39,20.69,319438,256722065.0,3.31,0.38,0.08,8.38,0.6999999999999993
2019-04-08,002584,21.94,21.24,22.39,21.02,404045,334932992.0,6.46,0.09,0.02,10.6,1.370000000000001
2019-04-09,002584,20.99,20.64,21.02,20.19,283829,222541598.0,3.91,-2.82,-0.6,7.45,0.8299999999999983
2019-04-10,002584,20.34,20.77,21.02,19.94,242307,189800008.0,5.23,0.63,0.13,6.36,1.0799999999999983
2019-04-11,002584,20.67,20.24,21.34,20.24,270629,215514105.0,5.3,-2.55,-0.53,7.1,1.1000000000000014
2019-04-12,002584,20.14,19.87,20.52,19.57,195238,148898194.0,4.69,-1.83,-0.37,5.12,0.9499999999999993
2019-04-15,002584,20.04,19.47,20.27,19.39,156600,119105937.0,4.43,-2.01,-0.4,4.11,0.879999999999999
2019-04-16,002584,19.17,19.87,19.87,18.97,160336,119015989.0,4.62,2.05,0.4,4.21,0.9000000000000021
2019-04-17,002584,19.87,20.12,20.37,19.72,193914,148858615.0,3.27,1.26,0.25,5.09,0.6500000000000021
2019-04-18,002584,20.22,19.89,20.32,19.87,130635,100102598.0,2.24,-1.14,-0.23,3.43,0.4499999999999993
2019-04-19,002584,19.99,19.89,20.07,19.44,139501,105053447.0,3.17,0.0,0.0,3.66,0.629999999999999
2019-04-22,002584,19.92,20.47,20.74,19.74,278198,216305801.0,5.03,2.92,0.58,7.3,1.0
2019-04-23,002584,20.47,21.44,22.12,20.32,738168,606086640.0,8.79,4.74,0.97,19.37,1.8000000000000007
2019-04-24,002584,21.34,21.89,21.92,20.52,413039,334424992.0,6.53,2.1,0.45,10.84,1.4000000000000021
2019-04-25,002584,21.97,21.29,23.59,21.14,752791,647955920.0,11.19,-2.74,-0.6,19.75,2.4499999999999993
2019-04-26,002584,21.69,20.64,22.12,20.52,475512,388446240.0,7.52,-3.05,-0.65,12.48,1.6000000000000014
2019-04-29,002584,18.69,18.67,18.77,18.67,80442,57221289.0,0.48,-9.54,-1.97,2.11,0.09999999999999787
2019-04-30,002584,16.89,16.89,16.89,16.89,33051,21152640.0,0.0,-9.53,-1.78,0.87,0.0
2019-05-06,002584,15.29,15.29,15.29,15.29,32926,18965376.0,0.0,-9.47,-1.6,0.86,0.0
2019-05-07,002584,14.39,14.49,15.12,13.89,531747,290633424.0,8.04,-5.23,-0.8,13.95,1.2299999999999986
2019-05-08,002584,13.99,14.07,14.42,13.44,279293,146979219.0,6.76,-2.9,-0.42,7.33,0.9800000000000004
2019-05-09,002584,14.04,14.34,15.34,14.04,304643,166597759.0,9.24,1.92,0.27,7.99,1.3000000000000007
2019-05-10,002584,14.59,14.84,14.92,14.02,301183,165769457.0,6.28,3.49,0.5,7.9,0.9000000000000004
2019-05-13,002584,14.84,14.97,15.17,14.67,211617,118938679.0,3.37,0.88,0.13,5.55,0.5
2019-05-14,002584,14.64,14.72,14.97,14.42,164769,91187028.0,3.67,-1.67,-0.25,4.32,0.5500000000000007
2019-05-15,002584,14.84,15.07,15.29,14.77,233804,132514919.0,3.53,2.38,0.35,6.13,0.5199999999999996
2019-05-16,002584,14.94,15.14,15.24,14.92,192519,109417625.0,2.12,0.46,0.07,5.05,0.3200000000000003
2019-05-17,002584,15.27,14.19,15.62,13.74,392621,216528496.0,12.42,-6.27,-0.95,10.3,1.879999999999999
2019-05-20,002584,13.94,13.74,13.94,13.02,217009,109794602.0,6.48,-3.17,-0.45,5.69,0.9199999999999999
2019-05-21,002584,13.69,14.17,14.32,13.64,190910,100772045.0,4.95,3.13,0.43,5.01,0.6799999999999997
2019-05-22,002584,14.17,13.89,14.27,13.77,171649,90226063.0,3.53,-1.98,-0.28,4.5,0.5
2019-05-23,002584,14.09,13.54,14.29,13.49,182737,94771974.0,5.76,-2.52,-0.35,4.79,0.7999999999999989
2019-05-24,002584,13.37,13.82,14.02,13.37,159157,82035934.0,4.8,2.07,0.28,4.18,0.6500000000000004
2019-05-27,002584,13.82,14.14,14.14,13.69,138817,72625400.0,3.26,2.32,0.32,3.64,0.45000000000000107
2019-05-28,002584,14.17,15.47,15.47,14.12,369729,208579171.0,9.55,9.41,1.33,9.7,1.3500000000000014
2019-05-29,002584,16.69,15.19,16.69,15.04,652043,392715248.0,10.67,-1.81,-0.28,17.11,1.6500000000000021
2019-05-30,002584,14.64,14.69,14.89,14.29,404124,221301636.0,3.95,-3.29,-0.5,10.6,0.6000000000000014
2019-05-31,002584,14.54,14.37,14.64,14.19,249229,134684667.0,3.06,-2.18,-0.32,6.54,0.45000000000000107
2019-06-03,002584,14.12,13.84,14.27,13.77,194331,101455663.0,3.48,-3.69,-0.53,5.1,0.5
2019-06-04,002584,13.84,13.52,13.99,13.32,140666,71425288.0,4.84,-2.31,-0.32,3.69,0.6699999999999999
2019-06-05,002584,13.69,13.52,13.77,13.47,101074,51381043.0,2.22,0.0,0.0,2.65,0.29999999999999893
2019-06-06,002584,13.59,12.99,13.59,12.79,146910,71852283.0,5.92,-3.92,-0.53,3.85,0.8000000000000007
2019-06-10,002584,13.04,13.49,13.49,12.42,113483,55950048.0,8.24,3.85,0.5,2.98,1.0700000000000003
2019-06-11,002584,13.47,13.82,13.87,13.29,139757,71318487.0,4.3,2.45,0.33,3.67,0.5800000000000001
2019-06-12,002584,13.74,13.62,13.94,13.59,119100,61209703.0,2.53,-1.45,-0.2,3.13,0.34999999999999964
2019-06-13,002584,13.62,13.82,14.07,13.39,131222,67414866.0,4.99,1.47,0.2,3.44,0.6799999999999997
2019-06-14,002584,13.84,13.37,13.89,13.27,129409,65407739.0,4.49,-3.26,-0.45,3.4,0.620000000000001
2019-06-17,002584,13.39,13.39,13.52,13.22,53469,26707017.0,2.24,0.15,0.02,1.4,0.29999999999999893
2019-06-18,002584,13.39,13.37,13.49,13.14,66747,33208638.0,2.61,-0.15,-0.02,1.75,0.34999999999999964
2019-06-19,002584,13.59,13.52,13.79,13.47,102184,51988424.0,2.39,1.12,0.15,2.68,0.3199999999999985
2019-06-20,002584,13.52,13.69,13.72,13.34,121232,61481486.0,2.81,1.26,0.17,3.18,0.3800000000000008
2019-06-21,002584,13.84,14.02,14.24,13.77,198376,104243911.0,3.43,2.41,0.33,5.21,0.47000000000000064
2019-06-24,002584,14.14,14.02,14.14,13.92,108741,57173763.0,1.57,0.0,0.0,2.85,0.22000000000000064
2019-06-25,002584,14.02,13.69,14.07,13.47,145819,74566560.0,4.28,-2.35,-0.33,3.83,0.5999999999999996
2019-06-26,002584,13.67,13.64,13.84,13.57,82521,42297359.0,1.97,-0.37,-0.05,2.17,0.2699999999999996
2019-06-27,002584,13.79,13.74,13.89,13.67,95164,49040537.0,1.61,0.73,0.1,2.5,0.22000000000000064
2019-06-28,002584,13.74,13.39,13.74,13.14,131346,65555332.0,4.37,-2.55,-0.35,3.45,0.5999999999999996
2019-07-01,002584,13.72,14.17,14.32,13.57,235137,122603433.0,5.6,5.83,0.78,6.17,0.75
2019-07-02,002584,14.39,14.04,15.12,13.94,338627,182922760.0,8.33,-0.92,-0.13,8.89,1.1799999999999997
2019-07-03,002584,14.02,13.72,14.09,13.59,161279,83018613.0,3.56,-2.28,-0.32,4.23,0.5
2019-07-04,002584,13.74,13.64,13.77,13.49,97926,49821761.0,2.04,-0.58,-0.08,2.57,0.27999999999999936
2019-07-05,002584,13.67,13.64,13.72,13.54,71739,36561709.0,1.32,0.0,0.0,1.88,0.1800000000000015
2019-07-08,002584,13.67,13.17,13.67,13.09,127298,62937851.0,4.25,-3.45,-0.47,3.34,0.5800000000000001
2019-07-09,002584,13.14,13.37,13.39,13.12,79345,39117331.0,2.05,1.52,0.2,2.08,0.27000000000000135
2019-07-10,002584,13.44,13.27,13.44,13.17,59377,29401335.0,2.02,-0.75,-0.1,1.56,0.2699999999999996
2019-07-11,002584,13.22,13.14,13.37,13.09,67466,33301117.0,2.11,-0.98,-0.13,1.77,0.27999999999999936
2019-07-12,002584,13.22,13.42,13.44,13.12,104209,51898495.0,2.44,2.13,0.28,2.73,0.3200000000000003
2019-07-15,002584,13.37,13.39,13.47,13.09,95636,47558723.0,2.83,-0.22,-0.03,2.51,0.3800000000000008
2019-07-16,002584,13.34,13.39,13.49,13.32,62835,31368421.0,1.27,0.0,0.0,1.65,0.16999999999999993
2019-07-17,002584,13.37,14.64,14.64,13.34,144730,78756477.0,9.71,9.34,1.25,3.8,1.3000000000000007
2019-07-18,002584,14.37,13.99,14.59,13.92,363303,192731250.0,4.58,-4.44,-0.65,9.53,0.6699999999999999
2019-07-19,002584,13.84,13.84,14.22,13.79,207823,108733751.0,3.07,-1.07,-0.15,5.45,0.4300000000000015
2019-07-22,002584,13.89,13.69,13.94,13.34,152560,77797347.0,4.34,-1.08,-0.15,4.0,0.5999999999999996
2019-07-23,002584,13.67,14.14,14.19,13.54,226710,119012236.0,4.75,3.29,0.45,5.95,0.6500000000000004
2019-07-24,002584,14.07,14.12,14.29,13.99,201401,106617145.0,2.12,-0.14,-0.02,5.28,0.29999999999999893
2019-07-25,002584,14.09,14.24,14.57,13.99,211333,113052785.0,4.11,0.85,0.12,5.55,0.5800000000000001
2019-07-26,002584,14.24,13.97,14.29,13.84,145914,76640069.0,3.16,-1.9,-0.27,3.83,0.4499999999999993
2019-07-29,002584,13.82,13.84,13.92,13.72,109737,56714607.0,1.43,-0.93,-0.13,2.88,0.1999999999999993
2019-07-30,002584,13.84,13.82,14.02,13.77,119657,62209567.0,1.81,-0.14,-0.02,3.14,0.25
2019-07-31,002584,13.69,13.47,13.79,13.44,125168,63285097.0,2.53,-2.53,-0.35,3.28,0.34999999999999964
2019-08-01,002584,13.37,13.42,13.52,13.29,82864,41487574.0,1.71,-0.37,-0.05,2.17,0.23000000000000043
2019-08-02,002584,13.17,13.54,13.72,13.02,140972,70550547.0,5.22,0.89,0.12,3.7,0.7000000000000011
2019-08-05,002584,13.39,13.27,13.52,13.24,89975,44823515.0,2.07,-1.99,-0.27,2.36,0.27999999999999936
2019-08-06,002584,12.97,12.64,12.97,12.32,140365,66117759.0,4.9,-4.75,-0.63,3.68,0.6500000000000004
2019-08-07,002584,12.77,12.52,12.84,12.47,70830,33235633.0,2.93,-0.95,-0.12,1.86,0.3699999999999992
2019-08-08,002584,12.59,12.69,12.92,12.54,82100,38713690.0,3.04,1.36,0.17,2.15,0.3800000000000008
2019-08-09,002584,12.89,12.54,12.99,12.49,79066,37323784.0,3.94,-1.18,-0.15,2.07,0.5
2019-08-12,002584,12.67,12.77,12.77,12.54,49632,23338262.0,1.83,1.83,0.23,1.3,0.23000000000000043
2019-08-13,002584,12.59,12.57,12.67,12.47,59309,27706295.0,1.57,-1.57,-0.2,1.56,0.1999999999999993
2019-08-14,002584,12.69,12.62,12.77,12.59,62718,29569707.0,1.43,0.4,0.05,1.65,0.17999999999999972
2019-08-15,002584,12.12,12.59,12.64,12.02,83905,38505620.0,4.91,-0.24,-0.03,2.2,0.620000000000001
2019-08-16,002584,12.59,12.54,12.67,12.49,63813,29851169.0,1.43,-0.4,-0.05,1.67,0.17999999999999972
2019-08-19,002584,12.64,12.82,12.84,12.59,98359,46685906.0,1.99,2.23,0.28,2.58,0.25
2019-08-20,002584,12.84,12.82,12.94,12.74,87892,42021346.0,1.56,0.0,0.0,2.31,0.1999999999999993
2019-08-21,002584,12.84,12.87,13.02,12.77,78788,37741433.0,1.95,0.39,0.05,2.07,0.25
2019-08-22,002584,12.87,12.82,12.92,12.69,69382,33004083.0,1.79,-0.39,-0.05,1.82,0.23000000000000043
2019-08-23,002584,12.82,13.02,13.39,12.77,168042,81897557.0,4.84,1.56,0.2,4.41,0.620000000000001
2019-08-26,002584,12.62,12.69,12.82,12.59,97949,46249215.0,1.77,-2.53,-0.33,2.57,0.23000000000000043
2019-08-27,002584,12.79,12.99,13.12,12.74,103407,49871215.0,2.99,2.36,0.3,2.71,0.379999999999999
2019-08-28,002584,13.09,13.07,13.24,12.92,97686,47544046.0,2.46,0.62,0.08,2.56,0.3200000000000003
2019-08-29,002584,13.07,13.02,13.17,12.97,93801,45676548.0,1.53,-0.38,-0.05,2.46,0.1999999999999993
2019-08-30,002584,13.14,12.72,13.22,12.49,113044,54266829.0,5.61,-2.3,-0.3,2.97,0.7300000000000004
2019-09-02,002584,12.67,13.09,13.09,12.62,100208,48495418.0,3.69,2.91,0.37,2.63,0.47000000000000064
2019-09-03,002584,13.17,13.12,13.22,12.99,95018,46313894.0,1.76,0.23,0.03,2.49,0.23000000000000043
2019-09-04,002584,13.14,13.34,13.54,12.99,177591,87969283.0,4.19,1.68,0.22,4.66,0.5499999999999989
2019-09-05,002584,13.44,13.52,13.69,13.39,198350,100709102.0,2.25,1.35,0.18,5.2,0.29999999999999893
2019-09-06,002584,13.54,13.54,13.74,13.47,122122,61903218.0,2.0,0.15,0.02,3.2,0.2699999999999996
2019-09-09,002584,13.64,13.94,13.97,13.57,161720,83519876.0,2.95,2.95,0.4,4.24,0.40000000000000036
2019-09-10,002584,14.02,13.77,14.02,13.67,197283,101559932.0,2.51,-1.22,-0.17,5.18,0.34999999999999964
2019-09-11,002584,13.79,13.72,14.09,13.67,225641,117133667.0,3.05,-0.36,-0.05,5.92,0.41999999999999993
2019-09-12,002584,13.87,13.82,13.89,13.62,140714,72453296.0,1.97,0.73,0.1,3.69,0.27000000000000135
2019-09-16,002584,13.84,14.22,15.12,13.79,474171,259333982.0,9.62,2.89,0.4,12.44,1.33
2019-09-17,002584,14.12,13.62,14.12,13.49,323511,166788502.0,4.43,-4.22,-0.6,8.49,0.629999999999999
2019-09-18,002584,13.67,13.52,13.84,13.49,168683,86050964.0,2.57,-0.73,-0.1,4.43,0.34999999999999964
2019-09-19,002584,13.57,13.84,13.94,13.52,201540,103796118.0,3.11,2.37,0.32,5.29,0.41999999999999993
2019-09-20,002584,13.82,13.69,13.94,13.62,159107,82060117.0,2.31,-1.08,-0.15,4.17,0.3200000000000003
2019-09-23,002584,13.59,13.74,13.82,13.44,138605,70231373.0,2.78,0.37,0.05,3.64,0.3800000000000008
2019-09-24,002584,13.79,15.02,15.02,13.77,282124,157578801.0,9.1,9.32,1.28,7.4,1.25
2019-09-25,002584,15.89,14.47,16.14,14.39,885545,509109520.0,11.65,-3.66,-0.55,23.24,1.75
2019-09-26,002584,14.24,14.89,15.52,13.77,739406,404952832.0,12.09,2.9,0.42,19.4,1.75
2019-09-27,002584,14.64,15.14,15.72,14.49,615830,353719856.0,8.26,1.68,0.25,16.16,1.2300000000000004
2019-09-30,002584,15.09,14.82,15.47,14.67,341333,193761788.0,5.28,-2.11,-0.32,8.96,0.8000000000000007
2019-10-08,002584,14.99,15.19,15.49,14.72,341690,194632203.0,5.2,2.5,0.37,8.97,0.7699999999999996
2019-10-09,002584,15.02,16.09,16.39,14.69,565808,333108336.0,11.19,5.92,0.9,14.85,1.700000000000001
2019-10-10,002584,15.87,15.89,16.19,15.54,429481,257575207.0,4.04,-1.24,-0.2,11.27,0.6500000000000021
2019-10-11,002584,15.89,15.24,15.94,15.24,402100,234745770.0,4.41,-4.09,-0.65,10.55,0.6999999999999993
2019-10-14,002584,15.47,15.94,16.27,15.29,409193,242208413.0,6.43,4.59,0.7,10.74,0.9800000000000004
2019-10-15,002584,15.64,16.32,17.12,15.32,643407,391012880.0,11.29,2.38,0.38,16.88,1.8000000000000007
2019-10-16,002584,16.14,16.69,17.02,15.97,603640,379419680.0,6.43,2.27,0.37,15.84,1.049999999999999
2019-10-17,002584,16.42,16.17,16.87,15.94,396163,244353845.0,5.57,-3.12,-0.52,10.4,0.9300000000000015
2019-10-18,002584,16.09,16.14,16.47,15.87,298676,182303005.0,3.71,-0.19,-0.03,7.84,0.5999999999999996
2019-10-21,002584,15.89,14.62,15.92,14.62,339979,189084598.0,8.05,-9.42,-1.52,8.92,1.3000000000000007
2019-10-22,002584,14.29,14.24,14.44,13.84,305102,161809496.0,4.1,-2.6,-0.38,8.01,0.5999999999999996
2019-10-23,002584,14.17,13.89,14.27,13.84,186332,97710931.0,3.02,-2.46,-0.35,4.89,0.4299999999999997
2019-10-24,002584,13.89,13.92,14.09,13.84,138575,72412327.0,1.8,0.22,0.03,3.64,0.25
2019-10-25,002584,13.87,13.77,13.94,13.52,184419,94526089.0,3.02,-1.08,-0.15,4.84,0.41999999999999993
2019-10-28,002584,13.77,13.97,14.02,13.67,157745,82085327.0,2.54,1.45,0.2,4.14,0.34999999999999964
2019-10-29,002584,13.97,13.52,13.97,13.52,179835,92214557.0,3.22,-3.22,-0.45,4.72,0.45000000000000107
2019-10-30,002584,13.52,13.24,13.59,13.24,135435,67461121.0,2.59,-2.07,-0.28,3.55,0.34999999999999964
2019-10-31,002584,13.29,13.14,13.47,13.12,95059,47047869.0,2.64,-0.76,-0.1,2.49,0.3500000000000014
2019-11-01,002584,13.14,13.32,13.52,12.84,130175,64005951.0,5.18,1.37,0.18,3.42,0.6799999999999997
2019-11-04,002584,13.24,13.34,13.47,13.24,97340,48434021.0,1.73,0.15,0.02,2.55,0.23000000000000043
2019-11-05,002584,13.34,13.09,13.34,12.92,110629,54144619.0,3.15,-1.87,-0.25,2.9,0.41999999999999993
2019-11-06,002584,13.14,12.74,13.14,12.67,110575,52884726.0,3.59,-2.67,-0.35,2.9,0.47000000000000064
2019-11-07,002584,12.77,12.99,13.09,12.59,107190,51493886.0,3.92,1.96,0.25,2.81,0.5
2019-11-08,002584,13.02,12.84,13.07,12.79,86168,41490842.0,2.16,-1.15,-0.15,2.26,0.28000000000000114
2019-11-11,002584,12.74,12.52,12.79,12.47,75922,35512840.0,2.49,-2.49,-0.32,1.99,0.3199999999999985
2019-11-12,002584,12.62,12.74,12.74,12.42,77048,36110188.0,2.56,1.76,0.22,2.02,0.3200000000000003
2019-11-13,002584,12.67,12.59,12.79,12.54,67279,31629956.0,1.96,-1.18,-0.15,1.77,0.25
2019-11-14,002584,12.49,12.59,12.67,12.27,82428,38218664.0,3.18,0.0,0.0,2.16,0.40000000000000036
2019-11-15,002584,12.64,12.42,12.64,12.42,62135,28890746.0,1.75,-1.35,-0.17,1.63,0.22000000000000064
2019-11-18,002584,12.34,12.54,12.69,12.34,60098,27956750.0,2.82,0.97,0.12,1.58,0.34999999999999964
2019-11-19,002584,12.57,12.84,12.84,12.49,86890,41078269.0,2.79,2.39,0.3,2.28,0.34999999999999964
2019-11-20,002584,12.82,12.72,12.87,12.62,68717,32553164.0,1.95,-0.93,-0.12,1.8,0.25
2019-11-21,002584,12.64,12.77,12.92,12.59,72203,34365917.0,2.59,0.39,0.05,1.89,0.33000000000000007
2019-11-22,002584,12.72,12.67,12.97,12.52,80831,38268036.0,3.52,-0.78,-0.1,2.12,0.45000000000000107
2019-11-25,002584,12.67,12.57,12.77,12.54,68351,32118490.0,1.82,-0.79,-0.1,1.79,0.23000000000000043
2019-11-26,002584,12.59,12.49,12.62,12.44,45229,21042745.0,1.43,-0.64,-0.08,1.19,0.17999999999999972
2019-11-27,002584,12.44,12.44,12.57,12.42,45336,21007124.0,1.2,-0.4,-0.05,1.19,0.15000000000000036
2019-11-28,002584,12.39,12.39,12.52,12.34,45383,20930316.0,1.45,-0.4,-0.05,1.19,0.17999999999999972
2019-11-29,002584,12.39,12.59,12.67,12.34,57464,26694704.0,2.66,1.61,0.2,1.51,0.33000000000000007
2019-12-02,002584,12.54,12.57,12.69,12.49,47119,21999570.0,1.59,-0.16,-0.02,1.24,0.1999999999999993
2019-12-03,002584,12.49,12.74,12.74,12.39,62369,29188886.0,2.78,1.35,0.17,1.64,0.34999999999999964
2019-12-04,002584,12.64,12.87,12.87,12.62,87466,41664543.0,1.96,1.02,0.13,2.3,0.25
2019-12-05,002584,12.94,12.87,12.97,12.77,75234,36026724.0,1.55,0.0,0.0,1.97,0.20000000000000107
2019-12-06,002584,12.87,12.89,13.12,12.82,74483,35903989.0,2.33,0.16,0.02,1.95,0.29999999999999893
2019-12-09,002584,12.94,12.84,12.97,12.79,57845,27720141.0,1.4,-0.39,-0.05,1.52,0.1800000000000015
2019-12-10,002584,12.79,12.77,12.82,12.62,85147,40309414.0,1.56,-0.55,-0.07,2.23,0.20000000000000107
2019-12-11,002584,12.77,12.84,12.92,12.64,102111,48531036.0,2.19,0.55,0.07,2.68,0.27999999999999936
2019-12-12,002584,12.84,12.99,13.02,12.72,100285,48060136.0,2.34,1.17,0.15,2.63,0.29999999999999893
2019-12-13,002584,13.02,13.02,13.09,12.87,103461,50003096.0,1.69,0.23,0.03,2.71,0.22000000000000064
2019-12-16,002584,13.04,13.24,13.29,12.97,123267,60671106.0,2.46,1.69,0.22,3.23,0.3199999999999985
2019-12-17,002584,13.27,13.29,13.42,13.19,121795,60525595.0,1.74,0.38,0.05,3.2,0.23000000000000043
2019-12-18,002584,13.34,13.37,13.52,13.29,110231,55149826.0,1.73,0.6,0.08,2.89,0.23000000000000043
2019-12-19,002584,13.39,13.47,13.59,13.34,93151,46742811.0,1.87,0.75,0.1,2.44,0.25
2019-12-20,002584,13.54,13.19,13.57,13.17,101939,50719843.0,2.97,-2.08,-0.28,2.67,0.40000000000000036
2019-12-23,002584,13.22,12.84,13.22,12.82,91477,44284176.0,3.03,-2.65,-0.35,2.4,0.40000000000000036
2019-12-24,002584,12.79,13.44,13.44,12.79,165953,81897298.0,5.06,4.67,0.6,4.35,0.6500000000000004
2019-12-25,002584,13.39,13.57,14.34,13.27,272016,139285573.0,7.96,0.97,0.13,7.14,1.0700000000000003
2019-12-26,002584,13.44,14.02,14.14,13.37,318619,165768620.0,5.67,3.32,0.45,8.36,0.7700000000000014
2019-12-27,002584,13.84,13.62,13.89,13.54,257204,131862380.0,2.5,-2.85,-0.4,6.75,0.3500000000000014
2019-12-30,002584,13.52,13.42,13.52,13.14,146911,72935482.0,2.79,-1.47,-0.2,3.85,0.379999999999999
2019-12-31,002584,13.42,13.59,13.87,13.42,136990,69836018.0,3.35,1.27,0.17,3.59,0.4499999999999993
