日期,股票代码,开盘,收盘,最高,最低,成交量,成交额,振幅,涨跌幅,涨跌额,换手率,volatility
2010-01-04,600519,664.26,656.49,664.26,654.11,44305,753405635.0,1.55,0.07,0.46,0.47,10.149999999999977
2010-01-05,600519,660.45,654.6,662.38,652.94,31513,535720422.0,1.44,-0.29,-1.89,0.33,9.43999999999994
2010-01-06,600519,652.9,644.48,654.83,642.78,39889,666073283.0,1.84,-1.55,-10.12,0.42,12.050000000000068
2010-01-07,600519,644.48,633.01,646.11,626.06,48826,801445269.0,3.11,-1.78,-11.47,0.52,20.050000000000068
2010-01-08,600519,634.06,626.51,634.06,619.34,36702,593162176.0,2.33,-1.03,-6.5,0.39,14.719999999999914
2010-01-11,600519,632.55,623.83,637.46,620.85,24461,395563861.0,2.65,-0.43,-2.68,0.26,16.610000000000014
2010-01-12,600519,624.44,640.29,642.25,621.26,31063,509373871.0,3.36,2.64,16.46,0.33,20.99000000000001
2010-01-13,600519,634.02,624.4,638.4,622.74,37924,621261800.0,2.45,-2.48,-15.89,0.4,15.659999999999968
2010-01-14,600519,626.51,651.2,653.69,626.51,46455,775471608.0,4.35,4.29,26.8,0.49,27.180000000000064
2010-01-15,600519,651.09,656.22,669.47,651.09,45939,788328964.0,2.82,0.77,5.02,0.49,18.379999999999995
2010-01-18,600519,656.71,660.41,665.25,656.34,21462,368485894.0,1.36,0.64,4.19,0.23,8.909999999999968
2010-01-19,600519,660.45,655.85,662.38,654.83,17819,302797491.0,1.14,-0.69,-4.56,0.19,7.5499999999999545
2010-01-20,600519,656.37,641.31,657.28,640.86,20973,353315689.0,2.5,-2.22,-14.54,0.22,16.41999999999996
2010-01-21,600519,641.08,644.37,650.6,639.73,17257,287779661.0,1.69,0.48,3.06,0.18,10.870000000000005
2010-01-22,600519,643.88,634.55,646.48,626.1,25433,416305093.0,3.16,-1.52,-9.82,0.27,20.379999999999995
2010-01-25,600519,633.5,641.76,646.52,628.44,23239,385581318.0,2.85,1.14,7.21,0.25,18.079999999999927
2010-01-26,600519,650.18,644.26,657.36,636.33,32889,553152669.0,3.28,0.39,2.5,0.35,21.029999999999973
2010-01-27,600519,641.73,633.99,648.33,632.55,19317,320765897.0,2.45,-1.59,-10.27,0.2,15.780000000000086
2010-01-28,600519,633.53,653.69,658.04,632.17,30268,507716302.0,4.08,3.11,19.7,0.32,25.870000000000005
2010-01-29,600519,656.53,651.2,657.47,647.96,37173,628192888.0,1.45,-0.38,-2.49,0.39,9.509999999999991
2010-02-01,600519,652.49,652.52,655.13,645.43,29656,499867002.0,1.49,0.2,1.32,0.31,9.700000000000045
2010-02-02,600519,649.16,643.58,656.71,642.71,15494,260426281.0,2.15,-1.37,-8.94,0.16,14.0
2010-02-03,600519,642.41,641.35,649.54,634.82,23035,382974414.0,2.29,-0.35,-2.23,0.24,14.719999999999914
2010-02-04,600519,641.24,651.43,653.88,638.33,22475,376703449.0,2.42,1.57,10.08,0.24,15.549999999999955
2010-02-05,600519,647.69,661.43,663.81,645.39,26234,445744684.0,2.83,1.54,10.0,0.28,18.41999999999996
2010-02-08,600519,661.43,661.36,677.85,658.68,31496,548228595.0,2.9,-0.01,-0.07,0.33,19.170000000000073
2010-02-09,600519,664.26,660.9,669.29,658.71,14151,243172993.0,1.6,-0.07,-0.46,0.15,10.579999999999927
2010-02-10,600519,664.26,663.62,666.49,659.36,6398,109830207.0,1.08,0.41,2.72,0.07,7.1299999999999955
2010-02-11,600519,663.51,669.47,673.48,662.75,14945,259254548.0,1.62,0.88,5.85,0.16,10.730000000000018
2010-02-12,600519,671.7,668.38,672.57,665.02,9346,161899961.0,1.13,-0.16,-1.09,0.1,7.550000000000068
2010-02-22,600519,668.04,653.24,668.42,653.2,12178,207127846.0,2.28,-2.27,-15.14,0.13,15.219999999999914
2010-02-23,600519,653.88,644.44,658.6,636.71,23562,391601201.0,3.35,-1.35,-8.8,0.25,21.889999999999986
2010-02-24,600519,644.48,648.86,651.43,639.73,9904,165405133.0,1.82,0.69,4.42,0.1,11.699999999999932
2010-02-25,600519,645.01,650.11,656.71,645.01,15314,258220826.0,1.8,0.19,1.25,0.16,11.700000000000045
2010-02-26,600519,652.86,644.78,652.86,643.88,10339,173028879.0,1.38,-0.82,-5.33,0.11,8.980000000000018
2010-03-01,600519,643.31,642.52,647.09,641.58,21735,361550327.0,0.85,-0.35,-2.26,0.23,5.509999999999991
2010-03-02,600519,643.92,640.1,644.6,637.46,17182,284524248.0,1.11,-0.38,-2.42,0.18,7.139999999999986
2010-03-03,600519,641.58,640.33,642.52,637.57,14233,235470730.0,0.77,0.04,0.23,0.15,4.949999999999932
2010-03-04,600519,641.69,638.37,644.82,634.06,14169,234440689.0,1.68,-0.31,-1.96,0.15,10.760000000000105
2010-03-05,600519,638.4,635.61,639.54,635.12,9771,160821083.0,0.69,-0.43,-2.76,0.1,4.419999999999959
2010-03-08,600519,635.87,630.97,637.76,629.53,23259,380034354.0,1.29,-0.73,-4.64,0.25,8.230000000000018
2010-03-09,600519,631.04,630.93,632.93,629.15,12341,201437828.0,0.6,-0.01,-0.04,0.13,3.7799999999999727
2010-03-10,600519,631.31,632.78,632.93,629.91,11814,192984027.0,0.48,0.29,1.85,0.13,3.019999999999982
2010-03-11,600519,633.53,630.33,635.76,628.7,13519,220769894.0,1.12,-0.39,-2.45,0.14,7.059999999999945
2010-03-12,600519,630.36,626.21,632.82,624.96,12192,197699619.0,1.25,-0.65,-4.12,0.13,7.860000000000014
2010-03-15,600519,626.17,614.05,626.17,611.03,15809,251338919.0,2.42,-1.94,-12.16,0.17,15.139999999999986
2010-03-16,600519,614.05,614.96,617.64,611.03,7764,123284715.0,1.08,0.15,0.91,0.08,6.610000000000014
2010-03-17,600519,615.11,620.89,621.15,614.81,18711,298972351.0,1.03,0.96,5.93,0.2,6.340000000000032
2010-03-18,600519,621.15,612.96,624.13,610.47,14727,234364030.0,2.2,-1.28,-7.93,0.16,13.659999999999968
2010-03-19,600519,614.73,614.28,616.47,611.41,13362,212046433.0,0.83,0.22,1.32,0.14,5.060000000000059
2010-03-22,600519,616.09,611.41,617.45,610.2,23008,364454790.0,1.18,-0.47,-2.87,0.24,7.25
2010-03-23,600519,610.69,608.69,613.22,607.33,18330,288785264.0,0.96,-0.44,-2.72,0.19,5.889999999999986
2010-03-24,600519,609.83,615.75,618.13,609.71,20176,320611718.0,1.38,1.16,7.06,0.21,8.419999999999959
2010-03-25,600519,614.81,611.03,614.81,610.66,9814,155141078.0,0.67,-0.77,-4.72,0.1,4.149999999999977
2010-03-26,600519,612.05,617.68,622.28,611.71,20527,328239751.0,1.73,1.09,6.65,0.22,10.569999999999936
2010-03-29,600519,617.83,625.46,626.4,615.22,31475,505626392.0,1.81,1.26,7.78,0.33,11.17999999999995
2010-03-30,600519,625.61,619.0,626.36,617.07,19012,304981145.0,1.49,-1.03,-6.46,0.2,9.289999999999964
2010-03-31,600519,618.85,614.28,625.08,613.3,14905,237596436.0,1.9,-0.76,-4.72,0.16,11.780000000000086
2010-04-01,600519,614.36,619.19,620.85,614.28,23981,383228783.0,1.07,0.8,4.91,0.25,6.57000000000005
2010-04-02,600519,611.41,591.14,611.41,587.25,154282,2359758883.0,3.9,-4.53,-28.05,1.63,24.159999999999968
2010-04-06,600519,588.38,588.16,592.5,586.12,53123,806704607.0,1.08,-0.5,-2.98,0.56,6.3799999999999955
2010-04-07,600519,588.27,589.25,591.97,585.82,41061,623779291.0,1.05,0.19,1.09,0.44,6.149999999999977
2010-04-08,600519,589.36,583.14,589.4,581.21,32921,497205376.0,1.39,-1.04,-6.11,0.35,8.18999999999994
2010-04-09,600519,581.25,577.96,583.47,572.87,54418,809627274.0,1.82,-0.89,-5.18,0.58,10.600000000000023
2010-04-12,600519,578.19,570.98,580.38,569.05,38514,568871643.0,1.96,-1.21,-6.98,0.41,11.330000000000041
2010-04-13,600519,571.39,580.76,584.95,569.51,54305,807780230.0,2.7,1.71,9.78,0.58,15.440000000000055
2010-04-14,600519,584.49,583.17,584.49,574.64,46368,693802745.0,1.7,0.41,2.41,0.49,9.850000000000023
2010-04-15,600519,583.66,571.7,583.66,569.88,40617,602138292.0,2.36,-1.97,-11.47,0.43,13.779999999999973
2010-04-16,600519,571.66,573.58,579.36,569.13,29396,434500524.0,1.79,0.33,1.88,0.31,10.230000000000018
2010-04-19,600519,573.7,566.71,579.51,565.54,41332,609860437.0,2.44,-1.2,-6.87,0.44,13.970000000000027
2010-04-20,600519,566.11,556.75,566.11,543.91,49387,704502590.0,3.92,-1.76,-9.96,0.52,22.200000000000045
2010-04-21,600519,556.67,573.73,574.45,549.91,63366,922573405.0,4.41,3.05,16.98,0.67,24.540000000000077
2010-04-22,600519,571.21,575.77,578.38,566.22,37064,549560405.0,2.12,0.36,2.04,0.39,12.159999999999968
2010-04-23,600519,573.66,557.92,579.7,555.16,66687,972162191.0,4.26,-3.1,-17.85,0.71,24.540000000000077
2010-04-26,600519,539.68,531.87,541.87,531.75,107036,1480340425.0,1.81,-4.67,-26.05,1.13,10.120000000000005
2010-04-27,600519,531.72,516.84,531.72,515.9,58234,781868466.0,2.97,-2.83,-15.03,0.62,15.82000000000005
2010-04-28,600519,513.26,513.75,518.54,509.48,26287,347144556.0,1.75,-0.6,-3.09,0.28,9.059999999999945
2010-04-29,600519,515.37,521.75,525.56,515.37,34501,464124490.0,1.98,1.56,8.0,0.37,10.18999999999994
2010-04-30,600519,511.1,502.04,511.1,497.21,85567,1102902799.0,2.66,-3.78,-19.71,0.91,13.890000000000043
2010-05-04,600519,498.12,500.57,504.04,493.96,23975,308504586.0,2.01,-0.29,-1.47,0.25,10.080000000000041
2010-05-05,600519,497.4,508.69,510.39,495.51,33839,440483241.0,2.97,1.62,8.12,0.36,14.879999999999995
2010-05-06,600519,509.48,495.7,509.48,495.51,28240,364015607.0,2.75,-2.55,-12.99,0.3,13.970000000000027
2010-05-07,600519,490.6,505.74,507.1,488.72,31255,401357091.0,3.71,2.03,10.04,0.33,18.379999999999995
2010-05-10,600519,513.26,519.07,528.36,513.26,66193,888886062.0,2.99,2.64,13.33,0.7,15.100000000000023
2010-05-11,600519,526.81,519.52,528.36,516.39,33632,450668323.0,2.31,0.09,0.45,0.36,11.970000000000027
2010-05-12,600519,518.13,517.71,520.81,505.71,21643,285567368.0,2.91,-0.35,-1.81,0.23,15.099999999999966
2010-05-13,600519,517.9,524.09,527.22,517.9,27050,365164014.0,1.8,1.23,6.38,0.29,9.32000000000005
2010-05-14,600519,524.13,524.39,528.77,520.81,18126,245038802.0,1.52,0.06,0.3,0.19,7.960000000000036
2010-05-17,600519,523.45,504.95,523.45,504.2,17644,231880074.0,3.67,-3.71,-19.44,0.19,19.250000000000057
2010-05-18,600519,505.71,506.12,509.37,491.28,26037,334232104.0,3.58,0.23,1.17,0.28,18.090000000000032
2010-05-19,600519,507.59,505.06,510.24,498.23,10799,140244493.0,2.37,-0.21,-1.06,0.11,12.009999999999991
2010-05-20,600519,503.63,511.29,518.28,501.97,22740,300553538.0,3.23,1.23,6.23,0.24,16.309999999999945
2010-05-21,600519,503.44,521.6,523.07,499.93,27341,362007811.0,4.53,2.02,10.31,0.29,23.140000000000043
2010-05-24,600519,524.54,528.24,530.24,521.94,29783,404173639.0,1.59,1.27,6.64,0.32,8.299999999999955
2010-05-25,600519,526.85,510.42,526.85,508.54,22051,292444449.0,3.47,-3.37,-17.82,0.23,18.310000000000002
2010-05-26,600519,511.37,513.03,515.75,506.31,11025,145156073.0,1.85,0.51,2.61,0.12,9.439999999999998
2010-05-31,600519,518.92,512.8,525.41,512.8,23550,314717160.0,2.46,-0.04,-0.23,0.25,12.610000000000014
2010-06-01,600519,512.31,515.63,518.77,507.59,23526,311393511.0,2.18,0.55,2.83,0.25,11.180000000000007
2010-06-02,600519,515.37,521.41,522.32,511.93,21889,291694861.0,2.02,1.12,5.78,0.23,10.390000000000043
2010-06-03,600519,524.54,524.7,530.24,518.54,24949,338070633.0,2.24,0.63,3.29,0.26,11.700000000000045
2010-06-04,600519,524.32,536.36,537.42,521.6,30036,410658458.0,3.02,2.22,11.66,0.32,15.819999999999936
2010-06-07,600519,532.13,547.46,552.03,528.36,38125,535882247.0,4.41,2.07,11.1,0.4,23.66999999999996
2010-06-08,600519,547.46,543.91,550.56,539.68,14395,202331408.0,1.99,-0.65,-3.55,0.15,10.879999999999995
2010-06-09,600519,544.29,548.82,553.27,543.76,18054,255194304.0,1.75,0.9,4.91,0.19,9.509999999999991
2010-06-10,600519,548.74,548.55,553.27,545.46,11781,166835001.0,1.42,-0.05,-0.27,0.12,7.809999999999945
2010-06-11,600519,549.38,538.59,552.9,538.02,19573,274933803.0,2.71,-1.82,-9.96,0.21,14.879999999999995
2010-06-17,600519,540.44,530.17,541.53,529.53,12524,172316218.0,2.23,-1.56,-8.42,0.13,12.0
2010-06-18,600519,528.39,514.24,531.38,509.52,20102,270316817.0,4.12,-3.0,-15.93,0.21,21.860000000000014
2010-06-21,600519,514.77,522.47,522.69,510.24,18954,251513446.0,2.42,1.6,8.23,0.2,12.450000000000045
2010-06-22,600519,518.01,513.97,520.58,510.99,20779,275184084.0,1.84,-1.63,-8.5,0.22,9.590000000000032
2010-06-23,600519,513.26,512.12,516.58,511.07,12813,169174743.0,1.07,-0.36,-1.85,0.14,5.510000000000048
2010-06-24,600519,512.92,505.59,515.03,504.5,24344,317936253.0,2.06,-1.28,-6.53,0.26,10.529999999999973
2010-06-25,600519,504.95,507.67,509.48,501.29,19011,246313336.0,1.62,0.41,2.08,0.2,8.189999999999998
2010-06-28,600519,506.46,498.19,506.54,497.44,14817,190660624.0,1.79,-1.87,-9.48,0.16,9.100000000000023
2010-06-29,600519,500.08,491.62,503.4,488.76,27783,354061610.0,2.94,-1.32,-6.57,0.29,14.639999999999986
2010-06-30,600519,490.6,495.74,496.27,489.28,17824,225134758.0,1.42,0.84,4.12,0.19,6.990000000000009
2010-07-01,600519,497.59,494.46,497.59,492.49,7450,94688255.0,1.03,-0.26,-1.28,0.08,5.099999999999966
2010-07-02,600519,492.68,496.95,502.31,492.68,16453,209978232.0,1.95,0.5,2.49,0.17,9.629999999999995
2010-07-05,600519,496.97,494.36,498.1,489.64,14041,176428087.0,1.7,-0.52,-2.59,0.15,8.460000000000036
2010-07-06,600519,494.7,501.12,503.23,491.3,15306,195146898.0,2.41,1.37,6.76,0.16,11.930000000000007
2010-07-07,600519,501.12,500.06,504.52,496.97,8788,111689439.0,1.51,-0.21,-1.06,0.09,7.5499999999999545
2010-07-08,600519,499.27,503.84,504.52,499.27,8516,108893890.0,1.05,0.76,3.78,0.09,5.25
2010-07-09,600519,504.82,514.18,518.48,501.53,27379,357390425.0,3.36,2.05,10.34,0.29,16.950000000000045
2010-07-12,600519,513.2,512.86,522.64,512.26,17834,235347809.0,2.02,-0.26,-1.32,0.19,10.379999999999995
2010-07-13,600519,512.97,508.48,512.97,504.55,7439,96225621.0,1.64,-0.85,-4.38,0.08,8.420000000000016
2010-07-14,600519,507.91,511.09,514.56,506.52,9643,125763296.0,1.58,0.51,2.61,0.1,8.039999999999964
2010-07-15,600519,512.07,517.09,522.26,511.5,18833,248573676.0,2.11,1.17,6.0,0.2,10.759999999999991
2010-07-16,600519,513.58,524.56,526.56,512.37,32950,438987876.0,2.74,1.44,7.47,0.35,14.18999999999994
2010-07-19,600519,521.69,532.08,533.59,521.17,19412,261608074.0,2.37,1.43,7.52,0.21,12.420000000000073
2010-07-20,600519,532.76,534.76,537.7,527.85,26886,366053258.0,1.85,0.5,2.68,0.28,9.850000000000023
2010-07-21,600519,534.76,539.93,549.44,534.76,24363,338324505.0,2.75,0.97,5.17,0.26,14.680000000000064
2010-07-22,600519,543.4,540.23,543.4,535.85,16222,223560516.0,1.4,0.06,0.3,0.17,7.5499999999999545
2010-07-23,600519,541.06,550.61,551.78,541.06,38466,539887868.0,1.98,1.92,10.38,0.41,10.720000000000027
2010-07-26,600519,550.61,551.56,558.43,548.88,22017,311555737.0,1.73,0.17,0.95,0.23,9.549999999999955
2010-07-27,600519,548.31,555.48,556.16,548.31,25229,357546813.0,1.42,0.71,3.92,0.27,7.850000000000023
2010-07-28,600519,557.75,559.03,559.37,553.59,27740,395352770.0,1.04,0.64,3.55,0.29,5.779999999999973
2010-07-29,600519,558.99,545.74,559.63,544.76,45373,636454908.0,2.66,-2.38,-13.29,0.48,14.870000000000005
2010-07-30,600519,545.21,542.91,545.21,538.49,29439,406203348.0,1.23,-0.52,-2.83,0.31,6.720000000000027
2010-08-02,600519,542.76,561.33,567.79,542.76,42966,614400254.0,4.61,3.39,18.42,0.46,25.029999999999973
2010-08-03,600519,559.26,556.46,566.05,555.52,17573,251858817.0,1.88,-0.87,-4.87,0.19,10.529999999999973
2010-08-04,600519,555.48,563.11,563.79,554.42,17350,249201032.0,1.68,1.2,6.65,0.18,9.370000000000005
2010-08-05,600519,563.33,578.74,583.23,563.33,41966,620781742.0,3.53,2.78,15.63,0.44,19.899999999999977
2010-08-06,600519,577.38,578.89,581.15,575.11,21841,323918732.0,1.04,0.03,0.15,0.23,6.039999999999964
2010-08-09,600519,579.08,591.76,594.06,579.08,38704,586147268.0,2.59,2.22,12.87,0.41,14.979999999999905
2010-08-10,600519,591.76,573.45,599.24,572.47,28740,427619893.0,4.52,-3.09,-18.31,0.3,26.769999999999982
2010-08-11,600519,570.58,577.57,581.91,570.58,15191,224550906.0,1.98,0.72,4.12,0.16,11.329999999999927
2010-08-12,600519,577.38,581.61,592.86,571.38,31026,463112778.0,3.72,0.7,4.04,0.33,21.480000000000018
2010-08-13,600519,581.46,587.16,591.2,579.34,15776,236758807.0,2.04,0.95,5.55,0.17,11.860000000000014
2010-08-16,600519,587.23,596.63,598.1,587.23,25910,395272912.0,1.85,1.61,9.47,0.27,10.870000000000005
2010-08-17,600519,596.25,604.9,609.28,595.12,35748,554777110.0,2.37,1.39,8.27,0.38,14.159999999999968
2010-08-18,600519,604.48,596.4,609.92,594.37,30174,464752257.0,2.57,-1.41,-8.5,0.32,15.549999999999955
2010-08-19,600519,596.56,590.44,600.41,587.57,35437,536485063.0,2.15,-1.0,-5.96,0.38,12.839999999999918
2010-08-20,600519,590.18,581.49,590.18,579.95,20842,311220147.0,1.73,-1.52,-8.95,0.22,10.229999999999905
2010-08-23,600519,579.08,588.4,589.08,578.13,13215,197952515.0,1.88,1.19,6.91,0.14,10.950000000000045
2010-08-24,600519,586.89,591.04,596.97,582.29,10838,164253365.0,2.49,0.45,2.64,0.11,14.680000000000064
2010-08-25,600519,587.57,584.89,592.93,584.29,16508,249067209.0,1.46,-1.04,-6.15,0.17,8.639999999999986
2010-08-26,600519,585.31,587.08,587.76,580.02,12233,183116485.0,1.32,0.37,2.19,0.13,7.740000000000009
2010-08-27,600519,585.68,589.69,590.33,582.66,8799,132580368.0,1.31,0.44,2.61,0.09,7.670000000000073
2010-08-30,600519,592.03,622.76,623.44,592.03,53784,849497659.0,5.33,5.61,33.07,0.57,31.410000000000082
2010-08-31,600519,617.89,620.53,627.17,615.43,31400,501261374.0,1.89,-0.36,-2.23,0.33,11.740000000000009
2010-09-01,600519,618.91,611.66,627.97,607.96,25589,406904438.0,3.22,-1.43,-8.87,0.27,20.00999999999999
2010-09-02,600519,615.89,623.4,631.29,615.39,24822,399335601.0,2.6,1.92,11.74,0.26,15.899999999999977
2010-09-03,600519,622.68,633.33,643.75,622.68,27761,452832217.0,3.38,1.59,9.93,0.29,21.07000000000005
2010-09-06,600519,638.54,648.8,655.9,638.54,29008,485289346.0,2.74,2.44,15.47,0.31,17.360000000000014
2010-09-07,600519,650.05,643.33,657.79,641.56,22374,372434005.0,2.5,-0.84,-5.47,0.24,16.230000000000018
2010-09-08,600519,642.31,647.9,651.75,642.31,15011,250344694.0,1.47,0.71,4.57,0.16,9.440000000000055
2010-09-09,600519,649.86,649.45,657.79,646.09,21504,360593531.0,1.81,0.24,1.55,0.23,11.699999999999932
2010-09-10,600519,651.75,659.26,660.81,647.97,19868,335023684.0,1.98,1.51,9.81,0.21,12.839999999999918
2010-09-13,600519,657.41,656.58,674.21,653.45,28063,480493819.0,3.15,-0.41,-2.68,0.3,20.75999999999999
2010-09-14,600519,656.47,650.96,662.02,644.58,26383,441034013.0,2.66,-0.86,-5.62,0.28,17.43999999999994
2010-09-15,600519,649.86,632.68,650.96,629.85,21032,347008844.0,3.24,-2.81,-18.28,0.22,21.110000000000014
2010-09-16,600519,631.36,620.94,638.72,611.69,20498,327836606.0,4.27,-1.86,-11.74,0.22,27.029999999999973
2010-09-17,600519,620.49,630.27,640.2,614.04,17975,290800424.0,4.21,1.5,9.33,0.19,26.160000000000082
2010-09-20,600519,634.23,640.99,646.09,630.99,12576,206418537.0,2.4,1.7,10.72,0.13,15.100000000000023
2010-09-21,600519,647.97,646.39,649.41,638.57,14940,247684425.0,1.69,0.84,5.4,0.16,10.839999999999918
2010-09-27,600519,646.46,656.77,657.41,643.44,18548,310077012.0,2.16,1.61,10.38,0.2,13.969999999999914
2010-09-28,600519,655.86,664.13,665.68,653.64,22585,384574256.0,1.83,1.12,7.36,0.24,12.039999999999964
2010-09-29,600519,662.7,650.47,667.04,649.9,13272,225065386.0,2.58,-2.06,-13.66,0.14,17.139999999999986
2010-09-30,600519,648.2,656.39,658.17,646.09,14579,244719876.0,1.86,0.91,5.92,0.15,12.079999999999927
2010-10-08,600519,657.41,674.51,681.95,657.41,31609,549853018.0,3.74,2.76,18.12,0.33,24.540000000000077
2010-10-11,600519,676.29,652.88,685.46,646.09,43743,742024422.0,5.84,-3.21,-21.63,0.46,39.370000000000005
2010-10-12,600519,652.92,648.35,661.11,639.63,28543,473412980.0,3.29,-0.69,-4.53,0.3,21.480000000000018
2010-10-13,600519,646.09,627.21,648.09,622.87,60288,972450177.0,3.89,-3.26,-21.14,0.64,25.220000000000027
2010-10-14,600519,627.29,617.55,628.34,611.39,53244,842374776.0,2.7,-1.54,-9.66,0.56,16.950000000000045
2010-10-15,600519,617.85,623.36,634.76,617.06,72100,1152421933.0,2.87,0.94,5.81,0.76,17.700000000000045
2010-10-18,600519,623.44,632.57,642.92,603.8,96564,1522116994.0,6.28,1.48,9.21,1.02,39.120000000000005
2010-10-19,600519,628.8,635.78,641.93,623.44,53448,870135034.0,2.92,0.51,3.21,0.57,18.489999999999895
2010-10-20,600519,623.81,651.41,657.03,623.78,47373,788461639.0,5.23,2.46,15.63,0.5,33.25
2010-10-21,600519,652.13,651.64,661.38,645.33,37622,632118759.0,2.46,0.04,0.23,0.4,16.049999999999955
2010-10-22,600519,651.67,654.05,667.23,648.58,41047,697025656.0,2.86,0.37,2.41,0.43,18.649999999999977
2010-10-25,600519,657.41,672.51,675.53,654.13,36195,622609050.0,3.27,2.82,18.46,0.38,21.399999999999977
2010-10-26,600519,671.76,657.45,672.06,653.67,28591,484027261.0,2.73,-2.24,-15.06,0.3,18.389999999999986
2010-10-27,600519,656.47,654.2,658.92,647.97,28913,484076380.0,1.67,-0.49,-3.25,0.31,10.949999999999932
2010-10-28,600519,653.26,650.01,654.77,648.84,19441,325743881.0,0.91,-0.64,-4.19,0.21,5.92999999999995
2010-10-29,600519,641.33,635.33,642.58,625.32,65466,1064852159.0,2.66,-2.26,-14.68,0.69,17.25999999999999
2010-11-01,600519,635.52,637.63,641.93,631.74,49659,810910408.0,1.6,0.36,2.3,0.53,10.18999999999994
2010-11-02,600519,640.5,633.52,640.5,629.44,62292,1009953812.0,1.73,-0.64,-4.11,0.66,11.059999999999945
2010-11-03,600519,634.76,636.08,644.77,629.1,42253,693876483.0,2.47,0.4,2.56,0.45,15.669999999999959
2010-11-04,600519,638.35,642.5,644.35,633.93,44629,732196946.0,1.64,1.01,6.42,0.47,10.420000000000073
2010-11-05,600519,643.44,638.46,646.09,635.89,34655,569207561.0,1.59,-0.63,-4.04,0.37,10.200000000000045
2010-11-08,600519,638.5,636.61,638.54,628.15,56894,922801037.0,1.63,-0.29,-1.85,0.6,10.389999999999986
2010-11-09,600519,637.03,645.56,648.31,633.7,60738,1002019514.0,2.29,1.41,8.95,0.64,14.6099999999999
2010-11-10,600519,648.35,697.92,708.19,647.97,150005,2670067328.0,9.33,8.11,52.36,1.59,60.22000000000003
2010-11-11,600519,706.45,683.54,706.45,676.7,74217,1322968333.0,4.26,-2.06,-14.38,0.79,29.75
2010-11-12,600519,682.14,689.61,729.44,682.03,126500,2298576167.0,6.94,0.89,6.07,1.34,47.41000000000008
2010-11-15,600519,706.45,712.87,729.14,706.45,79039,1458250426.0,3.29,3.37,23.26,0.84,22.68999999999994
2010-11-16,600519,721.55,688.33,721.59,678.18,72292,1294350638.0,6.09,-3.44,-24.54,0.77,43.41000000000008
2010-11-17,600519,683.46,642.31,683.46,637.78,80509,1362362423.0,6.64,-6.69,-46.02,0.85,45.680000000000064
2010-11-18,600519,648.16,659.26,664.85,646.09,40286,680881283.0,2.92,2.64,16.95,0.43,18.75999999999999
2010-11-19,600519,665.34,680.67,683.84,661.98,48955,848958178.0,3.32,3.25,21.41,0.52,21.860000000000014
2010-11-22,600519,679.61,693.31,707.92,675.53,47941,857696481.0,4.76,1.86,12.64,0.51,32.389999999999986
2010-11-23,600519,692.82,733.07,733.67,684.59,108470,1995630382.0,7.08,5.73,39.76,1.15,49.07999999999993
2010-11-24,600519,744.24,774.14,799.36,744.24,110799,2220954810.0,7.52,5.6,41.07,1.17,55.120000000000005
2010-11-25,600519,776.44,785.66,788.11,763.12,45580,916382376.0,3.23,1.49,11.52,0.48,24.99000000000001
2010-11-26,600519,785.66,801.78,822.28,776.75,63799,1324934628.0,5.8,2.05,16.12,0.68,45.52999999999997
2010-11-29,600519,794.26,836.47,857.5,794.26,67499,1441023288.0,7.89,4.33,34.69,0.72,63.24000000000001
2010-11-30,600519,836.24,792.6,836.24,775.69,65665,1356812148.0,7.24,-5.24,-43.87,0.7,60.549999999999955
2010-12-01,600519,785.77,783.5,804.65,774.52,38016,773495042.0,3.8,-1.15,-9.1,0.4,30.129999999999995
2010-12-02,600519,790.3,767.53,797.09,766.55,42940,864862808.0,3.9,-2.04,-15.97,0.45,30.540000000000077
2010-12-03,600519,766.89,773.65,787.62,765.76,43037,863905870.0,2.85,0.8,6.12,0.46,21.860000000000014
2010-12-06,600519,773.88,748.09,781.99,737.11,43282,839963278.0,5.8,-3.3,-25.56,0.46,44.879999999999995
2010-12-07,600519,743.83,765.23,769.91,736.16,31805,621615004.0,4.51,2.29,17.14,0.34,33.75
2010-12-08,600519,765.01,760.02,781.24,759.38,28335,564539229.0,2.86,-0.68,-5.21,0.3,21.860000000000014
2010-12-09,600519,759.3,756.55,762.29,745.37,24461,474949022.0,2.23,-0.46,-3.47,0.26,16.91999999999996
2010-12-10,600519,749.34,765.84,770.22,740.47,39587,766519126.0,3.93,1.23,9.29,0.42,29.75
2010-12-13,600519,765.01,763.08,765.01,749.9,58593,1144043372.0,1.97,-0.36,-2.76,0.62,15.110000000000014
2010-12-14,600519,764.29,766.55,780.11,762.36,61543,1224103219.0,2.33,0.45,3.47,0.65,17.75
2010-12-15,600519,766.89,777.09,787.01,766.89,47424,953073582.0,2.62,1.37,10.54,0.5,20.120000000000005
2010-12-16,600519,819.71,800.79,821.63,798.98,66818,1396868342.0,2.91,3.05,23.7,0.71,22.649999999999977
2010-12-17,600519,804.65,791.13,809.18,788.83,51770,1060471130.0,2.54,-1.21,-9.66,0.55,20.34999999999991
2010-12-20,600519,797.02,764.55,799.59,751.79,68557,1361002093.0,6.04,-3.36,-26.58,0.73,47.80000000000007
2010-12-21,600519,764.44,751.79,765.42,748.05,59359,1153389514.0,2.27,-1.67,-12.76,0.63,17.370000000000005
2010-12-22,600519,752.06,740.28,753.64,736.69,44151,845830946.0,2.25,-1.53,-11.51,0.47,16.949999999999932
2010-12-23,600519,739.9,739.37,746.88,736.69,32744,626262013.0,1.38,-0.12,-0.91,0.35,10.18999999999994
2010-12-24,600519,739.37,731.86,740.13,725.37,29409,553596991.0,2.0,-1.02,-7.51,0.31,14.759999999999991
2010-12-27,600519,732.92,710.23,736.65,707.66,45246,844631482.0,3.96,-2.96,-21.63,0.48,28.99000000000001
2010-12-28,600519,710.27,711.25,723.86,689.12,48176,873676036.0,4.89,0.14,1.02,0.51,34.74000000000001
2010-12-29,600519,710.64,721.59,721.85,706.49,30968,569651391.0,2.16,1.45,10.34,0.33,15.360000000000014
2010-12-30,600519,723.48,706.23,723.48,699.69,41775,760950273.0,3.3,-2.13,-15.36,0.44,23.789999999999964
2010-12-31,600519,705.73,713.74,715.1,702.9,46085,843075733.0,1.73,1.06,7.51,0.49,12.200000000000045
2011-01-04,600519,724.99,719.7,728.76,708.75,60462,1116558389.0,2.8,0.84,5.96,0.64,20.00999999999999
2011-01-05,600519,717.44,703.02,719.33,700.83,58198,1064872709.0,2.57,-2.32,-16.68,0.62,18.5
2011-01-06,600519,703.51,699.85,712.53,693.05,37585,677983969.0,2.77,-0.45,-3.17,0.4,19.480000000000018
2011-01-07,600519,699.62,697.88,705.32,693.28,30534,548732363.0,1.72,-0.28,-1.97,0.32,12.040000000000077
2011-01-10,600519,697.5,677.46,700.86,676.82,38785,687881571.0,3.44,-2.93,-20.42,0.41,24.039999999999964
2011-01-11,600519,675.08,674.63,681.95,665.76,45322,787943021.0,2.39,-0.42,-2.83,0.48,16.190000000000055
2011-01-12,600519,676.67,678.06,683.84,670.29,31323,546334112.0,2.01,0.51,3.43,0.33,13.550000000000068
2011-01-13,600519,681.95,697.01,702.71,678.14,41342,740207616.0,3.62,2.79,18.95,0.44,24.57000000000005
2011-01-14,600519,694.98,699.66,703.51,688.75,25773,461741103.0,2.12,0.38,2.65,0.27,14.759999999999991
2011-01-17,600519,697.81,682.29,707.24,680.14,37475,673586235.0,3.87,-2.48,-17.37,0.4,27.100000000000023
2011-01-18,600519,680.44,708.6,708.79,676.25,40962,738283975.0,4.77,3.86,26.31,0.43,32.539999999999964
2011-01-19,600519,708.6,709.62,712.42,703.13,26199,478032606.0,1.31,0.14,1.02,0.28,9.289999999999964
2011-01-20,600519,707.62,699.2,714.0,692.33,24523,444085191.0,3.05,-1.47,-10.42,0.26,21.66999999999996
2011-01-21,600519,698.18,683.42,704.6,682.56,26867,479005923.0,3.15,-2.26,-15.78,0.28,22.040000000000077
2011-01-24,600519,683.35,666.93,689.43,661.23,34775,601578015.0,4.13,-2.41,-16.49,0.37,28.199999999999932
2011-01-25,600519,664.89,663.83,670.25,661.19,17239,294978979.0,1.36,-0.46,-3.1,0.18,9.059999999999945
2011-01-26,600519,665.0,669.27,676.25,665.0,14326,247045171.0,1.69,0.82,5.44,0.15,11.25
2011-01-27,600519,668.59,672.74,681.12,659.6,29444,507387589.0,3.22,0.52,3.47,0.31,21.519999999999982
2011-01-28,600519,672.55,673.8,676.78,670.17,19591,339796042.0,0.98,0.16,1.06,0.21,6.610000000000014
2011-01-31,600519,674.4,691.35,702.41,672.55,32442,577621803.0,4.43,2.6,17.55,0.34,29.860000000000014
2011-02-01,600519,691.39,700.0,705.92,689.5,17758,319648600.0,2.38,1.25,8.65,0.19,16.41999999999996
2011-02-09,600519,698.9,691.24,702.0,687.61,17675,317003717.0,2.06,-1.25,-8.76,0.19,14.389999999999986
2011-02-10,600519,688.94,717.93,721.55,688.75,36009,656695297.0,4.75,3.86,26.69,0.38,32.799999999999955
2011-02-11,600519,716.83,717.55,730.84,715.14,34001,634257226.0,2.19,-0.05,-0.38,0.36,15.700000000000045
2011-02-14,600519,717.55,725.78,729.14,713.66,36639,681621643.0,2.16,1.15,8.23,0.39,15.480000000000018
2011-02-15,600519,725.78,718.72,732.16,717.06,29716,554140643.0,2.08,-0.97,-7.06,0.31,15.100000000000023
2011-02-16,600519,717.85,712.83,721.55,705.36,36440,667440837.0,2.25,-0.82,-5.89,0.39,16.18999999999994
2011-02-17,600519,710.27,703.7,712.91,702.07,36364,662075979.0,1.52,-1.28,-9.13,0.39,10.839999999999918
2011-02-18,600519,701.96,706.41,719.51,700.07,36829,676343235.0,2.76,0.39,2.71,0.39,19.43999999999994
2011-02-21,600519,706.49,712.08,717.06,703.47,27290,498811371.0,1.92,0.8,5.67,0.29,13.589999999999918
2011-02-22,600519,712.08,706.04,718.76,702.71,38294,701713006.0,2.25,-0.85,-6.04,0.41,16.049999999999955
2011-02-23,600519,703.13,709.36,712.04,703.13,19422,353816777.0,1.26,0.47,3.32,0.21,8.909999999999968
2011-02-24,600519,708.68,707.06,712.04,703.17,20476,373539569.0,1.25,-0.32,-2.3,0.22,8.870000000000005
2011-02-25,600519,709.81,697.5,709.81,695.92,29413,532482186.0,1.96,-1.35,-9.56,0.31,13.889999999999986
2011-02-28,600519,696.3,693.96,696.9,683.84,39093,693295724.0,1.87,-0.51,-3.54,0.41,13.059999999999945
2011-03-01,600519,694.07,693.81,698.68,690.63,23059,411728226.0,1.16,-0.02,-0.15,0.24,8.049999999999955
2011-03-02,600519,692.14,688.41,695.16,683.88,32096,569125294.0,1.63,-0.78,-5.4,0.34,11.279999999999973
2011-03-03,600519,688.63,680.06,693.99,679.12,37735,663456221.0,2.16,-1.21,-8.35,0.4,14.870000000000005
2011-03-04,600519,680.06,683.57,686.78,678.18,33351,587411610.0,1.26,0.52,3.51,0.35,8.600000000000023
2011-03-07,600519,683.23,689.05,689.61,683.23,33554,593119911.0,0.93,0.8,5.48,0.36,6.3799999999999955
2011-03-08,600519,689.24,686.56,689.88,679.31,31870,560058561.0,1.53,-0.36,-2.49,0.34,10.57000000000005
2011-03-09,600519,689.46,691.35,692.14,684.03,22971,406818003.0,1.18,0.7,4.79,0.24,8.110000000000014
2011-03-10,600519,691.28,706.49,714.8,689.05,54492,991540447.0,3.72,2.19,15.14,0.58,25.75
2011-03-11,600519,704.98,699.09,711.78,698.52,23345,424871796.0,1.88,-1.05,-7.4,0.25,13.259999999999991
2011-03-14,600519,697.13,709.81,714.04,695.58,22373,408383265.0,2.64,1.53,10.72,0.24,18.459999999999923
2011-03-15,600519,705.13,696.18,711.1,687.73,30899,554199756.0,3.29,-1.92,-13.63,0.33,23.370000000000005
2011-03-16,600519,697.43,705.89,710.15,696.33,24176,438681962.0,1.99,1.39,9.71,0.26,13.819999999999936
2011-03-17,600519,702.34,733.03,734.92,699.62,88523,1653009378.0,5.0,3.84,27.14,0.94,35.299999999999955
2011-03-18,600519,734.99,741.03,752.17,725.86,61484,1175141410.0,3.59,1.09,8.0,0.65,26.309999999999945
2011-03-21,600519,735.94,725.86,740.39,716.12,48651,910057839.0,3.28,-2.05,-15.17,0.52,24.269999999999982
2011-03-22,600519,730.58,720.65,736.62,718.57,27888,521369663.0,2.49,-0.72,-5.21,0.3,18.049999999999955
2011-03-23,600519,721.63,723.63,724.2,712.15,42882,792668100.0,1.67,0.41,2.98,0.45,12.050000000000068
2011-03-24,600519,722.72,712.34,723.67,712.15,21353,393924337.0,1.59,-1.56,-11.29,0.23,11.519999999999982
2011-03-25,600519,710.27,711.89,720.01,710.27,27906,513404256.0,1.37,-0.06,-0.45,0.3,9.740000000000009
2011-03-28,600519,712.34,702.37,715.55,700.79,40296,731053019.0,2.07,-1.34,-9.52,0.43,14.759999999999991
2011-03-29,600519,702.71,694.98,703.85,693.28,26523,476995781.0,1.5,-1.05,-7.39,0.28,10.57000000000005
2011-03-30,600519,694.94,694.07,699.92,692.52,20603,368964875.0,1.06,-0.13,-0.91,0.22,7.399999999999977
2011-03-31,600519,694.07,698.37,709.51,693.28,17526,316949399.0,2.34,0.62,4.3,0.19,16.230000000000018
2011-04-01,600519,698.86,696.9,704.04,693.47,18227,326554075.0,1.51,-0.21,-1.47,0.19,10.569999999999936
2011-04-06,600519,696.67,687.54,698.56,686.52,28775,510620637.0,1.73,-1.34,-9.36,0.3,12.039999999999964
2011-04-07,600519,684.59,679.84,687.61,679.23,46831,820484804.0,1.22,-1.12,-7.7,0.5,8.379999999999995
2011-04-08,600519,679.91,682.56,685.73,679.31,21823,383817086.0,0.94,0.4,2.72,0.23,6.420000000000073
2011-04-11,600519,681.76,689.46,693.84,680.48,26173,463960298.0,1.96,1.01,6.9,0.28,13.360000000000014
2011-04-12,600519,689.5,689.2,696.45,686.48,34946,623251647.0,1.45,-0.04,-0.26,0.37,9.970000000000027
2011-04-13,600519,688.75,692.63,695.16,687.69,29389,522953556.0,1.08,0.5,3.43,0.31,7.469999999999914
2011-04-14,600519,692.52,682.86,693.28,681.88,36622,644626738.0,1.65,-1.41,-9.77,0.39,11.399999999999977
2011-04-15,600519,683.73,670.17,687.58,664.09,53327,919620925.0,3.44,-1.86,-12.69,0.57,23.49000000000001
2011-04-18,600519,669.42,672.74,673.99,665.76,19609,338287704.0,1.23,0.38,2.57,0.21,8.230000000000018
2011-04-19,600519,672.74,673.95,678.7,666.81,22881,395248447.0,1.77,0.18,1.21,0.24,11.8900000000001
2011-04-20,600519,673.95,679.31,680.74,672.51,22509,392495921.0,1.22,0.8,5.36,0.24,8.230000000000018
2011-04-21,600519,680.06,679.53,689.84,678.97,28684,505336037.0,1.6,0.03,0.22,0.3,10.870000000000005
2011-04-22,600519,681.95,684.4,685.35,678.29,14500,254794864.0,1.04,0.72,4.87,0.15,7.060000000000059
2011-04-25,600519,698.94,710.49,718.12,697.05,70226,1280812447.0,3.08,3.81,26.09,0.74,21.07000000000005
2011-04-26,600519,710.27,703.36,712.15,702.26,31095,565862126.0,1.39,-1.0,-7.13,0.33,9.889999999999986
2011-04-27,600519,704.98,703.28,717.82,702.71,27748,508713443.0,2.15,-0.01,-0.08,0.29,15.110000000000014
2011-04-28,600519,706.87,692.97,708.68,690.63,25357,455048059.0,2.57,-1.47,-10.31,0.27,18.049999999999955
2011-04-29,600519,692.9,707.66,710.6,690.18,22084,401140719.0,2.95,2.12,14.69,0.23,20.420000000000073
2011-05-03,600519,710.27,721.06,724.61,706.49,41271,764382818.0,2.56,1.89,13.4,0.44,18.120000000000005
2011-05-04,600519,715.89,712.15,729.44,711.93,32521,604784367.0,2.43,-1.24,-8.91,0.34,17.510000000000105
2011-05-05,600519,712.19,717.63,727.25,710.3,26693,496448129.0,2.38,0.77,5.48,0.28,16.950000000000045
2011-05-06,600519,714.04,720.87,725.37,710.3,23961,444808841.0,2.1,0.45,3.24,0.25,15.07000000000005
2011-05-09,600519,723.78,714.64,727.22,713.66,12176,225581746.0,1.88,-0.86,-6.23,0.13,13.56000000000006
2011-05-10,600519,714.3,712.49,715.93,709.43,15919,292606289.0,0.91,-0.3,-2.15,0.17,6.5
2011-05-11,600519,710.34,718.83,722.72,710.34,12897,238855455.0,1.74,0.89,6.34,0.14,12.379999999999995
2011-05-12,600519,717.82,726.57,734.8,716.31,25028,470405158.0,2.57,1.08,7.74,0.27,18.49000000000001
2011-05-13,600519,726.69,727.86,732.88,719.7,12253,229207566.0,1.81,0.18,1.29,0.13,13.17999999999995
2011-05-16,600519,727.25,727.9,732.84,723.48,11506,216417130.0,1.29,0.01,0.04,0.12,9.360000000000014
2011-05-17,600519,725.44,727.74,737.82,721.59,20866,393848458.0,2.23,-0.02,-0.16,0.22,16.230000000000018
2011-05-18,600519,726.5,755.38,764.78,726.5,62165,1212084674.0,5.26,3.8,27.64,0.66,38.27999999999997
2011-05-19,600519,759.34,773.99,780.67,759.34,85738,1716471110.0,2.82,2.46,18.61,0.91,21.329999999999927
2011-05-20,600519,777.09,777.58,780.71,769.95,40044,801739991.0,1.39,0.46,3.59,0.42,10.759999999999991
2011-05-23,600519,774.44,763.23,784.83,763.12,39421,783913346.0,2.79,-1.85,-14.35,0.42,21.710000000000036
2011-05-24,600519,757.49,754.1,765.01,753.68,23997,470085883.0,1.48,-1.2,-9.13,0.25,11.330000000000041
2011-05-26,600519,754.81,769.5,784.98,754.81,38970,779314782.0,4.0,2.04,15.4,0.41,30.170000000000073
2011-05-27,600519,773.99,750.81,777.39,748.81,31730,626618182.0,3.71,-2.43,-18.69,0.34,28.58000000000004
2011-05-30,600519,744.92,783.99,784.18,743.37,47286,942388980.0,5.44,4.42,33.18,0.5,40.809999999999945
2011-05-31,600519,784.45,788.79,789.47,779.35,33855,685945963.0,1.29,0.61,4.8,0.36,10.120000000000005
2011-06-01,600519,789.92,811.78,812.12,785.84,39094,813188052.0,3.33,2.91,22.99,0.41,26.279999999999973
2011-06-02,600519,806.53,799.32,810.91,788.03,39585,818431995.0,2.82,-1.53,-12.46,0.42,22.879999999999995
2011-06-03,600519,797.17,818.27,822.39,797.17,29484,618505293.0,3.16,2.37,18.95,0.31,25.220000000000027
2011-06-07,600519,819.67,804.15,819.71,798.15,26876,559703875.0,2.63,-1.73,-14.12,0.28,21.56000000000006
2011-06-08,600519,802.95,807.44,811.06,787.96,25070,517190772.0,2.87,0.41,3.29,0.27,23.09999999999991
2011-06-09,600519,804.83,781.31,805.78,781.09,36180,737042713.0,3.06,-3.24,-26.13,0.38,24.68999999999994
2011-06-10,600519,780.11,784.11,791.39,773.69,34279,692444753.0,2.27,0.36,2.8,0.36,17.699999999999932
2011-06-13,600519,783.88,780.07,789.17,769.91,28005,562464133.0,2.46,-0.52,-4.04,0.3,19.25999999999999
2011-06-14,600519,779.99,791.28,793.24,776.33,37488,758192892.0,2.17,1.44,11.21,0.4,16.909999999999968
2011-06-15,600519,789.62,786.56,791.32,782.71,16409,333131863.0,1.09,-0.6,-4.72,0.17,8.610000000000014
2011-06-16,600519,782.75,785.84,794.41,775.27,17731,359795619.0,2.43,-0.09,-0.72,0.19,19.139999999999986
2011-06-17,600519,787.66,807.02,812.16,784.45,33411,690941504.0,3.53,2.7,21.18,0.35,27.709999999999923
2011-06-20,600519,805.02,787.51,805.7,778.22,29909,611059058.0,3.41,-2.42,-19.51,0.32,27.480000000000018
2011-06-21,600519,782.11,786.9,792.72,782.11,12738,259198214.0,1.35,-0.08,-0.61,0.13,10.610000000000014
2011-06-22,600519,786.52,796.83,802.68,786.52,16189,333499822.0,2.05,1.26,9.93,0.17,16.159999999999968
2011-06-23,600519,794.45,804.61,809.18,793.32,20281,421820426.0,1.99,0.98,7.78,0.21,15.8599999999999
2011-06-24,600519,804.08,798.76,812.76,794.64,37069,770684579.0,2.25,-0.73,-5.85,0.39,18.120000000000005
2011-06-27,600519,801.62,805.66,808.27,796.26,23190,480816709.0,1.5,0.86,6.9,0.25,12.009999999999991
2011-06-28,600519,808.42,813.89,819.26,801.7,25540,536916003.0,2.18,1.02,8.23,0.27,17.559999999999945
2011-06-29,600519,815.52,815.74,823.07,804.27,19597,412274520.0,2.31,0.23,1.85,0.21,18.800000000000068
2011-06-30,600519,812.27,822.12,824.65,812.27,32701,694508280.0,1.52,0.78,6.38,0.35,12.379999999999995
2011-07-01,600519,827.48,823.87,827.48,816.69,15811,302002762.0,1.31,0.21,1.75,0.15,10.789999999999964
2011-07-04,600519,822.13,829.64,830.93,820.43,46338,888995936.0,1.27,0.7,5.77,0.45,10.5
2011-07-05,600519,829.56,823.04,829.64,816.27,27058,516722478.0,1.61,-0.8,-6.6,0.26,13.370000000000005
2011-07-06,600519,821.17,821.55,825.41,817.56,19754,377527543.0,0.95,-0.18,-1.49,0.19,7.850000000000023
2011-07-07,600519,821.26,834.17,842.35,821.26,40957,793379763.0,2.57,1.54,12.62,0.39,21.090000000000032
2011-07-08,600519,835.17,834.05,839.86,829.35,17184,333151331.0,1.26,-0.01,-0.12,0.17,10.509999999999991
2011-07-11,600519,833.96,845.47,850.62,831.43,25616,502438508.0,2.3,1.37,11.42,0.25,19.190000000000055
2011-07-12,600519,843.35,832.63,845.47,832.22,28488,554927096.0,1.57,-1.52,-12.84,0.27,13.25
2011-07-13,600519,834.09,836.16,839.9,831.06,22109,429986678.0,1.06,0.42,3.53,0.21,8.840000000000032
2011-07-14,600519,836.16,830.6,837.04,828.73,24822,480420222.0,0.99,-0.66,-5.56,0.24,8.309999999999945
2011-07-15,600519,827.86,838.49,841.15,827.86,17764,346071487.0,1.6,0.95,7.89,0.17,13.289999999999964
2011-07-18,600519,838.7,854.31,860.46,838.7,28523,566196215.0,2.6,1.89,15.82,0.27,21.75999999999999
2011-07-19,600519,854.06,853.81,858.75,847.0,20277,403182838.0,1.38,-0.06,-0.5,0.2,11.75
2011-07-20,600519,858.59,858.17,860.62,852.4,18967,378689393.0,0.96,0.51,4.36,0.18,8.220000000000027
2011-07-21,600519,859.34,872.87,881.47,858.63,47677,968173564.0,2.66,1.71,14.7,0.46,22.840000000000032
2011-07-22,600519,871.75,884.71,895.51,871.75,49861,1029115254.0,2.72,1.36,11.84,0.48,23.75999999999999
2011-07-25,600519,887.7,873.79,890.52,869.05,35260,720951264.0,2.43,-1.23,-10.92,0.34,21.470000000000027
2011-07-26,600519,873.16,873.41,875.2,866.94,24792,503434823.0,0.95,-0.04,-0.38,0.24,8.259999999999991
2011-07-27,600519,874.78,876.57,889.78,869.68,30676,630035091.0,2.3,0.36,3.16,0.3,20.100000000000023
2011-07-28,600519,874.78,890.81,891.44,866.94,22923,468616881.0,2.79,1.62,14.24,0.22,24.5
2011-07-29,600519,889.78,886.41,889.78,880.64,19104,394180474.0,1.03,-0.49,-4.4,0.18,9.139999999999986
2011-08-01,600519,889.07,872.67,889.07,870.26,18573,378447567.0,2.12,-1.55,-13.74,0.18,18.81000000000006
2011-08-02,600519,867.77,863.24,870.05,852.61,27850,555745763.0,2.0,-1.08,-9.43,0.27,17.43999999999994
2011-08-03,600519,855.35,866.06,870.26,854.48,17061,344076872.0,1.83,0.33,2.82,0.16,15.779999999999973
2011-08-04,600519,869.01,879.31,882.26,866.11,17773,363287270.0,1.86,1.53,13.25,0.17,16.149999999999977
2011-08-05,600519,858.96,871.63,881.89,858.96,21320,433966204.0,2.61,-0.87,-7.68,0.21,22.92999999999995
2011-08-08,600519,862.82,857.22,879.81,850.32,36884,740883138.0,3.38,-1.65,-14.41,0.36,29.489999999999895
2011-08-09,600519,843.85,863.2,871.09,829.56,36924,726671479.0,4.84,0.7,5.98,0.36,41.530000000000086
2011-08-10,600519,868.6,882.3,885.58,857.59,38436,782644219.0,3.24,2.21,19.1,0.37,27.99000000000001
2011-08-11,600519,875.24,919.68,923.41,875.24,61949,1301728291.0,5.46,4.24,37.38,0.6,48.16999999999996
2011-08-12,600519,920.92,928.27,931.72,912.62,39466,851693649.0,2.08,0.93,8.59,0.38,19.100000000000023
2011-08-15,600519,930.06,913.86,936.66,908.13,29451,630341327.0,3.07,-1.55,-14.41,0.28,28.529999999999973
2011-08-16,600519,915.32,898.87,922.08,892.97,37492,788423427.0,3.19,-1.64,-14.99,0.36,29.110000000000014
2011-08-17,600519,900.16,899.53,906.35,894.84,13553,284382051.0,1.28,0.07,0.66,0.13,11.509999999999991
2011-08-18,600519,897.29,892.68,899.53,885.04,29342,609082956.0,1.61,-0.76,-6.85,0.28,14.490000000000009
2011-08-19,600519,887.28,899.74,900.78,885.83,37488,780729993.0,1.67,0.79,7.06,0.36,14.949999999999932
2011-08-22,600519,900.57,876.53,903.9,873.58,28164,581020716.0,3.37,-2.58,-23.21,0.27,30.319999999999936
2011-08-23,600519,875.2,879.1,884.38,872.75,23579,482616543.0,1.33,0.29,2.57,0.23,11.629999999999995
2011-08-24,600519,879.39,882.72,891.81,875.62,17957,370146592.0,1.84,0.41,3.62,0.17,16.18999999999994
2011-08-25,600519,889.78,889.44,893.93,879.44,30083,623188928.0,1.64,0.76,6.72,0.29,14.489999999999895
2011-08-26,600519,889.28,912.12,912.57,887.08,22749,477352656.0,2.87,2.55,22.68,0.22,25.49000000000001
2011-08-29,600519,908.46,922.04,924.99,898.08,26082,558335968.0,2.95,1.09,9.92,0.25,26.909999999999968
2011-08-30,600519,923.0,920.17,931.01,912.66,28816,619557328.0,1.99,-0.2,-1.87,0.28,18.350000000000023
2011-08-31,600519,936.7,919.97,939.61,918.84,50015,1079339680.0,2.26,-0.02,-0.2,0.48,20.769999999999982
2011-09-01,600519,919.68,906.3,922.91,902.23,25690,544632800.0,2.25,-1.49,-13.67,0.25,20.67999999999995
2011-09-02,600519,903.73,907.88,909.29,899.74,13833,292111760.0,1.05,0.17,1.58,0.13,9.549999999999955
2011-09-05,600519,905.1,888.82,905.89,885.62,27345,569905680.0,2.23,-2.1,-19.06,0.26,20.269999999999982
2011-09-06,600519,883.55,871.13,893.1,868.1,32095,656690816.0,2.81,-1.99,-17.69,0.31,25.0
2011-09-07,600519,873.58,890.15,891.35,873.16,20088,412012240.0,2.09,2.18,19.02,0.19,18.190000000000055
2011-09-08,600519,891.85,883.01,895.96,881.97,13183,274052384.0,1.57,-0.8,-7.14,0.13,13.990000000000009
2011-09-09,600519,885.87,888.03,898.83,875.2,14227,294079504.0,2.68,0.57,5.02,0.14,23.629999999999995
2011-09-13,600519,877.69,865.4,883.55,863.12,18949,384543760.0,2.3,-2.55,-22.63,0.18,20.42999999999995
2011-09-14,600519,871.09,850.12,872.25,834.42,47626,940641408.0,4.37,-1.77,-15.28,0.46,37.83000000000004
2011-09-15,600519,850.32,852.36,859.46,849.37,19122,380380016.0,1.19,0.26,2.24,0.18,10.090000000000032
2011-09-16,600519,856.51,870.76,871.63,850.32,18029,361574736.0,2.5,2.16,18.4,0.17,21.309999999999945
2011-09-19,600519,874.0,869.93,877.32,866.6,15352,311793488.0,1.23,-0.1,-0.83,0.15,10.720000000000027
2011-09-20,600519,869.84,862.12,869.84,856.55,12785,256651648.0,1.53,-0.9,-7.81,0.12,13.290000000000077
2011-09-21,600519,862.04,876.74,879.52,860.71,24640,501953360.0,2.18,1.7,14.62,0.24,18.809999999999945
2011-09-22,600519,871.09,848.91,874.74,847.42,24336,489514704.0,3.12,-3.17,-27.83,0.23,27.32000000000005
2011-09-23,600519,834.13,833.92,842.02,816.65,76537,1476263520.0,2.99,-1.77,-14.99,0.74,25.370000000000005
2011-09-26,600519,824.83,809.3,834.75,808.8,42211,803193664.0,3.11,-2.95,-24.62,0.41,25.950000000000045
2011-09-27,600519,816.98,814.86,823.91,807.43,24750,468028768.0,2.04,0.69,5.56,0.24,16.480000000000018
2011-09-28,600519,820.43,805.14,820.43,801.45,32390,611544832.0,2.33,-1.19,-9.72,0.31,18.979999999999905
2011-09-29,600519,795.92,805.02,821.26,795.92,30031,563567696.0,3.15,-0.01,-0.12,0.29,25.340000000000032
2011-09-30,600519,805.31,819.55,821.67,805.31,18270,346902288.0,2.03,1.8,14.53,0.18,16.360000000000014
2011-10-10,600519,820.76,808.8,824.58,807.26,14284,270790784.0,2.11,-1.31,-10.75,0.14,17.32000000000005
2011-10-11,600519,825.37,804.52,825.37,788.03,20586,387171392.0,4.62,-0.53,-4.28,0.2,37.34000000000003
2011-10-12,600519,802.57,825.57,827.9,793.97,29779,563092944.0,4.22,2.62,21.05,0.29,33.92999999999995
2011-10-13,600519,825.57,825.7,837.2,817.1,23962,460883856.0,2.43,0.02,0.13,0.23,20.100000000000023
2011-10-14,600519,821.46,823.08,828.65,816.27,12468,238319748.0,1.5,-0.32,-2.62,0.12,12.379999999999995
2011-10-17,600519,826.11,846.75,848.29,823.75,26009,509046256.0,2.98,2.88,23.67,0.25,24.539999999999964
2011-10-18,600519,839.28,843.76,856.01,837.91,22786,451487840.0,2.14,-0.35,-2.99,0.22,18.100000000000023
2011-10-19,600519,847.92,850.82,864.86,846.17,22658,451701344.0,2.22,0.84,7.06,0.22,18.690000000000055
2011-10-20,600519,846.17,821.67,852.65,819.59,29313,569297376.0,3.89,-3.43,-29.15,0.28,33.059999999999945
2011-10-21,600519,819.84,835.33,837.87,819.84,17116,330777248.0,2.19,1.66,13.66,0.16,18.029999999999973
2011-10-24,600519,841.19,860.91,863.24,835.38,32391,638275440.0,3.34,3.06,25.58,0.31,27.860000000000014
2011-10-25,600519,855.31,861.21,872.46,855.31,32042,643502576.0,1.99,0.03,0.3,0.31,17.15000000000009
2011-10-26,600519,858.13,866.35,867.27,853.27,29493,591834128.0,1.63,0.6,5.14,0.28,14.0
2011-10-27,600519,867.14,866.94,876.74,865.03,20105,407006048.0,1.35,0.07,0.59,0.19,11.710000000000036
2011-10-28,600519,873.21,879.44,886.87,873.21,26057,533715360.0,1.58,1.44,12.5,0.25,13.659999999999968
2011-10-31,600519,880.64,876.11,884.29,869.76,28122,574616416.0,1.65,-0.38,-3.33,0.27,14.529999999999973
2011-11-01,600519,871.84,888.49,889.78,869.05,27147,559038592.0,2.37,1.41,12.38,0.26,20.730000000000018
2011-11-02,600519,879.19,898.37,898.7,877.73,26647,550968560.0,2.36,1.11,9.88,0.26,20.970000000000027
2011-11-03,600519,904.6,888.86,906.39,888.41,30466,636306544.0,2.0,-1.06,-9.51,0.29,17.980000000000018
2011-11-04,600519,891.35,890.86,900.16,884.92,18547,384686864.0,1.71,0.23,2.0,0.18,15.240000000000009
2011-11-07,600519,892.68,886.87,894.76,885.87,16574,344437184.0,1.0,-0.45,-3.99,0.16,8.889999999999986
2011-11-08,600519,890.44,878.36,891.56,875.16,25546,525028368.0,1.85,-0.96,-8.51,0.25,16.399999999999977
2011-11-09,600519,878.98,875.74,886.29,869.01,24696,506506704.0,1.97,-0.3,-2.62,0.24,17.279999999999973
2011-11-10,600519,872.29,879.44,881.89,871.63,14618,298980848.0,1.17,0.42,3.7,0.14,10.259999999999991
2011-11-11,600519,879.44,875.12,880.02,871.21,11693,238543944.0,1.0,-0.49,-4.32,0.11,8.809999999999945
2011-11-14,600519,881.43,888.78,892.48,876.07,17986,371343632.0,1.88,1.56,13.66,0.17,16.409999999999968
2011-11-15,600519,890.19,874.95,891.64,871.09,17782,364242672.0,2.31,-1.56,-13.83,0.17,20.549999999999955
2011-11-16,600519,875.03,861.83,875.03,858.22,29546,592948960.0,1.92,-1.5,-13.12,0.28,16.809999999999945
2011-11-17,600519,862.16,866.27,873.58,859.92,15589,315328816.0,1.59,0.52,4.44,0.15,13.660000000000082
2011-11-18,600519,866.44,861.0,870.59,857.38,19907,401272256.0,1.52,-0.61,-5.27,0.19,13.210000000000036
2011-11-21,600519,861.54,862.24,872.75,859.09,18390,370926320.0,1.59,0.14,1.24,0.18,13.659999999999968
2011-11-22,600519,862.33,883.84,887.24,861.12,35653,729198880.0,3.03,2.51,21.6,0.34,26.120000000000005
2011-11-23,600519,881.97,896.46,897.25,881.97,31538,656169792.0,1.73,1.43,12.62,0.3,15.279999999999973
2011-11-24,600519,894.34,890.56,896.75,889.78,26559,554286400.0,0.78,-0.66,-5.9,0.26,6.970000000000027
2011-11-25,600519,890.81,900.07,914.03,887.7,40236,848244768.0,2.96,1.07,9.51,0.39,26.329999999999927
2011-11-28,600519,901.44,916.23,919.97,897.29,53380,1136929568.0,2.52,1.8,16.16,0.51,22.680000000000064
2011-11-29,600519,915.94,910.79,925.45,907.63,41355,884545008.0,1.94,-0.59,-5.44,0.4,17.82000000000005
2011-11-30,600519,912.12,900.41,920.01,895.17,40263,850997824.0,2.73,-1.14,-10.38,0.39,24.840000000000032
2011-12-01,600519,913.45,911.95,921.71,901.28,33785,719311328.0,2.27,1.28,11.54,0.33,20.430000000000064
2011-12-02,600519,908.46,916.89,925.9,908.46,27267,584935200.0,1.91,0.54,4.94,0.26,17.43999999999994
2011-12-05,600519,918.64,886.54,918.64,885.21,39026,816027280.0,3.65,-3.31,-30.35,0.38,33.42999999999995
2011-12-06,600519,885.66,873.87,885.83,865.69,37152,756470592.0,2.27,-1.43,-12.67,0.36,20.139999999999986
2011-12-07,600519,874.0,882.3,885.62,874.0,27334,562146784.0,1.33,0.96,8.43,0.26,11.620000000000005
2011-12-08,600519,883.13,871.09,894.34,870.59,24661,506265024.0,2.69,-1.27,-11.21,0.24,23.75
2011-12-09,600519,870.47,857.88,874.62,857.38,36746,737854848.0,1.98,-1.52,-13.21,0.35,17.24000000000001
2011-12-12,600519,857.88,848.41,862.37,845.72,29527,585362512.0,1.94,-1.1,-9.47,0.28,16.649999999999977
2011-12-13,600519,845.84,843.06,850.24,841.94,29996,591182080.0,0.98,-0.63,-5.35,0.29,8.299999999999955
2011-12-14,600519,843.06,849.66,858.63,843.06,20813,412444016.0,1.85,0.78,6.6,0.2,15.57000000000005
2011-12-15,600519,845.63,846.09,853.98,838.07,21880,430851248.0,1.87,-0.42,-3.57,0.21,15.909999999999968
2011-12-16,600519,850.32,866.02,866.85,850.28,30649,614353392.0,1.96,2.36,19.93,0.3,16.57000000000005
2011-12-19,600519,862.66,862.78,864.4,855.72,25456,510463392.0,1.0,-0.37,-3.24,0.25,8.67999999999995
2011-12-20,600519,862.78,859.63,870.26,852.4,17106,342834672.0,2.07,-0.37,-3.15,0.16,17.860000000000014
2011-12-21,600519,863.53,847.13,864.78,846.09,21963,437207568.0,2.17,-1.45,-12.5,0.21,18.68999999999994
2011-12-22,600519,848.25,857.26,862.45,841.19,17443,346785296.0,2.51,1.2,10.13,0.17,21.25999999999999
2011-12-23,600519,858.22,861.79,864.44,854.48,17610,353128160.0,1.16,0.53,4.53,0.17,9.960000000000036
2011-12-26,600519,861.16,830.06,861.21,826.65,46995,918253504.0,4.01,-3.68,-31.73,0.45,34.56000000000006
2011-12-27,600519,829.56,813.08,829.56,810.13,31315,594898816.0,2.34,-2.05,-16.98,0.3,19.42999999999995
2011-12-28,600519,810.04,818.06,819.18,802.53,27738,524088080.0,2.05,0.61,4.98,0.27,16.649999999999977
2011-12-29,600519,813.37,826.28,829.1,813.37,20062,384718000.0,1.92,1.0,8.22,0.19,15.730000000000018
2011-12-30,600519,828.32,830.81,837.37,817.1,29461,569875568.0,2.45,0.55,4.53,0.28,20.269999999999982
2012-01-04,600519,823.33,797.46,828.61,796.34,33878,637232816.0,3.88,-4.01,-33.35,0.33,32.26999999999998
2012-01-05,600519,792.19,788.66,797.17,785.38,30123,553347008.0,1.48,-1.1,-8.8,0.29,11.789999999999964
2012-01-06,600519,788.45,803.15,809.01,782.43,25191,464647456.0,3.37,1.84,14.49,0.24,26.58000000000004
2012-01-09,600519,800.49,808.84,809.17,782.93,26160,483282448.0,3.27,0.71,5.69,0.25,26.24000000000001
2012-01-10,600519,804.65,835.71,836.45,800.95,39236,749263280.0,4.39,3.32,26.87,0.38,35.5
2012-01-11,600519,829.35,815.77,833.26,814.2,39891,761167936.0,2.28,-2.39,-19.94,0.38,19.059999999999945
2012-01-12,600519,811.21,818.56,823.58,811.21,27440,522231552.0,1.52,0.34,2.79,0.26,12.370000000000005
2012-01-13,600519,820.01,811.66,822.09,806.8,20542,387615920.0,1.87,-0.84,-6.9,0.2,15.290000000000077
2012-01-16,600519,806.22,764.82,806.22,757.55,51656,933514128.0,6.0,-5.77,-46.84,0.5,48.67000000000007
2012-01-17,600519,766.86,777.4,783.8,737.79,61228,1077158896.0,6.02,1.64,12.58,0.59,46.00999999999999
2012-01-18,600519,781.47,764.7,797.09,761.71,47295,858725552.0,4.55,-1.63,-12.7,0.46,35.379999999999995
2012-01-19,600519,766.81,778.48,782.22,756.93,24329,437246160.0,3.31,1.8,13.78,0.23,25.290000000000077
2012-01-20,600519,783.88,800.37,801.32,783.88,29683,548292992.0,2.24,2.81,21.89,0.29,17.440000000000055
2012-01-30,600519,800.45,791.36,804.6,788.28,30550,563162784.0,2.04,-1.13,-9.01,0.29,16.32000000000005
2012-01-31,600519,793.93,802.19,802.98,793.64,15855,294490832.0,1.18,1.37,10.83,0.15,9.340000000000032
2012-02-01,600519,801.32,801.12,810.96,795.84,24824,464159680.0,1.88,-0.13,-1.07,0.24,15.120000000000005
2012-02-02,600519,801.12,802.28,804.65,793.35,20375,378596176.0,1.41,0.14,1.16,0.2,11.299999999999955
2012-02-03,600519,802.4,802.49,802.98,790.07,26518,490438848.0,1.61,0.03,0.21,0.26,12.909999999999968
2012-02-06,600519,803.03,811.04,811.95,799.66,29748,557205040.0,1.53,1.07,8.55,0.29,12.290000000000077
2012-02-07,600519,805.89,799.91,810.67,798.0,17942,334371760.0,1.56,-1.37,-11.13,0.17,12.669999999999959
2012-02-08,600519,799.91,810.0,812.95,796.67,23082,432175424.0,2.04,1.26,10.09,0.22,16.280000000000086
2012-02-09,600519,808.8,820.22,821.88,807.39,31385,596916592.0,1.79,1.26,10.22,0.3,14.490000000000009
2012-02-10,600519,815.15,819.22,827.07,813.37,22276,425266912.0,1.67,-0.12,-1.0,0.21,13.700000000000045
2012-02-13,600519,815.03,831.31,838.57,811.54,21639,416409712.0,3.3,1.48,12.09,0.21,27.030000000000086
2012-02-14,600519,828.27,832.97,836.45,824.58,15142,292922048.0,1.43,0.2,1.66,0.15,11.870000000000005
2012-02-15,600519,828.44,837.04,841.6,828.44,24714,481676736.0,1.58,0.49,4.07,0.24,13.159999999999968
2012-02-16,600519,831.72,824.25,837.04,819.59,22016,424963024.0,2.08,-1.53,-12.79,0.21,17.449999999999932
2012-02-17,600519,833.22,823.08,833.22,818.64,12288,235751780.0,1.77,-0.14,-1.17,0.12,14.580000000000041
2012-02-20,600519,829.4,820.67,832.34,820.43,18530,356774752.0,1.45,-0.29,-2.41,0.18,11.910000000000082
2012-02-21,600519,824.54,825.2,827.82,818.76,13789,264260509.0,1.1,0.55,4.53,0.13,9.06000000000006
2012-02-22,600519,828.56,828.56,831.64,821.17,22352,429952032.0,1.27,0.41,3.36,0.22,10.470000000000027
2012-02-23,600519,827.57,835.0,838.03,827.57,33433,649316720.0,1.26,0.78,6.44,0.32,10.459999999999923
2012-02-24,600519,834.46,850.66,851.2,834.34,23944,471970592.0,2.02,1.88,15.66,0.23,16.860000000000014
2012-02-27,600519,853.56,852.4,858.71,848.25,26562,528808016.0,1.23,0.2,1.74,0.26,10.460000000000036
2012-02-28,600519,856.26,861.7,862.58,852.65,25698,514122720.0,1.16,1.09,9.3,0.25,9.930000000000064
2012-02-29,600519,862.78,877.15,879.39,860.71,39432,802601072.0,2.17,1.79,15.45,0.38,18.67999999999995
2012-03-01,600519,873.25,869.34,881.35,868.56,16921,345438320.0,1.46,-0.89,-7.81,0.16,12.790000000000077
2012-03-02,600519,869.55,862.37,874.0,856.6,35217,706746816.0,2.0,-0.8,-6.97,0.34,17.399999999999977
2012-03-05,600519,862.16,857.97,862.28,852.82,30554,609500896.0,1.1,-0.51,-4.4,0.29,9.459999999999923
2012-03-06,600519,854.48,842.23,857.97,842.02,31474,621286496.0,1.86,-1.83,-15.74,0.3,15.950000000000045
2012-03-07,600519,836.7,830.1,840.32,829.48,29199,567286768.0,1.29,-1.44,-12.13,0.28,10.840000000000032
2012-03-08,600519,830.43,835.54,842.48,829.48,23575,458505184.0,1.57,0.66,5.44,0.23,13.0
2012-03-09,600519,836.58,858.34,859.13,834.54,29239,578119776.0,2.94,2.73,22.8,0.28,24.590000000000032
2012-03-12,600519,859.13,860.87,865.32,854.6,25682,514548192.0,1.25,0.29,2.53,0.25,10.720000000000027
2012-03-13,600519,859.05,865.52,872.33,859.05,18316,370157888.0,1.54,0.54,4.65,0.18,13.280000000000086
2012-03-14,600519,865.23,853.11,875.45,850.32,40700,820433744.0,2.9,-1.43,-12.41,0.39,25.129999999999995
2012-03-15,600519,854.64,854.19,868.6,852.82,28095,562966960.0,1.85,0.13,1.08,0.27,15.779999999999973
2012-03-16,600519,861.91,890.15,891.85,859.88,51584,1060740608.0,3.74,4.21,35.96,0.5,31.970000000000027
2012-03-19,600519,891.02,890.36,906.68,881.76,45636,952934080.0,2.8,0.02,0.21,0.44,24.91999999999996
2012-03-20,600519,889.98,890.81,896.42,884.0,23400,486464272.0,1.39,0.05,0.45,0.23,12.419999999999959
2012-03-21,600519,891.02,879.81,896.0,874.66,29528,607930944.0,2.4,-1.23,-11.0,0.28,21.340000000000032
2012-03-22,600519,876.57,880.85,887.28,876.45,8332,171049550.0,1.23,0.12,1.04,0.08,10.829999999999927
2012-03-23,600519,889.78,908.55,910.75,889.78,54874,1159278432.0,2.38,3.14,27.7,0.53,20.970000000000027
2012-03-26,600519,904.81,921.75,924.66,904.73,37654,807094320.0,2.19,1.45,13.2,0.36,19.92999999999995
2012-03-27,600519,901.07,864.86,904.27,862.78,79106,1635757952.0,4.5,-6.17,-56.89,0.76,41.49000000000001
2012-03-28,600519,854.48,864.44,879.39,851.61,55461,1116354640.0,3.21,-0.05,-0.42,0.53,27.779999999999973
2012-03-29,600519,861.95,863.41,881.47,858.63,36983,751200416.0,2.64,-0.12,-1.03,0.36,22.840000000000032
2012-03-30,600519,863.45,846.01,871.05,837.87,37960,749355392.0,3.84,-2.02,-17.4,0.37,33.17999999999995
2012-04-05,600519,842.43,883.55,885.21,842.43,40961,831105664.0,5.06,4.44,37.54,0.39,42.780000000000086
2012-04-06,600519,881.97,891.73,892.18,881.59,26730,553032992.0,1.2,0.93,8.18,0.26,10.589999999999918
2012-04-09,600519,889.98,897.08,899.83,881.89,14475,300301664.0,2.01,0.6,5.35,0.14,17.940000000000055
2012-04-10,600519,897.17,892.31,899.24,879.85,16641,344431376.0,2.16,-0.53,-4.77,0.16,19.389999999999986
2012-04-11,600519,879.39,895.38,906.39,873.21,31461,655577440.0,3.72,0.34,3.07,0.3,33.17999999999995
2012-04-12,600519,895.38,910.21,910.62,886.37,28423,597232640.0,2.71,1.66,14.83,0.27,24.25
2012-04-13,600519,910.54,912.74,916.98,905.97,20527,436617440.0,1.21,0.28,2.53,0.2,11.009999999999991
2012-04-16,600519,910.54,911.91,922.58,906.76,20893,447725424.0,1.73,-0.09,-0.83,0.2,15.82000000000005
2012-04-17,600519,911.95,900.91,912.66,900.16,17872,377050672.0,1.37,-1.21,-11.0,0.17,12.5
2012-04-18,600519,901.86,916.19,920.09,900.16,22815,485407312.0,2.21,1.7,15.28,0.22,19.930000000000064
2012-04-19,600519,915.85,898.0,918.3,891.06,21824,459867200.0,2.97,-1.99,-18.19,0.21,27.24000000000001
2012-04-20,600519,893.1,910.54,914.07,893.1,17046,360265744.0,2.34,1.4,12.54,0.16,20.970000000000027
2012-04-23,600519,907.3,907.8,917.89,899.58,13282,281175040.0,2.01,-0.3,-2.74,0.13,18.309999999999945
2012-04-24,600519,909.25,906.47,912.66,899.91,21782,459834816.0,1.4,-0.15,-1.33,0.21,12.75
2012-04-25,600519,910.33,912.28,913.7,900.16,15529,329552768.0,1.49,0.64,5.81,0.15,13.540000000000077
2012-04-26,600519,917.81,927.94,929.23,914.69,35020,753334304.0,1.59,1.72,15.66,0.34,14.539999999999964
2012-04-27,600519,927.94,960.62,964.44,927.94,42728,954712960.0,3.93,3.52,32.68,0.41,36.5
2012-05-02,600519,966.6,966.52,968.97,949.99,35340,793434512.0,1.98,0.61,5.9,0.34,18.980000000000018
2012-05-03,600519,966.52,969.47,972.0,956.68,25654,579082880.0,1.59,0.31,2.95,0.25,15.32000000000005
2012-05-04,600519,968.68,999.82,1003.48,968.68,31879,734789680.0,3.59,3.13,30.35,0.31,34.80000000000007
2012-05-07,600519,1003.15,1001.94,1015.44,996.83,34245,805751888.0,1.86,0.21,2.12,0.33,18.610000000000014
2012-05-08,600519,1001.69,1000.28,1003.35,980.64,36665,851128752.0,2.27,-0.17,-1.66,0.35,22.710000000000036
2012-05-09,600519,987.86,986.66,994.22,971.58,32910,756259728.0,2.26,-1.36,-13.62,0.32,22.639999999999986
2012-05-10,600519,987.36,973.66,987.36,970.55,30574,697959456.0,1.7,-1.32,-13.0,0.29,16.81000000000006
2012-05-11,600519,974.91,973.62,976.98,966.19,23261,528011696.0,1.11,0.0,-0.04,0.22,10.789999999999964
2012-05-14,600519,974.91,950.74,974.91,944.22,38797,863502640.0,3.15,-2.35,-22.88,0.37,30.68999999999994
2012-05-15,600519,946.25,954.6,956.88,942.1,16169,359784512.0,1.55,0.41,3.86,0.16,14.779999999999973
2012-05-16,600519,953.94,941.77,955.8,933.38,28140,619595456.0,2.35,-1.34,-12.83,0.27,22.41999999999996
2012-05-17,600519,942.18,941.31,947.5,935.91,34172,751957376.0,1.23,-0.05,-0.46,0.33,11.590000000000032
2012-05-18,600519,936.16,933.05,941.56,924.66,26278,571816864.0,1.8,-0.88,-8.26,0.25,16.899999999999977
2012-05-21,600519,931.64,954.93,960.46,931.64,28843,638767872.0,3.09,2.34,21.88,0.28,28.82000000000005
2012-05-22,600519,962.49,980.22,989.44,962.49,41458,951034144.0,2.82,2.65,25.29,0.4,26.950000000000045
2012-05-23,600519,980.1,985.16,991.93,974.91,24723,570787760.0,1.74,0.5,4.94,0.24,17.019999999999982
2012-05-24,600519,982.38,942.68,994.72,932.88,53743,1201209536.0,6.28,-4.31,-42.48,0.52,61.84000000000003
2012-05-25,600519,942.68,935.79,945.3,925.07,30569,667952256.0,2.15,-0.73,-6.89,0.29,20.229999999999905
2012-05-28,600519,933.42,964.48,966.19,932.59,27834,618961104.0,3.59,3.07,28.69,0.27,33.60000000000002
2012-05-30,600519,972.87,977.65,983.13,970.75,25701,587866128.0,1.28,1.37,13.17,0.25,12.379999999999995
2012-05-31,600519,975.74,1010.95,1015.6,974.91,37367,877484816.0,4.16,3.41,33.3,0.36,40.690000000000055
2012-06-01,600519,1016.43,1026.28,1037.2,1011.08,38504,923904352.0,2.58,1.52,15.33,0.37,26.120000000000005
2012-06-04,600519,1016.43,1010.33,1037.16,1010.08,24328,581257504.0,2.64,-1.55,-15.95,0.23,27.08000000000004
2012-06-05,600519,1014.27,1028.06,1032.21,1013.15,24561,588242224.0,1.89,1.75,17.73,0.24,19.06000000000006
2012-06-06,600519,1028.89,1010.54,1033.04,1009.83,18729,445576928.0,2.26,-1.7,-17.52,0.18,23.209999999999923
2012-06-07,600519,1018.05,1016.35,1027.48,1011.45,19677,470452064.0,1.59,0.57,5.81,0.19,16.029999999999973
2012-06-08,600519,1020.59,1020.5,1025.49,1008.13,17286,411908848.0,1.71,0.41,4.15,0.17,17.360000000000014
2012-06-11,600519,1020.17,1006.26,1025.69,997.33,33061,780468480.0,2.78,-1.4,-14.24,0.32,28.360000000000014
2012-06-12,600519,1000.69,999.2,1010.16,992.06,16373,382922352.0,1.8,-0.7,-7.06,0.16,18.100000000000023
2012-06-13,600519,1001.9,1020.54,1021.33,996.09,20463,485626128.0,2.53,2.14,21.34,0.2,25.24000000000001
2012-06-14,600519,1016.43,1043.8,1048.78,1013.19,28705,698222400.0,3.49,2.28,23.26,0.28,35.58999999999992
2012-06-15,600519,1045.59,1038.78,1051.36,1023.78,19860,483582928.0,2.64,-0.48,-5.02,0.19,27.579999999999927
2012-06-18,600519,1038.9,1051.57,1059.25,1038.9,19538,482525472.0,1.96,1.23,12.79,0.19,20.34999999999991
2012-06-19,600519,1045.96,1040.1,1058.67,1032.88,17300,423906512.0,2.45,-1.09,-11.47,0.17,25.789999999999964
2012-06-20,600519,1040.64,1039.52,1042.97,1033.04,11393,277398320.0,0.95,-0.06,-0.58,0.11,9.930000000000064
2012-06-21,600519,1039.52,1023.83,1039.69,1019.76,17034,409685072.0,1.92,-1.51,-15.69,0.16,19.930000000000064
2012-06-25,600519,1016.85,1014.77,1032.88,1014.36,18434,440645792.0,1.81,-0.88,-9.06,0.18,18.520000000000095
2012-06-26,600519,1013.11,1015.81,1020.09,994.09,26122,615182464.0,2.56,0.1,1.04,0.25,26.0
2012-06-27,600519,1016.43,1032.63,1034.33,1016.43,23257,559606592.0,1.76,1.66,16.82,0.22,17.899999999999977
2012-06-28,600519,1032.55,1008.71,1033.04,1008.09,22213,529704800.0,2.42,-2.32,-23.92,0.21,24.949999999999932
2012-06-29,600519,1005.51,1021.21,1028.89,1005.51,23224,555873152.0,2.32,1.24,12.5,0.22,23.38000000000011
2012-07-02,600519,1024.74,1032.42,1045.25,1008.21,25731,622505568.0,3.63,1.1,11.21,0.25,37.039999999999964
2012-07-03,600519,1030.14,1086.78,1087.03,1028.93,50159,1255671520.0,5.63,5.27,54.36,0.48,58.09999999999991
2012-07-04,600519,1095.34,1102.23,1107.38,1074.57,45035,1155572208.0,3.02,1.42,15.45,0.43,32.81000000000017
2012-07-05,600519,1089.51,1089.76,1099.43,1079.38,22749,572395280.0,1.82,-1.13,-12.47,0.22,20.049999999999955
2012-07-06,600519,1090.96,1124.35,1132.61,1083.7,39159,1005403248.0,4.49,3.17,34.59,0.38,48.909999999999854
2012-07-09,600519,1123.89,1102.51,1136.85,1102.09,28527,736832304.0,3.09,-1.94,-21.84,0.27,34.75999999999999
2012-07-10,600519,1101.55,1084.53,1112.72,1082.32,26987,683253808.0,2.76,-1.63,-17.98,0.26,30.40000000000009
2012-07-11,600519,1086.69,1116.13,1117.46,1076.14,32010,808688576.0,3.81,2.91,31.6,0.31,41.319999999999936
2012-07-12,600519,1116.54,1108.03,1145.2,1103.63,37273,968810608.0,3.72,-0.73,-8.1,0.36,41.569999999999936
2012-07-13,600519,1106.41,1135.6,1141.0,1104.87,29548,769107552.0,3.26,2.49,27.57,0.28,36.13000000000011
2012-07-16,600519,1133.11,1133.74,1149.64,1132.28,29534,779744592.0,1.53,-0.16,-1.86,0.28,17.360000000000127
2012-07-17,600519,1124.39,1098.48,1128.5,1096.61,36031,925218304.0,2.81,-3.11,-35.26,0.35,31.8900000000001
2012-07-18,600519,1097.81,1061.94,1107.37,1040.92,74047,1815273728.0,6.05,-3.33,-36.54,0.71,66.44999999999982
2012-07-19,600519,1057.91,1067.13,1076.84,1054.0,26581,654750768.0,2.15,0.49,5.19,0.26,22.839999999999918
2012-07-20,600519,1064.14,1054.13,1085.94,1053.34,26055,644548784.0,3.05,-1.22,-13.0,0.25,32.600000000000136
2012-07-23,600519,1040.84,1052.05,1055.71,1037.18,19811,477867232.0,1.76,-0.2,-2.08,0.19,18.529999999999973
2012-07-24,600519,1043.87,1080.29,1100.22,1043.87,34372,853488544.0,5.36,2.68,28.24,0.33,56.350000000000136
2012-07-25,600519,1082.86,1105.91,1106.95,1080.83,26170,664005632.0,2.42,2.37,25.62,0.25,26.12000000000012
2012-07-26,600519,1103.21,1084.69,1122.32,1081.62,23419,594576400.0,3.68,-1.92,-21.22,0.23,40.700000000000045
2012-07-27,600519,1086.52,1080.58,1091.17,1069.58,18422,458534528.0,1.99,-0.38,-4.11,0.18,21.590000000000146
2012-07-30,600519,1079.75,1082.2,1093.66,1072.69,17495,439211392.0,1.94,0.15,1.62,0.17,20.970000000000027
2012-07-31,600519,1080.79,1068.08,1099.48,1066.46,19466,487548464.0,3.05,-1.3,-14.12,0.19,33.01999999999998
2012-08-01,600519,1067.0,1054.0,1077.18,1049.19,26715,654397920.0,2.62,-1.32,-14.08,0.26,27.99000000000001
2012-08-02,600519,1054.25,1050.31,1064.14,1046.11,17055,414452976.0,1.71,-0.35,-3.69,0.16,18.0300000000002
2012-08-03,600519,1051.72,1070.24,1070.41,1050.35,16473,403397232.0,1.91,1.9,19.93,0.16,20.060000000000173
2012-08-06,600519,1068.91,1078.01,1081.2,1062.93,17321,428757456.0,1.71,0.73,7.77,0.17,18.269999999999982
2012-08-07,600519,1077.96,1090.75,1094.37,1075.06,18119,454543104.0,1.79,1.18,12.74,0.17,19.309999999999945
2012-08-08,600519,1093.08,1094.49,1099.48,1078.71,14893,375890832.0,1.9,0.34,3.74,0.14,20.769999999999982
2012-08-09,600519,1090.34,1128.21,1131.24,1087.85,30672,789861696.0,3.96,3.08,33.72,0.3,43.3900000000001
2012-08-10,600519,1087.02,1075.43,1102.38,1058.03,91226,2273430544.0,3.93,-4.68,-52.78,0.88,44.350000000000136
2012-08-13,600519,1076.55,1074.56,1081.54,1069.58,23037,572237184.0,1.11,-0.08,-0.87,0.22,11.960000000000036
2012-08-14,600519,1074.56,1072.48,1082.82,1062.1,18787,465808752.0,1.93,-0.19,-2.08,0.18,20.720000000000027
2012-08-15,600519,1070.32,1058.49,1072.07,1055.87,22723,556345600.0,1.51,-1.3,-13.99,0.22,16.200000000000045
2012-08-16,600519,1059.03,1038.35,1064.18,1037.48,31483,758259696.0,2.52,-1.9,-20.14,0.3,26.700000000000045
2012-08-17,600519,1034.78,998.23,1034.78,993.58,59072,1365745648.0,3.97,-3.86,-40.12,0.57,41.19999999999993
2012-08-20,600519,998.19,1010.82,1010.94,983.12,24052,554470080.0,2.79,1.26,12.59,0.23,27.82000000000005
2012-08-21,600519,1010.9,1023.85,1040.92,1010.9,26323,624105408.0,2.97,1.29,13.03,0.25,30.020000000000095
2012-08-22,600519,1028.55,1008.86,1028.55,999.81,20423,473902048.0,2.81,-1.46,-14.99,0.2,28.74000000000001
2012-08-23,600519,1007.7,992.63,1007.7,983.49,27956,639443952.0,2.4,-1.61,-16.23,0.27,24.210000000000036
2012-08-24,600519,988.22,1007.62,1011.89,987.56,21676,500922592.0,2.45,1.51,14.99,0.21,24.33000000000004
2012-08-27,600519,1001.89,993.58,1002.43,987.98,20899,478778016.0,1.43,-1.39,-14.04,0.2,14.449999999999932
2012-08-28,600519,995.66,981.25,1002.22,979.09,20295,461461664.0,2.33,-1.24,-12.33,0.2,23.129999999999995
2012-08-29,600519,979.05,954.79,979.05,953.18,30426,674492576.0,2.64,-2.7,-26.46,0.29,25.870000000000005
2012-08-30,600519,945.78,949.48,954.92,931.29,48349,1046698768.0,2.47,-0.56,-5.31,0.47,23.629999999999995
2012-08-31,600519,949.98,957.29,966.59,946.66,22485,496296848.0,2.1,0.82,7.81,0.22,19.930000000000064
2012-09-04,600519,1028.88,1014.05,1033.03,1003.96,111509,2606767792.0,3.04,5.93,56.76,1.07,29.069999999999936
2012-09-05,600519,1010.19,1016.67,1020.45,1008.12,27490,643292496.0,1.22,0.26,2.62,0.26,12.330000000000041
2012-09-06,600519,1017.46,1007.08,1018.5,996.07,20794,481683552.0,2.21,-0.94,-9.59,0.2,22.42999999999995
2012-09-07,600519,1013.1,1047.98,1053.8,1013.1,42813,1023079152.0,4.04,4.06,40.9,0.41,40.69999999999993
2012-09-10,600519,1048.44,1048.31,1066.25,1038.35,28170,683513904.0,2.66,0.03,0.33,0.27,27.90000000000009
2012-09-11,600519,1042.58,1040.22,1042.58,1032.95,16136,385605488.0,0.92,-0.77,-8.09,0.16,9.629999999999882
2012-09-12,600519,1047.57,1042.42,1068.33,1036.77,29023,703237248.0,3.03,0.21,2.2,0.28,31.559999999999945
2012-09-13,600519,1043.21,1041.25,1047.73,1034.28,14294,342849648.0,1.29,-0.11,-1.17,0.14,13.450000000000045
2012-09-14,600519,1045.49,1061.1,1062.72,1037.64,24587,597041984.0,2.41,1.91,19.85,0.24,25.079999999999927
2012-09-17,600519,1062.1,1046.74,1069.08,1046.32,20015,488152592.0,2.14,-1.35,-14.36,0.19,22.75999999999999
2012-09-18,600519,1044.62,1042.71,1054.21,1039.26,18277,441080160.0,1.43,-0.39,-4.03,0.18,14.950000000000045
2012-09-19,600519,1039.43,1006.29,1045.49,1000.43,40991,958082592.0,4.32,-3.49,-36.42,0.39,45.06000000000006
2012-09-20,600519,1003.55,995.82,1011.4,995.2,21518,496309728.0,1.61,-1.04,-10.47,0.21,16.199999999999932
2012-09-21,600519,992.79,1002.26,1012.27,992.0,15680,361373296.0,2.04,0.65,6.44,0.15,20.269999999999982
2012-09-24,600519,995.66,1009.61,1012.19,991.84,17635,408195808.0,2.03,0.73,7.35,0.17,20.350000000000023
2012-09-25,600519,1010.07,1035.15,1035.44,1006.04,26231,619272096.0,2.91,2.53,25.54,0.25,29.40000000000009
2012-09-26,600519,1033.03,1024.19,1043.66,1015.18,20363,482230832.0,2.75,-1.06,-10.96,0.2,28.480000000000132
2012-09-27,600519,1020.57,1044.2,1047.9,1018.62,27140,650222912.0,2.86,1.95,20.01,0.26,29.280000000000086
2012-09-28,600519,1037.27,1065.42,1066.05,1037.18,31283,760146560.0,2.76,2.03,21.22,0.3,28.86999999999989
2012-10-08,600519,1063.35,1041.09,1063.35,1030.87,23608,566527568.0,3.05,-2.28,-24.33,0.23,32.48000000000002
2012-10-09,600519,1045.41,1058.57,1062.31,1041.5,23411,569554624.0,2.0,1.68,17.48,0.23,20.809999999999945
2012-10-10,600519,1053.8,1057.2,1061.4,1044.45,13457,327126304.0,1.6,-0.13,-1.37,0.13,16.950000000000045
2012-10-11,600519,1051.1,1049.35,1056.91,1046.03,10626,257483485.0,1.03,-0.74,-7.85,0.1,10.88000000000011
2012-10-12,600519,1052.22,1055.91,1061.23,1048.52,11742,285916688.0,1.21,0.63,6.56,0.11,12.710000000000036
2012-10-15,600519,1061.15,1065.05,1071.4,1061.15,18883,464547296.0,0.97,0.87,9.14,0.18,10.25
2012-10-16,600519,1062.56,1082.08,1087.35,1062.56,27738,690466784.0,2.33,1.6,17.03,0.27,24.789999999999964
2012-10-17,600519,1082.08,1077.8,1084.94,1074.14,15981,397637472.0,1.0,-0.4,-4.28,0.15,10.799999999999955
2012-10-18,600519,1079.75,1087.93,1101.55,1078.71,22278,561905408.0,2.12,0.94,10.13,0.21,22.839999999999918
2012-10-19,600519,1088.06,1095.32,1103.46,1088.06,18630,472389456.0,1.42,0.68,7.39,0.18,15.400000000000091
2012-10-22,600519,1093.99,1085.11,1097.52,1073.73,19117,478244288.0,2.17,-0.93,-10.21,0.18,23.789999999999964
2012-10-23,600519,1086.19,1060.86,1086.19,1060.44,18703,461008032.0,2.37,-2.23,-24.25,0.18,25.75
2012-10-24,600519,1060.44,1067.42,1070.9,1058.36,10972,269652768.0,1.18,0.62,6.56,0.11,12.540000000000191
2012-10-25,600519,1070.41,1066.54,1074.56,1059.19,9160,225725463.0,1.44,-0.08,-0.88,0.09,15.36999999999989
2012-10-26,600519,1077.55,1045.49,1078.63,1041.63,24559,596652704.0,3.47,-1.97,-21.05,0.24,37.0
2012-10-29,600519,1047.94,1048.9,1056.29,1037.39,14491,349849296.0,1.81,0.33,3.41,0.14,18.899999999999864
2012-10-30,600519,1048.81,1060.36,1064.14,1046.36,15610,380664720.0,1.7,1.09,11.46,0.15,17.7800000000002
2012-10-31,600519,1060.11,1071.82,1074.31,1056.5,15845,390460784.0,1.68,1.08,11.46,0.15,17.809999999999945
2012-11-01,600519,1075.43,1080.37,1086.39,1067.71,18191,453437152.0,1.74,0.8,8.55,0.18,18.680000000000064
2012-11-02,600519,1079.54,1076.05,1084.94,1067.42,16975,420531728.0,1.62,-0.4,-4.32,0.16,17.519999999999982
2012-11-05,600519,1070.37,1053.46,1070.37,1046.32,22666,552311456.0,2.24,-2.1,-22.59,0.22,24.049999999999955
2012-11-06,600519,1051.35,1024.44,1051.35,1022.65,41713,991450624.0,2.72,-2.75,-29.02,0.4,28.699999999999932
2012-11-07,600519,1020.57,1030.83,1033.16,1020.57,16218,383915184.0,1.23,0.62,6.39,0.16,12.590000000000032
2012-11-08,600519,1024.69,1016.84,1028.67,1015.8,16262,382711600.0,1.25,-1.36,-13.99,0.16,12.870000000000118
2012-11-09,600519,1016.8,1019.79,1023.9,1015.01,11670,273825056.0,0.87,0.29,2.95,0.11,8.889999999999986
2012-11-12,600519,1020.57,1005.87,1023.81,995.2,20464,472928288.0,2.81,-1.36,-13.92,0.2,28.6099999999999
2012-11-13,600519,1003.96,991.75,1003.96,981.95,20448,465306368.0,2.19,-1.4,-14.12,0.2,22.00999999999999
2012-11-14,600519,993.08,1002.51,1003.96,985.28,12238,280680240.0,1.88,1.08,10.76,0.12,18.680000000000064
2012-11-15,600519,995.66,988.39,995.66,984.57,11401,259657230.0,1.11,-1.41,-14.12,0.11,11.089999999999918
2012-11-16,600519,986.52,976.56,987.14,968.67,19677,441363632.0,1.87,-1.2,-11.83,0.19,18.470000000000027
2012-11-19,600519,976.56,933.57,976.56,912.19,70484,1508795040.0,6.59,-4.4,-42.99,0.68,64.36999999999989
2012-11-20,600519,928.59,941.51,951.39,927.14,38078,820492576.0,2.6,0.85,7.94,0.37,24.25
2012-11-21,600519,941.05,952.68,957.45,924.19,33335,719458144.0,3.53,1.19,11.17,0.32,33.25999999999999
2012-11-22,600519,906.37,947.03,947.74,903.47,51521,1093946848.0,4.65,-0.59,-5.65,0.5,44.26999999999998
2012-11-23,600519,937.6,967.54,970.74,937.56,29845,655947680.0,3.5,2.17,20.51,0.29,33.180000000000064
2012-11-26,600519,964.14,946.03,965.76,939.6,21955,478884320.0,2.7,-2.22,-21.51,0.21,26.159999999999968
2012-11-27,600519,946.03,957.29,962.81,942.42,20459,447807808.0,2.16,1.19,11.26,0.2,20.389999999999986
2012-11-28,600519,955.17,951.6,955.17,945.83,15017,328018448.0,0.98,-0.59,-5.69,0.14,9.339999999999918
2012-11-29,600519,951.64,955.29,958.78,950.56,15676,343521808.0,0.86,0.39,3.69,0.15,8.220000000000027
2012-11-30,600519,954.96,941.71,954.96,930.09,21371,459310352.0,2.6,-1.42,-13.58,0.21,24.870000000000005
2012-12-03,600519,929.21,876.02,929.21,871.28,79372,1620343232.0,6.15,-6.98,-65.69,0.76,57.930000000000064
2012-12-04,600519,854.51,862.56,875.15,837.02,78705,1534594320.0,4.35,-1.54,-13.46,0.76,38.129999999999995
2012-12-05,600519,851.56,861.28,877.39,828.01,111704,2172380160.0,5.72,-0.15,-1.28,1.08,49.379999999999995
2012-12-06,600519,859.45,851.18,862.77,808.79,117562,2244829136.0,6.27,-1.17,-10.1,1.13,53.98000000000002
2012-12-07,600519,862.73,870.2,886.4,861.03,99501,1983064736.0,2.98,2.23,19.02,0.96,25.370000000000005
2012-12-11,600519,869.0,884.82,908.45,869.0,92233,1869715840.0,4.53,1.68,14.62,0.89,39.450000000000045
2012-12-12,600519,895.99,924.48,925.02,885.61,64325,1327462832.0,4.45,4.48,39.66,0.62,39.40999999999997
2012-12-13,600519,916.3,898.9,937.44,896.41,61996,1297953952.0,4.44,-2.77,-25.58,0.6,41.030000000000086
2012-12-14,600519,887.69,908.12,914.68,869.0,78926,1609442080.0,5.08,1.03,9.22,0.76,45.67999999999995
2012-12-17,600519,900.15,921.28,931.95,883.53,71361,1488539584.0,5.33,1.45,13.16,0.69,48.42000000000007
2012-12-18,600519,921.78,935.57,944.91,921.61,46945,1005177392.0,2.53,1.55,14.29,0.45,23.299999999999955
2012-12-19,600519,929.75,956.0,962.44,929.26,47570,1039482928.0,3.55,2.18,20.43,0.46,33.180000000000064
2012-12-20,600519,952.05,951.64,959.94,939.97,34434,750851792.0,2.09,-0.46,-4.36,0.33,19.970000000000027
2012-12-21,600519,948.69,944.16,954.13,940.97,25093,544719328.0,1.38,-0.79,-7.48,0.24,13.159999999999968
2012-12-24,600519,925.1,894.25,925.1,875.23,100051,2054317648.0,5.28,-5.29,-49.91,0.96,49.870000000000005
2012-12-25,600519,887.27,894.83,903.76,880.3,59534,1218659232.0,2.62,0.06,0.58,0.57,23.460000000000036
2012-12-26,600519,890.93,897.03,903.47,886.48,44866,918674032.0,1.9,0.25,2.2,0.43,16.99000000000001
2012-12-27,600519,897.24,906.71,914.68,890.76,60926,1259078000.0,2.67,1.08,9.68,0.59,23.91999999999996
2012-12-28,600519,906.79,926.31,939.93,906.79,56589,1202787584.0,3.65,2.16,19.6,0.55,33.139999999999986
2012-12-31,600519,930.5,912.69,936.69,901.6,51915,1085776112.0,3.79,-1.47,-13.62,0.5,35.09000000000003
2013-01-04,600519,925.06,904.05,925.06,895.99,58370,1205796544.0,3.19,-0.95,-8.64,0.56,29.069999999999936
2013-01-07,600519,899.65,893.04,899.65,885.61,41271,840359824.0,1.55,-1.22,-11.01,0.4,14.039999999999964
2013-01-08,600519,888.43,920.24,920.29,888.43,65287,1362186176.0,3.57,3.05,27.2,0.63,31.860000000000014
2013-01-09,600519,922.99,943.54,948.52,922.99,53749,1159330304.0,2.77,2.53,23.3,0.52,25.529999999999973
2013-01-10,600519,939.93,935.44,945.83,929.21,30528,656830928.0,1.76,-0.86,-8.1,0.29,16.620000000000005
2013-01-11,600519,932.2,921.99,938.14,916.26,37010,784542944.0,2.34,-1.44,-13.45,0.36,21.879999999999995
2013-01-14,600519,910.53,914.35,918.0,886.9,68184,1410483968.0,3.37,-0.83,-7.64,0.66,31.100000000000023
2013-01-15,600519,911.73,920.29,925.48,903.55,52635,1103130864.0,2.4,0.65,5.94,0.51,21.930000000000064
2013-01-16,600519,895.99,900.15,903.47,890.51,69502,1427067088.0,1.41,-2.19,-20.14,0.67,12.960000000000036
2013-01-17,600519,895.95,896.53,907.12,894.0,36202,744614976.0,1.46,-0.4,-3.62,0.35,13.120000000000005
2013-01-18,600519,900.77,890.84,902.14,875.69,55318,1122848384.0,2.95,-0.63,-5.69,0.53,26.449999999999932
2013-01-21,600519,886.86,864.06,886.86,859.86,74779,1482664896.0,3.03,-3.01,-26.78,0.72,27.0
2013-01-22,600519,857.83,870.37,874.11,829.55,73815,1425054464.0,5.16,0.73,6.31,0.71,44.56000000000006
2013-01-23,600519,858.62,870.99,873.19,849.48,51014,1006483568.0,2.72,0.07,0.62,0.49,23.710000000000036
2013-01-24,600519,866.51,858.45,875.64,853.63,59474,1171137856.0,2.53,-1.44,-12.54,0.57,22.00999999999999
2013-01-25,600519,829.55,829.76,841.18,817.51,80008,1508197808.0,2.76,-3.34,-28.69,0.77,23.66999999999996
2013-01-28,600519,817.09,785.95,824.57,783.87,158291,2857092944.0,4.91,-5.28,-43.81,1.52,40.700000000000045
2013-01-29,600519,775.56,784.53,792.13,758.95,115448,2034723440.0,4.22,-0.18,-1.42,1.11,33.17999999999995
2013-01-30,600519,779.92,792.67,802.51,778.39,71377,1285436672.0,3.07,1.04,8.14,0.69,24.120000000000005
2013-01-31,600519,797.16,787.61,799.65,782.91,37816,678384688.0,2.11,-0.64,-5.06,0.36,16.74000000000001
2013-02-01,600519,787.52,787.94,799.52,783.99,45266,813241680.0,1.97,0.04,0.33,0.44,15.529999999999973
2013-02-04,600519,792.17,771.95,796.12,767.26,64964,1142310992.0,3.66,-2.03,-15.99,0.63,28.860000000000014
2013-02-05,600519,771.2,810.57,810.86,766.43,87825,1575281152.0,5.76,5.0,38.62,0.85,44.430000000000064
2013-02-06,600519,812.85,808.49,813.23,800.48,46195,849026096.0,1.57,-0.26,-2.08,0.44,12.75
2013-02-07,600519,804.63,813.64,819.37,797.66,48568,895061568.0,2.69,0.64,5.15,0.47,21.710000000000036
2013-02-08,600519,813.56,824.81,827.06,810.03,41573,778273776.0,2.09,1.37,11.17,0.4,17.029999999999973
2013-02-18,600519,826.64,790.89,826.64,788.02,56570,1024714896.0,4.68,-4.11,-33.92,0.54,38.620000000000005
2013-02-19,600519,787.94,783.54,794.62,778.89,37738,673362432.0,1.99,-0.93,-7.35,0.36,15.730000000000018
2013-02-20,600519,779.72,783.45,792.09,771.49,36582,650765312.0,2.63,-0.01,-0.09,0.35,20.600000000000023
2013-02-21,600519,772.37,792.26,813.77,771.62,53833,974530656.0,5.38,1.12,8.81,0.52,42.14999999999998
2013-02-22,600519,796.33,815.39,819.58,796.33,62864,1163340816.0,2.93,2.92,23.13,0.61,23.25
2013-02-25,600519,808.79,796.7,814.39,793.25,34549,629472576.0,2.59,-2.29,-18.69,0.33,21.139999999999986
2013-02-26,600519,795.08,781.25,808.79,781.09,43755,783158032.0,3.48,-1.94,-15.45,0.42,27.699999999999932
2013-02-27,600519,778.1,778.76,786.78,773.74,34158,602608240.0,1.67,-0.32,-2.49,0.33,13.039999999999964
2013-02-28,600519,783.04,771.41,783.04,758.95,56786,990766784.0,3.09,-0.94,-7.35,0.55,24.089999999999918
2013-03-01,600519,768.5,766.51,775.4,763.06,38003,661720752.0,1.6,-0.64,-4.9,0.37,12.340000000000032
2013-03-04,600519,766.1,770.25,778.14,766.1,52073,912360624.0,1.57,0.49,3.74,0.5,12.039999999999964
2013-03-05,600519,773.15,771.41,777.47,766.68,36975,648668784.0,1.4,0.15,1.16,0.36,10.790000000000077
2013-03-06,600519,775.56,780.63,780.96,765.8,49227,861725424.0,1.97,1.2,9.22,0.47,15.160000000000082
2013-03-07,600519,789.6,808.2,827.89,789.35,85191,1573676096.0,4.94,3.53,27.57,0.82,38.539999999999964
2013-03-08,600519,817.13,809.33,823.32,807.41,35960,667118432.0,1.97,0.14,1.13,0.35,15.910000000000082
2013-03-11,600519,807.95,813.77,815.01,799.69,34965,642927312.0,1.89,0.55,4.44,0.34,15.319999999999936
2013-03-12,600519,817.09,801.23,817.51,792.17,25394,465220576.0,3.11,-1.54,-12.54,0.24,25.340000000000032
2013-03-13,600519,802.14,808.08,817.17,802.14,30770,567812080.0,1.88,0.85,6.85,0.3,15.029999999999973
2013-03-14,600519,802.56,787.77,811.98,786.61,35124,635985856.0,3.14,-2.51,-20.31,0.34,25.370000000000005
2013-03-15,600519,781.88,779.59,795.08,771.83,35961,639236960.0,2.95,-1.04,-8.18,0.35,23.25
2013-03-18,600519,779.3,748.36,779.3,743.13,78232,1336285504.0,4.64,-4.01,-31.23,0.75,36.16999999999996
2013-03-19,600519,743.17,730.63,749.9,727.85,63414,1052322592.0,2.95,-2.37,-17.73,0.61,22.049999999999955
2013-03-20,600519,730.96,750.27,753.1,726.15,71895,1202347856.0,3.69,2.69,19.64,0.69,26.950000000000045
2013-03-21,600519,748.57,737.28,748.57,733.21,65393,1091400976.0,2.05,-1.73,-12.99,0.63,15.360000000000014
2013-03-22,600519,736.03,746.7,750.23,732.83,45579,767262032.0,2.36,1.28,9.42,0.44,17.399999999999977
2013-03-25,600519,746.49,746.62,753.84,742.76,31966,541959904.0,1.48,-0.01,-0.08,0.31,11.080000000000041
2013-03-26,600519,746.91,750.15,755.67,744.04,32480,551865776.0,1.56,0.47,3.53,0.31,11.629999999999995
2013-03-27,600519,750.69,737.32,752.31,731.54,47662,795809840.0,2.77,-1.71,-12.83,0.46,20.769999999999982
2013-03-28,600519,734.37,737.44,743.09,718.71,41491,685703920.0,3.31,0.02,0.12,0.4,24.379999999999995
2013-03-29,600519,739.23,745.91,748.86,734.12,47717,802924384.0,2.0,1.15,8.47,0.46,14.740000000000009
2013-04-01,600519,742.72,729.68,744.25,728.14,29129,483197216.0,2.16,-2.18,-16.23,0.28,16.110000000000014
2013-04-02,600519,730.3,724.53,733.91,722.7,32525,534554080.0,1.54,-0.71,-5.15,0.31,11.209999999999923
2013-04-03,600519,724.4,725.11,729.88,722.33,21991,360543776.0,1.04,0.08,0.58,0.21,7.5499999999999545
2013-04-08,600519,718.01,727.06,729.88,710.99,37733,613230368.0,2.61,0.27,1.95,0.36,18.889999999999986
2013-04-09,600519,725.27,724.07,729.47,720.33,24195,396645808.0,1.26,-0.41,-2.99,0.23,9.139999999999986
2013-04-10,600519,725.73,750.48,755.26,720.33,70858,1194391200.0,4.82,3.65,26.41,0.68,34.92999999999995
2013-04-11,600519,750.65,746.16,754.8,743.59,29730,504695120.0,1.49,-0.58,-4.32,0.29,11.209999999999923
2013-04-12,600519,746.16,759.91,768.92,744.42,59800,1032119616.0,3.28,1.84,13.75,0.58,24.5
2013-04-15,600519,760.07,762.03,765.85,750.73,28337,487286256.0,1.99,0.28,2.12,0.27,15.120000000000005
2013-04-16,600519,750.65,763.77,772.24,748.99,39138,676673440.0,3.05,0.23,1.74,0.38,23.25
2013-04-17,600519,765.6,785.9,787.07,765.39,42974,760898352.0,2.84,2.9,22.13,0.41,21.680000000000064
2013-04-18,600519,780.55,788.64,792.17,775.61,41957,749007264.0,2.11,0.35,2.74,0.4,16.559999999999945
2013-04-19,600519,789.68,788.98,791.68,779.26,39238,701185040.0,1.57,0.04,0.34,0.38,12.419999999999959
2013-04-22,600519,787.61,766.05,787.61,765.18,42746,747616496.0,2.84,-2.91,-22.93,0.41,22.430000000000064
2013-04-23,600519,765.18,758.16,771.33,757.71,30953,535923152.0,1.78,-1.03,-7.89,0.3,13.620000000000005
2013-04-24,600519,759.87,770.87,771.41,751.89,30403,525381344.0,2.57,1.68,12.71,0.29,19.519999999999982
2013-04-25,600519,767.34,778.47,782.04,764.02,25360,446045072.0,2.34,0.99,7.6,0.24,18.019999999999982
2013-04-26,600519,781.42,767.22,783.87,763.15,16308,285787936.0,2.66,-1.45,-11.25,0.16,20.720000000000027
2013-05-02,600519,763.11,755.26,763.31,746.62,28587,489586432.0,2.18,-1.56,-11.96,0.28,16.68999999999994
2013-05-03,600519,758.12,760.82,767.34,753.14,21461,369986944.0,1.88,0.74,5.56,0.21,14.200000000000045
2013-05-06,600519,763.11,783.04,783.79,758.87,30196,529181408.0,3.28,2.92,22.22,0.29,24.91999999999996
2013-05-07,600519,788.1,824.11,826.81,788.1,71021,1305178752.0,4.94,5.24,41.07,0.68,38.70999999999992
2013-05-08,600519,824.57,829.09,833.7,817.63,42416,799534960.0,1.95,0.6,4.98,0.41,16.07000000000005
2013-05-09,600519,830.63,863.52,863.6,830.63,70135,1370326176.0,3.98,4.15,34.43,0.68,32.97000000000003
2013-05-10,600519,862.81,863.23,879.05,858.66,48777,970170016.0,2.36,-0.03,-0.29,0.47,20.389999999999986
2013-05-13,600519,863.23,865.59,881.87,849.36,32579,645155888.0,3.77,0.27,2.36,0.31,32.50999999999999
2013-05-14,600519,859.03,838.64,863.19,833.74,36432,701153968.0,3.4,-3.11,-26.95,0.35,29.450000000000045
2013-05-15,600519,837.36,853.05,861.36,836.69,23264,452499712.0,2.94,1.72,14.41,0.22,24.66999999999996
2013-05-16,600519,850.35,853.84,877.35,842.01,45462,893376384.0,4.14,0.09,0.79,0.44,35.34000000000003
2013-05-17,600519,850.64,858.24,860.49,846.16,33557,654713520.0,1.68,0.52,4.4,0.32,14.330000000000041
2013-05-20,600519,861.94,854.47,868.92,852.18,30944,605797984.0,1.95,-0.44,-3.77,0.3,16.74000000000001
2013-05-21,600519,853.97,854.55,857.62,848.28,23102,449227072.0,1.09,0.01,0.08,0.22,9.340000000000032
2013-05-22,600519,857.16,873.03,877.72,854.88,46150,917905232.0,2.67,2.16,18.48,0.44,22.840000000000032
2013-05-23,600519,873.57,885.36,902.18,873.57,62247,1272531728.0,3.28,1.41,12.33,0.6,28.6099999999999
2013-05-24,600519,891.84,879.09,905.0,875.23,45073,915894080.0,3.36,-0.71,-6.27,0.43,29.769999999999982
2013-05-27,600519,883.41,882.0,883.95,866.92,26778,536544400.0,1.94,0.33,2.91,0.26,17.030000000000086
2013-05-28,600519,883.04,884.12,888.97,873.36,23676,477386720.0,1.77,0.24,2.12,0.23,15.610000000000014
2013-05-29,600519,887.69,881.42,903.76,880.83,32340,659505376.0,2.59,-0.31,-2.7,0.31,22.92999999999995
2013-05-30,600519,878.55,876.27,886.94,871.12,25019,500916432.0,1.79,-0.58,-5.15,0.24,15.82000000000005
2013-05-31,600519,879.26,863.19,881.04,862.77,24591,490984240.0,2.08,-1.49,-13.08,0.24,18.269999999999982
2013-06-03,600519,867.34,883.87,885.82,863.52,40257,807356528.0,2.58,2.4,20.68,0.39,22.300000000000068
2013-06-04,600519,884.78,882.29,897.24,882.08,42357,862313616.0,1.72,-0.18,-1.58,0.41,15.159999999999968
2013-06-05,600519,883.49,880.09,885.61,873.48,23724,476555328.0,1.37,-0.25,-2.2,0.23,12.129999999999995
2013-06-06,600519,880.25,882.12,895.16,880.25,33877,688473440.0,1.69,0.23,2.03,0.33,14.909999999999968
2013-06-07,600519,881.58,886.35,901.89,874.93,25478,502253008.0,3.06,0.48,4.23,0.25,26.960000000000036
2013-06-13,600519,881.62,879.92,895.57,868.7,44999,876852224.0,3.03,-0.73,-6.43,0.43,26.870000000000005
2013-06-14,600519,878.42,877.05,881.12,858.61,32519,625711424.0,2.56,-0.33,-2.87,0.31,22.50999999999999
2013-06-17,600519,878.09,858.2,881.04,857.08,29689,568914656.0,2.73,-2.15,-18.85,0.29,23.959999999999923
2013-06-18,600519,856.87,867.21,867.83,845.91,27378,516512032.0,2.55,1.05,9.01,0.26,21.920000000000073
2013-06-19,600519,864.01,880.42,883.2,852.88,28909,556142176.0,3.5,1.52,13.21,0.28,30.32000000000005
2013-06-20,600519,878.88,867.58,883.11,862.89,25587,493350640.0,2.3,-1.46,-12.84,0.25,20.220000000000027
2013-06-21,600519,860.52,865.22,884.78,849.98,39654,762942576.0,4.01,-0.27,-2.36,0.38,34.799999999999955
2013-06-24,600519,867.04,842.17,868.66,840.34,40807,765344880.0,3.27,-2.66,-23.05,0.39,28.319999999999936
2013-06-25,600519,841.92,859.69,861.6,802.34,51352,952843632.0,7.04,2.08,17.52,0.49,59.25999999999999
2013-06-26,600519,854.09,855.04,859.61,838.68,32903,613847376.0,2.43,-0.54,-4.65,0.32,20.930000000000064
2013-06-27,600519,855.04,858.61,870.12,852.43,34136,651525216.0,2.07,0.42,3.57,0.33,17.690000000000055
2013-06-28,600519,855.58,870.2,874.73,855.58,28070,540002736.0,2.23,1.35,11.59,0.27,19.149999999999977
2013-07-01,600519,868.79,878.17,881.0,864.59,25829,498364208.0,1.89,0.92,7.97,0.25,16.409999999999968
2013-07-02,600519,878.09,893.37,897.69,871.24,33453,656544864.0,3.01,1.73,15.2,0.32,26.450000000000045
2013-07-03,600519,897.32,893.46,901.05,885.81,35425,702154064.0,1.71,0.01,0.09,0.34,15.240000000000009
2013-07-04,600519,889.72,887.85,901.3,887.68,24215,480333712.0,1.52,-0.63,-5.61,0.23,13.620000000000005
2013-07-05,600519,889.01,889.93,899.27,889.01,17780,351961200.0,1.16,0.23,2.08,0.17,10.259999999999991
2013-07-08,600519,888.93,881.79,893.12,872.82,24114,471887312.0,2.28,-0.91,-8.14,0.23,20.299999999999955
2013-07-09,600519,886.52,868.87,886.52,863.31,20234,390495520.0,2.63,-1.47,-12.92,0.19,23.210000000000036
2013-07-10,600519,865.38,876.3,877.38,855.75,33245,635969696.0,2.49,0.86,7.43,0.32,21.629999999999995
2013-07-11,600519,879.25,885.15,887.35,868.79,46057,897968912.0,2.12,1.01,8.85,0.44,18.56000000000006
2013-07-12,600519,881.58,855.42,888.47,854.96,42992,823551968.0,3.79,-3.36,-29.73,0.41,33.50999999999999
2013-07-15,600519,857.78,851.84,860.77,839.3,36607,683259584.0,2.51,-0.42,-3.58,0.35,21.470000000000027
2013-07-16,600519,852.72,864.3,865.67,841.67,37011,698456704.0,2.82,1.46,12.46,0.36,24.0
2013-07-17,600519,862.43,847.57,863.64,847.11,27388,517180736.0,1.91,-1.94,-16.73,0.26,16.529999999999973
2013-07-18,600519,847.9,839.89,849.77,834.2,25700,475329680.0,1.84,-0.91,-7.68,0.25,15.569999999999936
2013-07-19,600519,839.64,802.26,839.64,796.12,73319,1309145808.0,5.18,-4.48,-37.63,0.71,43.51999999999998
2013-07-22,600519,800.81,797.57,806.75,789.97,27062,472471728.0,2.09,-0.58,-4.69,0.26,16.779999999999973
2013-07-23,600519,801.93,817.13,820.04,797.98,28756,513622528.0,2.77,2.45,19.56,0.28,22.059999999999945
2013-07-24,600519,816.34,796.49,816.34,790.18,44067,772480656.0,3.2,-2.53,-20.64,0.42,26.160000000000082
2013-07-25,600519,799.73,813.6,818.0,795.16,39541,701690240.0,2.87,2.15,17.11,0.38,22.840000000000032
2013-07-26,600519,806.37,797.94,809.69,797.65,19046,334279504.0,1.48,-1.92,-15.66,0.18,12.040000000000077
2013-07-29,600519,795.08,782.79,795.08,781.46,26883,462873568.0,1.71,-1.9,-15.15,0.26,13.620000000000005
2013-07-30,600519,778.55,770.78,782.62,758.99,42114,708812320.0,3.02,-1.53,-12.01,0.41,23.629999999999995
2013-07-31,600519,775.97,771.07,782.29,767.75,14590,246901546.0,1.89,0.04,0.29,0.14,14.539999999999964
2013-08-01,600519,777.22,785.15,787.69,773.4,24853,426199168.0,1.85,1.83,14.08,0.24,14.290000000000077
2013-08-02,600519,788.89,802.34,811.19,788.47,29241,514840304.0,2.89,2.19,17.19,0.28,22.720000000000027
2013-08-05,600519,802.34,800.14,805.42,793.5,18065,316638080.0,1.49,-0.27,-2.2,0.17,11.919999999999959
2013-08-06,600519,793.62,799.02,800.14,788.52,26562,462053664.0,1.45,-0.14,-1.12,0.26,11.620000000000005
2013-08-07,600519,797.24,803.8,813.27,792.79,28378,501679184.0,2.56,0.6,4.78,0.27,20.480000000000018
2013-08-08,600519,803.96,798.73,807.87,795.58,16077,282184720.0,1.53,-0.63,-5.07,0.15,12.289999999999964
2013-08-09,600519,799.94,789.06,802.59,781.21,22889,396239808.0,2.68,-1.21,-9.67,0.22,21.379999999999995
2013-08-12,600519,788.93,811.81,812.31,787.73,39390,692000832.0,3.12,2.88,22.75,0.38,24.579999999999927
2013-08-13,600519,810.57,818.62,820.91,804.3,25436,453549744.0,2.05,0.84,6.81,0.25,16.610000000000014
2013-08-14,600519,818.37,813.39,828.55,812.19,21722,392821872.0,2.0,-0.64,-5.23,0.21,16.3599999999999
2013-08-15,600519,814.1,808.28,823.81,807.99,15366,274789280.0,1.94,-0.63,-5.11,0.15,15.819999999999936
2013-08-16,600519,808.57,795.58,822.98,794.12,34974,617783344.0,3.57,-1.57,-12.7,0.34,28.860000000000014
2013-08-19,600519,799.73,798.77,801.85,789.76,19358,337652096.0,1.52,0.4,3.19,0.19,12.090000000000032
2013-08-20,600519,794.54,792.29,798.07,788.52,31251,541646640.0,1.2,-0.81,-6.48,0.3,9.550000000000068
2013-08-21,600519,798.11,796.78,798.69,787.27,23103,401820448.0,1.44,0.57,4.49,0.22,11.420000000000073
2013-08-22,600519,796.41,798.4,805.04,794.0,15502,272139856.0,1.39,0.2,1.62,0.15,11.039999999999964
2013-08-23,600519,802.1,789.72,802.14,783.53,19530,338959488.0,2.33,-1.09,-8.68,0.19,18.610000000000014
2013-08-26,600519,790.22,793.67,798.07,785.61,16885,293255616.0,1.58,0.5,3.95,0.16,12.460000000000036
2013-08-27,600519,792.96,790.38,792.96,785.61,24437,422029088.0,0.93,-0.41,-3.29,0.24,7.350000000000023
2013-08-28,600519,786.31,776.89,786.31,775.52,30603,521639360.0,1.37,-1.71,-13.49,0.29,10.789999999999964
2013-08-29,600519,777.3,770.99,778.72,769.45,21804,368545680.0,1.19,-0.76,-5.9,0.21,9.269999999999982
2013-08-30,600519,770.99,772.24,773.15,767.13,25861,435606368.0,0.78,0.16,1.25,0.25,6.019999999999982
2013-09-02,600519,739.1,702.22,739.1,702.14,224971,3438418528.0,4.79,-9.07,-70.02,2.17,36.960000000000036
2013-09-03,600519,698.4,701.14,705.88,690.1,123211,1855978592.0,2.25,-0.15,-1.08,1.19,15.779999999999973
2013-09-04,600519,702.55,702.97,708.99,700.89,76790,1171694800.0,1.16,0.26,1.83,0.74,8.100000000000023
2013-09-05,600519,701.97,695.37,705.88,691.34,71283,1070129376.0,2.07,-1.08,-7.6,0.69,14.539999999999964
2013-09-06,600519,694.66,695.41,697.99,693.29,37784,567391472.0,0.68,0.01,0.04,0.36,4.7000000000000455
2013-09-09,600519,698.4,698.19,700.56,693.75,69271,1042258768.0,0.98,0.4,2.78,0.67,6.809999999999945
2013-09-10,600519,697.57,700.98,702.06,694.58,54093,816720656.0,1.07,0.4,2.79,0.52,7.4799999999999045
2013-09-11,600519,701.52,704.92,705.79,694.25,69013,1045733440.0,1.65,0.56,3.94,0.66,11.539999999999964
2013-09-12,600519,705.17,701.43,707.54,699.27,47723,725740672.0,1.17,-0.5,-3.49,0.46,8.269999999999982
2013-09-13,600519,701.27,702.64,712.85,701.1,68255,1044001952.0,1.68,0.17,1.21,0.66,11.75
2013-09-16,600519,705.13,692.8,705.13,692.55,58877,889024064.0,1.79,-1.4,-9.84,0.57,12.580000000000041
2013-09-17,600519,690.1,658.12,690.93,654.84,109058,1571781600.0,5.21,-5.01,-34.68,1.05,36.08999999999992
2013-09-18,600519,656.87,660.61,662.61,650.65,67318,949223072.0,1.82,0.38,2.49,0.65,11.960000000000036
2013-09-23,600519,660.99,656.09,661.03,652.93,65410,921212144.0,1.23,-0.68,-4.52,0.63,8.100000000000023
2013-09-24,600519,656.87,639.43,662.11,639.02,98819,1371542704.0,3.52,-2.54,-16.66,0.95,23.090000000000032
2013-09-25,600519,638.4,632.62,642.34,623.74,69789,943851488.0,2.91,-1.07,-6.81,0.67,18.600000000000023
2013-09-26,600519,627.81,633.7,637.02,627.81,47228,638421040.0,1.46,0.17,1.08,0.45,9.210000000000036
2013-09-27,600519,633.99,628.05,636.78,626.93,34639,465617872.0,1.55,-0.89,-5.65,0.33,9.850000000000023
2013-09-30,600519,627.51,635.86,637.4,625.81,50461,681360336.0,1.85,1.24,7.81,0.49,11.590000000000032
2013-10-08,600519,635.11,638.89,641.92,628.59,56867,773294160.0,2.1,0.48,3.03,0.55,13.329999999999927
2013-10-09,600519,638.6,640.22,641.92,635.28,40815,557664496.0,1.04,0.21,1.33,0.39,6.639999999999986
2013-10-10,600519,640.26,640.43,641.84,637.15,29046,397207808.0,0.73,0.03,0.21,0.28,4.690000000000055
2013-10-11,600519,633.2,642.42,643.71,633.2,36456,499830912.0,1.64,0.31,1.99,0.35,10.509999999999991
2013-10-14,600519,644.21,651.27,651.6,641.59,55275,767129552.0,1.56,1.38,8.85,0.53,10.009999999999991
2013-10-15,600519,651.64,670.37,672.65,648.9,69278,986261712.0,3.65,2.93,19.1,0.67,23.75
2013-10-16,600519,678.88,670.33,684.7,661.44,94813,1382754192.0,3.47,-0.01,-0.04,0.91,23.25999999999999
2013-10-17,600519,671.78,670.12,676.81,667.26,48621,703391968.0,1.42,-0.03,-0.21,0.47,9.549999999999955
2013-10-18,600519,671.37,665.1,673.11,661.03,35575,510349744.0,1.8,-0.75,-5.02,0.34,12.080000000000041
2013-10-21,600519,667.3,673.86,674.73,661.86,47023,677908672.0,1.94,1.32,8.76,0.45,12.870000000000005
2013-10-22,600519,672.65,666.92,672.65,664.14,24581,353140640.0,1.26,-1.03,-6.94,0.24,8.509999999999991
2013-10-23,600519,666.26,668.05,672.16,661.9,26215,375070080.0,1.54,0.17,1.13,0.25,10.259999999999991
2013-10-24,600519,666.43,668.13,669.21,663.93,26255,376580496.0,0.79,0.01,0.08,0.25,5.280000000000086
2013-10-25,600519,665.22,639.14,665.22,634.45,58584,807380208.0,4.61,-4.34,-28.99,0.56,30.769999999999982
2013-10-28,600519,635.2,627.68,639.31,624.73,32141,431472144.0,2.28,-1.79,-11.46,0.31,14.579999999999927
2013-10-29,600519,628.43,622.82,630.55,617.42,35183,468246864.0,2.09,-0.77,-4.86,0.34,13.129999999999995
2013-10-30,600519,623.57,621.95,624.9,619.33,25343,335579616.0,0.89,-0.14,-0.87,0.24,5.569999999999936
2013-10-31,600519,622.2,632.42,638.23,621.58,34893,471033936.0,2.68,1.68,10.47,0.34,16.649999999999977
2013-11-01,600519,629.18,632.71,635.45,626.98,22154,299057616.0,1.34,0.05,0.29,0.21,8.470000000000027
2013-11-04,600519,633.83,637.52,640.14,633.08,19436,264834002.0,1.12,0.76,4.81,0.19,7.059999999999945
2013-11-05,600519,635.28,644.87,646.04,630.71,27843,381603616.0,2.4,1.15,7.35,0.27,15.329999999999927
2013-11-06,600519,645.58,651.27,656.92,642.34,44449,619496992.0,2.26,0.99,6.4,0.43,14.579999999999927
2013-11-07,600519,650.06,648.44,652.22,639.02,21359,294635360.0,2.03,-0.43,-2.83,0.21,13.200000000000045
2013-11-08,600519,646.91,636.69,652.68,636.15,21537,298492272.0,2.55,-1.81,-11.75,0.21,16.529999999999973
2013-11-11,600519,644.42,650.85,659.7,636.86,52329,729491568.0,3.59,2.22,14.16,0.5,22.840000000000032
2013-11-12,600519,650.31,672.82,674.94,648.78,69478,997440464.0,4.02,3.38,21.97,0.67,26.160000000000082
2013-11-13,600519,669.71,672.32,679.51,665.6,31881,460888128.0,2.07,-0.07,-0.5,0.31,13.909999999999968
2013-11-14,600519,673.49,669.62,673.49,659.74,24042,344294688.0,2.05,-0.4,-2.7,0.23,13.75
2013-11-15,600519,668.25,667.01,671.91,661.44,33598,481165008.0,1.56,-0.39,-2.61,0.32,10.469999999999914
2013-11-18,600519,669.33,667.21,672.9,664.35,41572,596980144.0,1.28,0.03,0.2,0.4,8.549999999999955
2013-11-19,600519,667.26,664.43,670.16,658.12,41167,588099504.0,1.8,-0.42,-2.78,0.4,12.039999999999964
2013-11-20,600519,664.1,661.28,664.85,658.54,25518,362889664.0,0.95,-0.47,-3.15,0.25,6.310000000000059
2013-11-21,600519,659.7,647.16,662.23,646.7,32992,459524464.0,2.35,-2.14,-14.12,0.32,15.529999999999973
2013-11-22,600519,647.16,646.37,650.02,644.33,28111,389528912.0,0.88,-0.12,-0.79,0.27,5.689999999999941
2013-11-25,600519,643.5,656.58,660.45,642.42,26181,367831840.0,2.79,1.58,10.21,0.25,18.030000000000086
2013-11-26,600519,656.83,652.64,660.36,651.81,16406,230259508.0,1.3,-0.6,-3.94,0.16,8.550000000000068
2013-11-27,600519,652.68,652.51,657.66,646.91,15680,219358339.0,1.65,-0.02,-0.13,0.15,10.75
2013-11-28,600519,652.64,660.32,663.73,652.64,22241,315027616.0,1.7,1.2,7.81,0.21,11.090000000000032
2013-11-29,600519,656.87,658.7,659.57,652.39,20424,287184368.0,1.09,-0.25,-1.62,0.2,7.180000000000064
2013-12-02,600519,652.76,639.35,653.84,638.19,42892,591853936.0,2.38,-2.94,-19.35,0.41,15.649999999999977
2013-12-03,600519,638.4,642.67,644.08,633.37,32882,448934464.0,1.68,0.52,3.32,0.32,10.710000000000036
2013-12-04,600519,642.17,646.41,648.65,638.48,33510,463071200.0,1.58,0.58,3.74,0.32,10.169999999999959
2013-12-05,600519,646.24,640.22,646.24,640.06,19326,265765318.0,0.96,-0.96,-6.19,0.19,6.180000000000064
2013-12-06,600519,639.31,647.53,648.98,636.11,29151,402741312.0,2.01,1.14,7.31,0.28,12.870000000000005
2013-12-09,600519,646.91,644.17,647.32,636.11,25372,347999968.0,1.73,-0.52,-3.36,0.24,11.210000000000036
2013-12-10,600519,642.38,640.06,644.0,636.94,25393,347805552.0,1.1,-0.64,-4.11,0.24,7.059999999999945
2013-12-11,600519,639.68,637.73,642.76,636.82,19868,271716032.0,0.93,-0.36,-2.33,0.19,5.939999999999941
2013-12-12,600519,637.48,637.77,641.68,636.94,18307,250384797.0,0.74,0.01,0.04,0.18,4.739999999999895
2013-12-13,600519,637.07,637.77,641.88,637.02,19267,263371186.0,0.76,0.0,0.0,0.19,4.860000000000014
2013-12-16,600519,636.15,623.53,637.86,623.11,32869,439536256.0,2.31,-2.23,-14.24,0.32,14.75
2013-12-17,600519,623.45,624.52,630.84,621.16,15641,209082464.0,1.55,0.16,0.99,0.15,9.680000000000064
2013-12-18,600519,623.61,621.53,625.73,620.79,20105,266750697.0,0.79,-0.48,-2.99,0.19,4.940000000000055
2013-12-19,600519,624.86,615.97,625.31,615.76,17813,235156558.0,1.54,-0.89,-5.56,0.17,9.549999999999955
2013-12-20,600519,616.39,597.28,618.46,594.58,38556,495862864.0,3.88,-3.03,-18.69,0.37,23.879999999999995
2013-12-23,600519,596.37,596.7,601.39,595.08,19223,243709867.0,1.06,-0.1,-0.58,0.19,6.309999999999945
2013-12-24,600519,598.74,597.12,601.64,596.16,27897,354505536.0,0.92,0.07,0.42,0.27,5.480000000000018
2013-12-25,600519,598.74,595.66,600.27,594.13,18439,233016830.0,1.03,-0.24,-1.46,0.18,6.139999999999986
2013-12-26,600519,594.58,589.35,595.54,586.86,34156,427007200.0,1.46,-1.06,-6.31,0.33,8.67999999999995
2013-12-27,600519,591.26,595.41,599.69,589.35,25455,321517728.0,1.75,1.03,6.06,0.25,10.340000000000032
2013-12-30,600519,596.45,588.19,598.65,586.24,32167,401569200.0,2.08,-1.21,-7.22,0.31,12.409999999999968
2013-12-31,600519,586.28,604.47,608.33,580.05,57546,730676608.0,4.81,2.77,16.28,0.55,28.280000000000086
2014-01-02,600519,602.85,594.5,602.85,592.92,21977,277430224.0,1.64,-1.65,-9.97,0.21,9.930000000000064
2014-01-03,600519,591.47,586.2,593.75,583.08,23342,288934608.0,1.79,-1.4,-8.3,0.22,10.669999999999959
2014-01-06,600519,581.63,572.7,590.02,572.57,30229,367274768.0,2.98,-2.3,-13.5,0.29,17.449999999999932
2014-01-07,600519,570.12,571.99,575.27,566.35,18039,216936563.0,1.56,-0.12,-0.71,0.17,8.919999999999959
2014-01-08,600519,571.7,567.18,574.57,561.4,31990,380752976.0,2.3,-0.84,-4.81,0.31,13.170000000000073
2014-01-09,600519,565.51,566.93,577.14,563.85,47887,575090336.0,2.34,-0.04,-0.25,0.46,13.289999999999964
2014-01-10,600519,565.56,566.64,571.45,561.57,21127,251742737.0,1.74,-0.05,-0.29,0.2,9.879999999999995
2014-01-13,600519,566.76,569.21,579.3,565.85,37646,454274352.0,2.37,0.45,2.57,0.36,13.449999999999932
2014-01-14,600519,570.5,575.11,577.1,565.1,23475,282925552.0,2.11,1.04,5.9,0.23,12.0
2014-01-15,600519,571.79,564.52,574.44,561.57,19721,235363881.0,2.24,-1.84,-10.59,0.19,12.870000000000005
2014-01-16,600519,564.89,577.93,579.84,564.44,39120,474484848.0,2.73,2.38,13.41,0.38,15.399999999999977
2014-01-17,600519,577.14,570.91,580.67,570.17,32364,393324784.0,1.82,-1.21,-7.02,0.31,10.5
2014-01-20,600519,577.56,597.86,599.98,573.9,60091,751598256.0,4.57,4.72,26.95,0.58,26.08000000000004
2014-01-21,600519,594.58,598.7,605.84,591.88,35405,451224688.0,2.33,0.14,0.84,0.34,13.960000000000036
2014-01-22,600519,598.65,628.51,631.17,595.83,73668,975900192.0,5.9,4.98,29.81,0.71,35.33999999999992
2014-01-23,600519,628.55,628.18,633.62,618.5,40258,538497408.0,2.41,-0.05,-0.33,0.39,15.120000000000005
2014-01-24,600519,625.73,634.03,634.82,621.62,35781,482834464.0,2.1,0.93,5.85,0.34,13.200000000000045
2014-01-27,600519,631.5,655.84,668.42,630.55,83511,1170783936.0,5.97,3.44,21.81,0.8,37.870000000000005
2014-01-28,600519,654.84,649.48,661.03,642.34,36401,508739360.0,2.85,-0.97,-6.36,0.35,18.68999999999994
2014-01-29,600519,651.81,640.31,657.12,638.15,31520,434136672.0,2.92,-1.41,-9.17,0.3,18.970000000000027
2014-01-30,600519,638.19,620.33,640.06,615.35,37223,496967648.0,3.86,-3.12,-19.98,0.36,24.709999999999923
2014-02-07,600519,619.75,627.35,630.38,615.6,23866,317924208.0,2.38,1.13,7.02,0.23,14.779999999999973
2014-02-10,600519,627.81,623.07,629.47,614.77,36252,479835312.0,2.34,-0.68,-4.28,0.35,14.700000000000045
2014-02-11,600519,622.82,627.97,634.37,619.92,43007,578123056.0,2.32,0.79,4.9,0.41,14.450000000000045
2014-02-12,600519,628.64,628.43,631.83,624.94,19283,258332741.0,1.1,0.07,0.46,0.19,6.889999999999986
2014-02-13,600519,627.93,634.74,646.04,627.85,38567,528398496.0,2.89,1.0,6.31,0.37,18.18999999999994
2014-02-14,600519,633.58,664.76,665.18,633.58,67410,946589744.0,4.98,4.73,30.02,0.65,31.59999999999991
2014-02-17,600519,669.75,694.17,698.36,669.75,87465,1301703984.0,4.3,4.42,29.41,0.84,28.610000000000014
2014-02-18,600519,691.92,681.83,691.92,678.14,33640,496116912.0,1.99,-1.78,-12.34,0.32,13.779999999999973
2014-02-19,600519,682.0,692.3,702.47,682.0,31483,472702784.0,3.0,1.54,10.47,0.3,20.470000000000027
2014-02-20,600519,692.17,690.05,700.81,685.94,23189,346513536.0,2.15,-0.33,-2.25,0.22,14.86999999999989
2014-02-21,600519,685.94,690.43,694.87,685.03,34125,508426624.0,1.43,0.06,0.38,0.33,9.840000000000032
2014-02-24,600519,690.51,684.37,698.73,676.02,31179,463140896.0,3.29,-0.88,-6.06,0.3,22.710000000000036
2014-02-25,600519,685.94,662.56,687.6,656.87,46280,662701584.0,4.49,-3.19,-21.81,0.45,30.730000000000018
2014-02-26,600519,655.05,661.15,673.4,648.78,26514,377024800.0,3.72,-0.21,-1.41,0.26,24.620000000000005
2014-02-27,600519,661.65,673.28,676.77,652.8,25646,367761888.0,3.63,1.83,12.13,0.25,23.970000000000027
2014-02-28,600519,673.49,694.33,697.57,673.28,41926,626931552.0,3.61,3.13,21.05,0.4,24.290000000000077
2014-03-03,600519,694.25,714.72,714.97,687.31,48817,745535040.0,3.98,2.94,20.39,0.47,27.660000000000082
2014-03-04,600519,703.05,708.37,732.83,702.55,50867,795957008.0,4.24,-0.89,-6.35,0.49,30.280000000000086
2014-03-05,600519,710.98,735.11,735.73,702.55,47212,741663984.0,4.68,3.77,26.74,0.45,33.180000000000064
2014-03-06,600519,736.65,744.08,745.33,723.32,42741,684035152.0,2.99,1.22,8.97,0.41,22.00999999999999
2014-03-07,600519,744.08,758.57,765.68,735.94,58110,952251168.0,4.0,1.95,14.49,0.56,29.739999999999895
2014-03-10,600519,755.71,723.07,759.86,710.98,49985,797666912.0,6.44,-4.68,-35.5,0.48,48.879999999999995
2014-03-11,600519,719.17,744.83,750.73,715.43,38561,619885232.0,4.88,3.01,21.76,0.37,35.30000000000007
2014-03-12,600519,740.26,729.67,750.73,718.25,36764,582653264.0,4.36,-2.04,-15.16,0.35,32.48000000000002
2014-03-13,600519,725.81,756.0,756.96,723.77,42638,695571568.0,4.55,3.61,26.33,0.41,33.190000000000055
2014-03-14,600519,752.64,751.85,760.69,743.25,24934,407076144.0,2.31,-0.55,-4.15,0.24,17.440000000000055
2014-03-17,600519,756.54,762.64,763.43,744.12,32199,529609728.0,2.57,1.44,10.79,0.31,19.309999999999945
2014-03-18,600519,770.24,782.79,803.05,770.24,59474,1030329360.0,4.3,2.64,20.15,0.57,32.809999999999945
2014-03-19,600519,776.89,795.45,798.07,773.15,35366,613576544.0,3.18,1.62,12.66,0.34,24.920000000000073
2014-03-20,600519,795.16,773.9,795.99,773.15,33895,579777920.0,2.87,-2.71,-21.55,0.33,22.840000000000032
2014-03-21,600519,770.83,783.12,785.53,758.62,40319,680945760.0,3.48,1.19,9.22,0.39,26.909999999999968
2014-03-24,600519,781.46,782.66,801.1,776.89,26321,453477904.0,3.09,-0.06,-0.46,0.25,24.210000000000036
2014-03-25,600519,770.66,764.06,770.66,717.46,62404,1024298848.0,6.8,-2.38,-18.6,0.6,53.19999999999993
2014-03-26,600519,756.96,729.51,761.15,728.97,57376,927285408.0,4.21,-4.52,-34.55,0.55,32.17999999999995
2014-03-27,600519,726.06,726.06,739.1,720.83,38045,603835728.0,2.5,-0.47,-3.45,0.37,18.269999999999982
2014-03-28,600519,726.72,705.21,731.58,698.44,48273,740132768.0,4.56,-2.87,-20.85,0.46,33.139999999999986
2014-03-31,600519,702.6,713.77,724.9,702.55,30584,473939136.0,3.17,1.21,8.56,0.29,22.350000000000023
2014-04-01,600519,713.81,746.12,746.37,712.52,34047,544622704.0,4.74,4.53,32.35,0.33,33.85000000000002
2014-04-02,600519,747.15,759.2,775.89,740.05,46698,777378720.0,4.8,1.75,13.08,0.45,35.84000000000003
2014-04-03,600519,767.17,757.83,767.71,750.31,26918,444348448.0,2.29,-0.18,-1.37,0.26,17.40000000000009
2014-04-04,600519,755.09,752.64,757.79,739.93,23207,377896960.0,2.36,-0.68,-5.19,0.22,17.860000000000014
2014-04-08,600519,752.05,754.63,758.28,739.97,25927,423934496.0,2.43,0.26,1.99,0.25,18.309999999999945
2014-04-09,600519,756.62,749.69,763.31,744.62,21619,354031808.0,2.48,-0.65,-4.94,0.21,18.68999999999994
2014-04-10,600519,749.36,775.27,781.54,733.7,54178,897611264.0,6.38,3.41,25.58,0.52,47.83999999999992
2014-04-11,600519,785.61,802.55,817.17,785.61,90226,1593651872.0,4.07,3.52,27.28,0.87,31.559999999999945
2014-04-14,600519,796.82,795.41,807.66,789.76,26824,469646912.0,2.23,-0.89,-7.14,0.26,17.899999999999977
2014-04-15,600519,790.59,795.95,801.68,790.59,25880,452432800.0,1.39,0.07,0.54,0.25,11.089999999999918
2014-04-16,600519,792.67,781.54,796.24,778.09,22041,379301952.0,2.28,-1.81,-14.41,0.21,18.149999999999977
2014-04-17,600519,780.63,798.9,802.22,778.18,29744,517914688.0,3.08,2.22,17.36,0.29,24.040000000000077
2014-04-18,600519,798.07,799.35,809.57,791.01,19601,344825520.0,2.32,0.06,0.45,0.19,18.56000000000006
2014-04-21,600519,793.96,785.82,802.14,785.61,18334,318935968.0,2.07,-1.69,-13.53,0.18,16.529999999999973
2014-04-22,600519,785.61,786.15,798.61,783.62,22345,387206384.0,1.91,0.04,0.33,0.22,14.990000000000009
2014-04-23,600519,785.94,802.47,804.25,785.73,33756,592119536.0,2.36,2.08,16.32,0.33,18.519999999999982
2014-04-24,600519,802.84,801.22,805.17,792.67,12581,220213004.0,1.56,-0.16,-1.25,0.12,12.5
2014-04-25,600519,768.92,755.25,769.0,743.21,95877,1581409280.0,3.22,-5.74,-45.97,0.92,25.789999999999964
2014-04-28,600519,744.41,747.36,754.71,734.99,33029,535511088.0,2.61,-1.04,-7.89,0.32,19.720000000000027
2014-04-29,600519,747.4,750.68,758.53,746.03,27996,459181200.0,1.67,0.44,3.32,0.27,12.5
2014-04-30,600519,752.18,751.89,753.59,746.28,19221,314017280.0,0.97,0.16,1.21,0.19,7.310000000000059
2014-05-05,600519,750.31,736.81,750.31,723.65,36743,585326688.0,3.55,-2.01,-15.08,0.35,26.659999999999968
2014-05-06,600519,735.78,739.06,746.99,735.78,13623,219512505.0,1.52,0.31,2.25,0.13,11.210000000000036
2014-05-07,600519,742.46,738.52,742.46,734.12,11961,192090276.0,1.13,-0.07,-0.54,0.12,8.340000000000032
2014-05-08,600519,739.1,738.56,746.12,737.52,14698,237490046.0,1.16,0.01,0.04,0.14,8.600000000000023
2014-05-09,600519,738.52,738.35,745.33,737.02,16721,269803728.0,1.13,-0.03,-0.21,0.16,8.31000000000006
2014-05-12,600519,745.29,739.56,745.33,733.7,26195,420667488.0,1.58,0.16,1.21,0.25,11.629999999999995
2014-05-13,600519,738.97,738.85,742.46,733.95,15939,256197646.0,1.15,-0.1,-0.71,0.15,8.509999999999991
2014-05-14,600519,735.73,716.13,739.64,710.9,34017,534826240.0,3.89,-3.08,-22.72,0.33,28.74000000000001
2014-05-15,600519,714.93,719.79,723.65,712.94,16983,264995351.0,1.5,0.51,3.66,0.16,10.709999999999923
2014-05-16,600519,719.79,715.68,723.73,713.64,18467,286938912.0,1.4,-0.57,-4.11,0.18,10.090000000000032
2014-05-19,600519,704.63,685.86,706.71,685.69,56250,838456336.0,2.94,-4.17,-29.82,0.54,21.019999999999982
2014-05-20,600519,686.36,673.4,691.92,667.67,46886,682615744.0,3.54,-1.82,-12.46,0.45,24.25
2014-05-21,600519,669.75,698.4,701.14,669.13,38738,575063792.0,4.75,3.71,25.0,0.37,32.00999999999999
2014-05-22,600519,697.99,694.46,709.2,692.8,18679,281907872.0,2.35,-0.56,-3.94,0.18,16.40000000000009
2014-05-23,600519,694.25,703.8,705.79,694.17,14010,212338047.0,1.67,1.34,9.34,0.13,11.620000000000005
2014-05-26,600519,714.6,709.07,714.6,706.08,8911,137024228.0,1.21,0.75,5.27,0.09,8.519999999999982
2014-05-27,600519,706.71,707.54,718.13,706.13,13035,201097681.0,1.69,-0.22,-1.53,0.13,12.0
2014-05-28,600519,706.25,710.61,715.01,705.88,12502,192903907.0,1.29,0.43,3.07,0.12,9.129999999999995
2014-05-29,600519,709.74,712.06,718.87,708.62,10107,156525431.0,1.44,0.2,1.45,0.1,10.25
2014-05-30,600519,711.9,707.62,716.18,706.79,9218,141927539.0,1.32,-0.62,-4.44,0.09,9.389999999999986
2014-06-03,600519,706.71,705.75,712.94,703.59,13048,199563914.0,1.32,-0.26,-1.87,0.13,9.350000000000023
2014-06-04,600519,706.67,699.02,708.29,694.33,10494,158991999.0,1.98,-0.95,-6.73,0.1,13.959999999999923
2014-06-05,600519,698.9,714.06,715.01,691.47,20679,314507728.0,3.37,2.15,15.04,0.2,23.539999999999964
2014-06-06,600519,713.68,709.16,717.71,703.76,9477,145936330.0,1.95,-0.69,-4.9,0.09,13.950000000000045
2014-06-09,600519,703.8,707.66,712.52,703.8,10035,154198989.0,1.23,-0.21,-1.5,0.1,8.720000000000027
2014-06-10,600519,707.75,714.18,716.22,707.75,19306,298186720.0,1.2,0.92,6.52,0.19,8.470000000000027
2014-06-11,600519,713.97,710.61,716.59,707.58,10781,166086241.0,1.26,-0.5,-3.57,0.1,9.009999999999991
2014-06-12,600519,711.15,705.17,711.15,703.05,11500,175855795.0,1.14,-0.77,-5.44,0.11,8.100000000000023
2014-06-13,600519,705.42,705.92,710.15,699.07,16970,259337717.0,1.57,0.11,0.75,0.16,11.079999999999927
2014-06-16,600519,706.29,712.6,714.1,704.22,16238,249568876.0,1.4,0.95,6.68,0.16,9.879999999999995
2014-06-17,600519,712.11,707.5,712.11,703.39,16365,250297887.0,1.22,-0.72,-5.1,0.16,8.720000000000027
2014-06-18,600519,710.03,709.12,712.73,708.37,14025,215965707.0,0.62,0.23,1.62,0.14,4.360000000000014
2014-06-19,600519,709.03,705.59,711.69,704.63,11551,176868338.0,1.0,-0.5,-3.53,0.11,7.060000000000059
2014-06-20,600519,705.46,707.45,709.2,703.88,12019,183993516.0,0.75,0.26,1.86,0.12,5.32000000000005
2014-06-23,600519,708.78,720.45,720.74,708.2,28984,449611776.0,1.77,1.84,13.0,0.28,12.539999999999964
2014-06-24,600519,721.74,750.6,751.56,721.45,38533,621636112.0,4.18,4.18,30.15,0.37,30.1099999999999
2014-06-25,600519,753.37,739.21,753.37,735.88,38171,546556384.0,2.33,-1.52,-11.39,0.33,17.49000000000001
2014-06-26,600519,739.21,736.52,742.64,735.46,36349,515915136.0,0.97,-0.36,-2.69,0.32,7.17999999999995
2014-06-27,600519,735.51,730.76,735.51,725.46,26478,371027136.0,1.36,-0.78,-5.76,0.23,10.049999999999955
2014-06-30,600519,734.41,738.07,742.23,730.85,24400,345879984.0,1.56,1.0,7.31,0.21,11.379999999999995
2014-07-01,600519,740.86,737.11,740.86,732.68,11947,168987424.0,1.11,-0.13,-0.96,0.1,8.180000000000064
2014-07-02,600519,738.3,738.53,739.76,733.59,12068,171127803.0,0.84,0.19,1.42,0.11,6.169999999999959
2014-07-03,600519,739.12,743.92,744.56,735.42,19332,275808352.0,1.24,0.73,5.39,0.17,9.139999999999986
2014-07-04,600519,744.56,744.19,748.12,741.45,15403,220860905.0,0.9,0.04,0.27,0.13,6.669999999999959
2014-07-07,600519,741.81,748.03,748.58,739.12,22880,327900736.0,1.27,0.52,3.84,0.2,9.460000000000036
2014-07-08,600519,747.75,738.98,748.07,733.68,21092,299615520.0,1.92,-1.21,-9.05,0.18,14.3900000000001
2014-07-09,600519,738.16,734.69,742.13,733.68,14329,203120918.0,1.14,-0.58,-4.29,0.13,8.450000000000045
2014-07-10,600519,734.14,733.77,737.38,731.76,12160,171762392.0,0.76,-0.13,-0.92,0.11,5.6200000000000045
2014-07-11,600519,735.74,737.57,743.14,734.14,18433,262292694.0,1.23,0.52,3.8,0.16,9.0
2014-07-14,600519,737.57,773.65,778.77,735.88,46535,684819808.0,5.82,4.89,36.08,0.41,42.889999999999986
2014-07-15,600519,770.64,792.11,811.25,770.64,58788,913284352.0,5.25,2.39,18.46,0.51,40.610000000000014
2014-07-16,600519,792.29,795.58,805.67,792.29,24459,379071456.0,1.69,0.44,3.47,0.21,13.379999999999995
2014-07-17,600519,793.39,791.83,800.06,783.84,20191,309501856.0,2.04,-0.47,-3.75,0.18,16.219999999999914
2014-07-18,600519,791.1,824.86,843.22,787.04,74897,1200093424.0,7.09,4.17,33.03,0.66,56.180000000000064
2014-07-21,600519,822.17,824.86,833.54,813.94,30143,485174688.0,2.38,0.0,0.0,0.26,19.59999999999991
2014-07-22,600519,818.56,835.0,838.66,818.56,29821,483906544.0,2.44,1.23,10.14,0.26,20.100000000000023
2014-07-23,600519,829.52,838.15,843.22,827.69,27836,455655824.0,1.86,0.38,3.15,0.24,15.529999999999973
2014-07-24,600519,837.56,836.51,861.95,830.89,35682,595593136.0,3.71,-0.2,-1.64,0.31,31.06000000000006
2014-07-25,600519,838.66,838.11,848.02,825.23,27834,454235008.0,2.72,0.19,1.6,0.24,22.789999999999964
2014-07-28,600519,839.71,839.8,856.88,833.72,42969,706875696.0,2.76,0.2,1.69,0.38,23.159999999999968
2014-07-29,600519,840.03,825.23,840.03,821.57,36017,580708800.0,2.2,-1.73,-14.57,0.32,18.459999999999923
2014-07-30,600519,823.76,813.58,823.76,804.4,54876,865210176.0,2.35,-1.41,-11.65,0.48,19.360000000000014
2014-07-31,600519,812.57,821.62,822.12,806.5,25206,400860672.0,1.92,0.99,8.04,0.22,15.620000000000005
2014-08-01,600519,821.16,834.0,840.03,818.65,43260,704961968.0,2.6,1.51,12.38,0.38,21.379999999999995
2014-08-04,600519,834.09,840.48,846.06,830.84,38848,637175456.0,1.82,0.78,6.48,0.34,15.219999999999914
2014-08-05,600519,838.66,848.93,850.81,828.01,38358,627210400.0,2.71,1.01,8.45,0.34,22.799999999999955
2014-08-06,600519,842.31,835.55,846.79,829.52,20317,332041712.0,2.03,-1.58,-13.38,0.18,17.269999999999982
2014-08-07,600519,834.54,823.12,840.44,822.67,25396,411237184.0,2.13,-1.49,-12.43,0.22,17.770000000000095
2014-08-08,600519,829.34,830.16,835.6,819.47,23819,384676144.0,1.96,0.86,7.04,0.21,16.129999999999995
2014-08-11,600519,831.71,834.41,835.0,827.28,20071,326555328.0,0.93,0.51,4.25,0.18,7.720000000000027
2014-08-12,600519,828.65,829.7,832.95,821.07,19604,316255856.0,1.42,-0.56,-4.71,0.17,11.879999999999995
2014-08-13,600519,829.7,831.76,842.22,824.04,34454,560675712.0,2.19,0.25,2.06,0.3,18.180000000000064
2014-08-14,600519,829.61,827.05,836.1,826.23,22959,373085472.0,1.19,-0.57,-4.71,0.2,9.870000000000005
2014-08-15,600519,830.43,827.42,831.76,825.55,21803,352476096.0,0.75,0.04,0.37,0.19,6.210000000000036
2014-08-18,600519,829.52,819.24,830.89,816.27,41698,667452064.0,1.77,-0.99,-8.18,0.37,14.620000000000005
2014-08-19,600519,819.24,814.35,819.24,813.3,32096,509709616.0,0.73,-0.6,-4.89,0.28,5.940000000000055
2014-08-20,600519,814.63,829.52,829.79,813.53,37085,596509536.0,2.0,1.86,15.17,0.32,16.25999999999999
2014-08-21,600519,829.52,820.25,830.98,815.82,18873,301791008.0,1.83,-1.12,-9.27,0.17,15.159999999999968
2014-08-22,600519,820.38,817.05,822.17,814.67,18637,297023440.0,0.91,-0.39,-3.2,0.16,7.5
2014-08-25,600519,817.05,814.67,821.07,812.62,15377,244745466.0,1.03,-0.29,-2.38,0.13,8.450000000000045
2014-08-26,600519,813.53,809.97,817.73,806.5,16590,261850709.0,1.38,-0.58,-4.7,0.15,11.230000000000018
2014-08-27,600519,809.97,803.8,810.24,802.93,13829,216703370.0,0.9,-0.76,-6.17,0.12,7.310000000000059
2014-08-28,600519,802.11,802.2,812.89,802.11,17618,276811136.0,1.34,-0.2,-1.6,0.15,10.779999999999973
2014-08-29,600519,802.11,812.3,813.94,797.54,23839,375517440.0,2.04,1.26,10.1,0.21,16.40000000000009
2014-09-01,600519,812.16,813.3,818.1,809.92,16450,260760134.0,1.01,0.12,1.0,0.14,8.180000000000064
2014-09-02,600519,814.95,832.08,832.44,811.38,41246,664712704.0,2.59,2.31,18.78,0.36,21.06000000000006
2014-09-03,600519,832.17,842.4,854.28,832.08,42042,695551840.0,2.67,1.24,10.32,0.37,22.199999999999932
2014-09-04,600519,841.85,843.5,847.52,837.19,23976,395280320.0,1.23,0.13,1.1,0.21,10.329999999999927
2014-09-05,600519,846.42,854.69,857.66,844.18,34732,579714720.0,1.6,1.33,11.19,0.3,13.480000000000018
2014-09-09,600519,855.33,839.02,856.79,838.66,20563,339388096.0,2.12,-1.83,-15.67,0.18,18.129999999999995
2014-09-10,600519,837.29,838.24,843.22,834.13,17868,293245984.0,1.08,-0.09,-0.78,0.16,9.090000000000032
2014-09-11,600519,838.06,829.43,842.4,827.14,31876,519406672.0,1.82,-1.05,-8.81,0.28,15.259999999999991
2014-09-12,600519,827.19,831.58,832.49,821.85,17356,280548672.0,1.28,0.26,2.15,0.15,10.639999999999986
2014-09-15,600519,829.06,817.69,829.11,814.9,32544,519621408.0,1.71,-1.67,-13.89,0.28,14.210000000000036
2014-09-16,600519,822.67,808.78,823.12,806.77,34823,551314384.0,2.0,-1.09,-8.91,0.3,16.350000000000023
2014-09-17,600519,813.39,812.3,818.28,808.23,25841,408684992.0,1.24,0.44,3.52,0.23,10.049999999999955
2014-09-18,600519,811.34,816.96,817.55,807.05,26482,418431984.0,1.29,0.57,4.66,0.23,10.5
2014-09-19,600519,816.96,824.27,824.86,813.53,22666,362408976.0,1.39,0.89,7.31,0.2,11.330000000000041
2014-09-22,600519,823.63,806.41,823.63,805.95,37192,586709104.0,2.14,-2.17,-17.86,0.33,17.67999999999995
2014-09-23,600519,805.31,808.87,808.96,803.76,34546,541705824.0,0.64,0.31,2.46,0.3,5.2000000000000455
2014-09-24,600519,804.35,821.25,822.67,800.28,43449,687426592.0,2.77,1.53,12.38,0.38,22.389999999999986
2014-09-25,600519,824.59,830.39,838.56,824.5,56851,924878320.0,1.71,1.11,9.14,0.5,14.059999999999945
2014-09-26,600519,827.24,830.94,834.64,816.73,22717,366907280.0,2.16,0.07,0.55,0.2,17.909999999999968
2014-09-29,600519,831.03,831.67,835.0,826.73,23489,381683088.0,1.0,0.09,0.73,0.21,8.269999999999982
2014-09-30,600519,832.9,830.11,834.04,825.87,21574,349657792.0,0.98,-0.19,-1.56,0.19,8.169999999999959
2014-10-08,600519,824.95,823.72,825.41,810.33,45653,725030224.0,1.82,-0.77,-6.39,0.4,15.079999999999927
2014-10-09,600519,819.79,820.43,821.53,813.9,36245,578151792.0,0.93,-0.4,-3.29,0.32,7.6299999999999955
2014-10-10,600519,815.91,815.91,819.47,809.88,43148,684789408.0,1.17,-0.55,-4.52,0.38,9.590000000000032
2014-10-13,600519,810.38,802.57,810.7,791.51,53176,826349744.0,2.35,-1.63,-13.34,0.47,19.190000000000055
2014-10-14,600519,797.54,797.13,806.63,794.99,28896,449942592.0,1.45,-0.68,-5.44,0.25,11.639999999999986
2014-10-15,600519,796.4,808.14,809.33,796.22,22238,348033856.0,1.64,1.38,11.01,0.19,13.110000000000014
2014-10-16,600519,802.57,808.14,812.12,802.57,23950,377655664.0,1.18,0.0,0.0,0.21,9.549999999999955
2014-10-17,600519,811.25,812.98,816.04,806.22,30977,489885680.0,1.22,0.6,4.84,0.27,9.819999999999936
2014-10-20,600519,812.98,806.31,813.53,803.94,32910,517853728.0,1.18,-0.82,-6.67,0.29,9.589999999999918
2014-10-21,600519,806.68,813.35,817.37,804.85,39911,632422368.0,1.55,0.87,7.04,0.35,12.519999999999982
2014-10-22,600519,813.26,816.18,817.92,808.96,22836,363211440.0,1.1,0.35,2.83,0.2,8.959999999999923
2014-10-23,600519,813.85,816.04,821.66,810.75,31917,508245984.0,1.34,-0.02,-0.14,0.28,10.909999999999968
2014-10-24,600519,815.59,815.27,819.88,809.83,19980,317073600.0,1.23,-0.09,-0.77,0.17,10.049999999999955
2014-10-27,600519,806.54,808.96,816.27,797.04,27971,439570896.0,2.36,-0.77,-6.31,0.24,19.230000000000018
2014-10-28,600519,808.14,814.63,816.27,807.5,20548,325762192.0,1.08,0.7,5.67,0.18,8.769999999999982
2014-10-29,600519,814.9,812.62,818.37,808.87,21423,339064784.0,1.17,-0.25,-2.01,0.19,9.5
2014-10-30,600519,811.25,799.46,811.25,798.0,49087,764742336.0,1.63,-1.62,-13.16,0.43,13.25
2014-10-31,600519,799.69,805.22,806.22,794.57,36422,567067440.0,1.46,0.72,5.76,0.32,11.649999999999977
2014-11-03,600519,805.54,800.19,806.13,799.6,24670,384677504.0,0.81,-0.62,-5.03,0.22,6.529999999999973
2014-11-04,600519,799.78,781.05,799.78,779.27,55944,854409056.0,2.56,-2.39,-19.14,0.49,20.50999999999999
2014-11-05,600519,779.5,757.12,779.5,754.15,76720,1131348480.0,3.25,-3.06,-23.93,0.67,25.350000000000023
2014-11-06,600519,757.12,761.69,763.24,756.48,36363,533913216.0,0.89,0.6,4.57,0.32,6.759999999999991
2014-11-07,600519,761.78,765.75,766.94,761.5,41507,613638080.0,0.71,0.53,4.06,0.36,5.440000000000055
2014-11-10,600519,774.7,791.93,791.97,770.14,62325,945032816.0,2.85,3.42,26.18,0.55,21.83000000000004
2014-11-11,600519,794.35,790.01,798.46,783.89,47707,733026112.0,1.84,-0.24,-1.92,0.42,14.57000000000005
2014-11-12,600519,788.32,787.91,791.1,775.62,30824,467531856.0,1.96,-0.27,-2.1,0.27,15.480000000000018
2014-11-13,600519,787.13,781.92,787.17,773.24,49156,739602880.0,1.77,-0.76,-5.99,0.43,13.92999999999995
2014-11-14,600519,781.83,808.0,809.56,778.86,75225,1168803280.0,3.93,3.34,26.08,0.66,30.699999999999932
2014-11-17,600519,856.93,820.61,856.93,820.38,150416,2451673888.0,4.52,1.56,12.61,1.32,36.549999999999955
2014-11-18,600519,824.95,800.51,828.7,797.54,63498,1001883696.0,3.8,-2.45,-20.1,0.56,31.160000000000082
2014-11-19,600519,800.15,788.73,800.51,786.63,46291,710715296.0,1.73,-1.47,-11.78,0.41,13.879999999999995
2014-11-20,600519,787.86,777.81,788.04,776.94,46258,698848960.0,1.41,-1.38,-10.92,0.41,11.099999999999909
2014-11-21,600519,777.26,789.0,789.32,775.62,41991,638007376.0,1.76,1.44,11.19,0.37,13.700000000000045
2014-11-24,600519,792.43,792.75,797.54,783.84,53879,828662512.0,1.74,0.48,3.75,0.47,13.699999999999932
2014-11-25,600519,790.33,795.9,796.86,787.49,53231,816840944.0,1.18,0.4,3.15,0.47,9.370000000000005
2014-11-26,600519,795.72,801.88,803.76,792.47,63859,990302240.0,1.42,0.75,5.98,0.56,11.289999999999964
2014-11-27,600519,797.54,805.22,807.68,792.98,96552,1508603312.0,1.83,0.42,3.34,0.85,14.699999999999932
2014-11-28,600519,804.72,801.38,804.72,789.18,88288,1363855088.0,1.93,-0.48,-3.84,0.77,15.540000000000077
2014-12-01,600519,804.72,820.66,824.95,802.11,121740,1932844688.0,2.85,2.41,19.28,1.07,22.840000000000032
2014-12-02,600519,816.04,825.59,825.87,812.39,99268,1588412352.0,1.64,0.6,4.93,0.87,13.480000000000018
2014-12-03,600519,831.53,842.45,858.3,831.16,117323,1936848368.0,3.29,2.04,16.86,1.03,27.139999999999986
2014-12-04,600519,850.08,884.93,886.62,850.08,117781,2020248736.0,4.34,5.04,42.48,1.03,36.539999999999964
2014-12-05,600519,902.56,870.27,906.99,859.67,112901,1943937520.0,5.35,-1.66,-14.66,0.99,47.32000000000005
2014-12-08,600519,860.76,879.63,895.71,853.27,100894,1731248496.0,4.88,1.08,9.36,0.88,42.440000000000055
2014-12-09,600519,875.2,879.13,941.98,872.92,151890,2713372288.0,7.85,-0.06,-0.5,1.33,69.06000000000006
2014-12-10,600519,888.9,911.38,927.73,888.9,106656,1919193472.0,4.42,3.67,32.25,0.93,38.83000000000004
2014-12-11,600519,911.74,892.97,920.61,890.23,54882,975885696.0,3.33,-2.02,-18.41,0.48,30.379999999999995
2014-12-12,600519,897.03,896.17,916.27,893.47,51055,911591088.0,2.55,0.36,3.2,0.45,22.799999999999955
2014-12-15,600519,896.21,930.2,930.47,890.87,70964,1281924240.0,4.42,3.8,34.03,0.62,39.60000000000002
2014-12-16,600519,928.65,914.62,928.65,903.11,51129,918180192.0,2.75,-1.67,-15.58,0.45,25.539999999999964
2014-12-17,600519,911.7,907.5,918.37,901.69,60020,1071735184.0,1.82,-0.78,-7.12,0.53,16.67999999999995
2014-12-18,600519,910.33,908.73,921.79,907.18,38568,695500784.0,1.61,0.14,1.23,0.34,14.610000000000014
2014-12-19,600519,907.45,915.49,920.79,902.61,49631,892730640.0,2.0,0.74,6.76,0.43,18.17999999999995
2014-12-22,600519,910.14,930.47,931.34,892.92,73624,1327712480.0,4.2,1.64,14.98,0.64,38.42000000000007
2014-12-23,600519,929.01,952.22,973.37,920.93,85651,1611272912.0,5.64,2.34,21.75,0.75,52.440000000000055
2014-12-24,600519,948.29,925.72,965.65,914.85,63555,1187206208.0,5.33,-2.78,-26.5,0.56,50.799999999999955
2014-12-25,600519,926.13,938.38,939.15,916.36,44072,806958768.0,2.46,1.37,12.66,0.39,22.789999999999964
2014-12-26,600519,934.99,946.32,952.86,925.45,42677,793340608.0,2.92,0.85,7.94,0.37,27.409999999999968
2014-12-29,600519,948.74,927.64,957.42,920.88,89839,1678243808.0,3.86,-1.97,-18.68,0.79,36.539999999999964
2014-12-30,600519,925.45,942.99,948.2,923.07,56171,1043215632.0,2.71,1.65,15.35,0.49,25.129999999999995
2014-12-31,600519,937.32,955.69,957.42,934.58,46269,871581696.0,2.42,1.35,12.7,0.41,22.839999999999918
2015-01-05,600519,955.69,1014.61,1022.47,951.44,94515,1875063136.0,7.43,6.17,58.92,0.83,71.02999999999997
2015-01-06,600519,1003.1,993.19,1014.8,984.92,55020,1094977376.0,2.94,-2.11,-21.42,0.48,29.879999999999995
2015-01-07,600519,985.01,970.85,1000.82,957.38,54798,1063925648.0,4.37,-2.25,-22.34,0.48,43.440000000000055
2015-01-08,600519,975.7,965.46,978.07,958.06,40525,777874672.0,2.06,-0.56,-5.39,0.35,20.010000000000105
2015-01-09,600519,959.25,958.84,983.78,957.93,53982,1039955152.0,2.68,-0.69,-6.62,0.47,25.850000000000023
2015-01-12,600519,957.42,941.12,969.25,932.12,49915,934643408.0,3.87,-1.85,-17.72,0.44,37.129999999999995
2015-01-13,600519,943.72,934.04,950.75,932.76,36708,683429632.0,1.91,-0.75,-7.08,0.32,17.99000000000001
2015-01-14,600519,934.58,926.27,941.44,915.76,52403,965036192.0,2.75,-0.83,-7.77,0.46,25.680000000000064
2015-01-15,600519,929.51,939.47,940.98,923.07,48586,895503104.0,1.93,1.43,13.2,0.43,17.909999999999968
2015-01-16,600519,940.07,939.65,948.29,939.06,39978,746304288.0,0.98,0.02,0.18,0.35,9.230000000000018
2015-01-19,600519,916.31,891.1,926.36,872.78,64679,1151544272.0,5.7,-5.17,-48.55,0.57,53.58000000000004
2015-01-20,600519,893.56,902.97,914.03,879.77,61023,1086018448.0,3.84,1.33,11.87,0.53,34.25999999999999
2015-01-21,600519,903.84,922.52,924.99,898.95,52675,950750400.0,2.88,2.17,19.55,0.46,26.039999999999964
2015-01-22,600519,922.57,917.36,931.66,911.74,38255,696541248.0,2.16,-0.56,-5.16,0.33,19.91999999999996
2015-01-23,600519,912.29,916.4,926.73,912.25,33085,600627344.0,1.58,-0.1,-0.96,0.29,14.480000000000018
2015-01-26,600519,919.51,924.53,927.73,916.54,35649,650642096.0,1.22,0.89,8.13,0.31,11.190000000000055
2015-01-27,600519,924.63,912.25,924.63,902.61,41884,755025856.0,2.38,-1.33,-12.28,0.37,22.019999999999982
2015-01-28,600519,907.18,900.19,913.57,899.41,30681,547979152.0,1.55,-1.32,-12.06,0.27,14.160000000000082
2015-01-29,600519,894.39,894.16,902.61,888.9,32493,571553424.0,1.52,-0.67,-6.03,0.28,13.710000000000036
2015-01-30,600519,897.99,898.86,916.31,895.76,47508,848744496.0,2.3,0.53,4.7,0.42,20.549999999999955
2015-02-02,600519,891.23,888.08,895.3,882.05,33983,593379648.0,1.47,-1.2,-10.78,0.3,13.25
2015-02-03,600519,900.23,904.3,905.58,894.39,27793,493512560.0,1.26,1.83,16.22,0.24,11.190000000000055
2015-02-04,600519,907.86,899.18,921.25,898.04,35294,634135328.0,2.57,-0.57,-5.12,0.31,23.210000000000036
2015-02-05,600519,907.04,884.56,915.85,884.34,41240,735861120.0,3.5,-1.63,-14.62,0.36,31.50999999999999
2015-02-06,600519,887.26,887.08,895.76,882.51,37102,648205632.0,1.5,0.28,2.52,0.32,13.25
2015-02-09,600519,892.42,931.39,935.04,888.9,87294,1584342288.0,5.2,5.0,44.31,0.76,46.139999999999986
2015-02-10,600519,933.67,924.9,935.5,918.37,53639,984795856.0,1.84,-0.7,-6.49,0.47,17.129999999999995
2015-02-11,600519,922.71,926.13,931.16,921.25,22895,420358864.0,1.07,0.13,1.23,0.2,9.909999999999968
2015-02-12,600519,929.97,928.05,932.25,920.93,25051,458818624.0,1.22,0.21,1.92,0.22,11.32000000000005
2015-02-13,600519,930.52,923.12,932.3,918.14,40127,734977408.0,1.53,-0.53,-4.93,0.35,14.159999999999968
2015-02-16,600519,923.35,926.86,928.33,917.32,39521,722512096.0,1.19,0.41,3.74,0.35,11.009999999999991
2015-02-17,600519,927.96,921.88,929.51,920.47,34173,624854080.0,0.98,-0.54,-4.98,0.3,9.039999999999964
2015-02-25,600519,925.45,929.83,937.78,916.81,59935,1104113264.0,2.27,0.86,7.95,0.52,20.970000000000027
2015-02-26,600519,929.1,942.08,950.07,927.96,62298,1163369600.0,2.38,1.32,12.25,0.55,22.110000000000014
2015-02-27,600519,943.26,962.22,977.98,942.81,63371,1217723184.0,3.73,2.14,20.14,0.55,35.17000000000007
2015-03-02,600519,961.08,960.76,974.78,952.86,31099,592027088.0,2.28,-0.15,-1.46,0.27,21.91999999999996
2015-03-03,600519,954.23,938.92,966.56,935.31,43000,812905776.0,3.25,-2.27,-21.84,0.38,31.25
2015-03-04,600519,943.67,944.59,948.33,932.76,40662,757815040.0,1.66,0.6,5.67,0.36,15.57000000000005
2015-03-05,600519,934.63,936.96,943.86,930.24,36206,670609776.0,1.44,-0.81,-7.63,0.32,13.620000000000005
2015-03-06,600519,936.18,928.28,941.34,926.68,25471,471454752.0,1.56,-0.93,-8.68,0.22,14.660000000000082
2015-03-09,600519,938.24,964.55,971.08,929.1,43486,815432192.0,4.52,3.91,36.27,0.38,41.98000000000002
2015-03-10,600519,961.72,947.51,964.28,945.0,29637,561292480.0,2.0,-1.77,-17.04,0.26,19.279999999999973
2015-03-11,600519,947.51,966.47,971.13,947.37,40583,778418704.0,2.51,2.0,18.96,0.36,23.75999999999999
2015-03-12,600519,971.13,969.99,984.79,963.82,38496,747203168.0,2.17,0.36,3.52,0.34,20.969999999999914
2015-03-13,600519,969.76,957.01,975.24,950.94,25479,486997360.0,2.51,-1.34,-12.98,0.22,24.299999999999955
2015-03-16,600519,957.7,974.6,977.98,943.77,31161,597313680.0,3.57,1.84,17.59,0.27,34.210000000000036
2015-03-17,600519,980.22,988.35,997.12,979.76,45904,903712736.0,1.78,1.41,13.75,0.4,17.360000000000014
2015-03-18,600519,988.49,1000.59,1003.06,982.64,39304,778884992.0,2.07,1.24,12.24,0.34,20.41999999999996
2015-03-19,600519,996.43,981.54,998.49,975.97,33540,658535488.0,2.25,-1.9,-19.05,0.29,22.519999999999982
2015-03-20,600519,976.61,971.81,980.22,961.44,51374,991294896.0,1.91,-0.99,-9.73,0.45,18.779999999999973
2015-03-23,600519,978.76,980.63,988.26,972.04,40979,799009920.0,1.67,0.91,8.82,0.36,16.220000000000027
2015-03-24,600519,981.63,983.42,991.41,967.02,60079,1172628512.0,2.49,0.28,2.79,0.53,24.389999999999986
2015-03-25,600519,971.13,970.12,980.72,966.83,42240,815963248.0,1.41,-1.35,-13.3,0.37,13.889999999999986
2015-03-26,600519,973.64,996.53,1002.65,966.56,67105,1315872112.0,3.72,2.72,26.41,0.59,36.09000000000003
2015-03-27,600519,993.97,978.21,996.53,970.9,40145,784086656.0,2.57,-1.84,-18.32,0.35,25.629999999999995
2015-03-30,600519,978.8,988.35,998.31,971.58,63451,1237889232.0,2.73,1.04,10.14,0.56,26.729999999999905
2015-03-31,600519,987.94,984.65,1006.62,975.79,88131,1746870224.0,3.12,-0.37,-3.7,0.77,30.83000000000004
2015-04-01,600519,984.97,981.82,991.96,977.89,76875,1504959696.0,1.43,-0.29,-2.83,0.67,14.07000000000005
2015-04-02,600519,984.65,978.35,992.14,970.58,62982,1228604480.0,2.2,-0.35,-3.47,0.55,21.559999999999945
2015-04-03,600519,975.7,988.53,989.45,970.12,51211,996536048.0,1.98,1.04,10.18,0.45,19.33000000000004
2015-04-07,600519,988.71,1006.16,1008.04,983.92,59824,1189027072.0,2.44,1.78,17.63,0.52,24.120000000000005
2015-04-08,600519,1014.52,1023.66,1051.89,1010.37,135857,2798381808.0,4.13,1.74,17.5,1.19,41.520000000000095
2015-04-09,600519,1023.57,1003.1,1029.96,998.76,62400,1255308048.0,3.05,-2.01,-20.56,0.55,31.200000000000045
2015-04-10,600519,1003.06,1004.11,1016.76,1001.32,102019,2048914304.0,1.54,0.1,1.01,0.89,15.43999999999994
2015-04-13,600519,1010.18,1020.92,1023.61,998.26,91356,1840018384.0,2.52,1.67,16.81,0.8,25.350000000000023
2015-04-14,600519,1021.38,1030.51,1045.49,1021.19,81903,1691094336.0,2.38,0.94,9.59,0.72,24.299999999999955
2015-04-15,600519,1044.67,1029.14,1047.78,1022.11,55005,1135635920.0,2.49,-0.13,-1.37,0.48,25.66999999999996
2015-04-16,600519,1042.16,1123.1,1123.1,1038.87,86014,1877332304.0,8.18,9.13,93.96,0.75,84.23000000000002
2015-04-17,600519,1180.8,1151.84,1225.56,1132.29,192095,4577504000.0,8.3,2.56,28.74,1.68,93.26999999999998
2015-04-20,600519,1140.14,1158.55,1211.86,1135.58,130589,3118764544.0,6.62,0.58,6.71,1.14,76.27999999999997
2015-04-21,600519,1185.82,1265.44,1265.44,1185.82,122402,3039243968.0,6.87,9.23,106.89,1.07,79.62000000000012
2015-04-22,600519,1317.38,1294.95,1318.3,1263.98,134635,3543576704.0,4.29,2.33,29.51,1.18,54.319999999999936
2015-04-23,600519,1295.46,1259.09,1296.23,1245.12,86030,2214737648.0,3.95,-2.77,-35.86,0.75,51.11000000000013
2015-04-24,600519,1240.09,1270.29,1275.72,1208.71,100531,2547399872.0,5.32,0.89,11.2,0.88,67.00999999999999
2015-04-27,600519,1266.13,1257.95,1312.81,1245.16,78973,2050832432.0,5.33,-0.97,-12.34,0.69,67.64999999999986
2015-04-28,600519,1249.78,1221.86,1270.79,1218.03,87292,2187970736.0,4.19,-2.87,-36.09,0.76,52.75999999999999
2015-04-29,600519,1213.69,1230.5,1245.21,1213.69,59301,1477767696.0,2.58,0.71,8.64,0.52,31.519999999999982
2015-04-30,600519,1236.76,1241.69,1253.89,1221.23,64064,1610938048.0,2.65,0.91,11.19,0.56,32.66000000000008
2015-05-04,600519,1243.65,1254.21,1272.62,1231.59,54739,1398337296.0,3.3,1.01,12.52,0.48,41.02999999999997
2015-05-05,600519,1240.64,1190.16,1240.64,1185.28,73700,1801146752.0,4.41,-5.11,-64.05,0.65,55.36000000000013
2015-05-06,600519,1204.0,1198.07,1217.75,1185.87,60324,1472597536.0,2.68,0.66,7.91,0.53,31.88000000000011
2015-05-07,600519,1208.66,1208.34,1240.09,1197.52,68103,1693825904.0,3.55,0.86,10.27,0.6,42.569999999999936
2015-05-08,600519,1213.78,1250.55,1253.79,1212.77,57806,1447670272.0,3.39,3.49,42.21,0.51,41.01999999999998
2015-05-11,600519,1238.36,1265.49,1268.0,1231.5,61346,1552417968.0,2.92,1.19,14.94,0.54,36.5
2015-05-12,600519,1264.39,1251.69,1264.39,1240.64,47031,1193035136.0,1.88,-1.09,-13.8,0.41,23.75
2015-05-13,600519,1248.86,1260.74,1290.75,1242.92,58913,1520374560.0,3.82,0.72,9.05,0.52,47.82999999999993
2015-05-14,600519,1260.05,1237.94,1274.9,1237.08,41853,1062504720.0,3.0,-1.81,-22.8,0.37,37.820000000000164
2015-05-15,600519,1237.94,1209.44,1247.45,1193.18,54185,1333031168.0,4.38,-2.3,-28.5,0.47,54.26999999999998
2015-05-18,600519,1208.66,1191.03,1208.66,1186.28,35363,856505072.0,1.85,-1.52,-18.41,0.31,22.38000000000011
2015-05-19,600519,1190.62,1231.69,1232.51,1186.74,47638,1174434448.0,3.84,3.41,40.66,0.42,45.76999999999998
2015-05-20,600519,1240.64,1249.55,1277.18,1228.31,63772,1631009456.0,3.97,1.45,17.86,0.56,48.87000000000012
2015-05-21,600519,1258.91,1270.74,1283.12,1249.82,47669,1230234944.0,2.66,1.7,21.19,0.42,33.299999999999955
2015-05-22,600519,1275.72,1349.63,1353.93,1275.31,66649,1779754352.0,6.19,6.21,78.89,0.58,78.62000000000012
2015-05-25,600519,1322.86,1399.74,1407.33,1318.3,67474,1868570176.0,6.6,3.71,50.11,0.59,89.02999999999997
2015-05-26,600519,1398.69,1393.85,1414.22,1386.63,60915,1746031120.0,1.97,-0.42,-5.89,0.53,27.589999999999918
2015-05-27,600519,1393.76,1354.38,1411.12,1336.57,46935,1309260000.0,5.35,-2.83,-39.47,0.41,74.54999999999995
2015-05-28,600519,1346.84,1282.25,1373.11,1277.64,60885,1650995552.0,7.05,-5.33,-72.13,0.53,95.4699999999998
2015-05-29,600519,1277.23,1294.68,1318.3,1276.68,57783,1531805536.0,3.25,0.97,12.43,0.51,41.61999999999989
2015-06-01,600519,1295.18,1329.53,1336.48,1276.27,65817,1747123648.0,4.65,2.69,34.85,0.58,60.210000000000036
2015-06-02,600519,1325.15,1307.42,1325.15,1280.2,64636,1708951664.0,3.38,-1.66,-22.11,0.57,44.950000000000045
2015-06-03,600519,1300.85,1289.93,1307.42,1277.23,46424,1218378720.0,2.31,-1.34,-17.49,0.41,30.190000000000055
2015-06-04,600519,1290.8,1269.01,1300.02,1185.82,92363,2332785392.0,8.85,-1.62,-20.92,0.81,114.20000000000005
2015-06-05,600519,1268.55,1249.04,1286.78,1213.23,85738,2188974560.0,5.8,-1.57,-19.97,0.75,73.54999999999995
2015-06-08,600519,1238.4,1298.38,1311.63,1230.59,96008,2462736704.0,6.49,3.95,49.34,0.84,81.04000000000019
2015-06-09,600519,1300.02,1272.75,1321.95,1261.2,77852,2045525408.0,4.68,-1.97,-25.63,0.68,60.75
2015-06-10,600519,1257.27,1281.98,1308.61,1248.86,80462,2096832880.0,4.69,0.73,9.23,0.7,59.75
2015-06-11,600519,1277.18,1277.46,1297.74,1267.0,52955,1378413760.0,2.4,-0.35,-4.52,0.46,30.74000000000001
2015-06-12,600519,1286.87,1304.59,1336.57,1281.75,90910,2438986512.0,4.29,2.12,27.13,0.8,54.819999999999936
2015-06-15,600519,1309.07,1281.25,1332.0,1277.55,100014,2664672592.0,4.17,-1.79,-23.34,0.88,54.450000000000045
2015-06-16,600519,1272.62,1249.55,1303.68,1242.92,69304,1789696032.0,4.74,-2.47,-31.7,0.61,60.75999999999999
2015-06-17,600519,1249.59,1254.75,1266.95,1226.94,58389,1478407040.0,3.2,0.42,5.2,0.51,40.00999999999999
2015-06-18,600519,1245.3,1203.96,1253.43,1188.56,61507,1530836128.0,5.17,-4.05,-50.79,0.54,64.87000000000012
2015-06-19,600519,1212.64,1164.4,1224.61,1158.51,67609,1646002768.0,5.49,-3.29,-39.56,0.59,66.09999999999991
2015-06-23,600519,1184.91,1241.78,1258.23,1159.01,81247,1989068144.0,8.52,6.65,77.38,0.71,99.22000000000003
2015-06-24,600519,1231.5,1282.71,1300.94,1220.77,95707,2463553856.0,6.46,3.3,40.93,0.84,80.17000000000007
2015-06-25,600519,1284.04,1239.68,1286.46,1232.46,66522,1707385600.0,4.21,-3.35,-43.03,0.58,54.0
2015-06-26,600519,1231.59,1197.01,1257.77,1164.35,99332,2451381600.0,7.54,-3.44,-42.67,0.87,93.42000000000007
2015-06-29,600519,1224.06,1216.15,1261.2,1130.09,165072,4057069904.0,10.95,1.6,19.14,1.45,131.11000000000013
2015-06-30,600519,1216.15,1266.45,1276.36,1213.23,126298,3205285536.0,5.19,4.14,50.3,1.11,63.12999999999988
2015-07-01,600519,1254.34,1265.72,1316.01,1235.98,103327,2696026032.0,6.32,-0.06,-0.73,0.9,80.02999999999997
2015-07-02,600519,1255.71,1278.55,1380.42,1208.71,118460,3011363680.0,13.57,1.01,12.83,1.04,171.71000000000004
2015-07-03,600519,1254.34,1230.64,1279.47,1195.87,109605,2772183168.0,6.54,-3.75,-47.91,0.96,83.60000000000014
2015-07-06,600519,1313.5,1249.96,1313.68,1183.54,272800,7012491264.0,10.57,1.57,19.32,2.39,130.1400000000001
2015-07-07,600519,1231.5,1204.92,1261.56,1183.54,167562,4121731568.0,6.24,-3.6,-45.04,1.47,78.01999999999998
2015-07-08,600519,1135.58,1171.48,1208.62,1093.37,289141,6738026752.0,9.56,-2.78,-33.44,2.53,115.25
2015-07-09,600519,1171.48,1267.77,1279.06,1153.85,138203,3409950544.0,10.69,8.22,96.29,1.21,125.21000000000004
2015-07-10,600519,1263.48,1302.72,1382.25,1240.46,256149,6888908288.0,11.18,2.76,34.95,2.24,141.78999999999996
2015-07-13,600519,1268.05,1266.91,1302.67,1236.07,148926,3838169456.0,5.11,-2.75,-35.81,1.3,66.60000000000014
2015-07-14,600519,1254.34,1227.16,1255.17,1218.71,96768,2425239232.0,2.88,-3.14,-39.75,0.85,36.460000000000036
2015-07-15,600519,1220.08,1237.26,1243.84,1200.81,104077,2585923328.0,3.51,0.82,10.1,0.91,43.02999999999997
2015-07-16,600519,1237.26,1238.77,1250.6,1223.55,72814,1826618384.0,2.19,0.12,1.51,0.64,27.049999999999955
2015-07-17,600519,1260.16,1256.6,1265.14,1238.76,56419,1284361184.0,2.13,1.44,17.83,0.45,26.38000000000011
2015-07-20,600519,1250.87,1240.62,1254.64,1227.5,67934,1531275696.0,2.16,-1.27,-15.98,0.54,27.1400000000001
2015-07-21,600519,1223.73,1223.28,1236.04,1214.94,51790,1148423248.0,1.7,-1.4,-17.34,0.41,21.09999999999991
2015-07-22,600519,1214.94,1200.52,1224.99,1197.75,70855,1552554832.0,2.23,-1.86,-22.76,0.56,27.24000000000001
2015-07-23,600519,1204.84,1212.63,1217.95,1193.68,64748,1411411696.0,2.02,1.01,12.11,0.52,24.269999999999982
2015-07-24,600519,1217.45,1210.97,1233.48,1208.66,57390,1271122144.0,2.05,-0.14,-1.66,0.46,24.819999999999936
2015-07-27,600519,1199.87,1122.08,1221.47,1119.47,76944,1628465536.0,8.42,-7.34,-88.89,0.61,102.0
2015-07-28,600519,1113.74,1143.74,1161.88,1101.78,86704,1766521472.0,5.36,1.93,21.66,0.69,60.100000000000136
2015-07-29,600519,1153.54,1153.34,1164.69,1125.15,66507,1364157584.0,3.46,0.84,9.6,0.53,39.539999999999964
2015-07-30,600519,1158.81,1144.39,1158.81,1140.07,41134,853284368.0,1.62,-0.78,-8.95,0.33,18.74000000000001
2015-07-31,600519,1148.11,1148.76,1149.27,1129.52,40737,835374144.0,1.73,0.38,4.37,0.32,19.75
2015-08-03,600519,1139.57,1162.48,1164.64,1129.52,54553,1117796048.0,3.06,1.19,13.72,0.43,35.12000000000012
2015-08-04,600519,1160.97,1174.59,1184.69,1160.97,59534,1260302960.0,2.04,1.04,12.11,0.47,23.720000000000027
2015-08-05,600519,1179.41,1150.57,1184.04,1149.32,43144,907597376.0,2.96,-2.04,-24.02,0.34,34.72000000000003
2015-08-06,600519,1145.75,1139.37,1152.13,1129.52,39250,805358560.0,1.97,-0.97,-11.2,0.31,22.610000000000127
2015-08-07,600519,1152.08,1149.27,1157.66,1142.58,39521,819022560.0,1.32,0.87,9.9,0.31,15.080000000000155
2015-08-10,600519,1149.67,1176.25,1179.77,1140.22,56496,1182083552.0,3.44,2.35,26.98,0.45,39.549999999999955
2015-08-11,600519,1176.25,1168.46,1176.8,1164.74,50897,1076261232.0,1.03,-0.66,-7.79,0.41,12.059999999999945
2015-08-12,600519,1164.64,1162.03,1186.25,1158.41,45824,968610592.0,2.38,-0.55,-6.43,0.36,27.839999999999918
2015-08-13,600519,1172.23,1162.23,1172.23,1144.59,35180,733202192.0,2.38,0.02,0.2,0.28,27.6400000000001
2015-08-14,600519,1167.2,1164.59,1171.73,1160.92,30667,645849792.0,0.93,0.2,2.36,0.24,10.809999999999945
2015-08-17,600519,1154.74,1145.7,1158.76,1134.54,53858,1108212048.0,2.08,-1.62,-18.89,0.43,24.220000000000027
2015-08-18,600519,1149.52,1119.77,1152.13,1116.2,51286,1047896512.0,3.14,-2.26,-25.93,0.41,35.930000000000064
2015-08-19,600519,1113.19,1122.58,1125.3,1105.3,50262,1004394400.0,1.79,0.25,2.81,0.4,20.0
2015-08-20,600519,1118.61,1089.67,1119.47,1088.82,39645,788892224.0,2.73,-2.93,-32.91,0.32,30.65000000000009
2015-08-21,600519,1071.83,1045.75,1088.62,1044.7,75621,1433277968.0,4.03,-4.03,-43.92,0.6,43.919999999999845
2015-08-24,600519,1018.97,961.89,1021.49,954.66,89813,1559048768.0,6.39,-8.02,-83.86,0.71,66.83000000000004
2015-08-25,600519,950.94,996.81,1026.56,944.61,123081,2165823584.0,8.52,3.63,34.92,0.98,81.94999999999993
2015-08-26,600519,997.67,1033.44,1056.66,988.82,91573,1663612848.0,6.81,3.67,36.63,0.73,67.84000000000003
2015-08-27,600519,1064.2,1099.72,1113.94,1038.52,87052,1663248880.0,7.3,6.41,66.28,0.69,75.42000000000007
2015-08-28,600519,1089.32,1077.51,1090.78,1049.77,89926,1720106864.0,3.73,-2.02,-22.21,0.72,41.00999999999999
2015-08-31,600519,1060.88,1091.18,1091.83,1039.98,62730,1198185024.0,4.81,1.27,13.67,0.5,51.84999999999991
2015-09-01,600519,1073.34,1086.15,1089.32,1054.15,87433,1688392992.0,3.22,-0.46,-5.03,0.7,35.169999999999845
2015-09-02,600519,1064.75,1087.36,1089.32,1060.18,106945,2052413264.0,2.68,0.11,1.21,0.85,29.139999999999873
2015-09-07,600519,1077.26,1057.71,1084.3,1057.41,32216,615819760.0,2.47,-2.73,-29.65,0.26,26.889999999999873
2015-09-08,600519,1056.46,1060.78,1066.56,1039.07,33099,621914336.0,2.6,0.29,3.07,0.26,27.49000000000001
2015-09-09,600519,1064.9,1073.54,1083.64,1064.9,35215,676337504.0,1.77,1.2,12.76,0.28,18.74000000000001
2015-09-10,600519,1066.11,1080.33,1080.78,1059.87,26852,514766384.0,1.95,0.63,6.79,0.21,20.910000000000082
2015-09-11,600519,1073.64,1078.82,1084.8,1069.47,16932,326277632.0,1.42,-0.14,-1.51,0.13,15.329999999999927
2015-09-14,600519,1076.41,1127.16,1128.51,1053.64,86176,1678995776.0,6.94,4.48,48.34,0.69,74.86999999999989
2015-09-15,600519,1104.44,1124.49,1124.59,1089.92,51884,1035493472.0,3.08,-0.24,-2.67,0.41,34.669999999999845
2015-09-16,600519,1114.49,1137.31,1162.38,1103.04,37198,753188784.0,5.28,1.14,12.82,0.3,59.340000000000146
2015-09-17,600519,1127.51,1104.39,1143.59,1102.43,26423,533638544.0,3.62,-2.89,-32.92,0.21,41.159999999999854
2015-09-18,600519,1107.41,1111.58,1118.92,1104.39,15643,312040976.0,1.32,0.65,7.19,0.12,14.529999999999973
2015-09-21,600519,1104.44,1110.93,1117.96,1104.39,16528,329196736.0,1.22,-0.06,-0.65,0.13,13.569999999999936
2015-09-22,600519,1118.31,1110.78,1120.37,1109.32,16457,329161936.0,0.99,-0.01,-0.15,0.13,11.049999999999955
2015-09-23,600519,1100.12,1087.91,1109.37,1084.8,22344,438412336.0,2.21,-2.06,-22.87,0.18,24.569999999999936
2015-09-24,600519,1093.34,1084.3,1095.75,1078.27,13887,269653184.0,1.61,-0.33,-3.61,0.11,17.480000000000018
2015-09-25,600519,1084.24,1081.58,1088.82,1061.68,24456,470411104.0,2.5,-0.25,-2.72,0.19,27.139999999999873
2015-09-28,600519,1071.63,1071.13,1075.75,1060.33,12341,235369401.0,1.43,-0.97,-10.45,0.1,15.420000000000073
2015-09-29,600519,1061.93,1065.05,1071.08,1055.65,18410,348759184.0,1.44,-0.57,-6.08,0.15,15.429999999999836
2015-09-30,600519,1065.35,1065.75,1071.63,1065.05,11635,222178053.0,0.62,0.07,0.7,0.09,6.580000000000155
2015-10-08,600519,1108.31,1101.98,1122.38,1099.37,34392,684138048.0,2.16,3.4,36.23,0.27,23.01000000000022
2015-10-09,600519,1108.31,1099.12,1108.92,1096.86,15722,310187696.0,1.09,-0.26,-2.86,0.13,12.060000000000173
2015-10-12,600519,1109.42,1104.85,1137.01,1103.64,49030,982174160.0,3.04,0.52,5.73,0.39,33.36999999999989
2015-10-13,600519,1104.85,1108.11,1114.9,1104.85,15751,313495456.0,0.91,0.3,3.26,0.13,10.050000000000182
2015-10-14,600519,1109.32,1103.54,1111.93,1099.42,15213,301666752.0,1.13,-0.41,-4.57,0.12,12.509999999999991
2015-10-15,600519,1105.2,1114.39,1116.3,1102.18,16550,329836768.0,1.28,0.98,10.85,0.13,14.11999999999989
2015-10-16,600519,1120.57,1118.16,1126.5,1111.48,19238,386383072.0,1.35,0.34,3.77,0.15,15.019999999999982
2015-10-19,600519,1139.27,1128.11,1139.27,1123.99,26121,531101872.0,1.37,0.89,9.95,0.21,15.279999999999973
2015-10-20,600519,1124.59,1124.34,1128.92,1120.37,14784,298284288.0,0.76,-0.33,-3.77,0.12,8.550000000000182
2015-10-21,600519,1124.9,1116.0,1127.26,1099.42,22349,447195040.0,2.48,-0.74,-8.34,0.18,27.839999999999918
2015-10-22,600519,1115.65,1127.16,1128.16,1111.58,23720,478632752.0,1.49,1.0,11.16,0.19,16.580000000000155
2015-10-23,600519,1143.59,1169.62,1202.88,1142.33,56277,1189746960.0,5.37,3.77,42.46,0.45,60.55000000000018
2015-10-26,600519,1174.74,1203.53,1206.4,1154.64,43346,932490832.0,4.43,2.9,33.91,0.35,51.75999999999999
2015-10-27,600519,1200.37,1191.07,1203.28,1177.66,22573,484597008.0,2.13,-1.04,-12.46,0.18,25.61999999999989
2015-10-28,600519,1189.77,1176.95,1189.77,1174.24,16559,353020512.0,1.3,-1.19,-14.12,0.13,15.529999999999973
2015-10-29,600519,1174.74,1179.77,1188.76,1174.74,13454,287688320.0,1.19,0.24,2.82,0.11,14.019999999999982
2015-10-30,600519,1179.51,1184.09,1193.84,1175.34,12258,263117287.0,1.57,0.37,4.32,0.1,18.5
2015-11-02,600519,1187.81,1177.56,1194.14,1177.25,15298,328246688.0,1.43,-0.55,-6.53,0.12,16.8900000000001
2015-11-03,600519,1179.36,1163.23,1193.63,1156.65,23173,493565248.0,3.14,-1.22,-14.33,0.18,36.98000000000002
2015-11-04,600519,1167.61,1189.72,1194.84,1165.24,30810,659118992.0,2.54,2.28,26.49,0.25,29.59999999999991
2015-11-05,600519,1187.81,1197.65,1231.42,1182.28,49983,1087812240.0,4.13,0.67,7.93,0.4,49.1400000000001
2015-11-06,600519,1201.62,1207.0,1207.9,1192.63,21696,471929424.0,1.27,0.78,9.35,0.17,15.269999999999982
2015-11-09,600519,1224.99,1219.11,1238.36,1209.91,40527,900398640.0,2.36,1.0,12.11,0.32,28.449999999999818
2015-11-10,600519,1214.94,1226.9,1235.64,1210.72,28730,639416128.0,2.04,0.64,7.79,0.23,24.920000000000073
2015-11-11,600519,1225.04,1215.69,1230.01,1207.9,23816,524296320.0,1.8,-0.91,-11.21,0.19,22.1099999999999
2015-11-12,600519,1216.1,1214.99,1230.01,1211.82,16181,357408912.0,1.5,-0.06,-0.7,0.13,18.190000000000055
2015-11-13,600519,1205.39,1190.37,1212.43,1188.96,28397,614644800.0,1.93,-2.03,-24.62,0.23,23.470000000000027
2015-11-16,600519,1177.25,1183.69,1197.35,1174.74,23917,511461328.0,1.9,-0.56,-6.68,0.19,22.6099999999999
2015-11-17,600519,1188.41,1186.6,1202.38,1180.47,21986,473813952.0,1.85,0.25,2.91,0.18,21.910000000000082
2015-11-18,600519,1182.73,1188.11,1194.84,1182.73,19726,423815328.0,1.02,0.13,1.51,0.16,12.1099999999999
2015-11-19,600519,1184.79,1189.97,1194.84,1184.29,15263,327777824.0,0.89,0.16,1.86,0.12,10.549999999999955
2015-11-20,600519,1190.52,1183.38,1193.74,1180.27,22274,476413648.0,1.13,-0.55,-6.59,0.18,13.470000000000027
2015-11-23,600519,1179.77,1177.86,1183.99,1177.3,20995,446996432.0,0.57,-0.47,-5.52,0.17,6.690000000000055
2015-11-24,600519,1176.7,1173.18,1181.17,1164.69,20469,431548240.0,1.4,-0.4,-4.68,0.16,16.480000000000018
2015-11-25,600519,1173.23,1179.67,1179.77,1166.7,24250,512351424.0,1.11,0.55,6.49,0.19,13.069999999999936
2015-11-26,600519,1182.23,1178.96,1183.74,1173.89,18805,400523680.0,0.83,-0.06,-0.71,0.15,9.849999999999909
2015-11-27,600519,1177.2,1153.34,1177.45,1147.76,16221,339061424.0,2.52,-2.17,-25.62,0.13,29.690000000000055
2015-11-30,600519,1154.84,1186.35,1188.71,1153.59,33440,702029936.0,3.05,2.86,33.01,0.27,35.12000000000012
2015-12-01,600519,1179.77,1183.79,1184.54,1169.72,18878,400895904.0,1.25,-0.22,-2.56,0.15,14.819999999999936
2015-12-02,600519,1187.2,1222.88,1250.11,1174.74,47891,1055325952.0,6.37,3.3,39.09,0.38,75.36999999999989
2015-12-03,600519,1209.91,1215.94,1221.97,1198.36,22387,489928576.0,1.93,-0.57,-6.94,0.18,23.610000000000127
2015-12-04,600519,1214.74,1191.37,1214.74,1189.87,20849,452200736.0,2.05,-2.02,-24.57,0.17,24.87000000000012
2015-12-07,600519,1189.82,1187.35,1199.76,1180.77,19255,413697600.0,1.59,-0.34,-4.02,0.15,18.99000000000001
2015-12-08,600519,1187.55,1174.44,1187.55,1172.03,17394,370510928.0,1.31,-1.09,-12.91,0.14,15.519999999999982
2015-12-09,600519,1172.63,1187.15,1190.07,1172.23,14120,302039600.0,1.52,1.08,12.71,0.11,17.839999999999918
2015-12-10,600519,1189.82,1179.57,1195.85,1174.69,13787,295297552.0,1.78,-0.64,-7.58,0.11,21.159999999999854
2015-12-11,600519,1177.25,1171.78,1177.25,1167.2,13035,275655728.0,0.85,-0.66,-7.79,0.1,10.049999999999955
2015-12-14,600519,1165.65,1185.29,1189.21,1159.67,20701,439584112.0,2.52,1.15,13.51,0.16,29.539999999999964
2015-12-15,600519,1183.79,1187.35,1187.76,1175.14,15088,321828816.0,1.06,0.17,2.06,0.12,12.61999999999989
2015-12-16,600519,1186.85,1184.34,1188.01,1177.71,20145,430371568.0,0.87,-0.25,-3.01,0.16,10.299999999999955
2015-12-17,600519,1186.75,1194.14,1199.26,1184.79,24253,523818384.0,1.22,0.83,9.8,0.19,14.470000000000027
2015-12-18,600519,1192.33,1199.26,1210.67,1190.37,28460,618897536.0,1.7,0.43,5.12,0.23,20.300000000000182
2015-12-21,600519,1204.89,1250.26,1261.07,1204.89,59392,1341466592.0,4.68,4.25,51.0,0.47,56.179999999999836
2015-12-22,600519,1249.11,1240.21,1249.11,1231.42,28402,638684800.0,1.41,-0.8,-10.05,0.23,17.689999999999827
2015-12-23,600519,1242.32,1230.01,1248.56,1228.51,22375,501438272.0,1.62,-0.82,-10.2,0.18,20.049999999999955
2015-12-24,600519,1234.94,1238.96,1243.48,1231.02,15578,350137312.0,1.01,0.73,8.95,0.12,12.460000000000036
2015-12-25,600519,1240.06,1237.55,1243.38,1229.41,11543,258870006.0,1.13,-0.11,-1.41,0.09,13.970000000000027
2015-12-28,600519,1242.48,1210.52,1245.09,1209.91,25595,569404128.0,2.84,-2.18,-27.03,0.2,35.179999999999836
2015-12-29,600519,1208.01,1214.09,1217.15,1207.45,15774,345982480.0,0.8,0.29,3.57,0.13,9.700000000000045
2015-12-30,600519,1215.84,1209.21,1218.26,1202.48,20148,440489184.0,1.3,-0.4,-4.88,0.16,15.779999999999973
2015-12-31,600519,1206.0,1205.84,1212.43,1203.99,19674,429872176.0,0.7,-0.28,-3.37,0.16,8.440000000000055
2016-01-04,600519,1204.89,1164.79,1204.89,1164.64,17350,371909824.0,3.34,-3.4,-41.05,0.14,40.25
2016-01-05,600519,1164.69,1178.86,1184.64,1152.18,31909,672596336.0,2.79,1.21,14.07,0.25,32.460000000000036
2016-01-06,600519,1178.66,1175.65,1183.08,1161.17,23761,502483568.0,1.86,-0.27,-3.21,0.19,21.909999999999854
2016-01-07,600519,1159.62,1125.65,1159.62,1114.59,8149,167829920.0,3.83,-4.25,-50.0,0.06,45.02999999999997
2016-01-08,600519,1135.4,1137.71,1154.64,1114.44,44510,911812832.0,3.57,1.07,12.06,0.35,40.200000000000045
2016-01-11,600519,1130.32,1113.74,1133.49,1111.43,29703,596838944.0,1.94,-2.11,-23.97,0.24,22.059999999999945
2016-01-12,600519,1119.97,1098.31,1125.0,1094.34,40287,801495584.0,2.75,-1.39,-15.43,0.32,30.660000000000082
2016-01-13,600519,1109.92,1113.34,1144.59,1107.41,29202,592420624.0,3.39,1.37,15.03,0.23,37.179999999999836
2016-01-14,600519,1099.92,1138.66,1144.49,1091.88,34776,699341424.0,4.73,2.27,25.32,0.28,52.6099999999999
2016-01-15,600519,1138.31,1109.42,1145.5,1104.39,26681,537750016.0,3.61,-2.57,-29.24,0.21,41.1099999999999
2016-01-18,600519,1104.39,1111.58,1126.5,1100.37,27371,548614384.0,2.36,0.19,2.16,0.22,26.13000000000011
2016-01-19,600519,1119.47,1165.9,1166.35,1114.49,59110,1224859280.0,4.67,4.89,54.32,0.47,51.8599999999999
2016-01-20,600519,1149.62,1126.1,1165.5,1119.52,40969,835946960.0,3.94,-3.41,-39.8,0.33,45.98000000000002
2016-01-21,600519,1120.78,1115.75,1137.51,1113.94,21832,439737648.0,2.09,-0.92,-10.35,0.17,23.569999999999936
2016-01-22,600519,1130.07,1128.21,1131.53,1108.46,22733,456952016.0,2.07,1.12,12.46,0.18,23.069999999999936
2016-01-25,600519,1129.52,1128.36,1131.98,1121.98,13750,278273552.0,0.89,0.01,0.15,0.11,10.0
2016-01-26,600519,1119.42,1109.47,1136.9,1106.91,22281,448487472.0,2.66,-1.67,-18.89,0.18,29.99000000000001
2016-01-27,600519,1114.34,1114.09,1118.92,1092.84,29840,589842576.0,2.35,0.42,4.62,0.24,26.080000000000155
2016-01-28,600519,1113.19,1097.56,1113.19,1092.44,17903,353744032.0,1.86,-1.48,-16.53,0.14,20.75
2016-01-29,600519,1101.78,1117.71,1127.01,1099.37,23090,461975280.0,2.52,1.84,20.15,0.18,27.6400000000001
2016-02-01,600519,1125.0,1120.93,1128.51,1113.89,19178,386028336.0,1.31,0.29,3.22,0.15,14.61999999999989
2016-02-02,600519,1124.49,1137.31,1138.56,1117.66,17842,362596992.0,1.86,1.46,16.38,0.14,20.899999999999864
2016-02-03,600519,1127.41,1132.83,1137.36,1121.98,15157,307933680.0,1.35,-0.39,-4.48,0.12,15.379999999999882
2016-02-04,600519,1138.56,1139.52,1143.99,1132.23,16625,340315136.0,1.04,0.59,6.69,0.13,11.759999999999991
2016-02-05,600519,1139.52,1133.89,1140.47,1127.16,14228,290691680.0,1.17,-0.49,-5.63,0.11,13.309999999999945
2016-02-15,600519,1114.44,1116.5,1129.52,1112.43,19470,390748384.0,1.51,-1.53,-17.39,0.15,17.089999999999918
2016-02-16,600519,1117.26,1134.14,1154.64,1117.26,19223,393326288.0,3.35,1.58,17.64,0.15,37.38000000000011
2016-02-17,600519,1133.24,1126.0,1139.17,1117.01,20349,411126976.0,1.95,-0.72,-8.14,0.16,22.160000000000082
2016-02-18,600519,1130.52,1123.04,1132.53,1119.97,18893,381696256.0,1.12,-0.26,-2.96,0.15,12.559999999999945
2016-02-19,600519,1122.58,1130.07,1130.42,1120.12,14238,287755552.0,0.92,0.63,7.03,0.11,10.300000000000182
2016-02-22,600519,1144.59,1153.64,1156.25,1144.59,27760,574540624.0,1.03,2.09,23.57,0.22,11.660000000000082
2016-02-23,600519,1153.49,1176.8,1189.72,1149.72,37461,795824528.0,3.47,2.01,23.16,0.3,40.0
2016-02-24,600519,1175.75,1203.58,1205.04,1169.77,33129,717612352.0,3.0,2.28,26.78,0.26,35.26999999999998
2016-02-25,600519,1208.91,1176.8,1217.35,1175.39,39481,855036784.0,3.49,-2.23,-26.78,0.31,41.95999999999981
2016-02-26,600519,1180.27,1199.06,1211.17,1171.02,28333,609924304.0,3.41,1.89,22.26,0.23,40.15000000000009
2016-02-29,600519,1209.86,1189.36,1219.36,1148.61,47712,1022532384.0,5.9,-0.81,-9.7,0.38,70.75
2016-03-01,600519,1194.64,1207.0,1216.45,1166.7,34005,736088848.0,4.18,1.48,17.64,0.27,49.75
2016-03-02,600519,1209.91,1236.14,1242.58,1208.26,47943,1073462816.0,2.84,2.41,29.14,0.38,34.319999999999936
2016-03-03,600519,1240.06,1254.18,1275.14,1223.28,40193,914557328.0,4.2,1.46,18.04,0.32,51.86000000000013
2016-03-04,600519,1249.51,1309.31,1316.24,1240.11,85839,2007278352.0,6.07,4.4,55.13,0.68,76.13000000000011
2016-03-07,600519,1305.94,1283.48,1315.44,1270.46,39346,924016288.0,3.44,-1.97,-25.83,0.31,44.98000000000002
2016-03-08,600519,1281.77,1261.22,1281.77,1250.11,26147,600938832.0,2.47,-1.73,-22.26,0.21,31.660000000000082
2016-03-09,600519,1250.11,1252.32,1278.5,1245.59,16403,375804064.0,2.61,-0.71,-8.9,0.13,32.91000000000008
2016-03-10,600519,1260.11,1255.44,1283.78,1255.14,25727,593953296.0,2.29,0.25,3.12,0.2,28.639999999999873
2016-03-11,600519,1247.8,1255.39,1274.63,1242.58,16320,373343712.0,2.55,0.0,-0.05,0.13,32.05000000000018
2016-03-14,600519,1269.01,1237.9,1282.77,1225.99,45278,1029457824.0,4.52,-1.39,-17.49,0.36,56.77999999999997
2016-03-15,600519,1239.06,1274.84,1287.25,1236.75,36356,832373600.0,4.08,2.98,36.94,0.29,50.5
2016-03-16,600519,1266.29,1258.2,1277.75,1240.06,24251,555358080.0,2.96,-1.31,-16.64,0.19,37.690000000000055
2016-03-17,600519,1265.19,1262.98,1285.79,1256.65,28821,665454448.0,2.32,0.38,4.78,0.23,29.139999999999873
2016-03-18,600519,1275.24,1245.09,1276.54,1243.98,70569,1613934128.0,2.58,-1.42,-17.89,0.56,32.559999999999945
2016-03-21,600519,1248.4,1275.14,1275.34,1248.35,38547,885665712.0,2.17,2.41,30.05,0.31,26.99000000000001
2016-03-22,600519,1276.54,1287.75,1306.29,1272.72,41767,981582400.0,2.63,0.99,12.61,0.33,33.569999999999936
2016-03-23,600519,1291.32,1290.16,1300.36,1278.65,21412,503035648.0,1.69,0.19,2.41,0.17,21.70999999999981
2016-03-24,600519,1290.31,1328.8,1342.57,1271.72,62068,1487290880.0,5.49,2.99,38.64,0.49,70.84999999999991
2016-03-25,600519,1328.0,1340.46,1364.63,1320.56,44756,1100326144.0,3.32,0.88,11.66,0.36,44.070000000000164
2016-03-28,600519,1340.46,1363.57,1382.67,1340.46,48338,1207751712.0,3.15,1.72,23.11,0.38,42.210000000000036
2016-03-29,600519,1363.67,1356.19,1370.71,1337.75,36688,911522992.0,2.42,-0.54,-7.38,0.29,32.960000000000036
2016-03-30,600519,1360.66,1358.95,1367.69,1342.97,27783,688591408.0,1.82,0.2,2.76,0.22,24.720000000000027
2016-03-31,600519,1364.88,1353.82,1367.19,1350.56,19457,483196896.0,1.22,-0.38,-5.13,0.15,16.63000000000011
2016-04-01,600519,1360.41,1341.01,1368.15,1338.25,25146,620149504.0,2.21,-0.95,-12.81,0.2,29.90000000000009
2016-04-05,600519,1330.51,1343.17,1353.12,1330.51,25048,615354320.0,1.69,0.16,2.16,0.2,22.6099999999999
2016-04-06,600519,1344.58,1401.91,1403.87,1344.58,48425,1225137024.0,4.41,4.37,58.74,0.39,59.289999999999964
2016-04-07,600519,1400.3,1386.34,1403.27,1378.85,25536,650128768.0,1.74,-1.11,-15.57,0.2,24.420000000000073
2016-04-08,600519,1375.73,1364.98,1395.28,1356.64,23156,583704016.0,2.79,-1.54,-21.36,0.18,38.63999999999987
2016-04-11,600519,1368.2,1334.13,1391.71,1333.02,119285,2930751136.0,4.3,-2.26,-30.85,0.95,58.690000000000055
2016-04-12,600519,1334.03,1340.16,1340.56,1325.99,23339,568663728.0,1.09,0.45,6.03,0.19,14.569999999999936
2016-04-13,600519,1342.57,1326.69,1358.8,1323.98,54274,1328412384.0,2.6,-1.01,-13.47,0.43,34.819999999999936
2016-04-14,600519,1327.39,1329.3,1339.71,1320.46,28664,696651872.0,1.45,0.2,2.61,0.23,19.25
2016-04-15,600519,1328.7,1340.06,1340.46,1321.47,19029,463404864.0,1.43,0.81,10.76,0.15,18.99000000000001
2016-04-18,600519,1329.5,1333.93,1345.58,1328.0,18593,453989136.0,1.31,-0.46,-6.13,0.15,17.579999999999927
2016-04-19,600519,1338.5,1331.41,1341.51,1322.72,14237,345816832.0,1.41,-0.19,-2.52,0.11,18.789999999999964
2016-04-20,600519,1331.46,1307.6,1337.54,1294.33,33709,808354336.0,3.25,-1.79,-23.81,0.27,43.210000000000036
2016-04-21,600519,1317.95,1317.29,1326.99,1306.89,29672,713190672.0,1.54,0.74,9.69,0.24,20.09999999999991
2016-04-22,600519,1320.46,1352.62,1355.03,1317.29,35459,869560464.0,2.86,2.68,35.33,0.28,37.74000000000001
2016-04-25,600519,1351.21,1338.15,1356.14,1332.02,24990,614481808.0,1.78,-1.07,-14.47,0.2,24.12000000000012
2016-04-26,600519,1340.31,1334.83,1350.01,1330.51,15157,370224912.0,1.46,-0.25,-3.32,0.12,19.5
2016-04-27,600519,1338.05,1339.96,1342.97,1332.97,13915,340092448.0,0.75,0.38,5.13,0.11,10.0
2016-04-28,600519,1344.73,1347.8,1349.3,1335.53,17157,421012816.0,1.03,0.59,7.84,0.14,13.769999999999982
2016-04-29,600519,1352.57,1371.71,1377.89,1352.57,46079,1155915392.0,1.88,1.77,23.91,0.37,25.320000000000164
2016-05-03,600519,1368.45,1415.93,1427.39,1368.45,56475,1463972624.0,4.3,3.22,44.22,0.45,58.940000000000055
2016-05-04,600519,1415.93,1396.89,1427.94,1395.78,28636,743425168.0,2.27,-1.34,-19.04,0.23,32.16000000000008
2016-05-05,600519,1398.34,1404.73,1406.64,1393.32,13518,347050352.0,0.95,0.56,7.84,0.11,13.320000000000164
2016-05-06,600519,1402.41,1376.84,1408.49,1371.31,27174,689911424.0,2.65,-1.99,-27.89,0.22,37.180000000000064
2016-05-09,600519,1366.34,1369.8,1379.75,1360.71,27799,696784544.0,1.38,-0.51,-7.04,0.22,19.039999999999964
2016-05-10,600519,1363.17,1376.13,1385.78,1361.21,33506,843441776.0,1.79,0.46,6.33,0.27,24.569999999999936
2016-05-11,600519,1377.49,1400.2,1418.34,1377.49,49277,1268594576.0,2.97,1.75,24.07,0.39,40.84999999999991
2016-05-12,600519,1385.88,1395.63,1398.65,1375.73,18894,480711456.0,1.64,-0.33,-4.57,0.15,22.920000000000073
2016-05-13,600519,1395.73,1370.51,1410.4,1368.2,28146,714915408.0,3.02,-1.8,-25.12,0.22,42.200000000000045
2016-05-16,600519,1370.0,1373.87,1374.73,1352.12,22203,553627504.0,1.65,0.25,3.36,0.18,22.610000000000127
2016-05-17,600519,1370.76,1365.83,1377.74,1364.83,11786,295827984.0,0.94,-0.59,-8.04,0.09,12.910000000000082
2016-05-18,600519,1361.06,1337.75,1374.98,1331.01,28380,700172112.0,3.22,-2.06,-28.08,0.23,43.97000000000003
2016-05-19,600519,1341.36,1344.43,1358.15,1338.05,20889,514050848.0,1.5,0.5,6.68,0.17,20.100000000000136
2016-05-20,600519,1349.81,1372.01,1376.64,1337.14,25502,638079264.0,2.94,2.05,27.58,0.2,39.5
2016-05-23,600519,1364.28,1386.79,1390.76,1364.28,18706,474832784.0,1.93,1.08,14.78,0.15,26.480000000000018
2016-05-24,600519,1387.84,1375.43,1391.86,1366.19,11674,294383664.0,1.85,-0.82,-11.36,0.09,25.669999999999845
2016-05-25,600519,1388.19,1375.03,1390.51,1370.76,17785,450815936.0,1.44,-0.03,-0.4,0.14,19.75
2016-05-26,600519,1375.68,1379.3,1384.78,1361.66,18120,454859056.0,1.68,0.31,4.27,0.14,23.11999999999989
2016-05-27,600519,1379.35,1377.94,1389.25,1372.62,13230,334258000.0,1.21,-0.1,-1.36,0.11,16.63000000000011
2016-05-30,600519,1373.22,1396.49,1398.34,1365.68,29807,756013040.0,2.37,1.35,18.55,0.24,32.659999999999854
2016-05-31,600519,1395.83,1438.39,1449.2,1391.81,53950,1418668240.0,4.11,3.0,41.9,0.43,57.3900000000001
2016-06-01,600519,1443.07,1434.98,1443.57,1431.01,21877,578184016.0,0.87,-0.24,-3.41,0.17,12.559999999999945
2016-06-02,600519,1431.06,1454.82,1459.55,1431.06,24761,660335568.0,1.99,1.38,19.84,0.2,28.49000000000001
2016-06-03,600519,1451.1,1535.97,1550.29,1448.09,64798,1806172752.0,7.02,5.58,81.15,0.52,102.20000000000005
2016-06-06,600519,1526.48,1496.58,1531.5,1491.3,37262,1034692864.0,2.62,-2.56,-39.39,0.3,40.200000000000045
2016-06-07,600519,1498.84,1505.62,1508.84,1491.35,18754,518246016.0,1.17,0.6,9.04,0.15,17.49000000000001
2016-06-08,600519,1498.34,1487.69,1505.67,1483.77,23882,656530784.0,1.45,-1.19,-17.93,0.19,21.90000000000009
2016-06-13,600519,1483.01,1451.41,1499.64,1447.34,37775,1030012784.0,3.52,-2.44,-36.28,0.3,52.30000000000018
2016-06-14,600519,1454.67,1480.0,1485.27,1454.67,25587,696446752.0,2.11,1.97,28.59,0.2,30.59999999999991
2016-06-15,600519,1469.75,1498.79,1505.37,1467.23,27322,752172240.0,2.58,1.27,18.79,0.22,38.13999999999987
2016-06-16,600519,1490.6,1486.38,1505.37,1485.17,19644,540824576.0,1.35,-0.83,-12.41,0.16,20.199999999999818
2016-06-17,600519,1484.27,1507.68,1528.94,1484.27,24705,689165056.0,3.01,1.43,21.3,0.2,44.67000000000007
2016-06-20,600519,1515.27,1496.88,1515.72,1486.28,19019,523759584.0,1.95,-0.72,-10.8,0.15,29.440000000000055
2016-06-21,600519,1501.55,1485.32,1506.08,1481.25,16749,460067360.0,1.66,-0.77,-11.56,0.13,24.829999999999927
2016-06-22,600519,1485.12,1508.59,1513.21,1480.1,20884,577353680.0,2.23,1.57,23.27,0.17,33.11000000000013
2016-06-23,600519,1516.28,1498.54,1516.28,1490.7,13985,386801280.0,1.7,-0.67,-10.05,0.11,25.579999999999927
2016-06-24,600519,1492.71,1485.12,1501.35,1452.11,20130,550877440.0,3.29,-0.9,-13.42,0.16,49.24000000000001
2016-06-27,600519,1491.3,1555.02,1578.23,1491.3,63643,1823624048.0,5.85,4.71,69.9,0.51,86.93000000000006
2016-06-28,600519,1551.7,1557.68,1564.97,1548.18,24282,699351504.0,1.08,0.17,2.66,0.19,16.789999999999964
2016-06-29,600519,1554.36,1557.53,1563.91,1537.53,28148,805690464.0,1.69,-0.01,-0.15,0.22,26.38000000000011
2016-06-30,600519,1566.78,1576.32,1607.88,1566.78,38022,1116195904.0,2.64,1.21,18.79,0.3,41.100000000000136
2016-07-01,600519,1583.61,1578.44,1607.13,1567.53,26015,746622848.0,2.51,0.13,2.12,0.21,39.600000000000136
2016-07-04,600519,1582.61,1617.28,1624.82,1577.58,29489,859625104.0,2.99,2.46,38.84,0.23,47.24000000000001
2016-07-05,600519,1622.96,1650.85,1663.51,1622.96,41708,1252985744.0,2.51,2.08,33.57,0.33,40.549999999999955
2016-07-06,600519,1646.93,1734.31,1738.38,1642.96,47348,1463885920.0,5.78,5.06,83.46,0.38,95.42000000000007
2016-07-07,600519,1727.32,1732.9,1782.6,1708.63,50725,1619384208.0,4.27,-0.08,-1.41,0.4,73.9699999999998
2016-07-08,600519,1715.92,1697.73,1725.82,1678.88,45546,1412963904.0,2.71,-2.03,-35.17,0.36,46.93999999999983
2016-07-11,600519,1693.3,1724.01,1768.53,1693.3,57482,1825388224.0,4.43,1.55,26.28,0.46,75.23000000000002
2016-07-12,600519,1727.12,1772.19,1781.59,1723.3,53119,1712151168.0,3.38,2.79,48.18,0.42,58.289999999999964
2016-07-13,600519,1763.65,1734.31,1772.19,1723.55,53448,1697002624.0,2.74,-2.14,-37.88,0.43,48.6400000000001
2016-07-14,600519,1728.78,1733.8,1752.45,1724.31,29231,928017840.0,1.62,-0.03,-0.51,0.23,28.1400000000001
2016-07-15,600519,1733.96,1735.97,1738.53,1723.6,26811,848676192.0,0.86,0.13,2.17,0.21,14.930000000000064
2016-07-18,600519,1735.86,1729.38,1745.91,1726.62,23353,741065232.0,1.11,-0.38,-6.59,0.19,19.29000000000019
2016-07-19,600519,1725.82,1688.68,1729.84,1675.82,41432,1282256496.0,3.12,-2.35,-40.7,0.33,54.01999999999998
2016-07-20,600519,1691.24,1690.94,1702.55,1685.62,17734,548187888.0,1.0,0.13,2.26,0.14,16.930000000000064
2016-07-21,600519,1698.93,1720.19,1736.37,1693.15,33009,1041004816.0,2.56,1.73,29.25,0.26,43.2199999999998
2016-07-22,600519,1712.75,1687.73,1724.31,1685.01,28871,893047920.0,2.28,-1.89,-32.46,0.23,39.299999999999955
2016-07-25,600519,1686.12,1704.51,1719.23,1683.1,23624,736751808.0,2.14,0.99,16.78,0.19,36.13000000000011
2016-07-26,600519,1693.2,1743.6,1745.91,1690.64,35556,1121135552.0,3.24,2.29,39.09,0.28,55.26999999999998
2016-07-27,600519,1747.67,1718.33,1751.44,1689.64,39228,1235833184.0,3.54,-1.45,-25.27,0.31,61.799999999999955
2016-07-28,600519,1708.23,1728.58,1744.91,1705.72,39644,1254912048.0,2.28,0.6,10.25,0.32,39.190000000000055
2016-07-29,600519,1723.7,1714.01,1742.8,1713.25,29007,913987184.0,1.71,-0.84,-14.57,0.23,29.549999999999955
2016-08-01,600519,1713.25,1682.9,1718.03,1673.05,31702,980681840.0,2.62,-1.82,-31.11,0.25,44.98000000000002
2016-08-02,600519,1684.36,1679.13,1700.69,1662.25,26541,812078464.0,2.28,-0.22,-3.77,0.21,38.440000000000055
2016-08-03,600519,1683.1,1682.2,1687.63,1668.78,24039,735080448.0,1.12,0.18,3.07,0.19,18.850000000000136
2016-08-04,600519,1682.35,1679.59,1689.79,1669.14,21794,666165440.0,1.23,-0.16,-2.61,0.17,20.649999999999864
2016-08-05,600519,1680.54,1677.73,1689.99,1673.21,20308,622324416.0,1.0,-0.11,-1.86,0.16,16.779999999999973
2016-08-08,600519,1678.83,1688.63,1689.64,1663.31,22007,672724160.0,1.57,0.65,10.9,0.18,26.330000000000155
2016-08-09,600519,1688.98,1727.07,1736.72,1680.19,39290,1230571984.0,3.35,2.28,38.44,0.31,56.52999999999997
2016-08-10,600519,1723.55,1717.32,1730.84,1714.91,20945,659451040.0,0.92,-0.56,-9.75,0.17,15.929999999999836
2016-08-11,600519,1720.19,1732.2,1756.32,1718.33,31940,1016399248.0,2.21,0.87,14.88,0.25,37.99000000000001
2016-08-12,600519,1735.36,1733.2,1735.36,1718.33,23353,737487488.0,0.98,0.06,1.0,0.19,17.029999999999973
2016-08-15,600519,1727.32,1742.3,1756.92,1719.03,34110,1084418384.0,2.19,0.53,9.1,0.27,37.8900000000001
2016-08-16,600519,1758.48,1695.77,1760.89,1688.13,88379,2755749504.0,4.18,-2.67,-46.53,0.7,72.75999999999999
2016-08-17,600519,1696.17,1688.93,1703.05,1680.59,43754,1347397792.0,1.32,-0.4,-6.84,0.35,22.460000000000036
2016-08-18,600519,1687.88,1680.24,1696.42,1673.71,31006,951674784.0,1.34,-0.51,-8.69,0.25,22.710000000000036
2016-08-19,600519,1677.07,1680.49,1685.37,1672.05,19141,585467696.0,0.79,0.01,0.25,0.15,13.319999999999936
2016-08-22,600519,1678.73,1684.71,1696.07,1678.08,20813,640455200.0,1.07,0.25,4.22,0.17,17.99000000000001
2016-08-23,600519,1684.76,1682.5,1693.36,1677.07,19914,612752800.0,0.97,-0.13,-2.21,0.16,16.289999999999964
2016-08-24,600519,1683.21,1674.46,1685.57,1667.18,22779,695005296.0,1.09,-0.48,-8.04,0.18,18.389999999999873
2016-08-25,600519,1674.06,1663.06,1674.96,1648.28,25363,766099104.0,1.59,-0.68,-11.4,0.2,26.680000000000064
2016-08-26,600519,1663.71,1655.22,1670.79,1649.94,21436,648346752.0,1.25,-0.47,-7.84,0.17,20.84999999999991
2016-08-29,600519,1688.13,1685.77,1692.15,1674.06,38056,1169052448.0,1.09,1.85,30.55,0.3,18.090000000000146
2016-08-30,600519,1683.1,1677.38,1690.64,1671.4,21171,649198656.0,1.14,-0.5,-8.39,0.17,19.24000000000001
2016-08-31,600519,1681.6,1699.13,1702.0,1675.77,40401,1250762224.0,1.56,1.3,21.75,0.32,26.230000000000018
2016-09-01,600519,1696.67,1691.7,1708.23,1689.39,17186,532785264.0,1.11,-0.44,-7.43,0.14,18.839999999999918
2016-09-02,600519,1688.13,1676.97,1695.42,1672.45,18572,570909568.0,1.36,-0.87,-14.73,0.15,22.970000000000027
2016-09-05,600519,1679.08,1690.64,1693.15,1677.13,19139,589626256.0,0.96,0.82,13.67,0.15,16.019999999999982
2016-09-06,600519,1690.64,1697.88,1699.99,1689.89,20626,638681584.0,0.6,0.43,7.24,0.16,10.099999999999909
2016-09-07,600519,1696.57,1681.09,1696.57,1675.57,29645,908976240.0,1.24,-0.99,-16.79,0.24,21.0
2016-09-08,600519,1674.11,1677.18,1680.59,1670.09,16706,509979664.0,0.62,-0.23,-3.91,0.13,10.5
2016-09-09,600519,1681.35,1671.2,1682.4,1668.03,16223,494663728.0,0.86,-0.36,-5.98,0.13,14.370000000000118
2016-09-12,600519,1657.98,1638.18,1668.03,1636.73,38239,1148690128.0,1.87,-1.98,-33.02,0.3,31.299999999999955
2016-09-13,600519,1647.68,1650.09,1652.81,1644.41,16256,488095088.0,0.51,0.73,11.91,0.13,8.399999999999864
2016-09-14,600519,1648.43,1645.77,1658.99,1637.93,18528,556106064.0,1.28,-0.26,-4.32,0.15,21.059999999999945
2016-09-19,600519,1648.18,1648.58,1655.82,1647.33,12852,385804384.0,0.52,0.17,2.81,0.1,8.490000000000009
2016-09-20,600519,1651.85,1622.61,1651.95,1617.78,34893,1031649952.0,2.07,-1.58,-25.97,0.28,34.17000000000007
2016-09-21,600519,1623.11,1618.03,1624.77,1593.21,39037,1139374176.0,1.95,-0.28,-4.58,0.31,31.559999999999945
2016-09-22,600519,1619.29,1632.76,1647.83,1617.83,29606,879666032.0,1.85,0.91,14.73,0.24,30.0
2016-09-23,600519,1632.96,1636.27,1642.65,1624.82,12672,376554080.0,1.09,0.21,3.51,0.1,17.830000000000155
2016-09-26,600519,1632.86,1591.3,1632.91,1590.4,37176,1080278320.0,2.6,-2.75,-44.97,0.3,42.50999999999999
2016-09-27,600519,1592.06,1603.56,1607.63,1591.45,17916,520513712.0,1.02,0.77,12.26,0.14,16.180000000000064
2016-09-28,600519,1606.68,1589.69,1606.68,1585.42,22360,648736320.0,1.33,-0.86,-13.87,0.18,21.25999999999999
2016-09-29,600519,1586.88,1602.61,1612.76,1586.88,23706,688873472.0,1.63,0.81,12.92,0.19,25.87999999999988
2016-09-30,600519,1597.68,1637.43,1646.07,1597.68,29604,880477808.0,3.02,2.17,34.82,0.24,48.38999999999987
2016-10-10,600519,1640.44,1662.8,1667.33,1640.44,21104,637178864.0,1.64,1.55,25.37,0.17,26.889999999999873
2016-10-11,600519,1668.03,1692.75,1693.15,1663.01,41737,1279755344.0,1.81,1.8,29.95,0.33,30.1400000000001
2016-10-12,600519,1690.64,1677.18,1690.64,1672.55,19286,590793824.0,1.07,-0.92,-15.57,0.15,18.090000000000146
2016-10-13,600519,1682.1,1667.48,1682.8,1665.57,16144,491591616.0,1.03,-0.58,-9.7,0.13,17.230000000000018
2016-10-14,600519,1665.37,1676.07,1678.08,1664.01,12691,386317904.0,0.84,0.52,8.59,0.1,14.069999999999936
2016-10-17,600519,1675.32,1660.24,1675.57,1655.47,18957,574503344.0,1.2,-0.94,-15.83,0.15,20.09999999999991
2016-10-18,600519,1660.49,1683.91,1690.64,1657.98,30389,932443504.0,1.97,1.43,23.67,0.24,32.66000000000008
2016-10-19,600519,1690.64,1680.34,1691.9,1673.56,14123,433658688.0,1.09,-0.21,-3.57,0.11,18.340000000000146
2016-10-20,600519,1685.06,1675.47,1685.06,1672.05,14080,429896208.0,0.77,-0.29,-4.87,0.11,13.009999999999991
2016-10-21,600519,1673.46,1668.98,1675.47,1660.95,11483,349209696.0,0.87,-0.39,-6.49,0.09,14.519999999999982
2016-10-24,600519,1661.0,1682.75,1683.1,1661.0,26247,802002336.0,1.32,0.83,13.77,0.21,22.09999999999991
2016-10-25,600519,1685.06,1712.95,1713.25,1685.06,43762,1363211040.0,1.68,1.79,30.2,0.35,28.190000000000055
2016-10-26,600519,1713.25,1716.67,1739.93,1706.47,46813,1475976848.0,1.95,0.22,3.72,0.37,33.460000000000036
2016-10-27,600519,1713.2,1732.7,1739.48,1703.25,32952,1039017328.0,2.11,0.93,16.03,0.26,36.23000000000002
2016-10-28,600519,1735.86,1733.6,1740.54,1718.28,20137,637478016.0,1.28,0.05,0.9,0.16,22.25999999999999
2016-10-31,600519,1743.4,1738.13,1762.5,1732.35,43596,1394967920.0,1.74,0.26,4.53,0.35,30.15000000000009
2016-11-01,600519,1738.13,1731.74,1743.4,1726.07,19512,617880128.0,1.0,-0.37,-6.39,0.16,17.330000000000155
2016-11-02,600519,1728.78,1724.21,1734.16,1716.67,20636,650629056.0,1.01,-0.43,-7.53,0.16,17.49000000000001
2016-11-03,600519,1723.3,1727.62,1730.64,1719.03,18691,589861360.0,0.67,0.2,3.41,0.15,11.610000000000127
2016-11-04,600519,1728.28,1722.4,1739.63,1718.18,20619,650490000.0,1.24,-0.3,-5.22,0.16,21.450000000000045
2016-11-07,600519,1723.3,1724.96,1733.35,1714.26,16048,505304912.0,1.11,0.15,2.56,0.13,19.089999999999918
2016-11-08,600519,1730.84,1748.43,1759.38,1726.72,34194,1093003616.0,1.89,1.36,23.47,0.27,32.66000000000008
2016-11-09,600519,1748.43,1732.4,1758.33,1717.27,30004,951077200.0,2.35,-0.92,-16.03,0.24,41.059999999999945
2016-11-10,600519,1743.9,1744.06,1753.45,1737.02,17805,568571584.0,0.95,0.67,11.66,0.14,16.430000000000064
2016-11-11,600519,1738.33,1723.7,1739.88,1722.3,35903,1133744320.0,1.01,-1.17,-20.36,0.29,17.580000000000155
2016-11-14,600519,1726.07,1703.15,1727.67,1698.13,39920,1246340880.0,1.71,-1.19,-20.55,0.32,29.539999999999964
2016-11-15,600519,1698.33,1718.33,1726.57,1698.33,24471,766112496.0,1.66,0.89,15.18,0.19,28.24000000000001
2016-11-16,600519,1717.32,1714.01,1725.31,1708.23,13400,419672480.0,0.99,-0.25,-4.32,0.11,17.079999999999927
2016-11-17,600519,1708.63,1703.4,1713.25,1700.84,18338,570642080.0,0.72,-0.62,-10.61,0.15,12.410000000000082
2016-11-18,600519,1704.01,1698.18,1707.22,1697.58,19378,601883504.0,0.57,-0.31,-5.22,0.15,9.6400000000001
2016-11-21,600519,1703.3,1695.67,1706.52,1689.99,26084,807014528.0,0.97,-0.15,-2.51,0.21,16.529999999999973
2016-11-22,600519,1699.69,1692.5,1700.44,1689.99,26424,816561744.0,0.62,-0.19,-3.17,0.21,10.450000000000045
2016-11-23,600519,1703.2,1713.0,1713.25,1693.71,34015,1058266304.0,1.15,1.21,20.5,0.27,19.539999999999964
2016-11-24,600519,1714.26,1733.0,1733.35,1705.31,39079,1227937712.0,1.64,1.17,20.0,0.31,28.039999999999964
2016-11-25,600519,1733.55,1732.8,1738.38,1715.36,22370,706042464.0,1.33,-0.01,-0.2,0.18,23.02000000000021
2016-11-28,600519,1736.12,1745.91,1749.33,1731.34,49253,1568882896.0,1.04,0.76,13.11,0.39,17.99000000000001
2016-11-29,600519,1751.94,1768.32,1800.94,1745.46,58831,1911874432.0,3.18,1.28,22.41,0.47,55.48000000000002
2016-11-30,600519,1754.56,1743.8,1765.01,1740.64,26752,855564592.0,1.38,-1.39,-24.52,0.21,24.36999999999989
2016-12-01,600519,1748.43,1753.55,1771.49,1741.79,27942,896065024.0,1.7,0.56,9.75,0.22,29.700000000000045
2016-12-02,600519,1753.45,1757.32,1764.51,1743.4,30628,984836864.0,1.2,0.21,3.77,0.24,21.1099999999999
2016-12-05,600519,1744.41,1727.98,1771.24,1727.42,42061,1342647360.0,2.49,-1.67,-29.34,0.33,43.819999999999936
2016-12-06,600519,1729.48,1780.69,1781.49,1729.48,38923,1251764480.0,3.01,3.05,52.71,0.31,52.00999999999999
2016-12-07,600519,1784.2,1785.86,1791.14,1768.38,25272,825849248.0,1.28,0.29,5.17,0.2,22.75999999999999
2016-12-08,600519,1788.68,1837.42,1848.92,1783.6,54476,1825332448.0,3.66,2.89,51.56,0.43,65.32000000000016
2016-12-09,600519,1834.85,1837.67,1846.01,1818.87,34496,1162079792.0,1.48,0.01,0.25,0.27,27.1400000000001
2016-12-12,600519,1837.37,1782.9,1848.92,1777.07,50332,1667557008.0,3.91,-2.98,-54.77,0.4,71.85000000000014
2016-12-13,600519,1782.8,1813.8,1823.8,1776.06,41780,1384533792.0,2.68,1.73,30.9,0.33,47.74000000000001
2016-12-14,600519,1813.75,1810.08,1819.13,1791.14,32029,1062697136.0,1.54,-0.21,-3.72,0.25,27.99000000000001
2016-12-15,600519,1811.04,1788.88,1813.7,1776.47,39203,1285279904.0,2.06,-1.17,-21.2,0.31,37.23000000000002
2016-12-16,600519,1783.6,1786.51,1798.07,1766.42,25051,818412416.0,1.77,-0.13,-2.37,0.2,31.649999999999864
2016-12-19,600519,1778.58,1778.37,1820.63,1776.62,30472,1002365472.0,2.46,-0.46,-8.14,0.24,44.01000000000022
2016-12-20,600519,1778.78,1780.99,1783.6,1757.52,30832,1001345152.0,1.47,0.15,2.62,0.25,26.079999999999927
2016-12-21,600519,1783.1,1791.94,1795.11,1766.32,24711,807548096.0,1.62,0.61,10.95,0.2,28.789999999999964
2016-12-22,600519,1788.63,1774.56,1790.94,1772.95,14678,478750704.0,1.0,-0.97,-17.38,0.12,17.99000000000001
2016-12-23,600519,1766.26,1748.58,1771.04,1744.06,31096,1001068080.0,1.52,-1.46,-25.98,0.25,26.980000000000018
2016-12-26,600519,1743.55,1770.94,1773.5,1729.33,26001,835811088.0,2.53,1.28,22.36,0.21,44.17000000000007
2016-12-27,600519,1771.09,1779.38,1792.64,1766.01,20062,655887936.0,1.5,0.48,8.44,0.16,26.63000000000011
2016-12-28,600519,1783.55,1767.12,1788.63,1765.16,17878,581648976.0,1.32,-0.69,-12.26,0.14,23.470000000000027
2016-12-29,600519,1768.53,1785.16,1787.97,1763.5,21225,690986080.0,1.38,1.02,18.04,0.17,24.470000000000027
2016-12-30,600519,1781.64,1819.53,1825.26,1781.64,34688,1152982240.0,2.44,1.93,34.37,0.28,43.61999999999989
2017-01-03,600519,1820.18,1821.59,1833.85,1812.79,20764,695005296.0,1.16,0.11,2.06,0.17,21.059999999999945
2017-01-04,600519,1821.89,1908.77,1910.07,1821.79,65257,2245051872.0,4.85,4.79,87.18,0.52,88.27999999999997
2017-01-05,600519,1899.17,1882.79,1906.46,1876.26,41704,1449077680.0,1.58,-1.36,-25.98,0.33,30.200000000000045
2017-01-06,600519,1882.29,1902.99,1948.31,1879.57,68096,2402546304.0,3.65,1.07,20.2,0.54,68.74000000000001
2017-01-09,600519,1888.12,1891.68,1913.64,1881.78,35405,1233977968.0,1.67,-0.59,-11.31,0.28,31.860000000000127
2017-01-10,600519,1891.38,1894.15,1909.22,1882.09,31728,1108100800.0,1.43,0.13,2.47,0.25,27.13000000000011
2017-01-11,600519,1889.12,1876.31,1889.12,1866.51,23599,814074640.0,1.19,-0.94,-17.84,0.19,22.6099999999999
2017-01-12,600519,1881.84,1884.35,1886.11,1871.58,17779,614822048.0,0.77,0.43,8.04,0.14,14.529999999999973
2017-01-13,600519,1884.0,1873.39,1886.06,1868.42,18282,631734944.0,0.94,-0.58,-10.96,0.15,17.639999999999873
2017-01-16,600519,1869.68,1856.31,1873.04,1842.89,36855,1259384864.0,1.61,-0.91,-17.08,0.29,30.149999999999864
2017-01-17,600519,1861.99,1894.8,1906.71,1858.97,35188,1223967888.0,2.57,2.07,38.49,0.28,47.74000000000001
2017-01-18,600519,1893.54,1924.7,1933.19,1885.15,46006,1622110976.0,2.54,1.58,29.9,0.37,48.039999999999964
2017-01-19,600519,1924.29,1922.89,1941.78,1907.71,28524,1011320064.0,1.77,-0.09,-1.81,0.23,34.069999999999936
2017-01-20,600519,1923.79,1924.24,1936.35,1914.4,21344,758416000.0,1.14,0.07,1.35,0.17,21.949999999999818
2017-01-23,600519,1933.74,1905.3,1948.41,1896.46,32581,1151869296.0,2.7,-0.98,-18.94,0.26,51.950000000000045
2017-01-24,600519,1905.55,1900.73,1913.24,1882.84,26915,939129472.0,1.6,-0.24,-4.57,0.21,30.40000000000009
2017-01-25,600519,1899.07,1887.26,1899.07,1880.08,22990,799259968.0,1.0,-0.71,-13.47,0.18,18.99000000000001
2017-01-26,600519,1889.82,1871.13,1893.14,1855.45,37826,1303262144.0,2.0,-0.85,-16.13,0.3,37.690000000000055
2017-02-03,600519,1879.07,1883.34,1895.05,1874.05,20936,727140784.0,1.12,0.65,12.21,0.17,21.0
2017-02-06,600519,1891.58,1883.34,1893.59,1873.85,15681,543401904.0,1.05,0.0,0.0,0.12,19.74000000000001
2017-02-07,600519,1883.29,1866.91,1886.11,1864.7,20520,707114112.0,1.14,-0.87,-16.43,0.16,21.409999999999854
2017-02-08,600519,1867.82,1870.08,1876.56,1862.34,19089,656786320.0,0.76,0.17,3.17,0.15,14.220000000000027
2017-02-09,600519,1874.05,1887.16,1893.09,1872.09,23324,808958176.0,1.12,0.91,17.08,0.19,21.0
2017-02-10,600519,1892.24,1874.45,1898.27,1874.05,24057,835679328.0,1.28,-0.67,-12.71,0.19,24.220000000000027
2017-02-13,600519,1869.02,1897.91,1908.72,1858.57,53588,1869148352.0,2.68,1.25,23.46,0.43,50.15000000000009
2017-02-14,600519,1896.86,1900.23,1912.24,1894.65,26559,931733728.0,0.93,0.12,2.32,0.21,17.589999999999918
2017-02-15,600519,1906.71,1891.78,1911.43,1885.1,26257,917475856.0,1.39,-0.44,-8.45,0.21,26.330000000000155
2017-02-16,600519,1891.63,1889.57,1892.24,1876.61,17642,612607280.0,0.83,-0.12,-2.21,0.14,15.63000000000011
2017-02-17,600519,1893.64,1901.98,1921.48,1886.61,29102,1022647968.0,1.85,0.66,12.41,0.23,34.87000000000012
2017-02-20,600519,1901.23,1955.9,1961.08,1899.22,61853,2215563600.0,3.25,2.83,53.92,0.49,61.8599999999999
2017-02-21,600519,1958.87,1943.09,1961.63,1935.25,27706,994112864.0,1.35,-0.65,-12.81,0.22,26.38000000000011
2017-02-22,600519,1952.48,1958.92,1982.18,1949.42,37130,1347469104.0,1.69,0.81,15.83,0.3,32.75999999999999
2017-02-23,600519,1954.29,1957.96,1976.95,1948.21,23328,844123200.0,1.47,-0.05,-0.96,0.19,28.74000000000001
2017-02-24,600519,1959.47,1962.58,1963.94,1949.67,17693,639123200.0,0.73,0.24,4.62,0.14,14.269999999999982
2017-02-27,600519,1961.93,1935.35,1963.74,1933.34,25400,912927184.0,1.55,-1.39,-27.23,0.2,30.40000000000009
2017-02-28,600519,1934.34,1922.59,1945.4,1917.16,27474,975788672.0,1.46,-0.66,-12.76,0.22,28.24000000000001
2017-03-01,600519,1924.8,1932.38,1940.37,1924.29,21944,782349008.0,0.84,0.51,9.79,0.17,16.079999999999927
2017-03-02,600519,1932.89,1933.44,1934.34,1921.93,22104,785560416.0,0.64,0.05,1.06,0.18,12.409999999999854
2017-03-03,600519,1924.29,1932.03,1940.47,1924.29,14154,505108560.0,0.84,-0.07,-1.41,0.11,16.180000000000064
2017-03-06,600519,1937.66,1944.19,1947.11,1932.08,22819,818625872.0,0.78,0.63,12.16,0.18,15.029999999999973
2017-03-07,600519,1939.52,1985.6,1994.04,1939.52,46287,1694198544.0,2.8,2.13,41.41,0.37,54.51999999999998
2017-03-08,600519,1985.5,1986.0,1992.08,1977.05,16038,588667680.0,0.76,0.02,0.4,0.13,15.029999999999973
2017-03-09,600519,1984.59,1999.16,1999.57,1977.36,23406,860084032.0,1.12,0.66,13.16,0.19,22.210000000000036
2017-03-10,600519,1999.26,1998.91,2034.84,1991.43,40951,1524343088.0,2.17,-0.01,-0.25,0.33,43.409999999999854
2017-03-13,600519,1999.92,2007.45,2021.42,1987.26,27674,1027592800.0,1.71,0.43,8.54,0.22,34.16000000000008
2017-03-14,600519,2007.45,1997.15,2019.01,1991.33,20416,756359632.0,1.38,-0.51,-10.3,0.16,27.680000000000064
2017-03-15,600519,1997.15,2023.18,2025.54,1994.69,25155,935994832.0,1.54,1.3,26.03,0.2,30.84999999999991
2017-03-16,600519,2032.63,2023.63,2041.37,2013.74,25023,938231440.0,1.37,0.02,0.45,0.2,27.62999999999988
2017-03-17,600519,2015.24,2042.28,2072.27,2015.24,34700,1315336848.0,2.82,0.92,18.65,0.28,57.02999999999997
2017-03-20,600519,2052.43,2082.12,2083.63,2044.29,31546,1209603920.0,1.93,1.95,39.84,0.25,39.340000000000146
2017-03-21,600519,2082.83,2120.31,2132.82,2082.58,48461,1901883744.0,2.41,1.83,38.19,0.39,50.24000000000024
2017-03-22,600519,2102.83,2122.67,2123.28,2075.04,45533,1775217760.0,2.28,0.11,2.36,0.36,48.24000000000024
2017-03-23,600519,2110.36,2099.11,2120.21,2083.08,34505,1345058752.0,1.75,-1.11,-23.56,0.27,37.13000000000011
2017-03-24,600519,2111.82,2084.18,2116.34,2075.04,33288,1292313392.0,1.97,-0.71,-14.93,0.26,41.30000000000018
2017-03-27,600519,2080.21,2043.99,2096.44,2041.82,53690,2054742976.0,2.62,-1.93,-40.19,0.43,54.62000000000012
2017-03-28,600519,2049.66,2051.22,2055.69,2033.13,41187,1558258560.0,1.1,0.35,7.23,0.33,22.559999999999945
2017-03-29,600519,2054.99,2068.25,2079.06,2049.41,37300,1429610960.0,1.45,0.83,17.03,0.3,29.65000000000009
2017-03-30,600519,2064.99,2080.77,2084.54,2062.98,31613,1216016528.0,1.04,0.61,12.52,0.25,21.559999999999945
2017-03-31,600519,2081.07,2081.87,2090.11,2070.92,24474,945503280.0,0.92,0.05,1.1,0.19,19.190000000000055
2017-04-05,600519,2078.35,2098.45,2125.24,2075.04,40790,1594997312.0,2.41,0.8,16.58,0.32,50.19999999999982
2017-04-06,600519,2095.19,2109.76,2115.24,2083.23,28857,1125204240.0,1.53,0.54,11.31,0.23,32.00999999999976
2017-04-07,600519,2115.19,2114.58,2120.26,2098.15,24097,945589200.0,1.05,0.23,4.82,0.19,22.110000000000127
2017-04-10,600519,2120.26,2096.14,2120.26,2090.11,28869,1126296272.0,1.43,-0.87,-18.44,0.23,30.15000000000009
2017-04-11,600519,2090.36,2076.5,2103.68,2052.93,43531,1679537552.0,2.42,-0.94,-19.64,0.35,50.75
2017-04-12,600519,2076.5,2101.32,2105.19,2074.03,27003,1049245584.0,1.5,1.2,24.82,0.21,31.159999999999854
2017-04-13,600519,2104.08,2142.32,2143.33,2102.72,45648,1805008864.0,1.93,1.95,41.0,0.36,40.61000000000013
2017-04-14,600519,2147.55,2127.55,2149.81,2125.29,23647,938378992.0,1.14,-0.69,-14.77,0.19,24.519999999999982
2017-04-17,600519,2105.19,2129.26,2141.77,2092.88,28794,1136763712.0,2.3,0.08,1.71,0.23,48.88999999999987
2017-04-18,600519,2123.28,2173.78,2183.32,2123.28,49581,1987661264.0,2.82,2.09,44.52,0.39,60.039999999999964
2017-04-19,600519,2165.48,2179.25,2196.14,2164.78,37550,1521983648.0,1.44,0.25,5.47,0.3,31.359999999999673
2017-04-20,600519,2181.01,2227.34,2253.07,2181.01,50458,2091241456.0,3.31,2.21,48.09,0.4,72.05999999999995
2017-04-21,600519,2225.78,2153.07,2228.8,2150.41,49333,2015062640.0,3.52,-3.33,-74.27,0.39,78.39000000000033
2017-04-24,600519,2153.53,2143.12,2175.53,2095.14,50038,1986424992.0,3.73,-0.46,-9.95,0.4,80.39000000000033
2017-04-25,600519,2174.53,2245.33,2251.76,2174.53,76193,3143136336.0,3.6,4.77,102.21,0.61,77.23000000000002
2017-04-26,600519,2245.13,2240.66,2294.52,2215.78,56624,2384125120.0,3.51,-0.21,-4.67,0.45,78.73999999999978
2017-04-27,600519,2228.45,2258.14,2260.8,2202.82,28241,1180494896.0,2.59,0.78,17.48,0.22,57.98000000000002
2017-04-28,600519,2260.91,2218.14,2265.98,2200.16,49506,2052093808.0,2.91,-1.77,-40.0,0.39,65.82000000000016
2017-05-02,600519,2208.7,2211.11,2225.78,2196.54,23292,960137248.0,1.32,-0.32,-7.03,0.19,29.240000000000236
2017-05-03,600519,2205.68,2238.9,2239.15,2205.68,20268,842560352.0,1.51,1.26,27.79,0.16,33.470000000000255
2017-05-04,600519,2223.92,2230.81,2243.27,2223.92,26709,1111200112.0,0.86,-0.36,-8.09,0.21,19.34999999999991
2017-05-05,600519,2231.81,2231.76,2264.87,2226.28,37437,1566063424.0,1.73,0.04,0.95,0.3,38.58999999999969
2017-05-08,600519,2231.71,2177.95,2235.83,2174.13,40722,1671035536.0,2.76,-2.41,-53.81,0.32,61.69999999999982
2017-05-09,600519,2172.72,2194.43,2200.06,2140.36,52802,2126236512.0,2.74,0.76,16.48,0.42,59.69999999999982
2017-05-10,600519,2192.62,2201.11,2222.97,2185.68,26039,1070652720.0,1.7,0.3,6.68,0.21,37.289999999999964
2017-05-11,600519,2192.62,2211.51,2224.27,2183.12,30468,1254053008.0,1.87,0.47,10.4,0.24,41.15000000000009
2017-05-12,600519,2218.7,2218.09,2227.29,2200.71,22337,921621376.0,1.2,0.3,6.58,0.18,26.579999999999927
2017-05-15,600519,2216.34,2248.64,2252.66,2216.34,33447,1398908208.0,1.64,1.38,30.55,0.27,36.31999999999971
2017-05-16,600519,2248.9,2301.76,2307.28,2242.16,50165,2145037952.0,2.9,2.36,53.12,0.4,65.12000000000035
2017-05-17,600519,2296.13,2284.07,2302.11,2275.43,27515,1174696176.0,1.16,-0.77,-17.69,0.22,26.68000000000029
2017-05-18,600519,2276.28,2298.84,2304.67,2276.08,24301,1040535488.0,1.25,0.65,14.77,0.19,28.590000000000146
2017-05-19,600519,2298.99,2355.52,2360.45,2298.99,38311,1672948416.0,2.67,2.47,56.68,0.3,61.460000000000036
2017-05-22,600519,2346.58,2360.35,2381.6,2332.31,35321,1560087952.0,2.09,0.21,4.83,0.28,49.289999999999964
2017-05-23,600519,2362.71,2422.75,2424.11,2362.71,48454,2178738032.0,2.6,2.64,62.4,0.39,61.40000000000009
2017-05-24,600519,2416.22,2403.26,2434.21,2381.55,40226,1812513088.0,2.17,-0.8,-19.49,0.32,52.659999999999854
2017-05-25,600519,2395.17,2404.66,2416.52,2389.09,28898,1299628592.0,1.14,0.06,1.4,0.23,27.429999999999836
2017-05-26,600519,2405.77,2411.3,2429.79,2391.6,27387,1237323136.0,1.59,0.28,6.64,0.22,38.190000000000055
2017-05-31,600519,2401.65,2366.17,2404.16,2351.95,44312,1968887168.0,2.17,-1.87,-45.13,0.35,52.210000000000036
2017-06-01,600519,2363.96,2398.03,2401.4,2356.48,40605,1808305712.0,1.9,1.35,31.86,0.32,44.92000000000007
2017-06-02,600519,2401.65,2388.13,2406.42,2379.54,21785,974893312.0,1.12,-0.41,-9.9,0.17,26.88000000000011
2017-06-05,600519,2391.8,2373.56,2396.62,2363.21,19241,854876928.0,1.4,-0.61,-14.57,0.15,33.409999999999854
2017-06-06,600519,2376.38,2395.72,2396.62,2372.51,20402,912438704.0,1.02,0.93,22.16,0.16,24.109999999999673
2017-06-07,600519,2397.23,2448.73,2451.9,2397.23,38834,1774212480.0,2.28,2.21,53.01,0.31,54.67000000000007
2017-06-08,600519,2458.53,2473.55,2474.01,2444.36,28951,1338443408.0,1.21,1.01,24.82,0.23,29.65000000000009
2017-06-09,600519,2473.2,2480.74,2506.17,2466.97,31431,1467836832.0,1.58,0.29,7.19,0.25,39.20000000000027
2017-06-12,600519,2487.07,2516.62,2529.48,2477.02,35109,1654502000.0,2.11,1.45,35.88,0.28,52.460000000000036
2017-06-13,600519,2517.47,2517.42,2524.76,2487.07,24238,1141536368.0,1.5,0.03,0.8,0.19,37.690000000000055
2017-06-14,600519,2516.16,2524.2,2539.83,2504.56,33769,1600846624.0,1.4,0.27,6.78,0.27,35.26999999999998
2017-06-15,600519,2527.27,2473.5,2529.68,2472.0,50203,2347172384.0,2.29,-2.01,-50.7,0.4,57.679999999999836
2017-06-16,600519,2459.43,2465.11,2489.53,2458.23,33332,1544955952.0,1.27,-0.34,-8.39,0.27,31.300000000000182
2017-06-19,600519,2461.75,2503.0,2504.11,2461.75,38537,1803585248.0,1.72,1.54,37.89,0.31,42.36000000000013
2017-06-20,600519,2517.22,2483.55,2526.67,2480.34,34505,1614858144.0,1.85,-0.78,-19.45,0.27,46.32999999999993
2017-06-21,600519,2499.88,2515.76,2517.22,2482.2,42039,1974672848.0,1.41,1.3,32.21,0.33,35.01999999999998
2017-06-22,600519,2517.32,2515.96,2541.99,2508.18,38242,1815684368.0,1.34,0.01,0.2,0.3,33.809999999999945
2017-06-23,600519,2516.52,2515.86,2526.67,2493.75,31304,1473803776.0,1.31,0.0,-0.1,0.25,32.92000000000007
2017-06-26,600519,2517.27,2575.91,2577.52,2512.2,52933,2536430496.0,2.6,2.39,60.05,0.42,65.32000000000016
2017-06-27,600519,2566.56,2573.0,2577.52,2556.66,27981,1350476768.0,0.81,-0.11,-2.91,0.22,20.860000000000127
2017-06-28,600519,2572.94,2528.78,2572.94,2517.22,37729,1799676816.0,2.17,-1.72,-44.22,0.3,55.720000000000255
2017-06-29,600519,2533.8,2517.27,2539.08,2502.15,35093,1657994400.0,1.46,-0.46,-11.51,0.28,36.929999999999836
2017-06-30,600519,2509.73,2511.44,2523.05,2491.09,22427,1056424784.0,1.27,-0.23,-5.83,0.18,31.960000000000036
2017-07-03,600519,2523.25,2453.76,2523.25,2441.35,49629,2298656464.0,3.26,-2.3,-57.68,0.4,81.90000000000009
2017-07-04,600519,2446.67,2411.3,2451.9,2396.62,56489,2563886384.0,2.25,-1.73,-42.46,0.45,55.2800000000002
2017-07-05,600519,2416.77,2452.55,2453.56,2416.77,37540,1718844528.0,1.53,1.71,41.25,0.3,36.789999999999964
2017-07-06,600519,2442.4,2431.7,2452.9,2404.66,42044,1913037504.0,1.97,-0.85,-20.85,0.33,48.24000000000024
2017-07-07,600519,2441.03,2415.5,2441.28,2391.53,37796,1681450720.0,2.05,-0.67,-16.2,0.3,49.75
2017-07-10,600519,2420.08,2458.21,2460.37,2400.43,36624,1648443664.0,2.48,1.77,42.71,0.29,59.940000000000055
2017-07-11,600519,2458.36,2501.73,2509.01,2455.85,44602,2054854496.0,2.16,1.77,43.52,0.36,53.16000000000031
2017-07-12,600519,2515.14,2473.29,2516.1,2460.88,28951,1330327920.0,2.21,-1.14,-28.44,0.23,55.2199999999998
2017-07-13,600519,2462.64,2466.71,2495.6,2454.24,25951,1183440448.0,1.67,-0.27,-6.58,0.21,41.36000000000013
2017-07-14,600519,2467.16,2467.96,2479.77,2451.08,17727,806510272.0,1.16,0.05,1.25,0.14,28.690000000000055
2017-07-17,600519,2471.13,2436.1,2476.15,2417.06,35264,1595292992.0,2.39,-1.29,-31.86,0.28,59.090000000000146
2017-07-18,600519,2445.75,2448.57,2455.8,2425.7,30684,1384468256.0,1.24,0.51,12.47,0.24,30.100000000000364
2017-07-19,600519,2455.85,2470.22,2504.19,2449.82,56260,2574934656.0,2.22,0.88,21.65,0.45,54.36999999999989
2017-07-20,600519,2465.2,2518.51,2520.62,2465.2,46635,2160731536.0,2.24,1.95,48.29,0.37,55.42000000000007
2017-07-21,600519,2520.97,2552.33,2561.42,2504.39,46792,2207195744.0,2.26,1.34,33.82,0.37,57.0300000000002
2017-07-24,600519,2560.77,2575.44,2613.38,2560.77,42716,2052709808.0,2.06,0.91,23.11,0.34,52.61000000000013
2017-07-25,600519,2597.55,2576.25,2600.57,2566.9,21930,1051446096.0,1.31,0.03,0.81,0.17,33.67000000000007
2017-07-26,600519,2576.7,2544.44,2594.69,2518.96,31470,1487729152.0,2.94,-1.23,-31.81,0.25,75.73000000000002
2017-07-27,600519,2544.44,2555.69,2565.64,2541.78,19595,928077232.0,0.94,0.44,11.25,0.16,23.859999999999673
2017-07-28,600519,2541.27,2606.19,2606.95,2524.74,46619,2235811536.0,3.22,1.98,50.5,0.37,82.21000000000004
2017-07-31,600519,2606.6,2592.63,2626.49,2591.52,38412,1861154800.0,1.34,-0.52,-13.56,0.31,34.9699999999998
2017-08-01,600519,2591.52,2587.7,2601.57,2573.43,27502,1318453664.0,1.09,-0.19,-4.93,0.22,28.140000000000327
2017-08-02,600519,2586.7,2600.77,2611.02,2579.01,26774,1289564016.0,1.24,0.51,13.07,0.21,32.00999999999976
2017-08-03,600519,2604.99,2572.53,2620.92,2564.54,31768,1522998144.0,2.17,-1.09,-28.24,0.25,56.38000000000011
2017-08-04,600519,2571.42,2554.54,2581.37,2549.31,18681,887074160.0,1.25,-0.7,-17.99,0.15,32.059999999999945
2017-08-07,600519,2548.81,2594.34,2598.56,2541.93,23099,1104715344.0,2.22,1.56,39.8,0.18,56.63000000000011
2017-08-08,600519,2596.55,2599.46,2607.7,2583.98,16052,773408192.0,0.91,0.2,5.12,0.13,23.7199999999998
2017-08-09,600519,2610.82,2641.02,2651.72,2596.7,41794,2045888048.0,2.12,1.6,41.56,0.33,55.01999999999998
2017-08-10,600519,2642.22,2644.94,2684.98,2631.72,35364,1747693648.0,2.02,0.15,3.92,0.28,53.26000000000022
2017-08-11,600519,2631.72,2606.9,2669.66,2603.98,36573,1785149168.0,2.48,-1.44,-38.04,0.29,65.67999999999984
2017-08-14,600519,2612.68,2686.14,2687.5,2612.68,39331,1952353920.0,2.87,3.04,79.24,0.31,74.82000000000016
2017-08-15,600519,2687.55,2666.74,2692.52,2661.92,27163,1350104672.0,1.14,-0.72,-19.4,0.22,30.59999999999991
2017-08-16,600519,2676.94,2669.36,2680.96,2651.82,18587,921412992.0,1.09,0.1,2.62,0.15,29.139999999999873
2017-08-17,600519,2674.93,2650.26,2674.93,2635.74,25847,1272341264.0,1.47,-0.72,-19.1,0.21,39.190000000000055
2017-08-18,600519,2650.81,2634.99,2659.05,2626.7,23858,1169732672.0,1.22,-0.58,-15.27,0.19,32.350000000000364
2017-08-21,600519,2626.7,2635.39,2658.85,2621.37,23547,1153168720.0,1.42,0.02,0.4,0.19,37.48000000000002
2017-08-22,600519,2623.68,2622.78,2634.13,2566.4,42457,2051271360.0,2.57,-0.48,-12.61,0.34,67.73000000000002
2017-08-23,600519,2613.88,2656.89,2660.01,2608.2,27215,1337347648.0,1.98,1.3,34.11,0.22,51.8100000000004
2017-08-24,600519,2656.79,2650.86,2668.9,2646.89,18157,896861680.0,0.83,-0.23,-6.03,0.14,22.01000000000022
2017-08-25,600519,2654.08,2651.77,2658.1,2633.33,17298,850598720.0,0.93,0.03,0.91,0.14,24.769999999999982
2017-08-28,600519,2651.82,2647.0,2673.38,2641.92,29021,1432545552.0,1.19,-0.18,-4.77,0.23,31.460000000000036
2017-08-29,600519,2651.92,2633.93,2661.27,2626.75,25177,1234431712.0,1.3,-0.49,-13.07,0.2,34.51999999999998
2017-08-30,600519,2635.24,2651.67,2655.59,2632.52,18504,910133936.0,0.88,0.67,17.74,0.15,23.070000000000164
2017-08-31,600519,2657.04,2642.52,2661.27,2635.74,18737,921659712.0,0.96,-0.35,-9.15,0.15,25.5300000000002
2017-09-01,600519,2637.75,2662.77,2668.3,2636.9,31451,1554634576.0,1.19,0.77,20.25,0.25,31.40000000000009
2017-09-04,600519,2662.77,2648.9,2670.21,2643.13,18932,932954816.0,1.02,-0.52,-13.87,0.15,27.079999999999927
2017-09-05,600519,2651.22,2636.69,2656.79,2634.23,22622,1112006400.0,0.85,-0.46,-12.21,0.18,22.559999999999945
2017-09-06,600519,2636.74,2611.52,2650.66,2610.82,33007,1608066096.0,1.51,-0.95,-25.17,0.26,39.83999999999969
2017-09-07,600519,2613.18,2592.88,2621.17,2586.8,33320,1605408576.0,1.32,-0.71,-18.64,0.27,34.36999999999989
2017-09-08,600519,2577.7,2558.21,2589.01,2556.35,41173,1962989424.0,1.26,-1.34,-34.67,0.33,32.66000000000031
2017-09-11,600519,2541.73,2578.06,2597.65,2536.15,45374,2161657248.0,2.4,0.78,19.85,0.36,61.5
2017-09-12,600519,2583.98,2611.17,2616.65,2578.46,34342,1661294224.0,1.48,1.28,33.11,0.27,38.190000000000055
2017-09-13,600519,2611.62,2644.94,2647.8,2593.43,33076,1618956528.0,2.08,1.29,33.77,0.26,54.370000000000346
2017-09-14,600519,2651.77,2640.31,2656.99,2631.67,19399,953145168.0,0.96,-0.18,-4.63,0.15,25.31999999999971
2017-09-15,600519,2649.31,2635.94,2649.31,2626.7,16039,786562208.0,0.86,-0.17,-4.37,0.13,22.610000000000127
2017-09-18,600519,2637.45,2681.82,2689.5,2637.45,42207,2101680384.0,1.97,1.74,45.88,0.34,52.05000000000018
2017-09-19,600519,2688.5,2671.67,2699.55,2666.94,23055,1151152848.0,1.22,-0.38,-10.15,0.18,32.61000000000013
2017-09-20,600519,2671.42,2667.9,2687.09,2666.89,17318,862024944.0,0.76,-0.14,-3.77,0.14,20.200000000000273
2017-09-21,600519,2666.59,2680.81,2689.91,2651.22,19403,963615280.0,1.45,0.48,12.91,0.15,38.690000000000055
2017-09-22,600519,2671.42,2686.64,2687.9,2665.89,16344,815718864.0,0.82,0.22,5.83,0.13,22.01000000000022
2017-09-25,600519,2688.55,2723.37,2728.2,2688.5,32698,1649582912.0,1.48,1.37,36.73,0.26,39.69999999999982
2017-09-26,600519,2720.61,2733.67,2737.24,2705.08,25470,1292872640.0,1.18,0.38,10.3,0.2,32.159999999999854
2017-09-27,600519,2731.81,2728.25,2742.42,2717.49,16671,847627360.0,0.91,-0.2,-5.42,0.13,24.93000000000029
2017-09-28,600519,2723.17,2779.75,2788.49,2722.92,25970,1340236080.0,2.4,1.89,51.5,0.21,65.56999999999971
2017-09-29,600519,2767.39,2775.63,2817.03,2764.88,22436,1166403120.0,1.88,-0.15,-4.12,0.18,52.15000000000009
2017-10-09,600519,2810.3,2826.53,2865.62,2787.99,34891,1844481600.0,2.8,1.83,50.9,0.28,77.63000000000011
2017-10-10,600519,2822.91,2888.29,2890.45,2822.71,31006,1662690448.0,2.4,2.19,61.76,0.25,67.73999999999978
2017-10-11,600519,2878.44,2915.82,2944.51,2878.44,33406,1824898704.0,2.29,0.95,27.53,0.27,66.07000000000016
2017-10-12,600519,2913.11,2908.54,2925.67,2888.89,19646,1067464512.0,1.26,-0.25,-7.28,0.16,36.7800000000002
2017-10-13,600519,2913.11,2969.13,2971.4,2898.08,27858,1534212912.0,2.52,2.08,60.59,0.22,73.32000000000016
2017-10-16,600519,2988.43,2991.95,3021.95,2967.73,29909,1676810000.0,1.83,0.77,22.82,0.24,54.2199999999998
2017-10-17,600519,2993.35,2972.05,2993.35,2958.33,20977,1168943280.0,1.17,-0.67,-19.9,0.17,35.01999999999998
2017-10-18,600519,2959.34,2992.1,3001.49,2959.34,19179,1072237536.0,1.42,0.67,20.05,0.15,42.149999999999636
2017-10-19,600519,2993.5,3102.04,3114.85,2992.1,40659,2338901856.0,4.1,3.67,109.94,0.32,122.75
2017-10-20,600519,3094.0,3060.49,3094.0,3047.57,31534,1812957248.0,1.5,-1.34,-41.55,0.25,46.429999999999836
2017-10-23,600519,3063.45,3055.86,3091.49,3028.68,23772,1362900416.0,2.05,-0.15,-4.63,0.19,62.809999999999945
2017-10-24,600519,3048.78,3025.31,3057.82,3006.62,31274,1775645968.0,1.68,-1.0,-30.55,0.25,51.20000000000027
2017-10-25,600519,3037.47,3016.97,3047.17,2998.83,25076,1418395216.0,1.6,-0.28,-8.34,0.2,48.340000000000146
2017-10-26,600519,3214.6,3215.05,3254.79,3148.82,115435,6957625344.0,3.51,6.57,198.08,0.92,105.9699999999998
2017-10-27,600519,3200.07,3438.85,3465.84,3189.62,84384,5284485888.0,8.59,6.96,223.8,0.67,276.22000000000025
2017-10-30,600519,3405.79,3300.42,3410.56,3294.99,81008,5099041792.0,3.36,-4.03,-138.43,0.64,115.57000000000016
2017-10-31,600519,3300.07,3280.07,3328.16,3249.17,51876,3206280608.0,2.39,-0.62,-20.35,0.41,78.98999999999978
2017-11-01,600519,3294.39,3305.09,3347.95,3286.05,43435,2712016944.0,1.89,0.76,25.02,0.35,61.899999999999636
2017-11-02,600519,3324.89,3324.74,3339.11,3294.99,34250,2144671936.0,1.33,0.59,19.65,0.27,44.120000000000346
2017-11-03,600519,3333.43,3386.29,3407.75,3333.43,48189,3075651168.0,2.24,1.85,61.55,0.38,74.32000000000016
2017-11-06,600519,3398.0,3456.09,3479.0,3391.47,48514,3153638704.0,2.58,2.06,69.8,0.39,87.5300000000002
2017-11-07,600519,3443.63,3400.86,3476.64,3381.32,55565,3592238400.0,2.76,-1.6,-55.23,0.44,95.31999999999971
2017-11-08,600519,3402.17,3442.62,3463.32,3402.17,43952,2855374064.0,1.8,1.23,41.76,0.35,61.15000000000009
2017-11-09,600519,3430.66,3441.06,3461.56,3413.63,33641,2183815392.0,1.39,-0.05,-1.56,0.27,47.929999999999836
2017-11-10,600519,3442.87,3581.15,3608.54,3442.87,74079,4967970816.0,4.81,4.07,140.09,0.59,165.67000000000007
2017-11-13,600519,3591.46,3631.05,3655.67,3570.35,49870,3402794000.0,2.38,1.39,49.9,0.4,85.32000000000016
2017-11-14,600519,3627.33,3585.17,3627.73,3578.14,46367,3159112672.0,1.37,-1.26,-45.88,0.37,49.590000000000146
2017-11-15,600519,3585.17,3632.06,3641.65,3561.31,45036,3074244080.0,2.24,1.31,46.89,0.36,80.34000000000015
2017-11-16,600519,3621.65,3787.97,3792.25,3621.65,60716,4299283200.0,4.7,4.29,155.91,0.48,170.5999999999999
2017-11-17,600519,3671.85,3642.96,3737.17,3580.25,123861,8548748032.0,4.14,-3.83,-145.01,0.99,156.92000000000007
2017-11-20,600519,3575.38,3587.18,3619.59,3490.96,88306,5954131968.0,3.53,-1.53,-55.78,0.7,128.6300000000001
2017-11-21,600519,3536.18,3577.64,3635.67,3501.11,96017,6491134464.0,3.75,-0.27,-9.54,0.76,134.55999999999995
2017-11-22,600519,3576.38,3443.32,3631.65,3440.71,128498,8528143360.0,5.34,-3.75,-134.32,1.02,190.94000000000005
2017-11-23,600519,3400.51,3358.96,3420.61,3341.32,109599,6984097536.0,2.3,-2.45,-84.36,0.87,79.28999999999996
2017-11-24,600519,3369.86,3340.42,3403.03,3301.17,76542,4835809024.0,3.03,-0.55,-18.54,0.61,101.86000000000013
2017-11-27,600519,3360.31,3296.45,3372.02,3254.84,63548,3975262032.0,3.51,-1.32,-43.97,0.51,117.17999999999984
2017-11-28,600519,3315.39,3431.82,3435.08,3310.07,70292,4491543552.0,3.79,4.11,135.37,0.56,125.00999999999976
2017-11-29,600519,3440.41,3381.02,3450.61,3360.36,46764,3005733408.0,2.63,-1.48,-50.8,0.37,90.25
2017-11-30,600519,3367.9,3345.24,3433.07,3320.12,38020,2419959856.0,3.34,-1.06,-35.78,0.3,112.95000000000027
2017-12-01,600519,3380.46,3301.78,3385.39,3290.62,47193,2959772016.0,2.83,-1.3,-43.46,0.38,94.76999999999998
2017-12-04,600519,3309.82,3379.36,3411.07,3273.49,54268,3436687376.0,4.17,2.35,77.58,0.43,137.58000000000038
2017-12-05,600519,3360.31,3355.09,3427.65,3340.87,47466,3026076464.0,2.57,-0.72,-24.27,0.38,86.7800000000002
2017-12-06,600519,3347.75,3315.14,3411.07,3289.97,58174,3657236576.0,3.61,-1.19,-39.95,0.46,121.10000000000036
2017-12-07,600519,3314.84,3273.34,3315.04,3266.15,51033,3155212016.0,1.47,-1.26,-41.8,0.41,48.88999999999987
2017-12-08,600519,3266.95,3326.55,3334.44,3266.95,45503,2842464432.0,2.06,1.63,53.21,0.36,67.49000000000024
2017-12-11,600519,3345.24,3445.69,3450.51,3345.24,72849,4702239232.0,3.16,3.58,119.14,0.58,105.27000000000044
2017-12-12,600519,3484.43,3447.34,3484.78,3445.84,47889,3138650304.0,1.13,0.05,1.65,0.38,38.940000000000055
2017-12-13,600519,3465.79,3532.21,3541.21,3444.33,48502,3197982048.0,2.81,2.46,84.87,0.39,96.88000000000011
2017-12-14,600519,3541.11,3513.82,3547.74,3493.47,31968,2126665888.0,1.54,-0.52,-18.39,0.25,54.26999999999998
2017-12-15,600519,3511.06,3459.76,3530.91,3444.63,32256,2126579408.0,2.46,-1.54,-54.06,0.26,86.27999999999975
2017-12-18,600519,3490.96,3519.95,3540.2,3483.82,39162,2599749872.0,1.63,1.74,60.19,0.31,56.379999999999654
2017-12-19,600519,3506.03,3526.59,3553.47,3495.98,44072,2944470864.0,1.63,0.19,6.64,0.35,57.48999999999978
2017-12-20,600519,3540.7,3616.13,3625.93,3511.21,63601,4321305856.0,3.25,2.54,89.54,0.51,114.7199999999998
2017-12-21,600519,3606.53,3600.2,3628.74,3568.84,46680,3178595840.0,1.66,-0.44,-15.93,0.37,59.899999999999636
2017-12-22,600519,3591.46,3606.13,3621.1,3576.43,28317,1930315472.0,1.24,0.16,5.93,0.23,44.67000000000007
2017-12-25,600519,3621.6,3632.26,3673.36,3610.15,36214,2497653984.0,1.75,0.72,26.13,0.29,63.210000000000036
2017-12-26,600519,3632.56,3595.53,3656.73,3573.87,31868,2174103280.0,2.28,-1.01,-36.73,0.25,82.86000000000013
2017-12-27,600519,3615.88,3511.96,3615.88,3503.52,37722,2539720704.0,3.12,-2.32,-83.57,0.3,112.36000000000013
2017-12-28,600519,3626.63,3785.86,3791.94,3547.84,124141,8656875776.0,6.95,7.8,273.9,0.99,244.0999999999999
2017-12-29,600519,3782.4,3679.34,3825.11,3649.74,76039,5372514560.0,4.63,-2.81,-106.52,0.61,175.37000000000035
2018-01-02,600519,3691.95,3711.3,3743.0,3641.15,49612,3482407648.0,2.77,0.87,31.96,0.39,101.84999999999991
2018-01-03,600519,3699.49,3771.64,3799.48,3690.64,52019,3713523696.0,2.93,1.63,60.34,0.41,108.84000000000015
2018-01-04,600519,3799.48,3878.22,3910.53,3789.08,72205,5309890304.0,3.22,2.83,106.58,0.57,121.45000000000027
2018-01-05,600519,3897.97,3884.7,3923.24,3833.75,39989,2946493008.0,2.31,0.17,6.48,0.32,89.48999999999978
2018-01-08,600519,3867.92,3953.89,3975.85,3867.92,52205,3899951728.0,2.78,1.78,69.19,0.42,107.92999999999984
2018-01-09,600519,3954.3,4106.6,4109.01,3954.3,64592,5001164544.0,3.91,3.86,152.71,0.51,154.71000000000004
2018-01-10,600519,4119.06,4122.63,4138.55,4061.17,47714,3731993152.0,1.88,0.39,16.03,0.38,77.38000000000011
2018-01-11,600519,4129.11,4067.86,4134.13,4053.74,50656,3942075856.0,1.95,-1.33,-54.77,0.4,80.39000000000033
2018-01-12,600519,4062.63,4136.24,4138.15,4028.71,45988,3577281776.0,2.69,1.68,68.38,0.37,109.4399999999996
2018-01-15,600519,4161.57,4120.92,4189.71,4089.01,52473,4136645488.0,2.43,-0.37,-15.32,0.42,100.69999999999982
2018-01-16,600519,4096.35,4058.46,4137.2,4033.64,65428,5084966144.0,2.51,-1.52,-62.46,0.52,103.55999999999995
2018-01-17,600519,4043.69,3932.79,4063.79,3885.46,90710,6835580416.0,4.39,-3.1,-125.67,0.72,178.32999999999993
2018-01-18,600519,3932.79,3946.91,4018.56,3913.49,58979,4443031296.0,2.67,0.36,14.12,0.47,105.07000000000016
2018-01-19,600519,3957.76,3944.1,3987.91,3888.02,50926,3818021984.0,2.53,-0.07,-2.81,0.41,99.88999999999987
2018-01-22,600519,3952.29,4061.98,4063.79,3952.29,67127,5129674752.0,2.83,2.99,117.88,0.53,111.5
2018-01-23,600519,4082.93,4062.68,4093.93,4036.65,49549,3836387696.0,1.41,0.02,0.7,0.39,57.279999999999745
2018-01-24,600519,4076.05,4015.85,4076.15,3986.4,43299,3311348768.0,2.21,-1.15,-46.83,0.34,89.75
2018-01-25,600519,3998.46,4039.47,4073.84,3948.22,50041,3821875040.0,3.13,0.59,23.62,0.4,125.62000000000035
2018-01-26,600519,4029.82,4079.97,4080.87,4013.54,43978,3389953776.0,1.67,1.0,40.5,0.35,67.32999999999993
2018-01-29,600519,4087.7,3874.45,4092.28,3867.82,74536,5637041920.0,5.5,-5.04,-205.52,0.59,224.46000000000004
2018-01-30,600519,3872.84,3903.39,3937.01,3842.8,51911,3852705104.0,2.43,0.75,28.94,0.41,94.21000000000004
2018-01-31,600519,3887.92,4016.25,4052.28,3887.92,60402,4601994752.0,4.21,2.89,112.86,0.48,164.36000000000013
2018-02-01,600519,4028.61,3982.03,4030.12,3957.86,50583,3846421616.0,1.8,-0.85,-34.22,0.4,72.25999999999976
2018-02-02,600519,3954.35,3894.95,3959.42,3817.57,75421,5583742720.0,3.56,-2.19,-87.08,0.6,141.8499999999999
2018-02-05,600519,3828.73,3783.55,3842.49,3720.09,98996,7104095744.0,3.14,-2.86,-111.4,0.79,122.39999999999964
2018-02-06,600519,3707.03,3736.47,3805.51,3707.03,88169,6270888704.0,2.6,-1.24,-47.08,0.7,98.48000000000002
2018-02-07,600519,3792.45,3608.69,3811.94,3601.55,88290,6231141120.0,5.63,-3.42,-127.78,0.7,210.38999999999987
2018-02-08,600519,3602.51,3696.93,3782.4,3602.51,83409,5860233472.0,4.98,2.45,88.24,0.66,179.88999999999987
2018-02-09,600519,3591.46,3608.69,3641.15,3480.91,105578,7160206336.0,4.33,-2.39,-88.24,0.84,160.24000000000024
2018-02-12,600519,3646.73,3679.29,3719.59,3617.58,64180,4466343168.0,2.83,1.96,70.6,0.51,102.01000000000022
2018-02-13,600519,3717.18,3752.15,3766.42,3714.56,53389,3793782384.0,1.41,1.98,72.86,0.43,51.86000000000013
2018-02-14,600519,3792.45,3784.66,3792.45,3753.35,30653,2198728704.0,1.04,0.87,32.51,0.24,39.09999999999991
2018-02-22,600519,3829.13,3905.25,3913.04,3808.73,50765,3717469264.0,2.76,3.19,120.59,0.4,104.30999999999995
2018-02-23,600519,3928.12,3905.4,3976.15,3877.87,38159,2844936752.0,2.52,0.0,0.15,0.3,98.2800000000002
2018-02-26,600519,3927.51,3910.58,3953.49,3857.87,43658,3243216352.0,2.45,0.13,5.18,0.35,95.61999999999989
2018-02-27,600519,3938.17,3882.79,3973.34,3878.97,42602,3181778848.0,2.41,-0.71,-27.79,0.34,94.37000000000035
2018-02-28,600519,3852.74,3820.69,3904.5,3787.42,48331,3522004688.0,3.02,-1.6,-62.1,0.38,117.07999999999993
2018-03-01,600519,3832.65,3902.84,3927.36,3811.39,44795,3303604160.0,3.04,2.15,82.15,0.36,115.97000000000025
2018-03-02,600519,3882.89,3874.9,3910.83,3842.69,25992,1912613824.0,1.75,-0.72,-27.94,0.21,68.13999999999987
2018-03-05,600519,3883.8,3793.0,3902.99,3777.52,37235,2703926960.0,3.24,-2.11,-81.9,0.3,125.4699999999998
2018-03-06,600519,3817.57,3783.7,3830.64,3677.53,64570,4581658624.0,4.04,-0.25,-9.3,0.51,153.10999999999967
2018-03-07,600519,3767.32,3742.4,3812.55,3737.12,34596,2480929040.0,1.99,-1.09,-41.3,0.28,75.43000000000029
2018-03-08,600519,3762.3,3806.32,3812.55,3732.15,35349,2540452000.0,2.15,1.71,63.92,0.28,80.40000000000009
2018-03-09,600519,3830.38,3833.65,3855.61,3810.03,30171,2199081680.0,1.2,0.72,27.33,0.24,45.57999999999993
2018-03-12,600519,3840.43,3812.29,3862.39,3806.37,39888,2900950560.0,1.46,-0.56,-21.36,0.32,56.01999999999998
2018-03-13,600519,3807.52,3743.96,3825.61,3742.2,38577,2764426992.0,2.19,-1.79,-68.33,0.31,83.41000000000031
2018-03-14,600519,3740.54,3827.02,3833.05,3728.23,37356,2683830112.0,2.8,2.22,83.06,0.3,104.82000000000016
2018-03-15,600519,3832.75,3925.45,3928.12,3832.75,56149,4161645760.0,2.49,2.57,98.43,0.45,95.36999999999989
2018-03-16,600519,3931.13,3892.19,3963.19,3887.31,35856,2676682528.0,1.93,-0.85,-33.26,0.29,75.88000000000011
2018-03-19,600519,3912.89,3960.68,3963.24,3887.92,38667,2897348544.0,1.94,1.76,68.49,0.31,75.31999999999971
2018-03-20,600519,3943.19,3931.78,3953.24,3892.94,28877,2154897792.0,1.52,-0.73,-28.9,0.23,60.29999999999973
2018-03-21,600519,3943.74,3902.99,3958.82,3892.94,26743,1996584256.0,1.68,-0.73,-28.79,0.21,65.88000000000011
2018-03-22,600519,3913.04,3823.0,3933.14,3812.6,37487,2748721664.0,3.09,-2.05,-79.99,0.3,120.53999999999996
2018-03-23,600519,3696.98,3747.53,3809.98,3692.35,52547,3727044976.0,3.08,-1.97,-75.47,0.42,117.63000000000011
2018-03-26,600519,3732.15,3759.74,3767.62,3701.4,46256,3276880064.0,1.77,0.33,12.21,0.37,66.2199999999998
2018-03-27,600519,3807.52,3766.02,3821.99,3712.05,47548,3399900240.0,2.92,0.17,6.28,0.38,109.9399999999996
2018-03-28,600519,3691.8,3601.76,3707.03,3536.18,113540,7786098176.0,4.54,-4.36,-164.26,0.9,170.85000000000036
2018-03-29,600519,3602.51,3637.18,3681.15,3482.97,79082,5362889984.0,5.5,0.98,35.42,0.63,198.1800000000003
2018-03-30,600519,3621.6,3609.64,3659.29,3590.85,36540,2502696336.0,1.88,-0.76,-27.54,0.29,68.44000000000005
2018-04-02,600519,3591.46,3591.76,3646.73,3561.86,32039,2185060768.0,2.35,-0.5,-17.88,0.26,84.86999999999989
2018-04-03,600519,3581.41,3580.95,3626.63,3568.29,40236,2737509488.0,1.62,-0.3,-10.81,0.32,58.340000000000146
2018-04-04,600519,3601.5,3661.85,3694.11,3593.36,56891,3948712784.0,2.81,2.26,80.9,0.45,100.75
2018-04-09,600519,3677.38,3683.41,3719.24,3642.46,30833,2149178944.0,2.1,0.59,21.56,0.25,76.77999999999975
2018-04-10,600519,3716.07,3732.25,3734.66,3684.21,32043,2252069680.0,1.37,1.33,48.84,0.26,50.44999999999982
2018-04-11,600519,3742.2,3718.88,3766.22,3707.13,25723,1822237888.0,1.58,-0.36,-13.37,0.2,59.08999999999969
2018-04-12,600519,3712.05,3662.81,3726.52,3652.86,30714,2139139504.0,1.98,-1.51,-56.07,0.24,73.65999999999985
2018-04-13,600519,3684.41,3625.93,3696.98,3616.98,27550,1904051056.0,2.18,-1.01,-36.88,0.22,80.0
2018-04-16,600519,3594.37,3598.39,3625.87,3576.38,32940,2241463088.0,1.36,-0.76,-27.54,0.26,49.48999999999978
2018-04-17,600519,3616.58,3522.11,3618.49,3519.1,35173,2377407824.0,2.76,-2.12,-76.28,0.28,99.38999999999987
2018-04-18,600519,3546.23,3469.05,3546.23,3415.59,62617,4104175824.0,3.71,-1.51,-53.06,0.5,130.63999999999987
2018-04-19,600519,3490.21,3591.25,3591.46,3474.18,44208,2976468496.0,3.38,3.52,122.2,0.35,117.2800000000002
2018-04-20,600519,3596.48,3542.51,3661.8,3532.31,41512,2831559744.0,3.61,-1.36,-48.74,0.33,129.49000000000024
2018-04-23,600519,3521.16,3561.36,3593.11,3521.16,32659,2196761040.0,2.03,0.53,18.85,0.26,71.95000000000027
2018-04-24,600519,3571.36,3641.1,3659.29,3566.33,47283,3252280976.0,2.61,2.24,79.74,0.38,92.96000000000004
2018-04-25,600519,3636.68,3646.58,3651.75,3606.63,25252,1738767072.0,1.24,0.15,5.48,0.2,45.11999999999989
2018-04-26,600519,3651.75,3582.56,3653.16,3556.28,35048,2378744480.0,2.66,-1.76,-64.02,0.28,96.87999999999965
2018-04-27,600519,3617.84,3503.67,3633.46,3465.84,57915,3866680416.0,4.68,-2.2,-78.89,0.46,167.6199999999999
2018-05-02,600519,3490.96,3530.3,3536.13,3415.89,70259,4589885696.0,3.43,0.76,26.63,0.56,120.24000000000024
2018-05-03,600519,3521.11,3545.63,3559.7,3480.91,36327,2426248240.0,2.23,0.43,15.33,0.29,78.78999999999996
2018-05-04,600519,3546.13,3505.38,3565.48,3493.82,37376,2492610224.0,2.02,-1.14,-40.25,0.3,71.65999999999985
2018-05-07,600519,3490.71,3682.76,3701.4,3479.75,85591,5858519296.0,6.32,5.06,177.38,0.68,221.6500000000001
2018-05-08,600519,3682.05,3736.32,3752.9,3682.05,62498,4414037760.0,1.92,1.45,53.56,0.5,70.84999999999991
2018-05-09,600519,3737.58,3701.75,3753.76,3677.48,32331,2267880032.0,2.04,-0.93,-34.57,0.26,76.2800000000002
2018-05-10,600519,3709.54,3763.25,3772.35,3709.54,39294,2794919584.0,1.7,1.66,61.5,0.31,62.809999999999945
2018-05-11,600519,3785.86,3782.5,3845.21,3770.84,39142,2826877200.0,1.98,0.51,19.25,0.31,74.36999999999989
2018-05-14,600519,3812.55,3905.05,3908.02,3812.55,51015,3753818032.0,2.52,3.24,122.55,0.41,95.4699999999998
2018-05-15,600519,3923.09,3908.32,3925.3,3862.79,38056,2811622720.0,1.6,0.08,3.27,0.3,62.51000000000022
2018-05-16,600519,3892.94,3865.41,3921.38,3859.18,30795,2275092448.0,1.59,-1.1,-42.91,0.25,62.20000000000027
2018-05-17,600519,3868.42,3829.53,3880.38,3812.55,28518,2077476640.0,1.75,-0.93,-35.88,0.23,67.82999999999993
2018-05-18,600519,3812.5,3889.53,3897.97,3798.43,29255,2140724032.0,2.6,1.57,60.0,0.23,99.53999999999996
2018-05-21,600519,3913.04,3866.91,3929.62,3855.16,29060,2150582000.0,1.91,-0.58,-22.62,0.23,74.46000000000004
2018-05-22,600519,3868.92,3890.78,3892.14,3842.8,16999,1250693952.0,1.28,0.62,23.87,0.14,49.33999999999969
2018-05-23,600519,3892.94,3811.44,3892.94,3810.44,28269,2061375200.0,2.12,-2.04,-79.34,0.23,82.5
2018-05-24,600519,3792.45,3769.33,3835.96,3757.27,30416,2191695808.0,2.06,-1.1,-42.11,0.24,78.69000000000005
2018-05-25,600519,3752.25,3776.67,3827.62,3752.25,26511,1908701136.0,2.0,0.19,7.34,0.21,75.36999999999989
2018-05-28,600519,3782.4,3894.95,3896.26,3767.93,42805,3129960288.0,3.4,3.13,118.28,0.34,128.33000000000038
2018-05-29,600519,3886.91,3849.88,3943.19,3849.13,40820,3029700816.0,2.41,-1.16,-45.07,0.32,94.05999999999995
2018-05-30,600519,3828.73,3821.94,3879.38,3792.7,37147,2706486800.0,2.25,-0.73,-27.94,0.3,86.68000000000029
2018-05-31,600519,3843.95,3948.87,3951.33,3843.9,71853,5356222464.0,2.81,3.32,126.93,0.57,107.42999999999984
2018-06-01,600519,3948.87,3918.62,3968.21,3886.71,36178,2694415008.0,2.06,-0.77,-30.25,0.29,81.5
2018-06-04,600519,3955.0,4103.83,4108.51,3922.49,73806,5697540352.0,4.75,4.73,185.21,0.59,186.02000000000044
2018-06-05,600519,4126.6,4134.38,4167.8,4080.02,52630,4136578576.0,2.14,0.74,30.55,0.42,87.7800000000002
2018-06-06,600519,4134.13,4122.83,4199.2,4105.49,48969,3870616720.0,2.27,-0.28,-11.55,0.39,93.71000000000004
2018-06-07,600519,4144.08,4098.81,4172.07,4088.41,39168,3078137472.0,2.03,-0.58,-24.02,0.31,83.65999999999985
2018-06-08,600519,4093.93,4083.63,4123.58,4043.69,34958,2712363712.0,1.95,-0.37,-15.18,0.28,79.88999999999987
2018-06-11,600519,4074.09,4072.48,4124.08,4035.29,36548,2837404000.0,2.17,-0.27,-11.15,0.29,88.78999999999996
2018-06-12,600519,4083.88,4190.36,4212.02,4076.35,55287,4385043200.0,3.33,2.89,117.88,0.44,135.67000000000053
2018-06-13,600519,4194.43,4145.84,4207.6,4138.55,35244,2803441680.0,1.65,-1.06,-44.52,0.28,69.05000000000018
2018-06-14,600519,4144.18,4124.74,4163.28,4069.71,36160,2830514224.0,2.26,-0.51,-21.1,0.29,93.56999999999971
2018-06-15,600519,4115.03,4115.69,4142.07,4094.43,31708,2455441872.0,1.15,-0.22,-9.05,0.25,47.63999999999987
2018-06-19,600519,4093.93,3938.16,4093.93,3933.14,60196,4535664128.0,3.91,-4.31,-177.53,0.48,160.78999999999996
2018-06-20,600519,3953.24,4066.75,4073.83,3953.24,45838,3454583696.0,3.06,3.27,128.59,0.36,120.59000000000015
2018-06-21,600519,4074.94,4045.29,4143.62,4042.53,39183,3013867648.0,2.49,-0.53,-21.46,0.31,101.08999999999969
2018-06-22,600519,4018.56,4081.52,4083.88,3998.46,28855,2190055872.0,2.11,0.9,36.23,0.23,85.42000000000007
2018-06-25,600519,4078.85,4076.64,4144.03,4073.33,32934,2543272256.0,1.73,-0.12,-4.88,0.26,70.69999999999982
2018-06-26,600519,4075.39,4022.58,4098.35,3983.38,46578,3516945440.0,2.82,-1.33,-54.06,0.37,114.97000000000025
2018-06-27,600519,4008.51,3859.97,4033.63,3852.74,57298,4194739088.0,4.5,-4.04,-162.61,0.46,180.89000000000033
2018-06-28,600519,3817.57,3802.14,3842.69,3732.14,50834,3610842736.0,2.86,-1.5,-57.83,0.4,110.55000000000018
2018-06-29,600519,3809.02,3905.3,3909.52,3772.34,32929,2378884224.0,3.61,2.71,103.16,0.26,137.17999999999984
2018-07-02,600519,3920.67,3805.25,3944.84,3762.29,37558,2709882032.0,4.67,-2.56,-100.05,0.3,182.55000000000018
2018-07-03,600519,3796.26,3721.69,3826.51,3637.83,82837,5743330304.0,4.96,-2.2,-83.56,0.66,188.6800000000003
2018-07-04,600519,3707.02,3701.54,3747.22,3686.92,37991,2637494704.0,1.62,-0.54,-20.15,0.3,60.29999999999973
2018-07-05,600519,3747.22,3759.23,3828.62,3747.22,47124,3333680080.0,2.2,1.56,57.69,0.38,81.40000000000009
2018-07-06,600519,3782.39,3818.17,3852.39,3743.5,44157,3140922352.0,2.9,1.57,58.94,0.35,108.88999999999987
2018-07-09,600519,3847.87,3884.09,3897.26,3846.36,40573,2944655280.0,1.33,1.73,65.92,0.32,50.90000000000009
2018-07-10,600519,3892.94,3876.66,3905.5,3814.2,29010,2096683488.0,2.35,-0.19,-7.43,0.23,91.30000000000018
2018-07-11,600519,3797.47,3845.6,3867.81,3758.37,24278,1736875984.0,2.82,-0.8,-31.06,0.19,109.44000000000005
2018-07-12,600519,3837.66,3935.85,3954.09,3837.66,40170,2947129136.0,3.03,2.35,90.25,0.32,116.43000000000029
2018-07-13,600519,3959.77,3983.33,3988.91,3923.69,28907,2152944608.0,1.66,1.21,47.48,0.23,65.2199999999998
2018-07-16,600519,4010.02,4021.97,4069.36,4003.63,32475,2454501600.0,1.65,0.97,38.64,0.26,65.73000000000002
2018-07-17,600519,4033.63,3960.42,4033.63,3928.21,27806,2064190608.0,2.62,-1.53,-61.55,0.22,105.42000000000007
2018-07-18,600519,3960.42,3935.35,3996.9,3923.09,24522,1818760400.0,1.86,-0.63,-25.07,0.2,73.80999999999995
2018-07-19,600519,3943.19,3952.98,3968.06,3923.19,18079,1337080016.0,1.14,0.45,17.63,0.14,44.86999999999989
2018-07-20,600519,3955.75,3953.89,3963.94,3887.91,30549,2249792128.0,1.92,0.02,0.91,0.24,76.0300000000002
2018-07-23,600519,3928.11,3908.36,3953.99,3847.76,35970,2621763712.0,2.69,-1.15,-45.53,0.29,106.22999999999956
2018-07-24,600519,3911.43,3975.34,3984.89,3862.79,41809,3091209136.0,3.12,1.71,66.98,0.33,122.09999999999991
2018-07-25,600519,3983.13,3967.35,3997.86,3948.26,21744,1618737616.0,1.25,-0.2,-7.99,0.17,49.59999999999991
2018-07-26,600519,3992.93,3926.2,3992.93,3919.22,23067,1707662624.0,1.86,-1.04,-41.15,0.18,73.71000000000004
2018-07-27,600519,3928.11,3940.97,3969.82,3897.96,20914,1546655264.0,1.83,0.38,14.77,0.17,71.86000000000013
2018-07-30,600519,3942.68,3843.74,3951.53,3822.59,42172,3058614528.0,3.27,-2.47,-97.23,0.34,128.94000000000005
2018-07-31,600519,3849.22,3880.07,3887.31,3843.74,20683,1499353472.0,1.13,0.95,36.33,0.16,43.570000000000164
2018-08-01,600519,3905.0,3822.29,3909.52,3818.12,25238,1821933664.0,2.36,-1.49,-57.78,0.2,91.40000000000009
2018-08-02,600519,3827.46,3726.32,3827.46,3686.32,55001,3840134512.0,3.69,-2.51,-95.97,0.44,141.13999999999987
2018-08-03,600519,3722.09,3641.65,3722.09,3627.63,47337,3230239088.0,2.53,-2.27,-84.67,0.38,94.46000000000004
2018-08-06,600519,3631.65,3594.87,3666.82,3557.53,45248,3039091104.0,3.0,-1.28,-46.78,0.36,109.28999999999996
2018-08-07,600519,3608.03,3678.28,3686.07,3556.38,39086,2645263312.0,3.61,2.32,83.41,0.31,129.69000000000005
2018-08-08,600519,3682.0,3627.73,3691.95,3605.87,29685,2016438672.0,2.34,-1.37,-50.55,0.24,86.07999999999993
2018-08-09,600519,3601.5,3706.42,3719.58,3597.08,34486,2368461344.0,3.38,2.17,78.69,0.27,122.5
2018-08-10,600519,3706.42,3682.8,3720.94,3667.83,23818,1643993568.0,1.43,-0.64,-23.62,0.19,53.11000000000013
2018-08-13,600519,3661.8,3642.8,3661.8,3579.79,34570,2329262064.0,2.23,-1.09,-40.0,0.28,82.01000000000022
2018-08-14,600519,3642.8,3647.38,3669.33,3614.11,21697,1474124256.0,1.52,0.13,4.58,0.17,55.2199999999998
2018-08-15,600519,3645.72,3560.3,3646.72,3551.25,34997,2336994704.0,2.62,-2.39,-87.08,0.28,95.4699999999998
2018-08-16,600519,3506.03,3488.14,3588.94,3445.73,59940,3908421568.0,4.02,-2.03,-72.16,0.48,143.21000000000004
2018-08-17,600519,3533.66,3419.9,3533.66,3395.53,46575,3001465856.0,3.96,-1.96,-68.24,0.37,138.12999999999965
2018-08-20,600519,3407.79,3469.8,3473.62,3329.46,48852,3081035728.0,4.22,1.46,49.9,0.39,144.15999999999985
2018-08-21,600519,3480.9,3603.96,3608.03,3480.9,52249,3460897968.0,3.66,3.87,134.16,0.42,127.13000000000011
2018-08-22,600519,3601.5,3584.92,3612.55,3561.3,20676,1381418416.0,1.42,-0.53,-19.04,0.16,51.25
2018-08-23,600519,3605.02,3597.53,3639.19,3572.26,27357,1836880240.0,1.87,0.35,12.61,0.22,66.92999999999984
2018-08-24,600519,3591.45,3547.73,3591.45,3528.44,26090,1725516320.0,1.75,-1.38,-49.8,0.21,63.00999999999976
2018-08-27,600519,3556.28,3683.4,3683.4,3556.28,48017,3261483984.0,3.58,3.82,135.67,0.38,127.11999999999989
2018-08-28,600519,3712.05,3651.75,3715.96,3639.44,32489,2222697904.0,2.08,-0.86,-31.65,0.26,76.51999999999998
2018-08-29,600519,3656.77,3676.12,3691.34,3642.2,27404,1877474368.0,1.35,0.67,24.37,0.22,49.14000000000033
2018-08-30,600519,3687.98,3648.73,3710.04,3641.75,33788,2312993216.0,1.86,-0.75,-27.39,0.27,68.28999999999996
2018-08-31,600519,3627.88,3542.16,3631.65,3528.64,58981,3911486176.0,2.82,-2.92,-106.57,0.47,103.01000000000022
2018-09-03,600519,3506.03,3577.43,3584.77,3500.0,30180,1992654928.0,2.39,1.0,35.27,0.24,84.76999999999998
2018-09-04,600519,3580.4,3621.8,3626.62,3554.27,21540,1441658192.0,2.02,1.24,44.37,0.17,72.34999999999991
2018-09-05,600519,3621.6,3535.12,3631.6,3531.15,28983,1927600144.0,2.77,-2.39,-86.68,0.23,100.44999999999982
2018-09-06,600519,3506.03,3465.83,3542.51,3445.73,42371,2744204064.0,2.74,-1.96,-69.29,0.34,96.7800000000002
2018-09-07,600519,3473.37,3500.85,3536.33,3471.56,29240,1903829728.0,1.87,1.01,35.02,0.23,64.76999999999998
2018-09-10,600519,3507.03,3469.85,3515.12,3449.25,21202,1369296448.0,1.88,-0.89,-31.0,0.17,65.86999999999989
2018-09-11,600519,3473.72,3475.88,3500.85,3448.9,19497,1258466304.0,1.5,0.17,6.03,0.16,51.94999999999982
2018-09-12,600519,3460.81,3395.48,3470.2,3385.48,41157,2612360000.0,2.44,-2.31,-80.4,0.33,84.7199999999998
2018-09-13,600519,3435.68,3405.43,3455.78,3345.24,47713,3004019088.0,3.26,0.29,9.95,0.38,110.54000000000042
2018-09-14,600519,3415.48,3460.3,3494.87,3388.1,40900,2617626832.0,3.14,1.61,54.87,0.33,106.76999999999998
2018-09-17,600519,3470.86,3474.93,3510.85,3451.06,29113,1884188496.0,1.73,0.42,14.63,0.23,59.789999999999964
2018-09-18,600519,3460.81,3579.89,3586.43,3456.89,37859,2480477392.0,3.73,3.02,104.96,0.3,129.53999999999996
2018-09-19,600519,3579.29,3653.86,3676.87,3576.38,48222,3277470608.0,2.81,2.07,73.97,0.38,100.48999999999978
2018-09-20,600519,3672.85,3639.44,3681.39,3633.46,27519,1878075360.0,1.31,-0.39,-14.42,0.22,47.929999999999836
2018-09-21,600519,3656.77,3747.27,3747.27,3646.77,42617,2945196256.0,2.76,2.96,107.83,0.34,100.5
2018-09-25,600519,3722.09,3732.24,3776.21,3713.35,30640,2142679104.0,1.68,-0.4,-15.03,0.24,62.86000000000013
2018-09-26,600519,3757.77,3872.49,3911.43,3757.22,72288,5200776960.0,4.13,3.76,140.25,0.58,154.21000000000004
2018-09-27,600519,3885.4,3867.81,3887.91,3824.6,40509,2918965008.0,1.63,-0.12,-4.68,0.32,63.309999999999945
2018-09-28,600519,3881.38,3897.96,3914.04,3842.09,35090,2551115840.0,1.86,0.78,30.15,0.28,71.94999999999982
2018-10-08,600519,3824.65,3677.63,3842.69,3677.63,82745,5798721536.0,4.23,-5.65,-220.33,0.66,165.05999999999995
2018-10-09,600519,3681.39,3722.09,3740.74,3676.37,40223,2785526960.0,1.75,1.21,44.46,0.32,64.36999999999989
2018-10-10,600519,3733.45,3601.1,3737.17,3594.92,63098,4288785952.0,3.82,-3.25,-120.99,0.5,142.25
2018-10-11,600519,3420.66,3470.8,3591.15,3420.66,91582,5953169152.0,4.73,-3.62,-130.3,0.73,170.49000000000024
2018-10-12,600519,3501.0,3586.43,3609.94,3498.89,54473,3599837216.0,3.2,3.33,115.63,0.43,111.05000000000018
2018-10-15,600519,3593.91,3580.9,3606.27,3546.38,35607,2372056688.0,1.67,-0.15,-5.53,0.28,59.88999999999987
2018-10-16,600519,3576.28,3582.1,3644.36,3556.33,26394,1766613792.0,2.46,0.03,1.2,0.21,88.0300000000002
2018-10-17,600519,3621.6,3574.97,3633.16,3495.48,43077,2846537056.0,3.84,-0.2,-7.13,0.34,137.67999999999984
2018-10-18,600519,3546.23,3475.58,3546.23,3470.7,52156,3394332720.0,2.11,-2.78,-99.39,0.42,75.5300000000002
2018-10-19,600519,3435.68,3596.47,3621.6,3421.01,76199,4973381120.0,5.77,3.48,120.89,0.61,200.5899999999997
2018-10-22,600519,3621.6,3712.05,3757.37,3621.6,73109,5036971520.0,3.78,3.21,115.58,0.58,135.76999999999998
2018-10-23,600519,3691.95,3454.47,3691.95,3420.61,123113,8076618496.0,7.31,-6.94,-257.58,0.98,271.3399999999997
2018-10-24,600519,3385.99,3430.61,3495.98,3345.24,76113,4818473472.0,4.36,-0.69,-23.86,0.61,150.74000000000024
2018-10-25,600519,3345.24,3340.21,3357.8,3287.85,75568,4657019136.0,2.04,-2.64,-90.4,0.6,69.95000000000027
2018-10-26,600519,3340.21,3295.49,3370.36,3284.84,55327,3388947808.0,2.56,-1.34,-44.72,0.44,85.51999999999998
2018-10-29,600519,2988.93,2988.93,2988.93,2988.93,49076,2694714080.0,0.0,-9.3,-306.56,0.39,0.0
2018-10-30,600519,2792.51,2862.86,2958.33,2787.58,204397,10663392512.0,5.71,-4.22,-126.07,1.63,170.75
2018-10-31,600519,2877.93,2987.97,3018.62,2852.81,96885,5239853056.0,5.79,4.37,125.11,0.77,165.80999999999995
2018-11-01,600519,3018.62,3058.82,3171.88,2999.78,98107,5581027328.0,5.76,2.37,70.85,0.78,172.0999999999999
2018-11-02,600519,3169.37,3244.24,3244.74,3105.25,89157,5227695104.0,4.56,6.06,185.42,0.71,139.48999999999978
2018-11-05,600519,3209.57,3123.14,3209.57,3102.89,75517,4373994240.0,3.29,-3.73,-121.1,0.6,106.68000000000029
2018-11-06,600519,3114.09,3073.9,3114.9,3033.75,45566,2572068928.0,2.6,-1.58,-49.24,0.36,81.15000000000009
2018-11-07,600519,3088.97,3075.91,3118.87,3053.85,38108,2165679712.0,2.12,0.07,2.01,0.3,65.01999999999998
2018-11-08,600519,3114.09,3095.7,3129.17,3083.95,33764,1933594960.0,1.47,0.64,19.79,0.27,45.220000000000255
2018-11-09,600519,3080.03,3053.8,3088.97,3053.8,24337,1374731696.0,1.14,-1.35,-41.9,0.19,35.16999999999962
2018-11-12,600519,3008.57,3003.55,3014.6,2927.17,67824,3709848784.0,2.86,-1.65,-50.25,0.54,87.42999999999984
2018-11-13,600519,2974.0,3094.0,3094.0,2958.33,66429,3695850096.0,4.52,3.01,90.45,0.53,135.67000000000007
2018-11-14,600519,3093.79,3019.13,3093.79,3006.31,41767,2331999888.0,2.83,-2.42,-74.87,0.33,87.48000000000002
2018-11-15,600519,3037.72,3042.24,3067.87,3021.14,30833,1728199008.0,1.55,0.77,23.11,0.25,46.73000000000002
2018-11-16,600519,3048.77,3043.75,3073.9,3033.85,28939,1625453520.0,1.32,0.05,1.51,0.23,40.05000000000018
2018-11-19,600519,3045.26,3089.07,3104.05,3039.28,36179,2052509536.0,2.13,1.49,45.32,0.29,64.76999999999998
2018-11-20,600519,3068.87,3051.79,3083.95,3043.75,26943,1514353120.0,1.3,-1.21,-37.28,0.21,40.19999999999982
2018-11-21,600519,3013.6,3067.36,3088.47,3011.99,27107,1527915056.0,2.51,0.51,15.57,0.22,76.48000000000002
2018-11-22,600519,3069.63,3066.36,3080.58,3033.7,21213,1193347568.0,1.53,-0.03,-1.0,0.17,46.88000000000011
2018-11-23,600519,3063.85,3028.17,3080.43,3028.17,20126,1126652928.0,1.7,-1.25,-38.19,0.16,52.25999999999976
2018-11-26,600519,3033.7,3004.1,3044.75,3003.55,19120,1063536976.0,1.36,-0.79,-24.07,0.15,41.19999999999982
2018-11-27,600519,3003.55,2983.95,3018.57,2975.91,20234,1112920624.0,1.42,-0.67,-20.15,0.16,42.66000000000031
2018-11-28,600519,2997.77,3028.67,3039.68,2970.89,27738,1535544368.0,2.31,1.5,44.72,0.22,68.78999999999996
2018-11-29,600519,3074.05,3001.54,3092.99,2988.53,45069,2524752304.0,3.45,-0.9,-27.13,0.36,104.45999999999958
2018-11-30,600519,3028.67,3068.87,3088.42,3008.57,49010,2762808224.0,2.66,2.24,67.33,0.39,79.84999999999991
2018-12-03,600519,3189.47,3250.77,3269.86,3168.21,83415,4964130048.0,3.31,5.93,181.9,0.66,101.65000000000009
2018-12-04,600519,3259.76,3255.94,3266.15,3219.62,31474,1888148736.0,1.43,0.16,5.17,0.25,46.5300000000002
2018-12-05,600519,3232.18,3295.49,3327.65,3219.62,41588,2523641856.0,3.32,1.21,39.55,0.33,108.0300000000002
2018-12-06,600519,3244.74,3203.54,3274.79,3196.3,37758,2250440656.0,2.38,-2.79,-91.95,0.3,78.48999999999978
2018-12-07,600519,3222.63,3179.42,3239.01,3167.86,26842,1583970320.0,2.22,-0.75,-24.12,0.21,71.15000000000009
2018-12-10,600519,3124.14,3130.32,3181.93,3115.0,24641,1427993216.0,2.11,-1.54,-49.1,0.2,66.92999999999984
2018-12-11,600519,3129.17,3159.27,3177.16,3129.17,16317,949962160.0,1.53,0.92,28.95,0.13,47.98999999999978
2018-12-12,600519,3188.41,3189.47,3190.47,3158.31,19922,1168089520.0,1.02,0.96,30.2,0.16,32.159999999999854
2018-12-13,600519,3194.49,3253.53,3279.31,3192.48,40399,2427823200.0,2.72,2.01,64.06,0.32,86.82999999999993
2018-12-14,600519,3234.74,3209.36,3243.73,3204.54,24554,1461585120.0,1.2,-1.36,-44.17,0.2,39.190000000000055
2018-12-17,600519,3207.41,3197.1,3224.49,3169.42,24896,1466942960.0,1.72,-0.38,-12.26,0.2,55.06999999999971
2018-12-18,600519,3173.79,3199.21,3202.23,3169.37,19222,1130221280.0,1.03,0.07,2.11,0.15,32.86000000000013
2018-12-19,600519,3189.47,3133.19,3199.47,3124.3,25716,1501321344.0,2.35,-2.06,-66.02,0.2,75.16999999999962
2018-12-20,600519,3125.25,3116.61,3151.78,3088.42,26941,1549600768.0,2.02,-0.53,-16.58,0.21,63.36000000000013
2018-12-21,600519,3099.02,3080.98,3111.33,3054.85,30640,1736537280.0,1.81,-1.14,-35.63,0.24,56.48000000000002
2018-12-24,600519,3061.33,3083.95,3098.57,3033.7,19110,1080787424.0,2.11,0.1,2.97,0.15,64.87000000000035
2018-12-25,600519,3054.9,3072.84,3081.43,3011.64,26593,1490157584.0,2.26,-0.36,-11.11,0.21,69.78999999999996
2018-12-26,600519,3062.89,3044.15,3085.96,3033.7,17866,1005617680.0,1.7,-0.93,-28.69,0.14,52.26000000000022
2018-12-27,600519,3094.0,3058.82,3103.29,3054.9,29494,1670211280.0,1.59,0.48,14.67,0.23,48.38999999999987
2018-12-28,600519,3060.33,3194.54,3226.65,3043.75,63678,3705150496.0,5.98,4.44,135.72,0.51,182.9000000000001
2019-01-02,600519,3294.89,3239.61,3305.04,3219.67,62286,3754387984.0,2.67,1.41,45.07,0.5,85.36999999999989
2019-01-03,600519,3244.59,3194.49,3253.08,3173.39,30977,1838179168.0,2.46,-1.39,-45.12,0.25,79.69000000000005
2019-01-04,600519,3180.82,3254.79,3283.28,3154.39,37683,2258501488.0,4.03,1.89,60.3,0.3,128.89000000000033
2019-01-07,600519,3284.94,3272.33,3305.04,3255.89,34750,2105981456.0,1.51,0.54,17.54,0.28,49.15000000000009
2019-01-08,600519,3272.38,3268.81,3305.04,3246.15,28838,1750413216.0,1.8,-0.11,-3.52,0.23,58.88999999999987
2019-01-09,600519,3294.94,3325.74,3376.19,3290.16,49892,3084214784.0,2.63,1.74,56.93,0.4,86.0300000000002
2019-01-10,600519,3330.81,3339.05,3369.76,3296.24,29044,1797683136.0,2.21,0.4,13.31,0.23,73.52000000000044
2019-01-11,600519,3370.36,3425.03,3430.66,3338.95,38884,2445929488.0,2.75,2.57,85.98,0.31,91.71000000000004
2019-01-14,600519,3410.56,3368.35,3425.08,3353.02,25649,1606308128.0,2.1,-1.65,-56.68,0.2,72.05999999999995
2019-01-15,600519,3384.73,3546.13,3553.76,3370.36,55765,3613919072.0,5.44,5.28,177.78,0.44,183.4000000000001
2019-01-16,600519,3536.18,3551.75,3574.62,3514.07,42084,2775103936.0,1.71,0.16,5.62,0.34,60.54999999999973
2019-01-17,600519,3561.3,3542.46,3594.97,3525.12,30285,2004454112.0,1.97,-0.26,-9.29,0.24,69.84999999999991
2019-01-18,600519,3571.35,3664.86,3697.98,3553.76,68609,4647515904.0,4.07,3.46,122.4,0.55,144.2199999999998
2019-01-21,600519,3696.97,3681.8,3741.59,3656.17,47052,3242615728.0,2.33,0.46,16.94,0.37,85.42000000000007
2019-01-22,600519,3676.87,3601.5,3676.87,3572.46,42122,2834735024.0,2.84,-2.18,-80.3,0.34,104.40999999999985
2019-01-23,600519,3582.51,3574.67,3619.09,3561.95,33625,2247371216.0,1.59,-0.74,-26.83,0.27,57.14000000000033
2019-01-24,600519,3597.98,3609.04,3635.82,3569.74,29155,1960227056.0,1.85,0.96,34.37,0.23,66.08000000000038
2019-01-25,600519,3626.02,3645.22,3671.34,3596.12,28986,1966232096.0,2.08,1.0,36.18,0.23,75.22000000000025
2019-01-28,600519,3666.82,3631.65,3716.97,3626.77,36103,2476277968.0,2.47,-0.37,-13.57,0.29,90.19999999999982
2019-01-29,600519,3634.16,3671.85,3686.92,3586.43,30343,2069407520.0,2.77,1.11,40.2,0.24,100.49000000000024
2019-01-30,600519,3671.8,3626.62,3677.98,3626.62,22700,1545353568.0,1.4,-1.23,-45.23,0.18,51.36000000000013
2019-01-31,600519,3646.72,3694.96,3694.96,3634.46,36697,2515374976.0,1.67,1.88,68.34,0.29,60.5
2019-02-01,600519,3732.35,3710.39,3742.19,3695.01,30521,2121326144.0,1.28,0.42,15.43,0.24,47.179999999999836
2019-02-11,600519,3722.09,3874.35,3895.45,3687.83,58141,4143849808.0,5.6,4.42,163.96,0.46,207.6199999999999
2019-02-12,600519,3862.79,3837.26,3875.3,3823.6,35091,2521840128.0,1.33,-0.96,-37.09,0.28,51.70000000000027
2019-02-13,600519,3862.79,3924.34,3928.92,3833.75,35677,2589623536.0,2.48,2.27,87.08,0.28,95.17000000000007
2019-02-14,600519,3903.99,3933.94,3966.6,3898.67,32258,2375987072.0,1.73,0.24,9.6,0.26,67.92999999999984
2019-02-15,600519,3922.48,3871.73,3922.48,3862.89,23238,1691515520.0,1.51,-1.58,-62.21,0.18,59.590000000000146
2019-02-18,600519,3902.99,3948.21,3973.08,3902.99,37746,2787522992.0,1.81,1.98,76.48,0.3,70.09000000000015
2019-02-19,600519,3953.03,3901.78,3960.77,3881.18,29502,2164408784.0,2.02,-1.18,-46.43,0.23,79.59000000000015
2019-02-20,600519,3923.09,3857.76,3923.09,3827.92,37882,2742919648.0,2.44,-1.13,-44.02,0.3,95.17000000000007
2019-02-21,600519,3847.71,3848.97,3900.37,3832.64,29850,2163554336.0,1.76,-0.23,-8.79,0.24,67.73000000000002
2019-02-22,600519,3832.64,3877.91,3890.37,3818.07,25909,1867253936.0,1.88,0.75,28.94,0.21,72.29999999999973
2019-02-25,600519,3901.73,3959.92,3970.52,3837.61,82623,6034261248.0,3.43,2.11,82.01,0.66,132.90999999999985
2019-02-26,600519,3987.4,3884.65,3994.34,3877.86,57965,4265279120.0,2.94,-1.9,-75.27,0.46,116.48000000000002
2019-02-27,600519,3913.04,3951.73,4038.76,3902.99,65942,4908445184.0,3.5,1.73,67.08,0.52,135.77000000000044
2019-02-28,600519,3937.66,4023.63,4065.89,3932.88,56986,4289145216.0,3.37,1.82,71.9,0.45,133.00999999999976
2019-03-01,600519,4056.24,4195.93,4199.45,4053.73,63840,4952509184.0,3.62,4.28,172.3,0.51,145.7199999999998
2019-03-04,600519,4224.57,4158.55,4241.31,4135.23,84586,6661386496.0,2.53,-0.89,-37.38,0.67,106.08000000000084
2019-03-05,600519,4174.33,4148.1,4197.19,4128.5,44831,3501155936.0,1.65,-0.25,-10.45,0.36,68.6899999999996
2019-03-06,600519,4124.08,4088.9,4146.69,4078.25,46731,3602140480.0,1.65,-1.43,-59.2,0.37,68.4399999999996
2019-03-07,600519,4059.86,3991.42,4059.86,3976.15,60181,4526351872.0,2.05,-2.38,-97.48,0.48,83.71000000000004
2019-03-08,600519,3937.66,3935.65,3982.53,3916.3,52275,3868415488.0,1.66,-1.4,-55.77,0.42,66.23000000000002
2019-03-11,600519,3948.41,4041.37,4083.63,3948.41,53057,4001728736.0,3.44,2.69,105.72,0.42,135.22000000000025
2019-03-12,600519,4067.9,3973.38,4067.95,3943.19,52510,3946382128.0,3.09,-1.68,-67.99,0.42,124.75999999999976
2019-03-13,600519,3975.85,4018.56,4052.47,3975.85,40561,3058080912.0,1.93,1.14,45.18,0.32,76.61999999999989
2019-03-14,600519,4033.63,4139.15,4174.33,4018.56,62173,4808607744.0,3.88,3.0,120.59,0.49,155.76999999999998
2019-03-15,600519,4129.1,4135.64,4186.89,4073.08,52401,4084798336.0,2.75,-0.08,-3.51,0.42,113.8100000000004
2019-03-18,600519,4143.17,4300.4,4322.71,4134.13,81319,6499567104.0,4.56,3.98,164.76,0.65,188.57999999999993
2019-03-19,600519,4264.77,4212.56,4289.49,4211.01,40635,3244967392.0,1.82,-2.04,-87.84,0.32,78.47999999999956
2019-03-20,600519,4199.45,4213.52,4261.25,4174.33,31118,2470811136.0,2.06,0.02,0.96,0.25,86.92000000000007
2019-03-21,600519,4189.4,4178.09,4213.52,4156.74,32573,2558222912.0,1.35,-0.84,-35.43,0.26,56.780000000000655
2019-03-22,600519,4190.51,4219.55,4249.6,4174.33,30518,2420497824.0,1.8,0.99,41.46,0.24,75.27000000000044
2019-03-25,600519,4179.35,4127.09,4189.4,4115.54,37270,2903744160.0,1.75,-2.19,-92.46,0.3,73.85999999999967
2019-03-26,600519,4149.2,4114.03,4179.05,4069.31,37596,2914112992.0,2.66,-0.32,-13.06,0.3,109.74000000000024
2019-03-27,600519,4154.23,4191.91,4218.95,4124.08,42807,3366132240.0,2.31,1.89,77.88,0.34,94.86999999999989
2019-03-28,600519,4216.68,4283.87,4322.46,4177.74,57567,4615969792.0,3.45,2.19,91.96,0.46,144.72000000000025
2019-03-29,600519,4425.57,4520.99,4584.75,4401.3,90934,7702154752.0,4.28,5.54,237.12,0.72,183.44999999999982
2019-04-01,600519,4551.19,4546.16,4596.16,4505.96,60935,5228521984.0,2.0,0.56,25.17,0.49,90.19999999999982
2019-04-02,600519,4551.14,4500.94,4551.14,4430.89,53227,4496538880.0,2.65,-0.99,-45.22,0.42,120.25
2019-04-03,600519,4451.29,4473.3,4509.68,4421.6,43057,3629854320.0,1.96,-0.61,-27.64,0.34,88.07999999999993
2019-04-04,600519,4450.69,4576.31,4580.33,4431.6,55772,4763897856.0,3.32,2.3,103.01,0.44,148.72999999999956
2019-04-08,600519,4752.18,4753.18,4792.38,4702.53,66252,5944780544.0,1.96,3.86,176.87,0.53,89.85000000000036
2019-04-09,600519,4767.25,4777.3,4793.38,4714.54,47990,4308645632.0,1.66,0.51,24.12,0.38,78.84000000000015
2019-04-10,600519,4767.25,4993.32,5012.96,4752.18,67814,6331858688.0,5.46,4.52,216.02,0.54,260.77999999999975
2019-04-11,600519,4993.37,4878.8,5003.42,4780.06,61103,5643817472.0,4.47,-2.29,-114.52,0.49,223.35999999999967
2019-04-12,600519,4797.4,4822.52,4852.62,4752.23,48612,4419350016.0,2.06,-1.15,-56.28,0.39,100.39000000000033
2019-04-15,600519,4907.95,4787.35,4948.14,4787.35,45523,4205548304.0,3.33,-0.73,-35.17,0.36,160.78999999999996
2019-04-16,600519,4776.8,4952.67,4952.67,4758.31,46423,4297385216.0,4.06,3.45,165.32,0.37,194.35999999999967
2019-04-17,600519,4943.12,5013.47,5031.1,4877.8,40761,3848216560.0,3.1,1.23,60.8,0.32,153.30000000000018
2019-04-18,600519,4980.35,4980.81,5026.93,4934.17,19599,1853076080.0,1.85,-0.65,-32.66,0.16,92.76000000000022
2019-04-19,600519,4973.07,5016.28,5058.44,4909.5,32380,3064971040.0,2.99,0.71,35.47,0.26,148.9399999999996
2019-04-22,600519,5051.15,4999.4,5148.58,4956.23,40628,3897168688.0,3.83,-0.34,-16.88,0.32,192.35000000000036
2019-04-23,600519,5008.44,5128.79,5160.29,4999.4,48852,4725480192.0,3.22,2.59,129.39,0.39,160.89000000000033
2019-04-24,600519,5153.56,5103.91,5204.41,5009.55,45227,4383873024.0,3.8,-0.49,-24.88,0.36,194.85999999999967
2019-04-25,600519,5097.83,5015.33,5123.96,5009.55,39801,3822767520.0,2.24,-1.74,-88.58,0.32,114.40999999999985
2019-04-26,600519,4984.82,4978.29,5053.06,4978.29,43278,4119727296.0,1.49,-0.74,-37.04,0.34,74.77000000000044
2019-04-29,600519,4978.29,5113.81,5199.38,4928.04,52572,5086408448.0,5.45,2.72,135.52,0.42,271.34000000000015
2019-04-30,600519,5093.86,5124.01,5179.08,5069.29,35943,3503937520.0,2.15,0.2,10.2,0.29,109.78999999999996
2019-05-06,600519,4880.31,4782.33,4928.04,4717.0,135100,12299395840.0,4.12,-6.67,-341.68,1.08,211.03999999999996
2019-05-07,600519,4718.41,4701.93,4822.22,4602.54,100837,9045117696.0,4.59,-1.68,-80.4,0.8,219.6800000000003
2019-05-08,600519,4551.19,4673.79,4761.22,4551.19,81883,7217709568.0,4.47,-0.6,-28.14,0.65,210.03000000000065
2019-05-09,600519,4626.56,4545.21,4651.03,4463.25,91545,7863312128.0,4.02,-2.75,-128.58,0.73,187.77999999999975
2019-05-10,600519,4629.87,4787.95,4806.34,4592.34,79907,7121198848.0,4.71,5.34,242.74,0.64,214.0
2019-05-13,600519,4746.45,4711.98,4807.35,4671.78,46637,4179329440.0,2.83,-1.59,-75.97,0.37,135.57000000000062
2019-05-14,600519,4676.81,4684.69,4782.33,4616.51,59983,5349455616.0,3.52,-0.58,-27.29,0.48,165.8199999999997
2019-05-15,600519,4703.14,4887.85,4918.0,4703.14,63124,5778791936.0,4.59,4.34,203.16,0.5,214.85999999999967
2019-05-16,600519,4847.65,4902.47,4912.97,4777.3,44540,4108281952.0,2.78,0.3,14.62,0.35,135.67000000000007
2019-05-17,600519,4887.95,4786.3,4914.48,4752.68,49842,4551116800.0,3.3,-2.37,-116.17,0.4,161.79999999999927
2019-05-20,600519,4752.18,4676.6,4752.18,4606.46,44408,3931645936.0,3.04,-2.29,-109.7,0.35,145.72000000000025
2019-05-21,600519,4676.81,4727.05,4802.42,4611.58,42386,3791406208.0,4.08,1.08,50.45,0.34,190.84000000000015
2019-05-22,600519,4726.95,4691.88,4772.28,4651.68,32042,2853872832.0,2.55,-0.74,-35.17,0.26,120.59999999999945
2019-05-23,600519,4656.71,4556.21,4671.68,4532.19,58059,5062812416.0,2.97,-2.89,-135.67,0.46,139.4900000000007
2019-05-24,600519,4576.31,4644.14,4676.81,4573.5,44034,3858962208.0,2.27,1.93,87.93,0.35,103.3100000000004
2019-05-27,600519,4647.16,4646.66,4666.71,4551.44,39162,3417213664.0,2.48,0.05,2.52,0.31,115.27000000000044
2019-05-28,600519,4641.58,4691.88,4789.81,4626.66,74773,6670856192.0,3.51,0.97,45.22,0.6,163.15000000000055
2019-05-29,600519,4691.93,4812.02,4877.55,4691.93,65647,5963755520.0,3.96,2.56,120.14,0.52,185.6199999999999
2019-05-30,600519,4802.42,4778.81,4852.62,4708.06,40247,3634187680.0,3.0,-0.69,-33.21,0.32,144.5599999999995
2019-05-31,600519,4754.84,4701.93,4787.3,4701.93,35794,3211384928.0,1.79,-1.61,-76.88,0.28,85.36999999999989
2019-06-03,600519,4711.98,4711.98,4758.96,4683.24,34479,3076922336.0,1.61,0.21,10.05,0.27,75.72000000000025
2019-06-04,600519,4727.05,4628.06,4729.21,4606.46,39689,3481384256.0,2.61,-1.78,-83.92,0.32,122.75
2019-06-05,600519,4671.78,4609.47,4683.14,4601.43,34067,2988114672.0,1.77,-0.4,-18.59,0.27,81.71000000000004
2019-06-06,600519,4629.67,4561.89,4630.43,4541.14,34787,3009567792.0,1.94,-1.03,-47.58,0.28,89.28999999999996
2019-06-10,600519,4541.04,4606.86,4646.41,4450.69,55502,4790052608.0,4.29,0.99,44.97,0.44,195.72000000000025
2019-06-11,600519,4631.58,4806.9,4830.61,4626.56,80106,7209086976.0,4.43,4.34,200.04,0.64,204.04999999999927
2019-06-12,600519,4783.43,4785.84,4807.4,4722.03,37747,3420899280.0,1.78,-0.44,-21.06,0.3,85.36999999999989
2019-06-13,600519,4802.42,4802.42,4813.98,4737.1,32917,2984741680.0,1.61,0.35,16.58,0.26,76.8799999999992
2019-06-14,600519,4807.45,4817.5,4914.48,4802.53,42455,3905679104.0,2.33,0.31,15.08,0.34,111.94999999999982
2019-06-17,600519,4787.35,4810.46,4887.54,4782.43,32769,3001512192.0,2.18,-0.15,-7.04,0.26,105.10999999999967
2019-06-18,600519,4837.6,4837.6,4852.67,4765.24,29441,2687679920.0,1.82,0.56,27.14,0.23,87.43000000000029
2019-06-19,600519,4953.17,4913.02,4986.83,4913.02,53726,5051192576.0,1.53,1.56,75.42,0.43,73.80999999999949
2019-06-20,600519,4915.48,5129.04,5131.55,4913.98,67272,6468666112.0,4.43,4.4,216.02,0.54,217.57000000000062
2019-06-21,600519,5103.76,5135.57,5176.72,5076.28,45927,4482726912.0,1.96,0.13,6.53,0.37,100.44000000000051
2019-06-24,600519,5145.62,5189.84,5253.1,5129.04,45779,4532527104.0,2.42,1.06,54.27,0.36,124.0600000000004
2019-06-25,600519,5214.46,5169.13,5249.63,5088.84,51296,5035624448.0,3.1,-0.4,-20.71,0.41,160.78999999999996
2019-06-26,600519,5179.28,5153.46,5179.28,5110.04,29588,2896585584.0,1.34,-0.3,-15.67,0.24,69.23999999999978
2019-06-27,600519,5179.28,5236.32,5259.68,5159.79,47978,4772724224.0,1.94,1.61,82.86,0.38,99.89000000000033
2019-06-28,600519,5257.31,5247.31,5271.84,5183.65,31088,3050739280.0,1.68,0.21,10.99,0.25,88.19000000000051
2019-07-01,600519,5350.42,5487.8,5506.59,5328.82,52337,5325575936.0,3.39,4.58,240.49,0.42,177.77000000000044
2019-07-02,600519,5453.33,5453.33,5475.94,5408.11,39061,3989722048.0,1.24,-0.63,-34.47,0.31,67.82999999999993
2019-07-03,600519,5428.21,5266.91,5443.28,5234.75,67139,6717755648.0,3.82,-3.42,-186.42,0.53,208.52999999999975
2019-07-04,600519,5256.36,5233.25,5281.48,5183.1,46217,4531685888.0,1.87,-0.64,-33.66,0.37,98.3799999999992
2019-07-05,600519,5257.36,5326.81,5357.86,5208.62,50033,4968920576.0,2.85,1.79,93.56,0.4,149.23999999999978
2019-07-08,600519,5302.84,5251.64,5317.16,5202.09,33614,3313713088.0,2.16,-1.41,-75.17,0.27,115.06999999999971
2019-07-09,600519,5223.7,5207.42,5272.44,5168.68,31723,3103986400.0,1.98,-0.84,-44.22,0.25,103.75999999999931
2019-07-10,600519,5231.89,5239.88,5280.38,5212.14,28167,2774054720.0,1.31,0.62,32.46,0.22,68.23999999999978
2019-07-11,600519,5277.26,5234.75,5319.57,5207.12,30514,3011117072.0,2.15,-0.1,-5.13,0.24,112.44999999999982
2019-07-12,600519,5233.75,5257.82,5285.0,5227.27,28174,2778937968.0,1.1,0.44,23.07,0.22,57.72999999999956
2019-07-15,600519,5165.91,5206.76,5227.72,5082.15,59870,5785726720.0,2.77,-0.97,-51.06,0.48,145.57000000000062
2019-07-16,600519,5204.35,5166.92,5238.77,5151.84,33245,3226755648.0,1.67,-0.77,-39.84,0.26,86.93000000000029
2019-07-17,600519,5166.92,5144.31,5191.99,5137.42,25469,2459954480.0,1.06,-0.44,-22.61,0.2,54.56999999999971
2019-07-18,600519,5134.26,5063.91,5141.79,5062.3,39253,3748507472.0,1.55,-1.56,-80.4,0.31,79.48999999999978
2019-07-19,600519,5101.6,5105.97,5130.74,5066.42,28015,2679887456.0,1.27,0.83,42.06,0.22,64.31999999999971
2019-07-22,600519,5126.72,5111.75,5146.82,5077.73,28125,2695084032.0,1.35,0.11,5.78,0.22,69.09000000000015
2019-07-23,600519,5138.28,5096.47,5139.73,5045.62,32484,3087319264.0,1.84,-0.3,-15.28,0.26,94.10999999999967
2019-07-24,600519,5118.23,5058.18,5126.22,5049.79,46771,4450509824.0,1.5,-0.75,-38.29,0.37,76.43000000000029
2019-07-25,600519,5056.22,5141.79,5143.6,5016.93,38256,3633246144.0,2.5,1.65,83.61,0.3,126.67000000000007
2019-07-26,600519,5136.62,5151.99,5181.99,5119.43,26468,2556208816.0,1.22,0.2,10.2,0.21,62.55999999999949
2019-07-29,600519,5136.92,5209.18,5224.7,5126.77,26981,2626793552.0,1.9,1.11,57.19,0.21,97.92999999999938
2019-07-30,600519,5209.63,5221.84,5242.29,5181.99,19538,1911965184.0,1.16,0.24,12.66,0.16,60.30000000000018
2019-07-31,600519,5202.09,5190.03,5236.11,5159.83,22526,2191909984.0,1.46,-0.61,-31.81,0.18,76.27999999999975
2019-08-01,600519,5209.68,5123.2,5212.14,5091.65,35090,3385045856.0,2.32,-1.29,-66.83,0.28,120.49000000000069
2019-08-02,600519,5046.32,5098.83,5116.57,5041.3,39719,3772328944.0,1.47,-0.48,-24.37,0.32,75.26999999999953
2019-08-05,600519,5051.35,5038.43,5096.57,5026.22,36774,3473341312.0,1.38,-1.18,-60.4,0.29,70.34999999999945
2019-08-06,600519,4981.0,5057.88,5066.42,4944.82,43991,4121445008.0,2.41,0.39,19.45,0.35,121.60000000000036
2019-08-07,600519,5073.96,5051.35,5104.26,5051.35,26870,2553463424.0,1.05,-0.13,-6.53,0.21,52.909999999999854
2019-08-08,600519,5094.06,5185.41,5197.07,5086.52,38808,3755086992.0,2.19,2.65,134.06,0.31,110.54999999999927
2019-08-09,600519,5219.68,5136.92,5231.99,5121.64,28462,2760764352.0,2.13,-0.94,-48.49,0.23,110.34999999999945
2019-08-12,600519,5379.52,5421.32,5428.71,5302.64,81499,8208540672.0,2.45,5.54,284.4,0.65,126.06999999999971
2019-08-13,600519,5408.91,5417.91,5458.36,5381.38,30330,3088013760.0,1.42,-0.06,-3.41,0.24,76.97999999999956
2019-08-14,600519,5478.56,5545.44,5588.5,5478.56,41411,4327071232.0,2.03,2.35,127.53,0.33,109.9399999999996
2019-08-15,600519,5468.41,5553.32,5561.26,5468.41,27237,2821331120.0,1.67,0.14,7.88,0.22,92.85000000000036
2019-08-16,600519,5578.15,5602.07,5707.49,5533.73,36087,3822488368.0,3.13,0.88,48.75,0.29,173.76000000000022
2019-08-19,600519,5634.22,5608.5,5679.35,5574.18,32868,3471558016.0,1.88,0.11,6.43,0.26,105.17000000000007
2019-08-20,600519,5604.08,5679.45,5697.94,5578.95,28602,3038219264.0,2.12,1.27,70.95,0.23,118.98999999999978
2019-08-21,600519,5679.95,5659.35,5714.47,5637.54,25067,2678841888.0,1.35,-0.35,-20.1,0.2,76.93000000000029
2019-08-22,600519,5694.47,5850.29,5850.29,5679.45,37591,4099045120.0,3.02,3.37,190.94,0.3,170.84000000000015
2019-08-23,600519,5855.31,5981.44,5998.82,5808.18,40192,4495782912.0,3.26,2.24,131.15,0.32,190.63999999999942
2019-08-26,600519,5895.51,5845.01,5970.88,5813.51,48498,5382792448.0,2.63,-2.28,-136.43,0.39,157.3699999999999
2019-08-27,600519,5915.61,5875.41,5987.52,5875.41,52164,5830617856.0,1.92,0.52,30.4,0.42,112.11000000000058
2019-08-28,600519,5875.41,5830.74,5946.72,5744.82,47010,5169778944.0,3.44,-0.76,-44.67,0.37,201.90000000000055
2019-08-29,600519,5855.31,5896.02,5921.54,5792.5,29330,3247704304.0,2.21,1.12,65.28,0.23,129.03999999999996
2019-08-30,600519,5955.81,6041.23,6061.33,5945.76,44891,5093877248.0,1.96,2.46,145.21,0.36,115.56999999999971
2019-09-02,600519,6031.13,6024.95,6056.21,5975.91,28234,3210850608.0,1.33,-0.27,-16.28,0.22,80.30000000000018
2019-09-03,600519,6031.18,6031.18,6086.56,5973.7,29485,3358578416.0,1.87,0.1,6.23,0.23,112.86000000000058
2019-09-04,600519,6035.2,5955.86,6045.8,5931.24,33600,3785904736.0,1.9,-1.25,-75.32,0.27,114.5600000000004
2019-09-05,600519,5975.91,6051.28,6055.8,5970.88,32931,3746608080.0,1.43,1.6,95.42,0.26,84.92000000000007
2019-09-06,600519,6053.79,6043.69,6062.08,5985.96,26177,2978155824.0,1.26,-0.13,-7.59,0.21,76.11999999999989
2019-09-09,600519,6056.31,6013.7,6071.38,6006.06,29379,3346080768.0,1.08,-0.5,-29.99,0.23,65.31999999999971
2019-09-10,600519,6002.54,5950.03,6006.06,5930.74,26227,2952753648.0,1.25,-1.06,-63.67,0.21,75.32000000000062
2019-09-11,600519,5926.77,5677.04,5930.54,5669.4,81717,8904690688.0,4.39,-4.59,-272.99,0.65,261.1400000000003
2019-09-12,600519,5659.35,5825.17,5880.34,5659.35,41211,4498210304.0,3.89,2.61,148.13,0.33,220.98999999999978
2019-09-16,600519,5744.77,5825.17,5850.04,5744.77,31372,3432292112.0,1.81,0.0,0.0,0.25,105.26999999999953
2019-09-17,600519,5800.04,5800.09,5863.66,5764.87,25197,2767385776.0,1.7,-0.43,-25.08,0.2,98.78999999999996
2019-09-18,600519,5872.9,6075.9,6081.43,5871.29,69314,7899560192.0,3.62,4.76,275.81,0.55,210.14000000000033
2019-09-19,600519,6071.38,6056.31,6081.43,6016.61,24480,2800064432.0,1.07,-0.32,-19.59,0.19,64.82000000000062
2019-09-20,600519,6086.46,6118.71,6131.68,6069.32,37627,4346138368.0,1.03,1.03,62.4,0.3,62.36000000000058
2019-09-23,600519,6116.6,6076.41,6116.6,5985.96,30026,3431058976.0,2.14,-0.69,-42.3,0.24,130.64000000000033
2019-09-24,600519,6106.55,6252.27,6256.8,6091.48,36269,4259834000.0,2.72,2.89,175.86,0.29,165.32000000000062
2019-09-25,600519,6232.17,6202.03,6276.74,6184.44,24025,2832308416.0,1.48,-0.8,-50.24,0.19,92.30000000000018
2019-09-26,600519,6206.75,6166.85,6249.01,6125.7,26082,3050478320.0,1.99,-0.57,-35.18,0.21,123.3100000000004
2019-09-27,600519,6151.78,6205.79,6247.25,6096.5,22827,2671754320.0,2.44,0.63,38.94,0.18,150.75
2019-09-30,600519,6146.75,6081.43,6179.06,6081.43,30825,3565988672.0,1.57,-2.0,-124.36,0.25,97.63000000000011
2019-10-08,600519,6096.5,6167.35,6232.17,6091.53,31045,3631091488.0,2.31,1.41,85.92,0.25,140.64000000000033
2019-10-09,600519,6162.83,6065.4,6162.83,6006.31,35789,4105282384.0,2.54,-1.65,-101.95,0.28,156.51999999999953
2019-10-10,600519,5965.86,6106.55,6126.3,5875.51,41174,4685560576.0,4.13,0.68,41.15,0.33,250.78999999999996
2019-10-11,600519,6116.6,6205.04,6207.05,6092.54,28689,3343559808.0,1.88,1.61,98.49,0.23,114.51000000000022
2019-10-14,600519,6262.32,6232.17,6270.66,6181.93,27188,3209362992.0,1.43,0.44,27.13,0.22,88.72999999999956
2019-10-15,600519,6232.17,6387.94,6411.46,6217.25,40035,4806856448.0,3.12,2.5,155.77,0.32,194.21000000000004
2019-10-16,600519,6171.88,6181.93,6269.86,6131.68,59151,6935972608.0,2.16,-3.22,-206.01,0.47,138.17999999999938
2019-10-17,600519,6212.07,6248.91,6265.64,6144.24,30509,3578144112.0,1.96,1.08,66.98,0.24,121.40000000000055
2019-10-18,600519,6227.15,6211.02,6282.37,6190.42,28292,3335011088.0,1.47,-0.61,-37.89,0.23,91.94999999999982
2019-10-21,600519,6191.27,6174.39,6226.65,6148.26,25275,2955023936.0,1.26,-0.59,-36.63,0.2,78.38999999999942
2019-10-22,600519,6222.12,6185.95,6239.71,6151.22,19309,2262188256.0,1.43,0.19,11.56,0.15,88.48999999999978
2019-10-23,600519,6171.88,6126.2,6222.12,6112.13,23080,2684922176.0,1.78,-0.97,-59.75,0.18,109.98999999999978
2019-10-24,600519,6156.55,6082.79,6161.83,6067.16,26178,3025245584.0,1.55,-0.71,-43.41,0.21,94.67000000000007
2019-10-25,600519,6098.01,6188.71,6194.49,6046.41,25998,3015928992.0,2.43,1.74,105.92,0.21,148.07999999999993
2019-10-28,600519,6161.88,6223.58,6237.25,6156.8,22486,2644563040.0,1.3,0.56,34.87,0.18,80.44999999999982
2019-10-29,600519,6237.75,6297.5,6332.47,6220.97,27804,3314271728.0,1.79,1.19,73.92,0.22,111.5
2019-10-30,600519,6282.42,6251.27,6295.99,6212.07,21255,2516524160.0,1.33,-0.73,-46.23,0.17,83.92000000000007
2019-10-31,600519,6312.57,6232.22,6322.62,6212.83,25909,3068884880.0,1.76,-0.3,-19.05,0.21,109.78999999999996
2019-11-01,600519,6237.2,6257.3,6292.22,6194.49,22812,2697638368.0,1.57,0.4,25.08,0.18,97.73000000000047
2019-11-04,600519,6282.42,6330.61,6382.87,6277.4,26738,3209264032.0,1.69,1.17,73.31,0.21,105.47000000000025
2019-11-05,600519,6330.16,6327.65,6357.79,6292.47,22255,2667596016.0,1.03,-0.05,-2.96,0.18,65.31999999999971
2019-11-06,600519,6317.6,6297.5,6352.77,6276.79,19738,2362005424.0,1.2,-0.48,-30.15,0.16,75.98000000000047
2019-11-07,600519,6315.13,6339.55,6342.12,6277.4,16168,1933203872.0,1.03,0.67,42.05,0.13,64.72000000000025
2019-11-08,600519,6357.79,6357.79,6411.31,6340.26,24512,2964133776.0,1.12,0.29,18.24,0.2,71.05000000000018
2019-11-11,600519,6340.21,6327.65,6363.82,6300.06,17342,2082060832.0,1.0,-0.47,-30.14,0.14,63.75999999999931
2019-11-12,600519,6352.77,6340.71,6380.91,6323.68,19151,2303205536.0,0.9,0.21,13.06,0.15,57.22999999999956
2019-11-13,600519,6367.84,6453.26,6472.36,6332.67,31977,3890666576.0,2.2,1.78,112.55,0.25,139.6899999999996
2019-11-14,600519,6468.34,6483.41,6533.66,6443.22,23521,2898399696.0,1.4,0.47,30.15,0.19,90.4399999999996
2019-11-15,600519,6483.41,6457.79,6498.04,6440.7,16341,2003665312.0,0.88,-0.4,-25.62,0.13,57.340000000000146
2019-11-18,600519,6458.89,6469.75,6480.65,6423.12,18038,2204546128.0,0.89,0.19,11.96,0.14,57.529999999999745
2019-11-19,600519,6473.36,6495.07,6541.75,6458.39,20624,2542105920.0,1.29,0.39,25.32,0.16,83.35999999999967
2019-11-20,600519,6483.41,6502.26,6531.2,6473.67,15281,1884957280.0,0.89,0.11,7.19,0.12,57.529999999999745
2019-11-21,600519,6488.44,6489.95,6511.1,6438.49,19187,2356277760.0,1.12,-0.19,-12.31,0.15,72.61000000000058
2019-11-22,600519,6448.24,6302.52,6478.39,6257.3,47054,5677646592.0,3.41,-2.89,-187.43,0.37,221.09000000000015
2019-11-25,600519,6272.62,6242.53,6302.52,6192.28,38282,4518778880.0,1.75,-0.95,-59.99,0.3,110.24000000000069
2019-11-26,600519,6265.74,6257.3,6325.64,6247.25,40240,4794179840.0,1.26,0.24,14.77,0.32,78.39000000000033
2019-11-27,600519,6296.49,6282.17,6315.69,6254.84,19849,2363839728.0,0.97,0.4,24.87,0.16,60.849999999999454
2019-11-28,600519,6307.4,6211.07,6320.16,6177.0,28845,3405325552.0,2.28,-1.13,-71.1,0.23,143.15999999999985
2019-11-29,600519,6159.31,5975.91,6159.31,5894.96,82397,9338326528.0,4.26,-3.79,-235.16,0.66,264.35000000000036
2019-12-02,600519,5921.64,5996.01,6031.28,5921.64,30784,3479717424.0,1.83,0.34,20.1,0.25,109.63999999999942
2019-12-03,600519,5996.01,5920.64,5996.01,5919.33,27341,3066695648.0,1.28,-1.26,-75.37,0.22,76.68000000000029
2019-12-04,600519,6031.18,5942.39,6054.6,5920.64,35283,3980511008.0,2.26,0.37,21.75,0.28,133.96000000000004
2019-12-05,600519,5955.81,5979.93,5991.03,5920.64,21339,2402503472.0,1.18,0.63,37.54,0.17,70.38999999999942
2019-12-06,600519,6010.93,6181.93,6181.93,5981.44,39506,4565643776.0,3.35,3.38,202.0,0.31,200.4900000000007
2019-12-09,600519,6207.05,6125.15,6212.07,6112.08,21824,2543532528.0,1.62,-0.92,-56.78,0.17,99.98999999999978
2019-12-10,600519,6129.67,6153.79,6156.8,6086.46,15087,1749356288.0,1.15,0.47,28.64,0.12,70.34000000000015
2019-12-11,600519,6171.88,6126.55,6185.69,6109.32,14568,1689987680.0,1.24,-0.44,-27.24,0.12,76.36999999999989
2019-12-12,600519,6111.58,6016.11,6131.38,5981.34,29409,3362699680.0,2.45,-1.8,-110.44,0.23,150.03999999999996
2019-12-13,600519,6061.33,6146.75,6156.8,6061.33,30001,3473927968.0,1.59,2.17,130.64,0.24,95.47000000000025
2019-12-16,600519,6146.75,6070.98,6146.75,6020.83,30936,3554133648.0,2.05,-1.23,-75.77,0.25,125.92000000000007
2019-12-17,600519,6079.92,6181.83,6200.02,6046.41,42617,4937041920.0,2.53,1.83,110.85,0.34,153.61000000000058
2019-12-18,600519,6202.03,6171.88,6208.06,6151.78,19640,2295963808.0,0.91,-0.16,-9.95,0.16,56.280000000000655
2019-12-19,600519,6146.75,6118.61,6146.75,6091.48,19552,2262598592.0,0.9,-0.86,-53.27,0.16,55.27000000000044
2019-12-20,600519,6142.63,6062.84,6142.63,6038.72,23564,2703612352.0,1.7,-0.91,-55.77,0.19,103.90999999999985
2019-12-23,600519,6026.16,6077.91,6144.24,6011.08,25919,2981937536.0,2.2,0.25,15.07,0.21,133.15999999999985
2019-12-24,600519,6096.5,6071.38,6106.55,6056.31,11823,1358536192.0,0.83,-0.11,-6.53,0.09,50.23999999999978
2019-12-25,600519,6046.26,5999.53,6046.26,5980.98,24306,2755735168.0,1.08,-1.18,-71.85,0.19,65.28000000000065
2019-12-26,600519,5990.98,6006.56,6041.13,5930.64,22877,2585996496.0,1.84,0.12,7.03,0.18,110.48999999999978
2019-12-27,600519,6081.43,6146.75,6191.98,6081.43,47066,5486452992.0,1.84,2.33,140.19,0.37,110.54999999999927
2019-12-30,600519,6182.93,6261.32,6310.06,6182.93,40761,4827682048.0,2.07,1.86,114.57,0.32,127.13000000000011
2019-12-31,600519,6247.25,6247.25,6272.37,6214.64,22589,2666705104.0,0.92,-0.22,-14.07,0.18,57.72999999999956
