日期,股票代码,开盘,收盘,最高,最低,成交量,成交额,振幅,涨跌幅,涨跌额,换手率,volatility
2011-08-03,300251,70.88,74.0,74.88,70.01,193143,1402263481.0,9.28,40.95,21.5,87.79,4.86999999999999
2011-08-04,300251,76.66,72.67,76.97,72.3,91775,680874734.0,6.31,-1.8,-1.33,41.72,4.670000000000002
2011-08-05,300251,71.39,75.44,76.28,69.04,95881,708504197.0,9.96,3.81,2.77,43.58,7.239999999999995
2011-08-08,300251,75.5,74.09,76.54,70.31,74301,543373507.0,8.26,-1.79,-1.35,33.77,6.230000000000004
2011-08-09,300251,73.0,79.6,81.5,72.8,84650,660703298.0,11.74,7.44,5.51,38.48,8.700000000000003
2011-08-10,300251,78.16,77.96,81.6,77.8,62952,498509118.0,4.77,-2.06,-1.64,28.61,3.799999999999997
2011-08-11,300251,77.4,80.83,82.38,77.4,40865,327452652.0,6.39,3.68,2.87,18.57,4.97999999999999
2011-08-12,300251,81.0,80.9,82.82,79.68,35266,285879696.0,3.88,0.09,0.07,16.03,3.1399999999999864
2011-08-15,300251,81.02,79.8,81.81,79.7,29927,240840778.0,2.61,-1.36,-1.1,13.6,2.1099999999999994
2011-08-16,300251,80.01,80.35,82.0,79.65,27454,221410391.0,2.94,0.69,0.55,12.48,2.3499999999999943
2011-08-17,300251,79.0,77.27,79.93,76.6,38799,301598432.0,4.14,-3.83,-3.08,17.64,3.3300000000000125
2011-08-18,300251,76.05,77.0,78.39,76.05,23684,183426789.0,3.03,-0.35,-0.27,10.77,2.3400000000000034
2011-08-19,300251,75.75,76.0,76.8,73.77,28324,212634801.0,3.94,-1.3,-1.0,12.87,3.030000000000001
2011-08-22,300251,75.95,74.7,77.25,74.35,17058,128844066.0,3.82,-1.71,-1.3,7.75,2.9000000000000057
2011-08-23,300251,75.0,78.35,78.5,74.0,27722,213716668.0,6.02,4.89,3.65,12.6,4.5
2011-08-24,300251,78.41,77.09,80.67,76.9,29723,234885760.0,4.81,-1.61,-1.26,13.51,3.769999999999996
2011-08-25,300251,76.61,76.0,77.43,74.33,20408,154462821.0,4.02,-1.41,-1.09,9.28,3.1000000000000085
2011-08-26,300251,76.3,83.6,83.6,75.6,45247,367824816.0,10.53,10.0,7.6,20.57,8.0
2011-08-29,300251,83.0,82.75,83.86,81.6,23583,194727773.0,2.7,-1.02,-0.85,10.72,2.260000000000005
2011-08-30,300251,82.51,79.22,83.48,79.22,23288,190061528.0,5.15,-4.27,-3.53,10.59,4.260000000000005
2011-08-31,300251,79.6,77.16,79.87,74.22,31619,241707049.0,7.13,-2.6,-2.06,14.37,5.650000000000006
2011-09-01,300251,77.21,75.35,77.4,74.62,15977,121181051.0,3.6,-2.35,-1.81,7.26,2.780000000000001
2011-09-02,300251,75.35,75.86,76.8,75.0,14753,112122285.0,2.39,0.68,0.51,6.71,1.7999999999999972
2011-09-05,300251,74.96,72.1,75.0,71.85,21590,157108196.0,4.15,-4.96,-3.76,9.81,3.1500000000000057
2011-09-06,300251,70.88,68.89,72.05,66.66,24389,169081119.0,7.48,-4.45,-3.21,11.09,5.390000000000001
2011-09-07,300251,69.5,71.0,71.5,68.92,15349,107679756.0,3.75,3.06,2.11,6.98,2.5799999999999983
2011-09-08,300251,70.93,66.5,71.65,66.5,18977,131461634.0,7.25,-6.34,-4.5,8.63,5.150000000000006
2011-09-09,300251,66.55,65.93,68.67,64.95,19095,127880467.0,5.59,-0.86,-0.57,8.68,3.719999999999999
2011-09-13,300251,64.58,64.91,66.0,63.08,13464,86740269.0,4.43,-1.55,-1.02,6.12,2.9200000000000017
2011-09-14,300251,66.0,66.0,66.6,63.41,10618,69450972.0,4.91,1.68,1.09,4.83,3.1899999999999977
2011-09-15,300251,65.88,65.92,68.2,65.58,11075,74170460.0,3.97,-0.12,-0.08,5.03,2.6200000000000045
2011-09-16,300251,66.99,65.32,66.99,65.16,8328,54795791.0,2.78,-0.91,-0.6,3.79,1.8299999999999983
2011-09-19,300251,64.38,61.67,64.39,61.5,11089,69270618.0,4.42,-5.59,-3.65,5.04,2.8900000000000006
2011-09-20,300251,61.45,62.22,63.04,61.45,8447,52619228.0,2.58,0.89,0.55,3.84,1.5899999999999963
2011-09-21,300251,61.9,65.4,65.96,61.83,9989,64136357.0,6.64,5.11,3.18,4.54,4.1299999999999955
2011-09-22,300251,64.53,62.17,65.38,62.0,6782,43211220.0,5.17,-4.94,-3.23,3.08,3.3799999999999955
2011-09-23,300251,61.28,63.0,63.8,60.35,6277,39207357.0,5.55,1.34,0.83,2.85,3.4499999999999957
2011-09-26,300251,62.99,63.6,64.65,62.79,6600,42171343.0,2.95,0.95,0.6,3.0,1.8600000000000065
2011-09-27,300251,64.2,64.0,65.96,63.71,9497,61718533.0,3.54,0.63,0.4,4.32,2.249999999999993
2011-09-28,300251,64.95,61.1,65.03,61.05,6231,38915037.0,6.22,-4.53,-2.9,2.83,3.980000000000004
2011-09-29,300251,60.95,59.86,61.82,59.8,7624,46266862.0,3.31,-2.03,-1.24,3.47,2.020000000000003
2011-09-30,300251,60.5,61.89,61.99,59.66,6702,40736889.0,3.89,3.39,2.03,3.05,2.3300000000000054
2011-10-10,300251,62.68,61.15,64.6,61.03,6875,43053261.0,5.77,-1.2,-0.74,3.12,3.569999999999993
2011-10-11,300251,62.98,59.79,63.5,59.06,9529,58571289.0,7.26,-2.22,-1.36,4.33,4.439999999999998
2011-10-12,300251,59.0,62.5,62.87,58.11,13530,83234376.0,7.96,4.53,2.71,6.15,4.759999999999998
2011-10-13,300251,62.3,63.49,64.79,62.3,15101,95998305.0,3.98,1.58,0.99,6.86,2.490000000000009
2011-10-14,300251,62.88,62.99,64.47,62.18,7566,47710263.0,3.61,-0.79,-0.5,3.44,2.289999999999999
2011-10-18,300251,64.0,64.4,66.49,63.51,27087,176043166.0,4.73,2.24,1.41,12.31,2.979999999999997
2011-10-19,300251,64.85,62.9,66.76,62.65,18113,117408394.0,6.38,-2.33,-1.5,8.23,4.1100000000000065
2011-10-20,300251,62.9,59.71,62.92,58.58,11647,70111660.0,6.9,-5.07,-3.19,5.29,4.340000000000003
2011-10-21,300251,59.33,57.3,60.0,56.51,8878,51283572.0,5.84,-4.04,-2.41,4.04,3.490000000000002
2011-10-24,300251,57.4,59.98,60.8,56.61,8923,52344252.0,7.31,4.68,2.68,4.06,4.189999999999998
2011-10-25,300251,61.0,62.49,63.48,60.3,16932,105305180.0,5.3,4.18,2.51,7.7,3.1799999999999997
2011-10-26,300251,61.49,65.46,68.67,61.1,29647,193561880.0,12.11,4.75,2.97,13.48,7.57
2011-10-27,300251,65.43,64.05,65.99,63.6,17556,113481761.0,3.65,-2.15,-1.41,7.98,2.3899999999999935
2011-10-28,300251,64.94,66.69,68.47,64.58,23179,154079973.0,6.07,4.12,2.64,10.54,3.8900000000000006
2011-10-31,300251,66.86,68.35,69.4,65.9,20418,139087735.0,5.25,2.49,1.66,9.28,3.5
2011-11-01,300251,67.8,66.8,68.86,66.0,16492,111312157.0,4.18,-2.27,-1.55,7.5,2.8599999999999994
2011-11-02,300251,65.4,71.34,72.28,65.0,28375,195660337.0,10.9,6.8,4.54,12.9,7.280000000000001
2011-11-03,300251,71.88,69.87,72.6,69.63,35420,251724259.0,4.16,-2.06,-1.47,12.93,2.969999999999999
2011-11-04,300251,70.25,68.45,71.48,67.52,28185,196293359.0,5.67,-2.03,-1.42,10.29,3.960000000000008
2011-11-07,300251,68.01,68.89,70.79,68.01,16043,111300159.0,4.06,0.64,0.44,5.86,2.780000000000001
2011-11-08,300251,69.37,67.8,69.37,67.6,9275,63742931.0,2.57,-1.58,-1.09,3.39,1.7700000000000102
2011-11-09,300251,68.35,70.8,70.96,66.85,24545,169303251.0,6.06,4.42,3.0,8.96,4.109999999999999
2011-11-10,300251,69.36,68.2,71.09,68.05,20362,141929335.0,4.29,-3.67,-2.6,7.43,3.0400000000000063
2011-11-11,300251,68.15,70.33,73.49,68.1,21916,155168941.0,7.9,3.12,2.13,8.0,5.390000000000001
2011-11-14,300251,71.29,71.54,72.39,70.5,13193,94499700.0,2.69,1.72,1.21,4.82,1.8900000000000006
2011-11-15,300251,71.55,71.02,72.49,70.1,13947,98971061.0,3.34,-0.73,-0.52,5.09,2.3900000000000006
2011-11-16,300251,70.99,68.79,71.32,68.2,14269,99681242.0,4.39,-3.14,-2.23,5.21,3.1199999999999903
2011-11-17,300251,69.0,70.7,72.5,68.34,16991,119695726.0,6.05,2.78,1.91,6.2,4.159999999999997
2011-11-18,300251,70.07,68.5,71.49,68.35,16499,114779952.0,4.44,-3.11,-2.2,6.02,3.1400000000000006
2011-11-21,300251,68.68,67.71,68.8,66.5,12470,83856963.0,3.36,-1.15,-0.79,4.55,2.299999999999997
2011-11-22,300251,66.8,67.75,68.45,66.5,8624,58366982.0,2.88,0.06,0.04,3.15,1.9500000000000028
2011-11-23,300251,67.8,68.4,69.39,67.53,9977,68524053.0,2.75,0.96,0.65,3.64,1.8599999999999994
2011-11-24,300251,67.85,70.0,71.28,67.32,12610,88182034.0,5.79,2.34,1.6,4.6,3.960000000000008
2011-11-25,300251,69.9,70.3,71.27,69.61,12177,85952165.0,2.37,0.43,0.3,4.44,1.6599999999999966
2011-11-28,300251,69.91,68.9,70.69,68.1,11896,82644867.0,3.68,-1.99,-1.4,4.34,2.5900000000000034
2011-11-29,300251,69.3,67.18,69.3,65.0,19926,133216528.0,6.24,-2.5,-1.72,7.27,4.299999999999997
2011-11-30,300251,67.0,62.0,67.0,61.88,14033,89809888.0,7.62,-7.71,-5.18,5.12,5.119999999999997
2011-12-01,300251,63.9,62.05,64.98,61.9,16549,105095245.0,4.97,0.08,0.05,6.04,3.0800000000000054
2011-12-02,300251,61.59,61.16,63.0,59.0,11579,70686428.0,6.45,-1.43,-0.89,4.23,4.0
2011-12-05,300251,60.65,59.81,61.97,59.48,4983,30323327.0,4.07,-2.21,-1.35,1.82,2.490000000000002
2011-12-06,300251,59.88,61.55,62.3,59.58,8257,50155237.0,4.55,2.91,1.74,3.01,2.719999999999999
2011-12-07,300251,61.2,61.6,62.38,61.1,7283,45025286.0,2.08,0.08,0.05,2.66,1.2800000000000011
2011-12-08,300251,61.61,64.6,66.98,61.56,17583,113313661.0,8.8,4.87,3.0,6.42,5.420000000000002
2011-12-09,300251,63.97,64.56,66.33,63.88,9478,61706070.0,3.79,-0.06,-0.04,3.46,2.4499999999999957
2011-12-12,300251,64.28,63.82,65.36,63.62,7881,50891356.0,2.7,-1.15,-0.74,2.88,1.740000000000002
2011-12-13,300251,63.03,63.9,65.2,61.5,12477,78610693.0,5.8,0.13,0.08,4.55,3.700000000000003
2011-12-14,300251,63.6,61.2,64.0,60.9,9009,56282263.0,4.85,-4.23,-2.7,3.29,3.1000000000000014
2011-12-15,300251,60.5,60.45,61.88,59.89,4363,26578021.0,3.25,-1.23,-0.75,1.59,1.990000000000002
2011-12-16,300251,61.0,64.1,64.2,60.35,10458,65614098.0,6.37,6.04,3.65,3.82,3.8500000000000014
2011-12-19,300251,63.3,66.66,66.66,63.03,13056,84884833.0,5.66,3.99,2.56,4.77,3.6299999999999955
2011-12-20,300251,66.23,64.3,67.15,64.25,11466,75387870.0,4.35,-3.54,-2.36,4.18,2.9000000000000057
2011-12-21,300251,65.0,63.84,65.87,63.65,6728,43596774.0,3.45,-0.72,-0.46,2.46,2.220000000000006
2011-12-22,300251,63.8,63.25,64.44,60.6,8359,52211201.0,6.02,-0.92,-0.59,3.05,3.8399999999999963
2011-12-23,300251,63.05,63.48,64.6,62.7,4368,27804133.0,3.0,0.36,0.23,1.59,1.8999999999999915
2011-12-26,300251,63.5,63.5,64.8,63.3,4494,28636639.0,2.36,0.03,0.02,1.64,1.5
2011-12-27,300251,62.61,62.3,65.29,62.3,9328,59481506.0,4.71,-1.89,-1.2,3.4,2.990000000000009
2011-12-28,300251,61.1,61.0,61.1,57.5,12066,71949806.0,5.78,-2.09,-1.3,4.4,3.6000000000000014
2011-12-29,300251,59.85,60.17,61.45,59.61,3691,22322738.0,3.02,-1.36,-0.83,1.35,1.8400000000000034
2011-12-30,300251,60.5,60.72,62.5,60.22,5343,32786907.0,3.79,0.91,0.55,1.95,2.280000000000001
2012-01-04,300251,61.8,59.66,62.57,59.5,7415,45617511.0,5.06,-1.75,-1.06,2.71,3.0700000000000003
2012-01-05,300251,58.94,56.1,59.6,56.1,7565,43410198.0,5.87,-5.97,-3.56,2.76,3.5
2012-01-06,300251,55.3,55.6,56.11,53.18,7057,38396551.0,5.22,-0.89,-0.5,2.58,2.9299999999999997
2012-01-09,300251,55.48,57.49,57.6,54.47,6587,37218844.0,5.63,3.4,1.89,2.4,3.1300000000000026
2012-01-10,300251,58.5,59.98,60.59,58.05,7971,47474225.0,4.42,4.33,2.49,2.91,2.5400000000000063
2012-01-11,300251,59.51,59.5,61.12,59.06,6615,39752434.0,3.43,-0.8,-0.48,2.41,2.059999999999995
2012-01-12,300251,59.29,55.78,59.86,55.76,17327,98870066.0,6.89,-6.25,-3.72,6.32,4.100000000000001
2012-01-13,300251,55.11,51.42,55.12,51.42,17163,91279018.0,6.63,-7.82,-4.36,6.26,3.6999999999999957
2012-01-16,300251,49.01,49.77,51.0,49.01,9040,45159457.0,3.87,-3.21,-1.65,3.3,1.990000000000002
2012-01-17,300251,49.93,51.46,51.87,48.03,8621,43212041.0,7.72,3.4,1.69,3.15,3.8399999999999963
2012-01-18,300251,51.48,46.38,51.48,46.31,11621,56398192.0,10.05,-9.87,-5.08,4.24,5.169999999999995
2012-01-19,300251,45.6,46.4,47.25,45.01,8831,40868373.0,4.83,0.04,0.02,3.22,2.240000000000002
2012-01-20,300251,46.69,47.1,47.98,46.41,7317,34525032.0,3.38,1.51,0.7,2.67,1.5700000000000003
2012-01-30,300251,47.3,47.86,48.85,46.5,8081,38837874.0,4.99,1.61,0.76,2.95,2.3500000000000014
2012-01-31,300251,47.84,48.5,48.8,47.2,5351,25741387.0,3.34,1.34,0.64,1.95,1.5999999999999943
2012-02-01,300251,48.3,48.19,49.48,48.02,6300,30730583.0,3.01,-0.64,-0.31,2.3,1.4599999999999937
2012-02-02,300251,48.45,49.53,49.66,47.91,6318,30853592.0,3.63,2.78,1.34,2.31,1.75
2012-02-03,300251,49.24,50.9,51.64,49.01,9785,49595270.0,5.31,2.77,1.37,3.57,2.6300000000000026
2012-02-06,300251,50.83,51.29,51.8,50.8,10073,51658682.0,1.96,0.77,0.39,3.68,1.0
2012-02-07,300251,51.25,50.4,51.69,50.29,7939,40440655.0,2.73,-1.74,-0.89,2.9,1.3999999999999986
2012-02-08,300251,50.31,51.29,51.35,49.61,9990,50530758.0,3.45,1.77,0.89,3.65,1.740000000000002
2012-02-09,300251,51.0,51.33,52.4,50.5,14631,75507414.0,3.7,0.08,0.04,5.34,1.8999999999999986
2012-02-10,300251,51.0,52.63,52.99,50.52,9303,47956536.0,4.81,2.53,1.3,3.4,2.469999999999999
2012-02-13,300251,52.0,54.83,55.47,51.75,14213,76478194.0,7.07,4.18,2.2,5.19,3.719999999999999
2012-02-14,300251,54.83,53.99,54.97,53.7,6521,35313345.0,2.32,-1.53,-0.84,2.38,1.269999999999996
2012-02-15,300251,54.01,56.07,56.25,53.55,10370,57388082.0,5.0,3.85,2.08,3.78,2.700000000000003
2012-02-16,300251,56.33,56.1,58.15,55.9,19638,112120343.0,4.01,0.05,0.03,7.17,2.25
2012-02-17,300251,56.6,56.76,57.49,56.12,8095,46043322.0,2.44,1.18,0.66,2.95,1.3700000000000045
2012-02-20,300251,57.48,56.45,57.89,56.45,8485,48393787.0,2.54,-0.55,-0.31,3.1,1.4399999999999977
2012-02-21,300251,56.44,58.08,58.08,56.3,10543,60262557.0,3.15,2.89,1.63,3.85,1.7800000000000011
2012-02-22,300251,57.8,59.08,59.28,57.36,12582,73882174.0,3.31,1.72,1.0,4.59,1.9200000000000017
2012-02-23,300251,59.09,59.45,60.58,58.65,12003,71586394.0,3.27,0.63,0.37,4.38,1.9299999999999997
2012-02-24,300251,59.01,59.95,60.9,58.51,16289,97101356.0,4.02,0.84,0.5,5.94,2.3900000000000006
2012-02-27,300251,59.94,58.92,60.1,58.2,21423,126974400.0,3.17,-1.72,-1.03,7.82,1.8999999999999986
2012-02-28,300251,58.77,56.91,58.77,56.88,15680,90612488.0,3.21,-3.41,-2.01,5.72,1.8900000000000006
2012-02-29,300251,57.45,56.6,59.53,56.51,17104,99040935.0,5.31,-0.54,-0.31,6.24,3.020000000000003
2012-03-01,300251,56.2,57.79,58.43,56.0,8641,49774687.0,4.29,2.1,1.19,3.15,2.4299999999999997
2012-03-02,300251,57.99,58.5,58.61,57.85,8253,48174427.0,1.32,1.23,0.71,3.01,0.759999999999998
2012-03-05,300251,59.0,58.9,60.01,58.69,10998,65409683.0,2.26,0.68,0.4,4.01,1.3200000000000003
2012-03-06,300251,58.9,59.7,60.19,58.8,15959,94869218.0,2.36,1.36,0.8,5.82,1.3900000000000006
2012-03-07,300251,59.08,59.28,60.21,58.9,9486,56428327.0,2.19,-0.7,-0.42,3.46,1.3100000000000023
2012-03-08,300251,59.43,59.97,60.47,59.28,10226,61332694.0,2.01,1.16,0.69,3.73,1.1899999999999977
2012-03-09,300251,60.22,63.4,63.8,60.0,16865,104890905.0,6.34,5.72,3.43,6.15,3.799999999999997
2012-03-12,300251,63.89,65.5,67.6,63.7,24095,158043364.0,6.15,3.31,2.1,8.79,3.8999999999999915
2012-03-13,300251,67.0,68.95,69.0,65.6,42502,285642720.0,5.19,5.27,3.45,15.51,3.4000000000000057
2012-03-14,300251,68.21,65.0,68.8,63.63,32969,220027889.0,7.5,-5.73,-3.95,12.03,5.169999999999995
2012-03-15,300251,67.31,67.91,71.3,66.0,47351,323775040.0,8.15,4.48,2.91,17.28,5.299999999999997
2012-03-16,300251,67.55,67.91,67.99,65.88,24424,163742657.0,3.11,0.0,0.0,8.91,2.1099999999999994
2012-03-19,300251,67.57,68.5,68.99,66.52,19674,133268338.0,3.64,0.87,0.59,7.18,2.469999999999999
2012-03-20,300251,68.6,65.5,68.65,65.45,24045,159402786.0,4.67,-4.38,-3.0,8.78,3.200000000000003
2012-03-21,300251,65.6,63.87,66.0,62.0,22410,142552487.0,6.11,-2.49,-1.63,8.18,4.0
2012-03-22,300251,63.8,64.65,65.35,63.31,14082,90956788.0,3.19,1.22,0.78,5.14,2.039999999999992
2012-03-23,300251,64.23,63.45,65.99,63.0,14368,92693669.0,4.62,-1.86,-1.2,5.24,2.989999999999995
2012-03-26,300251,63.19,61.6,63.99,61.0,13635,85093780.0,4.71,-2.92,-1.85,4.98,2.990000000000002
2012-03-27,300251,62.01,62.16,63.18,61.6,10947,68283900.0,2.56,0.91,0.56,4.0,1.5799999999999983
2012-03-28,300251,62.1,61.02,63.14,60.8,13841,85772477.0,3.76,-1.83,-1.14,5.05,2.3400000000000034
2012-03-29,300251,60.83,58.51,60.85,57.51,12754,75161891.0,5.47,-4.11,-2.51,4.65,3.3400000000000034
2012-03-30,300251,58.6,59.2,60.08,58.38,13278,78836719.0,2.91,1.18,0.69,4.85,1.6999999999999957
2012-04-06,300251,61.66,61.03,62.17,60.8,15433,94926471.0,2.31,3.09,1.83,5.63,1.3700000000000045
2012-04-09,300251,60.99,59.45,60.99,59.3,8877,53483493.0,2.77,-2.59,-1.58,3.24,1.6900000000000048
2012-04-10,300251,58.7,61.3,61.3,58.4,9027,54107091.0,4.88,3.11,1.85,3.29,2.8999999999999986
2012-04-11,300251,60.53,60.74,61.6,60.25,7457,45465369.0,2.2,-0.91,-0.56,2.72,1.3500000000000014
2012-04-12,300251,60.87,63.15,63.3,60.6,14286,88833934.0,4.45,3.97,2.41,5.21,2.6999999999999957
2012-04-13,300251,63.0,62.81,63.58,62.59,9916,62539121.0,1.57,-0.54,-0.34,3.62,0.9899999999999949
2012-04-16,300251,62.5,60.95,62.5,60.43,7872,48467366.0,3.3,-2.96,-1.86,2.87,2.0700000000000003
2012-04-17,300251,60.88,60.8,62.18,60.5,6242,38297593.0,2.76,-0.25,-0.15,2.28,1.6799999999999997
2012-04-18,300251,61.5,62.23,62.44,61.03,8491,52599994.0,2.32,2.35,1.43,3.1,1.4099999999999966
2012-04-19,300251,62.1,62.7,62.8,61.8,8265,51410343.0,1.61,0.76,0.47,3.02,1.0
2012-04-20,300251,62.3,64.01,64.28,62.22,11755,74812443.0,3.29,2.09,1.31,4.29,2.0600000000000023
2012-04-23,300251,63.78,59.9,64.3,59.5,16484,101544583.0,7.5,-6.42,-4.11,6.02,4.799999999999997
2012-04-24,300251,59.77,61.8,61.8,58.5,9956,59892452.0,5.51,3.17,1.9,3.63,3.299999999999997
2012-04-25,300251,60.1,56.44,61.0,55.75,23924,136863928.0,8.5,-8.67,-5.36,8.73,5.25
2012-04-26,300251,56.0,56.25,57.4,54.45,13820,77490417.0,5.23,-0.34,-0.19,5.04,2.9499999999999957
2012-04-27,300251,56.0,55.34,56.11,53.8,25463,62517401.0,4.11,-1.62,-0.91,4.22,2.3100000000000023
2012-05-02,300251,54.9,53.58,55.54,52.94,38304,91655153.0,4.7,-3.18,-1.76,6.35,2.6000000000000014
2012-05-03,300251,53.14,53.8,54.57,52.77,24768,59386899.0,3.36,0.41,0.22,4.11,1.7999999999999972
2012-05-04,300251,53.91,56.46,57.63,53.91,43366,107609932.0,6.91,4.94,2.66,7.19,3.720000000000006
2012-05-07,300251,55.74,57.06,57.54,55.12,31221,78544427.0,4.29,1.06,0.6,5.18,2.4200000000000017
2012-05-08,300251,57.14,58.16,60.38,56.7,44070,115498451.0,6.45,1.93,1.1,7.31,3.6799999999999997
2012-05-09,300251,57.94,56.11,57.94,56.02,22034,55550870.0,3.3,-3.52,-2.05,3.66,1.9199999999999946
2012-05-10,300251,56.04,56.24,57.21,56.0,18163,45842691.0,2.16,0.23,0.13,3.01,1.2100000000000009
2012-05-11,300251,56.44,54.55,57.06,54.26,22795,56580170.0,4.98,-3.0,-1.69,3.78,2.8000000000000043
2012-05-14,300251,54.86,53.71,55.23,53.69,26572,64359279.0,2.82,-1.54,-0.84,4.41,1.5399999999999991
2012-05-15,300251,53.36,54.5,54.83,53.03,16352,39482892.0,3.35,1.47,0.79,2.71,1.7999999999999972
2012-05-16,300251,54.46,53.25,54.46,53.25,18364,44117219.0,2.22,-2.29,-1.25,3.05,1.2100000000000009
2012-05-17,300251,53.25,54.02,54.61,52.68,11538,27652772.0,3.62,1.45,0.77,1.91,1.9299999999999997
2012-05-18,300251,53.36,53.56,53.58,52.04,23777,55919890.0,2.85,-0.85,-0.46,3.94,1.5399999999999991
2012-05-21,300251,52.5,55.34,55.47,52.5,23123,56194946.0,5.55,3.32,1.78,3.84,2.969999999999999
2012-05-22,300251,55.19,55.01,55.67,54.59,15402,37813958.0,1.95,-0.6,-0.33,2.56,1.0799999999999983
2012-05-23,300251,54.99,53.84,55.32,53.6,13671,33113490.0,3.13,-2.13,-1.17,2.27,1.7199999999999989
2012-05-24,300251,54.28,53.67,54.28,53.16,8969,21392164.0,2.08,-0.32,-0.17,1.49,1.1200000000000045
2012-05-25,300251,53.45,51.8,53.58,51.27,15856,36785996.0,4.3,-3.48,-1.87,2.63,2.309999999999995
2012-05-28,300251,51.38,51.73,52.02,50.06,8318,18882637.0,3.78,-0.14,-0.07,1.38,1.9600000000000009
2012-05-29,300251,51.73,51.95,52.46,50.96,9308,21525294.0,2.9,0.43,0.22,1.54,1.5
2012-05-30,300251,52.39,51.82,52.7,51.34,11587,26831574.0,2.62,-0.25,-0.13,1.92,1.3599999999999994
2012-05-31,300251,51.78,53.4,54.15,51.38,22057,52152634.0,5.35,3.05,1.58,3.66,2.769999999999996
2012-06-01,300251,53.25,54.15,54.46,52.92,19402,46675076.0,2.88,1.4,0.75,3.22,1.5399999999999991
2012-06-04,300251,52.72,53.01,53.78,52.61,11829,28061444.0,2.16,-2.11,-1.14,1.96,1.1700000000000017
2012-06-05,300251,53.36,53.14,54.06,51.64,11490,27255559.0,4.57,0.25,0.13,1.91,2.4200000000000017
2012-06-06,300251,53.32,53.47,54.57,53.1,13042,31349283.0,2.77,0.62,0.33,2.16,1.4699999999999989
2012-06-07,300251,53.8,52.92,54.68,51.82,7887,18672797.0,5.35,-1.03,-0.55,1.31,2.8599999999999994
2012-06-08,300251,53.25,53.03,53.91,52.15,8885,21106409.0,3.33,0.21,0.11,1.47,1.759999999999998
2012-06-11,300251,53.1,55.41,55.89,52.92,24588,60276035.0,5.6,4.49,2.38,4.08,2.969999999999999
2012-06-12,300251,54.94,55.01,55.76,54.64,12590,31028138.0,2.02,-0.72,-0.4,2.09,1.1199999999999974
2012-06-13,300251,54.9,55.23,55.91,54.64,13787,34088839.0,2.31,0.4,0.22,2.29,1.269999999999996
2012-06-14,300251,55.23,54.9,56.7,54.83,15202,37961937.0,3.39,-0.6,-0.33,2.52,1.8700000000000045
2012-06-15,300251,55.16,54.81,55.67,54.42,8451,20647374.0,2.28,-0.16,-0.09,1.4,1.25
2012-06-18,300251,55.12,56.11,57.08,54.94,17512,44158865.0,3.9,2.37,1.3,2.91,2.1400000000000006
2012-06-19,300251,56.33,56.24,57.3,55.58,11962,30199750.0,3.07,0.23,0.13,1.98,1.7199999999999989
2012-06-20,300251,56.35,57.45,57.98,56.35,20148,51737350.0,2.9,2.15,1.21,3.34,1.6299999999999955
2012-06-21,300251,57.1,56.31,57.72,55.63,13817,34783612.0,3.64,-1.98,-1.14,2.29,2.0899999999999963
2012-06-25,300251,55.98,54.37,56.31,53.93,11051,26949688.0,4.23,-3.45,-1.94,1.83,2.3800000000000026
2012-06-26,300251,53.69,52.68,54.33,51.69,21314,49751164.0,4.86,-3.11,-1.69,3.54,2.6400000000000006
2012-06-27,300251,52.26,52.13,53.12,51.78,14376,33672862.0,2.54,-1.04,-0.55,2.38,1.3399999999999963
2012-06-28,300251,52.57,51.27,52.57,51.27,8823,20323847.0,2.49,-1.65,-0.86,1.46,1.2999999999999972
2012-06-29,300251,51.16,52.35,52.55,50.96,6464,14995125.0,3.1,2.11,1.08,1.07,1.5899999999999963
2012-07-02,300251,53.07,53.14,53.78,52.81,6415,15235884.0,1.85,1.51,0.79,1.06,0.9699999999999989
2012-07-03,300251,53.05,53.49,54.37,52.7,7188,17231881.0,3.14,0.66,0.35,1.19,1.6699999999999946
2012-07-04,300251,53.95,52.48,53.95,52.06,7718,18197518.0,3.53,-1.89,-1.01,1.28,1.8900000000000006
2012-07-05,300251,52.66,51.4,52.66,51.36,5731,13190205.0,2.48,-2.06,-1.08,0.95,1.2999999999999972
2012-07-06,300251,51.56,51.56,51.91,49.07,15691,35160126.0,5.53,0.31,0.16,2.6,2.8399999999999963
2012-07-09,300251,50.76,49.25,51.16,48.48,16481,36372516.0,5.2,-4.48,-2.31,2.73,2.6799999999999997
2012-07-10,300251,49.62,50.08,50.79,49.27,16081,35955770.0,3.09,1.69,0.83,2.67,1.519999999999996
2012-07-11,300251,49.93,49.86,50.06,49.09,9247,20426317.0,1.94,-0.44,-0.22,1.53,0.9699999999999989
2012-07-12,300251,49.8,50.02,50.06,47.71,21711,47246083.0,4.71,0.32,0.16,3.6,2.3500000000000014
2012-07-13,300251,49.4,50.08,50.1,49.18,9801,21706715.0,1.84,0.12,0.06,1.63,0.9200000000000017
2012-07-16,300251,50.13,47.82,50.26,47.75,6642,14370600.0,5.01,-4.51,-2.26,1.1,2.509999999999998
2012-07-17,300251,47.82,47.97,48.04,47.05,5449,11538699.0,2.07,0.31,0.15,0.9,0.990000000000002
2012-07-18,300251,47.97,48.87,48.94,47.73,5426,11656954.0,2.52,1.88,0.9,0.9,1.2100000000000009
2012-07-19,300251,48.59,49.84,50.94,48.32,9969,22242111.0,5.36,1.98,0.97,1.65,2.6199999999999974
2012-07-20,300251,49.62,49.95,50.92,49.42,4346,9718132.0,3.01,0.22,0.11,0.72,1.5
2012-07-23,300251,49.62,50.35,50.37,48.12,7626,16708929.0,4.5,0.8,0.4,1.27,2.25
2012-07-24,300251,49.82,51.45,51.67,49.2,11469,26066134.0,4.91,2.18,1.1,1.9,2.469999999999999
2012-07-25,300251,51.38,50.72,51.97,50.57,8495,19379521.0,2.72,-1.42,-0.73,1.41,1.3999999999999986
2012-07-26,300251,50.7,50.5,51.31,50.26,4943,11174882.0,2.07,-0.43,-0.22,0.82,1.0500000000000043
2012-07-27,300251,50.85,50.5,51.14,50.19,5976,13454353.0,1.88,0.0,0.0,0.99,0.9500000000000028
2012-07-30,300251,50.63,51.34,51.97,50.39,15154,34568498.0,3.13,1.66,0.84,2.51,1.5799999999999983
2012-07-31,300251,50.72,49.62,50.72,47.86,13629,29796315.0,5.57,-3.35,-1.72,2.26,2.8599999999999994
2012-08-01,300251,49.27,49.95,50.39,48.34,8802,19530333.0,4.13,0.67,0.33,1.46,2.049999999999997
2012-08-02,300251,49.58,50.39,50.85,48.92,11916,26654507.0,3.86,0.88,0.44,1.98,1.9299999999999997
2012-08-03,300251,50.72,53.21,53.58,50.08,22849,53201807.0,6.95,5.6,2.82,3.51,3.5
2012-08-06,300251,53.21,55.38,55.56,52.83,19568,47505583.0,5.13,4.08,2.17,3.01,2.730000000000004
2012-08-07,300251,56.0,55.63,57.3,55.12,22149,55549862.0,3.94,0.45,0.25,3.4,2.1799999999999997
2012-08-08,300251,55.52,55.56,56.4,54.46,12497,30683207.0,3.49,-0.13,-0.07,1.92,1.9399999999999977
2012-08-09,300251,55.56,55.87,55.96,54.42,11827,29174150.0,2.77,0.56,0.31,1.82,1.5399999999999991
2012-08-10,300251,55.34,57.72,59.74,55.03,17105,43570740.0,8.43,3.31,1.85,2.63,4.710000000000001
2012-08-13,300251,57.32,54.77,57.32,54.72,16265,40562450.0,4.5,-5.11,-2.95,2.5,2.6000000000000014
2012-08-14,300251,54.72,55.23,55.54,53.14,11102,26911732.0,4.38,0.84,0.46,1.71,2.3999999999999986
2012-08-15,300251,55.03,53.84,55.03,53.8,5426,13127740.0,2.23,-2.52,-1.39,0.83,1.230000000000004
2012-08-16,300251,53.87,53.8,54.13,53.05,5403,12922415.0,2.01,-0.07,-0.04,0.83,1.0800000000000054
2012-08-17,300251,53.16,53.71,54.39,53.14,5777,13815814.0,2.32,-0.17,-0.09,0.89,1.25
2012-08-20,300251,52.92,54.44,54.66,52.77,5688,13735017.0,3.52,1.36,0.73,0.87,1.8899999999999935
2012-08-21,300251,54.5,55.85,56.37,54.04,13215,32793104.0,4.28,2.59,1.41,2.03,2.3299999999999983
2012-08-22,300251,55.78,56.0,58.0,55.32,35718,90688735.0,4.8,0.27,0.15,5.49,2.6799999999999997
2012-08-23,300251,56.22,56.64,56.92,55.6,9768,24647858.0,2.36,1.14,0.64,1.5,1.3200000000000003
2012-08-24,300251,57.23,55.52,57.23,55.52,11170,27976829.0,3.02,-1.98,-1.12,1.72,1.7099999999999937
2012-08-27,300251,55.52,56.53,56.73,53.62,13818,34344889.0,5.6,1.82,1.01,2.12,3.1099999999999994
2012-08-28,300251,56.55,58.57,59.08,56.0,20998,54186592.0,5.45,3.61,2.04,3.23,3.0799999999999983
2012-08-29,300251,58.16,59.21,59.56,57.85,24949,65837959.0,2.92,1.09,0.64,3.83,1.7100000000000009
2012-08-30,300251,59.7,56.9,59.7,53.82,15735,40284353.0,9.93,-3.9,-2.31,2.42,5.880000000000003
2012-08-31,300251,56.11,57.21,57.61,55.8,8061,20433376.0,3.18,0.54,0.31,1.24,1.8100000000000023
2012-09-03,300251,57.1,58.53,58.86,56.24,14022,36298678.0,4.58,2.31,1.32,2.15,2.6199999999999974
2012-09-04,300251,58.2,57.54,58.82,57.5,11315,29374641.0,2.26,-1.69,-0.99,1.74,1.3200000000000003
2012-09-05,300251,57.14,57.45,58.42,57.1,9900,25499387.0,2.29,-0.16,-0.09,1.52,1.3200000000000003
2012-09-06,300251,57.5,58.35,58.53,57.5,8208,21269051.0,1.79,1.57,0.9,1.26,1.0300000000000011
2012-09-07,300251,58.62,60.2,60.73,58.38,22410,59824939.0,4.03,3.17,1.85,3.44,2.3499999999999943
2012-09-10,300251,60.22,60.95,61.08,59.61,17020,46062851.0,2.44,1.25,0.75,2.61,1.4699999999999989
2012-09-11,300251,60.84,60.42,62.56,60.09,43427,119066196.0,4.05,-0.87,-0.53,6.67,2.469999999999999
2012-09-12,300251,60.91,58.79,61.15,58.33,24934,65956440.0,4.67,-2.7,-1.63,3.83,2.8200000000000003
2012-09-13,300251,58.4,57.76,59.7,57.76,16325,42824773.0,3.3,-1.75,-1.03,2.51,1.9400000000000048
2012-09-14,300251,57.76,57.78,58.62,57.23,11248,29053567.0,2.41,0.03,0.02,1.73,1.3900000000000006
2012-09-17,300251,57.76,55.49,58.35,55.34,10518,26668335.0,5.21,-3.96,-2.29,1.62,3.009999999999998
2012-09-18,300251,55.49,55.12,55.93,54.09,7507,18510751.0,3.32,-0.67,-0.37,1.15,1.8399999999999963
2012-09-19,300251,55.45,55.05,55.45,54.83,7984,19647347.0,1.12,-0.13,-0.07,1.23,0.6200000000000045
2012-09-20,300251,55.14,52.26,55.14,50.52,12615,29826701.0,8.39,-5.07,-2.79,1.94,4.619999999999997
2012-09-21,300251,51.69,49.18,52.04,49.07,20468,45775818.0,5.68,-5.89,-3.08,3.14,2.969999999999999
2012-09-24,300251,49.22,50.94,51.64,48.63,14472,32660927.0,6.12,3.58,1.76,2.22,3.009999999999998
2012-09-25,300251,50.81,50.65,51.05,49.84,6892,15496369.0,2.38,-0.57,-0.29,1.06,1.2099999999999937
2012-09-26,300251,50.5,49.16,50.5,48.23,9394,20565154.0,4.48,-2.94,-1.49,1.44,2.270000000000003
2012-09-27,300251,48.52,50.02,50.79,48.52,12892,28558386.0,4.62,1.75,0.86,1.98,2.269999999999996
2012-09-28,300251,49.4,51.82,51.97,49.4,17387,39232250.0,5.14,3.6,1.8,2.67,2.5700000000000003
2012-10-08,300251,51.8,50.96,51.8,50.52,9773,22188058.0,2.47,-1.66,-0.86,1.5,1.279999999999994
2012-10-09,300251,50.94,52.24,52.44,50.94,7994,18489606.0,2.94,2.51,1.28,1.23,1.5
2012-10-10,300251,51.84,53.23,53.69,51.38,16763,39478145.0,4.42,1.9,0.99,2.57,2.309999999999995
2012-10-11,300251,52.77,52.83,54.22,52.72,14438,34451030.0,2.82,-0.75,-0.4,2.22,1.5
2012-10-12,300251,53.8,52.9,55.34,52.26,13641,32612120.0,5.83,0.13,0.07,2.1,3.0800000000000054
2012-10-15,300251,52.77,52.04,52.77,50.57,8825,20273174.0,4.16,-1.63,-0.86,1.36,2.200000000000003
2012-10-16,300251,51.62,53.25,53.25,51.25,9273,21569421.0,3.84,2.33,1.21,1.42,2.0
2012-10-17,300251,52.81,52.99,53.36,52.5,9092,21454901.0,1.62,-0.49,-0.26,1.4,0.8599999999999994
2012-10-18,300251,52.92,53.38,54.0,52.59,8588,20473241.0,2.66,0.74,0.39,1.32,1.4099999999999966
2012-10-19,300251,53.18,53.51,54.44,53.18,6844,16442636.0,2.36,0.24,0.13,1.05,1.259999999999998
2012-10-22,300251,53.25,54.24,54.24,53.25,6281,15118360.0,1.85,1.36,0.73,0.96,0.990000000000002
2012-10-23,300251,54.24,53.8,54.94,53.32,14677,35413687.0,2.99,-0.81,-0.44,2.25,1.6199999999999974
2012-10-24,300251,53.58,54.9,55.52,53.38,17238,42093747.0,3.98,2.04,1.1,2.65,2.1400000000000006
2012-10-25,300251,54.88,53.76,55.21,52.72,12364,29580958.0,4.54,-2.08,-1.14,1.9,2.490000000000002
2012-10-26,300251,53.12,51.84,53.56,50.72,9862,22714480.0,5.28,-3.57,-1.92,1.51,2.8400000000000034
2012-10-29,300251,51.58,51.31,52.0,51.03,5750,13198599.0,1.87,-1.02,-0.53,0.88,0.9699999999999989
2012-10-30,300251,51.25,51.05,51.86,50.79,7658,17521115.0,2.09,-0.51,-0.26,1.18,1.0700000000000003
2012-10-31,300251,50.94,51.18,51.4,50.9,7113,16204177.0,0.98,0.25,0.13,1.09,0.5
2012-11-01,300251,51.8,52.72,52.9,51.2,7133,16600437.0,3.32,3.01,1.54,1.1,1.6999999999999957
2012-11-02,300251,52.72,53.36,53.76,52.26,9378,22270182.0,2.85,1.21,0.64,1.44,1.5
2012-11-05,300251,53.43,53.07,54.04,53.01,4049,9651690.0,1.93,-0.54,-0.29,0.62,1.0300000000000011
2012-11-06,300251,53.07,53.54,53.54,52.3,6067,14304804.0,2.34,0.89,0.47,0.93,1.240000000000002
2012-11-07,300251,53.1,53.54,54.22,53.1,8593,20626046.0,2.09,0.0,0.0,1.32,1.1199999999999974
2012-11-08,300251,53.27,52.96,53.71,52.7,6731,15936170.0,1.89,-1.08,-0.58,1.03,1.009999999999998
2012-11-09,300251,52.37,51.6,52.9,51.16,8146,18776726.0,3.29,-2.57,-1.36,1.25,1.740000000000002
2012-11-12,300251,51.78,50.5,51.82,50.28,7854,17784905.0,2.98,-2.13,-1.1,1.21,1.5399999999999991
2012-11-13,300251,50.3,49.4,50.5,49.2,6510,14367251.0,2.57,-2.18,-1.1,1.0,1.2999999999999972
2012-11-14,300251,49.22,49.4,49.62,48.52,7862,17114701.0,2.23,0.0,0.0,1.21,1.0999999999999943
2012-11-15,300251,48.98,48.48,49.33,48.3,5508,11937451.0,2.09,-1.86,-0.92,0.85,1.0300000000000011
2012-11-16,300251,48.3,48.78,48.78,48.21,4806,10367373.0,1.18,0.62,0.3,0.74,0.5700000000000003
2012-11-19,300251,48.81,48.74,49.16,48.21,5337,11531831.0,1.95,-0.08,-0.04,0.82,0.9499999999999957
2012-11-20,300251,49.16,47.88,49.16,47.75,2945,6341096.0,2.89,-1.76,-0.86,0.45,1.4099999999999966
2012-11-21,300251,47.93,48.12,48.67,47.2,6505,13790673.0,3.07,0.5,0.24,1.0,1.4699999999999989
2012-11-22,300251,48.06,46.28,48.06,46.01,8798,18266038.0,4.26,-3.82,-1.84,1.35,2.0500000000000043
2012-11-23,300251,46.14,46.21,46.72,45.86,6492,13364915.0,1.86,-0.15,-0.07,1.0,0.8599999999999994
2012-11-26,300251,46.32,45.66,46.65,45.48,4966,10207206.0,2.53,-1.19,-0.55,0.76,1.1700000000000017
2012-11-27,300251,45.66,45.22,45.66,43.9,7665,15257011.0,3.85,-0.96,-0.44,1.18,1.759999999999998
2012-11-28,300251,44.36,45.11,45.66,44.12,5641,11192031.0,3.41,-0.24,-0.11,0.87,1.5399999999999991
2012-11-29,300251,45.0,45.18,45.35,44.25,3675,7310082.0,2.44,0.16,0.07,0.56,1.1000000000000014
2012-11-30,300251,45.09,45.2,45.29,44.47,1981,3969050.0,1.81,0.04,0.02,0.3,0.8200000000000003
2012-12-03,300251,44.98,44.34,44.98,43.42,9127,17975036.0,3.45,-1.9,-0.86,1.4,1.5599999999999952
2012-12-04,300251,44.01,44.38,44.45,43.55,9759,19041680.0,2.03,0.09,0.04,1.5,0.9000000000000057
2012-12-05,300251,44.19,46.1,46.56,43.9,12282,24851490.0,5.99,3.88,1.72,1.89,2.6600000000000037
2012-12-06,300251,45.7,45.0,46.23,44.78,6562,13228916.0,3.15,-2.39,-1.1,1.01,1.4499999999999957
2012-12-07,300251,45.0,45.92,46.1,44.74,5583,11296301.0,3.02,2.04,0.92,0.86,1.3599999999999994
2012-12-10,300251,45.92,47.09,47.86,45.92,15671,32949543.0,4.22,2.55,1.17,2.41,1.9399999999999977
2012-12-11,300251,47.2,48.04,48.34,46.96,12983,27530715.0,2.93,2.02,0.95,1.99,1.3800000000000026
2012-12-12,300251,48.52,48.08,49.29,47.16,10923,23350103.0,4.43,0.08,0.04,1.68,2.1300000000000026
2012-12-13,300251,49.38,48.63,50.24,48.21,38033,83751567.0,4.22,1.14,0.55,5.84,2.030000000000001
2012-12-14,300251,49.62,51.84,51.89,49.18,43321,96783982.0,5.57,6.6,3.21,6.65,2.710000000000001
2012-12-17,300251,56.0,53.49,56.0,52.04,61184,145581902.0,7.64,3.18,1.65,9.4,3.960000000000001
2012-12-18,300251,54.0,52.81,55.3,52.0,40709,95987634.0,6.17,-1.27,-0.68,6.25,3.299999999999997
2012-12-19,300251,53.03,54.11,54.83,52.92,32455,78302424.0,3.62,2.46,1.3,4.98,1.9099999999999966
2012-12-20,300251,54.46,55.67,56.64,54.11,47879,118843715.0,4.68,2.88,1.56,7.35,2.530000000000001
2012-12-21,300251,55.96,56.97,57.23,54.79,46642,116874023.0,4.38,2.34,1.3,7.16,2.4399999999999977
2012-12-24,300251,60.18,57.98,61.06,57.25,82457,217080720.0,6.69,1.77,1.01,12.66,3.8100000000000023
2012-12-25,300251,59.08,63.26,63.41,58.75,125485,345713200.0,8.04,9.11,5.28,19.27,4.659999999999997
2012-12-26,300251,63.28,65.57,66.36,62.78,129333,374254816.0,5.66,3.65,2.31,19.86,3.5799999999999983
2012-12-27,300251,66.69,67.88,71.97,64.36,142910,437669568.0,11.61,3.52,2.31,21.95,7.609999999999999
2012-12-28,300251,68.63,71.29,72.26,67.51,115411,361304208.0,7.0,5.02,3.41,17.73,4.75
2012-12-31,300251,73.6,77.98,77.98,71.88,158235,530545088.0,8.56,9.38,6.69,24.3,6.1000000000000085
2013-01-04,300251,79.1,78.55,83.06,78.11,203504,732502144.0,6.35,0.73,0.57,31.26,4.950000000000003
2013-01-07,300251,75.8,72.96,77.54,72.5,188750,626181792.0,6.42,-7.12,-5.59,28.99,5.040000000000006
2013-01-08,300251,72.28,73.16,74.61,71.64,131175,429898352.0,4.07,0.27,0.2,20.15,2.969999999999999
2013-01-09,300251,72.65,71.75,73.38,70.96,99235,320476960.0,3.31,-1.93,-1.41,15.24,2.4200000000000017
2013-01-10,300251,72.01,71.77,72.68,69.9,98885,315646640.0,3.87,0.03,0.02,15.19,2.780000000000001
2013-01-11,300251,71.4,71.36,73.12,70.45,96799,311653648.0,3.72,-0.57,-0.41,14.87,2.6700000000000017
2013-01-14,300251,71.93,72.96,74.0,71.36,102912,335931968.0,3.7,2.24,1.6,15.64,2.6400000000000006
2013-01-15,300251,72.5,70.39,72.5,69.53,127316,403307904.0,4.07,-3.52,-2.57,19.35,2.969999999999999
2013-01-16,300251,69.82,70.08,71.36,69.44,69333,218484481.0,2.73,-0.44,-0.31,10.54,1.9200000000000017
2013-01-17,300251,69.86,71.2,71.93,68.76,81543,257802827.0,4.52,1.6,1.12,12.4,3.1700000000000017
2013-01-18,300251,73.38,72.87,77.47,71.42,211117,709073888.0,8.5,2.35,1.67,32.09,6.049999999999997
2013-01-21,300251,71.73,71.36,72.83,70.34,86051,275958336.0,3.42,-2.07,-1.51,13.08,2.489999999999995
2013-01-22,300251,71.6,71.49,74.19,70.37,78607,254744123.0,5.35,0.18,0.13,11.95,3.819999999999993
2013-01-23,300251,71.4,68.78,71.44,67.4,90742,280970576.0,5.65,-3.79,-2.71,13.79,4.039999999999992
2013-01-24,300251,68.96,66.49,69.57,66.03,70601,214329180.0,5.15,-3.33,-2.29,10.73,3.539999999999992
2013-01-25,300251,66.49,67.64,68.41,66.49,41803,126823790.0,2.89,1.73,1.15,6.35,1.9200000000000017
2013-01-28,300251,67.73,68.17,68.65,67.04,41238,125507538.0,2.38,0.78,0.53,6.27,1.6099999999999994
2013-01-29,300251,68.12,68.87,69.6,68.1,44398,137264910.0,2.2,1.03,0.7,6.75,1.5
2013-01-30,300251,69.16,65.97,69.16,65.28,70535,210741372.0,5.63,-4.21,-2.9,10.72,3.8799999999999955
2013-01-31,300251,65.97,66.91,67.18,64.62,45140,133404614.0,3.88,1.42,0.94,6.86,2.5600000000000023
2013-02-01,300251,66.67,66.65,68.08,66.14,42864,128827304.0,2.9,-0.39,-0.26,6.52,1.9399999999999977
2013-02-04,300251,67.2,67.48,68.06,65.5,44696,134044370.0,3.84,1.25,0.83,6.79,2.5600000000000023
2013-02-05,300251,67.0,68.36,68.87,66.12,47164,143524754.0,4.08,1.3,0.88,7.17,2.75
2013-02-06,300251,68.36,67.81,68.5,67.55,30966,94374851.0,1.39,-0.8,-0.55,4.71,0.9500000000000028
2013-02-07,300251,67.66,69.99,70.85,67.04,60510,188147956.0,5.62,3.21,2.18,9.2,3.809999999999988
2013-02-08,300251,70.28,72.79,73.14,69.88,60689,195912712.0,4.66,4.0,2.8,9.23,3.260000000000005
2013-02-18,300251,73.78,74.26,76.11,73.07,92062,307417232.0,4.18,2.02,1.47,13.99,3.0400000000000063
2013-02-19,300251,73.6,69.82,73.6,69.35,62895,201038596.0,5.72,-5.98,-4.44,9.56,4.25
2013-02-20,300251,69.57,71.22,71.6,69.53,40994,130255653.0,2.96,2.01,1.4,6.23,2.069999999999993
2013-02-21,300251,70.74,68.23,71.07,68.21,50789,159051353.0,4.02,-4.2,-2.99,7.72,2.8599999999999994
2013-02-22,300251,68.56,69.05,70.52,68.1,32352,100422518.0,3.55,1.2,0.82,4.92,2.4200000000000017
2013-02-25,300251,69.31,70.5,71.25,68.83,28781,90458805.0,3.5,2.1,1.45,4.37,2.4200000000000017
2013-02-26,300251,70.3,71.8,74.92,70.3,70356,230552896.0,6.55,1.84,1.3,10.69,4.6200000000000045
2013-02-27,300251,72.01,72.52,72.68,70.74,39153,125850128.0,2.7,1.0,0.72,5.95,1.940000000000012
2013-02-28,300251,72.96,73.53,74.04,72.19,40397,132702718.0,2.55,1.39,1.01,6.14,1.8500000000000085
2013-03-01,300251,73.93,74.7,75.47,73.6,47487,158831271.0,2.54,1.59,1.17,7.22,1.8700000000000045
2013-03-05,300251,71.99,73.78,74.3,70.56,63735,207699673.0,5.01,-1.23,-0.92,9.69,3.739999999999995
2013-03-06,300251,74.26,81.06,81.06,73.93,100231,351600656.0,9.66,9.87,7.28,15.24,7.1299999999999955
2013-03-07,300251,81.85,79.06,84.91,78.57,98950,363003776.0,7.82,-2.47,-2.0,15.04,6.340000000000003
2013-03-08,300251,79.76,80.6,84.12,79.32,84416,309354880.0,6.07,1.95,1.54,12.83,4.800000000000011
2013-03-11,300251,80.6,77.87,80.62,77.6,51327,180655951.0,3.75,-3.39,-2.73,7.8,3.0200000000000102
2013-03-12,300251,78.0,75.07,79.01,73.8,57269,195201165.0,6.69,-3.6,-2.8,8.71,5.210000000000008
2013-03-13,300251,74.59,76.81,76.88,73.34,48681,163719493.0,4.72,2.32,1.74,7.4,3.539999999999992
2013-03-14,300251,76.22,77.85,79.32,75.87,46275,162441188.0,4.49,1.35,1.04,7.03,3.4499999999999886
2013-03-15,300251,77.85,80.24,82.18,77.16,64434,231689781.0,6.45,3.07,2.39,9.79,5.02000000000001
2013-03-18,300251,79.34,85.02,86.21,79.21,86416,325906816.0,8.72,5.96,4.78,13.14,7.0
2013-03-19,300251,84.86,85.28,86.58,83.48,59572,226840104.0,3.65,0.31,0.26,9.06,3.0999999999999943
2013-03-20,300251,85.28,88.63,88.93,84.82,62272,244020899.0,4.82,3.93,3.35,9.47,4.110000000000014
2013-03-21,300251,88.34,89.88,89.99,87.35,48807,194763886.0,2.98,1.41,1.25,7.42,2.6400000000000006
2013-03-22,300251,89.44,88.58,90.14,87.7,37140,148201616.0,2.71,-1.45,-1.3,5.65,2.4399999999999977
2013-03-25,300251,88.98,86.07,89.77,84.6,52962,205344536.0,5.84,-2.83,-2.51,8.05,5.170000000000002
2013-03-26,300251,85.7,93.47,94.57,85.39,65992,268182865.0,10.67,8.6,7.4,10.03,9.179999999999993
2013-03-27,300251,92.34,93.73,94.32,91.97,45803,191929128.0,2.51,0.28,0.26,6.96,2.3499999999999943
2013-03-28,300251,92.52,91.42,93.07,89.09,45923,188245192.0,4.25,-2.46,-2.31,6.98,3.9799999999999898
2013-03-29,300251,91.2,90.72,92.28,87.22,50502,202505059.0,5.53,-0.77,-0.7,7.68,5.060000000000002
2013-04-01,300251,89.02,88.05,89.9,86.93,37426,148741319.0,3.27,-2.94,-2.67,5.69,2.969999999999999
2013-04-02,300251,88.47,84.18,91.64,83.96,60924,239307399.0,8.72,-4.4,-3.87,9.26,7.680000000000007
2013-04-03,300251,85.04,85.9,86.69,83.57,38319,146921678.0,3.71,2.04,1.72,5.82,3.1200000000000045
2013-04-08,300251,83.79,88.82,88.93,82.44,36660,143056335.0,7.56,3.4,2.92,5.57,6.490000000000009
2013-04-09,300251,88.67,88.43,90.45,87.28,33589,133929748.0,3.57,-0.44,-0.39,5.11,3.1700000000000017
2013-04-10,300251,88.56,87.75,88.82,84.38,34956,135874612.0,5.02,-0.77,-0.68,5.31,4.439999999999998
2013-04-11,300251,87.9,86.16,89.53,86.14,32748,129081230.0,3.86,-1.81,-1.59,4.98,3.3900000000000006
2013-04-12,300251,85.5,88.64,91.0,85.18,95662,180082038.0,6.75,2.88,2.48,6.92,5.819999999999993
2013-04-15,300251,88.18,90.12,90.81,86.1,76301,144493436.0,5.31,1.67,1.48,5.52,4.710000000000008
2013-04-16,300251,89.15,89.89,90.86,87.44,70190,133077849.0,3.79,-0.26,-0.23,5.08,3.4200000000000017
2013-04-17,300251,89.29,96.64,97.79,89.29,168926,338728512.0,9.46,7.51,6.75,12.23,8.5
2013-04-18,300251,95.67,100.19,102.46,95.11,172207,360347232.0,7.61,3.67,3.55,12.47,7.349999999999994
2013-04-19,300251,100.24,101.21,102.92,98.99,134551,288904000.0,3.92,1.02,1.02,9.74,3.930000000000007
2013-04-22,300251,101.3,111.14,111.14,101.21,217193,504300064.0,9.81,9.81,9.93,15.72,9.930000000000007
2013-04-23,300251,113.22,109.85,116.87,108.83,289067,695780368.0,7.23,-1.16,-1.29,20.92,8.040000000000006
2013-04-24,300251,113.68,120.66,120.66,113.22,164566,412813648.0,6.77,9.84,10.81,11.91,7.439999999999998
2013-04-25,300251,132.53,123.85,132.53,121.54,344703,941246624.0,9.11,2.64,3.19,24.95,10.989999999999995
2013-04-26,300251,122.83,133.13,135.77,120.66,258760,706832128.0,12.2,7.49,9.28,18.73,15.110000000000014
2013-05-02,300251,130.59,134.24,137.01,128.01,272238,774872880.0,6.76,0.83,1.11,19.71,9.0
2013-05-03,300251,134.24,132.58,135.86,128.84,220331,621261680.0,5.23,-1.24,-1.66,15.95,7.02000000000001
2013-05-06,300251,133.13,129.48,142.74,129.07,256271,739592848.0,10.31,-2.34,-3.1,18.55,13.670000000000016
2013-05-07,300251,126.67,130.64,131.79,125.51,160784,439934672.0,4.85,0.9,1.16,11.64,6.279999999999987
2013-05-08,300251,131.01,143.53,143.53,130.82,311397,922555904.0,9.73,9.87,12.89,22.54,12.710000000000008
2013-05-09,300251,145.56,148.24,151.06,140.11,262407,816381168.0,7.63,3.28,4.71,18.99,10.949999999999989
2013-05-10,300251,145.05,141.45,146.49,138.68,158117,480824720.0,5.27,-4.58,-6.79,11.45,7.810000000000002
2013-05-13,300251,139.56,141.5,143.99,136.74,136287,409440608.0,5.13,0.04,0.05,9.87,7.25
2013-05-14,300251,140.34,132.63,140.39,130.59,165093,475274736.0,6.93,-6.27,-8.87,11.95,9.799999999999983
2013-05-15,300251,132.63,144.55,145.47,131.29,174140,510367056.0,10.69,8.99,11.92,12.61,14.180000000000007
2013-05-16,300251,141.4,139.79,146.95,138.63,230828,704983104.0,5.76,-3.29,-4.76,16.71,8.319999999999993
2013-05-17,300251,141.4,144.5,147.36,137.48,196315,605409856.0,7.07,3.37,4.71,14.21,9.880000000000024
2013-05-20,300251,147.64,156.37,158.36,144.18,231362,751195440.0,9.81,8.21,11.87,16.75,14.180000000000007
2013-05-21,300251,156.42,162.66,167.37,153.09,225206,769052240.0,9.13,4.02,6.29,16.3,14.280000000000001
2013-05-22,300251,158.87,157.34,159.88,153.42,142721,478717728.0,3.97,-3.27,-5.32,10.33,6.460000000000008
2013-05-23,300251,155.73,153.09,161.73,152.4,147535,496862400.0,5.93,-2.7,-4.25,10.68,9.329999999999984
2013-05-24,300251,152.49,160.39,162.89,152.49,143451,489221984.0,6.79,4.77,7.3,10.38,10.399999999999977
2013-05-27,300251,160.35,158.91,164.04,156.88,115472,394063008.0,4.46,-0.92,-1.48,8.36,7.159999999999997
2013-05-28,300251,158.41,148.1,158.5,146.58,179558,578620368.0,7.5,-6.8,-10.81,13.0,11.919999999999987
2013-05-29,300251,147.5,148.66,150.87,145.42,104383,330502256.0,3.68,0.38,0.56,7.56,5.450000000000017
2013-05-30,300251,148.33,149.72,152.45,145.52,106562,341179168.0,4.66,0.71,1.06,7.71,6.929999999999978
2013-05-31,300251,148.15,143.25,149.17,143.07,120417,373275632.0,4.07,-4.32,-6.47,8.72,6.099999999999994
2013-06-03,300251,142.24,142.79,147.96,139.23,112088,343684736.0,6.09,-0.32,-0.46,8.11,8.730000000000018
2013-06-04,300251,142.84,136.09,142.88,131.24,129204,376519920.0,8.15,-4.69,-6.7,9.35,11.639999999999986
2013-06-05,300251,136.92,137.66,140.34,135.17,87650,258359881.0,3.8,1.15,1.57,6.34,5.170000000000016
2013-06-06,300251,137.25,136.46,139.88,134.94,88913,261542262.0,3.59,-0.87,-1.2,6.44,4.939999999999998
2013-06-07,300251,137.34,148.1,148.8,136.46,204392,628637040.0,9.04,8.53,11.64,14.79,12.340000000000003
2013-06-13,300251,144.55,151.8,155.73,139.19,193655,612778976.0,11.17,2.5,3.7,14.02,16.539999999999992
2013-06-14,300251,152.26,159.38,163.07,149.26,201121,677908304.0,9.1,4.99,7.58,14.56,13.810000000000002
2013-06-17,300251,163.58,171.2,174.21,159.65,240103,864306208.0,9.14,7.42,11.82,17.38,14.560000000000002
2013-06-18,300251,167.0,169.49,174.21,165.29,182912,665537136.0,5.21,-1.0,-1.71,13.24,8.920000000000016
2013-06-19,300251,167.28,170.65,173.97,165.89,141829,516154320.0,4.77,0.68,1.16,10.27,8.080000000000013
2013-06-20,300251,167.65,176.98,184.32,166.72,192166,731024528.0,10.31,3.71,6.33,13.91,17.599999999999994
2013-06-21,300251,174.21,176.05,184.0,160.35,179765,668940496.0,13.36,-0.53,-0.93,13.01,23.650000000000006
2013-06-24,300251,168.99,158.64,170.05,158.64,154235,539275264.0,6.48,-9.89,-17.41,11.16,11.410000000000025
2013-06-25,300251,149.67,158.96,168.02,142.97,276966,899793520.0,15.79,0.2,0.32,20.05,25.05000000000001
2013-06-26,300251,156.88,166.81,168.02,155.31,236574,822198464.0,8.0,4.94,7.85,17.12,12.710000000000008
2013-06-27,300251,165.24,153.14,168.2,150.32,250994,855137280.0,10.72,-8.19,-13.67,18.17,17.879999999999995
2013-06-28,300251,147.78,149.76,158.82,144.55,138354,446421168.0,9.32,-2.21,-3.38,10.01,14.269999999999982
2013-07-01,300251,148.33,158.96,160.72,146.49,161647,538428944.0,9.5,6.14,9.2,11.7,14.22999999999999
2013-07-02,300251,160.11,163.67,169.59,158.08,202426,712690720.0,7.24,2.96,4.71,14.65,11.509999999999991
2013-07-03,300251,162.19,173.28,177.26,161.32,223786,812364032.0,9.74,5.87,9.61,16.2,15.939999999999998
2013-07-04,300251,171.39,168.2,172.77,165.94,171775,621816512.0,3.94,-2.93,-5.08,12.43,6.8300000000000125
2013-07-05,300251,167.37,158.96,172.64,158.64,157875,562482432.0,8.32,-5.49,-9.24,11.43,14.0
2013-07-08,300251,152.49,155.82,162.52,150.09,122403,410280064.0,7.82,-1.98,-3.14,8.86,12.430000000000007
2013-07-09,300251,155.82,160.3,162.01,152.54,111358,376407216.0,6.08,2.88,4.48,8.06,9.469999999999999
2013-07-10,300251,160.21,160.35,165.84,158.31,111980,387387072.0,4.7,0.03,0.05,8.11,7.530000000000001
2013-07-11,300251,160.11,160.53,163.21,154.39,131157,447222656.0,5.5,0.11,0.18,9.49,8.820000000000022
2013-07-12,300251,160.48,175.59,176.38,158.5,362406,1339329440.0,11.14,9.38,15.06,26.23,17.879999999999995
2013-07-15,300251,174.21,177.81,180.44,173.28,259369,982354736.0,4.08,1.26,2.22,18.77,7.159999999999997
2013-07-16,300251,177.49,175.59,182.06,171.99,187140,705799648.0,5.66,-1.25,-2.22,13.55,10.069999999999993
2013-07-17,300251,174.21,191.3,192.22,172.87,263570,1017533248.0,11.02,8.95,15.71,19.08,19.349999999999994
2013-07-18,300251,184.37,184.74,191.3,183.95,187471,751115696.0,3.84,-3.43,-6.56,13.57,7.350000000000023
2013-07-19,300251,183.35,177.62,190.84,176.05,154589,610521952.0,8.01,-3.85,-7.12,11.19,14.789999999999992
2013-07-22,300251,180.26,191.3,193.98,179.75,181672,729054928.0,8.01,7.7,13.68,13.15,14.22999999999999
2013-07-23,300251,191.53,195.78,198.97,188.07,170443,706229952.0,5.7,2.34,4.48,12.34,10.900000000000006
2013-07-24,300251,198.32,204.79,211.17,195.92,191880,838776384.0,7.79,4.6,9.01,13.89,15.25
2013-07-25,300251,205.85,190.38,206.04,185.76,233341,966700144.0,9.9,-7.04,-14.41,16.89,20.28
2013-07-26,300251,188.02,191.3,195.41,181.18,172634,701186016.0,7.47,0.48,0.92,12.5,14.22999999999999
2013-07-29,300251,187.83,183.21,193.19,181.37,120293,479885232.0,6.18,-4.23,-8.09,8.71,11.819999999999993
2013-07-30,300251,183.03,178.36,186.22,168.71,136652,522463344.0,9.56,-2.65,-4.85,9.89,17.50999999999999
2013-07-31,300251,179.75,179.01,181.97,175.41,74563,285807904.0,3.68,0.36,0.65,5.4,6.560000000000002
2013-08-01,300251,179.75,188.99,190.33,179.75,123653,495252688.0,5.91,5.58,9.98,8.95,10.580000000000013
2013-08-02,300251,191.25,184.92,191.25,184.05,108849,436878752.0,3.81,-2.15,-4.07,7.88,7.199999999999989
2013-08-05,300251,182.75,186.36,187.65,182.75,64223,255063713.0,2.65,0.78,1.44,4.65,4.900000000000006
2013-08-06,300251,185.34,189.91,195.23,185.34,114552,471142528.0,5.31,1.9,3.55,8.29,9.889999999999986
2013-08-07,300251,189.45,181.97,189.45,180.21,109190,428842688.0,4.87,-4.18,-7.94,7.9,9.23999999999998
2013-08-08,300251,180.12,180.72,184.09,176.52,65416,253555654.0,4.16,-0.69,-1.25,4.74,7.569999999999993
2013-08-09,300251,180.67,174.53,183.63,172.03,107718,404827792.0,6.42,-3.43,-6.19,7.8,11.599999999999994
2013-08-12,300251,173.65,171.94,176.52,168.2,88283,324249200.0,4.77,-1.48,-2.59,6.39,8.320000000000022
2013-08-13,300251,172.36,176.19,181.6,169.12,110699,420555120.0,7.26,2.47,4.25,8.01,12.47999999999999
2013-08-14,300251,175.96,176.42,179.1,171.53,90629,340161280.0,4.3,0.13,0.23,6.56,7.569999999999993
2013-08-15,300251,176.52,174.21,178.36,173.05,62941,237079510.0,3.01,-1.25,-2.21,4.56,5.310000000000002
2013-08-16,300251,171.99,171.34,177.67,170.42,71644,266553154.0,4.16,-1.65,-2.87,5.19,7.25
2013-08-19,300251,170.05,175.36,176.52,168.48,58332,216826411.0,4.69,2.35,4.02,4.22,8.04000000000002
2013-08-20,300251,177.49,177.07,179.29,173.74,77608,293286224.0,3.16,0.98,1.71,5.62,5.549999999999983
2013-08-21,300251,176.61,174.34,176.98,173.74,44024,164923011.0,1.83,-1.54,-2.73,3.19,3.2399999999999807
2013-08-22,300251,173.97,177.72,179.2,172.87,106209,403931552.0,3.63,1.94,3.38,7.69,6.329999999999984
2013-08-23,300251,178.13,186.73,188.16,176.19,194127,762856624.0,6.74,5.07,9.01,14.05,11.969999999999999
2013-08-26,300251,185.52,185.57,188.39,183.08,127347,507451360.0,2.84,-0.62,-1.16,9.22,5.309999999999974
2013-08-27,300251,185.29,188.3,190.38,180.12,143139,568295936.0,5.53,1.47,2.73,10.36,10.259999999999991
2013-08-28,300251,185.76,187.51,198.69,184.37,170446,705659456.0,7.6,-0.42,-0.79,12.34,14.319999999999993
2013-08-29,300251,184.83,183.54,190.14,183.49,85590,341308688.0,3.55,-2.12,-3.97,6.2,6.649999999999977
2013-08-30,300251,182.52,170.74,182.52,167.28,135800,506263920.0,8.3,-6.97,-12.8,9.83,15.240000000000009
2013-09-02,300251,168.57,174.21,177.44,168.57,57683,215169240.0,5.2,2.03,3.47,4.18,8.870000000000005
2013-09-03,300251,177.26,187.14,190.28,177.26,151278,598587824.0,7.47,7.42,12.93,10.95,13.02000000000001
2013-09-04,300251,185.76,188.94,193.61,183.68,117362,474971136.0,5.31,0.96,1.8,8.5,9.930000000000007
2013-09-05,300251,186.68,198.69,202.85,186.13,190121,805798288.0,8.85,5.16,9.75,13.76,16.72
2013-09-06,300251,197.86,206.36,210.57,197.58,154786,681774000.0,6.54,3.86,7.67,11.2,12.98999999999998
2013-09-09,300251,205.39,198.74,205.39,195.04,108622,464653456.0,5.02,-3.69,-7.62,7.86,10.349999999999994
2013-09-10,300251,196.34,198.69,201.46,190.38,88495,373146240.0,5.58,-0.03,-0.05,6.41,11.080000000000013
2013-09-11,300251,193.98,186.13,197.54,185.16,90470,366599792.0,6.23,-6.32,-12.56,6.55,12.379999999999995
2013-09-12,300251,185.25,187.79,193.15,185.2,56719,230616466.0,4.27,0.89,1.66,4.11,7.950000000000017
2013-09-13,300251,187.6,206.36,206.36,184.74,147390,632276128.0,11.51,9.89,18.57,10.67,21.620000000000005
2013-09-16,300251,212.97,222.35,226.83,210.52,197720,937560560.0,7.9,7.75,15.99,14.31,16.310000000000002
2013-09-17,300251,222.62,225.81,237.73,217.22,171976,832048416.0,9.22,1.56,3.46,12.45,20.50999999999999
2013-09-18,300251,223.73,229.55,237.41,218.1,143799,704688672.0,8.55,1.66,3.74,10.41,19.310000000000002
2013-09-23,300251,227.71,242.54,252.1,223.64,107218,544213104.0,12.4,5.66,12.99,7.76,28.460000000000008
2013-09-24,300251,239.3,237.5,249.51,230.11,109764,563394528.0,8.0,-2.08,-5.04,7.95,19.399999999999977
2013-09-25,300251,233.85,253.21,260.65,232.88,120822,637097552.0,11.69,6.61,15.71,8.75,27.769999999999982
2013-09-26,300251,247.66,249.05,260.6,245.31,95950,520458992.0,6.04,-1.64,-4.16,6.95,15.29000000000002
2013-09-27,300251,249.56,273.77,273.77,246.74,119390,678828176.0,10.85,9.93,24.72,8.64,27.029999999999973
2013-09-30,300251,283.7,300.97,300.97,276.54,102473,647746800.0,8.92,9.94,27.2,7.42,24.430000000000007
2013-10-08,300251,302.18,289.2,303.24,274.23,136280,838039008.0,9.64,-3.91,-11.77,9.86,29.00999999999999
2013-10-09,300251,283.7,287.16,292.25,277.69,114053,697895280.0,5.03,-0.71,-2.04,8.26,14.560000000000002
2013-10-10,300251,283.7,258.66,284.9,258.66,160450,927594976.0,9.14,-9.92,-28.5,11.61,26.239999999999952
2013-10-11,300251,258.71,246.74,261.48,237.59,238801,1267355648.0,9.24,-4.61,-11.92,17.29,23.890000000000015
2013-10-14,300251,245.82,249.93,250.71,241.94,133159,706837888.0,3.55,1.29,3.19,9.64,8.77000000000001
2013-10-15,300251,248.31,247.66,257.37,243.27,132034,711847536.0,5.64,-0.91,-2.27,9.56,14.099999999999994
2013-10-16,300251,247.2,223.09,247.66,223.09,155966,762144144.0,9.92,-9.92,-24.57,11.29,24.569999999999993
2013-10-17,300251,222.62,213.85,222.62,211.35,178226,830415008.0,5.05,-4.14,-9.24,12.9,11.27000000000001
2013-10-18,300251,215.79,217.54,222.16,215.32,104471,490533792.0,3.2,1.73,3.69,7.56,6.840000000000003
2013-10-21,300251,219.02,220.87,223.5,214.45,135489,640088432.0,4.16,1.53,3.33,9.81,9.050000000000011
2013-10-22,300251,218.51,198.97,218.51,198.97,209165,921801120.0,8.85,-9.92,-21.9,15.14,19.539999999999992
2013-10-23,300251,196.75,200.03,204.93,191.12,144856,619167328.0,6.94,0.53,1.06,10.17,13.810000000000002
2013-10-24,300251,200.31,201.23,207.7,195.04,117636,507448752.0,6.33,0.6,1.2,8.26,12.659999999999997
2013-10-29,300251,200.54,200.36,208.76,182.71,185438,782399680.0,12.95,-0.43,-0.87,13.02,26.049999999999983
2013-10-30,300251,196.75,195.78,203.08,191.3,119450,505849568.0,5.88,-2.29,-4.58,8.39,11.780000000000001
2013-10-31,300251,194.12,186.82,197.95,186.68,83265,341958320.0,5.76,-4.58,-8.96,5.85,11.269999999999982
2013-11-01,300251,185.99,177.67,185.99,171.43,145167,556196256.0,7.79,-4.9,-9.15,10.19,14.560000000000002
2013-11-04,300251,176.89,177.3,183.45,174.25,103204,396526864.0,5.18,-0.21,-0.37,7.25,9.199999999999989
2013-11-05,300251,177.44,184.83,184.83,175.36,124973,486037984.0,5.34,4.25,7.53,8.77,9.469999999999999
2013-11-06,300251,184.14,175.59,184.14,175.59,118287,458064800.0,4.63,-5.0,-9.24,8.31,8.549999999999983
2013-11-07,300251,174.95,175.87,180.44,169.72,98368,369744912.0,6.11,0.16,0.28,6.91,10.719999999999999
2013-11-08,300251,172.82,175.82,179.75,171.8,75478,283203424.0,4.52,-0.03,-0.05,5.3,7.949999999999989
2013-11-11,300251,175.36,172.36,176.05,168.2,58824,217118066.0,4.46,-1.97,-3.46,4.13,7.850000000000023
2013-11-12,300251,172.27,179.61,182.2,171.76,112591,428037184.0,6.06,4.21,7.25,7.91,10.439999999999998
2013-11-13,300251,179.2,180.67,187.56,177.81,137798,540503024.0,5.43,0.59,1.06,9.68,9.75
2013-11-14,300251,179.06,192.82,195.92,178.87,169476,683512608.0,9.44,6.72,12.15,11.9,17.049999999999983
2013-11-15,300251,190.79,192.87,198.46,190.47,146327,608899056.0,4.14,0.03,0.05,10.27,7.990000000000009
2013-11-18,300251,195.41,193.7,196.61,190.84,96885,402365168.0,2.99,0.43,0.83,6.8,5.77000000000001
2013-11-19,300251,194.76,195.69,201.46,193.7,102777,434775088.0,4.01,1.03,1.99,7.22,7.760000000000019
2013-11-20,300251,196.75,199.48,201.69,195.64,82635,351375552.0,3.09,1.94,3.79,5.8,6.050000000000011
2013-11-21,300251,198.69,203.4,208.02,196.29,144956,633266048.0,5.88,1.97,3.92,10.18,11.730000000000018
2013-11-22,300251,201.93,194.44,202.34,191.85,135094,567470464.0,5.16,-4.41,-8.96,9.49,10.490000000000009
2013-11-25,300251,191.99,188.53,193.1,186.73,80437,327327472.0,3.28,-3.04,-5.91,5.65,6.3700000000000045
2013-11-26,300251,187.7,182.85,189.87,180.67,85867,338773264.0,4.88,-3.01,-5.68,6.03,9.200000000000017
2013-11-27,300251,181.27,198.83,200.96,181.18,195274,820467696.0,10.82,8.74,15.98,13.71,19.78
2013-11-28,300251,196.47,195.92,198.97,193.89,127509,536361680.0,2.55,-1.46,-2.91,8.95,5.0800000000000125
2013-11-29,300251,194.67,200.54,205.85,194.53,130268,562814784.0,5.78,2.36,4.62,9.15,11.319999999999993
2013-12-02,300251,184.37,180.67,193.15,180.67,134598,534153760.0,6.22,-9.91,-19.87,9.45,12.480000000000018
2013-12-03,300251,172.82,173.93,176.98,164.55,119363,436014288.0,6.88,-3.73,-6.74,8.38,12.429999999999978
2013-12-04,300251,171.02,169.82,177.99,168.2,104929,390606688.0,5.63,-2.36,-4.11,7.37,9.79000000000002
2013-12-05,300251,169.12,162.79,170.93,162.24,115452,408214512.0,5.12,-4.14,-7.03,8.11,8.689999999999998
2013-12-06,300251,161.78,168.43,172.17,161.78,121418,432468576.0,6.38,3.46,5.64,8.53,10.389999999999986
2013-12-09,300251,168.66,179.75,180.58,167.18,162523,608997856.0,7.96,6.72,11.32,11.41,13.400000000000006
2013-12-10,300251,179.29,174.44,179.29,172.27,119866,448546256.0,3.91,-2.95,-5.31,8.42,7.019999999999982
2013-12-11,300251,173.28,176.38,181.46,171.48,129305,492035728.0,5.72,1.11,1.94,9.08,9.980000000000018
2013-12-12,300251,174.9,193.84,193.84,174.07,218758,888776624.0,11.21,9.9,17.46,15.36,19.77000000000001
2013-12-13,300251,195.78,191.99,201.93,191.58,272638,1147528592.0,5.34,-0.95,-1.85,19.14,10.349999999999994
2013-12-16,300251,192.69,195.0,196.61,188.44,175767,727361696.0,4.26,1.57,3.01,12.34,8.170000000000016
2013-12-17,300251,192.92,183.63,194.53,179.29,150481,596787312.0,7.82,-5.83,-11.37,10.57,15.240000000000009
2013-12-18,300251,181.83,172.45,181.83,165.89,111782,412449952.0,8.68,-6.09,-11.18,7.85,15.940000000000026
2013-12-19,300251,170.97,186.17,189.5,170.97,239448,955018352.0,10.75,7.96,13.72,16.81,18.53
2013-12-20,300251,183.21,181.6,184.74,178.64,119947,466332928.0,3.28,-2.45,-4.57,8.42,6.100000000000023
2013-12-23,300251,181.04,172.77,181.04,165.43,102703,378782176.0,8.6,-4.86,-8.83,7.21,15.609999999999985
2013-12-24,300251,172.36,173.97,178.09,168.48,86909,322975728.0,5.56,0.69,1.2,6.1,9.610000000000014
2013-12-25,300251,172.4,180.21,180.9,171.76,95761,364079328.0,5.25,3.59,6.24,6.72,9.140000000000015
2013-12-26,300251,178.83,170.79,179.84,170.46,94611,353016336.0,5.21,-5.23,-9.42,6.64,9.379999999999995
2013-12-27,300251,170.93,171.94,174.9,170.51,71329,263149843.0,2.57,0.67,1.15,5.01,4.390000000000015
2013-12-30,300251,168.71,173.61,175.96,168.71,69833,258900311.0,4.22,0.97,1.67,4.9,7.25
2013-12-31,300251,172.31,170.88,174.16,169.12,66165,242941217.0,2.9,-1.57,-2.73,4.65,5.039999999999992
2014-01-02,300251,171.3,175.78,176.93,171.25,83406,312240448.0,3.32,2.87,4.9,5.86,5.680000000000007
2014-01-03,300251,175.96,183.26,186.68,175.18,141889,550556736.0,6.54,4.26,7.48,9.96,11.5
2014-01-06,300251,182.06,173.79,183.58,172.82,91547,350473888.0,5.87,-5.17,-9.47,6.43,10.76000000000002
2014-01-07,300251,173.28,177.35,178.46,170.51,55904,210767572.0,4.57,2.05,3.56,3.93,7.950000000000017
2014-01-08,300251,179.47,191.25,194.76,179.38,212316,855572512.0,8.67,7.84,13.9,14.91,15.379999999999995
2014-01-09,300251,189.91,185.25,198.23,184.42,199565,822593472.0,7.22,-3.14,-6.0,14.01,13.810000000000002
2014-01-10,300251,185.52,188.44,193.61,182.98,125880,510415072.0,5.74,1.72,3.19,8.84,10.630000000000024
2014-01-13,300251,187.83,195.69,199.99,187.83,165178,688859680.0,6.45,3.85,7.25,11.6,12.159999999999997
2014-01-14,300251,202.9,200.54,210.47,197.4,218503,948769488.0,6.68,2.48,4.85,15.34,13.069999999999993
2014-01-15,300251,199.62,202.62,203.91,197.17,136610,587483344.0,3.36,1.04,2.08,9.59,6.740000000000009
2014-01-16,300251,201.0,194.63,205.02,194.53,124844,531735664.0,5.18,-3.94,-7.99,8.77,10.490000000000009
2014-01-17,300251,195.83,192.92,198.23,192.78,102062,429314768.0,2.8,-0.88,-1.71,7.17,5.449999999999989
2014-01-20,300251,191.25,188.48,195.0,186.22,69521,284087712.0,4.55,-2.3,-4.44,4.88,8.780000000000001
2014-01-21,300251,188.48,207.15,207.15,188.07,209840,908230112.0,10.12,9.91,18.67,14.73,19.080000000000013
2014-01-22,300251,211.17,211.21,214.82,205.16,245569,1107048016.0,4.66,1.96,4.06,17.24,9.659999999999997
2014-01-23,300251,213.43,220.17,225.67,212.09,231053,1084680096.0,6.43,4.24,8.96,16.22,13.579999999999984
2014-01-24,300251,217.4,221.19,226.74,214.58,137542,650886624.0,5.52,0.46,1.02,9.66,12.159999999999997
2014-01-27,300251,218.93,229.41,239.12,216.76,148005,728546256.0,10.11,3.72,8.22,10.39,22.360000000000014
2014-01-28,300251,231.49,242.12,243.64,220.41,197319,975866112.0,10.13,5.54,12.71,13.85,23.22999999999999
2014-01-29,300251,238.42,241.38,247.89,236.67,125858,654492800.0,4.63,-0.31,-0.74,8.84,11.219999999999999
2014-01-30,300251,243.51,235.65,245.72,234.27,100650,519291616.0,4.74,-2.37,-5.73,7.07,11.449999999999989
2014-02-07,300251,246.28,243.09,247.89,242.12,135257,712025376.0,2.45,3.16,7.44,9.5,5.769999999999982
2014-02-10,300251,243.0,237.18,244.85,229.55,144713,733652656.0,6.29,-2.43,-5.91,10.16,15.299999999999983
2014-02-11,300251,236.34,224.24,236.34,217.45,167964,815703168.0,7.96,-5.46,-12.94,11.79,18.890000000000015
2014-02-12,300251,224.1,229.09,229.92,220.78,117371,568051408.0,4.08,2.16,4.85,8.24,9.139999999999986
2014-02-13,300251,228.72,214.86,228.72,214.86,125264,591436752.0,6.05,-6.21,-14.23,8.8,13.859999999999985
2014-02-14,300251,214.86,218.97,221.01,213.29,96260,449020432.0,3.59,1.91,4.11,6.76,7.719999999999999
2014-02-17,300251,221.28,225.72,226.23,216.71,100559,479044576.0,4.35,3.08,6.75,7.06,9.519999999999982
2014-02-18,300251,225.67,217.96,225.67,215.32,123602,581398896.0,4.59,-3.44,-7.76,8.68,10.349999999999994
2014-02-19,300251,216.66,218.79,219.39,211.54,94203,435279168.0,3.6,0.38,0.83,6.61,7.849999999999994
2014-02-20,300251,217.4,210.15,217.4,208.35,72467,329854352.0,4.14,-3.95,-8.64,5.09,9.050000000000011
2014-02-21,300251,210.57,211.17,215.74,208.9,66857,304006128.0,3.25,0.49,1.02,4.69,6.840000000000003
2014-02-24,300251,212.55,219.53,223.55,211.86,120432,563499056.0,5.54,3.96,8.36,8.46,11.689999999999998
2014-02-25,300251,219.53,209.78,229.88,209.78,153111,727546944.0,9.16,-4.44,-9.75,10.75,20.099999999999994
2014-02-26,300251,206.36,200.26,206.36,190.42,99331,422097280.0,7.6,-4.54,-9.52,6.97,15.940000000000026
2014-02-27,300251,200.17,186.68,203.68,186.68,103160,431102096.0,8.49,-6.78,-13.58,7.24,17.0
2014-02-28,300251,186.68,189.91,191.25,180.67,72497,287817632.0,5.67,1.73,3.23,5.09,10.580000000000013
2014-06-17,300251,208.67,207.65,208.67,198.78,465283,1018272224.0,5.21,9.34,17.74,16.33,9.889999999999986
2014-06-18,300251,202.76,213.85,219.94,198.23,490233,1113168880.0,10.46,2.99,6.2,17.21,21.710000000000008
2014-06-19,300251,212.92,217.73,222.07,207.29,387970,895589120.0,6.91,1.81,3.88,13.62,14.780000000000001
2014-06-20,300251,220.41,215.88,222.16,211.26,236025,546832944.0,5.01,-0.85,-1.85,8.29,10.900000000000006
2014-06-23,300251,214.4,212.09,217.17,211.81,204757,468874256.0,2.48,-1.76,-3.79,7.19,5.359999999999985
2014-06-24,300251,211.17,212.37,216.25,208.49,173050,394619568.0,3.66,0.13,0.28,6.08,7.759999999999991
2014-06-25,300251,214.12,214.58,220.68,211.54,203208,469841744.0,4.3,1.04,2.21,7.13,9.140000000000015
2014-06-26,300251,214.4,214.31,216.71,212.09,221738,508671648.0,2.15,-0.13,-0.27,7.78,4.6200000000000045
2014-06-27,300251,214.49,212.46,217.17,211.63,200633,459120448.0,2.59,-0.86,-1.85,7.04,5.539999999999992
2014-06-30,300251,212.64,207.29,214.68,204.24,212572,471618528.0,4.91,-2.43,-5.17,7.46,10.439999999999998
2014-07-01,300251,210.43,209.13,212.74,208.39,170633,383590064.0,2.1,0.89,1.84,5.99,4.350000000000023
2014-07-02,300251,209.6,209.87,211.17,205.71,158497,353396048.0,2.61,0.35,0.74,5.56,5.4599999999999795
2014-07-03,300251,210.24,207.56,210.98,207.47,131605,294476528.0,1.67,-1.1,-2.31,4.62,3.509999999999991
2014-07-04,300251,206.92,203.77,208.02,202.2,158533,346237376.0,2.8,-1.83,-3.79,5.57,5.820000000000022
2014-07-07,300251,205.62,200.08,205.62,199.25,130573,280800176.0,3.13,-1.81,-3.69,4.58,6.3700000000000045
2014-07-08,300251,201.0,201.83,202.48,199.43,83437,179654562.0,1.52,0.87,1.75,2.93,3.049999999999983
2014-07-09,300251,201.0,193.24,202.48,192.13,161018,339934400.0,5.13,-4.26,-8.59,5.65,10.349999999999994
2014-07-10,300251,195.37,191.12,195.46,190.84,102595,211215406.0,2.39,-1.1,-2.12,3.6,4.6200000000000045
2014-07-11,300251,190.38,189.82,195.09,189.08,102091,209146496.0,3.14,-0.68,-1.3,3.58,6.009999999999991
2014-07-14,300251,190.01,186.5,191.85,184.83,194907,388422544.0,3.7,-1.75,-3.32,6.84,7.019999999999982
2014-07-15,300251,183.45,174.58,184.65,172.54,245358,466396480.0,6.49,-6.39,-11.92,8.61,12.110000000000014
2014-07-16,300251,175.13,180.3,180.67,173.47,168344,319341280.0,4.12,3.28,5.72,5.91,7.199999999999989
2014-07-17,300251,179.47,176.42,179.47,175.13,82328,155431853.0,2.41,-2.15,-3.88,2.89,4.340000000000003
2014-07-18,300251,177.44,174.48,177.44,174.21,68136,127647232.0,1.83,-1.1,-1.94,2.39,3.2299999999999898
2014-07-21,300251,174.48,169.68,174.48,167.55,117691,213245560.0,3.97,-2.75,-4.8,4.13,6.929999999999978
2014-07-22,300251,169.31,169.86,170.69,168.11,91081,164975614.0,1.52,0.11,0.18,3.2,2.579999999999984
2014-07-23,300251,169.77,166.07,170.05,165.98,95904,171780896.0,2.4,-2.23,-3.79,3.37,4.070000000000022
2014-07-24,300251,165.8,160.62,166.54,159.42,130327,225038936.0,4.29,-3.28,-5.45,4.58,7.1200000000000045
2014-07-25,300251,159.51,162.47,163.58,159.51,91964,159011861.0,2.53,1.15,1.85,3.23,4.070000000000022
2014-07-28,300251,162.1,170.88,172.64,161.82,185432,333953744.0,6.66,5.18,8.41,6.51,10.819999999999993
2014-07-29,300251,169.86,171.53,172.82,168.2,149051,272264928.0,2.7,0.38,0.65,5.23,4.6200000000000045
2014-07-30,300251,171.34,170.05,172.08,167.92,105253,190762322.0,2.43,-0.86,-1.48,3.7,4.160000000000025
2014-07-31,300251,168.57,173.84,175.87,167.65,193002,354504080.0,4.83,2.23,3.79,6.78,8.219999999999999
2014-08-01,300251,172.36,168.57,172.54,168.48,150469,273545248.0,2.34,-3.03,-5.27,5.28,4.060000000000002
2014-08-04,300251,168.57,170.05,170.88,166.63,88366,159788771.0,2.52,0.88,1.48,1.66,4.25
2014-08-05,300251,170.05,186.03,186.86,168.75,418006,807474352.0,10.65,9.4,15.98,7.87,18.110000000000014
2014-08-06,300251,183.54,185.29,186.59,182.61,220992,435666928.0,2.14,-0.4,-0.74,4.16,3.9799999999999898
2014-08-07,300251,186.22,188.53,193.15,184.46,304254,617432176.0,4.69,1.75,3.24,5.73,8.689999999999998
2014-08-08,300251,186.77,185.85,188.53,183.63,147253,292390320.0,2.6,-1.42,-2.68,2.77,4.900000000000006
2014-08-11,300251,185.94,187.42,189.82,185.29,133535,267897566.0,2.44,0.84,1.57,2.51,4.530000000000001
2014-08-12,300251,188.16,188.25,189.54,187.14,106258,213846907.0,1.28,0.44,0.83,2.0,2.4000000000000057
2014-08-13,300251,188.44,184.09,188.99,182.24,141106,277787264.0,3.59,-2.21,-4.16,2.66,6.75
2014-08-14,300251,184.19,181.78,185.85,181.32,99968,196560091.0,2.46,-1.25,-2.31,1.88,4.530000000000001
2014-08-15,300251,181.78,181.88,183.35,178.46,106504,206005169.0,2.69,0.06,0.1,2.0,4.889999999999986
2014-08-18,300251,181.69,193.98,195.09,181.69,289327,587295568.0,7.37,6.65,12.1,5.45,13.400000000000006
2014-08-19,300251,197.77,199.52,210.24,197.77,416769,904310304.0,6.43,2.86,5.54,7.85,12.469999999999999
2014-08-20,300251,196.38,195.0,198.05,192.78,189284,395071728.0,2.64,-2.27,-4.52,3.56,5.27000000000001
2014-08-21,300251,193.98,204.24,204.79,192.78,275209,587506832.0,6.16,4.74,9.24,5.18,12.009999999999991
2014-08-22,300251,202.48,200.63,207.47,200.36,252801,549477632.0,3.48,-1.77,-3.61,4.76,7.109999999999985
2014-08-25,300251,199.71,195.92,199.71,195.0,142116,299922432.0,2.35,-2.35,-4.71,2.68,4.710000000000008
2014-08-26,300251,195.92,188.34,197.12,186.4,156402,319419248.0,5.47,-3.87,-7.58,2.94,10.719999999999999
2014-08-27,300251,187.6,188.71,191.21,187.23,88944,179846455.0,2.11,0.2,0.37,1.67,3.980000000000018
2014-08-28,300251,188.81,186.31,189.91,185.94,94330,189092788.0,2.1,-1.27,-2.4,1.78,3.969999999999999
2014-08-29,300251,186.31,187.33,187.51,183.45,75105,148846134.0,2.18,0.55,1.02,1.41,4.060000000000002
2014-09-01,300251,188.07,191.21,193.43,187.6,104647,212924480.0,3.11,2.07,3.88,1.97,5.8300000000000125
2014-09-02,300251,191.39,194.53,196.57,191.39,145775,303064640.0,2.71,1.74,3.32,2.74,5.180000000000007
2014-09-03,300251,194.63,198.6,201.83,193.24,234643,496269008.0,4.42,2.09,4.07,4.42,8.590000000000003
2014-09-04,300251,198.23,200.08,203.68,195.46,233415,497600320.0,4.14,0.75,1.48,4.39,8.219999999999999
2014-09-05,300251,200.08,197.31,200.91,196.38,141979,300195328.0,2.26,-1.38,-2.77,2.67,4.530000000000001
2014-09-09,300251,197.77,196.2,198.6,193.79,112119,234739003.0,2.44,-0.56,-1.11,2.11,4.810000000000002
2014-09-10,300251,195.92,197.21,198.69,193.89,119969,252936285.0,2.45,0.51,1.01,2.26,4.800000000000011
2014-09-11,300251,197.31,202.2,205.34,197.31,317431,683813840.0,4.07,2.53,4.99,5.98,8.030000000000001
2014-09-12,300251,202.48,201.28,203.4,199.43,126807,272519024.0,1.96,-0.45,-0.92,2.39,3.969999999999999
2014-09-15,300251,201.0,203.03,204.05,200.08,184605,400613488.0,1.97,0.87,1.75,3.48,3.969999999999999
2014-09-16,300251,203.31,191.48,203.31,190.84,240136,505448912.0,6.14,-5.69,-11.55,4.52,12.469999999999999
2014-09-17,300251,190.84,191.58,193.61,188.34,107714,219409046.0,2.75,0.05,0.1,2.03,5.27000000000001
2014-09-18,300251,191.3,190.28,192.69,189.45,78459,159923553.0,1.69,-0.68,-1.3,1.48,3.240000000000009
2014-09-19,300251,190.28,192.22,192.96,190.01,72989,149735125.0,1.55,1.02,1.94,1.37,2.950000000000017
2014-09-22,300251,191.58,186.68,191.58,186.22,130586,262377872.0,2.79,-2.88,-5.54,2.46,5.360000000000014
2014-09-23,300251,186.68,187.33,188.44,186.22,69712,139533468.0,1.19,0.35,0.65,1.31,2.219999999999999
2014-09-24,300251,186.22,188.53,188.99,185.11,108747,217513547.0,2.07,0.64,1.2,2.05,3.8799999999999955
2014-09-25,300251,188.53,190.1,192.5,188.16,136832,278211856.0,2.3,0.83,1.57,2.58,4.340000000000003
2014-09-26,300251,189.27,188.9,190.19,188.07,74114,149680221.0,1.12,-0.63,-1.2,1.4,2.1200000000000045
2014-09-29,300251,189.36,195.55,199.43,189.27,216820,453424928.0,5.38,3.52,6.65,4.08,10.159999999999997
2014-09-30,300251,193.89,195.74,196.84,193.89,116681,244145671.0,1.51,0.1,0.19,1.24,2.950000000000017
2014-10-08,300251,195.46,196.94,197.58,193.79,118635,248909515.0,1.94,0.61,1.2,1.26,3.7900000000000205
2014-10-09,300251,198.05,199.52,201.19,195.09,191242,406872496.0,3.1,1.31,2.58,2.03,6.099999999999994
2014-10-10,300251,199.62,197.03,199.62,196.1,125464,264717372.0,1.76,-1.25,-2.49,1.33,3.5200000000000102
2014-10-13,300251,196.38,194.53,196.38,191.95,98742,204438559.0,2.25,-1.27,-2.5,1.05,4.430000000000007
2014-10-14,300251,193.43,199.06,200.45,193.33,171594,363574224.0,3.66,2.33,4.53,1.82,7.119999999999976
2014-10-15,300251,198.69,196.01,198.69,193.24,110253,230241009.0,2.74,-1.53,-3.05,1.17,5.449999999999989
2014-10-16,300251,195.83,194.26,199.25,193.43,147564,311446880.0,2.97,-0.89,-1.75,1.57,5.819999999999993
2014-10-17,300251,192.59,188.07,194.16,187.6,130312,264331059.0,3.38,-3.19,-6.19,1.38,6.560000000000002
2014-10-20,300251,188.53,190.01,190.75,188.34,64394,130598162.0,1.28,1.03,1.94,0.68,2.4099999999999966
2014-10-21,300251,190.01,187.33,190.84,186.68,78161,157246499.0,2.19,-1.41,-2.68,0.83,4.159999999999997
2014-10-22,300251,187.51,185.76,189.36,185.29,49300,98712994.0,2.17,-0.84,-1.57,0.52,4.070000000000022
2014-10-23,300251,185.48,186.5,187.88,184.46,56760,112782854.0,1.84,0.4,0.74,0.6,3.4199999999999875
2014-10-24,300251,186.96,186.96,190.65,186.03,57340,115366064.0,2.48,0.25,0.46,0.61,4.6200000000000045
2014-10-27,300251,186.77,185.76,186.96,180.03,48116,94520905.0,3.71,-0.64,-1.2,0.51,6.930000000000007
2014-10-28,300251,188.07,190.38,190.75,187.14,78837,159839899.0,1.94,2.49,4.62,0.84,3.6100000000000136
2014-10-29,300251,190.56,192.04,194.16,190.01,109521,224903725.0,2.18,0.87,1.66,1.16,4.150000000000006
2014-10-30,300251,192.22,189.64,193.61,188.71,82735,168595750.0,2.55,-1.25,-2.4,0.88,4.900000000000006
2014-10-31,300251,189.91,191.12,191.3,186.22,91626,184707428.0,2.68,0.78,1.48,0.97,5.0800000000000125
2014-11-03,300251,190.84,190.28,191.12,188.44,79604,161297397.0,1.4,-0.44,-0.84,0.85,2.680000000000007
2014-11-04,300251,189.91,186.5,189.91,186.4,77882,156363911.0,1.84,-1.99,-3.78,0.83,3.509999999999991
2014-11-05,300251,184.92,184.55,186.5,183.72,67381,132956427.0,1.49,-1.05,-1.95,0.72,2.780000000000001
2014-11-06,300251,184.83,187.79,188.44,184.83,56662,113136602.0,1.96,1.76,3.24,0.6,3.609999999999985
2014-11-07,300251,187.79,184.37,188.62,184.37,87466,173850777.0,2.26,-1.82,-3.42,0.93,4.25
2014-11-10,300251,183.72,183.17,183.82,180.67,85828,166938011.0,1.71,-0.65,-1.2,0.91,3.1500000000000057
2014-11-11,300251,182.52,172.73,182.52,171.34,155426,292501664.0,6.1,-5.7,-10.44,1.65,11.180000000000007
2014-11-12,300251,172.36,173.65,174.85,171.71,49404,91695955.0,1.82,0.53,0.92,0.52,3.1399999999999864
2014-11-13,300251,173.65,166.35,174.21,159.98,187956,331525344.0,8.19,-4.2,-7.3,2.0,14.230000000000018
2014-11-14,300251,164.04,166.54,168.38,163.21,61673,109224905.0,3.11,0.11,0.19,0.65,5.1699999999999875
2014-11-17,300251,166.54,172.91,173.28,163.76,102620,187261064.0,5.72,3.82,6.37,1.09,9.52000000000001
2014-11-18,300251,172.36,173.19,174.21,170.6,63562,117483859.0,2.09,0.16,0.28,0.67,3.6100000000000136
2014-11-19,300251,183.45,185.11,190.28,181.41,234409,463592384.0,5.12,6.88,11.92,2.49,8.870000000000005
2014-11-20,300251,180.67,177.9,183.91,177.9,118314,226947511.0,3.25,-3.89,-7.21,1.26,6.009999999999991
2014-11-21,300251,178.36,180.95,182.52,177.99,86615,166983154.0,2.55,1.71,3.05,0.92,4.530000000000001
2014-11-24,300251,182.52,179.2,183.45,178.09,103178,197620540.0,2.96,-0.97,-1.75,1.1,5.359999999999985
2014-11-25,300251,178.46,179.66,180.77,177.9,85741,164143715.0,1.6,0.26,0.46,0.91,2.8700000000000045
2014-11-26,300251,180.67,177.9,181.23,176.15,107766,205033972.0,2.83,-0.98,-1.76,1.14,5.079999999999984
2014-11-27,300251,178.27,178.09,180.49,176.42,92966,176961633.0,2.29,0.11,0.19,0.99,4.070000000000022
2014-11-28,300251,177.9,178.18,179.47,176.15,107043,203334810.0,1.86,0.05,0.09,1.14,3.319999999999993
2014-12-01,300251,177.81,176.24,178.09,175.59,93205,175982207.0,1.4,-1.09,-1.94,0.99,2.5
2014-12-02,300251,176.15,177.72,179.47,176.15,86872,165255050.0,1.88,0.84,1.48,0.92,3.319999999999993
2014-12-03,300251,178.83,190.47,192.22,178.64,409165,814342064.0,7.64,7.17,12.75,4.34,13.580000000000013
2014-12-04,300251,190.56,196.29,198.23,188.99,398857,824797776.0,4.85,3.06,5.82,4.24,9.23999999999998
2014-12-05,300251,197.77,187.14,197.77,183.63,269674,548417504.0,7.2,-4.66,-9.15,2.86,14.140000000000015
2014-12-08,300251,185.94,202.2,205.62,180.67,531747,1143571936.0,13.33,8.05,15.06,5.65,24.950000000000017
2014-12-09,300251,198.23,205.34,220.22,193.61,728932,1631427248.0,13.16,1.55,3.14,7.74,26.609999999999985
2014-12-10,300251,209.69,225.67,225.67,209.32,510693,1200204720.0,7.96,9.9,20.33,5.42,16.349999999999994
2014-12-11,300251,238.05,231.03,242.58,224.1,783517,1958989040.0,8.19,2.38,5.36,8.32,18.480000000000018
2014-12-12,300251,227.8,232.97,236.58,221.33,480901,1179307536.0,6.6,0.84,1.94,5.11,15.25
2014-12-15,300251,232.42,231.31,237.87,225.95,353232,880220176.0,5.12,-0.71,-1.66,3.75,11.920000000000016
2014-12-16,300251,231.03,229.65,235.56,222.72,370942,910722992.0,5.55,-0.72,-1.66,3.94,12.840000000000003
2014-12-17,300251,226.87,241.66,242.49,223.18,612782,1542877648.0,8.41,5.23,12.01,6.51,19.310000000000002
2014-12-18,300251,236.85,232.33,245.91,231.96,462717,1181875744.0,5.77,-3.86,-9.33,4.91,13.949999999999989
2014-12-19,300251,227.24,217.73,230.11,211.91,377280,888915952.0,7.83,-6.28,-14.6,4.01,18.200000000000017
2014-12-22,300251,216.71,228.72,237.87,208.02,450685,1087343136.0,13.71,5.05,10.99,4.79,29.849999999999994
2014-12-23,300251,221.24,238.7,244.43,218.65,517562,1305470464.0,11.27,4.36,9.98,5.5,25.78
2014-12-24,300251,238.7,233.34,238.89,230.57,321159,808341536.0,3.49,-2.25,-5.36,3.41,8.319999999999993
2014-12-25,300251,232.51,229.18,234.08,224.19,273254,667679792.0,4.24,-1.78,-4.16,2.9,9.890000000000015
2014-12-26,300251,228.35,235.84,240.64,224.38,417201,1046017360.0,7.09,2.91,6.66,4.43,16.25999999999999
2014-12-29,300251,232.42,251.08,256.26,228.72,660087,1733442672.0,11.68,6.46,15.24,7.01,27.539999999999992
2014-12-30,300251,248.13,230.57,253.12,229.74,493520,1285267264.0,9.31,-8.17,-20.51,5.24,23.379999999999995
2014-12-31,300251,222.25,220.78,230.02,215.69,420990,999159760.0,6.22,-4.25,-9.79,4.47,14.330000000000013
2015-01-05,300251,219.39,223.36,229.09,217.73,272162,652604880.0,5.15,1.17,2.58,2.89,11.360000000000014
2015-01-06,300251,223.18,239.44,244.98,218.65,509445,1262741200.0,11.79,7.2,16.08,5.41,26.329999999999984
2015-01-07,300251,235.19,231.31,238.89,228.81,316534,790434256.0,4.21,-3.4,-8.13,3.36,10.079999999999984
2015-01-08,300251,231.31,229.0,239.16,228.91,286911,720800448.0,4.43,-1.0,-2.31,3.05,10.25
2015-01-09,300251,225.49,229.28,238.15,223.36,273126,678864512.0,6.46,0.12,0.28,2.9,14.789999999999992
2015-01-12,300251,225.95,232.23,235.84,225.95,216774,539143408.0,4.31,1.29,2.95,2.3,9.890000000000015
2015-01-13,300251,230.66,236.67,241.47,227.89,326187,826693088.0,5.85,1.91,4.44,3.46,13.580000000000013
2015-01-14,300251,236.58,228.35,239.72,225.49,232959,582711408.0,6.01,-3.52,-8.32,2.47,14.22999999999999
2015-01-15,300251,226.23,222.35,229.55,219.94,254972,609583776.0,4.21,-2.63,-6.0,2.71,9.610000000000014
2015-01-16,300251,222.35,228.26,231.96,221.61,233750,568942672.0,4.65,2.66,5.91,2.48,10.349999999999994
2015-01-19,300251,220.87,221.61,236.3,217.26,325122,792126160.0,8.34,-2.91,-6.65,3.45,19.04000000000002
2015-01-20,300251,221.61,226.87,228.35,221.61,234158,566231488.0,3.04,2.37,5.26,2.49,6.739999999999981
2015-01-21,300251,226.87,249.33,249.33,226.87,807512,2116952928.0,9.9,9.9,22.46,8.57,22.460000000000008
2015-01-22,300251,250.25,253.67,255.52,245.82,646187,1737428560.0,3.89,1.74,4.34,6.86,9.700000000000017
2015-01-23,300251,254.69,247.39,254.69,242.67,383939,1020122064.0,4.74,-2.48,-6.28,4.08,12.02000000000001
2015-01-26,300251,245.82,249.51,253.3,245.82,283344,758469072.0,3.02,0.86,2.12,3.01,7.480000000000018
2015-01-27,300251,250.53,244.89,254.32,241.2,297712,788025648.0,5.26,-1.85,-4.62,3.16,13.120000000000005
2015-01-28,300251,245.26,250.07,256.35,242.77,421917,1136631296.0,5.55,2.12,5.18,4.48,13.580000000000013
2015-01-29,300251,245.35,251.18,251.18,241.29,265877,698751344.0,3.95,0.44,1.11,2.82,9.890000000000015
2015-02-02,300251,233.34,236.3,244.06,226.87,196267,501977888.0,6.84,-5.92,-14.88,2.08,17.189999999999998
2015-02-03,300251,235.93,241.29,243.51,235.93,170538,441055504.0,3.21,2.11,4.99,1.81,7.579999999999984
2015-02-04,300251,242.67,242.86,244.06,238.24,149499,387239616.0,2.41,0.65,1.57,1.59,5.819999999999993
2015-02-05,300251,243.32,249.33,257.27,238.89,392225,1054122736.0,7.57,2.66,6.47,4.17,18.379999999999995
2015-02-06,300251,249.51,246.28,254.32,244.43,225987,602953216.0,3.97,-1.22,-3.05,2.4,9.889999999999986
2015-02-09,300251,246.28,228.81,248.59,226.87,293024,737857376.0,8.82,-7.09,-17.47,3.11,21.72
2015-02-10,300251,228.72,233.62,234.45,224.29,127612,315713152.0,4.44,2.1,4.81,1.36,10.159999999999997
2015-02-11,300251,233.71,232.51,237.96,231.96,126687,317822656.0,2.57,-0.48,-1.11,1.35,6.0
2015-02-12,300251,233.06,240.46,244.25,232.97,207372,533443936.0,4.85,3.42,7.95,2.2,11.280000000000001
2015-02-13,300251,241.66,251.08,255.89,239.9,326455,869779648.0,6.65,4.42,10.62,3.47,15.98999999999998
2015-02-16,300251,256.35,275.94,275.94,256.26,594293,1735348800.0,7.84,9.9,24.86,6.31,19.680000000000007
2015-02-17,300251,284.16,269.66,286.66,267.35,508072,1493541600.0,7.0,-2.28,-6.28,5.4,19.310000000000002
2015-02-25,300251,269.38,256.72,269.38,256.16,317197,892621488.0,4.9,-4.8,-12.94,3.37,13.21999999999997
2015-02-26,300251,258.66,261.62,263.37,251.18,260335,721606400.0,4.75,1.91,4.9,2.76,12.189999999999998
2015-02-27,300251,259.95,266.14,275.85,257.37,390209,1118892912.0,7.06,1.73,4.52,4.14,18.480000000000018
2015-03-02,300251,263.83,268.73,271.87,259.4,299132,856293968.0,4.69,0.97,2.59,3.18,12.470000000000027
2015-03-03,300251,269.93,280.47,284.81,266.14,494247,1470593520.0,6.95,4.37,11.74,5.25,18.670000000000016
2015-03-04,300251,280.93,308.28,308.28,277.88,418714,1333084608.0,10.84,9.92,27.81,4.45,30.399999999999977
2015-03-05,300251,334.98,338.86,338.86,322.97,1040235,3744762128.0,5.15,9.92,30.58,11.05,15.889999999999986
2015-03-06,300251,342.37,314.01,344.13,311.88,654485,2284617488.0,9.52,-7.33,-24.85,6.95,32.25
2015-03-09,300251,312.34,308.19,323.06,305.41,432632,1457222432.0,5.62,-1.85,-5.82,4.59,17.649999999999977
2015-03-10,300251,311.7,321.12,331.84,309.29,460614,1589636928.0,7.32,4.2,12.93,4.89,22.549999999999955
2015-03-11,300251,315.58,313.45,319.27,304.49,286156,962255536.0,4.6,-2.39,-7.67,3.04,14.779999999999973
2015-03-12,300251,311.51,301.07,318.9,297.01,295005,968286624.0,6.98,-3.95,-12.38,3.13,21.889999999999986
2015-03-13,300251,303.74,312.71,312.81,298.11,223895,740030256.0,4.88,3.87,11.64,2.38,14.699999999999989
2015-03-16,300251,313.82,319.83,325.56,309.94,356256,1219055104.0,5.0,2.28,7.12,3.78,15.620000000000005
2015-03-17,300251,319.83,312.53,325.56,308.37,338787,1153084464.0,5.37,-2.28,-7.3,3.6,17.189999999999998
2015-03-18,300251,314.19,313.45,316.69,307.35,288600,967277424.0,2.99,0.29,0.92,3.06,9.339999999999975
2015-03-19,300251,313.91,310.87,317.89,309.57,260036,873611744.0,2.65,-0.82,-2.58,2.76,8.319999999999993
2015-03-20,300251,310.96,316.96,318.07,308.46,337524,1138535616.0,3.09,1.96,6.09,3.58,9.610000000000014
2015-03-23,300251,316.96,329.44,333.13,313.18,431879,1492505408.0,6.29,3.94,12.48,4.58,19.94999999999999
2015-03-24,300251,325.74,321.95,334.8,312.81,374480,1302682480.0,6.67,-2.27,-7.49,3.98,21.99000000000001
2015-03-25,300251,321.12,316.96,324.63,312.81,282317,963950224.0,3.67,-1.55,-4.99,3.0,11.819999999999993
2015-03-26,300251,316.96,299.96,316.96,298.94,333013,1096852320.0,5.69,-5.36,-17.0,3.54,18.019999999999982
2015-03-27,300251,298.21,303.47,304.95,297.19,149775,485925888.0,2.59,1.17,3.51,1.59,7.759999999999991
2015-03-30,300251,304.2,300.24,308.09,295.34,240763,776225280.0,4.2,-1.06,-3.23,2.56,12.75
2015-03-31,300251,300.24,302.0,311.42,300.24,248532,817006512.0,3.72,0.59,1.76,2.64,11.180000000000007
2015-04-01,300251,303.38,308.93,310.03,298.11,244324,802989360.0,3.95,2.29,6.93,2.59,11.919999999999959
2015-04-02,300251,309.11,316.32,316.5,304.67,322532,1074114256.0,3.83,2.39,7.39,3.42,11.829999999999984
2015-04-03,300251,314.56,317.61,323.89,311.88,366965,1256882096.0,3.8,0.41,1.29,3.9,12.009999999999991
2015-04-07,300251,316.5,318.53,323.89,312.9,299587,1025664496.0,3.46,0.29,0.92,3.18,10.990000000000009
2015-04-08,300251,321.12,304.39,322.05,298.11,361380,1194388624.0,7.52,-4.44,-14.14,3.84,23.939999999999998
2015-04-09,300251,302.64,290.17,302.91,279.63,305098,949545952.0,7.65,-4.67,-14.22,3.24,23.28000000000003
2015-04-10,300251,279.73,292.85,294.97,279.73,225066,702676720.0,5.25,0.92,2.68,2.39,15.240000000000009
2015-04-13,300251,295.25,291.46,296.27,286.38,191652,598209040.0,3.38,-0.47,-1.39,2.03,9.889999999999986
2015-04-14,300251,291.46,284.25,291.83,282.59,205100,630861632.0,3.17,-2.47,-7.21,2.18,9.240000000000009
2015-04-15,300251,286.93,291.09,298.02,280.47,262656,818076560.0,6.17,2.41,6.84,2.79,17.549999999999955
2015-04-16,300251,292.76,293.03,299.69,290.63,222211,705269072.0,3.11,0.67,1.94,2.36,9.060000000000002
2015-04-17,300251,293.22,296.82,306.34,290.63,281693,902493664.0,5.36,1.29,3.79,2.99,15.70999999999998
2015-04-20,300251,293.4,286.19,293.86,284.16,241303,746877040.0,3.27,-3.58,-10.63,2.56,9.699999999999989
2015-04-21,300251,285.64,296.27,299.41,285.64,246509,780932976.0,4.81,3.52,10.08,2.62,13.770000000000039
2015-04-22,300251,298.48,304.31,304.31,294.6,281282,906650480.0,3.28,2.71,8.04,2.99,9.70999999999998
2015-04-23,300251,307.26,312.53,316.41,307.26,390185,1309306656.0,3.01,2.7,8.22,4.14,9.150000000000034
2015-04-24,300251,307.26,304.03,311.88,301.72,236384,775746416.0,3.25,-2.72,-8.5,2.51,10.159999999999968
2015-04-27,300251,310.96,305.69,315.58,304.58,233469,775063840.0,3.62,0.55,1.66,2.48,11.0
2015-04-28,300251,305.04,288.14,305.04,286.01,240200,755173552.0,6.23,-5.74,-17.55,2.55,19.03000000000003
2015-04-29,300251,285.18,293.77,295.25,283.7,140738,441256880.0,4.01,1.95,5.63,1.49,11.550000000000011
2015-04-30,300251,296.54,295.43,302.36,293.22,184286,588423200.0,3.11,0.57,1.66,1.96,9.139999999999986
2015-05-04,300251,302.36,305.88,310.77,296.17,228244,745642640.0,4.94,3.54,10.45,2.42,14.599999999999966
2015-05-05,300251,304.2,289.61,305.23,286.93,181241,575558464.0,5.98,-5.32,-16.27,1.92,18.30000000000001
2015-05-06,300251,292.02,287.03,300.42,286.01,164163,517501488.0,4.98,-0.89,-2.58,1.74,14.410000000000025
2015-05-07,300251,286.47,272.89,290.91,269.93,179840,536537904.0,7.31,-4.93,-14.14,1.91,20.980000000000018
2015-05-08,300251,291.55,299.96,299.96,285.09,208449,659469696.0,5.45,9.92,27.07,2.21,14.870000000000005
2015-05-11,300251,316.41,317.52,323.89,303.2,537187,1808904464.0,6.9,5.85,17.56,5.7,20.689999999999998
2015-05-12,300251,318.26,332.95,340.8,317.52,555617,1961573408.0,7.33,4.86,15.43,5.9,23.28000000000003
2015-05-13,300251,325.65,339.32,356.23,316.04,546988,1967540416.0,12.07,1.91,6.37,5.81,40.19
2015-05-14,300251,334.98,336.0,353.46,331.75,436520,1612403616.0,6.4,-0.98,-3.32,4.63,21.70999999999998
2015-05-15,300251,327.59,325.37,334.98,316.5,293863,1025291568.0,5.5,-3.16,-10.63,3.12,18.480000000000018
2015-05-18,300251,324.36,331.56,340.25,323.06,252665,906226992.0,5.28,1.9,6.19,2.68,17.189999999999998
2015-05-19,300251,327.41,342.1,346.72,318.53,330592,1179899728.0,8.5,3.18,10.54,3.51,28.190000000000055
2015-05-20,300251,345.7,346.16,367.32,344.41,365501,1397134512.0,6.7,1.19,4.06,3.88,22.909999999999968
2015-05-21,300251,343.3,354.02,361.32,343.3,312981,1188364000.0,5.21,2.27,7.86,3.32,18.019999999999982
2015-05-22,300251,357.8,350.69,364.55,341.27,326558,1232544128.0,6.58,-0.94,-3.33,3.47,23.28000000000003
2015-05-25,300251,339.6,345.61,353.37,335.44,292715,1084525264.0,5.11,-1.45,-5.08,3.11,17.930000000000007
2015-05-26,300251,345.61,379.98,379.98,343.67,418531,1631068512.0,10.51,9.94,34.37,4.44,36.31
2015-05-27,300251,383.95,390.24,413.52,373.79,422403,1792865904.0,10.46,2.7,10.26,4.48,39.72999999999996
2015-05-28,300251,390.42,358.27,413.15,352.45,408358,1707979152.0,15.55,-8.19,-31.97,4.33,60.69999999999999
2015-05-29,300251,392.09,393.84,393.84,365.47,293304,1216935856.0,7.92,9.93,35.57,3.11,28.369999999999948
2015-06-01,300251,424.61,424.7,433.02,414.26,476310,2176564192.0,4.76,7.84,30.86,5.06,18.75999999999999
2015-06-02,300251,424.61,445.86,449.65,418.23,391848,1847079600.0,7.4,4.98,21.16,4.16,31.41999999999996
2015-06-03,300251,441.33,425.35,443.09,415.37,331233,1525083072.0,6.22,-4.6,-20.51,3.52,27.71999999999997
2015-06-04,300251,424.89,433.39,442.63,390.51,315769,1432545328.0,12.25,1.89,8.04,3.35,52.120000000000005
2015-06-05,300251,438.01,412.97,442.17,406.59,307540,1399242640.0,8.21,-4.71,-20.42,3.26,35.58000000000004
2015-06-08,300251,407.42,393.29,407.42,379.8,308258,1302347584.0,6.69,-4.77,-19.68,3.27,27.620000000000005
2015-06-09,300251,389.04,400.59,418.14,389.04,278025,1212447648.0,7.4,1.86,7.3,2.95,29.099999999999966
2015-06-10,300251,401.51,437.45,440.41,398.0,382403,1745732800.0,10.59,9.2,36.86,4.06,42.410000000000025
2015-06-11,300251,435.33,431.26,444.85,423.32,308956,1440110736.0,4.92,-1.42,-6.19,3.28,21.53000000000003
2015-06-12,300251,434.87,463.05,474.14,428.31,404686,1987231456.0,10.63,7.37,31.79,4.3,45.829999999999984
2015-06-15,300251,463.05,419.9,463.05,418.05,333970,1575408096.0,9.72,-9.32,-43.15,3.55,45.0
2015-06-16,300251,405.67,427.05,438.82,387.76,378003,1295790816.0,12.16,1.7,7.15,3.09,51.06
2015-06-17,300251,426.09,429.57,437.86,403.15,262739,915916352.0,8.13,0.59,2.52,2.15,34.710000000000036
2015-06-18,300251,425.49,388.0,428.37,387.65,228996,779682032.0,9.48,-9.68,-41.57,1.87,40.72000000000003
2015-06-19,300251,375.64,351.61,383.21,350.17,259677,785840704.0,8.52,-9.38,-36.39,2.12,33.039999999999964
2015-06-23,300251,353.42,369.51,374.44,342.36,278303,828490272.0,9.12,5.09,17.9,2.27,32.079999999999984
2015-06-24,300251,375.64,366.03,377.92,352.7,220856,672205088.0,6.83,-0.94,-3.48,1.8,25.220000000000027
2015-06-25,300251,369.63,339.0,372.51,330.83,236242,688551088.0,11.39,-7.38,-27.03,1.93,41.68000000000001
2015-06-26,300251,327.59,305.49,331.19,305.49,261719,678055664.0,7.58,-9.88,-33.51,2.14,25.69999999999999
2015-06-29,300251,313.3,275.22,313.78,275.22,338762,792416688.0,12.62,-9.91,-30.27,2.77,38.559999999999945
2015-06-30,300251,262.73,302.36,302.36,256.48,457687,1077959264.0,16.67,9.86,27.14,3.74,45.879999999999995
2015-07-01,300251,303.57,296.96,325.55,291.55,561064,1444340656.0,11.24,-1.79,-5.4,4.58,34.0
2015-07-02,300251,302.36,286.39,315.34,271.73,416379,1016327040.0,14.69,-3.56,-10.57,3.4,43.60999999999996
2015-07-03,300251,277.14,292.76,312.33,267.53,510991,1231103424.0,15.64,2.22,6.37,4.17,44.80000000000001
2015-07-06,300251,321.7,275.94,321.7,263.81,533601,1266602192.0,19.77,-5.75,-16.82,4.36,57.889999999999986
2015-07-14,300251,303.21,303.21,303.21,303.21,17962,44851588.0,0.0,9.88,27.27,0.15,0.0
2015-07-15,300251,333.12,275.1,333.12,274.74,540305,1362544016.0,19.25,-9.27,-28.11,4.41,58.379999999999995
2015-07-16,300251,275.1,271.73,290.11,247.95,378762,843441184.0,15.33,-1.23,-3.37,3.09,42.160000000000025
2015-07-17,300251,280.74,298.64,298.64,274.74,346758,829505216.0,8.8,9.9,26.91,2.83,23.899999999999977
2015-07-20,300251,315.58,328.19,328.19,305.01,702725,1878842752.0,7.76,9.89,29.55,5.74,23.180000000000007
2015-07-21,300251,328.79,351.61,360.02,325.31,728179,2073865264.0,10.58,7.14,23.42,5.95,34.70999999999998
2015-07-22,300251,345.61,345.73,362.18,334.68,483115,1388501984.0,7.82,-1.67,-5.88,3.95,27.5
2015-07-23,300251,345.37,357.38,361.22,336.0,379773,1096174320.0,7.29,3.37,11.65,3.1,25.220000000000027
2015-07-24,300251,355.82,351.25,367.11,342.6,368044,1080911120.0,6.86,-1.72,-6.13,3.01,24.50999999999999
2015-07-27,300251,349.93,363.03,386.09,342.0,953189,2964340464.0,12.55,3.35,11.78,7.78,44.089999999999975
2015-07-28,300251,346.57,349.81,382.24,327.11,665965,1913286128.0,15.19,-3.64,-13.22,5.44,55.129999999999995
2015-07-29,300251,360.02,384.53,384.53,346.21,585933,1773692784.0,10.95,9.93,34.72,4.78,38.31999999999999
2015-07-30,300251,387.65,371.91,404.47,369.63,655651,2124427936.0,9.06,-3.28,-12.62,5.35,34.84000000000003
2015-07-31,300251,364.47,341.88,381.64,335.4,499536,1483485936.0,12.43,-8.07,-30.03,4.08,46.24000000000001
2015-08-03,300251,332.39,308.01,339.24,308.01,514720,1347383408.0,9.13,-9.91,-33.87,4.2,31.230000000000018
2015-08-04,300251,305.97,338.52,338.52,305.97,425848,1132536784.0,10.57,9.91,30.51,3.48,32.549999999999955
2015-08-05,300251,334.44,317.5,338.52,314.5,416921,1127161168.0,7.1,-6.21,-21.02,3.4,24.019999999999982
2015-08-06,300251,306.93,322.3,326.39,301.28,272294,699212304.0,7.91,1.51,4.8,2.22,25.110000000000014
2015-08-07,300251,322.3,341.76,351.61,322.3,375854,1048063808.0,9.09,6.04,19.46,3.07,29.310000000000002
2015-08-10,300251,339.72,353.78,363.51,336.96,386197,1114194816.0,7.77,3.52,12.02,3.15,26.55000000000001
2015-08-11,300251,351.61,360.86,375.4,346.81,425889,1260219184.0,8.08,2.0,7.08,3.48,28.589999999999975
2015-08-12,300251,351.73,347.65,360.86,347.29,298916,872817040.0,3.76,-3.66,-13.21,2.44,13.569999999999993
2015-08-13,300251,346.21,366.99,368.31,346.21,319659,946835584.0,6.36,5.56,19.34,2.61,22.100000000000023
2015-08-14,300251,372.03,357.62,373.84,356.18,257045,768566336.0,4.81,-2.55,-9.37,2.1,17.659999999999968
2015-08-17,300251,353.18,350.53,358.22,340.2,206148,592440704.0,5.04,-1.98,-7.09,1.68,18.02000000000004
2015-08-18,300251,350.53,315.82,362.06,315.82,335296,935992848.0,13.19,-9.9,-34.71,2.74,46.24000000000001
2015-08-19,300251,304.89,317.98,323.51,291.55,322539,822657088.0,10.12,0.68,2.16,2.63,31.95999999999998
2015-08-20,300251,315.7,300.56,318.94,297.56,270398,685320528.0,6.72,-5.48,-17.42,2.21,21.379999999999995
2015-08-21,300251,300.56,278.46,307.53,275.82,237017,569613792.0,10.55,-7.35,-22.1,1.94,31.70999999999998
2015-08-24,300251,263.33,250.95,267.53,250.95,193400,402180656.0,5.95,-9.88,-27.51,1.58,16.579999999999984
2015-08-25,300251,226.21,226.21,242.3,226.21,279713,532077280.0,6.41,-9.86,-24.74,2.28,16.090000000000003
2015-08-26,300251,228.49,225.73,245.91,214.68,418338,797241472.0,13.81,-0.21,-0.48,3.42,31.22999999999999
2015-08-27,300251,233.9,247.95,247.95,233.9,448382,898393376.0,6.22,9.84,22.22,3.66,14.049999999999983
2015-08-28,300251,254.32,263.09,267.17,242.06,425566,881431600.0,10.13,6.11,15.14,3.48,25.110000000000014
2015-08-31,300251,255.52,289.03,289.03,250.35,496181,1136810416.0,14.7,9.86,25.94,4.05,38.67999999999998
2015-09-01,300251,279.66,281.46,289.27,260.44,622367,1418459680.0,9.97,-2.62,-7.57,5.08,28.829999999999984
2015-09-02,300251,263.21,256.72,289.15,255.04,422992,941002480.0,12.12,-8.79,-24.74,3.45,34.109999999999985
2015-09-07,300251,265.13,280.74,282.06,262.73,455039,1042447424.0,7.53,9.36,24.02,3.72,19.329999999999984
2015-09-08,300251,276.78,289.27,293.72,263.09,355595,810354176.0,10.91,3.04,8.53,2.9,30.630000000000052
2015-09-09,300251,290.71,297.08,307.77,284.35,419722,1024558784.0,8.1,2.7,7.81,3.43,23.41999999999996
2015-09-10,300251,291.55,324.83,326.51,287.95,600562,1556123792.0,12.98,9.34,27.75,4.9,38.56
2015-09-11,300251,319.18,321.46,325.55,313.78,404327,1062223024.0,3.62,-1.04,-3.37,3.3,11.770000000000039
2015-09-14,300251,328.79,289.63,337.2,289.63,472667,1225224720.0,14.8,-9.9,-31.83,3.86,47.56999999999999
2015-09-15,300251,278.34,284.95,294.92,271.13,428763,999145792.0,8.21,-1.62,-4.68,3.5,23.79000000000002
2015-09-16,300251,287.59,313.18,313.18,286.87,515898,1276202528.0,9.23,9.91,28.23,4.21,26.310000000000002
2015-09-17,300251,318.1,312.45,339.6,310.77,663747,1777914752.0,9.21,-0.23,-0.73,5.42,28.83000000000004
2015-09-18,300251,320.5,343.33,343.33,315.34,595992,1614419296.0,8.96,9.88,30.88,4.87,27.99000000000001
2015-09-21,300251,333.6,352.82,356.78,329.03,711811,2010867424.0,8.08,2.76,9.49,5.81,27.75
2015-09-22,300251,349.21,338.4,353.42,333.84,594247,1675779632.0,5.55,-4.09,-14.42,4.85,19.58000000000004
2015-09-23,300251,328.91,358.82,370.23,327.71,684639,1987535696.0,12.57,6.03,20.42,5.59,42.52000000000004
2015-09-24,300251,357.5,370.11,372.39,349.45,630097,1868855168.0,6.39,3.15,11.29,5.15,22.939999999999998
2015-09-25,300251,369.51,340.92,369.63,333.48,651993,1867585312.0,9.77,-7.89,-29.19,5.32,36.14999999999998
2015-09-28,300251,355.22,357.74,369.63,331.19,727058,2122351808.0,11.28,4.93,16.82,5.94,38.44
2015-09-29,300251,343.21,326.51,349.09,323.51,598200,1659068432.0,7.15,-8.73,-31.23,4.88,25.579999999999984
2015-09-30,300251,331.67,333.48,343.69,320.74,432701,1189377856.0,7.03,2.13,6.97,3.53,22.94999999999999
2015-10-08,300251,339.48,331.55,343.09,321.58,648220,1782614192.0,6.45,-0.58,-1.93,5.29,21.50999999999999
2015-10-09,300251,328.91,325.55,334.08,319.3,414892,1116189856.0,4.46,-1.81,-6.0,3.39,14.779999999999973
2015-10-12,300251,328.55,342.85,348.01,325.55,620306,1724638400.0,6.9,5.31,17.3,5.07,22.45999999999998
2015-10-13,300251,336.96,337.68,341.88,330.95,471717,1308682944.0,3.19,-1.51,-5.17,3.85,10.930000000000007
2015-10-14,300251,337.44,314.14,337.44,314.14,567154,1510753888.0,6.9,-6.97,-23.54,4.63,23.30000000000001
2015-10-15,300251,312.57,323.75,325.31,312.57,369314,977174336.0,4.06,3.06,9.61,3.02,12.740000000000009
2015-10-16,300251,326.39,340.2,341.76,320.38,621409,1692160032.0,6.6,5.08,16.45,5.07,21.379999999999995
2015-10-19,300251,348.01,328.07,348.01,323.75,498705,1376640912.0,7.13,-3.57,-12.13,4.07,24.25999999999999
2015-10-20,300251,326.39,338.88,343.45,324.71,480010,1329565696.0,5.71,3.3,10.81,3.92,18.74000000000001
2015-10-21,300251,340.2,305.37,341.88,305.37,560008,1482490640.0,10.77,-9.89,-33.51,4.57,36.50999999999999
2015-10-22,300251,302.61,309.09,311.13,291.55,436316,1089573104.0,6.41,1.22,3.72,3.56,19.579999999999984
2015-10-23,300251,309.33,313.54,319.18,303.69,379324,968509136.0,5.01,1.44,4.45,3.1,15.490000000000009
2015-10-26,300251,315.58,305.13,316.18,301.52,305038,770509968.0,4.68,-2.68,-8.41,2.49,14.660000000000025
2015-10-27,300251,305.37,317.38,321.58,298.16,405443,1047632112.0,7.68,4.01,12.25,3.31,23.41999999999996
2015-10-28,300251,314.14,300.8,316.78,299.72,303013,767878672.0,5.38,-5.22,-16.58,2.47,17.059999999999945
2015-10-29,300251,302.12,302.85,310.17,295.88,203375,506923296.0,4.75,0.68,2.05,1.66,14.29000000000002
2015-10-30,300251,302.97,305.37,312.82,300.56,233870,594237648.0,4.05,0.83,2.52,1.91,12.259999999999991
2015-11-02,300251,299.12,306.21,315.58,297.56,255565,652345456.0,5.9,0.28,0.84,2.09,18.019999999999982
2015-11-03,300251,309.57,315.46,322.42,307.17,379486,991073344.0,4.98,3.02,9.25,3.1,15.25
2015-11-04,300251,316.3,327.59,329.51,313.54,418410,1115842176.0,5.06,3.85,12.13,3.42,15.96999999999997
2015-11-05,300251,327.95,319.18,331.19,317.26,449923,1196967120.0,4.25,-2.57,-8.41,3.67,13.930000000000007
2015-11-06,300251,319.42,329.75,333.6,319.42,439202,1186575456.0,4.44,3.31,10.57,3.59,14.180000000000007
2015-11-09,300251,338.4,333.6,338.4,325.31,459517,1263823456.0,3.97,1.17,3.85,3.75,13.089999999999975
2015-11-10,300251,333.84,337.2,351.61,330.23,448961,1263976352.0,6.41,1.08,3.6,3.67,21.379999999999995
2015-11-11,300251,335.88,334.2,339.48,327.47,318905,874432224.0,3.56,-0.89,-3.0,2.6,12.009999999999991
2015-11-12,300251,330.23,324.83,336.0,322.18,294276,794714768.0,4.14,-2.8,-9.37,2.4,13.819999999999993
2015-11-13,300251,321.58,322.91,330.83,319.18,247004,664419984.0,3.59,-0.59,-1.92,2.02,11.649999999999977
2015-11-16,300251,316.78,329.75,329.75,314.26,243207,652528592.0,4.8,2.12,6.84,1.99,15.490000000000009
2015-11-17,300251,332.39,323.27,337.8,321.58,307258,834318752.0,4.92,-1.97,-6.48,2.51,16.220000000000027
2015-11-18,300251,326.63,324.11,333.12,320.62,209806,565781360.0,3.87,0.26,0.84,1.71,12.5
2015-11-19,300251,327.47,336.72,339.0,324.95,354462,975696480.0,4.33,3.89,12.61,2.89,14.050000000000011
2015-11-20,300251,337.2,332.39,337.2,328.79,315383,864355088.0,2.5,-1.29,-4.33,2.58,8.409999999999968
2015-11-23,300251,331.43,338.28,348.85,327.59,493074,1384275344.0,6.4,1.77,5.89,4.03,21.260000000000048
2015-11-24,300251,337.2,337.44,344.17,331.79,259742,720941664.0,3.66,-0.25,-0.84,2.12,12.379999999999995
2015-11-25,300251,340.8,350.89,357.26,339.6,466007,1344252240.0,5.23,3.99,13.45,3.81,17.659999999999968
2015-11-26,300251,348.13,342.0,354.02,337.2,370004,1052250992.0,4.79,-2.53,-8.89,3.02,16.819999999999993
2015-11-27,300251,346.33,334.68,359.9,327.35,612644,1764366528.0,9.52,-2.14,-7.32,5.0,32.549999999999955
2015-11-30,300251,342.85,360.86,367.83,338.4,786256,2324559392.0,8.79,7.82,26.18,6.42,29.430000000000007
2015-12-01,300251,360.86,358.7,372.03,352.82,695032,2084660896.0,5.32,-0.6,-2.16,5.68,19.20999999999998
2015-12-02,300251,355.34,352.21,358.22,335.04,413410,1183799296.0,6.46,-1.81,-6.49,3.38,23.180000000000007
2015-12-03,300251,351.61,378.76,387.17,349.81,681758,2098414400.0,10.61,7.54,26.55,5.57,37.360000000000014
2015-12-04,300251,374.2,376.48,387.05,371.43,543137,1698436432.0,4.12,-0.6,-2.28,4.44,15.620000000000005
2015-12-07,300251,381.64,405.43,413.84,379.36,754365,2502324080.0,9.16,7.69,28.95,6.16,34.47999999999996
2015-12-08,300251,400.86,388.37,401.82,385.25,489815,1590244816.0,4.09,-4.21,-17.06,4.0,16.569999999999993
2015-12-09,300251,388.49,394.85,396.66,379.24,370671,1185375776.0,4.49,1.67,6.48,3.03,17.420000000000016
2015-12-10,300251,394.85,382.48,394.85,380.44,301412,961350096.0,3.65,-3.13,-12.37,2.46,14.410000000000025
2015-12-11,300251,379.72,365.07,387.41,363.63,308921,956459280.0,6.22,-4.55,-17.41,2.52,23.78000000000003
2015-12-14,300251,369.39,398.22,400.74,366.63,403440,1273723024.0,9.34,9.08,33.15,3.29,34.110000000000014
2015-12-15,300251,399.78,403.27,409.27,392.92,429554,1422363168.0,4.11,1.27,5.05,3.51,16.349999999999966
2015-12-16,300251,408.79,397.26,417.56,395.46,433770,1458782768.0,5.48,-1.49,-6.01,3.54,22.100000000000023
2015-12-17,300251,407.35,404.95,416.48,401.22,468838,1578963024.0,3.84,1.94,7.69,3.83,15.259999999999991
2015-12-18,300251,404.47,423.93,428.97,385.61,750652,2517431728.0,10.71,4.69,18.98,6.13,43.360000000000014
2015-12-21,300251,418.88,411.67,423.69,407.83,624138,2135700608.0,3.74,-2.89,-12.26,5.1,15.860000000000014
2015-12-22,300251,417.44,409.03,419.72,400.98,371290,1252564320.0,4.55,-0.64,-2.64,3.03,18.74000000000001
2015-12-23,300251,416.48,396.9,417.68,394.85,385454,1290023488.0,5.58,-2.97,-12.13,3.15,22.829999999999984
2015-12-24,300251,397.86,405.55,407.83,391.61,344022,1140214112.0,4.09,2.18,8.65,2.81,16.21999999999997
2015-12-25,300251,411.67,393.66,412.76,390.53,366987,1205710544.0,5.48,-2.93,-11.89,3.0,22.230000000000018
2015-12-28,300251,393.06,373.84,393.06,371.55,506334,1584846784.0,5.46,-5.03,-19.82,4.13,21.50999999999999
2015-12-29,300251,373.84,376.6,378.64,363.99,272854,835764032.0,3.92,0.74,2.76,2.23,14.649999999999977
2015-12-30,300251,375.64,369.87,376.48,364.83,288851,880478128.0,3.09,-1.79,-6.73,2.36,11.650000000000034
2015-12-31,300251,369.87,367.11,373.24,366.03,232163,707916416.0,1.95,-0.75,-2.76,1.9,7.210000000000036
2016-01-04,300251,364.23,331.31,373.6,330.71,244196,717826640.0,11.68,-9.75,-35.8,1.99,42.89000000000004
2016-01-05,300251,319.9,333.36,339.0,309.69,393563,1062320192.0,8.85,0.62,2.05,3.21,29.310000000000002
2016-01-06,300251,334.32,335.16,337.08,324.71,271752,744199104.0,3.71,0.54,1.8,2.22,12.370000000000005
2016-01-07,300251,327.83,302.0,327.83,302.0,82875,214745905.0,7.71,-9.89,-33.16,0.68,25.829999999999984
2016-01-08,300251,309.57,304.77,313.9,284.47,330780,826166864.0,9.75,0.92,2.77,2.7,29.42999999999995
2016-01-11,300251,291.79,274.62,298.16,274.62,273058,643134384.0,7.72,-9.89,-30.15,2.23,23.54000000000002
2016-01-12,300251,274.62,279.54,285.43,267.65,232818,530800448.0,6.47,1.79,4.92,1.9,17.78000000000003
2016-01-13,300251,284.35,262.12,284.35,261.52,219258,498121072.0,8.17,-6.23,-17.42,1.79,22.83000000000004
2016-01-14,300251,250.95,274.74,279.3,250.23,270739,591858256.0,11.09,4.81,12.62,2.21,29.07000000000002
2016-01-15,300251,270.05,263.69,276.42,260.2,233356,515815728.0,5.9,-4.02,-11.05,1.91,16.220000000000027
2016-01-18,300251,256.84,272.33,278.22,256.84,266648,594275792.0,8.11,3.28,8.64,2.18,21.380000000000052
2016-01-19,300251,271.97,279.78,281.94,266.09,272634,616476672.0,5.82,2.74,7.45,2.23,15.850000000000023
2016-01-20,300251,277.74,281.7,290.59,273.54,328868,765997184.0,6.09,0.69,1.92,2.69,17.049999999999955
2016-01-21,300251,279.06,272.33,289.15,272.33,317378,740755152.0,5.97,-3.33,-9.37,2.59,16.819999999999993
2016-01-22,300251,279.06,282.42,284.71,268.73,266730,608738016.0,5.87,3.71,10.09,2.18,15.979999999999961
2016-01-25,300251,285.91,283.27,289.03,278.94,215622,504631616.0,3.57,0.3,0.85,1.76,10.089999999999975
2016-01-26,300251,277.14,255.28,280.62,255.28,258638,568497760.0,8.95,-9.88,-27.99,2.11,25.340000000000003
2016-01-27,300251,256.96,253.0,257.92,235.1,249043,509307600.0,8.94,-0.89,-2.28,2.03,22.82000000000002
2016-01-28,300251,245.79,234.74,252.51,232.09,188470,377107968.0,8.07,-7.22,-18.26,1.54,20.419999999999987
2016-01-29,300251,236.3,244.71,248.91,231.61,192636,383301168.0,7.37,4.25,9.97,1.57,17.299999999999983
2016-02-01,300251,244.47,255.88,255.88,242.67,255492,524840576.0,5.4,4.56,11.17,2.09,13.210000000000008
2016-02-02,300251,256.72,263.57,269.69,254.08,238897,516567520.0,6.1,3.01,7.69,1.95,15.609999999999985
2016-02-03,300251,258.52,274.74,284.35,255.76,301490,674600560.0,10.85,4.24,11.17,2.46,28.590000000000032
2016-02-04,300251,268.49,277.5,281.22,268.49,334029,759121952.0,4.63,1.0,2.76,2.73,12.730000000000018
2016-02-05,300251,277.74,276.54,280.98,272.58,253764,578285072.0,3.03,-0.35,-0.96,2.07,8.400000000000034
2016-02-15,300251,292.88,292.51,301.16,287.11,560961,1357455776.0,5.08,5.77,15.97,4.58,14.050000000000011
2016-02-16,300251,289.15,299.0,299.0,287.47,509953,1238607984.0,3.94,2.22,6.49,4.16,11.529999999999973
2016-02-17,300251,296.36,296.48,297.44,289.27,375217,907181792.0,2.73,-0.84,-2.52,3.06,8.170000000000016
2016-02-18,300251,302.12,295.76,303.57,289.75,350513,850488928.0,4.66,-0.24,-0.72,2.86,13.819999999999993
2016-02-19,300251,295.52,297.56,298.28,289.87,308909,748582992.0,2.84,0.61,1.8,2.52,8.409999999999968
2016-02-22,300251,300.56,296.96,300.68,291.91,345193,841291120.0,2.95,-0.2,-0.6,2.82,8.769999999999982
2016-02-23,300251,296.6,285.55,296.72,281.34,317884,754400672.0,5.18,-3.84,-11.41,2.6,15.380000000000052
2016-02-24,300251,281.94,289.39,289.75,279.78,242702,570870800.0,3.49,1.34,3.84,1.98,9.970000000000027
2016-02-25,300251,286.87,260.8,287.71,260.8,299717,669182160.0,9.3,-9.88,-28.59,2.45,26.909999999999968
2016-02-26,300251,260.44,250.71,263.45,243.99,273468,571266016.0,7.46,-3.87,-10.09,2.23,19.45999999999998
2016-02-29,300251,251.67,227.29,251.67,225.97,307272,587451904.0,10.25,-9.34,-23.42,2.51,25.69999999999999
2016-03-01,300251,230.53,235.94,239.54,222.0,256690,489608320.0,7.72,3.81,8.65,2.1,17.539999999999992
2016-03-02,300251,235.58,245.55,247.83,231.61,289524,568957264.0,6.87,4.07,9.61,2.36,16.22
2016-03-03,300251,244.95,242.06,254.08,241.94,272920,551009808.0,4.94,-1.42,-3.49,2.23,12.140000000000015
2016-03-04,300251,242.06,231.85,246.51,231.25,246614,482317456.0,6.3,-4.22,-10.21,2.01,15.259999999999991
2016-03-07,300251,236.3,237.02,243.75,234.02,176080,345566576.0,4.2,2.23,5.17,1.44,9.72999999999999
2016-03-08,300251,237.38,245.07,246.87,222.48,313337,608844976.0,10.29,3.4,8.05,2.56,24.390000000000015
2016-03-09,300251,241.1,237.14,247.11,236.3,203392,402578192.0,4.41,-3.24,-7.93,1.66,10.810000000000002
2016-03-10,300251,237.5,230.29,240.02,228.61,140496,269606704.0,4.81,-2.89,-6.85,1.15,11.409999999999997
2016-03-11,300251,228.25,230.89,237.74,226.09,123219,234562689.0,5.06,0.26,0.6,1.01,11.650000000000006
2016-03-14,300251,235.34,242.3,246.87,232.45,246887,488265792.0,6.25,4.94,11.41,2.02,14.420000000000016
2016-03-15,300251,241.94,236.54,242.55,236.18,155361,304355440.0,2.63,-2.38,-5.76,1.27,6.3700000000000045
2016-03-16,300251,239.9,233.06,241.1,231.01,137566,265638401.0,4.27,-1.47,-3.48,1.12,10.090000000000003
2016-03-17,300251,235.46,246.39,246.63,234.98,342153,681938192.0,5.0,5.72,13.33,2.79,11.650000000000006
2016-03-18,300251,249.63,270.65,270.65,249.63,594812,1289173280.0,8.53,9.85,24.26,4.86,21.019999999999982
2016-03-21,300251,286.75,288.79,296.12,279.3,614014,1447038224.0,6.21,6.7,18.14,5.01,16.819999999999993
2016-03-22,300251,285.67,287.59,301.04,281.34,432701,1037026208.0,6.82,-0.42,-1.2,3.53,19.700000000000045
2016-03-23,300251,287.83,287.35,293.24,280.98,317956,748620192.0,4.26,-0.08,-0.24,2.6,12.259999999999991
2016-03-24,300251,287.59,287.95,297.56,284.47,424546,1018161680.0,4.56,0.21,0.6,3.46,13.089999999999975
2016-03-25,300251,287.83,280.38,290.23,275.46,244018,565468816.0,5.13,-2.63,-7.57,1.99,14.770000000000039
2016-03-28,300251,280.5,274.98,285.55,274.74,193653,447490736.0,3.86,-1.93,-5.4,1.41,10.810000000000002
2016-03-29,300251,272.94,265.37,276.9,260.08,203233,445890576.0,6.12,-3.49,-9.61,1.48,16.819999999999993
2016-03-30,300251,266.93,278.82,278.82,266.93,187781,422392064.0,4.48,5.07,13.45,1.36,11.889999999999986
2016-03-31,300251,283.75,280.14,287.47,279.78,228606,533859424.0,2.76,0.47,1.32,1.66,7.690000000000055
2016-04-01,300251,280.26,272.45,282.18,267.77,172794,387887824.0,5.14,-2.75,-7.69,1.26,14.410000000000025
2016-04-05,300251,272.21,299.36,299.36,268.73,220969,522279680.0,11.24,9.88,26.91,1.61,30.629999999999995
2016-04-06,300251,307.17,316.18,324.23,303.69,686148,1775252544.0,6.86,5.62,16.82,4.99,20.54000000000002
2016-04-07,300251,314.5,307.17,316.18,305.73,372175,954089088.0,3.31,-2.85,-9.01,2.71,10.449999999999989
2016-04-08,300251,305.13,309.21,311.73,301.28,284451,719743984.0,3.4,0.66,2.04,2.07,10.450000000000045
2016-05-30,300251,290.35,279.78,304.77,279.3,794167,937079696.0,8.24,-9.52,-29.43,2.89,25.46999999999997
2016-05-31,300251,280.74,293.72,296.36,277.14,597105,706160048.0,6.87,4.98,13.94,2.17,19.220000000000027
2016-06-01,300251,292.27,303.57,310.77,287.95,687863,846033760.0,7.77,3.35,9.85,2.5,22.819999999999993
2016-06-02,300251,300.68,305.25,306.93,299.24,464280,577008656.0,2.53,0.55,1.68,1.69,7.689999999999998
2016-06-03,300251,304.29,305.49,313.18,301.16,519315,654706096.0,3.94,0.08,0.24,1.89,12.019999999999982
2016-06-06,300251,309.33,299.72,309.33,298.04,375702,465039680.0,3.7,-1.89,-5.77,1.37,11.289999999999964
2016-06-07,300251,301.88,297.56,302.85,296.36,287506,352023568.0,2.17,-0.72,-2.16,1.04,6.490000000000009
2016-06-08,300251,299.48,297.8,302.36,293.48,366418,446348032.0,2.98,0.08,0.24,1.33,8.879999999999995
2016-06-13,300251,294.68,268.73,294.68,268.73,539904,626092480.0,8.71,-9.76,-29.07,1.96,25.94999999999999
2016-06-14,300251,268.97,270.89,271.85,266.33,272217,300314304.0,2.05,0.8,2.16,0.99,5.520000000000039
2016-06-15,300251,264.89,275.22,280.74,264.65,388958,438909120.0,5.94,1.6,4.33,1.41,16.090000000000032
2016-06-16,300251,275.7,272.58,278.1,269.69,304527,341200112.0,3.06,-0.96,-2.64,1.11,8.410000000000025
2016-06-17,300251,273.78,274.26,278.34,269.93,291508,327735472.0,3.09,0.62,1.68,1.06,8.409999999999968
2016-06-20,300251,274.26,270.41,274.74,266.33,263188,290168592.0,3.07,-1.4,-3.85,0.96,8.410000000000025
2016-06-21,300251,273.06,266.57,274.5,264.89,313463,345971696.0,3.55,-1.42,-3.84,1.14,9.610000000000014
2016-06-22,300251,266.57,271.37,272.33,265.61,236705,260496184.0,2.52,1.8,4.8,0.86,6.71999999999997
2016-06-23,300251,271.37,270.89,273.54,268.97,303326,336892960.0,1.68,-0.18,-0.48,1.1,4.569999999999993
2016-06-24,300251,271.85,273.06,273.3,259.12,421588,463250144.0,5.23,0.8,2.17,1.53,14.180000000000007
2016-06-27,300251,271.37,277.38,279.54,269.93,409502,461989264.0,3.52,1.58,4.32,1.49,9.610000000000014
2016-06-28,300251,275.94,280.26,282.18,273.78,474583,540994896.0,3.03,1.04,2.88,1.72,8.400000000000034
2016-06-29,300251,283.87,279.78,288.91,279.78,462854,538385632.0,3.26,-0.17,-0.48,1.68,9.130000000000052
2016-06-30,300251,279.54,282.18,284.59,277.38,355390,409596768.0,2.58,0.86,2.4,1.29,7.2099999999999795
2016-07-01,300251,283.63,278.82,284.11,277.62,251640,289074432.0,2.3,-1.19,-3.36,0.91,6.490000000000009
2016-07-04,300251,275.94,282.67,285.07,273.78,360460,415776624.0,4.05,1.38,3.85,1.31,11.29000000000002
2016-07-05,300251,288.67,282.18,290.59,280.26,336201,391863584.0,3.65,-0.17,-0.49,1.22,10.329999999999984
2016-07-06,300251,280.02,284.59,286.51,278.58,335983,390096192.0,2.81,0.85,2.41,1.22,7.930000000000007
2016-07-07,300251,287.71,286.75,289.87,282.67,435597,511571360.0,2.53,0.76,2.16,1.58,7.199999999999989
2016-07-08,300251,287.47,283.87,287.71,280.98,292949,341229248.0,2.35,-1.0,-2.88,1.06,6.729999999999961
2016-07-11,300251,285.55,280.74,286.51,279.3,375915,434965056.0,2.54,-1.1,-3.13,1.37,7.2099999999999795
2016-07-12,300251,282.18,282.91,284.11,274.26,368633,421194304.0,3.51,0.77,2.17,1.34,9.850000000000023
2016-07-13,300251,280.98,296.84,301.88,280.74,921120,1103850832.0,7.47,4.92,13.93,3.35,21.139999999999986
2016-07-14,300251,299.96,299.0,301.88,293.0,695020,848410576.0,2.99,0.73,2.16,2.53,8.879999999999995
2016-07-15,300251,298.04,293.48,298.76,292.76,364581,441184144.0,2.01,-1.85,-5.52,1.32,6.0
2016-07-18,300251,293.24,293.96,298.28,291.31,297717,359301632.0,2.37,0.16,0.48,1.08,6.96999999999997
2016-07-19,300251,295.64,295.88,296.6,288.67,294410,353410928.0,2.7,0.65,1.92,1.07,7.930000000000007
2016-07-20,300251,296.6,293.0,297.32,293.0,253866,306868048.0,1.46,-0.97,-2.88,0.92,4.319999999999993
2016-07-21,300251,296.12,290.83,297.08,290.35,277483,333295760.0,2.3,-0.74,-2.17,1.01,6.729999999999961
2016-07-22,300251,293.48,286.99,294.2,286.03,242833,287848320.0,2.81,-1.32,-3.84,0.88,8.170000000000016
2016-07-25,300251,285.79,284.35,288.43,283.15,204059,238435996.0,1.84,-0.92,-2.64,0.74,5.28000000000003
2016-07-26,300251,285.55,289.63,289.87,284.59,193104,227298351.0,1.86,1.86,5.28,0.7,5.28000000000003
2016-07-27,300251,293.72,272.82,294.92,269.45,438207,502731664.0,8.79,-5.8,-16.81,1.59,25.470000000000027
2016-07-28,300251,273.06,273.06,275.22,268.01,254428,282780144.0,2.64,0.09,0.24,0.92,7.210000000000036
2016-07-29,300251,273.54,269.21,274.02,268.01,165528,183218804.0,2.2,-1.41,-3.85,0.6,6.009999999999991
2016-08-01,300251,269.21,263.93,269.45,260.8,173506,187104513.0,3.21,-1.96,-5.28,0.63,8.649999999999977
2016-08-02,300251,264.41,266.09,267.29,263.93,109220,118663758.0,1.27,0.82,2.16,0.4,3.3600000000000136
2016-08-03,300251,269.45,265.37,270.65,264.41,115352,125692726.0,2.35,-0.27,-0.72,0.42,6.239999999999952
2016-08-04,300251,265.61,268.01,270.41,262.73,167018,182214657.0,2.89,0.99,2.64,0.61,7.680000000000007
2016-08-05,300251,267.29,264.65,268.25,263.93,144410,156750187.0,1.61,-1.25,-3.36,0.52,4.319999999999993
2016-08-08,300251,264.41,266.33,266.33,261.76,120828,130778029.0,1.73,0.63,1.68,0.44,4.569999999999993
2016-08-09,300251,266.33,269.45,269.45,263.93,185040,202153728.0,2.07,1.17,3.12,0.67,5.519999999999982
2016-08-10,300251,271.13,270.41,274.02,269.69,221249,246263969.0,1.61,0.36,0.96,0.8,4.329999999999984
2016-08-11,300251,270.41,265.13,271.37,265.13,144991,158646872.0,2.31,-1.95,-5.28,0.53,6.240000000000009
2016-08-12,300251,263.69,268.49,269.45,262.97,132661,144498150.0,2.44,1.27,3.36,0.48,6.479999999999961
2016-08-15,300251,268.49,277.86,278.34,266.57,352232,396043616.0,4.38,3.49,9.37,1.28,11.769999999999982
2016-08-16,300251,284.11,284.11,289.87,280.74,489790,573467904.0,3.29,2.25,6.25,1.78,9.129999999999995
2016-08-17,300251,286.75,285.55,292.03,282.67,436954,514874848.0,3.29,0.51,1.44,1.59,9.359999999999957
2016-08-18,300251,285.79,283.15,287.47,281.22,285250,330833632.0,2.19,-0.84,-2.4,1.04,6.25
2016-08-19,300251,281.46,283.15,286.51,281.46,189333,219789858.0,1.78,0.0,0.0,0.69,5.050000000000011
2016-08-22,300251,283.63,278.1,287.47,277.14,263450,304768096.0,3.65,-1.78,-5.05,0.96,10.330000000000041
2016-08-23,300251,278.34,280.26,283.15,277.86,168019,192684725.0,1.9,0.78,2.16,0.61,5.289999999999964
2016-08-24,300251,284.59,282.91,287.47,281.46,267873,312190368.0,2.14,0.95,2.65,0.97,6.010000000000048
2016-08-25,300251,278.34,276.9,279.3,273.54,239198,270175056.0,2.04,-2.12,-6.01,0.87,5.759999999999991
2016-08-26,300251,277.86,275.94,279.06,275.7,149336,169567777.0,1.21,-0.35,-0.96,0.54,3.3600000000000136
2016-08-29,300251,275.7,274.26,275.94,272.58,144398,162053263.0,1.22,-0.61,-1.68,0.52,3.3600000000000136
2016-08-30,300251,273.78,274.26,276.66,273.78,108234,121887045.0,1.05,0.0,0.0,0.39,2.8800000000000523
2016-08-31,300251,274.5,273.78,275.7,272.33,101939,114181192.0,1.23,-0.18,-0.48,0.37,3.3700000000000045
2016-09-01,300251,274.5,269.45,274.5,269.21,144454,161083152.0,1.93,-1.58,-4.33,0.52,5.2900000000000205
2016-09-02,300251,268.97,270.17,272.33,268.97,106695,118197464.0,1.25,0.27,0.72,0.39,3.359999999999957
2016-09-05,300251,271.85,270.41,272.33,268.97,106407,117927425.0,1.24,0.09,0.24,0.39,3.359999999999957
2016-09-06,300251,272.09,274.5,275.22,268.73,160888,179444520.0,2.4,1.51,4.09,0.58,6.490000000000009
2016-09-07,300251,275.7,272.58,276.42,271.85,146692,164378077.0,1.66,-0.7,-1.92,0.53,4.569999999999993
2016-09-08,300251,272.33,273.06,273.54,271.37,103423,115316468.0,0.8,0.18,0.48,0.38,2.170000000000016
2016-09-09,300251,277.62,274.98,279.78,274.02,265696,301994352.0,2.11,0.7,1.92,0.97,5.759999999999991
2016-09-12,300251,270.65,265.13,270.65,265.13,211732,231573605.0,2.01,-3.58,-9.85,0.77,5.519999999999982
2016-09-13,300251,265.37,263.93,268.25,263.21,110477,119807843.0,1.9,-0.45,-1.2,0.4,5.0400000000000205
2016-09-14,300251,263.45,263.21,266.81,262.0,92442,99910751.0,1.82,-0.27,-0.72,0.34,4.810000000000002
2016-09-19,300251,263.45,265.61,267.77,263.45,86674,94240516.0,1.64,0.91,2.4,0.31,4.319999999999993
2016-09-20,300251,265.13,266.81,269.45,264.17,113196,123609751.0,1.99,0.45,1.2,0.41,5.279999999999973
2016-09-21,300251,266.09,265.37,267.77,263.21,99094,107565875.0,1.71,-0.54,-1.44,0.36,4.560000000000002
2016-09-22,300251,267.05,265.37,267.77,264.65,89897,97897551.0,1.18,0.0,0.0,0.33,3.1200000000000045
2016-09-23,300251,265.13,262.73,266.33,262.73,90656,97917249.0,1.36,-0.99,-2.64,0.33,3.599999999999966
2016-09-26,300251,263.93,256.96,264.65,256.96,125613,134411813.0,2.93,-2.2,-5.77,0.46,7.689999999999998
2016-09-27,300251,257.68,262.48,263.93,257.2,130712,139690029.0,2.62,2.15,5.52,0.48,6.730000000000018
2016-09-28,300251,264.41,262.97,264.89,261.76,83128,89558843.0,1.19,0.19,0.49,0.3,3.1299999999999955
2016-09-29,300251,261.52,262.24,264.41,261.52,77186,83064156.0,1.1,-0.28,-0.73,0.28,2.890000000000043
2016-09-30,300251,262.97,265.13,266.33,262.97,96314,104352890.0,1.28,1.1,2.89,0.35,3.359999999999957
2016-10-10,300251,265.85,268.25,268.25,262.48,178933,194800262.0,2.18,1.18,3.12,0.65,5.769999999999982
2016-10-11,300251,268.01,267.29,268.01,266.33,113789,124326566.0,0.63,-0.36,-0.96,0.41,1.6800000000000068
2016-10-12,300251,267.05,265.13,267.05,264.17,100602,109114758.0,1.08,-0.81,-2.16,0.37,2.8799999999999955
2016-10-13,300251,268.01,266.57,268.73,266.33,133668,146342531.0,0.91,0.54,1.44,0.49,2.400000000000034
2016-10-14,300251,265.61,265.37,266.09,263.45,104923,113530300.0,0.99,-0.45,-1.2,0.38,2.6399999999999864
2016-10-17,300251,266.09,262.73,266.81,262.73,90069,97602918.0,1.54,-0.99,-2.64,0.33,4.079999999999984
2016-10-18,300251,263.93,267.05,267.29,262.24,130067,141059060.0,1.92,1.64,4.32,0.47,5.050000000000011
2016-10-19,300251,270.17,267.29,270.89,267.05,188287,207353753.0,1.44,0.09,0.24,0.68,3.839999999999975
2016-10-20,300251,267.05,266.57,268.73,266.09,96022,105043497.0,0.99,-0.27,-0.72,0.35,2.640000000000043
2016-10-21,300251,266.57,264.17,268.25,262.73,129784,140818109.0,2.07,-0.9,-2.4,0.47,5.519999999999982
2016-10-24,300251,265.13,269.69,270.89,263.93,233262,256781845.0,2.63,2.09,5.52,0.85,6.9599999999999795
2016-10-25,300251,269.45,270.17,271.13,268.73,165621,182811130.0,0.89,0.18,0.48,0.6,2.3999999999999773
2016-10-26,300251,269.69,267.77,269.69,266.57,130277,142651999.0,1.15,-0.89,-2.4,0.47,3.1200000000000045
2016-10-27,300251,267.53,270.41,270.65,266.57,146440,161062587.0,1.52,0.99,2.64,0.53,4.079999999999984
2016-10-28,300251,271.13,268.49,272.33,266.57,198506,219367826.0,2.13,-0.71,-1.92,0.72,5.759999999999991
2016-10-31,300251,267.53,267.53,268.49,265.85,101754,111241342.0,0.98,-0.36,-0.96,0.37,2.6399999999999864
2016-11-01,300251,267.53,268.25,269.21,266.57,117624,128902662.0,0.99,0.27,0.72,0.43,2.6399999999999864
2016-11-02,300251,267.53,264.65,267.77,264.41,154768,168541553.0,1.25,-1.34,-3.6,0.56,3.359999999999957
2016-11-03,300251,264.41,265.37,267.77,264.17,120411,130969171.0,1.36,0.27,0.72,0.44,3.599999999999966
2016-11-04,300251,264.65,267.53,269.69,264.65,153343,167850114.0,1.9,0.81,2.16,0.56,5.0400000000000205
2016-11-07,300251,266.33,266.33,268.73,265.37,122163,133452943.0,1.26,-0.45,-1.2,0.44,3.3600000000000136
2016-11-08,300251,267.53,270.65,272.82,267.29,260177,287675584.0,2.08,1.62,4.32,0.95,5.529999999999973
2016-11-09,300251,270.41,265.61,272.09,262.73,244393,267132890.0,3.46,-1.86,-5.04,0.89,9.359999999999957
2016-11-10,300251,267.77,268.01,269.69,267.53,148503,163172660.0,0.81,0.9,2.4,0.54,2.160000000000025
2016-11-11,300251,268.01,270.89,272.09,266.81,207952,229007434.0,1.97,1.07,2.88,0.76,5.279999999999973
2016-11-14,300251,269.93,271.61,274.74,269.69,265013,295817472.0,1.86,0.27,0.72,0.96,5.050000000000011
2016-11-15,300251,272.09,278.82,279.78,270.41,379985,428478736.0,3.45,2.65,7.21,1.38,9.369999999999948
2016-11-16,300251,278.58,276.9,282.42,276.42,337942,385351648.0,2.15,-0.69,-1.92,1.23,6.0
2016-11-17,300251,276.9,275.46,278.1,274.74,157424,177798831.0,1.21,-0.52,-1.44,0.57,3.3600000000000136
2016-11-18,300251,277.14,273.54,277.86,273.06,134306,151345861.0,1.74,-0.7,-1.92,0.49,4.800000000000011
2016-11-21,300251,273.06,273.78,274.74,272.58,111045,124437681.0,0.79,0.09,0.24,0.4,2.160000000000025
2016-11-22,300251,274.26,276.66,276.9,273.3,171357,192990719.0,1.31,1.05,2.88,0.62,3.599999999999966
2016-11-23,300251,276.9,273.06,277.86,271.85,202781,228028092.0,2.17,-1.3,-3.6,0.74,6.009999999999991
2016-11-24,300251,272.33,270.17,276.18,268.97,161344,180110009.0,2.64,-1.06,-2.89,0.59,7.2099999999999795
2016-11-25,300251,270.41,273.54,273.78,266.81,178574,198291594.0,2.58,1.25,3.37,0.65,6.96999999999997
2016-11-28,300251,272.58,271.85,274.5,271.13,162937,181924070.0,1.23,-0.62,-1.69,0.59,3.3700000000000045
2016-11-29,300251,272.09,273.54,277.14,270.89,239131,268410265.0,2.3,0.62,1.69,0.87,6.25
2016-11-30,300251,273.54,278.58,280.98,273.06,369650,420645280.0,2.9,1.84,5.04,1.34,7.920000000000016
2016-12-01,300251,278.58,276.9,280.02,275.22,193968,220326930.0,1.72,-0.6,-1.68,0.7,4.7999999999999545
2016-12-02,300251,277.38,272.33,277.86,272.33,226826,255449073.0,2.0,-1.65,-4.57,0.82,5.53000000000003
2016-12-05,300251,275.94,279.3,285.07,273.54,427628,490525440.0,4.23,2.56,6.97,1.55,11.529999999999973
2016-12-06,300251,282.18,275.7,284.11,274.26,264630,301269552.0,3.53,-1.29,-3.6,0.96,9.850000000000023
2016-12-07,300251,275.46,274.74,276.66,271.13,220363,246775297.0,2.01,-0.35,-0.96,0.8,5.53000000000003
2016-12-08,300251,274.74,270.89,274.74,270.65,154414,172046221.0,1.49,-1.4,-3.85,0.56,4.090000000000032
2016-12-09,300251,271.13,272.33,273.3,269.93,161591,179671897.0,1.24,0.53,1.44,0.59,3.3700000000000045
2016-12-12,300251,271.37,249.51,272.09,246.15,362092,384142000.0,9.53,-8.38,-22.82,1.32,25.93999999999997
2016-12-13,300251,250.71,249.27,251.67,246.15,140135,142555562.0,2.21,-0.1,-0.24,0.51,5.519999999999982
2016-12-14,300251,249.03,247.35,250.71,246.15,138123,139958074.0,1.83,-0.77,-1.92,0.5,4.560000000000002
2016-12-15,300251,246.63,249.03,253.6,245.67,134578,137324386.0,3.21,0.68,1.68,0.49,7.930000000000007
2016-12-16,300251,248.31,251.19,256.24,247.59,148725,153436023.0,3.47,0.87,2.16,0.54,8.650000000000006
2016-12-19,300251,250.23,247.35,250.47,246.87,100640,102061867.0,1.43,-1.53,-3.84,0.37,3.5999999999999943
2016-12-20,300251,246.63,248.07,248.55,245.67,102795,103725460.0,1.16,0.29,0.72,0.37,2.880000000000024
2016-12-21,300251,248.55,248.79,249.75,247.35,83215,84450475.0,0.97,0.29,0.72,0.3,2.4000000000000057
2016-12-22,300251,249.51,248.79,249.51,247.11,78079,79252819.0,0.96,0.0,0.0,0.28,2.3999999999999773
2016-12-23,300251,248.31,243.99,248.79,243.03,127805,128406217.0,2.32,-1.93,-4.8,0.46,5.759999999999991
2016-12-26,300251,243.99,242.3,243.99,236.54,109186,107102534.0,3.05,-0.69,-1.69,0.4,7.450000000000017
2016-12-27,300251,242.55,240.38,243.03,240.38,79446,78438037.0,1.09,-0.79,-1.92,0.29,2.6500000000000057
2016-12-28,300251,239.9,237.74,241.58,237.5,85370,83273899.0,1.7,-1.1,-2.64,0.31,4.0800000000000125
2016-12-29,300251,238.22,239.9,243.03,237.26,117381,115278012.0,2.43,0.91,2.16,0.43,5.77000000000001
2016-12-30,300251,240.62,238.94,240.86,237.74,73525,71892156.0,1.3,-0.4,-0.96,0.27,3.1200000000000045
2017-01-03,300251,239.9,241.82,241.82,239.9,79314,78139730.0,0.8,1.21,2.88,0.29,1.9199999999999875
2017-01-04,300251,241.82,254.8,255.76,241.34,350292,360446240.0,5.96,5.37,12.98,1.27,14.419999999999987
2017-01-05,300251,252.15,251.67,253.12,249.75,206209,211961059.0,1.32,-1.23,-3.13,0.75,3.3700000000000045
2017-01-06,300251,250.95,247.83,250.95,247.11,117745,119692063.0,1.53,-1.53,-3.84,0.43,3.839999999999975
2017-01-09,300251,247.35,248.55,249.99,247.11,90886,92335831.0,1.16,0.29,0.72,0.33,2.8799999999999955
2017-01-10,300251,249.03,249.75,253.36,247.35,110052,112626846.0,2.42,0.48,1.2,0.4,6.010000000000019
2017-01-11,300251,249.03,247.83,251.19,247.59,87481,88907989.0,1.44,-0.77,-1.92,0.32,3.5999999999999943
2017-01-12,300251,248.31,247.35,249.75,247.11,72370,73394583.0,1.07,-0.19,-0.48,0.26,2.6399999999999864
2017-01-13,300251,247.59,248.31,251.67,246.63,113599,115611225.0,2.04,0.39,0.96,0.41,5.039999999999992
2017-01-16,300251,247.35,237.02,248.79,227.65,162166,158652358.0,8.51,-4.55,-11.29,0.59,21.139999999999986
2017-01-17,300251,236.78,241.82,246.39,229.81,145097,141576660.0,7.0,2.03,4.8,0.53,16.579999999999984
2017-01-18,300251,240.62,242.3,246.39,239.18,127679,126464839.0,2.98,0.2,0.48,0.46,7.2099999999999795
2017-01-19,300251,241.1,244.95,248.07,238.94,150204,150171780.0,3.77,1.09,2.65,0.55,9.129999999999995
2017-01-20,300251,244.71,249.75,253.12,243.75,195329,199412185.0,3.83,1.96,4.8,0.71,9.370000000000005
2017-01-23,300251,251.91,249.99,253.12,248.55,119039,121882875.0,1.83,0.1,0.24,0.43,4.569999999999993
2017-01-24,300251,249.99,248.55,252.39,248.07,114431,116804652.0,1.73,-0.58,-1.44,0.42,4.319999999999993
2017-01-25,300251,248.07,252.15,252.64,247.83,138287,141712914.0,1.94,1.45,3.6,0.5,4.809999999999974
2017-01-26,300251,253.12,260.56,261.04,252.15,294693,311158656.0,3.53,3.34,8.41,1.07,8.890000000000015
2017-02-03,300251,253.12,244.71,254.08,243.75,344696,348505104.0,3.96,-6.08,-15.85,1.25,10.330000000000013
2017-02-06,300251,244.95,244.23,245.91,240.86,160191,159335073.0,2.06,-0.2,-0.48,0.58,5.049999999999983
2017-02-07,300251,244.47,242.79,244.47,241.82,115655,114670660.0,1.09,-0.59,-1.44,0.42,2.6500000000000057
2017-02-08,300251,243.03,243.99,244.47,240.62,111824,110832180.0,1.59,0.49,1.2,0.41,3.8499999999999943
2017-02-09,300251,243.99,243.99,245.43,242.79,135722,135243855.0,1.08,0.0,0.0,0.49,2.640000000000015
2017-02-10,300251,243.99,242.79,244.71,242.3,128993,128256778.0,0.99,-0.49,-1.2,0.47,2.4099999999999966
2017-02-13,300251,242.79,243.03,244.23,240.62,181198,179434249.0,1.49,0.1,0.24,0.66,3.609999999999985
2017-02-14,300251,242.3,240.86,243.27,240.14,146721,144784275.0,1.29,-0.89,-2.17,0.53,3.130000000000024
2017-02-15,300251,241.1,238.46,242.55,237.74,145231,142620413.0,2.0,-1.0,-2.4,0.53,4.810000000000002
2017-02-16,300251,237.74,238.7,239.9,236.54,130799,127135365.0,1.41,0.1,0.24,0.48,3.3600000000000136
2017-02-17,300251,238.7,234.14,239.18,234.14,155003,149691358.0,2.11,-1.91,-4.56,0.56,5.0400000000000205
2017-02-20,300251,234.62,234.38,235.34,231.49,158902,151206295.0,1.64,0.1,0.24,0.58,3.8499999999999943
2017-02-21,300251,234.14,239.18,240.38,233.18,235840,229634598.0,3.07,2.05,4.8,0.86,7.199999999999989
2017-02-22,300251,239.18,238.94,239.9,237.26,118060,114956631.0,1.1,-0.1,-0.24,0.43,2.640000000000015
2017-02-23,300251,239.42,239.9,241.58,237.74,148366,145194603.0,1.61,0.4,0.96,0.54,3.8400000000000034
2017-02-24,300251,239.9,241.82,243.03,238.7,153266,150867485.0,1.8,0.8,1.92,0.56,4.3300000000000125
2017-02-27,300251,241.82,240.62,244.47,240.38,159308,157752046.0,1.69,-0.5,-1.2,0.58,4.090000000000003
2017-02-28,300251,241.34,240.62,241.82,239.18,104533,102501318.0,1.1,0.0,0.0,0.38,2.6399999999999864
2017-03-01,300251,240.62,242.79,246.63,238.94,252617,251680313.0,3.2,0.9,2.17,0.92,7.689999999999998
2017-03-02,300251,242.3,238.94,243.27,237.98,154832,151967267.0,2.18,-1.59,-3.85,0.56,5.2900000000000205
2017-03-03,300251,238.22,237.98,238.94,235.82,98441,95359094.0,1.31,-0.4,-0.96,0.36,3.1200000000000045
2017-03-06,300251,238.22,241.34,241.82,237.98,141941,139455845.0,1.61,1.41,3.36,0.52,3.8400000000000034
2017-03-07,300251,241.1,241.1,242.79,239.18,120216,118294003.0,1.5,-0.1,-0.24,0.44,3.609999999999985
2017-03-08,300251,241.58,239.42,242.55,238.94,101686,99841554.0,1.5,-0.7,-1.68,0.37,3.6100000000000136
2017-03-09,300251,239.42,237.02,239.9,236.3,112009,108534771.0,1.5,-1.0,-2.4,0.41,3.5999999999999943
2017-03-10,300251,237.74,237.5,237.98,235.82,79502,76850537.0,0.91,0.2,0.48,0.29,2.1599999999999966
2017-03-13,300251,237.26,237.5,238.22,235.1,98581,95402979.0,1.31,0.0,0.0,0.36,3.1200000000000045
2017-03-14,300251,237.26,236.78,238.7,235.82,95221,92321836.0,1.21,-0.3,-0.72,0.35,2.8799999999999955
2017-03-15,300251,237.02,235.82,237.5,234.86,95047,91620546.0,1.11,-0.41,-0.96,0.35,2.6399999999999864
2017-03-16,300251,235.82,237.02,237.98,235.82,103392,100058575.0,0.92,0.51,1.2,0.38,2.1599999999999966
2017-03-17,300251,237.74,234.62,238.46,234.62,132909,128454009.0,1.62,-1.01,-2.4,0.48,3.8400000000000034
2017-03-20,300251,234.86,234.86,235.34,233.42,90096,86154944.0,0.82,0.1,0.24,0.33,1.920000000000016
2017-03-21,300251,235.1,234.86,235.34,233.66,84446,80824937.0,0.72,0.0,0.0,0.31,1.6800000000000068
2017-03-22,300251,233.9,232.94,234.62,231.73,102864,97795909.0,1.23,-0.82,-1.92,0.37,2.890000000000015
2017-03-23,300251,232.7,232.94,234.62,230.77,93739,89149059.0,1.65,0.0,0.0,0.34,3.8499999999999943
2017-03-24,300251,232.45,235.1,236.3,231.49,135765,129496253.0,2.06,0.93,2.16,0.49,4.810000000000002
2017-03-27,300251,234.62,234.86,235.82,233.9,91194,87426013.0,0.82,-0.1,-0.24,0.33,1.9199999999999875
2017-03-28,300251,234.86,233.9,236.78,233.9,84954,81677327.0,1.23,-0.41,-0.96,0.31,2.8799999999999955
2017-03-29,300251,234.62,231.97,235.82,231.49,89585,85244225.0,1.85,-0.83,-1.93,0.33,4.329999999999984
2017-03-30,300251,232.45,228.13,232.7,227.89,122245,114552368.0,2.07,-1.66,-3.84,0.44,4.810000000000002
2017-03-31,300251,228.13,229.81,230.05,228.13,78318,73247040.0,0.84,0.74,1.68,0.28,1.920000000000016
2017-04-05,300251,229.57,231.49,231.49,228.61,116070,109187213.0,1.25,0.73,1.68,0.42,2.8799999999999955
2017-04-06,300251,231.49,229.57,231.49,229.33,101866,95728700.0,0.93,-0.83,-1.92,0.37,2.1599999999999966
2017-04-07,300251,229.09,228.85,230.53,228.37,103366,96669967.0,0.94,-0.31,-0.72,0.38,2.1599999999999966
2017-04-10,300251,228.61,223.81,228.85,223.33,160677,147814716.0,2.41,-2.2,-5.04,0.58,5.519999999999982
2017-04-11,300251,223.57,222.61,223.81,218.76,211006,190233788.0,2.26,-0.54,-1.2,0.77,5.050000000000011
2017-04-12,300251,221.88,221.4,224.05,219.72,105760,95663049.0,1.95,-0.54,-1.21,0.38,4.3300000000000125
2017-04-13,300251,221.64,222.12,224.05,221.4,81466,74062789.0,1.2,0.33,0.72,0.3,2.6500000000000057
2017-04-14,300251,222.36,217.08,222.61,217.08,134500,120099685.0,2.49,-2.27,-5.04,0.49,5.530000000000001
2017-04-17,300251,217.08,214.68,218.28,214.2,95862,84291748.0,1.88,-1.11,-2.4,0.35,4.0800000000000125
2017-04-18,300251,214.68,209.63,215.88,209.15,135415,117147599.0,3.13,-2.35,-5.05,0.49,6.72999999999999
2017-04-19,300251,208.67,206.27,210.11,202.42,154779,129237820.0,3.67,-1.6,-3.36,0.56,7.690000000000026
2017-04-20,300251,206.27,206.99,209.39,205.07,104076,87825203.0,2.09,0.35,0.72,0.38,4.319999999999993
2017-04-21,300251,208.67,210.35,215.64,208.43,163247,141433881.0,3.48,1.62,3.36,0.59,7.2099999999999795
2017-04-24,300251,211.55,207.47,211.79,206.03,101014,85642925.0,2.74,-1.37,-2.88,0.37,5.759999999999991
2017-04-25,300251,208.19,208.67,211.55,207.71,77239,66031528.0,1.85,0.58,1.2,0.28,3.8400000000000034
2017-04-26,300251,208.91,206.03,210.11,204.83,79673,67235874.0,2.53,-1.27,-2.64,0.29,5.280000000000001
2017-04-27,300251,205.31,213.0,215.16,200.02,247169,210174985.0,7.35,3.38,6.97,0.9,15.139999999999986
2017-04-28,300251,212.52,211.55,213.24,210.35,92037,79355200.0,1.36,-0.68,-1.45,0.33,2.890000000000015
2017-05-02,300251,211.31,209.63,213.0,208.91,71492,61349891.0,1.93,-0.91,-1.92,0.26,4.090000000000003
2017-05-03,300251,209.15,207.95,211.55,206.27,78162,66315872.0,2.52,-0.8,-1.68,0.28,5.280000000000001
2017-05-04,300251,208.19,206.99,211.07,206.27,97693,82930634.0,2.31,-0.46,-0.96,0.36,4.799999999999983
2017-05-05,300251,205.79,204.59,207.47,204.59,81744,68600286.0,1.39,-1.16,-2.4,0.3,2.8799999999999955
2017-05-08,300251,204.59,204.35,208.67,203.63,97895,82151843.0,2.46,-0.12,-0.24,0.36,5.039999999999992
2017-05-09,300251,203.87,208.19,208.43,203.87,82280,69277168.0,2.23,1.88,3.84,0.3,4.560000000000002
2017-05-10,300251,208.43,205.07,209.15,203.87,93193,78369977.0,2.54,-1.5,-3.12,0.34,5.280000000000001
2017-05-11,300251,205.07,201.94,205.07,198.32,107835,88559335.0,3.29,-1.53,-3.13,0.39,6.75
2017-05-12,300251,201.46,203.63,205.07,199.28,92428,76194784.0,2.87,0.84,1.69,0.34,5.789999999999992
2017-05-15,300251,203.39,204.35,206.03,202.18,63864,53189205.0,1.89,0.35,0.72,0.23,3.8499999999999943
2017-05-16,300251,204.59,209.87,210.83,203.15,113918,96115359.0,3.76,2.7,5.52,0.41,7.680000000000007
2017-05-17,300251,209.87,211.07,214.44,208.91,157294,135744066.0,2.63,0.57,1.2,0.57,5.530000000000001
2017-05-18,300251,207.95,207.71,210.35,206.27,74752,63545619.0,1.93,-1.59,-3.36,0.27,4.079999999999984
2017-05-19,300251,207.71,205.55,208.91,204.83,56057,47111913.0,1.96,-1.04,-2.16,0.2,4.079999999999984
2017-05-22,300251,205.55,203.15,208.19,202.91,72526,60618093.0,2.57,-1.17,-2.4,0.26,5.280000000000001
2017-05-23,300251,202.67,198.58,204.11,197.62,99338,81163591.0,3.19,-2.25,-4.57,0.36,6.490000000000009
2017-05-24,300251,197.62,198.82,200.5,193.78,88164,70602200.0,3.38,0.12,0.24,0.32,6.719999999999999
2017-05-25,300251,198.32,200.74,201.94,195.46,103149,83499201.0,3.26,0.97,1.92,0.37,6.47999999999999
2017-05-26,300251,200.5,199.78,202.91,199.78,56701,46348315.0,1.56,-0.48,-0.96,0.21,3.1299999999999955
2017-05-31,300251,201.46,200.02,203.39,199.78,66225,54256168.0,1.81,0.12,0.24,0.24,3.609999999999985
2017-06-01,300251,200.02,193.78,200.02,193.3,80063,64179900.0,3.36,-3.12,-6.24,0.29,6.719999999999999
2017-06-02,300251,194.02,196.9,198.58,193.54,79893,63676310.0,2.6,1.61,3.12,0.29,5.0400000000000205
2017-06-05,300251,197.86,199.06,200.74,196.9,90938,73652789.0,1.95,1.1,2.16,0.33,3.8400000000000034
2017-06-06,300251,199.28,199.78,200.74,197.36,77391,62837258.0,1.7,0.36,0.72,0.28,3.3799999999999955
2017-06-07,300251,199.06,203.87,203.87,198.82,121477,100065948.0,2.53,2.05,4.09,0.44,5.050000000000011
2017-06-08,300251,204.11,203.87,206.75,203.15,142762,119489752.0,1.77,0.0,0.0,0.52,3.5999999999999943
2017-06-09,300251,203.63,204.59,205.55,202.67,74637,61961040.0,1.41,0.35,0.72,0.27,2.880000000000024
2017-06-12,300251,204.83,204.83,206.75,203.39,116148,97038370.0,1.64,0.12,0.24,0.42,3.3600000000000136
2017-06-13,300251,204.83,208.91,209.39,203.87,139910,118032968.0,2.69,1.99,4.08,0.51,5.519999999999982
2017-06-14,300251,208.19,205.55,208.19,204.59,94184,79109178.0,1.72,-1.61,-3.36,0.34,3.5999999999999943
2017-06-15,300251,205.07,209.39,211.55,205.07,164464,140129492.0,3.15,1.87,3.84,0.6,6.480000000000018
2017-06-16,300251,209.15,208.43,210.11,207.23,93586,78927011.0,1.38,-0.46,-0.96,0.34,2.880000000000024
2017-06-19,300251,208.67,207.95,211.31,207.23,78099,66245563.0,1.96,-0.23,-0.48,0.28,4.0800000000000125
2017-06-20,300251,207.95,206.03,209.39,205.55,88334,74299456.0,1.85,-0.92,-1.92,0.32,3.839999999999975
2017-06-21,300251,205.79,206.75,207.71,204.35,82683,69061599.0,1.63,0.35,0.72,0.3,3.3600000000000136
2017-06-22,300251,206.75,202.42,207.95,201.94,141026,117325386.0,2.91,-2.09,-4.33,0.51,6.009999999999991
2017-06-23,300251,202.42,200.5,203.63,199.06,107389,87484210.0,2.26,-0.95,-1.92,0.39,4.569999999999993
2017-06-26,300251,200.24,203.63,203.87,199.54,116230,95026039.0,2.16,1.56,3.13,0.42,4.3300000000000125
2017-06-27,300251,203.87,204.35,206.99,203.63,105693,87820065.0,1.65,0.35,0.72,0.38,3.3600000000000136
2017-06-28,300251,204.83,202.42,204.83,202.16,91279,75227566.0,1.31,-0.94,-1.93,0.33,2.670000000000016
2017-06-29,300251,202.42,202.42,204.83,201.46,102859,84769090.0,1.66,0.0,0.0,0.37,3.3700000000000045
2017-06-30,300251,202.42,202.16,203.15,201.2,72971,59783635.0,0.96,-0.13,-0.26,0.27,1.950000000000017
2017-07-03,300251,202.67,205.55,205.79,201.94,115252,95243650.0,1.9,1.68,3.39,0.42,3.8499999999999943
2017-07-04,300251,205.31,203.87,205.31,203.39,79695,65943464.0,0.93,-0.82,-1.68,0.29,1.920000000000016
2017-07-05,300251,204.11,205.07,205.07,203.15,80345,66413626.0,0.94,0.59,1.2,0.29,1.9199999999999875
2017-07-06,300251,204.35,202.42,204.83,201.7,120286,99038226.0,1.53,-1.29,-2.65,0.44,3.130000000000024
2017-07-07,300251,203.63,203.87,205.55,202.91,95338,78842426.0,1.3,0.72,1.45,0.35,2.640000000000015
2017-07-10,300251,203.87,200.5,204.11,200.5,118411,96737535.0,1.77,-1.65,-3.37,0.43,3.6100000000000136
2017-07-11,300251,200.5,199.78,201.46,199.78,73565,59786249.0,0.84,-0.36,-0.72,0.27,1.6800000000000068
2017-07-12,300251,199.78,199.06,200.98,197.62,85076,68447283.0,1.68,-0.36,-0.72,0.31,3.359999999999985
2017-07-13,300251,199.54,201.2,203.39,198.82,91141,74346675.0,2.3,1.08,2.14,0.33,4.569999999999993
2017-07-14,300251,200.74,200.74,204.11,200.02,105986,86655927.0,2.03,-0.23,-0.46,0.39,4.090000000000003
2017-07-17,300251,201.2,194.74,201.2,194.74,185275,147610144.0,3.22,-2.99,-6.0,0.67,6.4599999999999795
2017-07-18,300251,193.54,195.22,196.9,193.06,80888,63864632.0,1.97,0.25,0.48,0.29,3.8400000000000034
2017-07-19,300251,195.7,197.62,198.82,193.3,94051,74619500.0,2.83,1.23,2.4,0.34,5.519999999999982
2017-07-20,300251,197.62,197.38,199.54,196.42,88912,71191120.0,1.58,-0.12,-0.24,0.32,3.1200000000000045
2017-07-21,300251,196.42,197.62,199.54,195.7,102529,82083995.0,1.95,0.12,0.24,0.37,3.8400000000000034
2017-07-24,300251,196.66,197.62,199.06,196.42,93521,74850224.0,1.34,0.0,0.0,0.34,2.640000000000015
2017-07-25,300251,197.62,205.07,214.44,197.14,394232,328088992.0,8.75,3.77,7.45,1.43,17.30000000000001
2017-07-26,300251,204.35,206.99,208.43,203.63,258221,215665156.0,2.34,0.94,1.92,0.94,4.800000000000011
2017-07-27,300251,207.71,219.48,221.4,205.55,664569,581364592.0,7.66,6.03,12.49,2.41,15.849999999999994
2017-07-28,300251,217.08,214.68,217.56,212.27,331154,289189536.0,2.41,-2.19,-4.8,1.2,5.289999999999992
2017-07-31,300251,216.6,222.12,228.85,214.44,440571,394408816.0,6.71,3.47,7.44,1.6,14.409999999999997
2017-08-01,300251,224.53,222.61,228.37,219.48,422697,383372720.0,4.0,0.22,0.49,1.54,8.890000000000015
2017-08-02,300251,222.61,223.57,226.21,220.2,384222,348587760.0,2.7,0.43,0.96,1.4,6.010000000000019
2017-08-03,300251,225.97,231.97,232.45,222.85,569482,528471104.0,4.29,3.76,8.4,2.07,9.599999999999994
2017-08-04,300251,231.97,219.24,231.97,218.52,734948,669205872.0,5.8,-5.49,-12.73,2.67,13.449999999999989
2017-08-07,300251,216.84,217.8,222.61,212.52,362051,320978432.0,4.6,-0.66,-1.44,1.32,10.090000000000003
2017-08-08,300251,216.84,221.4,222.85,212.76,417836,370382592.0,4.63,1.65,3.6,1.52,10.090000000000003
2017-08-09,300251,218.76,214.92,220.92,213.96,261235,230651938.0,3.14,-2.93,-6.48,0.95,6.9599999999999795
2017-08-10,300251,216.12,217.32,219.0,213.24,245392,215905588.0,2.68,1.12,2.4,0.89,5.759999999999991
2017-08-11,300251,213.0,213.96,218.28,213.0,199641,174582084.0,2.43,-1.55,-3.36,0.73,5.280000000000001
2017-08-14,300251,214.44,218.28,219.96,214.44,209151,184853738.0,2.58,2.02,4.32,0.76,5.52000000000001
2017-08-15,300251,218.28,218.04,219.24,215.88,149698,132166847.0,1.54,-0.11,-0.24,0.54,3.3600000000000136
2017-08-16,300251,217.8,221.4,224.53,216.6,362769,326316720.0,3.64,1.54,3.36,1.32,7.930000000000007
2017-08-17,300251,219.72,220.92,223.33,218.76,261628,235044147.0,2.06,-0.22,-0.48,0.95,4.570000000000022
2017-08-18,300251,220.2,216.6,220.44,216.12,258851,229154155.0,1.96,-1.96,-4.32,0.94,4.319999999999993
2017-08-21,300251,216.12,216.36,218.04,214.44,147008,128861747.0,1.66,-0.11,-0.24,0.53,3.5999999999999943
2017-08-22,300251,215.64,214.92,217.08,213.96,138685,121118259.0,1.44,-0.67,-1.44,0.5,3.1200000000000045
2017-08-23,300251,214.44,214.44,215.88,213.24,119278,103852641.0,1.23,-0.22,-0.48,0.43,2.6399999999999864
2017-08-24,300251,214.2,214.44,217.56,212.76,166455,145331766.0,2.24,0.0,0.0,0.6,4.800000000000011
2017-08-25,300251,214.2,216.6,217.08,213.72,118580,103923119.0,1.57,1.01,2.16,0.43,3.3600000000000136
2017-08-28,300251,216.84,218.28,220.2,215.16,150422,133564981.0,2.33,0.78,1.68,0.55,5.039999999999992
2017-08-29,300251,217.56,216.6,219.24,216.12,115122,101436182.0,1.43,-0.77,-1.68,0.42,3.1200000000000045
2017-08-30,300251,216.6,215.88,218.28,215.64,90825,79939000.0,1.22,-0.33,-0.72,0.33,2.640000000000015
2017-08-31,300251,216.12,216.12,217.8,214.44,94331,82756757.0,1.56,0.11,0.24,0.34,3.3600000000000136
2017-09-01,300251,216.36,217.32,217.8,213.96,145032,127117565.0,1.78,0.56,1.2,0.53,3.8400000000000034
2017-09-04,300251,217.8,220.2,220.92,216.84,221809,197338958.0,1.88,1.33,2.88,0.81,4.079999999999984
2017-09-05,300251,220.92,226.69,228.85,219.0,483062,439910688.0,4.47,2.95,6.49,1.76,9.849999999999994
2017-09-06,300251,224.53,229.09,230.77,224.29,384131,356075792.0,2.86,1.06,2.4,1.4,6.480000000000018
2017-09-07,300251,227.89,223.81,230.53,222.85,284070,261987658.0,3.35,-2.3,-5.28,1.03,7.680000000000007
2017-09-08,300251,224.29,226.69,231.01,222.61,284497,262805921.0,3.75,1.29,2.88,1.03,8.399999999999977
2017-09-11,300251,226.69,237.26,240.38,226.45,591263,565330464.0,6.14,4.66,10.57,2.15,13.930000000000007
2017-09-12,300251,236.3,237.98,242.55,234.62,358251,346741360.0,3.34,0.3,0.72,1.3,7.930000000000007
2017-09-13,300251,238.46,250.47,251.67,236.54,578471,582602688.0,6.36,5.25,12.49,2.1,15.129999999999995
2017-09-14,300251,249.75,251.91,253.84,246.15,341703,348025488.0,3.07,0.57,1.44,1.24,7.689999999999998
2017-09-15,300251,251.67,247.35,251.91,245.67,225795,227756009.0,2.48,-1.81,-4.56,0.82,6.240000000000009
2017-09-18,300251,245.91,246.39,248.31,240.62,177207,176414674.0,3.11,-0.39,-0.96,0.64,7.689999999999998
2017-09-19,300251,246.15,253.36,259.12,244.47,341100,353055920.0,5.95,2.83,6.97,1.24,14.650000000000006
2017-09-20,300251,252.88,253.84,257.92,250.95,159358,164700359.0,2.75,0.19,0.48,0.58,6.970000000000027
2017-09-21,300251,253.36,245.67,254.8,245.67,182221,184013898.0,3.6,-3.22,-8.17,0.66,9.130000000000024
2017-09-22,300251,247.59,242.55,251.91,240.86,283270,282586752.0,4.5,-1.27,-3.12,1.03,11.049999999999983
2017-09-25,300251,245.67,245.67,251.19,244.47,199616,201715545.0,2.77,1.29,3.12,0.73,6.719999999999999
2017-09-26,300251,246.15,246.39,248.07,243.27,86631,86815262.0,1.95,0.29,0.72,0.31,4.799999999999983
2017-09-27,300251,247.83,254.08,257.2,246.87,192107,197876928.0,4.19,3.12,7.69,0.7,10.329999999999984
2017-09-28,300251,255.28,263.45,268.49,255.28,421166,454053952.0,5.2,3.69,9.37,1.53,13.210000000000008
2017-09-29,300251,267.29,268.25,270.89,260.56,276435,300054000.0,3.92,1.82,4.8,1.0,10.329999999999984
2017-10-09,300251,269.69,253.12,270.89,250.95,494358,516489312.0,7.43,-5.64,-15.13,1.8,19.939999999999998
2017-10-10,300251,254.08,255.04,256.48,248.07,256009,262452285.0,3.32,0.76,1.92,0.93,8.410000000000025
2017-10-11,300251,253.6,251.43,259.6,250.95,202210,210885942.0,3.39,-1.42,-3.61,0.73,8.650000000000034
2017-10-12,300251,251.91,244.47,253.6,241.58,292765,292656880.0,4.78,-2.77,-6.96,1.06,12.019999999999982
2017-10-13,300251,245.43,245.43,246.63,240.86,164142,162546285.0,2.36,0.39,0.96,0.6,5.769999999999982
2017-10-16,300251,245.67,233.42,246.63,231.25,304892,293956960.0,6.27,-4.89,-12.01,1.11,15.379999999999995
2017-10-17,300251,233.66,234.38,236.3,230.53,161483,153220262.0,2.47,0.41,0.96,0.59,5.77000000000001
2017-10-18,300251,234.86,230.53,235.34,229.09,111520,105571031.0,2.67,-1.64,-3.85,0.41,6.25
2017-10-19,300251,231.01,239.18,239.18,230.05,223241,214546005.0,3.96,3.75,8.65,0.81,9.129999999999995
2017-10-20,300251,239.18,238.94,240.86,235.1,100339,97133407.0,2.41,-0.1,-0.24,0.36,5.760000000000019
2017-10-23,300251,240.38,243.03,243.75,238.46,160752,158343971.0,2.21,1.71,4.09,0.58,5.289999999999992
2017-10-24,300251,243.75,243.99,245.91,239.42,134541,133175442.0,2.67,0.4,0.96,0.49,6.490000000000009
2017-10-25,300251,244.23,243.99,244.47,240.86,97909,96578210.0,1.48,0.0,0.0,0.36,3.609999999999985
2017-10-26,300251,243.03,241.1,243.51,240.14,129326,126742583.0,1.38,-1.18,-2.89,0.47,3.3700000000000045
2017-10-27,300251,240.14,243.27,244.71,239.66,104754,103254002.0,2.09,0.9,2.17,0.38,5.050000000000011
2017-10-30,300251,242.79,239.18,243.03,234.62,109420,106482020.0,3.46,-1.68,-4.09,0.4,8.409999999999997
2017-10-31,300251,237.98,238.46,240.62,235.82,69377,67220660.0,2.01,-0.3,-0.72,0.25,4.800000000000011
2017-11-01,300251,237.98,235.82,238.22,234.62,106240,101964716.0,1.51,-1.11,-2.64,0.39,3.5999999999999943
2017-11-02,300251,237.26,239.66,242.3,236.06,103168,100369215.0,2.65,1.63,3.84,0.37,6.240000000000009
2017-11-03,300251,241.34,249.99,253.84,241.34,324091,330067936.0,5.22,4.31,10.33,1.18,12.5
2017-11-06,300251,249.99,254.56,256.0,246.87,217252,222918048.0,3.65,1.83,4.57,0.79,9.129999999999995
2017-11-07,300251,252.88,254.08,258.4,252.15,192929,200705952.0,2.46,-0.19,-0.48,0.7,6.249999999999972
2017-11-08,300251,254.08,262.48,265.13,251.67,282941,300993568.0,5.3,3.31,8.4,1.03,13.460000000000008
2017-11-09,300251,261.28,259.6,263.45,256.24,150239,159085301.0,2.75,-1.1,-2.88,0.55,7.2099999999999795
2017-11-10,300251,258.88,263.21,269.21,257.92,201474,217190578.0,4.35,1.39,3.61,0.73,11.289999999999964
2017-11-13,300251,264.41,262.24,269.69,259.84,189009,204603378.0,3.74,-0.37,-0.97,0.69,9.850000000000023
2017-11-14,300251,261.04,256.48,266.57,252.88,226308,240289546.0,5.22,-2.2,-5.76,0.82,13.689999999999998
2017-11-15,300251,258.16,257.92,266.09,254.8,197824,209753769.0,4.4,0.56,1.44,0.72,11.289999999999964
2017-11-16,300251,255.52,258.64,263.69,255.52,138123,146263796.0,3.17,0.28,0.72,0.5,8.169999999999987
2017-11-17,300251,258.4,245.91,259.6,244.95,226798,230780015.0,5.66,-4.92,-12.73,0.82,14.650000000000034
2017-11-20,300251,244.95,250.23,250.71,243.51,97382,98348791.0,2.93,1.76,4.32,0.35,7.200000000000017
2017-11-21,300251,250.95,246.87,254.56,244.95,181986,184259740.0,3.84,-1.34,-3.36,0.66,9.610000000000014
2017-11-22,300251,245.67,254.56,254.8,244.95,129752,132426292.0,3.99,3.12,7.69,0.47,9.850000000000023
2017-11-23,300251,254.56,245.67,256.48,243.51,171035,174113946.0,5.1,-3.49,-8.89,0.62,12.970000000000027
2017-11-24,300251,243.99,239.18,246.87,236.78,125000,122643010.0,4.11,-2.64,-6.49,0.45,10.090000000000003
2017-11-27,300251,236.54,241.58,245.19,235.34,109674,108071984.0,4.12,1.0,2.4,0.4,9.849999999999994
2017-11-28,300251,241.82,240.14,244.23,234.62,150119,146387167.0,3.98,-0.6,-1.44,0.55,9.609999999999985
2017-11-29,300251,238.94,231.25,238.94,227.65,167009,157407932.0,4.7,-3.7,-8.89,0.61,11.289999999999992
2017-11-30,300251,230.77,229.57,235.58,228.37,103656,98094128.0,3.12,-0.73,-1.68,0.38,7.210000000000008
2017-12-01,300251,229.09,240.38,243.99,229.09,187910,183130825.0,6.49,4.71,10.81,0.68,14.900000000000006
2017-12-04,300251,242.06,245.91,249.03,239.9,163329,163636332.0,3.8,2.3,5.53,0.59,9.129999999999995
2017-12-05,300251,245.43,239.9,246.63,235.1,141879,138352390.0,4.69,-2.44,-6.01,0.52,11.530000000000001
2017-12-06,300251,238.46,250.71,251.91,235.34,206143,204806424.0,6.91,4.51,10.81,0.75,16.569999999999993
2017-12-07,300251,248.55,252.15,255.76,247.35,191096,196319711.0,3.35,0.57,1.44,0.69,8.409999999999997
2017-12-08,300251,252.88,252.15,255.04,249.75,113770,116737595.0,2.1,0.0,0.0,0.41,5.289999999999992
2017-12-11,300251,250.71,256.72,263.69,250.71,216765,227690976.0,5.15,1.81,4.57,0.79,12.97999999999999
2017-12-12,300251,255.52,255.04,259.6,254.32,90220,94336290.0,2.06,-0.65,-1.68,0.33,5.28000000000003
2017-12-13,300251,252.39,255.28,256.48,247.59,113975,116671349.0,3.49,0.09,0.24,0.41,8.890000000000015
2017-12-14,300251,254.8,251.91,254.8,249.99,87780,90152641.0,1.88,-1.32,-3.37,0.32,4.810000000000002
2017-12-15,300251,252.15,257.68,260.32,250.47,173240,181202046.0,3.91,2.29,5.77,0.63,9.849999999999994
2017-12-18,300251,257.2,257.68,260.56,255.04,96843,101514218.0,2.14,0.0,0.0,0.35,5.52000000000001
2017-12-19,300251,257.2,253.84,264.41,251.19,189135,199030477.0,5.13,-1.49,-3.84,0.69,13.220000000000027
2017-12-20,300251,253.12,254.8,255.04,249.51,102738,105528687.0,2.18,0.38,0.96,0.37,5.530000000000001
2017-12-21,300251,254.08,255.28,258.16,247.11,133941,138400028.0,4.34,0.19,0.48,0.49,11.050000000000011
2017-12-22,300251,254.32,257.2,259.12,251.67,95107,99227168.0,2.92,0.75,1.92,0.35,7.450000000000017
2017-12-25,300251,258.4,249.99,259.36,248.55,107084,109921458.0,4.2,-2.8,-7.21,0.39,10.810000000000002
2017-12-26,300251,249.27,242.79,252.64,238.46,195711,193774630.0,5.67,-2.88,-7.2,0.71,14.179999999999978
2017-12-27,300251,241.1,249.99,251.19,240.62,156912,158347941.0,4.35,2.97,7.2,0.57,10.569999999999993
2017-12-28,300251,249.03,254.8,258.88,247.11,178008,184955919.0,4.71,1.92,4.81,0.65,11.769999999999982
2017-12-29,300251,256.96,256.48,258.64,253.36,108820,113496752.0,2.07,0.66,1.68,0.4,5.279999999999973
2018-01-02,300251,259.84,270.65,271.85,257.2,350074,381392848.0,5.71,5.52,14.17,1.27,14.650000000000034
2018-01-03,300251,269.93,276.42,278.34,266.33,366333,407764064.0,4.44,2.13,5.77,1.33,12.009999999999991
2018-01-04,300251,274.02,273.54,276.42,269.69,226574,251747411.0,2.43,-1.04,-2.88,0.82,6.730000000000018
2018-01-05,300251,273.78,276.18,277.62,270.89,213029,239307428.0,2.46,0.97,2.64,0.77,6.730000000000018
2018-01-08,300251,276.42,272.09,279.78,267.29,287480,317737680.0,4.52,-1.48,-4.09,1.04,12.489999999999952
2018-01-09,300251,271.85,268.01,273.06,264.17,229164,249630923.0,3.27,-1.5,-4.08,0.83,8.889999999999986
2018-01-10,300251,268.73,264.65,270.65,262.0,176990,192083648.0,3.23,-1.25,-3.36,0.64,8.649999999999977
2018-01-11,300251,260.56,261.76,263.69,254.32,227680,240395269.0,3.54,-1.09,-2.89,0.83,9.370000000000005
2018-01-12,300251,260.8,256.96,262.97,255.28,158926,167260398.0,2.94,-1.83,-4.8,0.58,7.690000000000026
2018-01-15,300251,252.39,248.07,254.8,246.39,237850,241188323.0,3.27,-3.46,-8.89,0.86,8.410000000000025
2018-01-16,300251,248.07,252.64,252.64,244.47,159906,162466767.0,3.29,1.84,4.57,0.58,8.169999999999987
2018-01-17,300251,252.39,259.6,262.48,246.39,316746,330623104.0,6.37,2.75,6.96,1.15,16.090000000000032
2018-01-18,300251,258.16,258.16,259.84,255.28,137525,144199630.0,1.76,-0.55,-1.44,0.5,4.559999999999974
2018-01-19,300251,257.92,253.36,261.28,253.36,158129,165932626.0,3.07,-1.86,-4.8,0.57,7.919999999999959
2018-01-22,300251,251.19,278.1,278.1,250.23,674705,750467072.0,11.0,9.76,24.74,2.45,27.870000000000033
2018-01-23,300251,278.34,282.42,284.11,274.02,574749,654146016.0,3.63,1.55,4.32,2.09,10.090000000000032
2018-01-24,300251,283.15,310.05,310.05,280.26,742232,906421856.0,10.55,9.78,27.63,2.7,29.79000000000002
2018-01-25,300251,329.75,324.95,338.16,315.34,1648077,2204750096.0,7.36,4.81,14.9,5.99,22.82000000000005
2018-01-26,300251,320.38,326.15,332.39,317.74,1005844,1338862304.0,4.51,0.37,1.2,3.65,14.649999999999977
2018-01-29,300251,320.14,336.96,339.12,316.3,1216701,1630122544.0,7.0,3.31,10.81,4.42,22.819999999999993
2018-01-30,300251,329.75,315.82,332.64,309.33,1098786,1445588400.0,6.92,-6.27,-21.14,3.99,23.310000000000002
2018-01-31,300251,310.53,316.78,327.11,307.41,1042958,1350069584.0,6.24,0.3,0.96,3.79,19.69999999999999
2018-02-01,300251,315.82,307.89,319.42,303.57,845805,1079673568.0,5.0,-2.81,-8.89,3.07,15.850000000000023
2018-02-02,300251,305.73,311.01,329.03,303.57,1194476,1553728752.0,8.27,1.01,3.12,4.34,25.45999999999998
2018-02-05,300251,300.92,305.25,310.29,287.23,861623,1057125760.0,7.41,-1.85,-5.76,3.13,23.060000000000002
2018-02-06,300251,298.76,292.51,315.1,290.11,1038412,1294689312.0,8.19,-4.17,-12.74,3.77,24.99000000000001
2018-02-07,300251,302.85,315.1,320.14,293.96,1375829,1734059936.0,8.95,7.72,22.59,5.0,26.180000000000007
2018-02-08,300251,309.81,307.17,316.06,303.33,907804,1148007600.0,4.04,-2.52,-7.93,3.3,12.730000000000018
2018-02-09,300251,294.2,276.9,298.76,276.9,1000519,1171829328.0,7.12,-9.85,-30.27,3.64,21.860000000000014
2018-02-12,300251,282.91,283.39,291.79,276.18,674121,779976352.0,5.64,2.34,6.49,2.45,15.610000000000014
2018-02-13,300251,287.71,289.15,297.56,286.51,608175,723507072.0,3.9,2.03,5.76,2.21,11.050000000000011
2018-02-14,300251,293.48,295.4,296.6,289.39,510922,612768608.0,2.49,2.16,6.25,1.86,7.210000000000036
2018-02-22,300251,308.13,309.09,319.66,300.92,1049734,1323801584.0,6.34,4.63,13.69,3.81,18.74000000000001
2018-02-23,300251,305.25,303.57,307.65,296.84,595261,734523344.0,3.5,-1.79,-5.52,2.16,10.810000000000002
2018-02-26,300251,304.29,308.13,311.49,300.44,736877,925858576.0,3.64,1.5,4.56,2.68,11.050000000000011
2018-02-27,300251,310.29,320.14,328.31,305.97,976704,1263378736.0,7.25,3.9,12.01,3.55,22.339999999999975
2018-02-28,300251,312.7,305.73,315.82,301.4,678848,858236000.0,4.5,-4.5,-14.41,2.47,14.420000000000016
2018-03-01,300251,303.33,312.21,314.86,300.92,526739,669170896.0,4.56,2.12,6.48,1.91,13.939999999999998
2018-03-02,300251,308.13,313.42,323.75,305.97,665388,864533728.0,5.69,0.39,1.21,2.42,17.779999999999973
2018-03-05,300251,317.74,317.74,319.18,307.17,440488,565158704.0,3.83,1.38,4.32,1.6,12.009999999999991
2018-03-06,300251,316.54,310.29,323.03,309.57,552168,710593392.0,4.24,-2.34,-7.45,2.01,13.45999999999998
2018-03-07,300251,307.17,299.96,309.09,296.12,534512,660646928.0,4.18,-3.33,-10.33,1.94,12.96999999999997
2018-03-08,300251,299.72,299.96,301.64,293.0,294579,357962480.0,2.88,0.0,0.0,1.07,8.639999999999986
2018-03-09,300251,299.96,315.34,317.02,298.76,737410,932271392.0,6.09,5.13,15.38,2.68,18.25999999999999
2018-03-12,300251,324.95,321.58,330.47,319.42,767878,1016342288.0,3.5,1.98,6.24,2.79,11.050000000000011
2018-03-13,300251,324.23,333.12,341.04,320.86,848713,1150945008.0,6.28,3.59,11.54,3.08,20.180000000000007
2018-03-14,300251,329.03,321.1,329.27,321.1,433903,576505536.0,2.45,-3.61,-12.02,1.58,8.169999999999959
2018-03-15,300251,319.9,332.15,334.56,318.7,548351,737199856.0,4.94,3.44,11.05,1.99,15.860000000000014
2018-03-16,300251,331.91,319.18,333.36,318.94,442076,589886800.0,4.34,-3.9,-12.97,1.61,14.420000000000016
2018-03-19,300251,317.02,321.82,326.63,310.53,419275,549516048.0,5.04,0.83,2.64,1.52,16.100000000000023
2018-03-20,300251,317.5,319.66,322.3,312.7,322750,419714368.0,2.98,-0.67,-2.16,1.17,9.600000000000023
2018-03-21,300251,322.06,303.81,322.06,303.57,419733,539707088.0,5.78,-4.96,-15.85,1.53,18.49000000000001
2018-03-22,300251,305.97,303.09,309.33,302.36,311947,390402544.0,2.29,-0.24,-0.72,1.13,6.96999999999997
2018-03-23,300251,291.79,285.55,298.52,274.5,484222,569386208.0,7.93,-5.79,-17.54,1.76,24.019999999999982
2018-03-26,300251,278.1,295.4,297.08,278.1,329906,392068144.0,6.65,3.45,9.85,1.2,18.97999999999996
2018-03-27,300251,296.84,306.93,311.01,296.84,362325,452194080.0,4.8,3.9,11.53,1.32,14.170000000000016
2018-03-28,300251,300.92,299.0,306.69,298.76,234025,289614768.0,2.58,-2.58,-7.93,0.85,7.930000000000007
2018-03-29,300251,303.09,300.2,306.93,295.88,270760,331853488.0,3.7,0.4,1.2,0.98,11.050000000000011
2018-03-30,300251,301.64,314.38,314.62,297.32,414894,523520992.0,5.76,4.72,14.18,1.51,17.30000000000001
2018-04-02,300251,315.34,312.94,315.82,305.73,359850,455821232.0,3.21,-0.46,-1.44,1.31,10.089999999999975
2018-04-03,300251,305.73,306.45,311.49,300.44,278702,348260688.0,3.53,-2.07,-6.49,1.01,11.050000000000011
2018-04-04,300251,306.45,297.8,308.37,296.6,233454,288916560.0,3.84,-2.82,-8.65,0.85,11.769999999999982
2018-04-09,300251,295.4,294.2,298.28,288.91,179485,215805751.0,3.15,-1.21,-3.6,0.65,9.369999999999948
2018-04-10,300251,291.07,290.59,292.76,282.18,382593,448172496.0,3.6,-1.23,-3.61,1.39,10.579999999999984
2018-04-11,300251,291.55,289.87,295.16,287.95,264017,315071152.0,2.48,-0.25,-0.72,0.96,7.210000000000036
2018-04-12,300251,288.19,281.7,290.83,279.3,348855,405246784.0,3.98,-2.82,-8.17,1.27,11.529999999999973
2018-04-13,300251,283.87,286.27,287.23,281.22,242311,281046784.0,2.13,1.62,4.57,0.88,6.009999999999991
2018-04-16,300251,284.59,286.99,290.11,280.74,342097,398836480.0,3.27,0.25,0.72,1.24,9.370000000000005
2018-04-17,300251,286.27,287.23,292.51,281.7,416986,489416800.0,3.77,0.08,0.24,1.52,10.810000000000002
2018-04-18,300251,288.91,283.39,289.15,268.25,554648,632207200.0,7.28,-1.34,-3.84,2.02,20.899999999999977
2018-04-19,300251,281.22,281.22,285.31,279.54,221030,254347071.0,2.04,-0.77,-2.17,0.8,5.769999999999982
2018-04-20,300251,280.26,267.05,285.31,264.89,366244,409757312.0,7.26,-5.04,-14.17,1.33,20.420000000000016
2018-04-23,300251,266.81,259.36,269.93,255.76,298322,318095520.0,5.31,-2.88,-7.69,1.08,14.170000000000016
2018-04-24,300251,261.52,266.81,268.25,258.4,242932,261912578.0,3.8,2.87,7.45,0.88,9.850000000000023
2018-04-25,300251,264.89,267.29,271.37,264.89,191607,209594989.0,2.43,0.18,0.48,0.7,6.480000000000018
2018-04-26,300251,266.81,258.4,270.89,258.4,217058,234258685.0,4.67,-3.33,-8.89,0.79,12.490000000000009
2018-04-27,300251,262.24,283.63,283.63,260.32,685678,774445424.0,9.02,9.76,25.23,2.49,23.310000000000002
2018-05-02,300251,279.54,286.27,287.95,275.22,681300,781409696.0,4.49,0.93,2.64,2.48,12.729999999999961
2018-05-03,300251,281.7,281.7,283.87,273.3,467544,533245392.0,3.69,-1.6,-4.57,1.7,10.569999999999993
2018-05-04,300251,279.3,278.82,284.83,277.86,296635,340362304.0,2.47,-1.02,-2.88,1.08,6.96999999999997
2018-05-07,300251,278.82,281.94,283.87,277.38,302289,346844080.0,2.33,1.12,3.12,1.1,6.490000000000009
2018-05-08,300251,281.94,283.87,286.51,279.78,307614,356155152.0,2.39,0.68,1.93,1.12,6.730000000000018
2018-05-09,300251,283.15,283.15,285.79,280.74,214403,247487610.0,1.78,-0.25,-0.72,0.78,5.050000000000011
2018-05-10,300251,285.55,286.51,290.83,284.11,309083,362617664.0,2.37,1.19,3.36,1.12,6.71999999999997
2018-05-11,300251,286.27,276.9,288.43,274.98,278175,319106832.0,4.69,-3.35,-9.61,1.01,13.449999999999989
2018-05-14,300251,274.98,278.34,279.78,274.98,180257,204093325.0,1.73,0.52,1.44,0.65,4.7999999999999545
2018-05-15,300251,278.58,279.78,280.5,272.09,227347,255602887.0,3.02,0.52,1.44,0.83,8.410000000000025
2018-05-16,300251,278.34,275.46,280.5,274.98,176636,200224018.0,1.97,-1.54,-4.32,0.64,5.519999999999982
2018-05-17,300251,274.02,270.65,275.22,269.93,220442,244612353.0,1.92,-1.75,-4.81,0.8,5.2900000000000205
2018-05-18,300251,269.69,276.42,277.14,269.21,167639,187251291.0,2.93,2.13,5.77,0.61,7.930000000000007
2018-05-21,300251,276.66,278.1,281.22,276.66,217659,248040457.0,1.65,0.61,1.68,0.79,4.560000000000002
2018-05-22,300251,277.38,282.42,283.63,277.14,244281,280351296.0,2.33,1.55,4.32,0.89,6.490000000000009
2018-05-23,300251,283.39,279.06,283.87,278.58,168609,193150546.0,1.87,-1.19,-3.36,0.61,5.2900000000000205
2018-05-24,300251,278.34,284.35,287.95,278.34,297753,345667760.0,3.44,1.9,5.29,1.08,9.610000000000014
2018-05-25,300251,284.35,268.01,284.35,267.29,318096,350678832.0,6.0,-5.75,-16.34,1.16,17.060000000000002
2018-05-28,300251,268.49,272.33,277.86,268.25,254784,279778256.0,3.59,1.61,4.32,0.93,9.610000000000014
2018-05-29,300251,271.37,271.85,275.94,270.17,146339,160189227.0,2.12,-0.18,-0.48,0.53,5.769999999999982
2018-05-30,300251,267.29,269.69,275.94,263.21,235988,254816048.0,4.68,-0.79,-2.16,0.86,12.730000000000018
2018-05-31,300251,270.89,270.17,274.98,257.2,480551,507210288.0,6.59,0.18,0.48,1.75,17.78000000000003
2018-06-01,300251,265.61,261.52,266.57,260.8,207838,219123035.0,2.14,-3.2,-8.65,0.76,5.769999999999982
2018-06-04,300251,250.47,246.63,250.47,236.54,570915,553590224.0,5.33,-5.69,-14.89,2.07,13.930000000000007
2018-06-05,300251,244.47,250.47,251.91,244.23,343074,339336672.0,3.11,1.56,3.84,1.25,7.680000000000007
2018-06-06,300251,248.31,247.59,253.84,247.59,231818,231848532.0,2.5,-1.15,-2.88,0.84,6.25
2018-06-07,300251,249.75,248.07,250.71,245.19,191015,189289408.0,2.23,0.19,0.48,0.69,5.52000000000001
2018-06-08,300251,245.91,250.23,255.28,245.91,187897,188171323.0,3.78,0.87,2.16,0.68,9.370000000000005
2018-06-11,300251,249.27,248.31,252.64,246.87,165609,165280887.0,2.31,-0.77,-1.92,0.6,5.769999999999982
2018-06-12,300251,249.27,260.56,263.93,248.79,386534,398053216.0,6.1,4.93,12.25,1.4,15.140000000000015
2018-06-13,300251,258.16,256.24,262.48,255.76,185030,191004724.0,2.58,-1.66,-4.32,0.67,6.720000000000027
2018-06-14,300251,256.24,252.88,259.6,252.15,193205,197149421.0,2.91,-1.31,-3.36,0.7,7.450000000000017
2018-06-15,300251,250.95,252.64,256.96,250.71,151384,153633068.0,2.47,-0.09,-0.24,0.55,6.249999999999972
2018-06-19,300251,248.31,231.25,250.47,228.37,313162,297142912.0,8.75,-8.47,-21.39,1.14,22.099999999999994
2018-06-20,300251,232.7,235.1,238.22,229.57,220131,205681909.0,3.74,1.66,3.85,0.8,8.650000000000006
2018-06-21,300251,237.02,227.65,239.42,227.17,194753,180320576.0,5.21,-3.17,-7.45,0.71,12.25
2018-06-22,300251,228.37,242.55,245.43,228.37,286809,273218176.0,7.49,6.55,14.9,1.04,17.060000000000002
2018-06-25,300251,244.71,241.82,248.07,240.86,209562,203932155.0,2.97,-0.3,-0.73,0.76,7.2099999999999795
2018-06-26,300251,239.9,247.11,251.67,238.7,222628,219318612.0,5.36,2.19,5.29,0.81,12.969999999999999
2018-06-27,300251,248.07,243.03,249.51,241.82,151877,148343922.0,3.11,-1.65,-4.08,0.55,7.689999999999998
2018-06-28,300251,242.3,238.7,249.27,235.1,206373,200354187.0,5.83,-1.78,-4.33,0.75,14.170000000000016
2018-06-29,300251,238.22,254.8,256.48,237.02,328881,327972320.0,8.15,6.74,16.1,1.2,19.460000000000008
2018-07-02,300251,252.88,250.71,254.8,246.63,301830,301712144.0,3.21,-1.61,-4.09,1.1,8.170000000000016
2018-07-03,300251,249.99,258.88,265.37,248.31,436866,449993408.0,6.8,3.26,8.17,1.59,17.060000000000002
2018-07-04,300251,261.52,262.24,268.25,260.08,374206,395286992.0,3.16,1.3,3.36,1.36,8.170000000000016
2018-07-05,300251,262.24,260.56,268.49,257.44,318866,336139472.0,4.21,-0.64,-1.68,1.16,11.050000000000011
2018-07-06,300251,264.65,252.64,266.33,246.39,461919,471463040.0,7.65,-3.04,-7.92,1.68,19.939999999999998
2018-07-09,300251,255.04,257.68,261.28,252.88,286044,294375280.0,3.32,1.99,5.04,1.04,8.399999999999977
2018-07-10,300251,256.48,263.93,266.33,255.28,280784,292575744.0,4.29,2.43,6.25,1.02,11.049999999999983
2018-07-11,300251,257.44,256.0,258.88,251.19,288406,293664704.0,2.91,-3.0,-7.93,1.05,7.689999999999998
2018-07-12,300251,256.96,262.0,264.89,256.24,312283,326590592.0,3.38,2.34,6.0,1.13,8.649999999999977
2018-07-13,300251,261.76,256.48,263.21,253.6,323283,331637936.0,3.67,-2.11,-5.52,1.17,9.609999999999985
2018-07-16,300251,252.15,239.66,252.15,236.54,520583,502210656.0,6.09,-6.56,-16.82,1.89,15.610000000000014
2018-07-17,300251,241.58,243.75,246.87,239.66,294535,285772288.0,3.01,1.71,4.09,1.07,7.210000000000008
2018-07-18,300251,243.75,240.62,244.95,239.9,223462,216219231.0,2.07,-1.28,-3.13,0.81,5.049999999999983
2018-07-19,300251,243.03,240.86,244.95,237.98,188921,181570644.0,2.9,0.1,0.24,0.69,6.969999999999999
2018-07-20,300251,240.14,241.1,242.55,234.86,215893,205666149.0,3.19,0.1,0.24,0.78,7.689999999999998
2018-07-23,300251,240.14,245.91,246.39,238.7,281972,273404480.0,3.19,2.0,4.81,1.02,7.689999999999998
2018-07-24,300251,245.19,248.55,249.99,243.03,283157,279754624.0,2.83,1.07,2.64,1.03,6.960000000000008
2018-07-25,300251,249.03,248.07,252.64,246.87,219218,217922894.0,2.32,-0.19,-0.48,0.8,5.769999999999982
2018-07-26,300251,248.07,252.39,253.84,246.39,310566,309775952.0,3.0,1.74,4.32,1.13,7.450000000000017
2018-07-27,300251,252.39,248.31,252.39,247.59,197615,196361525.0,1.9,-1.62,-4.08,0.72,4.799999999999983
2018-07-30,300251,250.71,242.79,252.39,240.62,273459,269427312.0,4.74,-2.22,-5.52,0.99,11.769999999999982
2018-07-31,300251,241.34,245.67,247.59,238.7,147394,144004062.0,3.66,1.19,2.88,0.54,8.890000000000015
2018-08-01,300251,246.39,240.38,247.59,239.18,198166,191993422.0,3.42,-2.15,-5.29,0.72,8.409999999999997
2018-08-02,300251,240.14,230.29,240.38,226.69,288174,265213761.0,5.7,-4.2,-10.09,1.05,13.689999999999998
2018-08-03,300251,230.05,224.53,232.7,224.53,181157,164559941.0,3.55,-2.5,-5.76,0.66,8.169999999999987
2018-08-06,300251,225.49,226.45,230.05,223.57,175200,157915014.0,2.89,0.86,1.92,0.64,6.480000000000018
2018-08-07,300251,227.41,232.7,233.18,226.21,213953,195596879.0,3.08,2.76,6.25,0.78,6.969999999999999
2018-08-08,300251,231.97,230.77,231.97,226.93,152804,139519613.0,2.17,-0.83,-1.93,0.56,5.039999999999992
2018-08-09,300251,230.05,236.3,238.94,229.57,254015,238625985.0,4.06,2.4,5.53,0.92,9.370000000000005
2018-08-10,300251,236.3,239.18,241.34,234.38,261241,247761830.0,2.95,1.22,2.88,0.95,6.960000000000008
2018-08-13,300251,239.66,233.42,239.66,228.13,339740,314651216.0,4.82,-2.41,-5.76,1.23,11.530000000000001
2018-08-14,300251,232.21,229.09,234.86,228.13,201959,185753547.0,2.88,-1.86,-4.33,0.73,6.730000000000018
2018-08-15,300251,229.33,226.69,231.73,225.73,177475,161022667.0,2.62,-1.05,-2.4,0.64,6.0
2018-08-16,300251,223.57,215.88,223.57,213.24,340894,295390880.0,4.56,-4.77,-10.81,1.24,10.329999999999984
2018-08-17,300251,217.8,208.91,218.76,208.43,226072,190685161.0,4.79,-3.23,-6.97,0.82,10.329999999999984
2018-08-20,300251,208.91,209.15,210.83,203.63,207454,169915953.0,3.45,0.11,0.24,0.75,7.200000000000017
2018-08-21,300251,210.83,212.76,213.96,208.43,211549,177609982.0,2.64,1.73,3.61,0.77,5.530000000000001
2018-08-22,300251,212.27,209.15,212.27,208.91,111711,92870667.0,1.58,-1.7,-3.61,0.41,3.3600000000000136
2018-08-23,300251,210.35,210.11,211.55,208.19,125627,104547672.0,1.61,0.46,0.96,0.46,3.3600000000000136
2018-08-24,300251,210.59,206.75,210.59,206.75,104950,86653190.0,1.83,-1.6,-3.36,0.38,3.8400000000000034
2018-08-27,300251,207.95,212.76,213.48,207.47,197925,165415347.0,2.91,2.91,6.01,0.72,6.009999999999991
2018-08-28,300251,212.27,214.2,215.16,211.07,146219,123468111.0,1.92,0.68,1.44,0.53,4.090000000000003
2018-08-29,300251,214.44,211.79,214.44,209.63,140574,117679833.0,2.25,-1.13,-2.41,0.51,4.810000000000002
2018-08-30,300251,211.79,206.51,213.0,206.27,157623,130484309.0,3.18,-2.49,-5.28,0.57,6.72999999999999
2018-08-31,300251,206.75,204.59,207.95,204.35,130174,106296126.0,1.74,-0.93,-1.92,0.47,3.5999999999999943
2018-09-03,300251,203.63,206.97,206.97,202.67,130037,105060829.0,2.1,1.16,2.38,0.47,4.300000000000011
2018-09-04,300251,211.79,214.44,219.0,211.55,351819,300009824.0,3.6,3.61,7.47,1.28,7.449999999999989
2018-09-05,300251,212.52,210.35,215.64,210.11,226475,191289771.0,2.58,-1.91,-4.09,0.82,5.529999999999973
2018-09-06,300251,209.39,205.31,211.07,204.59,186809,153393333.0,3.08,-2.4,-5.04,0.68,6.47999999999999
2018-09-07,300251,205.04,203.12,207.71,201.46,209572,169379330.0,3.04,-1.07,-2.19,0.76,6.25
2018-09-10,300251,202.18,195.46,202.42,195.22,197734,154346088.0,3.54,-3.77,-7.66,0.72,7.199999999999989
2018-09-11,300251,196.18,193.78,196.9,190.41,153089,116712777.0,3.32,-0.86,-1.68,0.56,6.490000000000009
2018-09-12,300251,193.54,197.38,203.63,193.3,217490,171105370.0,5.33,1.86,3.6,0.79,10.329999999999984
2018-09-13,300251,196.18,188.01,199.54,182.73,417008,311677392.0,8.52,-4.75,-9.37,1.52,16.810000000000002
2018-09-14,300251,187.29,188.01,188.97,185.61,171661,126721264.0,1.79,0.0,0.0,0.62,3.359999999999985
2018-09-17,300251,186.57,183.21,186.81,182.97,132631,96150732.0,2.04,-2.55,-4.8,0.48,3.8400000000000034
2018-09-18,300251,183.69,188.73,189.45,183.45,212945,156899846.0,3.27,3.01,5.52,0.77,6.0
2018-09-19,300251,188.01,189.45,192.09,186.81,202954,151437465.0,2.8,0.38,0.72,0.74,5.280000000000001
2018-09-20,300251,189.93,189.69,192.58,188.49,169740,127140158.0,2.16,0.13,0.24,0.62,4.090000000000003
2018-09-21,300251,190.65,193.78,194.98,189.21,211919,160342190.0,3.04,2.16,4.09,0.77,5.769999999999982
2018-09-25,300251,192.09,194.26,196.18,191.37,164481,125810207.0,2.48,0.25,0.48,0.6,4.810000000000002
2018-09-26,300251,194.5,193.54,196.18,192.82,178477,136879266.0,1.73,-0.37,-0.72,0.65,3.3600000000000136
2018-09-27,300251,193.78,190.89,196.9,190.17,181603,138261422.0,3.48,-1.37,-2.65,0.66,6.730000000000018
2018-09-28,300251,191.61,197.38,197.62,191.37,261381,200840008.0,3.27,3.4,6.49,0.95,6.25
2018-10-08,300251,189.69,183.93,189.69,183.45,264861,194615453.0,3.16,-6.81,-13.45,0.96,6.240000000000009
2018-10-09,300251,183.69,179.12,185.13,176.96,201047,141835945.0,4.44,-2.62,-4.81,0.73,8.169999999999987
2018-10-10,300251,179.6,179.36,180.56,176.48,129416,90783925.0,2.28,0.13,0.24,0.47,4.0800000000000125
2018-10-11,300251,174.8,164.95,176.48,163.75,281749,187887137.0,7.1,-8.03,-14.41,1.02,12.72999999999999
2018-10-12,300251,165.43,168.79,170.23,163.75,180475,118048086.0,3.93,2.33,3.84,0.66,6.47999999999999
2018-10-15,300251,171.19,164.95,171.91,163.99,130148,85382728.0,4.69,-2.28,-3.84,0.47,7.9199999999999875
2018-10-16,300251,165.91,163.27,168.31,159.66,132653,85261105.0,5.24,-1.02,-1.68,0.48,8.650000000000006
2018-10-17,300251,165.43,169.99,173.12,165.43,226278,149915508.0,4.71,4.12,6.72,0.82,7.689999999999998
2018-10-18,300251,168.79,169.03,170.47,166.15,180864,119240247.0,2.54,-0.56,-0.96,0.66,4.319999999999993
2018-10-19,300251,165.91,174.8,175.52,165.19,275150,184904345.0,6.11,3.41,5.77,1.0,10.330000000000013
2018-10-22,300251,176.96,181.28,185.61,173.84,287508,202764218.0,6.73,3.71,6.48,1.04,11.77000000000001
2018-10-23,300251,179.6,177.92,185.13,177.44,172297,122229882.0,4.24,-1.85,-3.36,0.63,7.689999999999998
2018-10-24,300251,176.96,178.88,183.93,176.72,160473,113799174.0,4.05,0.54,0.96,0.58,7.210000000000008
2018-10-25,300251,171.67,179.12,180.08,171.67,195037,134330476.0,4.7,0.13,0.24,0.71,8.410000000000025
2018-10-26,300251,180.08,175.04,181.04,174.08,165234,114652762.0,3.89,-2.28,-4.08,0.6,6.9599999999999795
2018-10-29,300251,174.08,171.19,177.2,170.47,164059,111984511.0,3.84,-2.2,-3.85,0.6,6.72999999999999
2018-10-30,300251,169.75,175.04,178.4,169.75,203365,139699977.0,5.05,2.25,3.85,0.74,8.650000000000006
2018-10-31,300251,176.24,178.4,180.08,175.04,183423,128221035.0,2.88,1.92,3.36,0.67,5.0400000000000205
2018-11-01,300251,179.6,183.93,188.49,178.4,347080,250943723.0,5.66,3.1,5.53,1.26,10.090000000000003
2018-11-02,300251,188.73,188.73,191.37,186.57,297549,221079932.0,2.61,2.61,4.8,1.08,4.800000000000011
2018-11-05,300251,188.25,190.17,194.02,185.61,267090,199870592.0,4.46,0.76,1.44,0.97,8.409999999999997
2018-11-06,300251,188.01,188.01,189.45,184.89,146515,107951115.0,2.4,-1.14,-2.16,0.53,4.560000000000002
2018-11-07,300251,188.73,186.33,190.41,186.33,132428,98256922.0,2.17,-0.89,-1.68,0.48,4.079999999999984
2018-11-08,300251,188.49,183.21,189.21,182.73,113954,82984747.0,3.48,-1.67,-3.12,0.41,6.480000000000018
2018-11-09,300251,183.21,183.69,186.57,182.24,99894,72545677.0,2.36,0.26,0.48,0.36,4.329999999999984
2018-11-12,300251,183.45,189.45,190.65,182.0,198509,146918881.0,4.71,3.14,5.76,0.72,8.650000000000006
2018-11-13,300251,187.77,207.47,207.47,187.53,864319,697694768.0,10.53,9.51,18.02,3.14,19.939999999999998
2018-11-14,300251,205.55,204.35,208.67,202.42,558409,453825648.0,3.01,-1.5,-3.12,2.03,6.25
2018-11-15,300251,202.67,205.55,206.0,200.02,392916,315852256.0,2.93,0.59,1.2,1.43,5.97999999999999
2018-11-16,300251,205.79,203.12,206.51,201.22,325974,261579810.0,2.57,-1.18,-2.43,1.18,5.289999999999992
2018-11-19,300251,201.7,200.26,203.12,198.1,298925,235248438.0,2.47,-1.41,-2.86,1.09,5.02000000000001
2018-11-20,300251,198.1,194.02,200.02,193.3,245620,191068336.0,3.36,-3.12,-6.24,0.89,6.719999999999999
2018-11-21,300251,192.82,198.1,199.54,191.61,228729,177819937.0,4.09,2.1,4.08,0.83,7.929999999999978
2018-11-22,300251,198.34,198.58,201.46,196.9,219041,172256136.0,2.3,0.24,0.48,0.8,4.560000000000002
2018-11-23,300251,198.34,186.57,198.58,186.57,307583,230956734.0,6.05,-6.05,-12.01,1.12,12.01000000000002
2018-11-26,300251,186.81,186.09,188.01,184.89,134263,98528123.0,1.67,-0.26,-0.48,0.49,3.1200000000000045
2018-11-27,300251,186.57,186.57,189.93,184.41,110441,81392980.0,2.97,0.26,0.48,0.4,5.52000000000001
2018-11-28,300251,186.81,191.85,193.78,184.41,217359,162932159.0,5.02,2.83,5.28,0.79,9.370000000000005
2018-11-29,300251,193.06,183.69,193.78,183.69,165346,123179201.0,5.26,-4.25,-8.16,0.6,10.090000000000003
2018-11-30,300251,183.93,183.69,184.65,178.64,173522,123644223.0,3.27,0.0,0.0,0.63,6.010000000000019
2018-12-03,300251,189.45,187.29,189.69,186.81,219215,162362904.0,1.57,1.96,3.6,0.8,2.8799999999999955
2018-12-04,300251,186.81,190.65,191.85,186.57,189347,141733118.0,2.82,1.79,3.36,0.69,5.280000000000001
2018-12-05,300251,186.81,189.69,191.61,186.09,149157,110898044.0,2.9,-0.5,-0.96,0.54,5.52000000000001
2018-12-06,300251,188.97,187.05,191.37,186.33,163800,121858899.0,2.66,-1.39,-2.64,0.6,5.039999999999992
2018-12-07,300251,187.77,194.74,196.18,187.77,298278,227349311.0,4.5,4.11,7.69,1.08,8.409999999999997
2018-12-10,300251,192.82,198.34,202.67,192.58,384863,302668528.0,5.18,1.85,3.6,1.4,10.089999999999975
2018-12-11,300251,199.3,195.46,203.12,195.46,245676,192673808.0,3.86,-1.45,-2.88,0.89,7.659999999999997
2018-12-12,300251,198.34,198.58,199.54,195.7,201078,157480753.0,1.96,1.6,3.12,0.73,3.8400000000000034
2018-12-13,300251,198.82,199.06,199.78,195.7,193810,151607255.0,2.05,0.24,0.48,0.7,4.0800000000000125
2018-12-14,300251,199.3,194.98,201.22,193.3,162755,126325530.0,3.98,-2.05,-4.08,0.59,7.9199999999999875
2018-12-17,300251,194.74,197.62,200.26,193.54,186912,145811526.0,3.45,1.35,2.64,0.68,6.719999999999999
2018-12-18,300251,196.18,203.12,204.35,195.94,274790,217967903.0,4.26,2.78,5.5,1.0,8.409999999999997
2018-12-19,300251,202.18,199.06,204.59,197.62,208427,165876098.0,3.43,-2.0,-4.06,0.76,6.969999999999999
2018-12-20,300251,198.58,200.5,204.35,198.58,168666,134181471.0,2.9,0.72,1.44,0.61,5.769999999999982
2018-12-21,300251,200.5,199.06,203.63,195.22,253532,200475986.0,4.19,-0.72,-1.44,0.92,8.409999999999997
2018-12-24,300251,198.58,202.42,203.12,195.22,237481,188103521.0,3.97,1.69,3.36,0.86,7.900000000000006
2018-12-25,300251,199.06,199.78,202.42,195.46,277661,217847326.0,3.44,-1.3,-2.64,1.01,6.9599999999999795
2018-12-26,300251,200.74,200.02,207.23,198.82,382191,306914032.0,4.21,0.12,0.24,1.39,8.409999999999997
2018-12-27,300251,202.67,199.78,204.83,199.06,286996,229481527.0,2.88,-0.12,-0.24,1.04,5.77000000000001
2018-12-28,300251,200.26,192.82,203.63,191.37,305754,238760619.0,6.14,-3.48,-6.96,1.11,12.259999999999991
2019-01-02,300251,194.74,196.9,198.34,191.61,265611,204860749.0,3.49,2.12,4.08,0.97,6.72999999999999
2019-01-03,300251,197.14,202.42,206.97,195.94,390885,312849120.0,5.6,2.8,5.52,1.43,11.030000000000001
2019-01-04,300251,200.5,213.96,216.6,200.5,577374,478878496.0,7.95,5.7,11.54,2.1,16.099999999999994
2019-01-07,300251,213.48,214.68,215.88,209.87,410298,346633344.0,2.81,0.34,0.72,1.5,6.009999999999991
2019-01-08,300251,210.83,214.2,214.68,209.15,301028,252260765.0,2.58,-0.22,-0.48,1.1,5.530000000000001
2019-01-09,300251,214.2,208.67,215.16,206.75,386670,323847936.0,3.93,-2.58,-5.53,1.41,8.409999999999997
2019-01-10,300251,207.23,207.95,211.79,206.97,188397,156179839.0,2.31,-0.35,-0.72,0.69,4.819999999999993
2019-01-11,300251,210.11,211.07,211.07,207.23,171355,142040637.0,1.85,1.5,3.12,0.62,3.8400000000000034
2019-01-14,300251,212.27,214.44,218.04,208.43,382987,324512656.0,4.55,1.6,3.37,1.4,9.609999999999985
2019-01-15,300251,214.2,218.04,219.96,212.03,329260,282057264.0,3.7,1.68,3.6,1.2,7.930000000000007
2019-01-16,300251,217.56,225.25,230.29,216.6,521680,465192176.0,6.28,3.31,7.21,1.9,13.689999999999998
2019-01-17,300251,224.77,221.4,228.37,220.68,384750,342276416.0,3.41,-1.71,-3.85,1.4,7.689999999999998
2019-01-18,300251,223.33,226.45,226.45,216.84,445192,392446384.0,4.34,2.28,5.05,1.62,9.609999999999985
2019-01-21,300251,227.17,224.29,227.89,221.64,347170,309607136.0,2.76,-0.95,-2.16,1.27,6.25
2019-01-22,300251,222.12,218.76,224.05,215.4,386396,336467920.0,3.86,-2.47,-5.53,1.41,8.650000000000006
2019-01-23,300251,219.48,220.2,220.68,216.12,231377,200932802.0,2.08,0.66,1.44,0.84,4.560000000000002
2019-01-24,300251,219.24,223.57,225.73,217.56,325141,287330480.0,3.71,1.53,3.37,1.19,8.169999999999987
2019-01-25,300251,223.09,218.28,225.49,218.04,304282,267283662.0,3.33,-2.37,-5.29,1.11,7.450000000000017
2019-01-28,300251,219.96,216.84,221.88,215.4,259714,224961443.0,2.97,-0.66,-1.44,0.95,6.47999999999999
2019-01-29,300251,215.64,217.08,219.96,210.35,287165,245666359.0,4.43,0.11,0.24,1.05,9.610000000000014
2019-01-30,300251,216.36,199.06,216.84,196.42,503799,413021712.0,9.41,-8.3,-18.02,1.84,20.420000000000016
2019-01-31,300251,196.66,206.75,207.71,196.42,472038,381305488.0,5.67,3.86,7.69,1.72,11.29000000000002
2019-02-01,300251,209.39,217.8,217.8,207.95,384459,324462608.0,4.76,5.34,11.05,1.4,9.850000000000023
2019-02-11,300251,217.32,208.43,217.32,197.38,802983,651421872.0,9.16,-4.3,-9.37,2.93,19.939999999999998
2019-02-12,300251,206.0,204.83,206.51,202.67,531588,430490080.0,1.84,-1.73,-3.6,1.94,3.8400000000000034
2019-02-13,300251,203.63,207.23,209.63,203.63,571442,465881792.0,2.93,1.17,2.4,2.08,6.0
2019-02-14,300251,206.75,205.79,207.95,204.35,362550,295263168.0,1.74,-0.69,-1.44,1.32,3.5999999999999943
2019-02-15,300251,204.59,205.04,207.95,204.59,266799,217286295.0,1.63,-0.36,-0.75,0.97,3.359999999999985
2019-02-18,300251,205.79,209.15,209.15,204.08,548650,449435120.0,2.47,2.0,4.11,2.0,5.069999999999993
2019-02-19,300251,209.39,213.0,215.4,207.47,653719,545950640.0,3.79,1.84,3.85,2.38,7.930000000000007
2019-02-20,300251,212.52,207.23,213.24,204.59,500964,413029456.0,4.06,-2.71,-5.77,1.83,8.650000000000006
2019-02-21,300251,206.97,204.35,209.39,202.91,490830,400866784.0,3.13,-1.39,-2.88,1.79,6.47999999999999
2019-02-22,300251,203.39,209.15,209.63,203.12,446754,365381392.0,3.19,2.35,4.8,1.63,6.509999999999991
2019-02-25,300251,210.35,219.0,219.0,208.67,885775,749998416.0,4.94,4.71,9.85,3.23,10.330000000000013
2019-02-26,300251,218.76,217.56,227.89,213.24,952303,828506864.0,6.69,-0.66,-1.44,3.47,14.649999999999977
2019-02-27,300251,218.28,219.0,223.57,216.12,554730,483898624.0,3.42,0.66,1.44,2.02,7.449999999999989
2019-02-28,300251,220.92,222.61,225.49,218.76,462146,407940288.0,3.07,1.65,3.61,1.68,6.730000000000018
2019-03-01,300251,226.45,224.05,229.33,221.4,533297,476165104.0,3.56,0.65,1.44,1.94,7.930000000000007
2019-03-04,300251,226.45,224.77,230.05,223.33,680627,613313440.0,3.0,0.32,0.72,2.48,6.719999999999999
2019-03-05,300251,223.09,230.29,230.77,221.16,655924,587090592.0,4.28,2.46,5.52,2.39,9.610000000000014
2019-03-06,300251,237.74,235.58,242.79,231.73,737354,694077936.0,4.8,2.3,5.29,2.69,11.060000000000002
2019-03-07,300251,233.18,230.53,234.86,227.17,675893,620373344.0,3.26,-2.14,-5.05,2.46,7.690000000000026
2019-03-08,300251,228.13,216.6,228.13,216.6,586456,518280160.0,5.0,-6.04,-13.93,2.14,11.530000000000001
2019-03-11,300251,217.56,223.81,224.05,215.88,440989,385806944.0,3.77,3.33,7.21,1.61,8.170000000000016
2019-03-12,300251,224.05,229.81,232.94,223.57,712217,648868832.0,4.19,2.68,6.0,2.6,9.370000000000005
2019-03-13,300251,228.37,219.24,228.61,218.04,572360,506726976.0,4.6,-4.6,-10.57,2.09,10.570000000000022
2019-03-14,300251,220.44,214.92,221.88,212.27,343416,295109200.0,4.38,-1.97,-4.32,1.25,9.609999999999985
2019-03-15,300251,216.36,217.08,217.8,213.72,262906,225374564.0,1.9,1.01,2.16,0.96,4.0800000000000125
2019-03-18,300251,217.8,222.36,222.61,214.68,330489,287622656.0,3.65,2.43,5.28,1.2,7.930000000000007
2019-03-19,300251,221.16,222.85,225.97,220.92,303761,269164320.0,2.27,0.22,0.49,1.11,5.050000000000011
2019-03-20,300251,222.85,221.4,225.01,216.84,323547,283481376.0,3.67,-0.65,-1.45,1.18,8.169999999999987
2019-03-21,300251,222.36,231.97,234.86,220.44,917788,838572640.0,6.51,4.77,10.57,3.35,14.420000000000016
2019-03-22,300251,231.25,228.37,231.73,224.29,625364,565363472.0,3.21,-1.55,-3.6,2.28,7.439999999999998
2019-03-25,300251,223.57,221.88,225.49,221.64,342684,303807616.0,1.69,-2.84,-6.49,1.25,3.8500000000000227
2019-03-26,300251,221.64,214.92,223.33,214.2,318528,275475040.0,4.11,-3.14,-6.96,1.16,9.130000000000024
2019-03-27,300251,216.12,215.88,216.84,213.96,199713,170837599.0,1.34,0.45,0.96,0.73,2.8799999999999955
2019-03-28,300251,215.64,212.03,218.52,211.55,222904,190320797.0,3.23,-1.78,-3.85,0.81,6.969999999999999
2019-03-29,300251,214.2,217.8,218.04,210.35,265841,226803652.0,3.63,2.72,5.77,0.97,7.689999999999998
2019-04-01,300251,220.92,222.85,224.77,219.48,490503,433292608.0,2.43,2.32,5.05,1.79,5.2900000000000205
2019-04-02,300251,224.05,225.01,230.05,221.88,620421,557023184.0,3.67,0.97,2.16,2.26,8.170000000000016
2019-04-03,300251,223.81,226.93,229.57,222.36,499403,449379872.0,3.2,0.85,1.92,1.82,7.2099999999999795
2019-04-04,300251,228.37,225.73,228.61,223.57,407896,365171664.0,2.22,-0.53,-1.2,1.49,5.0400000000000205
2019-04-08,300251,226.69,221.16,226.93,219.24,391394,346546384.0,3.41,-2.02,-4.57,1.43,7.689999999999998
2019-04-09,300251,219.72,227.17,231.49,218.76,641172,576924912.0,5.76,2.72,6.01,2.34,12.730000000000018
2019-04-10,300251,221.64,219.24,221.64,216.84,527297,457657360.0,2.11,-3.49,-7.93,1.92,4.799999999999983
2019-04-11,300251,218.76,212.76,218.76,212.52,333870,285355808.0,2.85,-2.96,-6.48,1.22,6.239999999999981
2019-04-12,300251,212.27,215.4,216.12,212.03,183987,156306891.0,1.92,1.24,2.64,0.67,4.090000000000003
2019-04-15,300251,217.32,213.24,218.52,213.0,225795,193593187.0,2.56,-1.0,-2.16,0.82,5.52000000000001
2019-04-16,300251,212.52,216.12,216.12,210.59,210721,178250518.0,2.59,1.35,2.88,0.77,5.530000000000001
2019-04-17,300251,216.84,215.4,217.56,214.44,207082,177359352.0,1.44,-0.33,-0.72,0.75,3.1200000000000045
2019-04-18,300251,215.88,215.88,217.8,214.2,195902,167980638.0,1.67,0.22,0.48,0.71,3.6000000000000227
2019-04-19,300251,215.88,216.84,217.32,211.55,259494,219981404.0,2.67,0.44,0.96,0.95,5.769999999999982
2019-04-22,300251,215.64,211.55,216.36,210.83,235426,199215480.0,2.55,-2.44,-5.29,0.86,5.530000000000001
2019-04-23,300251,210.83,208.19,213.24,207.47,210380,175391806.0,2.73,-1.59,-3.36,0.77,5.77000000000001
2019-04-24,300251,208.43,205.55,210.11,201.22,285653,231176418.0,4.27,-1.27,-2.64,1.04,8.890000000000015
2019-04-25,300251,204.83,196.42,204.83,196.18,279829,222124668.0,4.21,-4.44,-9.13,1.02,8.650000000000006
2019-04-26,300251,196.66,196.9,200.02,195.94,177662,138853385.0,2.08,0.24,0.48,0.65,4.0800000000000125
2019-04-29,300251,197.38,196.18,198.58,193.78,232139,179830580.0,2.44,-0.37,-0.72,0.85,4.800000000000011
2019-04-30,300251,196.42,196.9,199.78,195.22,141630,110667346.0,2.32,0.37,0.72,0.52,4.560000000000002
2019-05-06,300251,191.85,178.88,191.85,178.88,256649,185584732.0,6.59,-9.15,-18.02,0.94,12.969999999999999
2019-05-07,300251,180.56,180.32,182.24,177.2,124524,87993152.0,2.82,0.81,1.44,0.45,5.0400000000000205
2019-05-08,300251,177.68,178.88,181.52,176.0,122469,86116227.0,3.06,-0.8,-1.44,0.45,5.52000000000001
2019-05-09,300251,177.92,176.24,179.6,176.24,109763,76513350.0,1.88,-1.48,-2.64,0.4,3.359999999999985
2019-05-10,300251,177.2,180.8,181.76,175.52,185404,130607474.0,3.54,2.59,4.56,0.68,6.239999999999981
2019-05-13,300251,179.12,177.92,179.6,177.68,91562,64188843.0,1.06,-1.59,-2.88,0.33,1.9199999999999875
2019-05-14,300251,176.24,176.96,178.88,175.52,83691,58360859.0,1.89,-0.54,-0.96,0.31,3.359999999999985
2019-05-15,300251,178.4,178.88,179.84,177.68,107030,75060032.0,1.22,1.08,1.92,0.39,2.1599999999999966
2019-05-16,300251,178.88,179.12,179.84,178.4,90495,63678764.0,0.81,0.13,0.24,0.33,1.4399999999999977
2019-05-17,300251,179.6,172.88,179.6,172.15,133367,92031571.0,4.16,-3.48,-6.24,0.49,7.449999999999989
2019-05-20,300251,173.6,173.36,174.56,169.03,91992,62042965.0,3.2,0.28,0.48,0.34,5.530000000000001
2019-05-21,300251,174.8,177.92,179.36,174.8,147020,102693040.0,2.63,2.63,4.56,0.54,4.560000000000002
2019-05-22,300251,177.2,176.96,178.64,176.0,82256,57158982.0,1.48,-0.54,-0.96,0.3,2.6399999999999864
2019-05-23,300251,176.0,174.32,177.2,173.6,73536,50502455.0,2.03,-1.49,-2.64,0.27,3.5999999999999943
2019-05-24,300251,173.6,171.91,175.04,171.67,63216,42859033.0,1.93,-1.38,-2.41,0.23,3.3700000000000045
2019-05-27,300251,173.36,175.76,176.48,171.19,96547,65980920.0,3.08,2.24,3.85,0.35,5.289999999999992
2019-05-28,300251,175.04,175.76,177.68,174.8,91917,63531438.0,1.64,0.0,0.0,0.34,2.8799999999999955
2019-05-29,300251,174.56,175.52,176.96,174.08,66558,45899070.0,1.64,-0.14,-0.24,0.24,2.8799999999999955
2019-05-30,300251,176.0,178.64,180.56,175.76,152848,107145135.0,2.73,1.78,3.12,0.56,4.800000000000011
2019-05-31,300251,178.16,177.44,178.88,175.76,80312,55888961.0,1.75,-0.67,-1.2,0.29,3.1200000000000045
2019-06-03,300251,177.44,175.04,178.16,174.8,63999,44238750.0,1.89,-1.35,-2.4,0.23,3.359999999999985
2019-06-04,300251,175.04,170.95,176.24,170.23,89090,60016924.0,3.43,-2.34,-4.09,0.32,6.010000000000019
2019-06-05,300251,172.39,171.91,173.12,171.43,53104,35853701.0,0.99,0.56,0.96,0.19,1.6899999999999977
2019-06-06,300251,171.91,168.79,172.88,167.83,85179,56027332.0,2.94,-1.81,-3.12,0.31,5.049999999999983
2019-06-10,300251,169.03,170.95,172.15,168.31,59337,39314813.0,2.28,1.28,2.16,0.22,3.8400000000000034
2019-06-11,300251,170.95,176.0,176.0,170.23,122140,82710431.0,3.38,2.95,5.05,0.45,5.77000000000001
2019-06-12,300251,176.0,175.04,177.2,174.32,88108,60177248.0,1.64,-0.55,-0.96,0.32,2.8799999999999955
2019-06-13,300251,174.8,177.44,178.64,174.32,142910,98295567.0,2.47,1.37,2.4,0.52,4.319999999999993
2019-06-14,300251,176.72,173.12,177.68,172.64,98012,66717590.0,2.84,-2.43,-4.32,0.36,5.0400000000000205
2019-06-17,300251,172.15,169.99,172.15,169.27,108777,71994316.0,1.66,-1.81,-3.13,0.4,2.8799999999999955
2019-06-18,300251,169.99,171.43,171.91,169.03,64270,42597788.0,1.69,0.85,1.44,0.23,2.8799999999999955
2019-06-19,300251,174.32,173.36,177.44,173.36,105485,71683618.0,2.38,1.13,1.93,0.38,4.079999999999984
2019-06-20,300251,172.64,176.24,177.2,172.64,121144,82879175.0,2.63,1.66,2.88,0.44,4.560000000000002
2019-06-21,300251,180.08,177.44,180.32,176.96,157380,109599702.0,1.91,0.68,1.2,0.57,3.359999999999985
2019-06-24,300251,178.88,178.64,180.08,176.24,101825,70540069.0,2.16,0.68,1.2,0.37,3.8400000000000034
2019-06-25,300251,177.92,176.24,178.64,174.08,88387,60573830.0,2.55,-1.34,-2.4,0.32,4.559999999999974
2019-06-26,300251,174.56,175.04,176.24,174.32,53031,36224599.0,1.09,-0.68,-1.2,0.19,1.920000000000016
2019-06-27,300251,175.76,177.2,177.44,175.04,79601,54672120.0,1.37,1.23,2.16,0.29,2.4000000000000057
2019-06-28,300251,176.96,174.8,177.2,173.84,74072,50345182.0,1.9,-1.35,-2.4,0.27,3.359999999999985
2019-07-01,300251,176.72,179.12,179.12,176.24,118167,81880494.0,1.65,2.47,4.32,0.42,2.8799999999999955
2019-07-02,300251,178.64,177.92,178.88,177.2,77438,53679046.0,0.94,-0.67,-1.2,0.28,1.6800000000000068
2019-07-03,300251,178.4,177.2,179.12,176.48,95552,66163973.0,1.48,-0.4,-0.72,0.34,2.640000000000015
2019-07-04,300251,176.96,181.28,182.0,176.96,189383,133204652.0,2.84,2.3,4.08,0.68,5.039999999999992
2019-07-05,300251,182.0,182.49,184.41,180.8,126799,90604442.0,1.99,0.67,1.21,0.46,3.609999999999985
2019-07-08,300251,182.73,182.73,186.33,178.88,188014,133967564.0,4.08,0.13,0.24,0.68,7.450000000000017
2019-07-09,300251,182.49,190.41,190.41,181.52,308894,226170953.0,4.87,4.2,7.68,1.11,8.889999999999986
2019-07-10,300251,190.41,187.05,190.41,185.85,135901,99546233.0,2.39,-1.76,-3.36,0.49,4.560000000000002
2019-07-11,300251,188.01,186.33,189.93,185.85,153153,112099870.0,2.18,-0.38,-0.72,0.55,4.0800000000000125
2019-07-12,300251,185.61,185.13,186.33,183.21,133052,96035655.0,1.67,-0.64,-1.2,0.48,3.1200000000000045
2019-07-15,300251,182.49,192.33,194.02,182.49,383223,285106976.0,6.23,3.89,7.2,1.38,11.530000000000001
2019-07-16,300251,191.61,191.37,192.58,189.69,159487,119273467.0,1.5,-0.5,-0.96,0.57,2.890000000000015
2019-07-17,300251,191.61,190.41,194.26,190.17,156560,117736705.0,2.14,-0.5,-0.96,0.56,4.090000000000003
2019-07-18,300251,190.89,193.06,195.7,190.41,232723,176403031.0,2.78,1.39,2.65,0.84,5.289999999999992
2019-07-19,300251,193.06,198.34,198.82,192.58,260709,200651050.0,3.23,2.73,5.28,0.94,6.239999999999981
2019-07-22,300251,202.42,206.24,210.35,198.82,496657,399821792.0,5.81,3.98,7.9,1.78,11.530000000000001
2019-07-23,300251,208.43,209.39,209.63,204.83,302108,246331283.0,2.33,1.53,3.15,1.09,4.799999999999983
2019-07-24,300251,214.44,216.84,220.44,208.43,500870,421339008.0,5.74,3.56,7.45,1.8,12.009999999999991
2019-07-25,300251,216.84,221.16,221.4,214.44,411010,352580656.0,3.21,1.99,4.32,1.48,6.960000000000008
2019-07-26,300251,221.4,209.15,221.88,206.03,622648,523879264.0,7.17,-5.43,-12.01,2.24,15.849999999999994
2019-07-29,300251,216.6,213.24,225.73,210.59,1040413,893934624.0,7.24,1.96,4.09,3.74,15.139999999999986
2019-07-30,300251,218.04,219.48,224.53,214.68,728572,630358096.0,4.62,2.93,6.24,2.62,9.849999999999994
2019-07-31,300251,221.16,213.96,221.4,212.52,396903,337845712.0,4.05,-2.52,-5.52,1.43,8.879999999999995
2019-08-01,300251,214.2,222.36,222.85,212.27,539929,466803776.0,4.94,3.93,8.4,1.94,10.579999999999984
2019-08-02,300251,219.24,230.29,230.29,216.84,700376,619055344.0,6.05,3.57,7.93,2.52,13.449999999999989
2019-08-05,300251,227.65,219.72,230.05,218.04,643687,569668496.0,5.22,-4.59,-10.57,2.31,12.01000000000002
2019-08-06,300251,211.79,212.27,216.84,206.75,475534,397964016.0,4.59,-3.39,-7.45,1.71,10.090000000000003
2019-08-07,300251,213.24,212.76,216.84,210.11,232960,195766187.0,3.17,0.23,0.49,0.84,6.72999999999999
2019-08-08,300251,213.72,209.87,215.16,208.91,214290,178891980.0,2.94,-1.36,-2.89,0.77,6.25
2019-08-09,300251,212.03,214.92,217.8,209.39,304777,256992189.0,4.01,2.41,5.05,1.09,8.410000000000025
2019-08-12,300251,216.84,214.92,217.32,211.55,205646,173699123.0,2.68,0.0,0.0,0.74,5.769999999999982
2019-08-13,300251,211.55,212.52,217.8,211.07,184509,156241520.0,3.13,-1.12,-2.4,0.66,6.730000000000018
2019-08-14,300251,216.12,208.43,216.36,206.24,247740,206240343.0,4.76,-1.92,-4.09,0.89,10.120000000000005
2019-08-15,300251,202.42,207.95,209.15,201.22,219433,177165116.0,3.8,-0.23,-0.48,0.79,7.930000000000007
2019-08-16,300251,208.17,209.15,214.44,206.03,197876,163372075.0,4.04,0.58,1.2,0.71,8.409999999999997
2019-08-19,300251,213.24,220.68,224.53,213.0,436298,378094112.0,5.51,5.51,11.53,1.57,11.530000000000001
2019-08-20,300251,221.16,216.12,225.01,215.88,265544,229767915.0,4.14,-2.07,-4.56,0.95,9.129999999999995
2019-08-21,300251,215.64,213.48,219.24,212.76,177926,150888937.0,3.0,-1.22,-2.64,0.64,6.480000000000018
2019-08-22,300251,213.96,213.48,215.64,211.31,141818,119244306.0,2.03,0.0,0.0,0.51,4.329999999999984
2019-08-23,300251,213.48,214.44,215.88,211.55,125549,105903949.0,2.03,0.45,0.96,0.45,4.329999999999984
2019-08-26,300251,209.39,212.76,214.92,207.71,114336,95478030.0,3.36,-0.78,-1.68,0.41,7.2099999999999795
2019-08-27,300251,214.2,216.12,219.0,213.24,181722,155490735.0,2.71,1.58,3.36,0.65,5.759999999999991
2019-08-28,300251,216.6,221.16,223.57,213.0,226698,195659134.0,4.89,2.33,5.04,0.81,10.569999999999993
2019-08-29,300251,222.85,217.56,224.53,217.32,188081,163514004.0,3.26,-1.63,-3.6,0.68,7.210000000000008
2019-08-30,300251,221.4,217.56,222.36,214.68,166629,143879072.0,3.53,0.0,0.0,0.6,7.680000000000007
2019-09-02,300251,218.52,231.01,233.18,218.52,453955,408535344.0,6.74,6.18,13.45,1.63,14.659999999999997
2019-09-03,300251,225.73,223.81,226.69,220.68,402938,356304064.0,2.6,-3.12,-7.2,1.45,6.009999999999991
2019-09-04,300251,221.64,225.25,226.93,219.72,281435,247750178.0,3.22,0.64,1.44,1.01,7.210000000000008
2019-09-05,300251,225.25,218.04,225.97,217.32,395342,345935056.0,3.84,-3.2,-7.21,1.42,8.650000000000006
2019-09-06,300251,219.24,218.28,219.96,215.16,184291,157889823.0,2.2,0.11,0.24,0.66,4.800000000000011
2019-09-09,300251,219.0,218.28,219.0,214.68,172106,146891645.0,1.98,0.0,0.0,0.62,4.319999999999993
2019-09-10,300251,217.56,216.84,218.76,216.12,151162,129703152.0,1.21,-0.66,-1.44,0.54,2.6399999999999864
2019-09-11,300251,217.56,215.88,218.28,212.03,196906,166833341.0,2.88,-0.44,-0.96,0.71,6.25
2019-09-12,300251,215.88,217.56,219.24,215.64,160318,137852188.0,1.67,0.78,1.68,0.58,3.6000000000000227
2019-09-16,300251,218.76,219.72,221.64,217.56,171056,148361619.0,1.88,0.99,2.16,0.61,4.079999999999984
2019-09-17,300251,219.48,214.68,221.4,214.2,149052,128080008.0,3.28,-2.29,-5.04,0.54,7.200000000000017
2019-09-18,300251,214.92,213.96,217.32,213.24,110558,93769276.0,1.9,-0.34,-0.72,0.4,4.079999999999984
2019-09-19,300251,215.16,215.4,216.12,213.72,81067,68684355.0,1.12,0.67,1.44,0.29,2.4000000000000057
2019-09-20,300251,214.44,215.16,216.84,214.2,98398,83505841.0,1.23,-0.11,-0.24,0.35,2.640000000000015
2019-09-23,300251,216.12,223.33,224.53,214.68,339279,296066528.0,4.58,3.8,8.17,1.22,9.849999999999994
2019-09-24,300251,222.36,220.92,223.57,219.96,236060,206496895.0,1.62,-1.08,-2.41,0.85,3.609999999999985
2019-09-25,300251,220.44,223.57,225.73,219.48,269890,237241571.0,2.83,1.2,2.65,0.97,6.25
2019-09-26,300251,225.01,232.45,237.26,225.01,537056,492875920.0,5.48,3.97,8.88,1.93,12.25
2019-09-27,300251,234.14,239.66,240.62,228.13,445843,415749312.0,5.37,3.1,7.21,1.6,12.490000000000009
2019-09-30,300251,239.9,236.3,246.63,233.42,366989,347063152.0,5.51,-1.4,-3.36,1.32,13.210000000000008
2019-10-08,300251,234.62,219.72,234.62,219.24,402045,354184432.0,6.51,-7.02,-16.58,1.44,15.379999999999995
2019-10-09,300251,217.32,220.68,221.88,215.88,167089,144385623.0,2.73,0.44,0.96,0.6,6.0
2019-10-10,300251,221.64,219.0,221.64,218.04,140418,121650772.0,1.63,-0.76,-1.68,0.5,3.5999999999999943
2019-10-11,300251,220.44,221.16,222.85,217.56,152496,132620397.0,2.42,0.99,2.16,0.55,5.289999999999992
2019-10-14,300251,222.12,221.64,222.36,219.72,178640,155777527.0,1.19,0.22,0.48,0.64,2.640000000000015
2019-10-15,300251,222.85,216.36,222.85,215.64,188544,162555948.0,3.25,-2.38,-5.28,0.68,7.210000000000008
2019-10-16,300251,216.84,210.83,217.56,208.67,237953,198581475.0,4.11,-2.56,-5.53,0.85,8.890000000000015
2019-10-17,300251,212.27,213.0,215.64,210.83,114624,96304595.0,2.28,1.03,2.17,0.41,4.809999999999974
2019-10-18,300251,213.0,207.71,213.48,207.71,97606,80598139.0,2.71,-2.48,-5.29,0.35,5.769999999999982
2019-10-21,300251,208.91,206.99,210.11,205.55,100340,82072826.0,2.2,-0.35,-0.72,0.36,4.560000000000002
2019-10-22,300251,207.21,210.59,211.55,207.21,69572,57284854.0,2.1,1.74,3.6,0.25,4.340000000000003
2019-10-23,300251,210.59,208.43,211.07,207.47,62096,51025166.0,1.71,-1.03,-2.16,0.22,3.5999999999999943
2019-10-24,300251,207.95,208.91,212.03,203.15,87224,71929676.0,4.26,0.23,0.48,0.31,8.879999999999995
2019-10-25,300251,210.59,221.64,222.36,209.63,345864,297240208.0,6.09,6.09,12.73,1.24,12.730000000000018
2019-10-28,300251,221.4,223.57,225.01,219.24,221356,194539480.0,2.6,0.87,1.93,0.8,5.769999999999982
2019-10-29,300251,224.77,222.12,226.21,221.64,198499,175484058.0,2.04,-0.65,-1.45,0.71,4.570000000000022
2019-10-30,300251,222.61,220.68,224.77,218.76,190877,166332418.0,2.71,-0.65,-1.44,0.69,6.010000000000019
2019-10-31,300251,222.61,224.05,228.13,220.68,331080,294081744.0,3.38,1.53,3.37,1.19,7.449999999999989
2019-11-01,300251,226.69,225.73,228.85,222.85,248897,222790811.0,2.68,0.75,1.68,0.89,6.0
2019-11-04,300251,225.97,223.57,227.17,222.85,261673,232140476.0,1.91,-0.96,-2.16,0.94,4.319999999999993
2019-11-05,300251,224.29,228.13,233.18,223.81,302357,274256752.0,4.19,2.04,4.56,1.09,9.370000000000005
2019-11-06,300251,226.21,230.05,233.42,226.21,230174,210240098.0,3.16,0.84,1.92,0.83,7.2099999999999795
2019-11-07,300251,230.53,235.58,237.02,229.09,245786,228137310.0,3.45,2.4,5.53,0.88,7.930000000000007
2019-11-08,300251,236.06,236.06,239.42,234.14,210416,197311344.0,2.24,0.2,0.48,0.76,5.280000000000001
2019-11-11,300251,233.66,235.34,240.38,232.7,239782,225539658.0,3.25,-0.31,-0.72,0.86,7.680000000000007
2019-11-12,300251,236.78,237.5,239.42,231.25,253192,236957668.0,3.47,0.92,2.16,0.91,8.169999999999987
2019-11-13,300251,236.78,237.02,240.62,235.58,150059,141444338.0,2.12,-0.2,-0.48,0.54,5.039999999999992
2019-11-14,300251,238.22,242.3,246.87,238.22,256556,247253099.0,3.65,2.23,5.28,0.92,8.650000000000006
2019-11-15,300251,241.34,241.58,245.67,240.38,178308,171624851.0,2.18,-0.3,-0.72,0.64,5.289999999999992
2019-11-18,300251,241.82,247.35,251.91,241.34,361091,355634816.0,4.38,2.39,5.77,1.3,10.569999999999993
2019-11-19,300251,248.07,257.68,258.4,246.39,418772,422339616.0,4.86,4.18,10.33,1.5,12.009999999999991
2019-11-20,300251,257.68,250.71,259.6,249.99,323001,325235952.0,3.73,-2.7,-6.97,1.16,9.610000000000014
2019-11-21,300251,252.39,260.32,268.25,250.71,452849,468419376.0,7.0,3.83,9.61,1.63,17.539999999999992
2019-11-22,300251,258.88,253.12,263.69,250.71,345343,351127088.0,4.99,-2.77,-7.2,1.24,12.97999999999999
2019-11-25,300251,251.43,252.15,256.0,248.31,247135,247197027.0,3.04,-0.38,-0.97,0.89,7.689999999999998
2019-11-26,300251,252.39,255.76,263.45,249.99,450240,462766416.0,5.34,1.43,3.61,1.62,13.45999999999998
2019-11-27,300251,258.4,255.04,263.21,253.12,274294,280493984.0,3.95,-0.28,-0.72,0.99,10.089999999999975
2019-11-28,300251,253.6,249.27,255.28,246.15,380622,376830176.0,3.58,-2.26,-5.77,1.37,9.129999999999995
2019-11-29,300251,250.23,250.47,251.19,246.63,190275,188253283.0,1.83,0.48,1.2,0.68,4.560000000000002
2019-12-02,300251,247.11,250.23,252.64,246.63,173992,172507336.0,2.4,-0.1,-0.24,0.63,6.009999999999991
2019-12-03,300251,249.03,251.19,252.88,242.3,264551,260022848.0,4.23,0.38,0.96,0.95,10.579999999999984
2019-12-04,300251,249.75,249.03,253.12,247.35,163536,162077453.0,2.3,-0.86,-2.16,0.59,5.77000000000001
2019-12-05,300251,249.03,249.27,250.95,245.19,188240,185601740.0,2.31,0.1,0.24,0.68,5.759999999999991
2019-12-06,300251,249.75,258.16,259.12,246.87,346595,349967088.0,4.91,3.57,8.89,1.25,12.25
2019-12-09,300251,257.92,258.88,261.76,255.52,290135,298870672.0,2.42,0.28,0.72,1.04,6.239999999999981
2019-12-10,300251,259.12,273.06,276.42,256.96,512936,549219632.0,7.52,5.48,14.18,1.84,19.460000000000036
2019-12-11,300251,275.46,272.09,277.38,269.21,331545,361384256.0,2.99,-0.36,-0.97,1.19,8.170000000000016
2019-12-12,300251,274.02,273.54,279.54,269.69,325084,355683664.0,3.62,0.53,1.45,1.17,9.850000000000023
2019-12-13,300251,275.94,283.87,285.31,273.54,456900,511609088.0,4.3,3.78,10.33,1.64,11.769999999999982
2019-12-16,300251,284.59,294.92,299.0,280.74,450596,524018624.0,6.43,3.89,11.05,1.62,18.25999999999999
2019-12-17,300251,293.72,295.64,297.08,291.31,302952,356639568.0,1.96,0.24,0.72,1.09,5.769999999999982
2019-12-18,300251,292.51,294.92,297.8,288.91,256272,300510768.0,3.01,-0.24,-0.72,0.92,8.889999999999986
2019-12-19,300251,294.92,304.77,309.33,293.72,374248,455278560.0,5.29,3.34,9.85,1.34,15.609999999999957
2019-12-20,300251,305.49,304.53,306.21,300.2,242411,294305040.0,1.97,-0.08,-0.24,0.87,6.009999999999991
2019-12-23,300251,302.12,289.87,302.12,288.67,370468,435306064.0,4.42,-4.81,-14.66,1.33,13.449999999999989
2019-12-24,300251,293.0,296.36,299.0,287.23,222081,260650176.0,4.06,2.24,6.49,0.8,11.769999999999982
2019-12-25,300251,295.88,297.08,301.64,293.72,154738,184318326.0,2.67,0.24,0.72,0.56,7.919999999999959
2019-12-26,300251,297.32,298.04,302.12,293.24,174592,207791396.0,2.99,0.32,0.96,0.63,8.879999999999995
2019-12-27,300251,296.84,289.39,299.96,289.15,276492,324696064.0,3.63,-2.9,-8.65,0.99,10.810000000000002
2019-12-30,300251,287.95,292.76,296.6,287.95,220870,258126221.0,2.99,1.16,3.37,0.79,8.650000000000034
2019-12-31,300251,292.27,294.92,298.28,285.55,321420,374800992.0,4.35,0.74,2.16,1.15,12.729999999999961
