日期,开盘,收盘,最高,最低,成交量,成交额,振幅,涨跌幅,涨跌额,换手率,volatility
2010-01-04,3592.47,3535.23,3597.75,3535.23,66101080,93419838921.0,1.75,-1.13,-40.45,0.2,62.51999999999998
2010-01-05,3545.19,3564.04,3577.53,3497.66,85809641,128302442618.0,2.26,0.81,28.81,0.26,79.87000000000035
2010-01-06,3558.7,3541.73,3588.83,3541.17,78473125,121045989916.0,1.34,-0.63,-22.31,0.24,47.659999999999854
2010-01-07,3543.16,3471.46,3558.56,3452.77,80350037,120436166283.0,2.99,-1.98,-70.27,0.25,105.78999999999996
2010-01-08,3456.91,3480.13,3482.08,3426.7,60790253,90190959969.0,1.6,0.25,8.67,0.19,55.38000000000011
2010-01-11,3593.11,3482.05,3594.53,3465.32,89980172,134114001104.0,3.71,0.06,1.92,0.28,129.21000000000004
2010-01-12,3477.84,3534.92,3535.41,3437.66,93743278,134071416354.0,2.81,1.52,52.87,0.29,97.75
2010-01-13,3448.29,3421.14,3490.11,3415.69,112457901,159860384574.0,2.11,-3.22,-113.78,0.34,74.42000000000007
2010-01-14,3433.47,3469.05,3470.32,3411.81,83353252,118107870086.0,1.71,1.4,47.91,0.26,58.51000000000022
2010-01-15,3472.52,3482.74,3500.07,3448.66,72543102,104035175785.0,1.48,0.39,13.69,0.22,51.41000000000031
2010-01-18,3471.78,3500.68,3501.26,3458.04,82854307,117884258544.0,1.24,0.52,17.94,0.25,43.220000000000255
2010-01-19,3506.81,3507.48,3528.39,3497.09,74883232,108023525533.0,0.89,0.19,6.8,0.23,31.299999999999727
2010-01-20,3512.25,3394.43,3515.45,3387.82,92495146,128416164613.0,3.64,-3.22,-113.05,0.28,127.62999999999965
2010-01-21,3397.04,3408.57,3425.18,3364.72,70595068,100076607006.0,1.78,0.42,14.14,0.22,60.460000000000036
2010-01-22,3364.45,3366.2,3390.8,3293.19,88933404,119197815814.0,2.86,-1.24,-42.37,0.27,97.61000000000013
2010-01-25,3340.01,3328.01,3372.43,3326.27,56849171,76626626843.0,1.37,-1.13,-38.19,0.17,46.159999999999854
2010-01-26,3328.11,3242.8,3341.2,3222.14,61752231,81586059213.0,3.58,-2.56,-85.21,0.19,119.05999999999995
2010-01-27,3243.04,3198.57,3255.12,3183.36,52691394,70540273182.0,2.21,-1.36,-44.23,0.16,71.75999999999976
2010-01-28,3195.29,3206.57,3220.31,3168.46,46990716,64082115658.0,1.62,0.25,8.0,0.14,51.84999999999991
2010-01-29,3190.31,3204.16,3249.46,3176.92,50262613,68018118702.0,2.26,-0.08,-2.41,0.15,72.53999999999996
2010-02-01,3198.23,3152.71,3198.31,3116.44,57001380,75982150475.0,2.56,-1.61,-51.45,0.17,81.86999999999989
2010-02-02,3170.78,3146.19,3211.94,3143.08,50130033,68318412373.0,2.18,-0.21,-6.52,0.15,68.86000000000013
2010-02-03,3160.71,3230.72,3231.1,3094.57,64798894,87536249983.0,4.34,2.69,84.53,0.2,136.52999999999975
2010-02-04,3206.43,3218.8,3242.52,3190.44,58972726,75466552963.0,1.61,-0.37,-11.92,0.18,52.07999999999993
2010-02-05,3147.72,3153.09,3177.42,3129.92,59105845,73693132366.0,1.48,-2.04,-65.71,0.18,47.5
2010-02-08,3152.25,3150.99,3172.31,3133.81,37355951,47902429250.0,1.22,-0.07,-2.1,0.11,38.5
2010-02-09,3147.76,3169.19,3178.95,3144.48,35953158,45222660374.0,1.09,0.58,18.2,0.11,34.4699999999998
2010-02-10,3195.14,3214.13,3214.46,3182.83,34219894,48152144637.0,1.0,1.42,44.94,0.1,31.63000000000011
2010-02-11,3216.69,3220.4,3238.35,3207.17,35791052,46999712971.0,0.97,0.2,6.27,0.11,31.179999999999836
2010-02-12,3232.88,3251.28,3253.2,3228.74,34058238,46703220577.0,0.76,0.96,30.88,0.1,24.460000000000036
2010-02-22,3248.95,3233.34,3261.95,3232.78,38283772,49981333658.0,0.9,-0.55,-17.94,0.12,29.169999999999618
2010-02-23,3225.39,3198.63,3225.39,3152.93,42742898,62386076936.0,2.24,-1.07,-34.71,0.13,72.46000000000004
2010-02-24,3177.08,3244.48,3244.82,3165.13,49989437,64414097361.0,2.49,1.43,45.85,0.15,79.69000000000005
2010-02-25,3252.15,3292.13,3294.14,3249.33,67586617,89485801632.0,1.38,1.47,47.65,0.21,44.809999999999945
2010-02-26,3286.09,3281.67,3301.15,3273.69,52107288,70171666128.0,0.83,-0.32,-10.46,0.16,27.460000000000036
2010-03-01,3290.01,3324.42,3330.38,3287.56,60504520,81205689009.0,1.3,1.3,42.75,0.19,42.820000000000164
2010-03-02,3327.1,3311.24,3339.89,3299.69,57034374,76233992315.0,1.21,-0.4,-13.18,0.17,40.19999999999982
2010-03-03,3313.02,3335.08,3335.65,3293.92,60622732,78442132954.0,1.26,0.72,23.84,0.19,41.73000000000002
2010-03-04,3338.67,3250.57,3345.91,3244.98,69346810,89462913752.0,3.03,-2.53,-84.51,0.21,100.92999999999984
2010-03-05,3253.16,3259.76,3276.4,3239.68,45629138,59621178434.0,1.13,0.28,9.19,0.14,36.720000000000255
2010-03-08,3268.4,3286.18,3293.93,3258.03,41540876,54686555117.0,1.1,0.81,26.42,0.13,35.899999999999636
2010-03-09,3285.62,3305.86,3322.51,3255.98,54199486,71971297725.0,2.02,0.6,19.68,0.17,66.5300000000002
2010-03-10,3304.04,3279.69,3321.08,3267.76,46421079,61760429281.0,1.61,-0.79,-26.17,0.14,53.31999999999971
2010-03-11,3282.2,3276.71,3303.49,3251.7,47487754,63732658851.0,1.58,-0.09,-2.98,0.15,51.789999999999964
2010-03-12,3277.31,3233.13,3284.26,3232.12,39957344,52611210820.0,1.59,-1.33,-43.58,0.12,52.14000000000033
2010-03-15,3231.22,3183.18,3234.82,3171.8,37844304,49219898122.0,1.95,-1.54,-49.95,0.12,63.01999999999998
2010-03-16,3183.77,3203.97,3204.29,3169.1,30847780,41510426396.0,1.11,0.65,20.79,0.09,35.190000000000055
2010-03-17,3214.22,3273.92,3274.0,3207.27,45800934,62587395428.0,2.08,2.18,69.95,0.14,66.73000000000002
2010-03-18,3277.88,3267.55,3295.37,3256.59,46948013,62509130228.0,1.18,-0.19,-6.37,0.14,38.779999999999745
2010-03-19,3270.98,3293.87,3296.41,3251.14,46062187,62114230718.0,1.39,0.81,26.32,0.14,45.26999999999998
2010-03-22,3297.82,3302.63,3313.92,3288.51,49439462,65652976792.0,0.77,0.27,8.76,0.15,25.409999999999854
2010-03-23,3305.55,3275.57,3309.12,3272.92,46539536,62145531443.0,1.1,-0.82,-27.06,0.14,36.19999999999982
2010-03-24,3282.05,3276.67,3298.54,3271.03,44547966,58330301241.0,0.84,0.03,1.1,0.14,27.509999999999764
2010-03-25,3270.39,3229.13,3270.39,3222.82,44984285,58604759567.0,1.45,-1.45,-47.54,0.14,47.56999999999971
2010-03-26,3226.8,3275.0,3285.39,3220.59,47444965,61592843185.0,2.01,1.42,45.87,0.15,64.79999999999973
2010-03-29,3295.76,3358.54,3363.6,3293.67,84724910,110326973484.0,2.14,2.55,83.54,0.26,69.92999999999984
2010-03-30,3361.35,3366.71,3372.26,3350.31,56436980,78682669413.0,0.65,0.24,8.17,0.17,21.950000000000273
2010-03-31,3369.19,3345.61,3369.9,3338.75,53124287,72120886278.0,0.93,-0.63,-21.1,0.16,31.15000000000009
2010-04-01,3349.88,3391.94,3392.48,3349.88,67772669,92360495841.0,1.27,1.38,46.33,0.21,42.59999999999991
2010-04-02,3400.14,3407.35,3412.2,3391.81,69073452,99040760060.0,0.6,0.45,15.41,0.21,20.389999999999873
2010-04-06,3422.85,3405.15,3436.29,3386.89,65191710,93985883918.0,1.45,-0.06,-2.2,0.2,49.40000000000009
2010-04-07,3403.09,3386.95,3404.58,3369.02,54011228,76733159936.0,1.04,-0.53,-18.2,0.17,35.559999999999945
2010-04-08,3381.31,3346.74,3381.31,3336.16,62185322,89317468603.0,1.33,-1.19,-40.21,0.19,45.15000000000009
2010-04-09,3348.77,3379.17,3379.4,3342.47,51280567,75590356319.0,1.1,0.97,32.43,0.16,36.93000000000029
2010-04-12,3388.35,3351.48,3393.56,3330.3,74565150,105996609644.0,1.87,-0.82,-27.69,0.23,63.25999999999976
2010-04-13,3350.73,3391.72,3401.71,3324.05,79907695,116440339286.0,2.32,1.2,40.24,0.24,77.65999999999985
2010-04-14,3394.64,3403.71,3404.52,3377.44,60306131,90787568716.0,0.8,0.35,11.99,0.18,27.079999999999927
2010-04-15,3407.02,3394.57,3412.94,3365.88,61051685,88700235636.0,1.38,-0.27,-9.14,0.19,47.059999999999945
2010-04-16,3388.29,3356.33,3388.29,3348.78,47140368,67235596653.0,1.16,-1.13,-38.24,0.14,39.50999999999976
2010-04-19,3313.5,3176.42,3313.5,3175.44,88416300,118855971989.0,4.11,-5.36,-179.91,0.27,138.05999999999995
2010-04-20,3176.41,3173.37,3196.65,3130.96,64137859,88005965691.0,2.07,-0.1,-3.05,0.2,65.69000000000005
2010-04-21,3178.88,3236.68,3237.54,3164.76,66928331,93373377791.0,2.29,2.0,63.31,0.2,72.77999999999975
2010-04-22,3222.68,3201.54,3231.99,3177.73,71081688,98970386343.0,1.68,-1.09,-35.14,0.22,54.25999999999976
2010-04-23,3198.78,3190.0,3224.74,3172.58,61252679,92115669956.0,1.63,-0.36,-11.54,0.19,52.159999999999854
2010-04-26,3195.46,3172.0,3207.72,3168.37,50894199,74959121055.0,1.23,-0.56,-18.0,0.16,39.34999999999991
2010-04-27,3163.1,3108.41,3163.1,3060.85,65296574,88058360562.0,3.22,-2.0,-63.59,0.2,102.25
2010-04-28,3080.32,3097.35,3122.11,3062.08,45995406,65484924588.0,1.93,-0.36,-11.06,0.14,60.0300000000002
2010-04-29,3114.94,3060.06,3130.7,3059.8,48260971,69250868103.0,2.29,-1.2,-37.29,0.15,70.89999999999964
2010-04-30,3060.12,3067.36,3068.13,3014.07,54477881,73190884013.0,1.77,0.24,7.3,0.17,54.059999999999945
2010-05-04,3005.49,3019.45,3056.08,2994.92,41248610,54558607131.0,1.99,-1.56,-47.91,0.13,61.159999999999854
2010-05-05,2981.78,3036.39,3036.86,2943.36,59670441,80835340414.0,3.1,0.56,16.94,0.18,93.5
2010-05-06,3014.91,2896.86,3014.91,2895.39,58770413,81502262034.0,3.94,-4.6,-139.53,0.18,119.51999999999998
2010-05-07,2835.88,2836.79,2892.53,2817.15,61119399,79147499714.0,2.6,-2.07,-60.07,0.19,75.38000000000011
2010-05-10,2842.37,2858.23,2872.31,2798.52,50209173,64909188147.0,2.6,0.76,21.44,0.15,73.78999999999996
2010-05-11,2916.33,2800.82,2922.12,2790.7,58363490,73894666754.0,4.6,-2.01,-57.41,0.18,131.42000000000007
2010-05-12,2781.71,2818.16,2832.15,2756.42,53002271,64693988243.0,2.7,0.62,17.34,0.16,75.73000000000002
2010-05-13,2818.58,2886.91,2886.97,2811.66,55145778,67486536614.0,2.67,2.44,68.75,0.17,75.30999999999995
2010-05-14,2865.58,2868.02,2888.09,2849.24,42498719,55175291043.0,1.35,-0.65,-18.89,0.13,38.850000000000364
2010-05-17,2828.88,2714.72,2828.88,2712.44,52166847,62395513473.0,4.06,-5.35,-153.3,0.16,116.44000000000005
2010-05-18,2711.41,2771.35,2781.84,2686.97,54509671,62746245805.0,3.49,2.09,56.63,0.17,94.87000000000035
2010-05-19,2748.95,2762.17,2803.7,2723.3,45576221,54656401336.0,2.9,-0.33,-9.18,0.14,80.39999999999964
2010-05-20,2739.22,2726.02,2793.88,2721.07,42174803,52677914862.0,2.64,-1.31,-36.15,0.13,72.80999999999995
2010-05-21,2656.42,2768.79,2769.09,2647.6,54475383,63501808937.0,4.46,1.57,42.77,0.17,121.49000000000024
2010-05-24,2787.75,2873.47,2886.37,2787.75,74502338,89961882752.0,3.56,3.78,104.68,0.23,98.61999999999989
2010-05-25,2851.26,2813.94,2855.33,2798.02,55168327,67954988050.0,1.99,-2.07,-59.53,0.17,57.309999999999945
2010-05-26,2814.44,2813.94,2839.03,2797.63,39858564,48495603059.0,1.47,0.0,0.0,0.12,41.40000000000009
2010-05-27,2808.05,2859.98,2866.86,2771.59,53445209,65266773667.0,3.39,1.64,46.04,0.16,95.26999999999998
2010-05-28,2885.86,2850.3,2893.69,2835.07,51534989,64342505421.0,2.05,-0.34,-9.68,0.16,58.61999999999989
2010-05-31,2835.33,2773.26,2857.42,2772.79,46216854,56695803642.0,2.97,-2.7,-77.04,0.14,84.63000000000011
2010-06-01,2755.28,2744.16,2782.29,2710.59,44851426,53230913831.0,2.59,-1.05,-29.1,0.14,71.69999999999982
2010-06-02,2729.33,2757.53,2757.91,2700.07,39587020,46364229493.0,2.11,0.49,13.37,0.12,57.83999999999969
2010-06-03,2769.1,2736.08,2787.51,2735.7,39587258,47143262922.0,1.88,-0.78,-21.45,0.12,51.8100000000004
2010-06-04,2721.36,2744.39,2748.48,2713.09,32746291,39858363381.0,1.29,0.3,8.31,0.1,35.38999999999987
2010-06-07,2692.83,2695.72,2716.4,2673.34,39541993,47062703369.0,1.57,-1.77,-48.67,0.12,43.059999999999945
2010-06-08,2694.11,2699.34,2720.59,2672.06,35140182,42677104255.0,1.8,0.13,3.62,0.11,48.5300000000002
2010-06-09,2711.64,2782.13,2787.82,2687.33,60209533,70710080539.0,3.72,3.07,82.79,0.18,100.49000000000024
2010-06-10,2755.94,2750.02,2776.26,2746.11,42906334,50312244286.0,1.08,-1.15,-32.11,0.13,30.15000000000009
2010-06-11,2766.2,2758.87,2782.09,2755.95,40558585,48871478557.0,0.95,0.32,8.85,0.12,26.140000000000327
2010-06-17,2778.53,2742.73,2784.92,2742.64,32612356,40293233998.0,1.53,-0.59,-16.14,0.1,42.2800000000002
2010-06-18,2739.03,2696.17,2755.84,2686.61,41808344,50256350918.0,2.52,-1.7,-46.56,0.13,69.23000000000002
2010-06-21,2698.98,2780.66,2784.47,2686.32,55261482,62809190519.0,3.64,3.13,84.49,0.17,98.14999999999964
2010-06-22,2772.89,2783.72,2795.32,2766.44,39096052,45207207792.0,1.04,0.11,3.06,0.12,28.88000000000011
2010-06-23,2768.7,2758.5,2788.22,2734.05,35600350,41600240721.0,1.95,-0.91,-25.22,0.11,54.16999999999962
2010-06-24,2753.71,2757.5,2783.51,2739.81,29220682,33772857040.0,1.58,-0.04,-1.0,0.09,43.70000000000027
2010-06-25,2744.12,2736.29,2759.45,2715.66,30671782,34649179151.0,1.59,-0.77,-21.21,0.09,43.789999999999964
2010-06-28,2734.51,2716.78,2751.46,2710.09,27710044,31198277084.0,1.51,-0.71,-19.51,0.08,41.36999999999989
2010-06-29,2717.47,2592.02,2724.23,2591.69,48758552,50635969685.0,4.88,-4.59,-124.76,0.15,132.53999999999996
2010-06-30,2572.91,2563.07,2575.82,2546.84,35698794,35809892277.0,1.12,-1.12,-28.95,0.11,28.980000000000018
2010-07-01,2557.92,2526.07,2574.1,2524.57,32857646,32478457404.0,1.93,-1.44,-37.0,0.1,49.529999999999745
2010-07-02,2523.03,2534.1,2542.12,2462.2,44914100,43367318435.0,3.16,0.32,8.03,0.14,79.92000000000007
2010-07-05,2507.35,2512.65,2529.43,2476.49,32178574,30922298985.0,2.09,-0.85,-21.45,0.1,52.940000000000055
2010-07-06,2504.87,2562.9,2563.41,2502.93,39714762,38976836519.0,2.41,2.0,50.25,0.12,60.48000000000002
2010-07-07,2561.11,2580.48,2580.61,2548.56,35720909,37059898462.0,1.25,0.69,17.58,0.11,32.05000000000018
2010-07-08,2591.51,2575.92,2602.23,2564.64,34056966,35348760455.0,1.46,-0.18,-4.56,0.1,37.590000000000146
2010-07-09,2578.55,2647.1,2662.16,2557.26,58493045,61470066938.0,4.07,2.76,71.18,0.18,104.89999999999964
2010-07-12,2647.42,2676.22,2689.81,2636.65,58462491,63462262470.0,2.01,1.1,29.12,0.18,53.159999999999854
2010-07-13,2649.66,2634.59,2649.66,2618.34,43228506,45125109071.0,1.17,-1.56,-41.63,0.13,31.31999999999971
2010-07-14,2640.93,2653.61,2684.62,2640.54,46688860,49497106670.0,1.67,0.72,19.02,0.14,44.07999999999993
2010-07-15,2650.33,2608.52,2680.44,2607.79,40440459,41444710868.0,2.74,-1.7,-45.09,0.12,72.65000000000009
2010-07-16,2597.0,2616.13,2621.33,2573.79,35063302,35422326209.0,1.82,0.29,7.61,0.11,47.539999999999964
2010-07-19,2592.09,2682.47,2691.94,2585.01,53868070,59826125817.0,4.09,2.54,66.34,0.16,106.92999999999984
2010-07-20,2685.46,2741.5,2746.24,2685.46,73128345,80958216794.0,2.27,2.2,59.03,0.22,60.779999999999745
2010-07-21,2744.7,2747.33,2766.21,2733.72,70757092,73734684585.0,1.19,0.21,5.83,0.22,32.49000000000024
2010-07-22,2738.03,2781.29,2783.14,2734.07,61064806,63576603000.0,1.79,1.24,33.96,0.19,49.06999999999971
2010-07-23,2787.52,2793.08,2806.98,2769.44,64518565,70423335023.0,1.35,0.42,11.79,0.2,37.539999999999964
2010-07-26,2798.76,2811.05,2811.95,2775.78,53580026,59848905278.0,1.29,0.64,17.97,0.16,36.16999999999962
2010-07-27,2803.75,2795.72,2812.21,2785.37,49799884,55963991462.0,0.95,-0.55,-15.33,0.15,26.840000000000146
2010-07-28,2796.48,2863.72,2866.4,2784.16,79985954,84516845765.0,2.94,2.43,68.0,0.24,82.24000000000024
2010-07-29,2866.77,2877.98,2888.6,2852.0,95965409,92278224492.0,1.28,0.5,14.26,0.29,36.59999999999991
2010-07-30,2871.48,2868.85,2876.14,2844.68,62575591,65224482367.0,1.09,-0.32,-9.13,0.19,31.460000000000036
2010-08-02,2868.28,2917.27,2922.61,2867.45,71743300,73569074427.0,1.92,1.69,48.42,0.22,55.16000000000031
2010-08-03,2925.25,2865.97,2929.61,2865.76,81748364,86870574135.0,2.19,-1.76,-51.3,0.25,63.84999999999991
2010-08-04,2858.35,2876.43,2876.59,2818.25,71318039,75670144265.0,2.04,0.36,10.46,0.22,58.340000000000146
2010-08-05,2874.66,2850.83,2877.31,2833.67,67157581,73038457567.0,1.52,-0.89,-25.6,0.21,43.63999999999987
2010-08-06,2848.16,2897.66,2898.53,2821.03,74914895,82145150913.0,2.72,1.64,46.83,0.23,77.5
2010-08-09,2894.1,2918.24,2922.62,2888.04,74726391,83431980844.0,1.19,0.71,20.58,0.23,34.57999999999993
2010-08-10,2920.4,2832.64,2925.3,2832.08,78435034,84283699448.0,3.19,-2.93,-85.6,0.24,93.22000000000025
2010-08-11,2823.15,2850.21,2864.36,2823.15,54979133,58786302173.0,1.45,0.62,17.57,0.17,41.210000000000036
2010-08-12,2822.79,2816.39,2860.37,2810.1,59893227,65825613506.0,1.76,-1.19,-33.82,0.18,50.26999999999998
2010-08-13,2818.41,2855.55,2856.04,2799.22,58507721,62923747790.0,2.02,1.39,39.16,0.18,56.820000000000164
2010-08-16,2851.22,2922.08,2927.69,2843.02,81068043,91427507573.0,2.97,2.33,66.53,0.25,84.67000000000007
2010-08-17,2927.26,2942.29,2949.73,2917.83,76452912,86700542871.0,1.09,0.69,20.21,0.23,31.90000000000009
2010-08-18,2945.98,2937.36,2962.75,2924.67,70747600,80832368101.0,1.29,-0.17,-4.93,0.22,38.07999999999993
2010-08-19,2940.77,2955.4,2975.19,2928.01,76924865,91734587115.0,1.61,0.61,18.04,0.24,47.179999999999836
2010-08-20,2943.33,2898.33,2951.96,2892.64,71663306,82298173112.0,2.01,-1.93,-57.07,0.22,59.320000000000164
2010-08-23,2895.71,2896.19,2920.54,2886.66,48915517,57772779300.0,1.17,-0.07,-2.14,0.15,33.88000000000011
2010-08-24,2892.13,2911.83,2933.12,2866.8,61093796,65036592635.0,2.29,0.54,15.64,0.19,66.31999999999971
2010-08-25,2893.99,2843.02,2904.66,2842.25,63610621,67048224427.0,2.14,-2.36,-68.81,0.19,62.409999999999854
2010-08-26,2853.1,2850.09,2868.88,2836.13,48670442,51862922913.0,1.15,0.25,7.07,0.15,32.75
2010-08-27,2847.45,2858.57,2861.07,2833.42,40789582,46699343358.0,0.97,0.3,8.48,0.12,27.65000000000009
2010-08-30,2874.25,2915.01,2921.08,2872.92,65749882,77341616491.0,1.68,1.97,56.44,0.2,48.159999999999854
2010-08-31,2905.15,2903.19,2910.06,2889.81,65766104,79976347302.0,0.69,-0.41,-11.82,0.2,20.25
2010-09-01,2907.66,2884.04,2931.76,2859.17,76975578,87931887194.0,2.5,-0.66,-19.15,0.24,72.59000000000015
2010-09-02,2917.74,2921.39,2931.55,2903.03,70700851,88923142593.0,0.99,1.3,37.35,0.22,28.519999999999982
2010-09-03,2926.94,2920.21,2929.55,2891.88,72641027,87724829649.0,1.29,-0.04,-1.18,0.22,37.67000000000007
2010-09-06,2935.89,2975.09,2980.42,2935.89,93855681,110466116424.0,1.52,1.88,54.88,0.29,44.5300000000002
2010-09-07,2979.3,2983.11,2991.44,2959.9,73519361,85488193860.0,1.06,0.27,8.02,0.23,31.539999999999964
2010-09-08,2970.0,2980.97,2982.72,2953.84,72872002,92660879129.0,0.97,-0.07,-2.14,0.22,28.879999999999654
2010-09-09,2986.87,2926.46,2986.87,2922.2,81395554,103248280132.0,2.17,-1.83,-54.51,0.25,64.67000000000007
2010-09-10,2928.0,2932.55,2940.79,2890.03,65086704,83743163807.0,1.73,0.21,6.09,0.2,50.75999999999976
2010-09-13,2933.59,2962.32,2977.08,2925.42,67279900,87536178972.0,1.76,1.02,29.77,0.21,51.659999999999854
2010-09-14,2971.55,2965.01,2984.47,2954.51,70105903,87204421695.0,1.01,0.09,2.69,0.21,29.95999999999958
2010-09-15,2965.54,2913.19,2965.54,2905.63,71619642,86445964329.0,2.02,-1.75,-51.82,0.22,59.909999999999854
2010-09-16,2908.32,2857.79,2917.85,2834.03,74074284,84198375910.0,2.88,-1.9,-55.4,0.23,83.81999999999971
2010-09-17,2864.72,2861.37,2877.08,2847.68,51938867,62466326737.0,1.03,0.13,3.58,0.16,29.40000000000009
2010-09-20,2865.04,2849.83,2872.22,2829.76,50283104,57582985440.0,1.48,-0.4,-11.54,0.15,42.45999999999958
2010-09-21,2859.43,2857.48,2869.38,2844.12,35751881,44742025248.0,0.89,0.27,7.65,0.11,25.26000000000022
2010-09-27,2869.93,2905.03,2905.53,2864.21,49071823,62611534184.0,1.45,1.66,47.55,0.15,41.320000000000164
2010-09-28,2900.54,2880.91,2900.54,2875.66,58660826,80859749613.0,0.86,-0.83,-24.12,0.18,24.88000000000011
2010-09-29,2877.27,2874.81,2908.73,2866.85,56782236,74516021987.0,1.45,-0.21,-6.1,0.17,41.88000000000011
2010-09-30,2859.06,2935.57,2935.59,2857.42,63000247,80709727516.0,2.72,2.11,60.76,0.19,78.17000000000007
2010-10-08,2965.65,3044.23,3055.84,2963.24,99994720,134986634589.0,3.15,3.7,108.66,0.31,92.60000000000036
2010-10-11,3069.19,3132.9,3154.2,3069.19,158734904,212607066630.0,2.79,2.91,88.67,0.49,85.00999999999976
2010-10-12,3121.64,3172.73,3173.85,3106.22,127361705,178245219770.0,2.16,1.27,39.83,0.39,67.63000000000011
2010-10-13,3176.89,3217.58,3221.65,3165.58,144607773,195444719896.0,1.77,1.41,44.85,0.44,56.070000000000164
2010-10-14,3245.13,3224.14,3286.02,3215.03,179611838,227654458634.0,2.21,0.2,6.56,0.55,70.98999999999978
2010-10-15,3204.72,3327.68,3327.68,3199.12,193414140,245619296303.0,3.99,3.21,103.54,0.59,128.55999999999995
2010-10-18,3345.8,3306.16,3390.01,3288.78,217882051,267884370339.0,3.04,-0.65,-21.52,0.67,101.23000000000002
2010-10-19,3300.52,3375.67,3375.87,3280.0,130441791,165488914490.0,2.9,2.1,69.51,0.4,95.86999999999989
2010-10-20,3304.22,3396.88,3439.23,3301.01,166528460,235372057455.0,4.09,0.63,21.21,0.51,138.2199999999998
2010-10-21,3404.72,3374.69,3418.09,3344.96,123883245,175383712722.0,2.15,-0.65,-22.19,0.38,73.13000000000011
2010-10-22,3365.6,3378.66,3408.49,3346.11,116361857,163153618542.0,1.85,0.12,3.97,0.36,62.379999999999654
2010-10-25,3386.85,3481.08,3481.35,3366.43,145433105,208809404746.0,3.4,3.03,102.42,0.45,114.92000000000007
2010-10-26,3491.47,3466.08,3499.82,3436.46,142636999,205216457176.0,1.82,-0.43,-15.0,0.44,63.36000000000013
2010-10-27,3451.43,3403.87,3490.22,3398.09,123761570,177072552070.0,2.66,-1.79,-62.21,0.38,92.12999999999965
2010-10-28,3390.43,3397.69,3420.89,3371.44,98349456,141135882042.0,1.45,-0.18,-6.18,0.3,49.44999999999982
2010-10-29,3400.26,3379.98,3404.6,3351.6,100458970,145528365885.0,1.56,-0.52,-17.71,0.31,53.0
2010-11-01,3390.41,3473.0,3473.0,3390.41,126269148,186725762506.0,2.44,2.75,93.02,0.39,82.59000000000015
2010-11-02,3484.23,3463.13,3522.18,3449.72,154911450,233976228513.0,2.09,-0.28,-9.87,0.47,72.46000000000004
2010-11-03,3462.74,3420.34,3474.71,3419.08,126359303,178803329799.0,1.61,-1.24,-42.79,0.39,55.63000000000011
2010-11-04,3426.46,3480.5,3480.93,3419.64,116799481,164721393800.0,1.79,1.76,60.16,0.36,61.289999999999964
2010-11-05,3538.99,3520.8,3554.47,3498.28,137688027,196618041454.0,1.61,1.16,40.3,0.42,56.1899999999996
2010-11-08,3534.19,3548.57,3549.3,3506.38,126470759,174067581795.0,1.22,0.79,27.77,0.39,42.92000000000007
2010-11-09,3547.44,3523.95,3547.44,3498.62,122454533,170174876748.0,1.38,-0.69,-24.62,0.38,48.820000000000164
2010-11-10,3507.2,3499.11,3508.27,3470.97,120078578,176529783278.0,1.06,-0.7,-24.84,0.37,37.30000000000018
2010-11-11,3490.74,3509.98,3557.99,3484.89,138976233,209121524845.0,2.09,0.31,10.87,0.43,73.09999999999991
2010-11-12,3484.61,3291.83,3497.06,3284.35,160733850,224200791087.0,6.06,-6.22,-218.15,0.49,212.71000000000004
2010-11-15,3298.74,3314.89,3319.98,3241.76,102315724,144492952434.0,2.38,0.7,23.06,0.31,78.2199999999998
2010-11-16,3311.62,3169.54,3311.62,3155.48,108307072,154278113336.0,4.71,-4.38,-145.35,0.33,156.13999999999987
2010-11-17,3124.11,3103.91,3168.93,3087.51,83258080,118981231625.0,2.57,-2.07,-65.63,0.26,81.41999999999962
2010-11-18,3134.94,3147.96,3158.63,3097.39,65697292,94476115838.0,1.97,1.42,44.05,0.2,61.24000000000024
2010-11-19,3168.17,3178.85,3178.85,3076.21,83347654,114672977294.0,3.26,0.98,30.89,0.26,102.63999999999987
2010-11-22,3148.22,3171.94,3200.47,3137.75,83212776,114302974766.0,1.97,-0.22,-6.91,0.25,62.7199999999998
2010-11-23,3156.48,3107.18,3156.48,3061.62,77399591,105281461473.0,2.99,-2.04,-64.76,0.24,94.86000000000013
2010-11-24,3088.99,3177.04,3177.41,3088.99,75332083,107688446612.0,2.85,2.25,69.86,0.23,88.42000000000007
2010-11-25,3197.97,3223.48,3227.05,3172.28,83442094,116948295300.0,1.72,1.46,46.44,0.26,54.76999999999998
2010-11-26,3214.13,3194.85,3224.52,3170.36,64467824,96226367197.0,1.68,-0.89,-28.63,0.2,54.159999999999854
2010-11-29,3183.54,3190.05,3206.76,3159.46,58994892,88799073974.0,1.48,-0.15,-4.8,0.18,47.30000000000018
2010-11-30,3187.53,3136.99,3205.78,3060.44,85762355,120572328539.0,4.56,-1.66,-53.06,0.26,145.34000000000015
2010-12-01,3127.26,3136.02,3150.44,3111.65,48882668,69472579579.0,1.24,-0.03,-0.97,0.15,38.789999999999964
2010-12-02,3185.76,3155.06,3194.23,3154.32,61023908,89764278070.0,1.27,0.61,19.04,0.19,39.909999999999854
2010-12-03,3161.93,3158.16,3171.38,3134.42,50475354,71387337327.0,1.17,0.1,3.1,0.15,36.960000000000036
2010-12-06,3168.88,3165.57,3185.33,3140.55,56362630,80043207937.0,1.42,0.23,7.41,0.17,44.779999999999745
2010-12-07,3152.73,3200.34,3214.69,3112.22,58483653,85548293130.0,3.24,1.1,34.77,0.18,102.47000000000025
2010-12-08,3194.9,3171.88,3215.28,3166.77,59515663,87056105048.0,1.52,-0.89,-28.46,0.18,48.51000000000022
2010-12-09,3156.0,3123.37,3175.05,3122.2,66152965,83159036199.0,1.67,-1.53,-48.51,0.2,52.850000000000364
2010-12-10,3107.38,3161.98,3172.16,3101.08,57108105,78069117443.0,2.28,1.24,38.61,0.17,71.07999999999993
2010-12-13,3176.33,3261.06,3261.34,3173.56,95713739,132088353616.0,2.78,3.13,99.08,0.29,87.7800000000002
2010-12-14,3270.2,3269.47,3279.36,3254.18,84104241,114928736614.0,0.77,0.26,8.41,0.26,25.18000000000029
2010-12-15,3270.78,3247.64,3282.77,3242.52,72269785,104793174443.0,1.23,-0.67,-21.83,0.22,40.25
2010-12-16,3246.01,3230.67,3258.39,3224.12,56799625,79262377015.0,1.06,-0.52,-16.97,0.17,34.26999999999998
2010-12-17,3229.3,3225.66,3232.84,3212.58,44919147,65697259729.0,0.63,-0.16,-5.01,0.14,20.26000000000022
2010-12-20,3239.02,3178.66,3249.76,3118.0,74759693,107521977283.0,4.08,-1.46,-47.0,0.23,131.76000000000022
2010-12-21,3184.7,3249.51,3251.55,3168.89,79852420,112461675290.0,2.6,2.23,70.85,0.24,82.66000000000031
2010-12-22,3253.82,3215.45,3263.45,3201.67,69936258,98309032433.0,1.9,-1.05,-34.06,0.21,61.779999999999745
2010-12-23,3210.67,3188.61,3237.64,3183.15,61315847,84430476449.0,1.69,-0.83,-26.84,0.19,54.48999999999978
2010-12-24,3170.64,3162.96,3187.72,3139.45,55137767,72989136209.0,1.51,-0.8,-25.65,0.17,48.26999999999998
2010-12-27,3176.11,3099.71,3219.66,3092.26,70017107,99855478580.0,4.03,-2.0,-63.25,0.21,127.39999999999964
2010-12-28,3084.82,3044.93,3095.36,3041.33,56325749,74843956564.0,1.74,-1.77,-54.78,0.17,54.0300000000002
2010-12-29,3049.93,3061.83,3062.56,3025.22,45192775,60134777207.0,1.23,0.56,16.9,0.14,37.340000000000146
2010-12-30,3063.05,3064.1,3079.91,3027.9,54281429,70284275917.0,1.7,0.07,2.27,0.17,52.00999999999976
2010-12-31,3069.05,3128.26,3129.45,3067.11,62566078,90545901164.0,2.03,2.09,64.16,0.19,62.33999999999969
2011-01-04,3155.56,3189.68,3194.36,3143.6,85410440,129159620771.0,1.62,1.96,61.42,0.26,50.76000000000022
2011-01-05,3170.18,3175.66,3193.78,3158.87,79268810,116943213907.0,1.09,-0.44,-14.02,0.24,34.91000000000031
2011-01-06,3177.83,3159.64,3198.05,3152.57,59681092,91568447016.0,1.43,-0.5,-16.02,0.18,45.48000000000002
2011-01-07,3156.36,3166.62,3209.9,3141.12,84093233,113651250191.0,2.18,0.22,6.98,0.26,68.7800000000002
2011-01-10,3162.08,3108.19,3182.78,3102.43,65494406,87992881712.0,2.54,-1.85,-58.43,0.2,80.35000000000036
2011-01-11,3096.25,3124.92,3131.29,3084.51,56985917,74832449402.0,1.51,0.54,16.73,0.17,46.779999999999745
2011-01-12,3135.18,3142.34,3153.43,3099.41,58498518,71551421416.0,1.73,0.56,17.42,0.18,54.01999999999998
2011-01-13,3153.99,3141.28,3157.04,3127.16,51936988,66925783701.0,0.95,-0.03,-1.06,0.16,29.88000000000011
2011-01-14,3129.67,3091.86,3129.67,3083.51,53351439,71012100141.0,1.47,-1.57,-49.42,0.16,46.159999999999854
2011-01-17,3067.43,2974.35,3078.88,2968.61,66807562,85454121099.0,3.57,-3.8,-117.51,0.2,110.26999999999998
2011-01-18,2965.42,2977.65,2984.47,2947.6,42964564,54652416480.0,1.24,0.11,3.3,0.13,36.86999999999989
2011-01-19,2978.46,3044.85,3045.6,2967.24,56571942,72772226927.0,2.63,2.26,67.2,0.17,78.36000000000013
2011-01-20,3037.86,2944.71,3037.86,2944.5,61046643,76440116738.0,3.07,-3.29,-100.14,0.19,93.36000000000013
2011-01-21,2935.23,2983.46,3030.26,2935.14,73102966,85157790710.0,3.23,1.32,38.75,0.22,95.12000000000035
2011-01-24,2986.09,2954.23,2999.2,2943.92,65472545,75805236102.0,1.85,-0.98,-29.23,0.2,55.279999999999745
2011-01-25,2949.65,2938.65,2960.59,2919.16,48982689,57572819537.0,1.4,-0.53,-15.58,0.15,41.43000000000029
2011-01-26,2939.77,2978.43,2982.32,2939.36,43374979,51746038070.0,1.46,1.35,39.78,0.13,42.960000000000036
2011-01-27,2953.59,3026.47,3037.16,2935.27,82585919,96976029913.0,3.42,1.61,48.04,0.25,101.88999999999987
2011-01-28,3020.12,3036.74,3047.27,3011.38,63013589,78241917729.0,1.19,0.34,10.27,0.19,35.88999999999987
2011-01-31,3035.42,3076.51,3076.55,3032.45,67105914,83070309373.0,1.45,1.31,39.77,0.21,44.100000000000364
2011-02-01,3083.49,3077.28,3087.23,3062.83,49862530,65832698489.0,0.79,0.03,0.77,0.15,24.40000000000009
2011-02-09,3055.4,3040.95,3087.55,3031.75,60394145,78148356164.0,1.81,-1.18,-36.33,0.18,55.80000000000018
2011-02-10,3034.08,3104.16,3105.32,3024.35,66603662,86967273678.0,2.66,2.08,63.21,0.2,80.97000000000025
2011-02-11,3100.27,3120.96,3133.5,3092.58,75975553,99001500830.0,1.32,0.54,16.8,0.23,40.92000000000007
2011-02-14,3123.25,3219.14,3227.43,3123.25,121302331,155829380802.0,3.34,3.15,98.18,0.37,104.17999999999984
2011-02-15,3223.22,3217.67,3259.64,3215.62,109554438,147747227925.0,1.37,-0.05,-1.47,0.34,44.01999999999998
2011-02-16,3211.14,3248.53,3248.85,3195.47,91334283,125549596910.0,1.66,0.96,30.86,0.28,53.38000000000011
2011-02-17,3255.63,3245.91,3265.26,3218.91,88964695,127559673833.0,1.43,-0.08,-2.62,0.27,46.350000000000364
2011-02-18,3240.05,3211.88,3242.37,3203.12,75378684,104743371599.0,1.21,-1.05,-34.03,0.23,39.25
2011-02-21,3192.15,3257.91,3258.28,3189.85,79399776,108055882413.0,2.13,1.43,46.03,0.24,68.43000000000029
2011-02-22,3267.61,3163.58,3269.05,3161.83,107863741,147588609007.0,3.29,-2.9,-94.33,0.33,107.22000000000025
2011-02-23,3152.44,3174.74,3182.19,3145.99,71324854,97251422739.0,1.14,0.35,11.16,0.22,36.20000000000027
2011-02-24,3170.24,3190.94,3195.69,3157.97,66486893,94908281477.0,1.19,0.51,16.2,0.2,37.720000000000255
2011-02-25,3190.87,3197.62,3213.79,3159.85,61619275,88275899352.0,1.69,0.21,6.68,0.19,53.940000000000055
2011-02-28,3200.68,3239.56,3241.6,3178.83,76630663,109249970846.0,1.96,1.31,41.94,0.23,62.76999999999998
2011-03-01,3241.71,3254.89,3273.51,3235.75,88566954,124040755772.0,1.17,0.47,15.33,0.27,37.76000000000022
2011-03-02,3237.12,3243.3,3257.42,3202.83,80910641,113592007455.0,1.68,-0.36,-11.59,0.25,54.590000000000146
2011-03-03,3248.16,3221.72,3271.64,3221.04,101219997,131217797700.0,1.56,-0.67,-21.58,0.31,50.59999999999991
2011-03-04,3223.51,3270.67,3273.66,3217.48,80013915,107401810462.0,1.74,1.52,48.95,0.25,56.179999999999836
2011-03-07,3287.41,3334.51,3337.47,3287.41,118187197,170406772534.0,1.53,1.95,63.84,0.36,50.059999999999945
2011-03-08,3335.71,3337.46,3342.71,3311.72,84878655,126306326053.0,0.93,0.09,2.95,0.26,30.990000000000236
2011-03-09,3344.1,3338.86,3355.49,3322.7,78026361,113534089995.0,0.98,0.04,1.4,0.24,32.789999999999964
2011-03-10,3330.44,3280.26,3330.44,3279.33,78212642,117952630963.0,1.53,-1.76,-58.6,0.24,51.11000000000013
2011-03-11,3263.08,3247.38,3290.7,3240.18,67208335,100306077088.0,1.54,-1.0,-32.88,0.21,50.51999999999998
2011-03-14,3238.91,3262.92,3263.91,3230.11,63689783,94134688007.0,1.04,0.48,15.54,0.2,33.79999999999973
2011-03-15,3250.59,3203.96,3250.59,3147.96,96033979,129603315155.0,3.15,-1.81,-58.96,0.29,102.63000000000011
2011-03-16,3204.92,3248.2,3250.88,3202.93,78859520,111826095701.0,1.5,1.38,44.24,0.24,47.95000000000027
2011-03-17,3216.29,3197.1,3240.38,3185.08,85687114,117295727563.0,1.7,-1.57,-51.1,0.26,55.30000000000018
2011-03-18,3228.92,3215.69,3239.96,3205.14,61340161,86845200065.0,1.09,0.58,18.59,0.19,34.820000000000164
2011-03-21,3220.68,3207.11,3236.28,3194.15,59105037,84105739105.0,1.31,-0.27,-8.58,0.18,42.13000000000011
2011-03-22,3217.8,3222.96,3227.8,3175.93,57248684,80009792794.0,1.62,0.49,15.85,0.18,51.870000000000346
2011-03-23,3222.32,3264.93,3267.0,3216.65,72077585,98540423659.0,1.56,1.3,41.97,0.22,50.34999999999991
2011-03-24,3269.57,3251.36,3273.37,3250.02,61304244,88058905863.0,0.72,-0.42,-13.57,0.19,23.34999999999991
2011-03-25,3256.18,3294.48,3304.26,3254.68,86895979,122021366960.0,1.52,1.33,43.12,0.27,49.58000000000038
2011-03-28,3307.41,3290.57,3328.07,3286.86,97684300,139030083023.0,1.25,-0.12,-3.91,0.3,41.210000000000036
2011-03-29,3288.56,3257.98,3309.2,3256.34,105280164,132908076725.0,1.61,-0.99,-32.59,0.32,52.85999999999967
2011-03-30,3256.72,3256.08,3274.98,3233.11,78336337,103271930321.0,1.29,-0.06,-1.9,0.24,41.86999999999989
2011-03-31,3257.16,3223.29,3264.96,3210.17,64503880,86565372662.0,1.68,-1.01,-32.79,0.2,54.789999999999964
2011-04-01,3227.56,3272.73,3272.77,3220.91,63094722,86711549873.0,1.61,1.53,49.44,0.19,51.86000000000013
2011-04-06,3269.19,3311.07,3315.3,3268.76,105823674,143030090888.0,1.42,1.17,38.34,0.32,46.539999999999964
2011-04-07,3313.47,3324.42,3330.8,3302.82,84681762,112678585789.0,0.85,0.4,13.35,0.26,27.980000000000018
2011-04-08,3321.54,3353.36,3353.89,3314.09,73929210,107329316269.0,1.2,0.87,28.94,0.23,39.79999999999973
2011-04-11,3363.37,3333.43,3380.53,3331.17,104420545,141974385699.0,1.47,-0.59,-19.93,0.32,49.36000000000013
2011-04-12,3324.75,3326.77,3350.16,3307.48,101938506,122863556078.0,1.28,-0.2,-6.66,0.31,42.679999999999836
2011-04-13,3311.32,3372.03,3372.03,3296.51,87036338,108305234380.0,2.27,1.36,45.26,0.27,75.51999999999998
2011-04-14,3374.32,3353.56,3378.7,3347.49,88972241,107491228060.0,0.93,-0.55,-18.47,0.27,31.210000000000036
2011-04-15,3345.13,3358.94,3378.11,3323.56,78514874,98934572633.0,1.63,0.16,5.38,0.24,54.55000000000018
2011-04-18,3346.15,3359.44,3372.9,3335.6,86582624,107178227750.0,1.11,0.01,0.5,0.27,37.30000000000018
2011-04-19,3334.91,3295.81,3334.91,3290.74,85106933,104368983043.0,1.31,-1.89,-63.63,0.26,44.17000000000007
2011-04-20,3300.42,3295.76,3311.73,3281.83,72343318,93667138370.0,0.91,0.0,-0.05,0.22,29.90000000000009
2011-04-21,3312.27,3317.37,3330.24,3301.94,73240424,96739132646.0,0.86,0.66,21.61,0.22,28.299999999999727
2011-04-22,3317.08,3299.94,3325.46,3291.64,67171455,83528333290.0,1.02,-0.53,-17.43,0.21,33.820000000000164
2011-04-25,3292.48,3249.57,3292.48,3247.69,74421829,98455879623.0,1.36,-1.53,-50.37,0.23,44.789999999999964
2011-04-26,3242.53,3230.96,3257.8,3216.21,59096417,76696858373.0,1.28,-0.57,-18.61,0.18,41.590000000000146
2011-04-27,3242.62,3209.5,3256.41,3189.04,62443567,75111247063.0,2.09,-0.66,-21.46,0.19,67.36999999999989
2011-04-28,3224.41,3161.78,3237.19,3160.41,65050235,79155830155.0,2.39,-1.49,-47.72,0.2,76.7800000000002
2011-04-29,3161.16,3192.72,3193.6,3147.14,53683065,63455814284.0,1.47,0.98,30.94,0.16,46.460000000000036
2011-05-03,3192.84,3211.13,3212.05,3164.93,54998910,64348987555.0,1.48,0.58,18.41,0.17,47.120000000000346
2011-05-04,3192.84,3129.03,3193.45,3120.96,66716340,83567655304.0,2.26,-2.56,-82.1,0.2,72.48999999999978
2011-05-05,3115.0,3126.12,3136.9,3105.85,52567747,63009373497.0,0.99,-0.09,-2.91,0.16,31.050000000000182
2011-05-06,3093.81,3121.4,3141.68,3083.91,55352186,69747372718.0,1.85,-0.15,-4.72,0.17,57.76999999999998
2011-05-09,3126.26,3129.76,3149.94,3118.14,46027404,57287412506.0,1.02,0.27,8.36,0.14,31.800000000000182
2011-05-10,3135.15,3153.22,3153.3,3121.75,40932995,54931224820.0,1.01,0.75,23.46,0.13,31.550000000000182
2011-05-11,3153.65,3145.08,3164.65,3127.49,47688533,59507719522.0,1.18,-0.26,-8.14,0.15,37.16000000000031
2011-05-12,3123.16,3101.6,3142.4,3101.14,48799501,61703080348.0,1.31,-1.38,-43.48,0.15,41.26000000000022
2011-05-13,3105.3,3128.09,3128.44,3080.19,46895951,57757204870.0,1.56,0.85,26.49,0.14,48.25
2011-05-16,3120.44,3100.46,3137.6,3098.78,45194319,54238723382.0,1.24,-0.88,-27.63,0.14,38.81999999999971
2011-05-17,3097.07,3116.03,3136.23,3076.95,51203731,65417943732.0,1.91,0.5,15.57,0.16,59.2800000000002
2011-05-18,3109.29,3139.38,3145.7,3106.55,39641768,49757174173.0,1.26,0.75,23.35,0.12,39.149999999999636
2011-05-19,3148.35,3120.64,3154.94,3118.62,43110782,52249679659.0,1.16,-0.6,-18.74,0.13,36.320000000000164
2011-05-20,3120.58,3121.6,3133.43,3113.27,38468012,48967028428.0,0.65,0.03,0.96,0.12,20.159999999999854
2011-05-23,3115.31,3022.98,3115.31,3021.45,55902472,66976426510.0,3.01,-3.16,-98.62,0.17,93.86000000000013
2011-05-24,3013.72,3026.22,3029.75,2999.89,41608944,52971692396.0,0.99,0.11,3.24,0.13,29.860000000000127
2011-05-25,3020.32,2990.34,3030.99,2988.09,39289704,48604397867.0,1.42,-1.19,-35.88,0.12,42.899999999999636
2011-05-26,3011.47,2978.38,3021.2,2977.6,37003747,48346482355.0,1.46,-0.4,-11.96,0.11,43.59999999999991
2011-05-27,2980.72,2963.31,2996.6,2962.07,42770905,52019994149.0,1.16,-0.51,-15.07,0.13,34.529999999999745
2011-05-30,2956.57,2954.51,2982.58,2942.36,34671160,42960260576.0,1.36,-0.3,-8.8,0.11,40.2199999999998
2011-05-31,2958.61,3001.56,3001.73,2946.15,39689399,50553386204.0,1.88,1.59,47.05,0.12,55.57999999999993
2011-06-01,2996.08,3004.17,3006.56,2985.71,38419327,49060076491.0,0.69,0.09,2.61,0.12,20.84999999999991
2011-06-02,2970.63,2955.71,2984.49,2923.02,52617867,61748347004.0,2.05,-1.61,-48.46,0.16,61.4699999999998
2011-06-03,2951.58,2986.35,2993.9,2951.2,39076164,49273758984.0,1.44,1.04,30.64,0.12,42.70000000000027
2011-06-07,2977.68,3004.26,3006.57,2974.36,36852332,49859134919.0,1.08,0.6,17.91,0.11,32.210000000000036
2011-06-08,3003.58,3008.65,3012.81,2965.92,42908758,51123188095.0,1.56,0.15,4.39,0.13,46.88999999999987
2011-06-09,3000.4,2951.89,3004.06,2951.89,47496636,55381280377.0,1.73,-1.89,-56.76,0.15,52.17000000000007
2011-06-10,2947.93,2961.93,2964.08,2925.87,42201882,50942992933.0,1.29,0.34,10.04,0.13,38.210000000000036
2011-06-13,2940.39,2950.35,2957.52,2921.75,38351668,46991283431.0,1.21,-0.39,-11.58,0.12,35.76999999999998
2011-06-14,2947.66,2993.56,3000.53,2943.53,55982815,66158911408.0,1.93,1.46,43.21,0.17,57.0
2011-06-15,2984.96,2963.12,2999.15,2963.11,44390852,54467701030.0,1.2,-1.02,-30.44,0.14,36.039999999999964
2011-06-16,2939.68,2917.58,2946.81,2915.4,41135482,47067185495.0,1.06,-1.54,-45.54,0.13,31.409999999999854
2011-06-17,2916.41,2892.16,2934.06,2891.01,41176530,51647156163.0,1.48,-0.87,-25.42,0.13,43.04999999999973
2011-06-20,2888.94,2874.9,2896.08,2862.41,37991982,45416696840.0,1.16,-0.6,-17.26,0.12,33.67000000000007
2011-06-21,2883.35,2909.07,2909.57,2877.05,42038923,50160678865.0,1.13,1.19,34.17,0.13,32.51999999999998
2011-06-22,2913.67,2908.58,2921.03,2894.18,37318802,43263825738.0,0.92,-0.02,-0.49,0.11,26.850000000000364
2011-06-23,2899.01,2957.63,2966.54,2888.68,45941117,55276886318.0,2.68,1.69,49.05,0.14,77.86000000000013
2011-06-24,2946.61,3027.47,3047.94,2944.05,85459240,104972923209.0,3.51,2.36,69.84,0.26,103.88999999999987
2011-06-27,3028.5,3036.49,3056.02,3019.24,65615771,79044152725.0,1.21,0.3,9.02,0.2,36.7800000000002
2011-06-28,3040.18,3041.73,3046.8,3014.0,55766254,70333384864.0,1.08,0.17,5.24,0.17,32.80000000000018
2011-06-29,3039.05,3000.17,3043.81,2999.95,53476848,61717623012.0,1.44,-1.37,-41.56,0.16,43.86000000000013
2011-06-30,3003.23,3044.09,3058.62,3003.23,62502549,73891668789.0,1.85,1.46,43.92,0.19,55.38999999999987
2011-07-01,3052.12,3049.75,3071.21,3034.07,56766653,72614645374.0,1.22,0.19,5.66,0.17,37.13999999999987
2011-07-04,3064.94,3121.98,3124.58,3064.94,80464031,102679821385.0,1.96,2.37,72.23,0.25,59.63999999999987
2011-07-05,3122.9,3122.5,3128.53,3105.09,67763335,81999827927.0,0.75,0.02,0.52,0.21,23.440000000000055
2011-07-06,3116.12,3113.71,3116.12,3084.83,61555807,76556996969.0,1.0,-0.28,-8.79,0.19,31.289999999999964
2011-07-07,3123.29,3101.68,3140.1,3101.1,71810360,92120550136.0,1.25,-0.39,-12.03,0.22,39.0
2011-07-08,3105.49,3109.18,3124.39,3093.37,51282593,65155542913.0,1.0,0.24,7.5,0.16,31.019999999999982
2011-07-11,3097.87,3113.21,3121.0,3086.26,47920660,62237248759.0,1.12,0.13,4.03,0.15,34.73999999999978
2011-07-12,3089.14,3056.91,3090.1,3054.8,57107984,71222640397.0,1.13,-1.81,-56.3,0.17,35.29999999999973
2011-07-13,3060.42,3106.25,3108.5,3060.42,54114367,68294830332.0,1.57,1.61,49.34,0.17,48.07999999999993
2011-07-14,3112.59,3115.75,3126.15,3092.47,60314935,79948505027.0,1.08,0.31,9.5,0.18,33.68000000000029
2011-07-15,3105.5,3128.89,3130.77,3097.34,61550322,79424849005.0,1.07,0.42,13.14,0.19,33.429999999999836
2011-07-18,3131.8,3122.6,3137.92,3113.67,60691311,78225031039.0,0.78,-0.2,-6.29,0.19,24.25
2011-07-19,3108.47,3095.12,3109.92,3088.38,53388709,68506068928.0,0.69,-0.88,-27.48,0.16,21.539999999999964
2011-07-20,3113.71,3091.57,3119.54,3071.85,44118331,56930993021.0,1.54,-0.11,-3.55,0.14,47.690000000000055
2011-07-21,3092.27,3059.14,3099.28,3058.25,44084691,57942637401.0,1.33,-1.05,-32.43,0.14,41.0300000000002
2011-07-22,3066.19,3067.99,3083.19,3059.6,37257255,49618948350.0,0.77,0.29,8.85,0.11,23.590000000000146
2011-07-25,3050.9,2968.29,3050.9,2958.88,67180996,77513632253.0,3.0,-3.25,-99.7,0.21,92.01999999999998
2011-07-26,2965.72,2977.77,2980.86,2957.61,43515457,49560684459.0,0.78,0.32,9.48,0.13,23.25
2011-07-27,2961.58,3000.05,3002.69,2951.52,48385612,58746220328.0,1.72,0.75,22.28,0.15,51.17000000000007
2011-07-28,2973.64,2981.0,2984.38,2956.71,48138984,60678598008.0,0.92,-0.63,-19.05,0.15,27.670000000000073
2011-07-29,2981.02,2972.08,2995.97,2948.08,46298253,54358237266.0,1.61,-0.3,-8.92,0.14,47.88999999999987
2011-08-01,2969.11,2977.72,2991.05,2958.83,33886949,41203123005.0,1.08,0.19,5.64,0.1,32.220000000000255
2011-08-02,2958.85,2956.38,2958.85,2919.01,38978357,48435295389.0,1.34,-0.72,-21.34,0.12,39.83999999999969
2011-08-03,2930.19,2954.87,2969.13,2927.1,38668362,49593983761.0,1.42,-0.05,-1.51,0.12,42.0300000000002
2011-08-04,2962.91,2960.31,2983.01,2951.84,32985719,41335656567.0,1.05,0.18,5.44,0.1,31.170000000000073
2011-08-05,2881.74,2897.42,2916.41,2868.16,49316854,60240017405.0,1.63,-2.12,-62.89,0.15,48.25
2011-08-08,2864.51,2793.9,2888.77,2747.97,71517766,83694787456.0,4.86,-3.57,-103.52,0.22,140.80000000000018
2011-08-09,2720.95,2798.19,2812.77,2697.06,69842676,79653278208.0,4.14,0.15,4.29,0.21,115.71000000000004
2011-08-10,2845.35,2824.12,2858.55,2820.12,58659312,68580540607.0,1.37,0.93,25.93,0.18,38.43000000000029
2011-08-11,2779.72,2866.92,2867.31,2777.76,58997689,69223945409.0,3.17,1.52,42.8,0.18,89.54999999999973
2011-08-12,2881.55,2875.36,2894.22,2868.87,57197406,63487643741.0,0.88,0.29,8.44,0.18,25.34999999999991
2011-08-15,2883.17,2917.88,2917.88,2870.19,59875476,61102226502.0,1.66,1.48,42.52,0.18,47.690000000000055
2011-08-16,2920.83,2897.58,2932.14,2888.33,50962681,57496628333.0,1.5,-0.7,-20.3,0.16,43.809999999999945
2011-08-17,2893.85,2886.01,2910.83,2881.63,39178179,41891853603.0,1.01,-0.4,-11.57,0.12,29.199999999999818
2011-08-18,2887.1,2834.25,2890.0,2832.27,40768883,45784423192.0,2.0,-1.79,-51.76,0.12,57.73000000000002
2011-08-19,2789.35,2807.66,2814.1,2782.56,43259650,48442961960.0,1.11,-0.94,-26.59,0.13,31.539999999999964
2011-08-22,2809.33,2777.79,2829.69,2768.42,34209685,40136538647.0,2.18,-1.06,-29.87,0.1,61.26999999999998
2011-08-23,2788.7,2821.0,2821.0,2777.29,32620514,36441994495.0,1.57,1.56,43.21,0.1,43.710000000000036
2011-08-24,2834.58,2810.02,2845.47,2804.82,35301565,41939777958.0,1.44,-0.39,-10.98,0.11,40.649999999999636
2011-08-25,2818.7,2903.84,2904.44,2815.91,72216845,75745960111.0,3.15,3.34,93.82,0.22,88.5300000000002
2011-08-26,2889.38,2901.22,2907.4,2876.83,45604102,51759427726.0,1.05,-0.09,-2.62,0.14,30.570000000000164
2011-08-29,2875.78,2852.81,2875.78,2847.48,44267850,49892653226.0,0.98,-1.67,-48.41,0.14,28.300000000000182
2011-08-30,2875.14,2841.74,2901.73,2838.33,43137872,48565790320.0,2.22,-0.39,-11.07,0.13,63.40000000000009
2011-08-31,2843.99,2846.78,2855.3,2823.77,32107899,37624544060.0,1.11,0.18,5.04,0.1,31.5300000000002
2011-09-01,2852.39,2834.53,2869.25,2825.96,30118702,35143727252.0,1.52,-0.43,-12.25,0.09,43.289999999999964
2011-09-02,2828.84,2803.85,2836.62,2790.77,29317116,31960598827.0,1.62,-1.08,-30.68,0.09,45.84999999999991
2011-09-05,2780.83,2743.82,2780.83,2743.38,32005660,36040312618.0,1.34,-2.14,-60.03,0.1,37.44999999999982
2011-09-06,2727.75,2723.3,2745.36,2711.07,29713982,33746805052.0,1.25,-0.75,-20.52,0.09,34.289999999999964
2011-09-07,2738.79,2779.09,2779.21,2730.05,33265381,37096662193.0,1.81,2.05,55.79,0.1,49.159999999999854
2011-09-08,2788.83,2756.1,2789.11,2755.8,26838735,31209441131.0,1.2,-0.83,-22.99,0.08,33.309999999999945
2011-09-09,2770.15,2751.09,2796.35,2739.62,27073503,30348131114.0,2.06,-0.18,-5.01,0.08,56.73000000000002
2011-09-13,2712.44,2720.28,2726.19,2698.66,26713764,30034340041.0,1.0,-1.12,-30.81,0.08,27.5300000000002
2011-09-14,2729.26,2733.11,2736.91,2677.13,30424780,32858416579.0,2.2,0.47,12.83,0.09,59.779999999999745
2011-09-15,2734.55,2729.05,2754.19,2728.91,31171925,32507109143.0,0.92,-0.15,-4.06,0.1,25.2800000000002
2011-09-16,2744.22,2733.99,2755.89,2729.0,27555932,29743911967.0,0.99,0.18,4.94,0.08,26.889999999999873
2011-09-19,2718.32,2679.27,2718.32,2678.79,29090941,29731416051.0,1.45,-2.0,-54.72,0.09,39.5300000000002
2011-09-20,2675.04,2689.84,2702.28,2664.1,25598681,27274347411.0,1.43,0.39,10.57,0.08,38.18000000000029
2011-09-21,2691.7,2771.01,2778.35,2677.35,56194171,59146487177.0,3.75,3.02,81.17,0.17,101.0
2011-09-22,2745.15,2685.69,2754.92,2684.94,47102660,47793334084.0,2.53,-3.08,-85.32,0.14,69.98000000000002
2011-09-23,2644.29,2669.48,2681.23,2631.43,42592224,45934334698.0,1.85,-0.6,-16.21,0.13,49.80000000000018
2011-09-26,2645.25,2610.92,2679.56,2603.11,39175124,40495022542.0,2.86,-2.19,-58.56,0.12,76.44999999999982
2011-09-27,2634.93,2637.88,2652.56,2613.42,35021974,37301310910.0,1.5,1.03,26.96,0.11,39.13999999999987
2011-09-28,2654.83,2610.59,2660.1,2602.63,34169555,36195919556.0,2.18,-1.03,-27.29,0.1,57.4699999999998
2011-09-29,2593.56,2588.19,2615.14,2577.29,37093593,37708584378.0,1.45,-0.86,-22.4,0.11,37.84999999999991
2011-09-30,2595.58,2581.35,2607.57,2572.19,32050822,32376678343.0,1.37,-0.26,-6.84,0.1,35.38000000000011
2011-10-10,2588.35,2557.08,2595.32,2552.28,28325122,28149902145.0,1.67,-0.94,-24.27,0.09,43.039999999999964
2011-10-11,2625.16,2551.99,2635.69,2526.65,45029848,47409892228.0,4.26,-0.2,-5.09,0.14,109.03999999999996
2011-10-12,2537.4,2644.76,2647.01,2523.34,65945680,62822831798.0,4.85,3.64,92.77,0.2,123.67000000000007
2011-10-13,2636.86,2662.6,2672.91,2629.41,60426201,56631043777.0,1.64,0.67,17.84,0.19,43.5
2011-10-14,2655.36,2653.78,2665.44,2629.88,38336948,37326709609.0,1.34,-0.33,-8.82,0.12,35.559999999999945
2011-10-17,2658.95,2666.95,2687.1,2653.38,36158315,38101620397.0,1.27,0.5,13.17,0.11,33.7199999999998
2011-10-18,2646.84,2592.21,2651.73,2589.21,39373448,39453303360.0,2.34,-2.8,-74.74,0.12,62.51999999999998
2011-10-19,2599.92,2583.08,2617.41,2580.66,31116166,32114967067.0,1.42,-0.35,-9.13,0.1,36.75
2011-10-20,2566.6,2520.53,2570.1,2500.49,39842462,39409600021.0,2.69,-2.42,-62.55,0.12,69.61000000000013
2011-10-21,2522.26,2507.88,2538.12,2504.69,29843503,29090707044.0,1.33,-0.5,-12.65,0.09,33.429999999999836
2011-10-24,2517.06,2576.67,2581.12,2501.96,46345801,44056731116.0,3.16,2.74,68.79,0.14,79.15999999999985
2011-10-25,2572.71,2625.43,2633.97,2560.05,57967375,57533462226.0,2.87,1.89,48.76,0.18,73.91999999999962
2011-10-26,2613.27,2651.65,2679.66,2611.01,73098240,69534363517.0,2.61,1.0,26.22,0.22,68.64999999999964
2011-10-27,2658.43,2657.48,2672.84,2647.3,48820391,47403219262.0,0.96,0.22,5.83,0.15,25.539999999999964
2011-10-28,2694.54,2709.02,2729.14,2689.38,71643105,72908419745.0,1.5,1.94,51.54,0.22,39.75999999999976
2011-10-31,2704.53,2695.31,2709.32,2680.99,50407112,52522499085.0,1.05,-0.51,-13.71,0.15,28.330000000000382
2011-11-01,2672.51,2697.53,2726.09,2669.05,55206651,56067605452.0,2.12,0.08,2.22,0.17,57.039999999999964
2011-11-02,2658.55,2742.39,2742.94,2653.72,64361584,65327476275.0,3.31,1.66,44.86,0.2,89.22000000000025
2011-11-03,2752.63,2744.3,2781.04,2743.2,84820760,90502549983.0,1.38,0.07,1.91,0.26,37.840000000000146
2011-11-04,2770.57,2763.75,2781.99,2748.98,61958218,63500868592.0,1.2,0.71,19.45,0.19,33.00999999999976
2011-11-07,2750.99,2736.25,2769.3,2733.17,45375056,47761935110.0,1.31,-1.0,-27.5,0.14,36.13000000000011
2011-11-08,2745.06,2727.71,2756.09,2723.69,47884252,47864912703.0,1.18,-0.31,-8.54,0.15,32.40000000000009
2011-11-09,2739.15,2751.65,2755.81,2710.05,46877960,48484230112.0,1.68,0.88,23.94,0.14,45.75999999999976
2011-11-10,2720.84,2699.59,2729.57,2698.31,51173702,51793948486.0,1.14,-1.89,-52.06,0.16,31.26000000000022
2011-11-11,2705.24,2695.0,2713.91,2685.1,36636696,38724219259.0,1.07,-0.17,-4.59,0.11,28.809999999999945
2011-11-14,2717.54,2750.2,2751.88,2714.86,46390943,51333489021.0,1.37,2.05,55.2,0.14,37.01999999999998
2011-11-15,2746.77,2744.68,2754.0,2732.91,41759864,46980738996.0,0.77,-0.2,-5.52,0.13,21.090000000000146
2011-11-16,2745.86,2670.12,2746.29,2659.15,55949239,57844199048.0,3.17,-2.72,-74.56,0.17,87.13999999999987
2011-11-17,2671.95,2662.02,2687.83,2660.65,35247652,37762635927.0,1.02,-0.3,-8.1,0.11,27.179999999999836
2011-11-18,2643.67,2606.5,2646.21,2601.18,42414718,44949477108.0,1.69,-2.09,-55.52,0.13,45.0300000000002
2011-11-21,2608.56,2609.69,2613.26,2587.74,27971896,31175406753.0,0.98,0.12,3.19,0.09,25.520000000000437
2011-11-22,2592.23,2609.48,2611.15,2580.78,29069078,31886735092.0,1.16,-0.01,-0.21,0.09,30.36999999999989
2011-11-23,2613.29,2584.01,2617.09,2578.16,28531412,30958563539.0,1.49,-0.98,-25.47,0.09,38.93000000000029
2011-11-24,2565.69,2588.92,2604.24,2557.7,30319601,31894726945.0,1.8,0.19,4.91,0.09,46.539999999999964
2011-11-25,2585.14,2569.97,2598.39,2563.65,23913766,27509358470.0,1.34,-0.73,-18.95,0.07,34.73999999999978
2011-11-28,2578.34,2573.32,2589.35,2562.49,25666936,29179539395.0,1.05,0.13,3.35,0.08,26.860000000000127
2011-11-29,2595.09,2608.57,2609.19,2580.29,30025878,34962425966.0,1.12,1.37,35.25,0.09,28.90000000000009
2011-11-30,2600.1,2521.52,2601.9,2507.18,42352645,42454205363.0,3.63,-3.34,-87.05,0.13,94.72000000000025
2011-12-01,2596.15,2583.61,2630.66,2577.72,63520252,66146809487.0,2.1,2.46,62.09,0.19,52.940000000000055
2011-12-02,2570.56,2557.31,2575.69,2543.53,32183703,33168419336.0,1.24,-1.02,-26.3,0.1,32.159999999999854
2011-12-05,2561.2,2521.39,2561.2,2517.18,32063388,32749927399.0,1.72,-1.4,-35.92,0.1,44.01999999999998
2011-12-06,2515.04,2516.34,2525.67,2499.57,26297581,26310941611.0,1.04,-0.2,-5.05,0.08,26.09999999999991
2011-12-07,2517.34,2528.23,2534.53,2509.78,23261839,23433730534.0,0.98,0.47,11.89,0.07,24.75
2011-12-08,2525.04,2525.0,2549.1,2494.69,27777744,27843683566.0,2.15,-0.13,-3.23,0.09,54.409999999999854
2011-12-09,2506.62,2503.46,2525.16,2496.97,24029059,25477241953.0,1.12,-0.85,-21.54,0.07,28.190000000000055
2011-12-12,2497.92,2477.69,2502.05,2476.12,21901249,21200444065.0,1.04,-1.03,-25.77,0.07,25.93000000000029
2011-12-13,2467.02,2421.93,2472.66,2418.67,35717534,33269154181.0,2.18,-2.25,-55.76,0.11,53.98999999999978
2011-12-14,2415.94,2397.48,2433.55,2392.3,25320109,23753606413.0,1.7,-1.01,-24.45,0.08,41.25
2011-12-15,2382.44,2340.79,2384.47,2340.45,36750834,33900401991.0,1.84,-2.36,-56.69,0.11,44.01999999999998
2011-12-16,2339.98,2390.13,2390.38,2332.14,36302339,33652058785.0,2.49,2.11,49.34,0.11,58.24000000000024
2011-12-19,2370.42,2384.41,2387.89,2321.66,37909752,33711370957.0,2.77,-0.24,-5.72,0.12,66.23000000000002
2011-12-20,2376.71,2377.07,2412.57,2373.86,32402327,29967658690.0,1.62,-0.31,-7.34,0.1,38.710000000000036
2011-12-21,2397.27,2339.11,2404.77,2337.69,31209525,30917839680.0,2.82,-1.6,-37.96,0.1,67.07999999999993
2011-12-22,2325.27,2341.33,2358.47,2294.61,36683858,31845455341.0,2.73,0.09,2.22,0.11,63.85999999999967
2011-12-23,2337.38,2359.16,2382.71,2331.96,33161904,29910296920.0,2.17,0.76,17.83,0.1,50.75
2011-12-26,2345.55,2335.7,2369.82,2334.79,28224087,25033053118.0,1.48,-0.99,-23.46,0.09,35.0300000000002
2011-12-27,2332.83,2305.03,2346.38,2302.41,29277314,26777021276.0,1.88,-1.31,-30.67,0.09,43.970000000000255
2011-12-28,2295.87,2307.93,2309.65,2267.11,32882020,28839274201.0,1.85,0.13,2.9,0.1,42.539999999999964
2011-12-29,2297.29,2311.36,2323.49,2293.87,30887700,26868223305.0,1.28,0.15,3.43,0.09,29.61999999999989
2011-12-30,2318.67,2345.74,2349.03,2318.67,35865243,32362650284.0,1.31,1.49,34.38,0.11,30.360000000000127
2012-01-04,2361.5,2298.75,2365.99,2298.3,34344567,32572551267.0,2.89,-2.0,-46.99,0.11,67.6899999999996
2012-01-05,2290.78,2276.39,2316.66,2272.15,43016480,37635272074.0,1.94,-0.97,-22.36,0.13,44.50999999999976
2012-01-06,2274.35,2290.6,2291.89,2254.57,35198992,31079362325.0,1.64,0.62,14.21,0.11,37.31999999999971
2012-01-09,2291.18,2368.57,2368.89,2271.72,54727341,51478126954.0,4.24,3.4,77.97,0.17,97.17000000000007
2012-01-10,2365.77,2447.35,2449.96,2361.28,81154989,75249157103.0,3.74,3.33,78.78,0.25,88.67999999999984
2012-01-11,2444.76,2435.61,2453.15,2423.32,58705674,57587219272.0,1.22,-0.48,-11.74,0.18,29.829999999999927
2012-01-12,2426.82,2435.22,2464.38,2423.32,47121275,47877407259.0,1.69,-0.02,-0.39,0.14,41.059999999999945
2012-01-13,2438.41,2394.33,2445.79,2374.54,45513997,47228338588.0,2.93,-1.68,-40.89,0.14,71.25
2012-01-16,2376.95,2345.65,2394.5,2345.63,30527145,34410385319.0,2.04,-2.03,-48.68,0.09,48.86999999999989
2012-01-17,2347.57,2460.6,2462.43,2329.25,64205648,64324131068.0,5.68,4.9,114.95,0.2,133.17999999999984
2012-01-18,2464.92,2422.19,2485.5,2414.53,63892358,67058838880.0,2.88,-1.56,-38.41,0.2,70.9699999999998
2012-01-19,2423.86,2468.35,2480.21,2414.99,55615726,56377653304.0,2.69,1.91,46.16,0.17,65.22000000000025
2012-01-20,2476.73,2504.09,2510.34,2462.59,54529783,57474475709.0,1.93,1.45,35.74,0.17,47.75
2012-01-30,2508.88,2460.72,2508.88,2460.4,43517148,44770885276.0,1.94,-1.73,-43.37,0.13,48.48000000000002
2012-01-31,2462.34,2464.26,2472.84,2447.77,30701501,32694132107.0,1.02,0.14,3.54,0.09,25.070000000000164
2012-02-01,2458.23,2428.99,2481.66,2423.45,35015374,37752320797.0,2.36,-1.43,-35.27,0.11,58.210000000000036
2012-02-02,2437.47,2486.24,2486.24,2429.71,42066985,44126383715.0,2.33,2.36,57.25,0.13,56.529999999999745
2012-02-03,2478.34,2506.09,2514.65,2470.28,49949240,51507545973.0,1.78,0.8,19.85,0.15,44.36999999999989
2012-02-06,2511.17,2504.32,2520.76,2488.71,45079905,47541523547.0,1.28,-0.07,-1.77,0.14,32.05000000000018
2012-02-07,2489.03,2457.95,2489.03,2441.7,39679164,40034277145.0,1.89,-1.85,-46.37,0.12,47.33000000000038
2012-02-08,2456.42,2528.24,2534.16,2451.0,56186456,61721305024.0,3.38,2.86,70.29,0.17,83.15999999999985
2012-02-09,2525.59,2529.23,2546.02,2513.13,59299751,63456204565.0,1.3,0.04,0.99,0.18,32.88999999999987
2012-02-10,2521.68,2533.62,2560.03,2521.16,61575877,60029482361.0,1.54,0.17,4.39,0.19,38.870000000000346
2012-02-13,2504.41,2531.98,2553.45,2496.3,51913973,54282622440.0,2.26,-0.06,-1.64,0.16,57.149999999999636
2012-02-14,2528.97,2522.11,2533.26,2506.54,40430101,43723682304.0,1.06,-0.39,-9.87,0.12,26.720000000000255
2012-02-15,2515.83,2549.61,2562.07,2511.29,58090370,60422394145.0,2.01,1.09,27.5,0.18,50.7800000000002
2012-02-16,2544.64,2536.07,2559.34,2519.04,54395431,55165633314.0,1.58,-0.53,-13.54,0.17,40.30000000000018
2012-02-17,2551.81,2537.09,2558.34,2522.86,38994716,40458003413.0,1.4,0.04,1.02,0.12,35.48000000000002
2012-02-20,2571.91,2540.71,2574.75,2539.9,56153329,56748912893.0,1.37,0.14,3.62,0.17,34.84999999999991
2012-02-21,2544.83,2562.45,2562.91,2520.79,47894808,47758225547.0,1.66,0.86,21.74,0.15,42.11999999999989
2012-02-22,2564.31,2597.48,2598.86,2560.34,76376656,76421806874.0,1.5,1.37,35.03,0.23,38.51999999999998
2012-02-23,2595.78,2606.26,2614.54,2590.52,70377126,72612089253.0,0.92,0.34,8.78,0.22,24.019999999999982
2012-02-24,2607.34,2648.02,2648.02,2602.78,85999708,88058616716.0,1.74,1.6,41.76,0.26,45.23999999999978
2012-02-27,2658.12,2656.57,2693.84,2656.57,101514034,106670207615.0,1.41,0.32,8.55,0.31,37.26999999999998
2012-02-28,2652.34,2662.46,2671.83,2641.46,77592536,77213053038.0,1.14,0.22,5.89,0.24,30.36999999999989
2012-02-29,2655.86,2634.14,2666.65,2631.78,59120206,64875221164.0,1.31,-1.06,-28.32,0.18,34.86999999999989
2012-03-01,2622.74,2633.34,2647.78,2621.86,42148441,46524079738.0,0.98,-0.03,-0.8,0.13,25.920000000000073
2012-03-02,2637.96,2679.93,2679.93,2637.96,64122034,66981591368.0,1.59,1.77,46.59,0.2,41.9699999999998
2012-03-05,2687.74,2662.7,2694.61,2660.96,71395458,74973261138.0,1.26,-0.64,-17.23,0.22,33.65000000000009
2012-03-06,2654.8,2621.05,2657.96,2615.6,62447148,68852557821.0,1.59,-1.56,-41.65,0.19,42.36000000000013
2012-03-07,2596.48,2603.0,2628.58,2594.13,56948733,63243293004.0,1.31,-0.69,-18.05,0.17,34.44999999999982
2012-03-08,2612.4,2635.79,2645.95,2612.4,57549413,64458851045.0,1.29,1.26,32.79,0.18,33.54999999999973
2012-03-09,2644.1,2664.3,2664.41,2631.41,55258921,65963441747.0,1.25,1.08,28.51,0.17,33.0
2012-03-12,2663.24,2654.4,2666.43,2636.42,62327216,74367701978.0,1.13,-0.37,-9.9,0.19,30.009999999999764
2012-03-13,2653.68,2681.07,2681.33,2649.17,58404469,66429764308.0,1.21,1.0,26.67,0.18,32.159999999999854
2012-03-14,2694.48,2605.11,2705.75,2595.34,108426540,117080408732.0,4.12,-2.83,-75.96,0.33,110.40999999999985
2012-03-15,2602.66,2585.55,2618.25,2575.44,72565960,77042766482.0,1.64,-0.75,-19.56,0.22,42.809999999999945
2012-03-16,2591.8,2623.52,2624.32,2577.25,58091259,67451822278.0,1.82,1.47,37.97,0.18,47.070000000000164
2012-03-19,2617.66,2630.01,2631.04,2598.63,57646625,68803937996.0,1.24,0.25,6.49,0.18,32.409999999999854
2012-03-20,2622.66,2584.45,2622.66,2584.02,58114065,64263817216.0,1.47,-1.73,-45.56,0.18,38.63999999999987
2012-03-21,2597.38,2587.79,2613.27,2569.07,58002544,66674920148.0,1.71,0.13,3.34,0.18,44.19999999999982
2012-03-22,2586.94,2583.75,2599.24,2570.45,44926777,50115505934.0,1.11,-0.16,-4.04,0.14,28.789999999999964
2012-03-23,2575.33,2552.94,2578.82,2544.52,43329256,47812442986.0,1.33,-1.19,-30.81,0.13,34.30000000000018
2012-03-26,2551.43,2555.44,2562.93,2540.7,31816211,36356133943.0,0.87,0.1,2.5,0.1,22.230000000000018
2012-03-27,2565.55,2547.14,2571.9,2544.37,35944604,47394454857.0,1.08,-0.32,-8.3,0.11,27.5300000000002
2012-03-28,2538.46,2474.9,2540.42,2471.03,50005790,54993640999.0,2.72,-2.84,-72.24,0.15,69.38999999999987
2012-03-29,2463.69,2443.12,2476.48,2429.73,46131304,48651595893.0,1.89,-1.28,-31.78,0.14,46.75
2012-03-30,2447.94,2454.9,2461.98,2438.49,37027086,39139734882.0,0.96,0.48,11.78,0.11,23.490000000000236
2012-04-05,2449.21,2512.83,2517.39,2441.27,54331687,58049690964.0,3.1,2.36,57.93,0.17,76.11999999999989
2012-04-06,2509.45,2519.83,2525.53,2502.7,42368576,47207795088.0,0.91,0.28,7.0,0.13,22.830000000000382
2012-04-09,2510.53,2495.15,2518.38,2491.59,35370986,38180751755.0,1.06,-0.98,-24.68,0.11,26.789999999999964
2012-04-10,2490.28,2519.79,2519.81,2459.35,41335905,44064833898.0,2.42,0.99,24.64,0.13,60.460000000000036
2012-04-11,2494.52,2520.04,2541.13,2489.32,42510310,43627983913.0,2.06,0.01,0.25,0.13,51.809999999999945
2012-04-12,2522.83,2570.44,2570.84,2516.57,56488409,59536950778.0,2.15,2.0,50.4,0.17,54.26999999999998
2012-04-13,2575.05,2580.45,2593.79,2570.03,53092643,61892977442.0,0.92,0.39,10.01,0.16,23.759999999999764
2012-04-16,2564.23,2574.04,2586.2,2559.78,40839700,42650756402.0,1.02,-0.25,-6.41,0.13,26.419999999999618
2012-04-17,2572.36,2541.88,2578.76,2541.53,37815467,38328417080.0,1.45,-1.25,-32.16,0.12,37.23000000000002
2012-04-18,2550.91,2599.91,2602.11,2546.0,58688408,59361005883.0,2.21,2.28,58.03,0.18,56.11000000000013
2012-04-19,2598.33,2596.06,2606.86,2585.3,46448109,55512931549.0,0.83,-0.15,-3.85,0.14,21.559999999999945
2012-04-20,2591.51,2626.84,2627.38,2589.35,61446379,63829908072.0,1.46,1.19,30.78,0.19,38.0300000000002
2012-04-23,2624.75,2606.04,2632.09,2599.11,58664938,62073949557.0,1.26,-0.79,-20.8,0.18,32.98000000000002
2012-04-24,2594.8,2604.87,2640.29,2559.46,71139558,73150514001.0,3.1,-0.04,-1.17,0.22,80.82999999999993
2012-04-25,2598.23,2625.99,2631.44,2593.33,62468053,63529458933.0,1.46,0.81,21.12,0.19,38.11000000000013
2012-04-26,2632.72,2631.49,2643.77,2617.09,58965667,64377486667.0,1.02,0.21,5.5,0.18,26.679999999999836
2012-04-27,2630.55,2626.16,2637.92,2623.6,48233586,53345515969.0,0.54,-0.2,-5.33,0.15,14.320000000000164
2012-05-02,2660.67,2683.49,2697.95,2643.53,80148654,92366091966.0,2.07,2.18,57.33,0.25,54.41999999999962
2012-05-03,2679.52,2691.52,2693.88,2675.81,59361090,72337336415.0,0.67,0.3,8.03,0.18,18.070000000000164
2012-05-04,2689.62,2715.88,2716.03,2677.14,63218086,73699551125.0,1.44,0.91,24.36,0.19,38.89000000000033
2012-05-07,2699.45,2717.78,2717.78,2694.32,68547314,82715668565.0,0.86,0.07,1.9,0.21,23.460000000000036
2012-05-08,2717.41,2709.12,2717.82,2683.56,63110840,73744497984.0,1.26,-0.32,-8.66,0.19,34.26000000000022
2012-05-09,2685.19,2657.51,2685.19,2655.32,58400283,69482578578.0,1.1,-1.91,-51.61,0.18,29.86999999999989
2012-05-10,2657.87,2657.21,2667.68,2649.38,46962576,54056953614.0,0.69,-0.01,-0.3,0.14,18.299999999999727
2012-05-11,2652.31,2636.92,2666.57,2636.52,41006143,49392898299.0,1.13,-0.76,-20.29,0.13,30.050000000000182
2012-05-14,2653.81,2615.53,2656.28,2613.35,52082484,60331294491.0,1.63,-0.81,-21.39,0.16,42.93000000000029
2012-05-15,2597.64,2617.37,2618.18,2591.6,45767271,51374761939.0,1.02,0.07,1.84,0.14,26.579999999999927
2012-05-16,2610.16,2574.65,2612.62,2574.08,43280274,47863536278.0,1.47,-1.63,-42.72,0.13,38.539999999999964
2012-05-17,2577.96,2613.94,2619.59,2571.2,43728389,49203910040.0,1.88,1.53,39.29,0.13,48.39000000000033
2012-05-18,2595.55,2573.98,2603.19,2567.3,43422124,46907511775.0,1.37,-1.53,-39.96,0.13,35.88999999999987
2012-05-21,2572.37,2587.23,2604.22,2563.97,38602090,44300405781.0,1.56,0.51,13.25,0.12,40.25
2012-05-22,2598.17,2627.52,2627.6,2597.6,42773529,49392413014.0,1.16,1.56,40.29,0.13,30.0
2012-05-23,2621.79,2616.87,2635.78,2598.29,43719531,52563403310.0,1.43,-0.41,-10.65,0.13,37.49000000000024
2012-05-24,2613.09,2595.26,2630.41,2588.21,42844066,50064439874.0,1.61,-0.83,-21.61,0.13,42.19999999999982
2012-05-25,2595.26,2573.1,2602.17,2565.65,39273004,41420081778.0,1.41,-0.85,-22.16,0.12,36.51999999999998
2012-05-28,2562.6,2614.69,2614.85,2545.34,56339275,58412343035.0,2.7,1.62,41.59,0.17,69.50999999999976
2012-05-29,2615.15,2650.85,2658.25,2612.56,72135637,78681504585.0,1.75,1.38,36.16,0.22,45.690000000000055
2012-05-30,2646.37,2642.26,2655.16,2636.52,51855436,56976275428.0,0.7,-0.32,-8.59,0.16,18.639999999999873
2012-05-31,2623.16,2632.04,2645.59,2617.23,44107469,49875041384.0,1.07,-0.39,-10.22,0.14,28.360000000000127
2012-06-01,2633.6,2633.0,2653.86,2623.29,44191056,53843404285.0,1.16,0.04,0.96,0.14,30.570000000000164
2012-06-04,2598.73,2559.03,2608.32,2558.92,52478502,60615569451.0,1.88,-2.81,-73.97,0.16,49.40000000000009
2012-06-05,2565.19,2558.84,2573.89,2548.76,37779910,43553303591.0,0.98,-0.01,-0.19,0.12,25.129999999999654
2012-06-06,2564.23,2557.4,2573.74,2547.33,33857694,41316908581.0,1.03,-0.06,-1.44,0.1,26.409999999999854
2012-06-07,2579.43,2542.18,2584.04,2536.26,34841186,42053000073.0,1.87,-0.6,-15.22,0.11,47.779999999999745
2012-06-08,2558.84,2524.33,2559.13,2520.41,43856426,47638005888.0,1.52,-0.7,-17.85,0.13,38.720000000000255
2012-06-11,2529.6,2558.26,2565.43,2523.77,40098260,43449657466.0,1.65,1.34,33.93,0.12,41.659999999999854
2012-06-12,2543.76,2540.18,2553.92,2529.95,37936676,40259911520.0,0.94,-0.71,-18.08,0.12,23.970000000000255
2012-06-13,2546.79,2580.64,2581.11,2539.63,45014568,51291269477.0,1.63,1.59,40.46,0.14,41.48000000000002
2012-06-14,2573.33,2560.42,2584.71,2558.56,40247934,46331822555.0,1.01,-0.78,-20.22,0.12,26.15000000000009
2012-06-15,2565.19,2568.05,2580.17,2538.57,42786078,48868302897.0,1.62,0.3,7.63,0.13,41.59999999999991
2012-06-18,2576.63,2581.21,2593.22,2572.99,35693628,40852450181.0,0.79,0.51,13.16,0.11,20.230000000000018
2012-06-19,2577.36,2558.62,2577.36,2556.1,32700553,37020041266.0,0.82,-0.88,-22.59,0.1,21.26000000000022
2012-06-20,2563.64,2552.61,2570.66,2549.44,29850639,33573669769.0,0.83,-0.23,-6.01,0.09,21.2199999999998
2012-06-21,2547.05,2512.19,2547.05,2502.42,35396732,38607959039.0,1.75,-1.58,-40.42,0.11,44.63000000000011
2012-06-25,2501.16,2456.52,2501.16,2455.01,40106735,42503507171.0,1.84,-2.22,-55.67,0.12,46.149999999999636
2012-06-26,2442.56,2454.92,2465.12,2434.64,31734008,33896511717.0,1.24,-0.07,-1.6,0.1,30.480000000000018
2012-06-27,2452.67,2447.2,2470.76,2444.34,30007553,31437597414.0,1.08,-0.31,-7.72,0.09,26.420000000000073
2012-06-28,2451.66,2425.73,2459.19,2425.24,30543113,34418793210.0,1.39,-0.88,-21.47,0.09,33.95000000000027
2012-06-29,2418.86,2461.61,2462.81,2417.49,37994941,40976538386.0,1.87,1.48,35.88,0.12,45.320000000000164
2012-07-02,2473.54,2465.24,2473.97,2452.99,40510078,45651476527.0,0.85,0.15,3.63,0.12,20.980000000000018
2012-07-03,2464.85,2468.72,2490.55,2457.45,38693354,45004653879.0,1.34,0.14,3.48,0.12,33.100000000000364
2012-07-04,2474.53,2464.92,2481.34,2456.0,34452142,37837659888.0,1.03,-0.15,-3.8,0.11,25.340000000000146
2012-07-05,2450.3,2430.37,2450.3,2420.0,34726145,35946204421.0,1.23,-1.4,-34.55,0.11,30.300000000000182
2012-07-06,2435.06,2472.61,2477.23,2420.36,49610605,56601778899.0,2.34,1.74,42.24,0.15,56.86999999999989
2012-07-09,2455.89,2416.04,2470.21,2414.95,49223302,54601732513.0,2.23,-2.29,-56.57,0.15,55.26000000000022
2012-07-10,2411.0,2406.71,2426.53,2402.37,35549984,38539025245.0,1.0,-0.39,-9.33,0.11,24.16000000000031
2012-07-11,2402.18,2425.57,2427.79,2402.15,37624312,39851892244.0,1.07,0.78,18.86,0.12,25.639999999999873
2012-07-12,2420.04,2449.18,2460.56,2404.58,56717691,65137536868.0,2.31,0.97,23.61,0.17,55.98000000000002
2012-07-13,2441.01,2450.63,2467.99,2438.98,36725256,42013581196.0,1.18,0.06,1.45,0.11,29.009999999999764
2012-07-16,2452.59,2399.73,2452.59,2399.61,42771870,45844882072.0,2.16,-2.08,-50.9,0.13,52.98000000000002
2012-07-17,2391.9,2414.2,2421.93,2391.28,33424329,38285441648.0,1.28,0.6,14.47,0.1,30.649999999999636
2012-07-18,2412.06,2414.33,2420.78,2373.65,41751788,44325492550.0,1.95,0.01,0.13,0.13,47.13000000000011
2012-07-19,2407.44,2424.32,2444.06,2401.29,46949052,47704038961.0,1.77,0.41,9.99,0.14,42.76999999999998
2012-07-20,2415.71,2398.46,2423.8,2392.18,37619754,36683623955.0,1.3,-1.07,-25.86,0.12,31.620000000000346
2012-07-23,2379.89,2365.43,2379.89,2357.51,32390369,33178928582.0,0.93,-1.38,-33.03,0.1,22.379999999999654
2012-07-24,2353.22,2375.99,2392.35,2352.8,30310079,31149105846.0,1.67,0.45,10.56,0.09,39.54999999999973
2012-07-25,2368.38,2360.08,2381.04,2357.47,24896501,25730598144.0,0.99,-0.67,-15.91,0.08,23.570000000000164
2012-07-26,2360.13,2347.49,2374.87,2344.7,31314094,31326395007.0,1.28,-0.53,-12.59,0.1,30.170000000000073
2012-07-27,2353.94,2349.11,2364.98,2341.29,31090525,33048182067.0,1.01,0.07,1.62,0.1,23.690000000000055
2012-07-30,2350.78,2335.79,2367.03,2334.0,30484851,29907972257.0,1.41,-0.57,-13.32,0.09,33.0300000000002
2012-07-31,2336.88,2332.92,2350.07,2329.5,32099723,31196332451.0,0.88,-0.12,-2.87,0.1,20.570000000000164
2012-08-01,2332.13,2358.65,2371.12,2331.95,31420848,31277764382.0,1.68,1.1,25.73,0.1,39.17000000000007
2012-08-02,2354.07,2334.88,2358.56,2325.61,31516159,29751166648.0,1.4,-1.01,-23.77,0.1,32.94999999999982
2012-08-03,2340.25,2353.74,2354.16,2329.93,29769785,31106947335.0,1.04,0.81,18.86,0.09,24.230000000000018
2012-08-06,2350.12,2385.61,2388.36,2348.12,41820665,43686686303.0,1.71,1.35,31.87,0.13,40.24000000000024
2012-08-07,2383.26,2388.87,2390.78,2379.45,38285489,40403711505.0,0.47,0.14,3.26,0.12,11.330000000000382
2012-08-08,2390.96,2389.79,2405.18,2382.82,37810451,41340862162.0,0.94,0.04,0.92,0.12,22.359999999999673
2012-08-09,2388.43,2411.7,2412.14,2378.85,35658951,43256096919.0,1.39,0.92,21.91,0.11,33.289999999999964
2012-08-10,2409.94,2399.75,2413.42,2395.91,34702995,40699222527.0,0.73,-0.5,-11.95,0.11,17.51000000000022
2012-08-13,2394.5,2351.93,2394.5,2350.81,44783546,46249676189.0,1.82,-1.99,-47.82,0.14,43.690000000000055
2012-08-14,2352.66,2357.02,2357.85,2324.91,39850066,42404687531.0,1.4,0.22,5.09,0.12,32.940000000000055
2012-08-15,2350.02,2331.61,2350.02,2330.15,30580176,30332554840.0,0.84,-1.08,-25.41,0.09,19.86999999999989
2012-08-16,2327.91,2319.67,2335.4,2317.06,25902905,27076003542.0,0.79,-0.51,-11.94,0.08,18.340000000000146
2012-08-17,2318.43,2313.48,2322.89,2295.16,26065717,28629966797.0,1.2,-0.27,-6.19,0.08,27.730000000000018
2012-08-20,2294.9,2301.79,2307.41,2279.95,27402033,27174816852.0,1.19,-0.51,-11.69,0.08,27.460000000000036
2012-08-21,2301.93,2313.7,2327.38,2296.55,34895100,34757869338.0,1.34,0.52,11.91,0.11,30.829999999999927
2012-08-22,2315.14,2295.59,2317.37,2285.75,31708412,31547519179.0,1.37,-0.78,-18.11,0.1,31.61999999999989
2012-08-23,2298.18,2302.2,2311.65,2285.37,31335342,33789603948.0,1.14,0.29,6.61,0.1,26.2800000000002
2012-08-24,2295.68,2275.68,2299.3,2274.57,31869591,32986336544.0,1.07,-1.15,-26.52,0.1,24.730000000000018
2012-08-27,2268.49,2228.2,2268.49,2228.15,37386191,35384156112.0,1.77,-2.09,-47.48,0.11,40.33999999999969
2012-08-28,2226.9,2238.41,2250.6,2222.0,33773615,30331076332.0,1.28,0.46,10.21,0.1,28.59999999999991
2012-08-29,2230.2,2214.81,2240.11,2214.43,29010648,27396186648.0,1.15,-1.05,-23.6,0.09,25.68000000000029
2012-08-30,2204.51,2211.37,2223.2,2188.72,35491310,33867206144.0,1.56,-0.16,-3.44,0.11,34.48000000000002
2012-08-31,2205.57,2204.87,2218.87,2203.12,25964986,23340891008.0,0.71,-0.29,-6.5,0.08,15.75
2012-09-03,2201.12,2228.37,2236.56,2197.71,38548592,35299176733.0,1.76,1.07,23.5,0.12,38.84999999999991
2012-09-04,2231.72,2204.41,2234.88,2199.51,34852688,33220203922.0,1.59,-1.08,-23.96,0.11,35.36999999999989
2012-09-05,2199.74,2199.88,2209.54,2186.96,34751824,30445168179.0,1.02,-0.21,-4.53,0.11,22.579999999999927
2012-09-06,2204.44,2217.82,2218.68,2199.86,31695884,26873315868.0,0.86,0.82,17.94,0.1,18.81999999999971
2012-09-07,2233.91,2317.18,2341.52,2233.91,94529764,84302249171.0,4.85,4.48,99.36,0.29,107.61000000000013
2012-09-10,2320.56,2326.67,2334.5,2313.57,65330554,63252038538.0,0.9,0.41,9.49,0.2,20.929999999999836
2012-09-11,2316.53,2311.89,2316.53,2294.82,46260719,43389766043.0,0.93,-0.64,-14.78,0.14,21.710000000000036
2012-09-12,2325.93,2320.07,2337.2,2298.3,49622518,46485174475.0,1.68,0.35,8.18,0.15,38.899999999999636
2012-09-13,2316.68,2298.46,2325.53,2298.37,42049849,38023998305.0,1.17,-0.93,-21.61,0.13,27.16000000000031
2012-09-14,2324.01,2315.54,2332.42,2298.83,61571814,55438612876.0,1.46,0.74,17.08,0.19,33.590000000000146
2012-09-17,2312.05,2258.71,2314.99,2258.18,48984734,43753169666.0,2.45,-2.45,-56.83,0.15,56.809999999999945
2012-09-18,2249.43,2235.24,2253.14,2228.04,33228696,30171497189.0,1.11,-1.04,-23.47,0.1,25.09999999999991
2012-09-19,2237.22,2246.24,2249.24,2229.49,34349706,32607010935.0,0.88,0.49,11.0,0.11,19.75
2012-09-20,2236.19,2195.95,2236.19,2194.22,42545779,38385856464.0,1.87,-2.24,-50.29,0.13,41.970000000000255
2012-09-21,2190.33,2199.06,2217.47,2186.53,38120593,34043368088.0,1.41,0.14,3.11,0.12,30.9399999999996
2012-09-24,2183.97,2215.52,2225.8,2172.88,37501686,33608761246.0,2.41,0.75,16.46,0.11,52.92000000000007
2012-09-25,2209.98,2210.15,2225.33,2202.38,27877019,26677064455.0,1.04,-0.24,-5.37,0.09,22.949999999999818
2012-09-26,2208.91,2184.89,2216.82,2181.08,27454626,24918916453.0,1.62,-1.14,-25.26,0.08,35.74000000000024
2012-09-27,2186.0,2251.72,2266.3,2185.77,53016900,48210577766.0,3.69,3.06,66.83,0.16,80.5300000000002
2012-09-28,2235.06,2293.11,2297.03,2234.32,57875825,54431465854.0,2.78,1.84,41.39,0.18,62.710000000000036
2012-10-08,2291.96,2270.05,2305.18,2258.11,35534424,33915840250.0,2.05,-1.01,-23.06,0.11,47.06999999999971
2012-10-09,2281.75,2320.16,2327.73,2281.75,52548887,48330196363.0,2.03,2.21,50.11,0.16,45.98000000000002
2012-10-10,2314.59,2324.12,2325.75,2304.61,42686238,37873996221.0,0.91,0.17,3.96,0.13,21.139999999999873
2012-10-11,2315.9,2302.53,2321.35,2300.93,41300655,36172963459.0,0.88,-0.93,-21.59,0.13,20.420000000000073
2012-10-12,2311.28,2304.53,2332.15,2287.01,36874145,33205903773.0,1.96,0.09,2.0,0.11,45.13999999999987
2012-10-15,2306.01,2294.86,2307.88,2278.46,28651746,28569021615.0,1.28,-0.42,-9.67,0.09,29.420000000000073
2012-10-16,2293.24,2298.16,2315.45,2287.59,32059679,32705140504.0,1.21,0.14,3.3,0.1,27.859999999999673
2012-10-17,2307.36,2300.8,2312.17,2280.82,33349409,31270899032.0,1.36,0.11,2.64,0.1,31.34999999999991
2012-10-18,2307.49,2336.08,2341.12,2305.88,50615100,45050292530.0,1.53,1.53,35.28,0.16,35.23999999999978
2012-10-19,2335.1,2332.47,2342.53,2328.73,35927732,33173031578.0,0.59,-0.15,-3.61,0.11,13.800000000000182
2012-10-22,2320.47,2341.59,2347.9,2315.9,34368286,32815273277.0,1.37,0.39,9.12,0.11,32.0
2012-10-23,2340.89,2312.08,2344.04,2309.25,37221272,33716876575.0,1.49,-1.26,-29.51,0.11,34.789999999999964
2012-10-24,2303.4,2307.78,2321.43,2302.17,37542445,30392377974.0,0.83,-0.19,-4.3,0.11,19.259999999999764
2012-10-25,2306.73,2291.24,2322.92,2288.6,44351531,33183528714.0,1.49,-0.72,-16.54,0.14,34.320000000000164
2012-10-26,2291.31,2247.91,2293.18,2237.06,40900519,34530067051.0,2.45,-1.89,-43.33,0.13,56.11999999999989
2012-10-29,2241.8,2235.85,2248.14,2227.65,27581325,25328650697.0,0.91,-0.54,-12.06,0.08,20.48999999999978
2012-10-30,2236.32,2239.88,2257.95,2231.78,34083125,29516628523.0,1.17,0.18,4.03,0.1,26.169999999999618
2012-10-31,2241.43,2254.82,2256.09,2233.68,37169795,30634360248.0,1.0,0.67,14.94,0.11,22.41000000000031
2012-11-01,2256.61,2297.88,2305.63,2256.41,50761729,45602138249.0,2.18,1.91,43.06,0.16,49.220000000000255
2012-11-02,2297.9,2306.77,2309.67,2284.72,39833288,34893875754.0,1.09,0.39,8.89,0.12,24.950000000000273
2012-11-05,2302.74,2301.88,2318.23,2290.14,39510372,33663152794.0,1.22,-0.21,-4.89,0.12,28.090000000000146
2012-11-06,2301.98,2292.21,2304.05,2260.51,39280627,34473381993.0,1.89,-0.42,-9.67,0.12,43.539999999999964
2012-11-07,2288.76,2287.5,2300.89,2277.02,33067403,30278449435.0,1.04,-0.21,-4.71,0.1,23.86999999999989
2012-11-08,2269.58,2245.41,2275.4,2245.4,35426475,30411864845.0,1.31,-1.84,-42.09,0.11,30.0
2012-11-09,2241.76,2240.92,2252.2,2235.23,30506968,24374277793.0,0.76,-0.2,-4.49,0.09,16.9699999999998
2012-11-12,2242.96,2251.85,2254.7,2232.74,34721685,29040821378.0,0.98,0.49,10.93,0.11,21.960000000000036
2012-11-13,2250.84,2212.44,2250.84,2208.72,34083704,28818451577.0,1.87,-1.75,-39.41,0.1,42.120000000000346
2012-11-14,2213.09,2223.11,2225.12,2206.0,26758790,23592323468.0,0.86,0.48,10.67,0.08,19.11999999999989
2012-11-15,2210.75,2193.62,2220.99,2193.52,28319151,23778694920.0,1.24,-1.33,-29.49,0.09,27.4699999999998
2012-11-16,2189.51,2177.24,2191.61,2162.98,30247786,26118247405.0,1.31,-0.75,-16.38,0.09,28.63000000000011
2012-11-19,2175.18,2174.99,2176.49,2149.54,26978666,26737221714.0,1.24,-0.1,-2.25,0.08,26.949999999999818
2012-11-20,2180.21,2164.88,2184.33,2163.53,23948916,22999196160.0,0.96,-0.46,-10.11,0.07,20.799999999999727
2012-11-21,2165.41,2194.9,2195.46,2151.38,30508482,27121949931.0,2.04,1.39,30.02,0.09,44.07999999999993
2012-11-22,2181.18,2177.55,2185.58,2169.66,22912351,21536153037.0,0.73,-0.79,-17.35,0.07,15.920000000000073
2012-11-23,2184.41,2192.68,2202.47,2179.73,28667493,26307630050.0,1.04,0.69,15.13,0.09,22.73999999999978
2012-11-26,2187.24,2175.6,2191.36,2172.1,24742696,22231498412.0,0.88,-0.78,-17.08,0.08,19.26000000000022
2012-11-27,2168.59,2150.64,2173.46,2150.22,31946746,26149735216.0,1.07,-1.15,-24.96,0.1,23.240000000000236
2012-11-28,2142.5,2129.16,2144.8,2126.03,30009339,24423321714.0,0.87,-1.0,-21.48,0.09,18.769999999999982
2012-11-29,2128.8,2115.68,2140.88,2114.48,29670625,24016256021.0,1.24,-0.63,-13.48,0.09,26.40000000000009
2012-11-30,2114.24,2139.66,2142.86,2109.96,36406911,28552066162.0,1.56,1.13,23.98,0.11,32.90000000000009
2012-12-03,2136.7,2108.85,2152.61,2108.15,40186762,34173653616.0,2.08,-1.44,-30.81,0.12,44.460000000000036
2012-12-04,2104.93,2131.47,2135.66,2102.14,36225915,31732336903.0,1.59,1.07,22.62,0.11,33.51999999999998
2012-12-05,2128.39,2207.88,2219.09,2126.79,82487103,69109050480.0,4.33,3.58,76.41,0.25,92.30000000000018
2012-12-06,2205.6,2203.6,2216.98,2191.23,48574689,42758570153.0,1.17,-0.19,-4.28,0.15,25.75
2012-12-07,2203.89,2246.76,2250.53,2198.11,76169748,64996499283.0,2.38,1.96,43.16,0.23,52.42000000000007
2012-12-10,2254.92,2271.05,2276.28,2250.44,73375475,61399772028.0,1.15,1.08,24.29,0.22,25.840000000000146
2012-12-11,2263.21,2258.5,2274.99,2254.3,51468703,45087981874.0,0.91,-0.55,-12.55,0.16,20.6899999999996
2012-12-12,2257.73,2267.77,2273.21,2247.95,45006454,39182538242.0,1.12,0.41,9.27,0.14,25.26000000000022
2012-12-13,2260.6,2242.64,2266.72,2242.56,41942100,36665684856.0,1.07,-1.11,-25.13,0.13,24.159999999999854
2012-12-14,2245.64,2355.86,2357.11,2245.64,110892562,93934741143.0,4.97,5.05,113.22,0.34,111.47000000000025
2012-12-17,2359.2,2366.7,2380.0,2358.66,94088195,85000820332.0,0.91,0.46,10.84,0.29,21.340000000000146
2012-12-18,2361.09,2368.12,2398.63,2347.08,85784849,78802837302.0,2.18,0.06,1.42,0.26,51.55000000000018
2012-12-19,2362.8,2371.11,2387.14,2358.03,63292530,61140748228.0,1.23,0.13,2.99,0.19,29.109999999999673
2012-12-20,2361.32,2384.82,2391.92,2346.55,65655462,63028692015.0,1.91,0.58,13.71,0.2,45.36999999999989
2012-12-21,2386.38,2372.0,2414.22,2365.03,68714158,66887708129.0,2.06,-0.54,-12.82,0.21,49.1899999999996
2012-12-24,2368.01,2381.22,2396.73,2367.04,53087004,54121541302.0,1.25,0.39,9.22,0.16,29.690000000000055
2012-12-25,2373.88,2448.4,2459.3,2365.41,95502350,89877770350.0,3.94,2.82,67.18,0.29,93.89000000000033
2012-12-26,2445.99,2457.62,2458.01,2441.64,71591828,68406242066.0,0.67,0.38,9.22,0.22,16.370000000000346
2012-12-27,2464.78,2444.59,2479.79,2443.68,73255067,69327603833.0,1.47,-0.53,-13.03,0.22,36.11000000000013
2012-12-28,2448.08,2480.05,2481.59,2444.38,67166321,66053288179.0,1.52,1.45,35.46,0.21,37.210000000000036
2012-12-31,2485.56,2522.95,2522.95,2485.56,82002293,81149079560.0,1.51,1.73,42.9,0.25,37.38999999999987
2013-01-04,2551.81,2524.41,2558.53,2498.89,97988182,95579245007.0,2.36,0.06,1.46,0.3,59.64000000000033
2013-01-07,2518.05,2535.99,2545.97,2511.6,75167993,73167512509.0,1.36,0.46,11.58,0.23,34.36999999999989
2013-01-08,2534.65,2525.33,2540.51,2502.49,71837100,76498061772.0,1.5,-0.42,-10.66,0.22,38.02000000000044
2013-01-09,2518.1,2526.13,2534.24,2504.3,70231170,74233596955.0,1.19,0.03,0.8,0.22,29.9399999999996
2013-01-10,2525.59,2530.57,2553.35,2513.73,71085862,71159045499.0,1.57,0.18,4.44,0.22,39.61999999999989
2013-01-11,2533.5,2483.23,2539.79,2473.7,74239176,72775921987.0,2.61,-1.87,-47.34,0.23,66.09000000000015
2013-01-14,2474.18,2577.73,2583.62,2474.0,93554091,96853471373.0,4.41,3.81,94.5,0.29,109.61999999999989
2013-01-15,2579.13,2595.86,2605.41,2576.92,98620805,101356961358.0,1.11,0.7,18.13,0.3,28.48999999999978
2013-01-16,2591.36,2577.09,2600.09,2540.52,93536084,95564995007.0,2.29,-0.72,-18.77,0.29,59.570000000000164
2013-01-17,2570.71,2552.76,2575.06,2539.67,69915239,71716118533.0,1.37,-0.94,-24.33,0.21,35.38999999999987
2013-01-18,2568.69,2595.44,2607.45,2553.45,77940303,77435163470.0,2.12,1.67,42.68,0.24,54.0
2013-01-21,2605.65,2610.9,2611.2,2582.65,84133742,85357442058.0,1.1,0.6,15.46,0.26,28.549999999999727
2013-01-22,2610.39,2596.9,2620.02,2578.18,105766275,102261160399.0,1.6,-0.54,-14.0,0.32,41.840000000000146
2013-01-23,2588.2,2607.46,2611.41,2576.36,75739444,72758926411.0,1.35,0.41,10.56,0.23,35.04999999999973
2013-01-24,2606.43,2582.75,2663.4,2564.21,111277172,109537680297.0,3.8,-0.95,-24.71,0.34,99.19000000000005
2013-01-25,2580.88,2571.67,2591.51,2567.11,58487359,60689373994.0,0.94,-0.43,-11.08,0.18,24.40000000000009
2013-01-28,2577.27,2651.86,2651.97,2577.27,91274790,98173275704.0,2.9,3.12,80.19,0.28,74.69999999999982
2013-01-29,2655.38,2675.87,2685.53,2646.15,101040229,108827009893.0,1.48,0.91,24.01,0.31,39.38000000000011
2013-01-30,2678.43,2688.71,2689.68,2662.06,99874990,100856652553.0,1.03,0.48,12.84,0.31,27.61999999999989
2013-01-31,2690.95,2686.88,2696.88,2671.33,96740101,94476820552.0,0.95,-0.07,-1.83,0.3,25.550000000000182
2013-02-01,2677.19,2743.32,2744.32,2671.27,103879515,110560933901.0,2.72,2.1,56.44,0.32,73.05000000000018
2013-02-04,2753.69,2748.03,2768.5,2731.08,127939179,136119589827.0,1.36,0.17,4.71,0.39,37.42000000000007
2013-02-05,2727.93,2771.68,2779.95,2725.36,116130819,112701171610.0,1.99,0.86,23.65,0.36,54.58999999999969
2013-02-06,2771.91,2775.84,2787.46,2765.74,82779271,88989578113.0,0.78,0.15,4.16,0.25,21.720000000000255
2013-02-07,2771.53,2759.87,2775.97,2722.87,89978142,95978595584.0,1.91,-0.58,-15.97,0.28,53.09999999999991
2013-02-08,2755.65,2771.73,2791.3,2747.95,77429644,82903631783.0,1.57,0.43,11.86,0.24,43.350000000000364
2013-02-18,2784.06,2737.47,2787.74,2731.51,76438227,81001366822.0,2.03,-1.24,-34.26,0.23,56.22999999999956
2013-02-19,2735.04,2685.61,2740.74,2674.34,80626431,82460808230.0,2.43,-1.89,-51.86,0.25,66.39999999999964
2013-02-20,2686.09,2702.64,2703.1,2665.23,70019377,73636360656.0,1.41,0.63,17.03,0.21,37.86999999999989
2013-02-21,2675.74,2610.55,2675.74,2584.76,100657984,103619498796.0,3.37,-3.41,-92.09,0.31,90.97999999999956
2013-02-22,2607.65,2596.6,2618.48,2591.15,60204852,65899100176.0,1.05,-0.53,-13.95,0.18,27.329999999999927
2013-02-25,2607.15,2604.96,2628.7,2590.79,53161942,55614493314.0,1.46,0.32,8.36,0.16,37.909999999999854
2013-02-26,2587.38,2567.59,2631.09,2564.67,80003065,83373960556.0,2.55,-1.43,-37.37,0.25,66.42000000000007
2013-02-27,2576.05,2594.68,2615.25,2569.38,63226743,64612274221.0,1.79,1.06,27.09,0.19,45.86999999999989
2013-02-28,2611.94,2673.33,2673.71,2594.0,86922595,92235377254.0,3.07,3.03,78.65,0.27,79.71000000000004
2013-03-01,2671.84,2668.84,2680.85,2627.0,73343753,80342747703.0,2.01,-0.17,-4.49,0.22,53.84999999999991
2013-03-04,2619.42,2545.72,2619.57,2528.69,110619103,112585043728.0,3.41,-4.61,-123.12,0.34,90.88000000000011
2013-03-05,2547.89,2622.81,2623.17,2541.77,89661152,92357133815.0,3.2,3.03,77.09,0.27,81.40000000000009
2013-03-06,2634.87,2650.2,2658.14,2620.43,95829652,95048891279.0,1.44,1.04,27.39,0.29,37.710000000000036
2013-03-07,2639.78,2619.48,2658.97,2592.87,94082666,96498095994.0,2.49,-1.16,-30.72,0.29,66.09999999999991
2013-03-08,2622.68,2606.93,2632.62,2601.96,59429557,63054592405.0,1.17,-0.48,-12.55,0.18,30.659999999999854
2013-03-11,2600.28,2592.37,2611.65,2574.17,50946436,52460900851.0,1.44,-0.56,-14.56,0.16,37.48000000000002
2013-03-12,2590.39,2555.61,2619.51,2530.25,71935141,71675127580.0,3.44,-1.42,-36.76,0.22,89.26000000000022
2013-03-13,2551.73,2527.49,2556.77,2515.06,56430460,56003723639.0,1.63,-1.1,-28.12,0.17,41.710000000000036
2013-03-14,2517.75,2534.27,2546.7,2514.46,47605756,49929775447.0,1.28,0.27,6.78,0.15,32.23999999999978
2013-03-15,2533.72,2539.87,2600.09,2504.46,81372185,82749877355.0,3.77,0.22,5.6,0.25,95.63000000000011
2013-03-18,2526.08,2502.49,2544.62,2499.83,59812778,63093556699.0,1.76,-1.47,-37.38,0.18,44.789999999999964
2013-03-19,2507.4,2525.1,2532.07,2491.85,54536476,55601011985.0,1.61,0.9,22.61,0.17,40.220000000000255
2013-03-20,2526.97,2610.17,2610.17,2526.83,90700622,91271022200.0,3.3,3.37,85.07,0.28,83.34000000000015
2013-03-21,2611.58,2614.99,2626.54,2598.51,69552756,71642665537.0,1.07,0.18,4.82,0.21,28.029999999999745
2013-03-22,2612.26,2618.31,2625.53,2603.34,55647141,55882142445.0,0.85,0.13,3.32,0.17,22.190000000000055
2013-03-25,2628.41,2613.1,2641.61,2607.61,56261402,58004930851.0,1.3,-0.2,-5.21,0.17,34.0
2013-03-26,2601.96,2575.05,2607.36,2554.97,63962961,65306571624.0,2.0,-1.46,-38.05,0.2,52.39000000000033
2013-03-27,2575.73,2583.53,2611.94,2566.34,56906517,58652246310.0,1.77,0.33,8.48,0.17,45.59999999999991
2013-03-28,2535.99,2499.3,2535.99,2495.08,87578405,84725899121.0,1.58,-3.26,-84.23,0.27,40.909999999999854
2013-03-29,2502.78,2495.08,2509.11,2482.49,52402137,52055540480.0,1.07,-0.17,-4.22,0.16,26.620000000000346
2013-04-01,2486.43,2493.19,2507.82,2483.73,47346022,47159820558.0,0.97,-0.08,-1.89,0.15,24.090000000000146
2013-04-02,2495.84,2486.39,2524.46,2475.0,55684152,55637391748.0,1.98,-0.27,-6.8,0.17,49.460000000000036
2013-04-03,2493.88,2483.55,2507.14,2474.93,45564221,45156719409.0,1.3,-0.11,-2.84,0.14,32.210000000000036
2013-04-08,2443.24,2472.3,2473.31,2429.5,53296772,55249297714.0,1.76,-0.45,-11.25,0.16,43.809999999999945
2013-04-09,2477.29,2489.43,2505.29,2477.29,52389824,54947035592.0,1.13,0.69,17.13,0.16,28.0
2013-04-10,2487.98,2485.31,2495.57,2466.19,47504913,51963820632.0,1.18,-0.17,-4.12,0.15,29.38000000000011
2013-04-11,2502.5,2477.88,2508.59,2476.4,42989958,43039949368.0,1.3,-0.3,-7.43,0.13,32.190000000000055
2013-04-12,2476.32,2462.11,2489.12,2460.18,39917278,40428047827.0,1.17,-0.64,-15.77,0.12,28.940000000000055
2013-04-15,2453.97,2436.82,2461.67,2430.15,46539734,44084843341.0,1.28,-1.03,-25.29,0.14,31.519999999999982
2013-04-16,2419.51,2459.59,2461.05,2416.62,55280613,53783255198.0,1.82,0.93,22.77,0.17,44.43000000000029
2013-04-17,2457.88,2458.47,2465.2,2437.34,44692164,46800831850.0,1.13,-0.05,-1.12,0.14,27.859999999999673
2013-04-18,2440.71,2464.85,2478.41,2434.73,42860707,46270137159.0,1.78,0.26,6.38,0.13,43.679999999999836
2013-04-19,2469.95,2533.83,2542.45,2469.32,75520876,76723675264.0,2.97,2.8,68.98,0.23,73.12999999999965
2013-04-22,2525.11,2530.67,2539.05,2518.26,62511883,63027024091.0,0.82,-0.12,-3.16,0.19,20.789999999999964
2013-04-23,2532.2,2449.47,2532.2,2448.2,60653982,61576157889.0,3.32,-3.21,-81.2,0.19,84.0
2013-04-24,2452.78,2495.58,2511.2,2446.59,63050916,62189421706.0,2.64,1.88,46.11,0.19,64.60999999999967
2013-04-25,2486.86,2467.88,2505.48,2456.57,60557927,59891284466.0,1.96,-1.11,-27.7,0.19,48.909999999999854
2013-04-26,2477.72,2447.31,2488.58,2439.8,47123378,46351986661.0,1.98,-0.83,-20.57,0.14,48.779999999999745
2013-05-02,2434.6,2449.64,2453.75,2423.08,47016088,47200448204.0,1.25,0.1,2.33,0.14,30.670000000000073
2013-05-03,2457.54,2492.91,2521.12,2457.54,62330091,63267042656.0,2.6,1.77,43.27,0.19,63.57999999999993
2013-05-06,2502.98,2525.98,2533.85,2500.46,60418780,61767951099.0,1.34,1.33,33.07,0.19,33.38999999999987
2013-05-07,2519.36,2529.94,2539.3,2507.76,54490643,59244949469.0,1.25,0.16,3.96,0.17,31.539999999999964
2013-05-08,2542.27,2542.8,2562.01,2531.25,59554294,60309148841.0,1.22,0.51,12.86,0.18,30.76000000000022
2013-05-09,2542.37,2527.79,2543.3,2507.79,60240145,64438292561.0,1.4,-0.59,-15.01,0.18,35.51000000000022
2013-05-10,2519.52,2540.84,2546.98,2515.16,48816728,50896689221.0,1.26,0.52,13.05,0.15,31.820000000000164
2013-05-13,2542.41,2530.77,2547.6,2516.73,54092147,55155093224.0,1.21,-0.4,-10.07,0.17,30.86999999999989
2013-05-14,2526.0,2493.34,2526.15,2479.87,54880064,56144573527.0,1.83,-1.48,-37.43,0.17,46.2800000000002
2013-05-15,2493.97,2506.93,2507.43,2491.93,44189660,47578585624.0,0.62,0.55,13.59,0.14,15.5
2013-05-16,2501.12,2552.71,2553.06,2487.76,70796182,76830436307.0,2.6,1.83,45.78,0.22,65.29999999999973
2013-05-17,2550.45,2592.05,2598.71,2547.78,81850801,83599367908.0,2.0,1.54,39.34,0.25,50.929999999999836
2013-05-20,2597.15,2609.61,2627.62,2590.05,86337803,94059415836.0,1.45,0.68,17.56,0.26,37.56999999999971
2013-05-21,2607.39,2614.85,2617.4,2594.25,71505994,75837813846.0,0.89,0.2,5.24,0.22,23.15000000000009
2013-05-22,2613.41,2618.03,2630.07,2603.75,74191817,78224126421.0,1.01,0.12,3.18,0.23,26.320000000000164
2013-05-23,2604.93,2582.85,2624.08,2579.35,84825370,81359908175.0,1.71,-1.34,-35.18,0.26,44.73000000000002
2013-05-24,2591.42,2597.23,2608.35,2572.88,60739669,62831235051.0,1.37,0.56,14.38,0.19,35.4699999999998
2013-05-27,2593.52,2599.59,2611.97,2589.74,64195080,66701652802.0,0.86,0.09,2.36,0.2,22.230000000000018
2013-05-28,2600.63,2644.36,2644.36,2585.9,84196112,86756736777.0,2.25,1.72,44.77,0.26,58.460000000000036
2013-05-29,2648.93,2642.56,2661.23,2640.88,79277709,81953853231.0,0.77,-0.07,-1.8,0.24,20.34999999999991
2013-05-30,2633.96,2634.32,2647.44,2623.58,70146368,71045065872.0,0.9,-0.31,-8.24,0.21,23.860000000000127
2013-05-31,2638.71,2606.43,2645.56,2604.75,62528533,65904433688.0,1.55,-1.06,-27.89,0.19,40.809999999999945
2013-06-03,2605.97,2602.62,2625.94,2596.05,59774468,63008705172.0,1.15,-0.15,-3.81,0.18,29.889999999999873
2013-06-04,2600.5,2565.67,2600.5,2556.06,66315750,63139420045.0,1.71,-1.42,-36.95,0.2,44.440000000000055
2013-06-05,2565.33,2560.54,2570.03,2545.19,45637193,47367057838.0,0.97,-0.2,-5.13,0.14,24.840000000000146
2013-06-06,2552.82,2527.84,2557.68,2525.31,52496529,54448113429.0,1.26,-1.28,-32.7,0.16,32.36999999999989
2013-06-07,2526.91,2484.16,2538.89,2475.69,61030894,61366173745.0,2.5,-1.73,-43.68,0.19,63.19999999999982
2013-06-13,2448.72,2399.94,2448.72,2375.2,69730066,64081598112.0,2.96,-3.39,-84.22,0.21,73.51999999999998
2013-06-14,2404.42,2416.77,2420.36,2396.49,55964534,53686779328.0,0.99,0.7,16.83,0.17,23.870000000000346
2013-06-17,2422.76,2403.84,2427.53,2394.39,50395711,51983757469.0,1.37,-0.54,-12.93,0.15,33.14000000000033
2013-06-18,2413.09,2418.75,2424.2,2393.32,48630379,48792090467.0,1.28,0.62,14.91,0.15,30.879999999999654
2013-06-19,2408.28,2400.76,2408.28,2366.35,54346260,52979991053.0,1.73,-0.74,-17.99,0.17,41.93000000000029
2013-06-20,2386.1,2321.47,2386.1,2320.23,55201020,52171735063.0,2.74,-3.3,-79.29,0.17,65.86999999999989
2013-06-21,2283.15,2317.39,2332.84,2269.56,58705798,53486132980.0,2.73,-0.18,-4.08,0.18,63.2800000000002
2013-06-24,2308.07,2171.21,2308.07,2164.32,86597259,73731930536.0,6.2,-6.31,-146.18,0.27,143.75
2013-06-25,2146.05,2165.42,2169.21,2023.17,107554882,87090393952.0,6.73,-0.27,-5.79,0.33,146.03999999999996
2013-06-26,2170.33,2168.3,2181.02,2131.86,79256426,67298430249.0,2.27,0.13,2.88,0.24,49.159999999999854
2013-06-27,2172.85,2160.74,2200.21,2153.18,75406753,62927082416.0,2.17,-0.35,-7.56,0.23,47.0300000000002
2013-06-28,2149.03,2200.64,2227.46,2139.37,79451327,64106048718.0,4.08,1.85,39.9,0.24,88.09000000000015
2013-07-01,2187.09,2213.32,2213.97,2166.35,57726227,51874735216.0,2.16,0.58,12.68,0.18,47.61999999999989
2013-07-02,2211.8,2221.98,2226.11,2191.8,61838850,59632902046.0,1.55,0.39,8.66,0.19,34.309999999999945
2013-07-03,2211.04,2203.83,2211.04,2169.14,65836022,59536760190.0,1.89,-0.82,-18.15,0.2,41.90000000000009
2013-07-04,2187.18,2221.98,2245.91,2176.08,72581145,67189379203.0,3.17,0.82,18.15,0.22,69.82999999999993
2013-07-05,2227.35,2226.85,2252.03,2225.05,61821775,58424400611.0,1.21,0.22,4.87,0.19,26.980000000000018
2013-07-08,2194.42,2163.62,2205.21,2162.19,54782493,49288252039.0,1.93,-2.84,-63.23,0.17,43.01999999999998
2013-07-09,2160.7,2162.67,2174.79,2149.79,41494433,37246189870.0,1.16,-0.04,-0.95,0.13,25.0
2013-07-10,2163.1,2224.06,2224.14,2157.47,61149781,54373757823.0,3.08,2.84,61.39,0.19,66.67000000000007
2013-07-11,2232.16,2326.69,2351.22,2232.16,125793192,111329812773.0,5.35,4.61,102.63,0.39,119.05999999999995
2013-07-12,2319.02,2275.37,2331.99,2274.07,89733082,82064555657.0,2.49,-2.21,-51.32,0.27,57.91999999999962
2013-07-15,2289.76,2307.3,2336.04,2274.67,74757884,71796189674.0,2.7,1.4,31.93,0.23,61.36999999999989
2013-07-16,2300.83,2317.85,2317.85,2281.94,65624157,62085631916.0,1.56,0.46,10.55,0.2,35.909999999999854
2013-07-17,2311.44,2282.84,2326.93,2281.61,67655248,63229061677.0,1.96,-1.51,-35.01,0.21,45.31999999999971
2013-07-18,2272.95,2245.33,2282.44,2241.93,57144292,51937235147.0,1.77,-1.64,-37.51,0.18,40.51000000000022
2013-07-19,2248.13,2190.48,2257.92,2188.75,70535282,66179072656.0,3.08,-2.44,-54.85,0.22,69.17000000000007
2013-07-22,2170.09,2202.19,2203.06,2159.81,53283495,48872947253.0,1.97,0.53,11.71,0.16,43.25
2013-07-23,2211.59,2265.84,2276.74,2206.76,74809731,69255423111.0,3.18,2.89,63.65,0.23,69.97999999999956
2013-07-24,2253.38,2249.15,2265.58,2217.19,69592307,69279825849.0,2.14,-0.74,-16.69,0.21,48.38999999999987
2013-07-25,2255.22,2237.68,2268.84,2227.85,65774316,60558362762.0,1.82,-0.51,-11.47,0.2,40.99000000000024
2013-07-26,2226.43,2224.01,2238.42,2209.81,48941098,45636069902.0,1.28,-0.61,-13.67,0.15,28.610000000000127
2013-07-29,2205.08,2175.97,2205.08,2169.02,54600925,49624613440.0,1.62,-2.16,-48.04,0.17,36.059999999999945
2013-07-30,2184.01,2189.39,2221.59,2162.98,55193623,50907227289.0,2.69,0.62,13.42,0.17,58.61000000000013
2013-07-31,2211.75,2193.02,2235.38,2187.21,48327055,46723493389.0,2.2,0.17,3.63,0.15,48.17000000000007
2013-08-01,2206.0,2245.36,2245.56,2200.63,62603997,58944765673.0,2.05,2.39,52.34,0.19,44.929999999999836
2013-08-02,2263.5,2247.26,2274.71,2244.25,60890893,58459999450.0,1.36,0.08,1.9,0.19,30.460000000000036
2013-08-05,2249.98,2278.33,2278.33,2243.22,55342151,53623068581.0,1.56,1.38,31.07,0.17,35.11000000000013
2013-08-06,2270.67,2293.64,2302.48,2256.72,73746895,68993574807.0,2.01,0.67,15.31,0.23,45.76000000000022
2013-08-07,2292.38,2280.62,2313.88,2276.86,73048695,69560482114.0,1.61,-0.57,-13.02,0.22,37.01999999999998
2013-08-08,2277.25,2276.78,2297.63,2267.07,53098430,52710276666.0,1.34,-0.17,-3.84,0.16,30.559999999999945
2013-08-09,2288.51,2286.01,2301.59,2258.33,64600017,62663979060.0,1.9,0.41,9.23,0.2,43.26000000000022
2013-08-12,2296.22,2352.79,2352.89,2293.18,97863216,94038910336.0,2.61,2.92,66.78,0.3,59.710000000000036
2013-08-13,2352.88,2359.07,2360.83,2340.73,78393636,71178520240.0,0.85,0.27,6.28,0.24,20.09999999999991
2013-08-14,2362.62,2349.08,2386.6,2340.83,75942128,71338219589.0,1.94,-0.42,-9.99,0.23,45.76999999999998
2013-08-15,2348.84,2321.58,2362.09,2319.78,61951853,59411203587.0,1.8,-1.17,-27.5,0.19,42.309999999999945
2013-08-16,2314.26,2304.14,2423.08,2295.02,120369563,104026773370.0,5.52,-0.75,-17.44,0.37,128.05999999999995
2013-08-19,2286.2,2331.43,2340.19,2284.08,72483224,67064925390.0,2.44,1.18,27.29,0.22,56.11000000000013
2013-08-20,2325.86,2312.47,2353.41,2303.67,73086345,67589707172.0,2.13,-0.81,-18.96,0.22,49.73999999999978
2013-08-21,2320.58,2308.59,2321.64,2291.05,55007384,50886495497.0,1.32,-0.17,-3.88,0.17,30.58999999999969
2013-08-22,2302.67,2303.93,2329.14,2297.02,55338104,51686310590.0,1.39,-0.2,-4.66,0.17,32.11999999999989
2013-08-23,2314.87,2286.93,2321.04,2251.92,68967133,65459845296.0,3.0,-0.74,-17.0,0.21,69.11999999999989
2013-08-26,2294.76,2335.62,2336.38,2288.5,70371043,66541009856.0,2.09,2.13,48.69,0.22,47.88000000000011
2013-08-27,2332.8,2340.88,2345.1,2322.46,65990333,62575377643.0,0.97,0.23,5.26,0.2,22.639999999999873
2013-08-28,2326.1,2328.06,2345.36,2307.04,89256174,80965562365.0,1.64,-0.55,-12.82,0.27,38.320000000000164
2013-08-29,2338.56,2318.31,2342.32,2308.15,66085415,59719882399.0,1.47,-0.42,-9.75,0.2,34.17000000000007
2013-08-30,2315.91,2313.91,2334.41,2303.61,87654515,76695994654.0,1.33,-0.19,-4.4,0.27,30.799999999999727
2013-09-02,2319.96,2320.34,2329.87,2297.45,79510249,73575869316.0,1.4,0.28,6.43,0.24,32.42000000000007
2013-09-03,2326.23,2354.5,2354.86,2321.3,80554005,72663978650.0,1.45,1.47,34.16,0.25,33.559999999999945
2013-09-04,2352.54,2350.7,2360.66,2345.44,78725763,68509013842.0,0.65,-0.16,-3.8,0.24,15.2199999999998
2013-09-05,2350.93,2341.74,2351.22,2336.75,62951383,59606065186.0,0.62,-0.38,-8.96,0.19,14.4699999999998
2013-09-06,2336.77,2357.78,2361.18,2335.93,73340116,63916893626.0,1.08,0.68,16.04,0.22,25.25
2013-09-09,2374.26,2440.61,2449.25,2372.69,149889640,127299546171.0,3.25,3.51,82.83,0.46,76.55999999999995
2013-09-10,2446.45,2474.89,2475.2,2435.83,154855992,130648129418.0,1.61,1.4,34.28,0.47,39.36999999999989
2013-09-11,2483.79,2482.89,2504.47,2471.62,166914974,142830288492.0,1.33,0.32,8.0,0.51,32.84999999999991
2013-09-12,2480.47,2507.46,2527.38,2469.72,145173175,126115528291.0,2.32,0.99,24.57,0.44,57.66000000000031
2013-09-13,2502.54,2488.9,2515.78,2481.45,110775049,98275004927.0,1.37,-0.74,-18.56,0.34,34.33000000000038
2013-09-16,2501.08,2478.39,2503.69,2467.13,105383282,97043842349.0,1.47,-0.42,-10.51,0.32,36.559999999999945
2013-09-17,2480.81,2427.32,2481.71,2426.46,99459982,93115107921.0,2.23,-2.06,-51.07,0.3,55.25
2013-09-18,2426.04,2432.51,2439.63,2407.24,71040759,69341324599.0,1.33,0.21,5.19,0.22,32.39000000000033
2013-09-23,2441.52,2472.29,2473.16,2439.99,80128352,80920687856.0,1.36,1.64,39.78,0.25,33.17000000000007
2013-09-24,2470.72,2443.89,2470.75,2420.08,97853013,96769831421.0,2.05,-1.15,-28.4,0.3,50.67000000000007
2013-09-25,2440.83,2429.03,2455.04,2423.28,90518418,89119216662.0,1.3,-0.61,-14.86,0.28,31.759999999999764
2013-09-26,2422.63,2384.44,2422.63,2382.53,86236770,84183923178.0,1.65,-1.84,-44.59,0.26,40.09999999999991
2013-09-27,2382.22,2394.97,2402.2,2379.86,65971508,66383990191.0,0.94,0.44,10.53,0.2,22.33999999999969
2013-09-30,2406.21,2409.04,2415.07,2397.22,59513992,60990141884.0,0.75,0.59,14.07,0.18,17.850000000000364
2013-10-08,2406.42,2441.81,2446.7,2392.57,84785506,84229908920.0,2.25,1.36,32.77,0.26,54.129999999999654
2013-10-09,2432.94,2453.58,2453.75,2424.77,76277645,76128340887.0,1.19,0.48,11.77,0.23,28.980000000000018
2013-10-10,2455.64,2429.32,2455.98,2422.02,90329706,89468020274.0,1.38,-0.99,-24.26,0.28,33.960000000000036
2013-10-11,2442.36,2468.51,2471.17,2439.63,93388261,91811541654.0,1.3,1.61,39.19,0.29,31.539999999999964
2013-10-14,2472.27,2472.54,2483.13,2462.55,100081301,99109155920.0,0.83,0.16,4.03,0.31,20.579999999999927
2013-10-15,2475.32,2467.52,2479.13,2449.42,89173496,86100822006.0,1.2,-0.2,-5.02,0.27,29.710000000000036
2013-10-16,2459.08,2421.37,2459.08,2409.72,88979834,83150844984.0,2.0,-1.87,-46.15,0.27,49.36000000000013
2013-10-17,2432.65,2413.33,2440.92,2407.78,71222474,67722892391.0,1.37,-0.33,-8.04,0.22,33.13999999999987
2013-10-18,2415.12,2426.05,2435.71,2410.6,60291630,59138754367.0,1.04,0.53,12.72,0.18,25.110000000000127
2013-10-21,2431.92,2471.32,2472.78,2423.56,84909795,82223144817.0,2.03,1.87,45.27,0.26,49.220000000000255
2013-10-22,2470.25,2445.89,2470.25,2439.86,90703029,83412053857.0,1.23,-1.03,-25.43,0.28,30.389999999999873
2013-10-23,2451.56,2418.49,2474.37,2412.48,91545355,83286778556.0,2.53,-1.12,-27.4,0.28,61.88999999999987
2013-10-24,2412.24,2400.51,2422.94,2395.47,64560821,60427235951.0,1.14,-0.74,-17.98,0.2,27.470000000000255
2013-10-25,2400.52,2368.56,2413.33,2353.99,77070182,70778094834.0,2.47,-1.33,-31.95,0.24,59.340000000000146
2013-10-28,2372.57,2365.95,2377.25,2351.86,62876152,56602098405.0,1.07,-0.11,-2.61,0.19,25.389999999999873
2013-10-29,2369.22,2372.05,2408.62,2327.9,106737833,91741559592.0,3.41,0.26,6.1,0.33,80.7199999999998
2013-10-30,2371.85,2407.47,2407.85,2365.51,92178126,75735067216.0,1.78,1.49,35.42,0.28,42.33999999999969
2013-10-31,2398.4,2373.72,2398.4,2370.23,82736964,70393879838.0,1.17,-1.4,-33.75,0.25,28.170000000000073
2013-11-01,2373.96,2384.96,2395.0,2365.15,63055762,57820026665.0,1.26,0.47,11.24,0.19,29.84999999999991
2013-11-04,2397.21,2380.45,2404.9,2376.35,51798461,48959462043.0,1.2,-0.19,-4.51,0.16,28.550000000000182
2013-11-05,2366.88,2383.77,2385.69,2343.8,62084488,56935549943.0,1.76,0.14,3.32,0.19,41.88999999999987
2013-11-06,2371.32,2353.57,2383.54,2352.79,63776663,59536872794.0,1.29,-1.27,-30.2,0.2,30.75
2013-11-07,2351.87,2340.55,2356.67,2328.25,54821747,50942569626.0,1.21,-0.55,-13.02,0.17,28.420000000000073
2013-11-08,2329.08,2307.95,2342.67,2306.04,53788508,48564999878.0,1.57,-1.39,-32.6,0.16,36.63000000000011
2013-11-11,2305.94,2315.89,2325.23,2295.0,45739457,42566548184.0,1.31,0.34,7.94,0.14,30.230000000000018
2013-11-12,2319.36,2340.0,2342.53,2316.6,52687545,49854763423.0,1.12,1.04,24.11,0.16,25.93000000000029
2013-11-13,2325.36,2288.12,2325.56,2287.55,59848831,53183050105.0,1.62,-2.22,-51.88,0.18,38.00999999999976
2013-11-14,2291.27,2304.5,2305.7,2279.01,57310356,51945077793.0,1.17,0.72,16.38,0.18,26.6899999999996
2013-11-15,2306.55,2350.73,2377.21,2306.55,86391771,83147858433.0,3.07,2.01,46.23,0.26,70.65999999999985
2013-11-18,2367.88,2428.9,2429.57,2361.04,110034633,108549512988.0,2.92,3.33,78.17,0.34,68.5300000000002
2013-11-19,2427.93,2412.16,2427.93,2405.08,78648296,79884936328.0,0.94,-0.69,-16.74,0.24,22.84999999999991
2013-11-20,2428.77,2424.85,2435.43,2406.42,72291801,67741428196.0,1.2,0.53,12.69,0.22,29.009999999999764
2013-11-21,2412.45,2409.99,2415.38,2382.88,87706677,82220527035.0,1.34,-0.61,-14.86,0.27,32.5
2013-11-22,2415.29,2397.96,2419.0,2393.58,75000675,70052206585.0,1.05,-0.5,-12.03,0.23,25.420000000000073
2013-11-25,2385.78,2388.63,2418.85,2380.69,66144734,63811265014.0,1.59,-0.39,-9.33,0.2,38.159999999999854
2013-11-26,2387.83,2387.42,2399.02,2380.41,59185864,53334204356.0,0.78,-0.05,-1.21,0.18,18.610000000000127
2013-11-27,2386.36,2414.48,2422.81,2383.78,75294088,70744775407.0,1.63,1.13,27.06,0.23,39.029999999999745
2013-11-28,2419.15,2439.53,2460.56,2417.24,90660406,86852445384.0,1.79,1.04,25.05,0.28,43.320000000000164
2013-11-29,2442.68,2438.94,2446.4,2432.39,61803746,61907374173.0,0.57,-0.02,-0.59,0.19,14.010000000000218
2013-12-02,2423.97,2418.79,2464.86,2397.01,119655123,112921841120.0,2.78,-0.83,-20.15,0.37,67.84999999999991
2013-12-03,2410.69,2442.78,2448.33,2406.66,74455752,72045234174.0,1.72,0.99,23.99,0.23,41.67000000000007
2013-12-04,2439.82,2475.14,2486.64,2434.69,102650235,94783931336.0,2.13,1.32,32.36,0.31,51.94999999999982
2013-12-05,2476.45,2468.2,2481.75,2460.58,77708932,72999931131.0,0.86,-0.28,-6.94,0.24,21.170000000000073
2013-12-06,2463.04,2452.29,2470.81,2445.62,66114089,64843207895.0,1.02,-0.64,-15.91,0.2,25.190000000000055
2013-12-09,2460.03,2450.87,2468.95,2445.94,57164884,57634539131.0,0.94,-0.06,-1.42,0.18,23.009999999999764
2013-12-10,2456.23,2453.32,2466.66,2444.53,66941424,61236728790.0,0.9,0.1,2.45,0.21,22.129999999999654
2013-12-11,2440.5,2412.76,2440.5,2400.74,68075144,62808851026.0,1.62,-1.65,-40.56,0.21,39.76000000000022
2013-12-12,2406.77,2410.01,2423.31,2402.77,50147719,47481447335.0,0.85,-0.11,-2.75,0.15,20.539999999999964
2013-12-13,2388.66,2406.64,2416.26,2386.25,51501196,47583527668.0,1.25,-0.14,-3.37,0.16,30.01000000000022
2013-12-16,2408.68,2367.92,2412.73,2367.43,64581674,62107893611.0,1.88,-1.61,-38.72,0.2,45.30000000000018
2013-12-17,2369.25,2356.38,2373.29,2351.18,48483891,46306075570.0,0.93,-0.49,-11.54,0.15,22.110000000000127
2013-12-18,2356.7,2357.23,2368.58,2350.45,40015207,39675269794.0,0.77,0.04,0.85,0.12,18.13000000000011
2013-12-19,2366.21,2332.41,2370.99,2331.19,48095680,45148866928.0,1.69,-1.05,-24.82,0.15,39.79999999999973
2013-12-20,2335.05,2278.14,2338.88,2278.1,65204207,60862129503.0,2.61,-2.33,-54.27,0.2,60.7800000000002
2013-12-23,2283.8,2284.6,2295.76,2259.57,45580285,44415342954.0,1.59,0.28,6.46,0.14,36.190000000000055
2013-12-24,2291.12,2288.25,2312.83,2270.25,45599168,45173191422.0,1.86,0.16,3.65,0.14,42.57999999999993
2013-12-25,2291.75,2305.11,2305.61,2281.6,44005326,41202984186.0,1.05,0.74,16.86,0.13,24.01000000000022
2013-12-26,2299.97,2265.33,2301.49,2263.92,51497563,48603013700.0,1.63,-1.73,-39.78,0.16,37.56999999999971
2013-12-27,2268.53,2303.48,2315.18,2264.39,53389157,51197946376.0,2.24,1.68,38.15,0.16,50.789999999999964
2013-12-30,2313.38,2299.46,2316.62,2295.64,48414308,46156442661.0,0.91,-0.17,-4.02,0.15,20.980000000000018
2013-12-31,2289.01,2330.03,2333.07,2287.12,56631070,57026486218.0,2.0,1.33,30.57,0.17,45.95000000000027
2014-01-02,2323.43,2321.98,2325.99,2310.65,45194291,49012211124.0,0.66,-0.35,-8.05,0.14,15.33999999999969
2014-01-03,2311.97,2290.78,2314.84,2280.89,59782645,57739709924.0,1.46,-1.34,-31.2,0.18,33.95000000000027
2014-01-06,2286.37,2238.64,2286.37,2229.33,66300403,59979360128.0,2.49,-2.28,-52.14,0.2,57.039999999999964
2014-01-07,2222.31,2238.0,2246.79,2218.65,43753103,42565648108.0,1.26,-0.03,-0.64,0.13,28.139999999999873
2014-01-08,2240.64,2241.91,2262.58,2228.42,51348854,50691488898.0,1.53,0.17,3.91,0.16,34.159999999999854
2014-01-09,2236.97,2222.22,2258.89,2220.8,55987041,54399491333.0,1.7,-0.88,-19.69,0.17,38.08999999999969
2014-01-10,2216.52,2204.85,2224.49,2200.22,54169293,47572309533.0,1.09,-0.78,-17.37,0.17,24.269999999999982
2014-01-13,2207.0,2193.68,2222.07,2183.6,50122772,46123003754.0,1.74,-0.51,-11.17,0.15,38.470000000000255
2014-01-14,2192.84,2212.85,2214.12,2179.91,54049947,46785099888.0,1.56,0.87,19.17,0.17,34.210000000000036
2014-01-15,2210.02,2208.94,2215.9,2193.8,48962395,45755914348.0,1.0,-0.18,-3.91,0.15,22.09999999999991
2014-01-16,2209.45,2211.84,2227.26,2201.56,52298902,49842784005.0,1.16,0.13,2.9,0.16,25.700000000000273
2014-01-17,2203.82,2178.49,2205.97,2175.88,50273155,46268159163.0,1.36,-1.51,-33.35,0.15,30.08999999999969
2014-01-20,2173.65,2165.99,2182.46,2156.46,40560154,39157227541.0,1.19,-0.57,-12.5,0.12,26.0
2014-01-21,2168.42,2187.41,2197.92,2168.42,40306247,38590992772.0,1.36,0.99,21.42,0.12,29.5
2014-01-22,2190.43,2243.8,2244.13,2187.53,70641375,64803357078.0,2.59,2.58,56.39,0.22,56.59999999999991
2014-01-23,2242.25,2231.89,2248.92,2228.06,56345951,55726417393.0,0.93,-0.53,-11.91,0.17,20.860000000000127
2014-01-24,2225.76,2245.68,2257.35,2222.89,61167670,59563444873.0,1.54,0.62,13.79,0.19,34.460000000000036
2014-01-27,2233.01,2215.92,2233.23,2211.8,70344246,63503992484.0,0.95,-1.33,-29.76,0.22,21.429999999999836
2014-01-28,2220.78,2219.85,2233.26,2205.97,53269130,49408754555.0,1.23,0.18,3.93,0.16,27.29000000000042
2014-01-29,2225.71,2227.78,2233.06,2219.93,50222717,48788682770.0,0.59,0.36,7.93,0.15,13.13000000000011
2014-01-30,2223.16,2202.45,2223.16,2200.22,43632304,43475960839.0,1.03,-1.14,-25.33,0.13,22.940000000000055
2014-02-07,2187.34,2212.48,2212.5,2177.12,50459315,49597106433.0,1.61,0.46,10.03,0.15,35.38000000000011
2014-02-10,2221.54,2267.53,2270.19,2221.54,83065716,81103244127.0,2.2,2.49,55.05,0.25,48.65000000000009
2014-02-11,2267.74,2285.56,2296.52,2262.6,99229829,92688969126.0,1.5,0.8,18.03,0.3,33.92000000000007
2014-02-12,2286.19,2291.25,2294.32,2276.44,76592161,73487379679.0,0.78,0.25,5.69,0.23,17.88000000000011
2014-02-13,2288.45,2279.55,2307.47,2278.26,96217789,87352124305.0,1.27,-0.51,-11.7,0.29,29.20999999999958
2014-02-14,2278.4,2295.57,2295.85,2274.43,67082997,64613327719.0,0.94,0.7,16.02,0.21,21.420000000000073
2014-02-17,2308.79,2311.65,2315.58,2293.55,87831666,86871352624.0,0.96,0.7,16.08,0.27,22.029999999999745
2014-02-18,2310.31,2282.44,2310.31,2276.11,87049743,88107267954.0,1.48,-1.26,-29.21,0.27,34.19999999999982
2014-02-19,2280.93,2308.66,2317.42,2274.15,99352561,88341900374.0,1.9,1.15,26.22,0.3,43.26999999999998
2014-02-20,2314.09,2287.44,2331.7,2286.2,106439533,91771595713.0,1.97,-0.92,-21.22,0.33,45.5
2014-02-21,2284.03,2264.29,2287.87,2250.65,76368993,69908188663.0,1.63,-1.01,-23.15,0.23,37.2199999999998
2014-02-24,2246.72,2214.51,2246.72,2194.16,89215939,79599146389.0,2.32,-2.2,-49.78,0.27,52.559999999999945
2014-02-25,2216.51,2157.91,2225.21,2150.09,93237551,88306571728.0,3.39,-2.56,-56.6,0.29,75.11999999999989
2014-02-26,2147.74,2163.41,2164.7,2137.08,77993297,68640581126.0,1.28,0.25,5.5,0.24,27.61999999999989
2014-02-27,2170.81,2154.11,2180.06,2150.14,90104296,81587999653.0,1.38,-0.43,-9.3,0.28,29.920000000000073
2014-02-28,2149.45,2178.97,2180.47,2133.55,76668057,70216798972.0,2.18,1.15,24.86,0.23,46.91999999999962
2014-03-03,2173.91,2190.37,2194.22,2167.91,82072314,69408739897.0,1.21,0.52,11.4,0.25,26.309999999999945
2014-03-04,2183.86,2184.27,2188.6,2161.59,73069250,64691438035.0,1.23,-0.28,-6.1,0.22,27.009999999999764
2014-03-05,2187.35,2163.98,2189.09,2159.59,61332015,55669679402.0,1.35,-0.93,-20.29,0.19,29.5
2014-03-06,2159.4,2173.63,2181.43,2136.45,69093767,61495023657.0,2.08,0.45,9.65,0.21,44.98000000000002
2014-03-07,2170.04,2168.36,2189.39,2161.44,64265177,58693177974.0,1.29,-0.24,-5.27,0.2,27.949999999999818
2014-03-10,2149.68,2097.79,2149.68,2095.07,71416407,63086412572.0,2.52,-3.25,-70.57,0.22,54.60999999999967
2014-03-11,2092.61,2108.66,2118.79,2088.73,57621243,53075782462.0,1.43,0.52,10.87,0.18,30.059999999999945
2014-03-12,2102.8,2114.13,2130.59,2090.76,70069747,60115239174.0,1.89,0.26,5.47,0.21,39.82999999999993
2014-03-13,2119.55,2140.33,2149.44,2115.99,69226028,59163094375.0,1.58,1.24,26.2,0.21,33.45000000000027
2014-03-14,2129.87,2122.84,2140.38,2109.57,58617737,49805247510.0,1.44,-0.82,-17.49,0.18,30.809999999999945
2014-03-17,2132.79,2143.04,2143.2,2118.95,52409445,47571288733.0,1.14,0.95,20.2,0.16,24.25
2014-03-18,2146.12,2138.13,2152.46,2134.92,55354132,54188441365.0,0.82,-0.23,-4.91,0.17,17.539999999999964
2014-03-19,2131.28,2120.87,2131.28,2101.28,59303905,55283943974.0,1.4,-0.81,-17.26,0.18,30.0
2014-03-20,2116.19,2086.97,2134.79,2086.5,67631285,58951601970.0,2.28,-1.6,-33.9,0.21,48.289999999999964
2014-03-21,2079.87,2158.8,2163.23,2077.76,104024807,83560511769.0,4.1,3.44,71.83,0.32,85.4699999999998
2014-03-24,2161.9,2176.55,2186.73,2150.87,104491984,81203913733.0,1.66,0.82,17.75,0.32,35.86000000000013
2014-03-25,2170.78,2174.44,2191.49,2164.67,86877510,67548473561.0,1.23,-0.1,-2.11,0.27,26.81999999999971
2014-03-26,2181.23,2171.05,2186.08,2165.22,58276176,50116023097.0,0.96,-0.16,-3.39,0.18,20.860000000000127
2014-03-27,2168.34,2155.71,2186.89,2146.92,71275132,62175860350.0,1.84,-0.71,-15.34,0.22,39.9699999999998
2014-03-28,2154.51,2151.97,2172.67,2144.58,70086073,60123341093.0,1.3,-0.17,-3.74,0.21,28.090000000000146
2014-03-31,2156.05,2146.3,2165.25,2134.42,55457488,48105020054.0,1.43,-0.26,-5.67,0.17,30.829999999999927
2014-04-01,2143.72,2163.11,2170.09,2141.15,48866403,43659064291.0,1.35,0.78,16.81,0.15,28.940000000000055
2014-04-02,2166.07,2180.73,2182.68,2164.01,65039257,56777151867.0,0.86,0.81,17.62,0.2,18.669999999999618
2014-04-03,2188.64,2165.01,2196.14,2160.75,71536032,57708859685.0,1.62,-0.72,-15.72,0.22,35.38999999999987
2014-04-04,2157.98,2185.47,2186.15,2155.28,47945888,43912624261.0,1.43,0.95,20.46,0.15,30.86999999999989
2014-04-08,2179.92,2237.32,2243.97,2178.91,97219117,85692893370.0,2.98,2.37,51.85,0.3,65.05999999999995
2014-04-09,2239.79,2238.62,2246.79,2228.99,66357268,61178630422.0,0.8,0.06,1.3,0.2,17.800000000000182
2014-04-10,2241.45,2273.76,2290.74,2229.51,114545405,101616815025.0,2.74,1.57,35.14,0.35,61.22999999999956
2014-04-11,2269.56,2270.67,2281.1,2261.13,90615897,86154853765.0,0.88,-0.14,-3.09,0.28,19.9699999999998
2014-04-14,2267.94,2268.61,2275.83,2255.46,62264998,60254151500.0,0.9,-0.09,-2.06,0.19,20.36999999999989
2014-04-15,2261.41,2229.46,2261.47,2225.69,68218130,62599115638.0,1.58,-1.73,-39.15,0.21,35.779999999999745
2014-04-16,2223.47,2232.53,2245.31,2221.15,51678010,47770218198.0,1.08,0.14,3.07,0.16,24.159999999999854
2014-04-17,2238.78,2224.8,2241.62,2221.95,48333628,45096433749.0,0.88,-0.35,-7.73,0.15,19.670000000000073
2014-04-18,2215.88,2224.48,2228.77,2203.05,50757995,45709617096.0,1.16,-0.01,-0.32,0.16,25.7199999999998
2014-04-21,2209.94,2187.25,2231.71,2186.75,56278280,51856112765.0,2.02,-1.67,-37.23,0.17,44.960000000000036
2014-04-22,2184.02,2196.79,2196.85,2165.07,57094694,52351993061.0,1.45,0.44,9.54,0.17,31.779999999999745
2014-04-23,2191.23,2194.67,2205.59,2187.39,47763531,45191150830.0,0.83,-0.1,-2.12,0.15,18.200000000000273
2014-04-24,2192.77,2190.47,2209.45,2186.76,45058911,41927012945.0,1.03,-0.19,-4.2,0.14,22.6899999999996
2014-04-25,2195.81,2167.83,2201.71,2167.64,60245383,52092022381.0,1.56,-1.03,-22.64,0.18,34.070000000000164
2014-04-28,2165.77,2134.97,2171.39,2132.7,60485187,49998809829.0,1.78,-1.52,-32.86,0.19,38.690000000000055
2014-04-29,2134.41,2158.47,2159.38,2131.78,48204931,41550353157.0,1.29,1.1,23.5,0.15,27.59999999999991
2014-04-30,2158.76,2158.66,2164.18,2153.12,45334624,39493022295.0,0.51,0.01,0.19,0.14,11.059999999999945
2014-05-05,2152.59,2156.47,2161.7,2131.23,49344073,41470449799.0,1.41,-0.1,-2.19,0.15,30.4699999999998
2014-05-06,2151.39,2157.33,2173.62,2150.11,48086519,41486451628.0,1.09,0.04,0.86,0.15,23.509999999999764
2014-05-07,2151.47,2137.32,2153.72,2136.99,44607470,37751019661.0,0.78,-0.93,-20.01,0.14,16.730000000000018
2014-05-08,2132.04,2135.5,2168.21,2128.32,48332452,40729772017.0,1.87,-0.09,-1.82,0.15,39.88999999999987
2014-05-09,2138.84,2133.91,2141.56,2120.59,49181135,40242745273.0,0.98,-0.07,-1.59,0.15,20.9699999999998
2014-05-12,2150.31,2180.05,2184.33,2139.48,83472560,66275508636.0,2.1,2.16,46.14,0.26,44.84999999999991
2014-05-13,2180.06,2174.85,2185.05,2167.77,64912518,50241276089.0,0.79,-0.24,-5.2,0.2,17.2800000000002
2014-05-14,2175.09,2172.37,2184.22,2169.0,48514206,39214123931.0,0.7,-0.11,-2.48,0.15,15.2199999999998
2014-05-15,2169.28,2144.08,2171.45,2142.34,46734032,38938529216.0,1.34,-1.3,-28.29,0.14,29.109999999999673
2014-05-16,2143.93,2145.95,2150.5,2132.19,42253197,34987586802.0,0.85,0.09,1.87,0.13,18.309999999999945
2014-05-19,2139.36,2115.14,2139.36,2105.71,42893607,37135950607.0,1.57,-1.44,-30.81,0.13,33.65000000000009
2014-05-20,2124.71,2115.77,2131.57,2110.72,37299683,31576339037.0,0.99,0.03,0.63,0.11,20.850000000000364
2014-05-21,2106.76,2135.91,2136.1,2096.51,38946042,32246807970.0,1.87,0.95,20.14,0.12,39.58999999999969
2014-05-22,2134.09,2130.87,2160.91,2128.86,46252736,39227549718.0,1.5,-0.24,-5.04,0.14,32.04999999999973
2014-05-23,2130.77,2148.41,2148.58,2128.66,37623105,32420020159.0,0.93,0.82,17.54,0.12,19.920000000000073
2014-05-26,2161.89,2155.98,2165.42,2147.45,39550656,37788482728.0,0.84,0.35,7.57,0.12,17.970000000000255
2014-05-27,2154.4,2147.28,2160.03,2145.75,35897171,32374256462.0,0.66,-0.4,-8.7,0.11,14.2800000000002
2014-05-28,2147.47,2169.35,2171.17,2142.01,50056260,45627619375.0,1.36,1.03,22.07,0.15,29.159999999999854
2014-05-29,2171.26,2155.16,2178.09,2154.93,44891556,41076912680.0,1.07,-0.65,-14.19,0.14,23.16000000000031
2014-05-30,2156.38,2156.46,2166.91,2146.22,43923863,39769199791.0,0.96,0.06,1.3,0.13,20.690000000000055
2014-06-03,2157.64,2149.92,2169.0,2149.29,41982954,37906226058.0,0.91,-0.3,-6.54,0.13,19.710000000000036
2014-06-04,2149.41,2128.27,2149.45,2117.31,41817249,35607022812.0,1.49,-1.01,-21.65,0.13,32.13999999999987
2014-06-05,2126.61,2150.6,2150.93,2123.52,36477424,33050774675.0,1.29,1.05,22.33,0.11,27.409999999999854
2014-06-06,2149.21,2134.72,2149.78,2123.98,35738058,32415599488.0,1.2,-0.74,-15.88,0.11,25.800000000000182
2014-06-09,2128.23,2134.28,2153.9,2126.67,39311060,35326732064.0,1.28,-0.02,-0.44,0.12,27.230000000000018
2014-06-10,2138.67,2161.27,2161.53,2132.45,50507902,44416141206.0,1.36,1.26,26.99,0.15,29.080000000000382
2014-06-11,2156.15,2160.77,2163.61,2152.08,42563718,37311080748.0,0.53,-0.02,-0.5,0.13,11.5300000000002
2014-06-12,2156.76,2153.41,2160.99,2148.41,43025843,37252041741.0,0.58,-0.34,-7.36,0.13,12.579999999999927
2014-06-13,2150.99,2176.24,2183.65,2150.57,59252876,51765511450.0,1.54,1.06,22.83,0.18,33.07999999999993
2014-06-16,2176.44,2191.85,2196.34,2174.28,63296875,56904298384.0,1.01,0.72,15.61,0.19,22.059999999999945
2014-06-17,2185.68,2169.67,2185.68,2168.45,49933665,46244977817.0,0.79,-1.01,-22.18,0.15,17.230000000000018
2014-06-18,2169.25,2160.24,2172.55,2158.5,49463897,42538095511.0,0.65,-0.43,-9.43,0.15,14.050000000000182
2014-06-19,2161.43,2126.91,2166.41,2119.5,53162645,46029744918.0,2.17,-1.54,-33.33,0.16,46.909999999999854
2014-06-20,2124.96,2136.73,2137.03,2120.81,42393719,35425712925.0,0.76,0.46,9.82,0.13,16.220000000000255
2014-06-23,2137.93,2134.11,2147.23,2132.45,41179258,37112428752.0,0.69,-0.12,-2.62,0.13,14.7800000000002
2014-06-24,2131.69,2144.82,2145.21,2130.29,40164356,38778505304.0,0.7,0.5,10.71,0.12,14.920000000000073
2014-06-25,2141.73,2133.37,2141.73,2126.03,37666100,33809315524.0,0.73,-0.53,-11.45,0.12,15.699999999999818
2014-06-26,2135.16,2149.08,2151.11,2134.89,44351166,40601836632.0,0.76,0.74,15.71,0.14,16.220000000000255
2014-06-27,2146.37,2150.26,2159.53,2138.93,52722896,45525673947.0,0.96,0.05,1.18,0.16,20.600000000000364
2014-06-30,2152.31,2165.12,2168.22,2152.31,54304188,50277570814.0,0.74,0.69,14.86,0.17,15.909999999999854
2014-07-01,2169.2,2164.56,2171.15,2157.13,53323100,49936284309.0,0.65,-0.03,-0.56,0.16,14.019999999999982
2014-07-02,2164.0,2170.87,2171.51,2155.61,59685501,53273658927.0,0.73,0.29,6.31,0.18,15.900000000000091
2014-07-03,2169.0,2180.19,2184.96,2164.84,63690690,56024939299.0,0.93,0.43,9.32,0.2,20.11999999999989
2014-07-04,2180.45,2178.7,2183.8,2174.07,52851106,47990033413.0,0.45,-0.07,-1.49,0.16,9.730000000000018
2014-07-07,2178.55,2176.29,2186.2,2171.08,50242334,47663876919.0,0.69,-0.11,-2.41,0.15,15.11999999999989
2014-07-08,2174.83,2180.47,2180.78,2163.36,50743599,46017266874.0,0.8,0.19,4.18,0.16,17.420000000000073
2014-07-09,2178.14,2148.71,2178.51,2148.26,62022046,58980248398.0,1.39,-1.46,-31.76,0.19,30.25
2014-07-10,2146.6,2142.85,2151.77,2139.52,55732497,50931668887.0,0.57,-0.27,-5.86,0.17,12.25
2014-07-11,2136.32,2148.01,2154.74,2134.79,61374274,51551825645.0,0.93,0.24,5.16,0.19,19.949999999999818
2014-07-14,2149.54,2171.76,2171.9,2145.28,66158863,60467088864.0,1.24,1.11,23.75,0.2,26.61999999999989
2014-07-15,2170.09,2174.98,2176.27,2165.21,71815694,64304875149.0,0.51,0.15,3.22,0.22,11.059999999999945
2014-07-16,2172.82,2170.87,2183.25,2166.77,81560230,61126054498.0,0.76,-0.19,-4.11,0.25,16.480000000000018
2014-07-17,2166.83,2157.07,2166.93,2147.08,59453568,46354646289.0,0.91,-0.64,-13.8,0.18,19.84999999999991
2014-07-18,2147.66,2164.14,2176.32,2145.45,65473295,53758919136.0,1.43,0.33,7.07,0.2,30.870000000000346
2014-07-21,2164.22,2166.29,2171.94,2158.96,54172260,47731629577.0,0.6,0.1,2.15,0.17,12.980000000000018
2014-07-22,2162.44,2192.7,2197.59,2162.24,78542583,66806114430.0,1.63,1.22,26.41,0.24,35.350000000000364
2014-07-23,2191.39,2197.83,2210.28,2190.55,84213872,69177998063.0,0.9,0.23,5.13,0.26,19.730000000000018
2014-07-24,2199.83,2237.01,2239.81,2199.83,119435534,99964367602.0,1.82,1.78,39.18,0.37,39.98000000000002
2014-07-25,2243.07,2260.45,2260.89,2239.07,98972838,81994560081.0,0.98,1.05,23.44,0.3,21.81999999999971
2014-07-28,2272.38,2323.9,2331.47,2272.38,179869333,145277424291.0,2.61,2.81,63.45,0.55,59.08999999999969
2014-07-29,2326.04,2331.37,2342.77,2316.22,134269641,112176546316.0,1.14,0.32,7.47,0.41,26.550000000000182
2014-07-30,2324.69,2322.01,2339.04,2316.06,123022832,103362308865.0,0.99,-0.4,-9.36,0.38,22.980000000000018
2014-07-31,2321.97,2350.25,2350.55,2316.58,110987769,93135566963.0,1.46,1.22,28.24,0.34,33.970000000000255
2014-08-01,2341.23,2329.4,2371.5,2328.97,126317390,106125190266.0,1.81,-0.89,-20.85,0.39,42.5300000000002
2014-08-04,2336.63,2375.62,2375.62,2332.14,116713754,101301888277.0,1.87,1.98,46.22,0.36,43.48000000000002
2014-08-05,2376.8,2369.35,2380.77,2353.79,111861789,97906971246.0,1.14,-0.26,-6.27,0.34,26.980000000000018
2014-08-06,2358.21,2363.22,2371.67,2334.33,116341829,96681298733.0,1.58,-0.26,-6.13,0.36,37.340000000000146
2014-08-07,2363.61,2327.46,2369.2,2326.27,116729210,94254453994.0,1.82,-1.51,-35.76,0.36,42.929999999999836
2014-08-08,2329.18,2331.13,2339.27,2319.29,86739694,72605666133.0,0.86,0.16,3.67,0.27,19.980000000000018
2014-08-11,2338.01,2365.35,2367.0,2337.01,91601171,82973900360.0,1.29,1.47,34.22,0.28,29.98999999999978
2014-08-12,2361.17,2357.05,2361.17,2344.72,91822608,82973769642.0,0.7,-0.35,-8.3,0.28,16.450000000000273
2014-08-13,2358.46,2358.9,2370.51,2335.69,110447789,94185266458.0,1.48,0.08,1.85,0.34,34.820000000000164
2014-08-14,2357.2,2335.95,2363.18,2334.08,97969493,84251435869.0,1.23,-0.97,-22.95,0.3,29.09999999999991
2014-08-15,2337.99,2360.64,2366.9,2333.12,93592546,81888217001.0,1.45,1.06,24.69,0.29,33.7800000000002
2014-08-18,2366.27,2374.56,2379.8,2361.2,104509554,90148909855.0,0.79,0.59,13.92,0.32,18.600000000000364
2014-08-19,2378.89,2374.77,2379.47,2358.97,115850020,102742759960.0,0.86,0.01,0.21,0.35,20.5
2014-08-20,2371.65,2366.14,2375.48,2360.84,101288088,91374802730.0,0.62,-0.36,-8.63,0.31,14.639999999999873
2014-08-21,2365.73,2354.24,2367.46,2333.3,100690211,92192063269.0,1.44,-0.5,-11.9,0.31,34.159999999999854
2014-08-22,2352.32,2365.36,2368.46,2350.99,89823938,85642463757.0,0.74,0.47,11.12,0.28,17.470000000000255
2014-08-25,2367.02,2342.86,2367.61,2338.46,97373717,85182493960.0,1.23,-0.95,-22.5,0.3,29.15000000000009
2014-08-26,2339.6,2324.09,2350.39,2317.18,93844222,83135033150.0,1.42,-0.8,-18.77,0.29,33.210000000000036
2014-08-27,2323.79,2327.59,2336.74,2322.89,67676221,62448675179.0,0.6,0.15,3.5,0.21,13.849999999999909
2014-08-28,2328.06,2311.28,2336.36,2309.64,70490655,66195966855.0,1.15,-0.7,-16.31,0.22,26.720000000000255
2014-08-29,2317.3,2338.29,2338.77,2313.26,63211423,58359967752.0,1.1,1.17,27.01,0.19,25.509999999999764
2014-09-01,2340.93,2355.32,2355.55,2338.53,77320870,73362240553.0,0.73,0.73,17.03,0.24,17.019999999999982
2014-09-02,2359.86,2386.46,2387.66,2349.95,114436733,106925790139.0,1.6,1.32,31.14,0.35,37.710000000000036
2014-09-03,2389.69,2408.84,2414.26,2389.68,129734204,123629189433.0,1.03,0.94,22.38,0.4,24.580000000000382
2014-09-04,2411.93,2426.22,2427.3,2404.08,111272298,108294703239.0,0.96,0.72,17.38,0.34,23.220000000000255
2014-09-05,2433.17,2449.26,2450.63,2427.99,133551764,123349320057.0,0.93,0.95,23.04,0.41,22.640000000000327
2014-09-09,2452.23,2445.22,2454.89,2437.08,118194344,107795213548.0,0.73,-0.16,-4.04,0.36,17.809999999999945
2014-09-10,2435.59,2432.43,2437.08,2422.65,109175517,97472682969.0,0.59,-0.52,-12.79,0.33,14.429999999999836
2014-09-11,2430.68,2423.45,2461.47,2417.27,132982583,127203381658.0,1.82,-0.37,-8.98,0.41,44.19999999999982
2014-09-12,2418.75,2438.36,2438.36,2412.62,109160170,96625765409.0,1.06,0.62,14.91,0.33,25.740000000000236
2014-09-15,2433.0,2437.19,2439.25,2418.96,122247159,112507690398.0,0.83,-0.05,-1.17,0.37,20.289999999999964
2014-09-16,2440.34,2388.76,2442.92,2386.98,186742791,147250169859.0,2.3,-1.99,-48.43,0.57,55.940000000000055
2014-09-17,2395.36,2401.33,2405.37,2379.09,125269028,98039470145.0,1.1,0.53,12.57,0.38,26.279999999999745
2014-09-18,2396.38,2408.66,2414.95,2389.62,115926376,92105332013.0,1.05,0.31,7.33,0.36,25.329999999999927
2014-09-19,2409.31,2425.21,2430.15,2402.31,101813577,88221038707.0,1.16,0.69,16.55,0.31,27.840000000000146
2014-09-22,2419.33,2378.92,2419.33,2374.11,102240870,88958056522.0,1.86,-1.91,-46.29,0.31,45.2199999999998
2014-09-23,2379.52,2399.46,2402.48,2379.52,84033341,75463683722.0,0.97,0.86,20.54,0.26,22.960000000000036
2014-09-24,2391.42,2441.86,2443.98,2387.07,142713530,120389934642.0,2.37,1.77,42.4,0.44,56.909999999999854
2014-09-25,2453.42,2436.97,2462.67,2429.59,138661891,119612625726.0,1.35,-0.2,-4.89,0.42,33.07999999999993
2014-09-26,2430.81,2437.2,2439.65,2420.5,100299494,87757377938.0,0.79,0.01,0.23,0.31,19.15000000000009
2014-09-29,2443.91,2447.8,2453.67,2435.61,123401727,111463779824.0,0.74,0.43,10.6,0.38,18.059999999999945
2014-09-30,2452.17,2450.99,2454.89,2444.2,115804229,101906558841.0,0.44,0.13,3.19,0.35,10.690000000000055
2014-10-08,2460.87,2478.38,2478.38,2445.27,121953604,116500107810.0,1.35,1.12,27.39,0.37,33.11000000000013
2014-10-09,2480.2,2481.96,2488.11,2461.11,137923920,120752628433.0,1.09,0.14,3.58,0.42,27.0
2014-10-10,2472.1,2466.79,2482.14,2457.68,147634307,121924973049.0,0.99,-0.61,-15.17,0.45,24.460000000000036
2014-10-13,2457.41,2454.95,2460.39,2430.55,131593362,112784478808.0,1.21,-0.48,-11.84,0.4,29.83999999999969
2014-10-14,2451.09,2446.56,2467.9,2436.34,127393705,106356643094.0,1.29,-0.34,-8.39,0.39,31.559999999999945
2014-10-15,2444.54,2463.87,2465.5,2431.19,135801882,114837290107.0,1.4,0.71,17.31,0.42,34.309999999999945
2014-10-16,2448.97,2444.4,2480.3,2441.82,158166603,128340525473.0,1.56,-0.79,-19.47,0.48,38.48000000000002
2014-10-17,2443.22,2441.73,2456.1,2410.4,132759988,112685625525.0,1.87,-0.11,-2.67,0.41,45.69999999999982
2014-10-20,2448.45,2454.71,2456.62,2441.9,91435401,84843604900.0,0.6,0.53,12.98,0.28,14.7199999999998
2014-10-21,2453.41,2433.39,2459.25,2432.55,96241912,86622201933.0,1.09,-0.87,-21.32,0.29,26.699999999999818
2014-10-22,2434.89,2418.64,2447.47,2417.56,88656193,82251744245.0,1.23,-0.61,-14.75,0.27,29.909999999999854
2014-10-23,2415.44,2395.94,2424.66,2392.53,103491839,86045452830.0,1.33,-0.94,-22.7,0.32,32.129999999999654
2014-10-24,2397.85,2390.71,2404.99,2385.73,74974869,65601225156.0,0.8,-0.22,-5.23,0.23,19.259999999999764
2014-10-27,2377.54,2368.83,2377.54,2361.68,73862447,65956480803.0,0.66,-0.92,-21.88,0.23,15.860000000000127
2014-10-28,2373.16,2416.65,2416.77,2373.16,101523055,90529903107.0,1.84,2.02,47.82,0.31,43.61000000000013
2014-10-29,2423.81,2451.38,2461.27,2415.7,158584062,134541723619.0,1.89,1.44,34.73,0.49,45.570000000000164
2014-10-30,2450.36,2468.93,2474.38,2443.76,189626353,139157358014.0,1.25,0.72,17.55,0.58,30.61999999999989
2014-10-31,2473.5,2508.32,2512.19,2466.5,239172412,181604617039.0,1.85,1.6,39.39,0.73,45.690000000000055
2014-11-03,2515.82,2512.55,2524.17,2502.06,205801228,151406835108.0,0.88,0.17,4.23,0.63,22.110000000000127
2014-11-04,2511.04,2513.17,2517.46,2498.6,218247005,155291882550.0,0.75,0.02,0.62,0.67,18.860000000000127
2014-11-05,2516.87,2503.45,2519.4,2499.23,190491862,146130895120.0,0.8,-0.39,-9.72,0.58,20.170000000000073
2014-11-06,2505.17,2506.07,2510.99,2482.98,149651117,118839203631.0,1.12,0.1,2.62,0.46,28.009999999999764
2014-11-07,2508.76,2502.15,2541.55,2489.42,208760911,176868665325.0,2.08,-0.16,-3.92,0.64,52.13000000000011
2014-11-10,2529.83,2565.73,2565.73,2514.71,226599735,187612569248.0,2.04,2.54,63.58,0.69,51.01999999999998
2014-11-11,2578.44,2558.61,2602.37,2532.57,323711656,265840509803.0,2.72,-0.28,-7.12,0.99,69.79999999999973
2014-11-12,2545.4,2594.32,2594.32,2539.6,184686261,157847382809.0,2.14,1.4,35.71,0.57,54.720000000000255
2014-11-13,2597.39,2579.75,2607.52,2567.46,219815615,192985452900.0,1.54,-0.56,-14.57,0.67,40.059999999999945
2014-11-14,2569.21,2581.09,2581.93,2557.67,165049965,145409933865.0,0.94,0.05,1.34,0.51,24.259999999999764
2014-11-17,2613.51,2567.1,2614.09,2565.94,158478095,147724645089.0,1.87,-0.54,-13.99,0.49,48.15000000000009
2014-11-18,2565.27,2541.42,2570.21,2534.93,142941356,124246649435.0,1.37,-1.0,-25.68,0.44,35.2800000000002
2014-11-19,2538.23,2537.22,2550.5,2531.32,122146974,113031721938.0,0.75,-0.17,-4.2,0.37,19.179999999999836
2014-11-20,2528.78,2537.1,2545.47,2522.84,106149864,98145538650.0,0.89,0.0,-0.12,0.33,22.629999999999654
2014-11-21,2537.54,2583.46,2585.36,2530.03,151028139,143750813260.0,2.18,1.83,46.36,0.46,55.32999999999993
2014-11-24,2614.16,2649.26,2667.67,2602.94,279839720,264974912281.0,2.51,2.55,65.8,0.86,64.73000000000002
2014-11-25,2650.08,2685.56,2686.06,2643.84,222611699,206879208489.0,1.59,1.37,36.3,0.68,42.2199999999998
2014-11-26,2695.26,2723.02,2723.36,2690.31,243962485,239333899163.0,1.23,1.39,37.46,0.75,33.05000000000018
2014-11-27,2737.03,2754.49,2754.49,2718.7,265464730,261164877169.0,1.31,1.16,31.47,0.81,35.789999999999964
2014-11-28,2753.93,2808.82,2809.54,2740.37,375323662,330256023242.0,2.51,1.97,54.33,1.15,69.17000000000007
2014-12-01,2825.61,2819.81,2855.33,2808.65,365487417,338833084229.0,1.66,0.39,10.99,1.12,46.679999999999836
2014-12-02,2807.34,2923.94,2944.51,2804.29,361465322,341185189116.0,4.97,3.69,104.13,1.11,140.22000000000025
2014-12-03,2936.12,2967.55,3028.23,2912.25,466156685,464857500377.0,3.97,1.49,43.61,1.43,115.98000000000002
2014-12-04,2975.4,3104.35,3104.89,2968.88,426812928,433875560243.0,4.58,4.61,136.8,1.31,136.00999999999976
2014-12-05,3143.97,3124.89,3195.8,3011.94,524881260,554362904944.0,5.92,0.66,20.54,1.61,183.86000000000013
2014-12-08,3108.27,3252.88,3270.88,3075.7,484462344,515773683037.0,6.25,4.1,127.99,1.48,195.1800000000003
2014-12-09,3233.1,3106.91,3387.83,3074.52,632874567,702150099247.0,9.63,-4.49,-145.97,1.94,313.30999999999995
2014-12-10,3120.21,3221.55,3229.05,3058.19,425018708,477300103105.0,5.5,3.69,114.64,1.3,170.86000000000013
2014-12-11,3185.16,3183.01,3254.42,3158.44,367091691,392944833604.0,2.98,-1.2,-38.54,1.12,95.98000000000002
2014-12-12,3182.92,3193.23,3239.45,3167.93,301065325,337817436996.0,2.25,0.32,10.22,0.92,71.51999999999998
2014-12-15,3176.83,3217.23,3226.22,3143.3,290193834,326668040798.0,2.6,0.75,24.0,0.89,82.91999999999962
2014-12-16,3221.36,3303.4,3303.4,3207.69,358123847,425665729151.0,2.97,2.68,86.17,1.1,95.71000000000004
2014-12-17,3325.82,3360.6,3368.19,3275.74,448140770,527748937956.0,2.8,1.73,57.2,1.37,92.45000000000027
2014-12-18,3359.09,3345.93,3393.71,3322.23,355970207,416260448852.0,2.13,-0.44,-14.67,1.09,71.48000000000002
2014-12-19,3345.63,3383.17,3397.18,3280.92,411211590,435516864940.0,3.47,1.11,37.24,1.26,116.25999999999976
2014-12-22,3396.25,3394.48,3455.21,3357.66,549801671,537021101759.0,2.88,0.33,11.31,1.68,97.55000000000018
2014-12-23,3358.8,3324.92,3431.78,3316.91,369736093,377227774057.0,3.38,-2.05,-69.56,1.13,114.87000000000035
2014-12-24,3332.15,3230.39,3340.36,3188.5,317449587,339475799573.0,4.57,-2.84,-94.53,0.97,151.86000000000013
2014-12-25,3254.48,3335.42,3335.78,3226.32,309799547,330128939928.0,3.39,3.25,105.03,0.95,109.46000000000004
2014-12-26,3343.64,3445.84,3453.34,3335.01,384614124,438838427110.0,3.55,3.31,110.42,1.18,118.32999999999993
2014-12-29,3502.18,3455.46,3524.28,3405.84,425015037,505004508391.0,3.44,0.28,9.62,1.3,118.44000000000005
2014-12-30,3450.81,3457.55,3491.83,3422.17,328233873,394607772399.0,2.02,0.06,2.09,1.01,69.65999999999985
2014-12-31,3462.39,3533.71,3542.34,3452.5,345934760,403710888146.0,2.6,2.2,76.16,1.06,89.84000000000015
2015-01-05,3566.09,3641.54,3669.04,3551.51,451198098,519849817448.0,3.33,3.05,107.83,1.38,117.52999999999975
2015-01-06,3608.43,3641.06,3683.23,3587.23,420962185,498529588258.0,2.64,-0.01,-0.48,1.29,96.0
2015-01-07,3620.92,3643.79,3671.19,3601.7,320191232,398731720502.0,1.91,0.07,2.73,0.98,69.49000000000024
2015-01-08,3650.07,3559.26,3659.95,3552.1,295003045,355831967325.0,2.96,-2.32,-84.53,0.9,107.84999999999991
2015-01-09,3547.57,3546.72,3689.75,3536.4,349982672,430210592272.0,4.31,-0.35,-12.54,1.07,153.3499999999999
2015-01-12,3531.51,3513.58,3560.53,3461.32,266567175,334257133083.0,2.8,-0.93,-33.14,0.82,99.21000000000004
2015-01-13,3506.45,3514.04,3550.16,3494.77,187153965,250796676069.0,1.58,0.01,0.46,0.57,55.38999999999987
2015-01-14,3522.91,3502.42,3547.24,3471.56,196012510,241285837533.0,2.15,-0.33,-11.62,0.6,75.67999999999984
2015-01-15,3501.72,3604.12,3604.12,3482.27,237812338,303445351108.0,3.48,2.9,101.7,0.73,121.84999999999991
2015-01-16,3616.25,3635.15,3662.16,3601.26,282681614,355568710742.0,1.69,0.86,31.03,0.87,60.899999999999636
2015-01-19,3414.01,3355.16,3497.25,3330.98,329505275,366017532103.0,4.57,-7.7,-279.99,1.01,166.26999999999998
2015-01-20,3336.79,3396.22,3419.2,3325.68,297843232,381917903845.0,2.79,1.22,41.06,0.91,93.51999999999998
2015-01-21,3420.49,3548.89,3557.79,3409.43,337928210,425433704264.0,4.37,4.5,152.67,1.03,148.36000000000013
2015-01-22,3551.05,3567.61,3576.76,3520.05,268853599,345026040998.0,1.6,0.53,18.72,0.82,56.710000000000036
2015-01-23,3582.09,3571.73,3627.81,3548.63,280172172,361835546416.0,2.22,0.12,4.12,0.86,79.17999999999984
2015-01-26,3580.12,3607.99,3611.62,3559.38,239766203,309585710088.0,1.46,1.02,36.26,0.73,52.23999999999978
2015-01-27,3614.04,3574.93,3616.26,3510.02,287669179,357548249621.0,2.94,-0.92,-33.06,0.88,106.24000000000024
2015-01-28,3547.24,3525.32,3583.31,3512.39,216220214,278749164896.0,1.98,-1.39,-49.61,0.66,70.92000000000007
2015-01-29,3474.92,3481.8,3505.58,3453.9,211618860,251897926442.0,1.47,-1.23,-43.52,0.65,51.679999999999836
2015-01-30,3496.89,3434.39,3514.22,3431.94,196479157,237420793858.0,2.36,-1.36,-47.41,0.6,82.27999999999975
2015-02-02,3360.19,3353.96,3407.26,3347.08,195183699,224837769887.0,1.75,-2.34,-80.43,0.6,60.18000000000029
2015-02-03,3388.6,3437.45,3441.71,3360.72,192846096,241100023193.0,2.41,2.49,83.49,0.59,80.99000000000024
2015-02-04,3446.14,3401.77,3476.82,3399.56,191304349,244034297155.0,2.25,-1.04,-35.68,0.59,77.26000000000022
2015-02-05,3487.95,3366.95,3487.95,3366.86,250430609,311523669172.0,3.56,-1.02,-34.82,0.77,121.08999999999969
2015-02-06,3352.33,3312.42,3374.05,3285.94,192664186,221433183351.0,2.62,-1.62,-54.53,0.59,88.11000000000013
2015-02-09,3305.73,3345.92,3376.53,3298.6,172353820,220766525021.0,2.35,1.01,33.5,0.53,77.93000000000029
2015-02-10,3345.08,3406.94,3407.18,3339.55,159309088,199120680699.0,2.02,1.82,61.02,0.49,67.62999999999965
2015-02-11,3415.98,3434.12,3445.66,3412.14,144613772,185979219656.0,0.98,0.8,27.18,0.44,33.51999999999998
2015-02-12,3435.36,3442.87,3453.58,3405.63,156081691,191285873488.0,1.4,0.25,8.75,0.48,47.94999999999982
2015-02-13,3458.83,3469.83,3509.5,3452.08,201089971,247076153339.0,1.67,0.78,26.96,0.62,57.42000000000007
2015-02-16,3473.29,3499.48,3504.48,3466.61,165641343,222799721247.0,1.09,0.85,29.65,0.51,37.86999999999989
2015-02-17,3511.54,3522.32,3536.82,3511.09,165328313,214457267905.0,0.74,0.65,22.84,0.51,25.730000000000018
2015-02-25,3529.55,3478.73,3529.55,3463.96,165539351,211739059322.0,1.86,-1.24,-43.59,0.51,65.59000000000015
2015-02-26,3473.71,3566.29,3569.33,3456.87,229328438,279809075234.0,3.23,2.52,87.56,0.7,112.46000000000004
2015-02-27,3565.23,3572.84,3594.81,3560.46,222786438,271861944608.0,0.96,0.18,6.55,0.68,34.34999999999991
2015-03-02,3603.45,3601.26,3608.69,3566.53,248176125,325164897145.0,1.18,0.8,28.42,0.76,42.159999999999854
2015-03-03,3579.31,3507.9,3579.31,3504.2,261866489,335700118167.0,2.09,-2.59,-93.36,0.8,75.11000000000013
2015-03-04,3514.67,3530.82,3540.91,3497.17,199663981,257468790961.0,1.25,0.65,22.92,0.61,43.73999999999978
2015-03-05,3513.25,3496.34,3517.08,3467.68,217508805,279030592350.0,1.4,-0.98,-34.48,0.67,49.40000000000009
2015-03-06,3501.18,3478.52,3516.24,3472.39,181518054,233468244766.0,1.25,-0.51,-17.82,0.56,43.84999999999991
2015-03-09,3449.7,3537.75,3546.71,3417.49,233940411,277860471571.0,3.71,1.7,59.23,0.72,129.22000000000025
2015-03-10,3523.64,3520.61,3551.21,3511.99,194267657,245366625918.0,1.11,-0.48,-17.14,0.59,39.220000000000255
2015-03-11,3524.57,3524.65,3568.92,3512.22,188947825,235772755479.0,1.61,0.11,4.04,0.58,56.70000000000027
2015-03-12,3557.69,3592.84,3603.34,3536.53,265664625,322141249344.0,1.9,1.93,68.19,0.81,66.80999999999995
2015-03-13,3604.67,3617.66,3641.39,3594.74,246864768,297298516465.0,1.3,0.69,24.82,0.76,46.65000000000009
2015-03-16,3641.77,3705.67,3705.74,3621.12,275438307,358497570207.0,2.34,2.43,88.01,0.84,84.61999999999989
2015-03-17,3733.96,3757.12,3762.57,3716.81,371625666,455003825887.0,1.23,1.39,51.45,1.14,45.76000000000022
2015-03-18,3769.09,3846.05,3846.05,3763.85,415190011,484465529242.0,2.19,2.37,88.93,1.27,82.20000000000027
2015-03-19,3851.25,3839.74,3859.13,3809.71,391547630,463212821639.0,1.28,-0.16,-6.31,1.2,49.42000000000007
2015-03-20,3852.49,3892.57,3916.86,3832.42,401817552,544468374302.0,2.2,1.38,52.83,1.23,84.44000000000005
2015-03-23,3923.08,3972.06,3972.3,3922.21,391119922,519760220709.0,1.29,2.04,79.49,1.2,50.090000000000146
2015-03-24,3980.07,3973.05,3989.86,3883.78,468581312,591066800604.0,2.67,0.02,0.99,1.44,106.07999999999993
2015-03-25,3961.58,3940.41,3980.72,3913.99,379968851,501733891680.0,1.68,-0.82,-32.64,1.16,66.73000000000002
2015-03-26,3921.75,3950.0,3992.0,3892.88,346756315,468538490771.0,2.52,0.24,9.59,1.06,99.11999999999989
2015-03-27,3957.54,3971.7,3993.03,3932.87,298756064,393132347578.0,1.52,0.55,21.7,0.92,60.16000000000031
2015-03-30,3999.02,4088.18,4101.65,3999.02,428297020,546211078887.0,2.58,2.93,116.48,1.31,102.62999999999965
2015-03-31,4138.88,4051.2,4166.02,4037.77,436065635,598121732643.0,3.14,-0.9,-36.98,1.34,128.25000000000045
2015-04-01,4057.5,4123.9,4139.5,4046.94,329512853,466596904663.0,2.28,1.79,72.7,1.01,92.55999999999995
2015-04-02,4149.95,4124.78,4156.84,4068.65,339070487,476617837707.0,2.14,0.02,0.88,1.04,88.19000000000005
2015-04-03,4104.67,4170.54,4170.56,4092.38,321303766,466965600575.0,1.9,1.11,45.76,0.98,78.18000000000029
2015-04-07,4213.89,4260.04,4260.47,4197.02,415362654,564646323685.0,1.52,2.15,89.5,1.27,63.44999999999982
2015-04-08,4277.45,4295.8,4304.78,4204.83,458676715,658308062760.0,2.35,0.84,35.76,1.4,99.94999999999982
2015-04-09,4316.96,4262.14,4332.17,4212.61,439699902,650419151486.0,2.78,-0.78,-33.66,1.35,119.5600000000004
2015-04-10,4249.38,4344.42,4351.69,4231.2,348190170,509354291196.0,2.83,1.93,82.28,1.07,120.48999999999978
2015-04-13,4394.05,4421.07,4432.02,4361.59,434153036,598518139930.0,1.62,1.76,76.65,1.33,70.43000000000029
2015-04-14,4432.13,4438.18,4474.35,4385.91,434432126,602127441917.0,2.0,0.39,17.11,1.33,88.44000000000051
2015-04-15,4439.31,4380.51,4476.0,4379.61,472154131,596822875636.0,2.17,-1.3,-57.67,1.45,96.39000000000033
2015-04-16,4355.49,4513.55,4513.77,4335.63,422603748,564722844124.0,4.07,3.04,133.04,1.29,178.14000000000033
2015-04-17,4578.68,4596.14,4630.27,4553.9,552802663,733953610122.0,1.69,1.83,82.59,1.69,76.3700000000008
2015-04-20,4615.03,4521.92,4671.17,4492.6,686439075,939264904128.0,3.89,-1.61,-74.22,2.1,178.5699999999997
2015-04-21,4520.46,4619.16,4620.06,4504.56,490314991,685365027867.0,2.55,2.15,97.24,1.5,115.5
2015-04-22,4637.06,4739.81,4740.93,4632.59,516213792,769924803864.0,2.35,2.61,120.65,1.58,108.34000000000015
2015-04-23,4764.48,4740.89,4782.04,4693.97,497430954,752258236225.0,1.86,0.02,1.08,1.52,88.06999999999971
2015-04-24,4682.63,4702.64,4730.43,4618.32,480152936,721273097490.0,2.36,-0.81,-38.25,1.47,112.11000000000058
2015-04-27,4753.87,4807.59,4810.48,4735.31,513076548,765910402328.0,1.6,2.23,104.95,1.57,75.16999999999916
2015-04-28,4811.32,4741.86,4839.08,4703.57,608638545,860349875255.0,2.82,-1.37,-65.73,1.86,135.51000000000022
2015-04-29,4722.9,4774.33,4797.93,4695.79,395056980,601676350605.0,2.15,0.68,32.47,1.21,102.14000000000033
2015-04-30,4788.41,4749.89,4818.73,4749.48,399727444,612511415165.0,1.45,-0.51,-24.44,1.22,69.25
2015-05-04,4757.64,4787.74,4795.92,4699.4,377843853,565453373624.0,2.03,0.8,37.85,1.16,96.52000000000044
2015-05-05,4785.19,4596.84,4785.19,4572.98,460419626,660020218474.0,4.43,-3.99,-190.9,1.41,212.21000000000004
2015-05-06,4626.23,4553.33,4700.91,4511.76,376073702,586033987365.0,4.11,-0.95,-43.51,1.15,189.14999999999964
2015-05-07,4520.82,4470.09,4546.34,4467.46,297759203,427189953161.0,1.73,-1.83,-83.24,0.91,78.88000000000011
2015-05-08,4515.55,4558.4,4559.06,4445.59,302407967,452090694881.0,2.54,1.98,88.31,0.93,113.47000000000025
2015-05-11,4582.09,4690.53,4690.95,4535.15,373838420,583260408778.0,3.42,2.9,132.13,1.14,155.80000000000018
2015-05-12,4692.12,4747.42,4748.0,4660.02,377053891,607123299939.0,1.88,1.21,56.89,1.15,87.97999999999956
2015-05-13,4746.71,4718.44,4758.0,4678.85,370730424,590479847838.0,1.67,-0.61,-28.98,1.14,79.14999999999964
2015-05-14,4717.96,4700.78,4735.28,4670.17,337725152,513219655550.0,1.38,-0.37,-17.66,1.03,65.10999999999967
2015-05-15,4690.75,4617.47,4690.75,4592.05,328431166,506695010176.0,2.1,-1.77,-83.31,1.01,98.69999999999982
2015-05-18,4582.06,4575.14,4623.38,4565.06,269180489,434083129375.0,1.26,-0.92,-42.33,0.82,58.31999999999971
2015-05-19,4577.64,4731.22,4740.0,4577.64,314785952,524232160128.0,3.55,3.41,156.08,0.96,162.35999999999967
2015-05-20,4751.57,4754.92,4843.1,4745.21,363180748,589956272979.0,2.07,0.5,23.7,1.11,97.89000000000033
2015-05-21,4768.69,4840.98,4841.62,4746.03,305054537,505346105539.0,2.01,1.81,86.06,0.93,95.59000000000015
2015-05-22,4895.92,4951.33,4951.99,4870.6,455846718,719129953200.0,1.68,2.28,110.35,1.4,81.38999999999942
2015-05-25,4949.11,5099.5,5099.84,4949.11,465736590,757085825931.0,3.04,2.99,148.17,1.43,150.73000000000047
2015-05-26,5140.8,5198.92,5199.29,5063.15,487949359,802295843467.0,2.67,1.95,99.42,1.49,136.14000000000033
2015-05-27,5216.17,5181.43,5226.84,5126.86,470798730,777826309129.0,1.92,-0.34,-17.49,1.44,99.98000000000047
2015-05-28,5174.1,4834.01,5213.18,4831.33,571829047,873207363731.0,7.37,-6.71,-347.42,1.75,381.85000000000036
2015-05-29,4839.53,4840.83,4924.3,4665.52,427878859,636008152610.0,5.35,0.14,6.82,1.31,258.77999999999975
2015-06-01,4862.76,5076.18,5079.32,4835.77,417503741,637843681462.0,5.03,4.86,235.35,1.28,243.54999999999927
2015-06-02,5091.27,5161.87,5162.56,5047.08,412973196,658452859697.0,2.27,1.69,85.69,1.26,115.48000000000047
2015-06-03,5176.6,5143.59,5186.97,5059.5,414258270,672056532157.0,2.47,-0.35,-18.28,1.27,127.47000000000025
2015-06-04,5156.01,5181.42,5194.23,4863.46,482767268,735170669363.0,6.43,0.74,37.83,1.48,330.7699999999995
2015-06-05,5254.9,5230.55,5288.34,5104.18,545961196,855224403052.0,3.55,0.95,49.13,1.67,184.15999999999985
2015-06-08,5259.41,5353.75,5370.61,5202.59,637313237,949498013951.0,3.21,2.36,123.2,1.95,168.01999999999953
2015-06-09,5379.47,5317.46,5380.43,5251.21,570427263,871431819564.0,2.41,-0.68,-36.29,1.75,129.22000000000025
2015-06-10,5254.3,5309.11,5374.83,5209.68,442165676,711509256785.0,3.11,-0.16,-8.35,1.35,165.14999999999964
2015-06-11,5305.14,5306.59,5329.29,5248.16,392338755,660584867997.0,1.53,-0.05,-2.52,1.2,81.13000000000011
2015-06-12,5329.28,5335.12,5351.65,5283.09,430131386,694213173337.0,1.29,0.54,28.53,1.32,68.55999999999949
2015-06-15,5354.01,5221.17,5362.45,5207.31,475745703,766237730233.0,2.91,-2.14,-113.95,1.46,155.13999999999942
2015-06-16,5165.02,5064.82,5204.3,5015.26,411675638,651522532247.0,3.62,-2.99,-156.35,1.26,189.03999999999996
2015-06-17,5072.31,5138.83,5158.37,4949.29,397124187,589868366440.0,4.13,1.46,74.01,1.22,209.07999999999993
2015-06-18,5107.69,4930.55,5121.22,4926.43,364395814,555646755662.0,3.79,-4.05,-208.28,1.12,194.78999999999996
2015-06-19,4847.06,4637.05,4910.45,4634.69,358104744,519609575034.0,5.59,-5.95,-293.5,1.1,275.7600000000002
2015-06-23,4641.42,4786.09,4786.96,4455.33,365087944,536984113004.0,7.15,3.21,149.04,1.12,331.6300000000001
2015-06-24,4811.59,4880.13,4883.73,4744.31,434638723,615374085939.0,2.91,1.96,94.04,1.33,139.41999999999916
2015-06-25,4906.24,4706.52,4919.26,4667.22,446135982,640246401379.0,5.16,-3.56,-173.61,1.37,252.03999999999996
2015-06-26,4573.87,4336.19,4650.19,4278.68,446639790,612959478689.0,7.89,-7.87,-370.33,1.37,371.5099999999993
2015-06-29,4446.84,4191.55,4451.17,4000.93,525662482,704014548847.0,10.38,-3.34,-144.64,1.61,450.24000000000024
2015-06-30,4161.07,4473.0,4475.77,4016.01,527045280,716045824698.0,10.97,6.71,281.45,1.61,459.7600000000002
2015-07-01,4408.98,4253.02,4526.13,4235.7,431721411,623330596858.0,6.49,-4.92,-219.98,1.32,290.4300000000003
2015-07-02,4287.73,4108.0,4312.19,4000.06,457062194,593506685518.0,7.34,-3.41,-145.02,1.4,312.12999999999965
2015-07-03,4017.2,3885.92,4164.63,3785.9,429300850,538216869728.0,9.22,-5.41,-222.08,1.31,378.73
2015-07-06,4218.27,3998.54,4218.27,3832.47,648094530,779558044352.0,9.93,2.9,112.62,1.98,385.80000000000064
2015-07-07,3877.85,3928.0,3960.64,3743.62,679385007,795962644454.0,5.43,-1.76,-70.54,2.08,217.01999999999998
2015-07-08,3651.06,3663.04,3762.62,3612.25,581467097,640122398881.0,3.83,-6.75,-264.96,1.78,150.3699999999999
2015-07-09,3621.68,3897.63,3930.26,3537.83,503870610,564744043358.0,10.71,6.4,234.59,1.54,392.4300000000003
2015-07-10,3916.27,4106.56,4179.11,3887.55,500701802,629079512954.0,7.48,5.36,208.93,1.53,291.5599999999995
2015-07-13,4132.23,4211.81,4278.16,4072.43,502092186,659251724205.0,5.01,2.56,105.25,1.54,205.73000000000002
2015-07-14,4178.63,4112.15,4258.51,4062.5,454422009,597521262486.0,4.65,-2.37,-99.66,1.39,196.01000000000022
2015-07-15,4068.88,3966.76,4114.24,3899.51,421956367,514064532339.0,5.22,-3.54,-145.39,1.29,214.72999999999956
2015-07-16,3949.64,3997.36,4067.02,3856.32,330531345,410050894560.0,5.31,0.77,30.6,1.01,210.69999999999982
2015-07-17,4023.76,4151.5,4190.19,4000.23,331107131,435597103716.0,4.75,3.86,154.14,1.01,189.95999999999958
2015-07-20,4157.06,4160.61,4221.69,4106.39,352673472,483493894661.0,2.78,0.22,9.11,1.08,115.29999999999927
2015-07-21,4109.76,4166.01,4201.48,4081.7,318374945,431695843789.0,2.88,0.13,5.4,0.98,119.77999999999975
2015-07-22,4148.56,4157.16,4187.43,4094.71,318945997,441832505196.0,2.23,-0.21,-8.85,0.98,92.72000000000025
2015-07-23,4158.93,4250.81,4262.06,4148.82,354471759,483972220006.0,2.72,2.25,93.65,1.09,113.24000000000069
2015-07-24,4255.2,4176.28,4299.65,4154.62,392045373,535901647230.0,3.41,-1.75,-74.53,1.2,145.02999999999975
2015-07-27,4097.8,3818.73,4156.31,3817.17,365054511,477952010794.0,8.12,-8.56,-357.55,1.12,339.1400000000003
2015-07-28,3690.97,3811.09,3883.45,3627.42,383527216,482654543336.0,6.7,-0.2,-7.64,1.17,256.02999999999975
2015-07-29,3839.96,3930.38,3934.0,3769.19,276972845,372287868068.0,4.32,3.13,119.29,0.85,164.80999999999995
2015-07-30,3915.78,3815.41,3968.53,3802.88,271548665,376351170573.0,4.21,-2.93,-114.97,0.83,165.6500000000001
2015-07-31,3777.15,3816.7,3863.62,3757.99,222376767,299312543754.0,2.77,0.03,1.29,0.68,105.63000000000011
2015-08-03,3766.07,3829.24,3829.24,3742.58,245805030,309631297700.0,2.27,0.33,12.54,0.75,86.65999999999985
2015-08-04,3827.37,3948.16,3948.45,3801.03,220236556,288756503266.0,3.85,3.11,118.92,0.67,147.41999999999962
2015-08-05,3937.62,3866.9,3962.28,3858.66,200484269,272693513971.0,2.62,-2.06,-81.26,0.61,103.62000000000035
2015-08-06,3802.93,3831.85,3888.69,3793.24,147278694,195532363765.0,2.47,-0.91,-35.05,0.45,95.45000000000027
2015-08-07,3866.43,3906.94,3926.65,3857.91,183349153,246546119056.0,1.79,1.96,75.09,0.56,68.74000000000024
2015-08-10,3947.47,4084.36,4101.73,3932.84,306780540,401702020648.0,4.32,4.54,177.42,0.94,168.88999999999942
2015-08-11,4083.59,4066.67,4110.13,4042.0,322034191,416996541243.0,1.67,-0.43,-17.69,0.99,68.13000000000011
2015-08-12,4025.67,4016.13,4078.03,4015.35,255146196,339799364935.0,1.54,-1.24,-50.54,0.78,62.68000000000029
2015-08-13,4010.01,4075.46,4075.7,3967.82,242836979,319887602964.0,2.69,1.48,59.33,0.74,107.87999999999965
2015-08-14,4097.92,4073.54,4113.16,4056.73,253392996,340076813259.0,1.38,-0.05,-1.92,0.78,56.429999999999836
2015-08-17,4058.11,4077.87,4081.77,4009.99,256939638,336830563044.0,1.76,0.11,4.33,0.79,71.7800000000002
2015-08-18,4084.31,3825.41,4103.05,3816.55,319881070,424924184411.0,7.03,-6.19,-252.46,0.98,286.5
2015-08-19,3748.27,3886.14,3898.74,3668.19,269049839,340923470856.0,6.03,1.59,60.73,0.82,230.54999999999973
2015-08-20,3848.4,3761.45,3880.82,3761.45,212167965,270576698834.0,3.07,-3.21,-124.69,0.65,119.37000000000035
2015-08-21,3714.29,3589.54,3757.78,3578.17,217986403,267498426435.0,4.78,-4.57,-171.91,0.67,179.61000000000013
2015-08-24,3454.6,3275.53,3468.15,3266.55,255436652,273124228208.0,5.62,-8.75,-314.01,0.78,201.5999999999999
2015-08-25,3070.01,3042.93,3200.11,3019.56,276081306,281160333742.0,5.51,-7.1,-232.6,0.85,180.55000000000018
2015-08-26,3062.57,3025.69,3192.93,2952.01,308270623,312188248685.0,7.92,-0.57,-17.24,0.94,240.91999999999962
2015-08-27,3092.81,3205.64,3206.72,3028.4,267294930,278769983405.0,5.89,5.95,179.95,0.82,178.3199999999997
2015-08-28,3246.24,3342.29,3353.24,3223.62,299498426,318763482694.0,4.04,4.26,136.65,0.92,129.6199999999999
2015-08-31,3307.4,3366.54,3368.28,3205.54,280250403,306610891136.0,4.87,0.73,24.25,0.86,162.74000000000024
2015-09-01,3296.53,3362.08,3370.5,3190.58,352458528,351387828324.0,5.34,-0.13,-4.46,1.08,179.92000000000007
2015-09-02,3220.85,3365.83,3387.02,3213.64,347789412,348986389305.0,5.16,0.11,3.75,1.07,173.3800000000001
2015-09-07,3347.29,3250.49,3422.22,3240.24,204224431,221756790269.0,5.41,-3.43,-115.34,0.63,181.98000000000002
2015-09-08,3221.79,3334.02,3340.22,3170.81,154599631,168294750030.0,5.21,2.57,83.53,0.47,169.40999999999985
2015-09-09,3344.82,3399.31,3426.65,3330.29,220467421,258815794996.0,2.89,1.96,65.29,0.68,96.36000000000013
2015-09-10,3349.28,3357.56,3398.32,3337.31,144882971,168108269695.0,1.79,-1.23,-41.75,0.44,61.01000000000022
2015-09-11,3349.88,3347.19,3383.13,3315.48,108547508,130262410873.0,2.01,-0.31,-10.37,0.33,67.65000000000009
2015-09-14,3367.64,3281.13,3373.92,3187.57,205457251,226168550065.0,5.57,-1.97,-66.06,0.63,186.3499999999999
2015-09-15,3208.74,3152.23,3240.08,3131.98,143555641,145989213753.0,3.29,-3.93,-128.9,0.44,108.09999999999991
2015-09-16,3149.16,3309.25,3345.92,3131.37,159709994,168269840344.0,6.81,4.98,157.02,0.49,214.55000000000018
2015-09-17,3287.66,3237.0,3354.91,3237.0,169401881,190270181393.0,3.56,-2.18,-72.25,0.52,117.90999999999985
2015-09-18,3254.44,3251.27,3280.88,3227.83,106903481,121752531747.0,1.64,0.44,14.27,0.33,53.05000000000018
2015-09-21,3222.6,3308.25,3312.55,3211.93,122788668,145323018237.0,3.09,1.75,56.98,0.38,100.62000000000035
2015-09-22,3312.37,3339.03,3371.41,3303.18,146221985,172492862561.0,2.06,0.93,30.78,0.45,68.23000000000002
2015-09-23,3290.07,3263.03,3315.94,3253.33,123171439,136885975737.0,1.88,-2.28,-76.0,0.38,62.61000000000013
2015-09-24,3278.9,3285.0,3300.86,3255.9,102011238,120820642496.0,1.38,0.67,21.97,0.31,44.960000000000036
2015-09-25,3272.67,3231.95,3290.86,3201.91,121419278,137602168790.0,2.71,-1.61,-53.05,0.37,88.95000000000027
2015-09-28,3226.61,3242.75,3246.55,3186.51,74219468,88007466971.0,1.86,0.33,10.8,0.23,60.039999999999964
2015-09-29,3197.22,3178.85,3208.42,3159.04,87150633,96691510035.0,1.52,-1.97,-63.9,0.27,49.38000000000011
2015-09-30,3195.9,3202.95,3223.91,3186.77,78559349,95881598729.0,1.17,0.76,24.1,0.24,37.13999999999987
2015-10-08,3324.98,3296.48,3337.33,3294.6,132081768,164120601354.0,1.33,2.92,93.53,0.4,42.73000000000002
2015-10-09,3302.36,3340.12,3352.38,3293.97,124352500,144731343186.0,1.77,1.32,43.64,0.38,58.41000000000031
2015-10-12,3351.14,3447.69,3486.63,3347.25,221400468,263706468495.0,4.17,3.22,107.57,0.68,139.3800000000001
2015-10-13,3422.48,3445.04,3452.05,3413.97,145433786,174978937957.0,1.1,-0.08,-2.65,0.45,38.08000000000038
2015-10-14,3431.14,3406.11,3458.7,3403.23,152173938,174599255680.0,1.61,-1.13,-38.93,0.47,55.4699999999998
2015-10-15,3403.39,3486.81,3486.81,3402.32,171158299,201881880361.0,2.48,2.37,80.7,0.52,84.48999999999978
2015-10-16,3508.52,3534.07,3537.54,3487.1,208964709,252211491386.0,1.45,1.36,47.26,0.64,50.440000000000055
2015-10-19,3548.95,3534.18,3572.99,3502.5,207606744,254890985147.0,1.99,0.0,0.11,0.64,70.48999999999978
2015-10-20,3527.88,3577.7,3577.8,3510.44,179025108,226525577194.0,1.91,1.23,43.52,0.55,67.36000000000013
2015-10-21,3580.84,3473.25,3601.24,3417.41,282076050,326886985805.0,5.14,-2.92,-104.45,0.86,183.82999999999993
2015-10-22,3453.2,3524.53,3530.77,3442.31,184305580,223583606540.0,2.55,1.48,51.28,0.56,88.46000000000004
2015-10-23,3536.84,3571.24,3581.84,3515.82,198294478,247059685203.0,1.87,1.33,46.71,0.61,66.01999999999998
2015-10-26,3614.7,3589.26,3620.76,3561.19,204248863,270489759134.0,1.67,0.5,18.02,0.63,59.570000000000164
2015-10-27,3569.45,3592.88,3601.05,3486.1,192056140,239042538536.0,3.2,0.1,3.62,0.59,114.95000000000027
2015-10-28,3575.8,3524.92,3598.17,3517.21,170977098,213303023833.0,2.25,-1.89,-67.96,0.52,80.96000000000004
2015-10-29,3539.98,3533.31,3561.81,3507.97,127010446,161051885808.0,1.53,0.24,8.39,0.39,53.840000000000146
2015-10-30,3530.22,3534.08,3574.47,3497.57,139141914,183317149529.0,2.18,0.02,0.77,0.43,76.89999999999964
2015-11-02,3489.23,3475.96,3543.45,3474.71,130002568,167455101934.0,1.95,-1.64,-58.12,0.4,68.73999999999978
2015-11-03,3484.72,3465.49,3501.7,3452.62,101401876,132231502584.0,1.41,-0.3,-10.47,0.31,49.07999999999993
2015-11-04,3477.16,3628.54,3628.54,3477.16,205423865,266955889953.0,4.37,4.7,163.05,0.63,151.3800000000001
2015-11-05,3630.78,3705.97,3781.41,3627.3,398046568,495138171518.0,4.25,2.13,77.43,1.22,154.10999999999967
2015-11-06,3698.34,3793.37,3801.71,3694.66,298753076,389779446699.0,2.89,2.36,87.4,0.92,107.05000000000018
2015-11-09,3796.38,3840.35,3891.77,3796.38,356804823,463161707601.0,2.51,1.24,46.98,1.09,95.38999999999987
2015-11-10,3806.67,3833.24,3876.49,3798.82,286519603,380910629424.0,2.02,-0.19,-7.11,0.88,77.66999999999962
2015-11-11,3828.45,3833.65,3843.11,3781.41,232234296,307008336072.0,1.61,0.01,0.41,0.71,61.70000000000027
2015-11-12,3841.74,3795.32,3843.9,3771.27,217537647,302446791881.0,1.89,-1.0,-38.33,0.67,72.63000000000011
2015-11-13,3756.2,3746.24,3793.71,3727.58,203489891,281961129453.0,1.74,-1.29,-49.08,0.62,66.13000000000011
2015-11-16,3682.73,3764.13,3764.41,3680.07,161690901,227483711616.0,2.25,0.48,17.89,0.5,84.33999999999969
2015-11-17,3790.43,3758.39,3852.77,3750.16,248533071,365138598381.0,2.73,-0.15,-5.74,0.76,102.61000000000013
2015-11-18,3760.46,3715.58,3771.85,3706.31,185689495,254137953313.0,1.74,-1.14,-42.81,0.57,65.53999999999996
2015-11-19,3725.62,3774.97,3775.23,3714.67,154631989,204557606993.0,1.63,1.6,59.39,0.47,60.559999999999945
2015-11-20,3778.88,3774.38,3793.54,3757.03,186951689,242295089781.0,0.97,-0.02,-0.59,0.57,36.50999999999976
2015-11-23,3774.44,3753.34,3802.85,3743.41,175626812,234640979610.0,1.57,-0.56,-21.04,0.54,59.440000000000055
2015-11-24,3745.76,3753.89,3754.17,3702.74,143383283,192495095083.0,1.37,0.01,0.55,0.44,51.43000000000029
2015-11-25,3747.76,3781.61,3781.86,3735.72,151944941,215125047954.0,1.23,0.74,27.72,0.47,46.14000000000033
2015-11-26,3795.25,3759.43,3805.84,3756.82,173525468,239797205559.0,1.3,-0.59,-22.18,0.53,49.01999999999998
2015-11-27,3739.1,3556.99,3742.74,3534.39,208939358,269758168475.0,5.54,-5.38,-202.44,0.64,208.3499999999999
2015-11-30,3554.89,3566.41,3587.97,3455.07,173201163,220098287801.0,3.74,0.26,9.42,0.53,132.89999999999964
2015-12-01,3562.32,3591.7,3617.31,3536.12,136536554,176598805608.0,2.28,0.71,25.29,0.42,81.19000000000005
2015-12-02,3587.76,3721.95,3725.85,3573.4,213538865,260938692616.0,4.24,3.63,130.25,0.65,152.44999999999982
2015-12-03,3709.55,3749.3,3758.45,3693.14,197762126,236698987440.0,1.75,0.73,27.35,0.61,65.30999999999995
2015-12-04,3719.73,3677.59,3726.12,3667.29,151199522,196455597757.0,1.57,-1.91,-71.71,0.46,58.82999999999993
2015-12-07,3681.58,3687.61,3699.34,3658.58,113883150,161220059836.0,1.11,0.27,10.02,0.35,40.76000000000022
2015-12-08,3668.84,3623.02,3668.84,3619.44,125781083,163317229186.0,1.34,-1.75,-64.59,0.39,49.40000000000009
2015-12-09,3613.42,3635.94,3655.16,3611.49,113325422,154319992100.0,1.21,0.36,12.92,0.35,43.67000000000007
2015-12-10,3634.37,3623.08,3678.32,3615.99,120215625,168622188283.0,1.71,-0.35,-12.86,0.37,62.33000000000038
2015-12-11,3605.37,3608.06,3630.74,3578.15,110322481,145248640244.0,1.45,-0.41,-15.02,0.34,52.58999999999969
2015-12-14,3573.88,3711.32,3712.5,3571.0,151769119,203291513291.0,3.92,2.86,103.26,0.46,141.5
2015-12-15,3707.73,3694.39,3717.36,3679.23,126481710,186795461663.0,1.03,-0.46,-16.93,0.39,38.13000000000011
2015-12-16,3703.95,3685.44,3713.09,3677.45,111342723,160118243242.0,0.96,-0.24,-8.95,0.34,35.64000000000033
2015-12-17,3712.78,3755.89,3768.84,3709.85,177924075,242543823434.0,1.6,1.91,70.45,0.54,58.99000000000024
2015-12-18,3754.96,3767.91,3810.22,3750.93,173465980,232281458171.0,1.58,0.32,12.02,0.53,59.289999999999964
2015-12-21,3762.1,3865.96,3877.82,3759.99,217435275,289905289214.0,3.13,2.6,98.05,0.67,117.83000000000038
2015-12-22,3872.1,3876.73,3880.47,3841.59,180303661,243797366698.0,1.01,0.28,10.77,0.55,38.879999999999654
2015-12-23,3877.87,3866.38,3926.69,3862.96,207017147,294710770246.0,1.64,-0.27,-10.35,0.63,63.73000000000002
2015-12-24,3858.13,3829.4,3867.68,3787.08,147181397,203683543579.0,2.08,-0.96,-36.98,0.45,80.59999999999991
2015-12-25,3832.08,3838.2,3848.02,3813.2,119624013,163314511431.0,0.91,0.23,8.8,0.37,34.820000000000164
2015-12-28,3847.53,3727.63,3853.39,3727.63,153988440,210026020459.0,3.28,-2.88,-110.57,0.47,125.75999999999976
2015-12-29,3723.05,3761.87,3762.05,3710.48,101885555,140405054699.0,1.38,0.92,34.24,0.31,51.570000000000164
2015-12-30,3762.91,3765.18,3765.66,3726.28,105629955,155744099319.0,1.05,0.09,3.31,0.32,39.379999999999654
2015-12-31,3760.9,3731.0,3772.62,3727.32,101873556,145043696235.0,1.2,-0.91,-34.18,0.31,45.29999999999973
2016-01-04,3725.86,3469.07,3726.24,3468.95,115370674,145968206095.0,6.9,-7.02,-261.93,0.35,257.28999999999996
2016-01-05,3382.18,3478.78,3518.22,3377.28,162116984,196017085879.0,4.06,0.28,9.71,0.5,140.9399999999996
2016-01-06,3482.41,3539.81,3543.74,3468.47,145966144,160947198402.0,2.16,1.75,61.03,0.45,75.26999999999998
2016-01-07,3481.15,3294.38,3481.15,3284.74,44102641,47130795628.0,5.55,-6.93,-245.43,0.14,196.4100000000003
2016-01-08,3371.87,3361.56,3418.85,3237.93,185959451,203498868289.0,5.49,2.04,67.18,0.57,180.92000000000007
2016-01-11,3303.12,3192.45,3342.48,3192.45,174638387,184464050180.0,4.46,-5.03,-169.11,0.53,150.0300000000002
2016-01-12,3214.82,3215.71,3242.25,3174.55,128225796,142048909710.0,2.12,0.73,23.26,0.39,67.69999999999982
2016-01-13,3240.48,3155.88,3257.3,3155.88,120666494,130886082444.0,3.15,-1.86,-59.83,0.37,101.42000000000007
2016-01-14,3076.64,3221.57,3226.66,3072.04,134537671,144771580596.0,4.9,2.08,65.69,0.41,154.6199999999999
2016-01-15,3200.89,3118.73,3216.8,3101.05,124601779,131882737252.0,3.59,-3.19,-102.84,0.38,115.75
2016-01-18,3068.23,3130.73,3165.62,3066.73,101128386,109458287764.0,3.17,0.38,12.0,0.31,98.88999999999987
2016-01-19,3132.7,3223.12,3227.91,3119.22,127653893,142907686296.0,3.47,2.95,92.39,0.39,108.69000000000005
2016-01-20,3204.22,3174.38,3225.95,3154.43,130650504,143313337192.0,2.22,-1.51,-48.74,0.4,71.51999999999998
2016-01-21,3136.38,3081.35,3202.54,3081.35,111189733,121856195433.0,3.82,-2.93,-93.03,0.34,121.19000000000005
2016-01-22,3114.9,3113.46,3132.17,3053.96,89951087,96885673842.0,2.54,1.04,32.11,0.28,78.21000000000004
2016-01-25,3129.03,3128.89,3149.33,3105.1,81540061,85777891364.0,1.42,0.5,15.43,0.25,44.23000000000002
2016-01-26,3099.6,2940.51,3106.53,2934.65,126933921,127250652518.0,5.49,-6.02,-188.38,0.39,171.8800000000001
2016-01-27,2953.18,2930.35,2963.54,2839.29,132229366,126997670778.0,4.23,-0.35,-10.16,0.4,124.25
2016-01-28,2909.33,2853.76,2941.89,2841.84,99222756,95663874927.0,3.41,-2.61,-76.59,0.3,100.04999999999973
2016-01-29,2855.6,2946.09,2965.31,2854.37,113304259,109462356680.0,3.89,3.24,92.33,0.35,110.94000000000005
2016-02-01,2939.04,2901.05,2944.52,2869.56,86795342,82931453498.0,2.54,-1.53,-45.04,0.27,74.96000000000004
2016-02-02,2901.53,2961.33,2972.43,2901.51,88601963,88740230428.0,2.44,2.08,60.28,0.27,70.91999999999962
2016-02-03,2931.29,2948.64,2954.71,2909.9,77389000,74817092259.0,1.51,-0.43,-12.69,0.24,44.809999999999945
2016-02-04,2960.33,2984.76,2999.21,2960.21,91779724,91550346872.0,1.32,1.22,36.12,0.28,39.0
2016-02-05,2982.06,2963.79,2988.36,2962.85,76850808,77443222334.0,0.85,-0.7,-20.97,0.24,25.51000000000022
2016-02-15,2888.43,2946.71,2961.49,2886.02,72919434,71285049141.0,2.55,-0.58,-17.08,0.22,75.4699999999998
2016-02-16,2962.19,3037.04,3042.09,2962.19,112579643,112300492317.0,2.71,3.07,90.33,0.34,79.90000000000009
2016-02-17,3034.09,3063.32,3065.78,3027.05,128291607,122279340234.0,1.28,0.87,26.28,0.39,38.73000000000002
2016-02-18,3079.53,3053.7,3093.51,3049.84,124401464,122618612161.0,1.43,-0.31,-9.62,0.38,43.67000000000007
2016-02-19,3047.94,3051.58,3065.97,3032.63,87338012,90849341804.0,1.09,-0.07,-2.12,0.27,33.33999999999969
2016-02-22,3083.93,3118.87,3128.21,3071.33,140946968,141684080627.0,1.86,2.21,67.29,0.43,56.88000000000011
2016-02-23,3117.2,3089.36,3119.22,3061.43,112567391,117476469063.0,1.85,-0.95,-29.51,0.34,57.789999999999964
2016-02-24,3077.61,3109.55,3109.55,3055.25,111782650,112918607549.0,1.76,0.65,20.19,0.34,54.30000000000018
2016-02-25,3104.41,2918.75,3104.44,2905.46,157829752,153493008194.0,6.4,-6.14,-190.8,0.48,198.98000000000002
2016-02-26,2942.1,2948.03,2964.39,2902.95,106949729,102531571946.0,2.11,1.0,29.28,0.33,61.440000000000055
2016-02-29,2939.58,2877.47,2939.87,2821.21,129341020,118440829598.0,4.03,-2.39,-70.56,0.4,118.65999999999985
2016-03-01,2881.34,2930.69,2950.44,2863.32,116045918,110491037808.0,3.03,1.85,53.22,0.36,87.11999999999989
2016-03-02,2933.92,3051.33,3054.72,2933.12,175972347,164025161471.0,4.15,4.12,120.64,0.54,121.59999999999991
2016-03-03,3050.39,3058.42,3078.44,3040.25,173105744,165509087742.0,1.25,0.23,7.09,0.53,38.190000000000055
2016-03-04,3047.54,3093.89,3101.66,3032.42,219172534,205520475543.0,2.26,1.16,35.47,0.67,69.23999999999978
2016-03-07,3109.0,3104.84,3130.9,3083.58,132462037,127790344488.0,1.53,0.35,10.95,0.41,47.320000000000164
2016-03-08,3100.15,3107.67,3109.25,3001.83,136235742,128758488144.0,3.46,0.09,2.83,0.42,107.42000000000007
2016-03-09,3045.92,3071.91,3072.92,3020.13,111466245,106298652785.0,1.7,-1.15,-35.76,0.34,52.789999999999964
2016-03-10,3056.21,3013.15,3074.16,3012.69,76072197,78180468559.0,2.0,-1.91,-58.76,0.23,61.4699999999998
2016-03-11,2990.21,3018.28,3026.44,2982.17,73333564,74367296548.0,1.47,0.17,5.13,0.22,44.26999999999998
2016-03-14,3039.57,3065.69,3106.8,3034.0,117108655,123539094703.0,2.41,1.57,47.41,0.36,72.80000000000018
2016-03-15,3061.34,3074.78,3077.08,3028.58,98311941,101302845698.0,1.58,0.3,9.09,0.3,48.5
2016-03-16,3068.87,3090.03,3100.35,3064.52,124736448,126128854001.0,1.17,0.5,15.25,0.38,35.82999999999993
2016-03-17,3096.81,3124.2,3147.84,3077.57,121661777,136603715775.0,2.27,1.11,34.17,0.37,70.26999999999998
2016-03-18,3136.22,3171.96,3197.67,3130.1,197302564,210017810346.0,2.16,1.53,47.76,0.6,67.57000000000016
2016-03-21,3203.29,3249.44,3267.78,3198.36,233269464,256836636273.0,2.19,2.44,77.48,0.71,69.42000000000007
2016-03-22,3231.61,3225.79,3249.68,3218.73,161020897,194211982989.0,0.95,-0.73,-23.65,0.49,30.949999999999818
2016-03-23,3217.73,3236.09,3242.25,3202.98,125679286,155567074583.0,1.22,0.32,10.3,0.38,39.26999999999998
2016-03-24,3211.5,3181.85,3221.91,3181.81,133131122,162436036415.0,1.24,-1.68,-54.24,0.41,40.09999999999991
2016-03-25,3176.81,3197.82,3204.44,3174.32,97395330,115195604431.0,0.95,0.5,15.97,0.3,30.11999999999989
2016-03-28,3206.95,3169.73,3229.62,3161.88,103441933,123844044128.0,2.12,-0.88,-28.09,0.32,67.73999999999978
2016-03-29,3171.31,3135.41,3178.07,3122.76,97294747,113844280553.0,1.74,-1.08,-34.32,0.3,55.309999999999945
2016-03-30,3161.29,3216.28,3216.68,3161.29,117802512,140721774451.0,1.77,2.58,80.87,0.36,55.38999999999987
2016-03-31,3229.2,3218.09,3241.93,3208.66,121552074,147267617416.0,1.03,0.06,1.81,0.37,33.26999999999998
2016-04-01,3213.67,3221.89,3222.61,3165.86,118122139,127050098456.0,1.76,0.12,3.8,0.36,56.75
2016-04-05,3211.3,3264.49,3271.93,3205.21,146047772,159296543667.0,2.07,1.32,42.6,0.45,66.7199999999998
2016-04-06,3250.52,3257.53,3267.64,3236.2,120196305,137206268587.0,0.96,-0.21,-6.96,0.37,31.440000000000055
2016-04-07,3266.29,3209.29,3270.82,3208.64,112409467,128273067720.0,1.91,-1.48,-48.24,0.34,62.18000000000029
2016-04-08,3189.85,3185.73,3197.77,3163.3,101005625,113920716519.0,1.07,-0.73,-23.56,0.31,34.4699999999998
2016-04-11,3213.51,3230.1,3251.57,3213.51,125212709,142759491340.0,1.19,1.39,44.37,0.38,38.059999999999945
2016-04-12,3227.37,3218.45,3232.26,3198.9,92869437,99086557951.0,1.03,-0.36,-11.65,0.28,33.36000000000013
2016-04-13,3237.86,3261.38,3296.52,3237.86,195613866,200159601290.0,1.82,1.33,42.93,0.6,58.659999999999854
2016-04-14,3277.1,3275.83,3286.07,3252.05,113157327,117989443450.0,1.04,0.44,14.45,0.35,34.01999999999998
2016-04-15,3279.86,3272.21,3282.98,3261.73,99807529,107963982334.0,0.65,-0.11,-3.62,0.31,21.25
2016-04-18,3252.67,3228.45,3252.67,3221.66,97090069,103956150095.0,0.95,-1.34,-43.76,0.3,31.01000000000022
2016-04-19,3243.97,3238.3,3250.73,3221.58,80871440,90976236261.0,0.9,0.31,9.85,0.25,29.15000000000009
2016-04-20,3244.14,3181.03,3248.42,3107.37,162207858,172324694469.0,4.36,-1.77,-57.27,0.5,141.05000000000018
2016-04-21,3160.8,3160.6,3198.56,3150.94,104752651,110324379038.0,1.5,-0.64,-20.43,0.32,47.61999999999989
2016-04-22,3142.56,3174.9,3175.38,3137.99,77078492,82442921903.0,1.18,0.45,14.3,0.24,37.39000000000033
2016-04-25,3164.74,3162.03,3172.27,3137.11,67519351,74734848036.0,1.11,-0.41,-12.87,0.21,35.159999999999854
2016-04-26,3159.77,3179.16,3181.1,3150.4,59020734,68871554173.0,0.97,0.54,17.13,0.18,30.699999999999818
2016-04-27,3181.93,3165.92,3188.83,3162.69,60004147,70620405995.0,0.82,-0.42,-13.24,0.18,26.139999999999873
2016-04-28,3169.33,3160.58,3174.77,3135.64,69870660,78876767222.0,1.24,-0.17,-5.34,0.21,39.13000000000011
2016-04-29,3153.54,3156.75,3171.29,3149.4,58029776,70807704222.0,0.69,-0.12,-3.83,0.18,21.889999999999873
2016-05-03,3159.82,3213.54,3218.49,3151.4,98164835,115733867591.0,2.13,1.8,56.79,0.3,67.08999999999969
2016-05-04,3203.47,3209.46,3222.88,3198.29,90862408,97797134813.0,0.77,-0.13,-4.08,0.28,24.590000000000146
2016-05-05,3204.17,3213.92,3217.28,3196.57,74733681,83946496908.0,0.65,0.14,4.46,0.23,20.710000000000036
2016-05-06,3213.14,3130.35,3216.89,3130.15,108680240,119265216104.0,2.7,-2.6,-83.57,0.33,86.73999999999978
2016-05-09,3115.43,3065.62,3115.43,3055.01,99230477,100409213488.0,1.93,-2.07,-64.73,0.3,60.41999999999962
2016-05-10,3055.21,3069.11,3084.72,3055.18,68849935,70650764147.0,0.96,0.11,3.49,0.21,29.539999999999964
2016-05-11,3080.64,3082.81,3102.88,3063.09,81794258,87323408342.0,1.3,0.45,13.7,0.25,39.789999999999964
2016-05-12,3059.38,3090.14,3095.35,3035.02,78765726,81418792606.0,1.96,0.24,7.33,0.24,60.32999999999993
2016-05-13,3081.68,3074.94,3103.1,3064.69,62629755,65850995649.0,1.24,-0.49,-15.2,0.19,38.409999999999854
2016-05-16,3064.53,3095.31,3095.56,3053.66,59461856,64405200020.0,1.36,0.66,20.37,0.18,41.90000000000009
2016-05-17,3095.52,3086.02,3105.2,3073.46,65278125,75389385458.0,1.03,-0.3,-9.29,0.2,31.73999999999978
2016-05-18,3071.53,3068.04,3072.61,3039.46,82715369,88458847115.0,1.07,-0.58,-17.98,0.25,33.15000000000009
2016-05-19,3060.34,3062.5,3086.98,3058.15,60444166,68679060392.0,0.94,-0.18,-5.54,0.19,28.829999999999927
2016-05-20,3047.78,3078.22,3078.53,3041.52,56080842,65124251092.0,1.21,0.51,15.72,0.17,37.01000000000022
2016-05-23,3078.51,3087.22,3098.48,3076.5,59697216,70337514484.0,0.71,0.29,9.0,0.18,21.980000000000018
2016-05-24,3083.24,3063.56,3083.26,3052.59,58734385,61106015446.0,0.99,-0.77,-23.66,0.18,30.670000000000073
2016-05-25,3079.75,3059.23,3089.1,3054.87,56652803,63316562530.0,1.12,-0.14,-4.33,0.17,34.23000000000002
2016-05-26,3056.6,3064.21,3072.52,3027.44,60392981,65985183919.0,1.47,0.16,4.98,0.18,45.07999999999993
2016-05-27,3059.73,3062.5,3073.76,3052.18,60468750,59371777079.0,0.7,-0.06,-1.71,0.19,21.580000000000382
2016-05-30,3056.31,3066.71,3075.26,3037.66,63098579,63496565009.0,1.23,0.14,4.21,0.19,37.600000000000364
2016-05-31,3068.6,3169.56,3170.93,3068.6,138863111,151398175957.0,3.34,3.35,102.85,0.43,102.32999999999993
2016-06-01,3172.96,3160.55,3181.79,3159.82,113148482,131700821152.0,0.69,-0.28,-9.01,0.35,21.9699999999998
2016-06-02,3158.03,3167.1,3168.82,3151.07,86003427,97093625345.0,0.56,0.21,6.55,0.26,17.75
2016-06-03,3172.95,3189.33,3201.75,3162.09,101491783,136332027087.0,1.25,0.7,22.23,0.31,39.659999999999854
2016-06-06,3192.78,3178.79,3197.22,3168.55,76693751,101176231366.0,0.9,-0.33,-10.54,0.23,28.669999999999618
2016-06-07,3182.44,3177.05,3186.62,3168.18,68928314,88711618425.0,0.58,-0.05,-1.74,0.21,18.440000000000055
2016-06-08,3171.81,3163.99,3174.97,3148.35,76291775,97682790861.0,0.84,-0.41,-13.06,0.23,26.61999999999989
2016-06-13,3134.05,3066.34,3145.61,3065.77,92975947,114091320004.0,2.52,-3.09,-97.65,0.28,79.84000000000015
2016-06-14,3058.44,3075.98,3078.75,3055.66,66279457,78622305350.0,0.75,0.31,9.64,0.2,23.090000000000146
2016-06-15,3043.96,3116.37,3128.67,3042.23,87393257,106170177872.0,2.81,1.31,40.39,0.27,86.44000000000005
2016-06-16,3104.36,3094.67,3112.48,3089.48,82974703,93496238871.0,0.74,-0.7,-21.7,0.25,23.0
2016-06-17,3096.09,3110.36,3131.05,3096.09,85402985,97953389320.0,1.13,0.51,15.69,0.26,34.960000000000036
2016-06-20,3114.91,3112.67,3118.73,3089.71,63587141,74647802462.0,0.93,0.07,2.31,0.19,29.019999999999982
2016-06-21,3124.9,3106.32,3155.49,3097.94,87965345,107233643632.0,1.85,-0.2,-6.35,0.27,57.54999999999973
2016-06-22,3100.45,3133.96,3134.06,3096.99,66487113,81348715848.0,1.19,0.89,27.64,0.2,37.070000000000164
2016-06-23,3129.72,3117.32,3129.72,3102.48,67751738,81732552159.0,0.87,-0.53,-16.64,0.21,27.23999999999978
2016-06-24,3110.65,3077.16,3130.54,3033.97,104792208,118967441702.0,3.1,-1.29,-40.16,0.32,96.57000000000016
2016-06-27,3065.13,3120.54,3120.64,3064.97,83267259,104066083791.0,1.81,1.41,43.38,0.26,55.67000000000007
2016-06-28,3107.4,3136.4,3139.43,3099.7,92024637,117197791504.0,1.27,0.51,15.86,0.28,39.73000000000002
2016-06-29,3142.48,3151.39,3158.08,3139.13,103723668,117958861189.0,0.6,0.48,14.99,0.32,18.949999999999818
2016-06-30,3152.83,3153.92,3163.72,3148.2,79692617,100627912925.0,0.49,0.08,2.53,0.24,15.519999999999982
2016-07-01,3156.93,3154.2,3170.26,3148.29,71746283,91215027688.0,0.7,0.01,0.28,0.22,21.970000000000255
2016-07-04,3136.39,3204.7,3210.6,3134.02,133310529,149894780037.0,2.43,1.6,50.5,0.41,76.57999999999993
2016-07-05,3199.16,3207.38,3216.7,3198.0,130226895,143899100428.0,0.58,0.08,2.68,0.4,18.699999999999818
2016-07-06,3197.62,3216.8,3217.52,3183.45,124897458,147232471496.0,1.06,0.29,9.42,0.38,34.070000000000164
2016-07-07,3206.55,3209.95,3220.54,3190.12,118595202,140488833675.0,0.95,-0.21,-6.85,0.36,30.420000000000073
2016-07-08,3199.75,3192.28,3204.93,3183.96,89734855,111063465417.0,0.65,-0.55,-17.67,0.27,20.9699999999998
2016-07-11,3199.04,3203.33,3235.96,3197.63,138529511,155288151673.0,1.2,0.35,11.05,0.42,38.32999999999993
2016-07-12,3201.91,3273.18,3273.47,3200.3,172534217,190853738897.0,2.28,2.18,69.85,0.53,73.16999999999962
2016-07-13,3274.02,3282.87,3300.99,3271.78,175196090,196592300322.0,0.89,0.3,9.69,0.54,29.20999999999958
2016-07-14,3277.48,3276.76,3281.95,3259.07,107525798,128090420917.0,0.7,-0.19,-6.11,0.33,22.879999999999654
2016-07-15,3278.84,3276.28,3285.03,3265.29,102665026,125179812929.0,0.6,-0.01,-0.48,0.31,19.740000000000236
2016-07-18,3269.71,3262.02,3281.64,3251.77,110312518,129785706199.0,0.91,-0.44,-14.26,0.34,29.86999999999989
2016-07-19,3260.43,3248.23,3264.73,3226.2,88886861,107108911172.0,1.18,-0.42,-13.79,0.27,38.5300000000002
2016-07-20,3246.86,3237.6,3254.51,3232.26,72701255,91367448994.0,0.68,-0.33,-10.63,0.22,22.25
2016-07-21,3238.34,3252.52,3271.37,3238.3,86004825,107464072513.0,1.02,0.46,14.92,0.26,33.06999999999971
2016-07-22,3251.24,3225.16,3253.77,3220.89,86029128,107416887320.0,1.01,-0.84,-27.36,0.26,32.88000000000011
2016-07-25,3220.17,3230.89,3243.79,3218.14,70203185,92015844035.0,0.8,0.18,5.73,0.22,25.65000000000009
2016-07-26,3228.23,3269.59,3269.75,3228.01,81051089,103745762758.0,1.29,1.2,38.7,0.25,41.73999999999978
2016-07-27,3270.08,3218.24,3276.51,3157.41,160188665,186928366498.0,3.64,-1.57,-51.35,0.49,119.10000000000036
2016-07-28,3204.46,3221.14,3235.78,3195.27,112779964,137295892753.0,1.26,0.09,2.9,0.35,40.51000000000022
2016-07-29,3217.19,3203.93,3225.42,3198.68,88044837,103787029748.0,0.83,-0.53,-17.21,0.27,26.740000000000236
2016-08-01,3196.43,3176.81,3199.98,3156.75,87003497,98818634361.0,1.35,-0.85,-27.12,0.27,43.23000000000002
2016-08-02,3173.76,3189.05,3189.05,3165.54,62167639,70640763842.0,0.74,0.39,12.24,0.19,23.51000000000022
2016-08-03,3179.68,3193.51,3197.16,3173.54,72864102,79754323301.0,0.74,0.14,4.46,0.22,23.61999999999989
2016-08-04,3190.55,3201.29,3201.55,3170.42,73504373,86919591121.0,0.97,0.24,7.78,0.23,31.13000000000011
2016-08-05,3201.35,3205.11,3224.87,3192.86,77196366,94429542391.0,1.0,0.12,3.82,0.24,32.00999999999976
2016-08-08,3199.57,3234.18,3234.48,3187.25,86676051,102638114597.0,1.47,0.91,29.07,0.27,47.23000000000002
2016-08-09,3232.6,3256.98,3257.33,3229.17,91065259,105924052436.0,0.87,0.7,22.8,0.28,28.159999999999854
2016-08-10,3255.18,3243.34,3261.86,3242.75,90430372,106157448028.0,0.59,-0.42,-13.64,0.28,19.110000000000127
2016-08-11,3239.56,3233.36,3274.03,3232.61,101041213,116996159046.0,1.28,-0.31,-9.98,0.31,41.42000000000007
2016-08-12,3231.81,3294.23,3294.23,3231.14,116254044,129354686387.0,1.95,1.88,60.87,0.36,63.090000000000146
2016-08-15,3303.47,3393.42,3417.91,3302.38,220543421,258897463910.0,3.51,3.01,99.19,0.68,115.52999999999975
2016-08-16,3403.38,3378.25,3418.69,3372.02,196389740,226785231085.0,1.38,-0.45,-15.17,0.6,46.67000000000007
2016-08-17,3377.77,3373.05,3394.39,3356.92,138847688,167917530856.0,1.11,-0.15,-5.2,0.43,37.4699999999998
2016-08-18,3369.95,3364.49,3394.79,3349.69,142380169,172256533000.0,1.34,-0.25,-8.56,0.44,45.09999999999991
2016-08-19,3358.55,3365.02,3374.04,3341.19,119961508,135382706293.0,0.98,0.02,0.53,0.37,32.84999999999991
2016-08-22,3364.68,3336.79,3372.83,3335.47,107951008,128201783812.0,1.11,-0.84,-28.23,0.33,37.36000000000013
2016-08-23,3332.62,3341.83,3359.65,3324.96,92924516,108503692377.0,1.04,0.15,5.04,0.28,34.690000000000055
2016-08-24,3341.93,3329.86,3348.13,3323.73,81191429,94012832200.0,0.73,-0.36,-11.97,0.25,24.40000000000009
2016-08-25,3314.08,3308.97,3315.08,3279.81,100589153,112578140010.0,1.06,-0.63,-20.89,0.31,35.26999999999998
2016-08-26,3312.5,3307.09,3328.95,3301.74,81530691,93213205560.0,0.82,-0.06,-1.88,0.25,27.210000000000036
2016-08-29,3306.57,3307.78,3315.08,3297.07,77036333,88011642022.0,0.54,0.02,0.69,0.24,18.009999999999764
2016-08-30,3310.32,3311.99,3325.12,3304.6,75725987,89513016667.0,0.62,0.13,4.21,0.23,20.519999999999982
2016-08-31,3310.57,3327.79,3333.97,3304.66,79570805,99215044445.0,0.88,0.48,15.8,0.24,29.309999999999945
2016-09-01,3326.74,3301.58,3329.35,3301.21,84947219,100911462823.0,0.85,-0.79,-26.21,0.26,28.139999999999873
2016-09-02,3298.72,3314.11,3320.43,3295.76,82791803,99396378584.0,0.75,0.38,12.53,0.25,24.669999999999618
2016-09-05,3321.01,3319.68,3338.42,3314.63,78292477,87531089645.0,0.72,0.17,5.57,0.24,23.789999999999964
2016-09-06,3322.02,3342.63,3347.95,3300.13,98283998,118366533426.0,1.44,0.69,22.95,0.3,47.81999999999971
2016-09-07,3344.07,3340.82,3357.36,3337.75,102940106,115119908617.0,0.59,-0.05,-1.81,0.32,19.610000000000127
2016-09-08,3338.01,3339.56,3343.4,3328.23,71916158,83742346850.0,0.45,-0.04,-1.26,0.22,15.170000000000073
2016-09-09,3339.37,3318.04,3344.95,3318.04,82657036,95471188732.0,0.81,-0.64,-21.52,0.25,26.909999999999854
2016-09-12,3271.87,3262.6,3276.72,3234.57,122917682,134456630927.0,1.27,-1.67,-55.44,0.38,42.149999999999636
2016-09-13,3265.34,3260.33,3269.22,3246.39,67180288,76862644231.0,0.7,-0.07,-2.27,0.21,22.829999999999927
2016-09-14,3245.74,3238.73,3255.0,3231.34,70432697,79780746436.0,0.73,-0.66,-21.6,0.22,23.659999999999854
2016-09-19,3242.74,3263.12,3264.9,3242.74,58831082,67678031642.0,0.68,0.75,24.39,0.18,22.16000000000031
2016-09-20,3264.66,3257.4,3265.04,3252.39,52784206,61626150818.0,0.39,-0.18,-5.72,0.16,12.650000000000091
2016-09-21,3257.71,3266.64,3270.9,3254.32,59142979,68957744044.0,0.51,0.28,9.24,0.18,16.579999999999927
2016-09-22,3281.47,3291.12,3303.2,3277.98,75753542,89991761655.0,0.77,0.75,24.48,0.23,25.2199999999998
2016-09-23,3292.28,3275.67,3293.92,3275.02,57993986,68046257250.0,0.57,-0.47,-15.45,0.18,18.90000000000009
2016-09-26,3267.69,3220.28,3267.69,3220.28,70452186,78700835132.0,1.45,-1.69,-55.39,0.22,47.409999999999854
2016-09-27,3214.87,3240.75,3240.78,3214.44,58460550,66651130361.0,0.82,0.64,20.47,0.18,26.340000000000146
2016-09-28,3243.65,3230.89,3243.65,3228.0,44727498,51996404752.0,0.48,-0.3,-9.86,0.14,15.650000000000091
2016-09-29,3234.86,3244.39,3257.77,3234.8,55452556,62220302312.0,0.71,0.42,13.5,0.17,22.9699999999998
2016-09-30,3240.18,3253.28,3260.94,3239.04,44978022,52655734553.0,0.68,0.27,8.89,0.14,21.90000000000009
2016-10-10,3265.36,3293.87,3294.64,3258.96,80519260,89607989896.0,1.1,1.25,40.59,0.25,35.679999999999836
2016-10-11,3296.87,3306.56,3308.0,3292.88,87713163,88213421183.0,0.46,0.39,12.69,0.27,15.11999999999989
2016-10-12,3299.14,3300.01,3302.56,3289.75,68669781,72386912616.0,0.39,-0.2,-6.55,0.21,12.809999999999945
2016-10-13,3299.16,3302.65,3307.41,3292.4,81224198,79923748596.0,0.45,0.08,2.64,0.25,15.009999999999764
2016-10-14,3298.73,3305.85,3306.69,3285.73,82316271,81485597806.0,0.63,0.1,3.2,0.25,20.960000000000036
2016-10-17,3305.96,3277.88,3309.01,3271.54,86113509,88199418936.0,1.13,-0.85,-27.97,0.26,37.470000000000255
2016-10-18,3272.68,3321.33,3321.33,3272.68,102860714,104625044142.0,1.48,1.33,43.45,0.32,48.65000000000009
2016-10-19,3323.3,3316.24,3332.52,3309.83,101167725,96354442199.0,0.68,-0.15,-5.09,0.31,22.690000000000055
2016-10-20,3317.18,3318.6,3324.9,3312.17,79238871,82481095277.0,0.38,0.07,2.36,0.24,12.730000000000018
2016-10-21,3315.72,3327.74,3341.56,3309.18,109785176,107114926126.0,0.98,0.28,9.14,0.34,32.38000000000011
2016-10-24,3332.51,3367.58,3382.83,3330.97,153014345,150063007899.0,1.56,1.2,39.84,0.47,51.86000000000013
2016-10-25,3367.48,3367.45,3373.91,3356.59,111191693,110576512916.0,0.51,0.0,-0.13,0.34,17.31999999999971
2016-10-26,3365.2,3354.8,3367.83,3349.57,98024786,104719318220.0,0.54,-0.38,-12.65,0.3,18.259999999999764
2016-10-27,3351.46,3345.7,3352.35,3335.13,77629851,85241012414.0,0.51,-0.27,-9.1,0.24,17.2199999999998
2016-10-28,3347.14,3340.13,3370.75,3337.29,93133309,104797971448.0,1.0,-0.17,-5.57,0.29,33.460000000000036
2016-10-31,3332.41,3336.28,3340.47,3317.33,71352863,80701820968.0,0.69,-0.12,-3.85,0.22,23.139999999999873
2016-11-01,3338.71,3359.05,3359.39,3334.46,74938199,84717683750.0,0.75,0.68,22.77,0.23,24.929999999999836
2016-11-02,3350.71,3333.35,3356.4,3331.38,91197104,100348995733.0,0.74,-0.77,-25.7,0.28,25.019999999999982
2016-11-03,3326.9,3365.08,3379.99,3324.84,126223504,137386468361.0,1.65,0.95,31.73,0.39,55.149999999999636
2016-11-04,3362.21,3354.17,3377.64,3348.43,104069655,110813764577.0,0.87,-0.32,-10.91,0.32,29.210000000000036
2016-11-07,3353.44,3356.59,3362.74,3342.31,99877988,94370876771.0,0.61,0.07,2.42,0.31,20.429999999999836
2016-11-08,3367.7,3371.12,3383.92,3361.13,103148282,105138256061.0,0.68,0.43,14.53,0.32,22.789999999999964
2016-11-09,3370.6,3353.05,3373.1,3322.08,139110059,145186921690.0,1.51,-0.54,-18.07,0.43,51.01999999999998
2016-11-10,3374.91,3390.61,3403.02,3374.91,134705535,133277399553.0,0.84,1.12,37.56,0.41,28.110000000000127
2016-11-11,3387.95,3417.22,3422.67,3382.89,198781496,190647270040.0,1.17,0.78,26.61,0.61,39.7800000000002
2016-11-14,3409.22,3430.25,3452.62,3408.14,213247105,208353308629.0,1.3,0.38,13.03,0.65,44.48000000000002
2016-11-15,3428.87,3429.87,3434.92,3415.99,134566320,135206770523.0,0.55,-0.01,-0.38,0.41,18.93000000000029
2016-11-16,3432.43,3429.59,3435.64,3419.24,129808511,128944599173.0,0.48,-0.01,-0.28,0.4,16.40000000000009
2016-11-17,3423.47,3436.53,3437.67,3412.88,121561731,121576882948.0,0.72,0.2,6.94,0.37,24.789999999999964
2016-11-18,3437.49,3417.46,3443.12,3413.27,115951205,117345607612.0,0.87,-0.55,-19.07,0.36,29.84999999999991
2016-11-21,3412.65,3441.11,3463.14,3412.08,146434529,147542589349.0,1.49,0.69,23.65,0.45,51.059999999999945
2016-11-22,3443.22,3468.36,3469.22,3443.22,168523446,167250665827.0,0.76,0.79,27.25,0.52,26.0
2016-11-23,3473.9,3474.73,3492.96,3465.76,162388504,171247116196.0,0.78,0.18,6.37,0.5,27.199999999999818
2016-11-24,3468.81,3488.74,3508.16,3467.01,145746301,165071453531.0,1.18,0.4,14.01,0.45,41.149999999999636
2016-11-25,3490.04,3521.3,3521.3,3463.95,153621506,166832181108.0,1.64,0.93,32.56,0.47,57.350000000000364
2016-11-28,3538.68,3535.08,3553.36,3528.32,207375483,219859766828.0,0.71,0.39,13.78,0.64,25.039999999999964
2016-11-29,3525.9,3564.04,3583.72,3521.38,236918356,248322816339.0,1.76,0.82,28.96,0.73,62.33999999999969
2016-11-30,3557.64,3538.0,3567.07,3527.02,178560178,190681227631.0,1.12,-0.73,-26.04,0.55,40.05000000000018
2016-12-01,3543.96,3565.04,3575.97,3543.25,180170761,199637742998.0,0.92,0.76,27.04,0.55,32.7199999999998
2016-12-02,3559.77,3528.95,3562.55,3516.79,196355480,203742147476.0,1.28,-1.01,-36.09,0.6,45.76000000000022
2016-12-05,3473.69,3469.41,3496.88,3457.34,180852355,190175061733.0,1.12,-1.69,-59.54,0.55,39.539999999999964
2016-12-06,3466.24,3459.15,3477.59,3456.81,115529090,125727753193.0,0.6,-0.3,-10.26,0.35,20.7800000000002
2016-12-07,3458.37,3475.75,3475.75,3445.76,114345103,115282194223.0,0.87,0.48,16.6,0.35,29.98999999999978
2016-12-08,3481.81,3470.14,3484.34,3466.51,117383922,119188508676.0,0.51,-0.16,-5.61,0.36,17.829999999999927
2016-12-09,3464.87,3493.7,3507.93,3461.76,150303308,152674867707.0,1.33,0.68,23.56,0.46,46.16999999999962
2016-12-12,3489.27,3409.18,3495.8,3400.79,187467751,199163540831.0,2.72,-2.42,-84.52,0.57,95.01000000000022
2016-12-13,3394.21,3405.04,3416.21,3370.6,121105097,124454188749.0,1.34,-0.12,-4.14,0.37,45.61000000000013
2016-12-14,3399.41,3378.95,3412.28,3378.27,124007744,126182669414.0,1.0,-0.77,-26.09,0.38,34.01000000000022
2016-12-15,3363.86,3340.43,3378.04,3327.14,114960660,121507811540.0,1.51,-1.14,-38.52,0.35,50.90000000000009
2016-12-16,3335.36,3346.03,3356.29,3330.49,90775422,98112206845.0,0.77,0.17,5.6,0.28,25.800000000000182
2016-12-19,3342.34,3328.98,3344.86,3325.0,81640678,86095693838.0,0.59,-0.51,-17.05,0.25,19.860000000000127
2016-12-20,3328.3,3309.06,3329.1,3289.27,87569592,88527345889.0,1.2,-0.6,-19.92,0.27,39.82999999999993
2016-12-21,3313.75,3338.54,3342.48,3313.75,108254995,106205485213.0,0.87,0.89,29.48,0.33,28.730000000000018
2016-12-22,3335.12,3335.67,3340.36,3322.72,92277249,92564877570.0,0.53,-0.09,-2.87,0.28,17.640000000000327
2016-12-23,3333.4,3307.6,3334.89,3300.88,97444713,99575473231.0,1.02,-0.84,-28.07,0.3,34.00999999999976
2016-12-26,3293.22,3322.4,3322.42,3267.05,89793982,95493219936.0,1.67,0.45,14.8,0.28,55.36999999999989
2016-12-27,3319.21,3316.39,3330.23,3315.83,75486359,79617133030.0,0.43,-0.18,-6.01,0.23,14.400000000000091
2016-12-28,3315.75,3301.89,3320.55,3293.17,69000437,71759839566.0,0.83,-0.44,-14.5,0.21,27.38000000000011
2016-12-29,3297.04,3297.76,3312.11,3288.1,70087923,75972960431.0,0.73,-0.13,-4.13,0.21,24.01000000000022
2016-12-30,3302.6,3310.08,3313.55,3295.75,71744116,76921368838.0,0.54,0.37,12.32,0.22,17.800000000000182
2017-01-03,3313.95,3342.23,3345.26,3313.95,86567896,87612765768.0,0.95,0.97,32.15,0.27,31.3100000000004
2017-01-04,3340.56,3368.31,3369.57,3338.15,90050827,98014355468.0,0.94,0.78,26.08,0.28,31.420000000000073
2017-01-05,3368.34,3367.79,3373.41,3361.46,88336357,91189339582.0,0.35,-0.02,-0.52,0.27,11.949999999999818
2017-01-06,3366.85,3347.67,3368.87,3346.89,87459114,91072256748.0,0.65,-0.6,-20.12,0.27,21.980000000000018
2017-01-09,3345.75,3363.9,3366.22,3344.35,83707942,87916115243.0,0.65,0.48,16.23,0.26,21.86999999999989
2017-01-10,3361.64,3358.27,3370.51,3354.09,83819160,82533965080.0,0.49,-0.17,-5.63,0.26,16.420000000000073
2017-01-11,3355.8,3334.5,3366.63,3334.3,91071438,86750457122.0,0.96,-0.71,-23.77,0.28,32.32999999999993
2017-01-12,3332.69,3317.62,3343.13,3315.96,81239135,75031886874.0,0.81,-0.51,-16.88,0.25,27.170000000000073
2017-01-13,3317.96,3319.91,3338.17,3309.37,84180589,84556101403.0,0.87,0.07,2.29,0.26,28.800000000000182
2017-01-16,3314.15,3319.45,3322.78,3264.21,157779135,153262520121.0,1.76,-0.01,-0.46,0.48,58.570000000000164
2017-01-17,3305.6,3326.36,3327.38,3292.2,69453328,74754505696.0,1.06,0.21,6.91,0.21,35.18000000000029
2017-01-18,3323.34,3339.37,3350.96,3320.41,70623227,75680677264.0,0.92,0.39,13.01,0.22,30.550000000000182
2017-01-19,3330.95,3329.29,3346.5,3324.68,66159808,63869709163.0,0.65,-0.3,-10.08,0.2,21.820000000000164
2017-01-20,3326.98,3354.89,3358.41,3326.37,65300462,70831324310.0,0.96,0.77,25.6,0.2,32.039999999999964
2017-01-23,3359.05,3364.08,3378.74,3355.85,75557498,76492660154.0,0.68,0.27,9.19,0.23,22.889999999999873
2017-01-24,3363.14,3364.45,3371.32,3355.9,66194226,66049651289.0,0.46,0.01,0.37,0.2,15.420000000000073
2017-01-25,3361.66,3375.9,3376.44,3357.22,58376931,62483395802.0,0.57,0.34,11.45,0.18,19.220000000000255
2017-01-26,3378.26,3387.96,3395.88,3378.26,65316647,66488818305.0,0.52,0.36,12.06,0.2,17.61999999999989
2017-02-03,3390.93,3364.49,3392.48,3362.57,55188861,57113853255.0,0.88,-0.69,-23.47,0.17,29.909999999999854
2017-02-06,3368.11,3373.21,3381.33,3358.75,68521360,73408134768.0,0.67,0.26,8.72,0.21,22.579999999999927
2017-02-07,3371.77,3365.68,3376.71,3354.62,63754462,69758178999.0,0.65,-0.22,-7.53,0.2,22.090000000000146
2017-02-08,3361.78,3383.29,3383.69,3347.43,75402879,82869735773.0,1.08,0.52,17.61,0.23,36.26000000000022
2017-02-09,3381.9,3396.29,3406.59,3379.79,97558515,102134228699.0,0.79,0.38,13.0,0.3,26.800000000000182
2017-02-10,3398.32,3413.49,3422.33,3398.03,123768720,121908580284.0,0.72,0.51,17.2,0.38,24.299999999999727
2017-02-13,3416.92,3436.27,3439.54,3416.87,120144538,125332998844.0,0.66,0.67,22.78,0.37,22.670000000000073
2017-02-14,3438.51,3435.8,3440.67,3424.4,94809465,98537165438.0,0.47,-0.01,-0.47,0.29,16.269999999999982
2017-02-15,3435.39,3421.71,3448.03,3417.08,127643338,124653179488.0,0.9,-0.41,-14.09,0.39,30.950000000000273
2017-02-16,3421.83,3440.93,3440.93,3418.35,108276962,101809767504.0,0.66,0.56,19.22,0.33,22.579999999999927
2017-02-17,3443.62,3421.44,3457.56,3419.61,114600036,118033129670.0,1.1,-0.57,-19.49,0.35,37.94999999999982
2017-02-20,3421.64,3471.39,3472.6,3421.64,132628862,134681505159.0,1.49,1.46,49.95,0.41,50.960000000000036
2017-02-21,3475.06,3482.82,3490.09,3472.02,114842009,120675429543.0,0.52,0.33,11.43,0.35,18.070000000000164
2017-02-22,3483.2,3489.76,3489.95,3473.52,102815994,109232425841.0,0.47,0.2,6.94,0.31,16.429999999999836
2017-02-23,3487.57,3473.32,3492.96,3460.12,99536330,106555922466.0,0.94,-0.47,-16.44,0.3,32.840000000000146
2017-02-24,3468.96,3473.85,3473.85,3455.25,95535133,99875164759.0,0.54,0.02,0.53,0.29,18.59999999999991
2017-02-27,3471.13,3446.22,3472.84,3441.39,98672160,106830874529.0,0.91,-0.8,-27.63,0.3,31.450000000000273
2017-02-28,3445.03,3452.81,3460.91,3441.36,75215260,81979307361.0,0.57,0.19,6.59,0.23,19.549999999999727
2017-03-01,3452.21,3458.44,3472.7,3449.11,103260354,109317781348.0,0.68,0.16,5.63,0.32,23.58999999999969
2017-03-02,3463.48,3435.1,3468.47,3434.0,89898077,97876187925.0,1.0,-0.67,-23.34,0.28,34.4699999999998
2017-03-03,3424.66,3427.86,3428.88,3412.83,80994652,90009618835.0,0.47,-0.21,-7.24,0.25,16.050000000000182
2017-03-06,3427.25,3446.48,3449.03,3425.9,83070882,95178548496.0,0.67,0.54,18.62,0.25,23.13000000000011
2017-03-07,3446.16,3453.96,3454.04,3440.06,80334720,94483824245.0,0.41,0.22,7.48,0.25,13.980000000000018
2017-03-08,3452.2,3448.73,3457.04,3441.26,79587690,89124904682.0,0.46,-0.15,-5.23,0.24,15.779999999999745
2017-03-09,3442.9,3426.94,3443.05,3414.68,84570381,90090049490.0,0.82,-0.63,-21.79,0.26,28.370000000000346
2017-03-10,3423.98,3427.89,3436.24,3423.94,70016199,82161714923.0,0.36,0.03,0.95,0.21,12.299999999999727
2017-03-13,3425.67,3458.1,3458.1,3412.69,91684124,108489140923.0,1.32,0.88,30.21,0.28,45.409999999999854
2017-03-14,3456.66,3456.69,3465.39,3448.9,77077963,95317564129.0,0.48,-0.04,-1.41,0.24,16.48999999999978
2017-03-15,3452.21,3463.64,3463.92,3445.27,79104954,94056256667.0,0.54,0.2,6.95,0.24,18.65000000000009
2017-03-16,3472.27,3481.51,3492.13,3472.27,106333913,124695573677.0,0.57,0.52,17.87,0.33,19.860000000000127
2017-03-17,3485.31,3445.81,3488.5,3441.47,103755560,122368918550.0,1.35,-1.03,-35.7,0.32,47.0300000000002
2017-03-20,3449.05,3449.61,3454.06,3429.83,88734322,103769403897.0,0.7,0.11,3.8,0.27,24.230000000000018
2017-03-21,3449.77,3466.35,3466.7,3445.64,87707855,113528201390.0,0.61,0.49,16.74,0.27,21.059999999999945
2017-03-22,3450.75,3450.05,3464.33,3433.5,104935894,123865640377.0,0.89,-0.47,-16.3,0.32,30.829999999999927
2017-03-23,3452.41,3461.98,3470.82,3435.69,94318062,115813813702.0,1.02,0.35,11.93,0.29,35.13000000000011
2017-03-24,3464.2,3489.6,3499.32,3461.11,125645833,141752526681.0,1.1,0.8,27.62,0.38,38.210000000000036
2017-03-27,3488.76,3478.04,3505.98,3474.52,107015377,124388012134.0,0.9,-0.33,-11.56,0.33,31.460000000000036
2017-03-28,3480.25,3469.81,3482.29,3461.47,84194820,97495938765.0,0.6,-0.24,-8.23,0.26,20.820000000000164
2017-03-29,3472.97,3465.19,3483.06,3455.55,104851706,114663468279.0,0.79,-0.13,-4.62,0.32,27.509999999999764
2017-03-30,3461.62,3436.76,3467.3,3422.37,116376922,122088021630.0,1.3,-0.82,-28.43,0.36,44.93000000000029
2017-03-31,3434.82,3456.05,3456.31,3430.82,91577491,100984904830.0,0.74,0.56,19.29,0.28,25.48999999999978
2017-04-05,3476.42,3503.89,3504.54,3475.15,143399017,160742981172.0,0.85,1.38,47.84,0.44,29.389999999999873
2017-04-06,3507.99,3514.05,3517.78,3495.72,136767004,145221644165.0,0.63,0.29,10.16,0.42,22.0600000000004
2017-04-07,3514.45,3517.46,3526.81,3506.39,140293204,144559675567.0,0.58,0.1,3.41,0.43,20.420000000000073
2017-04-10,3519.46,3505.14,3522.8,3502.08,141887380,155747834572.0,0.59,-0.35,-12.32,0.43,20.720000000000255
2017-04-11,3503.83,3517.33,3520.13,3466.14,165945832,189457268655.0,1.54,0.35,12.19,0.51,53.99000000000024
2017-04-12,3514.57,3509.44,3523.1,3498.0,181824537,202154571423.0,0.71,-0.22,-7.89,0.56,25.09999999999991
2017-04-13,3500.28,3514.57,3518.44,3496.57,129981813,133345929014.0,0.62,0.15,5.13,0.4,21.86999999999989
2017-04-14,3516.81,3486.5,3517.47,3476.95,135474078,130425385379.0,1.15,-0.8,-28.07,0.41,40.51999999999998
2017-04-17,3475.74,3479.94,3480.57,3453.68,117164961,123884371227.0,0.77,-0.19,-6.56,0.36,26.890000000000327
2017-04-18,3474.89,3462.74,3489.08,3462.63,110927823,126790853425.0,0.76,-0.49,-17.2,0.34,26.449999999999818
2017-04-19,3452.99,3445.88,3459.35,3418.51,121349264,127050362407.0,1.18,-0.49,-16.86,0.37,40.83999999999969
2017-04-20,3444.52,3461.55,3465.61,3440.72,114184208,133977258346.0,0.72,0.45,15.67,0.35,24.890000000000327
2017-04-21,3461.39,3466.79,3475.56,3449.54,104419110,115208831746.0,0.75,0.15,5.24,0.32,26.019999999999982
2017-04-24,3458.23,3431.26,3458.23,3403.98,114660791,122778154321.0,1.56,-1.02,-35.53,0.35,54.25
2017-04-25,3427.73,3440.97,3449.67,3422.65,94072148,107599357209.0,0.79,0.28,9.71,0.29,27.019999999999982
2017-04-26,3440.25,3445.18,3466.57,3439.15,111940029,131316579235.0,0.8,0.12,4.21,0.34,27.420000000000073
2017-04-27,3435.1,3446.72,3449.27,3399.54,123298425,134610947828.0,1.44,0.04,1.54,0.38,49.73000000000002
2017-04-28,3439.57,3439.75,3439.9,3417.24,101632351,113761006698.0,0.66,-0.2,-6.97,0.31,22.66000000000031
2017-05-02,3427.92,3426.58,3436.31,3418.67,92797462,101635858602.0,0.51,-0.38,-13.17,0.28,17.639999999999873
2017-05-03,3421.76,3413.13,3432.22,3403.08,91669624,97854119098.0,0.85,-0.39,-13.45,0.28,29.139999999999873
2017-05-04,3404.94,3404.39,3421.4,3391.28,103482075,106985952575.0,0.88,-0.26,-8.74,0.32,30.11999999999989
2017-05-05,3393.48,3382.55,3395.45,3366.56,109895333,117464939578.0,0.85,-0.64,-21.84,0.34,28.889999999999873
2017-05-08,3369.11,3358.81,3374.16,3339.57,123749287,126885426472.0,1.02,-0.7,-23.74,0.38,34.58999999999969
2017-05-09,3342.6,3352.53,3358.05,3327.59,76771668,85528831749.0,0.91,-0.19,-6.28,0.24,30.460000000000036
2017-05-10,3350.65,3337.7,3369.43,3336.0,92082628,102194980791.0,1.0,-0.44,-14.83,0.28,33.429999999999836
2017-05-11,3322.95,3356.65,3359.6,3312.89,109252890,111576379054.0,1.4,0.57,18.95,0.33,46.710000000000036
2017-05-12,3350.94,3385.38,3387.27,3349.17,93386466,97522124594.0,1.14,0.86,28.73,0.29,38.09999999999991
2017-05-15,3391.59,3399.19,3406.58,3391.59,82977611,92183332845.0,0.44,0.41,13.81,0.25,14.989999999999782
2017-05-16,3390.93,3428.65,3428.85,3373.55,105242416,112814103201.0,1.63,0.87,29.46,0.32,55.29999999999973
2017-05-17,3423.19,3409.97,3433.97,3408.15,99736837,110553451835.0,0.75,-0.54,-18.68,0.31,25.81999999999971
2017-05-18,3387.67,3398.11,3409.93,3383.94,85759589,88091166041.0,0.76,-0.35,-11.86,0.26,25.98999999999978
2017-05-19,3395.23,3403.85,3405.94,3392.38,71473525,78397081602.0,0.4,0.17,5.74,0.22,13.559999999999945
2017-05-22,3400.59,3411.24,3424.18,3391.17,92539559,99021121578.0,0.97,0.22,7.39,0.28,33.00999999999976
2017-05-23,3405.03,3424.19,3434.77,3401.53,116911033,126767856025.0,0.97,0.38,12.95,0.36,33.23999999999978
2017-05-24,3409.72,3424.17,3424.17,3383.89,83553161,92620045548.0,1.18,0.0,-0.02,0.26,40.2800000000002
2017-05-25,3414.4,3485.66,3490.42,3413.22,130721631,136634020807.0,2.25,1.8,61.49,0.4,77.20000000000027
2017-05-26,3479.62,3480.43,3498.31,3473.04,103241153,112585907354.0,0.72,-0.15,-5.23,0.32,25.269999999999982
2017-05-31,3495.07,3492.88,3515.08,3474.92,104829745,115968724992.0,1.15,0.36,12.45,0.32,40.159999999999854
2017-06-01,3485.22,3497.74,3499.81,3476.43,103127724,116088766464.0,0.67,0.14,4.86,0.32,23.38000000000011
2017-06-02,3491.59,3486.51,3498.12,3470.2,82668009,92850745344.0,0.8,-0.32,-11.23,0.25,27.920000000000073
2017-06-05,3480.17,3468.75,3484.12,3462.31,79738153,85609467904.0,0.63,-0.51,-17.76,0.24,21.809999999999945
2017-06-06,3464.38,3492.88,3492.88,3460.45,64090000,77870000000.0,0.93,0.7,24.13,0.2,32.43000000000029
2017-06-07,3493.88,3533.87,3537.09,3491.13,104419968,124189290496.0,1.32,1.17,40.99,0.32,45.960000000000036
2017-06-08,3531.24,3560.98,3562.27,3528.18,90224906,112035618816.0,0.96,0.77,27.11,0.28,34.090000000000146
2017-06-09,3561.24,3576.17,3590.89,3560.63,101188265,121700585472.0,0.85,0.43,15.19,0.31,30.259999999999764
2017-06-12,3570.22,3574.39,3603.69,3565.9,90381166,117690802176.0,1.06,-0.05,-1.78,0.28,37.789999999999964
2017-06-13,3569.16,3582.27,3584.41,3559.21,75177139,94223085568.0,0.71,0.22,7.88,0.23,25.199999999999818
2017-06-14,3571.25,3535.3,3571.25,3530.27,83810783,106105319424.0,1.14,-1.31,-46.97,0.26,40.98000000000002
2017-06-15,3530.75,3528.79,3542.28,3508.95,82632535,106053902336.0,0.94,-0.18,-6.51,0.25,33.33000000000038
2017-06-16,3522.97,3518.76,3536.14,3514.39,76452708,91462287360.0,0.62,-0.28,-10.03,0.23,21.75
2017-06-19,3520.06,3553.67,3554.91,3520.06,79797140,98572357632.0,0.99,0.99,34.91,0.24,34.84999999999991
2017-06-20,3560.79,3546.49,3563.7,3539.51,80509560,98187595776.0,0.68,-0.2,-7.18,0.25,24.1899999999996
2017-06-21,3567.12,3587.96,3587.99,3545.57,87859825,117147795456.0,1.2,1.17,41.47,0.27,42.41999999999962
2017-06-22,3583.56,3590.34,3635.53,3581.34,135526986,169418805248.0,1.51,0.07,2.38,0.42,54.190000000000055
2017-06-23,3583.44,3622.88,3623.24,3569.32,105129134,133975113728.0,1.5,0.91,32.54,0.32,53.91999999999962
2017-06-26,3627.02,3668.09,3671.94,3627.02,134637996,170736840704.0,1.24,1.25,45.21,0.41,44.92000000000007
2017-06-27,3665.58,3674.72,3676.53,3648.76,97558702,123057229824.0,0.76,0.18,6.63,0.3,27.769999999999982
2017-06-28,3664.16,3646.17,3672.19,3644.03,97920858,124465946624.0,0.77,-0.78,-28.55,0.3,28.159999999999854
2017-06-29,3649.25,3668.83,3669.13,3644.73,85589499,111847268352.0,0.67,0.62,22.66,0.26,24.40000000000009
2017-06-30,3654.73,3666.8,3669.76,3646.23,81510029,102459981824.0,0.64,-0.06,-2.03,0.25,23.5300000000002
2017-07-03,3667.23,3650.85,3667.59,3633.78,88820859,115214688256.0,0.92,-0.43,-15.95,0.27,33.809999999999945
2017-07-04,3646.83,3619.98,3646.84,3611.69,95071414,125350416384.0,0.96,-0.85,-30.87,0.29,35.15000000000009
2017-07-05,3611.9,3659.68,3660.73,3610.46,88232425,120351563776.0,1.39,1.1,39.7,0.27,50.26999999999998
2017-07-06,3654.56,3660.1,3666.77,3629.56,102379246,132837126144.0,1.02,0.01,0.42,0.31,37.210000000000036
2017-07-07,3647.64,3655.93,3657.11,3631.87,103735498,123465392128.0,0.69,-0.11,-4.17,0.32,25.240000000000236
2017-07-10,3647.94,3653.69,3667.84,3641.53,120591910,141034627072.0,0.72,-0.06,-2.24,0.37,26.309999999999945
2017-07-11,3646.88,3670.81,3701.21,3645.99,118760827,145084362752.0,1.51,0.47,17.12,0.36,55.220000000000255
2017-07-12,3672.63,3658.82,3691.58,3640.59,122287793,143494598656.0,1.39,-0.33,-11.99,0.37,50.98999999999978
2017-07-13,3656.35,3686.92,3690.48,3652.56,125669550,146388680704.0,1.04,0.77,28.1,0.38,37.92000000000007
2017-07-14,3682.61,3703.09,3703.09,3672.74,105514004,121021448192.0,0.82,0.44,16.17,0.32,30.350000000000364
2017-07-17,3700.62,3663.56,3716.47,3621.36,178821601,196217253888.0,2.57,-1.07,-39.53,0.55,95.10999999999967
2017-07-18,3648.49,3667.18,3667.54,3622.04,124622057,141472284672.0,1.24,0.1,3.62,0.38,45.5
2017-07-19,3660.87,3729.75,3731.05,3658.2,182477788,198392451072.0,1.99,1.71,62.57,0.56,72.85000000000036
2017-07-20,3725.14,3747.88,3750.19,3723.07,142410040,169267150848.0,0.73,0.49,18.13,0.44,27.11999999999989
2017-07-21,3738.18,3728.6,3751.69,3722.06,117941225,141432631296.0,0.79,-0.51,-19.28,0.36,29.63000000000011
2017-07-24,3724.38,3743.47,3755.19,3719.85,134868723,154701873152.0,0.95,0.4,14.87,0.41,35.340000000000146
2017-07-25,3742.64,3719.56,3752.16,3713.28,121672059,133531656192.0,1.04,-0.64,-23.91,0.37,38.879999999999654
2017-07-26,3722.88,3705.39,3738.53,3684.18,136325210,146518003712.0,1.46,-0.38,-14.17,0.42,54.350000000000364
2017-07-27,3700.85,3712.19,3716.69,3672.5,145002903,161631223808.0,1.19,0.18,6.8,0.44,44.190000000000055
2017-07-28,3703.49,3721.89,3725.54,3696.78,111411392,125817860096.0,0.77,0.26,9.7,0.34,28.759999999999764
2017-07-31,3722.43,3737.87,3746.52,3713.66,148429038,160890134528.0,0.88,0.43,15.98,0.45,32.86000000000013
2017-08-01,3738.74,3770.38,3770.4,3737.09,152546540,173127577600.0,0.89,0.87,32.51,0.47,33.309999999999945
2017-08-02,3768.19,3760.85,3784.35,3759.28,172293384,189336784896.0,0.66,-0.25,-9.53,0.53,25.06999999999971
2017-08-03,3755.11,3727.83,3766.34,3718.44,146153943,164710461440.0,1.27,-0.88,-33.02,0.45,47.90000000000009
2017-08-04,3724.72,3707.58,3738.73,3707.0,157470060,168292663296.0,0.85,-0.54,-20.25,0.48,31.730000000000018
2017-08-07,3701.22,3726.79,3730.78,3689.96,124231529,134348537856.0,1.1,0.52,19.21,0.38,40.820000000000164
2017-08-08,3724.33,3732.21,3737.33,3718.81,137241928,146481868800.0,0.5,0.15,5.42,0.42,18.519999999999982
2017-08-09,3728.03,3731.04,3739.0,3713.57,124679990,137223598080.0,0.68,-0.03,-1.17,0.38,25.429999999999836
2017-08-10,3724.96,3715.92,3746.86,3688.18,130085128,148005171200.0,1.57,-0.41,-15.12,0.4,58.68000000000029
2017-08-11,3687.93,3647.35,3700.49,3645.09,150387420,161083469824.0,1.49,-1.85,-68.57,0.46,55.399999999999636
2017-08-14,3651.38,3694.68,3698.37,3651.38,115308452,140233895936.0,1.29,1.3,47.33,0.35,46.98999999999978
2017-08-15,3695.78,3706.06,3719.29,3692.28,106444856,124790632448.0,0.73,0.31,11.38,0.33,27.009999999999764
2017-08-16,3701.13,3701.42,3707.14,3679.73,104134141,127282167808.0,0.74,-0.13,-4.64,0.32,27.409999999999854
2017-08-17,3707.07,3721.28,3722.62,3704.41,108656251,137020002304.0,0.49,0.54,19.86,0.33,18.210000000000036
2017-08-18,3707.19,3724.67,3733.49,3700.41,96561705,123078164480.0,0.89,0.09,3.39,0.3,33.07999999999993
2017-08-21,3731.84,3740.99,3744.26,3728.61,100313073,123911716864.0,0.42,0.44,16.32,0.31,15.650000000000091
2017-08-22,3745.75,3752.3,3758.29,3734.55,100292856,131131076608.0,0.63,0.3,11.31,0.31,23.73999999999978
2017-08-23,3747.61,3756.09,3772.46,3741.72,104961572,124081156096.0,0.82,0.1,3.79,0.32,30.740000000000236
2017-08-24,3755.89,3734.65,3765.71,3729.09,89947372,107736018944.0,0.97,-0.57,-21.44,0.28,36.61999999999989
2017-08-25,3736.29,3795.75,3795.97,3736.29,129940900,150697082880.0,1.6,1.64,61.1,0.4,59.679999999999836
2017-08-28,3805.66,3842.71,3866.94,3805.66,185576325,236446281728.0,1.61,1.24,46.96,0.57,61.2800000000002
2017-08-29,3839.18,3834.54,3847.93,3825.76,128227069,158978682880.0,0.58,-0.21,-8.17,0.39,22.169999999999618
2017-08-30,3834.27,3834.3,3854.71,3827.86,141352858,166235123712.0,0.7,-0.01,-0.24,0.43,26.84999999999991
2017-08-31,3835.84,3822.09,3840.2,3800.89,132944934,157079216128.0,1.03,-0.32,-12.21,0.41,39.309999999999945
2017-09-01,3825.34,3830.54,3843.62,3818.16,158645512,182770434048.0,0.67,0.22,8.45,0.49,25.460000000000036
2017-09-04,3828.54,3845.62,3847.09,3813.55,149566321,175551070208.0,0.88,0.39,15.08,0.46,33.539999999999964
2017-09-05,3845.54,3857.05,3865.29,3841.95,124964155,145779757056.0,0.61,0.3,11.43,0.38,23.340000000000146
2017-09-06,3846.75,3849.45,3858.25,3831.38,131398723,155883315200.0,0.7,-0.2,-7.6,0.4,26.86999999999989
2017-09-07,3851.69,3829.87,3858.16,3828.83,123884180,156113395712.0,0.76,-0.51,-19.58,0.38,29.329999999999927
2017-09-08,3830.07,3825.99,3843.02,3813.98,106036503,134958583808.0,0.76,-0.1,-3.88,0.32,29.039999999999964
2017-09-11,3828.34,3825.65,3850.74,3817.51,123883996,154793902080.0,0.87,-0.01,-0.34,0.38,33.22999999999956
2017-09-12,3832.24,3837.93,3849.39,3822.0,144190241,187605311488.0,0.72,0.32,12.28,0.44,27.389999999999873
2017-09-13,3835.55,3842.61,3847.78,3822.94,95410785,126254362624.0,0.65,0.12,4.68,0.29,24.840000000000146
2017-09-14,3843.57,3829.96,3854.49,3820.09,115358584,143111639040.0,0.9,-0.33,-12.65,0.35,34.399999999999636
2017-09-15,3826.14,3831.3,3843.3,3818.52,122427005,153477214208.0,0.65,0.03,1.34,0.37,24.7800000000002
2017-09-18,3832.96,3843.14,3862.36,3832.96,117934405,152841027584.0,0.77,0.31,11.84,0.36,29.40000000000009
2017-09-19,3849.88,3832.12,3857.3,3820.29,112432988,145528459264.0,0.96,-0.29,-11.02,0.34,37.01000000000022
2017-09-20,3830.15,3842.44,3850.94,3827.89,101129541,135041884160.0,0.6,0.27,10.32,0.31,23.050000000000182
2017-09-21,3843.26,3837.82,3860.8,3837.38,111098191,144132894720.0,0.61,-0.12,-4.62,0.34,23.420000000000073
2017-09-22,3826.46,3837.73,3842.25,3816.82,100619802,128360894464.0,0.66,0.0,-0.09,0.31,25.429999999999836
2017-09-25,3829.22,3817.79,3835.39,3811.12,103948977,135980240896.0,0.63,-0.52,-19.94,0.32,24.269999999999982
2017-09-26,3810.33,3820.78,3821.69,3808.38,81869407,101036335104.0,0.35,0.08,2.99,0.25,13.309999999999945
2017-09-27,3818.96,3821.2,3832.57,3818.81,85655811,109299490816.0,0.36,0.01,0.42,0.26,13.760000000000218
2017-09-28,3821.59,3822.54,3827.33,3813.75,93544069,115646337024.0,0.36,0.04,1.34,0.29,13.579999999999927
2017-09-29,3825.2,3836.5,3852.22,3825.2,93306028,116056776704.0,0.71,0.37,13.96,0.29,27.019999999999982
2017-10-09,3910.11,3882.21,3918.84,3876.03,135535852,171941462016.0,1.12,1.19,45.71,0.42,42.809999999999945
2017-10-10,3883.0,3889.86,3900.74,3855.47,112532585,157979738112.0,1.17,0.2,7.65,0.34,45.26999999999998
2017-10-11,3886.82,3902.69,3913.07,3885.5,104418150,144152739840.0,0.71,0.33,12.83,0.32,27.570000000000164
2017-10-12,3902.02,3912.95,3917.44,3897.55,94340920,123147247616.0,0.51,0.26,10.26,0.29,19.889999999999873
2017-10-13,3912.98,3921.0,3927.17,3908.89,90142067,114314854400.0,0.47,0.21,8.05,0.28,18.2800000000002
2017-10-16,3926.28,3913.45,3947.42,3913.32,121355034,150823755776.0,0.87,-0.19,-7.55,0.37,34.09999999999991
2017-10-17,3910.79,3913.07,3924.61,3900.48,82241226,106708451328.0,0.62,-0.01,-0.38,0.25,24.13000000000011
2017-10-18,3914.82,3944.16,3944.41,3914.82,100969841,126420381696.0,0.76,0.79,31.09,0.31,29.58999999999969
2017-10-19,3940.58,3931.25,3944.03,3923.65,106527252,133189857280.0,0.52,-0.33,-12.91,0.33,20.38000000000011
2017-10-20,3918.53,3926.85,3928.96,3910.2,72980180,94529638400.0,0.48,-0.11,-4.4,0.22,18.76000000000022
2017-10-23,3930.89,3930.8,3936.27,3920.66,81484979,100280909824.0,0.4,0.1,3.95,0.25,15.610000000000127
2017-10-24,3926.23,3959.4,3959.5,3922.03,93058153,120192151552.0,0.95,0.73,28.6,0.29,37.4699999999998
2017-10-25,3958.17,3976.95,3978.09,3954.0,88205458,106820308992.0,0.61,0.44,17.55,0.27,24.090000000000146
2017-10-26,3980.05,3993.58,4013.6,3973.55,129895465,170488619008.0,1.01,0.42,16.63,0.4,40.04999999999973
2017-10-27,3992.55,4021.97,4024.46,3991.35,126672847,152974831616.0,0.83,0.71,28.39,0.39,33.11000000000013
2017-10-30,4022.16,4009.72,4033.34,3960.27,157387602,193489838080.0,1.82,-0.3,-12.25,0.48,73.07000000000016
2017-10-31,3995.39,4006.72,4009.28,3983.26,109178780,142897205248.0,0.65,-0.07,-3.0,0.33,26.019999999999982
2017-11-01,4007.91,3996.62,4032.46,3991.32,130417380,166477139968.0,1.03,-0.25,-10.1,0.4,41.13999999999987
2017-11-02,3994.09,3997.13,3999.23,3971.38,126100580,151981363200.0,0.7,0.01,0.51,0.39,27.84999999999991
2017-11-03,3992.35,3992.7,3999.34,3963.03,129404439,158142058496.0,0.91,-0.11,-4.43,0.4,36.309999999999945
2017-11-06,3989.18,4020.89,4021.64,3975.41,122081160,158911860736.0,1.16,0.71,28.19,0.37,46.23000000000002
2017-11-07,4022.4,4054.25,4064.22,4021.36,152116664,193990975488.0,1.07,0.83,33.36,0.47,42.85999999999967
2017-11-08,4051.49,4048.01,4089.15,4040.58,150827720,200949739520.0,1.2,-0.15,-6.24,0.46,48.570000000000164
2017-11-09,4043.07,4075.9,4076.61,4038.4,121056335,159247200256.0,0.94,0.69,27.89,0.37,38.210000000000036
2017-11-10,4070.28,4111.91,4116.71,4067.66,141817165,198869835776.0,1.2,0.88,36.01,0.43,49.05000000000018
2017-11-13,4115.55,4128.07,4137.65,4115.55,151446308,205930795008.0,0.54,0.39,16.16,0.46,22.099999999999454
2017-11-14,4129.27,4099.35,4133.55,4086.89,143236936,199605010432.0,1.13,-0.7,-28.72,0.44,46.66000000000031
2017-11-15,4084.21,4073.67,4102.81,4055.72,120635697,177753075712.0,1.15,-0.63,-25.68,0.37,47.0900000000006
2017-11-16,4063.49,4105.01,4107.62,4062.27,121384415,172903882752.0,1.11,0.77,31.34,0.37,45.34999999999991
2017-11-17,4094.08,4120.85,4122.38,4081.37,191784120,253079314432.0,1.0,0.39,15.84,0.59,41.01000000000022
2017-11-20,4093.73,4143.83,4144.51,4060.96,137447258,191589638144.0,2.03,0.56,22.98,0.42,83.55000000000018
2017-11-21,4131.85,4217.7,4220.26,4129.98,180350820,253302198272.0,2.18,1.78,73.87,0.55,90.28000000000065
2017-11-22,4228.37,4227.57,4260.64,4191.15,186477002,254298361856.0,1.65,0.23,9.87,0.57,69.49000000000069
2017-11-23,4213.38,4102.4,4214.19,4086.9,178147228,237536706560.0,3.01,-2.96,-125.17,0.55,127.28999999999951
2017-11-24,4089.47,4104.2,4116.59,4057.49,130858040,182912192512.0,1.44,0.04,1.8,0.4,59.100000000000364
2017-11-27,4088.93,4049.95,4088.93,4037.15,143455268,183004553216.0,1.26,-1.32,-54.25,0.44,51.779999999999745
2017-11-28,4034.21,4055.82,4056.48,4010.3,102058094,135539646464.0,1.14,0.14,5.87,0.31,46.179999999999836
2017-11-29,4061.35,4053.75,4069.24,4004.69,124553641,165743341568.0,1.59,-0.05,-2.07,0.38,64.54999999999973
2017-11-30,4034.01,4006.1,4052.8,3988.0,107983345,145829949440.0,1.6,-1.18,-47.65,0.33,64.80000000000018
2017-12-01,4003.56,3998.14,4027.11,3984.38,97386913,136010928128.0,1.07,-0.2,-7.96,0.3,42.73000000000002
2017-12-04,3989.05,4018.86,4032.99,3982.32,102647219,138223054848.0,1.27,0.52,20.72,0.31,50.66999999999962
2017-12-05,4007.94,4040.17,4045.93,4006.54,154087076,196337659904.0,0.98,0.53,21.31,0.47,39.38999999999987
2017-12-06,4027.12,4015.82,4031.75,3964.81,109286205,144114954240.0,1.66,-0.6,-24.35,0.33,66.94000000000005
2017-12-07,4003.58,3971.06,4017.95,3955.99,90254044,119651201024.0,1.54,-1.11,-44.76,0.28,61.960000000000036
2017-12-08,3962.83,4003.38,4014.14,3955.44,89282862,124371230720.0,1.48,0.81,32.32,0.27,58.69999999999982
2017-12-11,4006.88,4069.5,4069.5,4005.27,97148946,148476588032.0,1.6,1.65,66.12,0.3,64.23000000000002
2017-12-12,4068.51,4016.02,4070.15,4015.45,84338719,123515183104.0,1.34,-1.31,-53.48,0.26,54.70000000000027
2017-12-13,4013.83,4050.09,4052.69,4004.74,77546130,115006382080.0,1.19,0.85,34.07,0.24,47.95000000000027
2017-12-14,4050.9,4026.15,4057.62,4013.85,80768863,115086946304.0,1.08,-0.59,-23.94,0.25,43.76999999999998
2017-12-15,4018.73,3980.86,4020.27,3974.93,89044388,118474145792.0,1.13,-1.12,-45.29,0.27,45.340000000000146
2017-12-18,3983.3,3985.29,4008.07,3967.93,77853376,111724351488.0,1.01,0.11,4.43,0.24,40.14000000000033
2017-12-19,3985.82,4035.33,4035.63,3985.82,77528986,115998203904.0,1.25,1.26,50.04,0.24,49.809999999999945
2017-12-20,4036.02,4030.49,4044.85,4015.63,90604503,126812876800.0,0.72,-0.12,-4.84,0.28,29.2199999999998
2017-12-21,4023.08,4067.85,4080.78,4014.65,96836088,137819521024.0,1.64,0.93,37.36,0.3,66.13000000000011
2017-12-22,4064.91,4054.6,4076.8,4048.49,73473684,104426496000.0,0.7,-0.33,-13.25,0.23,28.3100000000004
2017-12-25,4057.42,4041.54,4086.93,4026.45,91926963,129938837504.0,1.49,-0.32,-13.06,0.28,60.48000000000002
2017-12-26,4040.62,4053.62,4056.86,4015.3,91118789,119725101056.0,1.03,0.3,12.08,0.28,41.559999999999945
2017-12-27,4045.28,3991.21,4047.74,3986.74,105153577,140516909056.0,1.5,-1.54,-62.41,0.32,61.0
2017-12-28,3993.0,4018.9,4036.7,3980.24,118542886,153636696064.0,1.41,0.69,27.69,0.36,56.460000000000036
2017-12-29,4022.88,4030.85,4043.14,4012.87,90486684,121257037824.0,0.75,0.3,11.95,0.28,30.269999999999982
2018-01-02,4045.21,4087.4,4087.78,4045.21,146935434,178402033664.0,1.06,1.4,56.55,0.45,42.570000000000164
2018-01-03,4091.46,4111.39,4140.05,4088.73,151852219,205726887936.0,1.26,0.59,23.99,0.47,51.320000000000164
2018-01-04,4114.12,4128.81,4137.64,4105.89,134543795,174523555840.0,0.77,0.42,17.42,0.41,31.75
2018-01-05,4133.34,4138.75,4151.28,4123.28,149009871,185206292480.0,0.68,0.24,9.94,0.46,28.0
2018-01-08,4140.85,4160.16,4166.32,4127.31,173877665,226403872768.0,0.94,0.52,21.41,0.53,39.00999999999931
2018-01-09,4157.54,4189.3,4191.28,4153.5,139034294,181975080960.0,0.91,0.7,29.14,0.43,37.779999999999745
2018-01-10,4187.2,4207.81,4211.05,4175.14,151121667,194850254848.0,0.86,0.44,18.51,0.46,35.909999999999854
2018-01-11,4197.11,4205.59,4211.8,4181.96,121578540,170407305216.0,0.71,-0.05,-2.22,0.37,29.840000000000146
2018-01-12,4205.14,4225.0,4227.39,4199.03,111354793,157606211584.0,0.67,0.46,19.41,0.34,28.360000000000582
2018-01-15,4229.84,4225.24,4262.93,4216.36,170907896,234986586112.0,1.1,0.01,0.24,0.52,46.57000000000062
2018-01-16,4215.62,4258.47,4260.21,4213.13,161494963,228271226880.0,1.11,0.79,33.23,0.49,47.07999999999993
2018-01-17,4261.78,4248.12,4283.34,4230.54,214311032,284554358784.0,1.24,-0.24,-10.35,0.66,52.80000000000018
2018-01-18,4259.38,4271.42,4292.64,4246.68,172032847,225289687040.0,1.08,0.55,23.3,0.53,45.960000000000036
2018-01-19,4281.94,4285.4,4316.57,4269.62,209490570,258554724352.0,1.1,0.33,13.98,0.64,46.94999999999982
2018-01-22,4276.48,4336.6,4338.48,4275.9,174643195,233960222720.0,1.46,1.19,51.2,0.53,62.57999999999993
2018-01-23,4346.89,4382.61,4383.57,4346.79,201867584,257113358336.0,0.85,1.06,46.01,0.62,36.779999999999745
2018-01-24,4389.45,4389.89,4397.82,4349.09,219818890,284470808576.0,1.11,0.17,7.28,0.67,48.72999999999956
2018-01-25,4381.98,4365.08,4392.2,4336.24,195374950,250308091904.0,1.27,-0.57,-24.81,0.6,55.960000000000036
2018-01-26,4352.22,4381.3,4403.34,4351.49,177227236,223331307520.0,1.19,0.37,16.22,0.54,51.850000000000364
2018-01-29,4387.06,4302.02,4395.91,4287.11,191100355,256176324608.0,2.48,-1.81,-79.28,0.59,108.80000000000018
2018-01-30,4286.68,4256.1,4308.51,4251.57,139034729,186650566656.0,1.32,-1.07,-45.92,0.43,56.94000000000051
2018-01-31,4234.11,4275.9,4287.86,4232.77,145210163,194401800192.0,1.29,0.47,19.8,0.44,55.089999999999236
2018-02-01,4276.34,4245.9,4287.39,4214.29,190002934,239230300160.0,1.71,-0.7,-30.0,0.58,73.10000000000036
2018-02-02,4213.94,4271.23,4271.76,4181.78,146066826,191169867776.0,2.12,0.6,25.33,0.45,89.98000000000047
2018-02-05,4204.46,4274.15,4274.15,4200.14,161347799,217360146432.0,1.73,0.07,2.92,0.49,74.00999999999931
2018-02-06,4182.33,4148.89,4211.52,4131.56,214910451,279415083008.0,1.87,-2.93,-125.26,0.66,79.96000000000004
2018-02-07,4205.74,4050.5,4212.57,4048.42,203127493,261507026944.0,3.96,-2.37,-98.39,0.62,164.14999999999964
2018-02-08,4022.88,4012.05,4071.67,3974.68,159269985,199061770240.0,2.39,-0.95,-38.45,0.49,96.99000000000024
2018-02-09,3896.17,3840.65,3911.29,3759.15,206349829,246774829056.0,3.79,-4.27,-171.4,0.63,152.13999999999987
2018-02-12,3846.27,3890.1,3907.84,3828.07,116182638,149858041856.0,2.08,1.29,49.45,0.36,79.76999999999998
2018-02-13,3925.6,3935.63,3986.98,3925.6,112565885,144479354880.0,1.58,1.17,45.53,0.34,61.38000000000011
2018-02-14,3945.09,3966.96,3971.4,3923.13,71081339,93110202368.0,1.23,0.8,31.33,0.22,48.26999999999998
2018-02-22,4020.97,4052.73,4058.79,4009.92,105811571,138334363648.0,1.23,2.16,85.77,0.32,48.86999999999989
2018-02-23,4061.75,4071.09,4085.2,4035.23,99458747,128195833856.0,1.23,0.45,18.36,0.3,49.9699999999998
2018-02-26,4093.4,4118.42,4128.74,4048.98,137881001,179013095424.0,1.96,1.16,47.33,0.42,79.75999999999976
2018-02-27,4120.87,4058.98,4120.87,4051.81,125934469,169684901888.0,1.68,-1.44,-59.44,0.39,69.05999999999995
2018-02-28,4016.79,4023.64,4051.71,3991.71,109343593,152493907968.0,1.48,-0.87,-35.34,0.33,60.0
2018-03-01,3994.87,4049.09,4061.03,3986.89,110199852,146003456000.0,1.84,0.63,25.45,0.34,74.14000000000033
2018-03-02,4014.95,4016.46,4044.42,4006.94,96165000,130931179520.0,0.93,-0.81,-32.63,0.29,37.48000000000002
2018-03-05,4021.66,4018.1,4042.83,3995.87,87952548,118197858304.0,1.17,0.04,1.64,0.27,46.960000000000036
2018-03-06,4034.99,4066.56,4067.55,3998.93,138762445,171370655744.0,1.71,1.21,48.46,0.42,68.62000000000035
2018-03-07,4063.5,4036.65,4089.7,4027.94,106952425,136572305408.0,1.52,-0.74,-29.91,0.33,61.75999999999976
2018-03-08,4038.95,4077.6,4078.23,4029.71,91155809,123634638848.0,1.2,1.01,40.95,0.28,48.51999999999998
2018-03-09,4088.07,4108.87,4110.67,4076.45,113701809,150024118272.0,0.84,0.77,31.27,0.35,34.220000000000255
2018-03-12,4130.71,4127.67,4139.53,4112.77,140906739,190367592448.0,0.65,0.46,18.8,0.43,26.75999999999931
2018-03-13,4124.33,4091.25,4130.28,4087.56,111766431,141174161408.0,1.03,-0.88,-36.42,0.34,42.7199999999998
2018-03-14,4076.06,4073.34,4089.09,4066.49,99013409,131537960960.0,0.55,-0.44,-17.91,0.3,22.600000000000364
2018-03-15,4058.71,4096.16,4098.99,4058.71,88161157,126882451456.0,0.99,0.56,22.82,0.27,40.279999999999745
2018-03-16,4096.89,4056.42,4110.05,4055.82,84896187,122125340672.0,1.32,-0.97,-39.74,0.26,54.23000000000002
2018-03-19,4054.62,4074.25,4074.52,4033.52,81502881,118183817216.0,1.01,0.44,17.83,0.25,41.0
2018-03-20,4045.74,4077.7,4080.19,4040.31,80605281,111980232704.0,0.98,0.08,3.45,0.25,39.88000000000011
2018-03-21,4097.02,4061.05,4110.12,4046.24,97609487,139330412544.0,1.57,-0.41,-16.65,0.3,63.88000000000011
2018-03-22,4062.07,4020.35,4072.38,4003.72,89095260,127664336896.0,1.69,-1.0,-40.7,0.27,68.66000000000031
2018-03-23,3896.74,3904.94,3928.51,3834.94,180080448,218905030656.0,2.33,-2.87,-115.41,0.55,93.57000000000016
2018-03-26,3862.69,3879.89,3883.9,3829.92,115139128,156604526592.0,1.38,-0.64,-25.05,0.35,53.98000000000002
2018-03-27,3927.49,3913.27,3936.78,3881.87,113700710,162291548160.0,1.42,0.86,33.38,0.35,54.91000000000031
2018-03-28,3865.05,3842.72,3907.28,3835.88,101494907,155848949760.0,1.82,-1.8,-70.55,0.31,71.40000000000009
2018-03-29,3854.59,3894.05,3913.96,3794.26,116629066,164996784128.0,3.11,1.34,51.33,0.36,119.69999999999982
2018-03-30,3893.75,3898.5,3915.35,3879.21,97512271,137959280640.0,0.93,0.11,4.45,0.3,36.13999999999987
2018-04-02,3897.01,3886.92,3937.02,3882.89,111242665,159356080128.0,1.39,-0.3,-11.58,0.34,54.13000000000011
2018-04-03,3850.15,3862.48,3878.15,3839.93,95137370,132049936384.0,0.98,-0.63,-24.44,0.29,38.220000000000255
2018-04-04,3873.63,3854.86,3898.61,3852.5,88730609,131593068544.0,1.19,-0.2,-7.62,0.27,46.11000000000013
2018-04-09,3851.95,3852.93,3870.67,3827.41,84105462,118167273472.0,1.12,-0.05,-1.93,0.26,43.26000000000022
2018-04-10,3860.72,3927.17,3927.42,3851.8,106173722,137941299200.0,1.96,1.93,74.24,0.33,75.61999999999989
2018-04-11,3934.17,3938.34,3958.71,3924.96,111933020,139989291008.0,0.86,0.28,11.17,0.34,33.75
2018-04-12,3935.67,3898.64,3937.78,3896.18,82699489,108075565056.0,1.06,-1.01,-39.7,0.25,41.600000000000364
2018-04-13,3920.74,3871.14,3929.95,3866.19,71544202,98921828352.0,1.64,-0.71,-27.5,0.22,63.75999999999976
2018-04-16,3862.47,3808.86,3869.16,3789.61,99217769,131566866432.0,2.05,-1.61,-62.28,0.3,79.54999999999973
2018-04-17,3812.87,3748.64,3822.63,3745.44,90610790,126518751232.0,2.03,-1.58,-60.22,0.28,77.19000000000005
2018-04-18,3785.31,3766.28,3789.66,3708.11,106676705,143077675008.0,2.18,0.47,17.64,0.33,81.54999999999973
2018-04-19,3774.78,3811.84,3824.03,3767.8,99054060,127520120832.0,1.49,1.21,45.56,0.3,56.23000000000002
2018-04-20,3801.21,3760.85,3815.44,3750.1,99282926,123550662656.0,1.71,-1.34,-50.99,0.3,65.34000000000015
2018-04-23,3754.69,3766.33,3787.4,3735.18,90356291,111763030016.0,1.39,0.15,5.48,0.28,52.220000000000255
2018-04-24,3769.88,3843.49,3854.43,3769.88,114219525,145700511744.0,2.24,2.05,77.16,0.35,84.54999999999973
2018-04-25,3824.59,3828.7,3838.69,3817.03,78172613,105750450176.0,0.56,-0.38,-14.79,0.24,21.659999999999854
2018-04-26,3823.39,3755.49,3828.71,3744.89,87150641,125772304384.0,2.19,-1.91,-73.21,0.27,83.82000000000016
2018-04-27,3771.04,3756.88,3776.98,3714.64,89531727,142113628160.0,1.66,0.04,1.39,0.27,62.340000000000146
2018-05-02,3769.93,3763.65,3787.3,3744.55,83301036,120083484672.0,1.14,0.18,6.77,0.26,42.75
2018-05-03,3756.17,3793.0,3797.53,3732.37,93961119,122740170752.0,1.73,0.78,29.35,0.29,65.16000000000031
2018-05-04,3784.32,3774.6,3801.52,3770.94,71554289,98315255808.0,0.81,-0.49,-18.4,0.22,30.579999999999927
2018-05-07,3782.54,3834.19,3834.59,3776.03,87286195,126354800640.0,1.55,1.58,59.59,0.27,58.559999999999945
2018-05-08,3834.61,3878.68,3892.07,3833.73,94215158,135445864448.0,1.52,1.16,44.49,0.29,58.340000000000146
2018-05-09,3876.13,3871.62,3878.94,3855.74,66712965,92322897920.0,0.6,-0.18,-7.06,0.2,23.200000000000273
2018-05-10,3882.84,3893.06,3894.49,3867.31,70667809,103255142400.0,0.7,0.55,21.44,0.22,27.179999999999836
2018-05-11,3902.15,3872.84,3903.34,3871.95,73356603,107715457024.0,0.81,-0.52,-20.22,0.22,31.390000000000327
2018-05-14,3886.87,3909.29,3919.3,3886.87,81976000,122520047616.0,0.84,0.94,36.45,0.25,32.43000000000029
2018-05-15,3920.14,3924.1,3924.34,3892.92,76049554,106091905024.0,0.8,0.38,14.81,0.23,31.420000000000073
2018-05-16,3909.82,3892.84,3923.34,3889.19,71913646,106533928960.0,0.87,-0.8,-31.26,0.22,34.15000000000009
2018-05-17,3895.49,3864.05,3899.51,3858.85,59030124,87104163840.0,1.04,-0.74,-28.79,0.18,40.66000000000031
2018-05-18,3860.16,3903.06,3903.06,3841.9,72613957,96823853056.0,1.58,1.01,39.01,0.22,61.159999999999854
2018-05-21,3925.54,3921.24,3937.46,3913.6,92641738,120528728064.0,0.61,0.47,18.18,0.28,23.860000000000127
2018-05-22,3918.82,3906.21,3918.82,3881.17,75368778,102883344384.0,0.96,-0.38,-15.03,0.23,37.65000000000009
2018-05-23,3898.27,3854.58,3898.27,3854.58,83722319,110684504064.0,1.12,-1.32,-51.63,0.26,43.690000000000055
2018-05-24,3853.29,3827.22,3859.1,3823.92,68345021,93408219136.0,0.91,-0.71,-27.36,0.21,35.179999999999836
2018-05-25,3823.74,3816.5,3841.12,3804.13,70836385,95667544064.0,0.97,-0.28,-10.72,0.22,36.98999999999978
2018-05-28,3816.26,3833.26,3846.55,3799.32,71521132,100001640448.0,1.24,0.44,16.76,0.22,47.23000000000002
2018-05-29,3824.19,3804.01,3841.78,3800.67,81552663,117288579072.0,1.07,-0.76,-29.25,0.25,41.11000000000013
2018-05-30,3755.18,3723.37,3767.89,3722.07,87913285,115858976768.0,1.2,-2.12,-80.64,0.27,45.81999999999971
2018-05-31,3749.3,3802.38,3804.79,3742.53,92666895,130545422336.0,1.67,2.12,79.01,0.28,62.25999999999976
2018-06-01,3789.67,3770.59,3802.54,3753.84,77821814,105934864384.0,1.28,-0.84,-31.79,0.24,48.69999999999982
2018-06-04,3785.19,3807.58,3813.41,3776.62,76624340,115146469376.0,0.98,0.98,36.99,0.23,36.789999999999964
2018-06-05,3811.29,3845.32,3845.56,3800.93,78687360,121261465600.0,1.17,0.99,37.74,0.24,44.63000000000011
2018-06-06,3839.68,3837.35,3848.33,3830.9,73117238,107142041600.0,0.45,-0.21,-7.97,0.22,17.429999999999836
2018-06-07,3846.94,3831.01,3859.85,3827.69,80256146,112365711360.0,0.84,-0.17,-6.34,0.25,32.159999999999854
2018-06-08,3819.45,3779.62,3819.46,3759.27,83337336,107818799104.0,1.57,-1.34,-51.39,0.26,60.190000000000055
2018-06-11,3770.21,3779.98,3792.55,3756.51,68709834,105597923328.0,0.95,0.01,0.36,0.21,36.039999999999964
2018-06-12,3783.19,3825.95,3830.47,3765.26,73206244,116217139200.0,1.73,1.22,45.97,0.22,65.20999999999958
2018-06-13,3814.62,3788.34,3817.45,3782.07,66377971,97185497088.0,0.92,-0.98,-37.61,0.2,35.379999999999654
2018-06-14,3774.64,3773.37,3808.16,3759.25,68471322,99234013184.0,1.29,-0.4,-14.97,0.21,48.909999999999854
2018-06-15,3763.04,3753.43,3780.34,3737.43,85488893,109534900224.0,1.14,-0.53,-19.94,0.26,42.91000000000031
2018-06-19,3702.67,3621.12,3712.82,3583.02,160706542,193848799232.0,3.46,-3.53,-132.31,0.49,129.80000000000018
2018-06-20,3602.55,3635.44,3649.34,3578.17,86718098,112804814848.0,1.97,0.4,14.32,0.27,71.17000000000007
2018-06-21,3633.56,3592.97,3673.56,3589.49,93908552,115584147456.0,2.31,-1.17,-42.47,0.29,84.07000000000016
2018-06-22,3567.89,3608.9,3609.08,3542.46,75117865,89687281664.0,1.85,0.44,15.93,0.23,66.61999999999989
2018-06-25,3625.8,3560.48,3631.03,3559.03,79877079,106690347008.0,2.0,-1.34,-48.42,0.24,72.0
2018-06-26,3521.59,3531.11,3541.78,3478.21,84985270,108132167680.0,1.79,-0.82,-29.37,0.26,63.570000000000164
2018-06-27,3525.13,3459.26,3537.66,3441.79,81491817,107628896256.0,2.72,-2.03,-71.85,0.25,95.86999999999989
2018-06-28,3434.94,3423.53,3477.06,3416.95,75918052,98570526720.0,1.74,-1.03,-35.73,0.23,60.11000000000013
2018-06-29,3431.96,3510.98,3512.38,3425.22,77257032,97616367616.0,2.55,2.55,87.45,0.24,87.16000000000031
2018-07-02,3504.46,3407.96,3506.9,3383.5,84351450,107601539072.0,3.51,-2.93,-103.02,0.26,123.40000000000009
2018-07-03,3410.48,3409.28,3422.04,3319.29,95278692,129898020864.0,3.02,0.04,1.32,0.29,102.75
2018-07-04,3398.78,3363.75,3418.33,3359.09,75157998,93648560128.0,1.74,-1.34,-45.53,0.23,59.23999999999978
2018-07-05,3365.55,3342.44,3398.49,3330.71,81587981,97544617984.0,2.02,-0.63,-21.31,0.25,67.77999999999975
2018-07-06,3347.06,3365.12,3396.25,3295.73,86097580,109481943040.0,3.01,0.68,22.68,0.26,100.51999999999998
2018-07-09,3378.91,3459.18,3459.32,3378.91,76601546,100918861824.0,2.39,2.8,94.06,0.23,80.41000000000031
2018-07-10,3464.91,3467.52,3474.14,3437.27,69548823,90127446016.0,1.07,0.24,8.34,0.21,36.86999999999989
2018-07-11,3398.93,3407.53,3427.57,3375.14,72040950,89661505536.0,1.51,-1.73,-59.99,0.22,52.43000000000029
2018-07-12,3403.33,3481.06,3499.1,3403.33,96353564,117805514752.0,2.81,2.16,73.53,0.3,95.76999999999998
2018-07-13,3488.5,3492.69,3499.76,3474.91,72955896,99800186880.0,0.71,0.33,11.63,0.22,24.850000000000364
2018-07-16,3488.97,3472.09,3506.24,3459.73,68281999,90754289664.0,1.33,-0.59,-20.6,0.21,46.50999999999976
2018-07-17,3466.42,3449.38,3467.19,3420.97,61983076,85720563712.0,1.33,-0.65,-22.71,0.19,46.220000000000255
2018-07-18,3456.61,3431.32,3479.26,3430.16,66530330,88556871680.0,1.42,-0.52,-18.06,0.2,49.100000000000364
2018-07-19,3444.8,3428.34,3466.51,3417.96,68477716,88804909056.0,1.41,-0.09,-2.98,0.21,48.55000000000018
2018-07-20,3426.46,3492.89,3505.93,3398.95,101984727,122196955136.0,3.12,1.88,64.55,0.31,106.98000000000002
2018-07-23,3471.86,3525.75,3527.53,3464.65,119036626,143960932352.0,1.8,0.94,32.86,0.36,62.88000000000011
2018-07-24,3530.66,3581.71,3596.51,3530.66,156912435,177448955904.0,1.87,1.59,55.96,0.48,65.85000000000036
2018-07-25,3589.51,3577.75,3589.98,3566.31,96758500,112176693248.0,0.66,-0.11,-3.96,0.3,23.670000000000073
2018-07-26,3583.32,3536.25,3593.92,3528.64,90349642,105577283584.0,1.82,-1.16,-41.5,0.28,65.2800000000002
2018-07-27,3533.77,3521.23,3545.41,3512.7,70178104,81192173568.0,0.92,-0.42,-15.02,0.21,32.710000000000036
2018-07-30,3520.85,3515.08,3550.9,3489.55,82116995,96183099392.0,1.74,-0.17,-6.15,0.25,61.34999999999991
2018-07-31,3510.47,3517.66,3528.15,3493.15,67980818,80022151168.0,1.0,0.07,2.58,0.21,35.0
2018-08-01,3530.03,3447.39,3543.61,3446.78,90348618,107477213184.0,2.75,-2.0,-70.27,0.28,96.82999999999993
2018-08-02,3434.35,3370.96,3434.35,3322.1,101308728,122401284096.0,3.26,-2.22,-76.43,0.31,112.25
2018-08-03,3366.66,3315.28,3381.34,3315.2,70796910,91395985408.0,1.96,-1.65,-55.68,0.22,66.14000000000033
2018-08-06,3312.82,3273.27,3344.25,3257.69,77975084,97517989888.0,2.61,-1.27,-42.01,0.24,86.55999999999995
2018-08-07,3284.98,3368.87,3368.96,3263.5,91783916,107512225792.0,3.22,2.92,95.6,0.28,105.46000000000004
2018-08-08,3362.15,3314.51,3368.16,3311.77,79284864,90958913536.0,1.67,-1.61,-54.36,0.24,56.38999999999987
2018-08-09,3303.48,3397.53,3408.39,3299.62,91957573,108802314240.0,3.28,2.5,83.02,0.28,108.76999999999998
2018-08-10,3398.41,3405.02,3424.04,3380.57,68967299,85634523136.0,1.28,0.22,7.49,0.21,43.4699999999998
2018-08-13,3369.98,3390.34,3396.19,3336.7,76191532,90869288960.0,1.75,-0.43,-14.68,0.23,59.49000000000024
2018-08-14,3386.48,3372.91,3391.73,3356.61,60651446,72121991168.0,1.04,-0.51,-17.43,0.19,35.11999999999989
2018-08-15,3371.96,3291.98,3372.14,3288.71,68174054,83402194944.0,2.47,-2.4,-80.93,0.21,83.42999999999984
2018-08-16,3251.86,3276.73,3315.2,3231.56,76547366,89269174272.0,2.54,-0.46,-15.25,0.23,83.63999999999987
2018-08-17,3305.9,3229.62,3311.57,3224.1,67395412,84452454400.0,2.67,-1.44,-47.11,0.21,87.47000000000025
2018-08-20,3238.22,3267.25,3267.25,3209.01,70904228,88963383296.0,1.8,1.17,37.63,0.22,58.23999999999978
2018-08-21,3271.84,3326.65,3331.71,3270.03,75205583,97925840896.0,1.89,1.82,59.4,0.23,61.679999999999836
2018-08-22,3328.97,3307.95,3328.97,3299.39,50787057,66548536320.0,0.89,-0.56,-18.7,0.16,29.579999999999927
2018-08-23,3308.46,3320.03,3336.11,3285.81,61112335,80212787200.0,1.52,0.37,12.08,0.19,50.30000000000018
2018-08-24,3308.48,3325.33,3353.04,3291.87,63765898,77197848576.0,1.84,0.16,5.3,0.2,61.17000000000007
2018-08-27,3339.39,3406.57,3406.57,3339.26,94270083,114960965632.0,2.02,2.44,81.24,0.29,67.30999999999995
2018-08-28,3408.15,3400.17,3416.59,3388.81,75445363,94945951744.0,0.82,-0.19,-6.4,0.23,27.7800000000002
2018-08-29,3393.05,3386.57,3398.71,3377.12,67020403,79072301056.0,0.63,-0.4,-13.6,0.21,21.590000000000146
2018-08-30,3385.81,3351.09,3402.56,3349.47,68385290,80226054144.0,1.57,-1.05,-35.48,0.21,53.090000000000146
2018-08-31,3333.38,3334.5,3356.58,3310.87,76205629,96091893760.0,1.36,-0.5,-16.59,0.23,45.710000000000036
2018-09-03,3320.69,3321.82,3325.61,3291.78,66429855,81305681920.0,1.01,-0.38,-12.68,0.2,33.82999999999993
2018-09-04,3324.19,3363.9,3370.96,3307.96,67088806,85892034560.0,1.9,1.27,42.08,0.21,63.0
2018-09-05,3349.7,3298.14,3354.2,3298.14,64301888,80656674816.0,1.67,-1.95,-65.76,0.2,56.059999999999945
2018-09-06,3286.66,3262.88,3311.5,3253.76,62300288,79373139968.0,1.75,-1.07,-35.26,0.19,57.73999999999978
2018-09-07,3273.89,3277.64,3316.61,3253.73,63947407,81263439872.0,1.93,0.45,14.76,0.2,62.88000000000011
2018-09-10,3271.38,3230.07,3277.88,3227.85,63817052,76175581184.0,1.53,-1.45,-47.57,0.2,50.0300000000002
2018-09-11,3229.71,3224.21,3245.62,3209.11,58491305,67722118912.0,1.13,-0.18,-5.86,0.18,36.50999999999976
2018-09-12,3216.99,3202.02,3225.6,3194.98,54627899,68887019520.0,0.95,-0.69,-22.19,0.17,30.61999999999989
2018-09-13,3239.69,3236.57,3249.59,3191.4,67290327,85887963136.0,1.82,1.08,34.55,0.21,58.190000000000055
2018-09-14,3242.83,3242.09,3254.1,3227.94,60130639,76481212416.0,0.81,0.17,5.52,0.18,26.159999999999854
2018-09-17,3224.93,3204.92,3230.79,3200.51,52259548,60650940928.0,0.93,-1.15,-37.17,0.16,30.279999999999745
2018-09-18,3193.64,3269.43,3270.11,3193.64,70425034,83899138048.0,2.39,2.01,64.51,0.22,76.47000000000025
2018-09-19,3262.0,3312.48,3335.99,3258.31,89170665,109395423232.0,2.38,1.32,43.05,0.27,77.67999999999984
2018-09-20,3314.88,3310.13,3332.31,3303.07,64561057,76660846592.0,0.88,-0.07,-2.35,0.2,29.23999999999978
2018-09-21,3320.7,3410.49,3410.49,3307.77,108416005,123573116928.0,3.1,3.03,100.36,0.33,102.7199999999998
2018-09-25,3375.97,3379.8,3394.38,3367.03,69054692,82870030336.0,0.8,-0.9,-30.69,0.21,27.34999999999991
2018-09-26,3388.56,3417.24,3448.26,3383.24,93173343,119113318400.0,1.92,1.11,37.44,0.29,65.02000000000044
2018-09-27,3415.95,3403.59,3423.71,3394.73,69765240,87573299200.0,0.85,-0.4,-13.65,0.21,28.980000000000018
2018-09-28,3409.96,3438.86,3444.99,3404.7,84377756,94880276480.0,1.18,1.04,35.27,0.26,40.289999999999964
2018-10-08,3361.56,3290.9,3364.46,3285.25,97888988,114164219904.0,2.3,-4.3,-147.96,0.3,79.21000000000004
2018-10-09,3290.17,3288.69,3309.8,3276.13,66723274,78372941824.0,1.02,-0.07,-2.21,0.2,33.67000000000007
2018-10-10,3295.43,3281.6,3315.73,3256.58,64492828,79166808064.0,1.8,-0.22,-7.09,0.2,59.15000000000009
2018-10-11,3179.54,3124.11,3209.52,3099.04,120941343,125723082752.0,3.37,-4.8,-157.49,0.37,110.48000000000002
2018-10-12,3123.37,3170.73,3184.12,3094.97,98611151,104423075840.0,2.85,1.49,46.62,0.3,89.15000000000009
2018-10-15,3173.85,3126.45,3183.13,3120.23,69605023,77137698816.0,1.98,-1.4,-44.28,0.21,62.90000000000009
2018-10-16,3128.58,3100.97,3166.09,3089.37,68887721,75206471680.0,2.45,-0.81,-25.48,0.21,76.72000000000025
2018-10-17,3140.68,3118.25,3149.13,3062.55,76837138,86132695040.0,2.79,0.56,17.28,0.24,86.57999999999993
2018-10-18,3097.79,3044.39,3097.79,3043.38,73771968,79703732224.0,1.74,-2.37,-73.86,0.23,54.409999999999854
2018-10-19,3017.75,3134.95,3137.75,3009.5,98839688,110951370752.0,4.21,2.97,90.56,0.3,128.25
2018-10-22,3159.56,3270.27,3297.38,3159.56,145862044,170651308032.0,4.4,4.32,135.32,0.45,137.82000000000016
2018-10-23,3273.13,3183.43,3276.02,3163.57,121013240,142589177856.0,3.44,-2.66,-86.84,0.37,112.44999999999982
2018-10-24,3169.46,3188.2,3245.4,3164.29,110909745,120954388480.0,2.55,0.15,4.77,0.34,81.11000000000013
2018-10-25,3107.84,3194.31,3197.32,3099.89,106951818,113291747328.0,3.06,0.19,6.11,0.33,97.43000000000029
2018-10-26,3204.28,3173.64,3218.1,3151.92,101299354,106070368256.0,2.07,-0.65,-20.67,0.31,66.17999999999984
2018-10-29,3157.49,3076.89,3158.81,3062.58,91839790,108479492096.0,3.03,-3.05,-96.75,0.28,96.23000000000002
2018-10-30,3061.93,3110.26,3146.63,3050.77,116070100,131767103488.0,3.12,1.08,33.37,0.36,95.86000000000013
2018-10-31,3116.66,3153.82,3168.92,3106.03,111207455,117099696128.0,2.02,1.4,43.56,0.34,62.88999999999987
2018-11-01,3185.2,3177.03,3217.8,3173.1,132653379,145919303680.0,1.42,0.74,23.21,0.41,44.70000000000027
2018-11-02,3258.61,3290.25,3290.25,3222.44,153466104,178340642816.0,2.13,3.56,113.22,0.47,67.80999999999995
2018-11-05,3269.47,3262.84,3279.88,3230.36,109706683,123630923776.0,1.51,-0.83,-27.41,0.34,49.51999999999998
2018-11-06,3254.98,3243.15,3254.98,3213.9,83869138,91703898112.0,1.26,-0.6,-19.69,0.26,41.07999999999993
2018-11-07,3243.88,3221.91,3270.5,3218.42,91615529,101814919168.0,1.61,-0.65,-21.24,0.28,52.07999999999993
2018-11-08,3251.73,3212.77,3253.57,3207.71,76414541,85221666816.0,1.42,-0.28,-9.14,0.23,45.86000000000013
2018-11-09,3193.3,3167.44,3193.3,3166.31,84282762,88194191360.0,0.84,-1.41,-45.33,0.26,26.990000000000236
2018-11-12,3160.25,3205.14,3206.51,3152.44,88062392,97363050496.0,1.71,1.19,37.7,0.27,54.070000000000164
2018-11-13,3164.92,3237.38,3254.77,3161.1,126493463,125603045376.0,2.92,1.01,32.24,0.39,93.67000000000007
2018-11-14,3233.64,3204.94,3239.24,3200.23,113808658,105386565632.0,1.2,-1.0,-32.44,0.35,39.00999999999976
2018-11-15,3201.28,3242.37,3242.38,3198.78,98558810,100119191552.0,1.36,1.17,37.43,0.3,43.59999999999991
2018-11-16,3242.88,3257.67,3282.39,3223.72,126876836,135379804160.0,1.81,0.47,15.3,0.39,58.67000000000007
2018-11-19,3258.79,3294.6,3294.6,3251.07,115956595,123188776960.0,1.34,1.13,36.93,0.36,43.529999999999745
2018-11-20,3268.08,3218.41,3278.78,3213.68,109361155,114155065344.0,1.98,-2.31,-76.19,0.33,65.10000000000036
2018-11-21,3187.1,3226.49,3230.26,3185.24,84119726,87813275648.0,1.4,0.25,8.08,0.26,45.02000000000044
2018-11-22,3232.97,3214.43,3235.45,3199.7,65098291,70083371008.0,1.11,-0.37,-12.06,0.2,35.75
2018-11-23,3208.59,3143.48,3212.2,3139.39,84638254,86864945152.0,2.27,-2.21,-70.95,0.26,72.80999999999995
2018-11-26,3148.67,3141.24,3169.44,3131.64,59379141,61899479552.0,1.2,-0.07,-2.24,0.18,37.80000000000018
2018-11-27,3152.77,3137.24,3162.01,3126.29,55407831,61946260992.0,1.14,-0.13,-4.0,0.17,35.720000000000255
2018-11-28,3137.75,3178.93,3179.41,3126.62,74881956,77620551680.0,1.68,1.33,41.69,0.23,52.789999999999964
2018-11-29,3198.83,3137.65,3204.86,3137.65,80498465,86927613952.0,2.11,-1.3,-41.28,0.25,67.21000000000004
2018-11-30,3136.2,3172.69,3175.15,3132.42,70921044,77297696768.0,1.36,1.12,35.04,0.22,42.73000000000002
2018-12-03,3260.69,3260.95,3273.64,3228.36,121487158,145828417536.0,1.43,2.78,88.26,0.37,45.279999999999745
2018-12-04,3256.23,3267.71,3267.94,3243.7,79415040,90543599616.0,0.74,0.21,6.76,0.24,24.240000000000236
2018-12-05,3224.26,3252.0,3266.9,3219.98,76153052,90909093888.0,1.44,-0.48,-15.71,0.23,46.92000000000007
2018-12-06,3218.11,3181.67,3223.52,3179.89,76328771,95678881792.0,1.34,-2.16,-70.33,0.23,43.63000000000011
2018-12-07,3187.49,3181.56,3193.82,3176.71,53361925,66323970560.0,0.54,0.0,-0.11,0.16,17.110000000000127
2018-12-10,3153.52,3144.76,3170.15,3134.38,63437274,73717202944.0,1.12,-1.16,-36.8,0.19,35.76999999999998
2018-12-11,3148.23,3159.82,3161.96,3143.61,53223877,60014969856.0,0.58,0.48,15.06,0.16,18.34999999999991
2018-12-12,3181.57,3170.61,3182.21,3160.28,53309914,60536223488.0,0.69,0.34,10.79,0.16,21.929999999999836
2018-12-13,3178.89,3219.69,3234.08,3169.42,90442755,103375478784.0,2.04,1.55,49.08,0.28,64.65999999999985
2018-12-14,3207.35,3165.91,3210.72,3165.91,84301251,91576901632.0,1.39,-1.67,-53.78,0.26,44.809999999999945
2018-12-17,3158.28,3161.2,3167.51,3134.37,66497006,77151490048.0,1.05,-0.15,-4.71,0.2,33.14000000000033
2018-12-18,3139.95,3128.43,3165.0,3114.47,63820319,72035450880.0,1.6,-1.04,-32.77,0.2,50.5300000000002
2018-12-19,3133.74,3091.13,3137.01,3086.76,55522299,67872922368.0,1.61,-1.19,-37.3,0.17,50.25
2018-12-20,3083.54,3067.42,3097.72,3044.29,69749463,78181425152.0,1.73,-0.77,-23.71,0.21,53.429999999999836
2018-12-21,3055.33,3029.4,3057.4,3007.61,76758100,84824064000.0,1.62,-1.24,-38.02,0.24,49.789999999999964
2018-12-24,3015.5,3038.2,3040.35,3007.33,57299615,63880740608.0,1.09,0.29,8.8,0.18,33.01999999999998
2018-12-25,3006.88,3017.28,3030.14,2964.88,78689426,80413569024.0,2.15,-0.69,-20.92,0.24,65.25999999999976
2018-12-26,3012.87,3002.03,3029.06,2996.48,55647032,58574969088.0,1.08,-0.51,-15.25,0.17,32.57999999999993
2018-12-27,3042.95,2990.51,3047.23,2990.51,80541786,81159270400.0,1.89,-0.38,-11.52,0.25,56.7199999999998
2018-12-28,2994.8,3010.65,3024.35,2984.82,71053778,78145310720.0,1.32,0.67,20.14,0.22,39.529999999999745
2019-01-02,3017.07,2969.54,3018.78,2958.49,68663022,76105572352.0,2.0,-1.37,-41.11,0.21,60.29000000000042
2019-01-03,2963.02,2964.84,3000.44,2953.25,70867103,76664799232.0,1.59,-0.16,-4.7,0.22,47.190000000000055
2019-01-04,2940.19,3035.87,3036.81,2935.83,103318971,107141038080.0,3.41,2.4,71.03,0.32,100.98000000000002
2019-01-07,3055.15,3054.3,3061.75,3035.91,101164360,105703940096.0,0.85,0.61,18.43,0.31,25.840000000000146
2019-01-08,3049.87,3047.7,3055.51,3038.53,86170586,79628881920.0,0.56,-0.22,-6.6,0.26,16.980000000000018
2019-01-09,3065.23,3078.48,3117.96,3062.85,107364349,117129678848.0,1.81,1.01,30.78,0.33,55.11000000000013
2019-01-10,3077.48,3072.69,3092.54,3062.57,85271757,90206871552.0,0.97,-0.19,-5.79,0.26,29.9699999999998
2019-01-11,3082.26,3094.78,3102.83,3071.03,71786424,77420240896.0,1.03,0.72,22.09,0.22,31.799999999999727
2019-01-14,3092.5,3067.78,3097.41,3064.38,66121702,68115969024.0,1.07,-0.87,-27.0,0.2,33.029999999999745
2019-01-15,3071.52,3127.99,3129.37,3064.67,88772961,99976892416.0,2.11,1.96,60.21,0.27,64.69999999999982
2019-01-16,3126.13,3128.65,3135.01,3117.29,80214341,85781590016.0,0.57,0.02,0.66,0.25,17.720000000000255
2019-01-17,3132.63,3111.42,3141.71,3110.06,80174871,82888208384.0,1.01,-0.55,-17.23,0.25,31.65000000000009
2019-01-18,3124.5,3168.17,3171.69,3120.35,103963835,106780659712.0,1.65,1.82,56.75,0.32,51.340000000000146
2019-01-21,3170.88,3185.64,3199.21,3170.88,93915023,105536987136.0,0.89,0.55,17.47,0.29,28.329999999999927
2019-01-22,3181.95,3143.32,3181.95,3135.34,72990528,78150877184.0,1.46,-1.33,-42.32,0.22,46.60999999999967
2019-01-23,3136.1,3141.05,3157.63,3131.87,59870479,62669651968.0,0.82,-0.07,-2.27,0.18,25.76000000000022
2019-01-24,3146.6,3158.78,3165.63,3125.3,72934636,80963878912.0,1.28,0.56,17.73,0.22,40.32999999999993
2019-01-25,3165.18,3184.47,3203.17,3164.41,83967729,93207953408.0,1.23,0.81,25.69,0.26,38.76000000000022
2019-01-28,3203.12,3183.78,3228.87,3174.72,82622431,97371496448.0,1.7,-0.02,-0.69,0.25,54.15000000000009
2019-01-29,3177.26,3193.97,3200.99,3148.23,77658335,85943910400.0,1.66,0.32,10.19,0.24,52.75999999999976
2019-01-30,3181.66,3168.48,3202.9,3167.89,63746516,73005121536.0,1.1,-0.8,-25.49,0.2,35.01000000000022
2019-01-31,3182.7,3201.63,3216.07,3178.01,86247839,97509924864.0,1.2,1.05,33.15,0.26,38.059999999999945
2019-02-01,3225.73,3247.4,3247.5,3207.72,82019640,94766411776.0,1.24,1.43,45.77,0.25,39.7800000000002
2019-02-11,3239.81,3306.47,3307.06,3239.81,98818435,114752356352.0,2.07,1.82,59.07,0.3,67.25
2019-02-12,3306.35,3330.34,3335.36,3298.63,122232463,122834100224.0,1.11,0.72,23.87,0.37,36.73000000000002
2019-02-13,3337.78,3397.03,3405.58,3329.14,163828332,168866263040.0,2.3,2.0,66.69,0.5,76.44000000000005
2019-02-14,3392.85,3402.14,3415.4,3381.98,151127291,138649288704.0,0.98,0.15,5.11,0.46,33.42000000000007
2019-02-15,3391.24,3338.7,3395.03,3335.87,143668603,141555060736.0,1.74,-1.86,-63.44,0.44,59.16000000000031
2019-02-18,3366.42,3445.74,3445.74,3366.42,182886090,180449742848.0,2.38,3.21,107.04,0.56,79.31999999999971
2019-02-19,3454.72,3439.61,3480.79,3419.07,179083786,185762746368.0,1.79,-0.18,-6.13,0.55,61.7199999999998
2019-02-20,3449.93,3451.93,3463.77,3421.51,147390310,145570263040.0,1.23,0.36,12.32,0.45,42.25999999999976
2019-02-21,3450.14,3442.71,3500.25,3431.63,180143288,185197154304.0,1.99,-0.27,-9.22,0.55,68.61999999999989
2019-02-22,3439.38,3520.12,3520.12,3417.98,187237975,202869288960.0,2.97,2.25,77.41,0.57,102.13999999999987
2019-02-25,3575.85,3729.48,3729.48,3574.69,342557123,376382394368.0,4.4,5.95,209.36,1.05,154.78999999999996
2019-02-26,3734.71,3684.69,3762.11,3679.27,358038697,387632861184.0,2.22,-1.2,-44.79,1.1,82.84000000000015
2019-02-27,3682.81,3678.39,3737.63,3638.33,286236006,307306147840.0,2.69,-0.17,-6.3,0.88,99.30000000000018
2019-02-28,3675.26,3669.37,3695.46,3650.05,184810220,206010957824.0,1.23,-0.25,-9.02,0.57,45.409999999999854
2019-03-01,3699.22,3749.71,3749.71,3668.77,204711004,235620622336.0,2.21,2.19,80.34,0.63,80.94000000000005
2019-03-04,3783.04,3794.1,3886.58,3764.78,323490127,376397283328.0,3.25,1.18,44.39,0.99,121.79999999999973
2019-03-05,3785.38,3816.01,3816.16,3770.79,230853166,261464121344.0,1.2,0.58,21.91,0.71,45.36999999999989
2019-03-06,3822.86,3848.09,3855.16,3787.52,318077371,331155615744.0,1.77,0.84,32.08,0.97,67.63999999999987
2019-03-07,3841.15,3808.85,3845.18,3778.8,329846548,359339151360.0,1.73,-1.02,-39.24,1.01,66.37999999999965
2019-03-08,3721.4,3657.58,3774.54,3656.19,317990077,349296693248.0,3.11,-3.97,-151.27,0.97,118.34999999999991
2019-03-11,3663.98,3729.95,3731.91,3650.81,230912865,268718460928.0,2.22,1.98,72.37,0.71,81.09999999999991
2019-03-12,3758.32,3755.35,3804.72,3723.68,274926382,325180620800.0,2.17,0.68,25.4,0.84,81.03999999999996
2019-03-13,3758.71,3724.19,3763.09,3708.81,233682248,286171049984.0,1.45,-0.83,-31.16,0.72,54.2800000000002
2019-03-14,3710.29,3698.49,3747.82,3673.85,190817236,231820148736.0,1.99,-0.69,-25.7,0.58,73.97000000000025
2019-03-15,3713.94,3745.01,3782.24,3713.94,175174543,224194363392.0,1.85,1.26,46.52,0.54,68.29999999999973
2019-03-18,3753.64,3851.75,3851.75,3733.68,216928059,276473450496.0,3.15,2.85,106.74,0.66,118.07000000000016
2019-03-19,3856.59,3833.96,3868.34,3815.22,181727109,224096890880.0,1.38,-0.46,-17.79,0.56,53.120000000000346
2019-03-20,3825.34,3835.44,3855.15,3790.51,175632090,215406993408.0,1.69,0.04,1.48,0.54,64.63999999999987
2019-03-21,3840.28,3836.89,3864.07,3823.47,196310310,231993446400.0,1.06,0.04,1.45,0.6,40.600000000000364
2019-03-22,3838.13,3833.8,3845.58,3786.59,171356992,198518386688.0,1.54,-0.08,-3.09,0.52,58.98999999999978
2019-03-25,3776.44,3742.83,3807.18,3741.61,198586330,223396564992.0,1.71,-2.37,-90.97,0.61,65.56999999999971
2019-03-26,3766.53,3700.44,3770.84,3687.55,173046579,196547809280.0,2.23,-1.13,-42.39,0.53,83.28999999999996
2019-03-27,3724.41,3743.39,3750.26,3703.45,138758454,177507528704.0,1.26,1.16,42.95,0.42,46.8100000000004
2019-03-28,3731.06,3728.4,3755.72,3710.08,133272128,172604391424.0,1.22,-0.4,-14.99,0.41,45.63999999999987
2019-03-29,3739.77,3872.34,3876.38,3739.77,215639104,283022299136.0,3.66,3.86,143.94,0.66,136.61000000000013
2019-04-01,3901.17,3973.93,3982.91,3901.17,271382705,340799401984.0,2.11,2.62,101.59,0.83,81.73999999999978
2019-04-02,3986.34,3971.29,3988.1,3956.51,226000340,281892057088.0,0.79,-0.07,-2.64,0.69,31.58999999999969
2019-04-03,3947.87,4022.16,4026.5,3939.78,231917368,284826497024.0,2.18,1.28,50.87,0.71,86.7199999999998
2019-04-04,4039.74,4062.23,4072.11,4021.71,260410939,313539432448.0,1.25,1.0,40.07,0.8,50.40000000000009
2019-04-08,4097.1,4057.23,4122.6,4017.49,267505577,324670451712.0,2.59,-0.12,-5.0,0.82,105.11000000000058
2019-04-09,4063.81,4075.43,4084.24,4038.28,182956808,243187912704.0,1.13,0.45,18.2,0.56,45.95999999999958
2019-04-10,4062.44,4085.85,4115.38,4035.47,194687613,278282027008.0,1.96,0.26,10.42,0.6,79.91000000000031
2019-04-11,4083.46,3997.58,4097.12,3990.24,169049641,236259155968.0,2.62,-2.16,-88.27,0.52,106.88000000000011
2019-04-12,3986.78,3988.62,4006.93,3961.46,135862118,178795937792.0,1.14,-0.22,-8.96,0.42,45.4699999999998
2019-04-15,4056.49,3975.52,4085.39,3974.23,182645571,236298723328.0,2.79,-0.33,-13.1,0.56,111.15999999999985
2019-04-16,3958.1,4085.79,4085.79,3943.49,202041966,250569207808.0,3.58,2.77,110.27,0.62,142.30000000000018
2019-04-17,4080.72,4087.24,4106.62,4057.5,180367117,228824428544.0,1.2,0.04,1.45,0.55,49.11999999999989
2019-04-18,4085.11,4072.08,4094.05,4056.24,146562122,187812687872.0,0.93,-0.37,-15.16,0.45,37.8100000000004
2019-04-19,4076.3,4120.61,4120.64,4046.2,150794911,194701692928.0,1.83,1.19,48.53,0.46,74.44000000000051
2019-04-22,4125.97,4025.61,4126.09,4015.47,189353746,244380549120.0,2.68,-2.31,-95.0,0.58,110.62000000000035
2019-04-23,4021.63,4019.01,4061.09,4005.28,155611651,204121505792.0,1.39,-0.16,-6.6,0.48,55.809999999999945
2019-04-24,4033.63,4030.09,4044.34,3967.81,145498696,186497961984.0,1.9,0.28,11.08,0.45,76.5300000000002
2019-04-25,4013.6,3941.82,4022.56,3938.33,159722071,197530996736.0,2.09,-2.19,-88.27,0.49,84.23000000000002
2019-04-26,3921.89,3889.27,3943.83,3887.25,142008069,186572136448.0,1.44,-1.33,-52.55,0.43,56.57999999999993
2019-04-29,3896.58,3900.33,3953.23,3875.45,153870927,203946553344.0,2.0,0.28,11.06,0.47,77.7800000000002
2019-04-30,3887.18,3913.21,3923.11,3885.15,116233377,161665925120.0,0.97,0.33,12.88,0.36,37.960000000000036
2019-05-06,3775.08,3684.62,3791.61,3647.14,197472883,254115401728.0,3.69,-5.84,-228.59,0.6,144.47000000000025
2019-05-07,3702.27,3720.67,3738.18,3671.83,132847654,183659159552.0,1.8,0.98,36.05,0.41,66.34999999999991
2019-05-08,3648.55,3667.46,3722.93,3642.5,112867356,145058488320.0,2.16,-1.43,-53.21,0.35,80.42999999999984
2019-05-09,3637.35,3599.7,3656.9,3584.82,101037394,141829095424.0,1.97,-1.85,-67.76,0.31,72.07999999999993
2019-05-10,3643.06,3730.45,3732.92,3589.29,148003848,195067170816.0,3.99,3.63,130.75,0.45,143.6300000000001
2019-05-13,3675.76,3668.73,3702.9,3658.0,103391859,135053926400.0,1.2,-1.65,-61.72,0.32,44.90000000000009
2019-05-14,3630.44,3645.15,3683.26,3630.44,102313459,135262867456.0,1.44,-0.64,-23.58,0.31,52.820000000000164
2019-05-15,3674.99,3727.09,3741.04,3674.99,110161769,152534548480.0,1.81,2.25,81.94,0.34,66.05000000000018
2019-05-16,3720.04,3743.96,3745.14,3707.9,116258273,139851939840.0,1.0,0.45,16.87,0.36,37.23999999999978
2019-05-17,3744.88,3648.76,3745.36,3637.58,128453245,154092351488.0,2.88,-2.54,-95.2,0.39,107.7800000000002
2019-05-20,3635.74,3617.79,3644.5,3583.83,108963476,134194262016.0,1.66,-0.85,-30.97,0.33,60.67000000000007
2019-05-21,3619.44,3666.78,3690.09,3610.68,111022920,133071380480.0,2.19,1.35,48.99,0.34,79.41000000000031
2019-05-22,3663.15,3649.38,3679.27,3634.75,98346127,121775243264.0,1.21,-0.47,-17.4,0.3,44.51999999999998
2019-05-23,3629.53,3583.96,3631.47,3578.11,99897782,125611970560.0,1.46,-1.79,-65.42,0.31,53.35999999999967
2019-05-24,3584.9,3593.91,3623.39,3580.79,80934049,101337497600.0,1.19,0.28,9.95,0.25,42.59999999999991
2019-05-27,3592.6,3637.2,3648.03,3556.26,108830871,133399052288.0,2.55,1.2,43.29,0.33,91.76999999999998
2019-05-28,3633.02,3672.26,3683.23,3627.79,117886241,148966334464.0,1.52,0.96,35.06,0.36,55.440000000000055
2019-05-29,3642.54,3663.91,3693.23,3637.35,93355441,120002035712.0,1.52,-0.23,-8.35,0.29,55.88000000000011
2019-05-30,3648.85,3641.18,3650.97,3612.62,94202560,112864079872.0,1.05,-0.62,-22.73,0.29,38.34999999999991
2019-05-31,3641.0,3629.79,3668.18,3627.54,89222267,108264202240.0,1.12,-0.31,-11.39,0.27,40.63999999999987
2019-06-03,3640.61,3632.01,3672.81,3613.13,100723180,123902447616.0,1.64,0.06,2.22,0.31,59.679999999999836
2019-06-04,3632.56,3598.47,3636.13,3584.46,87097093,109467238400.0,1.42,-0.92,-33.54,0.27,51.67000000000007
2019-06-05,3627.79,3597.11,3634.45,3593.95,88642020,114634227712.0,1.13,-0.04,-1.36,0.27,40.5
2019-06-06,3601.04,3564.68,3601.04,3557.02,85534403,104367267840.0,1.22,-0.9,-32.43,0.26,44.01999999999998
2019-06-10,3578.01,3610.74,3623.73,3568.28,92375060,117346607104.0,1.56,1.29,46.06,0.28,55.44999999999982
2019-06-11,3617.52,3719.28,3723.14,3617.52,143482806,180899074048.0,2.93,3.01,108.54,0.44,105.61999999999989
2019-06-12,3706.86,3691.1,3711.88,3683.94,119178852,132296097792.0,0.75,-0.76,-28.18,0.37,27.940000000000055
2019-06-13,3689.58,3685.39,3697.59,3654.27,96331717,110459904000.0,1.17,-0.15,-5.71,0.3,43.320000000000164
2019-06-14,3690.48,3654.88,3709.65,3650.91,101817004,116584259584.0,1.59,-0.83,-30.51,0.31,58.74000000000024
2019-06-17,3654.44,3654.82,3683.77,3645.5,72976678,93092581376.0,1.05,0.0,-0.06,0.22,38.26999999999998
2019-06-18,3661.13,3667.62,3675.65,3638.78,70692265,89472839680.0,1.01,0.35,12.8,0.22,36.86999999999989
2019-06-19,3761.34,3715.94,3771.35,3715.13,125595715,172574179328.0,1.53,1.32,48.32,0.38,56.2199999999998
2019-06-20,3718.94,3828.52,3845.79,3717.19,168872074,227726983168.0,3.46,3.03,112.58,0.52,128.5999999999999
2019-06-21,3832.73,3833.94,3856.09,3817.31,153635154,199961616384.0,1.01,0.14,5.42,0.47,38.7800000000002
2019-06-24,3836.31,3841.27,3853.55,3819.77,100084621,143644733440.0,0.88,0.19,7.33,0.31,33.7800000000002
2019-06-25,3837.43,3801.31,3838.06,3755.01,124075912,169358794752.0,2.16,-1.04,-39.96,0.38,83.04999999999973
2019-06-26,3779.51,3794.33,3809.76,3771.72,81820283,112106860544.0,1.0,-0.18,-6.98,0.25,38.04000000000042
2019-06-27,3807.54,3834.82,3854.08,3805.83,105316357,156483420160.0,1.27,1.07,40.49,0.32,48.25
2019-06-28,3832.06,3825.59,3835.23,3803.05,84766139,116512051200.0,0.84,-0.24,-9.23,0.26,32.179999999999836
2019-07-01,3899.33,3935.81,3936.67,3886.91,158370340,217470251008.0,1.3,2.88,110.22,0.49,49.76000000000022
2019-07-02,3931.05,3937.17,3942.43,3918.94,131863496,173997043712.0,0.6,0.03,1.36,0.4,23.48999999999978
2019-07-03,3927.44,3893.53,3927.44,3878.84,111992604,163145732096.0,1.23,-1.11,-43.64,0.34,48.59999999999991
2019-07-04,3895.2,3873.1,3906.89,3854.69,99342257,142669254656.0,1.34,-0.52,-20.43,0.3,52.19999999999982
2019-07-05,3875.37,3893.2,3900.31,3857.93,74006528,116236521472.0,1.09,0.52,20.1,0.23,42.38000000000011
2019-07-08,3875.75,3802.79,3875.75,3775.03,109539087,147198418944.0,2.59,-2.32,-90.41,0.34,100.7199999999998
2019-07-09,3798.1,3793.13,3811.1,3774.76,74842732,113147604992.0,0.96,-0.25,-9.66,0.23,36.33999999999969
2019-07-10,3807.95,3786.74,3810.4,3774.23,72833948,101355479040.0,0.95,-0.17,-6.39,0.22,36.17000000000007
2019-07-11,3806.19,3785.22,3830.74,3774.41,75311964,113674616832.0,1.49,-0.04,-1.52,0.23,56.32999999999993
2019-07-12,3783.07,3808.73,3820.24,3774.52,75465966,107007922176.0,1.21,0.62,23.51,0.23,45.7199999999998
2019-07-15,3792.64,3824.19,3844.87,3745.85,101205222,142493044736.0,2.6,0.41,15.46,0.31,99.01999999999998
2019-07-16,3819.25,3806.84,3828.33,3799.87,80730952,108449681408.0,0.74,-0.45,-17.35,0.25,28.460000000000036
2019-07-17,3800.11,3804.64,3820.27,3787.9,95183885,116766781440.0,0.85,-0.06,-2.2,0.29,32.36999999999989
2019-07-18,3793.19,3768.4,3793.39,3768.0,87496445,111669366784.0,0.67,-0.95,-36.24,0.27,25.389999999999873
2019-07-19,3787.51,3807.96,3828.15,3787.51,88086149,117797527552.0,1.08,1.05,39.56,0.27,40.63999999999987
2019-07-22,3813.5,3781.68,3816.54,3765.44,92101376,117810446336.0,1.34,-0.69,-26.28,0.28,51.09999999999991
2019-07-23,3783.54,3789.91,3792.96,3768.76,71313347,103866609664.0,0.64,0.22,8.23,0.22,24.199999999999818
2019-07-24,3803.59,3819.83,3840.06,3803.57,90940685,129940586496.0,0.96,0.79,29.92,0.28,36.48999999999978
2019-07-25,3821.39,3851.07,3851.07,3812.95,93740416,125899501568.0,1.0,0.82,31.24,0.29,38.120000000000346
2019-07-26,3835.23,3858.57,3863.59,3832.52,83259300,110929727488.0,0.81,0.19,7.5,0.26,31.070000000000164
2019-07-29,3857.94,3854.27,3862.75,3842.43,84814369,111679107072.0,0.53,-0.11,-4.3,0.26,20.320000000000164
2019-07-30,3861.57,3870.32,3890.73,3861.57,94123955,120480280576.0,0.76,0.42,16.05,0.29,29.159999999999854
2019-07-31,3856.75,3835.36,3856.75,3830.09,82151155,111083892736.0,0.69,-0.9,-34.96,0.25,26.659999999999854
2019-08-01,3819.32,3803.47,3831.26,3791.55,84114181,117649162240.0,1.04,-0.83,-31.89,0.26,39.710000000000036
2019-08-02,3729.13,3747.44,3754.53,3720.06,108335898,141874786304.0,0.91,-1.47,-56.03,0.33,34.470000000000255
2019-08-05,3724.41,3675.69,3739.5,3675.69,101325980,133061099520.0,1.7,-1.91,-71.75,0.31,63.809999999999945
2019-08-06,3609.11,3636.33,3649.9,3575.86,129833871,167267479552.0,2.01,-1.07,-39.36,0.4,74.03999999999996
2019-08-07,3654.63,3621.43,3659.08,3621.43,84238715,108667666432.0,1.04,-0.41,-14.9,0.26,37.65000000000009
2019-08-08,3651.36,3669.29,3675.46,3646.94,88457708,114981617664.0,0.79,1.32,47.86,0.27,28.519999999999982
2019-08-09,3686.75,3633.53,3689.18,3628.12,85295580,116355690496.0,1.66,-0.97,-35.76,0.26,61.059999999999945
2019-08-12,3647.87,3699.1,3699.1,3643.32,82083057,121129345024.0,1.54,1.8,65.57,0.25,55.779999999999745
2019-08-13,3675.59,3665.75,3686.43,3658.01,76500303,103764320256.0,0.77,-0.9,-33.35,0.23,28.419999999999618
2019-08-14,3712.07,3682.4,3717.56,3680.61,91202591,128301670400.0,1.01,0.45,16.65,0.28,36.94999999999982
2019-08-15,3618.01,3694.0,3694.3,3612.11,88598833,119241080832.0,2.23,0.32,11.6,0.27,82.19000000000005
2019-08-16,3697.94,3710.54,3738.1,3687.08,88319168,132696911872.0,1.38,0.45,16.54,0.27,51.01999999999998
2019-08-19,3736.03,3791.09,3791.09,3720.69,139327012,195448938496.0,1.9,2.17,80.55,0.43,70.40000000000009
2019-08-20,3786.03,3787.73,3799.9,3778.73,108602089,149115342848.0,0.56,-0.09,-3.36,0.33,21.170000000000073
2019-08-21,3778.31,3781.76,3792.6,3775.45,82299881,121688506368.0,0.45,-0.16,-5.97,0.25,17.15000000000009
2019-08-22,3793.86,3793.51,3797.33,3771.2,85807793,120708136960.0,0.69,0.31,11.75,0.26,26.13000000000011
2019-08-23,3796.88,3820.86,3829.36,3788.03,87954583,137802153984.0,1.09,0.72,27.35,0.27,41.32999999999993
2019-08-26,3756.36,3765.91,3778.87,3753.16,93859269,142350987264.0,0.67,-1.44,-54.95,0.29,25.710000000000036
2019-08-27,3791.46,3816.95,3848.24,3790.87,124731479,181748785152.0,1.52,1.36,51.04,0.38,57.36999999999989
2019-08-28,3818.81,3802.58,3822.59,3790.14,88750812,137667276800.0,0.85,-0.38,-14.37,0.27,32.45000000000027
2019-08-29,3805.49,3790.19,3808.6,3774.4,84083387,126475677696.0,0.9,-0.33,-12.39,0.26,34.19999999999982
2019-08-30,3816.68,3799.59,3828.97,3778.92,96695150,152408670208.0,1.32,0.25,9.4,0.3,50.04999999999973
2019-09-02,3803.69,3848.32,3855.78,3799.82,110289349,164994457600.0,1.47,1.28,48.73,0.34,55.960000000000036
2019-09-03,3852.58,3853.61,3856.68,3833.76,97714632,146270633984.0,0.6,0.14,5.29,0.3,22.919999999999618
2019-09-04,3848.65,3886.0,3886.0,3846.42,126628616,176839745536.0,1.03,0.84,32.39,0.39,39.57999999999993
2019-09-05,3909.21,3925.32,3970.0,3909.21,181656230,244681224192.0,1.56,1.01,39.32,0.56,60.789999999999964
2019-09-06,3946.69,3948.51,3948.54,3922.34,121882376,181718269952.0,0.67,0.59,23.19,0.37,26.199999999999818
2019-09-09,3980.96,3972.95,3985.24,3954.88,146809754,209545388032.0,0.77,0.62,24.44,0.45,30.359999999999673
2019-09-10,3976.87,3959.27,3976.92,3938.74,130889385,184494350336.0,0.96,-0.34,-13.68,0.4,38.18000000000029
2019-09-11,3969.68,3930.1,3971.22,3922.95,131594875,190165008384.0,1.22,-0.74,-29.17,0.4,48.26999999999998
2019-09-12,3944.69,3972.38,3975.93,3933.44,110241272,156750651392.0,1.08,1.08,42.28,0.34,42.48999999999978
2019-09-16,3981.36,3957.72,3982.2,3943.37,110259804,154736553984.0,0.98,-0.37,-14.66,0.34,38.82999999999993
2019-09-17,3947.16,3891.22,3947.16,3879.49,113694318,154899300352.0,1.71,-1.68,-66.5,0.35,67.67000000000007
2019-09-18,3902.99,3910.08,3923.15,3902.51,82056151,130159558656.0,0.53,0.48,18.86,0.25,20.639999999999873
2019-09-19,3923.96,3924.38,3924.38,3897.07,85984238,127421792256.0,0.7,0.37,14.3,0.26,27.309999999999945
2019-09-20,3933.46,3935.65,3942.22,3921.41,103455954,153162588160.0,0.53,0.29,11.27,0.32,20.809999999999945
2019-09-23,3925.19,3890.66,3925.19,3868.21,94036224,139223506944.0,1.45,-1.14,-44.99,0.29,56.98000000000002
2019-09-24,3895.87,3901.08,3927.01,3886.14,87783229,142341398528.0,1.05,0.27,10.42,0.27,40.870000000000346
2019-09-25,3887.55,3870.98,3889.84,3867.23,89520835,133224464384.0,0.58,-0.77,-30.1,0.27,22.610000000000127
2019-09-26,3884.7,3841.14,3890.75,3840.25,102698301,150806749184.0,1.3,-0.77,-29.84,0.31,50.5
2019-09-27,3843.46,3852.65,3859.5,3832.25,74003948,109130485760.0,0.71,0.3,11.51,0.23,27.25
2019-09-30,3842.07,3814.53,3857.23,3813.55,65931313,100487270400.0,1.13,-0.99,-38.12,0.2,43.679999999999836
2019-10-08,3818.59,3837.68,3861.64,3818.59,76657861,118365683712.0,1.13,0.61,23.15,0.23,43.04999999999973
2019-10-09,3822.61,3843.24,3845.34,3805.07,75854513,112406208512.0,1.05,0.14,5.56,0.23,40.26999999999998
2019-10-10,3838.49,3874.64,3877.14,3829.43,79222694,127474044928.0,1.24,0.82,31.4,0.24,47.710000000000036
2019-10-11,3885.52,3911.73,3922.37,3868.84,93412577,139817299968.0,1.38,0.96,37.09,0.29,53.529999999999745
2019-10-14,3944.86,3953.24,3983.81,3934.73,122393610,167857131520.0,1.25,1.06,41.51,0.37,49.07999999999993
2019-10-15,3953.16,3936.25,3953.16,3928.15,85273948,125117108224.0,0.63,-0.43,-16.99,0.26,25.009999999999764
2019-10-16,3939.28,3922.69,3964.05,3919.02,83229706,128558534656.0,1.14,-0.34,-13.56,0.25,45.0300000000002
2019-10-17,3929.39,3925.22,3935.81,3913.92,64863744,99991851008.0,0.56,0.06,2.53,0.2,21.889999999999873
2019-10-18,3935.42,3869.38,3940.54,3864.97,82321139,122186928128.0,1.93,-1.42,-55.84,0.25,75.57000000000016
2019-10-21,3865.34,3880.84,3884.74,3856.04,74182917,110858235904.0,0.74,0.3,11.46,0.23,28.699999999999818
2019-10-22,3896.31,3895.88,3897.44,3870.55,68918566,102843371520.0,0.69,0.39,15.04,0.21,26.889999999999873
2019-10-23,3892.68,3871.08,3901.42,3862.2,70198625,99733598208.0,1.01,-0.64,-24.8,0.22,39.220000000000255
2019-10-24,3877.92,3870.67,3890.2,3852.58,71334574,105096949760.0,0.97,-0.01,-0.41,0.22,37.61999999999989
2019-10-25,3871.77,3896.79,3899.72,3849.03,77453619,126677483520.0,1.31,0.67,26.12,0.24,50.6899999999996
2019-10-28,3904.98,3926.59,3927.8,3897.82,97406021,150762201088.0,0.77,0.76,29.8,0.3,29.980000000000018
2019-10-29,3929.71,3910.23,3932.37,3910.23,82257075,139611418624.0,0.56,-0.42,-16.36,0.25,22.139999999999873
2019-10-30,3904.72,3891.23,3908.1,3883.45,77872924,122610503680.0,0.63,-0.49,-19.0,0.24,24.65000000000009
2019-10-31,3906.86,3886.75,3907.15,3878.88,86714540,135012425728.0,0.73,-0.12,-4.48,0.27,28.269999999999982
2019-11-01,3883.81,3952.39,3956.08,3876.42,100689613,151471063040.0,2.05,1.69,65.64,0.31,79.65999999999985
2019-11-04,3964.01,3978.12,3985.36,3964.01,104193856,154485362688.0,0.54,0.65,25.73,0.32,21.34999999999991
2019-11-05,3982.12,4002.81,4030.64,3970.87,112911880,163317854208.0,1.5,0.62,24.69,0.35,59.76999999999998
2019-11-06,4006.33,3984.88,4007.5,3973.78,97312952,139859763200.0,0.84,-0.45,-17.93,0.3,33.7199999999998
2019-11-07,3984.55,3991.87,4005.38,3975.55,87254899,117751554048.0,0.75,0.18,6.99,0.27,29.829999999999927
2019-11-08,4017.67,3973.01,4022.04,3971.57,97106949,139026673664.0,1.26,-0.47,-18.86,0.3,50.4699999999998
2019-11-11,3948.62,3902.98,3948.62,3897.55,94155620,130330083328.0,1.29,-1.76,-70.03,0.29,51.06999999999971
2019-11-12,3905.96,3903.69,3914.88,3877.74,76543068,108828237824.0,0.95,0.02,0.71,0.23,37.14000000000033
2019-11-13,3905.28,3899.98,3908.42,3882.43,76749079,112057147392.0,0.67,-0.1,-3.71,0.24,25.990000000000236
2019-11-14,3905.93,3905.86,3916.95,3895.14,87008445,119791566848.0,0.56,0.15,5.88,0.27,21.809999999999945
2019-11-15,3908.49,3877.09,3915.1,3877.09,83730916,115423019008.0,0.97,-0.74,-28.77,0.26,38.00999999999976
2019-11-18,3874.44,3907.93,3913.1,3868.32,76645993,107085819904.0,1.15,0.8,30.84,0.23,44.779999999999745
2019-11-19,3904.1,3947.04,3947.04,3902.38,82161024,123227172864.0,1.14,1.0,39.11,0.25,44.659999999999854
2019-11-20,3940.13,3907.86,3943.23,3901.99,76815332,118003064832.0,1.04,-0.99,-39.18,0.24,41.24000000000024
2019-11-21,3894.54,3889.6,3901.83,3875.97,69130537,104147771392.0,0.66,-0.47,-18.26,0.21,25.860000000000127
2019-11-22,3894.17,3849.99,3918.84,3833.5,91042639,146981163008.0,2.19,-1.02,-39.61,0.28,85.34000000000015
2019-11-25,3850.97,3878.21,3878.25,3839.42,106066289,140851077120.0,1.01,0.73,28.22,0.32,38.82999999999993
2019-11-26,3893.43,3891.65,3899.11,3869.59,111513536,140213633024.0,0.76,0.35,13.44,0.34,29.519999999999982
2019-11-27,3883.43,3875.62,3889.98,3862.7,76437304,107238821888.0,0.7,-0.41,-16.03,0.23,27.2800000000002
2019-11-28,3877.9,3862.3,3887.69,3852.01,65230118,87081787392.0,0.92,-0.34,-13.32,0.2,35.679999999999836
2019-11-29,3857.19,3828.67,3861.66,3804.83,74144330,116200558592.0,1.47,-0.87,-33.63,0.23,56.82999999999993
2019-12-02,3835.51,3836.06,3854.75,3829.31,77412173,109992591360.0,0.66,0.19,7.39,0.24,25.440000000000055
2019-12-03,3829.21,3851.09,3851.12,3811.63,73611241,108703715328.0,1.03,0.39,15.03,0.23,39.48999999999978
2019-12-04,3841.66,3849.82,3852.99,3831.07,79683384,109646344192.0,0.57,-0.03,-1.27,0.24,21.919999999999618
2019-12-05,3863.61,3879.36,3883.4,3859.82,89051192,129357594624.0,0.61,0.77,29.54,0.27,23.579999999999927
2019-12-06,3885.06,3902.39,3902.39,3878.7,78648888,116424777728.0,0.61,0.59,23.03,0.24,23.690000000000055
2019-12-09,3909.53,3895.45,3911.97,3885.25,95353807,130873098240.0,0.68,-0.18,-6.94,0.29,26.7199999999998
2019-12-10,3886.44,3900.38,3900.96,3882.09,86262927,121118412800.0,0.48,0.13,4.93,0.26,18.86999999999989
2019-12-11,3907.16,3902.75,3909.39,3890.34,99765481,127690403840.0,0.49,0.06,2.37,0.31,19.049999999999727
2019-12-12,3908.45,3891.02,3908.45,3886.12,84708329,117874315264.0,0.57,-0.3,-11.73,0.26,22.329999999999927
2019-12-13,3928.0,3968.22,3969.46,3925.28,148571348,201018884096.0,1.14,1.98,77.2,0.46,44.179999999999836
2019-12-16,3970.71,3987.55,3987.59,3953.51,148486671,202154897408.0,0.86,0.49,19.33,0.45,34.07999999999993
2019-12-17,3987.74,4041.8,4067.14,3984.52,201162936,251637866496.0,2.07,1.36,54.25,0.62,82.61999999999989
2019-12-18,4039.72,4032.78,4057.64,4025.34,151351764,197620207616.0,0.8,-0.22,-9.02,0.46,32.29999999999973
2019-12-19,4034.62,4027.15,4038.54,4014.9,117900559,152553807872.0,0.59,-0.14,-5.63,0.36,23.639999999999873
2019-12-20,4032.15,4017.25,4046.73,4014.93,121267663,158460231680.0,0.79,-0.25,-9.9,0.37,31.800000000000182
2019-12-23,4014.69,3967.1,4032.17,3964.38,122816246,162048262144.0,1.69,-1.25,-50.15,0.38,67.78999999999996
2019-12-24,3971.56,3992.96,3994.51,3963.67,95989046,122499162112.0,0.78,0.65,25.86,0.29,30.840000000000146
2019-12-25,3988.66,3990.87,4000.56,3976.36,94938890,131896467456.0,0.61,-0.05,-2.09,0.29,24.199999999999818
2019-12-26,3993.67,4025.99,4025.99,3993.54,108860641,140814966784.0,0.81,0.88,35.12,0.33,32.44999999999982
2019-12-27,4029.25,4022.03,4066.8,4019.72,150926410,195090415616.0,1.17,-0.1,-3.96,0.46,47.08000000000038
2019-12-30,4015.52,4081.63,4083.69,4001.5,155971489,216814661632.0,2.04,1.48,59.6,0.48,82.19000000000005
2019-12-31,4077.75,4096.58,4098.14,4069.01,123264259,173119348736.0,0.71,0.37,14.95,0.38,29.13000000000011
