日期,股票代码,开盘,收盘,最高,最低,成交量,成交额,振幅,涨跌幅,涨跌额,换手率,volatility
2010-01-04,600811,122.48,120.59,123.24,120.4,125171,88716411.0,2.34,-0.63,-0.76,1.01,2.839999999999989
2010-01-05,600811,120.78,121.72,122.1,118.13,154662,108510545.0,3.29,0.94,1.13,1.25,3.969999999999999
2010-01-06,600811,121.72,120.78,123.8,120.59,160733,114036377.0,2.64,-0.77,-0.94,1.3,3.2099999999999937
2010-01-07,600811,120.59,116.62,121.16,115.86,183510,126364766.0,4.39,-3.44,-4.16,1.48,5.299999999999997
2010-01-08,600811,115.49,116.43,117.19,114.35,144786,97924843.0,2.44,-0.16,-0.19,1.17,2.8400000000000034
2010-01-11,600811,121.91,118.51,123.61,117.38,205283,143405675.0,5.35,1.79,2.08,1.65,6.230000000000004
2010-01-12,600811,117.94,120.97,121.53,116.81,190110,132446683.0,3.98,2.08,2.46,1.53,4.719999999999999
2010-01-13,600811,118.32,117.56,120.59,117.19,180695,124853651.0,2.81,-2.82,-3.41,1.46,3.4000000000000057
2010-01-14,600811,117.94,119.83,120.21,117.0,179090,124336531.0,2.73,1.93,2.27,1.44,3.2099999999999937
2010-01-15,600811,120.02,121.91,121.91,119.64,241912,170428688.0,1.89,1.74,2.08,1.95,2.269999999999996
2010-01-18,600811,121.72,122.29,122.48,120.59,190054,134446697.0,1.55,0.31,0.38,1.53,1.8900000000000006
2010-01-19,600811,122.67,122.1,123.05,120.78,181375,128437011.0,1.86,-0.16,-0.19,1.46,2.269999999999996
2010-01-20,600811,122.29,116.43,122.29,116.05,242125,167738392.0,5.11,-4.64,-5.67,1.95,6.240000000000009
2010-01-21,600811,116.81,118.89,119.83,115.49,157960,108799987.0,3.73,2.11,2.46,1.27,4.340000000000003
2010-01-22,600811,116.43,118.32,119.45,116.05,219001,150679151.0,2.86,-0.48,-0.57,1.76,3.4000000000000057
2010-01-25,600811,117.56,119.45,121.72,116.81,239414,167416681.0,4.15,0.96,1.13,1.93,4.909999999999997
2010-01-26,600811,119.27,115.11,120.4,112.65,237773,161502455.0,6.49,-3.63,-4.34,1.92,7.75
2010-01-27,600811,115.49,117.38,118.51,111.14,251946,170764099.0,6.4,1.97,2.27,2.03,7.3700000000000045
2010-01-28,600811,116.43,119.08,119.27,114.92,163868,112687908.0,3.71,1.45,1.7,1.32,4.349999999999994
2010-01-29,600811,117.94,124.56,126.64,117.38,668481,476831059.0,7.78,4.6,5.48,5.39,9.260000000000005
2010-02-01,600811,124.94,125.5,128.53,123.61,566640,414680847.0,3.95,0.75,0.94,4.57,4.920000000000002
2010-02-02,600811,125.69,126.64,130.8,124.37,730918,541405878.0,5.12,0.91,1.14,5.89,6.430000000000007
2010-02-03,600811,126.83,128.15,129.47,122.86,555444,407622529.0,5.22,1.19,1.51,4.48,6.609999999999999
2010-02-04,600811,128.34,130.23,132.31,127.39,620015,465953145.0,3.84,1.62,2.08,5.0,4.920000000000002
2010-02-05,600811,126.83,126.26,129.66,125.13,434479,319838334.0,3.48,-3.05,-3.97,3.5,4.530000000000001
2010-02-08,600811,126.26,135.33,137.79,125.5,860882,655770269.0,9.73,7.18,9.07,6.94,12.289999999999992
2010-02-09,600811,133.44,131.93,134.01,130.04,463795,352756985.0,2.93,-2.51,-3.4,3.74,3.969999999999999
2010-02-10,600811,132.88,131.74,133.25,128.91,311177,235068514.0,3.29,-0.14,-0.19,2.51,4.340000000000003
2010-02-11,600811,130.99,129.85,133.82,129.66,318077,242233738.0,3.16,-1.43,-1.89,2.56,4.159999999999997
2010-02-12,600811,130.61,132.31,132.5,128.72,309829,234002139.0,2.91,1.89,2.46,2.5,3.780000000000001
2010-02-22,600811,132.31,131.55,133.44,130.42,275788,210121301.0,2.28,-0.57,-0.76,2.22,3.0200000000000102
2010-02-23,600811,131.36,135.52,136.28,130.23,526729,407891971.0,4.6,3.02,3.97,4.24,6.050000000000011
2010-02-24,600811,134.39,138.74,138.93,132.88,500029,391366962.0,4.46,2.38,3.22,4.03,6.050000000000011
2010-02-25,600811,138.93,140.25,141.95,136.85,633690,508505278.0,3.68,1.09,1.51,5.11,5.099999999999994
2010-02-26,600811,139.49,137.6,140.63,137.41,338929,270632549.0,2.3,-1.89,-2.65,2.73,3.219999999999999
2010-03-01,600811,137.04,135.14,138.55,133.63,598672,470212755.0,3.58,-1.79,-2.46,4.82,4.920000000000016
2010-03-02,600811,135.14,136.09,136.85,132.88,459834,357641787.0,2.94,0.7,0.95,3.71,3.969999999999999
2010-03-03,600811,135.52,139.49,140.63,135.33,559207,443849772.0,3.89,2.5,3.4,4.51,5.299999999999983
2010-03-04,600811,139.87,132.12,141.57,131.93,616580,485918022.0,6.91,-5.28,-7.37,4.97,9.639999999999986
2010-03-05,600811,132.5,134.01,134.77,131.18,325917,250463961.0,2.72,1.43,1.89,2.63,3.5900000000000034
2010-03-08,600811,133.63,136.28,137.04,131.93,253544,196576847.0,3.81,1.69,2.27,2.04,5.109999999999985
2010-03-09,600811,135.71,134.39,135.9,133.07,171144,132787629.0,2.08,-1.39,-1.89,1.38,2.8300000000000125
2010-03-10,600811,134.01,130.04,134.39,129.66,255973,194438187.0,3.52,-3.24,-4.35,2.06,4.72999999999999
2010-03-11,600811,130.42,127.58,131.55,126.83,215500,160561604.0,3.63,-1.89,-2.46,1.74,4.720000000000013
2010-03-12,600811,127.77,127.96,131.93,127.58,233770,175219879.0,3.41,0.3,0.38,1.88,4.3500000000000085
2010-03-15,600811,128.34,131.36,136.28,127.39,643096,491403991.0,6.95,2.66,3.4,5.18,8.89
2010-03-17,600811,132.12,133.44,134.96,130.61,282698,216785400.0,3.31,1.58,2.08,2.28,4.349999999999994
2010-03-18,600811,133.25,131.74,134.2,130.61,356737,272111953.0,2.69,-1.27,-1.7,2.87,3.589999999999975
2010-03-19,600811,132.12,133.63,133.82,131.55,255909,196186534.0,1.72,1.43,1.89,2.06,2.269999999999982
2010-03-22,600811,134.01,133.63,134.58,132.31,208037,160144831.0,1.7,0.0,0.0,1.68,2.2700000000000102
2010-03-23,600811,133.63,130.8,135.52,130.61,267679,205641187.0,3.67,-2.12,-2.83,2.16,4.909999999999997
2010-03-24,600811,130.8,131.55,131.93,128.53,294739,222082155.0,2.6,0.57,0.75,2.37,3.4000000000000057
2010-03-25,600811,130.8,127.77,132.69,127.58,273808,206001973.0,3.88,-2.87,-3.78,2.21,5.109999999999999
2010-03-26,600811,127.77,131.74,133.44,127.39,287245,216794832.0,4.74,3.11,3.97,2.31,6.049999999999997
2010-03-29,600811,132.5,134.96,136.28,131.93,401576,311340783.0,3.3,2.44,3.22,3.24,4.349999999999994
2010-03-30,600811,134.96,138.36,139.49,133.82,551820,435438131.0,4.2,2.52,3.4,4.45,5.670000000000016
2010-03-31,600811,137.41,140.44,143.84,135.9,459989,366296674.0,5.74,1.5,2.08,3.71,7.939999999999998
2010-04-01,600811,139.11,139.87,141.38,138.74,311774,250831137.0,1.88,-0.41,-0.57,2.51,2.6399999999999864
2010-04-02,600811,140.06,138.55,140.44,137.98,289287,231373204.0,1.76,-0.94,-1.32,2.33,2.460000000000008
2010-04-06,600811,138.93,138.55,139.3,137.04,371501,295497064.0,1.63,0.0,0.0,2.99,2.2600000000000193
2010-04-07,600811,138.36,138.17,138.93,136.85,208451,165562519.0,1.5,-0.27,-0.38,1.68,2.0800000000000125
2010-04-08,600811,138.17,136.28,138.17,134.58,438922,344600964.0,2.6,-1.37,-1.89,3.54,3.589999999999975
2010-04-09,600811,136.09,136.47,137.22,134.96,276937,217300658.0,1.66,0.14,0.19,2.23,2.259999999999991
2010-04-12,600811,136.47,133.82,136.85,133.44,325498,253364578.0,2.5,-1.94,-2.65,2.62,3.4099999999999966
2010-04-13,600811,133.82,136.28,138.36,132.88,490048,384194875.0,4.1,1.84,2.46,3.95,5.480000000000018
2010-04-14,600811,137.22,138.36,138.55,135.14,431969,341209475.0,2.5,1.53,2.08,3.48,3.410000000000025
2010-04-15,600811,137.98,138.36,139.68,136.47,308489,244991867.0,2.32,0.0,0.0,2.49,3.210000000000008
2010-04-16,600811,138.36,134.77,138.36,133.44,243462,189916814.0,3.56,-2.59,-3.59,1.96,4.920000000000016
2010-04-19,600811,132.88,123.24,132.88,122.86,430508,320296831.0,7.43,-8.56,-11.53,3.47,10.019999999999996
2010-04-20,600811,123.61,126.07,126.83,121.53,266927,192297790.0,4.3,2.3,2.83,2.15,5.299999999999997
2010-04-21,600811,125.5,131.18,133.07,125.13,291117,218240844.0,6.3,4.05,5.11,2.35,7.939999999999998
2010-04-22,600811,130.61,128.72,130.99,127.21,184969,138059932.0,2.88,-1.88,-2.46,1.49,3.7800000000000153
2010-04-23,600811,128.15,130.8,132.88,127.58,261212,197308609.0,4.12,1.62,2.08,2.1,5.299999999999997
2010-04-26,600811,130.61,129.85,131.55,129.47,111320,83963465.0,1.59,-0.73,-0.95,0.9,2.0800000000000125
2010-04-27,600811,129.85,125.13,130.04,121.53,174998,126619704.0,6.55,-3.63,-4.72,1.41,8.509999999999991
2010-04-28,600811,123.05,124.18,125.69,122.67,109707,79134893.0,2.41,-0.76,-0.95,0.88,3.019999999999996
2010-04-29,600811,125.13,123.99,127.96,123.8,142361,103852937.0,3.35,-0.15,-0.19,1.15,4.159999999999997
2010-04-30,600811,122.1,118.32,123.05,116.62,186628,129526177.0,5.19,-4.57,-5.67,1.5,6.429999999999993
2010-05-04,600811,117.19,118.7,120.4,115.49,118693,81963624.0,4.15,0.32,0.38,0.96,4.910000000000011
2010-05-05,600811,117.38,120.21,120.78,115.49,133267,92290534.0,4.46,1.27,1.51,1.07,5.290000000000006
2010-05-06,600811,119.83,117.0,121.16,115.86,144921,100356185.0,4.41,-2.67,-3.21,1.17,5.299999999999997
2010-05-07,600811,113.59,115.3,119.45,111.89,114615,77612112.0,6.46,-1.45,-1.7,0.92,7.560000000000002
2010-05-10,600811,115.11,115.67,117.19,112.27,91621,61442335.0,4.27,0.32,0.37,0.74,4.920000000000002
2010-05-11,600811,118.32,109.81,118.89,109.06,115677,77524519.0,8.5,-5.07,-5.86,0.93,9.829999999999998
2010-05-12,600811,108.68,108.11,111.33,104.71,118458,75197448.0,6.03,-1.55,-1.7,0.95,6.6200000000000045
2010-05-13,600811,108.49,111.14,111.52,106.41,140121,89767435.0,4.73,2.8,3.03,1.13,5.109999999999999
2010-05-14,600811,109.63,109.63,112.46,108.87,136188,88192908.0,3.23,-1.36,-1.51,1.1,3.589999999999989
2010-05-17,600811,108.49,100.55,108.49,100.36,174977,107001995.0,7.42,-8.28,-9.08,1.41,8.129999999999995
2010-05-18,600811,100.36,101.31,102.82,98.66,106246,63529788.0,4.14,0.76,0.76,0.86,4.159999999999997
2010-05-19,600811,101.31,100.36,102.44,99.42,101654,60904063.0,2.98,-0.94,-0.95,0.82,3.019999999999996
2010-05-20,600811,99.98,96.96,102.06,96.2,113162,66651288.0,5.84,-3.39,-3.4,0.91,5.859999999999999
2010-05-21,600811,93.75,97.34,97.53,92.04,120115,68110362.0,5.66,0.39,0.38,0.97,5.489999999999995
2010-05-24,600811,98.09,101.5,102.63,97.91,177548,106180592.0,4.85,4.27,4.16,1.43,4.719999999999999
2010-05-25,600811,100.74,100.36,102.25,99.8,109761,65648983.0,2.41,-1.12,-1.14,0.88,2.450000000000003
2010-05-26,600811,100.55,100.36,102.06,99.61,78819,47084365.0,2.44,0.0,0.0,0.64,2.450000000000003
2010-05-27,600811,100.74,101.69,102.25,97.72,135597,80735211.0,4.51,1.33,1.33,1.09,4.530000000000001
2010-05-28,600811,103.01,101.31,103.77,100.55,106747,64419956.0,3.17,-0.37,-0.38,0.86,3.219999999999999
2010-05-31,600811,101.31,97.53,102.06,96.77,98955,58523493.0,5.22,-3.73,-3.78,0.8,5.290000000000006
2010-06-01,600811,96.77,95.26,97.91,93.56,91358,52047796.0,4.46,-2.33,-2.27,0.74,4.349999999999994
2010-06-02,600811,95.26,96.2,96.39,93.75,69526,39502013.0,2.77,0.99,0.94,0.56,2.6400000000000006
2010-06-03,600811,96.77,94.88,97.53,94.69,88059,50613075.0,2.95,-1.37,-1.32,0.71,2.8400000000000034
2010-06-04,600811,94.31,96.39,97.15,93.37,83976,47636506.0,3.98,1.59,1.51,0.68,3.780000000000001
2010-06-07,600811,93.56,93.56,95.45,92.04,86083,48204404.0,3.54,-2.94,-2.83,0.69,3.4099999999999966
2010-06-08,600811,93.56,94.5,95.26,92.61,56066,31488187.0,2.83,1.0,0.94,0.45,2.6500000000000057
2010-06-09,600811,94.69,97.72,97.72,93.56,141145,80709832.0,4.4,3.41,3.22,1.14,4.159999999999997
2010-06-10,600811,96.39,96.58,97.91,96.01,105560,60857915.0,1.94,-1.17,-1.14,0.85,1.8999999999999915
2010-06-11,600811,96.58,97.91,99.04,96.58,158860,92815521.0,2.55,1.38,1.33,1.28,2.460000000000008
2010-06-17,600811,98.66,97.72,99.98,97.72,94597,55497441.0,2.31,-0.19,-0.19,0.76,2.260000000000005
2010-06-18,600811,97.72,95.07,98.66,94.12,98701,56439348.0,4.65,-2.71,-2.65,0.8,4.539999999999992
2010-06-21,600811,96.01,98.66,98.85,94.5,134981,78148741.0,4.58,3.78,3.59,1.09,4.349999999999994
2010-06-22,600811,98.47,99.04,99.61,97.91,145968,85623951.0,1.72,0.39,0.38,1.18,1.7000000000000028
2010-06-23,600811,98.09,102.06,103.95,97.72,299148,180317327.0,6.29,3.05,3.02,2.41,6.230000000000004
2010-06-24,600811,101.31,105.28,105.47,99.8,289918,176389491.0,5.56,3.16,3.22,2.34,5.670000000000002
2010-06-25,600811,103.77,105.84,106.98,103.01,227588,140867044.0,3.77,0.53,0.56,1.83,3.969999999999999
2010-06-28,600811,104.71,104.9,106.03,102.06,206778,127397442.0,3.75,-0.89,-0.94,1.67,3.969999999999999
2010-06-29,600811,104.9,95.83,104.9,95.26,199272,117451451.0,9.19,-8.65,-9.07,1.61,9.64
2010-07-01,600811,94.5,94.31,99.04,92.04,148362,83869861.0,7.3,-1.59,-1.52,1.2,7.0
2010-07-02,600811,93.94,93.18,95.07,88.64,109328,60283780.0,6.82,-1.2,-1.13,0.88,6.429999999999993
2010-07-05,600811,92.04,92.23,93.94,89.97,86038,47279555.0,4.26,-1.02,-0.95,0.69,3.969999999999999
2010-07-06,600811,91.86,93.75,94.31,91.48,92698,51704727.0,3.07,1.65,1.52,0.75,2.8299999999999983
2010-07-07,600811,93.94,94.5,94.69,92.99,90252,50715683.0,1.81,0.8,0.75,0.73,1.7000000000000028
2010-07-08,600811,94.69,94.31,95.64,93.56,87472,49363125.0,2.2,-0.2,-0.19,0.7,2.0799999999999983
2010-07-09,600811,94.31,96.39,96.96,93.37,196958,112138032.0,3.81,2.21,2.08,1.59,3.589999999999989
2010-07-12,600811,95.83,96.96,97.53,95.64,196148,113048924.0,1.96,0.59,0.57,1.58,1.8900000000000006
2010-07-13,600811,96.01,93.37,96.01,92.61,126377,70938765.0,3.51,-3.7,-3.59,1.02,3.4000000000000057
2010-07-14,600811,93.75,94.88,96.39,93.56,198369,112318455.0,3.03,1.62,1.51,1.6,2.8299999999999983
2010-07-15,600811,93.94,92.23,95.07,91.1,121297,67618141.0,4.18,-2.79,-2.65,0.98,3.969999999999999
2010-07-16,600811,91.86,92.23,92.8,89.97,78005,42718699.0,3.07,0.0,0.0,0.63,2.8299999999999983
2010-07-19,600811,90.53,94.31,94.69,90.53,90332,50269316.0,4.51,2.26,2.08,0.73,4.159999999999997
2010-07-20,600811,94.31,96.77,96.96,93.94,191787,109590473.0,3.2,2.61,2.46,1.55,3.019999999999996
2010-07-21,600811,96.58,96.39,98.09,95.83,178000,102767435.0,2.34,-0.39,-0.38,1.43,2.260000000000005
2010-07-22,600811,96.2,97.91,97.91,95.45,160410,92592251.0,2.55,1.58,1.52,1.29,2.4599999999999937
2010-07-23,600811,97.72,98.09,98.09,96.2,160448,92860951.0,1.93,0.18,0.18,1.29,1.8900000000000006
2010-07-26,600811,98.09,98.85,99.04,96.77,198938,116052690.0,2.31,0.77,0.76,1.6,2.2700000000000102
2010-07-27,600811,98.47,96.96,98.66,96.96,124047,71940383.0,1.72,-1.91,-1.89,1.0,1.7000000000000028
2010-07-28,600811,97.53,100.93,101.69,97.53,360411,214141876.0,4.29,4.09,3.97,2.9,4.159999999999997
2010-07-29,600811,100.36,102.06,102.82,99.61,320218,191849634.0,3.18,1.12,1.13,2.58,3.2099999999999937
2010-07-30,600811,101.69,100.55,101.87,99.42,159391,95078525.0,2.4,-1.48,-1.51,1.28,2.450000000000003
2010-08-02,600811,100.55,102.44,102.82,100.17,231341,139296667.0,2.64,1.88,1.89,1.86,2.6499999999999915
2010-08-03,600811,102.82,100.55,102.82,100.17,245022,146891690.0,2.59,-1.84,-1.89,1.97,2.6499999999999915
2010-08-04,600811,99.98,100.55,100.93,98.47,150989,89544029.0,2.45,0.0,0.0,1.22,2.460000000000008
2010-08-05,600811,101.12,102.25,104.14,100.93,379012,229897647.0,3.19,1.69,1.7,3.05,3.2099999999999937
2010-08-06,600811,102.44,105.66,106.03,101.69,421455,258993001.0,4.24,3.33,3.41,3.4,4.340000000000003
2010-08-09,600811,105.47,107.92,108.87,104.33,500734,315750951.0,4.3,2.14,2.26,4.03,4.540000000000006
2010-08-10,600811,106.03,103.39,107.55,102.44,415062,256948638.0,4.73,-4.2,-4.53,3.34,5.109999999999999
2010-08-11,600811,103.01,104.52,105.84,102.63,209267,128612829.0,3.1,1.09,1.13,1.69,3.210000000000008
2010-08-12,600811,102.82,102.06,104.33,101.5,205518,124783713.0,2.71,-2.35,-2.46,1.66,2.8299999999999983
2010-08-13,600811,102.06,103.39,103.77,100.74,163316,98921440.0,2.97,1.3,1.33,1.32,3.030000000000001
2010-08-16,600811,103.2,105.66,106.6,102.25,300128,186379226.0,4.21,2.2,2.27,2.42,4.349999999999994
2010-08-17,600811,106.03,105.84,106.41,104.33,236958,147342201.0,1.97,0.17,0.18,1.91,2.0799999999999983
2010-08-18,600811,106.98,106.79,108.68,105.28,364194,229865486.0,3.21,0.9,0.95,2.93,3.4000000000000057
2010-08-19,600811,106.03,107.36,108.11,106.03,298361,188193840.0,1.95,0.53,0.57,2.4,2.0799999999999983
2010-08-20,600811,106.79,107.55,109.25,105.28,500589,316620056.0,3.7,0.18,0.19,4.03,3.969999999999999
2010-08-23,600811,107.55,106.03,108.11,105.47,199249,125016706.0,2.45,-1.41,-1.52,1.61,2.6400000000000006
2010-08-24,600811,105.66,106.79,107.36,103.58,244113,151877928.0,3.57,0.72,0.76,1.97,3.780000000000001
2010-08-25,600811,105.84,105.28,107.17,103.95,314272,195437613.0,3.02,-1.41,-1.51,2.53,3.219999999999999
2010-08-26,600811,105.66,104.14,106.22,102.82,307606,189297823.0,3.23,-1.08,-1.14,2.48,3.4000000000000057
2010-08-27,600811,103.77,103.39,104.14,102.06,153704,93832362.0,2.0,-0.72,-0.75,1.24,2.0799999999999983
2010-08-30,600811,104.14,105.66,106.03,103.2,295019,182295447.0,2.74,2.2,2.27,2.38,2.8299999999999983
2010-08-31,600811,105.09,105.09,106.98,104.33,224348,139508846.0,2.51,-0.54,-0.57,1.81,2.6500000000000057
2010-09-01,600811,105.09,101.31,105.47,99.61,255171,154866627.0,5.58,-3.6,-3.78,2.06,5.859999999999999
2010-09-02,600811,102.63,101.12,102.82,100.74,218799,131336487.0,2.05,-0.19,-0.19,1.76,2.0799999999999983
2010-09-03,600811,101.5,101.69,102.44,100.17,200327,120196623.0,2.24,0.56,0.57,1.61,2.269999999999996
2010-09-06,600811,102.06,103.58,103.58,101.5,288726,175545649.0,2.05,1.86,1.89,2.33,2.0799999999999983
2010-09-07,600811,103.77,103.2,105.09,102.44,164807,100511239.0,2.56,-0.37,-0.38,1.33,2.6500000000000057
2010-09-08,600811,103.01,102.82,103.39,101.87,173168,105184583.0,1.47,-0.37,-0.38,1.4,1.519999999999996
2010-09-09,600811,103.01,99.61,103.2,99.23,239289,143757968.0,3.86,-3.12,-3.21,1.93,3.969999999999999
2010-09-10,600811,99.98,97.91,99.98,96.77,257512,150024105.0,3.22,-1.71,-1.7,2.07,3.210000000000008
2010-09-13,600811,98.09,99.8,100.36,97.34,224842,131893358.0,3.08,1.93,1.89,1.81,3.019999999999996
2010-09-14,600811,99.8,97.53,100.17,96.2,228589,133550959.0,3.98,-2.27,-2.27,1.84,3.969999999999999
2010-09-15,600811,97.34,96.96,98.66,96.2,195797,113790362.0,2.52,-0.58,-0.57,1.58,2.4599999999999937
2010-09-16,600811,96.58,93.37,97.34,92.04,211413,118912120.0,5.47,-3.7,-3.59,1.7,5.299999999999997
2010-09-17,600811,93.37,93.56,94.31,92.23,131991,73631739.0,2.23,0.2,0.19,1.06,2.0799999999999983
2010-09-20,600811,93.94,95.07,96.58,92.99,207612,117626680.0,3.84,1.61,1.51,1.67,3.5900000000000034
2010-09-21,600811,94.69,96.2,96.96,94.5,158117,90298817.0,2.59,1.19,1.13,1.27,2.4599999999999937
2010-09-27,600811,96.77,97.34,98.47,95.64,122704,71100789.0,2.94,1.19,1.14,0.99,2.8299999999999983
2010-09-28,600811,97.34,98.66,100.36,96.01,261898,153388951.0,4.47,1.36,1.32,2.11,4.349999999999994
2010-09-29,600811,98.47,96.58,99.04,96.2,145069,84066198.0,2.88,-2.11,-2.08,1.17,2.8400000000000034
2010-09-30,600811,95.83,98.85,99.04,95.64,163159,95012101.0,3.52,2.35,2.27,1.31,3.4000000000000057
2010-10-08,600811,100.36,102.06,103.01,99.8,353504,213167930.0,3.25,3.25,3.21,2.85,3.210000000000008
2010-10-11,600811,103.01,103.39,106.6,102.44,437235,269680700.0,4.08,1.3,1.33,3.52,4.159999999999997
2010-10-12,600811,103.01,108.49,110.95,102.06,607694,384387801.0,8.6,4.93,5.1,4.9,8.89
2010-10-13,600811,108.3,108.11,109.63,106.41,419812,267085973.0,2.97,-0.35,-0.38,3.38,3.219999999999999
2010-10-14,600811,108.49,106.98,110.76,106.22,430327,274460919.0,4.2,-1.05,-1.13,3.47,4.540000000000006
2010-10-15,600811,106.22,108.49,109.44,103.77,441107,278167276.0,5.3,1.41,1.51,3.55,5.670000000000002
2010-10-18,600811,112.27,109.06,114.16,108.68,700062,456270642.0,5.05,0.53,0.57,5.64,5.47999999999999
2010-10-19,600811,109.63,109.81,110.19,106.98,325669,207830372.0,2.94,0.69,0.75,2.62,3.2099999999999937
2010-10-20,600811,107.36,108.3,109.44,106.41,352558,223902192.0,2.76,-1.38,-1.51,2.84,3.030000000000001
2010-10-21,600811,108.11,107.92,110.19,106.98,259614,165566803.0,2.96,-0.35,-0.38,2.09,3.2099999999999937
2010-10-22,600811,107.17,108.87,109.81,104.52,364884,230552578.0,4.9,0.88,0.95,2.94,5.290000000000006
2010-10-25,600811,108.3,113.41,114.92,107.73,515098,338058748.0,6.6,4.17,4.54,4.15,7.189999999999998
2010-10-26,600811,112.84,111.52,113.59,109.81,310446,202944874.0,3.33,-1.67,-1.89,2.5,3.780000000000001
2010-10-27,600811,111.33,108.3,112.46,108.11,248170,160749997.0,3.9,-2.89,-3.22,2.0,4.349999999999994
2010-10-28,600811,107.92,107.92,109.44,106.6,176385,112225316.0,2.62,-0.35,-0.38,1.42,2.8400000000000034
2010-10-29,600811,108.11,109.44,110.38,106.41,220542,140786116.0,3.68,1.41,1.52,1.78,3.969999999999999
2010-11-01,600811,109.81,112.46,113.97,109.06,378830,249344126.0,4.49,2.76,3.02,3.05,4.909999999999997
2010-11-02,600811,112.46,116.24,119.27,111.14,647361,441777138.0,7.23,3.36,3.78,5.22,8.129999999999995
2010-11-03,600811,116.24,113.97,119.27,113.78,357340,242876796.0,4.72,-1.95,-2.27,2.88,5.489999999999995
2010-11-04,600811,115.11,119.83,121.35,114.54,506414,349700761.0,5.98,5.14,5.86,4.08,6.809999999999988
2010-11-05,600811,123.42,119.27,124.94,118.13,451255,316894528.0,5.68,-0.47,-0.56,3.64,6.810000000000002
2010-11-08,600811,120.78,120.21,121.16,118.51,335487,233948720.0,2.22,0.79,0.94,2.7,2.6499999999999915
2010-11-09,600811,121.35,133.44,133.44,120.78,1605374,1217875151.0,10.53,11.01,13.23,12.94,12.659999999999997
2010-11-10,600811,132.88,137.04,145.35,130.61,1666930,1319296238.0,11.05,2.7,3.6,13.43,14.73999999999998
2010-11-11,600811,138.36,135.71,141.19,133.63,861854,684295878.0,5.52,-0.97,-1.33,6.94,7.560000000000002
2010-11-12,600811,135.9,146.68,150.46,135.9,2136164,1798936848.0,10.73,8.08,10.97,17.21,14.560000000000002
2010-11-15,600811,146.68,148.19,151.21,139.3,1142559,958968900.0,8.12,1.03,1.51,9.21,11.909999999999997
2010-11-16,600811,147.05,142.71,155.56,135.33,1145673,961670262.0,13.65,-3.7,-5.48,9.23,20.22999999999999
2010-11-17,600811,139.3,137.04,144.03,133.44,694073,551914671.0,7.42,-3.97,-5.67,5.59,10.590000000000003
2010-11-18,600811,140.06,133.07,141.95,127.96,528437,408011571.0,10.21,-2.9,-3.97,4.26,13.989999999999995
2010-11-19,600811,134.58,147.62,147.62,133.63,910040,736871603.0,10.51,10.93,14.55,7.33,13.990000000000009
2010-11-22,600811,147.62,146.86,152.35,144.6,837773,712292398.0,5.25,-0.51,-0.76,6.75,7.75
2010-11-23,600811,147.24,159.91,161.8,143.84,1258333,1104664236.0,12.23,8.89,13.05,10.14,17.960000000000008
2010-11-24,600811,159.53,161.42,167.47,156.69,1062999,979906306.0,6.74,0.94,1.51,8.57,10.780000000000001
2010-11-25,600811,160.66,160.29,170.12,156.13,935884,866090729.0,8.67,-0.7,-1.13,7.54,13.990000000000009
2010-11-26,600811,158.02,167.28,170.31,152.35,934598,857652459.0,11.2,4.36,6.99,7.53,17.960000000000008
2010-11-29,600811,165.96,169.55,172.57,164.63,758335,725320311.0,4.75,1.36,2.27,6.11,7.939999999999998
2010-11-30,600811,167.47,164.45,171.63,156.13,797448,737816759.0,9.14,-3.01,-5.1,6.43,15.5
2010-12-01,600811,161.8,158.96,164.07,157.07,435643,397019384.0,4.26,-3.34,-5.49,3.51,7.0
2010-12-02,600811,162.18,159.34,169.36,158.21,471032,438588742.0,7.01,0.24,0.38,3.8,11.150000000000006
2010-12-03,600811,158.21,157.26,160.48,154.43,363922,324646305.0,3.8,-1.31,-2.08,2.93,6.049999999999983
2010-12-06,600811,157.07,156.32,161.23,154.05,323278,289293999.0,4.57,-0.6,-0.94,2.6,7.179999999999978
2010-12-07,600811,155.75,164.82,168.23,152.54,517053,475092990.0,10.04,5.44,8.5,4.17,15.689999999999998
2010-12-08,600811,164.07,159.91,167.28,158.96,373769,345987535.0,5.05,-2.98,-4.91,3.01,8.319999999999993
2010-12-09,600811,158.59,149.51,159.34,148.57,495122,435497838.0,6.74,-6.5,-10.4,3.99,10.77000000000001
2010-12-10,600811,149.51,152.16,154.24,147.24,289127,249030187.0,4.68,1.77,2.65,2.33,7.0
2010-12-13,600811,152.54,156.69,158.96,152.16,340086,302808333.0,4.47,2.98,4.53,2.74,6.800000000000011
2010-12-14,600811,157.64,157.83,159.72,150.65,526332,466149233.0,5.79,0.73,1.14,4.24,9.069999999999993
2010-12-15,600811,160.29,154.62,161.8,153.67,408950,365436563.0,5.15,-2.03,-3.21,3.3,8.130000000000024
2010-12-16,600811,154.24,151.97,154.99,150.46,297142,257836153.0,2.93,-1.71,-2.65,2.39,4.530000000000001
2010-12-17,600811,152.54,153.86,155.56,150.65,230296,202038975.0,3.23,1.24,1.89,1.86,4.909999999999997
2010-12-20,600811,153.29,147.81,156.32,142.52,465516,397479970.0,8.97,-3.93,-6.05,3.75,13.799999999999983
2010-12-21,600811,146.86,147.05,148.94,143.84,346563,290537227.0,3.45,-0.51,-0.76,2.79,5.099999999999994
2010-12-22,600811,147.05,142.33,147.05,141.38,328925,271650727.0,3.86,-3.21,-4.72,2.65,5.670000000000016
2010-12-23,600811,141.0,137.6,143.27,137.41,304991,245574771.0,4.12,-3.32,-4.73,2.46,5.860000000000014
2010-12-24,600811,137.22,135.9,140.06,135.14,292997,231648481.0,3.58,-1.24,-1.7,2.36,4.920000000000016
2010-12-27,600811,136.47,132.12,139.49,130.61,308265,240596811.0,6.53,-2.78,-3.78,2.48,8.879999999999995
2010-12-28,600811,131.74,127.02,133.44,126.64,235759,176857959.0,5.15,-3.86,-5.1,1.9,6.799999999999997
2010-12-29,600811,127.77,131.18,131.55,126.07,220478,164894960.0,4.31,3.28,4.16,1.78,5.480000000000018
2010-12-30,600811,130.99,135.71,138.17,129.66,376632,293468033.0,6.49,3.45,4.53,3.03,8.509999999999991
2010-12-31,600811,134.96,136.09,136.85,132.88,224689,174651999.0,2.93,0.28,0.38,1.81,3.969999999999999
2011-01-04,600811,137.04,136.47,138.36,133.44,243128,190186928.0,3.62,0.28,0.38,1.96,4.920000000000016
2011-01-05,600811,135.33,132.5,136.28,132.12,254101,195697160.0,3.05,-2.91,-3.97,2.05,4.159999999999997
2011-01-06,600811,132.31,129.85,134.39,129.28,239957,181589124.0,3.86,-2.0,-2.65,1.93,5.109999999999985
2011-01-07,600811,129.85,129.47,132.69,127.96,197101,148668593.0,3.64,-0.29,-0.38,1.59,4.730000000000004
2011-01-10,600811,129.66,138.36,140.44,128.53,592867,462569966.0,9.2,6.87,8.89,4.78,11.909999999999997
2011-01-11,600811,138.55,141.0,142.14,135.14,459522,369325962.0,5.06,1.91,2.64,3.7,7.0
2011-01-12,600811,140.25,141.19,141.76,137.41,267996,215349029.0,3.09,0.13,0.19,2.16,4.349999999999994
2011-01-13,600811,141.95,138.17,142.33,138.17,176120,141449143.0,2.95,-2.14,-3.02,1.42,4.160000000000025
2011-01-14,600811,138.36,145.16,145.92,138.17,495310,407034387.0,5.61,5.06,6.99,3.99,7.75
2011-01-17,600811,143.84,139.49,145.73,137.79,290434,236061972.0,5.47,-3.91,-5.67,2.34,7.939999999999998
2011-01-18,600811,138.74,134.77,141.57,131.55,238386,186651209.0,7.18,-3.38,-4.72,1.92,10.019999999999982
2011-01-19,600811,134.77,139.49,140.63,133.82,304967,243180587.0,5.05,3.5,4.72,2.46,6.810000000000002
2011-01-20,600811,139.3,133.25,142.71,131.93,310479,246195965.0,7.73,-4.47,-6.24,2.5,10.780000000000001
2011-01-21,600811,131.55,132.12,134.2,127.77,265251,201189790.0,4.83,-0.85,-1.13,2.14,6.429999999999993
2011-01-24,600811,131.55,128.34,133.25,127.77,146715,110742247.0,4.15,-2.86,-3.78,1.18,5.480000000000004
2011-01-25,600811,128.34,125.13,129.85,123.24,154322,112514565.0,5.15,-2.5,-3.21,1.24,6.609999999999999
2011-01-26,600811,125.32,127.96,129.85,125.32,123123,91222896.0,3.62,2.26,2.83,0.99,4.530000000000001
2011-01-27,600811,126.83,129.47,132.31,125.5,181676,136369507.0,5.32,1.18,1.51,1.46,6.810000000000002
2011-01-28,600811,129.47,126.07,130.04,125.69,210289,154836724.0,3.36,-2.63,-3.4,1.69,4.349999999999994
2011-01-31,600811,126.07,136.66,138.74,125.69,309169,235708349.0,10.35,8.4,10.59,2.49,13.050000000000011
2011-02-01,600811,135.14,136.09,139.3,134.01,252159,198754021.0,3.87,-0.42,-0.57,2.03,5.2900000000000205
2011-02-09,600811,135.33,146.68,150.65,134.39,714790,594947420.0,11.95,7.78,10.59,5.76,16.26000000000002
2011-02-10,600811,149.13,149.89,150.83,144.97,541170,459168789.0,4.0,2.19,3.21,4.36,5.860000000000014
2011-02-11,600811,148.57,155.37,158.02,145.73,696116,601389137.0,8.2,3.66,5.48,5.61,12.29000000000002
2011-02-14,600811,154.62,153.29,159.72,152.91,595094,527820965.0,4.38,-1.34,-2.08,4.8,6.810000000000002
2011-02-15,600811,153.1,152.91,159.15,152.35,453611,401457226.0,4.44,-0.25,-0.38,3.66,6.800000000000011
2011-02-16,600811,152.35,155.94,158.59,151.59,430495,383270466.0,4.58,1.98,3.03,3.47,7.0
2011-02-17,600811,155.94,160.29,162.74,154.99,549839,498039387.0,4.97,2.79,4.35,4.43,7.75
2011-02-18,600811,159.53,152.73,160.29,151.78,490482,432776698.0,5.31,-4.72,-7.56,3.95,8.509999999999991
2011-02-21,600811,151.4,154.24,157.45,150.83,352142,310551245.0,4.33,0.99,1.51,2.84,6.619999999999976
2011-02-22,600811,153.86,158.59,161.61,151.02,760169,681177888.0,6.87,2.82,4.35,6.13,10.590000000000003
2011-02-23,600811,157.45,160.85,168.04,156.13,808300,745612477.0,7.51,1.43,2.26,6.51,11.909999999999997
2011-02-24,600811,159.91,157.07,160.48,153.86,472500,421781624.0,4.12,-2.35,-3.78,3.81,6.619999999999976
2011-02-25,600811,156.32,156.69,160.29,154.24,251083,225097461.0,3.85,-0.24,-0.38,2.02,6.049999999999983
2011-02-28,600811,157.45,163.5,168.41,157.07,701139,654206305.0,7.24,4.35,6.81,5.65,11.340000000000003
2011-03-01,600811,162.37,166.9,168.41,161.61,634149,592959833.0,4.16,2.08,3.4,5.11,6.799999999999983
2011-03-02,600811,166.52,163.12,167.47,160.48,436755,405774354.0,4.19,-2.26,-3.78,3.52,6.990000000000009
2011-03-03,600811,163.12,157.07,164.26,154.8,501529,452401791.0,5.8,-3.71,-6.05,4.04,9.45999999999998
2011-03-04,600811,156.51,159.53,160.85,154.8,294037,265219143.0,3.85,1.57,2.46,2.37,6.049999999999983
2011-03-07,600811,159.53,158.59,162.55,157.07,334730,302502364.0,3.44,-0.59,-0.94,2.7,5.480000000000018
2011-03-08,600811,159.15,160.85,162.55,156.51,316553,287692082.0,3.81,1.43,2.26,2.55,6.0400000000000205
2011-03-09,600811,161.42,156.13,161.61,154.99,370079,332772146.0,4.12,-2.93,-4.72,2.98,6.6200000000000045
2011-03-10,600811,154.99,152.16,157.45,151.59,347048,304482355.0,3.75,-2.54,-3.97,2.8,5.859999999999985
2011-03-11,600811,150.83,152.54,155.37,150.83,270795,236871694.0,2.98,0.25,0.38,2.18,4.539999999999992
2011-03-14,600811,152.35,153.86,154.62,148.57,282087,244549146.0,3.97,0.87,1.32,2.27,6.050000000000011
2011-03-15,600811,152.73,150.08,152.73,147.24,313756,268699223.0,3.57,-2.46,-3.78,2.53,5.489999999999981
2011-03-16,600811,150.83,156.32,156.69,149.89,395936,348475727.0,4.53,4.16,6.24,3.19,6.800000000000011
2011-03-17,600811,154.24,151.4,157.26,150.83,284753,250169057.0,4.11,-3.15,-4.92,2.29,6.429999999999978
2011-03-18,600811,151.59,151.02,153.86,150.46,125834,109060584.0,2.25,-0.25,-0.38,1.01,3.4000000000000057
2011-03-21,600811,152.91,152.16,155.56,151.02,204015,178547102.0,3.01,0.75,1.14,1.64,4.539999999999992
2011-03-22,600811,153.1,149.51,153.1,146.3,180399,153879073.0,4.47,-1.74,-2.65,1.45,6.799999999999983
2011-03-23,600811,149.51,151.78,152.91,149.13,156602,135260084.0,2.53,1.52,2.27,1.26,3.780000000000001
2011-03-24,600811,151.78,153.1,154.8,150.08,253848,221494854.0,3.11,0.87,1.32,2.05,4.719999999999999
2011-03-25,600811,152.35,153.86,155.18,152.16,195446,171715644.0,1.97,0.5,0.76,1.57,3.0200000000000102
2011-03-28,600811,153.29,147.43,153.48,145.92,367139,314744629.0,4.91,-4.18,-6.43,2.96,7.560000000000002
2011-03-29,600811,147.62,142.33,148.19,141.38,350327,289221949.0,4.62,-3.46,-5.1,2.82,6.810000000000002
2011-03-30,600811,142.9,141.95,144.6,140.63,159484,131002488.0,2.79,-0.27,-0.38,1.29,3.969999999999999
2011-03-31,600811,142.14,137.98,143.46,136.28,253178,202398048.0,5.06,-2.8,-3.97,2.04,7.180000000000007
2011-04-01,600811,138.74,139.11,140.25,137.41,135212,108118158.0,2.06,0.82,1.13,1.09,2.8400000000000034
2011-04-06,600811,139.11,137.22,140.06,136.85,200309,159636414.0,2.31,-1.36,-1.89,1.61,3.210000000000008
2011-04-07,600811,137.22,140.06,141.0,137.04,293374,235327154.0,2.89,2.07,2.84,2.36,3.960000000000008
2011-04-08,600811,139.11,142.33,143.46,138.74,226762,184203469.0,3.37,1.62,2.27,1.83,4.719999999999999
2011-04-11,600811,143.27,141.38,145.16,141.0,248965,204499660.0,2.92,-0.67,-0.95,2.01,4.159999999999997
2011-04-12,600811,141.57,144.6,145.73,140.25,286516,235833189.0,3.88,2.28,3.22,2.31,5.47999999999999
2011-04-13,600811,142.9,144.22,144.97,140.82,206994,170055370.0,2.87,-0.26,-0.38,1.67,4.150000000000006
2011-04-14,600811,144.03,141.95,144.22,141.57,157450,128815187.0,1.84,-1.57,-2.27,1.27,2.6500000000000057
2011-04-15,600811,141.57,142.71,144.79,141.19,163633,134289435.0,2.54,0.54,0.76,1.32,3.5999999999999943
2011-04-18,600811,142.71,145.16,145.73,141.38,274320,226103141.0,3.05,1.72,2.45,2.21,4.349999999999994
2011-04-19,600811,143.84,142.33,146.11,141.38,205750,169414094.0,3.26,-1.95,-2.83,1.66,4.730000000000018
2011-04-20,600811,143.08,142.14,143.46,140.06,199210,162052176.0,2.39,-0.13,-0.19,1.61,3.4000000000000057
2011-04-21,600811,142.14,142.33,143.84,140.63,209850,171546851.0,2.26,0.13,0.19,1.69,3.210000000000008
2011-04-22,600811,141.95,138.55,142.33,138.17,185367,149287791.0,2.92,-2.66,-3.78,1.49,4.160000000000025
2011-04-25,600811,139.3,133.07,139.3,132.69,218310,170333337.0,4.77,-3.96,-5.48,1.76,6.610000000000014
2011-04-26,600811,133.07,131.18,133.82,130.23,132222,100491948.0,2.7,-1.42,-1.89,1.07,3.5900000000000034
2011-04-27,600811,131.74,130.23,132.5,128.72,108322,82004964.0,2.88,-0.72,-0.95,0.87,3.780000000000001
2011-04-28,600811,130.42,125.69,131.55,125.69,123863,92285620.0,4.5,-3.49,-4.54,1.0,5.860000000000014
2011-04-29,600811,126.26,128.15,129.1,125.88,93620,69225898.0,2.56,1.96,2.46,0.75,3.219999999999999
2011-05-03,600811,129.28,130.61,130.99,128.34,117358,88329153.0,2.07,1.92,2.46,0.95,2.6500000000000057
2011-05-04,600811,130.61,129.28,132.5,129.1,163375,123564352.0,2.6,-1.02,-1.33,1.32,3.4000000000000057
2011-05-05,600811,129.28,131.74,132.12,128.72,108890,82440414.0,2.63,1.9,2.46,0.88,3.4000000000000057
2011-05-06,600811,130.61,133.44,134.77,128.53,177862,135156362.0,4.74,1.29,1.7,1.43,6.240000000000009
2011-05-09,600811,133.25,133.63,134.01,132.5,102457,78740297.0,1.13,0.14,0.19,0.83,1.509999999999991
2011-05-10,600811,132.88,132.5,133.63,131.36,101331,77383099.0,1.7,-0.85,-1.13,0.82,2.269999999999982
2011-05-11,600811,132.5,133.63,135.14,131.93,150456,116054701.0,2.42,0.85,1.13,1.21,3.2099999999999795
2011-05-12,600811,132.69,132.31,134.2,131.55,139523,107026188.0,1.98,-0.99,-1.32,1.12,2.6499999999999773
2011-05-13,600811,132.69,132.69,133.25,130.04,97339,74218003.0,2.43,0.29,0.38,0.78,3.210000000000008
2011-05-16,600811,132.69,128.15,133.07,127.77,171989,129276191.0,3.99,-3.42,-4.54,1.39,5.299999999999997
2011-05-17,600811,127.96,127.39,129.47,126.83,145296,107586769.0,2.06,-0.59,-0.76,1.17,2.6400000000000006
2011-05-18,600811,127.02,128.15,128.53,126.07,89952,66450439.0,1.93,0.6,0.76,0.72,2.460000000000008
2011-05-19,600811,128.91,126.83,128.91,126.26,86601,63860225.0,2.07,-1.03,-1.32,0.7,2.6499999999999915
2011-05-20,600811,126.07,127.77,128.34,125.69,79424,58516497.0,2.09,0.74,0.94,0.64,2.6500000000000057
2011-05-23,600811,127.21,125.13,130.23,124.37,142618,105494262.0,4.59,-2.07,-2.64,1.15,5.859999999999985
2011-05-24,600811,123.99,122.67,124.75,120.78,99467,70661433.0,3.17,-1.97,-2.46,0.8,3.969999999999999
2011-05-25,600811,123.05,121.91,124.94,121.16,90441,64651957.0,3.08,-0.62,-0.76,0.73,3.780000000000001
2011-05-26,600811,122.86,123.24,125.13,122.29,102169,73462935.0,2.33,1.09,1.33,0.82,2.839999999999989
2011-05-27,600811,124.37,118.89,124.37,118.7,144412,101530882.0,4.6,-3.53,-4.35,1.16,5.670000000000002
2011-05-30,600811,120.21,121.16,124.37,120.21,159441,113605798.0,3.5,1.91,2.27,1.28,4.160000000000011
2011-05-31,600811,120.21,123.99,124.18,119.45,161410,114917409.0,3.9,2.34,2.83,1.3,4.730000000000004
2011-06-01,600811,123.99,126.26,129.28,122.67,253461,185663229.0,5.33,1.83,2.27,2.04,6.609999999999999
2011-06-02,600811,123.99,123.42,125.32,120.78,158766,113625128.0,3.6,-2.25,-2.84,1.28,4.539999999999992
2011-06-03,600811,122.86,123.99,124.94,122.86,92911,66909685.0,1.69,0.46,0.57,0.75,2.0799999999999983
2011-06-07,600811,123.42,123.99,124.75,122.86,102307,73444496.0,1.52,0.0,0.0,0.82,1.8900000000000006
2011-06-08,600811,123.24,124.94,126.07,120.97,161100,115173502.0,4.11,0.77,0.95,1.3,5.099999999999994
2011-06-09,600811,123.99,120.97,124.37,120.59,113840,80975381.0,3.03,-3.18,-3.97,0.92,3.780000000000001
2011-06-10,600811,120.97,121.35,122.48,119.64,82549,58100670.0,2.35,0.31,0.38,0.67,2.8400000000000034
2011-06-13,600811,120.59,120.97,121.72,119.64,69169,48512375.0,1.71,-0.31,-0.38,0.56,2.0799999999999983
2011-06-14,600811,120.97,122.67,123.42,120.97,99173,70502842.0,2.03,1.41,1.7,0.8,2.450000000000003
2011-06-15,600811,122.29,123.24,124.75,121.91,119337,85415397.0,2.32,0.46,0.57,0.96,2.8400000000000034
2011-06-16,600811,121.91,118.51,122.1,117.94,120461,84311592.0,3.38,-3.84,-4.73,0.97,4.159999999999997
2011-06-17,600811,117.56,117.94,119.83,116.43,82747,57135318.0,2.87,-0.48,-0.57,0.67,3.3999999999999915
2011-06-20,600811,117.75,115.11,117.94,114.16,86082,58143134.0,3.21,-2.4,-2.83,0.69,3.780000000000001
2011-06-21,600811,116.24,116.43,116.62,113.41,77336,52065338.0,2.79,1.15,1.32,0.62,3.210000000000008
2011-06-22,600811,116.05,114.35,116.62,113.78,79860,53659831.0,2.44,-1.79,-2.08,0.64,2.8400000000000034
2011-06-23,600811,114.16,116.43,117.19,112.65,94052,63300577.0,3.97,1.82,2.08,0.76,4.539999999999992
2011-06-24,600811,115.67,119.45,121.53,115.67,177927,123401676.0,5.03,2.59,3.02,1.43,5.859999999999999
2011-06-27,600811,118.7,119.64,121.16,118.7,132007,92276288.0,2.06,0.16,0.19,1.06,2.4599999999999937
2011-06-28,600811,120.02,120.97,121.35,119.08,127848,89663055.0,1.9,1.11,1.33,1.03,2.269999999999996
2011-06-29,600811,121.16,117.94,121.91,117.56,130757,91232765.0,3.6,-2.5,-3.03,1.05,4.349999999999994
2011-07-01,600811,120.4,122.67,123.42,119.45,225705,159449085.0,3.37,4.01,4.73,1.82,3.969999999999999
2011-07-04,600811,122.67,124.56,125.13,122.1,192608,138528693.0,2.47,1.54,1.89,1.55,3.030000000000001
2011-07-05,600811,124.75,123.8,124.75,123.24,105847,76020821.0,1.21,-0.61,-0.76,0.85,1.5100000000000051
2011-07-06,600811,123.61,122.29,123.61,120.97,143907,102099286.0,2.13,-1.22,-1.51,1.16,2.6400000000000006
2011-07-07,600811,122.48,121.53,123.24,121.35,133024,94648727.0,1.55,-0.62,-0.76,1.07,1.8900000000000006
2011-07-08,600811,121.53,121.72,122.86,120.4,97996,69284352.0,2.02,0.16,0.19,0.79,2.4599999999999937
2011-07-11,600811,121.35,123.05,123.99,120.97,128311,91517544.0,2.48,1.09,1.33,1.03,3.019999999999996
2011-07-12,600811,121.91,118.32,122.1,118.13,163283,113997361.0,3.23,-3.84,-4.73,1.32,3.969999999999999
2011-07-13,600811,119.27,120.97,121.35,118.51,112349,78678777.0,2.4,2.24,2.65,0.91,2.839999999999989
2011-07-14,600811,121.16,131.55,133.44,120.97,769602,573489173.0,10.31,8.75,10.58,6.2,12.469999999999999
2011-07-15,600811,130.23,131.18,132.12,129.28,345532,261004342.0,2.16,-0.28,-0.37,2.78,2.8400000000000034
2011-07-18,600811,132.12,130.61,132.5,128.91,176007,132280043.0,2.74,-0.43,-0.57,1.42,3.5900000000000034
2011-07-19,600811,130.23,128.15,130.61,127.21,166571,123869336.0,2.6,-1.88,-2.46,1.34,3.40000000000002
2011-07-20,600811,129.1,128.72,130.8,126.64,171045,127528203.0,3.25,0.44,0.57,1.38,4.160000000000011
2011-07-21,600811,128.34,125.5,129.28,125.5,144712,106117918.0,2.94,-2.5,-3.22,1.17,3.780000000000001
2011-07-22,600811,125.88,126.26,127.39,124.94,122978,89851515.0,1.95,0.61,0.76,0.99,2.450000000000003
2011-07-25,600811,125.69,120.21,125.69,119.64,200889,142358988.0,4.79,-4.79,-6.05,1.62,6.049999999999997
2011-07-26,600811,119.83,119.45,120.59,118.13,108534,75439883.0,2.05,-0.63,-0.76,0.87,2.460000000000008
2011-07-27,600811,118.89,120.4,121.16,116.43,141419,98318437.0,3.96,0.8,0.95,1.14,4.72999999999999
2011-07-28,600811,119.27,118.13,119.27,117.38,116532,80386632.0,1.57,-1.89,-2.27,0.94,1.8900000000000006
2011-07-29,600811,118.32,118.51,120.4,117.38,121081,83946246.0,2.56,0.32,0.38,0.98,3.0200000000000102
2011-08-01,600811,119.08,119.45,119.83,117.38,62667,43378335.0,2.07,0.79,0.94,0.5,2.450000000000003
2011-08-02,600811,118.51,117.94,118.89,115.49,92338,63115573.0,2.85,-1.26,-1.51,0.74,3.4000000000000057
2011-08-03,600811,117.38,118.7,119.83,117.19,88176,61210877.0,2.24,0.64,0.76,0.71,2.6400000000000006
2011-08-04,600811,118.7,119.45,121.16,118.7,95875,66980461.0,2.07,0.63,0.75,0.77,2.4599999999999937
2011-08-05,600811,115.3,114.73,117.19,113.97,135927,91724344.0,2.7,-3.95,-4.72,1.1,3.219999999999999
2011-08-08,600811,112.84,108.68,114.73,105.09,171481,111597241.0,8.4,-5.27,-6.05,1.38,9.64
2011-08-09,600811,104.9,106.98,108.49,104.14,155866,97758268.0,4.0,-1.56,-1.7,1.26,4.349999999999994
2011-08-10,600811,109.06,106.22,110.0,105.84,170420,108570782.0,3.89,-0.71,-0.76,1.37,4.159999999999997
2011-08-11,600811,104.52,109.06,109.25,103.95,136078,85724906.0,4.99,2.67,2.84,1.1,5.299999999999997
2011-08-12,600811,108.68,110.76,111.52,108.68,128928,83525885.0,2.6,1.56,1.7,1.04,2.839999999999989
2011-08-15,600811,111.33,111.33,112.08,110.19,105995,69208138.0,1.71,0.51,0.57,0.85,1.8900000000000006
2011-08-16,600811,111.52,109.81,112.27,109.44,81460,53010772.0,2.54,-1.37,-1.52,0.66,2.8299999999999983
2011-08-17,600811,110.19,110.76,111.52,109.25,70539,45787564.0,2.07,0.87,0.95,0.57,2.269999999999996
2011-08-19,600811,105.28,106.98,107.73,105.28,85209,53556908.0,2.21,-3.41,-3.78,0.69,2.450000000000003
2011-08-22,600811,106.98,107.17,108.68,106.22,62225,39306053.0,2.3,0.18,0.19,0.5,2.460000000000008
2011-08-23,600811,107.92,109.63,110.19,107.17,80612,51694713.0,2.82,2.3,2.46,0.65,3.019999999999996
2011-08-24,600811,110.57,106.98,110.95,106.6,148808,95043778.0,3.97,-2.42,-2.65,1.2,4.3500000000000085
2011-08-25,600811,107.73,111.33,111.52,107.36,178819,115574501.0,3.89,4.07,4.35,1.44,4.159999999999997
2011-08-26,600811,110.95,110.76,111.52,109.44,107593,69720635.0,1.87,-0.51,-0.57,0.87,2.0799999999999983
2011-08-29,600811,110.0,110.38,111.89,109.06,101860,66012603.0,2.56,-0.34,-0.38,0.82,2.8299999999999983
2011-08-30,600811,112.65,112.46,117.38,111.52,284862,190526200.0,5.31,1.88,2.08,2.3,5.859999999999999
2011-08-31,600811,112.84,111.89,113.78,110.38,98569,64837324.0,3.02,-0.51,-0.57,0.79,3.4000000000000057
2011-09-01,600811,112.65,109.63,112.84,109.06,72280,46951204.0,3.38,-2.02,-2.26,0.58,3.780000000000001
2011-09-02,600811,109.63,109.25,110.0,107.36,61103,39082099.0,2.41,-0.35,-0.38,0.49,2.6400000000000006
2011-09-05,600811,108.11,105.28,108.3,105.09,92127,57588678.0,2.94,-3.63,-3.97,0.74,3.2099999999999937
2011-09-06,600811,104.52,105.47,106.41,104.52,56271,35037300.0,1.8,0.18,0.19,0.45,1.8900000000000006
2011-09-07,600811,106.03,108.49,108.87,106.03,76224,48212449.0,2.69,2.86,3.02,0.61,2.8400000000000034
2011-09-08,600811,109.81,108.49,110.76,108.3,93443,60212273.0,2.27,0.0,0.0,0.75,2.460000000000008
2011-09-09,600811,109.63,109.44,111.33,109.06,88084,57043976.0,2.09,0.88,0.95,0.71,2.269999999999996
2011-09-13,600811,107.92,107.36,107.92,105.47,59180,37208866.0,2.24,-1.9,-2.08,0.48,2.450000000000003
2011-09-14,600811,107.73,108.11,108.49,105.47,64239,40577055.0,2.81,0.7,0.75,0.52,3.019999999999996
2011-09-15,600811,108.49,109.63,111.33,107.73,94845,61173969.0,3.33,1.41,1.52,0.76,3.5999999999999943
2011-09-16,600811,110.0,108.87,110.95,108.68,44992,28982213.0,2.07,-0.69,-0.76,0.36,2.269999999999996
2011-09-19,600811,108.11,106.22,108.11,106.22,39310,24758907.0,1.74,-2.43,-2.65,0.32,1.8900000000000006
2011-09-20,600811,106.79,106.22,107.55,105.09,38396,24004653.0,2.32,0.0,0.0,0.31,2.4599999999999937
2011-09-21,600811,106.22,110.0,110.57,105.47,89454,57316775.0,4.8,3.56,3.78,0.72,5.099999999999994
2011-09-22,600811,108.87,105.66,109.44,105.47,79303,50145722.0,3.61,-3.95,-4.34,0.64,3.969999999999999
2011-09-23,600811,104.71,105.28,106.22,103.39,61865,38288378.0,2.68,-0.36,-0.38,0.5,2.8299999999999983
2011-09-27,600811,104.71,103.95,105.09,103.39,89816,55245982.0,1.61,-1.26,-1.33,0.72,1.7000000000000028
2011-09-28,600811,105.09,99.98,105.09,99.61,99537,60079530.0,5.27,-3.82,-3.97,0.8,5.480000000000004
2011-09-29,600811,99.61,96.77,99.61,96.2,82849,48110360.0,3.41,-3.21,-3.21,0.67,3.4099999999999966
2011-09-30,600811,97.34,96.58,97.91,95.83,49948,28796801.0,2.15,-0.2,-0.19,0.4,2.0799999999999983
2011-10-10,600811,96.58,96.2,98.47,95.64,33477,19288005.0,2.93,-0.39,-0.38,0.27,2.8299999999999983
2011-10-11,600811,99.42,97.15,99.98,95.64,48679,28240722.0,4.51,0.99,0.95,0.39,4.340000000000003
2011-10-12,600811,96.01,100.55,100.93,96.01,93039,54917803.0,5.06,3.5,3.4,0.75,4.920000000000002
2011-10-13,600811,100.55,102.25,103.95,96.39,121492,73505004.0,7.52,1.69,1.7,0.98,7.560000000000002
2011-10-14,600811,102.25,101.69,102.44,100.36,54917,32964414.0,2.03,-0.55,-0.56,0.44,2.0799999999999983
2011-10-17,600811,102.06,100.93,102.82,100.36,46128,27726249.0,2.42,-0.75,-0.76,0.37,2.4599999999999937
2011-10-18,600811,100.17,98.66,101.87,98.47,77001,45893539.0,3.37,-2.25,-2.27,0.62,3.4000000000000057
2011-10-19,600811,99.04,98.66,100.74,98.09,34576,20334101.0,2.69,0.0,0.0,0.21,2.6499999999999915
2011-10-20,600811,97.91,93.37,98.28,92.23,86728,48959938.0,6.13,-5.36,-5.29,0.52,6.049999999999997
2011-10-21,600811,93.94,92.8,95.26,92.8,40617,22736313.0,2.63,-0.61,-0.57,0.24,2.460000000000008
2011-10-24,600811,93.37,96.01,96.96,92.23,63387,35998199.0,5.1,3.46,3.21,0.38,4.72999999999999
2011-10-25,600811,95.07,97.72,99.04,94.88,85547,49617557.0,4.33,1.78,1.71,0.51,4.160000000000011
2011-10-26,600811,97.53,99.42,101.5,97.15,141084,83517057.0,4.45,1.74,1.7,0.85,4.349999999999994
2011-10-27,600811,99.8,99.61,100.55,99.04,53569,31679133.0,1.52,0.19,0.19,0.32,1.509999999999991
2011-10-28,600811,101.31,101.87,102.06,99.8,96266,57610113.0,2.27,2.27,2.26,0.58,2.260000000000005
2011-10-31,600811,104.71,103.58,105.28,102.63,175193,107359856.0,2.6,1.68,1.71,1.05,2.6500000000000057
2011-11-01,600811,102.44,103.58,104.52,102.06,93849,57292599.0,2.37,0.0,0.0,0.56,2.4599999999999937
2011-11-02,600811,101.69,105.47,106.03,101.12,152496,93690888.0,4.74,1.82,1.89,0.91,4.909999999999997
2011-11-03,600811,117.19,117.19,117.19,117.19,250735,171502692.0,0.0,11.11,11.72,1.5,0.0
2011-11-04,600811,124.94,130.04,130.04,124.18,2152064,1606175360.0,5.0,10.97,12.85,12.91,5.859999999999985
2011-11-07,600811,128.72,130.42,130.8,127.02,1045082,780082592.0,2.91,0.29,0.38,6.27,3.7800000000000153
2011-11-08,600811,130.23,123.05,130.61,122.1,828537,604094032.0,6.53,-5.65,-7.37,4.97,8.51000000000002
2011-11-09,600811,123.24,124.94,126.26,119.64,793293,568650224.0,5.38,1.54,1.89,4.76,6.6200000000000045
2011-11-10,600811,121.91,120.02,123.61,119.64,587048,414862080.0,3.18,-3.94,-4.92,3.52,3.969999999999999
2011-11-11,600811,120.4,121.91,124.94,119.45,550272,391617984.0,4.57,1.57,1.89,3.3,5.489999999999995
2011-11-14,600811,123.42,123.42,125.5,121.53,430200,308535488.0,3.26,1.24,1.51,2.58,3.969999999999999
2011-11-15,600811,123.24,123.8,124.37,121.53,319697,228547819.0,2.3,0.31,0.38,1.92,2.8400000000000034
2011-11-16,600811,123.05,117.0,123.61,116.05,427461,297163104.0,6.11,-5.49,-6.8,2.56,7.560000000000002
2011-11-17,600811,117.56,116.43,118.7,115.67,258895,177065900.0,2.59,-0.49,-0.57,1.55,3.030000000000001
2011-11-18,600811,114.16,112.65,116.05,112.08,239228,159559060.0,3.41,-3.25,-3.78,1.44,3.969999999999999
2011-11-21,600811,112.65,113.41,113.97,111.89,159701,105543323.0,1.85,0.67,0.76,0.96,2.0799999999999983
2011-11-22,600811,112.08,112.65,113.59,110.19,180041,118421122.0,3.0,-0.67,-0.76,1.08,3.4000000000000057
2011-11-23,600811,113.03,111.14,113.22,110.19,159448,104393113.0,2.69,-1.34,-1.51,0.96,3.030000000000001
2011-11-24,600811,110.76,110.38,112.08,109.06,200043,129951754.0,2.72,-0.68,-0.76,1.2,3.019999999999996
2011-11-25,600811,109.81,110.0,111.7,109.44,147495,95820102.0,2.05,-0.34,-0.38,0.88,2.260000000000005
2011-11-28,600811,110.19,111.89,113.22,109.44,192067,125574221.0,3.44,1.72,1.89,1.15,3.780000000000001
2011-11-29,600811,113.03,112.27,113.22,110.76,188661,123793144.0,2.2,0.34,0.38,1.13,2.4599999999999937
2011-11-30,600811,112.08,103.95,112.27,101.87,292005,183540303.0,9.26,-7.41,-8.32,1.75,10.399999999999991
2011-12-01,600811,107.36,104.71,109.25,104.14,265888,167491644.0,4.92,0.73,0.76,1.6,5.109999999999999
2011-12-02,600811,103.77,103.95,106.22,102.63,147248,90779870.0,3.43,-0.73,-0.76,0.88,3.5900000000000034
2011-12-05,600811,103.95,99.8,103.95,98.66,156568,93921570.0,5.09,-3.99,-4.15,0.94,5.290000000000006
2011-12-06,600811,99.8,101.31,102.44,99.04,127174,75906435.0,3.41,1.51,1.51,0.76,3.3999999999999915
2011-12-07,600811,100.74,101.5,102.25,100.36,82181,49391712.0,1.87,0.19,0.19,0.49,1.8900000000000006
2011-12-08,600811,101.5,103.2,104.71,99.61,181626,110548355.0,5.02,1.67,1.7,1.09,5.099999999999994
2011-12-09,600811,101.5,101.5,102.63,100.36,102189,61367212.0,2.2,-1.65,-1.7,0.61,2.269999999999996
2011-12-13,600811,99.42,96.58,99.61,95.45,168332,97409421.0,4.1,-4.85,-4.92,1.01,4.159999999999997
2011-12-14,600811,96.2,94.31,97.91,92.99,102618,58479717.0,5.09,-2.35,-2.27,0.62,4.920000000000002
2011-12-15,600811,93.37,92.8,94.5,91.86,113200,63162837.0,2.8,-1.6,-1.51,0.68,2.6400000000000006
2011-12-16,600811,92.8,96.39,96.77,92.8,140596,79381248.0,4.28,3.87,3.59,0.84,3.969999999999999
2011-12-19,600811,95.45,96.96,97.72,92.8,128557,73038133.0,5.1,0.59,0.57,0.77,4.920000000000002
2011-12-20,600811,96.2,96.2,98.28,95.83,103955,60046946.0,2.53,-0.78,-0.76,0.62,2.450000000000003
2011-12-21,600811,97.72,92.42,98.09,92.04,114456,65131115.0,6.29,-3.93,-3.78,0.69,6.049999999999997
2011-12-22,600811,91.86,91.1,93.18,87.7,107351,58201876.0,5.93,-1.43,-1.32,0.64,5.480000000000004
2011-12-23,600811,91.1,92.42,94.12,90.53,86442,47803605.0,3.94,1.45,1.32,0.52,3.5900000000000034
2011-12-26,600811,91.86,91.48,93.18,90.91,63612,35023948.0,2.46,-1.02,-0.94,0.38,2.2700000000000102
2011-12-27,600811,91.29,89.59,92.04,89.21,67281,36504514.0,3.09,-2.07,-1.89,0.4,2.8300000000000125
2011-12-28,600811,89.21,89.97,90.34,87.51,68172,36420051.0,3.16,0.42,0.38,0.41,2.8299999999999983
2011-12-29,600811,89.4,89.78,91.1,89.02,64490,34886384.0,2.31,-0.21,-0.19,0.39,2.0799999999999983
2011-12-30,600811,89.97,91.67,92.8,89.97,95459,52408286.0,3.15,2.11,1.89,0.57,2.8299999999999983
2012-01-04,600811,92.8,89.02,93.18,88.83,92265,50573806.0,4.75,-2.89,-2.65,0.55,4.3500000000000085
2012-01-05,600811,89.02,85.81,91.1,85.81,100257,53424219.0,5.94,-3.61,-3.21,0.6,5.289999999999992
2012-01-06,600811,85.62,87.51,87.89,85.24,75672,39436322.0,3.09,1.98,1.7,0.45,2.6500000000000057
2012-01-09,600811,88.08,91.86,92.23,86.94,140188,75760621.0,6.05,4.97,4.35,0.84,5.290000000000006
2012-01-10,600811,92.23,95.64,96.58,91.48,253337,142779081.0,5.55,4.11,3.78,1.52,5.099999999999994
2012-01-11,600811,95.07,94.69,96.39,94.12,179102,101671409.0,2.37,-0.99,-0.95,1.07,2.269999999999996
2012-01-12,600811,94.31,94.12,95.64,93.56,126160,71150046.0,2.2,-0.6,-0.57,0.76,2.0799999999999983
2012-01-13,600811,93.94,91.29,94.69,90.15,121681,67210424.0,4.82,-3.01,-2.83,0.73,4.539999999999992
2012-01-16,600811,90.91,88.83,91.86,88.64,83645,45377819.0,3.53,-2.69,-2.46,0.5,3.219999999999999
2012-01-17,600811,89.59,95.83,96.2,88.64,178331,98892452.0,8.51,7.88,7.0,1.07,7.560000000000002
2012-01-18,600811,96.01,93.75,97.53,93.37,143745,81634910.0,4.34,-2.17,-2.08,0.86,4.159999999999997
2012-01-19,600811,94.31,95.64,96.58,93.37,142267,80956683.0,3.42,2.02,1.89,0.85,3.2099999999999937
2012-01-20,600811,96.2,98.47,99.04,95.45,167692,97479336.0,3.75,2.96,2.83,1.01,3.5900000000000034
2012-01-30,600811,99.98,97.72,99.98,97.34,177923,104238428.0,2.68,-0.76,-0.75,1.07,2.6400000000000006
2012-01-31,600811,97.72,98.09,98.47,96.2,78908,45612842.0,2.32,0.38,0.37,0.47,2.269999999999996
2012-02-01,600811,97.53,95.64,98.28,95.26,108667,62386938.0,3.08,-2.5,-2.45,0.65,3.019999999999996
2012-02-02,600811,96.58,98.47,98.66,95.64,130144,75260674.0,3.16,2.96,2.83,0.78,3.019999999999996
2012-02-03,600811,98.28,98.66,99.04,96.96,157526,91928980.0,2.11,0.19,0.19,0.95,2.0800000000000125
2012-02-06,600811,98.66,98.09,99.04,96.96,121835,71014402.0,2.11,-0.58,-0.57,0.73,2.0800000000000125
2012-02-07,600811,97.72,95.07,97.72,94.31,117310,66760460.0,3.48,-3.08,-3.02,0.7,3.4099999999999966
2012-02-08,600811,95.26,97.72,98.09,94.12,179945,103070989.0,4.18,2.79,2.65,1.08,3.969999999999999
2012-02-09,600811,97.72,97.91,99.04,96.39,174084,101349358.0,2.71,0.19,0.19,1.04,2.6500000000000057
2012-02-10,600811,97.15,98.28,99.42,96.96,154791,90502259.0,2.51,0.38,0.37,0.93,2.460000000000008
2012-02-13,600811,97.15,99.42,99.8,96.58,185698,109132667.0,3.28,1.16,1.14,1.11,3.219999999999999
2012-02-14,600811,98.85,98.09,99.42,97.15,115504,67373878.0,2.28,-1.34,-1.33,0.69,2.269999999999996
2012-02-15,600811,97.72,100.74,100.93,96.96,244176,143823029.0,4.05,2.7,2.65,1.46,3.970000000000013
2012-02-16,600811,100.74,101.69,102.25,99.8,300246,179970319.0,2.43,0.94,0.95,1.8,2.450000000000003
2012-02-17,600811,101.87,101.12,103.2,100.55,185455,111958793.0,2.61,-0.56,-0.57,1.11,2.6500000000000057
2012-02-20,600811,102.25,99.98,102.82,99.8,146095,87762147.0,2.99,-1.13,-1.14,0.88,3.019999999999996
2012-02-21,600811,99.98,101.31,101.31,98.66,115971,68897782.0,2.65,1.33,1.33,0.7,2.6500000000000057
2012-02-22,600811,101.31,104.14,104.33,100.55,272885,165923363.0,3.73,2.79,2.83,1.64,3.780000000000001
2012-02-23,600811,104.14,103.58,105.47,102.82,218026,133812263.0,2.54,-0.54,-0.56,1.31,2.6500000000000057
2012-02-24,600811,103.39,105.47,105.66,103.2,198127,122464662.0,2.37,1.82,1.89,1.19,2.4599999999999937
2012-02-27,600811,105.47,104.71,106.98,104.52,252187,157362823.0,2.33,-0.72,-0.76,1.51,2.460000000000008
2012-02-28,600811,104.52,105.47,106.41,103.77,191596,118609960.0,2.52,0.73,0.76,1.15,2.6400000000000006
2012-02-29,600811,106.22,103.95,106.98,103.95,137218,85239980.0,2.87,-1.44,-1.52,0.82,3.030000000000001
2012-03-01,600811,103.58,104.14,105.28,103.39,95869,58983059.0,1.82,0.18,0.19,0.58,1.8900000000000006
2012-03-02,600811,104.52,105.66,105.84,104.14,120236,74604759.0,1.63,1.46,1.52,0.72,1.7000000000000028
2012-03-05,600811,105.66,104.9,106.79,104.52,171107,106599981.0,2.15,-0.72,-0.76,1.03,2.2700000000000102
2012-03-06,600811,104.52,101.5,104.9,101.31,244870,148225692.0,3.42,-3.24,-3.4,1.47,3.5900000000000034
2012-03-07,600811,100.55,100.74,102.82,99.8,218019,130423942.0,2.98,-0.75,-0.76,1.31,3.019999999999996
2012-03-08,600811,101.12,102.44,103.2,100.93,173689,104900418.0,2.25,1.69,1.7,1.04,2.269999999999996
2012-03-09,600811,103.01,104.14,104.14,102.25,180740,110181872.0,1.84,1.66,1.7,1.08,1.8900000000000006
2012-03-12,600811,104.14,103.77,105.09,102.63,180677,110682643.0,2.36,-0.36,-0.37,1.08,2.460000000000008
2012-03-13,600811,103.58,105.09,105.84,103.39,196043,120877289.0,2.36,1.27,1.32,1.18,2.450000000000003
2012-03-14,600811,105.47,99.98,107.36,98.85,348884,214798522.0,8.1,-4.86,-5.11,2.09,8.510000000000005
2012-03-15,600811,100.17,99.8,101.31,98.47,185407,110085214.0,2.84,-0.18,-0.18,1.11,2.8400000000000034
2012-03-16,600811,99.98,102.63,102.82,99.04,154857,92814216.0,3.79,2.84,2.83,0.93,3.779999999999987
2012-03-19,600811,102.25,103.01,103.2,100.93,145086,87727155.0,2.21,0.37,0.38,0.87,2.269999999999996
2012-03-20,600811,102.25,99.61,103.01,99.42,154295,92431640.0,3.49,-3.3,-3.4,0.93,3.5900000000000034
2012-03-21,600811,100.36,100.17,101.12,99.04,117598,69767505.0,2.09,0.56,0.56,0.71,2.0799999999999983
2012-03-22,600811,100.17,100.36,100.93,99.61,105139,62536764.0,1.32,0.19,0.19,0.63,1.3200000000000074
2012-03-23,600811,99.8,97.34,99.98,96.77,131449,76740078.0,3.2,-3.01,-3.02,0.79,3.210000000000008
2012-03-26,600811,96.77,96.39,97.91,95.83,54398,31330858.0,2.14,-0.98,-0.95,0.33,2.0799999999999983
2012-03-27,600811,97.15,95.83,97.72,95.45,67799,38951257.0,2.36,-0.58,-0.56,0.41,2.269999999999996
2012-03-28,600811,95.83,91.86,96.01,90.91,116069,64722592.0,5.32,-4.14,-3.97,0.7,5.1000000000000085
2012-03-29,600811,91.1,89.59,91.86,89.21,80409,43732594.0,2.88,-2.47,-2.27,0.48,2.6500000000000057
2012-03-30,600811,89.59,90.34,91.29,89.59,60116,32567335.0,1.9,0.84,0.75,0.36,1.7000000000000028
2012-04-05,600811,90.15,92.99,93.37,89.59,105774,58380574.0,4.18,2.93,2.65,0.63,3.780000000000001
2012-04-06,600811,93.18,93.37,93.75,92.23,94443,52487330.0,1.63,0.41,0.38,0.57,1.519999999999996
2012-04-09,600811,92.99,92.42,94.31,92.23,101806,56741469.0,2.23,-1.02,-0.95,0.61,2.0799999999999983
2012-04-10,600811,92.42,94.69,94.88,90.72,96199,53306970.0,4.5,2.46,2.27,0.58,4.159999999999997
2012-04-11,600811,93.56,94.31,95.07,92.8,77886,43762530.0,2.4,-0.4,-0.38,0.47,2.269999999999996
2012-04-12,600811,94.12,96.96,97.53,94.12,155661,89049945.0,3.62,2.81,2.65,0.93,3.4099999999999966
2012-04-13,600811,97.72,96.96,98.09,96.39,126367,73056720.0,1.75,0.0,0.0,0.76,1.7000000000000028
2012-04-16,600811,96.58,101.87,102.25,96.01,280892,166350808.0,6.44,5.06,4.91,1.69,6.239999999999995
2012-04-17,600811,101.5,99.23,101.87,98.85,164728,97621544.0,2.96,-2.59,-2.64,0.99,3.0200000000000102
2012-04-18,600811,99.98,101.87,102.82,99.23,177389,106361637.0,3.62,2.66,2.64,1.06,3.589999999999989
2012-04-19,600811,101.69,100.55,102.06,99.98,109864,65695883.0,2.04,-1.3,-1.32,0.66,2.0799999999999983
2012-04-20,600811,100.17,103.58,104.52,99.98,236186,143798320.0,4.52,3.01,3.03,1.42,4.539999999999992
2012-04-23,600811,103.39,102.82,105.84,102.06,256123,157768415.0,3.65,-0.73,-0.76,1.54,3.780000000000001
2012-04-24,600811,101.69,103.77,105.09,99.8,254329,154040989.0,5.14,0.92,0.95,1.53,5.290000000000006
2012-04-25,600811,103.58,110.38,115.11,103.01,680530,435459600.0,11.66,6.37,6.61,4.08,12.099999999999994
2012-04-26,600811,108.87,107.92,110.38,106.98,287392,183315083.0,3.08,-2.23,-2.46,1.72,3.3999999999999915
2012-04-27,600811,107.92,105.28,109.06,104.9,206153,129206058.0,3.85,-2.45,-2.64,1.24,4.159999999999997
2012-05-02,600811,107.36,107.73,109.25,106.22,267670,169968562.0,2.88,2.33,2.45,1.61,3.030000000000001
2012-05-03,600811,106.98,106.79,108.3,106.6,212484,134152616.0,1.58,-0.87,-0.94,1.27,1.7000000000000028
2012-05-04,600811,106.79,107.92,108.3,105.84,245597,154615973.0,2.3,1.06,1.13,1.47,2.4599999999999937
2012-05-07,600811,106.98,109.25,109.63,106.79,233659,149198466.0,2.63,1.23,1.33,1.4,2.839999999999989
2012-05-08,600811,109.25,109.44,110.19,107.36,182039,116515520.0,2.59,0.17,0.19,1.09,2.8299999999999983
2012-05-09,600811,108.3,103.95,108.3,103.77,229652,143081063.0,4.14,-5.02,-5.49,1.38,4.530000000000001
2012-05-10,600811,104.9,104.14,105.09,103.58,115628,71257462.0,1.45,0.18,0.19,0.69,1.5100000000000051
2012-05-11,600811,103.77,103.39,105.66,103.01,98612,60808071.0,2.54,-0.72,-0.75,0.59,2.6499999999999915
2012-05-14,600811,104.33,102.82,104.9,102.63,103637,63664508.0,2.2,-0.55,-0.57,0.62,2.2700000000000102
2012-05-15,600811,101.87,102.44,103.01,100.93,112527,67824072.0,2.02,-0.37,-0.38,0.68,2.0799999999999983
2012-05-16,600811,102.06,99.42,103.01,99.04,116113,69521825.0,3.88,-2.95,-3.02,0.7,3.969999999999999
2012-05-17,600811,99.42,102.82,102.82,99.04,146793,88177519.0,3.8,3.42,3.4,0.88,3.779999999999987
2012-05-18,600811,101.69,101.31,103.58,100.74,131626,79344589.0,2.76,-1.47,-1.51,0.79,2.8400000000000034
2012-05-21,600811,101.5,101.12,102.44,100.36,77487,46537504.0,2.05,-0.19,-0.19,0.46,2.0799999999999983
2012-05-22,600811,101.69,102.63,102.82,101.69,86900,52619375.0,1.12,1.49,1.51,0.52,1.1299999999999955
2012-05-23,600811,102.25,100.74,102.44,99.98,96475,57882049.0,2.4,-1.84,-1.89,0.58,2.4599999999999937
2012-05-24,600811,100.36,99.61,101.87,99.23,79340,47280889.0,2.62,-1.12,-1.13,0.48,2.6400000000000006
2012-05-25,600811,99.8,98.28,100.36,97.53,90670,53327894.0,2.84,-1.34,-1.33,0.54,2.8299999999999983
2012-05-28,600811,97.72,101.31,101.69,97.53,133459,79099142.0,4.23,3.08,3.03,0.8,4.159999999999997
2012-05-29,600811,101.5,102.82,103.77,101.31,159821,97214361.0,2.43,1.49,1.51,0.96,2.4599999999999937
2012-05-30,600811,103.39,103.2,104.14,102.06,86034,52342114.0,2.02,0.37,0.38,0.52,2.0799999999999983
2012-05-31,600811,102.63,101.87,103.2,101.5,97540,59019303.0,1.65,-1.29,-1.33,0.59,1.7000000000000028
2012-06-01,600811,101.87,102.82,104.33,101.87,113950,69610678.0,2.41,0.93,0.95,0.68,2.4599999999999937
2012-06-04,600811,100.93,98.09,101.31,97.91,125074,74009877.0,3.31,-4.6,-4.73,0.75,3.4000000000000057
2012-06-05,600811,98.28,97.34,98.85,96.77,74848,43500989.0,2.12,-0.76,-0.75,0.45,2.0799999999999983
2012-06-06,600811,97.72,97.91,99.04,97.15,58047,33839589.0,1.94,0.59,0.57,0.35,1.8900000000000006
2012-06-07,600811,99.23,96.01,99.42,96.01,65991,38251847.0,3.48,-1.94,-1.9,0.4,3.4099999999999966
2012-06-08,600811,97.15,95.64,97.72,95.26,62942,36153475.0,2.56,-0.39,-0.37,0.38,2.4599999999999937
2012-06-11,600811,96.2,97.34,97.72,95.64,66106,38047778.0,2.17,1.78,1.7,0.4,2.0799999999999983
2012-06-12,600811,96.77,96.01,97.34,95.64,56604,32425388.0,1.75,-1.37,-1.33,0.34,1.7000000000000028
2012-06-13,600811,96.01,97.53,97.91,95.45,69832,40301076.0,2.56,1.58,1.52,0.42,2.4599999999999937
2012-06-14,600811,96.96,96.96,97.91,96.58,67182,38881060.0,1.36,-0.58,-0.57,0.4,1.3299999999999983
2012-06-15,600811,97.34,98.47,98.66,96.77,78325,45612897.0,1.95,1.56,1.51,0.47,1.8900000000000006
2012-06-18,600811,98.85,98.85,99.8,98.47,59190,34833432.0,1.35,0.39,0.38,0.36,1.3299999999999983
2012-06-19,600811,98.66,98.09,99.04,97.53,40114,23402447.0,1.53,-0.77,-0.76,0.24,1.5100000000000051
2012-06-20,600811,98.66,98.28,98.85,97.72,48182,28151143.0,1.15,0.19,0.19,0.29,1.1299999999999955
2012-06-21,600811,98.09,95.26,98.28,95.26,61335,35183430.0,3.07,-3.07,-3.02,0.37,3.019999999999996
2012-06-25,600811,95.26,93.37,96.2,93.18,58280,32965080.0,3.17,-1.98,-1.89,0.35,3.019999999999996
2012-06-26,600811,93.18,93.56,94.5,92.99,50352,28175720.0,1.62,0.2,0.19,0.3,1.5100000000000051
2012-06-27,600811,93.37,93.37,94.88,92.99,43971,24664363.0,2.02,-0.2,-0.19,0.26,1.8900000000000006
2012-06-28,600811,93.75,91.48,94.5,91.29,51545,28702336.0,3.44,-2.02,-1.89,0.31,3.2099999999999937
2012-07-02,600811,93.94,93.37,93.94,92.61,50412,28091947.0,1.45,2.07,1.89,0.3,1.3299999999999983
2012-07-03,600811,92.99,93.56,94.5,92.8,60433,33858383.0,1.82,0.2,0.19,0.36,1.7000000000000028
2012-07-04,600811,93.37,93.37,94.12,92.61,48063,26848174.0,1.61,-0.2,-0.19,0.29,1.5100000000000051
2012-07-05,600811,93.18,91.29,93.18,90.91,53984,29666623.0,2.43,-2.23,-2.08,0.32,2.2700000000000102
2012-07-06,600811,91.86,93.75,93.94,90.72,59411,32847435.0,3.53,2.69,2.46,0.36,3.219999999999999
2012-07-09,600811,92.99,91.1,94.5,90.91,71796,39865727.0,3.83,-2.83,-2.65,0.43,3.5900000000000034
2012-07-10,600811,90.91,92.04,92.8,90.72,53239,29265733.0,2.28,1.03,0.94,0.32,2.0799999999999983
2012-07-11,600811,91.86,92.99,93.37,91.67,43607,24196798.0,1.85,1.03,0.95,0.26,1.7000000000000028
2012-07-12,600811,92.61,94.31,94.5,91.1,91130,50659367.0,3.66,1.42,1.32,0.55,3.4000000000000057
2012-07-13,600811,93.75,93.37,94.5,93.18,56388,31582558.0,1.4,-1.0,-0.94,0.34,1.3199999999999932
2012-07-16,600811,93.94,90.91,93.94,90.53,66856,36765878.0,3.65,-2.63,-2.46,0.4,3.4099999999999966
2012-07-17,600811,91.29,92.8,93.75,89.78,63049,34538110.0,4.37,2.08,1.89,0.38,3.969999999999999
2012-07-18,600811,92.8,94.69,94.88,92.42,103323,57934374.0,2.65,2.04,1.89,0.62,2.4599999999999937
2012-07-19,600811,94.88,95.26,96.58,93.75,101743,57866459.0,2.99,0.6,0.57,0.61,2.8299999999999983
2012-07-20,600811,94.5,93.94,95.83,93.75,58589,33087083.0,2.18,-1.39,-1.32,0.35,2.0799999999999983
2012-07-23,600811,93.75,94.5,95.64,92.04,90855,51141057.0,3.83,0.6,0.56,0.55,3.5999999999999943
2012-07-24,600811,93.94,95.07,95.83,93.56,57256,32368687.0,2.4,0.6,0.57,0.34,2.269999999999996
2012-07-25,600811,95.07,92.8,95.26,92.61,53420,29952671.0,2.79,-2.39,-2.27,0.32,2.6500000000000057
2012-07-26,600811,92.99,91.67,93.56,91.48,57865,31969763.0,2.24,-1.22,-1.13,0.35,2.0799999999999983
2012-07-27,600811,91.48,91.48,92.8,90.91,48612,26747313.0,2.06,-0.21,-0.19,0.29,1.8900000000000006
2012-07-30,600811,91.48,90.91,92.42,90.72,46234,25365023.0,1.86,-0.62,-0.57,0.28,1.7000000000000028
2012-07-31,600811,91.1,90.72,91.67,90.34,43746,23862441.0,1.46,-0.21,-0.19,0.26,1.3299999999999983
2012-08-01,600811,90.34,92.04,92.8,90.34,46622,25683237.0,2.71,1.46,1.32,0.28,2.4599999999999937
2012-08-02,600811,91.67,90.34,92.04,89.02,49240,26711373.0,3.28,-1.85,-1.7,0.3,3.0200000000000102
2012-08-03,600811,90.91,91.86,91.86,89.4,50187,27338422.0,2.72,1.68,1.52,0.3,2.4599999999999937
2012-08-06,600811,92.04,92.99,93.56,91.48,68638,38058178.0,2.26,1.23,1.13,0.41,2.0799999999999983
2012-08-07,600811,92.99,93.94,93.94,92.8,77225,43147683.0,1.23,1.02,0.95,0.46,1.1400000000000006
2012-08-08,600811,93.75,92.61,94.12,92.42,68396,38056854.0,1.81,-1.42,-1.33,0.41,1.7000000000000028
2012-08-09,600811,92.8,93.56,93.56,91.86,61582,34147523.0,1.84,1.03,0.95,0.37,1.7000000000000028
2012-08-10,600811,93.37,92.04,93.75,91.86,88144,48855169.0,2.02,-1.62,-1.52,0.53,1.8900000000000006
2012-08-13,600811,92.61,92.8,95.07,92.23,160618,90052774.0,3.09,0.83,0.76,0.96,2.839999999999989
2012-08-14,600811,93.18,93.94,94.12,90.91,106129,58754733.0,3.46,1.23,1.14,0.64,3.210000000000008
2012-08-15,600811,93.37,92.42,94.12,91.67,73265,40699115.0,2.61,-1.62,-1.52,0.44,2.450000000000003
2012-08-16,600811,91.86,92.42,92.99,91.67,42506,23496983.0,1.43,0.0,0.0,0.26,1.3199999999999932
2012-08-17,600811,92.23,92.42,92.8,91.29,42993,23692518.0,1.63,0.0,0.0,0.26,1.509999999999991
2012-08-20,600811,91.86,92.23,92.61,91.1,42357,23290643.0,1.63,-0.21,-0.19,0.25,1.5100000000000051
2012-08-21,600811,92.23,93.37,93.56,91.48,68279,37925945.0,2.26,1.24,1.14,0.41,2.0799999999999983
2012-08-22,600811,92.42,92.04,93.37,91.29,66802,36896483.0,2.23,-1.42,-1.33,0.4,2.0799999999999983
2012-08-23,600811,92.04,92.42,92.99,91.67,56170,31031756.0,1.43,0.41,0.38,0.34,1.3199999999999932
2012-08-24,600811,92.04,90.34,92.23,90.15,75963,41387216.0,2.25,-2.25,-2.08,0.46,2.0799999999999983
2012-08-27,600811,90.34,87.89,90.34,87.51,65201,34826237.0,3.13,-2.71,-2.45,0.39,2.8299999999999983
2012-08-28,600811,86.75,89.02,90.15,86.75,51702,27609678.0,3.87,1.29,1.13,0.31,3.4000000000000057
2012-08-29,600811,88.45,88.64,89.59,88.45,31983,17106707.0,1.28,-0.43,-0.38,0.19,1.1400000000000006
2012-08-30,600811,88.83,88.08,89.78,87.32,46918,24942277.0,2.78,-0.63,-0.56,0.28,2.460000000000008
2012-08-31,600811,88.64,86.94,89.02,86.56,67540,35633142.0,2.79,-1.29,-1.14,0.41,2.4599999999999937
2012-09-03,600811,86.94,87.7,88.08,86.18,73032,38461138.0,2.19,0.87,0.76,0.44,1.8999999999999915
2012-09-04,600811,87.7,84.67,87.89,84.29,110741,57448407.0,4.1,-3.45,-3.03,0.66,3.5999999999999943
2012-09-05,600811,84.67,83.54,84.86,82.4,109739,55429680.0,2.91,-1.33,-1.13,0.66,2.4599999999999937
2012-09-06,600811,83.54,84.29,84.29,83.16,63642,32269725.0,1.35,0.9,0.75,0.38,1.1300000000000097
2012-09-07,600811,84.86,88.45,89.59,84.86,180153,95009850.0,5.61,4.94,4.16,1.08,4.730000000000004
2012-09-10,600811,88.45,88.64,89.78,87.89,109083,58252823.0,2.14,0.21,0.19,0.65,1.8900000000000006
2012-09-11,600811,88.08,87.7,88.08,87.13,79727,42084289.0,1.07,-1.06,-0.94,0.48,0.9500000000000028
2012-09-12,600811,88.64,88.26,88.83,87.13,88521,46781342.0,1.94,0.64,0.56,0.53,1.7000000000000028
2012-09-13,600811,88.08,86.37,88.26,86.18,78436,41279901.0,2.36,-2.14,-1.89,0.47,2.0799999999999983
2012-09-14,600811,86.94,87.89,88.45,86.18,95853,50419113.0,2.63,1.76,1.52,0.58,2.269999999999996
2012-09-17,600811,87.7,84.67,87.7,84.48,78259,40723110.0,3.66,-3.66,-3.22,0.47,3.219999999999999
2012-09-18,600811,84.29,84.29,85.24,83.92,51143,26132549.0,1.56,-0.45,-0.38,0.31,1.3199999999999932
2012-09-19,600811,84.67,85.43,85.43,83.92,50565,25866331.0,1.79,1.35,1.14,0.3,1.5100000000000051
2012-09-20,600811,84.67,82.78,85.05,82.4,67156,33932627.0,3.1,-3.1,-2.65,0.4,2.6499999999999915
2012-09-21,600811,82.59,82.03,83.35,82.03,60016,30038355.0,1.59,-0.91,-0.75,0.36,1.3199999999999932
2012-09-24,600811,82.03,81.65,82.4,80.32,55322,27355480.0,2.54,-0.46,-0.38,0.33,2.0800000000000125
2012-09-25,600811,81.65,79.95,81.84,78.81,64180,31431809.0,3.71,-2.08,-1.7,0.39,3.030000000000001
2012-09-26,600811,79.95,78.25,80.14,77.68,49407,23722723.0,3.08,-2.13,-1.7,0.3,2.4599999999999937
2012-09-27,600811,78.25,81.46,82.03,78.06,86944,42520523.0,5.07,4.1,3.21,0.52,3.969999999999999
2012-09-28,600811,81.08,82.22,82.4,80.14,79319,39250993.0,2.77,0.93,0.76,0.48,2.260000000000005
2012-10-08,600811,82.03,81.65,82.97,80.51,60976,30253933.0,2.99,-0.69,-0.57,0.37,2.4599999999999937
2012-10-09,600811,82.22,83.73,84.11,81.84,76796,38752643.0,2.78,2.55,2.08,0.46,2.269999999999996
2012-10-10,600811,83.54,83.92,84.11,82.97,66061,33458202.0,1.36,0.23,0.19,0.4,1.1400000000000006
2012-10-11,600811,83.54,82.4,83.92,82.4,55781,28124753.0,1.81,-1.81,-1.52,0.33,1.519999999999996
2012-10-12,600811,83.35,83.35,85.05,82.4,74524,37700874.0,3.22,1.15,0.95,0.45,2.6499999999999915
2012-10-15,600811,82.78,82.4,82.97,80.7,66091,32869041.0,2.72,-1.14,-0.95,0.4,2.269999999999996
2012-10-16,600811,82.4,82.4,83.16,81.65,55961,27976657.0,1.83,0.0,0.0,0.34,1.509999999999991
2012-10-17,600811,82.59,82.22,82.97,81.27,52332,26107600.0,2.06,-0.22,-0.18,0.31,1.7000000000000028
2012-10-18,600811,82.4,83.73,83.92,82.22,85836,43301495.0,2.07,1.84,1.51,0.51,1.7000000000000028
2012-10-19,600811,83.54,83.16,83.92,82.97,55084,27843883.0,1.13,-0.68,-0.57,0.33,0.9500000000000028
2012-10-22,600811,82.97,83.73,84.29,82.4,55149,27886799.0,2.27,0.69,0.57,0.33,1.8900000000000006
2012-10-23,600811,84.11,83.92,85.24,83.73,87609,44793979.0,1.8,0.23,0.19,0.53,1.509999999999991
2012-10-24,600811,83.35,83.35,84.29,82.97,53953,27311654.0,1.57,-0.68,-0.57,0.32,1.3200000000000074
2012-10-25,600811,83.16,82.97,84.48,82.97,60737,30757081.0,1.81,-0.46,-0.38,0.36,1.5100000000000051
2012-10-26,600811,82.78,80.7,83.35,79.57,96726,47641428.0,4.56,-2.74,-2.27,0.58,3.780000000000001
2012-10-29,600811,80.7,79.57,81.08,79.38,45245,22066079.0,2.11,-1.4,-1.13,0.27,1.7000000000000028
2012-10-30,600811,79.57,79.57,81.08,79.57,46638,22801296.0,1.9,0.0,0.0,0.28,1.5100000000000051
2012-10-31,600811,79.95,80.89,81.65,79.95,64251,31602390.0,2.14,1.66,1.32,0.39,1.7000000000000028
2012-11-01,600811,81.27,82.59,82.97,80.51,70350,35071151.0,3.04,2.1,1.7,0.42,2.4599999999999937
2012-11-02,600811,82.78,83.35,83.54,82.22,84316,42372460.0,1.6,0.92,0.76,0.51,1.3200000000000074
2012-11-05,600811,83.35,83.35,83.92,82.59,48719,24551027.0,1.6,0.0,0.0,0.29,1.3299999999999983
2012-11-06,600811,83.35,82.78,83.73,81.46,57137,28501226.0,2.72,-0.68,-0.57,0.34,2.2700000000000102
2012-11-07,600811,82.59,82.22,82.97,81.65,39119,19527228.0,1.59,-0.68,-0.56,0.23,1.3199999999999932
2012-11-08,600811,82.03,79.76,82.03,79.57,65777,32317285.0,2.99,-2.99,-2.46,0.39,2.460000000000008
2012-11-09,600811,79.38,79.57,80.14,79.0,37591,18256833.0,1.43,-0.24,-0.19,0.23,1.1400000000000006
2012-11-12,600811,79.95,80.7,81.65,79.76,49323,24248568.0,2.38,1.42,1.13,0.3,1.8900000000000006
2012-11-13,600811,80.7,80.51,81.84,80.14,66359,32648321.0,2.11,-0.24,-0.19,0.4,1.7000000000000028
2012-11-14,600811,80.51,80.51,81.08,79.76,31674,15489197.0,1.64,0.0,0.0,0.19,1.3199999999999932
2012-11-15,600811,80.14,78.62,80.89,78.43,42498,20628943.0,3.06,-2.35,-1.89,0.25,2.4599999999999937
2012-11-16,600811,78.81,77.3,79.19,76.73,53820,25521839.0,3.13,-1.68,-1.32,0.32,2.4599999999999937
2012-11-19,600811,77.3,77.3,77.68,75.98,35178,16590364.0,2.2,0.0,0.0,0.21,1.7000000000000028
2012-11-20,600811,77.49,76.92,77.87,76.92,27471,13006066.0,1.23,-0.49,-0.38,0.16,0.9500000000000028
2012-11-21,600811,77.3,78.43,78.81,75.98,41256,19585980.0,3.68,1.96,1.51,0.25,2.8299999999999983
2012-11-22,600811,77.87,77.49,78.25,77.3,32796,15578726.0,1.21,-1.2,-0.94,0.2,0.9500000000000028
2012-11-23,600811,77.68,77.87,78.43,77.3,34905,16628528.0,1.46,0.49,0.38,0.21,1.1300000000000097
2012-11-26,600811,77.3,77.49,78.25,77.11,30886,14663470.0,1.46,-0.49,-0.38,0.19,1.1400000000000006
2012-11-27,600811,77.11,74.84,77.3,74.65,53949,25092910.0,3.42,-3.42,-2.65,0.32,2.6499999999999915
2012-11-28,600811,74.65,73.52,74.65,73.52,50626,23050272.0,1.51,-1.76,-1.32,0.3,1.1300000000000097
2012-11-29,600811,74.09,72.95,75.03,72.76,40732,18519724.0,3.09,-0.78,-0.57,0.24,2.269999999999996
2012-11-30,600811,72.95,73.9,74.84,72.76,43979,20035260.0,2.85,1.3,0.95,0.26,2.0799999999999983
2012-12-03,600811,73.9,72.76,74.84,72.57,39809,18112896.0,3.07,-1.54,-1.14,0.24,2.2700000000000102
2012-12-04,600811,73.14,73.71,74.09,71.82,72652,32650357.0,3.12,1.31,0.95,0.44,2.2700000000000102
2012-12-05,600811,73.71,76.73,77.49,73.33,120229,56197724.0,5.64,4.1,3.02,0.72,4.159999999999997
2012-12-06,600811,76.73,76.36,77.49,75.22,80556,37732038.0,2.96,-0.48,-0.37,0.48,2.269999999999996
2012-12-07,600811,76.54,78.81,79.38,75.98,143349,68587922.0,4.45,3.21,2.45,0.86,3.3999999999999915
2012-12-10,600811,79.19,80.14,80.51,78.43,122564,59477504.0,2.64,1.69,1.33,0.74,2.0799999999999983
2012-12-11,600811,79.95,78.62,80.14,78.43,98809,47799580.0,2.13,-1.9,-1.52,0.59,1.7099999999999937
2012-12-12,600811,78.62,79.19,79.76,78.25,58859,28347134.0,1.92,0.73,0.57,0.35,1.5100000000000051
2012-12-13,600811,79.38,78.25,79.57,78.06,64410,30926870.0,1.91,-1.19,-0.94,0.39,1.509999999999991
2012-12-14,600811,78.43,87.32,87.32,77.87,463133,237465026.0,12.08,11.59,9.07,2.78,9.449999999999989
2012-12-17,600811,87.89,87.13,88.83,86.0,261183,137100803.0,3.24,-0.22,-0.19,1.57,2.8299999999999983
2012-12-18,600811,86.94,86.94,88.45,86.0,215623,113434114.0,2.81,-0.22,-0.19,1.29,2.450000000000003
2012-12-19,600811,86.94,86.0,87.51,85.43,121428,63155720.0,2.39,-1.08,-0.94,0.73,2.0799999999999983
2012-12-20,600811,85.81,85.81,86.56,84.29,124567,64327669.0,2.64,-0.22,-0.19,0.75,2.269999999999996
2012-12-21,600811,86.0,85.62,87.32,84.86,110210,57109609.0,2.87,-0.22,-0.19,0.66,2.4599999999999937
2012-12-24,600811,85.62,85.24,87.13,85.24,96721,50250627.0,2.21,-0.44,-0.38,0.58,1.8900000000000006
2012-12-25,600811,85.24,88.08,89.4,85.24,221805,117362303.0,4.88,3.33,2.84,1.33,4.160000000000011
2012-12-26,600811,88.08,87.7,89.21,87.13,145534,77158289.0,2.36,-0.43,-0.38,0.87,2.0799999999999983
2012-12-27,600811,88.26,86.0,88.45,85.81,161463,84395243.0,3.01,-1.94,-1.7,0.97,2.6400000000000006
2012-12-28,600811,86.56,87.7,88.08,85.43,156872,82216498.0,3.08,1.98,1.7,0.94,2.6499999999999915
2012-12-31,600811,87.7,90.53,90.91,87.7,295325,159157202.0,3.66,3.23,2.83,1.77,3.2099999999999937
2013-01-04,600811,91.67,90.15,92.99,90.15,294618,161422240.0,3.14,-0.42,-0.38,1.77,2.839999999999989
2013-01-07,600811,89.59,90.53,91.29,89.02,170623,92408624.0,2.52,0.42,0.38,1.02,2.2700000000000102
2013-01-08,600811,90.15,89.21,90.91,88.64,177988,95752210.0,2.51,-1.46,-1.32,1.07,2.269999999999996
2013-01-09,600811,88.26,88.83,89.59,88.26,106814,57133605.0,1.49,-0.43,-0.38,0.64,1.3299999999999983
2013-01-10,600811,88.64,88.83,90.15,88.08,94254,50442509.0,2.33,0.0,0.0,0.57,2.0700000000000074
2013-01-11,600811,89.02,86.18,89.02,85.62,149745,78727019.0,3.83,-2.98,-2.65,0.9,3.3999999999999915
2013-01-14,600811,86.18,89.4,89.97,85.81,184162,98055648.0,4.83,3.74,3.22,1.1,4.159999999999997
2013-01-15,600811,89.21,91.1,92.42,89.02,251395,136727438.0,3.8,1.9,1.7,1.51,3.4000000000000057
2013-01-16,600811,90.72,89.4,91.1,88.08,175903,94715159.0,3.32,-1.87,-1.7,1.06,3.019999999999996
2013-01-17,600811,89.4,89.02,90.91,88.45,140691,75716519.0,2.75,-0.43,-0.38,0.84,2.4599999999999937
2013-01-18,600811,89.59,90.72,91.48,89.4,177954,96600731.0,2.34,1.91,1.7,1.07,2.0799999999999983
2013-01-21,600811,91.1,90.91,91.67,90.34,207542,113194980.0,1.47,0.21,0.19,1.25,1.3299999999999983
2013-01-22,600811,91.29,92.8,94.31,90.15,384969,212711701.0,4.58,2.08,1.89,2.31,4.159999999999997
2013-01-23,600811,92.42,95.07,96.58,91.86,326146,183834566.0,5.09,2.45,2.27,1.96,4.719999999999999
2013-01-24,600811,95.26,94.12,98.28,93.37,433788,247691538.0,5.16,-1.0,-0.95,2.6,4.909999999999997
2013-01-25,600811,94.69,94.69,96.96,93.94,194423,110308716.0,3.21,0.61,0.57,1.17,3.019999999999996
2013-01-28,600811,95.26,103.39,105.47,94.88,768054,463767184.0,11.18,9.19,8.7,4.61,10.590000000000003
2013-01-29,600811,102.63,103.2,103.77,100.93,411228,249394606.0,2.75,-0.18,-0.19,2.47,2.839999999999989
2013-01-30,600811,110.57,107.36,114.73,106.79,860573,557594864.0,7.69,4.03,4.16,5.16,7.939999999999998
2013-01-31,600811,107.17,107.73,108.68,106.03,359632,227353179.0,2.47,0.34,0.37,2.16,2.6500000000000057
2013-02-01,600811,107.36,117.38,117.94,105.09,769260,503857648.0,11.93,8.96,9.65,4.62,12.849999999999994
2013-02-04,600811,118.51,117.38,124.75,116.05,854371,599890480.0,7.41,0.0,0.0,5.13,8.700000000000003
2013-02-05,600811,115.49,121.91,124.37,114.54,506381,356251376.0,8.37,3.86,4.53,3.04,9.829999999999998
2013-02-06,600811,122.1,121.72,124.94,120.97,351955,250620369.0,3.26,-0.16,-0.19,2.11,3.969999999999999
2013-02-07,600811,120.97,116.05,122.48,113.41,450254,309020240.0,7.45,-4.66,-5.67,2.7,9.070000000000007
2013-02-08,600811,115.49,115.11,117.56,113.59,217977,147357447.0,3.42,-0.81,-0.94,1.31,3.969999999999999
2013-02-18,600811,116.24,114.73,118.13,114.35,247190,167690140.0,3.28,-0.33,-0.38,1.48,3.780000000000001
2013-02-19,600811,114.54,111.14,115.49,110.38,252027,165451205.0,4.45,-3.13,-3.59,1.51,5.109999999999999
2013-02-20,600811,110.95,111.52,111.7,108.11,210431,135699935.0,3.23,0.34,0.38,1.26,3.5900000000000034
2013-02-21,600811,109.63,104.9,110.19,104.14,269657,169337477.0,5.43,-5.94,-6.62,1.62,6.049999999999997
2013-02-22,600811,104.52,103.01,105.47,102.63,158295,97350131.0,2.71,-1.8,-1.89,0.95,2.8400000000000034
2013-02-25,600811,103.2,104.52,106.22,103.2,217516,134499362.0,2.93,1.47,1.51,1.3,3.019999999999996
2013-02-26,600811,103.2,102.63,107.36,101.87,288996,179544530.0,5.25,-1.81,-1.89,1.73,5.489999999999995
2013-02-27,600811,103.39,105.28,106.22,103.01,146821,90644932.0,3.13,2.58,2.65,0.88,3.2099999999999937
2013-02-28,600811,105.09,109.06,109.63,104.52,240040,151837689.0,4.85,3.59,3.78,1.44,5.109999999999999
2013-03-01,600811,108.87,107.36,109.81,105.66,205976,130286301.0,3.81,-1.56,-1.7,1.24,4.150000000000006
2013-03-04,600811,105.47,98.47,105.66,97.15,290714,174169914.0,7.93,-8.28,-8.89,1.74,8.509999999999991
2013-03-05,600811,98.28,103.39,103.77,97.91,181034,108454732.0,5.95,5.0,4.92,1.09,5.859999999999999
2013-03-06,600811,103.77,104.9,106.79,102.44,220802,136430581.0,4.21,1.46,1.51,1.32,4.3500000000000085
2013-03-07,600811,105.66,103.01,106.98,101.87,173474,107238661.0,4.87,-1.8,-1.89,1.04,5.109999999999999
2013-03-08,600811,103.2,104.71,105.47,102.25,177257,108812363.0,3.13,1.65,1.7,1.06,3.219999999999999
2013-03-11,600811,103.95,103.01,104.71,102.25,98224,59954055.0,2.35,-1.62,-1.7,0.59,2.4599999999999937
2013-03-12,600811,102.82,99.98,103.95,97.72,138050,82380379.0,6.05,-2.94,-3.03,0.83,6.230000000000004
2013-03-13,600811,99.42,99.04,100.55,97.72,86625,50920652.0,2.83,-0.94,-0.94,0.52,2.8299999999999983
2013-03-14,600811,98.47,99.23,102.82,98.09,143818,86019581.0,4.78,0.19,0.19,0.86,4.72999999999999
2013-03-15,600811,100.17,101.31,104.14,98.47,160360,96523025.0,5.71,2.1,2.08,0.96,5.670000000000002
2013-03-18,600811,100.55,100.55,102.63,99.61,88027,52634116.0,2.98,-0.75,-0.76,0.53,3.019999999999996
2013-03-19,600811,101.12,102.82,103.2,100.36,125012,75597651.0,2.82,2.26,2.27,0.75,2.8400000000000034
2013-03-20,600811,102.63,106.98,107.17,102.25,261363,162962775.0,4.79,4.05,4.16,1.57,4.920000000000002
2013-03-21,600811,107.73,106.6,107.73,105.28,211062,132605912.0,2.29,-0.36,-0.38,1.27,2.450000000000003
2013-03-22,600811,106.41,109.81,111.14,106.03,267395,171453864.0,4.79,3.01,3.21,1.6,5.109999999999999
2013-03-25,600811,110.95,109.44,112.46,108.11,209051,134951967.0,3.96,-0.34,-0.37,1.25,4.349999999999994
2013-03-26,600811,108.87,106.41,108.87,105.28,195486,122940910.0,3.28,-2.77,-3.03,1.17,3.5900000000000034
2013-03-27,600811,106.79,106.41,108.49,105.47,125505,79043761.0,2.84,0.0,0.0,0.75,3.019999999999996
2013-03-28,600811,103.95,97.53,103.95,95.64,267554,157633880.0,7.81,-8.35,-8.88,1.61,8.310000000000002
2013-03-29,600811,97.53,95.83,98.66,95.26,166391,95621768.0,3.49,-1.74,-1.7,1.0,3.3999999999999915
2013-04-01,600811,96.2,96.39,96.96,94.88,83272,47625840.0,2.17,0.58,0.56,0.5,2.0799999999999983
2013-04-02,600811,96.01,96.96,98.09,95.83,84635,48881721.0,2.34,0.59,0.57,0.51,2.260000000000005
2013-04-03,600811,97.53,96.39,98.28,95.26,62569,36025687.0,3.11,-0.59,-0.57,0.38,3.019999999999996
2013-04-08,600811,93.75,94.5,94.88,92.61,90059,50465862.0,2.36,-1.96,-1.89,0.54,2.269999999999996
2013-04-09,600811,94.88,95.64,96.96,94.69,68163,38863737.0,2.4,1.21,1.14,0.41,2.269999999999996
2013-04-10,600811,95.64,94.5,95.64,93.18,58490,33026448.0,2.57,-1.19,-1.14,0.35,2.4599999999999937
2013-04-11,600811,95.26,94.5,96.01,94.31,57920,32913138.0,1.8,0.0,0.0,0.35,1.7000000000000028
2013-04-12,600811,94.5,93.18,95.26,92.8,46857,26254622.0,2.6,-1.4,-1.32,0.28,2.460000000000008
2013-04-15,600811,92.8,92.04,93.75,91.48,56829,31346611.0,2.44,-1.22,-1.14,0.34,2.269999999999996
2013-04-16,600811,90.91,92.04,92.61,89.97,75174,41067583.0,2.87,0.0,0.0,0.45,2.6400000000000006
2013-04-17,600811,92.04,91.29,92.42,90.34,64743,35341117.0,2.26,-0.81,-0.75,0.39,2.0799999999999983
2013-04-18,600811,90.15,91.86,92.42,88.83,99129,54070568.0,3.93,0.62,0.57,0.59,3.5900000000000034
2013-04-19,600811,91.86,96.39,97.15,91.48,159725,90256642.0,6.17,4.93,4.53,0.96,5.670000000000002
2013-04-22,600811,95.45,95.45,96.96,94.69,81393,46383959.0,2.36,-0.98,-0.94,0.49,2.269999999999996
2013-04-23,600811,95.83,91.29,96.01,90.72,106408,58754356.0,5.54,-4.36,-4.16,0.64,5.290000000000006
2013-04-24,600811,91.29,93.75,94.88,91.1,79794,44332658.0,4.14,2.69,2.46,0.48,3.780000000000001
2013-04-25,600811,93.37,92.23,94.69,91.86,64291,35711594.0,3.02,-1.62,-1.52,0.39,2.8299999999999983
2013-04-26,600811,92.23,89.78,93.37,89.02,59832,32720979.0,4.72,-2.66,-2.45,0.36,4.3500000000000085
2013-05-02,600811,91.67,95.45,96.77,90.91,190700,107802609.0,6.53,6.32,5.67,1.14,5.859999999999999
2013-05-03,600811,95.45,97.15,99.04,95.07,154446,89692163.0,4.16,1.78,1.7,0.93,3.970000000000013
2013-05-06,600811,97.15,97.91,99.04,97.15,110106,64090686.0,1.95,0.78,0.76,0.66,1.8900000000000006
2013-05-07,600811,97.34,97.72,98.09,96.39,79940,46226951.0,1.74,-0.19,-0.19,0.48,1.7000000000000028
2013-05-08,600811,98.09,99.23,101.12,97.91,169749,100268155.0,3.28,1.55,1.51,1.02,3.210000000000008
2013-05-09,600811,99.04,98.09,99.8,96.39,126346,73638461.0,3.44,-1.15,-1.14,0.76,3.4099999999999966
2013-05-10,600811,97.91,98.85,99.23,97.15,107723,62879208.0,2.12,0.77,0.76,0.65,2.0799999999999983
2013-05-13,600811,98.66,98.28,99.23,97.34,82611,48155883.0,1.91,-0.58,-0.57,0.5,1.8900000000000006
2013-05-14,600811,97.91,95.83,98.28,95.07,84280,48316708.0,3.27,-2.49,-2.45,0.51,3.210000000000008
2013-05-15,600811,96.2,96.58,96.77,95.45,54983,31503835.0,1.38,0.78,0.75,0.33,1.3199999999999932
2013-05-16,600811,96.01,99.42,99.8,95.45,130038,76084364.0,4.5,2.94,2.84,0.78,4.349999999999994
2013-05-17,600811,99.42,102.06,102.44,98.85,173310,103722340.0,3.61,2.66,2.64,1.04,3.5900000000000034
2013-05-20,600811,101.87,103.58,105.28,101.31,206513,126782023.0,3.89,1.49,1.52,1.24,3.969999999999999
2013-05-21,600811,103.58,103.77,104.52,102.25,142326,86915296.0,2.19,0.18,0.19,0.85,2.269999999999996
2013-05-22,600811,103.58,108.49,109.81,102.44,331903,208190572.0,7.1,4.55,4.72,1.99,7.3700000000000045
2013-05-23,600811,106.98,105.28,108.11,104.52,158855,99545420.0,3.31,-2.96,-3.21,0.95,3.5900000000000034
2013-05-24,600811,105.47,107.36,107.73,104.52,143380,89618163.0,3.05,1.98,2.08,0.86,3.210000000000008
2013-05-27,600811,106.98,105.09,107.17,104.14,240274,149193510.0,2.82,-2.11,-2.27,1.44,3.030000000000001
2013-05-28,600811,104.71,107.17,107.17,103.39,177154,110001103.0,3.6,1.98,2.08,1.06,3.780000000000001
2013-05-29,600811,107.36,106.22,108.11,105.66,135753,85258384.0,2.29,-0.89,-0.95,0.81,2.450000000000003
2013-05-30,600811,106.03,104.52,106.41,103.95,121045,75016498.0,2.32,-1.6,-1.7,0.73,2.4599999999999937
2013-05-31,600811,104.71,103.39,105.66,103.2,107224,66107134.0,2.35,-1.08,-1.13,0.64,2.4599999999999937
2013-06-03,600811,103.58,106.41,107.36,103.39,175425,109652119.0,3.84,2.92,3.02,1.05,3.969999999999999
2013-06-04,600811,106.22,104.33,106.41,103.01,118446,73031561.0,3.2,-1.95,-2.08,0.71,3.3999999999999915
2013-06-05,600811,104.33,104.9,105.66,103.58,94890,58678101.0,1.99,0.55,0.57,0.57,2.0799999999999983
2013-06-06,600811,104.33,101.5,104.71,101.31,111504,67861283.0,3.24,-3.24,-3.4,0.67,3.3999999999999915
2013-06-07,600811,101.69,98.09,103.2,97.91,155758,92077620.0,5.21,-3.36,-3.41,0.93,5.290000000000006
2013-06-13,600811,96.77,93.75,96.77,93.18,103206,58056806.0,3.66,-4.42,-4.34,0.62,3.589999999999989
2013-06-14,600811,95.07,95.26,95.64,93.94,72188,40844419.0,1.81,1.61,1.51,0.43,1.7000000000000028
2013-06-17,600811,95.45,94.12,96.2,93.94,66250,37452610.0,2.37,-1.2,-1.14,0.4,2.260000000000005
2013-06-18,600811,94.69,94.5,95.45,92.99,77402,43595376.0,2.61,0.4,0.38,0.46,2.460000000000008
2013-06-19,600811,93.56,91.86,93.56,89.59,108150,59140354.0,4.2,-2.79,-2.64,0.65,3.969999999999999
2013-06-20,600811,90.91,87.51,91.29,87.32,87487,47037974.0,4.32,-4.74,-4.35,0.52,3.970000000000013
2013-06-21,600811,86.0,87.89,88.83,85.05,97030,51064661.0,4.32,0.43,0.38,0.58,3.780000000000001
2013-06-24,600811,87.7,79.57,87.7,79.0,150294,75514379.0,9.9,-9.47,-8.32,0.9,8.700000000000003
2013-06-25,600811,79.57,80.89,81.08,73.33,176599,83829472.0,9.74,1.66,1.32,1.06,7.75
2013-06-26,600811,80.51,79.95,81.27,77.49,117418,56804914.0,4.67,-1.16,-0.94,0.7,3.780000000000001
2013-06-27,600811,80.14,78.62,81.65,78.25,109884,53533868.0,4.25,-1.66,-1.33,0.66,3.4000000000000057
2013-06-28,600811,78.43,81.08,82.4,76.92,129201,63363007.0,6.97,3.13,2.46,0.78,5.480000000000004
2013-07-01,600811,80.7,81.46,81.84,79.76,95260,46871715.0,2.57,0.47,0.38,0.57,2.0799999999999983
2013-07-02,600811,81.65,81.27,82.03,80.14,80225,39504760.0,2.32,-0.23,-0.19,0.48,1.8900000000000006
2013-07-03,600811,80.7,79.57,81.08,78.43,77797,37750683.0,3.26,-2.09,-1.7,0.47,2.6499999999999915
2013-07-04,600811,79.0,79.95,82.03,78.62,99223,48653909.0,4.29,0.48,0.38,0.6,3.4099999999999966
2013-07-05,600811,80.51,80.89,82.03,80.32,88686,43790204.0,2.14,1.18,0.94,0.53,1.710000000000008
2013-07-08,600811,79.95,76.36,79.95,76.17,119349,56670386.0,4.67,-5.6,-4.53,0.72,3.780000000000001
2013-07-09,600811,76.36,77.11,77.87,76.17,67313,31709199.0,2.23,0.98,0.75,0.4,1.7000000000000028
2013-07-10,600811,77.49,81.08,82.03,76.73,125614,61057405.0,6.87,5.15,3.97,0.75,5.299999999999997
2013-07-11,600811,81.46,86.0,87.89,81.08,268426,138200213.0,8.4,6.07,4.92,1.61,6.810000000000002
2013-07-12,600811,85.81,82.22,86.18,81.65,175869,89576623.0,5.27,-4.4,-3.78,1.06,4.530000000000001
2013-07-15,600811,83.35,84.29,86.18,82.78,151885,77500728.0,4.14,2.52,2.07,0.91,3.4000000000000057
2013-07-16,600811,83.54,85.62,85.62,82.78,113657,58084244.0,3.37,1.58,1.33,0.68,2.8400000000000034
2013-07-17,600811,85.24,83.35,85.81,83.16,92409,47144407.0,3.1,-2.65,-2.27,0.55,2.6500000000000057
2013-07-18,600811,83.35,82.22,83.73,81.84,85678,42914120.0,2.27,-1.36,-1.13,0.51,1.8900000000000006
2013-07-19,600811,82.4,79.0,83.16,78.81,99621,49260575.0,5.29,-3.92,-3.22,0.6,4.349999999999994
2013-07-22,600811,78.62,79.38,79.95,76.92,89921,43156042.0,3.84,0.48,0.38,0.54,3.030000000000001
2013-07-23,600811,79.38,82.4,82.97,79.19,104260,51745410.0,4.76,3.8,3.02,0.63,3.780000000000001
2013-07-24,600811,81.65,81.46,82.97,79.38,116053,57102393.0,4.36,-1.14,-0.94,0.7,3.5900000000000034
2013-07-25,600811,82.03,80.7,82.59,80.51,108764,53857547.0,2.55,-0.93,-0.76,0.65,2.0799999999999983
2013-07-26,600811,79.95,79.57,80.14,79.0,101372,49171641.0,1.41,-1.4,-1.13,0.61,1.1400000000000006
2013-07-29,600811,78.62,76.92,78.62,76.73,99984,47404441.0,2.38,-3.33,-2.65,0.6,1.8900000000000006
2013-07-30,600811,76.92,78.06,79.76,76.92,85015,40631067.0,3.69,1.48,1.14,0.51,2.8400000000000034
2013-07-31,600811,78.43,77.87,79.38,77.49,61084,29258512.0,2.42,-0.24,-0.19,0.37,1.8900000000000006
2013-08-01,600811,78.06,84.29,85.05,77.68,268721,134482808.0,9.46,8.24,6.42,1.61,7.36999999999999
2013-08-02,600811,85.43,84.67,88.83,83.92,374784,195168799.0,5.83,0.45,0.38,2.25,4.909999999999997
2013-08-05,600811,83.92,85.24,85.24,83.16,182265,92846586.0,2.46,0.67,0.57,1.09,2.0799999999999983
2013-08-06,600811,84.86,94.5,95.07,83.73,748276,413594704.0,13.3,10.86,9.26,4.49,11.33999999999999
2013-08-07,600811,91.86,93.94,95.07,89.97,533577,294852688.0,5.4,-0.59,-0.56,3.2,5.099999999999994
2013-08-08,600811,91.86,91.86,94.31,91.1,245326,135826737.0,3.42,-2.21,-2.08,1.47,3.210000000000008
2013-08-09,600811,92.42,89.21,92.99,87.51,255147,137954973.0,5.97,-2.88,-2.65,1.53,5.47999999999999
2013-08-12,600811,89.97,91.29,92.42,88.26,233069,126836853.0,4.66,2.33,2.08,1.4,4.159999999999997
2013-08-13,600811,91.1,91.1,91.86,89.78,154133,83865647.0,2.28,-0.21,-0.19,0.92,2.0799999999999983
2013-08-14,600811,91.29,90.34,92.42,89.78,156880,85689906.0,2.9,-0.83,-0.76,0.94,2.6400000000000006
2013-08-15,600811,90.72,87.89,90.91,87.51,161751,86476046.0,3.76,-2.71,-2.45,0.97,3.3999999999999915
2013-08-16,600811,87.13,87.32,93.75,85.81,277546,148933291.0,9.03,-0.65,-0.57,1.67,7.939999999999998
2013-08-19,600811,85.43,88.45,89.02,84.86,125355,65891969.0,4.76,1.29,1.13,0.75,4.159999999999997
2013-08-20,600811,87.7,87.7,90.34,86.75,129308,68817805.0,4.06,-0.85,-0.75,0.78,3.5900000000000034
2013-08-21,600811,87.7,88.45,88.83,86.75,89098,47185003.0,2.37,0.86,0.75,0.53,2.0799999999999983
2013-08-22,600811,88.08,87.7,89.59,87.32,114403,60918988.0,2.57,-0.85,-0.75,0.69,2.2700000000000102
2013-08-23,600811,88.26,89.21,89.78,85.43,186881,99445255.0,4.96,1.72,1.51,1.12,4.349999999999994
2013-08-26,600811,89.97,91.86,92.04,89.02,195413,106699770.0,3.39,2.97,2.65,1.17,3.0200000000000102
2013-08-27,600811,92.04,92.42,92.8,90.34,172676,94751971.0,2.68,0.61,0.56,1.04,2.4599999999999937
2013-08-28,600811,91.48,91.67,92.61,90.53,171701,94190532.0,2.25,-0.81,-0.75,1.03,2.0799999999999983
2013-08-29,600811,92.23,95.83,98.85,90.91,342660,193824544.0,8.66,4.54,4.16,2.06,7.939999999999998
2013-08-30,600811,95.26,95.83,98.85,94.12,295502,169259687.0,4.94,0.0,0.0,1.77,4.72999999999999
2013-09-02,600811,95.83,92.42,96.01,90.72,255550,141780247.0,5.52,-3.56,-3.41,1.53,5.290000000000006
2013-09-03,600811,92.8,99.04,99.8,92.8,433240,250631408.0,7.57,7.16,6.62,2.6,7.0
2013-09-04,600811,98.47,97.34,98.66,96.39,198382,114936824.0,2.29,-1.72,-1.7,1.19,2.269999999999996
2013-09-05,600811,97.15,95.26,99.42,94.88,189755,109307299.0,4.66,-2.14,-2.08,1.14,4.540000000000006
2013-09-27,600811,99.23,99.04,104.71,97.15,570498,339375936.0,7.94,3.97,3.78,3.42,7.559999999999988
2013-09-30,600811,99.04,103.2,104.14,97.72,300250,181719083.0,6.48,4.2,4.16,1.8,6.420000000000002
2013-10-08,600811,102.82,102.25,103.77,99.8,254042,153992295.0,3.85,-0.92,-0.95,1.52,3.969999999999999
2013-10-09,600811,101.31,105.28,105.84,101.12,270934,166783123.0,4.62,2.96,3.03,1.63,4.719999999999999
2013-10-10,600811,104.9,106.03,110.19,103.95,367786,232815278.0,5.93,0.71,0.75,2.21,6.239999999999995
2013-10-11,600811,107.17,108.87,109.81,105.84,287853,182953577.0,3.74,2.68,2.84,1.73,3.969999999999999
2013-10-14,600811,106.41,104.9,108.68,104.71,341558,214137762.0,3.65,-3.65,-3.97,2.05,3.970000000000013
2013-10-15,600811,105.09,104.33,105.66,102.63,275348,168678720.0,2.89,-0.54,-0.57,1.65,3.030000000000001
2013-10-16,600811,103.77,99.42,103.77,98.66,226531,135719752.0,4.9,-4.71,-4.91,1.36,5.109999999999999
2013-10-17,600811,100.74,100.74,103.2,99.98,170358,102552227.0,3.24,1.33,1.32,1.02,3.219999999999999
2013-10-18,600811,100.55,101.31,102.63,100.17,114218,68564264.0,2.44,0.57,0.57,0.69,2.4599999999999937
2013-10-21,600811,102.82,106.41,106.6,101.5,244415,150682718.0,5.03,5.03,5.1,1.47,5.099999999999994
2013-10-22,600811,106.6,105.84,108.68,105.09,213247,134300636.0,3.37,-0.54,-0.57,1.28,3.5900000000000034
2013-10-23,600811,106.03,103.01,108.3,101.87,197050,121736915.0,6.08,-2.67,-2.83,1.18,6.429999999999993
2013-10-24,600811,102.44,100.17,102.82,99.98,141750,85107456.0,2.76,-2.76,-2.84,0.85,2.839999999999989
2013-10-25,600811,100.36,101.31,102.06,98.85,121479,72326201.0,3.2,1.14,1.14,0.73,3.210000000000008
2013-10-28,600811,100.93,104.14,104.71,100.36,162218,99084214.0,4.29,2.79,2.83,0.97,4.349999999999994
2013-10-29,600811,103.77,100.93,104.71,96.77,218975,130453181.0,7.62,-3.08,-3.21,1.31,7.939999999999998
2013-10-30,600811,99.42,101.87,102.82,99.42,101389,60861591.0,3.37,0.93,0.94,0.61,3.3999999999999915
2013-10-31,600811,103.2,103.58,106.03,102.44,160587,98701131.0,3.52,1.68,1.71,0.96,3.5900000000000034
2013-11-01,600811,104.14,101.12,104.14,99.04,175395,105055430.0,4.92,-2.37,-2.46,1.05,5.099999999999994
2013-11-04,600811,101.5,99.61,101.87,99.04,122898,73301297.0,2.8,-1.49,-1.51,0.74,2.8299999999999983
2013-11-05,600811,99.61,101.87,103.01,96.96,177038,105013476.0,6.07,2.27,2.26,1.06,6.050000000000011
2013-11-06,600811,101.87,100.17,102.25,99.42,109112,65233462.0,2.78,-1.67,-1.7,0.65,2.8299999999999983
2013-11-07,600811,100.17,100.17,101.87,97.91,127709,76164723.0,3.95,0.0,0.0,0.77,3.960000000000008
2013-11-08,600811,99.61,100.55,103.2,98.85,197753,118811041.0,4.34,0.38,0.38,1.19,4.3500000000000085
2013-11-11,600811,99.61,98.09,100.55,97.53,119568,70144312.0,3.0,-2.45,-2.46,0.72,3.019999999999996
2013-11-12,600811,98.47,98.66,99.61,97.91,83869,49163943.0,1.73,0.58,0.57,0.5,1.7000000000000028
2013-11-13,600811,97.91,103.2,107.73,94.88,400705,239937259.0,13.02,4.6,4.54,2.4,12.850000000000009
2013-11-14,600811,102.25,102.63,105.28,101.5,312142,190696521.0,3.66,-0.55,-0.57,1.87,3.780000000000001
2013-11-15,600811,102.44,106.03,108.3,102.25,395402,246433765.0,5.89,3.31,3.4,2.37,6.049999999999997
2013-11-18,600811,106.98,110.57,111.7,105.84,553884,355524336.0,5.53,4.28,4.54,3.32,5.859999999999999
2013-12-10,600811,117.94,112.84,118.13,112.08,729875,490331600.0,5.47,2.05,2.27,4.38,6.049999999999997
2013-12-11,600811,112.65,121.53,123.99,111.33,739531,515593072.0,11.22,7.7,8.69,4.44,12.659999999999997
2013-12-12,600811,121.35,120.21,121.72,117.94,397725,278095360.0,3.11,-1.09,-1.32,2.39,3.780000000000001
2013-12-13,600811,118.51,123.24,123.8,118.13,448267,318073744.0,4.72,2.52,3.03,2.69,5.670000000000002
2013-12-16,600811,127.58,120.4,130.99,120.02,569535,414065040.0,8.9,-2.3,-2.84,3.42,10.970000000000013
2013-12-17,600811,119.83,120.02,121.35,115.49,309364,213568683.0,4.87,-0.32,-0.38,1.86,5.859999999999999
2013-12-18,600811,118.89,116.24,120.97,114.54,215103,147946353.0,5.36,-3.15,-3.78,1.29,6.429999999999993
2013-12-19,600811,117.0,112.84,117.56,112.08,206767,138786577.0,4.71,-2.92,-3.4,1.24,5.480000000000004
2013-12-20,600811,113.03,114.16,115.67,111.7,176311,117578890.0,3.52,1.17,1.32,1.06,3.969999999999999
2013-12-23,600811,114.16,115.49,117.94,113.59,198897,134499101.0,3.81,1.17,1.33,1.19,4.349999999999994
2013-12-24,600811,115.49,117.56,117.75,112.84,213615,144582052.0,4.25,1.79,2.07,1.28,4.909999999999997
2013-12-25,600811,117.56,116.81,117.75,115.11,143731,97734369.0,2.25,-0.64,-0.75,0.86,2.6400000000000006
2013-12-26,600811,116.05,105.84,116.62,105.47,421616,272909952.0,9.55,-9.39,-10.97,2.53,11.150000000000006
2013-12-27,600811,105.66,106.6,108.3,105.28,193563,121861179.0,2.85,0.72,0.76,1.16,3.019999999999996
2013-12-30,600811,107.73,106.03,107.92,104.14,173597,108719678.0,3.55,-0.53,-0.57,1.04,3.780000000000001
2013-12-31,600811,106.03,106.79,107.73,105.28,106374,66843723.0,2.31,0.72,0.76,0.64,2.450000000000003
2014-01-02,600811,106.03,106.03,107.36,105.66,106841,66886493.0,1.59,-0.71,-0.76,0.64,1.7000000000000028
2014-01-03,600811,105.28,102.06,106.22,100.93,277014,167817722.0,4.99,-3.74,-3.97,1.66,5.289999999999992
2014-01-06,600811,100.93,98.85,100.93,98.47,128721,75920323.0,2.41,-3.15,-3.21,0.77,2.460000000000008
2014-01-07,600811,98.85,99.61,100.36,98.66,91783,54166668.0,1.72,0.77,0.76,0.55,1.7000000000000028
2014-01-08,600811,99.42,101.12,101.69,98.85,105071,62540668.0,2.85,1.52,1.51,0.63,2.8400000000000034
2014-01-09,600811,100.93,98.47,102.06,97.91,93111,55572786.0,4.1,-2.62,-2.65,0.56,4.150000000000006
2014-01-10,600811,98.47,100.36,102.44,97.91,126728,75322245.0,4.6,1.92,1.89,0.76,4.530000000000001
2014-01-13,600811,102.25,97.15,103.2,96.2,143720,84370000.0,6.97,-3.2,-3.21,0.86,7.0
2014-01-14,600811,96.58,98.28,98.47,94.88,88554,51140515.0,3.7,1.16,1.13,0.53,3.5900000000000034
2014-01-15,600811,98.66,98.47,98.85,96.2,94303,54611210.0,2.7,0.19,0.19,0.57,2.6499999999999915
2014-01-16,600811,97.91,99.61,101.31,96.96,127760,75313427.0,4.42,1.16,1.14,0.77,4.3500000000000085
2014-01-17,600811,98.66,99.04,101.12,97.72,96918,57065538.0,3.41,-0.57,-0.57,0.58,3.4000000000000057
2014-01-20,600811,99.61,98.66,100.93,97.53,79443,46774764.0,3.43,-0.38,-0.38,0.48,3.4000000000000057
2014-01-21,600811,99.23,100.17,100.55,98.47,69545,41181385.0,2.11,1.53,1.51,0.42,2.0799999999999983
2014-01-22,600811,99.8,102.06,102.63,99.42,170955,102561751.0,3.2,1.89,1.89,1.03,3.2099999999999937
2014-01-23,600811,102.06,100.17,102.25,99.8,158069,94627827.0,2.4,-1.85,-1.89,0.95,2.450000000000003
2014-01-24,600811,99.61,102.82,103.01,99.42,147598,88695596.0,3.58,2.65,2.65,0.89,3.5900000000000034
2014-01-27,600811,102.06,100.93,102.25,100.17,99829,59725881.0,2.02,-1.84,-1.89,0.6,2.0799999999999983
2014-01-28,600811,101.87,100.93,101.87,100.17,63184,37720326.0,1.68,0.0,0.0,0.38,1.7000000000000028
2014-01-29,600811,101.12,102.44,102.63,100.55,140259,84509611.0,2.06,1.5,1.51,0.84,2.0799999999999983
2014-01-30,600811,102.25,99.04,102.25,98.85,109909,65439429.0,3.32,-3.32,-3.4,0.66,3.4000000000000057
2014-02-07,600811,99.04,99.23,99.61,97.72,82063,48140772.0,1.91,0.19,0.19,0.49,1.8900000000000006
2014-02-10,600811,98.85,102.25,102.82,98.66,197817,119136454.0,4.19,3.04,3.02,1.19,4.159999999999997
2014-02-11,600811,102.25,103.95,104.52,102.06,204985,125458144.0,2.41,1.66,1.7,1.23,2.4599999999999937
2014-02-12,600811,104.33,106.6,107.17,102.44,263193,162588597.0,4.55,2.55,2.65,1.58,4.730000000000004
2014-02-13,600811,106.22,104.71,107.55,104.33,209867,130872259.0,3.02,-1.77,-1.89,1.26,3.219999999999999
2014-02-14,600811,104.71,104.9,106.03,103.95,142193,88058099.0,1.99,0.18,0.19,0.85,2.0799999999999983
2014-02-17,600811,105.47,106.79,107.73,105.47,162774,102185480.0,2.15,1.8,1.89,0.98,2.260000000000005
2014-02-18,600811,106.98,108.87,110.19,106.41,272241,173766965.0,3.54,1.95,2.08,1.63,3.780000000000001
2014-02-19,600811,108.49,107.92,110.19,106.98,232797,148488853.0,2.95,-0.87,-0.95,1.4,3.2099999999999937
2014-02-20,600811,108.49,105.84,110.19,105.66,200056,127039233.0,4.2,-1.93,-2.08,1.2,4.530000000000001
2014-02-21,600811,105.84,105.66,107.92,104.33,113074,70561560.0,3.39,-0.17,-0.18,0.68,3.5900000000000034
2014-02-24,600811,104.52,104.33,105.09,103.77,111294,68633092.0,1.25,-1.26,-1.33,0.67,1.3200000000000074
2014-02-25,600811,104.71,98.09,104.71,97.72,211909,127306254.0,6.7,-5.98,-6.24,1.27,6.989999999999995
2014-02-26,600811,97.34,98.47,99.04,95.64,123262,71262259.0,3.47,0.39,0.38,0.74,3.4000000000000057
2014-02-27,600811,98.47,96.01,99.61,95.64,118594,69113225.0,4.03,-2.5,-2.46,0.71,3.969999999999999
2014-02-28,600811,96.96,97.91,98.85,94.31,99534,57260844.0,4.73,1.98,1.9,0.6,4.539999999999992
2014-03-03,600811,97.91,99.04,99.42,97.15,94139,55100948.0,2.32,1.15,1.13,0.56,2.269999999999996
2014-03-04,600811,98.47,97.34,98.85,96.77,101413,58841424.0,2.1,-1.72,-1.7,0.61,2.0799999999999983
2014-03-05,600811,97.91,96.58,98.28,96.2,86407,50081991.0,2.14,-0.78,-0.76,0.52,2.0799999999999983
2014-03-06,600811,96.77,97.91,98.09,94.31,90082,51664271.0,3.91,1.38,1.33,0.54,3.780000000000001
2014-03-07,600811,97.53,96.01,98.28,95.64,69107,39835342.0,2.7,-1.94,-1.9,0.41,2.6400000000000006
2014-03-10,600811,94.88,89.97,95.45,85.24,163961,90012319.0,10.63,-6.29,-6.04,0.98,10.210000000000008
2014-03-11,600811,89.97,89.97,90.34,88.83,59736,32179104.0,1.68,0.0,0.0,0.36,1.5100000000000051
2014-03-12,600811,89.4,89.78,90.53,88.08,97805,52407647.0,2.72,-0.21,-0.19,0.59,2.450000000000003
2014-03-13,600811,89.59,90.72,92.04,89.4,82868,45133091.0,2.94,1.05,0.94,0.5,2.6400000000000006
2014-03-14,600811,90.53,90.34,91.86,89.59,64987,35252070.0,2.5,-0.42,-0.38,0.39,2.269999999999996
2014-03-17,600811,91.1,92.8,93.18,90.15,106272,58632657.0,3.35,2.72,2.46,0.64,3.030000000000001
2014-03-18,600811,92.23,93.75,95.45,92.23,110191,61879841.0,3.47,1.02,0.95,0.66,3.219999999999999
2014-03-19,600811,92.99,93.94,94.31,91.48,106630,59254422.0,3.02,0.2,0.19,0.64,2.8299999999999983
2014-03-20,600811,93.75,93.75,97.15,93.37,127510,72329507.0,4.02,-0.2,-0.19,0.76,3.780000000000001
2014-03-21,600811,93.37,96.96,98.09,92.99,263293,150881639.0,5.44,3.42,3.21,1.58,5.1000000000000085
2014-03-24,600811,96.58,99.98,100.36,96.01,202377,118833948.0,4.49,3.11,3.02,1.21,4.349999999999994
2014-03-25,600811,99.8,98.66,100.55,97.53,123612,72671064.0,3.02,-1.32,-1.32,0.74,3.019999999999996
2014-03-26,600811,98.66,98.09,100.17,98.09,77236,45299622.0,2.11,-0.58,-0.57,0.46,2.0799999999999983
2014-03-27,600811,97.91,98.66,99.98,97.34,93550,54778996.0,2.69,0.58,0.57,0.56,2.6400000000000006
2014-03-28,600811,97.53,98.09,100.74,96.77,92726,54326338.0,4.02,-0.58,-0.57,0.56,3.969999999999999
2014-03-31,600811,98.09,99.42,99.8,97.34,75679,44329626.0,2.51,1.36,1.33,0.45,2.4599999999999937
2014-04-01,600811,97.53,94.69,97.91,93.37,211176,120160915.0,4.57,-4.76,-4.73,1.27,4.539999999999992
2014-04-02,600811,94.69,94.31,95.45,92.99,92325,52014856.0,2.6,-0.4,-0.38,0.55,2.460000000000008
2014-04-03,600811,94.5,93.75,95.26,93.56,62310,35038015.0,1.8,-0.59,-0.56,0.37,1.7000000000000028
2014-04-04,600811,93.75,93.94,94.69,92.8,58827,33027046.0,2.02,0.2,0.19,0.35,1.8900000000000006
2014-04-08,600811,93.94,104.52,104.52,93.37,474530,286997072.0,11.87,11.26,10.58,2.85,11.149999999999991
2014-04-09,600811,105.09,104.9,105.84,103.95,344928,213188564.0,1.81,0.36,0.38,2.07,1.8900000000000006
2014-04-10,600811,105.66,103.95,106.41,102.82,309230,190468742.0,3.42,-0.91,-0.95,1.86,3.5900000000000034
2014-04-11,600811,103.77,104.71,106.22,103.58,286702,177853141.0,2.54,0.73,0.76,1.72,2.6400000000000006
2014-04-14,600811,104.71,105.84,106.03,103.77,168981,104735576.0,2.16,1.08,1.13,1.01,2.260000000000005
2014-04-15,600811,105.84,102.25,106.03,101.5,192820,117742594.0,4.28,-3.39,-3.59,1.16,4.530000000000001
2014-04-16,600811,102.25,103.39,103.77,101.87,105384,64096130.0,1.86,1.11,1.14,0.63,1.8999999999999915
2014-04-17,600811,103.2,102.44,103.95,102.06,112591,68417189.0,1.83,-0.92,-0.95,0.68,1.8900000000000006
2014-04-18,600811,102.25,102.82,103.58,100.93,106866,64732804.0,2.59,0.37,0.38,0.64,2.6499999999999915
2014-04-21,600811,101.5,99.8,102.82,99.61,115736,69537462.0,3.12,-2.94,-3.02,0.69,3.2099999999999937
2014-04-22,600811,99.61,100.17,100.74,98.09,110295,64904728.0,2.66,0.37,0.37,0.66,2.6499999999999915
2014-04-23,600811,99.61,98.47,100.74,97.72,86580,51131613.0,3.01,-1.7,-1.7,0.52,3.019999999999996
2014-04-24,600811,98.47,96.77,98.47,95.83,87447,50499668.0,2.68,-1.73,-1.7,0.52,2.6400000000000006
2014-04-25,600811,97.15,95.07,98.66,94.69,85962,49434131.0,4.1,-1.76,-1.7,0.52,3.969999999999999
2014-04-28,600811,96.01,94.31,96.58,93.18,109715,61931370.0,3.58,-0.8,-0.76,0.66,3.3999999999999915
2014-04-29,600811,94.69,95.45,96.2,93.18,78823,44510289.0,3.2,1.21,1.14,0.47,3.019999999999996
2014-04-30,600811,94.5,94.31,95.26,93.37,89185,50224442.0,1.98,-1.19,-1.14,0.54,1.8900000000000006
2014-05-05,600811,94.5,93.75,94.88,92.61,88480,49381789.0,2.41,-0.59,-0.56,0.53,2.269999999999996
2014-05-06,600811,93.94,95.64,96.2,92.99,106971,60701840.0,3.42,2.02,1.89,0.64,3.210000000000008
2014-05-07,600811,94.88,94.31,95.26,93.75,68246,38465991.0,1.58,-1.39,-1.33,0.41,1.5100000000000051
2014-05-08,600811,94.69,94.5,96.96,93.75,59013,33515211.0,3.4,0.2,0.19,0.35,3.2099999999999937
2014-05-09,600811,95.07,94.31,95.64,93.94,47036,26568133.0,1.8,-0.2,-0.19,0.28,1.7000000000000028
2014-05-12,600811,95.07,96.77,97.72,94.69,86569,49824847.0,3.21,2.61,2.46,0.52,3.030000000000001
2014-05-13,600811,96.39,96.2,97.53,95.64,55427,31828832.0,1.95,-0.59,-0.57,0.33,1.8900000000000006
2014-05-14,600811,95.64,96.39,97.15,95.64,44659,25642797.0,1.57,0.2,0.19,0.27,1.5100000000000051
2014-05-15,600811,96.58,93.37,96.58,93.18,60371,34152615.0,3.53,-3.13,-3.02,0.36,3.3999999999999915
2014-05-16,600811,93.18,93.75,94.5,92.61,62455,34843735.0,2.02,0.41,0.38,0.37,1.8900000000000006
2014-05-19,600811,93.56,92.04,93.75,90.91,87527,48123970.0,3.03,-1.82,-1.71,0.53,2.8400000000000034
2014-05-20,600811,92.61,92.04,93.37,91.86,36396,20166275.0,1.64,0.0,0.0,0.22,1.5100000000000051
2014-05-21,600811,91.86,92.99,93.18,90.91,43292,23950861.0,2.47,1.03,0.95,0.26,2.2700000000000102
2014-05-22,600811,92.99,92.23,94.5,92.04,48382,26999017.0,2.65,-0.82,-0.76,0.29,2.4599999999999937
2014-05-23,600811,92.04,92.8,93.56,91.29,47378,26235010.0,2.46,0.62,0.57,0.28,2.269999999999996
2014-05-26,600811,94.5,93.37,94.5,92.8,43433,24233591.0,1.83,0.61,0.57,0.26,1.7000000000000028
2014-05-27,600811,92.99,92.23,93.37,92.04,55795,30891870.0,1.42,-1.22,-1.14,0.33,1.3299999999999983
2014-05-28,600811,92.23,92.8,92.8,90.91,95713,52602831.0,2.05,0.62,0.57,0.57,1.8900000000000006
2014-05-29,600811,92.8,91.1,93.18,91.1,67646,37271913.0,2.24,-1.83,-1.7,0.41,2.0800000000000125
2014-05-30,600811,90.91,91.29,91.86,89.59,70618,38437039.0,2.49,0.21,0.19,0.42,2.269999999999996
2014-06-03,600811,91.48,90.15,92.23,89.97,54725,29879500.0,2.48,-1.25,-1.14,0.33,2.260000000000005
2014-06-04,600811,90.53,88.08,90.53,87.32,100910,53542263.0,3.56,-2.3,-2.07,0.61,3.210000000000008
2014-06-05,600811,88.08,88.26,88.45,86.0,166998,87480234.0,2.78,0.2,0.18,1.0,2.450000000000003
2014-06-06,600811,88.08,85.43,88.08,83.92,225129,116332494.0,4.71,-3.21,-2.83,1.35,4.159999999999997
2014-06-09,600811,85.24,84.86,86.37,84.48,84486,43604044.0,2.21,-0.67,-0.57,0.51,1.8900000000000006
2014-06-10,600811,85.24,85.81,86.37,84.86,97458,50445396.0,1.78,1.12,0.95,0.58,1.5100000000000051
2014-06-11,600811,85.81,86.56,86.75,85.62,74657,38857632.0,1.32,0.87,0.75,0.45,1.1299999999999955
2014-06-12,600811,86.18,85.81,86.75,85.24,68891,35729512.0,1.74,-0.87,-0.75,0.41,1.5100000000000051
2014-06-13,600811,86.0,86.94,87.89,85.24,193996,101543376.0,3.09,1.32,1.13,1.16,2.6500000000000057
2014-06-16,600811,87.32,87.51,87.7,86.56,154564,81171121.0,1.31,0.66,0.57,0.93,1.1400000000000006
2014-06-17,600811,87.13,86.56,87.32,86.18,87440,45692366.0,1.3,-1.09,-0.95,0.52,1.1399999999999864
2014-06-18,600811,86.75,85.62,86.75,85.43,76636,39767931.0,1.52,-1.09,-0.94,0.46,1.3199999999999932
2014-06-19,600811,85.81,82.4,86.0,82.22,95467,48164938.0,4.41,-3.76,-3.22,0.57,3.780000000000001
2014-06-20,600811,82.22,82.97,83.16,82.03,60422,30122219.0,1.37,0.69,0.57,0.36,1.1299999999999955
2014-06-23,600811,82.97,82.59,83.92,82.03,126028,63085598.0,2.28,-0.46,-0.38,0.76,1.8900000000000006
2014-06-24,600811,82.78,86.18,86.56,82.59,183945,93535566.0,4.81,4.35,3.59,1.1,3.969999999999999
2014-06-25,600811,85.62,85.24,86.0,84.29,111303,56847250.0,1.98,-1.09,-0.94,0.67,1.7099999999999937
2014-06-26,600811,85.81,86.37,86.56,85.05,163366,84308748.0,1.77,1.33,1.13,0.98,1.5100000000000051
2014-06-27,600811,85.62,86.94,87.51,85.62,111883,58132706.0,2.19,0.66,0.57,0.67,1.8900000000000006
2014-06-30,600811,87.13,86.56,87.51,86.37,90638,47200177.0,1.31,-0.44,-0.38,0.54,1.1400000000000006
2014-07-01,600811,86.75,87.51,87.7,86.37,84883,44301059.0,1.54,1.1,0.95,0.51,1.3299999999999983
2014-07-02,600811,87.13,87.32,87.51,86.18,124244,64738097.0,1.52,-0.22,-0.19,0.75,1.3299999999999983
2014-07-03,600811,87.32,87.32,87.7,86.75,93628,49016305.0,1.09,0.0,0.0,0.56,0.9500000000000028
2014-07-04,600811,87.32,88.45,89.21,87.13,129672,68252361.0,2.38,1.29,1.13,0.78,2.0799999999999983
2014-07-07,600811,88.08,91.86,93.37,88.08,280905,151647112.0,5.98,3.86,3.41,1.69,5.290000000000006
2014-07-08,600811,91.1,92.04,92.8,90.15,244057,132869083.0,2.88,0.2,0.18,1.46,2.6499999999999915
2014-07-09,600811,91.1,94.12,99.42,91.1,374180,209257741.0,9.04,2.26,2.08,2.24,8.320000000000007
2014-07-10,600811,93.18,93.75,95.26,92.23,235219,130745273.0,3.22,-0.39,-0.37,1.41,3.030000000000001
2014-07-11,600811,92.99,91.48,94.12,91.29,218142,119832630.0,3.02,-2.42,-2.27,1.31,2.8299999999999983
2014-07-14,600811,92.04,91.86,92.42,90.53,110867,60524161.0,2.07,0.42,0.38,0.67,1.8900000000000006
2014-07-15,600811,91.67,92.42,92.8,91.48,107280,58941803.0,1.44,0.61,0.56,0.64,1.3199999999999932
2014-07-16,600811,92.42,91.1,93.18,90.91,106965,58575235.0,2.46,-1.43,-1.32,0.64,2.2700000000000102
2014-07-17,600811,91.29,89.97,91.48,89.21,87386,46984794.0,2.49,-1.24,-1.13,0.52,2.2700000000000102
2014-07-18,600811,89.97,91.1,91.48,89.59,97117,52548830.0,2.1,1.26,1.13,0.58,1.8900000000000006
2014-07-21,600811,91.67,90.34,91.67,89.97,72039,38947778.0,1.87,-0.83,-0.76,0.43,1.7000000000000028
2014-07-22,600811,90.15,91.1,91.48,89.97,102940,55796868.0,1.67,0.84,0.76,0.62,1.5100000000000051
2014-07-23,600811,91.1,91.48,92.61,89.97,139647,76036285.0,2.9,0.42,0.38,0.84,2.6400000000000006
2014-07-24,600811,91.67,92.99,93.75,91.1,245020,135265712.0,2.9,1.65,1.51,1.47,2.6500000000000057
2014-07-25,600811,93.37,93.75,93.75,92.23,174328,96516706.0,1.63,0.82,0.76,1.05,1.519999999999996
2014-07-28,600811,94.12,96.01,97.72,93.94,400020,227581036.0,4.03,2.41,2.26,2.4,3.780000000000001
2014-07-29,600811,96.2,96.58,97.15,94.88,286947,163013652.0,2.36,0.59,0.57,1.72,2.2700000000000102
2014-07-30,600811,96.2,95.64,96.77,94.88,198425,112595876.0,1.96,-0.97,-0.94,1.19,1.8900000000000006
2014-07-31,600811,95.45,96.58,96.77,94.69,166337,94388601.0,2.17,0.98,0.94,1.0,2.0799999999999983
2014-08-01,600811,96.2,95.45,99.61,95.07,317327,183019977.0,4.7,-1.17,-1.13,1.9,4.540000000000006
2014-08-04,600811,96.39,97.53,97.72,95.64,208759,119823238.0,2.18,2.18,2.08,1.25,2.0799999999999983
2014-08-05,600811,97.53,97.72,98.28,96.58,176567,101702204.0,1.74,0.19,0.19,1.06,1.7000000000000028
2014-08-06,600811,97.34,97.53,97.72,96.2,168523,96822448.0,1.56,-0.19,-0.19,1.01,1.519999999999996
2014-08-07,600811,97.72,95.26,99.04,94.69,220897,126838652.0,4.46,-2.33,-2.27,1.33,4.3500000000000085
2014-08-08,600811,95.26,95.45,96.39,94.69,125805,71195401.0,1.78,0.2,0.19,0.75,1.7000000000000028
2014-08-11,600811,95.45,97.91,98.47,95.07,231043,132916291.0,3.56,2.58,2.46,1.39,3.4000000000000057
2014-08-12,600811,98.09,99.61,100.55,97.72,353790,207736035.0,2.89,1.74,1.7,2.12,2.8299999999999983
2014-08-13,600811,99.42,98.85,100.17,97.53,173342,101074823.0,2.65,-0.76,-0.76,1.04,2.6400000000000006
2014-08-14,600811,98.66,97.15,98.85,96.96,203698,118212163.0,1.91,-1.72,-1.7,1.22,1.8900000000000006
2014-08-15,600811,97.15,98.28,98.85,96.58,194032,112573635.0,2.34,1.16,1.13,1.16,2.269999999999996
2014-08-18,600811,98.47,99.42,99.61,97.91,205342,119883352.0,1.73,1.16,1.14,1.23,1.7000000000000028
2014-08-19,600811,99.42,101.31,102.25,97.72,432691,255979637.0,4.56,1.9,1.89,2.6,4.530000000000001
2014-08-20,600811,101.87,101.5,105.28,100.55,434204,262895746.0,4.67,0.19,0.19,2.61,4.730000000000004
2014-08-21,600811,101.69,103.39,103.77,100.74,340941,205316970.0,2.99,1.86,1.89,2.05,3.030000000000001
2014-08-22,600811,103.01,102.06,103.58,100.55,230252,138132394.0,2.93,-1.29,-1.33,1.38,3.030000000000001
2014-08-25,600811,101.31,99.98,102.06,99.42,182386,108230259.0,2.59,-2.04,-2.08,1.09,2.6400000000000006
2014-08-26,600811,99.8,97.72,100.74,97.53,180802,105534028.0,3.21,-2.26,-2.26,1.08,3.2099999999999937
2014-08-27,600811,99.61,99.42,102.25,99.23,209063,124000547.0,3.09,1.74,1.7,1.25,3.019999999999996
2014-08-28,600811,98.85,98.28,99.61,97.53,124786,72538017.0,2.09,-1.15,-1.14,0.75,2.0799999999999983
2014-08-29,600811,98.09,99.23,99.98,97.72,112887,65868966.0,2.3,0.97,0.95,0.68,2.260000000000005
2014-09-01,600811,99.23,100.36,100.93,98.85,142358,84003576.0,2.1,1.14,1.13,0.85,2.0800000000000125
2014-09-02,600811,100.17,101.87,102.06,99.8,214804,128105513.0,2.25,1.5,1.51,1.29,2.260000000000005
2014-09-03,600811,102.25,102.25,102.82,101.5,202168,121583558.0,1.3,0.37,0.38,1.21,1.3199999999999932
2014-09-04,600811,102.63,102.82,103.01,101.5,232932,140298293.0,1.48,0.56,0.57,1.4,1.5100000000000051
2014-09-05,600811,103.2,103.01,103.39,102.06,238926,144619187.0,1.29,0.18,0.19,1.43,1.3299999999999983
2014-09-09,600811,103.01,102.44,103.39,101.87,225733,136301021.0,1.48,-0.55,-0.57,1.35,1.519999999999996
2014-09-10,600811,102.44,102.63,103.01,101.12,235881,141605030.0,1.84,0.19,0.19,1.42,1.8900000000000006
2014-09-11,600811,102.63,103.39,106.03,102.25,488624,299519120.0,3.68,0.74,0.76,2.93,3.780000000000001
2014-09-12,600811,103.39,104.9,105.09,102.44,280618,171389041.0,2.56,1.46,1.51,1.68,2.6500000000000057
2014-09-15,600811,105.66,108.11,108.3,104.52,414020,258618273.0,3.6,3.06,3.21,2.48,3.780000000000001
2014-09-16,600811,108.11,103.2,108.49,102.82,436732,271101248.0,5.24,-4.54,-4.91,2.62,5.670000000000002
2014-09-17,600811,103.2,104.71,104.9,103.01,212927,130074483.0,1.83,1.46,1.51,1.28,1.8900000000000006
2014-09-18,600811,104.71,106.22,106.79,103.77,263439,163523694.0,2.88,1.44,1.51,1.58,3.0200000000000102
2014-09-19,600811,106.41,108.87,109.25,105.09,397101,250097331.0,3.92,2.49,2.65,2.38,4.159999999999997
2014-09-22,600811,108.3,108.3,111.33,106.79,385065,245188441.0,4.17,-0.52,-0.57,2.31,4.539999999999992
2014-09-23,600811,108.68,120.21,120.21,108.68,1133304,780512176.0,10.65,11.0,11.91,6.8,11.529999999999987
2014-09-24,600811,122.86,120.59,122.86,119.27,1415742,992235600.0,2.99,0.32,0.38,8.49,3.5900000000000034
2014-09-25,600811,122.1,121.16,127.02,120.02,1099940,785165952.0,5.8,0.47,0.57,6.6,7.0
2014-09-26,600811,120.97,124.94,129.47,120.21,961888,696114784.0,7.64,3.12,3.78,5.77,9.260000000000005
2014-09-29,600811,125.69,126.26,129.85,123.61,841507,614730400.0,4.99,1.06,1.32,5.05,6.239999999999995
2014-09-30,600811,123.99,122.67,125.13,119.83,805206,571861232.0,4.2,-2.84,-3.59,4.83,5.299999999999997
2014-10-08,600811,123.42,125.13,126.07,122.29,583961,420904016.0,3.08,2.01,2.46,3.5,3.779999999999987
2014-10-09,600811,124.56,124.37,126.64,122.67,436637,313865936.0,3.17,-0.61,-0.76,2.62,3.969999999999999
2014-10-10,600811,124.18,125.5,129.1,123.61,681177,495742976.0,4.41,0.91,1.13,4.09,5.489999999999995
2014-10-13,600811,125.32,125.32,125.69,122.67,381711,273714624.0,2.41,-0.14,-0.18,2.29,3.019999999999996
2014-10-14,600811,124.75,123.99,127.02,123.05,387633,279665968.0,3.17,-1.06,-1.33,2.33,3.969999999999999
2014-10-15,600811,123.24,122.48,123.61,120.4,348529,245750142.0,2.59,-1.22,-1.51,2.09,3.2099999999999937
2014-10-16,600811,121.91,121.35,123.99,120.97,355551,252068913.0,2.47,-0.92,-1.13,2.13,3.019999999999996
2014-10-17,600811,120.78,117.0,122.1,115.49,357232,245503829.0,5.45,-3.58,-4.35,2.14,6.609999999999999
2014-10-20,600811,118.51,120.21,120.97,117.56,274558,190066237.0,2.91,2.74,3.21,1.65,3.4099999999999966
2014-10-21,600811,119.45,117.75,122.1,117.19,278389,193426252.0,4.08,-2.05,-2.46,1.67,4.909999999999997
2014-10-22,600811,118.51,115.49,119.64,115.11,240495,163834534.0,3.85,-1.92,-2.26,1.44,4.530000000000001
2014-10-23,600811,115.11,112.46,116.43,111.52,297110,197118577.0,4.25,-2.62,-3.03,1.78,4.910000000000011
2014-10-24,600811,112.84,112.27,113.59,111.7,198330,130357455.0,1.68,-0.17,-0.19,1.19,1.8900000000000006
2014-10-27,600811,111.52,112.65,113.22,111.14,160580,105083447.0,1.85,0.34,0.38,0.96,2.0799999999999983
2014-10-28,600811,113.59,115.86,116.43,113.03,226409,151459855.0,3.02,2.85,3.21,1.36,3.4000000000000057
2014-10-29,600811,116.62,118.13,119.45,115.86,353781,242714633.0,3.1,1.96,2.27,2.12,3.5900000000000034
2014-10-30,600811,117.75,118.89,119.27,117.56,270816,186482918.0,1.45,0.64,0.76,1.62,1.7099999999999937
2014-10-31,600811,120.4,122.48,123.8,119.64,541413,382363472.0,3.5,3.02,3.59,3.25,4.159999999999997
2014-11-03,600811,123.05,122.67,123.61,121.72,323990,229913196.0,1.54,0.16,0.19,1.94,1.8900000000000006
2014-11-04,600811,122.67,121.16,122.67,120.02,311987,218812114.0,2.16,-1.23,-1.51,1.87,2.6500000000000057
2014-11-05,600811,120.78,123.99,125.32,119.83,468753,333070336.0,4.53,2.34,2.83,2.81,5.489999999999995
2014-11-06,600811,123.42,122.29,123.61,120.59,277195,195858069.0,2.44,-1.37,-1.7,1.66,3.019999999999996
2014-11-07,600811,122.67,122.1,125.69,121.16,565453,405425600.0,3.7,-0.16,-0.19,3.39,4.530000000000001
2014-11-10,600811,124.56,123.99,125.5,122.29,393985,281636224.0,2.63,1.55,1.89,2.36,3.2099999999999937
2014-11-11,600811,124.56,126.64,133.63,124.18,1079506,797072320.0,7.62,2.14,2.65,6.48,9.449999999999989
2014-11-12,600811,125.5,130.42,130.61,124.56,634293,465486384.0,4.78,2.98,3.78,3.81,6.050000000000011
2014-11-13,600811,130.8,133.44,138.36,129.85,1120069,862251120.0,6.53,2.32,3.02,6.72,8.51000000000002
2014-11-14,600811,132.12,128.53,134.2,127.02,563140,420609120.0,5.38,-3.68,-4.91,3.38,7.179999999999993
2014-11-17,600811,129.28,128.15,130.8,127.02,442779,329206816.0,2.94,-0.3,-0.38,2.66,3.7800000000000153
2014-11-18,600811,127.77,128.53,130.99,127.21,392236,291840464.0,2.95,0.3,0.38,2.35,3.7800000000000153
2014-11-19,600811,128.34,124.56,128.72,124.18,454666,330578352.0,3.53,-3.09,-3.97,2.73,4.539999999999992
2014-11-20,600811,123.99,124.56,125.88,123.24,216580,156379165.0,2.12,0.0,0.0,1.3,2.6400000000000006
2014-11-21,600811,125.69,129.47,130.04,123.42,656484,481119168.0,5.31,3.94,4.91,3.94,6.61999999999999
2014-11-24,600811,131.18,134.01,137.41,129.28,1017805,784862672.0,6.28,3.51,4.54,6.11,8.129999999999995
2014-11-25,600811,133.07,134.2,134.96,131.74,633367,485732208.0,2.4,0.14,0.19,3.8,3.219999999999999
2014-11-26,600811,135.14,138.55,138.74,134.01,860436,674602416.0,3.52,3.24,4.35,5.16,4.730000000000018
2014-11-27,600811,139.87,141.76,142.71,137.98,990088,795635024.0,3.41,2.32,3.21,5.94,4.730000000000018
2014-11-28,600811,142.14,143.08,145.35,138.93,965381,783090432.0,4.53,0.93,1.32,5.79,6.4199999999999875
2014-12-01,600811,144.22,137.6,145.35,137.04,901764,728202208.0,5.81,-3.83,-5.48,5.41,8.310000000000002
2014-12-02,600811,137.79,148.57,151.59,137.6,1275405,1054597776.0,10.17,7.97,10.97,7.65,13.990000000000009
2014-12-03,600811,152.16,161.8,162.37,149.13,1961252,1729093200.0,8.91,8.9,13.23,11.77,13.240000000000009
2014-12-04,600811,156.69,169.17,171.82,155.75,1760256,1628409664.0,9.93,4.56,7.37,10.56,16.069999999999993
2014-12-05,600811,169.93,164.45,175.41,156.88,1655608,1562477680.0,10.95,-2.79,-4.72,9.93,18.53
2014-12-08,600811,161.42,170.68,175.22,158.21,1374985,1308022240.0,10.34,3.79,6.23,8.25,17.00999999999999
2014-12-09,600811,169.55,160.48,184.1,156.69,1590233,1545959952.0,16.06,-5.98,-10.2,9.54,27.409999999999997
2014-12-10,600811,160.66,164.82,165.77,154.24,914829,833677136.0,7.18,2.7,4.34,5.49,11.530000000000001
2014-12-11,600811,162.37,160.66,165.58,158.77,645269,592912320.0,4.13,-2.52,-4.16,3.87,6.810000000000002
2014-12-12,600811,159.91,161.23,165.58,159.53,549270,504499872.0,3.77,0.35,0.57,3.3,6.050000000000011
2014-12-15,600811,160.29,164.26,165.01,157.07,567874,518711280.0,4.92,1.88,3.03,3.41,7.939999999999998
2014-12-16,600811,163.88,173.33,174.46,163.12,910371,869709648.0,6.9,5.52,9.07,5.46,11.340000000000003
2014-12-17,600811,174.65,178.62,183.73,169.93,1274882,1270599664.0,7.96,3.05,5.29,7.65,13.799999999999983
2014-12-18,600811,177.11,171.44,179.38,170.68,695271,681648656.0,4.87,-4.02,-7.18,4.17,8.699999999999989
2014-12-19,600811,168.6,169.74,174.46,162.55,631918,604808800.0,6.95,-0.99,-1.7,3.79,11.909999999999997
2014-12-22,600811,169.55,175.03,177.49,164.07,939267,914982976.0,7.91,3.12,5.29,5.64,13.420000000000016
2014-12-23,600811,170.87,165.77,174.84,165.39,581179,557994832.0,5.4,-5.29,-9.26,3.49,9.450000000000017
2014-12-24,600811,166.15,159.34,168.23,156.69,574846,526102448.0,6.96,-3.88,-6.43,3.45,11.539999999999992
2014-12-25,600811,158.77,163.31,165.58,158.77,504124,464071792.0,4.27,2.49,3.97,3.02,6.810000000000002
2014-12-26,600811,164.26,172.2,173.33,162.55,762279,729541632.0,6.6,5.44,8.89,4.57,10.780000000000001
2014-12-29,600811,176.17,168.98,176.54,166.15,738743,714543360.0,6.03,-1.87,-3.22,4.43,10.389999999999986
2014-12-30,600811,168.23,165.77,169.55,164.82,422301,399212336.0,2.8,-1.9,-3.21,2.53,4.730000000000018
2014-12-31,600811,165.96,168.04,170.68,165.2,459163,435667024.0,3.31,1.37,2.27,2.75,5.480000000000018
2015-01-05,600811,170.49,176.73,178.62,168.41,1018482,1003065344.0,6.08,5.17,8.69,6.11,10.210000000000008
2015-01-06,600811,173.71,179.95,184.86,172.38,1044568,1056501328.0,7.06,1.82,3.22,6.27,12.480000000000018
2015-01-07,600811,179.0,178.62,183.92,175.22,689720,696587904.0,4.83,-0.74,-1.33,4.14,8.699999999999989
2015-01-08,600811,179.57,178.81,187.7,177.87,854778,879007056.0,5.5,0.11,0.19,5.13,9.829999999999984
2015-01-09,600811,176.17,174.65,183.16,172.95,738788,736891920.0,5.71,-2.33,-4.16,4.43,10.210000000000008
2015-01-12,600811,171.44,164.63,173.52,162.37,616982,583934576.0,6.38,-5.74,-10.02,3.7,11.150000000000006
2015-01-13,600811,164.26,163.5,165.77,161.99,331115,307700576.0,2.3,-0.69,-1.13,1.99,3.780000000000001
2015-01-14,600811,164.26,163.69,166.52,162.55,269015,250469320.0,2.43,0.12,0.19,1.61,3.969999999999999
2015-01-15,600811,163.88,168.98,169.17,163.12,299219,281461552.0,3.7,3.23,5.29,1.8,6.049999999999983
2015-01-16,600811,168.79,167.66,170.31,166.34,385866,367198784.0,2.35,-0.78,-1.32,2.32,3.969999999999999
2015-01-19,600811,155.94,149.7,160.1,149.7,750529,656149472.0,6.2,-10.71,-17.96,4.5,10.400000000000006
2015-01-20,600811,150.65,153.86,153.86,146.86,427684,369535520.0,4.68,2.78,4.16,2.57,7.0
2015-01-21,600811,156.32,161.61,163.31,154.8,510880,462064320.0,5.53,5.04,7.75,3.07,8.509999999999991
2015-01-22,600811,162.55,163.31,164.63,160.85,381129,351075680.0,2.34,1.05,1.7,2.29,3.780000000000001
2015-01-23,600811,163.5,162.18,164.82,161.23,397020,366430704.0,2.2,-0.69,-1.13,2.38,3.5900000000000034
2015-01-26,600811,161.99,169.17,170.68,160.85,537934,506937200.0,6.06,4.31,6.99,3.23,9.830000000000013
2015-01-27,600811,169.17,169.74,174.65,164.82,536915,515617264.0,5.81,0.34,0.57,3.22,9.830000000000013
2015-01-28,600811,168.04,167.85,172.57,166.71,346537,331596576.0,3.45,-1.11,-1.89,2.08,5.859999999999985
2015-01-29,600811,164.45,162.37,166.15,160.66,326385,301571616.0,3.27,-3.26,-5.48,1.96,5.490000000000009
2015-01-30,600811,162.55,160.85,164.07,160.66,233804,214768857.0,2.1,-0.94,-1.52,1.4,3.4099999999999966
2015-02-02,600811,156.69,155.94,159.34,155.18,274543,245041403.0,2.59,-3.05,-4.91,1.65,4.159999999999997
2015-02-03,600811,157.45,160.66,160.66,155.94,214751,192787807.0,3.03,3.03,4.72,1.29,4.719999999999999
2015-02-04,600811,160.85,157.07,161.61,156.88,233296,211331293.0,2.94,-2.23,-3.59,1.4,4.730000000000018
2015-02-05,600811,161.99,154.62,162.18,153.86,281955,253690543.0,5.3,-1.56,-2.45,1.69,8.319999999999993
2015-02-06,600811,153.67,150.46,155.94,149.13,218926,190344369.0,4.4,-2.69,-4.16,1.31,6.810000000000002
2015-02-09,600811,149.32,151.78,153.48,148.57,186377,160452325.0,3.26,0.88,1.32,1.12,4.909999999999997
2015-02-10,600811,151.21,154.05,154.05,151.02,167157,145326342.0,2.0,1.5,2.27,1.0,3.030000000000001
2015-02-11,600811,154.24,156.13,156.13,153.86,155391,136983309.0,1.47,1.35,2.08,0.93,2.269999999999982
2015-02-12,600811,156.51,156.51,157.26,154.43,148747,131730385.0,1.81,0.24,0.38,0.89,2.829999999999984
2015-02-13,600811,157.45,159.15,160.48,156.51,239091,215433010.0,2.54,1.69,2.64,1.43,3.969999999999999
2015-02-16,600811,158.77,159.53,160.85,158.21,213366,192870965.0,1.66,0.24,0.38,1.28,2.6399999999999864
2015-02-17,600811,160.48,159.91,161.23,159.53,226477,205753925.0,1.07,0.24,0.38,1.36,1.6999999999999886
2015-02-25,600811,160.48,158.21,160.85,157.45,185619,167443903.0,2.13,-1.06,-1.7,1.11,3.4000000000000057
2015-02-26,600811,157.83,164.26,164.82,157.26,321515,294413232.0,4.78,3.82,6.05,1.93,7.560000000000002
2015-02-27,600811,164.26,163.31,165.39,162.37,268218,248698084.0,1.84,-0.58,-0.95,1.61,3.019999999999982
2015-03-02,600811,165.01,166.71,167.28,163.5,368133,345212448.0,2.31,2.08,3.4,2.21,3.780000000000001
2015-03-03,600811,165.96,161.04,165.96,160.66,387104,358534912.0,3.18,-3.4,-5.67,2.32,5.300000000000011
2015-03-04,600811,161.23,165.2,165.58,161.04,308733,286216288.0,2.82,2.58,4.16,1.85,4.5400000000000205
2015-03-05,600811,165.2,171.82,175.03,164.45,784440,755776848.0,6.4,4.01,6.62,4.71,10.580000000000013
2015-03-06,600811,170.31,167.85,173.33,166.71,414501,397149664.0,3.85,-2.31,-3.97,2.49,6.6200000000000045
2015-03-09,600811,167.85,171.63,172.95,163.88,379217,362512912.0,5.4,2.25,3.78,2.28,9.069999999999993
2015-03-10,600811,170.68,171.25,174.46,169.55,370344,359649120.0,2.86,-0.22,-0.38,2.22,4.909999999999997
2015-03-11,600811,173.14,178.62,180.89,172.01,769882,772179536.0,5.19,4.3,7.37,4.62,8.879999999999995
2015-03-12,600811,178.43,180.32,180.7,175.03,577828,579090416.0,3.17,0.95,1.7,3.47,5.6699999999999875
2015-03-13,600811,181.65,178.06,182.78,177.3,429614,434016480.0,3.04,-1.25,-2.26,2.58,5.47999999999999
2015-03-16,600811,181.84,183.92,186.0,179.0,592910,608169056.0,3.93,3.29,5.86,3.56,7.0
2015-03-17,600811,185.05,196.96,199.04,183.92,1038303,1118693296.0,8.22,7.09,13.04,6.23,15.120000000000005
2015-03-18,600811,195.45,197.34,200.36,192.99,659346,725248864.0,3.74,0.19,0.38,3.96,7.3700000000000045
2015-03-19,600811,197.34,194.5,198.28,192.04,594121,649121008.0,3.16,-1.44,-2.84,3.56,6.240000000000009
2015-03-20,600811,194.69,199.79,202.82,194.12,652141,726715744.0,4.47,2.72,5.29,3.91,8.699999999999989
2015-03-23,600811,200.93,204.52,209.25,199.42,680210,778038064.0,4.92,2.37,4.73,4.08,9.830000000000013
2015-03-24,600811,203.95,198.28,204.33,191.86,905834,1000355920.0,6.1,-3.05,-6.24,5.43,12.469999999999999
2015-03-25,600811,197.53,194.31,197.53,192.04,563479,614116256.0,2.77,-2.0,-3.97,3.38,5.490000000000009
2015-03-26,600811,192.61,195.07,199.23,190.72,514708,563495776.0,4.38,0.39,0.76,3.09,8.509999999999991
2015-03-27,600811,195.26,196.01,198.09,193.75,381779,420036864.0,2.22,0.48,0.94,2.29,4.340000000000003
2015-03-30,600811,197.9,201.68,204.71,197.72,680683,766902720.0,3.57,2.89,5.67,4.08,6.990000000000009
2015-03-31,600811,202.25,198.47,206.98,197.53,688608,780341152.0,4.69,-1.59,-3.21,4.13,9.449999999999989
2015-04-01,600811,198.28,202.25,203.01,197.9,536426,602273776.0,2.57,1.9,3.78,3.22,5.109999999999985
2015-04-02,600811,204.71,223.61,223.61,204.71,1693920,2075768192.0,9.34,10.56,21.36,10.16,18.900000000000006
2015-04-03,600811,220.97,222.48,223.99,215.86,1060860,1304748608.0,3.64,-0.51,-1.13,6.36,8.129999999999995
2015-04-07,600811,222.29,225.88,228.15,220.59,932990,1164039520.0,3.4,1.53,3.4,5.6,7.560000000000002
2015-04-08,600811,225.88,228.34,238.55,224.94,978282,1255803344.0,6.03,1.09,2.46,5.87,13.610000000000014
2015-04-09,600811,231.93,223.8,233.06,220.78,756758,949678160.0,5.38,-1.99,-4.54,4.54,12.280000000000001
2015-04-10,600811,223.8,235.14,235.9,221.16,759432,971276144.0,6.59,5.07,11.34,4.56,14.740000000000009
2015-04-13,600811,243.08,249.32,259.15,243.08,832052,1158031440.0,6.83,6.03,14.18,4.99,16.069999999999965
2015-04-14,600811,249.89,260.1,268.79,249.32,768588,1104746864.0,7.81,4.32,10.78,4.61,19.470000000000027
2015-04-15,600811,258.77,247.43,258.77,244.22,713200,990199728.0,5.59,-4.87,-12.67,4.28,14.549999999999983
2015-04-16,600811,242.71,250.64,254.05,236.28,591944,810196064.0,7.18,1.3,3.21,3.55,17.77000000000001
2015-04-17,600811,252.72,247.43,258.4,244.22,671728,928566560.0,5.66,-1.28,-3.21,4.03,14.179999999999978
2015-04-20,600811,243.84,232.12,246.11,231.17,910178,1206822080.0,6.04,-6.19,-15.31,5.46,14.940000000000026
2015-04-21,600811,231.93,243.27,243.46,230.8,558597,738094640.0,5.45,4.8,11.15,3.35,12.659999999999997
2015-04-22,600811,245.73,248.19,252.35,243.84,630908,866263136.0,3.5,2.02,4.92,3.79,8.509999999999991
2015-04-23,600811,249.13,266.33,271.63,246.3,999333,1446970432.0,10.21,7.31,18.14,6.0,25.329999999999984
2015-04-24,600811,260.29,256.13,262.37,251.4,719536,1020026272.0,4.12,-3.83,-10.2,4.32,10.969999999999999
2015-04-27,600811,258.77,255.18,263.69,250.08,684285,967711408.0,5.31,-0.37,-0.95,4.11,13.609999999999985
2015-04-28,600811,254.24,244.78,258.4,239.68,640884,878690144.0,7.34,-4.08,-10.4,3.84,18.71999999999997
2015-04-29,600811,244.03,251.21,251.4,241.95,394926,544128384.0,3.86,2.63,6.43,2.37,9.450000000000017
2015-04-30,600811,243.46,236.85,246.86,234.96,1131267,1498044048.0,4.74,-5.72,-14.36,6.79,11.900000000000006
2015-05-04,600811,239.11,236.66,239.11,233.25,509021,665976512.0,2.47,-0.08,-0.19,3.05,5.860000000000014
2015-05-05,600811,236.47,219.08,237.03,216.43,676421,853639696.0,8.7,-7.43,-17.58,4.06,20.599999999999994
2015-05-06,600811,219.27,213.59,223.61,211.51,584300,710914240.0,5.52,-2.51,-5.49,3.51,12.100000000000023
2015-05-07,600811,213.03,209.81,213.22,207.36,404902,475931744.0,2.74,-1.77,-3.78,2.43,5.859999999999985
2015-05-08,600811,212.65,216.24,217.0,209.62,514784,614290880.0,3.52,3.06,6.43,3.09,7.3799999999999955
2015-05-11,600811,218.89,225.13,225.88,216.43,511959,630608640.0,4.37,4.11,8.89,3.07,9.449999999999989
2015-05-12,600811,224.75,225.13,227.2,221.34,491661,614004144.0,2.6,0.0,0.0,2.95,5.859999999999985
2015-05-13,600811,224.75,226.45,228.15,221.34,599089,747616752.0,3.02,0.59,1.32,3.59,6.810000000000002
2015-05-14,600811,226.07,222.86,227.96,221.16,418511,522430688.0,3.0,-1.59,-3.59,2.51,6.800000000000011
2015-05-15,600811,222.48,212.46,222.48,211.7,518124,621794448.0,4.84,-4.67,-10.4,3.11,10.780000000000001
2015-05-18,600811,209.62,216.81,220.21,208.87,420880,506890128.0,5.34,2.05,4.35,2.53,11.340000000000003
2015-05-19,600811,216.81,226.64,226.64,216.62,486012,605366176.0,4.62,4.53,9.83,2.92,10.019999999999982
2015-05-20,600811,229.09,230.23,237.98,227.02,636650,821169600.0,4.84,1.58,3.59,3.82,10.95999999999998
2015-05-21,600811,230.42,236.28,237.41,230.42,532602,691818464.0,3.04,2.63,6.05,3.2,6.990000000000009
2015-05-22,600811,238.92,244.41,248.57,234.77,871918,1161002928.0,5.84,3.44,8.13,5.23,13.799999999999983
2015-05-25,600811,241.76,261.42,267.28,241.76,1124595,1595440128.0,10.44,6.96,17.01,6.75,25.519999999999982
2015-05-26,600811,264.44,270.3,272.01,255.18,1197301,1749550576.0,6.44,3.4,8.88,7.18,16.829999999999984
2015-05-27,600811,272.38,272.57,277.68,263.31,1124334,1684175248.0,5.32,0.84,2.27,6.75,14.370000000000005
2015-05-28,600811,270.12,244.41,272.57,244.22,1172275,1686635984.0,10.4,-10.33,-28.16,7.03,28.349999999999994
2015-05-29,600811,245.35,241.76,251.02,228.53,809191,1090801280.0,9.2,-1.08,-2.65,4.85,22.49000000000001
2015-06-01,600811,243.08,254.24,255.56,240.06,654219,904182896.0,6.41,5.16,12.48,3.92,15.5
2015-06-02,600811,255.94,268.04,269.36,255.56,1050773,1529300128.0,5.43,5.43,13.8,6.3,13.800000000000011
2015-06-03,600811,268.79,274.46,283.16,264.44,1004489,1517661584.0,6.98,2.4,6.42,6.03,18.720000000000027
2015-06-04,600811,275.41,267.28,275.41,246.49,904325,1306654096.0,10.54,-2.62,-7.18,5.43,28.920000000000016
2015-06-05,600811,271.63,278.24,288.45,268.79,1127200,1730299472.0,7.36,4.1,10.96,6.76,19.659999999999968
2015-06-08,600811,279.19,289.96,290.34,268.41,1319603,2044259024.0,7.88,4.21,11.72,7.92,21.92999999999995
2015-06-09,600811,289.02,290.72,299.23,277.68,1338012,2133935392.0,7.43,0.26,0.76,8.03,21.55000000000001
2015-06-10,600811,284.86,289.77,297.71,282.59,833139,1337551872.0,5.2,-0.33,-0.95,5.0,15.120000000000005
2015-06-11,600811,289.21,313.22,319.83,288.07,1881286,3184159888.0,10.96,8.09,23.45,11.29,31.75999999999999
2015-06-12,600811,307.92,305.28,311.7,302.44,1110704,1868836352.0,2.96,-2.53,-7.94,6.66,9.259999999999991
2015-06-15,600811,306.03,292.42,314.54,290.72,944655,1556792176.0,7.8,-4.21,-12.86,5.67,23.819999999999993
2015-06-16,600811,288.07,285.81,290.53,272.95,901031,1397091824.0,6.01,-2.26,-6.61,5.41,17.579999999999984
2015-06-17,600811,283.35,291.29,293.93,273.9,627229,983435584.0,7.01,1.92,5.48,3.76,20.03000000000003
2015-06-18,600811,290.91,272.76,293.18,272.38,606837,946285120.0,7.14,-6.36,-18.53,3.64,20.80000000000001
2015-06-19,600811,263.12,244.41,268.79,244.41,696051,983695408.0,8.94,-10.39,-28.35,4.18,24.380000000000024
2015-06-23,600811,246.11,252.35,252.54,227.02,644641,869707072.0,10.44,3.25,7.94,3.87,25.519999999999982
2015-06-24,600811,252.72,257.64,258.96,247.81,755476,1057832512.0,4.42,2.1,5.29,4.53,11.149999999999977
2015-06-25,600811,259.34,246.3,268.04,242.33,791166,1125754880.0,9.98,-4.4,-11.34,4.75,25.710000000000008
2015-06-26,600811,239.49,220.59,241.19,220.59,720065,914372736.0,8.36,-10.44,-25.71,4.32,20.599999999999994
2015-06-29,600811,226.26,203.58,229.09,197.53,963891,1137012560.0,14.31,-7.71,-17.01,5.78,31.560000000000002
2015-06-30,600811,203.58,222.1,224.94,184.86,801921,924601344.0,19.69,9.1,18.52,4.81,40.079999999999984
2015-07-01,600811,217.75,199.61,226.64,199.04,681745,826720976.0,12.43,-10.13,-22.49,4.09,27.599999999999994
2015-07-02,600811,202.06,178.81,204.52,178.62,878005,936550528.0,12.98,-10.42,-20.8,5.27,25.900000000000006
2015-07-03,600811,175.41,160.85,184.1,159.91,1119229,1057767152.0,13.53,-10.04,-17.96,6.71,24.189999999999998
2015-07-06,600811,178.06,173.14,178.06,145.92,1854818,1701689568.0,19.98,7.64,12.29,11.13,32.140000000000015
2015-07-07,600811,164.82,154.8,170.49,154.8,1035738,928252144.0,9.06,-10.59,-18.34,6.21,15.689999999999998
2015-07-08,600811,138.36,138.17,154.8,138.17,1551826,1283930512.0,10.74,-10.74,-16.63,9.31,16.630000000000024
2015-07-09,600811,128.15,153.1,153.1,128.15,623939,518819424.0,18.06,10.81,14.93,3.74,24.94999999999999
2015-07-10,600811,159.15,169.55,169.55,159.15,847758,800890224.0,6.79,10.74,16.45,5.09,10.400000000000006
2015-07-13,600811,176.35,187.7,187.7,173.52,1201133,1222915504.0,8.36,10.7,18.15,7.21,14.179999999999978
2015-07-14,600811,186.56,181.46,199.42,179.0,1314144,1378548576.0,10.88,-3.32,-6.24,7.88,20.419999999999987
2015-07-15,600811,178.06,162.37,179.38,162.18,1013370,962156976.0,9.48,-10.52,-19.09,6.08,17.19999999999999
2015-07-16,600811,162.37,170.87,175.03,153.48,642791,605554432.0,13.27,5.23,8.5,3.86,21.55000000000001
2015-07-17,600811,174.46,182.97,185.62,171.06,662751,668514432.0,8.52,7.08,12.1,3.98,14.560000000000002
2015-07-20,600811,183.54,183.54,188.45,178.06,773525,797220208.0,5.68,0.31,0.57,4.64,10.389999999999986
2015-07-21,600811,180.32,185.81,188.07,178.24,598226,616891568.0,5.36,1.24,2.27,3.59,9.829999999999984
2015-07-22,600811,186.18,195.26,196.2,185.05,879121,939509872.0,6.0,5.09,9.45,5.27,11.149999999999977
2015-07-23,600811,196.58,199.98,201.5,191.1,858557,941817856.0,5.33,2.42,4.72,5.15,10.400000000000006
2015-07-24,600811,199.61,189.59,200.74,187.51,877483,957628256.0,6.62,-5.2,-10.39,5.26,13.230000000000018
2015-07-27,600811,185.43,169.55,189.02,169.55,618168,623918800.0,10.27,-10.57,-20.04,3.71,19.47
2015-07-28,600811,164.82,168.79,171.82,153.67,800385,736496512.0,10.7,-0.45,-0.76,4.8,18.150000000000006
2015-07-29,600811,171.82,177.87,179.57,160.66,537162,514149344.0,11.2,5.38,9.08,3.22,18.909999999999997
2015-09-09,600811,158.96,163.69,175.6,158.96,1363699,1268146720.0,9.36,-7.97,-14.18,8.18,16.639999999999986
2015-09-10,600811,157.07,150.65,158.59,149.89,761444,665431344.0,5.31,-7.97,-13.04,4.57,8.700000000000017
2015-09-11,600811,150.08,152.35,153.1,148.19,327676,281263488.0,3.26,1.13,1.7,1.97,4.909999999999997
2015-09-14,600811,153.1,136.09,153.29,136.09,479526,388291056.0,11.29,-10.67,-16.26,2.88,17.19999999999999
2015-09-15,600811,130.8,121.53,132.88,121.35,559225,402382416.0,8.47,-10.7,-14.56,3.36,11.530000000000001
2015-09-16,600811,123.24,132.69,134.58,121.35,518898,378705728.0,10.89,9.18,11.16,3.11,13.230000000000018
2015-09-17,600811,130.99,127.58,135.52,127.21,478261,361304160.0,6.26,-3.85,-5.11,2.87,8.310000000000016
2015-09-18,600811,131.74,129.28,132.12,127.21,267899,199243797.0,3.85,1.33,1.7,1.61,4.910000000000011
2015-09-21,600811,127.96,133.44,134.39,126.83,313890,236106338.0,5.85,3.22,4.16,1.88,7.559999999999988
2015-09-22,600811,134.39,135.52,137.22,133.25,384699,297554752.0,2.98,1.56,2.08,2.31,3.969999999999999
2015-09-23,600811,132.88,132.31,133.82,128.91,351255,264685939.0,3.62,-2.37,-3.21,2.11,4.909999999999997
2015-09-24,600811,132.31,133.82,134.39,131.74,241188,183981684.0,2.0,1.14,1.51,1.45,2.6499999999999773
2015-09-25,600811,133.82,127.21,134.01,126.64,278358,206970630.0,5.51,-4.94,-6.61,1.67,7.36999999999999
2015-09-28,600811,127.02,128.72,129.47,123.99,148091,108126693.0,4.31,1.19,1.51,0.89,5.480000000000004
2015-09-29,600811,125.5,125.5,128.34,125.5,187971,136453960.0,2.21,-2.5,-3.22,1.13,2.8400000000000034
2015-09-30,600811,126.64,125.5,127.21,124.75,155522,112856924.0,1.96,0.0,0.0,0.93,2.4599999999999937
2015-10-08,600811,130.61,130.99,132.31,129.85,310556,233307623.0,1.96,4.37,5.49,1.86,2.460000000000008
2015-10-09,600811,130.99,134.2,135.52,130.42,330416,252347038.0,3.89,2.45,3.21,1.98,5.100000000000023
2015-10-12,600811,134.96,141.57,142.9,134.58,494129,393120944.0,6.2,5.49,7.37,2.96,8.319999999999993
2015-10-13,600811,140.06,141.95,142.14,139.3,345925,277583648.0,2.01,0.27,0.38,2.08,2.839999999999975
2015-10-14,600811,141.57,139.87,145.35,139.49,455218,368855728.0,4.13,-1.47,-2.08,2.73,5.859999999999985
2015-10-15,600811,144.03,147.05,147.24,143.65,638958,529087200.0,2.57,5.13,7.18,3.83,3.5900000000000034
2015-10-16,600811,147.81,147.05,147.81,144.03,603239,501635376.0,2.57,0.0,0.0,3.62,3.780000000000001
2015-10-19,600811,147.24,147.05,148.19,143.84,492858,410849440.0,2.96,0.0,0.0,2.96,4.349999999999994
2015-10-20,600811,147.24,149.32,149.51,144.79,554231,465296032.0,3.21,1.54,2.27,3.33,4.719999999999999
2015-10-21,600811,149.51,139.49,149.51,138.74,673293,552914416.0,7.21,-6.58,-9.83,4.04,10.769999999999982
2015-10-22,600811,139.68,143.65,144.22,138.74,319556,257805157.0,3.93,2.98,4.16,1.92,5.47999999999999
2015-10-23,600811,145.35,147.05,148.38,143.27,475658,394878064.0,3.56,2.37,3.4,2.85,5.109999999999985
2015-10-26,600811,148.19,146.49,148.19,145.73,568743,474970464.0,1.67,-0.38,-0.56,3.41,2.460000000000008
2015-10-27,600811,145.92,144.97,146.49,141.19,452442,371466400.0,3.62,-1.04,-1.52,2.71,5.300000000000011
2015-10-28,600811,145.16,141.38,146.68,140.44,376814,308891648.0,4.3,-2.48,-3.59,2.26,6.240000000000009
2015-10-29,600811,142.33,143.08,143.84,140.44,243434,197692401.0,2.4,1.2,1.7,1.46,3.4000000000000057
2015-10-30,600811,142.52,142.9,145.16,140.44,274074,223587327.0,3.3,-0.13,-0.18,1.64,4.719999999999999
2015-11-03,600811,140.06,138.36,142.33,137.41,306695,243904864.0,3.44,-3.18,-4.54,1.84,4.920000000000016
2015-11-04,600811,139.11,148.76,149.13,138.93,621936,512474176.0,7.37,7.52,10.4,3.73,10.199999999999989
2015-11-05,600811,147.81,151.21,155.37,147.81,1009840,869951584.0,5.08,1.65,2.45,6.06,7.560000000000002
2015-11-06,600811,151.21,156.88,158.21,149.7,868361,758000928.0,5.63,3.75,5.67,5.21,8.51000000000002
2015-11-09,600811,155.37,159.15,164.45,155.18,858375,779734448.0,5.91,1.45,2.27,5.15,9.269999999999982
2015-11-10,600811,158.77,159.34,162.37,157.26,550930,497261408.0,3.21,0.12,0.19,3.31,5.110000000000014
2015-11-11,600811,159.72,158.96,159.72,156.51,365037,326144416.0,2.01,-0.24,-0.38,2.19,3.210000000000008
2015-11-12,600811,160.1,155.56,160.1,154.24,421575,372984320.0,3.69,-2.14,-3.4,2.53,5.859999999999985
2015-11-13,600811,154.99,155.75,158.21,153.29,350109,308412576.0,3.16,0.12,0.19,2.1,4.920000000000016
2015-11-16,600811,154.99,163.69,164.07,153.29,646467,584966832.0,6.92,5.1,7.94,3.88,10.780000000000001
2015-11-17,600811,165.58,162.37,169.74,161.99,762674,712516000.0,4.73,-0.81,-1.32,4.58,7.75
2015-11-18,600811,162.74,155.94,164.45,155.18,437174,394342848.0,5.71,-3.96,-6.43,2.62,9.269999999999982
2015-11-19,600811,156.88,159.72,159.91,155.94,255188,227991706.0,2.55,2.42,3.78,1.53,3.969999999999999
2015-11-20,600811,159.53,158.77,161.8,157.64,339268,306113744.0,2.6,-0.59,-0.95,2.04,4.160000000000025
2015-11-23,600811,159.34,161.23,162.37,158.59,334716,302566432.0,2.38,1.55,2.46,2.01,3.780000000000001
2015-11-24,600811,160.85,159.34,160.85,155.37,240042,214740541.0,3.4,-1.17,-1.89,1.44,5.47999999999999
2015-11-25,600811,158.77,159.91,160.29,158.21,280684,252889319.0,1.31,0.36,0.57,1.68,2.079999999999984
2015-11-26,600811,160.1,159.91,162.37,159.53,332802,302386448.0,1.78,0.0,0.0,2.0,2.8400000000000034
2015-11-27,600811,159.15,145.54,159.34,144.22,407308,352448400.0,9.46,-8.99,-14.37,2.44,15.120000000000005
2015-11-30,600811,146.3,144.03,147.62,138.55,366683,298432912.0,6.23,-1.04,-1.51,2.2,9.069999999999993
2015-12-01,600811,144.97,146.49,147.43,143.08,241289,199196401.0,3.02,1.71,2.46,1.45,4.349999999999994
2015-12-02,600811,146.49,151.4,151.97,145.16,321773,271511376.0,4.65,3.35,4.91,1.93,6.810000000000002
2015-12-03,600811,151.21,152.54,152.73,149.89,265042,227639056.0,1.88,0.75,1.14,1.59,2.8400000000000034
2015-12-04,600811,151.4,148.57,151.97,147.05,264731,224622962.0,3.23,-2.6,-3.97,1.59,4.9199999999999875
2015-12-07,600811,149.32,152.91,153.48,148.0,269724,230380978.0,3.69,2.92,4.34,1.62,5.47999999999999
2015-12-08,600811,151.59,145.73,152.16,144.97,282901,237990288.0,4.7,-4.7,-7.18,1.7,7.189999999999998
2015-12-09,600811,145.16,144.22,146.49,143.65,162725,134072603.0,1.95,-1.04,-1.51,0.98,2.8400000000000034
2015-12-10,600811,144.6,142.52,146.49,142.33,155788,128150126.0,2.88,-1.18,-1.7,0.93,4.159999999999997
2015-12-11,600811,142.52,140.44,142.9,138.93,174984,140205669.0,2.79,-1.46,-2.08,1.05,3.969999999999999
2015-12-14,600811,138.93,145.73,145.73,138.36,198218,160995806.0,5.25,3.77,5.29,1.19,7.369999999999976
2015-12-15,600811,145.35,145.35,146.49,144.03,169707,140388462.0,1.69,-0.26,-0.38,1.02,2.460000000000008
2015-12-16,600811,145.73,145.16,146.86,144.22,164144,136045186.0,1.82,-0.13,-0.19,0.98,2.640000000000015
2015-12-17,600811,145.92,148.38,148.76,145.73,280402,235143529.0,2.09,2.22,3.22,1.68,3.030000000000001
2015-12-18,600811,148.0,151.02,154.8,147.43,393096,337059696.0,4.97,1.78,2.64,2.36,7.3700000000000045
2015-12-21,600811,149.7,156.51,158.59,149.7,451136,395950592.0,5.89,3.64,5.49,2.71,8.890000000000015
2015-12-22,600811,156.69,158.96,159.91,155.37,419134,375077120.0,2.9,1.57,2.45,2.51,4.539999999999992
2015-12-23,600811,159.34,156.32,161.99,154.43,396762,356043472.0,4.76,-1.66,-2.64,2.38,7.560000000000002
2015-12-24,600811,156.51,154.43,156.51,152.73,184408,161183703.0,2.42,-1.21,-1.89,1.11,3.780000000000001
2015-12-25,600811,153.48,158.21,158.4,153.48,230489,203747492.0,3.19,2.45,3.78,1.38,4.920000000000016
2015-12-28,600811,158.77,151.4,159.34,151.02,260029,228453682.0,5.26,-4.3,-6.81,1.56,8.319999999999993
2015-12-29,600811,151.78,154.05,154.43,149.89,149656,129231368.0,3.0,1.75,2.65,0.9,4.5400000000000205
2015-12-30,600811,153.67,153.67,154.8,151.59,148722,129363232.0,2.08,-0.25,-0.38,0.89,3.210000000000008
2015-12-31,600811,154.62,153.1,156.32,152.91,180443,157860742.0,2.22,-0.37,-0.57,1.08,3.4099999999999966
2016-01-04,600811,152.73,138.36,152.73,137.98,243432,200470510.0,9.63,-9.63,-14.74,1.46,14.75
2016-01-05,600811,131.55,136.28,139.87,131.18,242156,187894499.0,6.28,-1.5,-2.08,1.45,8.689999999999998
2016-01-06,600811,136.66,141.38,142.14,136.66,233391,185789868.0,4.02,3.74,5.1,1.4,5.47999999999999
2016-01-07,600811,139.3,127.96,139.3,127.02,49171,37635102.0,8.69,-9.49,-13.42,0.3,12.280000000000015
2016-01-08,600811,130.99,131.55,134.58,126.83,307209,230850431.0,6.06,2.81,3.59,1.84,7.750000000000014
2016-01-11,600811,128.53,121.53,131.36,120.4,256054,186571955.0,8.33,-7.62,-10.02,1.54,10.960000000000008
2016-01-12,600811,122.48,123.24,125.32,121.16,153087,108738240.0,3.42,1.41,1.71,0.92,4.159999999999997
2016-01-13,600811,124.56,120.97,126.26,120.78,130904,93283043.0,4.45,-1.84,-2.27,0.79,5.480000000000004
2016-01-14,600811,116.62,123.61,124.37,115.67,209160,145188917.0,7.19,2.18,2.64,1.25,8.700000000000003
2016-01-15,600811,122.29,117.0,123.61,115.67,164355,113436642.0,6.42,-5.35,-6.61,0.99,7.939999999999998
2016-01-18,600811,114.92,117.38,120.02,113.22,117078,79517411.0,5.81,0.32,0.38,0.7,6.799999999999997
2016-01-19,600811,117.56,121.35,122.29,117.19,221794,153773508.0,4.34,3.38,3.97,1.33,5.1000000000000085
2016-01-20,600811,121.16,119.08,122.1,118.32,176392,122399912.0,3.11,-1.87,-2.27,1.06,3.780000000000001
2016-01-21,600811,117.75,113.78,120.4,113.41,164696,111926625.0,5.87,-4.45,-5.3,0.99,6.990000000000009
2016-01-22,600811,115.3,116.24,117.38,112.84,114331,76481515.0,3.99,2.16,2.46,0.69,4.539999999999992
2016-01-25,600811,117.94,117.75,119.27,116.62,95556,65260047.0,2.28,1.3,1.51,0.57,2.6499999999999915
2016-01-26,600811,116.62,106.22,116.62,105.28,195629,126776227.0,9.63,-9.79,-11.53,1.17,11.340000000000003
2016-01-27,600811,106.6,104.33,107.36,100.55,197289,120050081.0,6.41,-1.78,-1.89,1.18,6.810000000000002
2016-01-28,600811,103.58,99.61,104.9,99.04,137785,82760703.0,5.62,-4.52,-4.72,0.83,5.859999999999999
2016-01-29,600811,99.61,104.33,106.03,99.61,159214,95841205.0,6.45,4.74,4.72,0.96,6.420000000000002
2016-02-01,600811,104.33,101.87,104.9,100.93,119832,72223660.0,3.81,-2.36,-2.46,0.72,3.969999999999999
2016-02-02,600811,102.82,106.22,106.6,102.44,148738,91437205.0,4.08,4.27,4.35,0.89,4.159999999999997
2016-02-03,600811,104.71,105.84,106.03,103.58,103639,63354937.0,2.31,-0.36,-0.38,0.62,2.450000000000003
2016-02-04,600811,106.03,107.92,108.68,106.03,142146,88923351.0,2.5,1.97,2.08,0.85,2.6500000000000057
2016-02-05,600811,108.11,106.03,108.3,105.84,110851,69377155.0,2.28,-1.75,-1.89,0.67,2.4599999999999937
2016-02-15,600811,103.39,105.28,105.47,102.25,86625,52606777.0,3.04,-0.71,-0.75,0.52,3.219999999999999
2016-02-16,600811,105.84,110.0,110.38,105.66,165927,105123021.0,4.48,4.48,4.72,1.0,4.719999999999999
2016-02-17,600811,109.06,111.7,112.08,108.68,174162,111661756.0,3.09,1.55,1.7,1.04,3.3999999999999915
2016-02-18,600811,112.65,111.89,113.41,110.76,156004,101373785.0,2.37,0.17,0.19,0.94,2.6499999999999915
2016-02-19,600811,111.14,111.14,112.27,109.81,106001,68457990.0,2.2,-0.67,-0.75,0.64,2.4599999999999937
2016-02-22,600811,112.27,115.3,117.0,111.7,208255,138064116.0,4.77,3.74,4.16,1.25,5.299999999999997
2016-02-23,600811,114.92,113.41,115.11,110.95,191759,125595706.0,3.61,-1.64,-1.89,1.15,4.159999999999997
2016-02-24,600811,112.84,116.81,118.13,111.89,274516,183314535.0,5.5,3.0,3.4,1.65,6.239999999999995
2016-02-25,600811,115.67,103.95,116.43,103.95,297080,190315653.0,10.68,-11.01,-12.86,1.78,12.480000000000004
2016-02-26,600811,105.66,106.6,107.92,103.58,164126,101269958.0,4.18,2.55,2.65,0.98,4.340000000000003
2016-02-29,600811,106.6,102.44,107.17,99.8,192293,115027070.0,6.91,-3.9,-4.16,1.15,7.3700000000000045
2016-03-01,600811,102.82,105.28,106.6,101.5,163460,99315773.0,4.98,2.77,2.84,0.98,5.099999999999994
2016-03-02,600811,105.66,111.14,111.89,104.9,243415,154450008.0,6.64,5.57,5.86,1.46,6.989999999999995
2016-03-03,600811,110.38,112.65,115.11,110.19,280151,183170468.0,4.43,1.36,1.51,1.68,4.920000000000002
2016-03-04,600811,112.65,113.78,114.54,110.0,341630,223699995.0,4.03,1.0,1.13,2.05,4.540000000000006
2016-03-07,600811,114.92,120.59,121.16,113.97,424446,288196160.0,6.32,5.99,6.81,2.55,7.189999999999998
2016-03-08,600811,118.89,117.0,119.08,113.22,348421,233870331.0,4.86,-2.98,-3.59,2.09,5.859999999999999
2016-03-09,600811,113.59,113.03,114.54,112.27,204329,134371833.0,1.94,-3.39,-3.97,1.23,2.2700000000000102
2016-03-10,600811,113.78,111.14,114.54,111.14,131798,86411281.0,3.01,-1.67,-1.89,0.79,3.4000000000000057
2016-03-11,600811,110.0,110.95,111.89,109.44,89941,57862726.0,2.2,-0.17,-0.19,0.54,2.450000000000003
2016-03-14,600811,113.41,113.78,115.86,112.46,193706,128680989.0,3.06,2.55,2.83,1.16,3.4000000000000057
2016-03-15,600811,113.22,112.84,113.97,110.95,122643,80207730.0,2.65,-0.83,-0.94,0.74,3.019999999999996
2016-03-16,600811,113.22,112.65,113.97,111.52,133833,87623293.0,2.17,-0.17,-0.19,0.8,2.450000000000003
2016-03-17,600811,112.84,115.3,116.24,112.84,184631,122695521.0,3.02,2.35,2.65,1.11,3.3999999999999915
2016-03-18,600811,115.49,117.94,119.08,115.49,258058,175249176.0,3.11,2.29,2.64,1.55,3.5900000000000034
2016-03-21,600811,119.45,121.35,122.48,118.51,357630,249298342.0,3.37,2.89,3.41,2.15,3.969999999999999
2016-03-22,600811,120.4,119.64,120.97,118.51,225131,155777976.0,2.03,-1.41,-1.71,1.35,2.4599999999999937
2016-03-23,600811,119.27,119.83,120.21,118.7,131901,91030193.0,1.26,0.16,0.19,0.79,1.509999999999991
2016-03-24,600811,118.89,118.32,119.64,117.94,161467,110934795.0,1.42,-1.26,-1.51,0.97,1.7000000000000028
2016-03-25,600811,118.89,119.83,120.02,117.94,107628,73971585.0,1.76,1.28,1.51,0.65,2.0799999999999983
2016-03-28,600811,120.4,116.81,121.16,116.24,166158,114313877.0,4.11,-2.52,-3.02,1.0,4.920000000000002
2016-03-29,600811,116.62,114.35,117.38,113.41,134107,89789703.0,3.4,-2.11,-2.46,0.8,3.969999999999999
2016-03-30,600811,115.67,118.13,118.7,114.73,135743,92078481.0,3.47,3.31,3.78,0.81,3.969999999999999
2016-03-31,600811,119.08,118.32,119.08,117.56,135866,93032107.0,1.29,0.16,0.19,0.82,1.519999999999996
2016-04-01,600811,118.13,117.94,118.51,113.97,134965,91131555.0,3.84,-0.32,-0.38,0.81,4.540000000000006
2016-04-05,600811,117.75,120.78,121.35,117.0,188914,130656016.0,3.69,2.41,2.84,1.13,4.349999999999994
2016-04-06,600811,119.83,120.78,122.1,119.27,156548,109100390.0,2.34,0.0,0.0,0.94,2.8299999999999983
2016-04-07,600811,121.53,119.27,121.91,119.08,153154,106464383.0,2.34,-1.25,-1.51,0.92,2.8299999999999983
2016-04-08,600811,118.13,117.38,119.08,115.86,127103,86430181.0,2.7,-1.58,-1.89,0.76,3.219999999999999
2016-04-11,600811,118.51,119.83,120.78,118.51,178235,123246437.0,1.93,2.09,2.45,1.07,2.269999999999996
2016-04-12,600811,119.27,119.45,119.64,118.13,113497,78055317.0,1.26,-0.32,-0.38,0.68,1.5100000000000051
2016-04-13,600811,120.4,122.67,124.94,120.02,352668,249661939.0,4.12,2.7,3.22,2.12,4.920000000000002
2016-04-14,600811,123.05,125.13,125.5,122.67,249002,178518960.0,2.31,2.01,2.46,1.49,2.8299999999999983
2016-04-15,600811,125.13,124.37,125.5,123.42,121520,86845333.0,1.66,-0.61,-0.76,0.73,2.0799999999999983
2016-04-18,600811,123.42,121.35,123.61,120.59,130440,91575358.0,2.43,-2.43,-3.02,0.78,3.019999999999996
2016-04-19,600811,122.1,121.53,122.48,120.21,97963,68589915.0,1.87,0.15,0.18,0.59,2.2700000000000102
2016-04-20,600811,122.1,114.73,122.29,112.84,252418,170266578.0,7.78,-5.6,-6.8,1.51,9.450000000000003
2016-04-21,600811,114.92,114.54,116.24,113.78,131088,87497440.0,2.14,-0.17,-0.19,0.79,2.4599999999999937
2016-04-22,600811,113.59,114.35,115.3,113.03,127377,84428287.0,1.98,-0.17,-0.19,0.76,2.269999999999996
2016-04-25,600811,114.16,113.22,114.16,111.89,83461,54685491.0,1.99,-0.99,-1.13,0.5,2.269999999999996
2016-04-26,600811,113.22,115.11,115.3,112.46,94924,62679790.0,2.51,1.67,1.89,0.57,2.8400000000000034
2016-04-27,600811,115.67,114.73,116.43,114.54,116221,77797503.0,1.64,-0.33,-0.38,0.7,1.8900000000000006
2016-04-28,600811,115.11,115.86,116.62,112.84,105802,70418574.0,3.29,0.98,1.13,0.63,3.780000000000001
2016-04-29,600811,114.73,115.3,116.05,114.73,92688,61992474.0,1.14,-0.48,-0.56,0.56,1.3199999999999932
2016-05-03,600811,116.05,118.7,119.08,114.92,156146,106369194.0,3.61,2.95,3.4,0.94,4.159999999999997
2016-05-04,600811,118.51,118.32,119.45,117.75,117337,80439563.0,1.43,-0.32,-0.38,0.7,1.7000000000000028
2016-05-05,600811,117.75,118.51,118.7,116.24,120319,81912321.0,2.08,0.16,0.19,0.72,2.460000000000008
2016-05-06,600811,118.7,115.11,120.02,114.73,185866,126166529.0,4.46,-2.87,-3.4,1.12,5.289999999999992
2016-05-09,600811,114.92,117.56,118.51,109.06,316931,208593788.0,8.21,2.13,2.45,1.9,9.450000000000003
2016-05-10,600811,115.49,117.0,118.32,114.73,194643,131621310.0,3.05,-0.48,-0.56,1.17,3.589999999999989
2016-05-11,600811,117.19,121.53,123.99,117.19,646179,452420352.0,5.81,3.87,4.53,3.88,6.799999999999997
2016-05-12,600811,118.51,118.51,119.45,113.78,389101,261937854.0,4.67,-2.48,-3.02,2.33,5.670000000000002
2016-05-13,600811,117.38,116.43,119.45,113.03,320380,215759180.0,5.42,-1.76,-2.08,1.92,6.420000000000002
2016-05-16,600811,114.92,115.67,115.86,112.65,166111,110317928.0,2.76,-0.65,-0.76,1.0,3.2099999999999937
2016-05-17,600811,115.49,113.78,116.81,113.41,148490,98953412.0,2.94,-1.63,-1.89,0.89,3.4000000000000057
2016-05-18,600811,113.59,110.76,113.97,109.44,187265,121238176.0,3.98,-2.65,-3.02,1.12,4.530000000000001
2016-05-19,600811,110.38,110.57,112.46,109.81,111853,72281873.0,2.39,-0.17,-0.19,0.67,2.6499999999999915
2016-05-20,600811,109.44,111.33,111.33,109.06,81489,52413536.0,2.05,0.69,0.76,0.49,2.269999999999996
2016-05-23,600811,111.52,112.27,112.84,110.95,86379,56239506.0,1.7,0.84,0.94,0.52,1.8900000000000006
2016-05-24,600811,112.08,110.95,112.08,110.19,86272,55661474.0,1.68,-1.18,-1.32,0.52,1.8900000000000006
2016-05-25,600811,111.52,110.76,112.65,110.38,69504,45069494.0,2.05,-0.17,-0.19,0.42,2.2700000000000102
2016-05-26,600811,110.95,112.08,112.65,108.87,136569,87930829.0,3.41,1.19,1.32,0.82,3.780000000000001
2016-05-27,600811,114.35,115.67,117.75,112.84,328876,220788391.0,4.38,3.2,3.59,1.97,4.909999999999997
2016-05-30,600811,114.92,113.97,115.11,113.22,119801,79328816.0,1.63,-1.47,-1.7,0.72,1.8900000000000006
2016-05-31,600811,113.78,117.75,118.32,113.78,276043,187013997.0,3.98,3.32,3.78,1.66,4.539999999999992
2016-06-01,600811,117.75,117.19,118.13,116.81,196899,133772683.0,1.12,-0.48,-0.56,1.18,1.3199999999999932
2016-06-02,600811,116.81,117.38,117.75,116.05,147733,100058952.0,1.45,0.16,0.19,0.89,1.7000000000000028
2016-06-03,600811,117.38,117.56,118.7,116.43,187104,127396241.0,1.93,0.15,0.18,1.12,2.269999999999996
2016-06-06,600811,117.19,116.62,117.94,116.24,122786,83176214.0,1.45,-0.8,-0.94,0.74,1.7000000000000028
2016-06-07,600811,116.81,116.05,117.0,115.86,71355,48058538.0,0.98,-0.49,-0.57,0.43,1.1400000000000006
2016-06-08,600811,116.24,115.11,116.62,114.35,127812,85333969.0,1.96,-0.81,-0.94,0.77,2.2700000000000102
2016-06-13,600811,113.97,111.14,114.54,110.95,156141,102597400.0,3.12,-3.45,-3.97,0.94,3.5900000000000034
2016-06-14,600811,111.14,110.76,111.52,109.63,95828,61565926.0,1.7,-0.34,-0.38,0.57,1.8900000000000006
2016-06-15,600811,109.81,113.59,114.16,109.44,135694,88915128.0,4.26,2.56,2.83,0.81,4.719999999999999
2016-06-16,600811,113.78,112.46,113.97,112.27,67677,44369974.0,1.5,-0.99,-1.13,0.41,1.7000000000000028
2016-06-17,600811,112.65,113.41,114.35,112.65,82588,54489815.0,1.51,0.84,0.95,0.5,1.6999999999999886
2016-06-20,600811,113.41,114.16,114.73,112.65,79645,52570785.0,1.83,0.66,0.75,0.48,2.0799999999999983
2016-06-21,600811,114.73,113.59,115.49,113.03,117602,78045304.0,2.15,-0.5,-0.57,0.71,2.4599999999999937
2016-06-22,600811,113.59,114.35,114.35,112.84,75976,50093900.0,1.33,0.67,0.76,0.46,1.509999999999991
2016-06-23,600811,113.97,113.41,114.35,112.84,69757,45932917.0,1.32,-0.82,-0.94,0.42,1.509999999999991
2016-06-24,600811,113.41,111.14,113.97,110.0,109519,71092176.0,3.5,-2.0,-2.27,0.66,3.969999999999999
2016-06-27,600811,110.0,113.41,113.59,109.63,82448,53839382.0,3.56,2.04,2.27,0.49,3.960000000000008
2016-06-28,600811,113.03,113.59,113.97,111.89,145463,95387849.0,1.83,0.16,0.18,0.87,2.0799999999999983
2016-06-29,600811,114.16,115.11,116.43,113.78,218130,145719827.0,2.33,1.34,1.52,1.31,2.6500000000000057
2016-06-30,600811,115.67,114.92,116.05,114.54,115518,77073810.0,1.31,-0.17,-0.19,0.69,1.509999999999991
2016-07-01,600811,115.3,115.49,116.24,115.11,126957,85094668.0,0.98,0.5,0.57,0.76,1.1299999999999955
2016-07-04,600811,115.49,117.94,118.7,115.11,232977,158421341.0,3.11,2.12,2.45,1.4,3.5900000000000034
2016-07-05,600811,117.56,117.94,118.13,117.19,171693,116839171.0,0.8,0.0,0.0,1.03,0.9399999999999977
2016-07-06,600811,117.56,118.13,118.51,117.38,132524,90336802.0,0.96,0.16,0.19,0.8,1.1300000000000097
2016-07-07,600811,118.13,118.32,120.4,117.75,196192,134690894.0,2.24,0.16,0.19,1.18,2.6500000000000057
2016-07-08,600811,118.7,117.56,118.89,117.19,155942,106356345.0,1.44,-0.64,-0.76,0.94,1.7000000000000028
2016-07-11,600811,117.94,118.32,120.02,117.38,200945,138266670.0,2.25,0.65,0.76,1.21,2.6400000000000006
2016-07-12,600811,118.13,121.35,121.72,117.94,229368,158733684.0,3.19,2.56,3.03,1.38,3.780000000000001
2016-07-13,600811,121.53,121.16,122.29,120.4,191199,133854451.0,1.56,-0.16,-0.19,1.15,1.8900000000000006
2016-07-14,600811,120.97,121.53,122.1,120.4,127628,89286681.0,1.4,0.31,0.37,0.77,1.6999999999999886
2016-07-15,600811,121.16,121.35,122.29,120.97,105282,73811951.0,1.09,-0.15,-0.18,0.63,1.3200000000000074
2016-07-18,600811,121.35,122.86,124.18,121.16,235040,166503338.0,2.49,1.24,1.51,1.41,3.0200000000000102
2016-07-19,600811,122.67,120.21,123.42,119.45,292448,203883728.0,3.23,-2.16,-2.65,1.75,3.969999999999999
2016-07-20,600811,120.21,119.64,120.78,119.27,125278,86806055.0,1.26,-0.47,-0.57,0.75,1.5100000000000051
2016-07-21,600811,119.83,120.21,120.97,119.45,110235,76561490.0,1.27,0.48,0.57,0.66,1.519999999999996
2016-07-22,600811,120.21,118.51,120.4,118.32,100431,69167063.0,1.73,-1.41,-1.7,0.6,2.0800000000000125
2016-07-25,600811,118.7,120.02,121.16,118.32,171324,118615124.0,2.4,1.27,1.51,1.03,2.8400000000000034
2016-07-26,600811,120.02,120.78,120.97,119.64,153633,106773385.0,1.11,0.63,0.76,0.92,1.3299999999999983
2016-07-27,600811,120.78,117.94,122.48,116.05,351541,242989850.0,5.32,-2.35,-2.84,2.11,6.430000000000007
2016-07-28,600811,117.94,117.75,118.32,116.24,137297,93178998.0,1.76,-0.16,-0.19,0.82,2.0799999999999983
2016-07-29,600811,117.75,117.56,118.89,117.0,100779,68688032.0,1.61,-0.16,-0.19,0.6,1.8900000000000006
2016-08-01,600811,117.19,115.67,117.94,114.73,128650,86306789.0,2.73,-1.61,-1.89,0.77,3.2099999999999937
2016-08-02,600811,115.3,116.62,116.62,115.3,65814,44194421.0,1.14,0.82,0.95,0.39,1.3200000000000074
2016-08-03,600811,116.43,117.0,117.19,115.86,78599,53083127.0,1.14,0.33,0.38,0.47,1.3299999999999983
2016-08-04,600811,117.0,117.56,117.75,116.24,75568,51195394.0,1.29,0.48,0.56,0.45,1.5100000000000051
2016-08-05,600811,117.56,118.51,119.64,117.0,154134,105570245.0,2.25,0.81,0.95,0.92,2.6400000000000006
2016-08-08,600811,118.51,120.59,121.16,117.75,138526,95428472.0,2.88,1.76,2.08,0.83,3.4099999999999966
2016-08-09,600811,120.4,120.59,120.59,119.27,121869,84456823.0,1.09,0.0,0.0,0.73,1.3200000000000074
2016-08-10,600811,120.21,119.83,120.78,119.45,102061,70763782.0,1.1,-0.63,-0.76,0.61,1.3299999999999983
2016-08-11,600811,120.02,118.7,120.78,118.51,110541,76551779.0,1.89,-0.94,-1.13,0.66,2.269999999999996
2016-08-12,600811,118.7,121.53,121.91,118.51,180844,125782554.0,2.86,2.38,2.83,1.08,3.3999999999999915
2016-08-15,600811,121.91,124.94,126.26,121.53,470563,337081216.0,3.89,2.81,3.41,2.82,4.730000000000004
2016-08-16,600811,124.94,123.99,125.5,123.61,285093,204067143.0,1.51,-0.76,-0.95,1.71,1.8900000000000006
2016-08-17,600811,123.8,124.56,125.5,123.42,148627,106429263.0,1.68,0.46,0.57,0.89,2.0799999999999983
2016-08-18,600811,124.75,125.69,127.02,124.56,224705,162542911.0,1.97,0.91,1.13,1.35,2.4599999999999937
2016-08-19,600811,126.07,125.13,126.07,123.99,130427,93691432.0,1.65,-0.45,-0.56,0.78,2.0799999999999983
2016-08-22,600811,125.13,123.42,125.5,123.24,103265,73862354.0,1.81,-1.37,-1.71,0.62,2.260000000000005
2016-08-23,600811,123.61,123.61,124.37,122.86,107165,76303769.0,1.22,0.15,0.19,0.64,1.5100000000000051
2016-08-24,600811,123.8,123.05,124.18,122.67,69076,49099936.0,1.22,-0.45,-0.56,0.41,1.5100000000000051
2016-08-25,600811,122.86,120.97,122.86,119.64,158013,110766098.0,2.62,-1.69,-2.08,0.95,3.219999999999999
2016-08-26,600811,121.53,122.1,122.86,121.53,84452,59527266.0,1.1,0.93,1.13,0.51,1.3299999999999983
2016-08-29,600811,121.72,122.86,123.42,121.53,68607,48523628.0,1.55,0.62,0.76,0.41,1.8900000000000006
2016-08-30,600811,122.86,122.86,124.75,122.67,89396,63660349.0,1.69,0.0,0.0,0.54,2.0799999999999983
2016-08-31,600811,123.05,123.99,124.18,121.35,88379,62800008.0,2.3,0.92,1.13,0.53,2.8300000000000125
2016-09-01,600811,123.99,124.56,127.77,123.8,253128,183473047.0,3.2,0.46,0.57,1.52,3.969999999999999
2016-09-02,600811,124.56,129.28,131.36,123.8,500510,370631392.0,6.07,3.79,4.72,3.0,7.5600000000000165
2016-09-05,600811,128.91,128.91,130.04,127.39,249922,184531880.0,2.05,-0.29,-0.37,1.5,2.6499999999999915
2016-09-06,600811,128.72,129.85,129.85,126.45,257543,189575856.0,2.64,0.73,0.94,1.55,3.3999999999999915
2016-09-07,600811,129.47,127.58,130.61,127.39,268937,199057045.0,2.48,-1.75,-2.27,1.61,3.220000000000013
2016-09-08,600811,127.58,127.02,128.72,126.26,163986,119887799.0,1.93,-0.44,-0.56,0.98,2.4599999999999937
2016-09-09,600811,127.02,125.5,127.58,125.32,147105,107087290.0,1.78,-1.2,-1.52,0.88,2.260000000000005
2016-09-12,600811,123.42,122.1,124.37,121.91,203012,144124522.0,1.96,-2.71,-3.4,1.22,2.460000000000008
2016-09-13,600811,122.86,123.05,123.61,121.91,113814,80551028.0,1.39,0.78,0.95,0.68,1.7000000000000028
2016-09-14,600811,122.1,121.91,123.42,121.53,104495,73688183.0,1.54,-0.93,-1.14,0.63,1.8900000000000006
2016-09-19,600811,122.29,123.24,123.42,122.1,75337,53299399.0,1.08,1.09,1.33,0.45,1.3200000000000074
2016-09-20,600811,123.42,122.48,123.42,122.1,58506,41354622.0,1.07,-0.62,-0.76,0.35,1.3200000000000074
2016-09-21,600811,122.67,122.67,123.42,122.29,89495,63293797.0,0.92,0.16,0.19,0.54,1.1299999999999955
2016-09-22,600811,123.42,123.99,124.56,123.24,140996,100701560.0,1.08,1.08,1.32,0.85,1.3200000000000074
2016-09-23,600811,124.18,124.75,125.88,124.18,191323,137643774.0,1.37,0.61,0.76,1.15,1.6999999999999886
2016-09-26,600811,124.18,120.4,124.56,120.21,178655,125945225.0,3.49,-3.49,-4.35,1.07,4.3500000000000085
2016-09-27,600811,120.59,121.53,121.53,119.83,109989,76593809.0,1.41,0.94,1.13,0.66,1.7000000000000028
2016-09-28,600811,121.72,120.97,121.91,120.78,59987,41952988.0,0.93,-0.46,-0.56,0.36,1.1299999999999955
2016-09-29,600811,120.97,121.53,122.48,120.78,67667,47466193.0,1.41,0.46,0.56,0.41,1.7000000000000028
2016-09-30,600811,121.35,121.53,121.72,120.4,62188,43521316.0,1.09,0.0,0.0,0.37,1.3199999999999932
2016-10-10,600811,122.67,123.42,123.61,121.72,116622,82591550.0,1.56,1.56,1.89,0.7,1.8900000000000006
2016-10-11,600811,123.42,123.8,124.18,122.86,99495,70828000.0,1.07,0.31,0.38,0.6,1.3200000000000074
2016-10-12,600811,123.42,123.61,123.8,122.86,82200,58376104.0,0.76,-0.15,-0.19,0.49,0.9399999999999977
2016-10-13,600811,123.61,124.18,124.56,123.24,115886,82747381.0,1.07,0.46,0.57,0.7,1.3200000000000074
2016-10-14,600811,123.99,123.24,124.37,122.48,93262,66304155.0,1.52,-0.76,-0.94,0.56,1.8900000000000006
2016-10-17,600811,123.61,122.86,124.18,122.48,82501,58613451.0,1.38,-0.31,-0.38,0.49,1.7000000000000028
2016-10-18,600811,122.86,124.18,124.37,122.29,123866,88194240.0,1.69,1.07,1.32,0.74,2.0799999999999983
2016-10-19,600811,124.37,124.37,125.13,123.99,106926,76596799.0,0.92,0.15,0.19,0.64,1.1400000000000006
2016-10-20,600811,125.13,124.37,125.69,123.61,76268,54629761.0,1.67,0.0,0.0,0.46,2.0799999999999983
2016-10-21,600811,124.18,123.42,125.13,123.05,101972,72744309.0,1.67,-0.76,-0.95,0.61,2.0799999999999983
2016-10-24,600811,123.05,125.5,125.69,122.86,172271,123618786.0,2.29,1.69,2.08,1.03,2.8299999999999983
2016-10-25,600811,125.69,125.32,126.26,124.75,95024,68499954.0,1.2,-0.14,-0.18,0.57,1.5100000000000051
2016-10-26,600811,125.32,124.94,125.69,124.37,91108,65460125.0,1.05,-0.3,-0.38,0.55,1.3199999999999932
2016-10-27,600811,124.94,124.56,125.32,123.99,63755,45678123.0,1.06,-0.3,-0.38,0.38,1.3299999999999983
2016-10-28,600811,124.56,124.18,126.07,123.61,97250,69917787.0,1.97,-0.31,-0.38,0.58,2.4599999999999937
2016-10-31,600811,123.61,123.42,123.8,122.67,97096,68853026.0,0.91,-0.61,-0.76,0.58,1.1299999999999955
2016-11-01,600811,123.61,124.56,124.75,123.05,85239,60818969.0,1.38,0.92,1.14,0.51,1.7000000000000028
2016-11-02,600811,124.18,123.24,124.37,122.86,102862,73263520.0,1.21,-1.06,-1.32,0.62,1.5100000000000051
2016-11-03,600811,123.05,124.56,125.32,122.86,138898,99516330.0,2.0,1.07,1.32,0.83,2.4599999999999937
2016-11-04,600811,124.37,123.8,124.94,123.42,84356,60253229.0,1.22,-0.61,-0.76,0.51,1.519999999999996
2016-11-07,600811,123.8,123.99,123.99,123.05,82867,58985875.0,0.76,0.15,0.19,0.5,0.9399999999999977
2016-11-08,600811,124.18,125.32,126.45,124.18,174600,125769007.0,1.83,1.07,1.33,1.05,2.269999999999996
2016-11-09,600811,125.13,123.61,125.32,121.72,220229,156458336.0,2.87,-1.36,-1.71,1.32,3.5999999999999943
2016-11-10,600811,124.37,125.5,125.69,123.99,201175,144770194.0,1.38,1.53,1.89,1.21,1.7000000000000028
2016-11-11,600811,125.32,127.39,127.39,124.94,274908,199665439.0,1.95,1.51,1.89,1.65,2.450000000000003
2016-11-14,600811,127.58,127.58,129.1,126.83,253494,186328945.0,1.78,0.15,0.19,1.52,2.269999999999996
2016-11-15,600811,127.58,127.58,128.15,126.45,138821,101457946.0,1.33,0.0,0.0,0.83,1.7000000000000028
2016-11-16,600811,128.34,127.77,128.53,127.02,153702,112777899.0,1.18,0.15,0.19,0.92,1.5100000000000051
2016-11-17,600811,128.34,129.1,131.74,127.58,286868,213359952.0,3.26,1.04,1.33,1.72,4.160000000000011
2016-11-18,600811,129.1,126.45,129.28,126.26,222128,162536686.0,2.34,-2.05,-2.65,1.33,3.019999999999996
2016-11-21,600811,126.64,127.21,127.58,126.07,131324,95780639.0,1.19,0.6,0.76,0.79,1.5100000000000051
2016-11-22,600811,127.21,128.53,128.72,126.83,171661,126207882.0,1.49,1.04,1.32,1.03,1.8900000000000006
2016-11-23,600811,128.72,127.58,129.47,127.21,194708,143649351.0,1.76,-0.74,-0.95,1.17,2.260000000000005
2016-11-24,600811,127.39,130.61,132.31,127.02,479039,358194576.0,4.15,2.37,3.03,2.87,5.290000000000006
2016-11-25,600811,130.04,130.23,130.61,127.39,270652,200850753.0,2.47,-0.29,-0.38,1.62,3.220000000000013
2016-11-28,600811,130.23,132.31,133.63,129.85,322547,244022072.0,2.9,1.6,2.08,1.94,3.780000000000001
2016-11-29,600811,131.55,129.85,132.5,129.66,302664,227584690.0,2.15,-1.86,-2.46,1.82,2.8400000000000034
2016-11-30,600811,129.47,128.34,129.85,127.96,173409,128144470.0,1.46,-1.16,-1.51,1.04,1.8900000000000006
2016-12-01,600811,128.34,129.66,131.18,128.34,179122,133190023.0,2.21,1.03,1.32,1.07,2.8400000000000034
2016-12-02,600811,129.47,127.02,129.85,126.45,176004,129356888.0,2.62,-2.04,-2.64,1.06,3.3999999999999915
2016-12-05,600811,126.45,125.88,127.02,125.32,111897,81112643.0,1.34,-0.9,-1.14,0.67,1.7000000000000028
2016-12-06,600811,126.26,125.88,126.83,125.5,73956,53666105.0,1.06,0.0,0.0,0.44,1.3299999999999983
2016-12-07,600811,125.88,127.96,127.96,125.5,126935,92584982.0,1.95,1.65,2.08,0.76,2.4599999999999937
2016-12-08,600811,127.96,126.83,127.96,126.64,98199,71797215.0,1.03,-0.88,-1.13,0.59,1.3199999999999932
2016-12-09,600811,127.21,128.53,128.72,126.83,149396,109868645.0,1.49,1.34,1.7,0.9,1.8900000000000006
2016-12-12,600811,129.1,123.24,129.66,122.86,232964,169067245.0,5.29,-4.12,-5.29,1.4,6.799999999999997
2016-12-13,600811,122.86,123.99,124.56,122.67,85245,60660685.0,1.53,0.61,0.75,0.51,1.8900000000000006
2016-12-14,600811,124.18,123.8,124.94,123.05,79444,56761556.0,1.52,-0.15,-0.19,0.48,1.8900000000000006
2016-12-15,600811,123.61,123.99,125.13,123.24,77808,55656258.0,1.53,0.15,0.19,0.47,1.8900000000000006
2016-12-16,600811,123.42,124.94,126.26,123.05,93612,67215039.0,2.59,0.77,0.95,0.56,3.210000000000008
2016-12-19,600811,125.13,127.39,127.96,124.37,203957,148365700.0,2.87,1.96,2.45,1.22,3.589999999999989
2016-12-20,600811,127.21,126.07,127.39,124.56,133435,96570372.0,2.22,-1.04,-1.32,0.8,2.8299999999999983
2016-12-21,600811,126.26,127.96,128.91,126.26,163961,120264867.0,2.1,1.5,1.89,0.98,2.6499999999999915
2016-12-22,600811,127.58,126.83,127.96,126.45,103111,75284418.0,1.18,-0.88,-1.13,0.62,1.509999999999991
2016-12-23,600811,126.83,124.37,127.39,124.37,123418,89321055.0,2.38,-1.94,-2.46,0.74,3.019999999999996
2016-12-26,600811,124.37,125.69,125.88,123.05,105972,75649207.0,2.28,1.06,1.32,0.64,2.8299999999999983
2016-12-27,600811,125.32,125.13,126.07,124.37,59745,43103656.0,1.35,-0.45,-0.56,0.36,1.6999999999999886
2016-12-28,600811,124.75,124.37,125.5,123.99,71549,51278098.0,1.21,-0.61,-0.76,0.43,1.5100000000000051
2016-12-29,600811,124.18,124.18,124.94,123.61,53559,38277200.0,1.07,-0.15,-0.19,0.32,1.3299999999999983
2016-12-30,600811,124.18,124.18,125.13,123.8,73919,52934083.0,1.07,0.0,0.0,0.44,1.3299999999999983
2017-01-03,600811,124.75,125.32,125.5,124.18,87177,62762410.0,1.06,0.92,1.14,0.52,1.3199999999999932
2017-01-04,600811,125.69,126.26,126.45,124.94,90932,65770397.0,1.2,0.75,0.94,0.55,1.5100000000000051
2017-01-05,600811,126.07,126.07,126.64,125.69,81832,59353530.0,0.75,-0.15,-0.19,0.49,0.9500000000000028
2017-01-06,600811,126.07,126.26,126.45,125.69,83719,60693230.0,0.6,0.15,0.19,0.5,0.7600000000000051
2017-01-09,600811,126.26,127.39,127.39,125.5,96623,70253884.0,1.5,0.89,1.13,0.58,1.8900000000000006
2017-01-10,600811,127.02,126.64,127.58,126.07,96803,70583907.0,1.19,-0.59,-0.75,0.58,1.5100000000000051
2017-01-11,600811,126.07,124.75,126.83,124.75,83433,60311994.0,1.64,-1.49,-1.89,0.5,2.0799999999999983
2017-01-12,600811,124.56,123.05,125.32,123.05,96146,68708827.0,1.82,-1.36,-1.7,0.58,2.269999999999996
2017-01-13,600811,123.05,123.99,124.37,121.72,118514,83980745.0,2.15,0.76,0.94,0.71,2.6500000000000057
2017-01-16,600811,123.42,124.56,126.83,120.4,418673,299340288.0,5.19,0.46,0.57,2.51,6.429999999999993
2017-01-17,600811,123.61,124.37,124.75,122.86,75941,54206832.0,1.52,-0.15,-0.19,0.46,1.8900000000000006
2017-01-18,600811,123.8,125.5,126.07,123.61,91160,65630377.0,1.98,0.91,1.13,0.55,2.4599999999999937
2017-01-19,600811,125.13,123.61,126.07,123.42,120179,86124696.0,2.11,-1.51,-1.89,0.72,2.6499999999999915
2017-01-20,600811,123.61,124.37,125.13,123.05,93277,66759805.0,1.68,0.61,0.76,0.56,2.0799999999999983
2017-01-23,600811,124.37,124.56,125.5,123.99,131978,94667468.0,1.21,0.15,0.19,0.79,1.5100000000000051
2017-01-24,600811,124.56,124.37,124.56,123.61,68383,48867167.0,0.76,-0.15,-0.19,0.41,0.9500000000000028
2017-01-25,600811,123.99,124.56,124.56,123.99,51494,36869326.0,0.46,0.15,0.19,0.31,0.5700000000000074
2017-01-26,600811,124.75,124.56,125.32,124.37,81665,58646745.0,0.76,0.0,0.0,0.49,0.9499999999999886
2017-02-03,600811,124.94,124.18,124.94,123.99,48099,34429661.0,0.76,-0.31,-0.38,0.29,0.9500000000000028
2017-02-06,600811,124.94,125.69,125.69,124.37,68584,49420511.0,1.06,1.22,1.51,0.41,1.3199999999999932
2017-02-07,600811,125.5,125.88,126.07,125.13,62332,45004605.0,0.75,0.15,0.19,0.37,0.9399999999999977
2017-02-08,600811,125.88,125.69,125.88,124.37,78852,56739984.0,1.2,-0.15,-0.19,0.47,1.509999999999991
2017-02-09,600811,125.69,126.45,126.83,125.32,113969,82681883.0,1.2,0.6,0.76,0.68,1.5100000000000051
2017-02-10,600811,126.45,127.39,128.53,126.26,216012,158390853.0,1.8,0.74,0.94,1.3,2.269999999999996
2017-02-13,600811,127.58,128.34,128.53,127.02,125930,92440830.0,1.19,0.75,0.95,0.76,1.5100000000000051
2017-02-14,600811,128.34,127.58,128.34,126.83,109235,80000576.0,1.18,-0.59,-0.76,0.66,1.5100000000000051
2017-02-15,600811,127.58,127.21,128.34,126.83,118493,86879294.0,1.18,-0.29,-0.37,0.71,1.5100000000000051
2017-02-16,600811,127.39,128.72,130.23,127.02,176314,130273354.0,2.52,1.19,1.51,1.06,3.2099999999999937
2017-02-17,600811,128.72,127.39,129.47,127.21,126192,92808325.0,1.76,-1.03,-1.33,0.76,2.260000000000005
2017-02-20,600811,127.21,128.91,129.28,127.21,143472,105833620.0,1.62,1.19,1.52,0.86,2.0700000000000074
2017-02-21,600811,129.1,129.28,130.23,128.72,150150,111429362.0,1.17,0.29,0.37,0.9,1.509999999999991
2017-02-22,600811,129.47,130.04,130.23,128.53,148175,110134727.0,1.31,0.59,0.76,0.89,1.6999999999999886
2017-02-23,600811,129.85,128.91,130.04,127.96,144685,106928918.0,1.6,-0.87,-1.13,0.87,2.0799999999999983
2017-02-24,600811,128.53,128.91,128.91,127.96,80757,59626877.0,0.74,0.0,0.0,0.48,0.9500000000000028
2017-02-27,600811,128.72,127.02,128.72,127.02,98200,72092541.0,1.32,-1.47,-1.89,0.59,1.7000000000000028
2017-02-28,600811,127.21,127.39,127.96,126.64,75400,55148438.0,1.04,0.29,0.37,0.45,1.3199999999999932
2017-03-01,600811,127.21,127.39,128.53,127.02,112275,82485788.0,1.19,0.0,0.0,0.67,1.5100000000000051
2017-03-02,600811,127.96,126.83,128.15,126.64,89222,65199073.0,1.19,-0.44,-0.56,0.54,1.5100000000000051
2017-03-03,600811,126.83,126.83,127.21,126.26,63089,45957984.0,0.75,0.0,0.0,0.38,0.9499999999999886
2017-03-06,600811,127.02,127.58,127.96,126.64,78806,57763582.0,1.04,0.59,0.75,0.47,1.3199999999999932
2017-03-07,600811,127.77,127.77,127.96,126.83,62024,45410131.0,0.89,0.15,0.19,0.37,1.1299999999999955
2017-03-08,600811,127.58,126.83,127.77,126.45,75165,54882570.0,1.03,-0.74,-0.94,0.45,1.3199999999999932
2017-03-09,600811,126.83,124.75,126.83,124.37,139307,100375726.0,1.94,-1.64,-2.08,0.84,2.4599999999999937
2017-03-10,600811,124.94,124.75,125.13,124.37,59585,42804770.0,0.61,0.0,0.0,0.36,0.7599999999999909
2017-03-13,600811,125.13,125.5,125.5,123.8,68589,49303454.0,1.36,0.6,0.75,0.41,1.7000000000000028
2017-03-14,600811,125.5,124.94,125.69,124.37,76152,54798468.0,1.05,-0.45,-0.56,0.46,1.3199999999999932
2017-03-15,600811,124.94,124.75,125.32,123.99,84274,60473377.0,1.06,-0.15,-0.19,0.51,1.3299999999999983
2017-03-16,600811,124.75,125.88,125.88,124.75,91360,66005623.0,0.91,0.91,1.13,0.55,1.1299999999999955
2017-03-17,600811,126.07,124.56,126.07,124.37,75422,54398907.0,1.35,-1.05,-1.32,0.45,1.6999999999999886
2017-03-20,600811,124.56,124.75,124.94,123.99,57393,41119248.0,0.76,0.15,0.19,0.34,0.9500000000000028
2017-03-21,600811,124.56,125.13,125.32,124.37,67631,48596679.0,0.76,0.3,0.38,0.41,0.9499999999999886
2017-03-22,600811,124.56,123.8,124.75,123.42,74460,53156884.0,1.06,-1.06,-1.33,0.45,1.3299999999999983
2017-03-23,600811,123.99,123.61,124.18,122.86,90143,64218533.0,1.07,-0.15,-0.19,0.54,1.3200000000000074
2017-03-24,600811,123.61,123.99,124.18,123.24,82231,58573197.0,0.76,0.31,0.38,0.49,0.9400000000000119
2017-03-27,600811,123.8,123.8,124.18,123.42,83187,59355383.0,0.61,-0.15,-0.19,0.5,0.7600000000000051
2017-03-28,600811,123.8,122.86,123.99,122.67,77481,54999801.0,1.07,-0.76,-0.94,0.46,1.3199999999999932
2017-03-29,600811,122.67,123.05,123.99,122.48,80711,57284929.0,1.23,0.15,0.19,0.48,1.509999999999991
2017-03-30,600811,122.86,122.48,123.61,121.91,92158,65263451.0,1.38,-0.46,-0.57,0.55,1.7000000000000028
2017-03-31,600811,122.48,122.29,123.24,122.1,93896,66356842.0,0.93,-0.16,-0.19,0.56,1.1400000000000006
2017-04-05,600811,125.69,125.13,127.39,124.37,312750,225123973.0,2.47,2.32,2.84,1.88,3.019999999999996
2017-04-06,600811,124.75,124.56,125.32,124.37,119029,85412289.0,0.76,-0.46,-0.57,0.71,0.9499999999999886
2017-04-07,600811,124.56,124.37,124.75,123.8,115055,82285651.0,0.76,-0.15,-0.19,0.69,0.9500000000000028
2017-04-10,600811,124.37,124.56,125.13,124.18,139926,100448989.0,0.76,0.15,0.19,0.84,0.9499999999999886
2017-04-11,600811,124.37,126.07,126.45,124.18,192412,138968684.0,1.82,1.21,1.51,1.15,2.269999999999996
2017-04-12,600811,126.83,125.88,127.39,125.69,161202,117204546.0,1.35,-0.15,-0.19,0.97,1.7000000000000028
2017-04-13,600811,126.07,126.45,126.83,125.5,127913,92887067.0,1.06,0.45,0.57,0.77,1.3299999999999983
2017-04-14,600811,126.26,123.99,126.83,123.8,146773,105746538.0,2.4,-1.95,-2.46,0.88,3.030000000000001
2017-04-17,600811,124.18,124.56,125.32,123.42,118836,85107666.0,1.53,0.46,0.57,0.71,1.8999999999999915
2017-04-18,600811,123.99,123.61,124.75,123.42,84244,60197367.0,1.07,-0.76,-0.95,0.51,1.3299999999999983
2017-04-19,600811,123.24,121.16,123.61,120.59,184106,129208862.0,2.44,-1.98,-2.45,1.1,3.019999999999996
2017-04-20,600811,121.16,120.59,121.91,119.83,101556,70792373.0,1.72,-0.47,-0.57,0.61,2.0799999999999983
2017-04-21,600811,120.78,120.4,121.16,119.83,75377,52372084.0,1.1,-0.16,-0.19,0.45,1.3299999999999983
2017-04-24,600811,120.4,116.81,120.4,116.24,133043,90381561.0,3.46,-2.98,-3.59,0.8,4.160000000000011
2017-04-25,600811,117.19,116.05,117.75,115.3,121568,82028447.0,2.1,-0.65,-0.76,0.73,2.450000000000003
2017-04-26,600811,116.24,116.81,116.81,115.86,61281,41287194.0,0.82,0.65,0.76,0.37,0.9500000000000028
2017-04-27,600811,116.62,116.81,117.0,113.78,78105,52356108.0,2.76,0.0,0.0,0.47,3.219999999999999
2017-04-28,600811,116.43,117.56,117.56,116.05,49658,33622524.0,1.29,0.64,0.75,0.3,1.5100000000000051
2017-05-02,600811,117.56,117.94,118.13,117.0,64296,43762944.0,0.96,0.32,0.38,0.39,1.1299999999999955
2017-05-03,600811,117.38,116.24,118.13,115.86,77308,52263393.0,1.92,-1.44,-1.7,0.46,2.269999999999996
2017-05-04,600811,116.43,115.49,116.81,115.3,59164,39757721.0,1.3,-0.65,-0.75,0.35,1.5100000000000051
2017-05-05,600811,115.49,113.41,115.86,113.41,65215,43431036.0,2.12,-1.8,-2.08,0.39,2.450000000000003
2017-05-08,600811,113.59,112.08,113.78,111.7,91357,59686905.0,1.83,-1.17,-1.33,0.55,2.0799999999999983
2017-05-09,600811,112.27,111.89,112.46,110.76,88881,57672568.0,1.52,-0.17,-0.19,0.53,1.6999999999999886
2017-05-10,600811,112.27,109.25,112.46,109.25,80764,52128117.0,2.87,-2.36,-2.64,0.48,3.2099999999999937
2017-05-11,600811,108.87,110.57,110.95,105.47,146330,92099014.0,5.02,1.21,1.32,0.88,5.480000000000004
2017-05-12,600811,109.81,110.19,110.38,108.87,68467,43658164.0,1.37,-0.34,-0.38,0.41,1.509999999999991
2017-05-15,600811,110.19,109.63,110.57,109.63,36371,23280516.0,0.85,-0.51,-0.56,0.22,0.9399999999999977
2017-05-16,600811,109.81,111.33,111.52,108.3,66801,42744235.0,2.94,1.55,1.7,0.4,3.219999999999999
2017-05-17,600811,111.14,111.52,112.46,110.95,70780,45894657.0,1.36,0.17,0.19,0.42,1.509999999999991
2017-05-18,600811,110.76,110.19,111.52,110.0,45026,28997307.0,1.36,-1.19,-1.33,0.27,1.519999999999996
2017-05-19,600811,110.19,110.38,110.57,109.81,49495,31717634.0,0.69,0.17,0.19,0.3,0.7599999999999909
2017-05-22,600811,110.38,109.44,110.76,108.68,69566,44428359.0,1.88,-0.85,-0.94,0.42,2.0799999999999983
2017-05-23,600811,109.63,107.55,109.81,106.98,65275,41120215.0,2.59,-1.73,-1.89,0.39,2.8299999999999983
2017-05-24,600811,107.17,106.41,107.36,104.52,70638,43682143.0,2.64,-1.06,-1.14,0.42,2.8400000000000034
2017-05-25,600811,106.41,108.87,109.25,106.22,74099,46569676.0,2.85,2.31,2.46,0.44,3.030000000000001
2017-05-26,600811,109.25,109.06,110.57,108.87,52271,33320269.0,1.56,0.17,0.19,0.21,1.6999999999999886
2017-05-31,600811,110.19,109.25,110.57,109.25,57212,36589112.0,1.21,0.17,0.19,0.23,1.3199999999999932
2017-06-01,600811,109.06,107.17,109.25,107.17,54588,34408923.0,1.9,-1.9,-2.08,0.22,2.0799999999999983
2017-06-02,600811,107.17,108.68,108.87,106.41,56382,35306395.0,2.3,1.41,1.51,0.22,2.460000000000008
2017-06-05,600811,108.3,108.87,109.44,108.3,49295,31261090.0,1.05,0.17,0.19,0.2,1.1400000000000006
2017-06-06,600811,108.87,109.25,109.25,108.11,59792,37831092.0,1.05,0.35,0.38,0.24,1.1400000000000006
2017-06-07,600811,108.68,110.95,110.95,108.68,76073,48802383.0,2.08,1.56,1.7,0.3,2.269999999999996
2017-06-08,600811,110.76,110.95,111.33,110.38,61438,39605126.0,0.86,0.0,0.0,0.24,0.9500000000000028
2017-06-09,600811,110.95,111.33,111.52,110.0,63189,40720353.0,1.37,0.34,0.38,0.25,1.519999999999996
2017-06-12,600811,111.14,109.44,111.14,109.06,64508,41253551.0,1.87,-1.7,-1.89,0.26,2.0799999999999983
2017-06-13,600811,109.25,111.52,111.89,109.25,51576,33185787.0,2.41,1.9,2.08,0.2,2.6400000000000006
2017-06-14,600811,111.7,112.08,113.78,111.14,107029,69840345.0,2.37,0.5,0.56,0.43,2.6400000000000006
2017-06-15,600811,112.08,111.7,112.65,111.52,66410,43202610.0,1.01,-0.34,-0.38,0.26,1.1300000000000097
2017-06-16,600811,111.7,111.14,111.89,110.95,35343,22881453.0,0.84,-0.5,-0.56,0.14,0.9399999999999977
2017-06-19,600811,111.33,112.27,112.46,111.33,48534,31581039.0,1.02,1.02,1.13,0.19,1.1299999999999955
2017-06-20,600811,112.27,111.89,112.65,111.33,47961,31222929.0,1.18,-0.34,-0.38,0.19,1.3200000000000074
2017-06-21,600811,112.08,111.89,112.27,111.14,35856,23243024.0,1.01,0.0,0.0,0.14,1.1299999999999955
2017-06-22,600811,112.08,111.14,112.84,111.14,82719,53814926.0,1.52,-0.67,-0.75,0.33,1.7000000000000028
2017-06-23,600811,111.33,110.76,111.89,109.63,49505,31857580.0,2.03,-0.34,-0.38,0.2,2.260000000000005
2017-06-26,600811,110.76,112.08,112.27,110.57,59018,38309858.0,1.53,1.19,1.32,0.23,1.7000000000000028
2017-06-27,600811,112.27,112.08,112.46,111.33,61466,39992533.0,1.01,0.0,0.0,0.24,1.1299999999999955
2017-06-28,600811,111.89,111.33,112.27,111.14,63694,41321783.0,1.01,-0.67,-0.75,0.25,1.1299999999999955
2017-06-29,600811,111.89,112.46,112.65,111.7,62900,41030070.0,0.85,1.02,1.13,0.25,0.9500000000000028
2017-06-30,600811,112.46,112.27,112.46,111.7,50392,32804670.0,0.68,-0.17,-0.19,0.2,0.7599999999999909
2017-07-03,600811,112.46,113.22,113.59,111.7,72514,47507563.0,1.68,0.85,0.95,0.29,1.8900000000000006
2017-07-04,600811,113.03,112.65,113.41,112.27,64970,42541902.0,1.01,-0.5,-0.57,0.26,1.1400000000000006
2017-07-05,600811,112.27,113.22,113.41,112.27,48528,31812283.0,1.01,0.51,0.57,0.19,1.1400000000000006
2017-07-06,600811,113.22,112.84,113.59,112.46,56784,37268161.0,1.0,-0.34,-0.38,0.23,1.1300000000000097
2017-07-07,600811,112.65,113.59,113.59,112.46,56123,36806831.0,1.0,0.66,0.75,0.22,1.1300000000000097
2017-07-10,600811,113.59,114.35,114.54,113.03,89075,58864463.0,1.33,0.67,0.76,0.35,1.5100000000000051
2017-07-11,600811,114.16,113.59,114.73,113.41,69045,45704279.0,1.15,-0.66,-0.76,0.27,1.3200000000000074
2017-07-12,600811,113.41,113.41,113.78,112.84,66420,43675958.0,0.83,-0.16,-0.18,0.26,0.9399999999999977
2017-07-13,600811,113.41,114.35,114.35,112.84,63913,42185168.0,1.33,0.83,0.94,0.25,1.509999999999991
2017-07-14,600811,114.35,114.73,114.92,113.41,72759,48201610.0,1.32,0.33,0.38,0.29,1.5100000000000051
2017-07-17,600811,114.73,111.14,114.73,107.36,121393,79169363.0,6.42,-3.13,-3.59,0.48,7.3700000000000045
2017-07-18,600811,111.33,112.65,112.84,110.57,61200,39821434.0,2.04,1.36,1.51,0.24,2.2700000000000102
2017-07-19,600811,112.84,115.3,115.49,112.08,112964,74748921.0,3.03,2.35,2.65,0.45,3.4099999999999966
2017-07-20,600811,115.11,115.3,116.62,114.54,140696,94206482.0,1.8,0.0,0.0,0.56,2.0799999999999983
2017-07-21,600811,115.3,115.67,116.24,114.92,109179,73165255.0,1.14,0.32,0.37,0.43,1.3199999999999932
2017-07-24,600811,115.83,117.79,119.27,115.33,149007,78254093.0,3.41,1.83,2.12,0.46,3.9399999999999977
2017-07-25,600811,117.3,115.33,117.55,114.84,139301,71872612.0,2.3,-2.09,-2.46,0.43,2.7099999999999937
2017-07-26,600811,115.33,115.58,116.07,114.35,87852,45078702.0,1.49,0.22,0.25,0.27,1.7199999999999989
2017-07-27,600811,115.58,116.32,116.32,114.84,93513,48202729.0,1.28,0.64,0.74,0.29,1.4799999999999898
2017-07-28,600811,116.32,115.33,116.32,115.09,90508,46669839.0,1.06,-0.85,-0.99,0.28,1.2299999999999898
2017-07-31,600811,115.58,116.32,116.32,115.33,91841,47408270.0,0.86,0.86,0.99,0.28,0.9899999999999949
2017-08-01,600811,116.32,116.32,117.05,115.83,81768,42371237.0,1.05,0.0,0.0,0.25,1.2199999999999989
2017-08-02,600811,116.56,115.33,117.05,115.09,124572,64428324.0,1.69,-0.85,-0.99,0.38,1.9599999999999937
2017-08-03,600811,115.33,115.58,116.07,115.09,86675,44624145.0,0.85,0.22,0.25,0.26,0.9799999999999898
2017-08-04,600811,115.58,115.09,116.07,115.09,110188,56704515.0,0.85,-0.42,-0.49,0.34,0.9799999999999898
2017-08-07,600811,115.33,115.83,115.83,114.6,92549,47491477.0,1.07,0.64,0.74,0.28,1.230000000000004
2017-08-08,600811,115.58,116.81,118.04,114.84,176632,91357844.0,2.76,0.85,0.98,0.54,3.200000000000003
2017-08-09,600811,116.32,115.58,116.56,115.09,103171,53153939.0,1.26,-1.05,-1.23,0.32,1.4699999999999989
2017-08-10,600811,115.09,114.6,116.07,114.6,113039,58036002.0,1.27,-0.85,-0.98,0.35,1.4699999999999989
2017-08-11,600811,114.11,112.39,115.83,111.65,170959,86897474.0,3.65,-1.93,-2.21,0.52,4.179999999999993
2017-08-14,600811,112.39,113.61,113.86,112.14,56058,28310824.0,1.53,1.09,1.22,0.17,1.7199999999999989
2017-08-15,600811,113.61,113.37,114.35,112.63,68351,34627311.0,1.51,-0.21,-0.24,0.21,1.7199999999999989
2017-08-16,600811,113.37,113.37,113.86,112.88,62748,31743191.0,0.86,0.0,0.0,0.19,0.980000000000004
2017-08-17,600811,113.37,113.61,113.86,112.63,103766,52455718.0,1.08,0.21,0.24,0.32,1.230000000000004
2017-08-18,600811,113.37,112.88,113.37,112.63,92251,46533847.0,0.65,-0.64,-0.73,0.28,0.7400000000000091
2017-08-21,600811,113.12,113.86,113.86,112.63,128099,64737467.0,1.09,0.87,0.98,0.39,1.230000000000004
2017-08-22,600811,113.61,113.37,113.86,112.88,80111,40529242.0,0.86,-0.43,-0.49,0.24,0.980000000000004
2017-08-23,600811,113.37,112.88,113.37,112.39,73623,37097808.0,0.86,-0.43,-0.49,0.22,0.980000000000004
2017-08-24,600811,112.88,111.89,112.88,111.89,65241,32766175.0,0.88,-0.88,-0.99,0.2,0.9899999999999949
2017-08-25,600811,112.14,113.12,113.37,111.65,87838,44236219.0,1.54,1.1,1.23,0.27,1.7199999999999989
2017-08-28,600811,113.12,114.35,115.09,112.88,124309,63353018.0,1.95,1.09,1.23,0.38,2.210000000000008
2017-08-29,600811,114.35,114.11,114.84,113.61,77944,39724696.0,1.08,-0.21,-0.24,0.24,1.230000000000004
2017-08-30,600811,113.86,114.35,114.6,113.86,82603,42123560.0,0.65,0.21,0.24,0.25,0.7399999999999949
2017-08-31,600811,113.86,114.6,114.84,113.86,138442,70629271.0,0.86,0.22,0.25,0.42,0.980000000000004
2017-09-01,600811,114.6,115.09,115.09,114.35,121054,61981815.0,0.65,0.43,0.49,0.37,0.7400000000000091
2017-09-04,600811,114.6,114.35,114.84,113.86,103497,52762802.0,0.85,-0.64,-0.74,0.32,0.980000000000004
2017-09-05,600811,114.35,114.35,114.84,114.11,87608,44697534.0,0.64,0.0,0.0,0.27,0.730000000000004
2017-09-06,600811,114.35,113.61,114.84,113.12,115542,58723748.0,1.5,-0.65,-0.74,0.35,1.7199999999999989
2017-09-07,600811,113.86,114.11,115.58,113.37,176035,89824275.0,1.95,0.44,0.5,0.54,2.2099999999999937
2017-09-08,600811,113.86,113.86,114.6,113.61,100872,51355949.0,0.87,-0.22,-0.25,0.31,0.9899999999999949
2017-09-11,600811,114.11,115.58,116.07,113.61,167370,85984792.0,2.16,1.51,1.72,0.51,2.4599999999999937
2017-09-12,600811,115.58,115.09,116.07,114.6,116717,60005809.0,1.27,-0.42,-0.49,0.36,1.4699999999999989
2017-09-13,600811,115.09,115.09,115.33,114.6,83464,42784109.0,0.63,0.0,0.0,0.25,0.730000000000004
2017-09-14,600811,115.09,115.09,115.83,114.6,113819,58391968.0,1.07,0.0,0.0,0.35,1.230000000000004
2017-09-15,600811,114.84,115.09,115.33,114.11,115243,58995353.0,1.06,0.0,0.0,0.35,1.2199999999999989
2017-09-18,600811,115.09,115.58,115.83,114.84,130720,67259229.0,0.86,0.43,0.49,0.4,0.9899999999999949
2017-09-19,600811,115.83,118.28,119.02,115.33,365399,191492319.0,3.19,2.34,2.7,1.12,3.6899999999999977
2017-09-20,600811,117.55,117.79,118.53,116.56,252488,131858341.0,1.67,-0.41,-0.49,0.77,1.9699999999999989
2017-09-21,600811,117.55,117.55,118.77,117.05,152448,79906104.0,1.46,-0.2,-0.24,0.47,1.7199999999999989
2017-09-22,600811,117.55,115.83,117.55,115.58,127796,66195208.0,1.68,-1.46,-1.72,0.39,1.9699999999999989
2017-09-25,600811,115.58,113.86,115.58,113.61,112078,57299289.0,1.7,-1.7,-1.97,0.34,1.9699999999999989
2017-09-26,600811,113.86,113.86,114.6,113.61,84878,43179955.0,0.87,0.0,0.0,0.26,0.9899999999999949
2017-09-27,600811,114.11,114.11,114.6,113.86,59244,30187622.0,0.65,0.22,0.25,0.18,0.7399999999999949
2017-09-28,600811,114.35,115.33,115.83,114.11,97561,50087935.0,1.51,1.07,1.22,0.3,1.7199999999999989
2017-09-29,600811,115.09,114.6,115.83,114.35,79542,40819346.0,1.28,-0.63,-0.73,0.24,1.480000000000004
2017-10-09,600811,115.58,116.56,116.56,115.33,117468,60773782.0,1.07,1.71,1.96,0.36,1.230000000000004
2017-10-10,600811,116.56,116.81,116.81,115.83,67608,35011126.0,0.84,0.21,0.25,0.21,0.980000000000004
2017-10-11,600811,116.56,116.32,117.3,116.07,94223,48933403.0,1.05,-0.42,-0.49,0.29,1.230000000000004
2017-10-12,600811,116.56,116.32,116.81,115.83,78380,40608450.0,0.84,0.0,0.0,0.24,0.980000000000004
2017-10-13,600811,116.32,116.56,116.81,115.83,72068,37304242.0,0.84,0.21,0.24,0.22,0.980000000000004
2017-10-16,600811,116.56,114.11,116.81,113.86,130206,66953956.0,2.53,-2.1,-2.45,0.4,2.950000000000003
2017-10-17,600811,114.35,114.35,115.33,114.11,64578,33036477.0,1.07,0.21,0.24,0.2,1.2199999999999989
2017-10-18,600811,114.35,114.6,115.83,114.35,73577,37774017.0,1.29,0.22,0.25,0.22,1.480000000000004
2017-10-19,600811,115.09,113.86,115.33,113.37,89217,45434164.0,1.71,-0.65,-0.74,0.27,1.9599999999999937
2017-10-20,600811,113.86,114.11,114.84,113.61,73352,37413785.0,1.08,0.22,0.25,0.22,1.230000000000004
2017-10-23,600811,114.11,114.6,114.84,113.86,80124,40809115.0,0.86,0.43,0.49,0.24,0.980000000000004
2017-10-24,600811,114.6,113.86,114.6,113.61,67668,34428285.0,0.86,-0.65,-0.74,0.21,0.9899999999999949
2017-10-25,600811,113.86,114.11,114.6,113.37,84781,43134205.0,1.08,0.22,0.25,0.26,1.2299999999999898
2017-10-26,600811,114.11,114.11,114.35,113.61,93308,47440123.0,0.65,0.0,0.0,0.29,0.7399999999999949
2017-10-27,600811,114.11,113.86,114.84,113.61,67711,34532176.0,1.08,-0.22,-0.25,0.21,1.230000000000004
2017-10-30,600811,113.86,111.65,114.11,110.91,142731,71452628.0,2.81,-1.94,-2.21,0.44,3.200000000000003
2017-10-31,600811,111.65,111.65,111.89,110.91,88566,44068065.0,0.88,0.0,0.0,0.27,0.980000000000004
2017-11-01,600811,111.89,111.16,112.14,110.91,71030,35403927.0,1.1,-0.44,-0.49,0.22,1.230000000000004
2017-11-02,600811,111.89,113.37,114.6,111.89,186649,94455747.0,2.44,1.99,2.21,0.57,2.7099999999999937
2017-11-03,600811,112.63,110.42,112.88,109.44,152924,76090390.0,3.03,-2.6,-2.95,0.47,3.4399999999999977
2017-11-06,600811,110.66,110.91,110.91,109.44,62773,30960171.0,1.33,0.44,0.49,0.19,1.4699999999999989
2017-11-07,600811,110.42,110.91,111.16,109.68,82825,40909716.0,1.33,0.0,0.0,0.25,1.4799999999999898
2017-11-08,600811,110.66,111.16,111.89,110.17,77234,38370014.0,1.55,0.23,0.25,0.24,1.7199999999999989
2017-11-09,600811,110.66,110.17,111.4,109.68,92460,45730071.0,1.55,-0.89,-0.99,0.28,1.7199999999999989
2017-11-10,600811,110.17,110.17,110.42,109.44,77605,38182882.0,0.89,0.0,0.0,0.24,0.980000000000004
2017-11-13,600811,110.17,108.21,110.42,107.96,143783,70241970.0,2.23,-1.78,-1.96,0.44,2.460000000000008
2017-11-14,600811,108.21,105.01,108.45,104.77,238940,113787698.0,3.4,-2.96,-3.2,0.73,3.680000000000007
2017-11-15,600811,105.01,106.0,106.24,104.77,110781,52548627.0,1.4,0.94,0.99,0.34,1.4699999999999989
2017-11-16,600811,105.75,105.75,106.24,104.77,101271,47998692.0,1.39,-0.24,-0.25,0.31,1.4699999999999989
2017-11-17,600811,105.75,101.82,105.75,101.57,150950,70286667.0,3.95,-3.72,-3.93,0.46,4.180000000000007
2017-11-20,600811,101.82,102.56,102.8,100.1,89863,41134632.0,2.65,0.73,0.74,0.27,2.700000000000003
2017-11-21,600811,101.82,103.54,104.03,101.82,84561,39176647.0,2.15,0.96,0.98,0.26,2.210000000000008
2017-11-22,600811,103.05,105.01,107.47,103.05,153314,72481667.0,4.27,1.42,1.47,0.47,4.420000000000002
2017-11-23,600811,105.01,103.29,106.24,102.8,101262,47586269.0,3.28,-1.64,-1.72,0.31,3.4399999999999977
2017-11-24,600811,102.8,104.03,104.28,102.06,56584,26317417.0,2.15,0.72,0.74,0.17,2.219999999999999
2017-11-27,600811,104.03,104.03,105.5,103.29,63063,29613762.0,2.12,0.0,0.0,0.19,2.2099999999999937
2017-11-28,600811,104.77,103.78,105.01,103.05,50923,23792891.0,1.88,-0.24,-0.25,0.16,1.960000000000008
2017-11-29,600811,104.03,104.52,104.52,102.56,75783,35285011.0,1.89,0.71,0.74,0.23,1.9599999999999937
2017-11-30,600811,104.28,103.54,104.52,102.8,53326,24868521.0,1.65,-0.94,-0.98,0.16,1.7199999999999989
2017-12-01,600811,103.29,103.78,104.03,102.8,45824,21353376.0,1.19,0.23,0.24,0.14,1.230000000000004
2017-12-04,600811,103.54,102.8,103.78,102.06,70706,32767205.0,1.66,-0.94,-0.98,0.22,1.7199999999999989
2017-12-05,600811,102.8,102.8,103.05,101.33,86796,40035144.0,1.67,0.0,0.0,0.27,1.7199999999999989
2017-12-06,600811,102.06,102.31,102.8,100.84,70046,32157879.0,1.91,-0.48,-0.49,0.21,1.9599999999999937
2017-12-07,600811,101.82,102.06,102.56,101.57,49849,22971905.0,0.97,-0.24,-0.25,0.15,0.9900000000000091
2017-12-08,600811,102.31,103.78,104.03,101.82,78953,36657050.0,2.17,1.69,1.72,0.24,2.210000000000008
2017-12-11,600811,103.29,104.03,104.28,103.29,60245,28155851.0,0.95,0.24,0.25,0.18,0.9899999999999949
2017-12-12,600811,103.78,102.8,103.78,102.56,40652,18910567.0,1.17,-1.18,-1.23,0.12,1.2199999999999989
2017-12-13,600811,102.8,103.29,103.54,102.06,41376,19198984.0,1.44,0.48,0.49,0.13,1.480000000000004
2017-12-14,600811,103.29,102.56,103.29,102.31,34161,15806490.0,0.95,-0.71,-0.73,0.1,0.980000000000004
2017-12-15,600811,102.56,102.06,102.8,101.57,31831,14642333.0,1.2,-0.49,-0.5,0.1,1.230000000000004
2017-12-18,600811,102.06,101.08,102.31,101.08,38661,17703379.0,1.21,-0.96,-0.98,0.12,1.230000000000004
2017-12-19,600811,101.33,102.8,102.8,101.33,33966,15657584.0,1.45,1.7,1.72,0.1,1.4699999999999989
2017-12-20,600811,102.31,101.82,102.8,100.84,48928,22428182.0,1.91,-0.95,-0.98,0.15,1.9599999999999937
2017-12-21,600811,101.33,101.82,102.06,100.34,85024,38839623.0,1.69,0.0,0.0,0.26,1.7199999999999989
2017-12-22,600811,101.33,101.57,101.82,101.08,57714,26402881.0,0.73,-0.25,-0.25,0.18,0.7399999999999949
2017-12-25,600811,101.57,101.57,101.82,100.1,91153,41501050.0,1.69,0.0,0.0,0.28,1.7199999999999989
2017-12-26,600811,101.33,102.06,102.31,100.84,68874,31591649.0,1.45,0.48,0.49,0.21,1.4699999999999989
2017-12-27,600811,102.06,102.06,102.06,100.84,67784,31056397.0,1.2,0.0,0.0,0.21,1.2199999999999989
2017-12-28,600811,102.06,101.57,102.06,101.08,59372,27211199.0,0.96,-0.48,-0.49,0.18,0.980000000000004
2017-12-29,600811,101.57,101.57,101.82,101.08,54340,24835832.0,0.73,0.0,0.0,0.17,0.7399999999999949
2018-01-02,600811,101.57,103.05,103.05,101.57,107328,49528099.0,1.46,1.46,1.48,0.33,1.480000000000004
2018-01-03,600811,102.8,103.54,103.54,102.56,141157,65599174.0,0.95,0.48,0.49,0.43,0.980000000000004
2018-01-04,600811,103.05,104.28,104.28,103.05,121470,56678367.0,1.19,0.71,0.74,0.37,1.230000000000004
2018-01-05,600811,104.28,104.52,104.77,103.29,135450,63442461.0,1.42,0.23,0.24,0.41,1.4799999999999898
2018-01-08,600811,104.28,105.5,106.24,104.03,169251,80012711.0,2.11,0.94,0.98,0.52,2.2099999999999937
2018-01-09,600811,105.5,105.01,106.0,104.52,97693,46203301.0,1.4,-0.46,-0.49,0.3,1.480000000000004
2018-01-10,600811,104.77,104.03,105.01,103.54,96839,45370565.0,1.4,-0.93,-0.98,0.3,1.4699999999999989
2018-01-11,600811,103.78,104.77,105.01,103.54,75570,35469922.0,1.41,0.71,0.74,0.23,1.4699999999999989
2018-01-12,600811,104.52,104.28,105.5,104.03,77932,36685224.0,1.4,-0.47,-0.49,0.24,1.4699999999999989
2018-01-15,600811,104.28,102.06,104.52,101.57,107097,49636377.0,2.83,-2.13,-2.22,0.33,2.950000000000003
2018-01-16,600811,102.31,103.29,103.54,101.82,95812,44376770.0,1.69,1.21,1.23,0.29,1.720000000000013
2018-01-17,600811,103.29,105.01,107.72,103.05,229828,108903005.0,4.52,1.67,1.72,0.7,4.670000000000002
2018-01-18,600811,104.52,105.01,105.75,104.28,143209,67498384.0,1.4,0.0,0.0,0.44,1.4699999999999989
2018-01-19,600811,105.26,106.0,106.49,105.01,148891,70865815.0,1.41,0.94,0.99,0.45,1.4799999999999898
2018-01-22,600811,106.0,106.24,106.24,105.01,79356,37682876.0,1.16,0.23,0.24,0.24,1.2299999999999898
2018-01-23,600811,106.24,106.24,106.49,105.5,108246,51480181.0,0.93,0.0,0.0,0.33,0.9899999999999949
2018-01-24,600811,106.49,106.73,107.22,105.26,148950,71068883.0,1.84,0.46,0.49,0.46,1.9599999999999937
2018-01-25,600811,106.73,106.49,107.72,106.24,115086,55216217.0,1.39,-0.22,-0.24,0.35,1.480000000000004
2018-01-26,600811,106.24,105.75,106.98,105.26,127248,60557842.0,1.62,-0.69,-0.74,0.39,1.7199999999999989
2018-01-29,600811,105.75,105.5,106.73,105.01,111801,53137272.0,1.63,-0.24,-0.25,0.34,1.7199999999999989
2018-01-30,600811,105.5,104.52,106.0,104.28,72210,34152698.0,1.63,-0.93,-0.98,0.22,1.7199999999999989
2018-01-31,600811,104.52,102.8,104.52,102.06,138488,64320058.0,2.35,-1.65,-1.72,0.42,2.4599999999999937
2018-02-01,600811,102.8,99.61,103.29,98.13,178383,80837295.0,5.02,-3.1,-3.19,0.54,5.160000000000011
2018-02-02,600811,98.38,99.36,100.1,95.92,192086,85094571.0,4.2,-0.25,-0.25,0.59,4.179999999999993
2018-02-05,600811,98.13,100.1,100.34,97.15,124979,55689752.0,3.21,0.74,0.74,0.38,3.1899999999999977
2018-02-06,600811,98.38,98.13,99.36,94.69,155102,68229677.0,4.67,-1.97,-1.97,0.47,4.670000000000002
2018-02-07,600811,97.39,98.62,99.11,96.41,132912,58845954.0,2.75,0.5,0.49,0.41,2.700000000000003
2018-02-08,600811,98.13,98.62,98.87,97.39,87957,39070604.0,1.5,0.0,0.0,0.27,1.480000000000004
2018-02-09,600811,97.39,97.64,97.89,91.74,228531,98965105.0,6.24,-0.99,-0.98,0.7,6.150000000000006
2018-02-12,600811,98.38,99.11,99.61,97.89,97868,43735879.0,1.76,1.51,1.47,0.3,1.7199999999999989
2018-02-13,600811,99.11,99.36,100.59,99.11,67507,30438782.0,1.49,0.25,0.25,0.21,1.480000000000004
2018-02-14,600811,99.61,99.61,100.34,99.11,51735,23311683.0,1.24,0.25,0.25,0.16,1.230000000000004
2018-02-22,600811,100.59,100.84,101.08,100.1,65693,29829871.0,0.98,1.23,1.23,0.2,0.980000000000004
2018-02-23,600811,100.84,100.34,101.08,99.36,86653,39203119.0,1.71,-0.5,-0.5,0.26,1.7199999999999989
2018-02-26,600811,100.59,101.08,101.33,100.34,92468,42102981.0,0.99,0.74,0.74,0.28,0.9899999999999949
2018-02-27,600811,101.33,100.34,101.33,99.85,62603,28408099.0,1.46,-0.73,-0.74,0.19,1.480000000000004
2018-02-28,600811,99.85,99.36,100.1,99.11,68530,30820585.0,0.99,-0.98,-0.98,0.21,0.9899999999999949
2018-03-01,600811,98.87,99.85,100.1,98.62,60831,27340334.0,1.49,0.49,0.49,0.19,1.4799999999999898
2018-03-02,600811,99.36,100.1,100.84,99.11,84627,38177390.0,1.73,0.25,0.25,0.26,1.730000000000004
2018-03-05,600811,100.1,99.36,100.59,99.11,54562,24550020.0,1.48,-0.74,-0.74,0.17,1.480000000000004
2018-03-06,600811,99.85,100.84,101.08,99.11,96707,43663858.0,1.98,1.49,1.48,0.3,1.9699999999999989
2018-03-07,600811,100.59,100.59,101.33,100.1,72710,33009534.0,1.22,-0.25,-0.25,0.22,1.230000000000004
2018-03-08,600811,100.34,100.59,100.84,99.85,76388,34614065.0,0.98,0.0,0.0,0.23,0.9900000000000091
2018-03-09,600811,100.59,101.08,101.33,100.34,97751,44498514.0,0.98,0.49,0.49,0.3,0.9899999999999949
2018-03-12,600811,101.33,101.57,101.82,101.08,110135,50400812.0,0.73,0.48,0.49,0.34,0.7399999999999949
2018-03-13,600811,101.57,101.33,102.06,101.08,88552,40531894.0,0.96,-0.24,-0.24,0.27,0.980000000000004
2018-03-14,600811,101.08,99.61,101.33,99.36,99311,44905193.0,1.94,-1.7,-1.72,0.3,1.9699999999999989
2018-03-15,600811,99.85,99.36,99.85,98.62,76499,34327641.0,1.23,-0.25,-0.25,0.23,1.2299999999999898
2018-03-16,600811,99.36,99.11,99.61,98.87,52964,23758917.0,0.74,-0.25,-0.25,0.16,0.7399999999999949
2018-03-19,600811,99.36,98.87,99.36,98.38,59412,26545040.0,0.99,-0.24,-0.24,0.18,0.980000000000004
2018-03-20,600811,98.13,98.38,98.62,96.9,57841,25611422.0,1.74,-0.5,-0.49,0.18,1.7199999999999989
2018-03-21,600811,98.62,98.62,100.1,98.38,71423,32055413.0,1.75,0.24,0.24,0.22,1.7199999999999989
2018-03-22,600811,99.11,98.87,99.36,98.13,52483,23424605.0,1.25,0.25,0.25,0.16,1.230000000000004
2018-03-23,600811,97.15,98.87,102.8,95.67,294077,132206891.0,7.21,0.0,0.0,0.9,7.1299999999999955
2018-03-26,600811,99.61,100.1,101.33,97.89,208443,93691163.0,3.48,1.24,1.23,0.64,3.4399999999999977
2018-03-27,600811,99.85,101.08,101.08,97.64,185790,83713018.0,3.44,0.98,0.98,0.57,3.4399999999999977
2018-03-28,600811,99.85,98.62,100.59,97.64,152426,68277296.0,2.92,-2.43,-2.46,0.47,2.950000000000003
2018-03-29,600811,98.62,99.11,99.36,98.13,71226,31806707.0,1.25,0.5,0.49,0.22,1.230000000000004
2018-03-30,600811,99.36,99.11,99.61,98.62,69630,31186662.0,1.0,0.0,0.0,0.21,0.9899999999999949
2018-04-02,600811,99.36,99.11,99.61,98.62,74270,33244634.0,1.0,0.0,0.0,0.23,0.9899999999999949
2018-04-03,600811,98.13,98.87,99.11,97.64,87917,39005092.0,1.48,-0.24,-0.24,0.27,1.4699999999999989
2018-04-04,600811,99.11,99.61,100.1,98.13,117162,52523287.0,1.99,0.75,0.74,0.36,1.9699999999999989
2018-04-09,600811,98.62,98.87,99.11,98.38,87208,38940333.0,0.73,-0.74,-0.74,0.27,0.730000000000004
2018-04-10,600811,98.62,98.62,98.87,98.13,76158,33898049.0,0.75,-0.25,-0.25,0.23,0.7400000000000091
2018-04-11,600811,98.62,98.62,98.87,98.13,70025,31215216.0,0.75,0.0,0.0,0.21,0.7400000000000091
2018-04-12,600811,98.38,98.38,98.62,96.9,118018,52264523.0,1.74,-0.24,-0.24,0.36,1.7199999999999989
2018-04-13,600811,98.13,98.38,98.38,97.39,61695,27330809.0,1.01,0.0,0.0,0.19,0.9899999999999949
2018-04-16,600811,98.13,97.89,98.62,96.9,139391,61644625.0,1.75,-0.5,-0.49,0.43,1.7199999999999989
2018-04-17,600811,98.13,97.89,98.13,96.9,129768,57330808.0,1.26,0.0,0.0,0.4,1.2299999999999898
2018-04-18,600811,97.89,97.64,98.13,96.9,67388,29724037.0,1.26,-0.26,-0.25,0.21,1.2299999999999898
2018-04-19,600811,97.64,97.64,97.64,96.9,54830,24172992.0,0.76,0.0,0.0,0.17,0.7399999999999949
2018-04-20,600811,97.15,97.15,97.64,95.67,128200,56182197.0,2.02,-0.5,-0.49,0.39,1.9699999999999989
2018-04-23,600811,96.66,97.64,98.13,96.66,79641,35062679.0,1.51,0.5,0.49,0.24,1.4699999999999989
2018-04-24,600811,97.39,98.13,98.62,97.15,49184,21822887.0,1.51,0.5,0.49,0.15,1.4699999999999989
2018-04-25,600811,97.64,97.89,98.13,96.9,75525,33321480.0,1.25,-0.24,-0.24,0.23,1.2299999999999898
2018-04-26,600811,97.39,97.39,97.64,96.66,73971,32569958.0,1.0,-0.51,-0.5,0.23,0.980000000000004
2018-04-27,600811,97.39,97.64,97.64,96.66,76727,33756716.0,1.01,0.26,0.25,0.23,0.980000000000004
2018-05-02,600811,97.15,96.9,97.64,96.41,74011,32477589.0,1.26,-0.76,-0.74,0.23,1.230000000000004
2018-05-03,600811,96.9,96.9,97.15,95.92,77870,34047898.0,1.27,0.0,0.0,0.24,1.230000000000004
2018-05-04,600811,96.66,97.15,97.15,96.41,52002,22802796.0,0.76,0.26,0.25,0.16,0.7400000000000091
2018-05-07,600811,96.9,97.39,97.64,96.66,88737,39056381.0,1.01,0.25,0.24,0.27,0.980000000000004
2018-05-08,600811,97.15,97.89,98.38,96.9,87747,38798845.0,1.52,0.51,0.5,0.27,1.4799999999999898
2018-05-09,600811,97.89,97.64,98.13,97.64,40152,17770879.0,0.5,-0.26,-0.25,0.12,0.4899999999999949
2018-05-10,600811,97.64,97.15,97.89,96.9,53854,23747572.0,1.01,-0.5,-0.49,0.16,0.9899999999999949
2018-05-11,600811,97.39,96.9,97.64,96.66,56436,24795145.0,1.01,-0.26,-0.25,0.17,0.980000000000004
2018-05-14,600811,96.66,96.9,97.15,96.41,77105,33801110.0,0.76,0.0,0.0,0.24,0.7400000000000091
2018-05-15,600811,96.9,96.9,96.9,96.17,56043,24534648.0,0.75,0.0,0.0,0.17,0.730000000000004
2018-05-16,600811,96.66,96.9,96.9,96.17,63045,27593255.0,0.75,0.0,0.0,0.19,0.730000000000004
2018-05-17,600811,96.66,96.66,96.9,96.17,31421,13743987.0,0.75,-0.25,-0.24,0.1,0.730000000000004
2018-05-18,600811,96.41,96.66,97.15,95.92,82304,35989027.0,1.27,0.0,0.0,0.25,1.230000000000004
2018-05-21,600811,96.9,97.39,97.64,96.66,101941,44838722.0,1.01,0.76,0.73,0.31,0.980000000000004
2018-05-22,600811,97.39,97.39,97.39,96.9,46744,20551068.0,0.5,0.0,0.0,0.14,0.4899999999999949
2018-05-23,600811,97.15,96.66,97.15,96.41,53313,23359061.0,0.76,-0.75,-0.73,0.16,0.7400000000000091
2018-05-24,600811,96.41,96.17,96.66,95.43,125416,54590776.0,1.27,-0.51,-0.49,0.38,1.2299999999999898
2018-05-25,600811,95.92,95.67,95.92,95.18,54917,23802895.0,0.77,-0.52,-0.5,0.17,0.7399999999999949
2018-05-28,600811,95.43,94.94,95.67,94.45,48865,21083549.0,1.28,-0.76,-0.73,0.15,1.2199999999999989
2018-05-29,600811,94.69,94.69,94.94,93.71,55738,23878630.0,1.3,-0.26,-0.25,0.17,1.230000000000004
2018-09-05,600811,86.36,87.84,91.77,85.62,253827,102486830.0,6.49,-7.23,-6.85,0.78,6.1499999999999915
2018-09-06,600811,87.34,88.08,89.56,86.61,124705,49937437.0,3.36,0.27,0.24,0.38,2.950000000000003
2018-09-07,600811,88.08,88.08,89.06,87.34,82620,33165141.0,1.95,0.0,0.0,0.25,1.7199999999999989
2018-09-10,600811,87.59,82.92,87.84,82.43,165576,64039398.0,6.14,-5.86,-5.16,0.51,5.409999999999997
2018-09-11,600811,82.67,83.17,83.41,77.76,288266,107080971.0,6.81,0.3,0.25,0.88,5.6499999999999915
2018-09-12,600811,82.43,83.41,83.66,81.69,153922,58534506.0,2.37,0.29,0.24,0.47,1.9699999999999989
2018-09-13,600811,83.41,83.66,84.64,82.92,105257,40395259.0,2.06,0.3,0.25,0.32,1.7199999999999989
2018-09-14,600811,83.66,84.39,84.64,83.41,102787,39628061.0,1.47,0.87,0.73,0.31,1.230000000000004
2018-09-17,600811,84.64,83.41,84.64,82.67,104946,40143216.0,2.33,-1.16,-0.98,0.32,1.9699999999999989
2018-09-18,600811,83.66,85.62,85.62,82.92,127256,48987780.0,3.24,2.65,2.21,0.39,2.700000000000003
2018-09-19,600811,85.13,86.36,86.61,84.89,104555,40945248.0,2.01,0.86,0.74,0.32,1.7199999999999989
2018-09-20,600811,86.61,86.36,86.61,85.87,72157,28396803.0,0.86,0.0,0.0,0.22,0.7399999999999949
2018-09-21,600811,86.61,87.34,87.34,85.87,93284,36824278.0,1.7,1.13,0.98,0.28,1.4699999999999989
2018-09-25,600811,87.1,87.34,87.34,86.36,81589,32303774.0,1.12,0.0,0.0,0.25,0.980000000000004
2018-09-26,600811,87.34,87.34,87.59,86.85,146729,58281123.0,0.85,0.0,0.0,0.45,0.7400000000000091
2018-09-27,600811,87.34,86.11,87.34,85.87,96239,37972599.0,1.68,-1.41,-1.23,0.29,1.4699999999999989
2018-09-28,600811,86.36,86.11,86.61,85.62,106781,41991788.0,1.15,0.0,0.0,0.33,0.9899999999999949
2018-10-08,600811,85.38,84.89,85.87,84.15,113918,44271809.0,2.0,-1.42,-1.22,0.35,1.7199999999999989
2018-10-09,600811,84.89,84.89,84.89,83.66,109163,42142804.0,1.45,0.0,0.0,0.33,1.230000000000004
2018-10-10,600811,84.89,85.62,85.87,84.39,85007,33072730.0,1.74,0.86,0.73,0.26,1.480000000000004
2018-10-11,600811,84.39,82.92,84.39,76.04,215719,80270940.0,9.75,-3.15,-2.7,0.66,8.349999999999994
2018-10-12,600811,80.95,84.89,84.89,77.76,195210,73148755.0,8.6,2.38,1.97,0.6,7.1299999999999955
2018-10-15,600811,84.39,83.66,84.64,82.67,114347,43861297.0,2.32,-1.45,-1.23,0.35,1.9699999999999989
2018-10-16,600811,83.41,82.92,83.66,82.18,117771,44735796.0,1.77,-0.88,-0.74,0.36,1.4799999999999898
2018-10-17,600811,82.92,83.17,84.15,82.43,139439,53305142.0,2.07,0.3,0.25,0.43,1.7199999999999989
2018-10-18,600811,83.41,82.43,83.41,80.71,139301,52401705.0,3.25,-0.89,-0.74,0.43,2.700000000000003
2018-10-19,600811,81.94,84.15,84.39,80.71,102394,38834120.0,4.46,2.09,1.72,0.31,3.680000000000007
2018-10-22,600811,84.39,87.34,89.06,84.15,153669,60790984.0,5.83,3.79,3.19,0.47,4.909999999999997
2018-10-23,600811,87.1,85.62,87.59,85.62,92582,36552232.0,2.26,-1.97,-1.72,0.28,1.9699999999999989
2018-10-24,600811,85.62,85.62,87.1,85.38,70139,27546267.0,2.01,0.0,0.0,0.21,1.7199999999999989
2018-10-25,600811,83.9,83.66,84.39,82.43,102363,39179198.0,2.29,-2.29,-1.96,0.31,1.9599999999999937
2018-10-26,600811,84.15,83.66,84.89,83.41,115095,44228539.0,1.77,0.0,0.0,0.35,1.480000000000004
2018-10-29,600811,83.66,82.43,83.9,82.18,136932,51994772.0,2.06,-1.47,-1.23,0.42,1.7199999999999989
2018-10-30,600811,82.67,82.92,83.41,81.45,135568,51300353.0,2.38,0.59,0.49,0.41,1.9599999999999937
2018-10-31,600811,83.17,84.39,84.64,83.17,156412,60132393.0,1.77,1.77,1.47,0.48,1.4699999999999989
2018-11-01,600811,84.39,85.87,87.1,84.39,212695,83777643.0,3.21,1.75,1.48,0.65,2.7099999999999937
2018-11-02,600811,86.11,88.08,88.57,86.11,201204,80179439.0,2.86,2.57,2.21,0.61,2.4599999999999937
2018-11-05,600811,87.84,88.33,89.06,87.59,142878,57478911.0,1.67,0.28,0.25,0.44,1.4699999999999989
2018-11-06,600811,88.33,89.06,89.56,88.08,131262,53113604.0,1.68,0.83,0.73,0.4,1.480000000000004
2018-11-07,600811,89.06,88.33,89.8,88.33,115965,46957562.0,1.65,-0.82,-0.73,0.35,1.4699999999999989
2018-11-08,600811,88.33,87.34,89.31,87.34,83326,33494768.0,2.23,-1.12,-0.99,0.25,1.9699999999999989
2018-11-09,600811,87.34,86.36,87.34,86.36,72321,28632071.0,1.12,-1.12,-0.98,0.22,0.980000000000004
2018-11-12,600811,86.36,90.05,92.5,85.87,227330,92427541.0,7.68,4.27,3.69,0.69,6.6299999999999955
2018-11-13,600811,89.06,90.54,91.52,88.57,265351,108432510.0,3.28,0.54,0.49,0.81,2.950000000000003
2018-11-14,600811,89.8,90.05,91.77,89.56,173519,71391751.0,2.44,-0.54,-0.49,0.53,2.2099999999999937
2018-11-15,600811,90.05,90.54,91.28,89.31,170712,70129594.0,2.19,0.54,0.49,0.52,1.9699999999999989
2018-11-16,600811,90.78,92.5,93.0,90.54,297701,124247783.0,2.72,2.16,1.96,0.91,2.4599999999999937
2018-11-19,600811,92.26,91.52,93.0,91.03,239396,99757871.0,2.13,-1.06,-0.98,0.73,1.9699999999999989
2018-11-20,600811,90.78,87.84,91.52,87.84,258914,105249171.0,4.02,-4.02,-3.68,0.79,3.6799999999999926
2018-11-21,600811,87.34,87.84,88.33,86.85,133025,53161920.0,1.68,0.0,0.0,0.41,1.480000000000004
2018-11-22,600811,87.84,87.59,88.08,86.85,154409,61616398.0,1.4,-0.28,-0.25,0.47,1.230000000000004
2018-11-23,600811,87.59,83.17,87.84,83.17,208779,80978979.0,5.33,-5.05,-4.42,0.64,4.670000000000002
2018-11-26,600811,83.17,82.43,83.41,81.2,206094,78117630.0,2.66,-0.89,-0.74,0.63,2.2099999999999937
2018-11-27,600811,82.43,82.43,83.17,82.18,121266,45955944.0,1.2,0.0,0.0,0.37,0.9899999999999949
2018-11-28,600811,82.43,83.41,83.66,81.2,165814,62798242.0,2.98,1.19,0.98,0.51,2.4599999999999937
2018-11-29,600811,83.41,82.43,84.39,81.94,165120,62997861.0,2.94,-1.17,-0.98,0.5,2.450000000000003
2018-11-30,600811,82.43,82.92,83.17,81.69,130701,49335265.0,1.8,0.59,0.49,0.4,1.480000000000004
2018-12-03,600811,84.89,84.89,85.62,83.9,144810,56173668.0,2.07,2.38,1.97,0.44,1.7199999999999989
2018-12-04,600811,84.64,84.89,85.38,84.39,76887,29820479.0,1.17,0.0,0.0,0.23,0.9899999999999949
2018-12-05,600811,84.15,84.64,84.89,83.66,86870,33472639.0,1.45,-0.29,-0.25,0.27,1.230000000000004
2018-12-06,600811,84.39,82.92,84.39,82.67,73840,28195969.0,2.03,-2.03,-1.72,0.23,1.7199999999999989
2018-12-07,600811,83.17,82.43,83.41,82.18,78328,29734537.0,1.48,-0.59,-0.49,0.24,1.2299999999999898
2018-12-10,600811,81.94,82.18,82.67,81.45,71839,27028336.0,1.48,-0.3,-0.25,0.22,1.2199999999999989
2018-12-11,600811,82.67,82.43,82.92,81.94,53339,20175649.0,1.19,0.3,0.25,0.16,0.980000000000004
2018-12-12,600811,82.67,82.43,83.17,81.94,53488,20237140.0,1.49,0.0,0.0,0.16,1.230000000000004
2018-12-13,600811,82.43,83.41,83.9,81.94,91340,34805792.0,2.38,1.19,0.98,0.28,1.960000000000008
2018-12-14,600811,83.17,81.94,83.41,79.97,153004,57420229.0,4.12,-1.76,-1.47,0.47,3.4399999999999977
2018-12-17,600811,80.95,81.94,81.94,80.22,90519,33736045.0,2.1,0.0,0.0,0.28,1.7199999999999989
2018-12-18,600811,81.45,81.94,81.94,80.46,98385,36721656.0,1.81,0.0,0.0,0.3,1.480000000000004
2018-12-19,600811,81.94,81.69,82.18,80.95,72003,26937567.0,1.5,-0.31,-0.25,0.22,1.230000000000004
2018-12-20,600811,81.69,81.69,81.94,80.95,66118,24717098.0,1.21,0.0,0.0,0.2,0.9899999999999949
2018-12-21,600811,81.2,80.95,81.45,80.71,55428,20645248.0,0.91,-0.91,-0.74,0.17,0.7400000000000091
2018-12-24,600811,80.46,81.2,81.45,79.97,57166,21246334.0,1.83,0.31,0.25,0.17,1.480000000000004
2018-12-25,600811,80.46,79.73,80.95,77.76,97411,35536815.0,3.93,-1.81,-1.47,0.3,3.1899999999999977
2018-12-26,600811,79.23,79.97,79.97,78.99,63171,23127505.0,1.23,0.3,0.24,0.19,0.980000000000004
2018-12-27,600811,80.71,79.73,81.2,78.99,76588,28239800.0,2.76,-0.3,-0.24,0.23,2.210000000000008
2018-12-28,600811,79.73,79.48,79.97,78.99,49653,18184360.0,1.23,-0.31,-0.25,0.15,0.980000000000004
2019-01-02,600811,79.73,79.23,79.73,78.25,57728,20977796.0,1.86,-0.31,-0.25,0.18,1.480000000000004
2019-01-03,600811,78.25,79.23,79.97,78.25,94817,34479411.0,2.17,0.0,0.0,0.29,1.7199999999999989
2019-01-04,600811,78.5,80.95,81.45,78.25,108310,39901324.0,4.04,2.17,1.72,0.33,3.200000000000003
2019-01-07,600811,81.2,81.69,81.94,80.46,105313,39372830.0,1.83,0.91,0.74,0.32,1.480000000000004
2019-01-08,600811,81.69,81.94,82.43,80.95,87027,32677960.0,1.81,0.31,0.25,0.27,1.480000000000004
2019-01-09,600811,82.18,82.43,83.9,81.94,154041,58638899.0,2.39,0.6,0.49,0.47,1.960000000000008
2019-01-10,600811,82.43,82.43,83.66,81.94,108587,41246004.0,2.09,0.0,0.0,0.33,1.7199999999999989
2019-01-11,600811,82.18,83.17,83.17,81.94,80223,30418653.0,1.49,0.9,0.74,0.25,1.230000000000004
2019-01-14,600811,83.17,82.92,83.66,82.18,77552,29453017.0,1.78,-0.3,-0.25,0.24,1.4799999999999898
2019-01-15,600811,82.92,83.17,83.66,82.43,88490,33644090.0,1.48,0.3,0.25,0.27,1.2299999999999898
2019-01-16,600811,83.17,82.43,83.66,82.43,108756,41297609.0,1.48,-0.89,-0.74,0.33,1.2299999999999898
2019-01-17,600811,82.18,82.43,82.92,81.94,111152,42017657.0,1.19,0.0,0.0,0.34,0.980000000000004
2019-01-18,600811,82.18,82.43,82.92,81.94,85729,32382523.0,1.19,0.0,0.0,0.26,0.980000000000004
2019-01-21,600811,82.43,81.94,82.92,81.94,128916,48689617.0,1.19,-0.59,-0.49,0.39,0.980000000000004
2019-01-22,600811,82.18,80.22,82.18,80.22,106406,39622519.0,2.39,-2.1,-1.72,0.33,1.960000000000008
2019-01-23,600811,80.22,79.23,80.46,78.25,155234,56669785.0,2.75,-1.23,-0.99,0.47,2.2099999999999937
2019-01-24,600811,78.99,79.23,79.48,78.5,195030,70961740.0,1.24,0.0,0.0,0.6,0.980000000000004
2019-01-25,600811,78.99,79.23,79.23,78.5,135413,49226503.0,0.92,0.0,0.0,0.41,0.730000000000004
2019-01-28,600811,78.99,78.74,79.23,78.25,138550,50331746.0,1.24,-0.62,-0.49,0.42,0.980000000000004
2019-01-29,600811,78.25,78.74,78.74,75.55,186570,66558079.0,4.05,0.0,0.0,0.57,3.1899999999999977
2019-01-30,600811,78.01,78.5,78.5,77.27,131087,47169805.0,1.56,-0.3,-0.24,0.4,1.230000000000004
2019-01-31,600811,78.5,78.74,78.74,77.51,209136,75457495.0,1.57,0.31,0.24,0.64,1.2299999999999898
2019-02-01,600811,78.5,79.97,80.22,78.25,145089,52915387.0,2.5,1.56,1.23,0.44,1.9699999999999989
2019-02-11,600811,79.73,80.71,80.71,79.48,121076,44670697.0,1.54,0.93,0.74,0.37,1.2299999999999898
2019-02-12,600811,80.71,81.2,81.45,80.46,106439,39651309.0,1.23,0.61,0.49,0.33,0.9900000000000091
2019-02-13,600811,81.45,83.41,83.66,81.2,383190,144681309.0,3.03,2.72,2.21,1.17,2.4599999999999937
2019-02-14,600811,83.17,82.92,83.17,82.43,148426,56401589.0,0.89,-0.59,-0.49,0.45,0.7399999999999949
2019-02-15,600811,82.92,81.94,83.17,81.94,112395,42548151.0,1.48,-1.18,-0.98,0.34,1.230000000000004
2019-02-18,600811,82.67,84.64,84.64,82.43,213189,81681807.0,2.7,3.3,2.7,0.65,2.2099999999999937
2019-02-19,600811,84.89,85.13,86.36,84.39,251690,98075575.0,2.33,0.58,0.49,0.77,1.9699999999999989
2019-02-20,600811,85.62,86.11,86.61,84.64,239604,93805207.0,2.31,1.15,0.98,0.73,1.9699999999999989
2019-02-21,600811,86.61,85.87,87.1,85.38,313555,123503222.0,2.0,-0.28,-0.24,0.96,1.7199999999999989
2019-02-22,600811,85.62,87.84,88.33,85.13,287943,113574660.0,3.73,2.29,1.97,0.88,3.200000000000003
2019-02-25,600811,88.33,93.49,93.98,88.08,563400,232228292.0,6.72,6.43,5.65,1.72,5.900000000000006
2019-02-26,600811,94.22,92.5,94.96,91.52,581335,245334118.0,3.68,-1.06,-0.99,1.78,3.4399999999999977
2019-02-27,600811,92.01,91.77,93.49,90.78,463265,194027491.0,2.93,-0.79,-0.73,1.42,2.7099999999999937
2019-02-28,600811,91.77,90.29,92.26,89.8,405628,167357820.0,2.68,-1.61,-1.48,1.24,2.460000000000008
2019-03-01,600811,90.54,91.03,91.03,89.31,413753,169328844.0,1.9,0.82,0.74,1.26,1.7199999999999989
2019-03-04,600811,91.28,91.77,93.98,91.03,592798,248015673.0,3.24,0.81,0.74,1.81,2.950000000000003
2019-03-05,600811,91.52,92.75,93.0,90.78,371852,154592506.0,2.42,1.07,0.98,1.14,2.219999999999999
2019-03-06,600811,92.75,94.47,94.96,92.5,673439,285338944.0,2.65,1.85,1.72,2.06,2.4599999999999937
2019-03-07,600811,94.72,95.94,96.19,93.98,786424,337626192.0,2.34,1.56,1.47,2.4,2.2099999999999937
2019-03-08,600811,94.47,90.05,94.96,89.8,610687,256445257.0,5.38,-6.14,-5.89,1.87,5.159999999999997
2019-03-11,600811,89.8,93.73,94.22,89.8,434468,181713893.0,4.91,4.09,3.68,1.33,4.420000000000002
2019-03-12,600811,94.22,94.72,96.93,93.49,697483,300508576.0,3.67,1.06,0.99,2.13,3.440000000000012
2019-03-13,600811,94.72,92.01,94.96,91.52,549189,232105625.0,3.63,-2.86,-2.71,1.68,3.4399999999999977
2019-03-14,600811,91.77,89.06,92.75,88.08,421427,172723417.0,5.08,-3.21,-2.95,1.29,4.670000000000002
2019-03-15,600811,89.8,90.05,91.77,89.31,368180,151134308.0,2.76,1.11,0.99,1.12,2.4599999999999937
2019-03-18,600811,91.03,92.75,92.75,90.29,327589,136029517.0,2.73,3.0,2.7,1.0,2.4599999999999937
2019-03-19,600811,92.5,92.75,93.49,92.01,322900,135616117.0,1.6,0.0,0.0,0.99,1.4799999999999898
2019-03-20,600811,93.0,95.45,97.42,92.5,837855,358863248.0,5.3,2.91,2.7,2.56,4.920000000000002
2019-03-21,600811,94.72,94.96,95.45,93.73,539365,231045637.0,1.8,-0.51,-0.49,1.65,1.7199999999999989
2019-03-22,600811,94.96,96.19,96.44,93.24,434370,186171829.0,3.37,1.3,1.23,1.33,3.200000000000003
2019-03-25,600811,94.72,95.21,98.65,93.98,653286,283870048.0,4.85,-1.02,-0.98,2.0,4.670000000000002
2019-03-26,600811,95.94,92.75,96.19,92.01,483242,205541700.0,4.39,-2.58,-2.46,1.48,4.179999999999993
2019-03-27,600811,93.24,92.5,93.49,91.03,230362,96466786.0,2.65,-0.27,-0.25,0.7,2.4599999999999937
2019-03-28,600811,92.5,89.8,93.49,89.8,344133,142918008.0,3.99,-2.92,-2.7,1.05,3.6899999999999977
2019-03-29,600811,90.05,92.75,92.75,88.57,392495,162181160.0,4.65,3.29,2.95,1.2,4.180000000000007
2019-04-01,600811,93.73,95.7,96.19,93.49,507386,218117479.0,2.91,3.18,2.95,1.55,2.700000000000003
2019-04-02,600811,96.19,96.44,97.91,95.7,510552,222723042.0,2.31,0.77,0.74,1.56,2.2099999999999937
2019-04-03,600811,96.19,98.4,98.89,95.7,532023,233596451.0,3.31,2.03,1.96,1.63,3.1899999999999977
2019-04-04,600811,98.89,99.14,99.63,98.16,422637,188147626.0,1.49,0.75,0.74,1.29,1.4699999999999989
2019-04-08,600811,100.12,98.65,100.86,97.17,493808,220500166.0,3.72,-0.49,-0.49,1.51,3.6899999999999977
2019-04-09,600811,98.65,99.14,100.12,97.66,347953,154843460.0,2.49,0.5,0.49,1.06,2.460000000000008
2019-04-10,600811,98.65,98.16,99.39,96.68,363992,160593498.0,2.73,-0.99,-0.98,1.11,2.7099999999999937
2019-04-11,600811,98.4,97.17,101.35,96.68,496044,220944597.0,4.76,-1.01,-0.99,1.52,4.6699999999999875
2019-04-12,600811,96.68,96.68,97.91,95.94,281939,123108079.0,2.03,-0.5,-0.49,0.86,1.9699999999999989
2019-04-15,600811,97.91,95.94,98.89,95.94,363970,160248910.0,3.05,-0.77,-0.74,1.11,2.950000000000003
2019-04-16,600811,96.19,97.66,97.91,94.22,352367,152392096.0,3.85,1.79,1.72,1.08,3.6899999999999977
2019-04-17,600811,97.66,98.65,98.65,97.42,315469,139470780.0,1.26,1.01,0.99,0.96,1.230000000000004
2019-04-18,600811,98.16,97.17,98.4,96.44,240730,105638839.0,1.99,-1.5,-1.48,0.74,1.960000000000008
2019-04-19,600811,97.17,97.66,97.91,95.94,174298,76289182.0,2.03,0.5,0.49,0.53,1.9699999999999989
2019-04-22,600811,97.91,96.44,97.91,95.94,266717,116615118.0,2.02,-1.25,-1.22,0.81,1.9699999999999989
2019-04-23,600811,96.19,93.73,96.19,93.24,320764,137273733.0,3.06,-2.81,-2.71,0.98,2.950000000000003
2019-04-24,600811,93.98,93.98,94.47,92.75,219215,92873988.0,1.84,0.27,0.25,0.67,1.7199999999999989
2019-04-25,600811,93.98,90.54,94.22,90.29,302277,126763038.0,4.18,-3.66,-3.44,0.92,3.9299999999999926
2019-04-26,600811,90.05,89.06,91.28,89.06,211155,86463222.0,2.45,-1.63,-1.48,0.65,2.219999999999999
2019-04-29,600811,89.56,85.87,89.56,84.89,356464,141812286.0,5.24,-3.58,-3.19,1.09,4.670000000000002
2019-04-30,600811,85.38,86.11,87.59,85.13,231898,91443827.0,2.86,0.28,0.24,0.71,2.460000000000008
2019-05-06,600811,84.39,79.48,84.39,78.01,447755,166825782.0,7.41,-7.7,-6.63,1.37,6.3799999999999955
2019-05-07,600811,79.73,83.66,84.39,79.73,508554,191428638.0,5.86,5.26,4.18,1.55,4.659999999999997
2019-05-08,600811,82.43,86.85,88.08,81.69,731196,286246336.0,7.64,3.81,3.19,2.23,6.390000000000001
2019-05-09,600811,84.89,82.67,84.89,80.71,543008,204699945.0,4.81,-4.81,-4.18,1.66,4.180000000000007
2019-05-10,600811,83.17,84.15,84.39,81.45,438304,167081108.0,3.56,1.79,1.48,1.34,2.9399999999999977
2019-05-13,600811,82.92,82.18,83.17,81.45,284844,107453059.0,2.04,-2.34,-1.97,0.87,1.7199999999999989
2019-05-14,600811,81.2,80.95,82.18,80.71,198105,74034395.0,1.79,-1.5,-1.23,0.61,1.470000000000013
2019-05-15,600811,81.69,83.41,83.41,81.45,401617,152044566.0,2.42,3.04,2.46,1.23,1.9599999999999937
2019-05-16,600811,83.9,83.9,85.62,83.41,456424,176141594.0,2.65,0.59,0.49,1.39,2.210000000000008
2019-05-17,600811,84.39,83.9,86.36,82.92,606517,235056508.0,4.1,0.0,0.0,1.85,3.4399999999999977
2019-05-20,600811,83.17,80.95,83.41,78.01,364215,134779376.0,6.44,-3.52,-2.95,1.11,5.3999999999999915
2019-05-21,600811,80.71,81.45,82.18,80.46,219521,82152787.0,2.12,0.62,0.5,0.67,1.720000000000013
2019-05-22,600811,81.2,80.46,81.69,79.73,194452,72153524.0,2.41,-1.22,-0.99,0.59,1.9599999999999937
2019-05-23,600811,79.97,79.48,80.46,78.99,198712,72917140.0,1.83,-1.22,-0.98,0.61,1.4699999999999989
2019-05-24,600811,79.48,79.97,80.46,79.23,154256,56782369.0,1.55,0.62,0.49,0.47,1.2299999999999898
2019-05-27,600811,78.74,80.95,81.2,78.25,298752,110078493.0,3.69,1.23,0.98,0.8,2.950000000000003
2019-05-28,600811,80.46,80.22,81.69,80.22,211735,78809664.0,1.82,-0.9,-0.73,0.57,1.4699999999999989
2019-05-29,600811,79.97,80.46,81.2,79.48,234635,86728555.0,2.14,0.3,0.24,0.63,1.7199999999999989
2019-05-30,600811,80.71,81.45,82.18,80.22,332918,124401326.0,2.44,1.23,0.99,0.9,1.960000000000008
2019-05-31,600811,81.2,80.46,81.45,80.22,279159,103791145.0,1.51,-1.22,-0.99,0.75,1.230000000000004
2019-06-03,600811,80.71,83.17,84.39,80.71,579567,220148612.0,4.57,3.37,2.71,1.56,3.680000000000007
2019-06-04,600811,85.38,83.41,86.85,82.92,522893,202304147.0,4.73,0.29,0.24,1.41,3.9299999999999926
2019-06-05,600811,84.15,87.1,88.57,82.67,623568,245536164.0,7.07,4.42,3.69,1.68,5.8999999999999915
2019-06-06,600811,85.87,83.17,86.61,82.67,356243,136789279.0,4.52,-4.51,-3.93,0.96,3.9399999999999977
2019-06-10,600811,83.66,81.94,84.15,81.45,288411,109094990.0,3.25,-1.48,-1.23,0.78,2.700000000000003
2019-06-11,600811,82.43,85.62,85.62,82.18,363480,140150881.0,4.2,4.49,3.68,0.98,3.4399999999999977
2019-06-12,600811,84.15,84.64,86.11,83.66,349390,135056010.0,2.86,-1.14,-0.98,0.94,2.450000000000003
2019-06-13,600811,84.15,84.15,84.64,83.17,236324,90840657.0,1.74,-0.58,-0.49,0.64,1.4699999999999989
2019-06-14,600811,84.39,81.69,84.39,81.69,257036,97828592.0,3.21,-2.92,-2.46,0.69,2.700000000000003
2019-06-17,600811,82.18,81.94,82.43,81.2,133371,50074709.0,1.51,0.31,0.25,0.36,1.230000000000004
2019-06-18,600811,81.69,81.2,82.18,80.71,179881,67217763.0,1.79,-0.9,-0.74,0.48,1.470000000000013
2019-06-19,600811,82.43,81.94,82.92,81.94,222658,84119450.0,1.21,0.91,0.74,0.6,0.980000000000004
2019-06-20,600811,81.69,83.41,84.15,81.2,274841,104390512.0,3.6,1.79,1.47,0.74,2.950000000000003
2019-06-21,600811,83.66,83.66,84.39,83.41,314640,120802899.0,1.17,0.3,0.25,0.85,0.980000000000004
2019-06-24,600811,83.66,82.92,83.66,82.18,346555,131454382.0,1.77,-0.88,-0.74,0.93,1.4799999999999898
2019-06-25,600811,82.92,81.69,82.92,80.71,344263,129098801.0,2.67,-1.48,-1.23,0.93,2.210000000000008
2019-06-26,600811,81.45,81.69,81.94,80.95,249769,93357866.0,1.21,0.0,0.0,0.67,0.9899999999999949
2019-06-27,600811,81.45,81.94,82.67,81.45,228834,86171447.0,1.49,0.31,0.25,0.62,1.2199999999999989
2019-06-28,600811,81.94,80.95,81.94,80.22,182956,67951587.0,2.1,-1.21,-0.99,0.49,1.7199999999999989
2019-07-01,600811,81.94,82.67,82.67,81.45,214181,80803041.0,1.51,2.12,1.72,0.58,1.2199999999999989
2019-07-02,600811,82.67,81.94,82.67,81.45,155334,58459258.0,1.48,-0.88,-0.73,0.42,1.2199999999999989
2019-07-03,600811,81.69,81.2,81.69,80.71,128279,47770670.0,1.2,-0.9,-0.74,0.35,0.980000000000004
2019-07-04,600811,81.2,80.95,81.69,80.71,101718,37960535.0,1.21,-0.31,-0.25,0.27,0.980000000000004
2019-07-05,600811,81.2,81.45,81.69,80.71,83246,31039934.0,1.21,0.62,0.5,0.22,0.980000000000004
2019-07-08,600811,81.2,80.22,81.45,78.74,207120,75974290.0,3.33,-1.51,-1.23,0.56,2.710000000000008
2019-07-09,600811,79.48,80.46,80.46,79.23,108736,39966684.0,1.53,0.3,0.24,0.29,1.2299999999999898
2019-07-10,600811,80.22,79.73,80.22,79.23,60249,22091057.0,1.23,-0.91,-0.73,0.16,0.9899999999999949
2019-07-11,600811,79.73,79.97,80.46,78.99,73585,27027475.0,1.84,0.3,0.24,0.2,1.4699999999999989
2019-07-12,600811,79.97,79.73,80.46,79.23,85032,31240050.0,1.54,-0.3,-0.24,0.23,1.2299999999999898
2019-07-15,600811,79.73,79.97,80.46,78.5,99275,36430594.0,2.46,0.3,0.24,0.27,1.9599999999999937
2019-07-16,600811,79.73,79.97,80.22,79.48,54571,20056322.0,0.93,0.0,0.0,0.15,0.7399999999999949
2019-07-17,600811,79.97,79.48,80.22,79.48,95737,35120765.0,0.93,-0.61,-0.49,0.26,0.7399999999999949
2019-07-18,600811,79.23,78.99,79.48,78.5,108111,39273800.0,1.23,-0.62,-0.49,0.29,0.980000000000004
2019-07-19,600811,78.74,78.99,79.97,78.74,81437,29727029.0,1.56,0.0,0.0,0.22,1.230000000000004
2019-07-22,600811,78.99,77.76,79.23,77.02,141927,50854672.0,2.8,-1.56,-1.23,0.38,2.210000000000008
2019-07-23,600811,77.51,78.01,78.99,77.27,128655,46329561.0,2.21,0.32,0.25,0.35,1.7199999999999989
2019-07-24,600811,78.25,78.5,78.99,78.01,91488,33131468.0,1.26,0.63,0.49,0.25,0.9799999999999898
2019-07-25,600811,78.5,79.73,79.73,78.25,152593,55665671.0,1.89,1.57,1.23,0.41,1.480000000000004
2019-07-26,600811,79.48,79.48,79.97,78.99,98155,35950413.0,1.23,-0.31,-0.25,0.26,0.980000000000004
2019-07-29,600811,79.48,78.99,79.73,78.74,84670,30856655.0,1.25,-0.62,-0.49,0.23,0.9900000000000091
2019-07-30,600811,78.99,79.48,80.22,78.74,127019,46620455.0,1.87,0.62,0.49,0.34,1.480000000000004
2019-07-31,600811,79.73,79.23,79.97,78.74,72892,26572912.0,1.55,-0.31,-0.25,0.2,1.230000000000004
2019-08-01,600811,78.99,78.74,79.23,78.25,91030,33078219.0,1.24,-0.62,-0.49,0.25,0.980000000000004
2019-08-02,600811,78.01,78.25,78.25,77.51,106245,38186958.0,0.94,-0.62,-0.49,0.29,0.7399999999999949
2019-08-05,600811,77.76,77.27,78.01,76.78,105307,37680921.0,1.57,-1.25,-0.98,0.28,1.230000000000004
2019-08-06,600811,76.29,75.55,76.78,68.42,305169,105841393.0,10.82,-2.23,-1.72,0.82,8.36
2019-08-07,600811,75.3,74.81,75.55,73.83,113729,39378365.0,2.28,-0.98,-0.74,0.31,1.7199999999999989
2019-08-08,600811,74.56,74.56,75.06,74.07,73891,25546856.0,1.32,-0.33,-0.25,0.2,0.9900000000000091
2019-08-09,600811,74.81,73.58,75.3,73.09,89967,30896154.0,2.96,-1.31,-0.98,0.24,2.2099999999999937
2019-08-12,600811,73.58,74.07,74.32,72.84,62803,21529776.0,2.01,0.67,0.49,0.17,1.4799999999999898
2019-08-13,600811,73.83,73.58,74.07,72.84,55459,18924398.0,1.66,-0.66,-0.49,0.15,1.2299999999999898
2019-08-14,600811,73.83,73.83,74.81,73.58,62702,21583694.0,1.67,0.34,0.25,0.17,1.230000000000004
2019-08-15,600811,72.6,73.58,73.58,71.86,105438,35625075.0,2.33,-0.34,-0.25,0.28,1.7199999999999989
2019-08-16,600811,73.09,73.34,73.83,72.84,65474,22333824.0,1.35,-0.33,-0.24,0.18,0.9899999999999949
2019-08-19,600811,73.58,75.06,75.06,73.34,163254,56306906.0,2.35,2.35,1.72,0.44,1.7199999999999989
2019-08-20,600811,74.81,74.56,75.3,74.32,164188,56994301.0,1.31,-0.67,-0.5,0.44,0.980000000000004
2019-08-21,600811,74.32,74.07,74.81,74.07,112335,38770992.0,0.99,-0.66,-0.49,0.3,0.7400000000000091
2019-08-22,600811,74.32,73.58,74.56,73.09,162508,55618027.0,1.98,-0.66,-0.49,0.44,1.4699999999999989
2019-08-23,600811,73.58,73.34,73.83,72.6,145417,49521320.0,1.67,-0.33,-0.24,0.39,1.230000000000004
2019-08-26,600811,71.62,73.09,73.09,71.37,145978,49047815.0,2.35,-0.34,-0.25,0.39,1.7199999999999989
2019-08-27,600811,73.58,73.83,74.32,73.09,312088,106970462.0,1.68,1.01,0.74,0.84,1.2299999999999898
2019-08-28,600811,73.34,73.34,74.07,73.34,226225,77420387.0,0.99,-0.66,-0.49,0.61,0.7299999999999898
2019-08-29,600811,73.83,73.09,73.83,73.09,188957,64499102.0,1.01,-0.34,-0.25,0.51,0.7399999999999949
2019-08-30,600811,73.58,73.09,73.83,71.86,187348,63778140.0,2.7,0.0,0.0,0.5,1.9699999999999989
2019-09-02,600811,73.09,73.83,74.32,72.35,217912,74577355.0,2.7,1.01,0.74,0.59,1.9699999999999989
2019-09-03,600811,74.07,73.83,74.56,73.58,138158,47482909.0,1.33,0.0,0.0,0.37,0.980000000000004
2019-09-04,600811,73.83,74.56,74.56,73.58,188398,64793368.0,1.33,0.99,0.73,0.51,0.980000000000004
2019-09-05,600811,74.56,75.06,76.29,74.56,254885,89166542.0,2.32,0.67,0.5,0.69,1.730000000000004
2019-09-06,600811,75.55,74.56,75.55,74.32,146267,50683046.0,1.64,-0.67,-0.5,0.39,1.230000000000004
2019-09-09,600811,75.06,75.55,75.55,74.81,160647,55976325.0,0.99,1.33,0.99,0.43,0.7399999999999949
2019-09-10,600811,75.55,75.3,75.79,74.81,174302,60686306.0,1.3,-0.33,-0.25,0.47,0.980000000000004
2019-09-11,600811,75.55,77.02,77.27,75.06,403722,142477214.0,2.93,2.28,1.72,1.09,2.2099999999999937
2019-09-12,600811,76.78,76.78,77.51,76.04,171889,60951012.0,1.91,-0.31,-0.24,0.46,1.4699999999999989
2019-09-16,600811,76.78,76.04,77.27,75.79,173577,61433184.0,1.93,-0.96,-0.74,0.47,1.4799999999999898
2019-09-17,600811,75.79,73.83,75.79,73.83,170448,59058208.0,2.58,-2.91,-2.21,0.46,1.960000000000008
2019-09-18,600811,73.83,73.58,74.32,73.58,102406,35183364.0,1.0,-0.34,-0.25,0.28,0.7399999999999949
2019-09-19,600811,73.58,74.07,74.32,72.84,138403,47360774.0,2.01,0.67,0.49,0.37,1.4799999999999898
2019-09-20,600811,74.07,73.58,74.32,73.58,110841,38021677.0,1.0,-0.66,-0.49,0.3,0.7399999999999949
2019-09-23,600811,73.58,72.84,73.58,72.11,146127,49366535.0,2.0,-1.01,-0.74,0.39,1.4699999999999989
2019-09-24,600811,72.84,72.6,73.09,72.11,165104,55749848.0,1.35,-0.33,-0.24,0.44,0.980000000000004
2019-09-25,600811,72.35,72.6,72.6,71.12,169988,56882557.0,2.04,0.0,0.0,0.46,1.4799999999999898
2019-09-26,600811,72.35,72.6,72.84,71.86,134082,45204896.0,1.35,0.0,0.0,0.36,0.980000000000004
2019-09-27,600811,71.86,72.35,72.84,71.86,96279,32496395.0,1.35,-0.34,-0.25,0.26,0.980000000000004
2019-09-30,600811,72.35,72.6,72.84,71.86,71526,24104944.0,1.35,0.35,0.25,0.19,0.980000000000004
2019-10-08,600811,72.6,72.6,73.09,72.11,81536,27554405.0,1.35,0.0,0.0,0.22,0.980000000000004
2019-10-09,600811,72.35,72.84,72.84,71.86,73647,24865607.0,1.35,0.33,0.24,0.2,0.980000000000004
2019-10-10,600811,72.6,73.09,73.09,72.6,81407,27604573.0,0.67,0.34,0.25,0.22,0.4900000000000091
2019-10-11,600811,73.09,73.34,73.34,72.35,104898,35585733.0,1.35,0.34,0.25,0.28,0.9900000000000091
2019-10-14,600811,73.83,74.32,75.06,73.58,157564,54368792.0,2.02,1.34,0.98,0.42,1.480000000000004
2019-10-15,600811,74.32,73.58,74.32,73.58,76548,26254464.0,1.0,-1.0,-0.74,0.21,0.7399999999999949
2019-10-16,600811,73.83,73.09,74.07,72.84,68691,23493871.0,1.67,-0.67,-0.49,0.18,1.2299999999999898
2019-10-17,600811,73.34,72.84,73.58,72.84,63783,21705491.0,1.01,-0.34,-0.25,0.17,0.7399999999999949
2019-10-18,600811,73.09,72.35,73.34,71.62,116223,39181858.0,2.36,-0.67,-0.49,0.31,1.7199999999999989
2019-10-21,600811,71.86,72.11,72.11,71.12,105378,35172766.0,1.37,-0.33,-0.24,0.28,0.9899999999999949
2019-10-22,600811,71.86,72.11,72.11,71.37,67493,22584378.0,1.03,0.0,0.0,0.18,0.7399999999999949
2019-10-23,600811,71.86,71.37,72.11,71.37,60240,20126773.0,1.03,-1.03,-0.74,0.16,0.7399999999999949
2019-10-24,600811,71.37,71.62,71.86,71.12,80597,26849635.0,1.04,0.35,0.25,0.22,0.7399999999999949
2019-10-25,600811,71.62,71.86,71.86,70.88,72119,24049580.0,1.37,0.34,0.24,0.19,0.980000000000004
2019-10-28,600811,71.86,72.35,72.6,71.86,113690,38260188.0,1.03,0.68,0.49,0.31,0.7399999999999949
2019-10-29,600811,72.6,71.62,72.84,71.62,103683,34921253.0,1.69,-1.01,-0.73,0.28,1.2199999999999989
2019-10-30,600811,71.62,70.88,71.62,70.63,113850,37774707.0,1.38,-1.03,-0.74,0.31,0.9900000000000091
2019-10-31,600811,70.88,70.14,70.88,69.9,77114,25412008.0,1.38,-1.04,-0.74,0.21,0.9799999999999898
2019-11-01,600811,69.9,70.63,70.88,69.65,82849,27256678.0,1.75,0.7,0.49,0.22,1.2299999999999898
2019-11-04,600811,70.63,70.14,71.12,70.14,70000,23147193.0,1.39,-0.69,-0.49,0.19,0.980000000000004
2019-11-05,600811,70.39,70.63,70.88,69.65,134516,44269088.0,1.75,0.7,0.49,0.36,1.2299999999999898
2019-11-06,600811,70.63,70.14,70.63,69.4,135538,44428638.0,1.74,-0.69,-0.49,0.36,1.2299999999999898
2019-11-07,600811,69.9,70.39,70.88,69.65,135990,44693970.0,1.75,0.36,0.25,0.37,1.2299999999999898
2019-11-08,600811,70.39,70.63,71.12,70.14,135765,44855612.0,1.39,0.34,0.24,0.37,0.980000000000004
2019-11-11,600811,69.9,69.16,70.14,68.42,173895,56345837.0,2.44,-2.08,-1.47,0.47,1.7199999999999989
2019-11-12,600811,68.91,69.16,69.16,68.42,109309,35228576.0,1.07,0.0,0.0,0.29,0.7399999999999949
2019-11-13,600811,68.91,69.16,69.16,67.93,133077,42795267.0,1.78,0.0,0.0,0.36,1.2299999999999898
2019-11-14,600811,68.67,69.4,69.4,68.42,96611,31291292.0,1.42,0.35,0.24,0.26,0.980000000000004
2019-11-15,600811,69.4,69.16,69.4,68.42,76091,24545373.0,1.41,-0.35,-0.24,0.2,0.980000000000004
2019-11-18,600811,68.91,69.16,69.4,68.42,83764,27075149.0,1.42,0.0,0.0,0.23,0.980000000000004
2019-11-19,600811,69.16,69.9,69.9,68.91,106570,34633015.0,1.43,1.07,0.74,0.29,0.9900000000000091
2019-11-20,600811,69.65,69.16,69.9,68.91,97594,31682529.0,1.42,-1.06,-0.74,0.26,0.9900000000000091
2019-11-21,600811,69.16,69.16,69.16,68.42,78419,25313141.0,1.07,0.0,0.0,0.21,0.7399999999999949
2019-11-22,600811,68.91,69.16,70.14,68.91,96247,31289422.0,1.78,0.0,0.0,0.26,1.230000000000004
2019-11-25,600811,69.16,70.39,70.39,68.91,103544,33850260.0,2.14,1.78,1.23,0.28,1.480000000000004
2019-11-26,600811,70.39,70.14,70.63,69.9,70577,23161797.0,1.04,-0.36,-0.25,0.19,0.7299999999999898
2019-11-27,600811,70.14,70.14,71.37,69.9,128027,42213577.0,2.1,0.0,0.0,0.34,1.4699999999999989
2019-11-28,600811,70.39,70.39,71.12,70.14,81241,26787719.0,1.4,0.36,0.25,0.22,0.980000000000004
2019-11-29,600811,70.39,70.14,70.88,69.65,77935,25569993.0,1.75,-0.36,-0.25,0.21,1.2299999999999898
2019-12-02,600811,70.14,69.9,70.39,69.4,92140,30091270.0,1.41,-0.34,-0.24,0.25,0.9899999999999949
2019-12-03,600811,69.65,69.65,69.9,69.16,62248,20247488.0,1.06,-0.36,-0.25,0.17,0.7400000000000091
2019-12-04,600811,69.65,70.63,70.88,69.4,121812,40023659.0,2.12,1.41,0.98,0.33,1.4799999999999898
2019-12-05,600811,70.88,70.88,71.12,70.39,84073,27814749.0,1.03,0.35,0.25,0.23,0.730000000000004
2019-12-06,600811,70.63,70.63,70.88,70.14,66792,22019898.0,1.04,-0.35,-0.25,0.18,0.7399999999999949
2019-12-09,600811,70.63,70.39,70.88,70.14,65051,21432090.0,1.05,-0.34,-0.24,0.18,0.7399999999999949
2019-12-10,600811,70.14,70.39,70.63,70.14,95755,31473274.0,0.7,0.0,0.0,0.26,0.4899999999999949
2019-12-11,600811,70.39,69.9,70.39,69.65,120829,39553324.0,1.05,-0.7,-0.49,0.33,0.7399999999999949
2019-12-12,600811,69.9,69.4,69.9,69.16,109997,35768379.0,1.06,-0.72,-0.5,0.3,0.7400000000000091
2019-12-13,600811,69.9,70.14,70.63,69.65,167109,54812666.0,1.41,1.07,0.74,0.45,0.9799999999999898
2019-12-16,600811,70.39,70.63,70.88,69.9,152408,50080061.0,1.4,0.7,0.49,0.41,0.9799999999999898
2019-12-17,600811,70.63,71.86,72.11,70.39,266101,88550080.0,2.44,1.74,1.23,0.72,1.7199999999999989
2019-12-18,600811,71.62,71.37,72.11,71.12,192542,64273453.0,1.38,-0.68,-0.49,0.52,0.9899999999999949
2019-12-19,600811,71.62,72.11,72.11,70.88,199694,66714951.0,1.72,1.04,0.74,0.54,1.230000000000004
2019-12-20,600811,72.11,71.62,72.35,71.12,170767,57131381.0,1.71,-0.68,-0.49,0.46,1.2299999999999898
2019-12-23,600811,71.62,70.88,71.62,69.9,196155,64911419.0,2.4,-1.03,-0.74,0.53,1.7199999999999989
2019-12-24,600811,70.63,70.63,70.88,69.9,101703,33466484.0,1.38,-0.35,-0.25,0.27,0.9799999999999898
2019-12-25,600811,70.39,70.39,70.88,70.14,185479,61102209.0,1.05,-0.34,-0.24,0.5,0.7399999999999949
2019-12-26,600811,70.39,70.88,71.12,70.39,148024,48903787.0,1.04,0.7,0.49,0.4,0.730000000000004
2019-12-27,600811,71.12,71.12,72.35,70.88,196321,65587785.0,2.07,0.34,0.24,0.53,1.4699999999999989
2019-12-30,600811,70.88,72.11,72.35,70.63,154057,51481973.0,2.42,1.39,0.99,0.41,1.7199999999999989
2019-12-31,600811,72.11,72.11,72.6,71.86,133249,44836294.0,1.03,0.0,0.0,0.36,0.7399999999999949
