日期,股票代码,开盘,收盘,最高,最低,成交量,成交额,振幅,涨跌幅,涨跌额,换手率,volatility
2010-01-04,000002,1443.09,1410.36,1445.71,1410.36,969833,1034344768.0,2.46,-1.91,-27.49,1.0,35.350000000000136
2010-01-05,000002,1398.58,1378.94,1399.89,1358.0,1848621,1910014336.0,2.97,-2.23,-31.42,1.91,41.8900000000001
2010-01-06,000002,1377.63,1378.94,1398.58,1358.0,1358604,1405756544.0,2.94,0.0,0.0,1.41,40.57999999999993
2010-01-07,000002,1378.94,1368.47,1388.11,1363.23,1152442,1188788352.0,1.8,-0.76,-10.47,1.19,24.87999999999988
2010-01-08,000002,1368.47,1377.63,1381.56,1356.69,1085304,1117118336.0,1.82,0.67,9.16,1.12,24.86999999999989
2010-01-11,000002,1399.89,1355.38,1410.36,1342.29,1713006,1758363776.0,4.94,-1.62,-22.25,1.77,68.06999999999994
2010-01-12,000002,1348.83,1369.78,1380.25,1329.2,1520725,1548907904.0,3.77,1.06,14.4,1.57,51.049999999999955
2010-01-13,000002,1323.96,1337.05,1342.29,1317.41,1892792,1892537856.0,1.82,-2.39,-32.73,1.96,24.87999999999988
2010-01-14,000002,1337.05,1335.74,1342.29,1320.03,1192514,1192832640.0,1.66,-0.1,-1.31,1.23,22.25999999999999
2010-01-15,000002,1339.67,1350.14,1361.92,1337.05,1179248,1196520960.0,1.86,1.08,14.4,1.22,24.87000000000012
2010-01-18,000002,1350.14,1343.6,1356.69,1330.51,1251745,1259938048.0,1.94,-0.48,-6.54,1.3,26.180000000000064
2010-01-19,000002,1344.91,1339.67,1352.76,1335.74,1064044,1073060096.0,1.27,-0.29,-3.93,1.1,17.019999999999982
2010-01-20,000002,1342.29,1300.4,1344.91,1296.47,1737477,1719444736.0,3.62,-2.93,-39.27,1.8,48.440000000000055
2010-01-21,000002,1300.4,1305.63,1314.8,1283.38,1048285,1018079488.0,2.42,0.4,5.23,1.09,31.419999999999845
2010-01-22,000002,1289.92,1272.91,1296.47,1266.36,1125393,1079530112.0,2.31,-2.51,-32.72,1.17,30.110000000000127
2010-01-25,000002,1268.98,1268.98,1286.0,1259.81,601708,574865408.0,2.06,-0.31,-3.93,0.62,26.190000000000055
2010-01-26,000002,1268.98,1229.7,1278.14,1224.47,1055039,982443520.0,4.23,-3.1,-39.28,1.09,53.67000000000007
2010-01-27,000002,1233.63,1238.87,1261.12,1225.78,955004,888059776.0,2.87,0.75,9.17,0.99,35.33999999999992
2010-01-28,000002,1236.25,1254.58,1263.74,1225.78,840948,785287616.0,3.06,1.27,15.71,0.87,37.960000000000036
2010-01-29,000002,1246.72,1245.41,1270.29,1240.18,791507,745025152.0,2.4,-0.73,-9.17,0.82,30.1099999999999
2010-02-01,000002,1240.18,1254.58,1270.29,1212.69,978058,906407616.0,4.62,0.74,9.17,1.01,57.59999999999991
2010-02-02,000002,1257.2,1237.56,1272.91,1237.56,753918,709718272.0,2.82,-1.36,-17.02,0.78,35.350000000000136
2010-02-03,000002,1234.94,1259.81,1263.74,1217.92,818778,764874240.0,3.7,1.8,22.25,0.85,45.819999999999936
2010-02-04,000002,1253.27,1254.58,1270.29,1240.18,829513,781993664.0,2.39,-0.42,-5.23,0.86,30.1099999999999
2010-02-05,000002,1234.94,1227.09,1242.8,1220.54,688000,634905088.0,1.77,-2.19,-27.49,0.71,22.25999999999999
2010-02-08,000002,1225.78,1216.61,1229.7,1211.38,539592,492708832.0,1.49,-0.85,-10.48,0.56,18.319999999999936
2010-02-09,000002,1216.61,1212.69,1221.85,1204.83,449034,408068192.0,1.4,-0.32,-3.92,0.47,17.019999999999982
2010-02-10,000002,1219.23,1228.4,1232.32,1214.0,450542,412512576.0,1.51,1.3,15.71,0.47,18.319999999999936
2010-02-11,000002,1231.01,1237.56,1246.72,1224.47,529122,491716608.0,1.81,0.75,9.16,0.55,22.25
2010-02-12,000002,1249.34,1249.34,1249.34,1241.49,420578,393158624.0,0.63,0.95,11.78,0.44,7.849999999999909
2010-02-22,000002,1238.87,1234.94,1246.72,1233.63,347717,323271104.0,1.05,-1.15,-14.4,0.36,13.089999999999918
2010-02-23,000002,1236.25,1217.92,1236.25,1212.69,432175,394880000.0,1.91,-1.38,-17.02,0.45,23.559999999999945
2010-02-24,000002,1212.69,1231.01,1232.32,1207.45,479768,439426624.0,2.04,1.07,13.09,0.5,24.86999999999989
2010-02-25,000002,1237.56,1263.74,1266.36,1237.56,1032744,973324480.0,2.34,2.66,32.73,1.07,28.799999999999955
2010-02-26,000002,1265.05,1257.2,1268.98,1253.27,678204,642430592.0,1.24,-0.52,-6.54,0.7,15.710000000000036
2010-03-01,000002,1257.2,1258.51,1263.74,1245.41,708228,667199232.0,1.46,0.1,1.31,0.73,18.329999999999927
2010-03-02,000002,1259.81,1280.76,1287.31,1259.81,1315011,1262045952.0,2.19,1.77,22.25,1.36,27.5
2010-03-03,000002,1282.07,1276.83,1283.38,1266.36,795359,760263488.0,1.33,-0.31,-3.93,0.82,17.02000000000021
2010-03-04,000002,1275.52,1251.96,1291.23,1248.03,869293,830988608.0,3.38,-1.95,-24.87,0.9,43.200000000000045
2010-03-05,000002,1250.65,1248.03,1259.81,1240.18,563467,527428416.0,1.57,-0.31,-3.93,0.58,19.62999999999988
2010-03-08,000002,1248.03,1251.96,1259.81,1240.18,498955,468666976.0,1.57,0.31,3.93,0.52,19.62999999999988
2010-03-09,000002,1251.96,1282.07,1292.54,1237.56,1366689,1308030976.0,4.39,2.41,30.11,1.42,54.98000000000002
2010-03-10,000002,1283.38,1263.74,1284.69,1261.12,694238,662381376.0,1.84,-1.43,-18.33,0.72,23.570000000000164
2010-03-11,000002,1263.74,1266.36,1274.21,1253.27,483802,458886880.0,1.66,0.21,2.62,0.5,20.940000000000055
2010-03-12,000002,1265.05,1248.03,1265.05,1246.72,437131,411008992.0,1.45,-1.45,-18.33,0.45,18.329999999999927
2010-03-15,000002,1246.72,1232.32,1248.03,1227.09,438151,405661952.0,1.68,-1.26,-15.71,0.45,20.940000000000055
2010-03-16,000002,1237.56,1236.25,1244.1,1225.78,300191,277863872.0,1.49,0.32,3.93,0.31,18.319999999999936
2010-03-17,000002,1245.41,1258.51,1261.12,1234.94,559410,524754816.0,2.12,1.8,22.26,0.58,26.179999999999836
2010-03-18,000002,1261.12,1271.6,1288.61,1257.2,1060957,1016613824.0,2.5,1.04,13.09,1.1,31.409999999999854
2010-03-19,000002,1276.83,1282.07,1292.54,1274.21,732797,706040320.0,1.44,0.82,10.47,0.76,18.329999999999927
2010-03-22,000002,1283.38,1268.98,1288.61,1262.43,515170,491282432.0,2.04,-1.02,-13.09,0.53,26.179999999999836
2010-03-24,000002,1259.81,1253.27,1267.67,1249.34,635590,598986368.0,1.44,-1.24,-15.71,0.66,18.330000000000155
2010-03-25,000002,1253.27,1232.32,1253.27,1231.01,555876,515610432.0,1.78,-1.67,-20.95,0.58,22.25999999999999
2010-03-26,000002,1232.32,1240.18,1245.41,1216.61,535315,495008320.0,2.34,0.64,7.86,0.55,28.800000000000182
2010-03-29,000002,1244.1,1271.6,1276.83,1242.8,845597,802337024.0,2.74,2.53,31.42,0.88,34.02999999999997
2010-03-30,000002,1272.91,1265.05,1276.83,1258.51,627127,594708032.0,1.44,-0.52,-6.55,0.65,18.319999999999936
2010-03-31,000002,1265.05,1266.36,1283.38,1258.51,623791,594673536.0,1.97,0.1,1.31,0.65,24.87000000000012
2010-04-01,000002,1266.36,1296.47,1299.09,1263.74,1482280,1427507200.0,2.79,2.38,30.11,1.54,35.34999999999991
2010-04-02,000002,1299.09,1301.71,1312.18,1291.23,1272928,1242354176.0,1.62,0.4,5.24,1.32,20.950000000000045
2010-04-06,000002,1305.63,1279.45,1309.56,1270.29,1213232,1169635968.0,3.02,-1.71,-22.26,1.26,39.26999999999998
2010-04-07,000002,1278.14,1261.12,1282.07,1258.51,929353,882118208.0,1.84,-1.43,-18.33,0.96,23.559999999999945
2010-04-08,000002,1258.51,1245.41,1259.81,1240.18,1099839,1028070528.0,1.56,-1.25,-15.71,1.14,19.62999999999988
2010-04-09,000002,1244.1,1251.96,1254.58,1241.49,543642,509461728.0,1.05,0.53,6.55,0.56,13.089999999999918
2010-04-12,000002,1254.58,1227.09,1258.51,1224.47,1294308,1193387264.0,2.72,-1.99,-24.87,1.34,34.039999999999964
2010-04-13,000002,1227.09,1233.63,1238.87,1214.0,916064,842593472.0,2.03,0.53,6.54,0.95,24.86999999999989
2010-04-14,000002,1229.7,1228.4,1231.01,1217.92,795660,729936384.0,1.06,-0.42,-5.23,0.82,13.089999999999918
2010-04-15,000002,1220.54,1215.3,1223.16,1210.07,1073416,977237696.0,1.07,-1.07,-13.1,1.11,13.090000000000146
2010-04-16,000002,1210.07,1206.14,1215.3,1194.36,869825,784163008.0,1.72,-0.75,-9.16,0.9,20.940000000000055
2010-04-19,000002,1187.81,1109.27,1187.81,1104.03,1809169,1549936128.0,6.95,-8.03,-96.87,1.87,83.77999999999997
2010-04-20,000002,1106.65,1073.92,1106.65,1046.43,1428055,1143675904.0,5.43,-3.19,-35.35,1.48,60.22000000000003
2010-04-21,000002,1069.99,1084.4,1089.63,1064.76,1091280,880055936.0,2.32,0.98,10.48,1.13,24.87000000000012
2010-04-22,000002,1083.09,1056.9,1083.09,1050.36,979608,779681216.0,3.02,-2.54,-27.5,1.01,32.73000000000002
2010-04-23,000002,1055.59,1060.83,1066.07,1047.74,726539,575019136.0,1.73,0.37,3.93,0.75,18.329999999999927
2010-04-26,000002,1063.45,1043.81,1067.38,1042.5,724533,570036096.0,2.35,-1.6,-17.02,0.75,24.88000000000011
2010-04-27,000002,1043.81,1030.72,1043.81,1017.63,894433,686154304.0,2.51,-1.25,-13.09,0.93,26.17999999999995
2010-04-28,000002,1024.18,1041.19,1043.81,1020.25,607455,469321024.0,2.29,1.02,10.47,0.63,23.559999999999945
2010-04-29,000002,1047.74,1038.58,1052.98,1037.27,596347,466256384.0,1.51,-0.25,-2.61,0.62,15.710000000000036
2010-04-30,000002,1038.58,1043.81,1049.05,1028.1,508092,394589536.0,2.02,0.5,5.23,0.53,20.950000000000045
2010-05-04,000002,1022.87,997.99,1030.72,992.76,722299,546408512.0,3.64,-4.39,-45.82,0.75,37.960000000000036
2010-05-05,000002,990.14,1003.23,1009.78,958.72,881217,646686016.0,5.12,0.53,5.24,0.91,51.059999999999945
2010-05-06,000002,997.99,962.65,997.99,962.65,633971,462853920.0,3.52,-4.04,-40.58,0.66,35.34000000000003
2010-05-07,000002,945.63,967.89,978.36,939.09,662623,477327456.0,4.08,0.54,5.24,0.69,39.26999999999998
2010-05-10,000002,967.89,978.36,987.52,967.89,567044,413750720.0,2.03,1.08,10.47,0.59,19.629999999999995
2010-05-11,000002,992.76,971.81,997.99,965.27,658148,481660160.0,3.34,-0.67,-6.55,0.68,32.72000000000003
2010-05-12,000002,970.5,983.59,991.45,961.34,641524,470264928.0,3.1,1.21,11.78,0.66,30.110000000000014
2010-05-13,000002,987.52,987.52,994.07,975.74,609075,447690944.0,1.86,0.4,3.93,0.63,18.33000000000004
2010-05-14,000002,983.59,979.67,988.83,974.43,392477,287204800.0,1.46,-0.79,-7.85,0.41,14.400000000000091
2010-05-17,000002,971.81,928.61,973.12,925.99,642759,452660544.0,4.81,-5.21,-51.06,0.67,47.129999999999995
2010-05-18,000002,936.47,992.76,1005.85,925.99,1114156,798131008.0,8.6,6.91,64.15,1.15,79.86000000000001
2010-05-19,000002,977.05,982.29,997.99,960.03,709357,512118272.0,3.82,-1.05,-10.47,0.73,37.960000000000036
2010-05-20,000002,967.89,961.34,986.21,960.03,489644,351362656.0,2.67,-2.13,-20.95,0.51,26.180000000000064
2010-05-21,000002,936.47,999.3,1004.54,935.16,1282105,931030144.0,7.22,3.95,37.96,1.33,69.38
2010-05-24,000002,1004.54,1039.89,1055.59,1004.54,1466436,1127569536.0,5.11,4.06,40.59,1.52,51.049999999999955
2010-05-25,000002,1018.94,1000.61,1022.87,997.99,892101,665451456.0,2.39,-3.78,-39.28,0.92,24.879999999999995
2010-05-26,000002,1005.85,1005.85,1017.63,991.45,476781,354489056.0,2.62,0.52,5.24,0.49,26.17999999999995
2010-05-27,000002,995.38,1017.63,1022.87,980.98,714221,532206432.0,4.16,1.17,11.78,0.74,41.889999999999986
2010-05-28,000002,1021.56,1004.54,1028.1,994.07,472421,353464992.0,3.34,-1.29,-13.09,0.49,34.02999999999986
2010-05-31,000002,1000.61,975.74,1012.39,975.74,514579,377258688.0,3.65,-2.87,-28.8,0.53,36.64999999999998
2010-06-01,000002,971.81,969.19,980.98,961.34,387932,277633696.0,2.01,-0.67,-6.55,0.4,19.639999999999986
2010-06-02,000002,965.27,983.59,986.21,958.72,364342,262845232.0,2.84,1.49,14.4,0.38,27.49000000000001
2010-06-03,000002,986.21,973.12,997.99,973.12,398779,290410784.0,2.53,-1.06,-10.47,0.41,24.870000000000005
2010-06-04,000002,971.81,984.9,995.38,969.19,364717,264875120.0,2.69,1.21,11.78,0.38,26.18999999999994
2010-06-07,000002,967.89,963.96,973.12,961.34,375255,267886768.0,1.2,-2.13,-20.94,0.39,11.779999999999973
2010-06-08,000002,963.96,961.34,973.12,956.1,279454,198752192.0,1.77,-0.27,-2.62,0.29,17.019999999999982
2010-06-09,000002,967.89,987.52,990.14,956.1,714128,514765120.0,3.54,2.72,26.18,0.74,34.039999999999964
2010-06-10,000002,975.74,967.89,982.29,965.27,573436,411219648.0,1.72,-1.99,-19.63,0.59,17.019999999999982
2010-06-11,000002,971.81,965.27,974.43,961.34,384373,274866048.0,1.35,-0.27,-2.62,0.4,13.089999999999918
2010-06-17,000002,970.5,961.34,973.12,958.72,409681,291597824.0,1.49,-0.41,-3.93,0.42,14.399999999999977
2010-06-18,000002,961.34,957.41,978.36,954.79,551187,393420704.0,2.45,-0.41,-3.93,0.57,23.57000000000005
2010-06-21,000002,965.27,992.76,999.3,956.1,995551,724296960.0,4.51,3.69,35.35,1.03,43.19999999999993
2010-06-22,000002,984.9,986.21,992.76,982.29,516799,377215872.0,1.05,-0.66,-6.55,0.54,10.470000000000027
2010-06-23,000002,982.29,974.43,992.76,967.89,445035,321705600.0,2.52,-1.19,-11.78,0.46,24.870000000000005
2010-06-24,000002,971.81,980.98,982.29,966.58,418555,301443744.0,1.61,0.67,6.55,0.43,15.709999999999923
2010-06-25,000002,974.43,967.89,975.74,962.65,334358,239153152.0,1.33,-1.33,-13.09,0.35,13.090000000000032
2010-06-28,000002,967.89,963.96,971.81,961.34,264574,188629152.0,1.08,-0.41,-3.93,0.27,10.469999999999914
2010-06-29,000002,963.96,928.61,967.89,925.99,724127,505411200.0,4.35,-3.67,-35.35,0.75,41.89999999999998
2010-06-30,000002,927.3,919.45,935.16,916.83,459389,313719456.0,1.97,-0.99,-9.16,0.48,18.329999999999927
2010-07-01,000002,919.45,906.36,925.99,902.43,324282,218555984.0,2.56,-1.42,-13.09,0.34,23.56000000000006
2010-07-02,000002,908.98,939.09,945.63,907.67,741727,506008160.0,4.19,3.61,32.73,0.77,37.960000000000036
2010-07-05,000002,928.61,945.63,956.1,922.07,574694,398417792.0,3.62,0.7,6.54,0.6,34.02999999999997
2010-07-06,000002,948.25,956.1,969.19,943.01,517203,366592128.0,2.77,1.11,10.47,0.54,26.180000000000064
2010-07-07,000002,958.72,954.79,963.96,945.63,274846,193276064.0,1.92,-0.14,-1.31,0.28,18.33000000000004
2010-07-08,000002,963.96,957.41,973.12,954.79,367022,261386448.0,1.92,0.27,2.62,0.38,18.33000000000004
2010-07-09,000002,958.72,979.67,991.45,949.56,712436,514535104.0,4.38,2.33,22.26,0.74,41.8900000000001
2010-07-12,000002,982.29,1032.03,1045.12,973.12,1681833,1275973248.0,7.35,5.34,52.36,1.74,71.99999999999989
2010-07-13,000002,1012.39,1008.47,1017.63,1003.23,791396,591380288.0,1.4,-2.28,-23.56,0.82,14.399999999999977
2010-07-14,000002,1007.16,1000.61,1030.72,994.07,766399,572993664.0,3.63,-0.78,-7.86,0.79,36.64999999999998
2010-07-15,000002,1000.61,1016.32,1047.74,1000.61,1093555,835000832.0,4.71,1.57,15.71,1.13,47.129999999999995
2010-07-16,000002,1007.16,1029.41,1042.5,997.99,814532,614070336.0,4.38,1.29,13.09,0.84,44.50999999999999
2010-07-19,000002,1018.94,1045.12,1059.52,1018.94,1099095,847230208.0,3.94,1.53,15.71,1.14,40.57999999999993
2010-07-20,000002,1047.74,1054.29,1071.3,1043.81,926668,726646528.0,2.63,0.88,9.17,0.96,27.49000000000001
2010-07-21,000002,1052.98,1046.43,1054.29,1038.58,694050,537755840.0,1.49,-0.75,-7.86,0.72,15.710000000000036
2010-07-22,000002,1043.81,1072.61,1081.78,1038.58,916913,728502720.0,4.13,2.5,26.18,0.95,43.200000000000045
2010-07-23,000002,1079.16,1079.16,1090.94,1067.38,804708,643887744.0,2.2,0.61,6.55,0.83,23.559999999999945
2010-07-26,000002,1079.16,1080.47,1084.4,1064.76,489609,390373280.0,1.82,0.12,1.31,0.51,19.6400000000001
2010-07-27,000002,1079.16,1089.63,1109.27,1072.61,781923,635683840.0,3.39,0.85,9.16,0.81,36.66000000000008
2010-07-28,000002,1088.32,1119.74,1124.98,1080.47,1088050,895491776.0,4.08,2.76,30.11,1.13,44.50999999999999
2010-07-29,000002,1121.05,1118.43,1128.9,1109.27,672146,559033024.0,1.75,-0.12,-1.31,0.7,19.63000000000011
2010-07-30,000002,1115.81,1117.12,1121.05,1106.65,457345,377434048.0,1.29,-0.12,-1.31,0.47,14.399999999999864
2010-08-02,000002,1115.81,1121.05,1126.29,1109.27,581885,483415392.0,1.52,0.35,3.93,0.6,17.019999999999982
2010-08-03,000002,1121.05,1111.89,1151.16,1111.89,1004249,846276160.0,3.5,-0.82,-9.16,1.04,39.26999999999998
2010-08-04,000002,1107.96,1110.58,1124.98,1079.16,849729,694994816.0,4.12,-0.12,-1.31,0.88,45.819999999999936
2010-08-05,000002,1106.65,1077.85,1118.43,1066.07,1342114,1078821888.0,4.71,-2.95,-32.73,1.39,52.36000000000013
2010-08-06,000002,1072.61,1079.16,1081.78,1050.36,962053,760908032.0,2.92,0.12,1.31,1.0,31.420000000000073
2010-08-09,000002,1071.3,1073.92,1085.7,1062.14,744097,591086464.0,2.18,-0.49,-5.24,0.77,23.559999999999945
2010-08-11,000002,1045.12,1121.05,1126.29,1039.89,2121695,1729655552.0,8.05,4.39,47.13,2.2,86.39999999999986
2010-08-12,000002,1105.34,1139.38,1162.94,1102.72,1897835,1613638912.0,5.37,1.64,18.33,1.97,60.22000000000003
2010-08-13,000002,1138.07,1189.12,1191.74,1126.29,1729672,1497025024.0,5.74,4.37,49.74,1.79,65.45000000000005
2010-08-16,000002,1182.58,1195.67,1203.52,1164.25,1393704,1230990080.0,3.3,0.55,6.55,1.44,39.26999999999998
2010-08-17,000002,1190.43,1202.21,1212.69,1185.2,972948,869127040.0,2.3,0.55,6.54,1.01,27.49000000000001
2010-08-18,000002,1196.98,1182.58,1207.45,1173.41,914572,806184320.0,2.83,-1.63,-19.63,0.95,34.039999999999964
2010-08-19,000002,1179.96,1176.03,1200.9,1162.94,1142938,1000257024.0,3.21,-0.55,-6.55,1.18,37.960000000000036
2010-08-20,000002,1169.49,1164.25,1185.2,1161.63,670599,585094400.0,2.0,-1.0,-11.78,0.69,23.569999999999936
2010-08-23,000002,1160.32,1143.3,1174.72,1136.76,654658,561446912.0,3.26,-1.8,-20.95,0.68,37.960000000000036
2010-08-24,000002,1139.38,1190.43,1199.6,1139.38,1091762,960066688.0,5.27,4.12,47.13,1.13,60.2199999999998
2010-08-25,000002,1186.5,1144.61,1196.98,1138.07,1068758,923148928.0,4.95,-3.85,-45.82,1.11,58.91000000000008
2010-08-26,000002,1144.61,1148.54,1170.8,1138.07,621557,532853696.0,2.86,0.34,3.93,0.64,32.73000000000002
2010-08-27,000002,1138.07,1136.76,1151.16,1130.21,533587,450881152.0,1.82,-1.03,-11.78,0.55,20.950000000000045
2010-08-30,000002,1143.3,1142.0,1149.85,1107.96,800272,672353408.0,3.69,0.46,5.24,0.83,41.88999999999987
2010-08-31,000002,1135.45,1134.14,1139.38,1121.05,578898,486203488.0,1.61,-0.69,-7.86,0.6,18.330000000000155
2010-09-01,000002,1132.83,1140.69,1166.87,1118.43,824922,701040768.0,4.27,0.58,6.55,0.85,48.43999999999983
2010-09-02,000002,1155.09,1153.78,1166.87,1145.92,652976,561050112.0,1.84,1.15,13.09,0.68,20.949999999999818
2010-09-03,000002,1164.25,1144.61,1176.03,1132.83,719346,617678400.0,3.74,-0.79,-9.17,0.74,43.200000000000045
2010-09-06,000002,1152.47,1169.49,1173.41,1144.61,681595,590225152.0,2.52,2.17,24.88,0.71,28.800000000000182
2010-09-07,000002,1172.1,1181.27,1196.98,1172.1,663468,583422464.0,2.13,1.01,11.78,0.69,24.88000000000011
2010-09-08,000002,1181.27,1153.78,1181.27,1140.69,815836,698855936.0,3.44,-2.33,-27.49,0.84,40.57999999999993
2010-09-09,000002,1160.32,1115.81,1162.94,1113.2,888817,743752960.0,4.31,-3.29,-37.97,0.92,49.74000000000001
2010-09-10,000002,1117.12,1100.1,1126.29,1084.4,641789,521923808.0,3.75,-1.41,-15.71,0.66,41.88999999999987
2010-09-13,000002,1101.41,1124.98,1147.23,1087.01,765605,635399936.0,5.47,2.26,24.88,0.79,60.22000000000003
2010-09-14,000002,1126.29,1118.43,1127.6,1102.72,537245,443236896.0,2.21,-0.58,-6.55,0.56,24.87999999999988
2010-09-15,000002,1115.81,1100.1,1126.29,1094.87,419425,346389376.0,2.81,-1.64,-18.33,0.43,31.420000000000073
2010-09-16,000002,1098.8,1083.09,1111.89,1076.54,680677,550111232.0,3.21,-1.55,-17.01,0.7,35.350000000000136
2010-09-17,000002,1085.7,1089.63,1105.34,1084.4,630716,511174688.0,1.93,0.6,6.54,0.65,20.939999999999827
2010-09-20,000002,1090.94,1088.32,1098.8,1080.47,452015,365687648.0,1.68,-0.12,-1.31,0.47,18.329999999999927
2010-09-21,000002,1090.94,1098.8,1110.58,1089.63,391964,319911808.0,1.92,0.96,10.48,0.41,20.949999999999818
2010-09-27,000002,1094.87,1094.87,1106.65,1052.98,1212974,977908736.0,4.88,-0.36,-3.93,1.26,53.67000000000007
2010-09-28,000002,1088.32,1064.76,1098.8,1058.21,790841,629330048.0,3.71,-2.75,-30.11,0.82,40.58999999999992
2010-09-29,000002,1059.52,1054.29,1077.85,1051.67,523550,412249280.0,2.46,-0.98,-10.47,0.54,26.179999999999836
2010-09-30,000002,1043.81,1131.52,1131.52,1032.03,1879536,1530230272.0,9.44,7.33,77.23,1.95,99.49000000000001
2010-10-08,000002,1118.43,1136.76,1156.4,1098.8,1650480,1392100608.0,5.09,0.46,5.24,1.71,57.600000000000136
2010-10-11,000002,1130.21,1189.12,1208.76,1127.6,1814206,1585424640.0,7.14,4.61,52.36,1.88,81.16000000000008
2010-10-12,000002,1183.89,1183.89,1207.45,1166.87,1237671,1093711488.0,3.41,-0.44,-5.23,1.28,40.580000000000155
2010-10-13,000002,1186.5,1262.43,1295.16,1186.5,2543092,2382541056.0,9.18,6.63,78.54,2.63,108.66000000000008
2010-10-14,000002,1267.67,1262.43,1299.09,1249.34,1869189,1772150528.0,3.94,0.0,0.0,1.94,49.75
2010-10-15,000002,1257.2,1282.07,1288.61,1249.34,1656980,1566788352.0,3.11,1.56,19.64,1.72,39.26999999999998
2010-10-18,000002,1275.52,1292.54,1338.36,1275.52,2508971,2448867072.0,4.9,0.82,10.47,2.6,62.83999999999992
2010-10-19,000002,1288.61,1275.52,1293.85,1229.7,1163037,1093255808.0,4.96,-1.32,-17.02,1.2,64.14999999999986
2010-10-20,000002,1206.14,1199.6,1236.25,1157.7,2832304,2532793600.0,6.16,-5.95,-75.92,2.93,78.54999999999995
2010-10-21,000002,1183.89,1195.67,1215.3,1169.49,1617138,1438347520.0,3.82,-0.33,-3.93,1.67,45.809999999999945
2010-10-22,000002,1200.9,1195.67,1212.69,1183.89,993677,886791680.0,2.41,0.0,0.0,1.03,28.799999999999955
2010-10-25,000002,1207.45,1236.25,1238.87,1189.12,1376827,1250140160.0,4.16,3.39,40.58,1.43,49.75
2010-10-26,000002,1236.25,1261.12,1304.32,1236.25,1655085,1568081280.0,5.51,2.01,24.87,1.71,68.06999999999994
2010-10-27,000002,1263.74,1292.54,1346.21,1263.74,2271067,2228254720.0,6.54,2.49,31.42,2.35,82.47000000000003
2010-10-28,000002,1293.85,1322.65,1344.91,1291.23,1958199,1938805760.0,4.15,2.33,30.11,2.03,53.680000000000064
2010-10-29,000002,1314.8,1301.71,1334.43,1270.29,1165042,1128415232.0,4.85,-1.58,-20.94,1.21,64.1400000000001
2010-11-01,000002,1296.47,1293.85,1327.89,1278.14,1164050,1128487936.0,3.82,-0.6,-7.86,1.21,49.75
2010-11-02,000002,1295.16,1295.16,1322.65,1263.74,1520477,1471566336.0,4.55,0.1,1.31,1.57,58.91000000000008
2010-11-03,000002,1288.61,1320.03,1327.89,1272.91,1460256,1428016512.0,4.25,1.92,24.87,1.51,54.98000000000002
2010-11-04,000002,1314.8,1308.25,1331.81,1299.09,1048701,1027565184.0,2.48,-0.89,-11.78,1.09,32.72000000000003
2010-11-05,000002,1330.51,1306.94,1340.98,1297.78,1302336,1273099008.0,3.3,-0.1,-1.31,1.35,43.200000000000045
2010-11-08,000002,1312.18,1327.89,1352.76,1312.18,1628307,1620281856.0,3.1,1.6,20.95,1.69,40.57999999999993
2010-11-09,000002,1321.34,1275.52,1333.12,1268.98,1885074,1808162560.0,4.83,-3.94,-52.37,1.95,64.13999999999987
2010-11-10,000002,1249.34,1229.7,1261.12,1216.61,2018898,1846528000.0,3.49,-3.59,-45.82,2.09,44.50999999999999
2010-11-11,000002,1234.94,1233.63,1246.72,1210.07,1983310,1813464960.0,2.98,0.32,3.93,2.05,36.65000000000009
2010-11-12,000002,1229.7,1148.54,1229.7,1143.3,2114252,1870382976.0,7.0,-6.9,-85.09,2.19,86.40000000000009
2010-11-15,000002,1157.7,1148.54,1162.94,1131.52,1158980,986392768.0,2.74,0.0,0.0,1.2,31.420000000000073
2010-11-16,000002,1148.54,1100.1,1149.85,1090.94,1294355,1070405632.0,5.13,-4.22,-48.44,1.34,58.909999999999854
2010-11-17,000002,1092.25,1102.72,1114.5,1085.7,894204,732463360.0,2.62,0.24,2.62,0.93,28.799999999999955
2010-11-18,000002,1111.89,1114.5,1119.74,1100.1,689143,568246848.0,1.78,1.07,11.78,0.71,19.6400000000001
2010-11-19,000002,1118.43,1110.58,1122.36,1079.16,948647,774931968.0,3.88,-0.35,-3.92,0.98,43.19999999999982
2010-11-22,000002,1101.41,1090.94,1107.96,1072.61,1214506,982136832.0,3.18,-1.77,-19.64,1.26,35.350000000000136
2010-11-23,000002,1080.47,1068.69,1089.63,1064.76,1016188,810521664.0,2.28,-2.04,-22.25,1.05,24.87000000000012
2010-11-24,000002,1076.54,1089.63,1094.87,1068.69,770145,619916544.0,2.45,1.96,20.94,0.8,26.179999999999836
2010-11-25,000002,1092.25,1131.52,1142.0,1080.47,1284427,1066057600.0,5.65,3.84,41.89,1.33,61.52999999999997
2010-11-26,000002,1126.29,1109.27,1127.6,1098.8,670805,553999552.0,2.55,-1.97,-22.25,0.69,28.799999999999955
2010-11-29,000002,1106.65,1101.41,1107.96,1087.01,414339,337236672.0,1.89,-0.71,-7.86,0.43,20.950000000000045
2010-11-30,000002,1102.72,1096.18,1118.43,1072.61,831759,675567936.0,4.16,-0.47,-5.23,0.86,45.820000000000164
2010-12-01,000002,1096.18,1107.96,1109.27,1085.7,414535,338381248.0,2.15,1.07,11.78,0.43,23.569999999999936
2010-12-02,000002,1121.05,1114.5,1132.83,1113.2,623836,520202464.0,1.77,0.59,6.54,0.65,19.62999999999988
2010-12-03,000002,1123.67,1143.3,1156.4,1117.12,1188651,1008596480.0,3.52,2.58,28.8,1.23,39.2800000000002
2010-12-06,000002,1145.92,1143.3,1169.49,1138.07,982345,844309440.0,2.75,0.0,0.0,1.02,31.420000000000073
2010-12-07,000002,1138.07,1165.56,1168.18,1126.29,870908,747602752.0,3.66,1.95,22.26,0.9,41.8900000000001
2010-12-08,000002,1164.25,1143.3,1169.49,1131.52,698064,595890304.0,3.26,-1.91,-22.26,0.72,37.97000000000003
2010-12-09,000002,1134.14,1101.41,1135.45,1100.1,714641,589993472.0,3.09,-3.66,-41.89,0.74,35.350000000000136
2010-12-10,000002,1101.41,1092.25,1113.2,1089.63,820116,669900288.0,2.14,-0.83,-9.16,0.85,23.569999999999936
2010-12-13,000002,1105.34,1131.52,1144.61,1096.18,834373,690600576.0,4.43,3.6,39.27,0.86,48.429999999999836
2010-12-14,000002,1131.52,1132.83,1139.38,1123.67,494473,415067328.0,1.39,0.12,1.31,0.51,15.710000000000036
2010-12-15,000002,1132.83,1124.98,1135.45,1106.65,556272,463065344.0,2.54,-0.69,-7.85,0.58,28.799999999999955
2010-12-16,000002,1121.05,1135.45,1157.7,1115.81,1028890,872608704.0,3.72,0.93,10.47,1.07,41.8900000000001
2010-12-17,000002,1138.07,1131.52,1140.69,1119.74,437919,367894144.0,1.85,-0.35,-3.93,0.45,20.950000000000045
2010-12-20,000002,1138.07,1118.43,1149.85,1106.65,681828,571023488.0,3.82,-1.16,-13.09,0.71,43.19999999999982
2010-12-21,000002,1118.43,1227.09,1227.09,1118.43,2970879,2625535232.0,9.72,9.72,108.66,3.08,108.65999999999985
2010-12-22,000002,1227.09,1210.07,1267.67,1183.89,2109106,1933971200.0,6.83,-1.39,-17.02,2.18,83.77999999999997
2010-12-23,000002,1203.52,1189.12,1217.92,1183.89,896062,798955392.0,2.81,-1.73,-20.95,0.93,34.02999999999997
2010-12-24,000002,1189.12,1211.38,1236.25,1183.89,1179596,1071510912.0,4.4,1.87,22.26,1.22,52.3599999999999
2010-12-27,000002,1212.69,1177.34,1231.01,1168.18,1431753,1286870400.0,5.19,-2.81,-34.04,1.48,62.82999999999993
2010-12-28,000002,1173.41,1122.36,1191.74,1118.43,875050,752995520.0,6.23,-4.67,-54.98,0.91,73.30999999999995
2010-12-29,000002,1127.6,1118.43,1132.83,1101.41,812517,672563584.0,2.8,-0.35,-3.93,0.84,31.419999999999845
2010-12-30,000002,1114.5,1098.8,1118.43,1084.4,949952,773400448.0,3.04,-1.76,-19.63,0.98,34.02999999999997
2010-12-31,000002,1097.49,1107.96,1110.58,1089.63,641895,524313280.0,1.91,0.83,9.16,0.66,20.949999999999818
2011-01-04,000002,1114.5,1183.89,1207.45,1109.27,1888161,1645667072.0,8.86,6.85,75.93,1.95,98.18000000000006
2011-01-05,000002,1179.96,1187.81,1207.45,1161.63,1256163,1112759040.0,3.87,0.33,3.92,1.3,45.819999999999936
2011-01-06,000002,1194.36,1189.12,1207.45,1169.49,791284,700203392.0,3.2,0.11,1.31,0.82,37.960000000000036
2011-01-07,000002,1189.12,1195.67,1236.25,1181.27,1447216,1307916160.0,4.62,0.55,6.55,1.5,54.98000000000002
2011-01-10,000002,1210.07,1176.03,1236.25,1168.18,1290467,1157447424.0,5.69,-1.64,-19.64,1.34,68.06999999999994
2011-01-11,000002,1168.18,1214.0,1231.01,1162.94,1347312,1207748224.0,5.79,3.23,37.97,1.39,68.06999999999994
2011-01-12,000002,1216.61,1219.23,1254.58,1196.98,1355220,1235577344.0,4.74,0.43,5.23,1.4,57.59999999999991
2011-01-13,000002,1224.47,1202.21,1228.4,1196.98,587959,529515520.0,2.58,-1.4,-17.02,0.61,31.420000000000073
2011-01-14,000002,1199.6,1216.61,1225.78,1190.43,885322,794536960.0,2.94,1.2,14.4,0.92,35.34999999999991
2011-01-17,000002,1200.9,1134.14,1212.69,1122.36,1198267,1032312448.0,7.42,-6.78,-82.47,1.24,90.33000000000015
2011-01-18,000002,1134.14,1124.98,1151.16,1115.81,644874,542945280.0,3.12,-0.81,-9.16,0.67,35.350000000000136
2011-01-19,000002,1126.29,1149.85,1153.78,1109.27,946784,793973376.0,3.96,2.21,24.87,0.98,44.50999999999999
2011-01-20,000002,1144.61,1097.49,1144.61,1096.18,829654,686728064.0,4.21,-4.55,-52.36,0.86,48.429999999999836
2011-01-21,000002,1100.1,1128.9,1168.18,1096.18,895391,750749056.0,6.56,2.86,31.41,0.93,72.0
2011-01-24,000002,1130.21,1138.07,1162.94,1098.8,742925,622616320.0,5.68,0.81,9.17,0.77,64.1400000000001
2011-01-25,000002,1131.52,1143.3,1164.25,1124.98,491671,418022528.0,3.45,0.46,5.23,0.51,39.26999999999998
2011-01-26,000002,1142.0,1145.92,1160.32,1134.14,382124,324659936.0,2.29,0.23,2.62,0.4,26.179999999999836
2011-01-27,000002,1098.8,1118.43,1122.36,1072.61,1761522,1436475776.0,4.34,-2.4,-27.49,1.82,49.75
2011-01-28,000002,1119.74,1113.2,1147.23,1094.87,1362360,1131363456.0,4.68,-0.47,-5.23,1.41,52.36000000000013
2011-01-31,000002,1111.89,1105.34,1113.2,1094.87,814309,665505920.0,1.65,-0.71,-7.86,0.84,18.330000000000155
2011-02-01,000002,1109.27,1102.72,1113.2,1096.18,990253,809002688.0,1.54,-0.24,-2.62,1.03,17.019999999999982
2011-02-09,000002,1089.63,1081.78,1096.18,1076.54,948232,762280384.0,1.78,-1.9,-20.94,0.98,19.6400000000001
2011-02-10,000002,1084.4,1102.72,1105.34,1081.78,1047149,848977856.0,2.18,1.94,20.94,1.08,23.559999999999945
2011-02-11,000002,1098.8,1113.2,1124.98,1087.01,1360524,1117279232.0,3.44,0.95,10.48,1.41,37.97000000000003
2011-02-14,000002,1111.89,1157.7,1162.94,1107.96,1836828,1563852672.0,4.94,4.0,44.5,1.9,54.98000000000002
2011-02-15,000002,1157.7,1155.09,1170.8,1152.47,1103391,950830016.0,1.58,-0.23,-2.61,1.14,18.329999999999927
2011-02-16,000002,1151.16,1148.54,1152.47,1123.67,1271437,1071707776.0,2.49,-0.57,-6.55,1.32,28.799999999999955
2011-02-17,000002,1145.92,1127.6,1152.47,1115.81,1246643,1042343232.0,3.19,-1.82,-20.94,1.29,36.66000000000008
2011-02-18,000002,1124.98,1124.98,1136.76,1117.12,702369,587813632.0,1.74,-0.23,-2.62,0.73,19.6400000000001
2011-02-21,000002,1115.81,1131.52,1132.83,1105.34,919172,762837376.0,2.44,0.58,6.54,0.95,27.49000000000001
2011-02-22,000002,1127.6,1094.87,1127.6,1092.25,1585533,1295136768.0,3.12,-3.24,-36.65,1.64,35.34999999999991
2011-02-23,000002,1094.87,1098.8,1104.03,1092.25,557248,453803232.0,1.08,0.36,3.93,0.58,11.779999999999973
2011-02-24,000002,1098.8,1101.41,1105.34,1092.25,620561,505394240.0,1.19,0.24,2.61,0.64,13.089999999999918
2011-02-25,000002,1102.72,1096.18,1102.72,1088.32,612975,497898400.0,1.31,-0.47,-5.23,0.63,14.400000000000091
2011-02-28,000002,1096.18,1100.1,1100.1,1085.7,772669,626607744.0,1.31,0.36,3.92,0.8,14.399999999999864
2011-03-01,000002,1100.1,1118.43,1134.14,1100.1,1532654,1271700608.0,3.09,1.67,18.33,1.59,34.04000000000019
2011-03-02,000002,1110.58,1105.34,1113.2,1096.18,672626,551036544.0,1.52,-1.17,-13.09,0.7,17.019999999999982
2011-03-03,000002,1105.34,1104.03,1119.74,1101.41,899327,740591168.0,1.66,-0.12,-1.31,0.93,18.329999999999927
2011-03-04,000002,1110.58,1123.67,1124.98,1106.65,994952,824340096.0,1.66,1.78,19.64,1.03,18.329999999999927
2011-03-07,000002,1130.21,1128.9,1139.38,1122.36,1127309,946094976.0,1.51,0.47,5.23,1.17,17.02000000000021
2011-03-08,000002,1138.07,1148.54,1161.63,1136.76,1703734,1455547904.0,2.2,1.74,19.64,1.76,24.87000000000012
2011-03-09,000002,1151.16,1148.54,1160.32,1142.0,912596,780576896.0,1.6,0.0,0.0,0.94,18.319999999999936
2011-03-10,000002,1147.23,1144.61,1157.7,1132.83,1046364,888697600.0,2.17,-0.34,-3.93,1.08,24.87000000000012
2011-03-11,000002,1140.69,1122.36,1142.0,1115.81,902689,754671104.0,2.29,-1.94,-22.25,0.93,26.190000000000055
2011-03-14,000002,1115.81,1118.43,1124.98,1109.27,435387,360394592.0,1.4,-0.35,-3.93,0.45,15.710000000000036
2011-03-15,000002,1115.81,1102.72,1117.12,1092.25,868533,708789312.0,2.22,-1.4,-15.71,0.9,24.86999999999989
2011-03-16,000002,1101.41,1111.89,1118.43,1101.41,467330,384460096.0,1.54,0.83,9.17,0.48,17.019999999999982
2011-03-17,000002,1105.34,1102.72,1109.27,1093.56,608690,496795840.0,1.41,-0.82,-9.17,0.63,15.710000000000036
2011-03-18,000002,1110.58,1105.34,1124.98,1098.8,746036,616292672.0,2.37,0.24,2.62,0.77,26.180000000000064
2011-03-21,000002,1105.34,1118.43,1136.76,1105.34,892326,742667008.0,2.84,1.18,13.09,0.92,31.420000000000073
2011-03-22,000002,1119.74,1118.43,1126.29,1102.72,471742,389882208.0,2.11,0.0,0.0,0.49,23.569999999999936
2011-03-23,000002,1117.12,1144.61,1156.4,1111.89,1632575,1383609728.0,3.98,2.34,26.18,1.69,44.50999999999999
2011-03-24,000002,1145.92,1143.3,1156.4,1140.69,863161,736402432.0,1.37,-0.11,-1.31,0.89,15.710000000000036
2011-03-25,000002,1148.54,1173.41,1183.89,1144.61,1725056,1495728768.0,3.44,2.63,30.11,1.79,39.2800000000002
2011-03-28,000002,1176.03,1174.72,1200.9,1169.49,1332343,1174558464.0,2.68,0.11,1.31,1.38,31.410000000000082
2011-03-29,000002,1170.8,1168.18,1193.05,1162.94,991463,866316032.0,2.56,-0.56,-6.54,1.03,30.1099999999999
2011-03-30,000002,1168.18,1169.49,1181.27,1149.85,855661,742153984.0,2.69,0.11,1.31,0.89,31.420000000000073
2011-04-01,000002,1153.78,1186.5,1187.81,1144.61,734176,639528256.0,3.69,1.45,17.01,0.76,43.200000000000045
2011-04-06,000002,1181.27,1202.21,1208.76,1174.72,1068402,950336768.0,2.87,1.32,15.71,1.11,34.039999999999964
2011-04-07,000002,1202.21,1229.7,1246.72,1198.29,1284532,1173973760.0,4.03,2.29,27.49,1.33,48.430000000000064
2011-04-11,000002,1227.09,1186.5,1234.94,1185.2,833280,745955456.0,4.04,-3.51,-43.2,0.86,49.74000000000001
2011-04-12,000002,1186.5,1190.43,1204.83,1178.65,663097,587406080.0,2.21,0.33,3.93,0.69,26.179999999999836
2011-04-13,000002,1186.5,1200.9,1204.83,1169.49,567793,501096384.0,2.97,0.88,10.47,0.59,35.33999999999992
2011-04-14,000002,1199.6,1183.89,1202.21,1179.96,574303,506909568.0,1.85,-1.42,-17.01,0.59,22.25
2011-04-15,000002,1182.58,1196.98,1203.52,1172.1,539924,476299840.0,2.65,1.11,13.09,0.56,31.420000000000073
2011-04-18,000002,1191.74,1204.83,1208.76,1183.89,698448,622003328.0,2.08,0.66,7.85,0.72,24.86999999999989
2011-04-19,000002,1195.67,1181.27,1195.67,1178.65,410709,361781248.0,1.41,-1.96,-23.56,0.43,17.019999999999982
2011-04-20,000002,1177.34,1161.63,1186.5,1153.78,811387,703619968.0,2.77,-1.66,-19.64,0.84,32.72000000000003
2011-04-21,000002,1164.25,1168.18,1168.18,1153.78,597519,515007808.0,1.24,0.56,6.55,0.62,14.400000000000091
2011-04-22,000002,1161.63,1151.16,1164.25,1147.23,426219,365405056.0,1.46,-1.46,-17.02,0.44,17.019999999999982
2011-04-25,000002,1145.92,1147.23,1155.09,1143.3,401521,342787360.0,1.02,-0.34,-3.93,0.42,11.789999999999964
2011-04-26,000002,1145.92,1151.16,1156.4,1140.69,424374,361805568.0,1.37,0.34,3.93,0.44,15.710000000000036
2011-04-27,000002,1155.09,1131.52,1157.7,1121.05,511953,432624288.0,3.18,-1.71,-19.64,0.53,36.65000000000009
2011-04-28,000002,1134.14,1119.74,1138.07,1118.43,401268,335347712.0,1.74,-1.04,-11.78,0.42,19.639999999999873
2011-04-29,000002,1121.05,1142.0,1145.92,1119.74,382427,322176224.0,2.34,1.99,22.26,0.4,26.180000000000064
2011-05-03,000002,1140.69,1144.61,1145.92,1121.05,486643,409503744.0,2.18,0.23,2.61,0.5,24.87000000000012
2011-05-04,000002,1134.14,1122.36,1143.3,1119.74,426736,358436416.0,2.06,-1.94,-22.25,0.44,23.559999999999945
2011-05-05,000002,1118.43,1124.98,1131.52,1110.58,411049,342244640.0,1.87,0.23,2.62,0.43,20.940000000000055
2011-05-06,000002,1121.05,1118.43,1130.21,1111.89,397032,329807552.0,1.63,-0.58,-6.55,0.41,18.319999999999936
2011-05-09,000002,1119.74,1119.74,1132.83,1114.5,313591,260467584.0,1.64,0.12,1.31,0.32,18.329999999999927
2011-05-10,000002,1122.36,1121.05,1123.67,1111.89,294560,244244976.0,1.05,0.12,1.31,0.3,11.779999999999973
2011-05-11,000002,1118.43,1117.12,1130.21,1106.65,614644,510911424.0,2.1,-0.35,-3.93,0.64,23.559999999999945
2011-05-12,000002,1114.5,1110.58,1122.36,1106.65,322432,266636336.0,1.41,-0.59,-6.54,0.33,15.709999999999809
2011-05-13,000002,1117.12,1119.74,1121.05,1102.72,505445,416131296.0,1.65,0.82,9.16,0.52,18.329999999999927
2011-05-16,000002,1113.2,1127.6,1136.76,1111.89,571769,479475648.0,2.22,0.7,7.86,0.59,24.86999999999989
2011-05-17,000002,1122.36,1131.52,1139.38,1121.05,350095,294461856.0,1.63,0.35,3.92,0.36,18.330000000000155
2011-05-18,000002,1131.52,1132.83,1138.07,1126.29,240123,201703968.0,1.04,0.12,1.31,0.25,11.779999999999973
2011-05-19,000002,1132.83,1113.2,1138.07,1110.58,412138,342140384.0,2.43,-1.73,-19.63,0.43,27.49000000000001
2011-05-20,000002,1115.81,1110.58,1119.74,1106.65,237709,196517984.0,1.18,-0.24,-2.62,0.25,13.089999999999918
2011-05-23,000002,1106.65,1083.09,1114.5,1077.85,500202,405661184.0,3.3,-2.48,-27.49,0.52,36.65000000000009
2011-05-24,000002,1083.09,1083.09,1092.25,1076.54,408815,328386080.0,1.45,0.0,0.0,0.42,15.710000000000036
2011-05-25,000002,1080.47,1062.14,1083.09,1059.52,470840,373660224.0,2.18,-1.93,-20.95,0.49,23.569999999999936
2011-05-26,000002,1072.61,1066.07,1077.85,1063.45,303531,240349296.0,1.36,0.37,3.93,0.31,14.399999999999864
2011-05-27,000002,1073.92,1079.16,1084.4,1067.38,344130,271647520.0,1.6,1.23,13.09,0.36,17.019999999999982
2011-05-30,000002,1076.54,1066.07,1079.16,1059.52,283158,221516624.0,1.82,-1.21,-13.09,0.29,19.6400000000001
2011-05-31,000002,1069.99,1071.3,1077.85,1041.19,370746,287364480.0,3.44,0.49,5.23,0.38,36.659999999999854
2011-06-01,000002,1068.69,1068.69,1071.3,1056.9,330414,256827072.0,1.34,-0.24,-2.61,0.34,14.399999999999864
2011-06-02,000002,1058.21,1055.59,1073.92,1045.12,378799,292341856.0,2.69,-1.23,-13.1,0.39,28.800000000000182
2011-06-03,000002,1055.59,1064.76,1072.61,1052.98,287591,224106224.0,1.86,0.87,9.17,0.3,19.62999999999988
2011-06-07,000002,1062.14,1067.38,1071.3,1058.21,204568,159487280.0,1.23,0.25,2.62,0.21,13.089999999999918
2011-06-08,000002,1069.99,1105.34,1110.58,1067.38,755842,604294528.0,4.05,3.56,37.96,0.78,43.19999999999982
2011-06-09,000002,1101.41,1079.16,1102.72,1079.16,303678,242896560.0,2.13,-2.37,-26.18,0.31,23.559999999999945
2011-06-10,000002,1085.7,1092.25,1105.34,1085.7,412507,330801248.0,1.82,1.21,13.09,0.43,19.639999999999873
2011-06-13,000002,1085.7,1079.16,1085.7,1069.99,243279,192195088.0,1.44,-1.2,-13.09,0.25,15.710000000000036
2011-06-14,000002,1079.16,1114.5,1143.3,1079.16,910987,747206656.0,5.94,3.27,35.34,0.94,64.13999999999987
2011-06-15,000002,1111.89,1101.41,1115.81,1092.25,430733,348143296.0,2.11,-1.17,-13.09,0.45,23.559999999999945
2011-06-16,000002,1085.7,1090.94,1106.65,1085.7,326289,262338928.0,1.9,-0.95,-10.47,0.34,20.950000000000045
2011-06-17,000002,1090.94,1098.8,1119.74,1089.63,456932,371130304.0,2.76,0.72,7.86,0.47,30.1099999999999
2011-06-20,000002,1101.41,1115.81,1122.36,1100.1,527195,430181280.0,2.03,1.55,17.01,0.55,22.25999999999999
2011-06-21,000002,1113.2,1127.6,1142.0,1113.2,685905,568988096.0,2.58,1.06,11.79,0.71,28.799999999999955
2011-06-22,000002,1130.21,1121.05,1139.38,1107.96,365826,300669568.0,2.79,-0.58,-6.55,0.38,31.420000000000073
2011-06-23,000002,1121.05,1127.6,1132.83,1111.89,379548,313271360.0,1.87,0.58,6.55,0.39,20.939999999999827
2011-06-24,000002,1124.98,1142.0,1157.7,1122.36,757512,635979328.0,3.13,1.28,14.4,0.78,35.340000000000146
2011-06-27,000002,1143.3,1130.21,1152.47,1117.12,604636,502595712.0,3.1,-1.03,-11.79,0.63,35.350000000000136
2011-06-28,000002,1131.52,1132.83,1138.07,1111.89,483849,399119040.0,2.32,0.23,2.62,0.5,26.179999999999836
2011-06-29,000002,1126.29,1128.9,1134.14,1122.36,320830,265671664.0,1.04,-0.35,-3.93,0.33,11.7800000000002
2011-06-30,000002,1130.21,1151.16,1160.32,1118.43,873494,734845376.0,3.71,1.97,22.26,0.9,41.88999999999987
2011-07-01,000002,1148.54,1181.27,1198.29,1144.61,1277999,1105772032.0,4.66,2.62,30.11,1.32,53.680000000000064
2011-07-04,000002,1187.81,1185.2,1219.23,1181.27,832629,732819584.0,3.21,0.33,3.93,0.86,37.960000000000036
2011-07-05,000002,1185.2,1202.21,1225.78,1185.2,1470531,1307364480.0,3.42,1.44,17.01,1.52,40.57999999999993
2011-07-06,000002,1203.52,1199.6,1207.45,1185.2,609541,535594560.0,1.85,-0.22,-2.61,0.63,22.25
2011-07-07,000002,1202.21,1193.05,1220.54,1164.25,846650,744421888.0,4.69,-0.55,-6.55,0.88,56.289999999999964
2011-07-08,000002,1187.81,1199.6,1210.07,1187.81,509853,450161216.0,1.87,0.55,6.55,0.53,22.25999999999999
2011-07-11,000002,1190.43,1190.43,1194.36,1170.8,426939,371834368.0,1.96,-0.76,-9.17,0.44,23.559999999999945
2011-07-12,000002,1178.65,1157.7,1179.96,1147.23,621565,529494464.0,2.75,-2.75,-32.73,0.64,32.73000000000002
2011-07-13,000002,1156.4,1172.1,1185.2,1153.78,426684,366503904.0,2.71,1.24,14.4,0.44,31.420000000000073
2011-07-14,000002,1173.41,1168.18,1185.2,1159.01,440303,378417440.0,2.23,-0.33,-3.92,0.46,26.190000000000055
2011-07-15,000002,1144.61,1148.54,1157.7,1128.9,715409,599605760.0,2.47,-1.68,-19.64,0.74,28.799999999999955
2011-07-18,000002,1143.3,1139.38,1143.3,1123.67,618290,513948064.0,1.71,-0.8,-9.16,0.64,19.62999999999988
2011-07-19,000002,1128.9,1156.4,1164.25,1124.98,848732,716771584.0,3.45,1.49,17.02,0.88,39.26999999999998
2011-07-20,000002,1157.7,1153.78,1162.94,1147.23,296115,250915488.0,1.36,-0.23,-2.62,0.31,15.710000000000036
2011-07-21,000002,1155.09,1144.61,1159.01,1135.45,292770,246065328.0,2.04,-0.79,-9.17,0.3,23.559999999999945
2011-07-22,000002,1147.23,1147.23,1156.4,1138.07,194141,163367232.0,1.6,0.23,2.62,0.2,18.330000000000155
2011-07-25,000002,1132.83,1110.58,1138.07,1105.34,478413,392377088.0,2.85,-3.19,-36.65,0.5,32.73000000000002
2011-07-26,000002,1110.58,1118.43,1121.05,1110.58,256071,209478672.0,0.94,0.71,7.85,0.27,10.470000000000027
2011-07-27,000002,1109.27,1110.58,1119.74,1102.72,296621,241775984.0,1.52,-0.7,-7.85,0.31,17.019999999999982
2011-07-28,000002,1105.34,1106.65,1111.89,1093.56,291103,235329568.0,1.65,-0.35,-3.93,0.3,18.330000000000155
2011-07-29,000002,1105.34,1111.89,1118.43,1098.8,241440,196639904.0,1.77,0.47,5.24,0.25,19.63000000000011
2011-08-01,000002,1111.89,1130.21,1131.52,1106.65,234298,193544000.0,2.24,1.65,18.32,0.24,24.86999999999989
2011-08-02,000002,1123.67,1127.6,1132.83,1109.27,213268,175731216.0,2.08,-0.23,-2.61,0.22,23.559999999999945
2011-08-03,000002,1123.67,1138.07,1140.69,1121.05,355567,295345664.0,1.74,0.93,10.47,0.37,19.6400000000001
2011-08-04,000002,1139.38,1132.83,1143.3,1131.52,136551,113867792.0,1.04,-0.46,-5.24,0.14,11.779999999999973
2011-08-05,000002,1113.2,1115.81,1127.6,1107.96,306128,250823184.0,1.73,-1.5,-17.02,0.32,19.639999999999873
2011-08-08,000002,1110.58,1100.1,1126.29,1085.7,523376,425711776.0,3.64,-1.41,-15.71,0.54,40.58999999999992
2011-08-09,000002,1090.94,1131.52,1151.16,1084.4,943479,778470400.0,6.07,2.86,31.42,0.98,66.75999999999999
2011-08-10,000002,1157.7,1149.85,1168.18,1140.69,823682,698674304.0,2.43,1.62,18.33,0.85,27.49000000000001
2011-08-11,000002,1140.69,1164.25,1181.27,1138.07,760522,650754560.0,3.76,1.25,14.4,0.79,43.200000000000045
2011-08-12,000002,1161.63,1148.54,1169.49,1145.92,424572,360006848.0,2.02,-1.35,-15.71,0.44,23.569999999999936
2011-08-15,000002,1148.54,1157.7,1164.25,1135.45,444016,374718400.0,2.51,0.8,9.16,0.46,28.799999999999955
2011-08-16,000002,1149.85,1139.38,1157.7,1135.45,390971,328778208.0,1.92,-1.58,-18.32,0.4,22.25
2011-08-17,000002,1135.45,1121.05,1144.61,1111.89,438626,361179680.0,2.87,-1.61,-18.33,0.45,32.7199999999998
2011-08-18,000002,1121.05,1110.58,1122.36,1102.72,419638,340681568.0,1.75,-0.93,-10.47,0.43,19.639999999999873
2011-08-19,000002,1096.18,1110.58,1117.12,1096.18,492716,399849952.0,1.89,0.0,0.0,0.51,20.939999999999827
2011-08-22,000002,1107.96,1102.72,1113.2,1098.8,202723,164003152.0,1.3,-0.71,-7.86,0.21,14.400000000000091
2011-08-23,000002,1107.96,1121.05,1126.29,1105.34,312151,256222512.0,1.9,1.66,18.33,0.32,20.950000000000045
2011-08-24,000002,1124.98,1113.2,1128.9,1111.89,138239,113491472.0,1.52,-0.7,-7.85,0.14,17.00999999999999
2011-08-25,000002,1118.43,1149.85,1152.47,1110.58,532835,444368288.0,3.76,3.29,36.65,0.55,41.8900000000001
2011-08-26,000002,1143.3,1142.0,1151.16,1132.83,265808,222779456.0,1.59,-0.68,-7.85,0.28,18.330000000000155
2011-08-29,000002,1131.52,1114.5,1139.38,1105.34,311559,255401536.0,2.98,-2.41,-27.5,0.32,34.04000000000019
2011-08-30,000002,1121.05,1110.58,1128.9,1105.34,321466,262573664.0,2.11,-0.35,-3.92,0.33,23.560000000000173
2011-08-31,000002,1106.65,1111.89,1114.5,1104.03,210926,171367200.0,0.94,0.12,1.31,0.22,10.470000000000027
2011-09-01,000002,1113.2,1110.58,1117.12,1105.34,166845,135879120.0,1.06,-0.12,-1.31,0.17,11.779999999999973
2011-09-02,000002,1109.27,1105.34,1113.2,1097.49,303437,245290064.0,1.41,-0.47,-5.24,0.31,15.710000000000036
2011-09-05,000002,1102.72,1096.18,1106.65,1092.25,307996,247211264.0,1.3,-0.83,-9.16,0.32,14.400000000000091
2011-09-06,000002,1092.25,1092.25,1098.8,1085.7,278108,222576928.0,1.2,-0.36,-3.93,0.29,13.099999999999909
2011-09-07,000002,1097.49,1107.96,1114.5,1092.25,395554,320160192.0,2.04,1.44,15.71,0.41,22.25
2011-09-08,000002,1106.65,1105.34,1111.89,1098.8,179322,145404752.0,1.18,-0.24,-2.62,0.19,13.090000000000146
2011-09-09,000002,1109.27,1102.72,1118.43,1101.41,364043,296092704.0,1.54,-0.24,-2.62,0.38,17.019999999999982
2011-09-13,000002,1093.56,1101.41,1106.65,1088.32,259309,208035280.0,1.66,-0.12,-1.31,0.27,18.330000000000155
2011-09-14,000002,1098.8,1102.72,1105.34,1092.25,224980,181054960.0,1.19,0.12,1.31,0.23,13.089999999999918
2011-09-15,000002,1102.72,1104.03,1111.89,1098.8,245485,199270416.0,1.19,0.12,1.31,0.25,13.090000000000146
2011-09-16,000002,1107.96,1100.1,1114.5,1092.25,364528,293467776.0,2.02,-0.36,-3.93,0.38,22.25
2011-09-19,000002,1092.25,1063.45,1094.87,1052.98,607368,475828608.0,3.81,-3.33,-36.65,0.63,41.88999999999987
2011-09-20,000002,1063.45,1055.59,1066.07,1046.43,290652,224291712.0,1.85,-0.74,-7.86,0.3,19.639999999999873
2011-09-21,000002,1055.59,1075.23,1083.09,1049.05,411283,321356640.0,3.22,1.86,19.64,0.43,34.039999999999964
2011-09-22,000002,1066.07,1021.56,1071.3,1018.94,1048418,795528000.0,4.87,-4.99,-53.67,1.09,52.3599999999999
2011-09-23,000002,1011.09,1013.7,1029.41,997.99,558852,412362272.0,3.08,-0.77,-7.86,0.58,31.420000000000073
2011-09-26,000002,1004.54,980.98,1017.63,966.58,523721,378133504.0,5.04,-3.23,-32.72,0.54,51.049999999999955
2011-09-27,000002,987.52,983.59,991.45,974.43,376875,270077888.0,1.74,0.27,2.61,0.39,17.020000000000095
2011-09-28,000002,990.14,971.81,991.45,961.34,351393,249650608.0,3.06,-1.2,-11.78,0.36,30.110000000000014
2011-09-29,000002,967.89,984.9,999.3,945.63,510247,362764896.0,5.52,1.35,13.09,0.53,53.66999999999996
2011-09-30,000002,980.98,992.76,1001.92,979.67,347693,251544608.0,2.26,0.8,7.86,0.36,22.25
2011-10-10,000002,991.45,961.34,992.76,958.72,376604,265484624.0,3.43,-3.16,-31.42,0.39,34.039999999999964
2011-10-11,000002,978.36,966.58,984.9,954.79,358264,252838736.0,3.13,0.55,5.24,0.37,30.110000000000014
2011-10-12,000002,961.34,1005.85,1016.32,954.79,698493,505518656.0,6.37,4.06,39.27,0.72,61.530000000000086
2011-10-13,000002,1004.54,1009.78,1029.41,1000.61,535010,395974400.0,2.86,0.39,3.93,0.55,28.800000000000068
2011-10-14,000002,1007.16,1007.16,1012.39,996.69,194043,142190960.0,1.55,-0.26,-2.62,0.2,15.699999999999932
2011-10-17,000002,1008.47,1005.85,1021.56,1001.92,287416,211613584.0,1.95,-0.13,-1.31,0.3,19.639999999999986
2011-10-18,000002,1000.61,986.21,1004.54,974.43,311015,223794496.0,2.99,-1.95,-19.64,0.32,30.110000000000014
2011-10-19,000002,983.59,974.43,992.76,973.12,236739,169381056.0,1.99,-1.19,-11.78,0.25,19.639999999999986
2011-10-20,000002,966.58,963.96,980.98,948.25,303812,211954288.0,3.36,-1.07,-10.47,0.31,32.73000000000002
2011-10-21,000002,967.89,958.72,975.74,953.49,212490,149356016.0,2.31,-0.54,-5.24,0.22,22.25
2011-10-24,000002,958.72,986.21,987.52,953.49,275881,196073488.0,3.55,2.87,27.49,0.29,34.02999999999997
2011-10-25,000002,982.29,1013.7,1030.72,977.05,785134,577616640.0,5.44,2.79,27.49,0.81,53.67000000000007
2011-10-26,000002,1013.7,1047.74,1056.9,1012.39,1220133,933860096.0,4.39,3.36,34.04,1.26,44.510000000000105
2011-10-27,000002,1047.74,1049.05,1058.21,1043.81,372623,286398336.0,1.37,0.13,1.31,0.39,14.400000000000091
2011-10-28,000002,1059.52,1080.47,1128.9,1059.52,1025876,819997824.0,6.61,3.0,31.42,1.06,69.38000000000011
2011-10-31,000002,1072.61,1092.25,1092.25,1046.43,734224,576405056.0,4.24,1.09,11.78,0.76,45.819999999999936
2011-11-01,000002,1080.47,1060.83,1098.8,1052.98,545079,428004544.0,4.2,-2.88,-31.42,0.56,45.819999999999936
2011-11-02,000002,1042.5,1079.16,1084.4,1041.19,359073,280509248.0,4.07,1.73,18.33,0.37,43.210000000000036
2011-11-03,000002,1079.16,1060.83,1090.94,1059.52,472250,369601760.0,2.91,-1.7,-18.33,0.49,31.420000000000073
2011-11-04,000002,1080.47,1071.3,1093.56,1063.45,472888,373003680.0,2.84,0.99,10.47,0.49,30.1099999999999
2011-11-07,000002,1063.45,1050.36,1073.92,1046.43,323022,250210848.0,2.57,-1.95,-20.94,0.33,27.49000000000001
2011-11-08,000002,1050.36,1050.36,1054.29,1021.56,541727,410257632.0,3.12,0.0,0.0,0.56,32.73000000000002
2011-11-09,000002,1043.81,1049.05,1052.98,1032.03,361854,275059936.0,1.99,-0.12,-1.31,0.37,20.950000000000045
2011-11-10,000002,1038.58,1035.96,1046.43,1020.25,427341,321122432.0,2.5,-1.25,-13.09,0.44,26.180000000000064
2011-11-11,000002,1026.79,1029.41,1034.65,1020.25,270301,202746848.0,1.39,-0.63,-6.55,0.28,14.400000000000091
2011-11-14,000002,1033.34,1043.81,1049.05,1024.18,528719,401141152.0,2.42,1.4,14.4,0.55,24.86999999999989
2011-11-15,000002,1039.89,1033.34,1039.89,1028.1,174771,131955904.0,1.13,-1.0,-10.47,0.18,11.790000000000191
2011-11-16,000002,1032.03,999.3,1034.65,990.14,499917,367937568.0,4.31,-3.29,-34.04,0.52,44.510000000000105
2011-11-17,000002,1000.61,1000.61,1007.16,992.76,240910,175842528.0,1.44,0.13,1.31,0.25,14.399999999999977
2011-11-18,000002,995.38,973.12,997.99,960.03,711611,504172896.0,3.79,-2.75,-27.49,0.74,37.960000000000036
2011-11-21,000002,973.12,973.12,977.05,962.65,321965,227351440.0,1.48,0.0,0.0,0.33,14.399999999999977
2011-11-22,000002,967.89,975.74,979.67,963.96,274044,194391584.0,1.61,0.27,2.62,0.28,15.709999999999923
2011-11-23,000002,977.05,973.12,980.98,967.89,233849,166064256.0,1.34,-0.27,-2.62,0.24,13.090000000000032
2011-11-24,000002,971.81,994.07,1003.23,966.58,362875,260801024.0,3.77,2.15,20.95,0.38,36.64999999999998
2011-11-25,000002,988.83,974.43,992.76,971.81,205016,146537536.0,2.11,-1.98,-19.64,0.21,20.950000000000045
2011-11-28,000002,977.05,970.5,982.29,963.96,251322,177657200.0,1.88,-0.4,-3.93,0.26,18.329999999999927
2011-11-29,000002,979.67,983.59,994.07,970.5,333031,238391568.0,2.43,1.35,13.09,0.34,23.57000000000005
2011-11-30,000002,982.29,969.19,984.9,962.65,390122,275992256.0,2.26,-1.46,-14.4,0.4,22.25
2011-12-01,000002,1013.7,1012.39,1041.19,1007.16,1233650,923057856.0,3.51,4.46,43.2,1.28,34.030000000000086
2011-12-02,000002,1004.54,1011.09,1015.01,995.38,307747,226578336.0,1.94,-0.13,-1.3,0.32,19.629999999999995
2011-12-05,000002,1007.16,999.3,1015.01,987.52,373277,272305696.0,2.72,-1.17,-11.79,0.39,27.49000000000001
2011-12-06,000002,999.3,1013.7,1025.49,994.07,400321,296681856.0,3.14,1.44,14.4,0.41,31.41999999999996
2011-12-07,000002,1013.7,1016.32,1021.56,1007.16,230451,170916912.0,1.42,0.26,2.62,0.24,14.399999999999977
2011-12-08,000002,1016.32,1025.49,1034.65,1008.47,332320,248550560.0,2.58,0.9,9.17,0.34,26.180000000000064
2011-12-09,000002,1018.94,1032.03,1043.81,1017.63,396997,299945152.0,2.55,0.64,6.54,0.41,26.17999999999995
2011-12-12,000002,1013.7,1000.61,1020.25,984.9,441837,321869312.0,3.43,-3.04,-31.42,0.46,35.35000000000002
2011-12-13,000002,994.07,983.59,1003.23,977.05,313730,226908512.0,2.62,-1.7,-17.02,0.32,26.180000000000064
2011-12-14,000002,983.59,974.43,983.59,967.89,230385,163522080.0,1.6,-0.93,-9.16,0.24,15.700000000000045
2011-12-15,000002,969.19,988.83,1000.61,969.19,414045,297778784.0,3.22,1.48,14.4,0.43,31.41999999999996
2011-12-16,000002,982.29,1017.63,1033.34,979.67,569266,418477312.0,5.43,2.91,28.8,0.59,53.66999999999996
2011-12-19,000002,1009.78,1017.63,1026.79,992.76,470515,348223296.0,3.34,0.0,0.0,0.49,34.02999999999997
2011-12-20,000002,1016.32,1026.79,1056.9,1015.01,675710,512916320.0,4.12,0.9,9.16,0.7,41.8900000000001
2011-12-21,000002,1026.79,1000.61,1035.96,997.99,295697,220210048.0,3.7,-2.55,-26.18,0.31,37.97000000000003
2011-12-22,000002,1000.61,1016.32,1026.79,994.07,436031,322216896.0,3.27,1.57,15.71,0.45,32.719999999999914
2011-12-23,000002,1013.7,1034.65,1046.43,1009.78,486354,367313600.0,3.61,1.8,18.33,0.5,36.65000000000009
2011-12-26,000002,1026.79,1030.72,1050.36,1021.56,308696,234161056.0,2.78,-0.38,-3.93,0.32,28.799999999999955
2011-12-27,000002,1033.34,1009.78,1042.5,1004.54,295839,221040944.0,3.68,-2.03,-20.94,0.31,37.960000000000036
2011-12-28,000002,1009.78,1005.85,1020.25,980.98,426407,310260640.0,3.89,-0.39,-3.93,0.44,39.26999999999998
2011-12-29,000002,999.3,1004.54,1015.01,992.76,294684,215801104.0,2.21,-0.13,-1.31,0.31,22.25
2011-12-30,000002,1004.54,1022.87,1029.41,1004.54,306572,229057744.0,2.48,1.82,18.33,0.32,24.87000000000012
2012-01-04,000002,1022.87,1004.54,1046.43,1003.23,474330,355989088.0,4.22,-1.79,-18.33,0.49,43.200000000000045
2012-01-05,000002,1001.92,994.07,1016.32,986.21,528118,387244736.0,3.0,-1.04,-10.47,0.55,30.110000000000014
2012-01-06,000002,996.69,982.29,1004.54,969.19,542770,389284128.0,3.56,-1.19,-11.78,0.56,35.34999999999991
2012-01-09,000002,982.29,1015.01,1015.01,971.81,846038,611933952.0,4.4,3.33,32.72,0.88,43.200000000000045
2012-01-10,000002,1007.16,1030.72,1041.19,1003.23,1077977,804854272.0,3.74,1.55,15.71,1.12,37.960000000000036
2012-01-11,000002,1026.79,1021.56,1035.96,1017.63,482935,361340128.0,1.78,-0.89,-9.16,0.5,18.33000000000004
2012-01-12,000002,1016.32,1029.41,1054.29,1015.01,559867,423747968.0,3.85,0.77,7.85,0.58,39.27999999999997
2012-01-13,000002,1028.1,1021.56,1034.65,1005.85,392238,292442560.0,2.8,-0.76,-7.85,0.41,28.800000000000068
2012-01-16,000002,1013.7,1009.78,1034.65,1007.16,337834,251290176.0,2.69,-1.15,-11.78,0.35,27.490000000000123
2012-01-17,000002,1007.16,1037.27,1050.36,990.14,882229,659817216.0,5.96,2.72,27.49,0.91,60.219999999999914
2012-01-18,000002,1034.65,1028.1,1050.36,1022.87,485527,367212800.0,2.65,-0.88,-9.17,0.5,27.489999999999895
2012-01-19,000002,1033.34,1064.76,1066.07,1028.1,866994,669107840.0,3.69,3.57,36.66,0.9,37.97000000000003
2012-01-20,000002,1066.07,1079.16,1087.01,1062.14,896865,707734272.0,2.34,1.35,14.4,0.93,24.86999999999989
2012-01-30,000002,1072.61,1033.34,1076.54,1029.41,1053050,806433472.0,4.37,-4.25,-45.82,1.09,47.12999999999988
2012-01-31,000002,1033.34,1046.43,1052.98,1033.34,355029,270555616.0,1.9,1.27,13.09,0.37,19.6400000000001
2012-02-01,000002,1041.19,1034.65,1059.52,1029.41,500976,382524512.0,2.88,-1.13,-11.78,0.52,30.1099999999999
2012-02-02,000002,1038.58,1050.36,1052.98,1025.49,412732,312944448.0,2.66,1.52,15.71,0.43,27.49000000000001
2012-02-03,000002,1047.74,1064.76,1072.61,1041.19,636448,493316320.0,2.99,1.37,14.4,0.66,31.419999999999845
2012-02-06,000002,1062.14,1042.5,1068.69,1041.19,522440,402667904.0,2.58,-2.09,-22.26,0.54,27.5
2012-02-07,000002,1039.89,1011.09,1046.43,1011.09,803365,597938944.0,3.39,-3.01,-31.41,0.83,35.34000000000003
2012-02-08,000002,1016.32,1038.58,1055.59,1011.09,820445,619277376.0,4.4,2.72,27.49,0.85,44.499999999999886
2012-02-09,000002,1039.89,1052.98,1067.38,1030.72,1261430,974568384.0,3.53,1.39,14.4,1.31,36.66000000000008
2012-02-10,000002,1055.59,1072.61,1096.18,1055.59,1789251,1417375360.0,3.85,1.86,19.63,1.85,40.590000000000146
2012-02-13,000002,1034.65,1052.98,1066.07,1017.63,912145,696139776.0,4.52,-1.83,-19.63,0.94,48.43999999999994
2012-02-14,000002,1046.43,1052.98,1055.59,1032.03,876265,666482176.0,2.24,0.0,0.0,0.91,23.559999999999945
2012-02-15,000002,1046.43,1068.69,1068.69,1041.19,541761,420041600.0,2.61,1.49,15.71,0.56,27.5
2012-02-16,000002,1063.45,1064.76,1068.69,1050.36,399850,310004576.0,1.72,-0.37,-3.93,0.41,18.330000000000155
2012-02-17,000002,1072.61,1064.76,1075.23,1054.29,446157,346896096.0,1.97,0.0,0.0,0.46,20.940000000000055
2012-02-20,000002,1081.78,1069.99,1093.56,1066.07,718613,569546752.0,2.58,0.49,5.23,0.74,27.49000000000001
2012-02-21,000002,1071.3,1081.78,1083.09,1063.45,379576,297949120.0,1.84,1.1,11.79,0.39,19.639999999999873
2012-02-22,000002,1089.63,1117.12,1118.43,1089.63,1212737,985466880.0,2.66,3.27,35.34,1.26,28.799999999999955
2012-02-23,000002,1118.43,1117.12,1131.52,1111.89,759988,623803904.0,1.76,0.0,0.0,0.79,19.62999999999988
2012-02-24,000002,1117.12,1159.01,1170.8,1111.89,1176551,987203968.0,5.27,3.75,41.89,1.22,58.909999999999854
2012-02-27,000002,1157.7,1168.18,1186.5,1157.7,1072572,925759680.0,2.48,0.79,9.17,1.11,28.799999999999955
2012-02-28,000002,1170.8,1160.32,1177.34,1155.09,695486,593752704.0,1.9,-0.67,-7.86,0.72,22.25
2012-02-29,000002,1144.61,1128.9,1145.92,1118.43,896497,746346816.0,2.37,-2.71,-31.42,0.93,27.49000000000001
2012-03-01,000002,1123.67,1131.52,1153.78,1121.05,686199,574590848.0,2.9,0.23,2.62,0.71,32.73000000000002
2012-03-02,000002,1131.52,1174.72,1182.58,1131.52,941113,802286976.0,4.51,3.82,43.2,0.97,51.059999999999945
2012-03-05,000002,1185.2,1159.01,1203.52,1156.4,813240,703574336.0,4.01,-1.34,-15.71,0.84,47.11999999999989
2012-03-06,000002,1159.01,1148.54,1173.41,1144.61,595232,503980960.0,2.48,-0.9,-10.47,0.62,28.800000000000182
2012-03-07,000002,1144.61,1148.54,1157.7,1134.14,430787,363145984.0,2.05,0.0,0.0,0.45,23.559999999999945
2012-03-08,000002,1148.54,1172.1,1183.89,1148.54,578174,499462752.0,3.08,2.05,23.56,0.6,35.350000000000136
2012-03-09,000002,1177.34,1170.8,1183.89,1157.7,362592,311082880.0,2.23,-0.11,-1.3,0.38,26.190000000000055
2012-03-12,000002,1161.63,1138.07,1170.8,1132.83,744537,623582784.0,3.24,-2.8,-32.73,0.77,37.97000000000003
2012-03-13,000002,1148.54,1160.32,1162.94,1144.61,388633,328990464.0,1.61,1.96,22.25,0.4,18.330000000000155
2012-03-14,000002,1168.18,1130.21,1173.41,1126.29,965516,817408768.0,4.06,-2.59,-30.11,1.0,47.12000000000012
2012-03-15,000002,1130.21,1119.74,1138.07,1100.1,841640,690413952.0,3.36,-0.93,-10.47,0.87,37.97000000000003
2012-03-16,000002,1122.36,1127.6,1131.52,1105.34,454853,373536128.0,2.34,0.7,7.86,0.47,26.180000000000064
2012-03-19,000002,1121.05,1121.05,1123.67,1109.27,362353,296420352.0,1.28,-0.58,-6.55,0.38,14.400000000000091
2012-03-20,000002,1117.12,1114.5,1127.6,1111.89,333394,273648128.0,1.4,-0.58,-6.55,0.35,15.709999999999809
2012-03-21,000002,1121.05,1115.81,1127.6,1111.89,332108,272839392.0,1.41,0.12,1.31,0.34,15.709999999999809
2012-03-22,000002,1118.43,1122.36,1136.76,1114.5,308580,254809952.0,1.99,0.59,6.55,0.32,22.25999999999999
2012-03-23,000002,1119.74,1107.96,1128.9,1105.34,289083,236183536.0,2.1,-1.28,-14.4,0.3,23.560000000000173
2012-03-26,000002,1105.34,1094.87,1106.65,1083.09,357547,286312704.0,2.13,-1.18,-13.09,0.37,23.560000000000173
2012-03-27,000002,1094.87,1094.87,1104.03,1092.25,230310,185329296.0,1.08,0.0,0.0,0.24,11.779999999999973
2012-03-28,000002,1093.56,1092.25,1121.05,1088.32,419168,339168576.0,2.99,-0.24,-2.62,0.43,32.73000000000002
2012-03-29,000002,1092.25,1117.12,1144.61,1087.01,778597,639203072.0,5.27,2.28,24.87,0.81,57.59999999999991
2012-03-30,000002,1115.81,1128.9,1134.14,1114.5,432366,356934016.0,1.76,1.05,11.78,0.45,19.6400000000001
2012-04-05,000002,1121.05,1139.38,1144.61,1119.74,608949,506664224.0,2.2,0.93,10.48,0.63,24.86999999999989
2012-04-06,000002,1142.0,1142.0,1159.01,1138.07,426942,360074144.0,1.84,0.23,2.62,0.44,20.940000000000055
2012-04-09,000002,1134.14,1121.05,1138.07,1119.74,342381,282867680.0,1.61,-1.83,-20.95,0.35,18.329999999999927
2012-04-10,000002,1123.67,1147.23,1148.54,1117.12,353153,292796064.0,2.8,2.34,26.18,0.37,31.420000000000073
2012-04-11,000002,1136.76,1156.4,1183.89,1135.45,703190,601480896.0,4.22,0.8,9.17,0.73,48.440000000000055
2012-04-12,000002,1164.25,1181.27,1183.89,1159.01,641962,554572736.0,2.15,2.15,24.87,0.66,24.88000000000011
2012-04-13,000002,1183.89,1168.18,1191.74,1166.87,475277,412227296.0,2.11,-1.11,-13.09,0.49,24.87000000000012
2012-04-16,000002,1159.01,1166.87,1181.27,1156.4,306023,262437424.0,2.13,-0.11,-1.31,0.32,24.86999999999989
2012-04-17,000002,1166.87,1140.69,1169.49,1135.45,460339,387879936.0,2.92,-2.24,-26.18,0.48,34.039999999999964
2012-04-18,000002,1148.54,1176.03,1178.65,1144.61,567858,486793568.0,2.98,3.1,35.34,0.59,34.04000000000019
2012-04-19,000002,1176.03,1169.49,1179.96,1166.87,341459,294104832.0,1.11,-0.56,-6.54,0.35,13.090000000000146
2012-04-20,000002,1165.56,1176.03,1178.65,1156.4,484455,415790560.0,1.9,0.56,6.54,0.5,22.25
2012-04-23,000002,1173.41,1170.8,1177.34,1157.7,351764,301328640.0,1.67,-0.44,-5.23,0.36,19.639999999999873
2012-04-24,000002,1170.8,1174.72,1196.98,1161.63,570896,494608896.0,3.02,0.33,3.92,0.59,35.34999999999991
2012-04-25,000002,1172.1,1207.45,1211.38,1168.18,866089,762186368.0,3.68,2.79,32.73,0.9,43.200000000000045
2012-04-26,000002,1210.07,1216.61,1225.78,1203.52,670000,598870912.0,1.84,0.76,9.16,0.69,22.25999999999999
2012-04-27,000002,1216.61,1220.54,1233.63,1211.38,475935,429414080.0,1.83,0.32,3.93,0.49,22.25
2012-05-02,000002,1227.09,1251.96,1261.12,1214.0,917443,837210880.0,3.86,2.57,31.42,0.95,47.11999999999989
2012-05-03,000002,1249.34,1228.4,1255.89,1212.69,726263,656503744.0,3.45,-1.88,-23.56,0.75,43.200000000000045
2012-05-04,000002,1231.01,1251.96,1254.58,1207.45,929879,841649984.0,3.84,1.92,23.56,0.96,47.12999999999988
2012-05-07,000002,1238.87,1232.32,1249.34,1217.92,733493,663457152.0,2.51,-1.57,-19.64,0.76,31.419999999999845
2012-05-08,000002,1232.32,1228.4,1240.18,1214.0,639794,576995136.0,2.12,-0.32,-3.92,0.66,26.180000000000064
2012-05-09,000002,1216.61,1214.0,1220.54,1203.52,583099,519737728.0,1.39,-1.17,-14.4,0.6,17.019999999999982
2012-05-10,000002,1214.0,1214.0,1217.92,1204.83,307039,273802336.0,1.08,0.0,0.0,0.32,13.090000000000146
2012-05-14,000002,1215.3,1212.69,1233.63,1202.21,583827,523050496.0,2.59,-0.11,-1.31,0.6,31.420000000000073
2012-05-15,000002,1206.14,1211.38,1223.16,1199.6,320828,285807552.0,1.94,-0.11,-1.31,0.33,23.560000000000173
2012-05-16,000002,1207.45,1172.1,1207.45,1170.8,442843,385954944.0,3.03,-3.24,-39.28,0.46,36.65000000000009
2012-05-17,000002,1176.03,1181.27,1191.74,1165.56,327673,284334624.0,2.23,0.78,9.17,0.34,26.180000000000064
2012-05-18,000002,1177.34,1168.18,1194.36,1164.25,477319,415069504.0,2.55,-1.11,-13.09,0.49,30.1099999999999
2012-05-21,000002,1170.8,1179.96,1191.74,1165.56,292333,253442304.0,2.24,1.01,11.78,0.3,26.180000000000064
2012-05-22,000002,1183.89,1224.47,1227.09,1181.27,582691,517700320.0,3.88,3.77,44.51,0.6,45.819999999999936
2012-05-23,000002,1217.92,1229.7,1238.87,1214.0,354495,321066944.0,2.03,0.43,5.23,0.37,24.86999999999989
2012-05-24,000002,1231.01,1212.69,1244.1,1210.07,283451,256025456.0,2.77,-1.38,-17.01,0.29,34.02999999999997
2012-05-25,000002,1212.69,1203.52,1232.32,1199.6,349853,313197408.0,2.7,-0.76,-9.17,0.36,32.72000000000003
2012-05-28,000002,1196.98,1245.41,1249.34,1191.74,604635,544844800.0,4.79,3.48,41.89,0.63,57.59999999999991
2012-05-29,000002,1245.41,1258.51,1272.91,1236.25,664099,614809216.0,2.94,1.05,13.1,0.69,36.66000000000008
2012-05-30,000002,1259.81,1263.74,1287.31,1249.34,707981,663089344.0,3.02,0.42,5.23,0.73,37.97000000000003
2012-05-31,000002,1254.58,1255.89,1265.05,1250.65,246315,228107648.0,1.14,-0.62,-7.85,0.25,14.399999999999864
2012-06-01,000002,1255.89,1242.8,1267.67,1236.25,346069,319127264.0,2.5,-1.04,-13.09,0.36,31.420000000000073
2012-06-04,000002,1232.32,1228.4,1251.96,1223.16,398773,363370080.0,2.32,-1.16,-14.4,0.41,28.799999999999955
2012-06-05,000002,1228.4,1237.56,1242.8,1224.47,434359,394834112.0,1.49,0.75,9.16,0.45,18.329999999999927
2012-06-06,000002,1236.25,1220.54,1237.56,1215.3,354617,319959680.0,1.8,-1.38,-17.02,0.37,22.25999999999999
2012-06-07,000002,1232.32,1217.92,1251.96,1211.38,536509,488232192.0,3.32,-0.21,-2.62,0.56,40.57999999999993
2012-06-08,000002,1234.94,1212.69,1244.1,1202.21,853056,766386688.0,3.44,-0.43,-5.23,0.88,41.88999999999987
2012-06-11,000002,1220.54,1249.34,1274.21,1214.0,889129,816206400.0,4.96,3.02,36.65,0.92,60.210000000000036
2012-06-12,000002,1248.03,1251.96,1272.91,1245.41,823026,762947200.0,2.2,0.21,2.62,0.85,27.5
2012-06-13,000002,1263.74,1258.51,1280.76,1250.65,668467,621607040.0,2.41,0.52,6.55,0.69,30.1099999999999
2012-06-14,000002,1262.43,1259.81,1275.52,1255.89,487802,454871072.0,1.56,0.1,1.3,0.5,19.62999999999988
2012-06-15,000002,1262.43,1237.56,1266.36,1220.54,739165,673744000.0,3.64,-1.77,-22.25,0.77,45.819999999999936
2012-06-18,000002,1240.18,1248.03,1248.03,1231.01,566133,516643616.0,1.38,0.85,10.47,0.59,17.019999999999982
2012-06-19,000002,1240.18,1231.01,1249.34,1224.47,312689,284683392.0,1.99,-1.36,-17.02,0.32,24.86999999999989
2012-06-20,000002,1233.63,1227.09,1237.56,1220.54,271900,246101632.0,1.38,-0.32,-3.92,0.28,17.019999999999982
2012-06-21,000002,1223.16,1227.09,1236.25,1219.23,318528,287884704.0,1.39,0.0,0.0,0.33,17.019999999999982
2012-06-25,000002,1219.23,1190.43,1219.23,1169.49,715571,629673856.0,4.05,-2.99,-36.66,0.74,49.74000000000001
2012-06-26,000002,1186.5,1216.61,1224.47,1183.89,643645,570644928.0,3.41,2.2,26.18,0.67,40.57999999999993
2012-06-27,000002,1211.38,1216.61,1234.94,1202.21,492010,442982400.0,2.69,0.0,0.0,0.51,32.73000000000002
2012-06-28,000002,1217.92,1203.52,1223.16,1202.21,335985,299511712.0,1.72,-1.08,-13.09,0.35,20.950000000000045
2012-06-29,000002,1204.83,1211.38,1225.78,1199.6,286205,254738096.0,2.18,0.65,7.86,0.3,26.180000000000064
2012-07-02,000002,1215.3,1220.54,1231.01,1211.38,291457,261062832.0,1.62,0.76,9.16,0.3,19.62999999999988
2012-07-03,000002,1221.85,1238.87,1253.27,1210.07,522014,476735104.0,3.54,1.5,18.33,0.54,43.200000000000045
2012-07-04,000002,1242.8,1237.56,1249.34,1234.94,297582,271842016.0,1.16,-0.11,-1.31,0.31,14.399999999999864
2012-07-05,000002,1242.8,1278.14,1279.45,1242.8,716489,658751168.0,2.96,3.28,40.58,0.74,36.65000000000009
2012-07-06,000002,1303.01,1325.27,1325.27,1292.54,1655359,1583264768.0,2.56,3.69,47.13,1.71,32.73000000000002
2012-07-09,000002,1313.49,1326.58,1358.0,1305.63,1047941,1024723072.0,3.95,0.1,1.31,1.08,52.36999999999989
2012-07-10,000002,1318.72,1310.87,1338.36,1292.54,594473,569835520.0,3.45,-1.18,-15.71,0.62,45.819999999999936
2012-07-11,000002,1306.94,1292.54,1333.12,1278.14,687933,651273088.0,4.19,-1.4,-18.33,0.71,54.97999999999979
2012-07-12,000002,1291.23,1322.65,1335.74,1287.31,742759,708986880.0,3.75,2.33,30.11,0.77,48.430000000000064
2012-07-13,000002,1318.72,1352.76,1355.38,1314.8,722659,707758464.0,3.07,2.28,30.11,0.75,40.580000000000155
2012-07-16,000002,1351.45,1335.74,1360.61,1316.11,519852,506012224.0,3.29,-1.26,-17.02,0.54,44.5
2012-07-17,000002,1326.58,1344.91,1364.54,1325.27,414764,407829216.0,2.94,0.69,9.17,0.43,39.26999999999998
2012-07-18,000002,1343.6,1296.47,1358.0,1266.36,904095,854379904.0,6.81,-3.6,-48.44,0.94,91.6400000000001
2012-07-19,000002,1292.54,1297.78,1317.41,1282.07,578234,546749568.0,2.73,0.1,1.31,0.6,35.340000000000146
2012-07-20,000002,1287.31,1279.45,1296.47,1265.05,394107,367447680.0,2.42,-1.41,-18.33,0.41,31.420000000000073
2012-07-23,000002,1266.36,1267.67,1284.69,1257.2,287910,264864320.0,2.15,-0.92,-11.78,0.3,27.49000000000001
2012-07-24,000002,1262.43,1283.38,1303.01,1261.12,330378,308784736.0,3.3,1.24,15.71,0.34,41.8900000000001
2012-07-25,000002,1274.21,1253.27,1279.45,1246.72,428485,391209984.0,2.55,-2.35,-30.11,0.44,32.73000000000002
2012-07-26,000002,1251.96,1228.4,1263.74,1214.0,546311,488521216.0,3.97,-1.98,-24.87,0.57,49.74000000000001
2012-07-27,000002,1228.4,1237.56,1245.41,1206.14,299597,267873392.0,3.2,0.75,9.16,0.31,39.26999999999998
2012-07-30,000002,1242.8,1240.18,1253.27,1240.18,225476,204003328.0,1.06,0.21,2.62,0.23,13.089999999999918
2012-07-31,000002,1250.65,1270.29,1274.21,1246.72,358515,329172128.0,2.22,2.43,30.11,0.37,27.49000000000001
2012-08-01,000002,1270.29,1283.38,1297.78,1270.29,349388,327291232.0,2.16,1.03,13.09,0.36,27.49000000000001
2012-08-02,000002,1282.07,1200.9,1283.38,1174.72,953849,842599488.0,8.47,-6.43,-82.48,0.99,108.66000000000008
2012-08-03,000002,1215.3,1200.9,1220.54,1174.72,717484,620735680.0,3.82,0.0,0.0,0.74,45.819999999999936
2012-08-06,000002,1194.36,1208.76,1217.92,1177.34,636539,551049600.0,3.38,0.65,7.86,0.66,40.580000000000155
2012-08-07,000002,1214.0,1217.92,1233.63,1203.52,464594,408871040.0,2.49,0.76,9.16,0.48,30.110000000000127
2012-08-08,000002,1216.61,1231.01,1241.49,1215.3,426805,380925888.0,2.15,1.07,13.09,0.44,26.190000000000055
2012-08-09,000002,1232.32,1240.18,1251.96,1231.01,422204,380576192.0,1.7,0.74,9.17,0.44,20.950000000000045
2012-08-10,000002,1240.18,1212.69,1240.18,1207.45,459935,405112288.0,2.64,-2.22,-27.49,0.48,32.73000000000002
2012-08-13,000002,1208.76,1164.25,1208.76,1151.16,1232150,1045248256.0,4.75,-3.99,-48.44,1.28,57.59999999999991
2012-08-14,000002,1166.87,1185.2,1185.2,1155.09,499068,422942304.0,2.59,1.8,20.95,0.52,30.110000000000127
2012-08-15,000002,1176.03,1183.89,1187.81,1172.1,335584,286716032.0,1.33,-0.11,-1.31,0.35,15.710000000000036
2012-08-16,000002,1177.34,1193.05,1195.67,1177.34,265971,229297600.0,1.55,0.77,9.16,0.28,18.330000000000155
2012-08-17,000002,1191.74,1189.12,1200.9,1174.72,260520,223700880.0,2.19,-0.33,-3.93,0.27,26.180000000000064
2012-08-20,000002,1174.72,1174.72,1174.72,1148.54,401638,336400608.0,2.2,-1.21,-14.4,0.42,26.180000000000064
2012-08-21,000002,1168.18,1151.16,1187.81,1138.07,820203,685725760.0,4.23,-2.01,-23.56,0.85,49.74000000000001
2012-08-22,000002,1148.54,1127.6,1149.85,1113.2,801190,652654976.0,3.18,-2.05,-23.56,0.83,36.649999999999864
2012-08-23,000002,1126.29,1123.67,1136.76,1106.65,625742,506929824.0,2.67,-0.35,-3.93,0.65,30.1099999999999
2012-08-24,000002,1115.81,1124.98,1130.21,1111.89,348296,282676448.0,1.63,0.12,1.31,0.36,18.319999999999936
2012-08-27,000002,1122.36,1119.74,1136.76,1115.81,426630,346703104.0,1.86,-0.47,-5.24,0.44,20.950000000000045
2012-08-28,000002,1118.43,1109.27,1124.98,1102.72,360095,288383808.0,1.99,-0.94,-10.47,0.37,22.25999999999999
2012-08-29,000002,1105.34,1105.34,1118.43,1101.41,202372,161700064.0,1.53,-0.35,-3.93,0.21,17.019999999999982
2012-08-30,000002,1093.56,1107.96,1114.5,1093.56,312723,249676416.0,1.89,0.24,2.62,0.32,20.940000000000055
2012-08-31,000002,1102.72,1111.89,1124.98,1102.72,272985,220096000.0,2.01,0.35,3.93,0.28,22.25999999999999
2012-09-03,000002,1113.2,1147.23,1155.09,1110.58,630697,520954944.0,4.0,3.18,35.34,0.65,44.50999999999999
2012-09-04,000002,1147.23,1139.38,1156.4,1134.14,370745,307083776.0,1.94,-0.68,-7.85,0.38,22.25999999999999
2012-09-05,000002,1139.38,1151.16,1162.94,1136.76,395012,329668288.0,2.3,1.03,11.78,0.41,26.180000000000064
2012-09-06,000002,1153.78,1155.09,1174.72,1149.85,281716,236230240.0,2.16,0.34,3.93,0.29,24.87000000000012
2012-09-07,000002,1164.25,1187.81,1224.47,1161.63,1070572,924236096.0,5.44,2.83,32.72,1.11,62.83999999999992
2012-09-10,000002,1190.43,1189.12,1202.21,1174.72,524962,450581888.0,2.31,0.11,1.31,0.54,27.49000000000001
2012-09-11,000002,1181.27,1172.1,1185.2,1162.94,352880,299554912.0,1.87,-1.43,-17.02,0.37,22.25999999999999
2012-09-12,000002,1178.65,1168.18,1190.43,1152.47,462918,389967488.0,3.24,-0.33,-3.92,0.48,37.960000000000036
2012-09-13,000002,1166.87,1164.25,1179.96,1155.09,252133,213196080.0,2.13,-0.34,-3.93,0.26,24.87000000000012
2012-09-14,000002,1173.41,1153.78,1176.03,1143.3,774177,645278464.0,2.81,-0.9,-10.47,0.8,32.73000000000002
2012-09-17,000002,1148.54,1117.12,1156.4,1104.03,898867,725758208.0,4.54,-3.18,-36.66,0.93,52.37000000000012
2012-09-18,000002,1111.89,1110.58,1123.67,1102.72,344756,276953312.0,1.88,-0.59,-6.54,0.36,20.950000000000045
2012-09-19,000002,1114.5,1114.5,1115.81,1104.03,366852,293740704.0,1.06,0.35,3.92,0.38,11.779999999999973
2012-09-20,000002,1109.27,1085.7,1111.89,1079.16,584728,459069888.0,2.94,-2.58,-28.8,0.61,32.73000000000002
2012-09-21,000002,1083.09,1084.4,1090.94,1077.85,388550,303523456.0,1.21,-0.12,-1.3,0.4,13.090000000000146
2012-09-24,000002,1083.09,1094.87,1106.65,1056.9,455014,354786400.0,4.59,0.97,10.47,0.47,49.75
2012-09-25,000002,1092.25,1097.49,1102.72,1087.01,239617,189554016.0,1.43,0.24,2.62,0.25,15.710000000000036
2012-09-26,000002,1096.18,1081.78,1100.1,1072.61,249694,194416640.0,2.5,-1.43,-15.71,0.26,27.49000000000001
2012-09-27,000002,1083.09,1136.76,1139.38,1075.23,769552,618813120.0,5.93,5.08,54.98,0.8,64.15000000000009
2012-09-28,000002,1124.98,1165.56,1168.18,1117.12,760464,629670656.0,4.49,2.53,28.8,0.79,51.06000000000017
2012-10-08,000002,1157.7,1130.21,1170.8,1121.05,473162,388940928.0,4.27,-3.03,-35.35,0.49,49.75
2012-10-09,000002,1134.14,1156.4,1160.32,1132.83,487943,406162432.0,2.43,2.32,26.19,0.51,27.49000000000001
2012-10-10,000002,1157.7,1156.4,1157.7,1135.45,507344,420866016.0,1.92,0.0,0.0,0.53,22.25
2012-10-11,000002,1152.47,1147.23,1152.47,1138.07,254370,210036032.0,1.25,-0.79,-9.17,0.26,14.400000000000091
2012-10-12,000002,1151.16,1140.69,1159.01,1134.14,311357,257470896.0,2.17,-0.57,-6.54,0.32,24.86999999999989
2012-10-15,000002,1143.3,1134.14,1143.3,1127.6,213705,174773888.0,1.38,-0.57,-6.55,0.22,15.700000000000045
2012-10-16,000002,1132.83,1132.83,1142.0,1127.6,291623,239021040.0,1.27,-0.12,-1.31,0.3,14.400000000000091
2012-10-17,000002,1138.07,1126.29,1139.38,1123.67,367209,299435808.0,1.39,-0.58,-6.54,0.38,15.710000000000036
2012-10-18,000002,1131.52,1166.87,1173.41,1123.67,860134,718318336.0,4.42,3.6,40.58,0.89,49.74000000000001
2012-10-19,000002,1161.63,1164.25,1174.72,1159.01,368910,311265024.0,1.35,-0.22,-2.62,0.38,15.710000000000036
2012-10-22,000002,1159.01,1164.25,1173.41,1142.0,651035,543492224.0,2.7,0.0,0.0,0.67,31.410000000000082
2012-10-23,000002,1161.63,1161.63,1183.89,1156.4,501913,424849472.0,2.36,-0.23,-2.62,0.52,27.49000000000001
2012-10-24,000002,1172.1,1165.56,1178.65,1160.32,460995,389930528.0,1.58,0.34,3.93,0.48,18.330000000000155
2012-10-25,000002,1166.87,1155.09,1178.65,1149.85,421703,354406208.0,2.47,-0.9,-10.47,0.44,28.800000000000182
2012-10-26,000002,1155.09,1135.45,1160.32,1126.29,352324,289454976.0,2.95,-1.7,-19.64,0.36,34.02999999999997
2012-10-29,000002,1134.14,1138.07,1138.07,1119.74,312629,255171120.0,1.61,0.23,2.62,0.32,18.329999999999927
2012-10-30,000002,1139.38,1148.54,1160.32,1128.9,593437,491766048.0,2.76,0.92,10.47,0.61,31.419999999999845
2012-10-31,000002,1147.23,1151.16,1153.78,1132.83,472225,389716928.0,1.82,0.23,2.62,0.49,20.950000000000045
2012-11-01,000002,1148.54,1186.5,1194.36,1144.61,1317350,1126246528.0,4.32,3.07,35.34,1.36,49.75
2012-11-02,000002,1189.12,1194.36,1200.9,1178.65,742125,639417920.0,1.88,0.66,7.86,0.77,22.25
2012-11-05,000002,1194.36,1196.98,1204.83,1174.72,498510,429726720.0,2.52,0.22,2.62,0.52,30.1099999999999
2012-11-06,000002,1196.98,1189.12,1199.6,1170.8,409863,352493440.0,2.41,-0.66,-7.86,0.42,28.799999999999955
2012-11-07,000002,1187.81,1176.03,1195.67,1170.8,331806,283476256.0,2.09,-1.1,-13.09,0.34,24.87000000000012
2012-11-08,000002,1168.18,1174.72,1186.5,1164.25,351659,299941504.0,1.89,-0.11,-1.31,0.36,22.25
2012-11-09,000002,1168.18,1159.01,1179.96,1157.7,338518,285786880.0,1.89,-1.34,-15.71,0.35,22.25999999999999
2012-11-12,000002,1159.01,1182.58,1183.89,1157.7,475668,403859712.0,2.26,2.03,23.57,0.49,26.190000000000055
2012-11-13,000002,1179.96,1157.7,1179.96,1153.78,314551,264760528.0,2.21,-2.1,-24.88,0.33,26.180000000000064
2012-11-14,000002,1153.78,1157.7,1162.94,1144.61,218467,182174912.0,1.58,0.0,0.0,0.23,18.330000000000155
2012-11-15,000002,1153.78,1142.0,1157.7,1138.07,452677,374963456.0,1.7,-1.36,-15.7,0.47,19.63000000000011
2012-11-16,000002,1132.83,1138.07,1142.0,1121.05,385876,314443392.0,1.83,-0.34,-3.93,0.4,20.950000000000045
2012-11-19,000002,1136.76,1132.83,1145.92,1118.43,281446,229957424.0,2.42,-0.46,-5.24,0.29,27.49000000000001
2012-11-20,000002,1135.45,1142.0,1157.7,1130.21,305902,253268800.0,2.43,0.81,9.17,0.32,27.49000000000001
2012-11-21,000002,1142.0,1157.7,1161.63,1138.07,302738,252100560.0,2.06,1.37,15.7,0.31,23.560000000000173
2012-11-22,000002,1149.85,1159.01,1170.8,1145.92,300101,252122176.0,2.15,0.11,1.31,0.31,24.87999999999988
2012-11-23,000002,1164.25,1168.18,1176.03,1157.7,322284,272251072.0,1.58,0.79,9.17,0.33,18.329999999999927
2012-11-26,000002,1165.56,1164.25,1174.72,1155.09,303187,254786368.0,1.68,-0.34,-3.93,0.31,19.63000000000011
2012-11-27,000002,1159.01,1169.49,1177.34,1153.78,303201,256012800.0,2.02,0.45,5.24,0.31,23.559999999999945
2012-11-28,000002,1166.87,1153.78,1170.8,1151.16,257430,216441056.0,1.68,-1.34,-15.71,0.27,19.639999999999873
2012-11-29,000002,1153.78,1165.56,1176.03,1153.78,359091,303336576.0,1.93,1.02,11.78,0.37,22.25
2012-11-30,000002,1165.56,1207.45,1229.7,1162.94,951929,832880384.0,5.73,3.59,41.89,0.99,66.75999999999999
2012-12-03,000002,1207.45,1214.0,1240.18,1200.9,887407,788799728.0,3.25,0.54,6.55,0.92,39.27999999999997
2012-12-04,000002,1212.69,1233.63,1234.94,1190.43,621802,549269456.0,3.67,1.62,19.63,0.64,44.50999999999999
2012-12-05,000002,1229.7,1258.51,1286.0,1229.7,1178723,1079694672.0,4.56,2.02,24.88,1.22,56.299999999999955
2012-12-06,000002,1257.2,1275.52,1286.0,1255.89,708926,656493440.0,2.39,1.35,17.01,0.73,30.1099999999999
2012-12-07,000002,1276.83,1266.36,1292.54,1251.96,894789,826972624.0,3.18,-0.72,-9.16,0.93,40.57999999999993
2012-12-10,000002,1274.21,1284.69,1292.54,1261.12,1024961,955422912.0,2.48,1.45,18.33,1.06,31.420000000000073
2012-12-11,000002,1279.45,1271.6,1286.0,1270.29,320828,298454320.0,1.22,-1.02,-13.09,0.33,15.710000000000036
2012-12-12,000002,1271.6,1271.6,1283.38,1248.03,479580,441398256.0,2.78,0.0,0.0,0.5,35.350000000000136
2012-12-13,000002,1270.29,1282.07,1295.16,1255.89,682341,638204656.0,3.09,0.82,10.47,0.71,39.26999999999998
2012-12-14,000002,1284.69,1331.81,1335.74,1278.14,1201221,1149410448.0,4.49,3.88,49.74,1.24,57.59999999999991
2012-12-17,000002,1329.2,1314.8,1358.0,1304.32,996221,965351168.0,4.03,-1.28,-17.01,1.03,53.680000000000064
2012-12-18,000002,1306.94,1268.98,1327.89,1261.12,1411285,1319079168.0,5.08,-3.48,-45.82,1.46,66.77000000000021
2012-12-19,000002,1267.67,1280.76,1287.31,1241.49,1370021,1255541344.0,3.61,0.93,11.78,1.42,45.819999999999936
2012-12-20,000002,1272.91,1303.01,1306.94,1263.74,799674,748850384.0,3.37,1.74,22.25,0.83,43.200000000000045
2012-12-21,000002,1305.63,1296.47,1318.72,1283.38,544509,515889264.0,2.71,-0.5,-6.54,0.56,35.33999999999992
2012-12-24,000002,1299.09,1312.18,1320.03,1296.47,475187,452650288.0,1.82,1.21,15.71,0.49,23.559999999999945
2012-12-25,000002,1312.18,1386.8,1405.12,1305.63,1664488,1658338096.0,7.58,5.69,74.62,1.72,99.48999999999978
2013-01-21,000002,1519.02,1519.02,1519.02,1519.02,234309,260785839.0,0.0,9.53,132.22,0.24,0.0
2013-01-22,000002,1592.32,1601.49,1656.47,1576.62,4643326,5468736000.0,5.26,5.43,82.47,4.81,79.85000000000014
2013-01-23,000002,1606.73,1592.32,1610.65,1567.45,1299452,1514144544.0,2.7,-0.57,-9.17,1.34,43.200000000000045
2013-01-24,000002,1581.85,1626.36,1661.71,1576.62,2190418,2623808832.0,5.34,2.14,34.04,2.27,85.09000000000015
2013-01-25,000002,1630.29,1593.63,1635.53,1576.62,863217,1013223920.0,3.62,-2.01,-32.73,0.89,58.91000000000008
2013-01-28,000002,1587.09,1640.76,1655.16,1585.78,1389980,1666366800.0,4.35,2.96,47.13,1.44,69.38000000000011
2013-01-29,000002,1644.69,1660.4,1718.0,1640.76,1359886,1682119216.0,4.71,1.2,19.64,1.41,77.24000000000001
2013-01-30,000002,1655.16,1720.62,1731.09,1652.54,1270812,1585016816.0,4.73,3.63,60.22,1.32,78.54999999999995
2013-01-31,000002,1711.45,1634.22,1716.69,1626.36,1513078,1847783664.0,5.25,-5.02,-86.4,1.57,90.33000000000015
2013-02-01,000002,1639.45,1627.67,1652.54,1584.47,1683324,1998393872.0,4.17,-0.4,-6.55,1.74,68.06999999999994
2013-02-04,000002,1610.65,1619.82,1646.0,1568.76,1466998,1727427824.0,4.75,-0.48,-7.85,1.52,77.24000000000001
2013-02-05,000002,1621.13,1676.11,1700.98,1606.73,1694590,2067790832.0,5.82,3.48,56.29,1.75,94.25
2013-02-06,000002,1672.18,1653.85,1673.49,1631.6,749301,909340144.0,2.5,-1.33,-22.26,0.78,41.8900000000001
2013-02-07,000002,1642.07,1617.2,1646.0,1605.42,773072,920219280.0,2.45,-2.22,-36.65,0.8,40.57999999999993
2013-02-08,000002,1606.73,1636.83,1657.78,1604.11,791139,946272240.0,3.32,1.21,19.63,0.82,53.67000000000007
2013-02-18,000002,1649.93,1593.63,1661.71,1581.85,783110,926069440.0,4.88,-2.64,-43.2,0.81,79.86000000000013
2013-02-19,000002,1597.56,1528.18,1598.87,1522.94,1183050,1338138640.0,4.76,-4.11,-65.45,1.22,75.92999999999984
2013-02-20,000002,1525.56,1559.6,1562.22,1520.32,840894,948132048.0,2.74,2.06,31.42,0.87,41.90000000000009
2013-02-21,000002,1554.36,1542.58,1592.32,1505.92,1461142,1662394320.0,5.54,-1.09,-17.02,1.51,86.39999999999986
2013-02-22,000002,1538.65,1543.89,1560.91,1525.56,613310,694709936.0,2.29,0.08,1.31,0.63,35.350000000000136
2013-02-25,000002,1545.2,1503.31,1560.91,1482.36,823755,911798880.0,5.09,-2.63,-40.58,0.85,78.55000000000018
2013-02-26,000002,1488.91,1478.43,1524.25,1466.65,774761,851761152.0,3.83,-1.66,-24.88,0.8,57.59999999999991
2013-02-27,000002,1478.43,1543.89,1554.36,1478.43,879031,982106272.0,5.14,4.43,65.46,0.91,75.92999999999984
2013-02-28,000002,1570.07,1632.91,1644.69,1570.07,1545465,1829220688.0,4.83,5.77,89.02,1.6,74.62000000000012
2013-03-01,000002,1634.22,1638.14,1656.47,1604.11,875066,1049191440.0,3.21,0.32,5.23,0.91,52.36000000000013
2013-03-04,000002,1507.23,1481.05,1534.72,1481.05,3115456,3408720432.0,3.28,-9.59,-157.09,3.22,53.67000000000007
2013-03-05,000002,1479.74,1487.6,1508.54,1436.54,2182775,2348128064.0,4.86,0.44,6.55,2.26,72.0
2013-03-06,000002,1494.14,1521.63,1537.34,1494.14,1454175,1616878880.0,2.9,2.29,34.03,1.51,43.19999999999982
2013-03-07,000002,1513.78,1529.49,1558.29,1487.6,1146701,1277049776.0,4.65,0.52,7.86,1.19,70.69000000000005
2013-03-08,000002,1530.8,1496.76,1541.27,1495.45,706000,783976608.0,3.0,-2.14,-32.73,0.73,45.819999999999936
2013-03-11,000002,1488.91,1516.4,1536.03,1475.82,666671,743149744.0,4.02,1.31,19.64,0.69,60.210000000000036
2013-03-12,000002,1508.54,1530.8,1560.91,1507.23,978311,1100966576.0,3.54,0.95,14.4,1.01,53.680000000000064
2013-03-13,000002,1528.18,1495.45,1528.18,1484.98,645847,708390048.0,2.82,-2.31,-35.35,0.67,43.200000000000045
2013-03-14,000002,1478.43,1475.82,1503.31,1454.87,704963,761951168.0,3.24,-1.31,-19.63,0.73,48.440000000000055
2013-03-15,000002,1469.27,1433.92,1499.38,1414.29,1049997,1113087968.0,5.77,-2.84,-41.9,1.09,85.09000000000015
2013-03-18,000002,1427.38,1461.42,1475.82,1427.38,629210,669162048.0,3.38,1.92,27.5,0.65,48.43999999999983
2013-03-19,000002,1464.03,1495.45,1505.92,1450.94,709967,773139600.0,3.76,2.33,34.03,0.73,54.98000000000002
2013-03-20,000002,1496.76,1530.8,1556.98,1490.22,1045528,1177130032.0,4.46,2.36,35.35,1.08,66.75999999999999
2013-03-21,000002,1532.11,1503.31,1541.27,1481.05,806104,891271184.0,3.93,-1.8,-27.49,0.83,60.22000000000003
2013-03-22,000002,1502.0,1502.0,1512.47,1478.43,684082,746499888.0,2.26,-0.09,-1.31,0.71,34.039999999999964
2013-03-25,000002,1508.54,1520.32,1534.72,1490.22,595365,662996512.0,2.96,1.22,18.32,0.62,44.5
2013-03-26,000002,1524.25,1517.71,1576.62,1515.09,972412,1100471360.0,4.05,-0.17,-2.61,1.01,61.52999999999997
2013-03-27,000002,1513.78,1534.72,1558.29,1513.78,607698,685761216.0,2.93,1.12,17.01,0.63,44.50999999999999
2013-03-28,000002,1508.54,1496.76,1511.16,1436.54,1051442,1139383168.0,4.86,-2.47,-37.96,1.09,74.62000000000012
2013-03-29,000002,1494.14,1470.58,1499.38,1464.03,418950,453369344.0,2.36,-1.75,-26.18,0.43,35.350000000000136
2013-04-01,000002,1479.74,1502.0,1534.72,1479.74,678439,751705152.0,3.74,2.14,31.42,0.7,54.98000000000002
2013-04-02,000002,1511.16,1528.18,1560.91,1502.0,905430,1022376800.0,3.92,1.74,26.18,0.94,58.91000000000008
2013-04-03,000002,1532.11,1528.18,1558.29,1503.31,539105,603385104.0,3.6,0.0,0.0,0.56,54.98000000000002
2013-04-08,000002,1486.29,1499.38,1511.16,1449.63,664569,721698160.0,4.03,-1.88,-28.8,0.69,61.52999999999997
2013-04-09,000002,1499.38,1500.69,1534.72,1492.83,656858,726102144.0,2.79,0.09,1.31,0.68,41.8900000000001
2013-04-10,000002,1505.92,1507.23,1528.18,1494.14,608132,674157536.0,2.27,0.44,6.54,0.63,34.039999999999964
2013-04-11,000002,1526.87,1502.0,1547.82,1500.69,515638,575027008.0,3.13,-0.35,-5.23,0.53,47.12999999999988
2013-04-12,000002,1494.14,1491.52,1511.16,1487.6,377442,413198272.0,1.57,-0.7,-10.48,0.39,23.560000000000173
2013-04-15,000002,1499.38,1505.92,1526.87,1469.27,652944,719172656.0,3.86,0.97,14.4,0.67,57.59999999999991
2013-04-16,000002,1492.83,1585.78,1588.4,1488.91,1424953,1615868416.0,6.61,5.3,79.86,1.47,99.49000000000001
2013-04-17,000002,1584.47,1587.09,1618.51,1556.98,877201,1022448560.0,3.88,0.08,1.31,0.91,61.52999999999997
2013-04-18,000002,1575.31,1593.63,1623.74,1570.07,655829,772023696.0,3.38,0.41,6.54,0.68,53.67000000000007
2013-04-19,000002,1598.87,1621.13,1623.74,1579.23,869135,1027355760.0,2.79,1.73,27.5,0.9,44.50999999999999
2013-04-22,000002,1625.05,1592.32,1632.91,1555.67,969358,1128958160.0,4.76,-1.78,-28.81,1.0,77.24000000000001
2013-04-23,000002,1577.92,1538.65,1577.92,1499.38,1004754,1127826720.0,4.93,-3.37,-53.67,1.04,78.53999999999996
2013-04-24,000002,1538.65,1541.27,1559.6,1507.23,1007743,1132186240.0,3.4,0.17,2.62,1.04,52.36999999999989
2013-04-25,000002,1533.42,1499.38,1533.42,1490.22,1026909,1133098816.0,2.8,-2.72,-41.89,1.06,43.200000000000045
2013-04-26,000002,1500.69,1505.92,1526.87,1500.69,484443,537329616.0,1.75,0.44,6.54,0.5,26.179999999999836
2013-05-02,000002,1486.29,1546.51,1551.74,1483.67,731063,819958496.0,4.52,2.7,40.59,0.76,68.06999999999994
2013-05-03,000002,1547.82,1553.05,1593.63,1546.51,1006541,1160158752.0,3.05,0.42,6.54,1.04,47.12000000000012
2013-05-06,000002,1553.05,1543.89,1564.83,1533.42,705484,800310192.0,2.02,-0.59,-9.16,0.73,31.409999999999854
2013-05-07,000002,1537.34,1577.92,1581.85,1534.72,797640,919178256.0,3.05,2.2,34.03,0.82,47.12999999999988
2013-05-08,000002,1596.25,1598.87,1638.14,1591.02,805204,952822144.0,2.99,1.33,20.95,0.83,47.12000000000012
2013-05-09,000002,1592.32,1579.23,1597.56,1554.36,610237,706179552.0,2.7,-1.23,-19.64,0.63,43.200000000000045
2013-05-10,000002,1577.92,1600.18,1604.11,1574.0,402361,470946400.0,1.91,1.33,20.95,0.42,30.1099999999999
2013-05-13,000002,1602.8,1583.16,1619.82,1579.23,383752,449671712.0,2.54,-1.06,-17.02,0.4,40.58999999999992
2013-05-14,000002,1579.23,1543.89,1589.71,1536.03,428878,488095328.0,3.39,-2.48,-39.27,0.44,53.680000000000064
2013-05-15,000002,1543.89,1542.58,1556.98,1529.49,328495,370905952.0,1.78,-0.08,-1.31,0.34,27.49000000000001
2013-05-16,000002,1549.12,1617.2,1617.2,1541.27,851156,977273408.0,4.92,4.84,74.62,0.88,75.93000000000006
2013-05-17,000002,1614.58,1677.42,1682.65,1613.27,1513641,1814199312.0,4.29,3.72,60.22,1.57,69.38000000000011
2013-05-20,000002,1682.65,1647.31,1715.38,1643.38,1262905,1539658688.0,4.29,-1.8,-30.11,1.31,72.0
2013-05-21,000002,1655.16,1660.4,1660.4,1626.36,692933,824911408.0,2.07,0.79,13.09,0.72,34.04000000000019
2013-05-22,000002,1655.16,1669.56,1695.74,1640.76,765033,929453584.0,3.31,0.55,9.16,0.79,54.98000000000002
2013-05-23,000002,1669.56,1657.78,1718.0,1643.38,931651,1140034992.0,4.47,-0.71,-11.78,0.96,74.61999999999989
2013-05-24,000002,1663.02,1644.69,1681.34,1619.82,876620,1038767312.0,3.71,-0.79,-13.09,0.91,61.51999999999998
2013-05-27,000002,1635.53,1630.29,1639.45,1614.58,512375,602815664.0,1.51,-0.88,-14.4,0.53,24.87000000000012
2013-05-28,000002,1631.6,1703.6,1706.22,1619.82,941788,1134595184.0,5.3,4.5,73.31,0.97,86.40000000000009
2013-05-29,000002,1703.6,1698.36,1736.33,1690.51,988520,1228475648.0,2.69,-0.31,-5.24,1.02,45.819999999999936
2013-05-30,000002,1682.65,1697.05,1715.38,1670.87,517750,636178864.0,2.62,-0.08,-1.31,0.54,44.51000000000022
2013-05-31,000002,1697.05,1653.85,1710.14,1649.93,613794,743854384.0,3.55,-2.55,-43.2,0.63,60.210000000000036
2013-06-03,000002,1657.78,1656.47,1682.65,1649.93,523489,630894624.0,1.98,0.16,2.62,0.54,32.72000000000003
2013-06-04,000002,1656.47,1638.14,1677.42,1622.43,737882,878947648.0,3.32,-1.11,-18.33,0.76,54.99000000000001
2013-06-05,000002,1643.38,1634.22,1643.38,1614.58,478928,563541104.0,1.76,-0.24,-3.92,0.5,28.800000000000182
2013-06-06,000002,1628.98,1589.71,1632.91,1581.85,676428,782219040.0,3.12,-2.72,-44.51,0.7,51.06000000000017
2013-06-07,000002,1584.47,1553.05,1594.94,1533.42,876525,987778624.0,3.87,-2.31,-36.66,0.91,61.51999999999998
2013-06-13,000002,1525.56,1482.36,1525.56,1453.56,869389,933052160.0,4.64,-4.55,-70.69,0.9,72.0
2013-06-14,000002,1487.6,1484.98,1502.0,1479.74,568137,608814912.0,1.5,0.18,2.62,0.59,22.25999999999999
2013-06-17,000002,1490.22,1437.85,1492.83,1418.21,1179549,1222588032.0,5.02,-3.17,-47.13,1.22,74.61999999999989
2013-06-18,000002,1440.47,1452.25,1456.18,1433.92,705904,734233712.0,1.55,1.0,14.4,0.73,22.25999999999999
2013-06-19,000002,1444.4,1419.52,1444.4,1393.34,968821,982584880.0,3.52,-2.25,-32.73,1.0,51.06000000000017
2013-06-20,000002,1419.52,1384.18,1430.0,1380.25,803012,809447552.0,3.5,-2.49,-35.34,0.83,49.75
2013-06-21,000002,1358.0,1381.56,1402.51,1342.29,909790,899271392.0,4.35,-0.19,-2.62,0.94,60.22000000000003
2013-06-24,000002,1378.94,1267.67,1378.94,1263.74,1733651,1609937136.0,8.34,-8.24,-113.89,1.79,115.20000000000005
2013-06-25,000002,1250.65,1244.1,1284.69,1182.58,1709389,1515491744.0,8.05,-1.86,-23.57,1.77,102.11000000000013
2013-06-26,000002,1276.83,1262.43,1282.07,1236.25,1435922,1284525008.0,3.68,1.47,18.33,1.49,45.819999999999936
2013-06-27,000002,1276.83,1275.52,1310.87,1265.05,1292774,1187763328.0,3.63,1.04,13.09,1.34,45.819999999999936
2013-06-28,000002,1283.38,1375.01,1394.65,1283.38,2349093,2292843888.0,8.72,7.8,99.49,2.43,111.26999999999998
2013-07-01,000002,1360.61,1378.94,1394.65,1344.91,1037593,1016280576.0,3.62,0.29,3.93,1.07,49.74000000000001
2013-07-02,000002,1378.94,1358.0,1382.87,1316.11,1109957,1072622720.0,4.84,-1.52,-20.94,1.15,66.75999999999999
2013-07-03,000002,1355.38,1323.96,1355.38,1292.54,1230778,1154714224.0,4.63,-2.51,-34.04,1.27,62.840000000000146
2013-07-04,000002,1313.49,1368.47,1384.18,1313.49,1320038,1285480624.0,5.34,3.36,44.51,1.36,70.69000000000005
2013-07-05,000002,1420.83,1420.83,1486.29,1402.51,1424399,1465504368.0,6.12,3.83,52.36,1.47,83.77999999999997
2013-07-08,000002,1402.51,1394.65,1437.85,1381.56,846327,855448368.0,3.96,-1.84,-26.18,0.87,56.289999999999964
2013-07-09,000002,1382.87,1350.14,1401.2,1339.67,804610,779695568.0,4.41,-3.19,-44.51,0.83,61.52999999999997
2013-07-10,000002,1356.69,1431.31,1435.23,1346.21,949101,947248352.0,6.59,6.01,81.17,0.98,89.01999999999998
2013-07-11,000002,1443.09,1496.76,1526.87,1440.47,1976706,2115303312.0,6.04,4.57,65.45,2.04,86.39999999999986
2013-07-12,000002,1503.31,1447.02,1519.02,1436.54,926690,982458416.0,5.51,-3.32,-49.74,0.96,82.48000000000002
2013-07-15,000002,1453.56,1453.56,1492.83,1426.07,866325,909995120.0,4.61,0.45,6.54,0.9,66.75999999999999
2013-07-16,000002,1439.16,1453.56,1462.72,1409.05,890197,917005792.0,3.69,0.0,0.0,0.92,53.67000000000007
2013-07-17,000002,1440.47,1445.71,1486.29,1407.74,911729,947459664.0,5.4,-0.54,-7.85,0.94,78.54999999999995
2013-07-18,000002,1440.47,1410.36,1462.72,1403.81,734283,750596160.0,4.07,-2.45,-35.35,0.76,58.91000000000008
2013-07-19,000002,1414.29,1337.05,1418.21,1329.2,1387493,1353875856.0,6.31,-5.2,-73.31,1.43,89.00999999999999
2013-07-22,000002,1326.58,1322.65,1342.29,1301.71,882927,832015008.0,3.04,-1.08,-14.4,0.91,40.57999999999993
2013-07-23,000002,1329.2,1378.94,1378.94,1318.72,912771,889195104.0,4.55,4.26,56.29,0.94,60.22000000000003
2013-07-24,000002,1368.47,1340.98,1375.01,1316.11,1104509,1056959568.0,4.27,-2.75,-37.96,1.14,58.90000000000009
2013-07-25,000002,1340.98,1329.2,1354.07,1316.11,732050,698627040.0,2.83,-0.88,-11.78,0.76,37.960000000000036
2013-07-26,000002,1317.41,1309.56,1333.12,1303.01,643575,604528432.0,2.27,-1.48,-19.64,0.67,30.1099999999999
2013-07-29,000002,1300.4,1283.38,1300.4,1254.58,1107249,999854144.0,3.5,-2.0,-26.18,1.14,45.820000000000164
2013-07-30,000002,1280.76,1297.78,1325.27,1265.05,940808,870848064.0,4.69,1.12,14.4,0.97,60.22000000000003
2013-07-31,000002,1368.47,1331.81,1407.74,1327.89,1585070,1548869744.0,6.15,2.62,34.03,1.64,79.84999999999991
2013-08-01,000002,1338.36,1360.61,1378.94,1329.2,980289,956075696.0,3.73,2.16,28.8,1.01,49.74000000000001
2013-08-02,000002,1403.81,1392.03,1428.69,1381.56,1328339,1334337024.0,3.46,2.31,31.42,1.37,47.13000000000011
2013-08-05,000002,1381.56,1393.34,1399.89,1371.09,766026,759024352.0,2.07,0.09,1.31,0.79,28.800000000000182
2013-08-06,000002,1375.01,1385.49,1389.41,1350.14,1026378,1007127552.0,2.82,-0.56,-7.85,1.06,39.26999999999998
2013-08-07,000002,1407.74,1392.03,1439.16,1385.49,1558395,1582541856.0,3.87,0.47,6.54,1.61,53.67000000000007
2013-08-08,000002,1399.89,1367.16,1399.89,1363.23,781789,770914272.0,2.63,-1.79,-24.87,0.81,36.66000000000008
2013-08-09,000002,1378.94,1361.92,1382.87,1342.29,719652,701493984.0,2.97,-0.38,-5.24,0.74,40.57999999999993
2013-08-12,000002,1364.54,1411.67,1411.67,1364.54,1418770,1413329728.0,3.46,3.65,49.75,1.47,47.13000000000011
2013-08-13,000002,1410.36,1415.6,1419.52,1398.58,844426,855255056.0,1.48,0.28,3.93,0.87,20.940000000000055
2013-08-14,000002,1427.38,1406.43,1439.16,1403.81,929231,951292144.0,2.5,-0.65,-9.17,0.96,35.350000000000136
2013-08-15,000002,1407.74,1382.87,1412.98,1380.25,773192,773668320.0,2.33,-1.68,-23.56,0.8,32.73000000000002
2013-08-16,000002,1377.63,1380.25,1460.11,1367.16,1594071,1601432688.0,6.72,-0.19,-2.62,1.65,92.94999999999982
2013-08-19,000002,1369.78,1389.41,1401.2,1355.38,990540,976460176.0,3.32,0.66,9.16,1.02,45.819999999999936
2013-08-20,000002,1384.18,1363.23,1393.34,1356.69,967509,952475296.0,2.64,-1.88,-26.18,1.0,36.649999999999864
2013-08-21,000002,1361.92,1342.29,1365.85,1334.43,753886,725527008.0,2.3,-1.54,-20.94,0.78,31.419999999999845
2013-08-22,000002,1342.29,1339.67,1361.92,1334.43,561064,540456672.0,2.05,-0.2,-2.62,0.58,27.49000000000001
2013-08-23,000002,1348.83,1337.05,1351.45,1310.87,728481,692564368.0,3.03,-0.2,-2.62,0.75,40.580000000000155
2013-08-26,000002,1338.36,1358.0,1359.31,1318.72,859052,824976704.0,3.04,1.57,20.95,0.89,40.58999999999992
2013-08-27,000002,1354.07,1346.21,1360.61,1338.36,654150,630050432.0,1.64,-0.87,-11.79,0.68,22.25
2013-08-28,000002,1334.43,1322.65,1334.43,1310.87,927220,876145888.0,1.75,-1.75,-23.56,0.96,23.560000000000173
2013-08-29,000002,1322.65,1326.58,1329.2,1310.87,665492,626698080.0,1.39,0.3,3.93,0.69,18.330000000000155
2013-08-30,000002,1321.34,1323.96,1334.43,1310.87,683338,645669232.0,1.78,-0.2,-2.62,0.71,23.560000000000173
2013-09-02,000002,1329.2,1301.71,1331.81,1286.0,922549,859782672.0,3.46,-1.68,-22.25,0.95,45.809999999999945
2013-09-03,000002,1309.56,1356.69,1359.31,1296.47,1640059,1565224464.0,4.83,4.22,54.98,1.7,62.83999999999992
2013-09-04,000002,1348.83,1346.21,1361.92,1342.29,769083,743249184.0,1.45,-0.77,-10.48,0.79,19.63000000000011
2013-09-05,000002,1355.38,1350.14,1381.56,1350.14,1056883,1034821536.0,2.33,0.29,3.93,1.09,31.419999999999845
2013-09-06,000002,1346.21,1335.74,1369.78,1323.96,894026,854607952.0,3.39,-1.07,-14.4,0.92,45.819999999999936
2013-09-09,000002,1338.36,1386.8,1410.36,1333.12,1945970,1922390208.0,5.78,3.82,51.06,2.01,77.24000000000001
2013-09-10,000002,1394.65,1405.12,1409.05,1381.56,1036089,1035078768.0,1.98,1.32,18.32,1.07,27.49000000000001
2013-09-11,000002,1418.21,1424.76,1453.56,1407.74,1481687,1515592224.0,3.26,1.4,19.64,1.53,45.819999999999936
2013-09-12,000002,1427.38,1423.45,1444.4,1390.72,1255974,1273035072.0,3.77,-0.09,-1.31,1.3,53.680000000000064
2013-09-13,000002,1422.14,1412.98,1447.02,1407.74,1108857,1133408048.0,2.76,-0.74,-10.47,1.15,39.27999999999997
2013-09-16,000002,1422.14,1384.18,1431.31,1381.56,931738,932470000.0,3.52,-2.04,-28.8,0.96,49.75
2013-09-17,000002,1390.72,1342.29,1390.72,1340.98,1135832,1104007232.0,3.59,-3.03,-41.89,1.17,49.74000000000001
2013-09-18,000002,1342.29,1346.21,1350.14,1337.05,631680,607352704.0,0.98,0.29,3.92,0.65,13.090000000000146
2013-09-23,000002,1352.76,1354.07,1356.69,1339.67,709822,683878256.0,1.26,0.58,7.86,0.73,17.019999999999982
2013-09-24,000002,1344.91,1316.11,1346.21,1310.87,1165626,1100583248.0,2.61,-2.8,-37.96,1.2,35.340000000000146
2013-09-25,000002,1316.11,1288.61,1316.11,1283.38,1450110,1343310000.0,2.49,-2.09,-27.5,1.5,32.72999999999979
2013-09-26,000002,1289.92,1265.05,1296.47,1262.43,1213941,1104822240.0,2.64,-1.83,-23.56,1.25,34.039999999999964
2013-09-27,000002,1266.36,1271.6,1274.21,1257.2,695246,628136048.0,1.34,0.52,6.55,0.72,17.00999999999999
2013-09-30,000002,1274.21,1280.76,1287.31,1267.67,633756,576146576.0,1.54,0.72,9.16,0.66,19.639999999999873
2013-10-08,000002,1278.14,1335.74,1342.29,1265.05,1546853,1451175024.0,6.03,4.29,54.98,1.6,77.24000000000001
2013-10-09,000002,1329.2,1314.8,1330.51,1305.63,850366,798293856.0,1.86,-1.57,-20.94,0.88,24.87999999999988
2013-10-10,000002,1314.8,1317.41,1325.27,1303.01,727106,683140192.0,1.69,0.2,2.61,0.75,22.25999999999999
2013-10-11,000002,1322.65,1321.34,1326.58,1309.56,802257,755684976.0,1.29,0.3,3.93,0.83,17.019999999999982
2013-10-14,000002,1320.03,1289.92,1320.03,1284.69,1167931,1077128688.0,2.67,-2.38,-31.42,1.21,35.33999999999992
2013-10-15,000002,1289.92,1288.61,1292.54,1276.83,750662,686715376.0,1.22,-0.1,-1.31,0.78,15.710000000000036
2013-10-16,000002,1282.07,1272.91,1291.23,1266.36,637647,579067264.0,1.93,-1.22,-15.7,0.66,24.87000000000012
2013-10-17,000002,1280.76,1272.91,1287.31,1270.29,354532,322699056.0,1.34,0.0,0.0,0.37,17.019999999999982
2013-10-18,000002,1275.52,1286.0,1289.92,1266.36,489382,447453280.0,1.85,1.03,13.09,0.51,23.560000000000173
2013-10-21,000002,1287.31,1287.31,1289.92,1268.98,668149,609910080.0,1.63,0.1,1.31,0.69,20.940000000000055
2013-10-22,000002,1284.69,1274.21,1286.0,1270.29,625103,568539504.0,1.22,-1.02,-13.1,0.65,15.710000000000036
2013-10-23,000002,1276.83,1272.91,1293.85,1267.67,748752,682986912.0,2.05,-0.1,-1.3,0.77,26.179999999999836
2013-10-24,000002,1263.74,1258.51,1286.0,1242.8,714008,643120736.0,3.39,-1.13,-14.4,0.74,43.200000000000045
2013-10-25,000002,1259.81,1250.65,1271.6,1246.72,517160,463207504.0,1.98,-0.62,-7.86,0.53,24.87999999999988
2013-10-28,000002,1257.2,1228.4,1257.2,1225.78,555735,487362880.0,2.51,-1.78,-22.25,0.57,31.420000000000073
2013-10-29,000002,1229.7,1244.1,1257.2,1220.54,871137,766292000.0,2.98,1.28,15.7,0.9,36.66000000000008
2013-10-30,000002,1259.81,1274.21,1276.83,1234.94,925829,830576656.0,3.37,2.42,30.11,0.96,41.88999999999987
2013-10-31,000002,1301.71,1291.23,1348.83,1289.92,1958996,1845068032.0,4.62,1.34,17.02,2.02,58.909999999999854
2013-11-01,000002,1283.38,1314.8,1329.2,1278.14,921133,863300640.0,3.95,1.83,23.57,0.95,51.059999999999945
2013-11-04,000002,1326.58,1289.92,1327.89,1287.31,536947,497895328.0,3.09,-1.89,-24.88,0.55,40.580000000000155
2013-11-05,000002,1286.0,1289.92,1292.54,1272.91,427892,390671792.0,1.52,0.0,0.0,0.44,19.62999999999988
2013-11-06,000002,1283.38,1266.36,1284.69,1263.74,614839,556198576.0,1.62,-1.83,-23.56,0.64,20.950000000000045
2013-11-07,000002,1265.05,1259.81,1268.98,1250.65,391305,350915152.0,1.45,-0.52,-6.55,0.4,18.329999999999927
2013-11-08,000002,1257.2,1246.72,1270.29,1244.1,458153,409436704.0,2.08,-1.04,-13.09,0.47,26.190000000000055
2013-11-11,000002,1246.72,1225.78,1250.65,1196.98,631616,547722832.0,4.3,-1.68,-20.94,0.65,53.67000000000007
2013-11-12,000002,1224.47,1238.87,1242.8,1219.23,436926,382832096.0,1.92,1.07,13.09,0.45,23.569999999999936
2013-11-13,000002,1240.18,1232.32,1248.03,1229.7,410397,361462240.0,1.48,-0.53,-6.55,0.42,18.329999999999927
2013-11-14,000002,1241.49,1223.16,1248.03,1207.45,612570,530626800.0,3.29,-0.74,-9.16,0.63,40.57999999999993
2013-11-15,000002,1223.16,1251.96,1265.05,1217.92,820401,727417232.0,3.85,2.35,28.8,0.85,47.12999999999988
2013-11-18,000002,1253.27,1289.92,1291.23,1241.49,1129269,1022804016.0,3.97,3.03,37.96,1.17,49.74000000000001
2013-11-19,000002,1288.61,1274.21,1288.61,1267.67,641199,582858960.0,1.62,-1.22,-15.71,0.66,20.939999999999827
2013-11-20,000002,1280.76,1276.83,1287.31,1266.36,462247,419314816.0,1.64,0.21,2.62,0.48,20.950000000000045
2013-11-21,000002,1263.74,1241.49,1263.74,1225.78,921844,813085200.0,2.97,-2.77,-35.34,0.95,37.960000000000036
2013-11-22,000002,1241.49,1224.47,1248.03,1221.85,738318,645570736.0,2.11,-1.37,-17.02,0.76,26.180000000000064
2013-11-25,000002,1211.38,1212.69,1223.16,1198.29,790645,679875136.0,2.03,-0.96,-11.78,0.82,24.87000000000012
2013-11-26,000002,1212.69,1203.52,1217.92,1198.29,728160,624122368.0,1.62,-0.76,-9.17,0.75,19.63000000000011
2013-11-27,000002,1203.52,1206.14,1211.38,1195.67,653111,557259776.0,1.31,0.22,2.62,0.68,15.710000000000036
2013-11-28,000002,1206.14,1223.16,1237.56,1206.14,998545,869717984.0,2.61,1.41,17.02,1.03,31.419999999999845
2013-11-29,000002,1224.47,1232.32,1242.8,1219.23,833611,731698960.0,1.93,0.75,9.16,0.86,23.569999999999936
2013-12-02,000002,1224.47,1206.14,1229.7,1202.21,745239,641639536.0,2.23,-2.12,-26.18,0.77,27.49000000000001
2013-12-03,000002,1204.83,1217.92,1223.16,1196.98,605279,519792352.0,2.17,0.98,11.78,0.63,26.180000000000064
2013-12-04,000002,1211.38,1229.7,1244.1,1208.76,969204,846575040.0,2.9,0.97,11.78,1.0,35.33999999999992
2013-12-05,000002,1229.7,1229.7,1242.8,1223.16,651592,570902336.0,1.6,0.0,0.0,0.67,19.639999999999873
2013-12-06,000002,1224.47,1220.54,1234.94,1215.3,490290,426051232.0,1.6,-0.74,-9.16,0.51,19.6400000000001
2013-12-09,000002,1223.16,1214.0,1229.7,1210.07,424546,366620320.0,1.61,-0.54,-6.54,0.44,19.63000000000011
2013-12-10,000002,1214.0,1220.54,1225.78,1214.0,538960,466805408.0,0.97,0.54,6.54,0.56,11.779999999999973
2013-12-11,000002,1214.0,1203.52,1217.92,1200.9,549400,471522336.0,1.39,-1.39,-17.02,0.57,17.019999999999982
2013-12-12,000002,1200.9,1202.21,1208.76,1199.6,390133,333275264.0,0.76,-0.11,-1.31,0.4,9.160000000000082
2013-12-13,000002,1198.29,1203.52,1211.38,1196.98,409649,350349280.0,1.2,0.11,1.31,0.42,14.400000000000091
2013-12-16,000002,1206.14,1189.12,1210.07,1187.81,561203,476422816.0,1.85,-1.2,-14.4,0.58,22.25999999999999
2013-12-17,000002,1191.74,1168.18,1193.05,1165.56,665633,555024096.0,2.31,-1.76,-20.94,0.69,27.49000000000001
2013-12-18,000002,1172.1,1166.87,1176.03,1164.25,467678,386769936.0,1.01,-0.11,-1.31,0.48,11.779999999999973
2013-12-19,000002,1169.49,1151.16,1174.72,1147.23,586664,480576896.0,2.36,-1.35,-15.71,0.61,27.49000000000001
2013-12-20,000002,1156.4,1113.2,1157.7,1113.2,831831,664027152.0,3.87,-3.3,-37.96,0.86,44.5
2013-12-23,000002,1114.5,1105.34,1119.74,1096.18,646420,503004128.0,2.12,-0.71,-7.86,0.67,23.559999999999945
2013-12-24,000002,1106.65,1110.58,1126.29,1094.87,524407,411131936.0,2.84,0.47,5.24,0.54,31.420000000000073
2013-12-25,000002,1110.58,1121.05,1123.67,1101.41,455414,357235008.0,2.0,0.94,10.47,0.47,22.25999999999999
2013-12-26,000002,1119.74,1106.65,1121.05,1100.1,534862,418330080.0,1.87,-1.28,-14.4,0.55,20.950000000000045
2013-12-27,000002,1113.2,1136.76,1145.92,1107.96,739642,590192384.0,3.43,2.72,30.11,0.76,37.960000000000036
2013-12-30,000002,1139.38,1114.5,1142.0,1106.65,747057,590734368.0,3.11,-1.96,-22.26,0.77,35.34999999999991
2013-12-31,000002,1105.34,1136.76,1142.0,1098.8,723164,574458880.0,3.88,2.0,22.26,0.75,43.200000000000045
2014-01-02,000002,1131.52,1131.52,1142.0,1122.36,485299,387391072.0,1.73,-0.46,-5.24,0.5,19.6400000000001
2014-01-03,000002,1128.9,1111.89,1128.9,1101.41,540467,424761296.0,2.43,-1.73,-19.63,0.56,27.49000000000001
2014-01-06,000002,1109.27,1064.76,1111.89,1050.36,1231594,923778208.0,5.53,-4.24,-47.13,1.27,61.5300000000002
2014-01-07,000002,1058.21,1058.21,1068.69,1046.43,601149,446992720.0,2.09,-0.62,-6.55,0.62,22.25999999999999
2014-01-08,000002,1060.83,1056.9,1068.69,1051.67,594533,442046928.0,1.61,-0.12,-1.31,0.61,17.019999999999982
2014-01-09,000002,1058.21,1062.14,1069.99,1047.74,817234,608623712.0,2.11,0.5,5.24,0.84,22.25
2014-01-10,000002,1056.9,1051.67,1063.45,1050.36,467698,346476240.0,1.23,-0.99,-10.47,0.48,13.090000000000146
2014-01-13,000002,1052.98,1033.34,1056.9,1009.78,1187554,853376880.0,4.48,-1.74,-18.33,1.23,47.12000000000012
2014-01-14,000002,1025.49,1032.03,1035.96,1018.94,869623,624901680.0,1.65,-0.13,-1.31,0.9,17.019999999999982
2014-01-15,000002,1029.41,1024.18,1032.03,1017.63,491753,352430048.0,1.4,-0.76,-7.85,0.51,14.399999999999977
2014-01-16,000002,1025.49,1026.79,1030.72,1017.63,476950,342032096.0,1.28,0.25,2.61,0.49,13.090000000000032
2014-01-17,000002,1024.18,1012.39,1025.49,1012.39,555668,396446912.0,1.28,-1.4,-14.4,0.57,13.100000000000023
2014-01-20,000002,1009.78,1018.94,1022.87,1007.16,411916,292738032.0,1.55,0.65,6.55,0.43,15.710000000000036
2014-01-21,000002,1021.56,1030.72,1037.27,1021.56,480307,346932400.0,1.54,1.16,11.78,0.5,15.710000000000036
2014-01-22,000002,1033.34,1083.09,1090.94,1030.72,1140576,857607744.0,5.84,5.08,52.37,1.18,60.22000000000003
2014-01-23,000002,1085.7,1066.07,1088.32,1058.21,787573,591438640.0,2.78,-1.57,-17.02,0.81,30.1099999999999
2014-01-24,000002,1063.45,1105.34,1123.67,1060.83,1361816,1058260832.0,5.89,3.68,39.27,1.41,62.840000000000146
2014-01-27,000002,1093.56,1087.01,1102.72,1077.85,706739,542034144.0,2.25,-1.66,-18.33,0.73,24.87000000000012
2014-01-28,000002,1093.56,1085.7,1105.34,1071.3,423567,324017088.0,3.13,-0.12,-1.31,0.44,34.039999999999964
2014-01-29,000002,1089.63,1072.61,1090.94,1064.76,507992,383233584.0,2.41,-1.21,-13.09,0.52,26.180000000000064
2014-01-30,000002,1069.99,1051.67,1069.99,1049.05,392539,290734048.0,1.95,-1.95,-20.94,0.41,20.940000000000055
2014-02-07,000002,1046.43,1055.59,1055.59,1033.34,498530,364212816.0,2.12,0.37,3.92,0.52,22.25
2014-02-10,000002,1060.83,1068.69,1073.92,1056.9,1062380,795673008.0,1.61,1.24,13.1,1.1,17.019999999999982
2014-02-11,000002,1067.38,1073.92,1083.09,1058.21,1084447,816144128.0,2.33,0.49,5.23,1.12,24.87999999999988
2014-02-12,000002,1071.3,1069.99,1081.78,1066.07,837754,630865792.0,1.46,-0.37,-3.93,0.87,15.710000000000036
2014-02-13,000002,1069.99,1055.59,1069.99,1051.67,843051,627264976.0,1.71,-1.35,-14.4,0.87,18.319999999999936
2014-02-14,000002,1055.59,1050.36,1060.83,1041.19,953287,700988624.0,1.86,-0.5,-5.23,0.99,19.639999999999873
2014-02-17,000002,1054.29,1050.36,1056.9,1041.19,851339,625666352.0,1.5,0.0,0.0,0.88,15.710000000000036
2014-02-18,000002,1049.05,1037.27,1049.05,1035.96,781695,571227296.0,1.25,-1.25,-13.09,0.81,13.089999999999918
2014-02-19,000002,1037.27,1050.36,1054.29,1032.03,918518,672856448.0,2.15,1.26,13.09,0.95,22.25999999999999
2014-02-20,000002,1050.36,1043.81,1064.76,1041.19,900218,665030752.0,2.24,-0.62,-6.55,0.93,23.569999999999936
2014-02-21,000002,1042.5,1022.87,1047.74,1015.01,1052345,758288592.0,3.14,-2.01,-20.94,1.09,32.73000000000002
2014-02-24,000002,1001.92,961.34,1003.23,952.18,1904247,1282595408.0,4.99,-6.02,-61.53,1.97,51.05000000000007
2014-02-25,000002,962.65,945.63,967.89,943.01,1299325,860119104.0,2.59,-1.63,-15.71,1.34,24.879999999999995
2014-02-26,000002,945.63,960.03,963.96,939.09,941905,620173232.0,2.63,1.52,14.4,0.97,24.870000000000005
2014-02-27,000002,963.96,948.25,965.27,943.01,790142,524217760.0,2.32,-1.23,-11.78,0.82,22.25999999999999
2014-02-28,000002,950.87,965.27,967.89,946.94,679408,452668800.0,2.21,1.79,17.02,0.7,20.949999999999932
2014-03-03,000002,958.72,954.79,963.96,944.32,760744,503907248.0,2.03,-1.09,-10.48,0.79,19.639999999999986
2014-03-04,000002,1001.92,991.45,1015.01,973.12,2122496,1467381152.0,4.39,3.84,36.66,2.19,41.889999999999986
2014-03-05,000002,991.45,970.5,991.45,969.19,590262,402549856.0,2.25,-2.11,-20.95,0.61,22.25999999999999
2014-03-06,000002,970.5,1043.81,1058.21,961.34,2660970,1900909536.0,9.98,7.55,73.31,2.75,96.87
2014-03-07,000002,1046.43,1037.27,1062.14,1032.03,1719535,1263703968.0,2.88,-0.63,-6.54,1.78,30.110000000000127
2014-03-10,000002,1030.72,1021.56,1045.12,1007.16,1164026,837063088.0,3.66,-1.51,-15.71,1.2,37.95999999999992
2014-03-11,000002,1026.79,1067.38,1079.16,1021.56,1892488,1412509392.0,5.64,4.49,45.82,1.96,57.600000000000136
2014-03-12,000002,1064.76,1080.47,1113.2,1056.9,2089873,1603158720.0,5.27,1.23,13.09,2.16,56.299999999999955
2014-03-13,000002,1077.85,1094.87,1113.2,1071.3,1492359,1149903968.0,3.88,1.33,14.4,1.54,41.90000000000009
2014-03-14,000002,1090.94,1071.3,1107.96,1067.38,1303110,996213408.0,3.71,-2.15,-23.57,1.35,40.57999999999993
2014-03-17,000002,1080.47,1101.41,1106.65,1079.16,1177079,908293024.0,2.57,2.81,30.11,1.22,27.49000000000001
2014-03-18,000002,1101.41,1080.47,1101.41,1073.92,843900,642680624.0,2.5,-1.9,-20.94,0.87,27.49000000000001
2014-03-19,000002,1068.69,1067.38,1072.61,1033.34,1575463,1158670976.0,3.63,-1.21,-13.09,1.63,39.26999999999998
2014-03-20,000002,1067.38,1068.69,1097.49,1054.29,1154552,876828992.0,4.05,0.12,1.31,1.19,43.200000000000045
2014-03-21,000002,1076.54,1134.14,1143.3,1060.83,2704395,2118807008.0,7.72,6.12,65.45,2.79,82.47000000000003
2014-03-24,000002,1134.14,1140.69,1155.09,1113.2,1398771,1122120960.0,3.69,0.58,6.55,1.45,41.88999999999987
2014-03-25,000002,1138.07,1130.21,1159.01,1119.74,957541,769251856.0,3.44,-0.92,-10.48,0.99,39.26999999999998
2014-03-26,000002,1131.52,1113.2,1138.07,1105.34,704058,553737776.0,2.9,-1.51,-17.01,0.73,32.73000000000002
2014-03-27,000002,1106.65,1130.21,1145.92,1097.49,1078006,857121792.0,4.35,1.53,17.01,1.11,48.430000000000064
2014-03-28,000002,1123.67,1148.54,1164.25,1122.36,1105310,896881744.0,3.71,1.62,18.33,1.14,41.8900000000001
2014-03-31,000002,1153.78,1144.61,1161.63,1127.6,678971,546825584.0,2.96,-0.34,-3.93,0.7,34.0300000000002
2014-04-01,000002,1143.3,1143.3,1156.4,1139.38,525249,426237424.0,1.49,-0.11,-1.31,0.54,17.019999999999982
2014-04-02,000002,1151.16,1170.8,1185.2,1147.23,1286559,1069009792.0,3.32,2.41,27.5,1.33,37.97000000000003
2014-04-03,000002,1172.1,1145.92,1183.89,1142.0,986367,810649952.0,3.58,-2.13,-24.88,1.02,41.8900000000001
2014-04-04,000002,1145.92,1147.23,1152.47,1134.14,642859,519860624.0,1.6,0.11,1.31,0.66,18.329999999999927
2014-04-08,000002,1139.38,1152.47,1162.94,1124.98,961185,778608416.0,3.31,0.46,5.24,0.99,37.960000000000036
2014-04-09,000002,1153.78,1139.38,1157.7,1135.45,929854,749184320.0,1.93,-1.14,-13.09,0.96,22.25
2014-04-10,000002,1138.07,1139.38,1143.3,1109.27,1601695,1271310048.0,2.99,0.0,0.0,1.66,34.02999999999997
2014-04-11,000002,1132.83,1126.29,1134.14,1118.43,775952,616719792.0,1.38,-1.15,-13.09,0.8,15.710000000000036
2014-04-14,000002,1126.29,1123.67,1134.14,1110.58,530247,419179440.0,2.09,-0.23,-2.62,0.55,23.560000000000173
2014-04-15,000002,1114.5,1101.41,1121.05,1093.56,758814,590811568.0,2.45,-1.98,-22.26,0.78,27.49000000000001
2014-04-16,000002,1098.8,1115.81,1122.36,1094.87,709656,557522096.0,2.5,1.31,14.4,0.73,27.49000000000001
2014-04-17,000002,1117.12,1100.1,1118.43,1097.49,457592,355678864.0,1.88,-1.41,-15.71,0.47,20.940000000000055
2014-04-18,000002,1093.56,1104.03,1106.65,1083.09,410083,316044528.0,2.14,0.36,3.93,0.42,23.560000000000173
2014-04-21,000002,1094.87,1088.32,1106.65,1087.01,454484,351633984.0,1.78,-1.42,-15.71,0.47,19.6400000000001
2014-04-22,000002,1087.01,1098.8,1102.72,1083.09,648158,498926816.0,1.8,0.96,10.48,0.67,19.63000000000011
2014-04-23,000002,1096.18,1106.65,1110.58,1093.56,488860,380461200.0,1.55,0.71,7.85,0.51,17.019999999999982
2014-04-24,000002,1110.58,1131.52,1145.92,1102.72,1396403,1118052368.0,3.9,2.25,24.87,1.44,43.200000000000045
2014-04-25,000002,1142.0,1124.98,1147.23,1119.74,697631,558804656.0,2.43,-0.58,-6.54,0.72,27.49000000000001
2014-04-28,000002,1130.21,1128.9,1153.78,1122.36,968451,777834928.0,2.79,0.35,3.92,1.0,31.420000000000073
2014-04-29,000002,1121.05,1124.98,1130.21,1089.63,671098,524493488.0,3.59,-0.35,-3.92,0.69,40.57999999999993
2014-04-30,000002,1115.81,1119.74,1130.21,1102.72,395476,312451024.0,2.44,-0.47,-5.24,0.41,27.49000000000001
2014-05-05,000002,1113.2,1098.8,1114.5,1089.63,577175,446552192.0,2.22,-1.87,-20.94,0.6,24.86999999999989
2014-05-06,000002,1098.8,1105.34,1119.74,1098.8,463797,362147104.0,1.91,0.6,6.54,0.48,20.940000000000055
2014-05-07,000002,1105.34,1115.81,1118.43,1100.1,527230,413257744.0,1.66,0.95,10.47,0.54,18.330000000000155
2014-05-08,000002,1118.43,1101.41,1131.52,1097.49,751905,559315920.0,3.05,-1.29,-14.4,0.78,34.02999999999997
2014-05-09,000002,1101.41,1089.63,1104.03,1068.69,629680,455104576.0,3.21,-1.07,-11.78,0.65,35.33999999999992
2014-05-12,000002,1092.25,1097.49,1111.89,1080.47,517227,378905104.0,2.88,0.72,7.86,0.53,31.420000000000073
2014-05-13,000002,1106.65,1124.98,1132.83,1104.03,897279,674165056.0,2.62,2.5,27.49,0.93,28.799999999999955
2014-05-14,000002,1140.69,1138.07,1164.25,1135.45,931987,717443072.0,2.56,1.16,13.09,0.96,28.799999999999955
2014-05-15,000002,1136.76,1131.52,1139.38,1124.98,458699,347998496.0,1.27,-0.58,-6.55,0.47,14.400000000000091
2014-05-16,000002,1131.52,1147.23,1160.32,1131.52,962342,742805232.0,2.55,1.39,15.71,0.99,28.799999999999955
2014-05-19,000002,1142.0,1145.92,1157.7,1123.67,594647,455281152.0,2.97,-0.11,-1.31,0.61,34.02999999999997
2014-05-20,000002,1147.23,1152.47,1157.7,1139.38,685875,530138256.0,1.6,0.57,6.55,0.71,18.319999999999936
2014-05-21,000002,1144.61,1152.47,1156.4,1131.52,543435,417012720.0,2.16,0.0,0.0,0.56,24.88000000000011
2014-05-22,000002,1153.78,1172.1,1178.65,1151.16,921420,726170192.0,2.39,1.7,19.63,0.95,27.49000000000001
2014-05-23,000002,1176.03,1206.14,1212.69,1166.87,1338277,1079426656.0,3.91,2.9,34.04,1.38,45.820000000000164
2014-05-26,000002,1212.69,1200.9,1224.47,1195.67,607556,494191824.0,2.39,-0.43,-5.24,0.63,28.799999999999955
2014-05-27,000002,1200.9,1208.76,1219.23,1194.36,800997,655534256.0,2.07,0.65,7.86,0.83,24.87000000000012
2014-05-28,000002,1210.07,1245.41,1246.72,1208.76,1557074,1298336240.0,3.14,3.03,36.65,1.61,37.960000000000036
2014-05-29,000002,1265.05,1257.2,1284.69,1244.1,1666997,1426865232.0,3.26,0.95,11.79,1.72,40.590000000000146
2014-05-30,000002,1262.43,1258.51,1272.91,1249.34,1061588,907940496.0,1.87,0.1,1.31,1.1,23.570000000000164
2014-06-03,000002,1253.27,1238.87,1268.98,1228.4,1184525,997159536.0,3.22,-1.56,-19.64,1.22,40.57999999999993
2014-06-04,000002,1233.63,1212.69,1238.87,1202.21,773772,636734880.0,2.96,-2.11,-26.18,0.8,36.659999999999854
2014-06-05,000002,1210.07,1227.09,1232.32,1206.14,476586,392857136.0,2.16,1.19,14.4,0.49,26.179999999999836
2014-06-06,000002,1227.09,1219.23,1229.7,1198.29,495191,405369920.0,2.56,-0.64,-7.86,0.51,31.410000000000082
2014-06-09,000002,1208.76,1225.78,1259.81,1202.21,826743,693052720.0,4.72,0.54,6.55,0.85,57.59999999999991
2014-06-10,000002,1219.23,1237.56,1250.65,1219.23,695095,581961392.0,2.56,0.96,11.78,0.72,31.420000000000073
2014-06-11,000002,1236.25,1238.87,1254.58,1228.4,579668,489075968.0,2.12,0.11,1.31,0.6,26.179999999999836
2014-06-12,000002,1237.56,1240.18,1246.72,1212.69,801011,665178192.0,2.75,0.11,1.31,0.83,34.02999999999997
2014-06-13,000002,1236.25,1242.8,1249.34,1223.16,635541,533383888.0,2.11,0.21,2.62,0.66,26.179999999999836
2014-06-16,000002,1240.18,1220.54,1241.49,1210.07,863513,713535168.0,2.53,-1.79,-22.26,0.89,31.420000000000073
2014-06-17,000002,1219.23,1202.21,1219.23,1191.74,685986,554925856.0,2.25,-1.5,-18.33,0.71,27.49000000000001
2014-06-18,000002,1202.21,1199.6,1208.76,1195.67,346365,281499488.0,1.09,-0.22,-2.61,0.36,13.089999999999918
2014-06-19,000002,1203.52,1185.2,1206.14,1182.58,405218,326318464.0,1.96,-1.2,-14.4,0.42,23.560000000000173
2014-06-20,000002,1191.74,1203.52,1203.52,1185.2,426683,344097088.0,1.55,1.55,18.32,0.44,18.319999999999936
2014-06-23,000002,1203.52,1206.14,1210.07,1196.98,249328,202745892.0,1.09,0.22,2.62,0.26,13.089999999999918
2014-06-24,000002,1211.38,1198.29,1211.38,1193.05,324251,263219952.0,1.52,-0.65,-7.85,0.34,18.330000000000155
2014-06-25,000002,1203.52,1203.52,1204.83,1181.27,536538,431750720.0,1.97,0.44,5.23,0.55,23.559999999999945
2014-06-26,000002,1202.21,1220.54,1229.7,1198.29,599035,493632432.0,2.61,1.41,17.02,0.62,31.410000000000082
2014-06-27,000002,1221.85,1228.4,1236.25,1216.61,550832,457646896.0,1.61,0.64,7.86,0.57,19.6400000000001
2014-06-30,000002,1228.4,1221.85,1232.32,1215.3,393736,325828976.0,1.39,-0.53,-6.55,0.41,17.019999999999982
2014-07-01,000002,1224.47,1199.6,1224.47,1194.36,609369,494620528.0,2.46,-1.82,-22.25,0.63,30.110000000000127
2014-07-02,000002,1198.29,1202.21,1203.52,1193.05,406331,328887440.0,0.87,0.22,2.61,0.42,10.470000000000027
2014-07-03,000002,1200.9,1206.14,1208.76,1199.6,288037,234449787.0,0.76,0.33,3.93,0.3,9.160000000000082
2014-07-04,000002,1212.69,1248.03,1251.96,1212.69,1358193,1137610320.0,3.26,3.47,41.89,1.4,39.26999999999998
2014-07-07,000002,1251.96,1286.0,1303.01,1245.41,1460168,1279446432.0,4.62,3.04,37.97,1.51,57.59999999999991
2014-07-08,000002,1284.69,1275.52,1288.61,1259.81,634375,549020864.0,2.24,-0.81,-10.48,0.66,28.799999999999955
2014-07-09,000002,1276.83,1259.81,1286.0,1257.2,623595,539971312.0,2.26,-1.23,-15.71,0.64,28.799999999999955
2014-07-10,000002,1262.43,1276.83,1286.0,1262.43,498935,434251280.0,1.87,1.35,17.02,0.52,23.569999999999936
2014-07-11,000002,1299.09,1292.54,1309.56,1283.38,849992,753337584.0,2.05,1.23,15.71,0.88,26.179999999999836
2014-07-14,000002,1289.92,1301.71,1313.49,1284.69,513883,456768848.0,2.23,0.71,9.17,0.53,28.799999999999955
2014-07-15,000002,1299.09,1299.09,1304.32,1296.47,375981,333194480.0,0.6,-0.2,-2.62,0.39,7.849999999999909
2014-07-16,000002,1297.78,1278.14,1308.25,1274.21,731639,643863904.0,2.62,-1.61,-20.95,0.76,34.039999999999964
2014-07-17,000002,1276.83,1266.36,1284.69,1248.03,705072,606426560.0,2.87,-0.92,-11.78,0.73,36.66000000000008
2014-07-18,000002,1255.89,1303.01,1320.03,1253.27,1025450,911236832.0,5.27,2.89,36.65,1.06,66.75999999999999
2014-07-21,000002,1304.32,1309.56,1316.11,1301.71,515901,460833376.0,1.11,0.5,6.55,0.53,14.399999999999864
2014-07-22,000002,1304.32,1340.98,1344.91,1301.71,875267,798481808.0,3.3,2.4,31.42,0.9,43.200000000000045
2014-07-23,000002,1340.98,1368.47,1377.63,1340.98,892433,833888080.0,2.73,2.05,27.49,0.92,36.65000000000009
2014-07-24,000002,1372.4,1418.21,1424.76,1372.4,1432468,1391582384.0,3.83,3.63,49.74,1.48,52.3599999999999
2014-07-25,000002,1424.76,1423.45,1433.92,1392.03,738573,718195296.0,2.95,0.37,5.24,0.76,41.8900000000001
2014-07-28,000002,1423.45,1428.69,1448.32,1410.36,1220070,1203056160.0,2.67,0.37,5.24,1.26,37.960000000000036
2014-07-29,000002,1427.38,1448.32,1460.11,1409.05,1066606,1049519312.0,3.57,1.37,19.63,1.1,51.059999999999945
2014-07-30,000002,1439.16,1399.89,1449.63,1381.56,1633035,1576620336.0,4.7,-3.34,-48.43,1.69,68.07000000000016
2014-07-31,000002,1393.34,1435.23,1437.85,1381.56,922419,897485552.0,4.02,2.52,35.34,0.95,56.289999999999964
2014-08-01,000002,1422.14,1414.29,1445.71,1412.98,903076,887076752.0,2.28,-1.46,-20.94,0.93,32.73000000000002
2014-08-04,000002,1415.6,1441.78,1444.4,1405.12,906383,891646192.0,2.78,1.94,27.49,0.94,39.2800000000002
2014-08-05,000002,1444.4,1414.29,1444.4,1405.12,822254,802120544.0,2.72,-1.91,-27.49,0.85,39.2800000000002
2014-08-06,000002,1406.43,1393.34,1407.74,1378.94,766842,731466416.0,2.04,-1.48,-20.95,0.79,28.799999999999955
2014-08-07,000002,1390.72,1385.49,1402.51,1380.25,691682,659892080.0,1.6,-0.56,-7.85,0.72,22.25999999999999
2014-08-08,000002,1385.49,1375.01,1388.11,1356.69,877855,825820048.0,2.27,-0.76,-10.48,0.91,31.419999999999845
2014-08-11,000002,1375.01,1397.27,1406.43,1375.01,701998,674648736.0,2.29,1.62,22.26,0.73,31.420000000000073
2014-08-12,000002,1397.27,1390.72,1397.27,1382.87,517428,493666048.0,1.03,-0.47,-6.55,0.53,14.400000000000091
2014-08-13,000002,1397.27,1389.41,1399.89,1369.78,531308,506251152.0,2.17,-0.09,-1.31,0.55,30.110000000000127
2014-08-14,000002,1388.11,1364.54,1392.03,1363.23,626640,591453920.0,2.07,-1.79,-24.87,0.65,28.799999999999955
2014-08-15,000002,1363.23,1369.78,1382.87,1363.23,418079,393850768.0,1.44,0.38,5.24,0.43,19.639999999999873
2014-08-18,000002,1371.09,1367.16,1380.25,1363.23,586811,551229472.0,1.24,-0.19,-2.62,0.61,17.019999999999982
2014-08-19,000002,1373.71,1369.78,1373.71,1360.61,581954,544880256.0,0.96,0.19,2.62,0.6,13.100000000000136
2014-08-20,000002,1368.47,1344.91,1368.47,1340.98,935990,865292048.0,2.01,-1.82,-24.87,0.97,27.49000000000001
2014-08-21,000002,1340.98,1360.61,1361.92,1320.03,973011,892389792.0,3.11,1.17,15.7,1.01,41.8900000000001
2014-08-22,000002,1351.45,1363.23,1365.85,1348.83,582371,542859552.0,1.25,0.19,2.62,0.6,17.019999999999982
2014-08-25,000002,1360.61,1338.36,1360.61,1331.81,532182,488992672.0,2.11,-1.82,-24.87,0.55,28.799999999999955
2014-08-26,000002,1330.51,1338.36,1346.21,1327.89,349707,320373984.0,1.37,0.0,0.0,0.36,18.319999999999936
2014-08-27,000002,1338.36,1338.36,1351.45,1331.81,333041,305748080.0,1.47,0.0,0.0,0.34,19.6400000000001
2014-08-28,000002,1338.36,1320.03,1340.98,1318.72,510218,463319168.0,1.66,-1.37,-18.33,0.53,22.25999999999999
2014-08-29,000002,1323.96,1333.12,1337.05,1320.03,316540,287416192.0,1.29,0.99,13.09,0.33,17.019999999999982
2014-09-01,000002,1333.12,1339.67,1342.29,1330.51,436507,398975856.0,0.88,0.49,6.55,0.45,11.779999999999973
2014-09-02,000002,1342.29,1350.14,1350.14,1331.81,610471,560099392.0,1.37,0.78,10.47,0.63,18.330000000000155
2014-09-03,000002,1351.45,1382.87,1385.49,1350.14,1170169,1103831744.0,2.62,2.42,32.73,1.21,35.34999999999991
2014-09-04,000002,1402.51,1405.12,1418.21,1395.96,1100240,1065268160.0,1.61,1.61,22.25,1.14,22.25
2014-09-05,000002,1410.36,1426.07,1430.0,1406.43,924772,904674976.0,1.68,1.49,20.95,0.96,23.569999999999936
2014-09-09,000002,1426.07,1398.58,1426.07,1393.34,630201,608209616.0,2.3,-1.93,-27.49,0.65,32.73000000000002
2014-09-10,000002,1384.18,1377.63,1388.11,1363.23,691211,651449280.0,1.78,-1.5,-20.95,0.71,24.87999999999988
2014-09-11,000002,1372.4,1375.01,1393.34,1368.47,704682,666584832.0,1.81,-0.19,-2.62,0.73,24.86999999999989
2014-09-12,000002,1369.78,1375.01,1377.63,1361.92,388228,364837584.0,1.14,0.0,0.0,0.4,15.710000000000036
2014-09-15,000002,1364.54,1350.14,1364.54,1343.6,961560,889241232.0,1.52,-1.81,-24.87,0.99,20.940000000000055
2014-09-16,000002,1355.38,1344.91,1361.92,1344.91,790174,732481696.0,1.26,-0.39,-5.23,0.82,17.00999999999999
2014-09-17,000002,1352.76,1352.76,1356.69,1346.21,675671,625744432.0,0.78,0.58,7.85,0.7,10.480000000000018
2014-09-18,000002,1346.21,1347.52,1354.07,1339.67,648545,597581040.0,1.06,-0.39,-5.24,0.67,14.399999999999864
2014-09-19,000002,1347.52,1354.07,1354.07,1340.98,660691,609410848.0,0.97,0.49,6.55,0.68,13.089999999999918
2014-09-22,000002,1351.45,1346.21,1359.31,1342.29,668230,617774576.0,1.26,-0.58,-7.86,0.69,17.019999999999982
2014-09-23,000002,1361.92,1360.61,1382.87,1354.07,879440,823702576.0,2.14,1.07,14.4,0.91,28.799999999999955
2014-09-24,000002,1356.69,1375.01,1376.32,1351.45,898004,842009376.0,1.83,1.06,14.4,0.93,24.86999999999989
2014-09-25,000002,1381.56,1368.47,1385.49,1364.54,789391,743524080.0,1.52,-0.48,-6.54,0.82,20.950000000000045
2014-09-26,000002,1367.16,1360.61,1371.09,1354.07,543491,506336512.0,1.24,-0.57,-7.86,0.56,17.019999999999982
2014-09-29,000002,1360.61,1346.21,1360.61,1337.05,873742,804914960.0,1.73,-1.06,-14.4,0.9,23.559999999999945
2014-09-30,000002,1344.91,1340.98,1347.52,1337.05,519219,476490384.0,0.78,-0.39,-5.23,0.54,10.470000000000027
2014-10-08,000002,1388.11,1375.01,1393.34,1363.23,1447312,1368339552.0,2.25,2.54,34.03,1.5,30.1099999999999
2014-10-09,000002,1376.32,1378.94,1392.03,1376.32,825050,783407456.0,1.14,0.29,3.93,0.85,15.710000000000036
2014-10-10,000002,1378.94,1392.03,1410.36,1371.09,1178579,1131702752.0,2.85,0.95,13.09,1.22,39.26999999999998
2014-10-13,000002,1392.03,1401.2,1422.14,1382.87,828537,799998960.0,2.82,0.66,9.17,0.86,39.27000000000021
2014-10-14,000002,1399.89,1384.18,1399.89,1376.32,654398,623317344.0,1.68,-1.21,-17.02,0.68,23.570000000000164
2014-10-15,000002,1377.63,1371.09,1385.49,1356.69,609060,572109088.0,2.08,-0.95,-13.09,0.63,28.799999999999955
2014-10-16,000002,1363.23,1358.0,1367.16,1354.07,608290,567120608.0,0.95,-0.95,-13.09,0.63,13.090000000000146
2014-10-17,000002,1358.0,1363.23,1371.09,1351.45,591396,552794400.0,1.45,0.39,5.23,0.61,19.639999999999873
2014-10-20,000002,1369.78,1363.23,1377.63,1359.31,597402,559934848.0,1.34,0.0,0.0,0.62,18.320000000000164
2014-10-21,000002,1360.61,1346.21,1361.92,1343.6,551513,511264672.0,1.34,-1.25,-17.02,0.57,18.320000000000164
2014-10-22,000002,1347.52,1343.6,1354.07,1340.98,412006,380052400.0,0.97,-0.19,-2.61,0.43,13.089999999999918
2014-10-23,000002,1344.91,1330.51,1348.83,1322.65,478059,437630448.0,1.95,-0.97,-13.09,0.49,26.179999999999836
2014-10-24,000002,1329.2,1329.2,1340.98,1323.96,325344,296068272.0,1.28,-0.1,-1.31,0.34,17.019999999999982
2014-10-27,000002,1327.89,1288.61,1329.2,1283.38,842477,744719008.0,3.45,-3.05,-40.59,0.87,45.819999999999936
2014-10-28,000002,1293.85,1320.03,1321.34,1293.85,693201,617348848.0,2.13,2.44,31.42,0.72,27.49000000000001
2014-10-29,000002,1321.34,1346.21,1346.21,1306.94,837366,760959296.0,2.97,1.98,26.18,0.87,39.26999999999998
2014-10-30,000002,1346.21,1340.98,1346.21,1326.58,692821,632422192.0,1.46,-0.39,-5.23,0.72,19.63000000000011
2014-10-31,000002,1338.36,1369.78,1372.4,1337.05,1100853,1026129184.0,2.64,2.15,28.8,1.14,35.350000000000136
2014-11-03,000002,1373.71,1356.69,1390.72,1343.6,884539,830074304.0,3.44,-0.96,-13.09,0.91,47.12000000000012
2014-11-04,000002,1351.45,1368.47,1372.4,1340.98,905869,841437760.0,2.32,0.87,11.78,0.94,31.420000000000073
2014-11-05,000002,1367.16,1355.38,1371.09,1350.14,478827,445495792.0,1.53,-0.96,-13.09,0.49,20.949999999999818
2014-11-06,000002,1359.31,1360.61,1382.87,1355.38,724469,680029776.0,2.03,0.39,5.23,0.75,27.48999999999978
2014-11-07,000002,1361.92,1369.78,1390.72,1350.14,1002196,942274016.0,2.98,0.67,9.17,1.04,40.57999999999993
2014-11-10,000002,1382.87,1393.34,1398.58,1375.01,1291618,1232898816.0,1.72,1.72,23.56,1.34,23.569999999999936
2014-11-11,000002,1399.89,1395.96,1422.14,1390.72,1662415,1607690080.0,2.26,0.19,2.62,1.72,31.420000000000073
2014-11-12,000002,1393.34,1410.36,1414.29,1388.11,947387,915589248.0,1.88,1.03,14.4,0.98,26.180000000000064
2014-11-13,000002,1411.67,1384.18,1418.21,1376.32,991456,950344096.0,2.97,-1.86,-26.18,1.02,41.8900000000001
2014-11-14,000002,1380.25,1405.12,1407.74,1369.78,981738,941655552.0,2.74,1.51,20.94,1.01,37.960000000000036
2014-11-17,000002,1409.05,1378.94,1427.38,1369.78,996177,954597760.0,4.1,-1.86,-26.18,1.03,57.600000000000136
2014-11-18,000002,1373.71,1355.38,1380.25,1347.52,709608,661328352.0,2.37,-1.71,-23.56,0.73,32.73000000000002
2014-11-19,000002,1350.14,1342.29,1359.31,1337.05,725051,667606288.0,1.64,-0.97,-13.09,0.75,22.25999999999999
2014-11-20,000002,1337.05,1348.83,1352.76,1335.74,579625,534251744.0,1.27,0.49,6.54,0.6,17.019999999999982
2014-11-21,000002,1347.52,1365.85,1367.16,1340.98,795802,737516896.0,1.94,1.26,17.02,0.82,26.180000000000064
2014-11-24,000002,1435.23,1467.96,1487.6,1415.6,4698767,4708755968.0,5.27,7.48,102.11,4.86,72.0
2014-11-25,000002,1467.96,1458.8,1477.12,1441.78,1867132,1878702032.0,2.41,-0.62,-9.16,1.93,35.33999999999992
2014-11-26,000002,1458.8,1461.42,1467.96,1440.47,1890551,1901560416.0,1.88,0.18,2.62,1.95,27.49000000000001
2014-11-27,000002,1466.65,1483.67,1507.23,1452.25,2162683,2215513824.0,3.76,1.52,22.25,2.24,54.98000000000002
2014-11-28,000002,1474.51,1566.14,1579.23,1462.72,3320329,3502931824.0,7.85,5.56,82.47,3.43,116.50999999999999
2014-12-01,000002,1566.14,1532.11,1577.92,1528.18,2059768,2216246448.0,3.18,-2.17,-34.03,2.13,49.74000000000001
2014-12-02,000002,1519.02,1570.07,1598.87,1508.54,2353229,2542842832.0,5.9,2.48,37.96,2.43,90.32999999999993
2014-12-03,000002,1579.23,1605.42,1694.43,1579.23,3408338,3901968480.0,7.34,2.25,35.35,3.52,115.20000000000005
2014-12-04,000002,1606.73,1669.56,1683.96,1583.16,2322180,2660987536.0,6.28,4.0,64.14,2.4,100.79999999999995
2014-12-05,000002,1674.8,1639.45,1723.23,1592.32,3123284,3617616784.0,7.84,-1.8,-30.11,3.23,130.91000000000008
2014-12-08,000002,1638.14,1749.42,1779.53,1618.51,3592708,4304524544.0,9.82,6.71,109.97,3.71,161.01999999999998
2014-12-09,000002,1710.14,1634.22,1867.24,1615.89,4567689,5655065856.0,14.37,-6.59,-115.2,4.72,251.3499999999999
2014-12-10,000002,1655.16,1703.6,1720.62,1613.27,2672549,3132378720.0,6.57,4.25,69.38,2.76,107.34999999999991
2014-12-11,000002,1683.96,1714.07,1769.05,1668.25,1844101,2225831104.0,5.92,0.61,10.47,1.91,100.79999999999995
2014-12-12,000002,1714.07,1669.56,1729.78,1644.69,1310259,1546874736.0,4.96,-2.6,-44.51,1.35,85.08999999999992
2014-12-15,000002,1651.23,1618.51,1652.54,1589.71,1677884,1882178240.0,3.76,-3.06,-51.05,1.73,62.82999999999993
2014-12-16,000002,1608.03,1648.62,1648.62,1589.71,2038079,2301756624.0,3.64,1.86,30.11,2.11,58.909999999999854
2014-12-17,000002,1644.69,1700.98,1704.91,1613.27,3055534,3550821136.0,5.56,3.18,52.36,3.16,91.6400000000001
2014-12-18,000002,1711.45,1660.4,1746.8,1651.23,2416893,2874781760.0,5.62,-2.39,-40.58,2.5,95.56999999999994
2014-12-19,000002,1660.4,1642.07,1661.71,1602.8,1822461,2075060448.0,3.55,-1.1,-18.33,1.88,58.91000000000008
2014-12-22,000002,1644.69,1673.49,1733.71,1619.82,2766515,3266151552.0,6.94,1.91,31.42,2.86,113.8900000000001
2014-12-23,000002,1670.87,1677.42,1736.33,1625.05,2860119,3420035488.0,6.65,0.23,3.93,2.95,111.27999999999997
2014-12-24,000002,1673.49,1583.16,1677.42,1570.07,2715194,3056208336.0,6.4,-5.62,-94.26,2.81,107.35000000000014
2014-12-25,000002,1589.71,1608.03,1615.89,1571.38,1613411,1795369904.0,2.81,1.57,24.87,1.67,44.50999999999999
2014-12-26,000002,1609.34,1681.34,1685.27,1602.8,2576462,2964825200.0,5.13,4.56,73.31,2.66,82.47000000000003
2014-12-29,000002,1714.07,1766.43,1822.73,1694.43,5437483,6751927296.0,7.63,5.06,85.09,5.62,128.29999999999995
2014-12-30,000002,1769.05,1793.93,1860.69,1735.02,3861244,4894974976.0,7.11,1.56,27.5,3.99,125.67000000000007
2014-12-31,000002,1788.69,1958.87,1958.87,1770.36,4899545,6494929920.0,10.51,9.19,164.94,5.05,188.51
2015-01-05,000002,2023.02,2091.09,2140.84,2000.76,6560836,9700711936.0,7.15,6.75,132.22,6.76,140.08000000000015
2015-01-06,000002,2050.51,2019.09,2101.56,1978.51,3346347,4839616000.0,5.88,-3.44,-72.0,3.45,123.04999999999995
2015-01-07,000002,2006.0,2002.07,2037.42,1971.96,2642051,3772150816.0,3.24,-0.84,-17.02,2.72,65.46000000000004
2015-01-08,000002,2013.85,1918.29,2020.4,1901.27,2639394,3629554240.0,5.95,-4.18,-83.78,2.72,119.13000000000011
2015-01-09,000002,1911.74,1899.96,2000.76,1879.02,3294584,4521978368.0,6.35,-0.96,-18.33,3.39,121.74000000000001
2015-01-12,000002,1882.94,1856.76,1882.94,1808.33,2436341,3180962976.0,3.93,-2.27,-43.2,2.51,74.61000000000013
2015-01-13,000002,1847.6,1850.22,1890.8,1837.13,1664610,2187988112.0,2.89,-0.35,-6.54,1.71,53.669999999999845
2015-01-14,000002,1850.22,1854.14,1880.33,1824.04,1646818,2160267872.0,3.04,0.21,3.92,1.7,56.289999999999964
2015-01-15,000002,1858.07,1941.85,1949.71,1841.05,2429687,3265535904.0,5.86,4.73,87.71,2.5,108.66000000000008
2015-01-16,000002,1941.85,1909.13,1941.85,1892.11,2129476,2892247312.0,2.56,-1.68,-32.72,2.19,49.74000000000001
2015-01-19,000002,1775.6,1732.4,1827.96,1732.4,3603626,4483884544.0,5.01,-9.26,-176.73,3.71,95.55999999999995
2015-01-20,000002,1736.33,1755.96,1788.69,1718.0,2914689,3604938304.0,4.08,1.36,23.56,3.0,70.69000000000005
2015-01-21,000002,1753.34,1847.6,1867.24,1723.23,3555294,4554003968.0,8.2,5.22,91.64,3.66,144.01
2015-01-22,000002,1843.67,1916.98,1926.14,1830.58,3224727,4326297856.0,5.17,3.76,69.38,3.32,95.56000000000017
2015-01-23,000002,1915.67,1961.49,1983.75,1880.33,3310409,4561752576.0,5.39,2.32,44.51,3.41,103.42000000000007
2015-01-26,000002,1970.65,1932.69,1971.96,1898.65,2162685,2957275792.0,3.74,-1.47,-28.8,2.23,73.30999999999995
2015-01-27,000002,1928.76,1864.62,1935.31,1822.73,2804018,3704808992.0,5.83,-3.52,-68.07,2.89,112.57999999999993
2015-01-28,000002,1855.45,1841.05,1876.4,1825.34,1561743,2035823392.0,2.74,-1.26,-23.57,1.61,51.06000000000017
2015-01-29,000002,1801.78,1842.36,1863.31,1791.31,1468303,1903301552.0,3.91,0.07,1.31,1.51,72.0
2015-01-30,000002,1852.84,1856.76,1905.2,1814.87,2096247,2753102016.0,4.9,0.78,14.4,2.16,90.33000000000015
2015-02-02,000002,1813.56,1825.34,1892.11,1772.98,1976761,2560710640.0,6.42,-1.69,-31.42,2.04,119.12999999999988
2015-02-03,000002,1829.27,1835.82,1858.07,1749.42,2936872,3721989136.0,5.95,0.57,10.48,3.02,108.64999999999986
2015-02-04,000002,1827.96,1814.87,1862.0,1810.94,1660872,2153610320.0,2.78,-1.14,-20.95,1.71,51.059999999999945
2015-02-05,000002,1892.11,1801.78,1910.44,1799.16,3160361,4154456496.0,6.13,-0.72,-13.09,3.25,111.27999999999997
2015-02-06,000002,1791.31,1731.09,1791.31,1707.53,3163186,3875290944.0,4.65,-3.92,-70.69,3.26,83.77999999999997
2015-02-09,000002,1714.07,1733.71,1753.34,1676.11,1278024,1545255552.0,4.46,0.15,2.62,1.32,77.23000000000002
2015-02-10,000002,1724.54,1765.13,1771.67,1716.69,1077456,1331390480.0,3.17,1.81,31.42,1.11,54.98000000000002
2015-02-11,000002,1775.6,1763.82,1793.93,1754.65,878329,1095982272.0,2.23,-0.07,-1.31,0.9,39.27999999999997
2015-02-12,000002,1763.82,1771.67,1782.14,1736.33,895267,1109421120.0,2.6,0.45,7.85,0.92,45.81000000000017
2015-02-13,000002,1780.84,1809.64,1842.36,1753.34,1968043,2503342416.0,5.02,2.14,37.97,2.03,89.01999999999998
2015-02-16,000002,1796.54,1793.93,1809.64,1779.53,1308145,1650830640.0,1.66,-0.87,-15.71,1.35,30.110000000000127
2015-02-17,000002,1803.09,1810.94,1818.8,1791.31,1198783,1525915120.0,1.53,0.95,17.01,1.23,27.49000000000001
2015-02-25,000002,1810.94,1762.51,1810.94,1753.34,1498052,1867537056.0,3.18,-2.67,-48.43,1.54,57.600000000000136
2015-02-26,000002,1762.51,1821.42,1821.42,1755.96,1733763,2189347872.0,3.71,3.34,58.91,1.79,65.46000000000004
2015-02-27,000002,1810.94,1808.33,1837.13,1800.47,1246319,1594683040.0,2.01,-0.72,-13.09,1.28,36.66000000000008
2015-03-02,000002,1843.67,1810.94,1854.14,1792.62,3225634,4151867600.0,3.4,0.14,2.61,3.32,61.52000000000021
2015-03-03,000002,1791.31,1736.33,1792.62,1731.09,2365535,2928813424.0,3.4,-4.12,-74.61,2.43,61.52999999999997
2015-03-04,000002,1736.33,1738.94,1759.89,1715.38,1647138,2005295680.0,2.56,0.15,2.61,1.7,44.50999999999999
2015-03-05,000002,1721.93,1697.05,1731.09,1685.27,1793787,2147302384.0,2.63,-2.41,-41.89,1.85,45.819999999999936
2015-03-06,000002,1697.05,1702.29,1727.16,1694.43,1105037,1324128272.0,1.93,0.31,5.24,1.14,32.73000000000002
2015-03-09,000002,1683.96,1738.94,1757.27,1648.62,2044229,2433768352.0,6.38,2.15,36.65,2.1,108.65000000000009
2015-03-10,000002,1721.93,1712.76,1731.09,1706.22,1077110,1297837472.0,1.43,-1.51,-26.18,1.11,24.86999999999989
2015-03-11,000002,1712.76,1700.98,1736.33,1693.13,1153734,1388717744.0,2.52,-0.69,-11.78,1.19,43.19999999999982
2015-03-12,000002,1718.0,1738.94,1748.11,1704.91,1818729,2208554384.0,2.54,2.23,37.96,1.87,43.19999999999982
2015-03-13,000002,1745.49,1740.25,1762.51,1731.09,1334070,1637333040.0,1.81,0.08,1.31,1.37,31.420000000000073
2015-03-16,000002,1757.27,1774.29,1779.53,1744.18,1753782,2175852224.0,2.03,1.96,34.04,1.81,35.34999999999991
2015-03-17,000002,1787.38,1792.62,1807.02,1776.91,2128349,2687890544.0,1.7,1.03,18.33,2.19,30.1099999999999
2015-03-18,000002,1795.24,1859.38,1867.24,1795.24,2895468,3741534016.0,4.02,3.72,66.76,2.98,72.0
2015-03-19,000002,1851.53,1824.04,1851.53,1809.64,2129789,2747447120.0,2.25,-1.9,-35.34,2.19,41.88999999999987
2015-03-20,000002,1834.51,1859.38,1886.87,1812.25,3494016,4561069568.0,4.09,1.94,35.34,3.6,74.61999999999989
2015-03-23,000002,1880.33,1888.18,1926.14,1875.09,3313612,4458518528.0,2.75,1.55,28.8,3.41,51.05000000000018
2015-03-24,000002,1889.49,1847.6,1890.8,1822.73,2656169,3473050240.0,3.61,-2.15,-40.58,2.73,68.06999999999994
2015-03-25,000002,1846.29,1812.25,1846.29,1800.47,2073761,2661617328.0,2.48,-1.91,-35.35,2.13,45.819999999999936
2015-03-26,000002,1800.47,1834.51,1847.6,1784.76,2090008,2680422976.0,3.47,1.23,22.26,2.15,62.83999999999992
2015-03-27,000002,1864.62,1886.87,1886.87,1843.67,3441590,4549707264.0,2.35,2.85,52.36,3.54,43.19999999999982
2015-03-30,000002,1893.42,2003.38,2034.8,1864.62,6361648,8775743744.0,9.02,6.17,116.51,6.55,170.18000000000006
2015-03-31,000002,2083.24,1948.4,2098.95,1926.14,7481474,10756474880.0,8.63,-2.74,-54.98,7.7,172.80999999999972
2015-04-01,000002,1936.62,1935.31,1953.64,1902.58,3758035,5137432576.0,2.62,-0.67,-13.09,3.87,51.06000000000017
2015-04-02,000002,1940.54,1918.29,1961.49,1897.34,3199246,4366632704.0,3.31,-0.88,-17.02,3.29,64.15000000000009
2015-04-03,000002,1894.73,1899.96,1903.89,1865.93,3565632,4752984832.0,1.98,-0.96,-18.33,3.67,37.960000000000036
2015-04-07,000002,1903.89,1935.31,1936.62,1889.49,3753195,5085149440.0,2.48,1.86,35.35,3.86,47.12999999999988
2015-04-08,000002,1935.31,1948.4,1961.49,1894.73,4489815,6141003008.0,3.45,0.68,13.09,4.62,66.75999999999999
2015-04-09,000002,1949.71,2055.75,2079.31,1907.82,7171547,10099960064.0,8.8,5.51,107.35,7.38,171.49
2015-04-10,000002,2008.62,2013.85,2033.49,1981.13,4248942,6067355136.0,2.55,-2.04,-41.9,4.37,52.3599999999999
2015-04-13,000002,2026.95,2020.4,2053.13,2000.76,4074305,5872259584.0,2.6,0.33,6.55,4.19,52.37000000000012
2015-04-14,000002,2015.16,1987.67,2032.18,1971.96,3276760,4665719552.0,2.98,-1.62,-32.73,3.37,60.22000000000003
2015-04-15,000002,1985.05,1958.87,1995.53,1947.09,2784023,3903055568.0,2.44,-1.45,-28.8,2.87,48.440000000000055
2015-04-16,000002,1951.02,2011.24,2011.24,1941.85,3346233,4722539776.0,3.54,2.67,52.37,3.44,69.3900000000001
2015-04-17,000002,2040.04,2059.67,2092.4,2012.55,5846093,8532838400.0,3.97,2.41,48.43,6.02,79.85000000000014
2015-04-20,000002,2074.07,1999.45,2115.96,1996.84,5933165,8718400512.0,5.78,-2.92,-60.22,6.11,119.12000000000012
2015-04-21,000002,1992.91,2034.8,2043.96,1974.58,3743243,5334591232.0,3.47,1.77,35.35,3.85,69.38000000000011
2015-04-22,000002,2037.42,2087.16,2092.4,2025.64,4468763,6569893120.0,3.28,2.57,52.36,4.6,66.75999999999999
2015-04-23,000002,2122.51,2071.45,2135.6,2057.05,4717331,7047246080.0,3.76,-0.75,-15.71,4.86,78.54999999999973
2015-04-24,000002,2034.8,2026.95,2063.6,1991.6,3620662,5206488320.0,3.48,-2.15,-44.5,3.73,72.0
2015-04-27,000002,2025.64,2063.6,2063.6,2011.24,4225620,6143012608.0,2.58,1.81,36.65,4.35,52.3599999999999
2015-04-28,000002,2057.05,1996.84,2058.36,1986.36,3866039,5550368000.0,3.49,-3.24,-66.76,3.98,72.00000000000023
2015-04-29,000002,1981.13,2003.38,2028.25,1962.8,2773329,3925805248.0,3.28,0.33,6.54,2.85,65.45000000000005
2015-04-30,000002,2015.16,2050.51,2093.71,1999.45,5411486,7892159744.0,4.71,2.35,47.13,5.57,94.25999999999999
2015-05-04,000002,2053.13,2043.96,2075.38,2024.33,3091768,4513107968.0,2.49,-0.32,-6.55,3.18,51.05000000000018
2015-05-05,000002,2051.82,1941.85,2054.44,1922.22,3285524,4628568832.0,6.47,-5.0,-102.11,3.38,132.22000000000003
2015-05-06,000002,1949.71,1914.36,1978.51,1894.73,2521719,3476236240.0,4.31,-1.42,-27.49,2.6,83.77999999999997
2015-05-07,000002,1911.74,1920.91,1943.16,1903.89,1754223,2387227472.0,2.05,0.34,6.55,1.81,39.26999999999998
2015-05-08,000002,1932.69,1945.78,1947.09,1902.58,1978575,2706847360.0,2.32,1.29,24.87,2.04,44.50999999999999
2015-05-11,000002,1971.96,1981.13,1985.05,1947.09,3653075,5107136000.0,1.95,1.82,35.35,3.76,37.960000000000036
2015-05-12,000002,1977.2,1961.49,1977.2,1949.71,2547328,3543629456.0,1.39,-0.99,-19.64,2.62,27.49000000000001
2015-05-13,000002,1962.8,2063.6,2092.4,1936.62,5805461,8257166336.0,7.94,5.21,102.11,5.98,155.7800000000002
2015-05-14,000002,2089.78,2049.2,2181.42,2041.35,7786253,11720036864.0,6.79,-0.7,-14.4,8.01,140.07000000000016
2015-05-15,000002,2064.91,1992.91,2074.07,1970.65,3391408,4843094784.0,5.05,-2.75,-56.29,3.49,103.42000000000007
2015-05-18,000002,1970.65,1951.02,1970.65,1932.69,2365271,3275761856.0,1.9,-2.1,-41.89,2.43,37.960000000000036
2015-05-19,000002,1956.25,1992.91,2006.0,1945.78,2581798,3640508080.0,3.09,2.15,41.89,2.66,60.22000000000003
2015-05-20,000002,1995.53,1978.51,2021.71,1969.35,3055941,4322772224.0,2.63,-0.72,-14.4,3.15,52.36000000000013
2015-05-21,000002,1982.44,1991.6,2011.24,1960.18,2540510,3572892592.0,2.58,0.66,13.09,2.61,51.059999999999945
2015-05-22,000002,1999.45,2036.11,2047.89,1991.6,3801245,5470598144.0,2.83,2.23,44.51,3.91,56.29000000000019
2015-05-25,000002,2041.35,2105.49,2119.89,2041.35,4465670,6625081088.0,3.86,3.41,69.38,4.6,78.53999999999996
2015-05-26,000002,2138.22,2203.67,2216.76,2084.55,6561486,10057211904.0,6.28,4.66,98.18,6.75,132.21000000000004
2015-05-27,000002,2187.96,2155.24,2214.15,2151.31,4124449,6427564032.0,2.85,-2.2,-48.43,4.25,62.840000000000146
2015-05-28,000002,2169.64,2017.78,2186.66,1973.27,4503202,6732346880.0,9.9,-6.38,-137.46,4.64,213.38999999999987
2015-05-29,000002,2017.78,2017.78,2043.96,1969.35,2845317,4071572240.0,3.7,0.0,0.0,2.93,74.61000000000013
2015-06-01,000002,2021.71,2087.16,2095.02,2004.69,3100400,4532477696.0,4.48,3.44,69.38,3.19,90.32999999999993
2015-06-02,000002,2102.87,2076.69,2104.18,2043.96,2678691,3954750208.0,2.89,-0.5,-10.47,2.76,60.2199999999998
2015-06-03,000002,2080.62,2109.42,2126.44,2043.96,3013718,4465195008.0,3.97,1.58,32.73,3.1,82.48000000000002
2015-06-04,000002,2112.04,2101.56,2148.69,1988.98,3752068,5585001984.0,7.57,-0.37,-7.86,3.86,159.71000000000004
2015-06-05,000002,2122.51,2177.49,2201.06,2104.18,5641506,8655397376.0,4.61,3.61,75.93,5.81,96.88000000000011
2015-06-08,000002,2181.42,2244.26,2262.58,2164.4,5849616,9285127936.0,4.51,3.07,66.77,6.02,98.17999999999984
2015-06-09,000002,2254.73,2189.27,2266.51,2167.02,4257387,6743275008.0,4.43,-2.45,-54.99,4.38,99.49000000000024
2015-06-10,000002,2159.16,2170.95,2201.06,2148.69,2829564,4409969664.0,2.39,-0.84,-18.32,2.91,52.36999999999989
2015-06-11,000002,2155.24,2144.76,2170.95,2122.51,2317570,3547349904.0,2.23,-1.21,-26.19,2.39,48.4399999999996
2015-06-12,000002,2148.69,2165.71,2189.27,2142.15,2467937,3820543424.0,2.2,0.98,20.95,2.54,47.11999999999989
2015-06-15,000002,2165.71,2096.33,2168.33,2091.09,2741811,4150648496.0,3.57,-3.2,-69.38,2.82,77.23999999999978
2015-06-16,000002,2092.4,2021.71,2093.71,2006.0,2668429,3899464624.0,4.18,-3.56,-74.62,2.75,87.71000000000004
2015-06-17,000002,2026.95,2047.89,2050.51,1985.05,2186124,3142743984.0,3.24,1.29,26.18,2.25,65.46000000000026
2015-06-18,000002,2055.75,1995.53,2079.31,1991.6,2625411,3811569264.0,4.28,-2.56,-52.36,2.7,87.71000000000004
2015-06-19,000002,1971.96,1913.05,1999.45,1906.51,2185684,3036824656.0,4.66,-4.13,-82.48,2.25,92.94000000000005
2015-06-23,000002,1919.6,2007.31,2011.24,1907.82,2776475,3861090640.0,5.41,4.93,94.26,2.86,103.42000000000007
2015-06-24,000002,2008.62,2021.71,2025.64,1981.13,2161885,3084495952.0,2.22,0.72,14.4,2.23,44.50999999999999
2015-06-25,000002,2024.33,1998.15,2071.45,1992.91,2544738,3689837168.0,3.88,-1.17,-23.56,2.62,78.53999999999974
2015-06-26,000002,1966.73,1897.34,2004.69,1814.87,3070641,4166709648.0,9.5,-5.05,-100.81,3.16,189.82000000000016
2015-06-29,000002,1952.33,1931.38,2011.24,1825.34,4207974,5808028928.0,9.8,1.79,34.04,4.33,185.9000000000001
2015-06-30,000002,1961.49,2040.04,2053.13,1919.6,4092262,5798870784.0,6.91,5.63,108.66,4.21,133.5300000000002
2015-07-01,000002,2004.69,2004.69,2066.22,1991.6,2892503,4193856480.0,3.66,-1.73,-35.35,2.98,74.61999999999989
2015-07-02,000002,2012.55,1999.45,2028.25,1859.38,3349161,4662117888.0,8.42,-0.26,-5.24,3.45,168.8699999999999
2015-07-03,000002,1962.8,1932.69,2004.69,1867.24,3154673,4345388544.0,6.87,-3.34,-66.76,3.25,137.45000000000005
2015-07-06,000002,2093.71,2087.16,2112.04,1958.87,6165474,8948479232.0,7.93,7.99,154.47,6.34,153.17000000000007
2015-07-07,000002,2037.42,2042.65,2109.42,1992.91,4650930,6771616000.0,5.58,-2.13,-44.51,4.79,116.50999999999999
2015-07-08,000002,1888.18,1875.09,1983.75,1852.84,7170862,9505576448.0,6.41,-8.2,-167.56,7.38,130.91000000000008
2015-07-09,000002,1875.09,2043.96,2049.2,1816.18,6070451,8507280640.0,12.43,9.01,168.87,6.25,233.01999999999975
2015-07-10,000002,1998.15,2098.95,2210.22,1971.96,9107702,13818804736.0,11.66,2.69,54.99,9.37,238.25999999999976
2015-07-13,000002,2050.51,2115.96,2167.02,2006.0,4687955,6994645504.0,7.67,0.81,17.01,4.82,161.01999999999998
2015-07-14,000002,2060.98,2043.96,2093.71,2025.64,2779624,4080586928.0,3.22,-3.4,-72.0,2.86,68.06999999999994
2015-07-15,000002,2029.56,2064.91,2117.27,2006.0,2683555,3950255712.0,5.44,1.02,20.95,2.76,111.26999999999998
2015-07-16,000002,2064.91,2063.6,2087.16,2028.25,1777246,2610989568.0,2.85,-0.06,-1.31,1.83,58.909999999999854
2015-07-17,000002,2072.76,2112.04,2130.36,2053.13,2552673,3797814672.0,3.74,2.35,48.44,2.63,77.23000000000002
2015-07-20,000002,2098.95,2148.69,2152.62,2076.69,2961502,4477265920.0,3.6,1.74,36.65,3.05,75.92999999999984
2015-07-21,000002,2138.22,2104.18,2138.22,2102.87,1957818,2867111552.0,1.65,-2.07,-44.51,2.01,35.34999999999991
2015-07-22,000002,2104.18,2129.06,2135.6,2050.51,2342344,3368836816.0,4.04,1.18,24.88,2.41,85.08999999999969
2015-07-23,000002,2108.11,2189.27,2198.44,2097.64,3373488,5050035968.0,4.73,2.83,60.21,3.47,100.80000000000018
2015-07-24,000002,2190.58,2222.0,2299.24,2181.42,4654227,7251860224.0,5.38,1.5,32.73,4.79,117.81999999999971
2015-07-27,000002,2222.0,2063.6,2294.0,2030.87,3127221,4729532416.0,11.84,-7.13,-158.4,3.22,263.1300000000001
2015-07-28,000002,2024.33,2118.58,2142.15,2006.0,2836192,4072799040.0,6.6,2.66,54.98,2.92,136.1500000000001
2015-07-29,000002,2115.96,2115.96,2135.6,2083.24,1641065,2380501168.0,2.47,-0.12,-2.62,1.69,52.36000000000013
2015-07-30,000002,2113.35,2047.89,2122.51,2047.89,1243464,1791243808.0,3.53,-3.22,-68.07,1.28,74.62000000000012
2015-07-31,000002,2030.87,2060.98,2068.84,2023.02,1227840,1729786304.0,2.24,0.64,13.09,1.26,45.820000000000164
2015-08-03,000002,2050.51,2117.27,2118.58,2032.18,1539137,2204306592.0,4.19,2.73,56.29,1.58,86.39999999999986
2015-08-04,000002,2117.27,2140.84,2165.71,2106.8,808632,1187891152.0,2.78,1.11,23.57,0.83,58.909999999999854
2015-08-05,000002,2132.98,2096.33,2135.6,2089.78,761177,1106443248.0,2.14,-2.08,-44.51,0.78,45.81999999999971
2015-08-06,000002,2071.45,2081.93,2119.89,2055.75,509537,733682832.0,3.06,-0.69,-14.4,0.52,64.13999999999987
2015-08-07,000002,2098.95,2115.96,2130.36,2087.16,866519,1264587904.0,2.07,1.63,34.03,0.89,43.20000000000027
2015-08-10,000002,2127.75,2177.49,2191.89,2106.8,1686307,2502184704.0,4.02,2.91,61.53,1.74,85.08999999999969
2015-08-11,000002,2161.78,2242.95,2290.07,2147.38,2567402,3972851888.0,6.55,3.01,65.46,2.64,142.69000000000005
2015-08-12,000002,2194.51,2159.16,2215.46,2146.07,1445252,2177932912.0,3.09,-3.74,-83.79,1.49,69.38999999999987
2015-08-13,000002,2155.24,2152.62,2176.18,2109.42,1163209,1722429936.0,3.09,-0.3,-6.54,1.2,66.75999999999976
2015-08-14,000002,2150.0,2161.78,2206.29,2143.46,1494007,2241605920.0,2.92,0.43,9.16,1.54,62.82999999999993
2015-08-17,000002,2139.53,2136.91,2144.76,2112.04,1273263,1869624464.0,1.51,-1.15,-24.87,1.31,32.720000000000255
2015-08-18,000002,2134.29,2066.22,2153.93,2050.51,1478447,2153134816.0,4.84,-3.31,-70.69,1.52,103.41999999999962
2015-08-19,000002,2049.2,2102.87,2108.11,2041.35,999341,1430580816.0,3.23,1.77,36.65,1.03,66.76000000000022
2015-08-20,000002,2083.24,2074.07,2096.33,2066.22,842494,1208966064.0,1.43,-1.37,-28.8,0.87,30.110000000000127
2015-08-21,000002,2062.29,2025.64,2087.16,2017.78,1379282,1938895360.0,3.35,-2.34,-48.43,1.42,69.37999999999988
2015-08-24,000002,1991.6,1931.38,1995.53,1890.8,3419757,4519424000.0,5.17,-4.65,-94.26,3.52,104.73000000000002
2015-08-25,000002,1880.33,1906.51,1961.49,1846.29,2750628,3615036352.0,5.96,-1.29,-24.87,2.83,115.20000000000005
2015-08-26,000002,1945.78,1939.24,2013.85,1913.05,2346847,3142741312.0,5.29,1.72,32.73,2.41,100.79999999999995
2015-08-27,000002,1990.29,1930.07,1995.53,1854.14,1533563,1996706384.0,7.29,-0.47,-9.17,1.58,141.38999999999987
2015-08-28,000002,1947.09,1982.44,1995.53,1911.74,1374187,1828208032.0,4.34,2.71,52.37,1.41,83.78999999999996
2015-08-31,000002,1960.18,2011.24,2011.24,1932.69,1434214,1932161664.0,3.96,1.45,28.8,1.48,78.54999999999995
2015-09-01,000002,1998.15,2067.53,2071.45,1940.54,1950730,2707269056.0,6.51,2.8,56.29,2.01,130.90999999999985
2015-09-02,000002,2007.31,2066.22,2080.62,1968.04,2294696,3218100528.0,5.45,-0.06,-1.31,2.36,112.57999999999993
2015-09-07,000002,2036.11,1985.05,2102.87,1971.96,1400581,1951782720.0,6.34,-3.93,-81.17,1.44,130.90999999999985
2015-09-08,000002,1977.2,1995.53,1995.53,1945.78,651811,880009920.0,2.51,0.53,10.48,0.67,49.75
2015-09-09,000002,1999.45,2006.0,2042.65,1983.75,834577,1150245264.0,2.95,0.52,10.47,0.86,58.90000000000009
2015-09-10,000002,1988.98,1977.2,2009.93,1973.27,417768,569659424.0,1.83,-1.44,-28.8,0.43,36.66000000000008
2015-09-11,000002,1983.75,1968.04,1994.22,1958.87,313453,424400224.0,1.79,-0.46,-9.16,0.32,35.350000000000136
2015-09-14,000002,1968.04,1931.38,1977.2,1928.76,568117,755029632.0,2.46,-1.86,-36.66,0.58,48.440000000000055
2015-09-15,000002,1931.38,1909.13,1944.47,1893.42,476739,623857248.0,2.64,-1.15,-22.25,0.49,51.049999999999955
2015-09-16,000002,1918.29,1962.8,1991.6,1894.73,707856,938469056.0,5.07,2.81,53.67,0.73,96.86999999999989
2015-09-17,000002,1952.33,1919.6,1957.56,1919.6,612530,812205520.0,1.93,-2.2,-43.2,0.63,37.960000000000036
2015-09-18,000002,1922.22,1922.22,1931.38,1911.74,344571,452012032.0,1.02,0.14,2.62,0.35,19.6400000000001
2015-09-21,000002,1914.36,1930.07,1932.69,1914.36,471721,620313024.0,0.95,0.41,7.85,0.49,18.330000000000155
2015-09-22,000002,1936.62,1940.54,1952.33,1930.07,451240,598058336.0,1.15,0.54,10.47,0.46,22.25999999999999
2015-09-23,000002,1926.14,1926.14,1940.54,1919.6,320597,422422528.0,1.08,-0.74,-14.4,0.33,20.940000000000055
2015-09-24,000002,1932.69,1918.29,1934.0,1913.05,443597,581284160.0,1.09,-0.41,-7.85,0.46,20.950000000000045
2015-09-25,000002,1909.13,1893.42,1918.29,1886.87,442280,573792768.0,1.64,-1.3,-24.87,0.46,31.420000000000073
2015-09-28,000002,1890.8,1886.87,1905.2,1877.71,412657,530321088.0,1.45,-0.35,-6.55,0.42,27.49000000000001
2015-09-29,000002,1873.78,1854.14,1879.02,1843.67,597879,757134592.0,1.87,-1.73,-32.73,0.62,35.34999999999991
2015-09-30,000002,1863.31,1871.16,1881.64,1850.22,489519,619877200.0,1.69,0.92,17.02,0.5,31.420000000000073
2015-10-08,000002,1939.24,1915.67,1948.4,1910.44,820862,1079570352.0,2.03,2.38,44.51,0.84,37.960000000000036
2015-10-09,000002,1923.53,1936.62,1943.16,1915.67,634505,835874048.0,1.44,1.09,20.95,0.65,27.49000000000001
2015-10-12,000002,1936.62,1969.35,1990.29,1934.0,784172,1053773056.0,2.91,1.69,32.73,0.81,56.289999999999964
2015-10-13,000002,1960.18,1968.04,1979.82,1952.33,568893,766321056.0,1.4,-0.07,-1.31,0.59,27.49000000000001
2015-10-14,000002,1948.4,1943.16,1968.04,1939.24,544905,726780384.0,1.46,-1.26,-24.88,0.56,28.799999999999955
2015-10-15,000002,1945.78,1974.58,1979.82,1943.16,438054,588366352.0,1.89,1.62,31.42,0.45,36.659999999999854
2015-10-16,000002,1975.89,1991.6,2004.69,1974.58,506453,690108144.0,1.52,0.86,17.02,0.52,30.110000000000127
2015-10-19,000002,1998.15,1975.89,1998.15,1958.87,574488,775820736.0,1.97,-0.79,-15.71,0.59,39.2800000000002
2015-10-20,000002,1962.8,1978.51,1991.6,1961.49,407246,550221152.0,1.52,0.13,2.62,0.42,30.1099999999999
2015-10-21,000002,1978.51,1936.62,1986.36,1932.69,558005,750692816.0,2.71,-2.12,-41.89,0.57,53.669999999999845
2015-10-22,000002,1936.62,1952.33,1958.87,1928.76,452334,602537136.0,1.55,0.81,15.71,0.47,30.1099999999999
2015-10-23,000002,1953.64,2003.38,2011.24,1947.09,675646,919824048.0,3.29,2.61,51.05,0.7,64.15000000000009
2015-10-26,000002,2021.71,1994.22,2033.49,1982.44,780360,1073356672.0,2.55,-0.46,-9.16,0.8,51.049999999999955
2015-10-27,000002,1978.51,1996.84,2000.76,1948.4,344633,468109408.0,2.63,0.13,2.62,0.35,52.3599999999999
2015-10-28,000002,1995.53,1992.91,2015.16,1992.91,344165,472561648.0,1.11,-0.2,-3.93,0.35,22.25
2015-10-29,000002,1992.91,1987.67,2002.07,1977.2,278918,380269920.0,1.25,-0.26,-5.24,0.29,24.86999999999989
2015-10-30,000002,1998.15,1994.22,2004.69,1985.05,298318,407329920.0,0.99,0.33,6.55,0.31,19.6400000000001
2015-11-02,000002,1986.36,1979.82,1994.22,1977.2,328989,447194384.0,0.85,-0.72,-14.4,0.34,17.019999999999982
2015-11-03,000002,1979.82,1992.91,1998.15,1977.2,297604,406129040.0,1.06,0.66,13.09,0.31,20.950000000000045
2015-11-04,000002,1991.6,2047.89,2050.51,1986.36,768654,1071494160.0,3.22,2.76,54.98,0.79,64.15000000000032
2015-11-05,000002,2043.96,2053.13,2113.35,2030.87,923181,1316863760.0,4.03,0.26,5.24,0.95,82.48000000000002
2015-11-06,000002,2051.82,2064.91,2078.0,2045.27,501765,710839376.0,1.59,0.57,11.78,0.52,32.73000000000002
2015-11-09,000002,2064.91,2089.78,2123.82,2060.98,830505,1202251920.0,3.04,1.2,24.87,0.85,62.840000000000146
2015-11-10,000002,2080.62,2072.76,2085.85,2063.6,524600,749031904.0,1.06,-0.81,-17.02,0.54,22.25
2015-11-11,000002,2064.91,2059.67,2079.31,2050.51,578613,822609312.0,1.39,-0.63,-13.09,0.6,28.799999999999727
2015-11-12,000002,2068.84,2049.2,2070.15,2038.73,534851,755530672.0,1.53,-0.51,-10.47,0.55,31.420000000000073
2015-11-13,000002,2037.42,2024.33,2043.96,2015.16,383628,534644208.0,1.41,-1.21,-24.87,0.39,28.799999999999955
2015-11-16,000002,2012.55,2037.42,2037.42,1999.45,320707,445294096.0,1.88,0.65,13.09,0.33,37.97000000000003
2015-11-17,000002,2041.35,2037.42,2076.69,2024.33,651300,918176272.0,2.57,0.0,0.0,0.67,52.36000000000013
2015-11-18,000002,2046.58,2125.13,2203.67,2038.73,1753444,2576146304.0,8.1,4.3,87.71,1.8,164.94000000000005
2015-11-19,000002,2115.96,2102.87,2115.96,2060.98,886044,1272044240.0,2.59,-1.05,-22.26,0.91,54.98000000000002
2015-11-20,000002,2096.33,2101.56,2131.67,2085.85,732483,1064007008.0,2.18,-0.06,-1.31,0.75,45.820000000000164
2015-11-23,000002,2102.87,2085.85,2121.2,2079.31,629288,911464912.0,1.99,-0.75,-15.71,0.65,41.88999999999987
2015-11-24,000002,2085.85,2102.87,2109.42,2055.75,745687,1068471984.0,2.57,0.82,17.02,0.77,53.67000000000007
2015-11-25,000002,2092.4,2110.73,2131.67,2088.47,581819,848024656.0,2.05,0.37,7.86,0.6,43.20000000000027
2015-11-26,000002,2109.42,2102.87,2118.58,2098.95,383748,558000816.0,0.93,-0.37,-7.86,0.39,19.63000000000011
2015-11-27,000002,2093.71,2071.45,2122.51,2068.84,888156,1286416592.0,2.55,-1.49,-31.42,0.91,53.67000000000007
2015-11-30,000002,2075.38,2177.49,2201.06,2074.07,2020010,3029921808.0,6.13,5.12,106.04,2.08,126.98999999999978
2015-12-01,000002,2167.02,2375.17,2375.17,2159.16,3750164,6042685184.0,9.92,9.08,197.68,3.86,216.01000000000022
2015-12-02,000002,2388.26,2592.48,2592.48,2369.93,6389886,11337757184.0,9.37,9.15,217.31,6.57,222.55000000000018
2015-12-03,000002,2619.97,2711.6,2735.17,2571.53,4771236,8914671616.0,6.31,4.59,119.12,4.91,163.63999999999987
2015-12-04,000002,2678.88,2689.35,2801.93,2639.6,3768009,7225321984.0,5.99,-0.82,-22.25,3.88,162.32999999999993
2015-12-07,000002,2668.4,2563.68,2689.35,2517.86,2255719,4100197216.0,6.38,-4.67,-125.67,2.32,171.48999999999978
2015-12-08,000002,2547.97,2530.95,2570.22,2482.51,1529886,2702009056.0,3.42,-1.28,-32.73,1.57,87.70999999999958
2015-12-09,000002,2554.51,2763.97,2763.97,2536.18,3598520,6732052736.0,9.0,9.21,233.02,3.7,227.78999999999996
2015-12-10,000002,2769.2,2762.66,3000.91,2694.59,3067375,6153428224.0,11.08,-0.05,-1.31,3.16,306.3199999999997
2015-12-11,000002,2710.29,2809.79,2867.39,2663.17,2035008,3998320224.0,7.39,1.71,47.13,2.09,204.2199999999998
2015-12-14,000002,2770.51,2833.35,2885.71,2693.28,1392194,2747638832.0,6.85,0.84,23.56,1.43,192.42999999999984
2015-12-15,000002,2770.51,2964.26,3014.01,2770.51,1673876,3487966832.0,8.59,4.62,130.91,1.72,243.5
2015-12-16,000002,2905.35,2847.75,2952.48,2824.19,1185364,2410648704.0,4.33,-3.93,-116.51,1.22,128.28999999999996
2015-12-17,000002,2872.62,3112.19,3112.19,2868.7,2583393,5616476672.0,8.55,9.29,264.44,2.66,243.49000000000024
2015-12-18,000002,3137.06,3402.81,3402.81,3040.19,2238984,5288950784.0,11.65,9.34,290.62,2.3,362.6199999999999
2016-07-04,000002,3083.39,3083.39,3083.39,3083.39,42663,93815937.0,0.0,-9.39,-319.42,0.04,0.0
2016-07-05,000002,2795.39,2795.39,2795.39,2795.39,1990576,3939349904.0,0.0,-9.34,-288.0,2.05,0.0
2016-07-06,000002,2705.06,2796.69,2924.99,2705.06,10283727,20106488576.0,7.87,0.05,1.3,10.59,219.92999999999984
2016-07-07,000002,2705.06,2668.4,2720.77,2654.0,4300226,8133977856.0,2.39,-4.59,-128.29,4.43,66.76999999999998
2016-07-08,000002,2639.6,2659.24,2689.35,2588.55,3124437,5799513344.0,3.78,-0.34,-9.16,3.22,100.79999999999973
2016-07-11,000002,2626.51,2596.4,2651.39,2591.17,2412151,4444566784.0,2.26,-2.36,-62.84,2.48,60.2199999999998
2016-07-12,000002,2596.4,2576.77,2617.35,2503.46,3064821,5520900864.0,4.39,-0.76,-19.63,3.16,113.88999999999987
2016-07-13,000002,2561.06,2602.95,2625.2,2541.42,2543262,4619086336.0,3.25,1.02,26.18,2.62,83.77999999999975
2016-07-14,000002,2579.38,2555.82,2584.62,2550.58,1675569,3019075024.0,1.31,-1.81,-47.13,1.73,34.039999999999964
2016-07-15,000002,2547.97,2546.66,2567.6,2542.73,1082551,1941771664.0,0.97,-0.36,-9.16,1.12,24.86999999999989
2016-07-18,000002,2540.11,2486.44,2540.11,2485.13,1560004,2740431520.0,2.16,-2.36,-60.22,1.61,54.98000000000002
2016-07-19,000002,2481.2,2444.55,2481.2,2435.38,1627752,2792105616.0,1.84,-1.68,-41.89,1.68,45.81999999999971
2016-07-20,000002,2415.75,2440.62,2485.13,2396.11,2304922,3931445264.0,3.64,-0.16,-3.93,2.37,89.01999999999998
2016-07-21,000002,2418.37,2432.77,2455.02,2411.82,1444706,2455521952.0,1.77,-0.32,-7.85,1.49,43.19999999999982
2016-07-22,000002,2452.4,2481.2,2507.38,2447.17,2339709,4069504592.0,2.47,1.99,48.43,2.41,60.210000000000036
2016-07-25,000002,2464.18,2521.78,2533.57,2419.67,2354339,4116947088.0,4.59,1.64,40.58,2.43,113.90000000000009
2016-07-26,000002,2508.69,2532.26,2538.8,2498.22,1493197,2647747952.0,1.61,0.42,10.48,1.54,40.58000000000038
2016-07-27,000002,2532.26,2485.13,2538.8,2418.37,1476486,2573919248.0,4.76,-1.86,-47.13,1.52,120.43000000000029
2016-07-28,000002,2481.2,2550.58,2551.89,2457.64,1507463,2662314496.0,3.79,2.63,65.45,1.55,94.25
2016-07-29,000002,2530.95,2542.73,2570.22,2499.53,1986861,3398190592.0,2.77,-0.31,-7.85,2.05,70.6899999999996
2016-08-01,000002,2525.71,2546.66,2562.37,2511.31,1273062,2180111024.0,2.01,0.15,3.93,1.31,51.059999999999945
2016-08-02,000002,2538.8,2604.26,2616.04,2533.57,1604210,2808125312.0,3.24,2.26,57.6,1.65,82.4699999999998
2016-08-03,000002,2596.4,2639.6,2651.39,2588.55,1515551,2701874064.0,2.41,1.36,35.34,1.56,62.83999999999969
2016-08-04,000002,2623.89,2873.93,2873.93,2602.95,3713466,6982599168.0,10.27,8.88,234.33,3.83,270.98
2016-08-05,000002,2960.33,3041.5,3130.51,2911.9,3800723,7864094976.0,7.61,5.83,167.57,3.91,218.61000000000013
2016-08-08,000002,3014.01,3161.93,3303.32,2989.13,3673389,8068064000.0,10.33,3.96,120.43,3.78,314.19000000000005
2016-08-09,000002,3193.35,3175.02,3216.92,3067.68,2146893,4681283072.0,4.72,0.41,13.09,2.21,149.24000000000024
2016-08-10,000002,3139.68,3074.22,3163.24,3048.04,2063234,4418914304.0,3.63,-3.17,-100.8,2.13,115.19999999999982
2016-08-11,000002,3067.68,3010.08,3096.48,3000.91,1580388,3304482720.0,3.11,-2.09,-64.14,1.63,95.57000000000016
2016-08-12,000002,3021.86,3281.06,3281.06,2985.21,3748709,8174350592.0,9.83,9.0,270.98,3.86,295.8499999999999
2016-08-15,000002,3368.77,3579.54,3579.54,3363.53,3231106,7854928128.0,6.58,9.1,298.48,3.33,216.00999999999976
2016-08-16,000002,3769.35,3908.12,3908.12,3716.99,3334781,9013552384.0,5.34,9.18,328.58,3.44,191.1300000000001
2016-08-17,000002,3782.45,3682.95,3891.1,3618.81,3054821,8050574080.0,6.97,-5.76,-225.17,3.15,272.28999999999996
2016-08-18,000002,3610.95,3647.61,3922.52,3507.54,4133752,10758881280.0,11.27,-0.96,-35.34,4.26,414.98
2016-08-19,000002,3591.32,3518.01,3613.57,3507.54,2069912,5134726400.0,2.91,-3.55,-129.6,2.13,106.0300000000002
2016-08-22,000002,3544.19,3532.41,3644.99,3498.37,1792253,4483677696.0,4.17,0.41,14.4,1.85,146.6199999999999
2016-08-23,000002,3491.83,3532.41,3608.34,3418.52,1694763,4163383504.0,5.37,0.0,0.0,1.75,189.82000000000016
2016-08-24,000002,3493.13,3439.46,3550.74,3408.04,1470676,3561540336.0,4.04,-2.63,-92.95,1.51,142.69999999999982
2016-08-25,000002,3375.32,3380.55,3432.92,3271.9,1821375,4234198624.0,4.68,-1.71,-58.91,1.88,161.01999999999998
2016-08-26,000002,3387.1,3295.46,3387.1,3294.15,1200024,2780659168.0,2.75,-2.52,-85.09,1.24,92.94999999999982
2016-08-29,000002,3291.53,3298.08,3342.59,3277.13,782446,1796320544.0,1.99,0.08,2.62,0.81,65.46000000000004
2016-08-30,000002,3303.32,3265.35,3317.72,3250.95,909263,2072873248.0,2.02,-0.99,-32.73,0.94,66.76999999999998
2016-08-31,000002,3267.97,3562.52,3562.52,3257.5,2383126,5748581120.0,9.34,9.1,297.17,2.45,305.02
2016-09-01,000002,3571.68,3367.46,3572.99,3334.73,2565603,6157514240.0,6.69,-5.48,-195.06,2.64,238.25999999999976
2016-09-02,000002,3328.19,3410.66,3519.32,3311.17,1925079,4624433152.0,6.18,1.28,43.2,1.98,208.1500000000001
2016-09-05,000002,3388.41,3367.46,3398.88,3322.95,1028880,2405528944.0,2.23,-1.27,-43.2,1.06,75.93000000000029
2016-09-06,000002,3362.23,3351.75,3396.26,3309.86,982129,2280789504.0,2.57,-0.47,-15.71,1.01,86.40000000000009
2016-09-07,000002,3380.55,3345.21,3380.55,3322.95,794539,1853115072.0,1.72,-0.2,-6.54,0.82,57.600000000000364
2016-09-08,000002,3339.97,3391.03,3499.68,3326.88,1424684,3392089264.0,5.17,1.37,45.82,1.47,172.79999999999973
2016-09-09,000002,3375.32,3332.12,3387.1,3311.17,884297,2050212272.0,2.24,-1.74,-58.91,0.91,75.92999999999984
2016-09-12,000002,3257.5,3375.32,3436.84,3244.41,1379746,3205460976.0,5.78,1.3,43.2,1.42,192.4300000000003
2016-09-13,000002,3359.61,3385.79,3398.88,3336.04,887418,2080192656.0,1.86,0.31,10.47,0.91,62.840000000000146
2016-09-14,000002,3355.68,3385.79,3414.59,3353.06,785575,1852710864.0,1.82,0.0,0.0,0.81,61.5300000000002
2016-09-19,000002,3385.79,3392.33,3440.77,3376.63,586838,1389733072.0,1.89,0.19,6.54,0.6,64.13999999999987
2016-09-20,000002,3392.33,3391.03,3400.19,3339.97,625657,1469696496.0,1.78,-0.04,-1.3,0.64,60.220000000000255
2016-09-21,000002,3381.86,3521.94,3521.94,3363.53,2227502,5345198592.0,4.67,3.86,130.91,2.29,158.40999999999985
2016-09-22,000002,3545.5,3833.5,3843.97,3494.44,3567457,9350015488.0,9.92,8.85,311.56,3.67,349.52999999999975
2016-09-23,000002,3744.48,3634.52,3774.59,3603.1,1978384,5106198528.0,4.47,-5.19,-198.98,2.04,171.49000000000024
2016-09-26,000002,3596.55,3529.79,3617.5,3493.13,1324173,3272364944.0,3.42,-2.88,-104.73,1.36,124.36999999999989
2016-09-27,000002,3520.63,3590.01,3662.01,3507.54,1553418,3918881040.0,4.38,1.71,60.22,1.6,154.47000000000025
2016-09-28,000002,3555.97,3676.41,3752.34,3483.97,1564091,3989436896.0,7.48,2.41,86.4,1.61,268.37000000000035
2016-09-29,000002,3660.7,3701.28,3741.86,3621.43,1282986,3327400624.0,3.28,0.68,24.87,1.32,120.43000000000029
2016-09-30,000002,3689.5,3724.85,3892.41,3677.72,1358411,3600469952.0,5.8,0.64,23.57,1.4,214.69000000000005
2016-10-10,000002,3571.68,3698.66,3699.97,3527.17,1435512,3634603744.0,4.64,-0.7,-26.19,1.48,172.79999999999973
2016-10-11,000002,3669.86,3732.7,3887.17,3644.99,1507286,4017712912.0,6.55,0.92,34.04,1.55,242.1800000000003
2016-10-12,000002,3702.59,3781.14,3790.3,3654.15,877754,2296506608.0,3.65,1.3,48.44,0.9,136.1500000000001
2016-10-13,000002,3769.35,3808.63,3859.68,3741.86,1015574,2715384528.0,3.12,0.73,27.49,1.05,117.81999999999971
2016-10-14,000002,3823.03,3812.55,3866.23,3783.75,915143,2462592800.0,2.17,0.1,3.92,0.94,82.48000000000002
2016-10-17,000002,3768.05,3702.59,3800.77,3667.24,929151,2440490096.0,3.5,-2.88,-109.96,0.96,133.5300000000002
2016-10-18,000002,3689.5,3702.59,3719.61,3638.44,641774,1659245632.0,2.19,0.0,0.0,0.66,81.17000000000007
2016-10-19,000002,3702.59,3680.34,3765.43,3675.1,604605,1573933056.0,2.44,-0.6,-22.25,0.62,90.32999999999993
2016-10-20,000002,3665.94,3694.74,3792.92,3638.44,892419,2334841648.0,4.2,0.39,14.4,0.92,154.48000000000002
2016-10-21,000002,3663.32,3604.41,3686.88,3592.63,818706,2081832800.0,2.55,-2.44,-90.33,0.84,94.25
2016-10-24,000002,3604.41,3603.1,3630.59,3572.99,533196,1346250320.0,1.6,-0.04,-1.31,0.55,57.600000000000364
2016-10-25,000002,3597.86,3572.99,3616.19,3545.5,711492,1779390560.0,1.96,-0.84,-30.11,0.73,70.69000000000005
2016-10-26,000002,3571.68,3593.94,3604.41,3555.97,583826,1463092464.0,1.36,0.59,20.95,0.6,48.440000000000055
2016-10-27,000002,3580.84,3541.57,3580.84,3532.41,436480,1082761824.0,1.35,-1.46,-52.37,0.45,48.43000000000029
2016-10-28,000002,3516.7,3538.95,3604.41,3506.23,631413,1568803280.0,2.77,-0.07,-2.62,0.65,98.17999999999984
2016-10-31,000002,3538.95,3561.21,3637.14,3507.54,548274,1374214240.0,3.66,0.63,22.26,0.56,129.5999999999999
2016-11-01,000002,3597.86,3675.1,3715.68,3579.54,1358772,3476301168.0,3.82,3.2,113.89,1.4,136.13999999999987
2016-11-02,000002,3630.59,3558.59,3659.39,3558.59,1017361,2554448192.0,2.74,-3.17,-116.51,1.05,100.79999999999973
2016-11-03,000002,3541.57,3554.66,3596.55,3533.72,519230,1295407808.0,1.77,-0.11,-3.93,0.53,62.83000000000038
2016-11-04,000002,3550.74,3518.01,3571.68,3500.99,582099,1434751168.0,1.99,-1.03,-36.65,0.6,70.69000000000005
2016-11-07,000002,3502.3,3461.72,3516.7,3444.7,419894,1016201712.0,2.05,-1.6,-56.29,0.43,72.0
2016-11-08,000002,3461.72,3469.57,3504.92,3460.41,290066,703588896.0,1.29,0.23,7.85,0.3,44.51000000000022
2016-11-09,000002,3497.06,3741.86,3786.37,3486.59,4017161,10484546560.0,8.64,7.85,272.29,4.14,299.77999999999975
2016-11-10,000002,3702.59,3775.9,4001.06,3647.61,2430300,6611047680.0,9.45,0.91,34.04,2.5,353.4499999999998
2016-11-11,000002,3722.23,3701.28,3803.39,3663.32,958463,2495707504.0,3.71,-1.98,-74.62,0.99,140.0699999999997
2016-11-14,000002,3732.7,3663.32,3735.32,3612.26,878780,2254786432.0,3.32,-1.03,-37.96,0.91,123.05999999999995
2016-11-15,000002,3650.23,3825.65,3938.23,3631.9,1485886,3965893664.0,8.36,4.43,162.33,1.53,306.3299999999999
2016-11-16,000002,3786.37,3791.61,3862.3,3714.37,827117,2204526912.0,3.87,-0.89,-34.04,0.85,147.9300000000003
2016-11-17,000002,3783.75,3833.5,3833.5,3743.17,595134,1591480640.0,2.38,1.1,41.89,0.61,90.32999999999993
2016-11-18,000002,3938.23,3927.76,4095.32,3900.26,1503165,4252381232.0,5.09,2.46,94.26,1.55,195.05999999999995
2016-11-21,000002,3868.85,3885.86,3997.14,3703.9,1390655,3795901120.0,7.47,-1.07,-41.9,1.43,293.2399999999998
2016-11-22,000002,3838.74,3872.77,3888.48,3820.41,530390,1441172544.0,1.75,-0.34,-13.09,0.55,68.07000000000016
2016-11-23,000002,3951.32,3862.3,3973.57,3830.88,740907,2029094560.0,3.68,-0.27,-10.47,0.76,142.69000000000005
2016-11-24,000002,3843.97,3824.34,3858.37,3794.23,412246,1109119616.0,1.66,-0.98,-37.96,0.42,64.13999999999987
2016-11-25,000002,3806.01,3859.68,3912.05,3795.54,645947,1759275504.0,3.05,0.92,35.34,0.67,116.51000000000022
2016-11-28,000002,3880.63,3752.34,3888.48,3634.52,1255939,3329673920.0,6.58,-2.78,-107.34,1.29,253.96000000000004
2016-11-29,000002,3724.85,3723.54,3771.97,3689.5,780601,2049384800.0,2.2,-0.77,-28.8,0.8,82.4699999999998
2016-11-30,000002,3879.32,3830.88,3963.1,3803.39,1193184,3258833184.0,4.29,2.88,107.34,1.23,159.71000000000004
2016-12-01,000002,3775.9,3829.57,3872.77,3741.86,950171,2546519584.0,3.42,-0.03,-1.31,0.98,130.90999999999985
2016-12-02,000002,3795.54,3761.5,3813.86,3751.03,515730,1367269536.0,1.64,-1.78,-68.07,0.53,62.82999999999993
2016-12-05,000002,3582.15,3637.14,3699.97,3553.35,689063,1757025456.0,3.9,-3.31,-124.36,0.71,146.6199999999999
2016-12-06,000002,3591.32,3621.43,3654.15,3591.32,356455,903470480.0,1.73,-0.43,-15.71,0.37,62.82999999999993
2016-12-07,000002,3617.5,3590.01,3620.12,3464.33,494624,1230395712.0,4.3,-0.87,-31.42,0.51,155.78999999999996
2016-12-08,000002,3584.77,3537.64,3588.7,3532.41,380551,944277040.0,1.57,-1.46,-52.37,0.39,56.289999999999964
2016-12-09,000002,3520.63,3546.81,3593.94,3489.21,481680,1193735856.0,2.96,0.26,9.17,0.5,104.73000000000002
2016-12-12,000002,3542.88,3343.9,3542.88,3319.02,789019,1865280416.0,6.31,-5.72,-202.91,0.81,223.86000000000013
2016-12-13,000002,3312.48,3317.72,3346.52,3160.62,484501,1098531808.0,5.56,-0.78,-26.18,0.5,185.9000000000001
2016-12-14,000002,3266.66,3216.92,3296.77,3205.13,412815,931538272.0,2.76,-3.04,-100.8,0.43,91.63999999999987
2016-12-15,000002,3198.59,3222.15,3260.12,3163.24,355629,792479120.0,3.01,0.16,5.23,0.37,96.88000000000011
2016-12-16,000002,3194.66,3239.17,3277.13,3194.66,293976,660797248.0,2.56,0.53,17.02,0.3,82.47000000000025
2016-12-19,000002,3178.95,3061.13,3178.95,3053.28,700485,1497453232.0,3.88,-5.5,-178.04,0.72,125.66999999999962
2016-12-20,000002,3048.04,2960.33,3048.04,2936.77,719065,1473706464.0,3.63,-3.29,-100.8,0.74,111.26999999999998
2016-12-21,000002,2943.31,2979.97,3008.77,2943.31,531304,1085459328.0,2.21,0.66,19.64,0.55,65.46000000000004
2016-12-22,000002,2956.4,2996.99,3017.93,2930.22,499717,1023481824.0,2.94,0.57,17.02,0.51,87.71000000000004
2016-12-23,000002,2978.66,2956.4,3004.84,2949.86,324359,662932528.0,1.83,-1.35,-40.59,0.33,54.98000000000002
2016-12-26,000002,2944.62,3002.22,3007.46,2932.84,378125,776896912.0,2.52,1.55,45.82,0.39,74.61999999999989
2016-12-27,000002,3002.22,3103.02,3176.33,2994.37,743305,1584454688.0,6.06,3.36,100.8,0.77,181.96000000000004
2016-12-28,000002,3079.46,3074.22,3110.88,3049.35,321517,682434432.0,1.98,-0.93,-28.8,0.33,61.5300000000002
2016-12-29,000002,3086.01,3027.1,3089.93,3008.77,322046,673979872.0,2.64,-1.53,-47.12,0.33,81.15999999999985
2016-12-30,000002,3032.33,2989.13,3042.81,2976.04,261150,539245584.0,2.21,-1.25,-37.97,0.27,66.76999999999998
2017-01-03,000002,2989.13,3012.7,3032.33,2989.13,217017,449757488.0,1.45,0.79,23.57,0.22,43.19999999999982
2017-01-04,000002,3014.01,3028.41,3041.5,2976.04,331555,686745328.0,2.17,0.52,15.71,0.34,65.46000000000004
2017-01-05,000002,3028.41,3038.88,3078.15,3019.24,310126,651486112.0,1.95,0.35,10.47,0.32,58.91000000000031
2017-01-06,000002,3040.19,3000.91,3053.28,2996.99,235920,489032720.0,1.85,-1.25,-37.97,0.24,56.29000000000042
2017-01-09,000002,2995.68,3003.53,3015.31,2986.51,150954,311673792.0,0.96,0.09,2.62,0.16,28.799999999999727
2017-01-10,000002,3004.84,2993.06,3007.46,2985.21,159171,327766880.0,0.74,-0.35,-10.47,0.16,22.25
2017-01-11,000002,2985.21,2969.5,2999.61,2969.5,168652,345421488.0,1.01,-0.79,-23.56,0.17,30.110000000000127
2017-01-13,000002,3048.04,3154.08,3231.32,3034.95,1064266,2322228976.0,6.61,6.22,184.58,1.1,196.37000000000035
2017-01-16,000002,3154.08,3048.04,3154.08,2957.71,553240,1157108336.0,6.23,-3.36,-106.04,0.57,196.3699999999999
2017-01-17,000002,3012.7,3021.86,3042.81,2968.19,321040,663297424.0,2.45,-0.86,-26.18,0.33,74.61999999999989
2017-01-18,000002,3004.84,3037.57,3071.61,2986.51,324772,679288496.0,2.82,0.52,15.71,0.33,85.09999999999991
2017-01-19,000002,3008.77,2995.68,3032.33,2989.13,216888,448815808.0,1.42,-1.38,-41.89,0.22,43.19999999999982
2017-01-20,000002,2995.68,3006.15,3025.79,2987.82,215053,444921456.0,1.27,0.35,10.47,0.22,37.9699999999998
2017-01-23,000002,3008.77,3014.01,3028.41,3008.77,156373,324581616.0,0.65,0.26,7.86,0.16,19.639999999999873
2017-01-24,000002,3017.93,3007.46,3021.86,3002.22,159318,330140448.0,0.65,-0.22,-6.55,0.16,19.640000000000327
2017-01-25,000002,3006.15,2996.99,3012.7,2985.21,154647,319264480.0,0.91,-0.35,-10.47,0.16,27.48999999999978
2017-01-26,000002,3002.22,3006.15,3017.93,3002.22,141248,292423712.0,0.52,0.31,9.16,0.15,15.710000000000036
2017-02-03,000002,3007.46,3006.15,3020.55,3000.91,108927,225512789.0,0.65,0.0,0.0,0.11,19.640000000000327
2017-02-06,000002,3006.15,3010.08,3014.01,2995.68,141028,291578992.0,0.61,0.13,3.93,0.15,18.330000000000382
2017-02-07,000002,2994.37,3000.91,3024.48,2990.44,174077,359724224.0,1.13,-0.3,-9.17,0.18,34.039999999999964
2017-02-08,000002,3000.91,3007.46,3010.08,2982.59,180082,371268080.0,0.92,0.22,6.55,0.19,27.48999999999978
2017-02-09,000002,3010.08,3021.86,3093.86,3006.15,679249,1419378672.0,2.92,0.48,14.4,0.7,87.71000000000004
2017-02-10,000002,3019.24,3003.53,3019.24,2991.75,334926,691827776.0,0.91,-0.61,-18.33,0.34,27.48999999999978
2017-02-13,000002,3002.22,3017.93,3028.41,2994.37,285172,589942592.0,1.13,0.48,14.4,0.29,34.039999999999964
2017-02-14,000002,3017.93,3036.26,3045.42,3008.77,369764,771567664.0,1.21,0.61,18.33,0.38,36.65000000000009
2017-02-15,000002,3034.95,3004.84,3034.95,3003.53,287323,595809504.0,1.03,-1.03,-31.42,0.3,31.419999999999618
2017-02-16,000002,3004.84,3006.15,3016.62,2994.37,171055,353048704.0,0.74,0.04,1.31,0.18,22.25
2017-02-17,000002,3006.15,2987.82,3006.15,2985.21,198142,407777728.0,0.7,-0.61,-18.33,0.2,20.940000000000055
2017-02-20,000002,2989.13,2996.99,3012.7,2985.21,247483,510716896.0,0.92,0.31,9.17,0.25,27.48999999999978
2017-02-21,000002,3011.39,3045.42,3045.42,2999.61,536857,1120699392.0,1.53,1.62,48.43,0.55,45.809999999999945
2017-02-22,000002,3041.5,3034.95,3041.5,3020.55,225366,470272736.0,0.69,-0.34,-10.47,0.23,20.949999999999818
2017-02-23,000002,3040.19,3020.55,3045.42,3011.39,191638,398327264.0,1.12,-0.47,-14.4,0.2,34.0300000000002
2017-02-24,000002,3011.39,3011.39,3017.93,2998.3,217540,449771424.0,0.65,-0.3,-9.16,0.22,19.629999999999654
2017-02-27,000002,2991.75,2985.21,2999.61,2979.97,293447,602503184.0,0.65,-0.87,-26.18,0.3,19.640000000000327
2017-02-28,000002,2985.21,2986.51,2994.37,2978.66,159762,327716624.0,0.53,0.04,1.3,0.16,15.710000000000036
2017-03-01,000002,2989.13,2982.59,2994.37,2981.28,250601,514166304.0,0.44,-0.13,-3.92,0.26,13.08999999999969
2017-03-02,000002,2985.21,2961.64,2987.82,2960.33,222827,454426640.0,0.92,-0.7,-20.95,0.23,27.490000000000236
2017-03-03,000002,2961.64,2943.31,2965.57,2932.84,170261,344069856.0,1.11,-0.62,-18.33,0.18,32.73000000000002
2017-03-06,000002,2949.86,2945.93,2968.19,2935.46,276337,559074368.0,1.11,0.09,2.62,0.28,32.73000000000002
2017-03-07,000002,2948.55,2951.17,2955.1,2940.7,181572,367187328.0,0.49,0.18,5.24,0.19,14.400000000000091
2017-03-08,000002,2952.48,3011.39,3028.41,2951.17,657862,1358826208.0,2.62,2.04,60.22,0.68,77.23999999999978
2017-03-09,000002,2995.68,2983.9,3012.7,2962.95,246039,504798752.0,1.65,-0.91,-27.49,0.25,49.75
2017-03-10,000002,2985.21,2995.68,3015.31,2985.21,236308,488181184.0,1.01,0.39,11.78,0.24,30.09999999999991
2017-03-13,000002,3002.22,3010.08,3032.33,2983.9,419235,869278704.0,1.62,0.48,14.4,0.43,48.429999999999836
2017-03-14,000002,3023.17,3122.66,3231.32,3011.39,1209940,2610434160.0,7.31,3.74,112.58,1.25,219.9300000000003
2017-03-15,000002,3095.17,3086.01,3122.66,3048.04,506427,1077880896.0,2.39,-1.17,-36.65,0.52,74.61999999999989
2017-03-16,000002,3101.71,3083.39,3137.06,3065.06,516624,1101853840.0,2.33,-0.08,-2.62,0.53,72.0
2017-03-17,000002,3178.95,3118.73,3215.61,3113.5,789147,1719091616.0,3.31,1.15,35.34,0.81,102.11000000000013
2017-03-20,000002,3112.19,3065.06,3112.19,3028.41,555865,1170268064.0,2.69,-1.72,-53.67,0.57,83.7800000000002
2017-03-21,000002,3049.35,3071.61,3092.55,3024.48,288243,608369920.0,2.22,0.21,6.55,0.3,68.07000000000016
2017-03-22,000002,3067.68,3057.21,3070.3,3041.5,243581,512675952.0,0.94,-0.47,-14.4,0.25,28.800000000000182
2017-03-23,000002,3058.51,3106.95,3167.17,3042.81,534906,1144906752.0,4.07,1.63,49.74,0.55,124.36000000000013
2017-03-24,000002,3100.41,3112.19,3138.37,3087.31,384483,825818864.0,1.64,0.17,5.24,0.4,51.059999999999945
2017-03-27,000002,3123.97,3074.22,3126.59,3061.13,394655,842704880.0,2.1,-1.22,-37.97,0.41,65.46000000000004
2017-03-28,000002,3074.22,3083.39,3104.33,3050.66,258552,548747232.0,1.75,0.3,9.17,0.27,53.67000000000007
2017-03-29,000002,3084.7,3049.35,3086.01,3048.04,231036,487586656.0,1.23,-1.1,-34.04,0.24,37.970000000000255
2017-03-30,000002,3048.04,2986.51,3055.9,2979.97,317640,656689632.0,2.49,-2.06,-62.84,0.33,75.93000000000029
2017-03-31,000002,2986.51,2993.06,3000.91,2983.9,153297,315290032.0,0.57,0.22,6.55,0.16,17.009999999999764
2017-04-05,000002,2999.61,2993.06,3048.04,2989.13,851997,1758702688.0,1.97,0.0,0.0,0.88,58.909999999999854
2017-04-06,000002,2999.61,3020.55,3028.41,2993.06,533713,1105684880.0,1.18,0.92,27.49,0.55,35.34999999999991
2017-04-07,000002,3020.55,3021.86,3036.26,3004.84,313906,652368864.0,1.04,0.04,1.31,0.32,31.420000000000073
2017-04-10,000002,3011.39,2995.68,3015.31,2983.9,274599,565963440.0,1.04,-0.87,-26.18,0.28,31.409999999999854
2017-04-11,000002,2995.68,3008.77,3008.77,2943.31,458860,938204320.0,2.19,0.44,13.09,0.47,65.46000000000004
2017-04-12,000002,3008.77,3050.66,3122.66,3008.77,645855,1363421136.0,3.79,1.39,41.89,0.67,113.88999999999987
2017-04-13,000002,3048.04,3040.19,3067.68,3011.39,269101,562839616.0,1.85,-0.34,-10.47,0.28,56.289999999999964
2017-04-14,000002,3037.57,3000.91,3037.57,2995.68,218506,452007104.0,1.38,-1.29,-39.28,0.23,41.89000000000033
2017-04-17,000002,3000.91,2990.44,3000.91,2965.57,163624,335002736.0,1.18,-0.35,-10.47,0.17,35.33999999999969
2017-04-18,000002,2990.44,2978.66,3002.22,2977.35,135989,279288144.0,0.83,-0.39,-11.78,0.14,24.86999999999989
2017-04-19,000002,2976.04,2986.51,2998.3,2956.4,196328,401696832.0,1.41,0.26,7.85,0.2,41.90000000000009
2017-04-20,000002,2982.59,2999.61,3015.31,2982.59,248214,512035280.0,1.1,0.44,13.1,0.26,32.7199999999998
2017-04-21,000002,3000.91,3006.15,3015.31,2989.13,208445,430650192.0,0.87,0.22,6.54,0.21,26.179999999999836
2017-04-24,000002,3006.15,2973.42,3007.46,2957.71,180093,368489232.0,1.65,-1.09,-32.73,0.19,49.75
2017-04-25,000002,2974.73,2989.13,2999.61,2969.5,136163,279061568.0,1.01,0.53,15.71,0.14,30.110000000000127
2017-04-26,000002,2981.28,2964.26,2986.51,2961.64,186193,379882400.0,0.83,-0.83,-24.87,0.19,24.870000000000346
2017-04-27,000002,2959.02,2885.71,2960.33,2786.22,519118,1018995248.0,5.87,-2.65,-78.55,0.53,174.11000000000013
2017-04-28,000002,2835.97,2851.68,2858.22,2803.24,357431,690773488.0,1.91,-1.18,-34.03,0.37,54.98000000000002
2017-05-02,000002,2825.5,2812.4,2834.66,2799.31,184424,353863952.0,1.24,-1.38,-39.28,0.19,35.34999999999991
2017-05-03,000002,2812.4,2767.89,2818.95,2763.97,269266,511549328.0,1.95,-1.58,-44.51,0.28,54.98000000000002
2017-05-04,000002,2773.13,2788.84,2811.1,2773.13,178467,340627392.0,1.37,0.76,20.95,0.18,37.9699999999998
2017-05-05,000002,2779.68,2771.82,2795.39,2761.35,116551,220659844.0,1.22,-0.61,-17.02,0.12,34.039999999999964
2017-05-08,000002,2771.82,2716.84,2780.99,2712.91,183996,341697840.0,2.46,-1.98,-54.98,0.19,68.07999999999993
2017-05-09,000002,2711.6,2736.48,2744.33,2697.2,123564,229217675.0,1.73,0.72,19.64,0.13,47.13000000000011
2017-05-10,000002,2736.48,2743.02,2765.28,2736.48,156075,292340816.0,1.05,0.24,6.54,0.16,28.800000000000182
2017-05-11,000002,2743.02,2817.64,2838.59,2720.77,347255,661591584.0,4.3,2.72,74.62,0.36,117.82000000000016
2017-05-12,000002,2800.62,2838.59,2845.13,2777.06,222194,426308512.0,2.42,0.74,20.95,0.23,68.07000000000016
2017-05-15,000002,2838.59,2830.73,2847.75,2821.57,122093,236414786.0,0.92,-0.28,-7.86,0.13,26.179999999999836
2017-05-16,000002,2825.5,2816.33,2826.8,2769.2,189233,360407232.0,2.03,-0.51,-14.4,0.19,57.600000000000364
2017-05-17,000002,2803.24,2804.55,2809.79,2787.53,139248,265877522.0,0.79,-0.42,-11.78,0.14,22.259999999999764
2017-05-18,000002,2788.84,2791.46,2801.93,2782.29,104261,198884858.0,0.7,-0.47,-13.09,0.11,19.639999999999873
2017-05-19,000002,2795.39,2808.48,2811.1,2788.84,102373,195769345.0,0.8,0.61,17.02,0.11,22.259999999999764
2017-05-22,000002,2808.48,2795.39,2808.48,2765.28,147293,280016352.0,1.54,-0.47,-13.09,0.15,43.19999999999982
2017-05-23,000002,2787.53,2816.33,2825.5,2775.75,202716,387974304.0,1.78,0.75,20.94,0.21,49.75
2017-05-24,000002,2804.55,2811.1,2826.8,2775.75,189290,362272704.0,1.81,-0.19,-5.23,0.19,51.05000000000018
2017-05-25,000002,2805.86,2982.59,3025.79,2801.93,896979,1815758304.0,7.96,6.1,171.49,0.92,223.86000000000013
2017-05-26,000002,2956.4,2989.13,3015.31,2926.3,400659,814867072.0,2.98,0.22,6.54,0.41,89.00999999999976
2017-05-31,000002,3112.19,3082.08,3123.97,3034.95,682330,1447984272.0,2.98,3.11,92.95,0.7,89.01999999999998
2017-06-01,000002,3061.13,3059.82,3096.48,3038.88,266365,562162016.0,1.87,-0.72,-22.26,0.27,57.59999999999991
2017-06-02,000002,3058.51,3041.5,3087.31,3019.24,235397,493992192.0,2.22,-0.6,-18.32,0.24,68.07000000000016
2017-06-05,000002,3015.31,3061.13,3082.08,3010.08,285544,602173920.0,2.37,0.65,19.63,0.29,72.0
2017-06-06,000002,3054.59,3031.02,3106.95,3025.79,492776,1044876416.0,2.65,-0.98,-30.11,0.51,81.15999999999985
2017-06-12,000002,3110.88,3139.68,3283.68,3110.88,944276,2080848960.0,5.7,3.58,108.66,0.97,172.79999999999973
2017-06-13,000002,3167.17,3178.95,3239.17,3113.5,471002,1040218320.0,4.0,1.25,39.27,0.49,125.67000000000007
2017-06-14,000002,3165.86,3093.86,3165.86,3089.93,370107,798534304.0,2.39,-2.68,-85.09,0.38,75.93000000000029
2017-06-15,000002,3082.08,3053.28,3087.31,3024.48,233209,489523680.0,2.03,-1.31,-40.58,0.24,62.82999999999993
2017-06-16,000002,3054.59,3040.19,3071.61,3034.95,139298,292396352.0,1.2,-0.43,-13.09,0.14,36.66000000000031
2017-06-19,000002,3040.19,3045.42,3057.21,3034.95,118916,249680284.0,0.73,0.17,5.23,0.12,22.26000000000022
2017-06-20,000002,3040.19,3051.97,3083.39,3024.48,236756,497795184.0,1.93,0.22,6.55,0.24,58.909999999999854
2017-06-21,000002,3093.86,3053.28,3104.33,3034.95,194543,411153776.0,2.27,0.04,1.31,0.2,69.38000000000011
2017-06-22,000002,3061.13,3163.24,3218.22,3061.13,715929,1562559168.0,5.14,3.6,109.96,0.74,157.0899999999997
2017-06-23,000002,3158.01,3449.93,3449.93,3152.77,1251187,2905465120.0,9.39,9.06,286.69,1.29,297.15999999999985
2017-06-26,000002,3563.83,3765.43,3765.43,3512.77,1711183,4396209664.0,7.32,9.15,315.5,1.76,252.65999999999985
2017-06-27,000002,3703.9,3642.37,3706.52,3593.94,1198380,3059693488.0,2.99,-3.27,-123.06,1.23,112.57999999999993
2017-06-28,000002,3621.43,3571.68,3688.19,3542.88,946320,2391062416.0,3.99,-1.94,-70.69,0.97,145.30999999999995
2017-06-29,000002,3592.63,3592.63,3626.66,3514.08,706958,1767701600.0,3.15,0.59,20.95,0.73,112.57999999999993
2017-06-30,000002,3571.68,3567.75,3622.74,3524.55,595615,1487556608.0,2.73,-0.69,-24.88,0.61,98.1899999999996
2017-07-03,000002,3540.26,3515.39,3597.86,3487.9,452938,1115270384.0,3.08,-1.47,-52.36,0.47,109.96000000000004
2017-07-04,000002,3515.39,3422.44,3562.52,3377.93,740519,1798526832.0,5.25,-2.64,-92.95,0.76,184.59000000000015
2017-07-05,000002,3432.92,3511.46,3525.86,3366.15,747828,1802258144.0,4.67,2.6,89.02,0.77,159.71000000000004
2017-07-06,000002,3480.04,3469.57,3527.17,3434.23,474769,1154892656.0,2.65,-1.19,-41.89,0.49,92.94000000000005
2017-07-07,000002,3476.12,3527.17,3583.46,3444.7,583983,1442448496.0,4.0,1.66,57.6,0.6,138.76000000000022
2017-07-10,000002,3493.13,3497.06,3621.43,3469.57,609252,1510229008.0,4.31,-0.85,-30.11,0.63,151.85999999999967
2017-07-11,000002,3476.12,3538.95,3584.77,3460.41,475520,1179893504.0,3.56,1.2,41.89,0.49,124.36000000000013
2017-07-12,000002,3663.32,3631.9,3794.23,3600.48,996895,2583415792.0,5.47,2.63,92.95,1.03,193.75
2017-07-13,000002,3559.9,3497.06,3617.5,3493.13,833370,2064324256.0,3.42,-3.71,-134.84,0.86,124.36999999999989
2017-07-14,000002,3499.68,3518.01,3549.43,3487.9,201797,495832288.0,1.76,0.6,20.95,0.21,61.529999999999745
2017-07-18,000002,3647.61,3610.95,3676.41,3555.97,791834,2004962448.0,3.42,2.64,92.94,0.82,120.44000000000005
2017-07-19,000002,3552.04,3590.01,3710.45,3497.06,1008071,2526934176.0,5.91,-0.58,-20.94,1.04,213.38999999999987
2017-07-20,000002,3552.04,3617.5,3655.46,3536.34,633677,1598967696.0,3.32,0.77,27.49,0.65,119.11999999999989
2017-07-21,000002,3596.55,3542.88,3655.46,3525.86,477663,1195588640.0,3.58,-2.06,-74.62,0.49,129.5999999999999
2017-07-24,000002,3532.41,3414.59,3535.03,3359.61,835260,2000738208.0,4.95,-3.62,-128.29,0.86,175.42000000000007
2017-07-25,000002,3388.41,3343.9,3406.73,3338.66,362655,849637920.0,1.99,-2.07,-70.69,0.37,68.07000000000016
2017-07-26,000002,3346.52,3364.84,3398.88,3339.97,307159,719797712.0,1.76,0.63,20.94,0.32,58.91000000000031
2017-07-27,000002,3368.77,3309.86,3392.33,3302.01,426351,991318784.0,2.68,-1.63,-54.98,0.44,90.31999999999971
2017-07-28,000002,3309.86,3392.33,3419.83,3309.86,412508,971981312.0,3.32,2.49,82.47,0.42,109.9699999999998
2017-07-31,000002,3377.93,3358.3,3385.79,3322.95,309425,721127920.0,1.85,-1.0,-34.03,0.32,62.840000000000146
2017-08-01,000002,3355.68,3364.84,3381.86,3336.04,209523,490486912.0,1.36,0.19,6.54,0.22,45.820000000000164
2017-08-02,000002,3368.77,3385.79,3456.48,3366.15,353910,841309696.0,2.68,0.62,20.95,0.36,90.32999999999993
2017-08-03,000002,3385.79,3324.26,3385.79,3282.37,455189,1047661120.0,3.05,-1.82,-61.53,0.47,103.42000000000007
2017-08-04,000002,3309.86,3288.92,3317.72,3271.9,296123,676533264.0,1.38,-1.06,-35.34,0.3,45.81999999999971
2017-08-07,000002,3286.3,3271.9,3316.41,3267.97,234091,533908528.0,1.47,-0.52,-17.02,0.24,48.440000000000055
2017-08-08,000002,3284.99,3279.75,3284.99,3254.88,191585,434919024.0,0.92,0.24,7.85,0.2,30.109999999999673
2017-08-09,000002,3283.68,3303.32,3320.33,3271.9,244984,561145600.0,1.48,0.72,23.57,0.25,48.429999999999836
2017-08-10,000002,3308.55,3283.68,3308.55,3248.33,239302,543682000.0,1.82,-0.59,-19.64,0.25,60.220000000000255
2017-08-11,000002,3257.5,3181.57,3269.28,3178.95,344131,768450896.0,2.75,-3.11,-102.11,0.35,90.33000000000038
2017-08-14,000002,3194.66,3172.41,3211.68,3143.61,400870,879296832.0,2.14,-0.29,-9.16,0.41,68.06999999999971
2017-08-15,000002,3177.64,3181.57,3202.52,3160.62,247722,544574592.0,1.32,0.29,9.16,0.26,41.90000000000009
2017-08-16,000002,3192.04,3160.62,3192.04,3146.22,229565,501790368.0,1.44,-0.66,-20.95,0.24,45.820000000000164
2017-08-17,000002,3165.86,3168.48,3175.02,3142.3,197749,433006768.0,1.04,0.25,7.86,0.2,32.7199999999998
2017-08-18,000002,3163.24,3286.3,3303.32,3154.08,552725,1242948880.0,4.71,3.72,117.82,0.57,149.24000000000024
2017-08-21,000002,3270.59,3260.12,3284.99,3230.01,287832,649571376.0,1.67,-0.8,-26.18,0.3,54.97999999999956
2017-08-22,000002,3281.06,3337.35,3362.23,3264.04,504123,1167246976.0,3.01,2.37,77.23,0.52,98.19000000000005
2017-08-23,000002,3342.59,3341.28,3349.13,3299.39,222221,514484896.0,1.49,0.12,3.93,0.23,49.74000000000024
2017-08-24,000002,3333.43,3321.64,3351.75,3290.22,180489,417300224.0,1.84,-0.59,-19.64,0.19,61.5300000000002
2017-08-25,000002,3375.32,3336.04,3398.88,3328.19,483899,1131198656.0,2.13,0.43,14.4,0.5,70.69000000000005
2017-08-28,000002,3345.21,3442.08,3495.75,3345.21,898478,2154997904.0,4.51,3.18,106.04,0.93,150.53999999999996
2017-08-29,000002,3463.03,3460.41,3487.9,3393.64,436614,1015608544.0,2.74,0.53,18.33,0.45,94.26000000000022
2017-08-30,000002,3481.35,3444.7,3489.21,3443.39,337202,789291584.0,1.32,-0.45,-15.71,0.35,45.820000000000164
2017-08-31,000002,3438.15,3443.39,3469.57,3414.59,298894,694243104.0,1.6,-0.04,-1.31,0.31,54.98000000000002
2017-09-01,000002,3447.32,3397.57,3461.72,3379.24,407080,933710128.0,2.4,-1.33,-45.82,0.42,82.48000000000002
2017-09-04,000002,3400.19,3408.04,3418.52,3372.7,268283,614727600.0,1.35,0.31,10.47,0.28,45.820000000000164
2017-09-05,000002,3419.83,3512.77,3529.79,3419.83,539793,1279252928.0,3.23,3.07,104.73,0.56,109.96000000000004
2017-09-06,000002,3516.7,3518.01,3579.54,3478.73,361720,865955696.0,2.87,0.15,5.24,0.37,100.80999999999995
2017-09-07,000002,3538.95,3802.08,3829.57,3538.95,1274570,3234474320.0,8.26,8.07,284.07,1.31,290.62000000000035
2017-09-08,000002,3792.92,3778.52,3842.66,3696.05,795768,2043297936.0,3.86,-0.62,-23.56,0.82,146.60999999999967
2017-09-11,000002,3754.95,3711.75,3857.06,3679.03,582773,1493511040.0,4.71,-1.77,-66.77,0.6,178.02999999999975
2017-09-12,000002,3679.03,3709.14,3736.63,3651.54,442262,1112832816.0,2.29,-0.07,-2.61,0.46,85.09000000000015
2017-09-13,000002,3714.37,3774.59,3812.55,3673.79,467464,1201265104.0,3.74,1.76,65.45,0.48,138.76000000000022
2017-09-14,000002,3777.21,4010.23,4075.68,3747.1,1150696,3120331888.0,8.71,6.24,235.64,1.19,328.5799999999999
2017-09-15,000002,4002.37,4238.01,4358.45,3998.45,1550496,4549589504.0,8.98,5.68,227.78,1.6,360.0
2017-09-18,000002,4200.05,4073.07,4295.61,4066.52,1063043,3051116144.0,5.41,-3.89,-164.94,1.09,229.0899999999997
2017-09-19,000002,4103.17,4168.63,4342.74,4080.92,1196309,3484566608.0,6.43,2.35,95.56,1.23,261.8199999999997
2017-09-20,000002,4133.28,4163.39,4270.74,4067.83,613096,1763105248.0,4.87,-0.13,-5.24,0.63,202.90999999999985
2017-09-21,000002,4133.28,4120.19,4206.59,4035.1,536324,1515969568.0,4.12,-1.04,-43.2,0.55,171.49000000000024
2017-09-22,000002,4118.88,4042.96,4155.54,4004.99,423093,1184003280.0,3.65,-1.87,-77.23,0.44,150.55000000000018
2017-09-25,000002,3963.1,3821.72,3963.1,3819.1,722703,1913322928.0,3.56,-5.47,-221.24,0.74,144.0
2017-09-26,000002,3821.72,3905.5,3965.72,3819.1,593045,1585098000.0,3.84,2.19,83.78,0.61,146.6199999999999
2017-09-27,000002,3936.92,3915.97,3973.57,3874.08,367534,990737968.0,2.55,0.27,10.47,0.38,99.49000000000024
2017-09-28,000002,3936.92,3859.68,3956.56,3858.37,262347,699235168.0,2.51,-1.44,-56.29,0.27,98.19000000000005
2017-09-29,000002,3879.32,3838.74,3910.74,3806.01,345753,908847296.0,2.71,-0.54,-20.94,0.36,104.72999999999956
2017-10-09,000002,3995.83,3867.54,4022.01,3837.43,711737,1923169664.0,4.81,0.75,28.8,0.73,184.58000000000038
2017-10-10,000002,3858.37,3883.25,3896.34,3830.88,367101,970161616.0,1.69,0.41,15.71,0.38,65.46000000000004
2017-10-11,000002,3896.34,3919.9,3972.26,3867.54,425997,1141669504.0,2.7,0.94,36.65,0.44,104.72000000000025
2017-10-12,000002,3935.61,3950.01,3963.1,3900.26,348980,941856400.0,1.6,0.77,30.11,0.36,62.83999999999969
2017-10-13,000002,3963.1,3927.76,4012.85,3912.05,329928,894966608.0,2.55,-0.56,-22.25,0.34,100.79999999999973
2017-10-16,000002,3931.68,3846.59,3932.99,3823.03,315008,833062336.0,2.8,-2.07,-81.17,0.32,109.95999999999958
2017-10-17,000002,3847.9,3833.5,3874.08,3824.34,184811,485403632.0,1.29,-0.34,-13.09,0.19,49.73999999999978
2017-10-18,000002,3833.5,3862.3,3879.32,3754.95,334052,870086800.0,3.24,0.75,28.8,0.34,124.37000000000035
2017-10-19,000002,3863.61,3812.55,3880.63,3807.32,202526,532422128.0,1.9,-1.29,-49.75,0.21,73.30999999999995
2017-10-20,000002,3806.01,3826.95,3836.12,3770.66,145915,379610560.0,1.72,0.38,14.4,0.15,65.46000000000004
2017-10-23,000002,3828.26,3796.85,3832.19,3775.9,197527,512609824.0,1.47,-0.79,-30.1,0.2,56.289999999999964
2017-10-24,000002,3781.14,3936.92,3963.1,3781.14,509188,1367035392.0,4.79,3.69,140.07,0.52,181.96000000000004
2017-10-25,000002,3938.23,3993.21,4067.83,3918.59,445727,1230082304.0,3.79,1.43,56.29,0.46,149.23999999999978
2017-10-26,000002,3976.19,4006.3,4052.12,3925.14,422767,1159749136.0,3.18,0.33,13.09,0.44,126.98000000000002
2017-10-27,000002,4028.56,4002.37,4104.48,3970.96,447444,1241370688.0,3.33,-0.1,-3.93,0.46,133.51999999999953
2017-10-30,000002,4002.37,4196.12,4198.74,3990.59,676711,1913212384.0,5.2,4.84,193.75,0.7,208.14999999999964
2017-10-31,000002,4172.56,4193.5,4235.39,4104.48,463278,1334576816.0,3.12,-0.06,-2.62,0.48,130.91000000000076
2017-11-01,000002,4193.5,4218.38,4400.34,4163.39,622931,1849006192.0,5.65,0.59,24.88,0.64,236.94999999999982
2017-11-02,000002,4238.01,4257.65,4261.58,4156.85,361906,1053595808.0,2.48,0.93,39.27,0.37,104.72999999999956
2017-11-03,000002,4228.85,4092.7,4266.81,4074.37,455428,1305014432.0,4.52,-3.87,-164.95,0.47,192.4400000000005
2017-11-06,000002,4094.01,3997.14,4103.17,3930.37,509485,1395554480.0,4.22,-2.33,-95.56,0.52,172.80000000000018
2017-11-07,000002,3984.05,4048.19,4061.28,3976.19,379818,1052691824.0,2.13,1.28,51.05,0.39,85.09000000000015
2017-11-08,000002,4035.1,4020.7,4086.16,3990.59,398661,1105269520.0,2.36,-0.68,-27.49,0.41,95.56999999999971
2017-11-09,000002,4004.99,4024.63,4040.34,3976.19,234127,645092368.0,1.6,0.1,3.93,0.24,64.15000000000009
2017-11-10,000002,4015.47,4003.68,4045.57,3984.05,305913,841979152.0,1.53,-0.52,-20.95,0.32,61.51999999999998
2017-11-13,000002,3995.83,3944.77,4001.06,3910.74,347146,941038608.0,2.26,-1.47,-58.91,0.36,90.32000000000016
2017-11-14,000002,3943.46,4133.28,4133.28,3897.65,735826,2042078592.0,5.97,4.78,188.51,0.76,235.62999999999965
2017-11-15,000002,4104.48,4125.43,4154.23,4056.05,541078,1532168880.0,2.38,-0.19,-7.85,0.56,98.17999999999938
2017-11-16,000002,4113.65,4190.88,4248.48,4109.72,574432,1663430816.0,3.36,1.59,65.45,0.59,138.7599999999993
2017-11-17,000002,4179.1,4185.65,4277.28,4146.37,563944,1639436320.0,3.12,-0.12,-5.23,0.58,130.90999999999985
2017-11-20,000002,4172.56,4185.65,4200.05,3999.76,395088,1118755728.0,4.79,0.0,0.0,0.41,200.28999999999996
2017-11-21,000002,4138.52,4563.98,4563.98,4138.52,1081789,3289379104.0,10.16,9.04,378.33,1.11,425.4599999999991
2017-11-22,000002,4578.38,4656.92,4732.85,4531.25,1052970,3398210528.0,4.42,2.04,92.94,1.08,201.60000000000036
2017-11-23,000002,4646.45,4499.83,4688.34,4463.18,580325,1851670288.0,4.83,-3.37,-157.09,0.6,225.15999999999985
2017-11-24,000002,4484.12,4565.29,4629.43,4391.18,524343,1653488224.0,5.29,1.45,65.46,0.54,238.25
2017-11-27,000002,4519.47,4528.63,4670.01,4406.89,521581,1640697008.0,5.76,-0.8,-36.66,0.54,263.1199999999999
2017-11-28,000002,4472.34,4427.83,4506.38,4342.74,405786,1243495712.0,3.61,-2.23,-100.8,0.42,163.64000000000033
2017-11-29,000002,4431.76,4829.72,4831.03,4366.3,897713,2894400944.0,10.5,9.08,401.89,0.92,464.72999999999956
2017-11-30,000002,4735.47,4489.36,4774.74,4418.67,1000665,3213854400.0,7.37,-7.05,-340.36,1.03,356.0699999999997
2017-12-01,000002,4395.1,4425.21,4595.4,4395.1,557439,1733100368.0,4.46,-1.43,-64.15,0.57,200.29999999999927
2017-12-04,000002,4408.19,4440.92,4499.83,4316.56,379890,1160069280.0,4.14,0.36,15.71,0.39,183.26999999999953
2017-12-05,000002,4408.19,4464.49,4523.39,4355.83,564302,1747240928.0,3.77,0.53,23.57,0.58,167.5600000000004
2017-12-06,000002,4425.21,4430.45,4486.74,4363.69,389794,1197517728.0,2.76,-0.76,-34.04,0.4,123.05000000000018
2017-12-07,000002,4404.27,4323.1,4578.38,4316.56,590007,1807843248.0,5.91,-2.42,-107.35,0.61,261.8199999999997
2017-12-08,000002,4248.48,4306.08,4313.94,4205.28,588187,1731418640.0,2.51,-0.39,-17.02,0.61,108.65999999999985
2017-12-11,000002,4306.08,4320.48,4323.1,4238.01,502135,1487020656.0,1.98,0.33,14.4,0.52,85.09000000000015
2017-12-12,000002,4294.3,4273.36,4376.78,4265.5,467639,1401462688.0,2.58,-1.09,-47.12,0.48,111.27999999999975
2017-12-13,000002,4273.36,4321.79,4342.74,4244.56,334954,998153488.0,2.3,1.13,48.43,0.34,98.17999999999938
2017-12-14,000002,4321.79,4344.05,4378.09,4310.01,382068,1150698144.0,1.58,0.52,22.26,0.39,68.07999999999993
2017-12-15,000002,4345.36,4213.14,4345.36,4211.83,396229,1165712208.0,3.07,-3.01,-130.91,0.41,133.52999999999975
2017-12-18,000002,4213.14,4128.05,4232.78,4073.07,421287,1207131424.0,3.79,-2.02,-85.09,0.43,159.70999999999958
2017-12-19,000002,4154.23,4219.68,4231.47,4120.19,340084,981540656.0,2.7,2.22,91.63,0.35,111.28000000000065
2017-12-20,000002,4210.52,4146.37,4211.83,4135.9,329027,943187280.0,1.8,-1.74,-73.31,0.34,75.93000000000029
2017-12-21,000002,4162.08,4292.99,4354.52,4150.3,595164,1756898864.0,4.93,3.54,146.62,0.61,204.22000000000025
2017-12-22,000002,4277.28,4310.01,4355.83,4273.36,342206,1023085440.0,1.92,0.4,17.02,0.35,82.47000000000025
2017-12-25,000002,4368.92,4378.09,4503.76,4364.99,506383,1561915072.0,3.22,1.58,68.08,0.52,138.77000000000044
2017-12-26,000002,4393.79,4395.1,4434.38,4345.36,278846,850307968.0,2.03,0.39,17.01,0.29,89.02000000000044
2017-12-27,000002,4401.65,4433.07,4472.34,4382.01,395489,1218292976.0,2.06,0.86,37.97,0.41,90.32999999999993
2017-12-28,000002,4382.01,4421.29,4439.61,4312.63,367316,1117505168.0,2.86,-0.27,-11.78,0.38,126.97999999999956
2017-12-29,000002,4427.83,4468.41,4553.5,4426.52,385307,1204645840.0,2.87,1.07,47.12,0.4,126.97999999999956
2018-01-02,000002,4519.47,4664.78,4721.07,4519.47,683434,2218502768.0,4.51,4.39,196.37,0.7,201.59999999999945
2018-01-03,000002,4656.92,4634.67,4824.49,4621.58,646870,2130249696.0,4.35,-0.65,-30.11,0.67,202.90999999999985
2018-01-04,000002,4690.96,4738.09,4791.76,4604.56,529086,1740602528.0,4.04,2.23,103.42,0.54,187.19999999999982
2018-01-05,000002,4719.76,4952.78,5099.4,4696.2,843102,2916787872.0,8.51,4.53,214.69,0.87,403.1999999999998
2018-01-08,000002,4998.6,5113.8,5240.78,4998.6,830784,2994515872.0,4.89,3.25,161.02,0.86,242.17999999999938
2018-01-09,000002,5066.67,5094.16,5129.51,4977.65,478459,1700947888.0,2.97,-0.38,-19.64,0.49,151.86000000000058
2018-01-10,000002,5062.74,5071.91,5206.74,5049.65,453696,1633034912.0,3.08,-0.44,-22.25,0.47,157.09000000000015
2018-01-11,000002,5056.2,5003.83,5086.31,4923.98,402484,1411859648.0,3.2,-1.34,-68.08,0.41,162.33000000000084
2018-01-12,000002,4997.29,5056.2,5196.27,4995.98,537013,1927916480.0,4.0,1.05,52.37,0.55,200.29000000000087
2018-01-15,000002,5094.16,5257.8,5376.93,5064.05,757186,2784027856.0,6.19,3.99,201.6,0.78,312.8800000000001
2018-01-16,000002,5180.56,5664.93,5730.38,5167.47,978465,3763499504.0,10.71,7.74,407.13,1.01,562.9099999999999
2018-01-17,000002,5570.67,5608.64,5717.29,5416.2,812192,3199234880.0,5.31,-0.99,-56.29,0.84,301.09000000000015
2018-01-18,000002,5586.38,5607.33,5722.53,5494.75,558848,2226747472.0,4.06,-0.02,-1.31,0.58,227.77999999999975
2018-01-19,000002,5619.11,5562.82,5781.44,5540.56,548758,2207882768.0,4.3,-0.79,-44.51,0.56,240.8799999999992
2018-01-22,000002,5507.84,5577.22,5617.8,5443.69,406526,1597213088.0,3.13,0.26,14.4,0.42,174.11000000000058
2018-01-23,000002,5638.75,5767.04,5836.42,5637.44,648658,2653177552.0,3.57,3.4,189.82,0.67,198.98000000000047
2018-01-24,000002,5730.38,5786.67,5931.98,5698.96,542630,2236496976.0,4.04,0.34,19.63,0.56,233.01999999999953
2018-01-25,000002,5785.37,5664.93,5785.37,5481.65,648065,2577574864.0,5.25,-2.1,-121.74,0.67,303.72000000000025
2018-01-26,000002,5638.75,5643.98,5725.15,5523.55,410062,1640757696.0,3.56,-0.37,-20.95,0.42,201.59999999999945
2018-01-29,000002,5688.49,5451.55,5712.06,5388.71,597863,2338982480.0,5.73,-3.41,-192.43,0.62,323.35000000000036
2018-01-30,000002,5376.93,5162.23,5376.93,5150.45,908234,3355539696.0,4.15,-5.31,-289.32,0.93,226.48000000000047
2018-01-31,000002,5194.96,5319.33,5345.51,5065.36,898148,3297773296.0,5.43,3.04,157.1,0.92,280.15000000000055
2018-02-01,000002,5311.47,5311.47,5382.16,5232.93,635425,2380069200.0,2.81,-0.15,-7.86,0.65,149.22999999999956
2018-02-02,000002,5180.56,5295.76,5363.84,5088.93,596794,2208198832.0,5.18,-0.3,-15.71,0.61,274.90999999999985
2018-02-05,000002,5219.83,5244.71,5384.78,5155.69,552635,2046513936.0,4.33,-0.96,-51.05,0.57,229.09000000000015
2018-02-06,000002,5105.94,5091.54,5128.2,4968.49,699837,2489127584.0,3.05,-2.92,-153.17,0.72,159.71000000000004
2018-02-07,000002,5171.4,4719.76,5191.03,4656.92,952130,3283016480.0,10.49,-7.3,-371.78,0.98,534.1099999999997
2018-02-08,000002,4722.38,4689.65,4837.58,4655.61,580805,1920999552.0,3.86,-0.64,-30.11,0.6,181.97000000000025
2018-02-09,000002,4526.01,4495.9,4586.23,4355.83,724945,2259035360.0,4.91,-4.13,-193.75,0.75,230.39999999999964
2018-02-12,000002,4516.85,4578.38,4633.36,4501.14,407654,1297185200.0,2.94,1.83,82.48,0.42,132.21999999999935
2018-02-13,000002,4628.12,4687.03,4825.8,4628.12,454668,1500999456.0,4.32,2.37,108.65,0.47,197.6800000000003
2018-02-14,000002,4705.36,4744.63,4764.27,4613.72,270176,884454432.0,3.21,1.23,57.6,0.28,150.55000000000018
2018-02-22,000002,4853.29,4814.01,4859.83,4765.58,302373,1019234560.0,1.99,1.46,69.38,0.31,94.25
2018-02-23,000002,4840.2,4947.54,4997.29,4765.58,384539,1323487168.0,4.81,2.77,133.53,0.4,231.71000000000004
2018-02-26,000002,4993.36,4876.85,4997.29,4736.78,540655,1832518320.0,5.27,-1.43,-70.69,0.56,260.5100000000002
2018-02-27,000002,4879.47,4709.29,4889.94,4676.56,506598,1683177664.0,4.38,-3.44,-167.56,0.52,213.3799999999992
2018-02-28,000002,4658.23,4683.1,4752.49,4570.52,500004,1621987600.0,3.86,-0.56,-26.19,0.51,181.96999999999935
2018-03-01,000002,4613.72,4645.14,4734.16,4594.09,336064,1092337520.0,2.99,-0.81,-37.96,0.35,140.0699999999997
2018-03-02,000002,4591.47,4628.12,4687.03,4527.32,322838,1038873920.0,3.44,-0.37,-17.02,0.33,159.71000000000004
2018-03-05,000002,4655.61,4615.03,4742.01,4600.63,373354,1213151360.0,3.05,-0.28,-13.09,0.38,141.3800000000001
2018-03-06,000002,4637.29,4810.09,4815.32,4592.78,581008,1912870912.0,4.82,4.23,195.06,0.6,222.53999999999996
2018-03-07,000002,4779.98,4709.29,4842.81,4696.2,387993,1292495376.0,3.05,-2.1,-100.8,0.4,146.61000000000058
2018-03-08,000002,4774.74,4806.16,4819.25,4702.74,351023,1175142112.0,2.47,2.06,96.87,0.36,116.51000000000022
2018-03-09,000002,4836.27,4782.6,4841.51,4766.89,325102,1092069968.0,1.55,-0.49,-23.56,0.33,74.61999999999989
2018-03-12,000002,4793.07,4672.63,4811.4,4637.29,606208,1979204528.0,3.64,-2.3,-109.97,0.62,174.10999999999967
2018-03-13,000002,4668.7,4654.3,4701.43,4639.9,220920,719093280.0,1.32,-0.39,-18.33,0.23,61.530000000000655
2018-03-14,000002,4649.07,4683.1,4715.83,4617.65,315833,1031091872.0,2.11,0.62,28.8,0.33,98.18000000000029
2018-03-15,000002,4656.92,4677.87,4735.47,4645.14,252215,825259600.0,1.93,-0.11,-5.23,0.26,90.32999999999993
2018-03-16,000002,4667.4,4673.94,4768.2,4656.92,337572,1111490320.0,2.38,-0.08,-3.93,0.35,111.27999999999975
2018-03-19,000002,4666.09,4536.49,4667.4,4528.63,366967,1166386368.0,2.97,-2.94,-137.45,0.38,138.76999999999953
2018-03-20,000002,4512.92,4505.07,4537.8,4427.83,290118,903296816.0,2.42,-0.69,-31.42,0.3,109.97000000000025
2018-03-21,000002,4522.09,4546.96,4611.1,4501.14,331726,1055783632.0,2.44,0.93,41.89,0.34,109.96000000000004
2018-03-22,000002,4565.29,4484.12,4575.76,4465.79,235787,739606992.0,2.42,-1.38,-62.84,0.24,109.97000000000025
2018-03-23,000002,4332.27,4469.72,4469.72,4226.23,505125,1527314432.0,5.43,-0.32,-14.4,0.52,243.4900000000007
2018-03-26,000002,4429.14,4372.85,4433.07,4316.56,338289,1021310976.0,2.61,-2.17,-96.87,0.35,116.50999999999931
2018-03-27,000002,4446.16,4463.18,4574.45,4422.59,578854,1803144944.0,3.47,2.07,90.33,0.6,151.85999999999967
2018-03-28,000002,4396.41,4503.76,4611.1,4368.92,426729,1341512912.0,5.43,0.91,40.58,0.44,242.1800000000003
2018-03-29,000002,4531.25,4874.23,4913.51,4464.49,999701,3311802736.0,9.97,8.23,370.47,1.03,449.02000000000044
2018-03-30,000002,4814.01,4760.34,4851.98,4744.63,572692,1918089360.0,2.2,-2.34,-113.89,0.59,107.34999999999945
2018-04-02,000002,4807.47,4786.52,4914.82,4764.27,531636,1801173136.0,3.16,0.55,26.18,0.55,150.54999999999927
2018-04-03,000002,4748.56,4806.16,4866.38,4659.54,431946,1440337632.0,4.32,0.41,19.64,0.44,206.84000000000015
2018-04-04,000002,4630.74,4696.2,4846.74,4604.56,584510,1927433712.0,5.04,-2.29,-109.96,0.6,242.17999999999938
2018-04-09,000002,4683.1,4541.72,4690.96,4455.32,478119,1510647264.0,5.02,-3.29,-154.48,0.49,235.64000000000033
2018-04-10,000002,4528.63,4615.03,4615.03,4468.41,477145,1517032384.0,3.23,1.61,73.31,0.49,146.6199999999999
2018-04-11,000002,4611.1,4671.32,4753.8,4556.12,485930,1578103536.0,4.28,1.22,56.29,0.5,197.6800000000003
2018-04-12,000002,4666.09,4571.83,4704.05,4558.74,335220,1079000352.0,3.11,-2.13,-99.49,0.35,145.3100000000004
2018-04-13,000002,4612.41,4493.29,4622.89,4464.49,351573,1102968784.0,3.46,-1.72,-78.54,0.36,158.40000000000055
2018-04-16,000002,4486.74,4333.58,4490.67,4272.05,528069,1588112256.0,4.87,-3.55,-159.71,0.54,218.6199999999999
2018-04-17,000002,4350.59,4319.18,4401.65,4277.28,258198,775976176.0,2.87,-0.33,-14.4,0.27,124.36999999999989
2018-04-18,000002,4367.61,4334.88,4419.98,4295.61,328835,989193216.0,2.88,0.36,15.7,0.34,124.36999999999989
2018-04-19,000002,4372.85,4359.76,4399.03,4333.58,256275,776421776.0,1.51,0.57,24.88,0.26,65.44999999999982
2018-04-20,000002,4353.21,4349.28,4395.1,4319.18,254795,769678464.0,1.74,-0.24,-10.48,0.26,75.92000000000007
2018-04-23,000002,4313.94,4317.87,4367.61,4302.16,201714,605310896.0,1.5,-0.72,-31.41,0.21,65.44999999999982
2018-04-24,000002,4310.01,4451.39,4473.65,4303.47,469832,1447945424.0,3.94,3.09,133.52,0.48,170.17999999999938
2018-04-25,000002,4414.74,4345.36,4414.74,4324.41,397684,1199524608.0,2.03,-2.38,-106.03,0.41,90.32999999999993
2018-04-26,000002,4368.92,4133.28,4368.92,4101.87,812263,2348260640.0,6.15,-4.88,-212.08,0.84,267.0500000000002
2018-04-27,000002,4154.23,4120.19,4166.01,3991.9,381958,1071392416.0,4.21,-0.32,-13.09,0.39,174.11000000000013
2018-05-02,000002,4120.19,4025.94,4154.23,4019.39,397171,1111292768.0,3.27,-2.29,-94.25,0.41,134.8399999999997
2018-05-03,000002,4022.01,3980.12,4023.32,3879.32,542420,1466857440.0,3.58,-1.14,-45.82,0.56,144.0
2018-05-04,000002,3970.96,3925.14,4010.23,3912.05,425384,1154814768.0,2.47,-1.38,-54.98,0.44,98.17999999999984
2018-05-07,000002,3938.23,3986.66,4003.68,3900.26,408454,1110387760.0,2.63,1.57,61.52,0.42,103.41999999999962
2018-05-08,000002,3989.28,4158.16,4180.41,3980.12,655818,1857899328.0,5.02,4.3,171.5,0.68,200.28999999999996
2018-05-09,000002,4133.28,4094.01,4133.28,4067.83,409031,1152922304.0,1.57,-1.54,-64.15,0.42,65.44999999999982
2018-05-10,000002,4109.72,4076.99,4137.21,4028.56,429640,1204133440.0,2.65,-0.42,-17.02,0.44,108.65000000000009
2018-05-11,000002,4080.92,4059.97,4092.7,4032.48,318304,889939600.0,1.48,-0.42,-17.02,0.33,60.2199999999998
2018-05-14,000002,4078.3,4059.97,4105.79,4050.81,350839,984200064.0,1.35,0.0,0.0,0.36,54.98000000000002
2018-05-15,000002,4082.23,4035.1,4087.47,3981.43,405069,1120666816.0,2.61,-0.61,-24.87,0.42,106.03999999999996
2018-05-16,000002,4008.92,3967.03,4035.1,3964.41,373238,1020836432.0,1.75,-1.69,-68.07,0.38,70.69000000000005
2018-05-17,000002,3961.79,3909.43,3965.72,3906.81,445624,1199275696.0,1.48,-1.45,-57.6,0.46,58.909999999999854
2018-05-18,000002,3897.65,3956.56,3956.56,3875.39,407222,1092945216.0,2.08,1.21,47.13,0.42,81.17000000000007
2018-05-21,000002,3967.03,3946.08,3977.5,3912.05,432447,1167666224.0,1.65,-0.26,-10.48,0.45,65.44999999999982
2018-05-22,000002,3943.46,3900.26,3943.46,3881.94,415469,1111277328.0,1.56,-1.16,-45.82,0.43,61.51999999999998
2018-05-23,000002,3900.26,3910.74,3959.17,3879.32,433171,1164157872.0,2.05,0.27,10.48,0.45,79.84999999999991
2018-05-24,000002,3910.74,3891.1,3917.28,3874.08,241611,643575792.0,1.1,-0.5,-19.64,0.25,43.20000000000027
2018-05-25,000002,3895.03,3857.06,3925.14,3847.9,270005,717574352.0,1.99,-0.87,-34.04,0.28,77.23999999999978
2018-05-28,000002,3857.06,3871.46,3913.36,3845.28,254595,676789920.0,1.77,0.37,14.4,0.26,68.07999999999993
2018-05-29,000002,3845.28,3753.65,3854.45,3719.61,556052,1428341712.0,3.48,-3.04,-117.81,0.57,134.8399999999997
2018-05-30,000002,3702.59,3627.97,3702.59,3620.12,540169,1342440704.0,2.2,-3.35,-125.68,0.56,82.47000000000025
2018-05-31,000002,3644.99,3752.34,3764.12,3617.5,705893,1768260896.0,4.04,3.43,124.37,0.73,146.6199999999999
2018-06-01,000002,3726.15,3806.01,3866.23,3714.37,520771,1355014448.0,4.05,1.43,53.67,0.54,151.86000000000013
2018-06-04,000002,3845.28,3976.19,3986.66,3842.66,789191,2138820832.0,3.78,4.47,170.18,0.81,144.0
2018-06-05,000002,3974.88,4001.06,4037.72,3915.97,606841,1658473536.0,3.06,0.63,24.87,0.62,121.75
2018-06-06,000002,3976.19,3935.61,4007.61,3917.28,508163,1378427344.0,2.26,-1.64,-65.45,0.52,90.32999999999993
2018-06-07,000002,3946.08,3987.97,4020.7,3930.37,597536,1637918304.0,2.3,1.33,52.36,0.62,90.32999999999993
2018-06-08,000002,3950.01,3898.96,3960.48,3878.01,388545,1040501600.0,2.07,-2.23,-89.01,0.4,82.4699999999998
2018-06-11,000002,3902.88,3977.5,4032.48,3895.03,526437,1437705888.0,3.53,2.01,78.54,0.54,137.44999999999982
2018-06-12,000002,4011.54,4029.87,4045.57,3967.03,498372,1376048992.0,1.97,1.32,52.37,0.51,78.53999999999996
2018-06-13,000002,3990.59,4020.7,4100.56,3977.5,602844,1680583504.0,3.05,-0.23,-9.17,0.62,123.0600000000004
2018-06-14,000002,3999.76,3985.36,4036.41,3952.63,357604,980418256.0,2.08,-0.88,-35.34,0.37,83.77999999999975
2018-06-15,000002,3985.36,4066.52,4107.1,3980.12,698195,1951841872.0,3.19,2.04,81.16,0.72,126.98000000000047
2018-06-19,000002,4048.19,3950.01,4048.19,3925.14,600442,1639680592.0,3.03,-2.87,-116.51,0.62,123.05000000000018
2018-06-20,000002,3935.61,3931.68,3974.88,3859.68,393400,1059357120.0,2.92,-0.46,-18.33,0.4,115.20000000000027
2018-06-21,000002,3932.99,4032.48,4133.28,3913.36,777932,2167319536.0,5.59,2.56,100.8,0.8,219.91999999999962
2018-06-22,000002,4002.37,4080.92,4094.01,3994.52,444367,1235687456.0,2.47,1.2,48.44,0.46,99.49000000000024
2018-06-25,000002,4100.56,3870.16,4117.57,3859.68,615812,1686677904.0,6.32,-5.16,-210.76,0.63,257.8899999999999
2018-06-26,000002,3782.45,3745.79,3813.86,3652.84,591809,1503936864.0,4.16,-3.21,-124.37,0.61,161.01999999999998
2018-06-27,000002,3740.55,3572.99,3741.86,3519.32,672347,1652394704.0,5.94,-4.61,-172.8,0.69,222.53999999999996
2018-06-28,000002,3525.86,3528.48,3618.81,3478.73,462513,1114653840.0,3.92,-1.25,-44.51,0.48,140.07999999999993
2018-06-29,000002,3557.28,3622.74,3622.74,3529.79,352885,859583952.0,2.63,2.67,94.26,0.36,92.94999999999982
2018-07-02,000002,3609.64,3387.1,3616.19,3350.44,846204,1981131632.0,7.34,-6.5,-235.64,0.87,265.75
2018-07-03,000002,3426.37,3468.26,3476.12,3387.1,549965,1274023568.0,2.63,2.4,81.16,0.57,89.01999999999998
2018-07-04,000002,3473.5,3413.28,3511.46,3413.28,249881,582470208.0,2.83,-1.59,-54.98,0.26,98.17999999999984
2018-07-05,000002,3415.9,3419.83,3466.95,3393.64,267279,619393008.0,2.15,0.19,6.55,0.28,73.30999999999995
2018-07-06,000002,3457.79,3440.77,3491.83,3367.46,346930,805107104.0,3.64,0.61,20.94,0.36,124.36999999999989
2018-07-09,000002,3461.72,3545.5,3550.74,3461.72,404627,964798992.0,2.59,3.04,104.73,0.42,89.01999999999998
2018-07-10,000002,3570.37,3563.83,3608.34,3514.08,389259,936534192.0,2.66,0.52,18.33,0.4,94.26000000000022
2018-07-11,000002,3476.12,3473.5,3495.75,3435.53,286053,668957024.0,1.69,-2.53,-90.33,0.29,60.2199999999998
2018-07-12,000002,3489.21,3524.55,3572.99,3474.81,384228,916845440.0,2.83,1.47,51.05,0.4,98.17999999999984
2018-07-13,000002,3575.61,3507.54,3590.01,3497.06,407555,976014592.0,2.64,-0.48,-17.01,0.42,92.95000000000027
2018-07-16,000002,3490.52,3432.92,3499.68,3388.41,430694,994746272.0,3.17,-2.13,-74.62,0.44,111.26999999999998
2018-07-17,000002,3419.83,3410.66,3449.93,3367.46,313869,718627840.0,2.4,-0.65,-22.26,0.32,82.4699999999998
2018-07-18,000002,3415.9,3343.9,3419.83,3337.35,410642,930105280.0,2.42,-1.96,-66.76,0.42,82.48000000000002
2018-07-19,000002,3374.01,3371.39,3408.04,3347.83,506949,1154160800.0,1.8,0.82,27.49,0.52,60.210000000000036
2018-07-20,000002,3366.15,3431.61,3477.43,3284.99,610195,1390937600.0,5.71,1.79,60.22,0.63,192.44000000000005
2018-07-23,000002,3408.04,3511.46,3531.1,3400.19,555706,1306045472.0,3.81,2.33,79.85,0.57,130.90999999999985
2018-07-24,000002,3549.43,3593.94,3686.88,3549.43,832814,2055205712.0,3.91,2.35,82.48,0.86,137.45000000000027
2018-07-25,000002,3593.94,3567.75,3620.12,3544.19,355183,860631776.0,2.11,-0.73,-26.19,0.37,75.92999999999984
2018-07-26,000002,3588.7,3506.23,3610.95,3487.9,385135,924376000.0,3.45,-1.72,-61.52,0.4,123.04999999999973
2018-07-27,000002,3485.28,3455.17,3519.32,3444.7,322828,757327312.0,2.13,-1.46,-51.06,0.33,74.62000000000035
2018-07-30,000002,3483.97,3436.84,3504.92,3389.72,357067,828078832.0,3.33,-0.53,-18.33,0.37,115.20000000000027
2018-07-31,000002,3451.24,3455.17,3477.43,3421.13,354578,825861760.0,1.64,0.53,18.33,0.36,56.29999999999973
2018-08-01,000002,3444.7,3328.19,3444.7,3309.86,673866,1523419152.0,3.9,-3.68,-126.98,0.69,134.8399999999997
2018-08-02,000002,3326.88,3201.21,3326.88,3160.62,677778,1457805728.0,5.0,-3.82,-126.98,0.7,166.26000000000022
2018-08-03,000002,3202.52,3161.93,3222.15,3158.01,346072,735143744.0,2.0,-1.23,-39.28,0.36,64.13999999999987
2018-08-06,000002,3175.02,3133.13,3193.35,3088.62,315702,662879888.0,3.31,-0.91,-28.8,0.32,104.73000000000002
2018-08-07,000002,3171.1,3264.04,3264.04,3142.3,451653,969166208.0,3.89,4.18,130.91,0.46,121.73999999999978
2018-08-08,000002,3267.97,3216.92,3320.33,3216.92,410720,903023744.0,3.17,-1.44,-47.12,0.42,103.40999999999985
2018-08-09,000002,3216.92,3345.21,3354.37,3203.82,896200,1997096144.0,4.68,3.99,128.29,0.92,150.54999999999973
2018-08-10,000002,3413.28,3436.84,3553.35,3404.12,1201163,2820091744.0,4.46,2.74,91.63,1.24,149.23000000000002
2018-08-13,000002,3360.92,3418.52,3440.77,3342.59,489495,1113409920.0,2.86,-0.53,-18.32,0.5,98.17999999999984
2018-08-14,000002,3413.28,3324.26,3419.83,3288.92,486785,1090898800.0,3.83,-2.76,-94.26,0.5,130.90999999999985
2018-08-15,000002,3333.43,3321.64,3358.3,3311.17,472554,1058911648.0,1.42,-0.08,-2.62,0.49,47.13000000000011
2018-08-16,000002,3233.93,3376.63,3423.75,3231.32,490384,1107212512.0,5.79,1.66,54.99,0.5,192.42999999999984
2018-08-17,000002,3400.19,3372.7,3439.46,3366.15,424160,969847216.0,2.17,-0.12,-3.93,0.44,73.30999999999995
2018-08-20,000002,3404.12,3459.1,3470.88,3359.61,476133,1101391520.0,3.3,2.56,86.4,0.49,111.26999999999998
2018-08-21,000002,3464.33,3532.41,3541.57,3442.08,495846,1173410512.0,2.88,2.12,73.31,0.51,99.49000000000024
2018-08-22,000002,3532.41,3533.72,3554.66,3500.99,421834,1007170624.0,1.52,0.04,1.31,0.43,53.67000000000007
2018-08-23,000002,3531.1,3507.54,3550.74,3431.61,543059,1235013680.0,3.37,-0.74,-26.18,0.56,119.12999999999965
2018-08-24,000002,3486.59,3502.3,3532.41,3451.24,273418,621888064.0,2.31,-0.15,-5.24,0.28,81.17000000000007
2018-08-27,000002,3528.48,3650.23,3669.86,3511.46,594341,1403513888.0,4.52,4.22,147.93,0.61,158.4000000000001
2018-08-28,000002,3635.83,3646.3,3680.34,3626.66,348101,832284976.0,1.47,-0.11,-3.93,0.36,53.68000000000029
2018-08-29,000002,3627.97,3650.23,3714.37,3625.35,291143,700596432.0,2.44,0.11,3.93,0.3,89.01999999999998
2018-08-30,000002,3635.83,3596.55,3685.57,3593.94,285924,681645392.0,2.51,-1.47,-53.68,0.29,91.63000000000011
2018-08-31,000002,3557.28,3668.55,3709.14,3554.66,428145,1024351408.0,4.3,2.0,72.0,0.44,154.48000000000002
2018-09-03,000002,3642.37,3603.1,3736.63,3580.84,497612,1191130976.0,4.25,-1.78,-65.45,0.51,155.78999999999996
2018-09-04,000002,3617.5,3718.3,3719.61,3584.77,437654,1052057120.0,3.74,3.2,115.2,0.45,134.84000000000015
2018-09-05,000002,3676.41,3584.77,3688.19,3584.77,546644,1296346112.0,2.78,-3.59,-133.53,0.56,103.42000000000007
2018-09-06,000002,3572.99,3506.23,3604.41,3490.52,375369,864994560.0,3.18,-2.19,-78.54,0.39,113.88999999999987
2018-09-07,000002,3511.46,3558.59,3616.19,3511.46,334943,780678320.0,2.99,1.49,52.36,0.34,104.73000000000002
2018-09-10,000002,3586.08,3591.32,3642.37,3545.5,474918,1115789488.0,2.72,0.92,32.73,0.49,96.86999999999989
2018-09-11,000002,3582.15,3575.61,3614.88,3542.88,358359,832895936.0,2.0,-0.44,-15.71,0.37,72.0
2018-09-12,000002,3562.52,3515.39,3570.37,3480.04,313822,717459920.0,2.53,-1.68,-60.22,0.32,90.32999999999993
2018-09-13,000002,3571.68,3544.19,3592.63,3502.3,468838,1080871664.0,2.57,0.82,28.8,0.48,90.32999999999993
2018-09-14,000002,3548.12,3572.99,3582.15,3506.23,334871,775981808.0,2.14,0.81,28.8,0.34,75.92000000000007
2018-09-17,000002,3536.34,3508.84,3561.21,3494.44,255062,584416320.0,1.87,-1.8,-64.15,0.26,66.76999999999998
2018-09-18,000002,3485.28,3531.1,3544.19,3461.72,404634,921475472.0,2.35,0.63,22.26,0.42,82.47000000000025
2018-09-19,000002,3535.03,3684.26,3749.72,3519.32,1317837,3170366000.0,6.52,4.34,153.16,1.36,230.39999999999964
2018-09-20,000002,3663.32,3663.32,3718.3,3635.83,521853,1257974032.0,2.24,-0.57,-20.94,0.54,82.47000000000025
2018-09-21,000002,3688.19,3897.65,3923.83,3652.84,1064216,2663500912.0,7.4,6.4,234.33,1.1,270.9899999999998
2018-09-25,000002,3766.74,3745.79,3808.63,3714.37,908839,2247254080.0,2.42,-3.9,-151.86,0.94,94.26000000000022
2018-09-26,000002,3748.41,3749.72,3836.12,3647.61,845884,2088651952.0,5.03,0.1,3.93,0.87,188.50999999999976
2018-09-27,000002,3744.48,3720.92,3764.12,3701.28,445294,1090622048.0,1.68,-0.77,-28.8,0.46,62.83999999999969
2018-09-28,000002,3727.46,3701.28,3779.83,3655.46,683236,1671576720.0,3.34,-0.53,-19.64,0.7,124.36999999999989
2018-10-08,000002,3524.55,3406.73,3557.28,3397.57,1037915,2339001424.0,4.31,-7.96,-294.55,1.07,159.71000000000004
2018-10-09,000002,3406.73,3376.63,3415.9,3303.32,628634,1360687504.0,3.3,-0.88,-30.1,0.65,112.57999999999993
2018-10-10,000002,3370.08,3367.46,3404.12,3321.64,437798,951971008.0,2.44,-0.27,-9.17,0.45,82.48000000000002
2018-10-11,000002,3269.28,3260.12,3334.73,3244.41,709553,1498597104.0,2.68,-3.19,-107.34,0.73,90.32000000000016
2018-10-12,000002,3287.61,3374.01,3393.64,3275.82,531383,1141837520.0,3.61,3.49,113.89,0.55,117.81999999999971
2018-10-15,000002,3371.39,3330.81,3371.39,3288.92,445516,953879728.0,2.44,-1.28,-43.2,0.46,82.4699999999998
2018-10-16,000002,3347.83,3270.59,3408.04,3250.95,397553,853848656.0,4.72,-1.81,-60.22,0.41,157.09000000000015
2018-10-17,000002,3315.1,3298.08,3329.5,3253.57,307508,651794912.0,2.32,0.84,27.49,0.32,75.92999999999984
2018-10-18,000002,3282.37,3215.61,3298.08,3205.13,577959,1199550672.0,2.82,-2.5,-82.47,0.59,92.94999999999982
2018-10-19,000002,3218.22,3342.59,3398.88,3190.73,759810,1618603264.0,6.47,3.95,126.98,0.78,208.1500000000001
2018-10-22,000002,3384.48,3507.54,3565.14,3364.84,1008290,2292054560.0,5.99,4.93,164.95,1.04,200.29999999999973
2018-10-23,000002,3515.39,3418.52,3520.63,3406.73,509733,1144781712.0,3.25,-2.54,-89.02,0.52,113.90000000000009
2018-10-24,000002,3430.3,3476.12,3546.81,3413.28,513461,1161439968.0,3.91,1.68,57.6,0.53,133.52999999999975
2018-10-25,000002,3423.75,3595.24,3596.55,3400.19,932700,2150598992.0,5.65,3.43,119.12,0.96,196.36000000000013
2018-10-26,000002,3624.04,3637.14,3760.19,3591.32,729757,1754616832.0,4.7,1.17,41.9,0.75,168.8699999999999
2018-10-29,000002,3698.66,3504.92,3705.21,3469.57,618877,1435756000.0,6.48,-3.64,-132.22,0.64,235.63999999999987
2018-10-30,000002,3571.68,3621.43,3646.3,3485.28,602920,1415832352.0,4.59,3.32,116.51,0.62,161.01999999999998
2018-10-31,000002,3620.12,3692.12,3740.55,3570.37,565649,1358918224.0,4.7,1.95,70.69,0.58,170.1800000000003
2018-11-01,000002,3779.83,3716.99,3828.26,3698.66,617847,1531833904.0,3.51,0.67,24.87,0.64,129.60000000000036
2018-11-02,000002,3819.1,3743.17,3825.65,3662.01,652339,1601122928.0,4.4,0.7,26.18,0.67,163.63999999999987
2018-11-05,000002,3724.85,3667.24,3724.85,3622.74,583696,1399713072.0,2.73,-2.03,-75.93,0.6,102.11000000000013
2018-11-06,000002,3665.94,3680.34,3714.37,3624.04,420824,1014339808.0,2.46,0.36,13.1,0.43,90.32999999999993
2018-11-07,000002,3685.57,3642.37,3727.46,3624.04,441458,1062603968.0,2.81,-1.03,-37.97,0.45,103.42000000000007
2018-11-08,000002,3681.65,3660.7,3739.25,3651.54,548201,1330024288.0,2.41,0.5,18.33,0.56,87.71000000000004
2018-11-09,000002,3647.61,3603.1,3705.21,3600.48,369283,877009952.0,2.86,-1.57,-57.6,0.38,104.73000000000002
2018-11-12,000002,3584.77,3646.3,3656.77,3583.46,386742,920396944.0,2.03,1.2,43.2,0.4,73.30999999999995
2018-11-13,000002,3593.94,3654.15,3665.94,3588.7,453424,1079145536.0,2.12,0.22,7.85,0.47,77.24000000000024
2018-11-14,000002,3685.57,3681.65,3726.15,3656.77,618883,1500411136.0,1.9,0.75,27.5,0.64,69.38000000000011
2018-11-15,000002,3668.55,3711.75,3714.37,3656.77,258624,627715216.0,1.56,0.82,30.1,0.27,57.59999999999991
2018-11-16,000002,3699.97,3764.12,3806.01,3664.63,495986,1220586112.0,3.81,1.41,52.37,0.51,141.3800000000001
2018-11-19,000002,3753.65,3919.9,3919.9,3751.03,590566,1518790912.0,4.49,4.14,155.78,0.61,168.8699999999999
2018-11-20,000002,3895.03,3878.01,3980.12,3823.03,474152,1221340784.0,4.01,-1.07,-41.89,0.49,157.0899999999997
2018-11-21,000002,3842.66,3927.76,4012.85,3838.74,581654,1517603360.0,4.49,1.28,49.75,0.6,174.11000000000013
2018-11-22,000002,3922.52,3875.39,3922.52,3829.57,300827,768538992.0,2.37,-1.33,-52.37,0.31,92.94999999999982
2018-11-23,000002,3878.01,3779.83,3878.01,3751.03,296629,743585664.0,3.28,-2.47,-95.56,0.31,126.98000000000002
2018-11-26,000002,3796.85,3817.79,3854.45,3758.88,241091,606367552.0,2.53,1.0,37.96,0.25,95.56999999999971
2018-11-27,000002,3819.1,3786.37,3830.88,3764.12,192492,480638560.0,1.75,-0.82,-31.42,0.2,66.76000000000022
2018-11-28,000002,3792.92,3908.12,3908.12,3791.61,386165,986464336.0,3.08,3.22,121.75,0.4,116.50999999999976
2018-11-29,000002,3917.28,3830.88,3986.66,3792.92,393643,1007596576.0,4.96,-1.98,-77.24,0.41,193.73999999999978
2018-11-30,000002,3828.26,3850.52,3862.3,3796.85,192754,487502416.0,1.71,0.51,19.64,0.2,65.45000000000027
2018-12-03,000002,3923.83,3888.48,3931.68,3768.05,608149,1544456944.0,4.25,0.99,37.96,0.63,163.62999999999965
2018-12-04,000002,3866.23,3809.94,3866.23,3774.59,509946,1281369840.0,2.36,-2.02,-78.54,0.52,91.63999999999987
2018-12-05,000002,3768.05,3832.19,3883.25,3761.5,407176,1033938144.0,3.2,0.58,22.25,0.42,121.75
2018-12-06,000002,3781.14,3806.01,3854.45,3779.83,243023,611204448.0,1.95,-0.68,-26.18,0.25,74.61999999999989
2018-12-07,000002,3808.63,3837.43,3904.19,3808.63,275279,702826096.0,2.51,0.83,31.42,0.28,95.55999999999995
2018-12-10,000002,3808.63,3792.92,3870.16,3779.83,274637,692420832.0,2.35,-1.16,-44.51,0.28,90.32999999999993
2018-12-11,000002,3786.37,3919.9,3921.21,3781.14,433703,1111642800.0,3.69,3.35,126.98,0.45,140.07000000000016
2018-12-12,000002,3964.41,3969.65,4028.56,3942.16,484760,1283473952.0,2.2,1.27,49.75,0.5,86.40000000000009
2018-12-13,000002,4014.16,4067.83,4116.27,3976.19,644463,1740981824.0,3.53,2.47,98.18,0.66,140.08000000000038
2018-12-14,000002,4025.94,3984.05,4069.14,3964.41,311473,826696672.0,2.57,-2.06,-83.78,0.32,104.73000000000002
2018-12-17,000002,3990.59,3991.9,4022.01,3915.97,321532,845518944.0,2.66,0.2,7.85,0.33,106.04000000000042
2018-12-18,000002,3953.94,3858.37,3974.88,3837.43,413674,1063833008.0,3.44,-3.35,-133.53,0.43,137.45000000000027
2018-12-19,000002,3885.86,3842.66,3935.61,3812.55,290663,743094960.0,3.19,-0.41,-15.71,0.3,123.05999999999995
2018-12-20,000002,3851.83,3832.19,3897.65,3781.14,412250,1038244112.0,3.03,-0.27,-10.47,0.42,116.51000000000022
2018-12-21,000002,3815.17,3694.74,3816.48,3622.74,607919,1466176432.0,5.06,-3.59,-137.45,0.63,193.74000000000024
2018-12-24,000002,3651.54,3646.3,3672.48,3574.3,493219,1164770720.0,2.66,-1.31,-48.44,0.51,98.17999999999984
2018-12-25,000002,3586.08,3658.08,3690.81,3580.84,426901,1016225856.0,3.02,0.32,11.78,0.44,109.9699999999998
2018-12-26,000002,3641.06,3635.83,3659.39,3607.03,221987,528530960.0,1.43,-0.61,-22.25,0.23,52.35999999999967
2018-12-27,000002,3694.74,3588.7,3735.32,3588.7,352502,849242336.0,4.03,-1.3,-47.13,0.36,146.62000000000035
2018-12-28,000002,3618.81,3638.44,3693.43,3618.81,322811,772703696.0,2.08,1.39,49.74,0.33,74.61999999999989
2019-01-02,000002,3639.75,3648.92,3673.79,3618.81,247010,589384592.0,1.51,0.29,10.48,0.25,54.98000000000002
2019-01-03,000002,3634.52,3671.17,3727.46,3624.04,222354,536333264.0,2.83,0.61,22.25,0.23,103.42000000000007
2019-01-04,000002,3650.23,3783.75,3792.92,3642.37,377727,927011712.0,4.1,3.07,112.58,0.39,150.55000000000018
2019-01-07,000002,3830.88,3799.46,3862.3,3791.61,427155,1077909184.0,1.87,0.42,15.71,0.44,70.69000000000005
2019-01-08,000002,3799.46,3792.92,3819.1,3744.48,214382,533604352.0,1.96,-0.17,-6.54,0.22,74.61999999999989
2019-01-09,000002,3845.28,3836.12,3908.12,3807.32,340141,867081392.0,2.66,1.14,43.2,0.35,100.79999999999973
2019-01-10,000002,3821.72,3807.32,3866.23,3796.85,224649,568952640.0,1.81,-0.75,-28.8,0.23,69.38000000000011
2019-01-11,000002,3806.01,3832.19,3863.61,3794.23,240695,606994704.0,1.82,0.65,24.87,0.25,69.38000000000011
2019-01-14,000002,3809.94,3795.54,3832.19,3782.45,183281,459151856.0,1.3,-0.96,-36.65,0.19,49.74000000000024
2019-01-15,000002,3792.92,3813.86,3813.86,3703.9,368759,914983488.0,2.9,0.48,18.32,0.38,109.96000000000004
2019-01-16,000002,3812.55,3847.9,3858.37,3770.66,267466,676685584.0,2.3,0.89,34.04,0.28,87.71000000000004
2019-01-17,000002,3858.37,3788.99,3858.37,3785.06,245896,618876704.0,1.91,-1.53,-58.91,0.25,73.30999999999995
2019-01-18,000002,3792.92,3892.41,3892.41,3791.61,365723,933464192.0,2.66,2.73,103.42,0.38,100.79999999999973
2019-01-21,000002,3885.86,3878.01,3917.28,3845.28,255500,655820640.0,1.85,-0.37,-14.4,0.26,72.0
2019-01-22,000002,3858.37,3845.28,3946.08,3823.03,379337,974822720.0,3.17,-0.84,-32.73,0.39,123.04999999999973
2019-01-23,000002,3838.74,3833.5,3857.06,3819.1,146847,371890080.0,0.99,-0.31,-11.78,0.15,37.960000000000036
2019-01-24,000002,3847.9,3846.59,3863.61,3783.75,234931,592822912.0,2.08,0.34,13.09,0.24,79.86000000000013
2019-01-25,000002,3859.68,3936.92,3969.65,3857.06,451756,1176479680.0,2.93,2.35,90.33,0.47,112.59000000000015
2019-01-28,000002,3950.01,3931.68,4004.99,3905.5,308907,810288816.0,2.53,-0.13,-5.24,0.32,99.48999999999978
2019-01-29,000002,3912.05,4039.03,4039.03,3906.81,368072,974279360.0,3.36,2.73,107.35,0.38,132.22000000000025
2019-01-30,000002,4015.47,4082.23,4162.08,4006.3,592303,1615186864.0,3.86,1.07,43.2,0.61,155.77999999999975
2019-01-31,000002,4105.79,4152.92,4205.28,4054.74,411858,1138512400.0,3.69,1.73,70.69,0.42,150.53999999999996
2019-02-01,000002,4205.28,4143.76,4214.45,4052.12,518543,1415838208.0,3.91,-0.22,-9.16,0.53,162.32999999999993
2019-02-11,000002,4090.08,4142.45,4145.07,4040.34,448513,1222114368.0,2.53,-0.03,-1.31,0.46,104.72999999999956
2019-02-12,000002,4113.65,4107.1,4130.67,4035.1,510239,1387073360.0,2.31,-0.85,-35.35,0.53,95.57000000000016
2019-02-13,000002,4100.56,4155.54,4183.03,4071.76,671739,1849718608.0,2.71,1.18,48.44,0.69,111.26999999999953
2019-02-14,000002,4131.97,4112.34,4143.76,4076.99,548814,1501936304.0,1.61,-1.04,-43.2,0.56,66.77000000000044
2019-02-15,000002,4092.7,3995.83,4109.72,3989.28,622320,1674145040.0,2.93,-2.83,-116.51,0.64,120.44000000000005
2019-02-18,000002,4035.1,4080.92,4080.92,4011.54,689165,1857391136.0,1.74,2.13,85.09,0.71,69.38000000000011
2019-02-19,000002,4100.56,4058.67,4105.79,4042.96,581794,1578093488.0,1.54,-0.55,-22.25,0.6,62.82999999999993
2019-02-20,000002,4054.74,4137.21,4169.94,4025.94,708070,1946411552.0,3.55,1.94,78.54,0.73,143.99999999999955
2019-02-21,000002,4120.19,4048.19,4133.28,4029.87,616527,1673690928.0,2.5,-2.15,-89.02,0.63,103.40999999999985
2019-02-22,000002,4037.72,4050.81,4052.12,3956.56,616049,1637780576.0,2.36,0.06,2.62,0.63,95.55999999999995
2019-02-25,000002,4054.74,4236.7,4273.36,4036.41,1328513,3693496640.0,5.85,4.59,185.89,1.37,236.94999999999982
2019-02-26,000002,4245.87,4158.16,4296.92,4148.99,982520,2772109824.0,3.49,-1.85,-78.54,1.01,147.9300000000003
2019-02-27,000002,4158.16,4186.96,4251.1,4104.48,919166,2560423680.0,3.53,0.69,28.8,0.95,146.6200000000008
2019-02-28,000002,4159.47,4184.34,4257.65,4148.99,606375,1705080848.0,2.6,-0.06,-2.62,0.62,108.65999999999985
2019-03-01,000002,4198.74,4256.34,4256.34,4128.05,851785,2389355360.0,3.07,1.72,72.0,0.88,128.28999999999996
2019-03-04,000002,4290.38,4408.19,4493.29,4256.34,1414795,4185090672.0,5.57,3.57,151.85,1.46,236.94999999999982
2019-03-05,000002,4406.89,4439.61,4515.54,4378.09,835556,2503625216.0,3.12,0.71,31.42,0.86,137.44999999999982
2019-03-06,000002,4461.87,4379.39,4473.65,4324.41,813470,2387231856.0,3.36,-1.36,-60.22,0.84,149.23999999999978
2019-03-07,000002,4362.38,4260.27,4362.38,4240.63,744107,2136857024.0,2.78,-2.72,-119.12,0.77,121.75
2019-03-08,000002,4188.27,4107.1,4215.76,4057.36,837383,2311425520.0,3.72,-3.6,-153.17,0.86,158.4000000000001
2019-03-11,000002,4054.74,4113.65,4118.88,3970.96,968610,2604445072.0,3.6,0.16,6.55,1.0,147.92000000000007
2019-03-12,000002,4185.65,4113.65,4185.65,4080.92,796193,2196590640.0,2.55,0.0,0.0,0.82,104.72999999999956
2019-03-13,000002,4107.1,4160.77,4218.38,4035.1,791461,2189131856.0,4.46,1.15,47.12,0.81,183.2800000000002
2019-03-14,000002,4120.19,4114.96,4206.59,4084.85,575706,1593774064.0,2.93,-1.1,-45.81,0.59,121.74000000000024
2019-03-15,000002,4120.19,4194.81,4232.78,4103.17,778181,2174878000.0,3.15,1.94,79.85,0.8,129.60999999999967
2019-03-18,000002,4193.5,4364.99,4371.54,4154.23,984628,2830974400.0,5.18,4.06,170.18,1.01,217.3100000000004
2019-03-19,000002,4368.92,4336.19,4473.65,4310.01,769979,2266655136.0,3.75,-0.66,-28.8,0.79,163.63999999999942
2019-03-20,000002,4336.19,4385.94,4416.05,4270.74,618589,1807275600.0,3.35,1.15,49.75,0.64,145.3100000000004
2019-03-21,000002,4399.03,4388.56,4465.79,4371.54,673373,2006633328.0,2.15,0.06,2.62,0.69,94.25
2019-03-22,000002,4366.3,4341.43,4368.92,4274.67,403115,1170173984.0,2.15,-1.07,-47.13,0.41,94.25
2019-03-25,000002,4295.61,4206.59,4306.08,4200.05,485412,1382259056.0,2.44,-3.11,-134.84,0.5,106.02999999999975
2019-03-26,000002,4252.41,4223.61,4311.32,4213.14,614438,1753983328.0,2.33,0.4,17.02,0.63,98.17999999999938
2019-03-27,000002,4257.65,4310.01,4323.1,4215.76,456424,1311815600.0,2.54,2.05,86.4,0.47,107.34000000000015
2019-03-28,000002,4290.38,4290.38,4384.63,4252.41,517325,1500669728.0,3.07,-0.46,-19.63,0.53,132.22000000000025
2019-03-29,000002,4290.38,4541.72,4545.65,4283.83,970330,2903231424.0,6.1,5.86,251.34,1.0,261.8199999999997
2019-04-01,000002,4581.0,4718.45,4853.29,4578.38,1078515,3449265520.0,6.05,3.89,176.73,1.11,274.90999999999985
2019-04-02,000002,4726.31,4707.98,4772.12,4671.32,509273,1631797328.0,2.14,-0.22,-10.47,0.52,100.80000000000018
2019-04-03,000002,4693.58,4773.43,4777.36,4630.74,453117,1450033728.0,3.11,1.39,65.45,0.47,146.6199999999999
2019-04-04,000002,4774.74,4738.09,4855.91,4676.56,692093,2238380960.0,3.76,-0.74,-35.34,0.71,179.34999999999945
2019-04-08,000002,4745.94,4649.07,4814.01,4611.1,744881,2375321232.0,4.28,-1.88,-89.02,0.77,202.90999999999985
2019-04-09,000002,4717.14,4903.03,4918.74,4680.49,904187,2952702144.0,5.12,5.46,253.96,0.93,238.25
2019-04-10,000002,4827.11,4810.09,4866.38,4761.65,539053,1763295168.0,2.14,-1.9,-92.94,0.55,104.73000000000047
2019-04-11,000002,4794.38,4688.34,4866.38,4632.05,573782,1842346192.0,4.87,-2.53,-121.75,0.59,234.32999999999993
2019-04-12,000002,4653.0,4590.16,4679.18,4553.5,482437,1504490064.0,2.68,-2.09,-98.18,0.5,125.68000000000029
2019-04-15,000002,4679.18,4570.52,4709.29,4562.67,557809,1759310288.0,3.19,-0.43,-19.64,0.57,146.6199999999999
2019-04-16,000002,4545.65,4662.16,4667.4,4448.78,709185,2185563504.0,4.78,2.01,91.64,0.73,218.6199999999999
2019-04-17,000002,4643.83,4575.76,4643.83,4548.27,543534,1683838800.0,2.05,-1.85,-86.4,0.56,95.55999999999949
2019-04-18,000002,4557.43,4539.1,4557.43,4488.05,459264,1404300848.0,1.52,-0.8,-36.66,0.47,69.38000000000011
2019-04-19,000002,4527.32,4641.21,4645.14,4507.69,454557,1409527104.0,3.03,2.25,102.11,0.47,137.45000000000073
2019-04-22,000002,4574.45,4383.32,4574.45,4357.14,1254611,3759214896.0,4.68,-5.56,-257.89,1.29,217.3099999999995
2019-04-23,000002,4368.92,4383.32,4414.74,4349.28,599064,1768285808.0,1.49,0.0,0.0,0.62,65.46000000000004
2019-04-24,000002,4421.29,4395.1,4422.59,4317.87,447457,1315291232.0,2.39,0.27,11.78,0.46,104.72000000000025
2019-04-25,000002,4370.23,4367.61,4429.14,4342.74,472221,1392245664.0,1.97,-0.63,-27.49,0.49,86.40000000000055
2019-04-26,000002,4329.65,4327.03,4366.3,4303.47,396883,1155739984.0,1.44,-0.93,-40.58,0.41,62.82999999999993
2019-04-29,000002,4317.87,4362.38,4389.87,4316.56,498386,1461313472.0,1.69,0.82,35.35,0.51,73.30999999999949
2019-04-30,000002,4323.1,4300.85,4337.5,4235.39,503764,1449578224.0,2.34,-1.41,-61.53,0.52,102.10999999999967
2019-05-06,000002,4185.65,4067.83,4226.23,4015.47,700696,1919848704.0,4.9,-5.42,-233.02,0.72,210.75999999999976
2019-05-07,000002,4114.96,4183.03,4206.59,4104.48,503032,1399420576.0,2.51,2.83,115.2,0.52,102.11000000000058
2019-05-08,000002,4109.72,4105.79,4186.96,4088.77,353879,976776032.0,2.35,-1.85,-77.24,0.36,98.19000000000005
2019-05-09,000002,4091.39,4057.36,4118.88,4015.47,350944,948118208.0,2.52,-1.18,-48.43,0.36,103.41000000000031
2019-05-10,000002,4090.08,4189.58,4197.43,4032.48,471861,1306268304.0,4.07,3.26,132.22,0.49,164.95000000000027
2019-05-13,000002,4124.12,4192.19,4196.12,4113.65,312445,868824128.0,1.97,0.06,2.61,0.32,82.47000000000025
2019-05-14,000002,4141.14,4133.28,4196.12,4107.1,343952,955114032.0,2.12,-1.41,-58.91,0.35,89.01999999999953
2019-05-15,000002,4166.01,4188.27,4220.99,4159.47,374567,1051240512.0,1.49,1.33,54.99,0.39,61.51999999999953
2019-05-16,000002,4168.63,4202.67,4210.52,4162.08,307265,861546304.0,1.16,0.34,14.4,0.32,48.44000000000051
2019-05-17,000002,4211.83,4101.87,4213.14,4094.01,326651,902757792.0,2.83,-2.4,-100.8,0.34,119.13000000000011
2019-05-20,000002,4117.57,4088.77,4138.52,4042.96,255968,696860592.0,2.33,-0.32,-13.1,0.26,95.5600000000004
2019-05-21,000002,4091.39,4122.81,4158.16,4080.92,265604,731405408.0,1.89,0.83,34.04,0.27,77.23999999999978
2019-05-22,000002,4107.1,4101.87,4131.97,4067.83,204648,560169488.0,1.56,-0.51,-20.94,0.21,64.14000000000033
2019-05-23,000002,4080.92,4018.08,4091.39,4010.23,270741,726962128.0,1.98,-2.04,-83.79,0.28,81.15999999999985
2019-05-24,000002,4041.65,4031.17,4061.28,4003.68,197830,530462432.0,1.43,0.33,13.09,0.2,57.600000000000364
2019-05-27,000002,4027.25,4054.74,4065.21,3963.1,251968,674457200.0,2.53,0.58,23.57,0.26,102.11000000000013
2019-05-28,000002,4054.74,4135.9,4135.9,4033.79,409946,1117493904.0,2.52,2.0,81.16,0.42,102.10999999999967
2019-05-29,000002,4094.01,4075.68,4109.72,4056.05,214729,583352720.0,1.3,-1.46,-60.22,0.22,53.67000000000007
2019-05-30,000002,4069.14,4044.27,4069.14,4019.39,200526,539117120.0,1.22,-0.77,-31.41,0.21,49.75
2019-05-31,000002,4035.1,4015.47,4063.9,4015.47,200146,537589152.0,1.2,-0.71,-28.8,0.21,48.43000000000029
2019-06-03,000002,4029.87,3981.43,4057.36,3960.48,317568,842709488.0,2.41,-0.85,-34.04,0.33,96.88000000000011
2019-06-04,000002,3985.36,3963.1,3994.52,3956.56,203261,536198032.0,0.95,-0.46,-18.33,0.21,37.960000000000036
2019-06-05,000002,4007.61,4058.67,4091.39,4006.3,576164,1553688608.0,2.15,2.41,95.57,0.59,85.08999999999969
2019-06-06,000002,4056.05,4070.45,4092.7,4044.27,333792,905462512.0,1.19,0.29,11.78,0.34,48.429999999999836
2019-06-10,000002,4092.7,4160.77,4192.19,4076.99,527547,1466767216.0,2.83,2.22,90.32,0.54,115.19999999999982
2019-06-11,000002,4168.63,4228.85,4244.56,4166.01,449630,1271956400.0,1.89,1.64,68.08,0.46,78.55000000000018
2019-06-12,000002,4217.07,4185.65,4223.61,4160.77,269372,753190176.0,1.49,-1.02,-43.2,0.28,62.839999999999236
2019-06-13,000002,4185.65,4163.39,4192.19,4130.67,250431,695293632.0,1.47,-0.53,-22.26,0.26,61.51999999999953
2019-06-14,000002,4186.96,4176.48,4223.61,4156.85,311418,874904944.0,1.6,0.31,13.09,0.32,66.75999999999931
2019-06-17,000002,4159.47,4173.87,4211.83,4152.92,171673,480406928.0,1.41,-0.06,-2.61,0.18,58.909999999999854
2019-06-18,000002,4196.12,4146.37,4200.05,4107.1,219162,605621872.0,2.23,-0.66,-27.5,0.23,92.94999999999982
2019-06-19,000002,4211.83,4150.3,4235.39,4131.97,390158,1090051952.0,2.49,0.09,3.93,0.4,103.42000000000007
2019-06-20,000002,4146.37,4244.56,4244.56,4137.21,577484,1628818512.0,2.59,2.27,94.26,0.59,107.35000000000036
2019-06-21,000002,4238.01,4226.23,4253.72,4201.36,492538,1392207008.0,1.23,-0.43,-18.33,0.51,52.36000000000058
2019-06-24,000002,4201.36,4202.67,4218.38,4189.58,270129,759269856.0,0.68,-0.56,-23.56,0.28,28.800000000000182
2019-06-25,000002,4207.9,4169.94,4218.38,4137.21,282513,786459328.0,1.93,-0.78,-32.73,0.29,81.17000000000007
2019-06-26,000002,4166.01,4158.16,4184.34,4147.68,184696,514385344.0,0.88,-0.28,-11.78,0.19,36.659999999999854
2019-06-27,000002,4171.25,4164.7,4196.12,4147.68,274068,764026960.0,1.16,0.16,6.54,0.28,48.4399999999996
2019-06-28,000002,4167.32,4160.77,4180.41,4145.07,193978,539293008.0,0.85,-0.09,-3.93,0.2,35.340000000000146
2019-07-01,000002,4209.21,4266.81,4273.36,4185.65,687243,1945304448.0,2.11,2.55,106.04,0.71,87.71000000000004
2019-07-02,000002,4251.1,4298.23,4307.39,4222.3,553239,1577593936.0,1.99,0.74,31.42,0.57,85.09000000000015
2019-07-03,000002,4278.59,4338.81,4380.7,4265.5,672626,1963666944.0,2.68,0.94,40.58,0.69,115.19999999999982
2019-07-04,000002,4345.36,4388.56,4484.12,4345.36,662801,1976371920.0,3.2,1.15,49.75,0.68,138.76000000000022
2019-07-05,000002,4375.47,4375.47,4405.58,4333.58,351068,1032280464.0,1.64,-0.3,-13.09,0.36,72.0
2019-07-08,000002,4382.01,4336.19,4383.32,4270.74,394474,1147380320.0,2.57,-0.9,-39.28,0.41,112.57999999999993
2019-07-09,000002,4336.19,4336.19,4406.89,4327.03,332849,975826032.0,1.84,0.0,0.0,0.34,79.86000000000058
2019-07-10,000002,4370.23,4338.81,4371.54,4304.78,177763,517336272.0,1.54,0.06,2.62,0.18,66.76000000000022
2019-07-11,000002,4366.3,4344.05,4414.74,4340.12,318642,937805600.0,1.72,0.12,5.24,0.33,74.61999999999989
2019-07-12,000002,4342.74,4401.65,4429.14,4330.96,333780,989047200.0,2.26,1.33,57.6,0.34,98.18000000000029
2019-07-15,000002,4372.85,4447.47,4457.94,4342.74,465464,1380208992.0,2.62,1.04,45.82,0.48,115.19999999999982
2019-07-16,000002,4434.38,4455.32,4499.83,4427.83,347691,1046147760.0,1.62,0.18,7.85,0.36,72.0
2019-07-17,000002,4434.38,4464.49,4486.74,4423.9,232957,701266464.0,1.41,0.21,9.17,0.24,62.840000000000146
2019-07-18,000002,4443.54,4459.25,4486.74,4426.52,264075,793896528.0,1.35,-0.12,-5.24,0.27,60.219999999999345
2019-07-19,000002,4539.1,4540.41,4575.76,4507.69,506322,1556835936.0,1.53,1.82,81.16,0.52,68.07000000000062
2019-07-22,000002,4540.41,4591.47,4637.29,4516.85,457615,1423211184.0,2.65,1.12,51.06,0.47,120.4399999999996
2019-07-23,000002,4565.29,4447.47,4578.38,4399.03,596291,1796657952.0,3.91,-3.14,-144.0,0.61,179.35000000000036
2019-07-24,000002,4447.47,4443.54,4486.74,4412.12,391730,1173207648.0,1.68,-0.09,-3.93,0.4,74.61999999999989
2019-07-25,000002,4442.23,4457.94,4461.87,4395.1,334004,996259344.0,1.5,0.32,14.4,0.34,66.76999999999953
2019-07-26,000002,4422.59,4442.23,4457.94,4408.19,319835,956013184.0,1.12,-0.35,-15.71,0.33,49.75
2019-07-29,000002,4436.99,4408.19,4461.87,4395.1,242600,723040000.0,1.5,-0.77,-34.04,0.25,66.76999999999953
2019-07-30,000002,4414.74,4423.9,4459.25,4414.74,202807,607033696.0,1.01,0.36,15.71,0.21,44.51000000000022
2019-07-31,000002,4368.92,4285.14,4368.92,4252.41,687369,1979377632.0,2.63,-3.14,-138.76,0.71,116.51000000000022
2019-08-01,000002,4251.1,4240.63,4283.83,4210.52,361277,1028750656.0,1.71,-1.04,-44.51,0.37,73.30999999999949
2019-08-02,000002,4152.92,4186.96,4218.38,4143.76,435983,1214285136.0,1.76,-1.27,-53.67,0.45,74.61999999999989
2019-08-05,000002,4148.99,4056.05,4154.23,4054.74,430819,1177180240.0,2.38,-3.13,-130.91,0.44,99.48999999999978
2019-08-06,000002,4008.92,4057.36,4099.25,3977.5,446790,1202706320.0,3.0,0.03,1.31,0.46,121.75
2019-08-07,000002,4074.37,4101.87,4128.05,4061.28,366593,1001711728.0,1.65,1.1,44.51,0.38,66.76999999999998
2019-08-08,000002,4124.12,4139.83,4159.47,4101.87,278466,767941216.0,1.4,0.93,37.96,0.29,57.600000000000364
2019-08-09,000002,4166.01,4092.7,4166.01,4075.68,254721,697605312.0,2.18,-1.14,-47.13,0.26,90.33000000000038
2019-08-12,000002,4095.32,4155.54,4169.94,4091.39,262532,726706160.0,1.92,1.54,62.84,0.27,78.54999999999973
2019-08-13,000002,4135.9,4097.94,4151.61,4078.3,287659,787625728.0,1.76,-1.39,-57.6,0.3,73.30999999999949
2019-08-14,000002,4145.07,4071.76,4151.61,4041.65,528475,1435516944.0,2.68,-0.64,-26.18,0.54,109.95999999999958
2019-08-15,000002,4060.64,4105.15,4116.93,4014.82,350419,918434464.0,2.51,0.82,33.39,0.36,102.11000000000013
2019-08-16,000002,4113.01,4097.3,4128.72,4081.59,358175,944690704.0,1.15,-0.19,-7.85,0.37,47.13000000000011
2019-08-19,000002,4178.46,4175.84,4186.32,4115.62,487360,1303443680.0,1.73,1.92,78.54,0.5,70.69999999999982
2019-08-20,000002,4162.75,4213.81,4238.68,4152.28,478734,1301096032.0,2.07,0.91,37.97,0.49,86.40000000000055
2019-08-21,000002,4245.23,4242.61,4292.35,4224.28,438763,1204112160.0,1.62,0.68,28.8,0.45,68.07000000000062
2019-08-22,000002,4262.24,4212.5,4263.55,4207.26,285591,778780560.0,1.33,-0.71,-30.11,0.29,56.289999999999964
2019-08-23,000002,4224.28,4186.32,4228.21,4178.46,374286,1011168752.0,1.18,-0.62,-26.18,0.39,49.75
2019-08-26,000002,4120.86,4119.55,4133.95,4086.82,472346,1244677472.0,1.13,-1.59,-66.77,0.49,47.129999999999654
2019-08-27,000002,4141.81,4128.72,4188.93,4122.17,497275,1326062528.0,1.62,0.22,9.17,0.51,66.76000000000022
2019-08-28,000002,4132.64,4132.64,4150.97,4107.77,266294,706306160.0,1.05,0.09,3.92,0.27,43.19999999999982
2019-08-29,000002,4137.88,4056.71,4144.42,4042.31,562064,1465149776.0,2.47,-1.84,-75.93,0.58,102.11000000000013
2019-08-30,000002,4089.44,4034.46,4089.44,4018.75,434934,1125318896.0,1.74,-0.55,-22.25,0.45,70.69000000000005
2019-09-02,000002,4027.91,4046.24,4068.5,4020.06,439524,1138396496.0,1.2,0.29,11.78,0.45,48.440000000000055
2019-09-03,000002,4056.71,4021.37,4067.19,4009.59,454523,1170596832.0,1.42,-0.61,-24.87,0.47,57.59999999999991
2019-09-04,000002,4038.39,4152.28,4158.82,4025.3,908130,2388814224.0,3.32,3.26,130.91,0.93,133.51999999999953
2019-09-05,000002,4169.3,4152.28,4237.37,4145.73,780259,2109301728.0,2.21,0.0,0.0,0.8,91.64000000000033
2019-09-06,000002,4175.84,4177.15,4181.08,4144.42,442331,1184338272.0,0.88,0.6,24.87,0.46,36.659999999999854
2019-09-09,000002,4198.1,4200.72,4238.68,4192.86,510381,1385666112.0,1.1,0.56,23.57,0.53,45.82000000000062
2019-09-10,000002,4217.73,4222.97,4226.9,4188.93,388349,1053124080.0,0.9,0.53,22.25,0.4,37.969999999999345
2019-09-11,000002,4230.82,4179.77,4234.75,4161.44,350398,943979712.0,1.74,-1.02,-43.2,0.36,73.3100000000004
2019-09-12,000002,4209.88,4293.66,4297.59,4208.57,895785,2476233392.0,2.13,2.72,113.89,0.92,89.02000000000044
2019-09-16,000002,4292.35,4219.04,4292.35,4211.19,485030,1326898064.0,1.89,-1.74,-74.62,0.5,81.16000000000076
2019-09-17,000002,4211.19,4167.99,4212.5,4150.97,416482,1119881504.0,1.46,-1.21,-51.05,0.43,61.529999999999745
2019-09-18,000002,4167.99,4183.7,4220.35,4164.06,361632,977811504.0,1.35,0.38,15.71,0.37,56.289999999999964
2019-09-19,000002,4198.1,4156.21,4200.72,4139.19,345421,923249104.0,1.47,-0.66,-27.49,0.36,61.530000000000655
2019-09-20,000002,4177.15,4165.37,4185.01,4143.12,375727,1005401008.0,1.01,0.22,9.16,0.39,41.89000000000033
2019-09-23,000002,4124.79,4080.28,4124.79,4060.64,603530,1578059536.0,1.54,-2.04,-85.09,0.62,64.15000000000009
2019-09-24,000002,4092.06,4077.66,4103.84,4072.42,348239,912369808.0,0.77,-0.06,-2.62,0.36,31.420000000000073
2019-09-25,000002,4072.42,4063.26,4092.06,4052.79,377226,984737120.0,0.96,-0.35,-14.4,0.39,39.26999999999998
2019-09-26,000002,4073.73,4089.44,4113.01,4063.26,513030,1345600000.0,1.22,0.64,26.18,0.53,49.75
2019-09-27,000002,4088.13,4060.64,4088.13,4048.86,397930,1035915232.0,0.96,-0.7,-28.8,0.41,39.26999999999998
2019-09-30,000002,4056.71,4047.55,4078.97,4035.77,275854,715836288.0,1.06,-0.32,-13.09,0.28,43.19999999999982
2019-10-08,000002,4061.95,4107.77,4165.37,4061.95,846173,2244970288.0,2.56,1.49,60.22,0.87,103.42000000000007
2019-10-09,000002,4085.52,4165.37,4194.17,4080.28,1156159,3098614752.0,2.77,1.4,57.6,1.19,113.88999999999987
2019-10-10,000002,4171.92,4141.81,4185.01,4126.1,541049,1442136208.0,1.41,-0.57,-23.56,0.56,58.909999999999854
2019-10-11,000002,4157.52,4166.68,4171.92,4127.41,690326,1847963520.0,1.07,0.6,24.87,0.71,44.51000000000022
2019-10-14,000002,4185.01,4207.26,4234.75,4170.61,1040628,2825413280.0,1.54,0.97,40.58,1.07,64.14000000000033
2019-10-15,000002,4216.42,4161.44,4228.21,4150.97,500298,1346872048.0,1.84,-1.09,-45.82,0.51,77.23999999999978
2019-10-16,000002,4187.62,4200.72,4287.12,4179.77,1003116,2738841248.0,2.58,0.94,39.28,1.03,107.34999999999945
2019-10-17,000002,4217.73,4237.37,4276.64,4198.1,680263,1863059280.0,1.87,0.87,36.65,0.7,78.53999999999996
2019-10-18,000002,4257.01,4186.32,4287.12,4165.37,607699,1656770016.0,2.87,-1.2,-51.05,0.63,121.75
2019-10-21,000002,4202.02,4275.33,4289.73,4191.55,872103,2397091536.0,2.35,2.13,89.01,0.9,98.17999999999938
2019-10-22,000002,4288.43,4238.68,4291.04,4208.57,610049,1666020112.0,1.93,-0.86,-36.65,0.63,82.47000000000025
2019-10-23,000002,4224.28,4162.75,4229.52,4148.35,567454,1524444880.0,1.91,-1.79,-75.93,0.58,81.17000000000007
2019-10-24,000002,4158.82,4147.04,4183.7,4132.64,427848,1144057296.0,1.23,-0.38,-15.71,0.44,51.05999999999949
2019-10-25,000002,4166.68,4187.62,4225.59,4158.82,576901,1557601072.0,1.61,0.98,40.58,0.59,66.77000000000044
2019-10-28,000002,4186.32,4175.84,4186.32,4126.1,430973,1154334464.0,1.44,-0.28,-11.78,0.44,60.219999999999345
2019-10-29,000002,4173.22,4148.35,4183.7,4145.73,356020,952604320.0,0.91,-0.66,-27.49,0.37,37.970000000000255
2019-10-30,000002,4141.81,4145.73,4166.68,4139.19,363282,970373904.0,0.66,-0.06,-2.62,0.37,27.49000000000069
2019-10-31,000002,4145.73,4130.02,4165.37,4110.39,336242,892565152.0,1.33,-0.38,-15.71,0.35,54.97999999999956
2019-11-01,000002,4133.95,4169.3,4173.22,4085.52,626001,1671105776.0,2.12,0.95,39.28,0.64,87.70000000000027
2019-11-04,000002,4182.39,4173.22,4196.79,4154.9,538985,1449249328.0,1.0,0.09,3.92,0.55,41.89000000000033
2019-11-05,000002,4178.46,4175.84,4196.79,4130.02,989568,2661351008.0,1.6,0.06,2.62,1.02,66.76999999999953
2019-11-06,000002,4174.53,4145.73,4174.53,4115.62,674955,1793945056.0,1.41,-0.72,-30.11,0.69,58.909999999999854
2019-11-07,000002,4140.5,4135.26,4149.66,4126.1,338402,899446960.0,0.57,-0.25,-10.47,0.35,23.55999999999949
2019-11-08,000002,4150.97,4157.52,4166.68,4135.26,485247,1296314032.0,0.76,0.54,22.26,0.5,31.420000000000073
2019-11-11,000002,4136.57,4110.39,4137.88,4102.53,463259,1225718592.0,0.85,-1.13,-47.13,0.48,35.350000000000364
2019-11-12,000002,4102.53,4097.3,4130.02,4088.13,363338,957393712.0,1.02,-0.32,-13.09,0.37,41.89000000000033
2019-11-13,000002,4097.3,4085.52,4099.92,4060.64,346952,906913760.0,0.96,-0.29,-11.78,0.36,39.2800000000002
2019-11-14,000002,4090.75,4111.7,4122.17,4069.81,378341,996571600.0,1.28,0.64,26.18,0.39,52.36000000000013
2019-11-15,000002,4118.24,4124.79,4147.04,4109.08,468115,1243472928.0,0.92,0.32,13.09,0.48,37.960000000000036
2019-11-18,000002,4113.01,4115.62,4133.95,4075.04,368124,971790944.0,1.43,-0.22,-9.17,0.38,58.909999999999854
2019-11-19,000002,4120.86,4154.9,4161.44,4113.01,670930,1790181120.0,1.18,0.95,39.28,0.69,48.42999999999938
2019-11-20,000002,4158.82,4145.73,4166.68,4139.19,485754,1298731936.0,0.66,-0.22,-9.17,0.5,27.49000000000069
2019-11-21,000002,4132.64,4158.82,4160.13,4119.55,385675,1028865552.0,0.98,0.32,13.09,0.4,40.57999999999993
2019-11-22,000002,4162.75,4192.86,4204.64,4150.97,669911,1804428848.0,1.29,0.82,34.04,0.69,53.67000000000007
2019-11-25,000002,4230.82,4407.55,4407.55,4230.82,1368033,3856258080.0,4.22,5.12,214.69,1.41,176.73000000000047
2019-11-26,000002,4407.55,4368.28,4414.1,4334.24,717189,2033217216.0,1.81,-0.89,-39.27,0.74,79.86000000000058
2019-11-27,000002,4360.43,4322.46,4373.52,4306.75,631435,1775378960.0,1.53,-1.05,-45.82,0.65,66.77000000000044
2019-11-28,000002,4323.77,4296.28,4323.77,4272.72,439962,1222840128.0,1.18,-0.61,-26.18,0.45,51.05000000000018
2019-11-29,000002,4300.21,4283.19,4302.83,4268.79,448065,1242373840.0,0.79,-0.3,-13.09,0.46,34.039999999999964
2019-12-02,000002,4305.44,4329.01,4338.17,4304.13,1006844,2823613040.0,0.79,1.07,45.82,1.04,34.039999999999964
2019-12-03,000002,4318.53,4322.46,4346.03,4287.12,596982,1673918784.0,1.36,-0.15,-6.55,0.61,58.909999999999854
2019-12-04,000002,4306.75,4293.66,4322.46,4276.64,343383,954765856.0,1.06,-0.67,-28.8,0.35,45.81999999999971
2019-12-05,000002,4315.92,4296.28,4315.92,4271.41,373264,1036876656.0,1.04,0.06,2.62,0.38,44.51000000000022
2019-12-06,000002,4304.13,4304.13,4306.75,4285.81,358418,997431120.0,0.49,0.18,7.85,0.37,20.9399999999996
2019-12-09,000002,4317.23,4344.72,4368.28,4317.23,1160606,3267608704.0,1.19,0.94,40.59,1.19,51.05000000000018
2019-12-10,000002,4332.93,4309.37,4342.1,4287.12,685469,1914187744.0,1.27,-0.81,-35.35,0.71,54.98000000000047
2019-12-11,000002,4321.15,4322.46,4353.88,4315.92,985187,2765688864.0,0.88,0.3,13.09,1.01,37.960000000000036
2019-12-12,000002,4325.08,4322.46,4344.72,4314.61,563828,1580712928.0,0.7,0.0,0.0,0.58,30.110000000000582
2019-12-13,000002,4346.03,4342.1,4366.97,4339.48,1431370,4039464928.0,0.64,0.45,19.64,1.47,27.49000000000069
2019-12-16,000002,4355.19,4512.28,4512.28,4342.1,1896063,5422583808.0,3.92,3.92,170.18,1.95,170.17999999999938
2019-12-17,000002,4499.19,4643.19,4759.7,4478.24,1596500,4825522432.0,6.24,2.9,130.91,1.64,281.46000000000004
2019-12-18,000002,4649.74,4624.86,4709.95,4610.46,907933,2770950976.0,2.14,-0.39,-18.33,0.93,99.48999999999978
2019-12-19,000002,4636.65,4719.12,4758.39,4623.55,861137,2663619936.0,2.92,2.04,94.26,0.89,134.84000000000015
2019-12-20,000002,4761.01,4804.21,4878.83,4761.01,893368,2845286064.0,2.5,1.8,85.09,0.92,117.81999999999971
2019-12-23,000002,4804.21,4716.5,4870.97,4713.88,638836,2006994592.0,3.27,-1.83,-87.71,0.66,157.09000000000015
2019-12-24,000002,4716.5,4634.03,4728.28,4596.06,754925,2293911136.0,2.8,-1.75,-82.47,0.78,132.21999999999935
2019-12-25,000002,4636.65,4622.25,4666.75,4607.85,685037,2082008208.0,1.27,-0.25,-11.78,0.71,58.899999999999636
2019-12-26,000002,4649.74,4730.9,4754.46,4649.74,888791,2758745296.0,2.27,2.35,108.65,0.91,104.72000000000025
2019-12-27,000002,4745.3,4715.19,4757.08,4690.32,703096,2185106848.0,1.41,-0.33,-15.71,0.72,66.76000000000022
2019-12-30,000002,4761.01,4789.81,4818.61,4717.81,915751,2870247856.0,2.14,1.58,74.62,0.94,100.79999999999927
2019-12-31,000002,4761.01,4869.66,4905.01,4757.08,663498,2122966720.0,3.09,1.67,79.85,0.68,147.9300000000003
2020-01-02,000002,4950.83,4919.41,5055.56,4912.86,1012130,3342373872.0,2.93,1.02,49.75,1.04,142.70000000000073
2020-01-03,000002,4939.05,4852.65,4952.14,4817.3,805536,2584309904.0,2.74,-1.36,-66.76,0.83,134.84000000000015
2020-01-06,000002,4813.37,4781.96,4814.68,4747.92,876841,2761448656.0,1.38,-1.46,-70.69,0.9,66.76000000000022
2020-01-07,000002,4795.05,4814.68,4836.94,4761.01,577933,1827510864.0,1.59,0.68,32.72,0.59,75.92999999999938
2020-01-08,000002,4754.46,4804.21,4815.99,4721.74,529997,1667143808.0,1.96,-0.22,-10.47,0.55,94.25
2020-01-09,000002,4865.74,4872.28,4908.94,4826.46,783734,2519927712.0,1.72,1.42,68.07,0.81,82.47999999999956
2020-01-10,000002,4846.1,4775.41,4874.9,4761.01,557444,1762516208.0,2.34,-1.99,-96.87,0.57,113.88999999999942
2020-01-13,000002,4767.56,4804.21,4817.3,4749.23,620749,1957169616.0,1.43,0.6,28.8,0.64,68.07000000000062
2020-01-14,000002,4787.19,4766.25,4818.61,4763.63,419712,1322400768.0,1.14,-0.79,-37.96,0.43,54.97999999999956
2020-01-15,000002,4754.46,4648.43,4779.34,4644.5,672944,2071443632.0,2.83,-2.47,-117.82,0.69,134.84000000000015
2020-01-16,000002,4665.45,4653.66,4706.03,4636.65,581396,1779302400.0,1.49,0.11,5.23,0.6,69.38000000000011
2020-01-17,000002,4665.45,4644.5,4695.55,4626.17,472219,1442665856.0,1.49,-0.2,-9.16,0.49,69.38000000000011
2020-01-20,000002,4649.74,4567.26,4651.05,4521.44,915638,2730988416.0,2.79,-1.66,-77.24,0.94,129.61000000000058
2020-01-21,000002,4526.68,4480.86,4565.95,4455.99,817969,2399809088.0,2.41,-1.89,-86.4,0.84,109.96000000000004
2020-01-22,000002,4479.55,4598.68,4628.79,4476.94,937710,2796437184.0,3.39,2.63,117.82,0.97,151.85000000000036
2020-01-23,000002,4545.01,4450.75,4555.48,4411.48,986949,2884502304.0,3.13,-3.22,-147.93,1.02,144.0
2020-02-03,000002,4072.42,4143.12,4259.63,4071.12,1530865,4119846240.0,4.24,-6.91,-307.63,1.58,188.51000000000022
2020-02-04,000002,4178.46,4272.72,4305.44,4178.46,1036283,2838999600.0,3.06,3.13,129.6,1.07,126.97999999999956
2020-02-05,000002,4258.32,4275.33,4319.84,4220.35,800686,2213431072.0,2.33,0.06,2.61,0.82,99.48999999999978
2020-02-06,000002,4289.73,4309.37,4338.17,4246.53,871869,2412853824.0,2.14,0.8,34.04,0.9,91.64000000000033
2020-02-07,000002,4255.7,4257.01,4270.1,4219.04,713785,1956685392.0,1.18,-1.22,-52.36,0.73,51.0600000000004
2020-02-10,000002,4224.28,4410.17,4437.66,4207.26,911238,2575641104.0,5.41,3.6,153.16,0.94,230.39999999999964
2020-02-11,000002,4394.46,4463.84,4522.75,4394.46,685354,2004428736.0,2.91,1.22,53.67,0.71,128.28999999999996
2020-02-12,000002,4452.06,4463.84,4492.64,4433.74,417587,1213044768.0,1.32,0.0,0.0,0.43,58.900000000000546
2020-02-13,000002,4516.21,4577.74,4682.46,4513.59,895698,2704306528.0,3.78,2.55,113.9,0.92,168.8699999999999
2020-02-14,000002,4584.28,4689.01,4689.01,4580.35,1197703,3648835024.0,2.37,2.43,111.27,1.23,108.65999999999985
2020-02-17,000002,4707.34,4639.26,4708.65,4573.81,1022139,3098649744.0,2.88,-1.06,-49.75,1.05,134.83999999999924
2020-02-18,000002,4585.59,4545.01,4590.83,4521.44,785952,2334626800.0,1.5,-2.03,-94.25,0.81,69.39000000000033
2020-02-19,000002,4547.63,4538.46,4597.37,4525.37,608207,1812951824.0,1.58,-0.14,-6.55,0.63,72.0
2020-02-20,000002,4520.14,4564.64,4567.26,4490.03,801996,2370776288.0,1.7,0.58,26.18,0.83,77.23000000000047
2020-02-21,000002,4558.1,4486.1,4558.1,4453.37,1059202,3098548224.0,2.29,-1.72,-78.54,1.09,104.73000000000047
2020-02-24,000002,4466.46,4440.28,4473.01,4377.44,949996,2730214176.0,2.13,-1.02,-45.82,0.98,95.57000000000062
2020-02-25,000002,4429.81,4496.57,4538.46,4427.19,1052970,3080948544.0,2.51,1.27,56.29,1.08,111.27000000000044
2020-02-26,000002,4433.74,4598.68,4709.95,4401.01,1654457,5002513920.0,6.87,2.27,102.11,1.7,308.9399999999996
2020-02-27,000002,4614.39,4541.08,4618.32,4503.12,922759,2745257984.0,2.51,-1.25,-57.6,0.95,115.19999999999982
2020-02-28,000002,4486.1,4530.61,4662.83,4476.94,1101300,3303591408.0,4.09,-0.23,-10.47,1.13,185.89000000000033
2020-03-02,000002,4571.19,4732.21,4797.66,4571.19,1375747,4275882352.0,5.0,4.45,201.6,1.42,226.47000000000025
2020-03-03,000002,4781.96,4728.28,4797.66,4640.57,942832,2913732848.0,3.32,-0.08,-3.93,0.97,157.09000000000015
2020-03-04,000002,4751.85,4880.14,4905.01,4681.15,1129796,3595379312.0,4.73,3.21,151.86,1.16,223.86000000000058
2020-03-05,000002,4817.3,4885.37,4937.74,4793.74,924170,2966840000.0,2.95,0.11,5.23,0.95,144.0
2020-03-06,000002,4821.23,4732.21,4844.79,4713.88,679529,2124469840.0,2.68,-3.14,-153.16,0.7,130.90999999999985
2020-03-09,000002,4662.83,4656.28,4732.21,4585.59,843613,2579914144.0,3.1,-1.6,-75.93,0.87,146.6199999999999
2020-03-10,000002,4662.83,4689.01,4789.81,4610.46,765994,2358611136.0,3.85,0.7,32.73,0.79,179.35000000000036
2020-03-11,000002,4692.94,4634.03,4715.19,4631.41,563319,1728508592.0,1.79,-1.17,-54.98,0.58,83.77999999999975
2020-03-12,000002,4585.59,4577.74,4666.75,4531.92,593494,1776382656.0,2.91,-1.21,-56.29,0.61,134.82999999999993
2020-03-13,000002,4387.92,4512.28,4558.1,4348.64,732531,2122142608.0,4.58,-1.43,-65.46,0.75,209.46000000000004
2020-03-16,000002,4513.59,4393.15,4513.59,4360.43,646615,1868241392.0,3.39,-2.64,-119.13,0.67,153.15999999999985
2020-03-17,000002,4394.46,4336.86,4435.04,4230.82,710786,1994660448.0,4.65,-1.28,-56.29,0.73,204.22000000000025
2020-03-18,000002,4243.92,4099.92,4275.33,4061.95,1928697,5201139456.0,4.92,-5.46,-236.94,1.99,213.3800000000001
2020-03-19,000002,4034.46,3959.84,4051.48,3822.39,1510079,3777799184.0,5.59,-3.42,-140.08,1.55,229.09000000000015
2020-03-20,000002,3995.19,4034.46,4052.79,3937.59,975291,2492385264.0,2.91,1.88,74.62,1.0,115.19999999999982
2020-03-23,000002,3908.79,3870.82,3940.21,3849.88,703782,1736521152.0,2.24,-4.06,-163.64,0.72,90.32999999999993
2020-03-24,000002,3940.21,3916.64,3950.68,3845.95,934048,2315905312.0,2.71,1.18,45.82,0.96,104.73000000000002
2020-03-25,000002,3975.55,4126.1,4139.19,3975.55,1497606,3885764288.0,4.18,5.35,209.46,1.54,163.63999999999942
2020-03-26,000002,4089.44,4086.82,4127.41,4060.64,576254,1513738528.0,1.62,-0.95,-39.28,0.59,66.76999999999998
2020-03-27,000002,4154.9,4135.26,4212.5,4115.62,834894,2235263792.0,2.37,1.19,48.44,0.86,96.88000000000011
2020-03-30,000002,4073.73,4065.88,4156.21,4060.64,850018,2238199376.0,2.31,-1.68,-69.38,0.87,95.57000000000016
2020-03-31,000002,4106.46,4014.82,4115.62,3995.19,607044,1568993376.0,2.96,-1.26,-51.06,0.62,120.42999999999984
2020-04-01,000002,4119.55,4143.12,4186.32,4093.37,1074332,2866233200.0,2.32,3.2,128.3,1.11,92.94999999999982
2020-04-02,000002,4126.1,4175.84,4183.7,4106.46,663097,1768779856.0,1.86,0.79,32.72,0.68,77.23999999999978
2020-04-03,000002,4158.82,4161.44,4215.12,4139.19,569453,1531608320.0,1.82,-0.34,-14.4,0.59,75.93000000000029
2020-04-07,000002,4236.06,4200.72,4246.53,4165.37,671540,1817212752.0,1.95,0.94,39.28,0.69,81.15999999999985
2020-04-08,000002,4178.46,4186.32,4224.28,4158.82,412514,1113086192.0,1.56,-0.34,-14.4,0.42,65.46000000000004
2020-04-09,000002,4204.64,4150.97,4212.5,4139.19,387263,1036553088.0,1.75,-0.84,-35.35,0.4,73.3100000000004
2020-04-10,000002,4170.61,4175.84,4236.06,4137.88,624603,1685555120.0,2.37,0.6,24.87,0.64,98.18000000000029
2020-04-13,000002,4157.52,4196.79,4208.57,4140.5,432649,1167461392.0,1.63,0.5,20.95,0.45,68.06999999999971
2020-04-14,000002,4204.64,4237.37,4289.73,4194.17,642419,1759852288.0,2.28,0.97,40.58,0.66,95.55999999999949
2020-04-15,000002,4217.73,4152.28,4221.66,4132.64,703593,1885375488.0,2.1,-2.01,-85.09,0.72,89.01999999999953
2020-04-16,000002,4128.72,4136.57,4160.13,4113.01,502389,1333654608.0,1.13,-0.38,-15.71,0.52,47.11999999999989
2020-04-17,000002,4162.75,4154.9,4195.48,4132.64,838133,2246148608.0,1.52,0.44,18.33,0.86,62.839999999999236
2020-04-20,000002,4162.75,4136.57,4166.68,4067.19,850123,2239047184.0,2.39,-0.44,-18.33,0.88,99.49000000000024
2020-04-21,000002,4106.46,4063.26,4131.33,4027.91,790727,2057574272.0,2.5,-1.77,-73.31,0.81,103.42000000000007
2020-04-22,000002,4037.08,4077.66,4081.59,4016.13,525407,1362087680.0,1.61,0.35,14.4,0.54,65.46000000000004
2020-04-23,000002,4085.52,4060.64,4093.37,4047.55,450519,1171993136.0,1.12,-0.42,-17.02,0.46,45.81999999999971
2020-04-24,000002,4054.1,4018.75,4055.41,3999.11,497940,1279394256.0,1.39,-1.03,-41.89,0.51,56.29999999999973
2020-04-27,000002,4022.68,4044.93,4082.9,4003.04,710753,1840628656.0,1.99,0.65,26.18,0.73,79.86000000000013
2020-04-28,000002,4080.28,4111.7,4126.1,4030.53,779427,2043120544.0,2.36,1.65,66.77,0.8,95.57000000000016
2020-04-29,000002,4113.01,4173.22,4188.93,4094.68,801688,2143185648.0,2.29,1.5,61.52,0.83,94.25000000000045
2020-04-30,000002,4178.46,4165.37,4211.19,4152.28,696878,1875880768.0,1.41,-0.19,-7.85,0.72,58.909999999999854
2020-05-06,000002,4086.82,4094.68,4106.46,4054.1,923065,2409411104.0,1.26,-1.7,-70.69,0.95,52.36000000000013
2020-05-07,000002,4084.21,4056.71,4084.21,4044.93,573165,1489177072.0,0.96,-0.93,-37.97,0.59,39.2800000000002
2020-05-08,000002,4082.9,4094.68,4109.08,4048.86,913214,2386804736.0,1.48,0.94,37.97,0.94,60.2199999999998
2020-05-11,000002,4086.82,4114.32,4123.48,4072.42,795067,2094807008.0,1.25,0.48,19.64,0.82,51.05999999999949
2020-05-12,000002,4105.15,4051.48,4110.39,4038.39,776058,2018276576.0,1.75,-1.53,-62.84,0.8,72.00000000000045
2020-05-13,000002,4035.77,4051.48,4051.48,4012.21,628099,1616500576.0,0.97,0.0,0.0,0.65,39.26999999999998
2020-05-14,000002,4035.77,3993.88,4038.39,3988.64,705512,1806027104.0,1.23,-1.42,-57.6,0.73,49.75
2020-05-15,000002,4009.59,3993.88,4021.37,3983.41,460156,1175647120.0,0.95,0.0,0.0,0.47,37.960000000000036
2020-05-18,000002,4038.39,4088.13,4110.39,4034.46,1385653,3627067232.0,1.9,2.36,94.25,1.43,75.93000000000029
2020-05-19,000002,4123.48,4077.66,4126.1,4064.57,680787,1786477040.0,1.51,-0.26,-10.47,0.7,61.5300000000002
2020-05-20,000002,4076.35,4009.59,4077.66,4004.35,1105354,2837891504.0,1.8,-1.67,-68.07,1.14,73.30999999999995
2020-05-21,000002,4020.06,4005.66,4026.61,3995.19,410363,1051460944.0,0.78,-0.1,-3.93,0.42,31.420000000000073
2020-05-22,000002,3996.5,3950.68,4000.42,3948.06,534242,1351549744.0,1.31,-1.37,-54.98,0.55,52.36000000000013
2020-05-25,000002,3959.84,3989.95,4006.97,3924.5,512761,1300389792.0,2.09,0.99,39.27,0.53,82.4699999999998
2020-05-26,000002,4005.66,4038.39,4042.31,3987.33,552782,1420430416.0,1.38,1.21,48.44,0.57,54.98000000000002
2020-05-27,000002,4038.39,4047.55,4073.73,4021.37,555244,1440584208.0,1.3,0.23,9.16,0.57,52.36000000000013
2020-05-28,000002,4044.93,4078.97,4133.95,4044.93,709769,1863217648.0,2.2,0.78,31.42,0.73,89.01999999999998
2020-05-29,000002,4076.35,4021.37,4076.35,4021.37,520784,1345961680.0,1.35,-1.41,-57.6,0.54,54.98000000000002
2020-06-01,000002,4058.02,4113.01,4126.1,4058.02,779004,2049366272.0,1.69,2.28,91.64,0.8,68.08000000000038
2020-06-02,000002,4109.08,4222.97,4225.59,4099.92,1020845,2738151200.0,3.06,2.67,109.96,1.05,125.67000000000007
2020-06-03,000002,4243.92,4170.61,4317.23,4169.3,927492,2538104960.0,3.5,-1.24,-52.36,0.95,147.92999999999938
2020-06-04,000002,4194.17,4156.21,4208.57,4101.22,724556,1927951776.0,2.57,-0.35,-14.4,0.75,107.34999999999945
2020-06-05,000002,4145.73,4114.32,4154.9,4085.52,649401,1710520000.0,1.67,-1.01,-41.89,0.67,69.37999999999965
2020-06-08,000002,4137.88,4139.19,4171.92,4115.62,709041,1887551584.0,1.37,0.6,24.87,0.73,56.30000000000018
2020-06-09,000002,4139.19,4118.24,4171.92,4105.15,730994,1935524784.0,1.61,-0.51,-20.95,0.75,66.77000000000044
2020-06-10,000002,4111.7,4084.21,4114.32,4058.02,829018,2166680256.0,1.37,-0.83,-34.03,0.85,56.29999999999973
2020-06-11,000002,4075.04,4047.55,4088.13,4037.08,650468,1691584976.0,1.25,-0.9,-36.66,0.67,51.05000000000018
2020-06-12,000002,4000.42,4022.68,4051.48,3988.64,578495,1489193136.0,1.55,-0.61,-24.87,0.6,62.840000000000146
2020-06-15,000002,3995.19,4008.28,4076.35,3995.19,693732,1792009584.0,2.02,-0.36,-14.4,0.71,81.15999999999985
2020-06-16,000002,4044.93,4037.08,4058.02,4021.37,577040,1489581312.0,0.91,0.72,28.8,0.59,36.65000000000009
2020-06-17,000002,4027.91,4018.75,4039.7,4010.9,454634,1167883104.0,0.71,-0.45,-18.33,0.47,28.799999999999727
2020-06-18,000002,4025.3,4046.24,4067.19,4023.99,733262,1900571856.0,1.07,0.68,27.49,0.75,43.20000000000027
2020-06-19,000002,4054.1,4054.1,4059.33,4023.99,797460,2060655696.0,0.87,0.19,7.86,0.82,35.340000000000146
2020-06-22,000002,4044.93,4020.06,4052.79,4016.13,701394,1808213744.0,0.9,-0.84,-34.04,0.72,36.659999999999854
2020-06-23,000002,4017.44,4001.73,4018.75,3993.88,643002,1643546816.0,0.62,-0.46,-18.33,0.66,24.86999999999989
2020-06-24,000002,4020.06,4113.01,4119.55,4017.44,1426040,3740397520.0,2.55,2.78,111.28,1.47,102.11000000000013
2020-06-29,000002,4073.73,4050.17,4093.37,4022.68,893959,2310930224.0,1.72,-1.53,-62.84,0.92,70.69000000000005
2020-06-30,000002,4073.73,4078.97,4093.37,4044.93,714384,1861472336.0,1.2,0.71,28.8,0.74,48.440000000000055
2020-07-01,000002,4084.21,4334.24,4387.92,4082.9,2602749,7124087296.0,7.48,6.26,255.27,2.68,305.02
2020-07-02,000002,4322.46,4373.52,4438.97,4292.35,2134744,6033529856.0,3.38,0.91,39.28,2.2,146.6199999999999
2020-07-03,000002,4407.55,4407.55,4469.08,4340.79,1744356,4993062400.0,2.93,0.78,34.03,1.8,128.28999999999996
2020-07-06,000002,4492.64,4717.81,4734.83,4492.64,2301285,6955279104.0,5.49,7.04,310.26,2.37,242.1899999999996
2020-07-07,000002,4780.65,4623.55,4848.72,4584.28,1713196,5262391296.0,5.61,-2.0,-94.26,1.76,264.4400000000005
2020-07-08,000002,4623.55,4636.65,4702.1,4538.46,1601288,4827351808.0,3.54,0.28,13.1,1.65,163.64000000000033
2020-07-09,000002,4643.19,4666.75,4666.75,4568.57,1342454,4058954544.0,2.12,0.65,30.1,1.38,98.18000000000029
2020-07-10,000002,4586.9,4475.63,4593.45,4452.06,2098406,6190314496.0,3.03,-4.1,-191.12,2.16,141.38999999999942
2020-07-13,000002,4442.9,4479.55,4504.43,4385.3,1804033,5218016768.0,2.66,0.09,3.92,1.86,119.13000000000011
2020-07-14,000002,4471.7,4445.52,4518.83,4381.37,1343018,3889222016.0,3.07,-0.76,-34.03,1.38,137.46000000000004
2020-07-15,000002,4453.37,4359.12,4490.03,4359.12,1154990,3306443712.0,2.94,-1.94,-86.4,1.19,130.90999999999985
2020-07-16,000002,4355.19,4262.24,4416.72,4259.63,1438432,4055153712.0,3.6,-2.22,-96.88,1.48,157.09000000000015
2020-07-17,000002,4225.59,4221.66,4275.33,4179.77,1166351,3177245456.0,2.24,-0.95,-40.58,1.2,95.55999999999949
2020-07-20,000002,4242.61,4361.73,4387.92,4229.52,1132750,3171353296.0,3.75,3.32,140.07,1.17,158.39999999999964
2020-07-21,000002,4381.37,4323.77,4391.84,4301.52,776308,2177172144.0,2.07,-0.87,-37.96,0.8,90.31999999999971
2020-07-22,000002,4308.06,4306.75,4361.73,4276.64,882147,2470127024.0,1.97,-0.39,-17.02,0.91,85.08999999999924
2020-07-23,000002,4275.33,4259.63,4319.84,4205.95,991226,2723562576.0,2.64,-1.09,-47.12,1.02,113.89000000000033
2020-07-24,000002,4237.37,4195.48,4306.75,4171.92,1160240,3174571072.0,3.17,-1.51,-64.15,1.19,134.82999999999993
2020-07-27,000002,4226.9,4149.66,4228.21,4103.84,943467,2510590208.0,2.96,-1.09,-45.82,0.97,124.36999999999989
2020-07-28,000002,4169.3,4174.53,4191.55,4141.81,619447,1660026208.0,1.2,0.6,24.87,0.64,49.73999999999978
2020-07-29,000002,4153.59,4205.95,4209.88,4127.41,926894,2490844480.0,1.98,0.75,31.42,0.95,82.47000000000025
2020-07-30,000002,4196.79,4175.84,4204.64,4164.06,733969,1975837264.0,0.96,-0.72,-30.11,0.76,40.57999999999993
2020-07-31,000002,4175.84,4170.61,4221.66,4140.5,733327,1974226160.0,1.94,-0.13,-5.23,0.75,81.15999999999985
2020-08-03,000002,4194.17,4228.21,4237.37,4181.08,1062237,2878942640.0,1.35,1.38,57.6,1.09,56.289999999999964
2020-08-04,000002,4243.92,4288.43,4315.92,4200.72,1246383,3425728928.0,2.72,1.42,60.22,1.28,115.19999999999982
2020-08-05,000002,4257.01,4237.37,4264.86,4205.95,811324,2215309568.0,1.37,-1.19,-51.06,0.84,58.909999999999854
2020-08-06,000002,4241.3,4241.3,4274.03,4190.24,827242,2253354544.0,1.98,0.09,3.93,0.85,83.78999999999996
2020-08-07,000002,4216.42,4195.48,4238.68,4178.46,664063,1798228224.0,1.42,-1.08,-45.82,0.68,60.220000000000255
2020-08-10,000002,4202.02,4297.59,4314.61,4198.1,1052840,2908314672.0,2.78,2.43,102.11,1.08,116.50999999999931
2020-08-11,000002,4311.99,4306.75,4380.06,4297.59,1038366,2917894976.0,1.92,0.21,9.16,1.07,82.47000000000025
2020-08-12,000002,4308.06,4415.41,4415.41,4296.28,1249774,3535287168.0,2.77,2.52,108.66,1.29,119.13000000000011
2020-08-13,000002,4431.12,4401.01,4461.23,4363.04,790903,2261412096.0,2.22,-0.33,-14.4,0.81,98.1899999999996
2020-08-14,000002,4442.46,4413.66,4442.46,4344.27,940947,2592380288.0,2.23,0.29,12.65,0.97,98.1899999999996
2020-08-17,000002,4421.51,4483.04,4540.64,4397.95,1347818,3808676656.0,3.23,1.57,69.38,1.39,142.6900000000005
2020-08-18,000002,4483.04,4416.27,4492.2,4390.09,848393,2355345984.0,2.28,-1.49,-66.77,0.87,102.10999999999967
2020-08-19,000002,4408.42,4382.24,4442.46,4363.91,730577,2011514016.0,1.78,-0.77,-34.03,0.75,78.55000000000018
2020-08-20,000002,4370.46,4387.47,4394.02,4345.58,568976,1555164384.0,1.11,0.12,5.23,0.59,48.44000000000051
2020-08-21,000002,4421.51,4371.76,4424.13,4352.13,515551,1412631488.0,1.64,-0.36,-15.71,0.53,72.0
2020-08-24,000002,4400.56,4341.65,4422.82,4337.73,566269,1549031072.0,1.95,-0.69,-30.11,0.58,85.09000000000015
2020-08-25,000002,4349.51,4349.51,4383.55,4340.35,489635,1334277360.0,1.0,0.18,7.86,0.5,43.19999999999982
2020-08-26,000002,4340.35,4335.11,4380.93,4319.4,520894,1414456512.0,1.41,-0.33,-14.4,0.54,61.530000000000655
2020-08-27,000002,4336.42,4318.09,4346.89,4264.42,541847,1451853792.0,1.9,-0.39,-17.02,0.56,82.47000000000025
2020-08-28,000002,4328.56,4399.26,4421.51,4328.56,891557,2453608320.0,2.15,1.88,81.17,0.92,92.94999999999982
2020-08-31,000002,4404.49,4359.98,4435.91,4348.2,803902,2211848528.0,1.99,-0.89,-39.28,0.83,87.71000000000004
2020-09-01,000002,4348.2,4353.44,4354.75,4315.47,524296,1420467872.0,0.9,-0.15,-6.54,0.54,39.279999999999745
2020-09-02,000002,4377.0,4392.71,4417.58,4341.65,730023,2002238832.0,1.74,0.9,39.27,0.75,75.93000000000029
2020-09-03,000002,4403.18,4430.67,4481.73,4379.62,799221,2224433216.0,2.32,0.86,37.96,0.82,102.10999999999967
2020-09-04,000002,4397.95,4464.71,4475.18,4384.86,816186,2279067504.0,2.04,0.77,34.04,0.84,90.32000000000062
2020-09-07,000002,4449.0,4511.84,4593.0,4449.0,1432294,4103510528.0,3.23,1.06,47.13,1.47,144.0
2020-09-08,000002,4534.09,4494.82,4608.71,4476.49,964997,2760457184.0,2.93,-0.38,-17.02,0.99,132.22000000000025
2020-09-09,000002,4468.64,4452.93,4507.91,4409.73,645614,1807367856.0,2.18,-0.93,-41.89,0.66,98.18000000000029
2020-09-10,000002,4502.67,4515.76,4599.55,4502.67,954677,2741079760.0,2.18,1.41,62.83,0.98,96.88000000000011
2020-09-11,000002,4515.76,4455.55,4515.76,4442.46,541108,1519932752.0,1.62,-1.33,-60.21,0.56,73.30000000000018
2020-09-14,000002,4456.86,4416.27,4494.82,4391.4,588403,1630471936.0,2.32,-0.88,-39.28,0.61,103.42000000000007
2020-09-15,000002,4409.73,4438.53,4467.33,4387.47,584232,1625514784.0,1.81,0.5,22.26,0.6,79.85999999999967
2020-09-16,000002,4445.07,4480.42,4505.29,4411.04,554701,1560700432.0,2.12,0.94,41.89,0.57,94.25
2020-09-17,000002,4483.04,4463.4,4511.84,4449.0,565623,1592888064.0,1.4,-0.38,-17.02,0.58,62.840000000000146
2020-09-18,000002,4492.2,4625.73,4625.73,4466.02,1615106,4683407616.0,3.58,3.64,162.33,1.66,159.70999999999913
2020-09-21,000002,4624.42,4604.78,4659.77,4591.69,725102,2124799248.0,1.47,-0.45,-20.95,0.75,68.08000000000084
2020-09-22,000002,4581.22,4581.22,4636.2,4547.18,583742,1695439440.0,1.93,-0.51,-23.56,0.6,89.01999999999953
2020-09-23,000002,4599.55,4547.18,4612.64,4527.55,386289,1110921936.0,1.86,-0.74,-34.04,0.4,85.09000000000015
2020-09-24,000002,4530.16,4468.64,4540.64,4452.93,564596,1594343360.0,1.93,-1.73,-78.54,0.58,87.71000000000004
2020-09-25,000002,4456.86,4405.8,4501.36,4377.0,697230,1936770304.0,2.78,-1.41,-62.84,0.72,124.35999999999967
2020-09-28,000002,4429.36,4507.91,4541.95,4424.13,669628,1898828560.0,2.67,2.32,102.11,0.69,117.81999999999971
2020-09-29,000002,4511.84,4493.51,4556.35,4493.51,412967,1176463952.0,1.39,-0.32,-14.4,0.43,62.840000000000146
2020-09-30,000002,4548.49,4458.16,4548.49,4411.04,489833,1378172928.0,3.06,-0.79,-35.35,0.5,137.44999999999982
2020-10-09,000002,4462.09,4459.47,4493.51,4421.51,684346,1913388240.0,1.62,0.03,1.31,0.7,72.0
2020-10-12,000002,4476.49,4496.13,4532.78,4462.09,926245,2621595760.0,1.59,0.82,36.66,0.95,70.6899999999996
2020-10-13,000002,4481.73,4454.24,4481.73,4438.53,588380,1644236368.0,0.96,-0.93,-41.89,0.61,43.19999999999982
2020-10-14,000002,4435.91,4426.75,4455.55,4409.73,537839,1492204336.0,1.03,-0.62,-27.49,0.55,45.82000000000062
2020-10-15,000002,4404.49,4416.27,4446.38,4399.26,528975,1467258912.0,1.06,-0.24,-10.48,0.54,47.11999999999989
2020-10-16,000002,4416.27,4437.22,4447.69,4409.73,480962,1337762656.0,0.86,0.47,20.95,0.5,37.960000000000036
2020-10-19,000002,4455.55,4421.51,4532.78,4412.35,1102098,3101786448.0,2.71,-0.35,-15.71,1.13,120.42999999999938
2020-10-20,000002,4408.42,4387.47,4408.42,4361.29,623973,1710112432.0,1.07,-0.77,-34.04,0.64,47.13000000000011
2020-10-21,000002,4392.71,4407.11,4407.11,4363.91,473353,1299443584.0,0.98,0.45,19.64,0.49,43.19999999999982
2020-10-22,000002,4391.4,4454.24,4468.64,4390.09,627002,1748393680.0,1.78,1.07,47.13,0.65,78.55000000000018
2020-10-23,000002,4443.76,4439.84,4473.87,4422.82,579140,1620264800.0,1.15,-0.32,-14.4,0.6,51.05000000000018
2020-10-26,000002,4455.55,4455.55,4473.87,4431.98,593624,1659520720.0,0.94,0.35,15.71,0.61,41.89000000000033
2020-10-27,000002,4445.07,4386.16,4456.86,4379.62,597369,1652760080.0,1.73,-1.56,-69.39,0.61,77.23999999999978
2020-10-28,000002,4383.55,4314.16,4387.47,4311.55,750400,2032697152.0,1.73,-1.64,-72.0,0.77,75.92000000000007
2020-10-29,000002,4305.0,4374.38,4386.16,4274.89,628714,1703222368.0,2.58,1.4,60.22,0.65,111.26999999999953
2020-10-30,000002,4403.18,4396.64,4509.22,4377.0,937181,2612104096.0,3.02,0.51,22.26,0.96,132.22000000000025
2020-11-02,000002,4411.04,4449.0,4480.42,4411.04,826286,2312506112.0,1.58,1.19,52.36,0.85,69.38000000000011
2020-11-03,000002,4455.55,4459.47,4475.18,4430.67,617666,1728820912.0,1.0,0.24,10.47,0.64,44.51000000000022
2020-11-04,000002,4462.09,4476.49,4488.27,4442.46,454992,1278442832.0,1.03,0.38,17.02,0.47,45.8100000000004
2020-11-05,000002,4514.46,4619.18,4633.58,4496.13,1201196,3472076592.0,3.07,3.19,142.69,1.24,137.44999999999982
2020-11-06,000002,4630.97,4646.67,4661.07,4590.38,852881,2503004848.0,1.53,0.6,27.49,0.88,70.6899999999996
2020-11-09,000002,4680.71,4661.07,4699.04,4611.33,811185,2391656944.0,1.89,0.31,14.4,0.84,87.71000000000004
2020-11-10,000002,4678.09,4629.66,4731.77,4612.64,613771,1818191024.0,2.56,-0.67,-31.41,0.63,119.13000000000011
2020-11-11,000002,4634.89,4687.26,4750.09,4619.18,885212,2642344528.0,2.83,1.24,57.6,0.91,130.90999999999985
2020-11-12,000002,4685.95,4685.95,4692.49,4636.2,459057,1361151440.0,1.2,-0.03,-1.31,0.47,56.289999999999964
2020-11-13,000002,4659.77,4593.0,4676.78,4564.2,660135,1919346192.0,2.4,-1.98,-92.95,0.68,112.57999999999993
2020-11-16,000002,4637.51,4612.64,4651.91,4586.46,516576,1509809664.0,1.42,0.43,19.64,0.53,65.44999999999982
2020-11-17,000002,4625.73,4710.82,4760.57,4624.42,980541,2936062624.0,2.95,2.13,98.18,1.01,136.14999999999964
2020-11-18,000002,4717.37,4816.86,4858.75,4684.64,1247658,3817214048.0,3.7,2.25,106.04,1.28,174.10999999999967
2020-11-19,000002,4789.37,4836.49,4861.37,4782.82,660882,2038462000.0,1.63,0.41,19.63,0.68,78.55000000000018
2020-11-20,000002,4836.49,4831.26,4854.82,4774.97,453121,1394980720.0,1.65,-0.11,-5.23,0.47,79.84999999999945
2020-11-23,000002,4819.48,4853.51,4887.55,4799.84,665387,2061809088.0,1.82,0.46,22.25,0.68,87.71000000000004
2020-11-24,000002,4848.28,4828.64,4900.64,4795.91,493783,1525373984.0,2.16,-0.51,-24.87,0.51,104.73000000000047
2020-11-25,000002,4848.28,4822.09,4886.24,4795.91,525685,1627718048.0,1.87,-0.14,-6.55,0.54,90.32999999999993
2020-11-26,000002,4819.48,4840.42,4857.44,4733.08,584040,1788275568.0,2.58,0.38,18.33,0.6,124.35999999999967
2020-11-27,000002,4861.37,4928.13,4966.09,4860.06,667013,2094793744.0,2.19,1.81,87.71,0.69,106.02999999999975
2020-11-30,000002,4939.91,4809.0,5074.75,4809.0,1353477,4289703056.0,5.39,-2.42,-119.13,1.39,265.75
2020-12-01,000002,4823.4,4815.55,4843.04,4735.69,849853,2594740800.0,2.23,0.14,6.55,0.87,107.35000000000036
2020-12-02,000002,4833.88,4865.29,4973.95,4810.31,954562,2996575856.0,3.4,1.03,49.74,0.98,163.63999999999942
2020-12-03,000002,4896.71,4835.18,4904.57,4789.37,533328,1649928176.0,2.37,-0.62,-30.11,0.55,115.19999999999982
2020-12-04,000002,4863.98,4717.37,4866.6,4709.51,812748,2463450640.0,3.25,-2.44,-117.81,0.84,157.09000000000015
2020-12-07,000002,4723.91,4640.13,4740.93,4633.58,630087,1864723136.0,2.28,-1.64,-77.24,0.65,107.35000000000036
2020-12-08,000002,4645.37,4610.02,4663.69,4602.17,513261,1504880960.0,1.33,-0.65,-30.11,0.53,61.51999999999953
2020-12-09,000002,4638.82,4541.95,4644.06,4541.95,637035,1846463888.0,2.21,-1.48,-68.07,0.66,102.11000000000058
2020-12-10,000002,4561.58,4531.47,4581.22,4509.22,578870,1656053696.0,1.59,-0.23,-10.48,0.6,72.0
2020-12-11,000002,4547.18,4515.76,4549.8,4481.73,593672,1686650432.0,1.5,-0.35,-15.71,0.61,68.07000000000062
2020-12-14,000002,4534.09,4575.98,4585.15,4506.6,650710,1868221376.0,1.74,1.33,60.22,0.67,78.54999999999927
2020-12-15,000002,4555.04,4527.55,4558.97,4493.51,518015,1475941744.0,1.43,-1.06,-48.43,0.53,65.46000000000004
2020-12-16,000002,4540.64,4534.09,4553.73,4486.96,468666,1337464336.0,1.47,0.14,6.54,0.48,66.76999999999953
2020-12-17,000002,4535.4,4565.51,4577.29,4494.82,519359,1490903440.0,1.82,0.69,31.42,0.53,82.47000000000025
2020-12-18,000002,4565.51,4521.0,4566.82,4501.36,525459,1499697424.0,1.43,-0.97,-44.51,0.54,65.46000000000004
2020-12-21,000002,4494.82,4477.8,4511.84,4451.62,600942,1692331344.0,1.33,-0.96,-43.2,0.62,60.220000000000255
2020-12-22,000002,4456.86,4462.09,4523.62,4437.22,564349,1590342368.0,1.93,-0.35,-15.71,0.58,86.39999999999964
2020-12-23,000002,4468.64,4433.29,4475.18,4397.95,685093,1905753904.0,1.73,-0.65,-28.8,0.71,77.23000000000047
2020-12-24,000002,4433.29,4447.69,4460.78,4417.58,409858,1142911664.0,0.97,0.32,14.4,0.42,43.19999999999982
2020-12-25,000002,4449.0,4468.64,4484.35,4403.18,425877,1190253568.0,1.82,0.47,20.95,0.44,81.17000000000007
2020-12-28,000002,4479.11,4510.53,4540.64,4437.22,583681,1656263424.0,2.31,0.94,41.89,0.6,103.42000000000007
2020-12-29,000002,4528.86,4523.62,4568.13,4497.44,539043,1544401168.0,1.57,0.29,13.09,0.55,70.69000000000051
2020-12-30,000002,4517.07,4505.29,4540.64,4484.35,499719,1417604480.0,1.24,-0.41,-18.33,0.51,56.289999999999964
2020-12-31,000002,4493.51,4547.18,4560.27,4486.96,651991,1862538336.0,1.63,0.93,41.89,0.67,73.3100000000004
2021-01-04,000002,4507.91,4426.75,4507.91,4392.71,1468441,4079416864.0,2.53,-2.65,-120.43,1.51,115.19999999999982
2021-01-05,000002,4426.75,4443.76,4446.38,4337.73,1162658,3189607200.0,2.45,0.38,17.01,1.2,108.65000000000055
2021-01-06,000002,4429.36,4553.73,4553.73,4420.2,1048801,2972572544.0,3.0,2.47,109.97,1.08,133.52999999999975
2021-01-07,000002,4586.46,4558.97,4651.91,4506.6,1226756,3544224000.0,3.19,0.12,5.24,1.26,145.3099999999995
2021-01-08,000002,4583.84,4630.97,4645.37,4561.58,1028563,3000845600.0,1.84,1.58,72.0,1.06,83.78999999999996
2021-01-11,000002,4651.91,4688.57,4763.18,4621.8,1388121,4142482784.0,3.05,1.24,57.6,1.43,141.3800000000001
2021-01-12,000002,4688.57,4678.09,4691.18,4634.89,980654,2899071744.0,1.2,-0.22,-10.48,1.01,56.289999999999964
2021-01-13,000002,4704.27,4704.27,4746.17,4665.0,940504,2807916704.0,1.74,0.56,26.18,0.97,81.17000000000007
2021-01-14,000002,4708.2,4716.06,4820.78,4691.18,1216323,3681938192.0,2.75,0.25,11.79,1.25,129.59999999999945
2021-01-15,000002,4718.68,4710.82,4812.93,4701.66,1123372,3399072608.0,2.36,-0.11,-5.24,1.16,111.27000000000044
2021-01-18,000002,4743.55,4882.31,4882.31,4695.11,1258282,3847315296.0,3.97,3.64,171.49,1.29,187.20000000000073
2021-01-19,000002,4873.15,4884.93,5025.0,4811.62,1631688,5130233088.0,4.37,0.05,2.62,1.68,213.3800000000001
2021-01-20,000002,4857.44,4782.82,4874.46,4763.18,961435,2946920752.0,2.28,-2.09,-102.11,0.99,111.27999999999975
2021-01-21,000002,4756.64,4730.46,4809.0,4719.98,875253,2650781808.0,1.86,-1.09,-52.36,0.9,89.02000000000044
2021-01-22,000002,4710.82,4620.49,4710.82,4587.77,1058091,3114137408.0,2.6,-2.32,-109.97,1.09,123.04999999999927
2021-01-25,000002,4620.49,4633.58,4665.0,4528.86,973750,2825867840.0,2.95,0.28,13.09,1.0,136.14000000000033
2021-01-26,000002,4620.49,4678.09,4737.0,4606.09,816655,2433266448.0,2.83,0.96,44.51,0.84,130.90999999999985
2021-01-27,000002,4676.78,4638.82,4710.82,4634.89,724303,2146772480.0,1.62,-0.84,-39.27,0.75,75.92999999999938
2021-01-28,000002,4593.0,4511.84,4595.62,4484.35,786041,2240534512.0,2.4,-2.74,-126.98,0.81,111.26999999999953
2021-01-29,000002,4527.55,4428.06,4540.64,4399.26,963685,2691727584.0,3.13,-1.86,-83.78,0.99,141.3800000000001
2021-02-01,000002,4451.62,4464.71,4471.26,4358.67,886694,2456621920.0,2.54,0.83,36.65,0.91,112.59000000000015
2021-02-02,000002,4480.42,4500.06,4518.38,4450.31,716108,2021288064.0,1.52,0.79,35.35,0.74,68.06999999999971
2021-02-03,000002,4500.06,4445.07,4501.36,4426.75,589610,1646692736.0,1.66,-1.22,-54.99,0.61,74.60999999999967
2021-02-04,000002,4441.15,4441.15,4501.36,4380.93,665574,1856062464.0,2.71,-0.09,-3.92,0.68,120.42999999999938
2021-02-05,000002,4456.86,4570.75,4630.97,4456.86,1030261,2954837152.0,3.92,2.92,129.6,1.06,174.11000000000058
2021-02-08,000002,4586.46,4603.47,4685.95,4534.09,832037,2428055232.0,3.32,0.72,32.72,0.86,151.85999999999967
2021-02-09,000002,4585.15,4553.73,4595.62,4526.24,673568,1934330496.0,1.51,-1.08,-49.74,0.69,69.38000000000011
2021-02-10,000002,4535.4,4564.2,4583.84,4501.36,652149,1874968656.0,1.81,0.23,10.47,0.67,82.48000000000047
2021-02-18,000002,4579.91,4718.68,4734.38,4579.91,996922,2956988624.0,3.38,3.38,154.48,1.03,154.47000000000025
2021-02-19,000002,4678.09,4696.42,4722.6,4665.0,758575,2260941136.0,1.22,-0.47,-22.26,0.78,57.600000000000364
2021-02-22,000002,4696.42,4682.02,4760.57,4654.53,852341,2548985168.0,2.26,-0.31,-14.4,0.88,106.03999999999996
2021-02-23,000002,4676.78,4718.68,4723.91,4624.42,861380,2558687600.0,2.12,0.78,36.66,0.89,99.48999999999978
2021-02-24,000002,4706.89,4716.06,4793.29,4651.91,969948,2915177296.0,3.0,-0.06,-2.62,1.0,141.3800000000001
2021-02-25,000002,4781.51,5108.79,5108.79,4771.04,2595404,8382663680.0,7.16,8.33,392.73,2.67,337.75
2021-02-26,000002,5053.8,5123.19,5251.48,4929.44,2529180,8329307904.0,6.3,0.28,14.4,2.6,322.03999999999996
2021-03-01,000002,5123.19,5155.91,5203.04,5017.15,1280834,4229750896.0,3.63,0.64,32.72,1.32,185.89000000000033
2021-03-02,000002,5110.1,5148.06,5319.55,5097.0,1220150,4110315440.0,4.32,-0.15,-7.85,1.26,222.55000000000018
2021-03-03,000002,5103.55,5175.55,5239.7,5056.42,1164841,3876750272.0,3.56,0.53,27.49,1.2,183.27999999999975
2021-03-04,000002,5149.37,5069.51,5254.1,5040.71,1292858,4282826800.0,4.12,-2.05,-106.04,1.33,213.39000000000033
2021-03-05,000002,5005.37,4918.97,5069.51,4858.75,1303284,4141889136.0,4.16,-2.97,-150.54,1.34,210.76000000000022
2021-03-08,000002,4966.09,4874.46,5005.37,4874.46,771960,2440558384.0,2.66,-0.9,-44.51,0.79,130.90999999999985
2021-03-09,000002,4890.17,4850.89,4934.68,4810.31,943415,2952321616.0,2.55,-0.48,-23.57,0.97,124.36999999999989
2021-03-10,000002,4870.53,4807.69,4874.46,4756.64,877518,2695626752.0,2.43,-0.89,-43.2,0.9,117.81999999999971
2021-03-11,000002,4816.86,4867.91,4908.49,4806.38,742679,2305270608.0,2.12,1.25,60.22,0.76,102.10999999999967
2021-03-12,000002,4861.37,4912.42,5026.31,4803.77,901960,2834218944.0,4.57,0.91,44.51,0.93,222.53999999999996
2021-03-15,000002,4887.55,4905.88,4963.48,4881.0,619316,1951738304.0,1.68,-0.13,-6.54,0.64,82.47999999999956
2021-03-16,000002,4912.42,5097.0,5131.04,4887.55,1205423,3904735920.0,4.96,3.9,191.12,1.24,243.48999999999978
2021-03-17,000002,5064.28,5072.13,5166.39,5026.31,718971,2355350656.0,2.75,-0.49,-24.87,0.74,140.07999999999993
2021-03-18,000002,5057.73,5070.82,5146.75,5042.02,482135,1580726128.0,2.06,-0.03,-1.31,0.5,104.72999999999956
2021-03-19,000002,5044.64,4874.46,5044.64,4828.64,989922,3114965952.0,4.26,-3.87,-196.36,1.02,216.0
2021-03-22,000002,4829.95,4930.75,4945.15,4828.64,521950,1638045600.0,2.39,1.15,56.29,0.54,116.50999999999931
2021-03-23,000002,4928.13,4903.26,4934.68,4866.6,422660,1324354576.0,1.38,-0.56,-27.49,0.43,68.07999999999993
2021-03-24,000002,4903.26,4816.86,4913.73,4769.73,559123,1720137536.0,2.94,-1.76,-86.4,0.58,144.0
2021-03-25,000002,4818.17,4789.37,4841.73,4769.73,361695,1107320160.0,1.49,-0.57,-27.49,0.37,72.0
2021-03-26,000002,4795.91,4811.62,4843.04,4785.44,428771,1317279824.0,1.2,0.46,22.25,0.44,57.600000000000364
2021-03-29,000002,4806.38,4848.28,4891.48,4759.26,519288,1608545552.0,2.75,0.76,36.66,0.53,132.21999999999935
2021-03-30,000002,4846.97,4896.71,4938.6,4822.09,479100,1496309168.0,2.4,1.0,48.43,0.49,116.51000000000022
2021-03-31,000002,4844.35,4717.37,4844.35,4682.02,1168413,3512092080.0,3.32,-3.66,-179.34,1.2,162.32999999999993
2021-04-01,000002,4717.37,4695.11,4737.0,4661.07,525118,1565413904.0,1.61,-0.47,-22.26,0.54,75.93000000000029
2021-04-02,000002,4717.37,4717.37,4727.84,4671.55,381350,1140366064.0,1.2,0.47,22.26,0.39,56.289999999999964
2021-04-06,000002,4717.37,4642.75,4717.37,4615.26,583846,1724509728.0,2.16,-1.58,-74.62,0.6,102.10999999999967
2021-04-07,000002,4651.91,4678.09,4680.71,4621.8,488441,1441764752.0,1.27,0.76,35.34,0.5,58.909999999999854
2021-04-08,000002,4638.82,4608.71,4649.29,4583.84,630401,1836528784.0,1.4,-1.48,-69.38,0.65,65.44999999999982
2021-04-09,000002,4625.73,4568.13,4628.35,4551.11,528596,1527734336.0,1.68,-0.88,-40.58,0.54,77.24000000000069
2021-04-12,000002,4587.77,4532.78,4598.24,4521.0,635228,1826857600.0,1.69,-0.77,-35.35,0.65,77.23999999999978
2021-04-13,000002,4547.18,4493.51,4560.27,4472.56,669695,1899238928.0,1.94,-0.87,-39.27,0.69,87.71000000000004
2021-04-14,000002,4507.91,4555.04,4566.82,4496.13,544165,1559705232.0,1.57,1.37,61.53,0.56,70.6899999999996
2021-04-15,000002,4540.64,4538.02,4572.06,4493.51,503527,1436503920.0,1.72,-0.37,-17.02,0.52,78.55000000000018
2021-04-16,000002,4558.97,4569.44,4569.44,4522.31,395753,1137450224.0,1.04,0.69,31.42,0.41,47.1299999999992
2021-04-19,000002,4564.2,4586.46,4595.62,4514.46,619894,1786257536.0,1.78,0.37,17.02,0.64,81.15999999999985
2021-04-20,000002,4560.27,4551.11,4575.98,4544.57,529774,1524136944.0,0.68,-0.77,-35.35,0.55,31.409999999999854
2021-04-21,000002,4531.47,4540.64,4549.8,4477.8,551734,1570191360.0,1.58,-0.23,-10.47,0.57,72.0
2021-04-22,000002,4562.89,4589.07,4596.93,4539.33,560026,1619545184.0,1.27,1.07,48.43,0.58,57.600000000000364
2021-04-23,000002,4521.0,4467.33,4527.55,4445.07,1292569,3642929920.0,1.8,-2.65,-121.74,1.33,82.48000000000047
2021-04-26,000002,4455.55,4416.27,4481.73,4403.18,859450,2389022464.0,1.76,-1.14,-51.06,0.88,78.54999999999927
2021-04-27,000002,4408.42,4446.38,4449.0,4390.09,511079,1419534464.0,1.33,0.68,30.11,0.53,58.909999999999854
2021-04-28,000002,4447.69,4413.66,4452.93,4400.56,476120,1318472544.0,1.18,-0.74,-32.72,0.49,52.36999999999989
2021-04-29,000002,4426.75,4441.15,4441.15,4390.09,623862,1730411472.0,1.16,0.62,27.49,0.64,51.05999999999949
2021-04-30,000002,4480.42,4477.8,4517.07,4446.38,777134,2193592784.0,1.59,0.83,36.65,0.8,70.6899999999996
2021-05-06,000002,4438.53,4445.07,4475.18,4420.2,489976,1368795680.0,1.23,-0.73,-32.73,0.5,54.98000000000047
2021-05-07,000002,4443.76,4455.55,4501.36,4439.84,491289,1382769024.0,1.38,0.24,10.48,0.51,61.51999999999953
2021-05-10,000002,4454.24,4395.33,4455.55,4361.29,589667,1620092496.0,2.12,-1.35,-60.22,0.61,94.26000000000022
2021-05-11,000002,4365.22,4405.8,4420.2,4337.73,368855,1011671792.0,1.88,0.24,10.47,0.38,82.47000000000025
2021-05-12,000002,4377.0,4328.56,4377.0,4308.93,810364,2192214688.0,1.55,-1.75,-77.24,0.83,68.06999999999971
2021-05-13,000002,4298.45,4308.93,4320.71,4284.05,550277,1475343360.0,0.85,-0.45,-19.63,0.57,36.659999999999854
2021-05-14,000002,4308.93,4333.8,4339.04,4274.89,624630,1679203376.0,1.49,0.58,24.87,0.64,64.14999999999964
2021-05-17,000002,4328.56,4340.35,4377.0,4301.07,582048,1579929568.0,1.75,0.15,6.55,0.6,75.93000000000029
2021-05-18,000002,4348.2,4362.6,4373.07,4320.71,437486,1188090528.0,1.21,0.51,22.25,0.45,52.35999999999967
2021-05-19,000002,4363.91,4294.53,4370.46,4285.36,515068,1386373296.0,1.95,-1.56,-68.07,0.53,85.10000000000036
2021-05-20,000002,4280.13,4320.71,4324.64,4248.71,457499,1226541376.0,1.77,0.61,26.18,0.47,75.93000000000029
2021-05-21,000002,4319.4,4268.35,4323.33,4259.18,495770,1323749776.0,1.48,-1.21,-52.36,0.51,64.14999999999964
2021-05-24,000002,4256.56,4218.6,4256.56,4208.13,729212,1911692448.0,1.13,-1.17,-49.75,0.75,48.43000000000029
2021-05-25,000002,4222.53,4293.22,4303.69,4213.36,721058,1914396832.0,2.14,1.77,74.62,0.74,90.32999999999993
2021-05-26,000002,4291.91,4348.2,4387.47,4286.67,817029,2219956240.0,2.35,1.28,54.98,0.84,100.80000000000018
2021-05-27,000002,4349.51,4345.58,4371.76,4322.02,542035,1472407808.0,1.14,-0.06,-2.62,0.56,49.73999999999978
2021-05-28,000002,4345.58,4318.09,4380.93,4298.45,602605,1627551104.0,1.9,-0.63,-27.49,0.62,82.48000000000047
2021-05-31,000002,4318.09,4285.36,4328.56,4263.11,566251,1511447040.0,1.52,-0.76,-32.73,0.58,65.45000000000073
2021-06-01,000002,4308.93,4272.27,4320.71,4255.25,609910,1622419888.0,1.53,-0.31,-13.09,0.63,65.46000000000004
2021-06-02,000002,4259.18,4293.22,4348.2,4234.31,853545,2287264272.0,2.67,0.49,20.95,0.88,113.88999999999942
2021-06-03,000002,4305.0,4281.44,4320.71,4267.04,505942,1353546848.0,1.25,-0.27,-11.78,0.52,53.67000000000007
2021-06-04,000002,4267.04,4236.93,4285.36,4217.29,714224,1885479328.0,1.59,-1.04,-44.51,0.73,68.06999999999971
2021-06-07,000002,4209.44,4185.87,4217.29,4164.93,647453,1676861168.0,1.24,-1.21,-51.06,0.67,52.35999999999967
2021-06-08,000002,4192.42,4201.58,4218.6,4180.64,446765,1164306336.0,0.91,0.38,15.71,0.46,37.960000000000036
2021-06-09,000002,4201.58,4181.94,4213.36,4175.4,389918,1012531056.0,0.9,-0.47,-19.64,0.4,37.960000000000036
2021-06-10,000002,4175.4,4147.91,4198.96,4141.36,538008,1387584800.0,1.38,-0.81,-34.03,0.55,57.600000000000364
2021-06-11,000002,4138.74,4100.78,4147.91,4085.07,758537,1918663072.0,1.51,-1.14,-47.13,0.78,62.83999999999969
2021-06-15,000002,4089.0,4031.4,4092.93,4010.45,899155,2228846016.0,2.01,-1.69,-69.38,0.93,82.48000000000002
2021-06-16,000002,4030.09,4057.58,4115.18,4026.16,676068,1693490880.0,2.21,0.65,26.18,0.7,89.02000000000044
2021-06-17,000002,4057.58,4062.82,4078.53,4032.71,440175,1098897072.0,1.13,0.13,5.24,0.45,45.820000000000164
2021-06-18,000002,4056.27,4006.53,4056.27,3990.82,700942,1722492944.0,1.61,-1.39,-56.29,0.72,65.44999999999982
2021-06-21,000002,3997.36,3958.09,4001.29,3938.45,624705,1513602448.0,1.57,-1.21,-48.44,0.64,62.840000000000146
2021-06-22,000002,3971.18,3962.02,3993.43,3931.91,724750,1754346048.0,1.55,0.1,3.93,0.75,61.51999999999998
2021-06-23,000002,3964.63,3997.36,4005.22,3947.62,743960,1809991552.0,1.45,0.89,35.34,0.77,57.59999999999991
2021-06-24,000002,4005.22,3975.11,4013.07,3962.02,601455,1470290944.0,1.28,-0.56,-22.25,0.62,51.05000000000018
2021-06-25,000002,3984.27,3998.67,4003.91,3971.18,478207,1168852240.0,0.82,0.59,23.56,0.49,32.73000000000002
2021-06-28,000002,4014.38,3942.38,4018.31,3938.45,563019,1364565712.0,2.0,-1.41,-56.29,0.58,79.86000000000013
2021-06-29,000002,3945.0,3905.73,3960.71,3895.25,664405,1588927552.0,1.66,-0.93,-36.65,0.68,65.46000000000004
2021-06-30,000002,3908.34,3907.03,3921.43,3866.45,498883,1183027392.0,1.41,0.03,1.3,0.51,54.98000000000002
2021-07-01,000002,3917.51,4060.2,4108.64,3912.27,1315384,3255497216.0,5.03,3.92,153.17,1.35,196.37000000000035
2021-07-02,000002,4034.02,3938.45,4034.02,3937.14,887290,2155246016.0,2.39,-3.0,-121.75,0.91,96.88000000000011
2021-07-05,000002,3939.76,3908.34,3943.69,3873.0,605992,1437710032.0,1.79,-0.76,-30.11,0.62,70.69000000000005
2021-07-06,000002,3918.82,3994.74,4030.09,3900.49,844135,2058328656.0,3.32,2.21,86.4,0.87,129.60000000000036
2021-07-07,000002,3958.09,3937.14,3994.74,3927.98,598541,1442986992.0,1.67,-1.44,-57.6,0.62,66.75999999999976
2021-07-08,000002,3951.54,3938.45,3964.63,3893.94,589155,1411774656.0,1.8,0.03,1.31,0.61,70.69000000000005
2021-07-09,000002,3909.65,3939.76,3969.87,3908.34,495908,1192140720.0,1.56,0.03,1.31,0.51,61.529999999999745
2021-07-12,000002,3969.87,3908.34,3969.87,3903.11,645789,1547277248.0,1.69,-0.8,-31.42,0.66,66.75999999999976
2021-07-13,000002,3910.96,3910.96,3950.23,3896.56,429413,1026027216.0,1.37,0.07,2.62,0.44,53.67000000000007
2021-07-14,000002,3907.03,3828.49,3916.2,3827.18,748482,1753035680.0,2.28,-2.11,-82.47,0.77,89.01999999999998
2021-07-15,000002,3828.49,3869.07,3896.56,3802.31,639812,1498254944.0,2.46,1.06,40.58,0.66,94.25
2021-07-16,000002,3853.36,3925.36,3938.45,3846.82,643154,1534958960.0,2.37,1.45,56.29,0.66,91.62999999999965
2021-07-19,000002,3916.2,3863.83,3917.51,3836.34,578646,1355079888.0,2.07,-1.57,-61.53,0.6,81.17000000000007
2021-07-20,000002,3840.27,3812.78,3849.43,3787.91,552478,1275982240.0,1.59,-1.32,-51.05,0.57,61.51999999999998
2021-07-21,000002,3801.0,3765.65,3821.94,3755.18,690511,1573728272.0,1.75,-1.24,-47.13,0.71,66.76000000000022
2021-07-22,000002,3763.03,3828.49,3833.72,3751.25,711181,1640587776.0,2.19,1.67,62.84,0.73,82.4699999999998
2021-07-23,000002,3820.63,3815.4,3846.82,3781.36,522943,1205101184.0,1.71,-0.34,-13.09,0.54,65.46000000000004
2021-07-26,000002,3774.82,3586.31,3774.82,3571.91,1423714,3100431104.0,5.32,-6.0,-229.09,1.47,202.9100000000003
2021-07-27,000002,3578.45,3429.21,3578.45,3420.05,1410662,2909955936.0,4.42,-4.38,-157.1,1.45,158.39999999999964
2021-07-28,000002,3431.83,3472.41,3509.07,3426.6,1051188,2147044672.0,2.4,1.26,43.2,1.08,82.47000000000025
2021-07-29,000002,3499.9,3486.81,3519.54,3435.76,787967,1623275248.0,2.41,0.41,14.4,0.81,83.77999999999975
2021-07-30,000002,3459.32,3494.67,3499.9,3421.36,679988,1392126720.0,2.25,0.23,7.86,0.7,78.53999999999996
2021-08-02,000002,3486.81,3526.09,3562.74,3421.36,834803,1731493152.0,4.05,0.9,31.42,0.86,141.37999999999965
2021-08-03,000002,3527.4,3523.47,3569.29,3511.69,557737,1167380576.0,1.63,-0.07,-2.62,0.57,57.59999999999991
2021-08-04,000002,3522.16,3480.27,3522.16,3469.8,620164,1277452576.0,1.49,-1.23,-43.2,0.64,52.35999999999967
2021-08-05,000002,3506.45,3537.87,3603.32,3493.36,1149844,2425340176.0,3.16,1.66,57.6,1.18,109.96000000000004
2021-08-06,000002,3503.83,3552.27,3560.12,3451.47,636435,1323046752.0,3.07,0.41,14.4,0.65,108.65000000000009
2021-08-09,000002,3539.18,3706.74,3769.58,3536.56,1389081,3081214272.0,6.56,4.35,154.47,1.43,233.01999999999998
2021-08-10,000002,3694.96,3651.76,3694.96,3600.71,898607,1954452448.0,2.54,-1.48,-54.98,0.92,94.25
2021-08-11,000002,3748.63,3815.4,3925.36,3748.63,1940357,4554630656.0,4.84,4.48,163.64,2.0,176.73000000000002
2021-08-12,000002,3804.92,3753.87,3838.96,3753.87,860884,1967002400.0,2.23,-1.61,-61.53,0.89,85.09000000000015
2021-08-13,000002,3747.32,3773.51,3804.92,3711.98,576712,1311218576.0,2.48,0.52,19.64,0.59,92.94000000000005
2021-08-16,000002,3789.22,3795.76,3876.93,3770.89,823954,1914354784.0,2.81,0.59,22.25,0.85,106.03999999999996
2021-08-17,000002,3774.82,3816.71,3914.89,3772.2,1050424,2457163056.0,3.76,0.55,20.95,1.08,142.69000000000005
2021-08-18,000002,3827.18,3895.25,3925.36,3768.27,927756,2172493648.0,4.12,2.06,78.54,0.95,157.09000000000015
2021-08-19,000002,3867.76,3820.63,3892.63,3797.07,792645,1838800112.0,2.45,-1.92,-74.62,0.82,95.55999999999995
2021-08-20,000002,3825.87,3768.27,3866.45,3725.07,820384,1868941856.0,3.7,-1.37,-52.36,0.84,141.37999999999965
2021-08-23,000002,3776.12,3777.43,3798.38,3759.11,411642,939780912.0,1.04,0.24,9.16,0.42,39.26999999999998
2021-08-24,000002,3770.89,3803.62,3831.11,3752.56,746208,1708479472.0,2.08,0.69,26.19,0.77,78.55000000000018
2021-08-25,000002,3849.43,3734.23,3849.43,3709.36,886592,1900600256.0,3.68,-1.82,-69.39,0.91,140.0699999999997
2021-08-26,000002,3718.52,3685.8,3766.96,3679.25,601520,1266424496.0,2.35,-1.3,-48.43,0.62,87.71000000000004
2021-08-27,000002,3685.8,3689.72,3719.83,3666.16,486747,1017770848.0,1.46,0.11,3.92,0.5,53.67000000000007
2021-08-30,000002,3571.91,3497.29,3581.07,3480.27,1707267,3346337008.0,2.73,-5.22,-192.43,1.76,100.80000000000018
2021-08-31,000002,3477.65,3545.72,3554.89,3451.47,967395,1880117408.0,2.96,1.38,48.43,1.0,103.42000000000007
2021-09-01,000002,3526.09,3679.25,3722.45,3511.69,1251790,2578218304.0,5.94,3.77,133.53,1.29,210.75999999999976
2021-09-02,000002,3696.27,3729.0,3768.27,3655.69,759266,1602798016.0,3.06,1.35,49.75,0.78,112.57999999999993
2021-09-03,000002,3715.91,3693.65,3761.72,3663.54,684516,1441816160.0,2.63,-0.95,-35.35,0.7,98.17999999999984
2021-09-06,000002,3672.71,3643.91,3709.36,3626.89,792302,1633927072.0,2.23,-1.35,-49.74,0.82,82.47000000000025
2021-09-07,000002,3660.92,3649.14,3671.4,3617.72,630701,1295608672.0,1.47,0.14,5.23,0.65,53.68000000000029
2021-09-08,000002,3625.58,3615.11,3663.54,3611.18,663611,1355179392.0,1.43,-0.93,-34.03,0.68,52.36000000000013
2021-09-09,000002,3594.16,3598.09,3622.96,3564.05,585182,1179987024.0,1.63,-0.47,-17.02,0.6,58.909999999999854
2021-09-10,000002,3598.09,3624.27,3654.38,3587.61,682114,1391976576.0,1.86,0.73,26.18,0.7,66.76999999999998
2021-09-13,000002,3609.87,3736.85,3742.09,3574.52,1470444,3065955440.0,4.62,3.11,112.58,1.51,167.57000000000016
2021-09-14,000002,3719.83,3588.92,3761.72,3579.76,1607058,3298161712.0,4.87,-3.96,-147.93,1.65,181.95999999999958
2021-09-15,000002,3571.91,3516.92,3577.14,3507.76,1033464,2041881872.0,1.93,-2.01,-72.0,1.06,69.37999999999965
2021-09-16,000002,3515.61,3443.61,3519.54,3443.61,1100870,2113908032.0,2.16,-2.08,-73.31,1.13,75.92999999999984
2021-09-17,000002,3447.54,3450.16,3485.5,3431.83,705319,1347615552.0,1.56,0.19,6.55,0.73,53.67000000000007
2021-09-22,000002,3427.9,3582.38,3604.63,3406.96,1644900,3250979136.0,5.73,3.83,132.22,1.69,197.67000000000007
2021-09-23,000002,3558.81,3643.91,3693.65,3552.27,1455787,2986064848.0,3.95,1.72,61.53,1.5,141.3800000000001
2021-09-24,000002,3624.27,3613.8,3674.02,3598.09,769259,1573373808.0,2.08,-0.83,-30.11,0.79,75.92999999999984
2021-09-27,000002,3591.54,3547.03,3621.65,3533.94,693130,1380073632.0,2.43,-1.85,-66.77,0.71,87.71000000000004
2021-09-28,000002,3613.8,3713.29,3789.22,3613.8,2103435,4437843200.0,4.95,4.69,166.26,2.16,175.41999999999962
2021-09-29,000002,3742.09,3725.07,3768.27,3694.96,1092349,2317154704.0,1.97,0.32,11.78,1.12,73.30999999999995
2021-09-30,000002,3761.72,3743.4,3818.02,3714.6,1005860,2159365664.0,2.78,0.49,18.33,1.04,103.42000000000007
2021-10-08,000002,3765.65,3734.23,3793.14,3714.6,732687,1562199440.0,2.1,-0.24,-9.17,0.75,78.53999999999996
2021-10-11,000002,3739.47,3846.82,3900.49,3735.54,1268994,2804632480.0,4.42,3.02,112.59,1.31,164.94999999999982
2021-10-12,000002,3833.72,3873.0,3945.0,3812.78,1272179,2861826256.0,3.44,0.68,26.18,1.31,132.2199999999998
2021-10-13,000002,3866.45,3873.0,3891.33,3795.76,751088,1662450800.0,2.47,0.0,0.0,0.77,95.56999999999971
2021-10-14,000002,3859.91,3742.09,3892.63,3735.54,847738,1836458400.0,4.06,-3.38,-130.91,0.87,157.09000000000015
2021-10-15,000002,3735.54,3714.6,3764.34,3696.27,784297,1659579920.0,1.82,-0.73,-27.49,0.81,68.07000000000016
2021-10-18,000002,3706.74,3611.18,3713.29,3595.47,1076032,2201113072.0,3.17,-2.78,-103.42,1.11,117.82000000000016
2021-10-19,000002,3639.98,3611.18,3668.78,3599.4,637327,1299648688.0,1.92,0.0,0.0,0.66,69.38000000000011
2021-10-20,000002,3619.03,3571.91,3646.52,3560.12,914269,1836350368.0,2.39,-1.09,-39.27,0.94,86.40000000000009
2021-10-21,000002,3598.09,3667.47,3693.65,3561.43,1623941,3345828096.0,3.7,2.68,95.56,1.67,132.22000000000025
2021-10-22,000002,3710.67,3746.02,3840.27,3709.36,1514165,3259316912.0,3.57,2.14,78.55,1.56,130.90999999999985
2021-10-25,000002,3676.63,3649.14,3790.52,3600.71,1702416,3519256928.0,5.07,-2.59,-96.88,1.75,189.80999999999995
2021-10-26,000002,3649.14,3535.25,3649.14,3535.25,1556728,3109672064.0,3.12,-3.12,-113.89,1.6,113.88999999999987
2021-10-27,000002,3520.85,3527.4,3564.05,3477.65,948488,1864580880.0,2.44,-0.22,-7.85,0.98,86.40000000000009
2021-10-28,000002,3519.54,3458.01,3519.54,3441.0,1041886,2000450256.0,2.23,-1.97,-69.39,1.07,78.53999999999996
2021-10-29,000002,3435.76,3337.58,3458.01,3316.63,2446905,4474612224.0,4.09,-3.48,-120.43,2.52,141.3800000000001
2021-11-01,000002,3332.34,3334.96,3362.45,3306.16,1088482,1975554528.0,1.69,-0.08,-2.62,1.12,56.289999999999964
2021-11-02,000002,3328.41,3262.96,3348.05,3247.25,1444317,2575924464.0,3.02,-2.16,-72.0,1.49,100.80000000000018
2021-11-03,000002,3270.81,3316.63,3321.87,3252.49,917347,1647494240.0,2.13,1.64,53.67,0.94,69.38000000000011
2021-11-04,000002,3311.39,3317.94,3328.41,3274.74,681153,1223281184.0,1.62,0.04,1.31,0.7,53.67000000000007
2021-11-05,000002,3310.09,3286.52,3310.09,3281.29,598993,1070050192.0,0.87,-0.95,-31.42,0.62,28.800000000000182
2021-11-08,000002,3359.83,3350.67,3388.63,3327.1,1204524,2211029744.0,1.87,1.95,64.15,1.24,61.5300000000002
2021-11-09,000002,3344.12,3338.89,3350.67,3298.3,673430,1222203472.0,1.56,-0.35,-11.78,0.69,52.36999999999989
2021-11-10,000002,3358.52,3438.38,3442.3,3308.78,1695568,3153132848.0,4.0,2.98,99.49,1.74,133.51999999999998
2021-11-11,000002,3434.45,3675.32,3681.87,3426.6,3151016,6352746240.0,7.42,6.89,236.94,3.24,255.26999999999998
2021-11-12,000002,3637.36,3540.49,3637.36,3494.67,2065924,4100076112.0,3.88,-3.67,-134.83,2.13,142.69000000000005
2021-11-15,000002,3514.31,3493.36,3518.23,3456.7,959332,1852352368.0,1.74,-1.33,-47.13,0.99,61.5300000000002
2021-11-16,000002,3478.96,3472.41,3515.61,3468.49,593989,1149085952.0,1.35,-0.6,-20.95,0.61,47.120000000000346
2021-11-17,000002,3471.1,3501.21,3510.38,3452.78,623750,1205064288.0,1.66,0.83,28.8,0.64,57.59999999999991
2021-11-18,000002,3486.81,3452.78,3493.36,3438.38,609996,1168010576.0,1.57,-1.38,-48.43,0.63,54.98000000000002
2021-11-19,000002,3442.3,3558.81,3608.56,3430.52,1308293,2570652944.0,5.16,3.07,106.03,1.35,178.03999999999996
2021-11-22,000002,3558.81,3469.8,3565.36,3465.87,877584,1697701632.0,2.8,-2.5,-89.01,0.9,99.49000000000024
2021-11-23,000002,3465.87,3472.41,3498.6,3454.09,563436,1083646256.0,1.28,0.08,2.61,0.58,44.50999999999976
2021-11-24,000002,3456.7,3480.27,3490.74,3441.0,827367,1587246256.0,1.43,0.23,7.86,0.85,49.73999999999978
2021-11-25,000002,3469.8,3469.8,3486.81,3450.16,518123,995473888.0,1.05,-0.3,-10.47,0.53,36.65000000000009
2021-11-26,000002,3460.63,3439.69,3460.63,3434.45,504023,959331072.0,0.75,-0.87,-30.11,0.52,26.18000000000029
2021-11-29,000002,3408.27,3370.3,3423.98,3355.9,718596,1334479872.0,1.98,-2.02,-69.39,0.74,68.07999999999993
2021-11-30,000002,3367.69,3344.12,3396.49,3331.03,713092,1305310864.0,1.94,-0.78,-26.18,0.73,65.45999999999958
2021-12-01,000002,3344.12,3371.61,3393.87,3337.58,674516,1243807184.0,1.68,0.82,27.49,0.69,56.289999999999964
2021-12-02,000002,3362.45,3444.92,3452.78,3338.89,1017859,1912007664.0,3.38,2.17,73.31,1.05,113.89000000000033
2021-12-03,000002,3444.92,3476.34,3486.81,3387.32,1095329,2086138464.0,2.89,0.91,31.42,1.13,99.48999999999978
2021-12-06,000002,3519.54,3505.14,3591.54,3501.21,1255709,2480574976.0,2.6,0.83,28.8,1.29,90.32999999999993
2021-12-07,000002,3591.54,3564.05,3611.18,3532.63,1522408,3043922672.0,2.24,1.68,58.91,1.57,78.54999999999973
2021-12-08,000002,3564.05,3547.03,3569.29,3506.45,924764,1822115936.0,1.76,-0.48,-17.02,0.95,62.840000000000146
2021-12-09,000002,3556.2,3624.27,3650.45,3554.89,1314340,2670445856.0,2.69,2.18,77.24,1.35,95.55999999999995
2021-12-10,000002,3598.09,3592.85,3629.51,3573.21,771890,1556669248.0,1.55,-0.87,-31.42,0.79,56.30000000000018
2021-12-13,000002,3582.38,3558.81,3642.6,3554.89,973553,1956861376.0,2.44,-0.95,-34.04,1.0,87.71000000000004
2021-12-14,000002,3560.12,3506.45,3565.36,3497.29,779669,1527933120.0,1.91,-1.47,-52.36,0.8,68.07000000000016
2021-12-15,000002,3494.67,3520.85,3541.8,3493.36,536411,1052614960.0,1.38,0.41,14.4,0.55,48.440000000000055
2021-12-16,000002,3507.76,3544.41,3583.69,3503.83,555017,1099032832.0,2.27,0.67,23.56,0.57,79.86000000000013
2021-12-17,000002,3544.41,3510.38,3564.05,3510.38,526783,1035530896.0,1.51,-0.96,-34.03,0.54,53.67000000000007
2021-12-20,000002,3507.76,3514.31,3565.36,3507.76,689598,1360521088.0,1.64,0.11,3.93,0.71,57.59999999999991
2021-12-21,000002,3505.14,3612.49,3659.61,3498.6,1592633,3232649616.0,4.58,2.79,98.18,1.64,161.01000000000022
2021-12-22,000002,3609.87,3553.58,3615.11,3545.72,961986,1921112688.0,1.92,-1.63,-58.91,0.99,69.39000000000033
2021-12-23,000002,3554.89,3526.09,3570.6,3506.45,697227,1371590384.0,1.81,-0.77,-27.49,0.72,64.15000000000009
2021-12-24,000002,3526.09,3524.78,3536.56,3480.27,540677,1054677920.0,1.6,-0.04,-1.31,0.56,56.289999999999964
2021-12-27,000002,3544.41,3522.16,3590.23,3516.92,754744,1497295616.0,2.08,-0.07,-2.62,0.78,73.30999999999995
2021-12-28,000002,3509.07,3530.01,3541.8,3492.05,690468,1353124080.0,1.41,0.22,7.85,0.71,49.75
2021-12-29,000002,3526.09,3490.74,3547.03,3488.12,582144,1135708848.0,1.67,-1.11,-39.27,0.6,58.91000000000031
2021-12-30,000002,3486.81,3456.7,3497.29,3444.92,812213,1557113856.0,1.5,-0.98,-34.04,0.84,52.36999999999989
2021-12-31,000002,3459.32,3540.49,3567.98,3454.09,1159187,2275602656.0,3.29,2.42,83.79,1.19,113.88999999999987
2022-01-04,000002,3505.14,3636.05,3657.0,3488.12,1947202,3956475664.0,4.77,2.7,95.56,2.0,168.8800000000001
2022-01-05,000002,3628.2,3725.07,3782.67,3619.03,1930458,4075047840.0,4.5,2.45,89.02,1.99,163.63999999999987
2022-01-06,000002,3718.52,3709.36,3789.22,3675.32,1380274,2923511296.0,3.06,-0.42,-15.71,1.42,113.89999999999964
2022-01-07,000002,3752.56,3819.32,3893.94,3748.63,2262768,4969780224.0,3.92,2.96,109.96,2.33,145.30999999999995
2022-01-10,000002,3807.54,3854.67,3920.13,3776.12,1527797,3376585472.0,3.77,0.93,35.35,1.57,144.01000000000022
2022-01-11,000002,3848.13,3873.0,3976.42,3806.23,1702651,3837452592.0,4.42,0.48,18.33,1.75,170.19000000000005
2022-01-12,000002,3853.36,3840.27,3874.31,3769.58,1268956,2783109360.0,2.7,-0.85,-32.73,1.31,104.73000000000002
2022-01-13,000002,3833.72,3772.2,3870.38,3764.34,912867,1984764400.0,2.76,-1.77,-68.07,0.94,106.03999999999996
2022-01-14,000002,3780.05,3663.54,3794.45,3659.61,1047252,2191322320.0,3.57,-2.88,-108.66,1.08,134.8399999999997
2022-01-17,000002,3658.31,3685.8,3731.62,3658.31,626021,1311268288.0,2.0,0.61,22.26,0.64,73.30999999999995
2022-01-18,000002,3696.27,3780.05,3820.63,3684.49,1067237,2286204064.0,3.69,2.56,94.25,1.1,136.14000000000033
2022-01-19,000002,3807.54,3820.63,3873.0,3768.27,1191763,2611685904.0,2.77,1.07,40.58,1.23,104.73000000000002
2022-01-20,000002,3832.42,3848.13,3912.27,3820.63,1592019,3538267136.0,2.4,0.72,27.5,1.64,91.63999999999987
2022-01-21,000002,3823.25,3786.6,3842.89,3768.27,791296,1717179552.0,1.94,-1.6,-61.53,0.81,74.61999999999989
2022-01-24,000002,3780.05,3794.45,3833.72,3735.54,813584,1761877984.0,2.59,0.21,7.85,0.84,98.17999999999984
2022-01-25,000002,3781.36,3679.25,3791.83,3667.47,1063177,2239316768.0,3.28,-3.04,-115.2,1.09,124.36000000000013
2022-01-26,000002,3701.51,3667.47,3717.22,3637.36,677404,1400883472.0,2.17,-0.32,-11.78,0.7,79.85999999999967
2022-01-27,000002,3641.29,3629.51,3689.72,3603.32,991858,2038304832.0,2.36,-1.04,-37.96,1.02,86.39999999999964
2022-01-28,000002,3650.45,3615.11,3683.18,3605.94,858900,1765406640.0,2.13,-0.4,-14.4,0.88,77.23999999999978
2022-02-07,000002,3641.29,3691.03,3705.43,3603.32,937564,1936407936.0,2.82,2.1,75.92,0.96,102.10999999999967
2022-02-08,000002,3677.94,3687.11,3714.6,3624.27,816508,1690753296.0,2.45,-0.11,-3.92,0.84,90.32999999999993
2022-02-09,000002,3679.25,3637.36,3744.71,3625.58,1369156,2857589552.0,3.23,-1.35,-49.75,1.41,119.13000000000011
2022-02-10,000002,3626.89,3683.18,3727.69,3558.81,1409923,2911436080.0,4.64,1.26,45.82,1.45,168.8800000000001
2022-02-11,000002,3702.82,3726.38,3791.83,3702.82,1491118,3179393920.0,2.42,1.17,43.2,1.53,89.00999999999976
2022-02-14,000002,3696.27,3603.32,3696.27,3598.09,1268867,2590358816.0,2.63,-3.3,-123.06,1.31,98.17999999999984
2022-02-15,000002,3604.63,3547.03,3613.8,3533.94,1140320,2269888624.0,2.22,-1.56,-56.29,1.17,79.86000000000013
2022-02-16,000002,3554.89,3571.91,3592.85,3537.87,706490,1409098464.0,1.55,0.7,24.88,0.73,54.98000000000002
2022-02-17,000002,3567.98,3545.72,3567.98,3514.31,773035,1526819216.0,1.5,-0.73,-26.19,0.8,53.67000000000007
2022-02-18,000002,3532.63,3634.74,3642.6,3532.63,1372711,2777835888.0,3.1,2.51,89.02,1.41,109.9699999999998
2022-02-21,000002,3611.18,3663.54,3691.03,3585.0,933374,1912526224.0,2.92,0.79,28.8,0.96,106.0300000000002
2022-02-22,000002,3638.67,3655.69,3694.96,3624.27,867773,1788757120.0,1.93,-0.21,-7.85,0.89,70.69000000000005
2022-02-23,000002,3657.0,3605.94,3662.23,3574.52,916919,1852695472.0,2.4,-1.36,-49.75,0.94,87.71000000000004
2022-02-24,000002,3591.54,3550.96,3621.65,3519.54,879794,1752828032.0,2.83,-1.52,-54.98,0.91,102.11000000000013
2022-02-25,000002,3565.36,3510.38,3575.83,3499.9,893970,1758871456.0,2.14,-1.14,-40.58,0.92,75.92999999999984
2022-02-28,000002,3506.45,3467.18,3506.45,3439.69,861954,1652652688.0,1.9,-1.23,-43.2,0.89,66.75999999999976
2022-03-01,000002,3468.49,3490.74,3497.29,3454.09,815806,1570307872.0,1.25,0.68,23.56,0.84,43.19999999999982
2022-03-02,000002,3494.67,3482.89,3528.71,3455.4,892095,1727309504.0,2.1,-0.22,-7.85,0.92,73.30999999999995
2022-03-03,000002,3486.81,3505.14,3536.56,3485.5,1319038,2574130000.0,1.47,0.64,22.25,1.36,51.059999999999945
2022-03-04,000002,3480.27,3403.03,3480.27,3355.9,2137822,3984274064.0,3.55,-2.91,-102.11,2.2,124.36999999999989
2022-03-07,000002,3380.78,3380.78,3427.9,3353.29,1193266,2216789152.0,2.19,-0.65,-22.25,1.23,74.61000000000013
2022-03-08,000002,3369.0,3266.89,3375.54,3256.41,1583728,2844612864.0,3.52,-3.37,-113.89,1.63,119.13000000000011
2022-03-09,000002,3279.98,3176.56,3287.83,3054.81,2299647,3907216496.0,7.13,-2.77,-90.33,2.37,233.01999999999998
2022-03-10,000002,3202.74,3149.07,3214.52,3143.83,1059079,1796610784.0,2.23,-0.87,-27.49,1.09,70.69000000000005
2022-03-11,000002,3094.08,3133.36,3146.45,3050.88,1021248,1676581392.0,3.03,-0.5,-15.71,1.05,95.56999999999971
2022-03-14,000002,3098.01,3060.05,3172.63,3053.5,1125945,1852414496.0,3.8,-2.34,-73.31,1.16,119.13000000000011
2022-03-15,000002,3022.08,2891.17,3033.87,2887.25,2098842,3215504864.0,4.79,-5.52,-168.88,2.16,146.6199999999999
2022-03-16,000002,2943.54,2984.12,3022.08,2842.74,2100987,3180485808.0,6.2,3.21,92.95,2.16,179.34000000000015
2022-03-17,000002,3101.94,3137.28,3163.47,3084.92,2216236,3669244192.0,2.63,5.13,153.16,2.28,78.54999999999973
2022-03-18,000002,3105.87,3238.09,3251.18,3087.54,1839484,3126922096.0,5.22,3.21,100.81,1.89,163.63999999999987
2022-03-21,000002,3215.83,3152.99,3215.83,3138.59,1410439,2379849488.0,2.39,-2.63,-85.1,1.45,77.23999999999978
2022-03-22,000002,3121.58,3255.1,3279.98,3117.65,1970572,3421100896.0,5.15,3.24,102.11,2.03,162.32999999999993
2022-03-23,000002,3264.27,3298.3,3354.6,3194.89,1829509,3232947136.0,4.91,1.33,43.2,1.88,159.71000000000004
2022-03-24,000002,3255.1,3242.01,3310.09,3234.16,1064824,1880966656.0,2.3,-1.71,-56.29,1.1,75.93000000000029
2022-03-25,000002,3218.45,3232.85,3296.99,3193.58,960229,1685566624.0,3.19,-0.28,-9.16,0.99,103.40999999999985
2022-03-28,000002,3192.27,3279.98,3298.3,3180.49,1042086,1837872768.0,3.64,1.46,47.13,1.07,117.8100000000004
2022-03-29,000002,3261.65,3242.01,3289.14,3230.23,655772,1154358464.0,1.8,-1.16,-37.97,0.67,58.909999999999854
2022-03-30,000002,3251.18,3438.38,3447.54,3240.7,2195064,4075693968.0,6.38,6.06,196.37,2.26,206.84000000000015
2022-03-31,000002,3349.36,3460.63,3591.54,3346.74,3349400,6411092736.0,7.12,0.65,22.25,3.45,244.80000000000018
2022-04-01,000002,3434.45,3658.31,3694.96,3425.29,3014542,6031512064.0,7.79,5.71,197.68,3.1,269.6700000000001
2022-04-06,000002,3743.4,3731.62,3820.63,3659.61,2962474,6322297856.0,4.4,2.0,73.31,3.05,161.01999999999998
2022-04-07,000002,3689.72,3691.03,3786.6,3660.92,1790903,3769843488.0,3.37,-1.09,-40.59,1.84,125.67999999999984
2022-04-08,000002,3691.03,3766.96,3781.36,3630.81,1823754,3847315824.0,4.08,2.06,75.93,1.88,150.55000000000018
2022-04-11,000002,3709.36,3668.78,3765.65,3624.27,1655256,3468638480.0,3.75,-2.61,-98.18,1.7,141.3800000000001
2022-04-12,000002,3692.34,3594.16,3735.54,3566.67,1720224,3521839088.0,4.6,-2.03,-74.62,1.77,168.8699999999999
2022-04-13,000002,3585.0,3637.36,3727.69,3552.27,1605189,3294797520.0,4.88,1.2,43.2,1.65,175.42000000000007
2022-04-14,000002,3655.69,3702.82,3787.91,3591.54,1775273,3709221264.0,5.4,1.8,65.46,1.83,196.3699999999999
2022-04-15,000002,3681.87,3742.09,3818.02,3666.16,1558383,3335558128.0,4.1,1.06,39.27,1.6,151.86000000000013
2022-04-18,000002,3687.11,3641.29,3713.29,3617.72,1067502,2209265216.0,2.55,-2.69,-100.8,1.1,95.57000000000016
2022-04-19,000002,3642.6,3658.31,3663.54,3528.71,1199798,2423548176.0,3.7,0.47,17.02,1.23,134.82999999999993
2022-04-20,000002,3628.2,3486.81,3645.21,3467.18,1619148,3191731008.0,4.87,-4.69,-171.5,1.67,178.0300000000002
2022-04-21,000002,3473.72,3480.27,3553.58,3465.87,1030540,2007205392.0,2.52,-0.19,-6.54,1.06,87.71000000000004
2022-04-22,000002,3454.09,3547.03,3585.0,3441.0,1106171,2184286528.0,4.14,1.92,66.76,1.14,144.0
2022-04-25,000002,3519.54,3418.74,3570.6,3414.81,1127801,2172308176.0,4.39,-3.62,-128.29,1.16,155.78999999999996
2022-04-26,000002,3414.81,3435.76,3513.0,3395.18,1061401,2023745888.0,3.45,0.5,17.02,1.09,117.82000000000016
2022-04-27,000002,3396.49,3340.2,3468.49,3273.43,1844961,3368085088.0,5.68,-2.78,-95.56,1.9,195.05999999999995
2022-04-28,000002,3337.58,3401.72,3444.92,3316.63,1592032,2947417808.0,3.84,1.84,61.52,1.64,128.28999999999996
2022-04-29,000002,3408.27,3490.74,3541.8,3361.14,1917457,3665754960.0,5.31,2.62,89.02,1.97,180.6600000000003
2022-05-05,000002,3509.07,3497.29,3547.03,3410.89,1531669,2945383168.0,3.9,0.19,6.55,1.58,136.14000000000033
2022-05-06,000002,3437.07,3374.23,3458.01,3363.76,1109681,2075217616.0,2.69,-3.52,-123.06,1.14,94.25
2022-05-09,000002,3374.23,3372.92,3425.29,3346.74,545756,1014274208.0,2.33,-0.04,-1.31,0.56,78.55000000000018
2022-05-10,000002,3341.5,3383.4,3405.65,3299.61,992671,1809822432.0,3.14,0.31,10.48,1.02,106.03999999999996
2022-05-11,000002,3375.54,3370.3,3395.18,3338.89,966325,1779263168.0,1.66,-0.39,-13.1,0.99,56.289999999999964
2022-05-12,000002,3351.98,3307.47,3369.0,3281.29,910435,1641736928.0,2.6,-1.86,-62.83,0.94,87.71000000000004
2022-05-13,000002,3310.09,3397.8,3401.72,3298.3,1212138,2239903536.0,3.13,2.73,90.33,1.25,103.41999999999962
2022-05-16,000002,3467.18,3425.29,3478.96,3358.52,1221008,2301991152.0,3.54,0.81,27.49,1.26,120.44000000000005
2022-05-17,000002,3414.81,3450.16,3519.54,3389.94,1169038,2233125968.0,3.78,0.73,24.87,1.2,129.5999999999999
2022-05-18,000002,3442.3,3417.43,3463.25,3371.61,761158,1428799008.0,2.66,-0.95,-32.73,0.78,91.63999999999987
2022-05-19,000002,3375.54,3473.72,3486.81,3371.61,1017552,1942389648.0,3.37,1.65,56.29,1.05,115.19999999999982
2022-05-20,000002,3493.36,3427.9,3505.14,3383.4,1602077,3026224960.0,3.5,-1.32,-45.82,1.65,121.73999999999978
2022-05-23,000002,3404.34,3355.9,3421.36,3349.36,977307,1802623184.0,2.1,-2.1,-72.0,1.01,72.0
2022-05-24,000002,3349.36,3325.79,3378.16,3321.87,635200,1161710160.0,1.68,-0.9,-30.11,0.65,56.289999999999964
2022-05-25,000002,3327.1,3338.89,3340.2,3310.09,434053,785934752.0,0.91,0.39,13.1,0.45,30.109999999999673
2022-05-26,000002,3336.27,3361.14,3395.18,3319.25,638667,1174594800.0,2.27,0.67,22.25,0.66,75.92999999999984
2022-05-27,000002,3365.07,3328.41,3374.23,3314.01,526412,958935328.0,1.79,-0.97,-32.73,0.54,60.2199999999998
2022-05-30,000002,3329.72,3286.52,3342.81,3274.74,882078,1580456944.0,2.05,-1.26,-41.89,0.91,68.07000000000016
2022-05-31,000002,3287.83,3285.21,3303.54,3259.03,940789,1670901264.0,1.35,-0.04,-1.31,0.97,44.50999999999976
2022-06-01,000002,3289.14,3294.38,3325.79,3276.05,806848,1445560288.0,1.51,0.28,9.17,0.83,49.73999999999978
2022-06-02,000002,3286.52,3272.12,3287.83,3247.25,765059,1352806928.0,1.23,-0.68,-22.26,0.79,40.57999999999993
2022-06-06,000002,3269.5,3217.14,3269.5,3179.18,1548446,2662740752.0,2.76,-1.68,-54.98,1.59,90.32000000000016
2022-06-07,000002,3210.59,3235.47,3249.87,3204.05,944942,1642075792.0,1.42,0.57,18.33,0.97,45.81999999999971
2022-06-08,000002,3236.78,3249.87,3252.49,3214.52,737838,1285204784.0,1.17,0.45,14.4,0.76,37.9699999999998
2022-06-09,000002,3255.1,3287.83,3303.54,3252.49,1000122,1781400704.0,1.57,1.17,37.96,1.03,51.05000000000018
2022-06-10,000002,3274.74,3291.76,3303.54,3272.12,818031,1458368448.0,0.96,0.12,3.93,0.84,31.420000000000073
2022-06-13,000002,3277.36,3240.7,3290.45,3228.92,686653,1203431568.0,1.87,-1.55,-51.06,0.71,61.529999999999745
2022-06-14,000002,3224.99,3277.36,3278.67,3221.07,711886,1254703216.0,1.78,1.13,36.66,0.73,57.59999999999991
2022-06-15,000002,3291.76,3354.6,3410.89,3277.36,1571865,2889284912.0,4.07,2.36,77.24,1.62,133.52999999999975
2022-06-16,000002,3355.9,3333.65,3396.49,3323.18,759172,1386885792.0,2.19,-0.62,-20.95,0.78,73.30999999999995
2022-06-17,000002,3316.63,3329.72,3342.81,3315.32,537902,976310272.0,0.82,-0.12,-3.93,0.55,27.48999999999978
2022-06-20,000002,3353.29,3386.01,3400.41,3338.89,923469,1708865824.0,1.85,1.69,56.29,0.95,61.51999999999998
2022-06-21,000002,3386.01,3386.01,3441.0,3363.76,885132,1659792896.0,2.28,0.0,0.0,0.91,77.23999999999978
2022-06-22,000002,3384.7,3349.36,3399.1,3346.74,473448,871400208.0,1.55,-1.08,-36.65,0.49,52.36000000000013
2022-06-23,000002,3349.36,3384.7,3399.1,3338.89,582109,1076076976.0,1.8,1.06,35.34,0.6,60.210000000000036
2022-06-24,000002,3393.87,3354.6,3406.96,3342.81,793372,1456480480.0,1.9,-0.89,-30.1,0.82,64.15000000000009
2022-06-27,000002,3357.21,3376.85,3396.49,3346.74,700742,1293838448.0,1.48,0.66,22.25,0.72,49.75
2022-06-28,000002,3375.54,3369.0,3401.72,3349.36,611640,1124695936.0,1.55,-0.23,-7.85,0.63,52.35999999999967
2022-06-29,000002,3387.32,3523.47,3545.72,3378.16,1967914,3817994576.0,4.97,4.59,154.47,2.03,167.55999999999995
2022-06-30,000002,3493.36,3637.36,3643.91,3489.43,1918185,3864567520.0,4.38,3.23,113.89,1.97,154.48000000000002
2022-07-01,000002,3636.05,3624.27,3649.14,3605.94,758318,1549359856.0,1.19,-0.36,-13.09,0.78,43.19999999999982
2022-07-04,000002,3602.01,3599.4,3617.72,3553.58,769999,1547522160.0,1.77,-0.69,-24.87,0.79,64.13999999999987
2022-07-05,000002,3604.63,3577.14,3633.43,3564.05,687289,1383375488.0,1.93,-0.62,-22.26,0.71,69.37999999999965
2022-07-06,000002,3571.91,3502.52,3591.54,3481.58,859306,1678162080.0,3.07,-2.09,-74.62,0.88,109.96000000000004
2022-07-07,000002,3499.9,3465.87,3530.01,3446.23,731255,1410857872.0,2.39,-1.05,-36.65,0.75,83.7800000000002
2022-07-08,000002,3465.87,3477.65,3505.14,3454.09,467434,902203632.0,1.47,0.34,11.78,0.48,51.04999999999973
2022-07-11,000002,3460.63,3438.38,3482.89,3427.9,510241,973515472.0,1.58,-1.13,-39.27,0.53,54.98999999999978
2022-07-12,000002,3435.76,3444.92,3471.1,3431.83,481181,918400979.38,1.14,0.19,6.54,0.5,39.26999999999998
2022-07-13,000002,3447.54,3435.76,3527.4,3414.81,950420,1827019763.02,3.27,-0.27,-9.16,0.98,112.59000000000015
2022-07-14,000002,3420.05,3361.14,3429.21,3349.36,838536,1552591053.43,2.32,-2.17,-74.62,0.86,79.84999999999991
2022-07-15,000002,3353.29,3260.34,3358.52,3257.72,1247551,2225338842.68,3.0,-3.0,-100.8,1.28,100.80000000000018
2022-07-18,000002,3276.05,3296.99,3311.39,3238.09,762642,1356003249.79,2.25,1.12,36.65,0.78,73.29999999999973
2022-07-19,000002,3302.23,3283.9,3308.78,3260.34,565929,1004243045.53,1.47,-0.4,-13.09,0.58,48.440000000000055
2022-07-20,000002,3294.38,3278.67,3296.99,3268.19,506850,900272704.67,0.88,-0.16,-5.23,0.52,28.799999999999727
2022-07-21,000002,3264.27,3217.14,3273.43,3206.67,985519,1707259918.52,2.04,-1.88,-61.53,1.01,66.75999999999976
2022-07-22,000002,3218.45,3228.92,3243.32,3193.58,601680,1040473262.33,1.55,0.37,11.78,0.62,49.74000000000024
2022-07-25,000002,3230.23,3244.63,3281.29,3224.99,675129,1185932181.06,1.74,0.49,15.71,0.69,56.30000000000018
2022-07-26,000002,3244.63,3316.63,3334.96,3209.29,1157358,2067176290.59,3.87,2.22,72.0,1.19,125.67000000000007
2022-07-27,000002,3295.69,3278.67,3303.54,3261.65,597051,1061623024.12,1.26,-1.14,-37.96,0.61,41.88999999999987
2022-07-28,000002,3274.74,3264.27,3287.83,3247.25,627196,1108737327.61,1.24,-0.44,-14.4,0.65,40.57999999999993
2022-07-29,000002,3252.49,3206.67,3268.19,3202.74,805304,1395216272.04,2.01,-1.76,-57.6,0.83,65.45000000000027
2022-08-01,000002,3197.5,3162.16,3198.81,3158.23,732002,1239707852.69,1.27,-1.39,-44.51,0.75,40.57999999999993
2022-08-02,000002,3146.45,3116.34,3146.45,3090.16,686869,1134409156.83,1.78,-1.45,-45.82,0.71,56.289999999999964
2022-08-03,000002,3115.03,3056.12,3135.98,3053.5,815004,1329390214.75,2.65,-1.93,-60.22,0.84,82.48000000000002
2022-08-04,000002,3058.74,3078.38,3090.16,3050.88,388357,628260391.32,1.29,0.73,22.26,0.4,39.279999999999745
2022-08-05,000002,3078.38,3108.48,3109.79,3065.28,377146,615628062.59,1.45,0.98,30.1,0.39,44.50999999999976
2022-08-08,000002,3113.72,3083.61,3152.99,3074.45,592211,970887803.64,2.53,-0.8,-24.87,0.61,78.53999999999996
2022-08-09,000002,3082.3,3078.38,3094.08,3063.98,417478,676529159.48,0.98,-0.17,-5.23,0.43,30.09999999999991
2022-08-10,000002,3067.9,3061.36,3077.07,3050.88,426876,687091533.31,0.85,-0.55,-17.02,0.44,26.190000000000055
2022-08-11,000002,3066.59,3084.92,3087.54,3060.05,622115,1007490073.24,0.9,0.77,23.56,0.64,27.48999999999978
2022-08-12,000002,3075.76,3098.01,3100.63,3062.67,534302,870359062.86,1.23,0.42,13.09,0.55,37.960000000000036
2022-08-15,000002,3087.54,3086.23,3116.34,3080.99,511215,835979776.63,1.14,-0.38,-11.78,0.53,35.350000000000364
2022-08-16,000002,3100.63,3117.65,3147.76,3098.01,794590,1316120153.57,1.61,1.02,31.42,0.82,49.75
2022-08-17,000002,3109.79,3163.47,3185.72,3087.54,944249,1582396359.63,3.15,1.47,45.82,0.97,98.17999999999984
2022-08-18,000002,3162.16,3151.68,3162.16,3122.88,639001,1069201871.65,1.24,-0.37,-11.79,0.66,39.279999999999745
2022-08-19,000002,3146.45,3180.49,3218.45,3130.74,711170,1212848980.06,2.78,0.91,28.81,0.73,87.71000000000004
2022-08-22,000002,3181.79,3185.72,3198.81,3159.54,504152,857067043.1,1.23,0.16,5.23,0.52,39.26999999999998
2022-08-23,000002,3185.72,3160.85,3187.03,3134.67,581801,976410303.98,1.64,-0.78,-24.87,0.6,52.36000000000013
2022-08-24,000002,3146.45,3129.43,3163.47,3113.72,594175,993923492.18,1.57,-0.99,-31.42,0.61,49.75
2022-08-25,000002,3173.43,3153.8,3194.38,3121.07,725525,1146669783.1,2.34,0.78,24.37,0.75,73.30999999999995
2022-08-26,000002,3164.27,3153.8,3185.21,3134.16,641607,1019159031.98,1.62,0.0,0.0,0.66,51.05000000000018
2022-08-29,000002,3142.01,3119.76,3143.32,3090.96,671408,1037789350.91,1.66,-1.08,-34.04,0.69,52.36000000000013
2022-08-30,000002,3110.6,3161.65,3166.89,3106.67,594276,935524155.35,1.93,1.34,41.89,0.61,60.2199999999998
2022-08-31,000002,3225.8,3258.52,3274.23,3200.92,1604656,2660329681.86,2.32,3.06,96.87,1.65,73.30999999999995
2022-09-01,000002,3274.23,3286.01,3333.14,3237.58,1308304,2216182160.91,2.93,0.84,27.49,1.35,95.55999999999995
2022-09-02,000002,3297.8,3280.78,3300.41,3250.67,696804,1165902392.37,1.51,-0.16,-5.23,0.72,49.73999999999978
2022-09-05,000002,3288.63,3329.22,3355.4,3270.31,933968,1594583409.77,2.59,1.48,48.44,0.96,85.09000000000015
2022-09-06,000002,3323.98,3418.23,3422.16,3320.05,1438224,2529054963.24,3.07,2.67,89.01,1.48,102.10999999999967
2022-09-07,000002,3393.36,3375.03,3414.31,3359.32,883386,1550325356.43,1.61,-1.26,-43.2,0.91,54.98999999999978
2022-09-08,000002,3377.65,3382.89,3397.29,3339.69,723362,1264869320.68,1.71,0.23,7.86,0.74,57.59999999999991
2022-09-09,000002,3371.11,3457.51,3488.93,3360.63,1412025,2554321936.97,3.79,2.21,74.62,1.45,128.29999999999973
2022-09-13,000002,3452.27,3461.43,3509.87,3430.02,1060216,1933183138.12,2.31,0.11,3.92,1.09,79.84999999999991
2022-09-14,000002,3437.87,3426.09,3499.4,3416.92,743230,1342714911.25,2.38,-1.02,-35.34,0.76,82.48000000000002
2022-09-15,000002,3450.96,3503.33,3538.67,3441.8,1508849,2793462015.01,2.83,2.25,77.24,1.55,96.86999999999989
2022-09-16,000002,3483.69,3437.87,3515.11,3426.09,1144959,2085163457.88,2.54,-1.87,-65.46,1.18,89.01999999999998
2022-09-19,000002,3441.8,3461.43,3490.23,3415.62,828311,1504824068.21,2.17,0.69,23.56,0.85,74.61000000000013
2022-09-20,000002,3461.43,3380.27,3475.83,3363.25,1007254,1783024418.87,3.25,-2.34,-81.16,1.04,112.57999999999993
2022-09-21,000002,3405.14,3380.27,3405.14,3347.54,734515,1290708264.81,1.7,0.0,0.0,0.76,57.59999999999991
2022-09-22,000002,3376.34,3371.11,3399.91,3334.45,607820,1055627388.64,1.94,-0.27,-9.16,0.63,65.46000000000004
2022-09-23,000002,3365.87,3373.72,3445.72,3358.02,632618,1122656036.54,2.6,0.08,2.61,0.65,87.69999999999982
2022-09-26,000002,3397.29,3364.56,3448.34,3360.63,701045,1243153965.88,2.6,-0.27,-9.16,0.72,87.71000000000004
2022-09-27,000002,3356.71,3385.51,3410.38,3338.38,583770,1021378397.68,2.14,0.62,20.95,0.6,72.0
2022-09-28,000002,3369.8,3367.18,3411.69,3343.62,600847,1055384380.84,2.01,-0.54,-18.33,0.62,68.07000000000016
2022-09-29,000002,3395.98,3326.6,3399.91,3323.98,537109,930260611.79,2.26,-1.21,-40.58,0.55,75.92999999999984
2022-09-30,000002,3377.65,3415.62,3440.49,3341.0,860905,1523629251.07,2.99,2.68,89.02,0.89,99.48999999999978
2022-10-10,000002,3411.69,3406.45,3492.85,3388.12,948040,1703649815.2,3.07,-0.27,-9.17,0.98,104.73000000000002
2022-10-11,000002,3406.45,3304.34,3407.76,3272.92,887300,1516868802.77,3.96,-3.0,-102.11,0.91,134.84000000000015
2022-10-12,000002,3304.34,3330.52,3365.87,3282.09,579587,990739985.31,2.54,0.79,26.18,0.6,83.77999999999975
2022-10-13,000002,3309.58,3280.78,3326.6,3231.03,702286,1172310954.51,2.87,-1.49,-49.74,0.72,95.56999999999971
2022-10-14,000002,3286.01,3309.58,3380.27,3286.01,663153,1137716112.81,2.87,0.88,28.8,0.68,94.25999999999976
2022-10-17,000002,3293.87,3254.6,3310.89,3221.87,895152,1480257473.09,2.69,-1.66,-54.98,0.92,89.01999999999998
2022-10-18,000002,3254.6,3225.8,3274.23,3203.54,702689,1154282577.48,2.17,-0.88,-28.8,0.72,70.69000000000005
2022-10-19,000002,3215.32,3198.31,3249.36,3198.31,694406,1130203988.16,1.58,-0.85,-27.49,0.71,51.05000000000018
2022-10-20,000002,3189.14,3191.76,3211.4,3178.67,449923,725438358.16,1.02,-0.2,-6.55,0.46,32.73000000000002
2022-10-21,000002,3215.32,3200.92,3238.89,3185.21,658970,1071281707.06,1.68,0.29,9.16,0.68,53.679999999999836
2022-10-24,000002,3176.05,3118.45,3179.98,3110.6,893022,1401719806.01,2.17,-2.58,-82.47,0.92,69.38000000000011
2022-10-25,000002,3110.6,3117.14,3140.71,3094.89,591278,917749325.72,1.47,-0.04,-1.31,0.61,45.820000000000164
2022-10-26,000002,3117.14,3054.3,3125.0,3042.52,1426073,2159205449.94,2.65,-2.02,-62.84,1.47,82.48000000000002
2022-10-27,000002,3054.3,3030.74,3066.09,3029.43,1062199,1592665605.04,1.2,-0.77,-23.56,1.09,36.66000000000031
2022-10-28,000002,3016.34,2958.74,3021.58,2954.81,996995,1448620565.39,2.2,-2.38,-72.0,1.03,66.76999999999998
2022-10-31,000002,2924.7,2851.39,2927.32,2800.34,1799020,2434897199.27,4.29,-3.63,-107.35,1.85,126.98000000000002
2022-11-01,000002,2848.78,2895.9,2895.9,2819.98,1197252,1625200150.33,2.66,1.56,44.51,1.23,75.92000000000007
2022-11-02,000002,2868.41,2902.45,2926.01,2848.78,975902,1353942239.34,2.67,0.23,6.55,1.0,77.23000000000002
2022-11-03,000002,2881.5,2867.1,2898.52,2854.01,716067,979079593.47,1.53,-1.22,-35.35,0.74,44.50999999999976
2022-11-04,000002,2859.25,2919.47,2926.01,2855.32,1077514,1500447962.8,2.47,1.83,52.37,1.11,70.69000000000005
2022-11-07,000002,2902.45,2944.34,2950.89,2901.14,780289,1102606762.12,1.7,0.85,24.87,0.8,49.75
2022-11-08,000002,2940.41,2948.27,2987.54,2928.63,844439,1205228539.52,2.0,0.13,3.93,0.87,58.909999999999854
2022-11-09,000002,2999.32,2986.23,3043.83,2973.14,1393490,2049047167.88,2.4,1.29,37.96,1.43,70.69000000000005
2022-11-10,000002,2966.6,2957.43,2982.3,2937.79,641156,918750012.47,1.49,-0.96,-28.8,0.66,44.51000000000022
2022-11-11,000002,3009.8,3144.63,3144.63,3000.63,2911654,4449223899.25,4.87,6.33,187.2,3.0,144.0
2022-11-14,000002,3200.92,3227.11,3286.01,3174.74,2850606,4673831799.92,3.54,2.62,82.48,2.93,111.27000000000044
2022-11-15,000002,3215.32,3221.87,3251.98,3176.05,1542256,2511540462.75,2.35,-0.16,-5.24,1.59,75.92999999999984
2022-11-16,000002,3194.38,3157.72,3207.47,3139.4,1072128,1704672479.33,2.11,-1.99,-64.15,1.1,68.06999999999971
2022-11-17,000002,3159.03,3151.18,3176.05,3119.76,862267,1359627500.02,1.78,-0.21,-6.54,0.89,56.289999999999964
2022-11-18,000002,3147.25,3130.23,3166.89,3121.07,675147,1061066954.55,1.45,-0.66,-20.95,0.69,45.81999999999971
2022-11-21,000002,3119.76,3119.76,3123.69,3055.61,763224,1170548957.45,2.17,-0.33,-10.47,0.79,68.07999999999993
2022-11-22,000002,3149.87,3123.69,3169.51,3096.2,828369,1295600188.91,2.35,0.13,3.93,0.85,73.3100000000004
2022-11-23,000002,3097.5,3109.29,3140.71,3094.89,467413,725267998.86,1.47,-0.46,-14.4,0.48,45.820000000000164
2022-11-24,000002,3179.98,3178.67,3198.31,3144.63,1316717,2102615430.01,1.73,2.23,69.38,1.36,53.679999999999836
2022-11-25,000002,3202.23,3348.85,3365.87,3200.92,2468986,4171659422.29,5.19,5.35,170.18,2.54,164.94999999999982
2022-11-28,000002,3292.56,3322.67,3346.23,3258.52,1468521,2494557511.34,2.62,-0.78,-26.18,1.51,87.71000000000004
2022-11-29,000002,3435.25,3546.53,3546.53,3419.54,2545603,4684526916.14,3.82,6.74,223.86,2.62,126.99000000000024
2022-11-30,000002,3568.78,3522.96,3659.11,3503.33,2745342,5216426116.77,4.39,-0.66,-23.57,2.83,155.7800000000002
2022-12-01,000002,3486.31,3568.78,3587.11,3481.07,1719255,3232368251.63,3.01,1.3,45.82,1.77,106.03999999999996
2022-12-02,000002,3503.33,3488.93,3534.74,3409.07,1811997,3304802524.96,3.52,-2.24,-79.85,1.86,125.66999999999962
2022-12-05,000002,3555.69,3558.31,3621.14,3545.22,1937124,3707004415.18,2.18,1.99,69.38,1.99,75.92000000000007
2022-12-06,000002,3542.6,3592.34,3602.82,3496.78,1114424,2120240419.55,2.98,0.96,34.03,1.15,106.03999999999996
2022-12-07,000002,3557.0,3503.33,3591.03,3477.14,1396795,2596529613.3,3.17,-2.48,-89.01,1.44,113.89000000000033
2022-12-08,000002,3509.87,3618.53,3634.23,3507.25,1514868,2900379907.95,3.62,3.29,115.2,1.56,126.98000000000002
2022-12-09,000002,3617.22,3759.91,3782.16,3602.82,2177340,4380717630.4,4.96,3.91,141.38,2.24,179.3399999999997
2022-12-12,000002,3714.09,3627.69,3732.42,3615.91,1159202,2288939780.66,3.1,-3.52,-132.22,1.19,116.51000000000022
2022-12-13,000002,3627.69,3631.62,3647.33,3589.73,752615,1460346558.26,1.59,0.11,3.93,0.77,57.59999999999991
2022-12-14,000002,3621.14,3601.51,3647.33,3575.33,790764,1524377945.54,1.98,-0.83,-30.11,0.81,72.0
2022-12-15,000002,3553.07,3584.49,3600.2,3503.33,915828,1723767161.86,2.69,-0.47,-17.02,0.94,96.86999999999989
2022-12-16,000002,3615.91,3618.53,3672.2,3572.71,976938,1900376962.0,2.78,0.95,34.04,1.01,99.48999999999978
2022-12-19,000002,3634.23,3614.6,3686.6,3581.87,781338,1518417576.99,2.89,-0.11,-3.93,0.8,104.73000000000002
2022-12-20,000002,3542.6,3530.82,3589.73,3496.78,673299,1267532132.25,2.57,-2.32,-83.78,0.69,92.94999999999982
2022-12-21,000002,3546.53,3529.51,3563.54,3515.11,471300,883042187.6,1.37,-0.04,-1.31,0.49,48.429999999999836
2022-12-22,000002,3559.62,3533.43,3576.63,3517.73,412156,776149747.52,1.67,0.11,3.92,0.42,58.90000000000009
2022-12-23,000002,3515.11,3539.98,3563.54,3500.71,331003,619945292.54,1.78,0.19,6.55,0.34,62.82999999999993
2022-12-26,000002,3534.74,3486.31,3536.05,3464.05,578845,1063343595.69,2.03,-1.52,-53.67,0.6,72.0
2022-12-27,000002,3495.47,3504.63,3557.0,3490.23,459404,855405355.38,1.92,0.53,18.32,0.47,66.76999999999998
2022-12-28,000002,3500.71,3513.8,3541.29,3477.14,397503,736417992.37,1.83,0.26,9.17,0.41,64.15000000000009
2022-12-29,000002,3502.02,3458.82,3505.94,3432.63,606869,1099884563.42,2.09,-1.56,-54.98,0.62,73.30999999999995
2022-12-30,000002,3467.98,3464.05,3479.76,3428.71,514864,935144077.43,1.48,0.15,5.23,0.53,51.05000000000018
2023-01-03,000002,3450.96,3467.98,3503.33,3422.16,636400,1158945281.2,2.34,0.11,3.93,0.65,81.17000000000007
2023-01-04,000002,3470.6,3577.94,3605.43,3447.03,1087147,2060317406.33,4.57,3.17,109.96,1.12,158.39999999999964
2023-01-05,000002,3568.78,3611.98,3631.62,3555.69,705245,1357011735.35,2.12,0.95,34.04,0.73,75.92999999999984
2023-01-06,000002,3648.63,3597.58,3659.11,3568.78,721240,1391208648.38,2.5,-0.4,-14.4,0.74,90.32999999999993
2023-01-09,000002,3606.74,3539.98,3614.6,3526.89,685066,1292008007.55,2.44,-1.6,-57.6,0.71,87.71000000000004
2023-01-10,000002,3539.98,3542.6,3564.85,3522.96,482080,906180275.22,1.18,0.07,2.62,0.5,41.88999999999987
2023-01-11,000002,3545.22,3567.47,3609.36,3542.6,669313,1273464590.19,1.88,0.7,24.87,0.69,66.76000000000022
2023-01-12,000002,3549.14,3516.42,3553.07,3478.45,679413,1260184288.98,2.09,-1.43,-51.05,0.7,74.62000000000035
2023-01-13,000002,3496.78,3539.98,3539.98,3496.78,414362,771628014.51,1.23,0.67,23.56,0.43,43.19999999999982
2023-01-16,000002,3539.98,3529.51,3555.69,3498.09,668753,1248278213.7,1.63,-0.3,-10.47,0.69,57.59999999999991
2023-01-17,000002,3533.43,3534.74,3549.14,3485.0,531442,988946549.63,1.82,0.15,5.23,0.55,64.13999999999987
2023-01-18,000002,3536.05,3500.71,3562.23,3495.47,531589,987395603.39,1.89,-0.96,-34.03,0.55,66.76000000000022
2023-01-19,000002,3495.47,3509.87,3509.87,3450.96,634379,1161720123.34,1.68,0.26,9.16,0.65,58.909999999999854
2023-01-20,000002,3502.02,3513.8,3522.96,3483.69,504114,933806301.62,1.12,0.11,3.93,0.52,39.26999999999998
2023-01-30,000002,3553.07,3449.65,3568.78,3437.87,1270474,2315151336.47,3.73,-1.83,-64.15,1.31,130.9100000000003
2023-01-31,000002,3448.34,3475.83,3483.69,3431.32,689203,1255458742.99,1.52,0.76,26.18,0.71,52.36999999999989
2023-02-01,000002,3464.05,3462.74,3474.52,3424.78,690811,1246611678.64,1.43,-0.38,-13.09,0.71,49.73999999999978
2023-02-02,000002,3461.43,3461.43,3487.62,3428.71,707211,1283125788.73,1.7,-0.04,-1.31,0.73,58.909999999999854
2023-02-03,000002,3453.58,3433.94,3453.58,3422.16,497584,893421833.48,0.91,-0.79,-27.49,0.51,31.420000000000073
2023-02-06,000002,3405.14,3343.62,3406.45,3333.14,1240827,2153492511.22,2.13,-2.63,-90.32,1.28,73.30999999999995
2023-02-07,000002,3343.62,3380.27,3411.69,3335.76,1007425,1769210773.97,2.27,1.1,36.65,1.04,75.92999999999984
2023-02-08,000002,3377.65,3372.42,3416.92,3368.49,436367,768911653.63,1.43,-0.23,-7.85,0.45,48.43000000000029
2023-02-09,000002,3371.11,3394.67,3415.62,3360.63,463508,819148070.34,1.63,0.66,22.25,0.48,54.98999999999978
2023-02-10,000002,3390.74,3394.67,3424.78,3372.42,449961,795674132.73,1.54,0.0,0.0,0.46,52.36000000000013
2023-02-13,000002,3352.78,3393.36,3405.14,3329.22,771730,1351370295.53,2.24,-0.04,-1.31,0.79,75.92000000000007
2023-02-14,000002,3395.98,3399.91,3424.78,3381.58,573618,1016643120.41,1.27,0.19,6.55,0.59,43.20000000000027
2023-02-15,000002,3385.51,3351.47,3389.43,3342.31,658286,1142728843.53,1.39,-1.42,-48.44,0.68,47.11999999999989
2023-02-16,000002,3352.78,3350.16,3395.98,3330.52,727256,1270775881.39,1.95,-0.04,-1.31,0.75,65.46000000000004
2023-02-17,000002,3343.62,3318.74,3358.02,3317.43,488838,842010133.23,1.21,-0.94,-31.42,0.5,40.590000000000146
2023-02-20,000002,3317.43,3380.27,3393.36,3317.43,834306,1451116357.19,2.29,1.85,61.53,0.86,75.93000000000029
2023-02-21,000002,3422.16,3389.43,3433.94,3376.34,806482,1428804707.65,1.7,0.27,9.16,0.83,57.59999999999991
2023-02-22,000002,3360.63,3363.25,3376.34,3359.32,374754,653483957.89,0.5,-0.77,-26.18,0.39,17.019999999999982
2023-02-23,000002,3367.18,3368.49,3390.74,3359.32,402954,705286110.69,0.93,0.16,5.24,0.41,31.419999999999618
2023-02-24,000002,3373.72,3335.76,3377.65,3323.98,522142,901030905.69,1.59,-0.97,-32.73,0.54,53.67000000000007
2023-02-27,000002,3337.07,3330.52,3359.32,3327.91,369424,637672051.82,0.94,-0.16,-5.24,0.38,31.41000000000031
2023-02-28,000002,3337.07,3325.29,3341.0,3295.18,734644,1250302163.4,1.38,-0.16,-5.23,0.76,45.820000000000164
2023-03-01,000002,3316.12,3335.76,3337.07,3306.96,773277,1323358805.34,0.91,0.31,10.47,0.8,30.110000000000127
2023-03-02,000002,3306.96,3271.61,3309.58,3265.07,1456361,2445438224.62,1.33,-1.92,-64.15,1.5,44.50999999999976
2023-03-03,000002,3275.54,3282.09,3284.71,3251.98,853120,1425042513.89,1.0,0.32,10.48,0.88,32.73000000000002
2023-03-06,000002,3282.09,3234.96,3282.09,3227.11,1094292,1807776503.96,1.68,-1.44,-47.13,1.13,54.98000000000002
2023-03-07,000002,3234.96,3193.07,3249.36,3190.45,896477,1463074984.04,1.82,-1.29,-41.89,0.92,58.91000000000031
2023-03-08,000002,3194.38,3187.83,3200.92,3169.51,801019,1285441811.01,0.98,-0.16,-5.24,0.82,31.409999999999854
2023-03-09,000002,3190.45,3191.76,3220.56,3189.14,551708,893633763.68,0.99,0.12,3.93,0.57,31.420000000000073
2023-03-10,000002,3174.74,3153.8,3182.6,3145.94,532489,845975858.27,1.15,-1.19,-37.96,0.55,36.659999999999854
2023-03-13,000002,3153.8,3155.11,3176.05,3138.09,510264,807968031.02,1.2,0.04,1.31,0.53,37.960000000000036
2023-03-14,000002,3155.11,3143.32,3183.91,3126.3,583278,922276387.55,1.83,-0.37,-11.79,0.6,57.60999999999967
2023-03-15,000002,3151.18,3157.72,3172.12,3145.94,487744,774104066.01,0.83,0.46,14.4,0.5,26.179999999999836
2023-03-16,000002,3148.56,3143.32,3168.2,3121.07,482686,762875485.46,1.49,-0.46,-14.4,0.5,47.129999999999654
2023-03-17,000002,3161.65,3162.96,3191.76,3151.18,703930,1122568973.86,1.29,0.62,19.64,0.72,40.58000000000038
2023-03-20,000002,3170.81,3139.4,3186.52,3132.85,690896,1092802294.04,1.7,-0.74,-23.56,0.71,53.67000000000007
2023-03-21,000002,3139.4,3142.01,3152.49,3128.92,467559,734087324.61,0.75,0.08,2.61,0.48,23.56999999999971
2023-03-22,000002,3144.63,3162.96,3174.74,3134.16,662351,1050763521.5,1.29,0.67,20.95,0.68,40.57999999999993
2023-03-23,000002,3153.8,3157.72,3164.27,3140.71,551031,871426989.95,0.74,-0.17,-5.24,0.57,23.559999999999945
2023-03-24,000002,3159.03,3151.18,3169.51,3126.3,779016,1228146581.71,1.37,-0.21,-6.54,0.8,43.210000000000036
2023-03-27,000002,3151.18,3106.67,3153.8,3102.74,845141,1313913689.56,1.62,-1.41,-44.51,0.87,51.0600000000004
2023-03-28,000002,3098.81,3090.96,3123.69,3081.8,664533,1022280957.01,1.35,-0.51,-15.71,0.68,41.88999999999987
2023-03-29,000002,3098.81,3096.2,3126.3,3090.96,654848,1012734686.59,1.14,0.17,5.24,0.67,35.340000000000146
2023-03-30,000002,3097.5,3123.69,3127.61,3080.49,620535,959614112.35,1.52,0.89,27.49,0.64,47.120000000000346
2023-03-31,000002,3123.69,3076.56,3130.23,3064.78,1349694,2070645596.21,2.1,-1.51,-47.13,1.39,65.44999999999982
2023-04-03,000002,3076.56,3098.81,3117.14,3064.78,1167445,1798717023.0,1.7,0.72,22.25,1.2,52.35999999999967
2023-04-04,000002,3094.89,3064.78,3098.81,3055.61,1205477,1831317072.5,1.39,-1.1,-34.03,1.24,43.19999999999982
2023-04-06,000002,3063.47,3050.38,3070.01,3045.14,793381,1193853831.26,0.81,-0.47,-14.4,0.82,24.870000000000346
2023-04-07,000002,3081.8,3152.49,3153.8,3059.54,2244567,3505357547.34,3.09,3.35,102.11,2.31,94.26000000000022
2023-04-10,000002,3143.32,3136.78,3152.49,3121.07,1076086,1688330492.89,1.0,-0.5,-15.71,1.11,31.419999999999618
2023-04-11,000002,3123.69,3181.29,3208.78,3118.45,1730535,2766563555.03,2.88,1.42,44.51,1.78,90.33000000000038
2023-04-12,000002,3186.52,3182.6,3200.92,3156.41,1046292,1672532383.95,1.4,0.04,1.31,1.08,44.51000000000022
2023-04-13,000002,3165.58,3156.41,3172.12,3148.56,849114,1347282809.3,0.74,-0.82,-26.19,0.87,23.559999999999945
2023-04-14,000002,3169.51,3151.18,3174.74,3142.01,673390,1066894796.29,1.04,-0.17,-5.23,0.69,32.72999999999956
2023-04-17,000002,3139.4,3166.89,3168.2,3127.61,944569,1490656936.86,1.29,0.5,15.71,0.97,40.58999999999969
2023-04-18,000002,3162.96,3162.96,3200.92,3156.41,915040,1464368301.3,1.41,-0.12,-3.93,0.94,44.51000000000022
2023-04-19,000002,3162.96,3107.98,3168.2,3104.05,1239505,1936530271.76,2.03,-1.74,-54.98,1.28,64.14999999999964
2023-04-20,000002,3102.74,3101.43,3114.52,3085.72,591110,910103399.58,0.93,-0.21,-6.55,0.61,28.800000000000182
2023-04-21,000002,3109.29,3084.41,3142.01,3079.18,993354,1541533828.41,2.03,-0.55,-17.02,1.02,62.83000000000038
2023-04-24,000002,3084.41,3032.05,3084.41,3022.89,980626,1468467044.45,1.99,-1.7,-52.36,1.01,61.51999999999998
2023-04-25,000002,3037.29,3029.43,3041.21,3003.25,646531,956930895.16,1.25,-0.09,-2.62,0.67,37.960000000000036
2023-04-26,000002,3005.87,3018.96,3028.12,2986.23,504262,743782745.04,1.38,-0.35,-10.47,0.52,41.88999999999987
2023-04-27,000002,3018.96,3034.67,3038.6,3003.25,455955,677275763.39,1.17,0.52,15.71,0.47,35.34999999999991
2023-04-28,000002,3030.74,3063.47,3063.47,3028.12,602194,905353137.9,1.16,0.95,28.8,0.62,35.34999999999991
2023-05-04,000002,3018.96,3038.6,3064.78,3008.49,725503,1083693137.75,1.84,-0.81,-24.87,0.75,56.29000000000042
2023-05-05,000002,3038.6,3115.83,3128.92,3033.36,1495445,2297283239.28,3.14,2.54,77.23,1.54,95.55999999999995
2023-05-08,000002,3094.89,3121.07,3123.69,3062.16,1033916,1590720250.94,1.97,0.17,5.24,1.06,61.5300000000002
2023-05-09,000002,3110.6,3106.67,3161.65,3098.81,1259846,1975639824.03,2.01,-0.46,-14.4,1.3,62.840000000000146
2023-05-10,000002,3105.36,3084.41,3110.6,3066.09,659030,1005440708.16,1.43,-0.72,-22.26,0.68,44.50999999999976
2023-05-11,000002,3084.41,3084.41,3092.27,3072.63,443347,677122607.68,0.64,0.0,0.0,0.46,19.639999999999873
2023-05-12,000002,3076.56,3053.0,3089.65,3053.0,469530,711649052.25,1.19,-1.02,-31.41,0.48,36.65000000000009
2023-05-15,000002,3045.14,3053.0,3058.23,3020.27,655484,977880698.04,1.24,0.0,0.0,0.67,37.960000000000036
2023-05-16,000002,3053.0,3033.36,3060.85,3029.43,374842,560629921.82,1.03,-0.64,-19.64,0.39,31.420000000000073
2023-05-17,000002,3029.43,3016.34,3035.98,3003.25,506462,749977591.43,1.08,-0.56,-17.02,0.52,32.73000000000002
2023-05-18,000002,3021.58,2995.4,3028.12,2983.61,576835,847045140.77,1.48,-0.69,-20.94,0.59,44.50999999999976
2023-05-19,000002,2995.4,2984.92,2995.4,2979.69,396288,575941557.26,0.52,-0.35,-10.48,0.41,15.710000000000036
2023-05-22,000002,2982.3,3001.94,3003.25,2969.21,375032,546500269.12,1.14,0.57,17.02,0.39,34.039999999999964
2023-05-23,000002,2996.7,2982.3,3013.72,2982.3,374555,547422352.3,1.05,-0.65,-19.64,0.39,31.419999999999618
2023-05-24,000002,2975.76,2928.63,2977.07,2927.32,752758,1068558564.76,1.67,-1.8,-53.67,0.77,49.75
2023-05-25,000002,2918.16,2939.1,2939.1,2914.23,423953,596904142.58,0.85,0.36,10.47,0.44,24.86999999999989
2023-05-26,000002,2932.56,2941.72,2945.65,2915.54,407754,576734776.06,1.02,0.09,2.62,0.42,30.110000000000127
2023-05-29,000002,2936.49,2918.16,2937.79,2914.23,443019,622455127.29,0.8,-0.8,-23.56,0.46,23.559999999999945
2023-05-30,000002,2912.92,2961.36,2961.36,2871.03,881969,1230122037.89,3.1,1.48,43.2,0.91,90.32999999999993
2023-05-31,000002,2946.96,2945.65,2957.43,2922.09,451251,638936492.34,1.19,-0.53,-15.71,0.46,35.33999999999969
2023-06-01,000002,2932.56,2914.23,2940.41,2911.61,466628,656652650.37,0.98,-1.07,-31.42,0.48,28.799999999999727
2023-06-02,000002,2920.78,2982.3,2998.01,2915.54,1180945,1700929596.7,2.83,2.34,68.07,1.22,82.47000000000025
2023-06-05,000002,2958.74,2961.36,2970.52,2943.03,598671,857001849.2,0.92,-0.7,-20.94,0.62,27.48999999999978
2023-06-06,000002,2956.12,2974.45,3024.2,2954.81,989286,1445814460.72,2.34,0.44,13.09,1.02,69.38999999999987
2023-06-07,000002,2991.47,2995.4,3029.43,2971.83,815094,1193199418.68,1.94,0.7,20.95,0.84,57.59999999999991
2023-06-08,000002,2988.85,3030.74,3043.83,2963.98,1107594,1633962530.16,2.67,1.18,35.34,1.14,79.84999999999991
2023-06-09,000002,3017.65,3001.94,3026.81,2990.16,694562,1018806102.53,1.21,-0.95,-28.8,0.71,36.65000000000009
2023-06-12,000002,2990.16,2988.85,3003.25,2978.38,564546,822916000.16,0.83,-0.44,-13.09,0.58,24.86999999999989
2023-06-13,000002,2982.3,2995.4,3018.96,2982.3,599748,878531412.1,1.23,0.22,6.55,0.62,36.659999999999854
2023-06-14,000002,2996.7,2966.6,3012.41,2963.98,711039,1032947861.89,1.62,-0.96,-28.8,0.73,48.429999999999836
2023-06-15,000002,2973.14,3008.49,3008.49,2970.52,977412,1428337134.87,1.28,1.41,41.89,1.01,37.9699999999998
2023-06-16,000002,3011.1,2984.92,3035.98,2984.92,1093419,1603016508.52,1.7,-0.78,-23.57,1.13,51.059999999999945
2023-06-19,000002,2991.47,2939.1,2992.78,2936.49,935251,1336427310.82,1.89,-1.54,-45.82,0.96,56.29000000000042
2023-06-20,000002,2940.41,2915.54,2943.03,2908.99,703465,988404655.21,1.16,-0.8,-23.56,0.72,34.04000000000042
2023-06-21,000002,2906.38,2906.38,2924.7,2899.83,574035,802846342.47,0.85,-0.31,-9.16,0.59,24.86999999999989
2023-06-26,000002,2886.74,2881.5,2899.83,2874.96,488783,673841857.56,0.86,-0.86,-24.88,0.5,24.86999999999989
2023-06-27,000002,2888.05,2957.43,2961.36,2881.5,1039241,1471684701.07,2.77,2.64,75.93,1.07,79.86000000000013
2023-06-28,000002,2954.81,2943.03,2960.05,2927.32,518077,736535508.99,1.11,-0.49,-14.4,0.53,32.73000000000002
2023-06-29,000002,2939.1,2915.54,2946.96,2912.92,481921,678095640.03,1.16,-0.93,-27.49,0.5,34.039999999999964
2023-06-30,000002,2924.7,2916.85,2946.96,2910.3,576524,812655529.99,1.26,0.04,1.31,0.59,36.659999999999854
2023-07-03,000002,2920.78,2933.87,2940.41,2920.78,523316,740199552.99,0.67,0.58,17.02,0.54,19.629999999999654
2023-07-04,000002,2929.94,2916.85,2933.87,2905.07,567657,794873665.83,0.98,-0.58,-17.02,0.58,28.799999999999727
2023-07-05,000002,2908.99,2910.3,2923.39,2907.69,338947,474466954.66,0.54,-0.22,-6.55,0.35,15.699999999999818
2023-07-06,000002,2905.07,2910.3,2920.78,2897.21,432104,602584921.48,0.81,0.0,0.0,0.44,23.570000000000164
2023-07-07,000002,2903.76,2897.21,2915.54,2889.36,394498,548059811.98,0.9,-0.45,-13.09,0.41,26.179999999999836
2023-07-10,000002,2902.45,2902.45,2910.3,2890.67,401038,557204061.87,0.68,0.18,5.24,0.41,19.63000000000011
2023-07-11,000002,2927.32,2895.9,2932.56,2888.05,664227,924085440.68,1.53,-0.23,-6.55,0.68,44.50999999999976
2023-07-12,000002,2894.59,2872.34,2895.9,2869.72,731929,1004450587.02,0.9,-0.81,-23.56,0.75,26.18000000000029
2023-07-13,000002,2876.27,2888.05,2890.67,2876.27,493471,679888954.06,0.5,0.55,15.71,0.51,14.400000000000091
2023-07-14,000002,2890.67,2885.43,2893.29,2874.96,476485,656039816.78,0.63,-0.09,-2.62,0.49,18.329999999999927
2023-07-17,000002,2876.27,2876.27,2878.89,2869.72,354029,484269484.53,0.32,-0.32,-9.16,0.36,9.170000000000073
2023-07-18,000002,2876.27,2874.96,2882.81,2856.63,439357,599981939.96,0.91,-0.05,-1.31,0.45,26.179999999999836
2023-07-19,000002,2868.41,2901.14,2902.45,2863.18,770864,1065183368.58,1.37,0.91,26.18,0.79,39.26999999999998
2023-07-20,000002,2902.45,2898.52,2922.09,2895.9,700940,978297894.5,0.9,-0.09,-2.62,0.72,26.190000000000055
2023-07-21,000002,2898.52,2911.61,2926.01,2890.67,625379,875177811.09,1.22,0.45,13.09,0.64,35.340000000000146
2023-07-24,000002,2929.94,2888.05,2933.87,2881.5,744112,1031602306.81,1.8,-0.81,-23.56,0.77,52.36999999999989
2023-07-25,000002,2931.25,3034.67,3037.29,2929.94,2991339,4370954452.07,3.72,5.08,146.62,3.08,107.34999999999991
2023-07-26,000002,3018.96,3028.12,3041.21,3004.56,1439550,2135930247.17,1.21,-0.22,-6.55,1.48,36.65000000000009
2023-07-27,000002,3009.8,3009.8,3039.9,2991.47,1037572,1534628936.9,1.6,-0.6,-18.32,1.07,48.43000000000029
2023-07-28,000002,3021.58,3075.25,3090.96,3020.27,1923939,2902779533.65,2.35,2.17,65.45,1.98,70.69000000000005
2023-07-31,000002,3097.5,3077.87,3147.25,3068.7,2196229,3393190698.39,2.55,0.09,2.62,2.26,78.55000000000018
2023-08-01,000002,3067.4,3056.92,3089.65,3045.14,999119,1514819281.5,1.45,-0.68,-20.95,1.03,44.51000000000022
2023-08-02,000002,3056.92,3053.0,3084.41,3046.45,827769,1253444447.93,1.24,-0.13,-3.92,0.85,37.960000000000036
2023-08-03,000002,3034.67,3090.96,3093.58,3024.2,1131834,1716354477.91,2.27,1.24,37.96,1.16,69.38000000000011
2023-08-04,000002,3126.3,3076.56,3134.16,3071.32,1215862,1868462463.16,2.03,-0.47,-14.4,1.25,62.83999999999969
2023-08-07,000002,3053.0,3009.8,3054.3,3000.63,1082193,1603373730.21,1.74,-2.17,-66.76,1.11,53.67000000000007
2023-08-08,000002,3008.49,2990.16,3017.65,2987.54,605746,888231009.85,1.0,-0.65,-19.64,0.62,30.110000000000127
2023-08-09,000002,2990.16,3005.87,3018.96,2984.92,543423,798494904.81,1.14,0.53,15.71,0.56,34.039999999999964
2023-08-10,000002,3007.18,3012.41,3029.43,2990.16,579287,852497940.22,1.31,0.22,6.54,0.6,39.26999999999998
2023-08-11,000002,3025.5,2992.78,3041.21,2977.07,802965,1180802597.52,2.13,-0.65,-19.63,0.83,64.13999999999987
2023-08-14,000002,2957.43,2966.6,2977.07,2922.09,798590,1139383491.5,1.84,-0.87,-26.18,0.82,54.98000000000002
2023-08-15,000002,2983.61,2952.19,2986.23,2931.25,535924,766921885.51,1.85,-0.49,-14.41,0.55,54.98000000000002
2023-08-16,000002,2946.96,2984.92,3016.34,2941.72,789837,1147493710.99,2.53,1.11,32.73,0.81,74.62000000000035
2023-08-17,000002,2967.9,2983.61,2998.01,2953.5,705984,1019721206.23,1.49,-0.04,-1.31,0.73,44.51000000000022
2023-08-18,000002,2981.0,2954.81,3001.94,2954.81,550032,796641269.18,1.58,-0.97,-28.8,0.57,47.13000000000011
2023-08-21,000002,2949.58,2911.61,2952.19,2911.61,594691,839974507.7,1.37,-1.46,-43.2,0.61,40.57999999999993
2023-08-22,000002,2912.92,2916.85,2928.63,2898.52,458812,642001393.93,1.03,0.18,5.24,0.47,30.110000000000127
2023-08-23,000002,2920.78,2890.67,2920.78,2890.67,452330,629674421.88,1.03,-0.9,-26.18,0.47,30.110000000000127
2023-08-24,000002,2894.59,2876.27,2898.52,2861.87,633092,869725253.16,1.27,-0.5,-14.4,0.65,36.65000000000009
2023-08-25,000002,2898.52,2929.94,2962.67,2878.89,927093,1237719910.67,2.91,1.87,53.67,0.95,83.7800000000002
2023-08-28,000002,3055.61,3009.8,3056.92,3000.63,1853198,2627995335.96,1.92,2.73,79.86,1.91,56.289999999999964
2023-08-29,000002,3003.25,3029.43,3029.43,2978.38,1103767,1549348468.59,1.7,0.65,19.63,1.14,51.04999999999973
2023-08-30,000002,3016.34,3029.43,3062.16,3009.8,1041034,1484389801.35,1.73,0.0,0.0,1.07,52.35999999999967
2023-08-31,000002,3033.36,2956.12,3037.29,2954.81,1213106,1677988995.36,2.72,-2.42,-73.31,1.25,82.48000000000002
2023-09-01,000002,2987.54,3009.8,3025.5,2983.61,1050323,1471799365.12,1.42,1.82,53.68,1.08,41.88999999999987
2023-09-04,000002,3026.81,3008.49,3046.45,3001.94,1064718,1508359782.03,1.48,-0.04,-1.31,1.1,44.50999999999976
2023-09-05,000002,3001.94,2987.54,3001.94,2978.38,603137,836482034.65,0.78,-0.7,-20.95,0.62,23.559999999999945
2023-09-06,000002,2987.54,3025.5,3033.36,2967.9,1011405,1419625748.61,2.19,1.27,37.96,1.04,65.46000000000004
2023-09-07,000002,3015.03,3003.25,3045.14,3001.94,836228,1184230179.1,1.43,-0.74,-22.25,0.86,43.19999999999982
2023-09-08,000002,2991.47,2991.47,2999.32,2979.69,421710,585302440.41,0.65,-0.39,-11.78,0.43,19.63000000000011
2023-09-11,000002,2992.78,2963.98,2996.7,2948.27,914278,1252187894.06,1.62,-0.92,-27.49,0.94,48.429999999999836
2023-09-12,000002,2962.67,2957.43,2969.21,2950.89,419974,573384436.27,0.62,-0.22,-6.55,0.43,18.320000000000164
2023-09-13,000002,2957.43,2953.5,2973.14,2948.27,389319,531662936.32,0.84,-0.13,-3.93,0.4,24.86999999999989
2023-09-14,000002,2945.65,2939.1,2957.43,2929.94,403069,545516703.57,0.93,-0.49,-14.4,0.41,27.48999999999978
2023-09-15,000002,2949.58,2927.32,2953.5,2926.01,389514,525536301.89,0.94,-0.4,-11.78,0.4,27.48999999999978
2023-09-18,000002,2924.7,2912.92,2928.63,2907.69,431855,575397415.52,0.72,-0.49,-14.4,0.44,20.940000000000055
2023-09-19,000002,2914.23,2911.61,2919.47,2903.76,335696,446329070.4,0.54,-0.04,-1.31,0.35,15.709999999999582
2023-09-20,000002,2911.61,2910.3,2918.16,2902.45,278409,370524587.28,0.54,-0.04,-1.31,0.29,15.710000000000036
2023-09-21,000002,2915.54,2906.38,2928.63,2906.38,370855,493994246.36,0.76,-0.13,-3.92,0.38,22.25
2023-09-22,000002,2903.76,2923.39,2926.01,2898.52,443563,590420852.87,0.95,0.59,17.01,0.46,27.490000000000236
2023-09-25,000002,2916.85,2890.67,2918.16,2886.74,469000,617777509.43,1.07,-1.12,-32.72,0.48,31.420000000000073
2023-09-26,000002,2890.67,2881.5,2897.21,2880.19,321782,421283755.91,0.59,-0.32,-9.17,0.33,17.019999999999982
2023-09-27,000002,2874.96,2878.89,2890.67,2874.96,394943,515818311.02,0.55,-0.09,-2.61,0.41,15.710000000000036
2023-09-28,000002,2882.81,2882.81,2888.05,2876.27,300513,392481526.3,0.41,0.14,3.92,0.31,11.7800000000002
2023-10-09,000002,2880.19,2857.94,2880.19,2839.61,662575,852986772.27,1.41,-0.86,-24.87,0.68,40.57999999999993
2023-10-10,000002,2857.94,2848.78,2867.1,2847.47,305883,393942062.72,0.69,-0.32,-9.16,0.31,19.63000000000011
2023-10-11,000002,2852.7,2842.23,2855.32,2827.83,523140,667974131.22,0.96,-0.23,-6.55,0.54,27.490000000000236
2023-10-12,000002,2847.47,2851.39,2856.63,2838.3,381317,488865227.63,0.64,0.32,9.16,0.39,18.329999999999927
2023-10-13,000002,2839.61,2818.67,2843.54,2817.36,467603,591233837.31,0.92,-1.15,-32.72,0.48,26.179999999999836
2023-10-16,000002,2814.74,2768.92,2821.29,2759.76,754084,928225584.26,2.18,-1.77,-49.75,0.78,61.529999999999745
2023-10-17,000002,2767.61,2738.81,2770.23,2734.88,726795,874081580.92,1.28,-1.09,-30.11,0.75,35.34999999999991
2023-10-18,000002,2730.96,2703.47,2732.27,2703.47,677911,800073563.98,1.05,-1.29,-35.34,0.7,28.800000000000182
2023-10-19,000002,2696.92,2670.74,2698.23,2669.43,747899,862533490.62,1.07,-1.21,-32.73,0.77,28.800000000000182
2023-10-20,000002,2664.19,2696.92,2715.25,2656.34,837666,973007863.07,2.21,0.98,26.18,0.86,58.909999999999854
2023-10-23,000002,2686.45,2691.68,2716.56,2674.67,568355,662535409.84,1.55,-0.19,-5.24,0.58,41.88999999999987
2023-10-24,000002,2695.61,2696.92,2715.25,2689.07,528360,617809456.8,0.97,0.19,5.24,0.54,26.179999999999836
2023-10-25,000002,2720.48,2702.16,2733.58,2700.85,455862,536531805.37,1.21,0.19,5.24,0.47,32.73000000000002
2023-10-26,000002,2691.68,2685.14,2700.85,2675.98,427223,493674466.01,0.92,-0.63,-17.02,0.44,24.86999999999989
2023-10-27,000002,2679.9,2692.99,2695.61,2670.74,691659,801119737.89,0.93,0.29,7.85,0.71,24.870000000000346
2023-10-30,000002,2683.83,2689.07,2702.16,2675.98,720614,834401751.0,0.97,-0.15,-3.92,0.74,26.179999999999836
2023-10-31,000002,2683.83,2653.72,2696.92,2639.32,1179877,1342633495.68,2.14,-1.31,-35.35,1.21,57.59999999999991
2023-11-01,000002,2652.41,2655.03,2666.81,2645.87,666932,757108091.81,0.79,0.05,1.31,0.69,20.940000000000055
2023-11-02,000002,2655.03,2639.32,2666.81,2639.32,594029,672393759.12,1.04,-0.59,-15.71,0.61,27.48999999999978
2023-11-03,000002,2641.94,2645.87,2647.18,2619.68,829991,929764546.26,1.04,0.25,6.55,0.85,27.5
2023-11-06,000002,2675.98,2737.5,2750.59,2665.5,1950903,2301447458.34,3.22,3.46,91.63,2.01,85.09000000000015
2023-11-07,000002,2767.61,2732.27,2767.61,2723.1,1610167,1935443868.9,1.63,-0.19,-5.23,1.66,44.51000000000022
2023-11-08,000002,2719.18,2758.45,2776.78,2715.25,1345098,1628017674.56,2.25,0.96,26.18,1.38,61.5300000000002
2023-11-09,000002,2754.52,2736.19,2761.07,2729.65,814956,978437341.06,1.14,-0.81,-22.26,0.84,31.420000000000073
2023-11-10,000002,2729.65,2727.03,2733.58,2707.39,706796,835318637.59,0.96,-0.33,-9.16,0.73,26.190000000000055
2023-11-13,000002,2719.18,2704.78,2724.41,2691.68,673656,788733366.38,1.2,-0.82,-22.25,0.69,32.73000000000002
2023-11-14,000002,2704.78,2712.63,2720.48,2699.54,610994,717964247.36,0.77,0.29,7.85,0.63,20.940000000000055
2023-11-15,000002,2740.12,2727.03,2751.9,2725.72,950347,1137288346.46,0.97,0.53,14.4,0.98,26.18000000000029
2023-11-16,000002,2721.79,2715.25,2727.03,2702.16,622641,734010177.08,0.91,-0.43,-11.78,0.64,24.870000000000346
2023-11-17,000002,2706.08,2691.68,2715.25,2683.83,639118,743393458.07,1.16,-0.87,-23.57,0.66,31.420000000000073
2023-11-20,000002,2703.47,2685.14,2707.39,2682.52,574482,666897105.6,0.92,-0.24,-6.54,0.59,24.86999999999989
2023-11-21,000002,2713.94,2730.96,2767.61,2708.7,2015481,2425684207.41,2.19,1.71,45.82,2.07,58.91000000000031
2023-11-22,000002,2721.79,2720.48,2767.61,2717.87,1253116,1504457957.98,1.82,-0.38,-10.48,1.29,49.74000000000024
2023-11-23,000002,2723.1,2763.68,2779.39,2713.94,1539924,1864830412.75,2.41,1.59,43.2,1.58,65.44999999999982
2023-11-24,000002,2766.3,2757.14,2780.7,2751.9,1072202,1306244381.55,1.04,-0.24,-6.54,1.1,28.799999999999727
2023-11-27,000002,2749.28,2715.25,2749.28,2696.92,993329,1175277162.49,1.9,-1.52,-41.89,1.02,52.36000000000013
2023-11-28,000002,2715.25,2708.7,2725.72,2702.16,486662,572670875.78,0.87,-0.24,-6.55,0.5,23.559999999999945
2023-11-29,000002,2708.7,2670.74,2712.63,2665.5,788297,909376431.88,1.74,-1.4,-37.96,0.81,47.13000000000011
2023-11-30,000002,2664.19,2668.12,2682.52,2662.88,388316,445595911.33,0.74,-0.1,-2.62,0.4,19.639999999999873
2023-12-01,000002,2668.12,2662.88,2679.9,2647.18,665403,757220170.48,1.23,-0.2,-5.24,0.68,32.720000000000255
2023-12-04,000002,2656.34,2634.08,2662.88,2631.47,700534,786401468.3,1.18,-1.08,-28.8,0.72,31.41000000000031
2023-12-05,000002,2631.47,2583.03,2631.47,2581.72,950086,1038468876.34,1.89,-1.94,-51.05,0.98,49.75
2023-12-06,000002,2583.03,2590.88,2601.36,2566.01,617635,667358267.77,1.37,0.3,7.85,0.64,35.34999999999991
2023-12-07,000002,2581.72,2597.43,2603.97,2577.79,454351,493444986.11,1.01,0.25,6.55,0.47,26.179999999999836
2023-12-08,000002,2593.5,2581.72,2596.12,2576.48,493011,532459094.23,0.76,-0.6,-15.71,0.51,19.639999999999873
2023-12-11,000002,2568.63,2562.08,2568.63,2535.9,819722,863644979.63,1.27,-0.76,-19.64,0.84,32.73000000000002
2023-12-12,000002,2585.65,2611.83,2622.3,2568.63,1140691,1243910063.22,2.09,1.94,49.75,1.17,53.67000000000007
2023-12-13,000002,2590.88,2563.39,2590.88,2560.77,865832,927587527.67,1.15,-1.85,-48.44,0.89,30.110000000000127
2023-12-14,000002,2567.32,2545.07,2580.41,2541.14,611202,647778487.77,1.53,-0.71,-18.32,0.63,39.26999999999998
2023-12-15,000002,2562.08,2563.39,2585.65,2558.16,884465,946999075.79,1.08,0.72,18.32,0.91,27.490000000000236
2023-12-18,000002,2552.92,2550.3,2579.1,2531.97,585930,621401680.51,1.84,-0.51,-13.09,0.6,47.13000000000011
2023-12-19,000002,2546.37,2529.36,2550.3,2517.57,597440,620990195.72,1.28,-0.82,-20.94,0.61,32.73000000000002
2023-12-20,000002,2526.74,2513.65,2535.9,2512.34,493585,509750753.19,0.93,-0.62,-15.71,0.51,23.559999999999945
2023-12-21,000002,2505.79,2534.59,2537.21,2503.17,552841,572843004.72,1.35,0.83,20.94,0.57,34.039999999999964
2023-12-22,000002,2531.97,2529.36,2545.07,2520.19,470699,489190059.8,0.98,-0.21,-5.23,0.48,24.88000000000011
2023-12-25,000002,2524.12,2518.88,2529.36,2516.27,273205,281790700.15,0.52,-0.41,-10.48,0.28,13.090000000000146
2023-12-26,000002,2518.88,2501.87,2522.81,2497.94,351023,357361333.12,0.99,-0.68,-17.01,0.36,24.86999999999989
2023-12-27,000002,2501.87,2501.87,2512.34,2491.39,343638,348965491.5,0.84,0.0,0.0,0.35,20.950000000000273
2023-12-28,000002,2499.25,2547.68,2552.92,2492.7,789808,821641064.39,2.41,1.83,45.81,0.81,60.220000000000255
2023-12-29,000002,2542.45,2539.83,2556.85,2530.67,614078,642736575.28,1.03,-0.31,-7.85,0.63,26.179999999999836
