date,open,true_price,predicted_price,cummax,drawdown,signal,position,cash,total,returns
2020-03-11,5.65,5.6,5.617222907543183,5.6,0.0,1,0.0,1000000.0,1000000.0,
2020-03-12,5.56,5.559999999999999,5.5692570978403095,5.6,0.007142857142857308,1,179856.11510791368,999000.0,1999000.0,0.9990000000000001
2020-03-13,5.46,5.49,5.530206012129784,5.6,0.019642857142857042,1,179856.11510791368,1000000.0,1982014.3884892086,-0.008497054282536998
2020-03-16,5.51,5.43,5.505871670842171,5.6,0.030357142857142846,1,179856.11510791368,1000000.0,1991007.1942446043,0.00453720508166966
2020-03-17,5.4,5.409999999999999,5.489854088574648,5.6,0.0339285714285715,1,179856.11510791368,1000000.0,1971223.0215827338,-0.009936766034327027
2020-03-18,5.43,5.34,5.449023524820805,5.6,0.046428571428571395,1,179856.11510791368,1000000.0,1976618.7050359712,0.0027372262773721623
2020-03-19,5.33,5.28,5.413806690424681,5.6,0.05714285714285704,1,179856.11510791368,1000000.0,1958633.09352518,-0.009099181073703333
2020-03-20,5.3,5.32,5.398204414695502,5.6,0.04999999999999989,1,179856.11510791368,1000000.0,1953237.4100719425,-0.0027548209366391463
2020-03-23,5.2700000000000005,5.23,5.349322161227465,5.6,0.06607142857142843,1,179856.11510791368,1000000.0,1947841.7266187053,-0.0027624309392263457
2020-03-24,5.279999999999999,5.26,5.3084034869074825,5.6,0.06071428571428569,1,179856.11510791368,1000000.0,1949640.2877697842,0.0009233610341641274
2020-03-25,5.3,5.3,5.284525489956141,5.6,0.05357142857142854,1,179856.11510791368,1000000.0,1953237.4100719425,0.0018450184501845879
2020-03-26,5.279999999999999,5.26,5.254162012189627,5.6,0.06071428571428569,1,179856.11510791368,1000000.0,1949640.2877697842,-0.0018416206261510082
2020-03-27,5.2700000000000005,5.27,5.234122356921435,5.6,0.05892857142857145,1,179856.11510791368,1000000.0,1947841.7266187053,-0.0009225092250921829
2020-03-30,5.25,5.21,5.247998396456242,5.6,0.06964285714285709,1,179856.11510791368,1000000.0,1944244.6043165468,-0.00184672206832881
2020-03-31,5.23,5.21,5.209482947885991,5.6,0.06964285714285709,1,179856.11510791368,1000000.0,1940647.4820143888,-0.0018501387604069608
2020-04-01,5.2,5.17,5.144803824424744,5.6,0.07678571428571423,1,179856.11510791368,1000000.0,1935251.7985611511,-0.002780352177942702
2020-04-02,5.15,5.22,5.1306090378761295,5.6,0.06785714285714284,1,179856.11510791368,1000000.0,1926258.9928057555,-0.004646840148698872
2020-04-03,5.2,5.17,5.141583094894886,5.6,0.07678571428571423,1,179856.11510791368,1000000.0,1935251.7985611511,0.00466853408029877
2020-04-07,5.2,5.22,5.138695495724678,5.6,0.06785714285714284,1,179856.11510791368,1000000.0,1935251.7985611511,0.0
2020-04-08,5.21,5.22,5.152143857032061,5.6,0.06785714285714284,1,179856.11510791368,1000000.0,1937050.3597122303,0.0009293680297397522
2020-04-09,5.24,5.22,5.187433714568615,5.6,0.06785714285714284,1,179856.11510791368,1000000.0,1942446.0431654677,0.0027855153203342198
2020-04-10,5.24,5.18,5.213521818220616,5.6,0.075,1,179856.11510791368,1000000.0,1942446.0431654677,0.0
2020-04-13,5.17,5.16,5.206054246574641,5.6,0.07857142857142849,1,179856.11510791368,1000000.0,1929856.1151079137,-0.0064814814814814214
2020-04-14,5.18,5.2,5.183088401854039,5.6,0.07142857142857134,1,179856.11510791368,1000000.0,1931654.6762589929,0.0009319664492077884
2020-04-15,5.2,5.16,5.197723137736321,5.6,0.07857142857142849,1,179856.11510791368,1000000.0,1935251.7985611511,0.0018621973929235924
2020-04-16,5.16,5.16,5.159949923455716,5.6,0.07857142857142849,1,179856.11510791368,1000000.0,1928057.5539568346,-0.0037174721189591198
2020-04-17,5.17,5.17,5.11461321502924,5.6,0.07678571428571423,1,179856.11510791368,1000000.0,1929856.1151079137,0.000932835820895539
2020-04-20,5.17,5.16,5.112572556883097,5.6,0.07857142857142849,1,179856.11510791368,1000000.0,1929856.1151079137,0.0
2020-04-21,5.15,5.099999999999999,5.116766894757748,5.6,0.08928571428571445,1,179856.11510791368,1000000.0,1926258.9928057555,-0.0018639328984156878
2020-04-22,5.07,5.11,5.106434556245804,5.6,0.08749999999999988,1,179856.11510791368,1000000.0,1911870.5035971224,-0.007469654528478031
2020-04-23,5.11,5.08,5.076677592992783,5.6,0.09285714285714279,1,179856.11510791368,1000000.0,1919064.748201439,0.0037629350893697566
2020-04-24,5.07,5.07,5.027084822356701,5.6,0.09464285714285703,1,179856.11510791368,1000000.0,1911870.5035971224,-0.0037488284910964786
2020-04-27,5.05,5.06,4.978751415908337,5.6,0.09642857142857145,1,179856.11510791368,1000000.0,1908273.3812949639,-0.0018814675446849893
2020-04-28,5.06,4.98,4.920066694319249,5.6,0.11071428571428558,1,179856.11510791368,1000000.0,1910071.9424460432,0.0009425070688031667
2020-04-29,4.97,4.98,4.873926530182362,5.6,0.11071428571428558,1,179856.11510791368,1000000.0,1893884.8920863308,-0.008474576271186529
2020-04-30,5.0,5.04,4.85112507134676,5.6,0.09999999999999994,1,179856.11510791368,1000000.0,1899280.5755395684,0.002849002849002913
2020-05-06,5.0,5.049999999999999,4.891674439013005,5.6,0.09821428571428585,1,179856.11510791368,1000000.0,1899280.5755395684,0.0
2020-05-07,5.06,5.01,4.902445117533207,5.6,0.10535714285714284,1,179856.11510791368,1000000.0,1910071.9424460432,0.005681818181818121
2020-05-08,5.02,5.03,4.865489641726017,5.6,0.10178571428571419,1,179856.11510791368,1000000.0,1902877.6978417267,-0.0037664783427495685
2020-05-11,5.03,5.04,4.871323915719986,5.6,0.09999999999999994,1,179856.11510791368,1000000.0,1904676.2589928058,0.000945179584120881
2020-05-12,5.02,5.000000000000001,4.887522915899754,5.6,0.10714285714285693,1,179856.11510791368,1000000.0,1902877.6978417267,-0.0009442870632672129
2020-05-13,5.0,4.99,4.872900652289391,5.6,0.10892857142857133,1,179856.11510791368,1000000.0,1899280.5755395684,-0.001890359168241984
2020-05-14,4.980000000000001,4.98,4.858140925467015,5.6,0.11071428571428558,1,179856.11510791368,1000000.0,1895683.4532374104,-0.0018939393939392257
2020-05-15,4.99,4.97,4.873444738388062,5.6,0.11249999999999999,1,179856.11510791368,1000000.0,1897482.0143884893,0.000948766603415363
2020-05-18,4.97,4.99,4.865808757543564,5.6,0.10892857142857133,1,179856.11510791368,1000000.0,1893884.8920863308,-0.0018957345971565287
2020-05-19,5.0,5.03,4.89230207592249,5.6,0.10178571428571419,1,179856.11510791368,1000000.0,1899280.5755395684,0.002849002849002913
2020-05-20,5.03,5.02,4.881666714847088,5.6,0.10357142857142859,1,179856.11510791368,1000000.0,1904676.2589928058,0.0028409090909091717
2020-05-21,5.02,4.97,4.896817843019963,5.6,0.11249999999999999,1,179856.11510791368,1000000.0,1902877.6978417267,-0.0009442870632672129
2020-05-22,4.980000000000001,4.91,4.912876764833928,5.6,0.12321428571428564,1,179856.11510791368,1000000.0,1895683.4532374104,-0.003780718336483857
2020-05-25,4.91,4.92,4.8940750160813336,5.6,0.12142857142857139,1,179856.11510791368,1000000.0,1883093.5251798562,-0.006641366223908984
2020-05-26,4.929999999999999,4.950000000000001,4.832316013574601,5.6,0.11607142857142833,1,179856.11510791368,1000000.0,1886690.6474820143,0.0019102196752625034
2020-05-27,4.960000000000001,5.049999999999999,4.837851020097733,5.6,0.09821428571428585,1,179856.11510791368,1000000.0,1892086.330935252,0.0028598665395616063
2020-05-28,5.06,5.06,4.891056726276875,5.6,0.09642857142857145,1,179856.11510791368,1000000.0,1910071.9424460432,0.009505703422053147
2020-05-29,5.06,5.01,4.934134210050106,5.6,0.10535714285714284,1,179856.11510791368,1000000.0,1910071.9424460432,0.0
2020-06-01,5.0,5.049999999999999,4.943552451729775,5.6,0.09821428571428585,1,179856.11510791368,1000000.0,1899280.5755395684,-0.005649717514124242
2020-06-02,5.05,5.08,4.956686826944352,5.6,0.09285714285714279,1,179856.11510791368,1000000.0,1908273.3812949639,0.004734848484848397
2020-06-03,5.08,5.09,5.0179451280832295,5.6,0.09107142857142854,1,179856.11510791368,1000000.0,1913669.0647482015,0.002827521206409278
2020-06-04,5.1,5.07,5.075248243808747,5.6,0.09464285714285703,1,179856.11510791368,1000000.0,1917266.1870503598,0.001879699248120259
2020-06-05,5.08,5.049999999999999,5.086072901785374,5.6,0.09821428571428585,1,179856.11510791368,1000000.0,1913669.0647482015,-0.0018761726078799779
2020-06-08,5.06,5.06,5.095139237642289,5.6,0.09642857142857145,1,179856.11510791368,1000000.0,1910071.9424460432,-0.001879699248120259
2020-06-09,5.07,5.08,5.0717804828286175,5.6,0.09285714285714279,1,179856.11510791368,1000000.0,1911870.5035971224,0.0009416195856872811
2020-06-10,5.05,5.049999999999999,5.078091251254082,5.6,0.09821428571428585,1,179856.11510791368,1000000.0,1908273.3812949639,-0.0018814675446849893
2020-06-11,5.04,5.000000000000001,5.106127912700177,5.6,0.10714285714285693,1,179856.11510791368,1000000.0,1906474.820143885,-0.0009425070688029447
2020-06-12,4.980000000000001,4.97,5.124683300554753,5.6,0.11249999999999999,1,179856.11510791368,1000000.0,1895683.4532374104,-0.005660377358490454
2020-06-15,4.949999999999999,4.950000000000001,5.122470746338368,5.6,0.11607142857142833,1,179856.11510791368,1000000.0,1890287.7697841725,-0.002846299810246977
2020-06-16,4.97,4.99,5.1122279936075214,5.6,0.10892857142857133,1,179856.11510791368,1000000.0,1893884.8920863308,0.0019029495718363432
2020-06-17,5.0,5.049999999999999,5.084827082753182,5.6,0.09821428571428585,1,179856.11510791368,1000000.0,1899280.5755395684,0.002849002849002913
2020-06-18,5.04,5.15,5.076649060994387,5.6,0.08035714285714274,1,179856.11510791368,1000000.0,1906474.820143885,0.0037878787878786735
2020-06-19,5.15,5.11,5.146454522907734,5.6,0.08749999999999988,1,179856.11510791368,1000000.0,1926258.9928057555,0.01037735849056598
2020-06-22,5.12,5.09,5.173707576990128,5.6,0.09107142857142854,1,179856.11510791368,1000000.0,1920863.309352518,-0.0028011204481792618
2020-06-23,5.09,5.07,5.179672273397446,5.6,0.09464285714285703,1,179856.11510791368,1000000.0,1915467.6258992804,-0.002808988764045117
2020-06-24,5.08,5.07,5.170887401849032,5.6,0.09464285714285703,1,179856.11510791368,1000000.0,1913669.0647482015,-0.0009389671361501595
2020-06-29,5.06,4.99,5.164947884678841,5.6,0.10892857142857133,1,179856.11510791368,1000000.0,1910071.9424460432,-0.001879699248120259
2020-06-30,5.02,5.02,5.177735584378243,5.6,0.10357142857142859,1,179856.11510791368,1000000.0,1902877.6978417267,-0.0037664783427495685
2020-07-01,5.02,5.11,5.145591756850481,5.6,0.08749999999999988,1,179856.11510791368,1000000.0,1902877.6978417267,0.0
2020-07-02,5.1,5.21,5.183713758885861,5.6,0.06964285714285709,1,179856.11510791368,1000000.0,1917266.1870503598,0.007561436672967936
2020-07-03,5.23,5.35,5.230331691503525,5.6,0.044642857142857144,1,179856.11510791368,1000000.0,1940647.4820143888,0.012195121951219523
2020-07-06,5.42,5.67,5.295101775377989,5.67,0.0,1,179856.11510791368,1000000.0,1974820.143884892,0.017608897126969225
2020-07-07,5.75,5.57,5.401207784712315,5.67,0.017636684303350907,1,179856.11510791368,1000000.0,2034172.6618705038,0.030054644808743314
2020-07-08,5.55,5.65,5.478173235952855,5.67,0.0035273368606701188,1,179856.11510791368,1000000.0,1998201.4388489209,-0.017683465959328126
2020-07-09,5.68,5.74,5.485690327882767,5.74,0.0,1,179856.11510791368,1000000.0,2021582.7338129496,0.011701170117011772
2020-07-10,5.7,5.57,5.511450464427472,5.74,0.029616724738675944,1,179856.11510791368,1000000.0,2025179.856115108,0.001779359430605032
2020-07-13,5.57,5.65,5.470067197978497,5.74,0.015679442508710777,1,179856.11510791368,1000000.0,2001798.5611510794,-0.011545293072824037
2020-07-14,5.66,5.63,5.4581786417961125,5.74,0.019163763066202145,1,179856.11510791368,1000000.0,2017985.6115107914,0.008086253369272045
2020-07-15,5.67,5.53,5.460415335893631,5.74,0.03658536585365853,1,179856.11510791368,1000000.0,2019784.1726618705,0.0008912655971480277
2020-07-16,5.52,5.44,5.452200735509396,5.74,0.052264808362369304,1,179856.11510791368,1000000.0,1992805.7553956835,-0.013357079252003579
2020-07-17,5.43,5.38,5.427372130155564,5.74,0.06271777003484326,1,179856.11510791368,1000000.0,1976618.7050359712,-0.008122743682310474
2020-07-20,5.4,5.55,5.393391693532467,5.74,0.033101045296167315,1,179856.11510791368,1000000.0,1971223.0215827338,-0.0027297543221109777
2020-07-21,5.55,5.52,5.404502006769181,5.74,0.03832752613240429,1,179856.11510791368,1000000.0,1998201.4388489209,0.013686131386861256
2020-07-22,5.49,5.509999999999999,5.422566483318806,5.74,0.04006968641115005,1,179856.11510791368,1000000.0,1987410.0719424463,-0.005400540054005254
2020-07-23,5.47,5.57,5.41908440604806,5.74,0.029616724738675944,1,179856.11510791368,1000000.0,1983812.9496402878,-0.0018099547511313263
2020-07-24,5.55,5.42,5.4318356947600845,5.74,0.055749128919860676,1,179856.11510791368,1000000.0,1998201.4388489209,0.0072529465095194645
2020-07-27,5.46,5.42,5.394407446086407,5.74,0.055749128919860676,1,179856.11510791368,1000000.0,1982014.3884892086,-0.008100810081008047
2020-07-28,5.46,5.459999999999999,5.33394847676158,5.74,0.048780487804878245,1,179856.11510791368,1000000.0,1982014.3884892086,0.0
2020-07-29,5.43,5.5,5.348425029367209,5.74,0.04181184668989551,1,179856.11510791368,1000000.0,1976618.7050359712,-0.0027223230490017736
2020-07-30,5.52,5.509999999999999,5.382562945187092,5.74,0.04006968641115005,1,179856.11510791368,1000000.0,1992805.7553956835,0.008189262966332933
2020-07-31,5.5,5.48,5.394825837165118,5.74,0.04529616724738672,1,179856.11510791368,1000000.0,1989208.6330935252,-0.0018050541516245744
2020-08-03,5.48,5.509999999999999,5.428225810229779,5.74,0.04006968641115005,1,179856.11510791368,1000000.0,1985611.510791367,-0.001808318264014508
2020-08-04,5.52,5.5,5.449931989014149,5.74,0.04181184668989551,1,179856.11510791368,1000000.0,1992805.7553956835,0.0036231884057971175
2020-08-05,5.51,5.459999999999999,5.458269736319781,5.74,0.048780487804878245,1,179856.11510791368,1000000.0,1991007.1942446043,-0.0009025270758122872
2020-08-06,5.47,5.459999999999999,5.454278508722783,5.74,0.048780487804878245,1,179856.11510791368,1000000.0,1983812.9496402878,-0.0036133694670279493
2020-08-07,5.46,5.4,5.442665583044291,5.74,0.05923344947735189,1,179856.11510791368,1000000.0,1982014.3884892086,-0.0009066183136899886
2020-08-10,5.39,5.45,5.433038229644299,5.74,0.050522648083623695,1,179856.11510791368,1000000.0,1969424.4604316547,-0.006352087114337546
2020-08-11,5.46,5.409999999999999,5.430160152316094,5.74,0.05749128919860644,1,179856.11510791368,1000000.0,1982014.3884892086,0.006392694063926951
2020-08-12,5.4,5.4,5.448978094905615,5.74,0.05923344947735189,1,179856.11510791368,1000000.0,1971223.0215827338,-0.005444646098003658
2020-08-13,5.41,5.44,5.465401361286641,5.74,0.052264808362369304,1,179856.11510791368,1000000.0,1973021.582733813,0.0009124087591241281
2020-08-14,5.42,5.45,5.459209247082472,5.74,0.050522648083623695,1,179856.11510791368,1000000.0,1974820.143884892,0.0009115770282588365
2020-08-17,5.45,5.52,5.458091268837452,5.74,0.03832752613240429,1,179856.11510791368,1000000.0,1980215.8273381295,0.002732240437158362
2020-08-18,5.54,5.57,5.480416099131108,5.74,0.029616724738675944,1,179856.11510791368,1000000.0,1996402.8776978417,0.008174386920980936
2020-08-19,5.58,5.559999999999999,5.517277429401875,5.74,0.03135888501742186,1,179856.11510791368,1000000.0,2003597.1223021583,0.003603603603603567
2020-08-20,5.54,5.47,5.529323364198208,5.74,0.04703832752613248,1,179856.11510791368,1000000.0,1996402.8776978417,-0.0035906642728904536
2020-08-21,5.5,5.48,5.518443586826325,5.74,0.04529616724738672,1,179856.11510791368,1000000.0,1989208.6330935252,-0.003603603603603567
2020-08-24,5.45,5.47,5.495098578333855,5.74,0.04703832752613248,1,179856.11510791368,1000000.0,1980215.8273381295,-0.004520795660036159
2020-08-25,5.47,5.42,5.488148069530726,5.74,0.055749128919860676,1,179856.11510791368,1000000.0,1983812.9496402878,0.0018165304268846771
2020-08-26,5.42,5.4,5.485595914125443,5.74,0.05923344947735189,1,179856.11510791368,1000000.0,1974820.143884892,-0.004533091568449721
2020-08-27,5.41,5.409999999999999,5.475673651844264,5.74,0.05749128919860644,1,179856.11510791368,1000000.0,1973021.582733813,-0.0009107468123861207
2020-08-28,5.4,5.459999999999999,5.45726819947362,5.74,0.048780487804878245,1,179856.11510791368,1000000.0,1971223.0215827338,-0.0009115770282588365
2020-08-31,5.46,5.44,5.45794408261776,5.74,0.052264808362369304,1,179856.11510791368,1000000.0,1982014.3884892086,0.005474452554744547
2020-09-01,5.42,5.459999999999999,5.462633790969849,5.74,0.048780487804878245,1,179856.11510791368,1000000.0,1974820.143884892,-0.003629764065335772
2020-09-02,5.48,5.45,5.450999508202076,5.74,0.050522648083623695,1,179856.11510791368,1000000.0,1985611.510791367,0.005464480874316946
2020-09-03,5.45,5.459999999999999,5.4510674351453785,5.74,0.048780487804878245,1,179856.11510791368,1000000.0,1980215.8273381295,-0.0027173913043477826
2020-09-04,5.42,5.44,5.466655495166779,5.74,0.052264808362369304,1,179856.11510791368,1000000.0,1974820.143884892,-0.0027247956403270157
2020-09-07,5.45,5.4,5.459742168486119,5.74,0.05923344947735189,1,179856.11510791368,1000000.0,1980215.8273381295,0.002732240437158362
2020-09-08,5.38,5.49,5.42697653785348,5.74,0.04355400696864111,1,179856.11510791368,1000000.0,1967625.8992805756,-0.006357856494096259
2020-09-09,5.45,5.5,5.448449666202069,5.74,0.04181184668989551,1,179856.11510791368,1000000.0,1980215.8273381295,0.006398537477148025
2020-09-10,5.53,5.47,5.519193398356438,5.74,0.04703832752613248,1,179856.11510791368,1000000.0,1994604.3165467628,0.0072661217075387086
2020-09-11,5.47,5.409999999999999,5.533248911201954,5.74,0.05749128919860644,1,179856.11510791368,1000000.0,1983812.9496402878,-0.0054102795311091745
2020-09-14,5.42,5.409999999999999,5.4898341396451,5.74,0.05749128919860644,1,179856.11510791368,1000000.0,1974820.143884892,-0.004533091568449721
2020-09-15,5.4,5.4,5.448682884275914,5.74,0.05923344947735189,1,179856.11510791368,1000000.0,1971223.0215827338,-0.0018214936247723523
2020-09-16,5.39,5.42,5.434330517947674,5.74,0.055749128919860676,1,179856.11510791368,1000000.0,1969424.4604316547,-0.0009124087591241281
2020-09-17,5.42,5.4,5.422118755578995,5.74,0.05923344947735189,1,179856.11510791368,1000000.0,1974820.143884892,0.00273972602739736
2020-09-18,5.4,5.48,5.425914383083582,5.74,0.04529616724738672,1,179856.11510791368,1000000.0,1971223.0215827338,-0.0018214936247723523
2020-09-21,5.49,5.48,5.444390310496092,5.74,0.04529616724738672,1,179856.11510791368,1000000.0,1987410.0719424463,0.008211678832116931
2020-09-22,5.45,5.39,5.450864324867726,5.74,0.06097560975609765,1,179856.11510791368,1000000.0,1980215.8273381295,-0.0036199095022625416
2020-09-23,5.4,5.35,5.454255408197642,5.74,0.06794425087108023,1,179856.11510791368,1000000.0,1971223.0215827338,-0.004541326067211582
2020-09-24,5.34,5.27,5.421088183820248,5.74,0.0818815331010454,1,179856.11510791368,1000000.0,1960431.654676259,-0.005474452554744547
2020-09-25,5.290000000000001,5.28,5.378492123037577,5.74,0.08013937282229965,1,179856.11510791368,1000000.0,1951438.8489208636,-0.004587155963302614
2020-09-28,5.3,5.34,5.344438428580761,5.74,0.06968641114982585,1,179856.11510791368,1000000.0,1953237.4100719425,0.0009216589861749114
2020-09-29,5.35,5.32,5.357161285877228,5.74,0.07317073170731705,1,179856.11510791368,1000000.0,1962230.215827338,0.004604051565377354
2020-09-30,5.31,5.28,5.341811540126801,5.74,0.08013937282229965,1,179856.11510791368,1000000.0,1955035.9712230214,-0.0036663611365719273
2020-10-09,5.31,5.34,5.326080585420132,5.74,0.06968641114982585,1,179856.11510791368,1000000.0,1955035.9712230214,0.0
2020-10-12,5.35,5.42,5.344857456684113,5.74,0.055749128919860676,1,179856.11510791368,1000000.0,1962230.215827338,0.0036798528058876734
2020-10-13,5.43,5.409999999999999,5.375994450002909,5.74,0.05749128919860644,1,179856.11510791368,1000000.0,1976618.7050359712,0.007332722273144077
2020-10-14,5.4,5.409999999999999,5.383833071738482,5.74,0.05749128919860644,1,179856.11510791368,1000000.0,1971223.0215827338,-0.0027297543221109777
2020-10-15,5.39,5.459999999999999,5.386071274578572,5.74,0.048780487804878245,1,179856.11510791368,1000000.0,1969424.4604316547,-0.0009124087591241281
2020-10-16,5.46,5.53,5.415557703524828,5.74,0.03658536585365853,1,179856.11510791368,1000000.0,1982014.3884892086,0.006392694063926951
2020-10-19,5.53,5.43,5.452384064495564,5.74,0.054006968641115066,1,179856.11510791368,1000000.0,1994604.3165467628,0.006352087114337657
2020-10-20,5.41,5.42,5.454957074075938,5.74,0.055749128919860676,1,179856.11510791368,1000000.0,1973021.582733813,-0.010820559062218349
2020-10-21,5.43,5.42,5.419959309101105,5.74,0.055749128919860676,1,179856.11510791368,1000000.0,1976618.7050359712,0.001823154056517673
2020-10-22,5.42,5.42,5.411787188202143,5.74,0.055749128919860676,1,179856.11510791368,1000000.0,1974820.143884892,-0.0009099181073702889
2020-10-23,5.41,5.4,5.396098377704621,5.74,0.05923344947735189,1,179856.11510791368,1000000.0,1973021.582733813,-0.0009107468123861207
2020-10-26,5.39,5.359999999999999,5.388618635535241,5.74,0.06620209059233463,1,179856.11510791368,1000000.0,1969424.4604316547,-0.001823154056517784
2020-10-27,5.34,5.32,5.366567524671555,5.74,0.07317073170731705,1,179856.11510791368,1000000.0,1960431.654676259,-0.004566210045662045
2020-10-28,5.32,5.33,5.3463860476017,5.74,0.07142857142857145,1,179856.11510791368,1000000.0,1956834.5323741008,-0.0018348623853210455
2020-10-29,5.3,5.31,5.330197407454253,5.74,0.07491289198606282,1,179856.11510791368,1000000.0,1953237.4100719425,-0.0018382352941176405
2020-10-30,5.32,5.28,5.322215756922961,5.74,0.08013937282229965,1,179856.11510791368,1000000.0,1956834.5323741008,0.0018416206261511192
2020-11-02,5.279999999999999,5.29,5.316138977706433,5.74,0.07839721254355403,1,179856.11510791368,1000000.0,1949640.2877697842,-0.003676470588235281
2020-11-03,5.290000000000001,5.42,5.280428650379181,5.74,0.055749128919860676,1,179856.11510791368,1000000.0,1951438.8489208636,0.000922509225092405
2020-11-04,5.42,5.37,5.344101610183716,5.74,0.06445993031358886,1,179856.11510791368,1000000.0,1974820.143884892,0.01198156682027629
2020-11-05,5.38,5.4,5.355648184716702,5.74,0.05923344947735189,1,179856.11510791368,1000000.0,1967625.8992805756,-0.0036429872495445936
2020-11-06,5.41,5.459999999999999,5.334000913947821,5.74,0.048780487804878245,1,179856.11510791368,1000000.0,1973021.582733813,0.002742230347349217
2020-11-09,5.49,5.509999999999999,5.370033776909113,5.74,0.04006968641115005,1,179856.11510791368,1000000.0,1987410.0719424463,0.007292616226071136
2020-11-10,5.6000000000000005,5.49,5.430567345172167,5.74,0.04355400696864111,1,179856.11510791368,1000000.0,2007194.2446043165,0.009954751131221684
2020-11-11,5.49,5.55,5.4434996494650845,5.74,0.033101045296167315,1,179856.11510791368,1000000.0,1987410.0719424463,-0.009856630824372603
2020-11-12,5.56,5.54,5.472217256724835,5.74,0.034843205574912925,1,179856.11510791368,1000000.0,2000000.0,0.0063348416289592535
2020-11-13,5.55,5.49,5.463098953068257,5.74,0.04355400696864111,1,179856.11510791368,1000000.0,1998201.4388489209,-0.0008992805755395628
2020-11-16,5.51,5.64,5.4521775008738045,5.74,0.01742160278745654,1,179856.11510791368,1000000.0,1991007.1942446043,-0.0036003600360036137
2020-11-17,5.65,5.59,5.50975443661213,5.74,0.02613240418118473,1,179856.11510791368,1000000.0,2016187.0503597124,0.012646793134598155
2020-11-18,5.589999999999999,5.62,5.533123853206635,5.74,0.020905923344947754,1,179856.11510791368,1000000.0,2005395.6834532372,-0.005352363960749562
2020-11-19,5.609999999999999,5.58,5.523845488727093,5.74,0.027874564459930338,1,179856.11510791368,1000000.0,2008992.8057553957,0.0017937219730943532
2020-11-20,5.58,5.63,5.523251111209393,5.74,0.019163763066202145,1,179856.11510791368,1000000.0,2003597.1223021583,-0.0026857654431512445
2020-11-23,5.65,5.84,5.532849329113961,5.84,0.0,1,179856.11510791368,1000000.0,2016187.0503597124,0.006283662477558405
2020-11-24,5.82,5.819999999999999,5.655535111725331,5.84,0.0034246575342466545,1,179856.11510791368,1000000.0,2046762.5899280575,0.015165031222122982
2020-11-25,5.86,5.78,5.675151916742325,5.84,0.01027397260273966,1,179856.11510791368,1000000.0,2053956.8345323743,0.0035149384885766466
2020-11-26,5.8,5.73,5.711326199173928,5.84,0.018835616438356066,1,179856.11510791368,1000000.0,2043165.4676258992,-0.005253940455341666
2020-11-27,5.75,5.79,5.660916494727135,5.84,0.008561643835616408,1,179856.11510791368,1000000.0,2034172.6618705038,-0.004401408450704136
2020-11-30,5.81,5.8,5.629945161342621,5.84,0.006849315068493157,1,179856.11510791368,1000000.0,2044964.0287769784,0.0053050397877982824
2020-12-01,5.81,5.81,5.687764065861702,5.84,0.005136986301369906,1,179856.11510791368,1000000.0,2044964.0287769784,0.0
2020-12-02,5.81,5.93,5.6837328398227696,5.93,0.0,1,179856.11510791368,1000000.0,2044964.0287769784,0.0
2020-12-03,5.93,5.75,5.737916278243065,5.93,0.030354131534569936,1,179856.11510791368,1000000.0,2066546.762589928,0.01055408970976246
2020-12-04,5.77,5.75,5.75640199571848,5.93,0.030354131534569936,1,179856.11510791368,1000000.0,2037769.7841726618,-0.013925152306353383
2020-12-07,5.75,5.66,5.666084843277932,5.93,0.045531197301854905,1,179856.11510791368,1000000.0,2034172.6618705038,-0.001765225066195808
2020-12-08,5.65,5.62,5.642125474810601,5.93,0.052276559865092685,1,179856.11510791368,1000000.0,2016187.0503597124,-0.008841732979663952
2020-12-09,5.64,5.67,5.604730519056321,5.93,0.0438448566610455,1,179856.11510791368,1000000.0,2014388.489208633,-0.000892060660125038
2020-12-10,5.69,5.74,5.625167007148266,5.93,0.03204047217537934,1,179856.11510791368,1000000.0,2023381.294964029,0.0044642857142858094
2020-12-11,5.78,5.77,5.700305002331734,5.93,0.026981450252951122,1,179856.11510791368,1000000.0,2039568.345323741,0.007999999999999785
2020-12-14,5.66,5.509999999999999,5.717627781033516,5.93,0.07082630691399677,1,179856.11510791368,1000000.0,2017985.6115107914,-0.010582010582010581
2020-12-15,5.52,5.459999999999999,5.67982647061348,5.93,0.07925801011804395,1,179856.11510791368,1000000.0,1992805.7553956835,-0.012477718360071277
2020-12-16,5.49,5.459999999999999,5.594677867889405,5.93,0.07925801011804395,1,179856.11510791368,1000000.0,1987410.0719424463,-0.0027075812274367506
2020-12-17,5.46,5.67,5.566182481646538,5.93,0.0438448566610455,1,179856.11510791368,1000000.0,1982014.3884892086,-0.002714932126696934
2020-12-18,5.75,5.91,5.615691768527031,5.93,0.0033726812816188153,1,179856.11510791368,1000000.0,2034172.6618705038,0.026315789473684292
2020-12-21,5.93,5.9,5.744685637354851,5.93,0.005059021922428223,1,179856.11510791368,1000000.0,2066546.762589928,0.01591511936339507
2020-12-22,5.88,5.65,5.800542975366116,5.93,0.04721753794266431,1,179856.11510791368,1000000.0,2057553.9568345323,-0.00435161009573537
2020-12-23,5.67,5.75,5.781549918055535,5.93,0.030354131534569936,1,179856.11510791368,1000000.0,2019784.1726618705,-0.018356643356643332
2020-12-24,5.79,5.79,5.754293444156647,5.93,0.023608768971332156,1,179856.11510791368,1000000.0,2041366.9064748203,0.01068566340160304
2020-12-25,5.77,5.88,5.773656512200833,5.93,0.008431703204047188,1,179856.11510791368,1000000.0,2037769.7841726618,-0.0017621145374450142
2020-12-28,5.86,5.9,5.816026563346386,5.93,0.005059021922428223,1,179856.11510791368,1000000.0,2053956.8345323743,0.007943512797881747
2020-12-29,5.88,5.72,5.856802041232586,5.93,0.03541315345699831,1,179856.11510791368,1000000.0,2057553.9568345323,0.0017513134851137035
2020-12-30,5.68,5.84,5.8566842922568325,5.93,0.015177065767284968,1,179856.11510791368,1000000.0,2021582.7338129496,-0.0174825174825175
2020-12-31,5.81,5.8,5.851834120750428,5.93,0.02192242833052275,1,179856.11510791368,1000000.0,2044964.0287769784,0.011565836298932375
2021-01-04,5.78,5.77,5.849847475588322,5.93,0.026981450252951122,1,179856.11510791368,1000000.0,2039568.345323741,-0.0026385224274406704
2021-01-05,5.77,5.67,5.869390855133534,5.93,0.0438448566610455,1,179856.11510791368,1000000.0,2037769.7841726618,-0.0008818342151675207
2021-01-06,5.65,5.66,5.858683543801308,5.93,0.045531197301854905,1,179856.11510791368,1000000.0,2016187.0503597124,-0.010591350397175514
2021-01-07,5.64,6.09,5.796733098626137,6.09,0.0,1,179856.11510791368,1000000.0,2014388.489208633,-0.000892060660125038
2021-01-08,6.14,6.09,6.012272464632988,6.09,0.0,1,179856.11510791368,1000000.0,2104316.54676259,0.044642857142857206
2021-01-11,6.0,5.79,6.139514716863633,6.09,0.04926108374384234,1,179856.11510791368,1000000.0,2079136.690647482,-0.011965811965811923
2021-01-12,5.81,6.09,6.01650512456894,6.09,0.0,1,179856.11510791368,1000000.0,2044964.0287769784,-0.016435986159169524
2021-01-13,5.99,6.17,6.038048493266106,6.17,0.0,1,179856.11510791368,1000000.0,2077338.129496403,0.0158311345646438
2021-01-14,6.12,5.98,6.127936291098595,6.17,0.0307941653160453,1,179856.11510791368,1000000.0,2100719.4244604316,0.011255411255411074
2021-01-15,6.04,6.06,6.066834228634835,6.17,0.01782820097244738,1,179856.11510791368,1000000.0,2086330.9352517987,-0.006849315068493067
2021-01-18,6.04,5.98,6.073069291710854,6.17,0.0307941653160453,1,179856.11510791368,1000000.0,2086330.9352517987,0.0
2021-01-19,6.04,5.89,6.024665678441525,6.17,0.045380875202593235,1,179856.11510791368,1000000.0,2086330.9352517987,0.0
2021-01-20,5.85,5.81,6.016413527131081,6.17,0.0583468395461913,1,179856.11510791368,1000000.0,2052158.273381295,-0.016379310344827647
2021-01-21,5.79,5.85,5.948101552724839,6.17,0.051863857374392267,1,179856.11510791368,1000000.0,2041366.9064748203,-0.005258545135845671
2021-01-22,5.85,5.7,5.901589902639389,6.17,0.07617504051863853,1,179856.11510791368,1000000.0,2052158.273381295,0.00528634361233471
2021-01-25,5.65,5.73,5.869665312170983,6.17,0.07131280388978922,1,179856.11510791368,1000000.0,2016187.0503597124,-0.01752848378615235
2021-01-26,5.71,5.67,5.824460903704167,6.17,0.08103727714748785,1,179856.11510791368,1000000.0,2026978.4172661873,0.00535236396074934
2021-01-27,5.66,5.68,5.812062794864178,6.17,0.07941653160453813,1,179856.11510791368,1000000.0,2017985.6115107914,-0.004436557231588423
2021-01-28,5.63,5.509999999999999,5.754897611737252,6.17,0.10696920583468413,1,179856.11510791368,1000000.0,2012589.928057554,-0.002673796791443861
2021-01-29,5.53,5.38,5.69301817804575,6.17,0.1280388978930308,1,179856.11510791368,1000000.0,1994604.3165467628,-0.008936550491510098
2021-02-01,5.39,5.43,5.6670635142922405,6.17,0.11993517017828205,1,179856.11510791368,1000000.0,1969424.4604316547,-0.012623985572588037
2021-02-02,5.43,5.35,5.578382107019425,6.17,0.1329011345218801,1,179856.11510791368,1000000.0,1976618.7050359712,0.0036529680365295913
2021-02-03,5.36,5.32,5.505016850829125,6.17,0.13776337115072929,1,179856.11510791368,1000000.0,1964028.7769784173,-0.006369426751592355
2021-02-04,5.31,5.22,5.475473223775626,6.17,0.15397082658022693,1,179856.11510791368,1000000.0,1955035.9712230214,-0.0045787545787546735
2021-02-05,5.23,5.17,5.437412074357272,6.17,0.1620745542949757,1,179856.11510791368,1000000.0,1940647.4820143888,-0.007359705611775236
2021-02-08,5.18,5.21,5.3704141812026505,6.17,0.15559157212317665,1,179856.11510791368,1000000.0,1931654.6762589929,-0.004633920296571059
2021-02-09,5.21,5.33,5.326280342936516,6.17,0.13614262560777957,1,179856.11510791368,1000000.0,1937050.3597122303,0.0027932960893854997
2021-02-10,5.33,5.33,5.362361016273499,6.17,0.13614262560777957,1,179856.11510791368,1000000.0,1958633.09352518,0.011142061281337101
2021-02-18,5.42,5.5,5.363012223094702,6.17,0.1085899513776337,1,179856.11510791368,1000000.0,1974820.143884892,0.008264462809917328
2021-02-19,5.47,5.59,5.436967799961567,6.17,0.09400324149108591,1,179856.11510791368,1000000.0,1983812.9496402878,0.004553734061930825
2021-02-22,5.81,6.01,5.507016035318375,6.17,0.025931928687196133,1,179856.11510791368,1000000.0,2044964.0287769784,0.030825022665457835
2021-02-23,5.76,5.95,5.718519146144391,6.17,0.03565640194489461,1,179856.11510791368,1000000.0,2035971.2230215827,-0.004397537379067673
2021-02-24,5.96,6.0,5.892663913369179,6.17,0.027552674230145856,1,179856.11510791368,1000000.0,2071942.4460431654,0.0176678445229681
2021-02-25,6.1,6.3,5.922337459921837,6.3,0.0,1,179856.11510791368,1000000.0,2097122.3021582733,0.012152777777777679
2021-02-26,6.13,6.34,6.150057675838471,6.34,0.0,1,179856.11510791368,1000000.0,2102517.985611511,0.002572898799314105
2021-03-01,6.45,6.41,6.2171752625703816,6.41,0.0,1,179856.11510791368,1000000.0,2160071.9424460432,0.027373823781009277
2021-03-02,6.36,6.47,6.282413425445557,6.47,0.0,1,179856.11510791368,1000000.0,2143884.892086331,-0.007493755203996755
2021-03-03,6.43,6.540000000000001,6.40412268280983,6.540000000000001,0.0,1,179856.11510791368,1000000.0,2156474.820143885,0.00587248322147671
2021-03-04,6.51,6.53,6.425448926687241,6.540000000000001,0.0015290519877676871,1,179856.11510791368,1000000.0,2170863.309352518,0.006672226855713115
2021-03-05,6.53,6.43,6.491374673843384,6.540000000000001,0.016819571865443608,1,179856.11510791368,1000000.0,2174460.4316546763,0.001657000828500399
2021-03-08,6.5,6.46,6.468066545724869,6.540000000000001,0.012232415902140817,1,179856.11510791368,1000000.0,2169064.748201439,-0.002481389578163684
2021-03-09,6.51,6.440000000000001,6.462633463144303,6.540000000000001,0.015290519877675785,1,179856.11510791368,1000000.0,2170863.309352518,0.0008291873963515162
2021-03-10,6.44,6.34,6.4423519396781925,6.540000000000001,0.03058103975535184,1,179856.11510791368,1000000.0,2158273.381294964,-0.0057995028997515075
2021-03-11,6.41,6.51,6.383667218089104,6.540000000000001,0.004587155963302925,1,179856.11510791368,1000000.0,2152877.6978417267,-0.0024999999999998357
2021-03-12,6.51,6.7,6.359473290443421,6.7,0.0,1,179856.11510791368,1000000.0,2170863.309352518,0.008354218880534559
2021-03-15,6.65,6.72,6.504713835716248,6.72,0.0,1,179856.11510791368,1000000.0,2196043.165467626,0.011599005799502793
2021-03-16,6.71,6.61,6.527120473384858,6.72,0.016369047619047537,1,179856.11510791368,1000000.0,2206834.5323741008,0.004914004914004844
2021-03-17,6.549999999999999,6.52,6.504604669809342,6.72,0.029761904761904788,1,179856.11510791368,1000000.0,2178057.5539568346,-0.013039934800325947
2021-03-18,6.549999999999999,6.490000000000001,6.380373867750168,6.72,0.03422619047619028,1,179856.11510791368,1000000.0,2178057.5539568346,0.0
2021-03-19,6.44,6.82,6.324558707475663,6.82,0.0,1,179856.11510791368,1000000.0,2158273.381294964,-0.009083402146986108
2021-03-22,6.74,6.82,6.551860901117325,6.82,0.0,1,179856.11510791368,1000000.0,2212230.2158273384,0.025000000000000133
2021-03-23,6.8,6.63,6.596506001949311,6.82,0.027859237536656947,1,179856.11510791368,1000000.0,2223021.5827338127,0.004878048780487587
2021-03-24,6.6,6.65,6.544914382100106,6.82,0.024926686217008786,1,179856.11510791368,1000000.0,2187050.35971223,-0.016181229773462813
2021-03-25,6.61,7.18,6.522397907972336,7.18,0.0,1,179856.11510791368,1000000.0,2188848.9208633094,0.000822368421052655
2021-03-26,7.24,7.19,6.779208155870438,7.19,0.0,1,179856.11510791368,1000000.0,2302158.273381295,0.0517666392769105
2021-03-29,7.210000000000001,7.7,6.9423942887783054,7.7,0.0,1,179856.11510791368,1000000.0,2296762.589928058,-0.0023437499999998668
2021-03-30,7.52,7.58,7.205406608581543,7.7,0.015584415584415598,1,179856.11510791368,1000000.0,2352517.9856115105,0.024275646045418542
2021-03-31,7.6,7.5,7.328569086790085,7.7,0.025974025974025997,1,179856.11510791368,1000000.0,2366906.4748201435,0.006116207951070374
2021-04-01,7.56,7.5,7.359090747833252,7.7,0.025974025974025997,1,179856.11510791368,1000000.0,2359712.230215827,-0.003039513677811523
2021-04-02,7.529999999999999,7.47,7.383006128072739,7.7,0.029870129870129925,1,179856.11510791368,1000000.0,2354316.54676259,-0.0022865853658535773
2021-04-06,7.41,7.42,7.3731948757171635,7.7,0.0363636363636364,1,179856.11510791368,1000000.0,2332733.8129496407,-0.00916730328495019
2021-04-07,7.38,7.409999999999999,7.352087500095368,7.7,0.03766233766233778,1,179856.11510791368,1000000.0,2327338.129496403,-0.0023130300693909867
2021-04-08,7.82,7.62,7.353657665252686,7.7,0.010389610389610398,1,179856.11510791368,1000000.0,2406474.820143885,0.03400309119010814
2021-04-09,7.56,8.06,7.529373737573624,8.06,0.0,1,179856.11510791368,1000000.0,2359712.230215827,-0.019431988041853643
2021-04-12,8.0,7.76,7.672127338647843,8.06,0.03722084367245666,1,179856.11510791368,1000000.0,2438848.9208633094,0.0335365853658538
2021-04-13,7.76,7.7,7.654659720659256,8.06,0.04466501240694793,1,179856.11510791368,1000000.0,2395683.45323741,-0.017699115044247815
2021-04-14,7.71,7.69,7.619036766290665,8.06,0.04590570719602979,1,179856.11510791368,1000000.0,2386690.6474820143,-0.0037537537537538634
2021-04-15,7.64,7.96,7.5758663439750675,8.06,0.012406947890818924,1,179856.11510791368,1000000.0,2374100.71942446,-0.005275056518462828
2021-04-16,8.03,8.42,7.65249732375145,8.42,0.0,1,179856.11510791368,1000000.0,2444244.6043165466,0.02954545454545454
2021-04-19,8.29,8.28,7.898416998386383,8.42,0.01662707838479817,1,179856.11510791368,1000000.0,2491007.1942446046,0.01913171449595308
2021-04-20,8.21,8.24,8.000406118631362,8.42,0.021377672209026095,1,179856.11510791368,1000000.0,2476618.7050359715,-0.005776173285198527
2021-04-21,8.24,8.48,8.043562861680984,8.48,0.0,1,179856.11510791368,1000000.0,2482014.3884892086,0.002178649237472685
2021-04-22,8.49,8.4,8.18207454919815,8.48,0.009433962264150952,1,179856.11510791368,1000000.0,2526978.4172661873,0.018115942028985588
2021-04-23,8.36,8.45,8.252418699264526,8.48,0.003537735849056738,1,179856.11510791368,1000000.0,2503597.1223021583,-0.009252669039146011
2021-04-26,8.44,8.84,8.304595174789428,8.84,0.0,1,179856.11510791368,1000000.0,2517985.6115107914,0.005747126436781658
2021-04-27,8.75,8.38,8.503423037528991,8.84,0.05203619909502252,1,179856.11510791368,1000000.0,2573741.007194245,0.022142857142857242
2021-04-28,8.28,8.61,8.54713928937912,8.84,0.026018099547511362,1,179856.11510791368,1000000.0,2489208.633093525,-0.03284416491963671
2021-04-29,8.56,8.59,8.599435927867889,8.84,0.02828054298642534,1,179856.11510791368,1000000.0,2539568.3453237414,0.020231213872832443
2021-04-30,8.5,8.35,8.522747280597686,8.84,0.05542986425339369,1,179856.11510791368,1000000.0,2528776.978417266,-0.00424929178470268
2021-05-06,8.43,9.03,8.466212751865386,9.03,0.0,1,179856.11510791368,1000000.0,2516187.050359712,-0.004978662873399764
2021-05-07,9.08,9.26,8.72176799416542,9.26,0.0,1,179856.11510791368,1000000.0,2633093.5251798565,0.04646175839885647
2021-05-10,9.34,9.56,9.039519640207292,9.56,0.0,1,179856.11510791368,1000000.0,2679856.1151079135,0.017759562841529908
2021-05-11,9.35,9.4,9.180602761507036,9.56,0.01673640167364018,1,179856.11510791368,1000000.0,2681654.676258993,0.0006711409395974144
2021-05-12,9.41,9.46,9.274638059139251,9.56,0.010460251046025068,1,179856.11510791368,1000000.0,2692446.0431654677,0.004024144869215318
2021-05-13,9.25,9.07,9.256222548484804,9.56,0.051255230125523035,1,179856.11510791368,1000000.0,2663669.0647482015,-0.010688042752170945
2021-05-14,9.15,9.17,9.234266521930696,9.56,0.040794979079497966,1,179856.11510791368,1000000.0,2645683.45323741,-0.006752194463200523
2021-05-17,9.05,9.15,9.178104283809663,9.56,0.042887029288702944,1,179856.11510791368,1000000.0,2627697.841726619,-0.00679809653297081
2021-05-18,9.16,9.2,9.139036300182344,9.56,0.0376569037656905,1,179856.11510791368,1000000.0,2647482.0143884895,0.007529089664613409
2021-05-19,9.259999999999998,8.75,9.135674419403076,9.56,0.0847280334728034,1,179856.11510791368,1000000.0,2665467.6258992804,0.006793478260869401
2021-05-20,8.33,8.4,9.095038416385652,9.56,0.12133891213389122,1,179856.11510791368,1000000.0,2498201.438848921,-0.06275303643724683
2021-05-21,8.35,8.85,8.824788423776626,9.56,0.07426778242677833,1,179856.11510791368,1000000.0,2501798.561151079,0.0014398848092149752
2021-05-24,8.69,8.68,8.804954560995101,9.56,0.092050209205021,1,179856.11510791368,1000000.0,2562949.64028777,0.024442846872753554
2021-05-25,8.69,8.66,8.770826938152313,9.56,0.09414225941422598,1,179856.11510791368,1000000.0,2562949.64028777,0.0
2021-05-26,8.71,8.61,8.739677908420562,9.56,0.0993723849372386,1,179856.11510791368,1000000.0,2566546.762589928,0.00140350877192974
2021-05-27,8.65,8.66,8.678472580909729,9.56,0.09414225941422598,1,179856.11510791368,1000000.0,2555755.3956834534,-0.0042046250875963365
2021-05-28,8.69,8.58,8.685749682188034,9.56,0.10251046025104607,1,179856.11510791368,1000000.0,2562949.64028777,0.0028149190710766714
2021-05-31,8.72,8.53,8.664998235702514,9.56,0.10774058577405869,1,179856.11510791368,1000000.0,2568345.3237410076,0.002105263157894832
2021-06-01,8.52,8.71,8.646769406795501,9.56,0.08891213389121334,1,179856.11510791368,1000000.0,2532374.1007194244,-0.01400560224089653
2021-06-02,8.7,8.81,8.678290727138519,9.56,0.07845188284518828,1,179856.11510791368,1000000.0,2564748.201438849,0.012784090909090828
2021-06-03,8.91,9.15,8.842602314949035,9.56,0.042887029288702944,1,179856.11510791368,1000000.0,2602517.985611511,0.014726507713885173
2021-06-04,8.85,8.74,9.126827152967454,9.56,0.08577405857740589,1,179856.11510791368,1000000.0,2591726.618705036,-0.004146510020732519
2021-06-07,8.72,8.71,9.028085114955903,9.56,0.08891213389121334,1,179856.11510791368,1000000.0,2568345.3237410076,-0.009021512838306656
2021-06-08,8.74,8.65,8.93801304936409,9.56,0.09518828451882846,1,179856.11510791368,1000000.0,2571942.4460431654,0.0014005602240894088
2021-06-09,8.73,8.88,8.866986813545227,9.56,0.07112970711297067,1,179856.11510791368,1000000.0,2570143.8848920865,-0.0006993006993005757
2021-06-10,8.88,8.88,8.964330079555511,9.56,0.07112970711297067,1,179856.11510791368,1000000.0,2597122.3021582738,0.010496850944716751
2021-06-11,8.95,8.92,8.941163572072982,9.56,0.06694560669456072,1,179856.11510791368,1000000.0,2609712.230215827,0.004847645429362668
2021-06-15,9.05,8.84,9.005727293491365,9.56,0.07531380753138081,1,179856.11510791368,1000000.0,2627697.841726619,0.00689179875947632
2021-06-16,8.91,9.01,9.029613169431688,9.56,0.05753138075313815,1,179856.11510791368,1000000.0,2602517.985611511,-0.009582477754962349
2021-06-17,9.03,9.05,9.15930629014969,9.56,0.053347280334728006,1,179856.11510791368,1000000.0,2624100.71942446,0.008293020041464816
2021-06-18,8.99,8.75,9.146407815217971,9.56,0.0847280334728034,1,179856.11510791368,1000000.0,2616906.474820144,-0.002741603838245177
2021-06-21,8.67,8.68,8.989681514501571,9.56,0.092050209205021,1,179856.11510791368,1000000.0,2559352.517985611,-0.021993127147766467
2021-06-22,8.68,8.82,8.819520028829574,9.56,0.0774058577405858,1,179856.11510791368,1000000.0,2561151.0791366906,0.0007027406886859211
2021-06-23,8.82,9.31,8.781456532478332,9.56,0.02615062761506276,1,179856.11510791368,1000000.0,2586330.9352517985,0.009831460674157189
2021-06-24,9.36,9.37,9.13661694765091,9.56,0.01987447698744783,1,179856.11510791368,1000000.0,2683453.2374100722,0.037552155771905626
2021-06-25,9.53,9.47,9.439200969934465,9.56,0.009414225941422579,1,179856.11510791368,1000000.0,2714028.7769784173,0.011394101876675444
2021-06-28,9.12,8.82,9.632532181739808,9.56,0.0774058577405858,1,179856.11510791368,1000000.0,2640287.7697841725,-0.02717031146454607
2021-06-29,8.77,8.62,9.423542770147325,9.56,0.09832635983263611,1,179856.11510791368,1000000.0,2577338.129496403,-0.023841961852860916
2021-06-30,8.62,8.64,9.13362172484398,9.56,0.09623430962343095,1,179856.11510791368,1000000.0,2550359.712230216,-0.01046755059316129
2021-07-01,8.64,8.52,8.87824028968811,9.56,0.10878661087866118,1,179856.11510791368,1000000.0,2553956.8345323745,0.0014104372355432382
2021-07-02,8.52,8.43,8.803348186016082,9.56,0.11820083682008375,1,179856.11510791368,1000000.0,2532374.1007194244,-0.008450704225352323
2021-07-05,8.48,8.54,8.664224418401718,9.56,0.1066945606694562,1,179856.11510791368,1000000.0,2525179.8561151084,-0.0028409090909089496
2021-07-06,8.58,8.46,8.660065385103225,9.56,0.1150627615062761,1,179856.11510791368,1000000.0,2543165.4676258992,0.007122507122506949
2021-07-07,8.42,8.3,8.609602572917938,9.56,0.1317991631799163,1,179856.11510791368,1000000.0,2514388.489208633,-0.011315417256011262
2021-07-08,8.29,8.06,8.552037003040313,9.56,0.15690376569037656,1,179856.11510791368,1000000.0,2491007.1942446046,-0.009298998569384764
2021-07-09,8.12,8.24,8.406024249792099,9.56,0.1380753138075314,1,179856.11510791368,1000000.0,2460431.6546762586,-0.012274368231047217
2021-07-12,8.27,8.29,8.34256667137146,9.56,0.13284518828451897,1,179856.11510791368,1000000.0,2487410.071942446,0.010964912280701844
2021-07-13,8.27,8.55,8.324665608406066,9.56,0.10564853556485353,1,179856.11510791368,1000000.0,2487410.071942446,0.0
2021-07-14,8.59,8.9,8.386704030036926,9.56,0.0690376569037657,1,179856.11510791368,1000000.0,2544964.028776978,0.023138105567606537
2021-07-15,8.96,9.0,8.794459345340728,9.56,0.058577405857740635,1,179856.11510791368,1000000.0,2611510.791366907,0.026148409893993252
2021-07-16,9.05,9.47,8.93630743265152,9.56,0.009414225941422579,1,179856.11510791368,1000000.0,2627697.841726619,0.006198347107437829
2021-07-19,9.64,9.75,9.34673825144768,9.75,0.0,1,179856.11510791368,1000000.0,2733812.949640288,0.040383299110198445
2021-07-20,9.67,9.64,9.643230977058412,9.75,0.011282051282051224,1,179856.11510791368,1000000.0,2739208.633093525,0.0019736842105262387
2021-07-21,9.78,9.48,9.68064725637436,9.75,0.027692307692307648,1,179856.11510791368,1000000.0,2758992.8057553954,0.007222586999343417
2021-07-22,9.49,9.5,9.739331843852998,9.75,0.02564102564102564,1,179856.11510791368,1000000.0,2706834.5323741008,-0.018904823989569608
2021-07-23,9.5,9.44,9.673099520206453,9.75,0.031794871794871844,1,179856.11510791368,1000000.0,2708633.0935251797,0.0006644518272425071
2021-07-26,9.41,9.18,9.740728201866151,9.75,0.05846153846153849,1,179856.11510791368,1000000.0,2692446.0431654677,-0.005976095617529764
2021-07-27,9.25,8.79,9.643265309333804,9.75,0.09846153846153854,1,179856.11510791368,1000000.0,2663669.0647482015,-0.010688042752170945
2021-07-28,8.76,8.88,9.46137452363968,9.75,0.08923076923076916,1,179856.11510791368,1000000.0,2575539.5683453237,-0.03308575286968274
2021-07-29,8.93,8.68,9.206182720661165,9.75,0.10974358974358978,1,179856.11510791368,1000000.0,2606115.107913669,0.011871508379888374
2021-07-30,8.74,8.76,9.093049290180208,9.75,0.10153846153846156,1,179856.11510791368,1000000.0,2571942.4460431654,-0.013112491373361013
2021-08-02,8.4,8.38,8.989300640821456,9.75,0.14051282051282044,1,179856.11510791368,1000000.0,2510791.3669064753,-0.02377622377622357
2021-08-03,8.37,8.13,8.777921112775802,9.75,0.16615384615384607,1,179856.11510791368,1000000.0,2505395.6834532376,-0.0021489971346705383
2021-08-04,8.24,8.38,8.464638831615448,9.75,0.14051282051282044,1,179856.11510791368,1000000.0,2482014.3884892086,-0.00933237616654714
2021-08-05,8.37,8.34,8.429721298217773,9.75,0.14461538461538462,1,179856.11510791368,1000000.0,2505395.6834532376,0.009420289855072594
2021-08-06,8.32,8.43,8.426615300178527,9.75,0.1353846153846154,1,179856.11510791368,1000000.0,2496402.8776978417,-0.003589375448671994
2021-08-09,8.48,8.44,8.496330740451812,9.75,0.1343589743589744,1,179856.11510791368,1000000.0,2525179.8561151084,0.011527377521614035
2021-08-10,8.41,8.42,8.534533443450927,9.75,0.13641025641025642,1,179856.11510791368,1000000.0,2512589.928057554,-0.004985754985755042
2021-08-11,8.49,8.99,8.51465237379074,9.75,0.07794871794871792,1,179856.11510791368,1000000.0,2526978.4172661873,0.005726556907659219
2021-08-12,8.97,8.81,8.810864808559417,9.75,0.09641025641025636,1,179856.11510791368,1000000.0,2613309.3525179857,0.03416370106761568
2021-08-13,8.75,8.74,8.856874885559082,9.75,0.10358974358974357,1,179856.11510791368,1000000.0,2573741.007194245,-0.015141087405368236
2021-08-16,8.9,8.86,8.818077805042266,9.75,0.09128205128205134,1,179856.11510791368,1000000.0,2600719.4244604316,0.010482180293500898
2021-08-17,8.77,8.58,8.940769019126892,9.75,0.12,1,179856.11510791368,1000000.0,2577338.129496403,-0.008990318118948681
2021-08-18,8.66,8.51,8.843048902750015,9.75,0.1271794871794872,1,179856.11510791368,1000000.0,2557553.9568345323,-0.007676203768318346
2021-08-19,8.43,8.4,8.762896987199783,9.75,0.1384615384615384,1,179856.11510791368,1000000.0,2516187.050359712,-0.016174402250351716
2021-08-20,8.4,8.35,8.602815511226654,9.75,0.14358974358974363,1,179856.11510791368,1000000.0,2510791.3669064753,-0.0021443888491776697
2021-08-23,8.5,8.54,8.577822687625885,9.75,0.12410256410256419,1,179856.11510791368,1000000.0,2528776.978417266,0.007163323782234832
2021-08-24,8.65,8.75,8.705166997909545,9.75,0.10256410256410256,1,179856.11510791368,1000000.0,2555755.3956834534,0.01066856330014243
2021-08-25,8.87,8.98,8.811632725000381,9.75,0.07897435897435894,1,179856.11510791368,1000000.0,2595323.741007194,0.015482054890921582
2021-08-26,9.05,9.28,9.014412554502488,9.75,0.04820512820512827,1,179856.11510791368,1000000.0,2627697.841726619,0.012474012474012586
2021-08-27,8.89,9.07,9.318201425075532,9.75,0.06974358974358971,1,179856.11510791368,1000000.0,2598920.8633093527,-0.010951403148528382
2021-08-30,9.15,9.46,9.278263869285585,9.75,0.029743589743589656,1,179856.11510791368,1000000.0,2645683.45323741,0.01799307958477514
2021-08-31,9.46,10.02,9.449021878242494,10.02,0.0,1,179856.11510791368,1000000.0,2701438.8489208636,0.021074099252209377
2021-09-01,10.189999999999998,9.58,9.885495605468751,10.02,0.04391217564870255,1,179856.11510791368,1000000.0,2832733.8129496397,0.04860186418109147
2021-09-02,9.63,9.86,10.042665543556216,10.02,0.015968063872255505,1,179856.11510791368,1000000.0,2732014.388489209,-0.03555555555555523
2021-09-03,9.58,9.64,9.999161722660066,10.02,0.03792415169660669,1,179856.11510791368,1000000.0,2723021.5827338127,-0.003291639236339905
2021-09-06,9.88,9.94,9.833319666385652,10.02,0.007984031936127753,1,179856.11510791368,1000000.0,2776978.4172661873,0.019815059445178473
2021-09-07,10.12,10.37,9.945430638790132,10.37,0.0,1,179856.11510791368,1000000.0,2820143.8848920865,0.015544041450777257
2021-09-08,10.21,10.66,10.149948003292083,10.66,0.0,1,179856.11510791368,1000000.0,2836330.9352517985,0.005739795918367152
2021-09-09,10.68,11.19,10.528736534118654,11.19,0.0,1,179856.11510791368,1000000.0,2920863.309352518,0.029803424223208586
2021-09-10,10.89,10.6,10.864050748348236,11.19,0.052725647899910626,1,179856.11510791368,1000000.0,2958633.09352518,0.012931034482758674
2021-09-13,10.6,11.01,10.601552608013154,11.19,0.016085790884718475,1,179856.11510791368,1000000.0,2906474.820143885,-0.017629179331307032
2021-09-14,10.68,10.66,10.602121772766116,11.19,0.047363717605004414,1,179856.11510791368,1000000.0,2920863.309352518,0.004950495049504955
2021-09-15,10.77,10.88,10.452383162975313,11.19,0.027703306523681744,1,179856.11510791368,1000000.0,2937050.35971223,0.005541871921182162
2021-09-16,11.58,11.18,10.496037187576295,11.19,0.0008936550491510087,1,179856.11510791368,1000000.0,3082733.8129496407,0.049601959583588595
2021-09-17,11.12,10.64,10.889643313884736,11.19,0.049151027703306434,1,179856.11510791368,1000000.0,3000000.0,-0.02683780630105026
2021-09-22,10.64,11.26,10.907330873012544,11.26,0.0,1,179856.11510791368,1000000.0,2913669.0647482015,-0.02877697841726612
2021-09-23,11.49,10.96,10.620850565433503,11.26,0.026642984014209496,1,179856.11510791368,1000000.0,3066546.762589928,0.05246913580246915
2021-09-24,10.79,10.47,10.786850872039796,11.26,0.07015985790408519,1,179856.11510791368,1000000.0,2940647.4820143883,-0.04105571847507339
2021-09-27,10.59,10.09,10.425413014888765,11.26,0.1039076376554174,1,179856.11510791368,1000000.0,2904676.258992806,-0.012232415902140525
2021-09-28,10.23,10.53,10.07463479280472,11.26,0.06483126110124338,1,179856.11510791368,1000000.0,2839928.057553957,-0.022291021671826616
2021-09-29,10.59,10.18,9.997306706905366,11.26,0.09591474245115454,1,179856.11510791368,1000000.0,2904676.258992806,0.022799240025332512
2021-09-30,10.17,10.509999999999998,9.995418431758882,11.26,0.06660746003552413,1,179856.11510791368,1000000.0,2829136.690647482,-0.026006191950464497
2021-10-08,10.910000000000002,10.099999999999998,9.887136580944064,11.26,0.10301953818827726,1,179856.11510791368,1000000.0,2962230.2158273384,0.04704386522568349
2021-10-11,10.189999999999998,10.409999999999998,9.867453994750978,11.26,0.0754884547069273,1,179856.11510791368,1000000.0,2832733.8129496397,-0.04371584699453579
2021-10-12,10.47,10.59,9.761831822395326,11.26,0.05950266429840142,1,179856.11510791368,1000000.0,2883093.5251798565,0.017777777777778114
2021-10-13,10.67,9.68,9.978004994392396,11.26,0.14031971580817051,1,179856.11510791368,1000000.0,2919064.748201439,0.012476606363069243
2021-10-14,9.4,9.43,9.846397044658662,11.26,0.1625222024866785,1,179856.11510791368,1000000.0,2690647.482014389,-0.07825015403573632
2021-10-15,9.44,9.63,9.375589700937272,11.26,0.14476021314387202,1,179856.11510791368,1000000.0,2697841.7266187053,0.002673796791443861
2021-10-18,9.650000000000002,10.4,9.367306771278384,11.26,0.07637655417406744,1,179856.11510791368,1000000.0,2735611.5107913674,0.014000000000000012
2021-10-19,10.29,10.55,9.745667757987976,11.26,0.06305506216696262,1,179856.11510791368,1000000.0,2850719.4244604316,0.0420775805391187
2021-10-20,9.64,9.64,10.120339634418489,11.26,0.14387211367673172,1,179856.11510791368,1000000.0,2733812.949640288,-0.04100946372239733
2021-10-21,9.49,9.78,10.062440934181216,11.26,0.13143872113676736,1,179856.11510791368,1000000.0,2706834.5323741008,-0.009868421052631637
2021-10-22,9.7,9.390000000000002,9.99194228887558,11.26,0.16607460035523958,1,179856.11510791368,1000000.0,2744604.3165467624,0.01395348837209287
2021-10-25,9.51,9.47,9.849342646598815,11.26,0.15896980461811716,1,179856.11510791368,1000000.0,2710431.654676259,-0.012450851900393078
2021-10-26,9.47,9.390000000000002,9.639904501438142,11.26,0.16607460035523958,1,179856.11510791368,1000000.0,2703237.410071943,-0.002654280026542666
2021-10-27,9.19,9.02,9.576268556118013,11.26,0.19893428063943164,1,179856.11510791368,1000000.0,2652877.6978417267,-0.018629407850964896
2021-10-28,8.62,8.69,9.401884737014772,11.26,0.22824156305506219,1,179856.11510791368,1000000.0,2550359.712230216,-0.038644067796610226
2021-10-29,8.69,8.47,9.20346591114998,11.26,0.24777975133214913,1,179856.11510791368,1000000.0,2562949.64028777,0.0049365303244006675
2021-11-01,8.45,8.65,8.869910153150558,11.26,0.2317939609236234,1,179856.11510791368,1000000.0,2519784.1726618707,-0.01684210526315788
2021-11-02,8.63,8.36,8.804152312278747,11.26,0.25754884547069273,1,179856.11510791368,1000000.0,2552158.273381295,0.012847965738758127
2021-11-03,8.38,8.53,8.820781471729278,11.26,0.24245115452930732,1,179856.11510791368,1000000.0,2507194.2446043165,-0.01761804087385488
2021-11-04,8.48,8.35,8.678709688186645,11.26,0.25843694493783304,1,179856.11510791368,1000000.0,2525179.8561151084,0.007173601147776321
2021-11-05,8.28,7.98,8.548085572719573,11.26,0.2912966252220248,1,179856.11510791368,1000000.0,2489208.633093525,-0.014245014245014453
2021-11-08,8.05,8.04,8.395834805965423,11.26,0.285968028419183,1,179856.11510791368,1000000.0,2447841.7266187053,-0.016618497109826436
2021-11-09,7.98,7.94,8.183771851062774,11.26,0.2948490230905861,1,179856.11510791368,1000000.0,2435251.798561151,-0.005143277002204405
2021-11-10,7.840000000000001,7.78,8.049543919563293,11.26,0.30905861456483125,1,179856.11510791368,1000000.0,2410071.9424460432,-0.010339734121122546
2021-11-11,7.82,7.819999999999999,7.856646957397461,11.26,0.30550621669627004,1,179856.11510791368,1000000.0,2406474.820143885,-0.0014925373134327957
2021-11-12,7.79,7.67,7.7264930331707005,11.26,0.3188277087033748,1,179856.11510791368,1000000.0,2401079.1366906473,-0.0022421524663678305
2021-11-15,7.63,7.67,7.62308100104332,11.26,0.3188277087033748,1,179856.11510791368,1000000.0,2372302.158273381,-0.011985018726591745
2021-11-16,7.67,7.54,7.491152795553208,11.26,0.33037300177619894,1,179856.11510791368,1000000.0,2379496.4028776977,0.0030326004548899554
2021-11-17,7.540000000000001,7.55,7.4020449841022495,11.26,0.32948490230905864,1,179856.11510791368,1000000.0,2356115.107913669,-0.009826152683295453
2021-11-18,7.59,7.54,7.369965764284134,11.26,0.33037300177619894,1,179856.11510791368,1000000.0,2365107.9136690646,0.003816793893129722
2021-11-19,7.529999999999999,7.64,7.400374504327774,11.26,0.32149200710479575,1,179856.11510791368,1000000.0,2354316.54676259,-0.004562737642585524
2021-11-22,7.67,7.59,7.396670641899109,11.26,0.3259325044404973,1,179856.11510791368,1000000.0,2379496.4028776977,0.010695187165775444
2021-11-23,7.61,7.69,7.387374373674393,11.26,0.3170515097690941,1,179856.11510791368,1000000.0,2368705.0359712234,-0.004535147392289995
2021-11-24,7.74,7.77,7.389781388044358,11.26,0.3099467140319716,1,179856.11510791368,1000000.0,2392086.330935252,0.009870918754745439
2021-11-25,7.78,7.66,7.426567616462708,11.26,0.3197158081705151,1,179856.11510791368,1000000.0,2399280.5755395684,0.003007518796992459
2021-11-26,7.59,7.55,7.52134937286377,11.26,0.32948490230905864,1,179856.11510791368,1000000.0,2365107.9136690646,-0.014242878560719707
2021-11-29,7.48,7.53,7.482887300252915,11.26,0.33126110124333924,1,179856.11510791368,1000000.0,2345323.7410071944,-0.008365019011406738
2021-11-30,7.55,7.54,7.423695775270462,11.26,0.33037300177619894,1,179856.11510791368,1000000.0,2357913.669064748,0.005368098159509005
2021-12-01,7.540000000000001,7.66,7.47410279750824,11.26,0.3197158081705151,1,179856.11510791368,1000000.0,2356115.107913669,-0.0007627765064834868
2021-12-02,7.66,7.7,7.581313374042511,11.26,0.3161634103019538,1,179856.11510791368,1000000.0,2377697.841726619,0.009160305343511421
2021-12-03,7.7,8.02,7.717627259492874,11.26,0.2877442273534636,1,179856.11510791368,1000000.0,2384892.0863309354,0.00302571860816947
2021-12-06,8.08,7.99,7.966069819927216,11.26,0.2904085257548845,1,179856.11510791368,1000000.0,2453237.4100719425,0.02865761689291091
2021-12-07,8.12,8.12,8.172043087482452,11.26,0.2788632326820604,1,179856.11510791368,1000000.0,2460431.6546762586,0.002932551319647869
2021-12-08,8.11,8.08,8.153364720344543,11.26,0.28241563055062163,1,179856.11510791368,1000000.0,2458633.0935251797,-0.0007309941520466934
2021-12-09,8.08,8.08,8.142117413282394,11.26,0.28241563055062163,1,179856.11510791368,1000000.0,2453237.4100719425,-0.002194586686174005
2021-12-10,8.05,7.94,8.140964868068695,11.26,0.2948490230905861,1,179856.11510791368,1000000.0,2447841.7266187053,-0.0021994134897359574
2021-12-13,8.06,7.969999999999999,8.142043116092681,11.26,0.2921847246891653,1,179856.11510791368,1000000.0,2449640.287769784,0.0007347538574575818
2021-12-14,7.97,7.75,8.144255402088165,11.26,0.3117229129662522,1,179856.11510791368,1000000.0,2433453.2374100722,-0.0066079295154184425
2021-12-15,7.78,7.75,8.049351873397827,11.26,0.3117229129662522,1,179856.11510791368,1000000.0,2399280.5755395684,-0.014042867701404393
2021-12-16,7.91,8.38,8.005836787223815,11.26,0.255772646536412,1,179856.11510791368,1000000.0,2422661.870503597,0.009745127436281642
2021-12-17,8.76,8.58,8.23940864443779,11.26,0.23801065719360567,1,179856.11510791368,1000000.0,2575539.5683453237,0.06310319227913896
2021-12-20,8.55,8.23,8.638415666818618,11.26,0.2690941385435168,1,179856.11510791368,1000000.0,2537769.784172662,-0.014664804469273651
2021-12-21,8.17,8.38,8.507209780216217,11.26,0.255772646536412,1,179856.11510791368,1000000.0,2469424.460431655,-0.02693125442948263
2021-12-22,8.4,8.61,8.413047077655792,11.26,0.23534635879218477,1,179856.11510791368,1000000.0,2510791.3669064753,0.016751638747268816
2021-12-23,8.56,8.59,8.46051842212677,11.26,0.23712255772646537,1,179856.11510791368,1000000.0,2539568.3453237414,0.011461318051575908
2021-12-24,8.57,8.23,8.517963292598724,11.26,0.2690941385435168,1,179856.11510791368,1000000.0,2541366.9064748203,0.0007082152974502431
2021-12-27,8.21,8.11,8.433559271097183,11.26,0.2797513321492007,1,179856.11510791368,1000000.0,2476618.7050359715,-0.02547770700636942
2021-12-28,8.1,7.89,8.290074768066406,11.26,0.29928952042628776,1,179856.11510791368,1000000.0,2456834.5323741008,-0.007988380537400253
2021-12-29,7.88,7.86,8.143110098838806,11.26,0.30195381882770866,1,179856.11510791368,1000000.0,2417266.18705036,-0.016105417276720324
2021-12-30,7.829999999999999,7.85,8.05119133234024,11.26,0.302841918294849,1,179856.11510791368,1000000.0,2408273.381294964,-0.0037202380952381375
2021-12-31,7.829999999999999,7.78,8.031653048992156,11.26,0.30905861456483125,1,179856.11510791368,1000000.0,2408273.381294964,0.0
2022-01-04,8.02,7.919999999999999,8.019481184482574,11.26,0.29662522202486685,1,179856.11510791368,1000000.0,2442446.0431654677,0.014189693801344383
2022-01-05,7.89,7.85,8.131647678613662,11.26,0.302841918294849,1,179856.11510791368,1000000.0,2419064.748201439,-0.0095729013254785
2022-01-06,7.860000000000001,7.85,8.081763150691986,11.26,0.302841918294849,1,179856.11510791368,1000000.0,2413669.0647482015,-0.0022304832713755385
2022-01-07,7.829999999999999,7.93,7.989333691596985,11.26,0.2957371225577265,1,179856.11510791368,1000000.0,2408273.381294964,-0.0022354694485843263
2022-01-10,7.96,8.14,8.017685177326202,11.26,0.2770870337477797,1,179856.11510791368,1000000.0,2431654.676258993,0.009708737864077666
2022-01-11,8.06,8.06,8.149286421537399,11.26,0.28419182948490224,1,179856.11510791368,1000000.0,2449640.287769784,0.007396449704142105
2022-01-12,8.08,8.02,8.151459279060363,11.26,0.2877442273534636,1,179856.11510791368,1000000.0,2453237.4100719425,0.001468428781204123
2022-01-13,8.03,8.14,8.129960032701492,11.26,0.2770870337477797,1,179856.11510791368,1000000.0,2444244.6043165466,-0.003665689149560225
2022-01-14,8.12,7.86,8.245863916873931,11.26,0.30195381882770866,1,179856.11510791368,1000000.0,2460431.6546762586,0.0066225165562912025
2022-01-17,7.69,7.77,8.195894899368286,11.26,0.3099467140319716,1,179856.11510791368,1000000.0,2383093.5251798565,-0.03143274853801137
2022-01-18,7.73,7.85,8.085712971687316,11.26,0.302841918294849,1,179856.11510791368,1000000.0,2390287.769784173,0.0030188679245282124
2022-01-19,7.91,7.99,8.013507905006408,11.26,0.2904085257548845,1,179856.11510791368,1000000.0,2422661.870503597,0.013544018058690543
2022-01-20,7.92,8.1,8.111641886234283,11.26,0.28063943161634103,1,179856.11510791368,1000000.0,2424460.4316546763,0.0007423904974017681
2022-01-21,8.12,8.15,8.184033098220825,11.26,0.2761989342806394,1,179856.11510791368,1000000.0,2460431.6546762586,0.014836795252225254
2022-01-24,8.11,8.13,8.190222027301788,11.26,0.27797513321492,1,179856.11510791368,1000000.0,2458633.0935251797,-0.0007309941520466934
2022-01-25,8.08,7.78,8.165112795829772,11.26,0.30905861456483125,1,179856.11510791368,1000000.0,2453237.4100719425,-0.002194586686174005
2022-01-26,7.829999999999999,7.76,8.0533993268013,11.26,0.3108348134991119,1,179856.11510791368,1000000.0,2408273.381294964,-0.01832844574780068
2022-01-27,7.8,7.76,7.916330399513245,11.26,0.3108348134991119,1,179856.11510791368,1000000.0,2402877.6978417267,-0.0022404779686332477
2022-01-28,7.76,7.47,7.865101548433304,11.26,0.33658969804618116,1,179856.11510791368,1000000.0,2395683.45323741,-0.0029940119760478723
2022-02-07,7.59,7.93,7.768949451446534,11.26,0.2957371225577265,1,179856.11510791368,1000000.0,2365107.9136690646,-0.012762762762762891
2022-02-08,8.07,8.2,7.837102504968644,11.26,0.2717584369449379,1,179856.11510791368,1000000.0,2451438.848920863,0.03650190114068441
2022-02-09,8.11,8.15,8.022014262676239,11.26,0.2761989342806394,1,179856.11510791368,1000000.0,2458633.0935251797,0.0029347028613353476
2022-02-10,8.06,8.34,8.103958966732025,11.26,0.25932504440497334,1,179856.11510791368,1000000.0,2449640.287769784,-0.003657644476956712
2022-02-11,8.37,8.35,8.221456887722015,11.26,0.25843694493783304,1,179856.11510791368,1000000.0,2505395.6834532376,0.022760646108663796
2022-02-14,8.3,8.29,8.366156163215637,11.26,0.263765541740675,1,179856.11510791368,1000000.0,2492805.7553956835,-0.005025125628140836
2022-02-15,8.23,8.21,8.394041481018066,11.26,0.27087033747779743,1,179856.11510791368,1000000.0,2480215.8273381297,-0.005050505050504972
2022-02-16,8.19,8.24,8.337244095802307,11.26,0.2682060390763765,1,179856.11510791368,1000000.0,2473021.5827338127,-0.0029006526468456917
2022-02-17,8.22,8.17,8.318121018409729,11.26,0.2744227353463588,1,179856.11510791368,1000000.0,2478417.2661870504,0.0021818181818182847
2022-02-18,8.18,8.38,8.295119735002517,11.26,0.255772646536412,1,179856.11510791368,1000000.0,2471223.021582734,-0.002902757619738794
2022-02-21,8.48,8.55,8.41531247138977,11.26,0.24067495559502655,1,179856.11510791368,1000000.0,2525179.8561151084,0.02183406113537134
2022-02-22,8.48,8.64,8.60363251209259,11.26,0.2326820603907637,1,179856.11510791368,1000000.0,2525179.8561151084,0.0
2022-02-23,8.59,8.48,8.752454879283905,11.26,0.24689165186500883,1,179856.11510791368,1000000.0,2544964.028776978,0.00783475783475751
2022-02-24,8.41,8.44,8.664286645650863,11.26,0.2504440497335702,1,179856.11510791368,1000000.0,2512589.928057554,-0.012720848056536949
2022-02-25,8.42,8.15,8.716691913604736,11.26,0.2761989342806394,1,179856.11510791368,1000000.0,2514388.489208633,0.0007158196134573469
2022-02-28,8.19,8.3,8.547126414775848,11.26,0.26287744227353455,1,179856.11510791368,1000000.0,2473021.5827338127,-0.01645207439198859
2022-03-01,8.38,8.59,8.521579983234405,11.26,0.23712255772646537,1,179856.11510791368,1000000.0,2507194.2446043165,0.013818181818181952
2022-03-02,8.75,8.75,8.609042527675628,11.26,0.22291296625222023,1,179856.11510791368,1000000.0,2573741.007194245,0.026542324246771942
2022-03-03,8.83,9.06,8.685262056589126,11.26,0.1953818827708703,1,179856.11510791368,1000000.0,2588129.496402878,0.005590496156533842
2022-03-04,9.09,9.19,8.959059002399444,11.26,0.1838365896980462,1,179856.11510791368,1000000.0,2634892.0863309354,0.018068102849200907
2022-03-07,9.49,9.26,9.126621695756914,11.26,0.17761989342806395,1,179856.11510791368,1000000.0,2706834.5323741008,0.027303754266211566
2022-03-08,9.12,8.93,9.312399538755418,11.26,0.2069271758436945,1,179856.11510791368,1000000.0,2640287.7697841725,-0.02458471760797354
2022-03-09,8.95,9.05,9.15391934156418,11.26,0.19626998223801057,1,179856.11510791368,1000000.0,2609712.230215827,-0.011580381471389734
2022-03-10,8.88,8.98,9.18974909424782,11.26,0.20248667850799285,1,179856.11510791368,1000000.0,2597122.3021582738,-0.004824259131633091
2022-03-11,9.02,8.94,9.018725278377534,11.26,0.2060390763765542,1,179856.11510791368,1000000.0,2622302.158273381,0.009695290858725558
2022-03-14,8.77,8.65,8.96658849954605,11.26,0.2317939609236234,1,179856.11510791368,1000000.0,2577338.129496403,-0.01714677640603557
2022-03-15,8.56,7.98,8.862007292509078,11.26,0.2912966252220248,1,179856.11510791368,1000000.0,2539568.3453237414,-0.01465457083042554
2022-03-16,8.06,8.05,8.624705018997192,11.26,0.28507992895204254,1,179856.11510791368,1000000.0,2449640.287769784,-0.03541076487252137
2022-03-17,8.15,8.19,8.42747843503952,11.26,0.2726465364120782,1,179856.11510791368,1000000.0,2465827.338129496,0.0066079295154184425
2022-03-18,8.19,8.55,8.415888609886169,11.26,0.24067495559502655,1,179856.11510791368,1000000.0,2473021.5827338127,0.0029175784099197966
2022-03-21,8.52,8.77,8.49486786365509,11.26,0.22113676731793963,1,179856.11510791368,1000000.0,2532374.1007194244,0.02400000000000002
2022-03-22,8.75,9.13,8.675971957445144,11.26,0.189165186500888,1,179856.11510791368,1000000.0,2573741.007194245,0.016335227272727293
2022-03-23,9.12,9.03,8.928173097372055,11.26,0.19804618117229134,1,179856.11510791368,1000000.0,2640287.7697841725,0.025856044723969074
2022-03-24,9.06,9.2,8.960728677511215,11.26,0.1829484902309059,1,179856.11510791368,1000000.0,2629496.4028776977,-0.004087193460490468
2022-03-25,9.21,9.13,9.122152062654497,11.26,0.189165186500888,1,179856.11510791368,1000000.0,2656474.820143885,0.010259917920656614
2022-03-28,9.23,9.37,9.150691571235658,11.26,0.16785079928952049,1,179856.11510791368,1000000.0,2660071.9424460432,0.0013540961408260443
2022-03-29,9.31,9.56,9.32333946466446,11.26,0.1509769094138543,1,179856.11510791368,1000000.0,2674460.4316546763,0.005409060175794345
2022-03-30,9.44,9.4,9.414445521831514,11.26,0.1651865008880994,1,179856.11510791368,1000000.0,2697841.7266187053,0.008742434431741941
2022-03-31,9.4,9.58,9.455708088874818,11.26,0.1492007104795737,1,179856.11510791368,1000000.0,2690647.482014389,-0.002666666666666706
2022-04-01,9.45,9.57,9.49731236934662,11.26,0.150088809946714,1,179856.11510791368,1000000.0,2699640.287769784,0.0033422459893046597
2022-04-06,9.52,9.490000000000002,9.538171532154085,11.26,0.1571936056838364,1,179856.11510791368,1000000.0,2712230.2158273384,0.004663557628247883
2022-04-07,9.42,9.46,9.667977573871614,11.26,0.15985790408525746,1,179856.11510791368,1000000.0,2694244.6043165466,-0.006631299734748186
2022-04-08,9.54,9.6,9.579315009117128,11.26,0.1474245115452931,1,179856.11510791368,1000000.0,2715827.338129496,0.008010680907877266
2022-04-11,9.5,9.47,9.601151945590974,11.26,0.15896980461811716,1,179856.11510791368,1000000.0,2708633.0935251797,-0.0026490066225165476
2022-04-12,10.27,10.27,9.58650332927704,11.26,0.08792184724689167,1,179856.11510791368,1000000.0,2847122.3021582733,0.05112881806108893
2022-04-13,10.59,11.15,9.899416806697849,11.26,0.009769094138543467,1,179856.11510791368,1000000.0,2904676.258992806,0.020214782059380987
2022-04-14,11.14,11.65,10.714299800395969,11.65,0.0,1,179856.11510791368,1000000.0,3003597.1223021587,0.034055727554179516
2022-04-15,11.85,11.429999999999998,11.458873512744905,11.65,0.018884120171674026,1,179856.11510791368,1000000.0,3131294.964028777,0.04251497005988014
2022-04-18,11.19,11.28,11.70190096139908,11.65,0.0317596566523606,1,179856.11510791368,1000000.0,3012589.928057554,-0.03790924755887415
2022-04-19,11.3,11.32,11.472630026340486,11.65,0.028326180257510734,1,179856.11510791368,1000000.0,3032374.100719425,0.006567164179104523
2022-04-20,11.15,10.74,11.392026426792146,11.65,0.07811158798283263,1,179856.11510791368,1000000.0,3005395.6834532376,-0.008896797153024938
2022-04-21,10.89,10.54,11.069757404327394,11.65,0.09527896995708164,1,179856.11510791368,1000000.0,2958633.09352518,-0.015559545182525447
2022-04-22,10.37,10.58,10.80848396062851,11.65,0.09184549356223178,1,179856.11510791368,1000000.0,2865107.9136690646,-0.031610942249240215
2022-04-25,10.34,9.95,10.584352138042451,11.65,0.14592274678111597,1,179856.11510791368,1000000.0,2859712.2302158275,-0.0018832391713746732
2022-04-26,10.02,9.67,10.188668909072875,11.65,0.16995708154506442,1,179856.11510791368,1000000.0,2802158.2733812947,-0.02012578616352212
2022-04-27,9.589999999999998,10.09,9.861634674072269,11.65,0.13390557939914166,1,179856.11510791368,1000000.0,2724820.1438848916,-0.02759948652118105
2022-04-28,10.189999999999998,10.95,9.815853657722474,11.65,0.060085836909871335,1,179856.11510791368,1000000.0,2832733.8129496397,0.03960396039603964
2022-04-29,11.13,10.89,10.117225053310396,11.65,0.0652360515021459,1,179856.11510791368,1000000.0,3001798.5611510794,0.05968253968254
2022-05-05,10.89,10.98,10.36939454317093,11.65,0.0575107296137339,1,179856.11510791368,1000000.0,2958633.09352518,-0.014379868184541622
2022-05-06,10.77,10.91,10.518473865985872,11.65,0.06351931330472105,1,179856.11510791368,1000000.0,2937050.35971223,-0.007294832826747921
2022-05-09,10.64,10.7,10.551678540706636,11.65,0.0815450643776825,1,179856.11510791368,1000000.0,2913669.0647482015,-0.007960808328230207
2022-05-10,10.29,10.37,10.436851563453676,11.65,0.10987124463519322,1,179856.11510791368,1000000.0,2850719.4244604316,-0.021604938271605034
2022-05-11,10.34,10.52,10.243706228733064,11.65,0.0969957081545065,1,179856.11510791368,1000000.0,2859712.2302158275,0.003154574132492094
2022-05-12,10.66,10.43,10.27801865577698,11.65,0.10472103004291851,1,179856.11510791368,1000000.0,2917266.18705036,0.020125786163522008
2022-05-13,10.42,10.85,10.335001113414766,11.65,0.06866952789699576,1,179856.11510791368,1000000.0,2874100.7194244605,-0.01479654747225645
2022-05-16,10.86,11.0,10.642946603298189,11.65,0.055793991416309044,1,179856.11510791368,1000000.0,2953237.4100719425,0.027534418022528095
2022-05-17,11.0,11.14,10.855745556354524,11.65,0.04377682403433474,1,179856.11510791368,1000000.0,2978417.2661870504,0.008526187576126665
2022-05-18,11.05,10.88,11.016078355312349,11.65,0.06609442060085834,1,179856.11510791368,1000000.0,2987410.0719424463,0.003019323671497709
2022-05-19,10.59,10.83,11.049809815883638,11.65,0.07038626609442063,1,179856.11510791368,1000000.0,2904676.258992806,-0.02769416014449122
2022-05-20,10.9,11.25,10.976263644695283,11.65,0.03433476394849788,1,179856.11510791368,1000000.0,2960431.654676259,0.019195046439628438
2022-05-23,11.28,11.32,11.120496752262117,11.65,0.028326180257510734,1,179856.11510791368,1000000.0,3028776.978417266,0.023086269744835963
2022-05-24,11.23,11.21,11.189975085258483,11.65,0.037768240343347595,1,179856.11510791368,1000000.0,3019784.1726618707,-0.002969121140142472
2022-05-25,11.29,11.42,11.272909524440768,11.65,0.019742489270386302,1,179856.11510791368,1000000.0,3030575.539568345,0.003573555687909291
2022-05-26,11.39,11.7,11.340851488113405,11.7,0.0,1,179856.11510791368,1000000.0,3048561.151079137,0.005934718100890413
2022-05-27,11.81,11.79,11.708111884593963,11.79,0.0,1,179856.11510791368,1000000.0,3124100.7194244605,0.024778761061946986
2022-05-30,11.85,11.6,12.187259557247163,11.79,0.01611535199321455,1,179856.11510791368,1000000.0,3131294.964028777,0.0023028209556708035
2022-05-31,11.53,11.45,12.27053356409073,11.79,0.02883799830364715,1,179856.11510791368,1000000.0,3073741.0071942443,-0.018380241240666395
2022-06-01,11.449999999999998,11.76,12.059355201721193,11.79,0.00254452926208646,1,179856.11510791368,1000000.0,3059352.517985611,-0.004681100058513743
2022-06-02,11.69,11.38,12.11469185590744,11.79,0.03477523324851556,1,179856.11510791368,1000000.0,3102517.985611511,0.014109347442680997
2022-06-06,11.43,11.71,12.004524412155153,11.79,0.006785411365563893,1,179856.11510791368,1000000.0,3055755.3956834534,-0.015072463768115885
2022-06-07,11.67,11.63,12.0309720659256,11.79,0.013570822731127937,1,179856.11510791368,1000000.0,3098920.8633093527,0.014125956444967613
2022-06-08,11.83,12.46,11.947362246513368,12.46,0.0,1,179856.11510791368,1000000.0,3127697.841726619,0.009286128845037656
2022-06-09,12.3,12.42,12.384369196891786,12.46,0.003210272873194295,1,179856.11510791368,1000000.0,3212230.2158273384,0.027027027027026973
2022-06-10,12.3,12.74,12.530058743953706,12.74,0.0,1,179856.11510791368,1000000.0,3212230.2158273384,0.0
2022-06-13,12.65,12.51,12.569501700401307,12.74,0.01805337519623237,1,179856.11510791368,1000000.0,3275179.856115108,0.019596864501679745
2022-06-14,12.3,12.89,12.60363173723221,12.89,0.0,1,179856.11510791368,1000000.0,3212230.2158273384,-0.019220208676551276
2022-06-15,12.79,12.74,12.919951083660129,12.89,0.01163692785104735,1,179856.11510791368,1000000.0,3300359.712230216,0.02743561030235142
2022-06-16,12.71,12.18,12.970501067638398,12.89,0.055081458494957394,1,179856.11510791368,1000000.0,3285971.223021583,-0.004359673024523003
2022-06-17,12.07,12.09,12.769481303691864,12.89,0.06206361520558578,1,179856.11510791368,1000000.0,3170863.309352518,-0.03503010399562134
2022-06-20,11.79,11.22,12.34071839094162,12.89,0.12955779674166018,1,179856.11510791368,1000000.0,3120503.5971223023,-0.01588201928530908
2022-06-21,11.179999999999998,11.35,11.85681891679764,12.89,0.11947245927075259,1,179856.11510791368,1000000.0,3010791.3669064743,-0.03515850144092236
2022-06-22,11.39,11.18,11.482307436466218,12.89,0.13266097750193956,1,179856.11510791368,1000000.0,3048561.151079137,0.012544802867383797
2022-06-23,11.19,11.48,11.375734689235689,12.89,0.10938712179984485,1,179856.11510791368,1000000.0,3012589.928057554,-0.01179941002949847
2022-06-24,11.46,11.29,11.483527305126191,12.89,0.12412723041117156,1,179856.11510791368,1000000.0,3061151.079136691,0.016119402985074638
2022-06-27,11.29,11.72,11.500372650623325,12.89,0.09076803723816912,1,179856.11510791368,1000000.0,3030575.539568345,-0.009988249118684123
2022-06-28,11.73,11.91,11.696247937679292,12.89,0.07602792862684254,1,179856.11510791368,1000000.0,3109712.2302158275,0.026112759643917016
2022-06-29,11.87,11.89,11.85867071390152,12.89,0.07757951900698215,1,179856.11510791368,1000000.0,3134892.0863309354,0.00809716599190291
2022-06-30,11.82,11.87,11.982395651340486,12.89,0.0791311093871219,1,179856.11510791368,1000000.0,3125899.28057554,-0.002868617326448608
2022-07-01,11.74,11.83,11.964329364299775,12.89,0.08223429014740112,1,179856.11510791368,1000000.0,3111510.7913669064,-0.004602991944764212
2022-07-04,11.779999999999998,11.77,12.028736712932588,12.89,0.08688906128782009,1,179856.11510791368,1000000.0,3118705.0359712224,0.0023121387283235872
2022-07-05,11.89,12.35,11.98648655653,12.89,0.04189294026377043,1,179856.11510791368,1000000.0,3138489.2086330936,0.006343713956170838
2022-07-06,11.93,11.529999999999998,12.37278205394745,12.89,0.10550814584949596,1,179856.11510791368,1000000.0,3145683.45323741,0.002292263610315093
2022-07-07,11.509999999999998,11.75,12.21921485900879,12.89,0.0884406516679597,1,179856.11510791368,1000000.0,3070143.884892086,-0.02401372212692976
2022-07-08,11.92,11.65,12.065891745090486,12.89,0.09619860356865789,1,179856.11510791368,1000000.0,3143884.892086331,0.0240187463386059
2022-07-11,11.59,11.46,12.151122691631318,12.89,0.11093871217998445,1,179856.11510791368,1000000.0,3084532.3741007196,-0.018878718535468964
2022-07-12,11.5,11.31,11.945726635456086,12.89,0.1225756400310318,1,179856.11510791368,1000000.0,3068345.3237410076,-0.005247813411078606
2022-07-13,11.16,11.15,11.726918461322786,12.89,0.13498836307214895,1,179856.11510791368,1000000.0,3007194.2446043165,-0.01992966002344676
2022-07-14,11.17,10.96,11.438597621917726,12.89,0.14972847168347553,1,179856.11510791368,1000000.0,3008992.8057553954,0.0005980861244019309
2022-07-15,10.84,10.67,11.303386392593383,12.89,0.17222653219550044,1,179856.11510791368,1000000.0,2949640.287769784,-0.01972504482964721
2022-07-18,10.72,10.96,11.065257194042209,12.89,0.14972847168347553,1,179856.11510791368,1000000.0,2928057.5539568346,-0.007317073170731714
2022-07-19,11.04,11.019999999999998,10.942811133861545,12.89,0.14507370054305685,1,179856.11510791368,1000000.0,2985611.510791367,0.019656019656019597
2022-07-20,11.03,10.93,10.990799608230592,12.89,0.1520558572536851,1,179856.11510791368,1000000.0,2983812.949640288,-0.00060240963855418
2022-07-21,10.82,10.57,10.991435291767122,12.89,0.1799844840961986,1,179856.11510791368,1000000.0,2946043.165467626,-0.012658227848101333
2022-07-22,10.580000000000002,10.59,10.804099621772767,12.89,0.178432893716059,1,179856.11510791368,1000000.0,2902877.697841727,-0.014652014652014489
2022-07-25,10.61,10.59,10.625915648937228,12.89,0.178432893716059,1,179856.11510791368,1000000.0,2908273.381294964,0.0018587360594792823
2022-07-26,10.63,10.77,10.470901670455934,12.89,0.16446858029480224,1,179856.11510791368,1000000.0,2911870.5035971226,0.0012368583797157662
2022-07-27,10.7,10.72,10.621716918945314,12.89,0.16834755624515127,1,179856.11510791368,1000000.0,2924460.431654676,0.004323656578134383
2022-07-28,10.81,10.73,10.602120699882509,12.89,0.16757176105508145,1,179856.11510791368,1000000.0,2944244.6043165466,0.006765067650676526
2022-07-29,10.76,10.53,10.677297117710117,12.89,0.18308766485647798,1,179856.11510791368,1000000.0,2935251.798561151,-0.0030543677458765295
2022-08-01,10.5,10.65,10.641179563999176,12.89,0.17377812257564004,1,179856.11510791368,1000000.0,2888489.2086330936,-0.01593137254901955
2022-08-02,10.51,10.43,10.619032027721406,12.89,0.19084561675717615,1,179856.11510791368,1000000.0,2890287.769784173,0.0006226650062266526
2022-08-03,10.42,10.34,10.478991749286651,12.89,0.19782777346780456,1,179856.11510791368,1000000.0,2874100.7194244605,-0.005600497822028649
2022-08-04,10.37,10.36,10.365434529781345,12.89,0.19627618308766492,1,179856.11510791368,1000000.0,2865107.9136690646,-0.0031289111389237734
2022-08-05,10.37,10.31,10.333981873989108,12.89,0.20015515903801395,1,179856.11510791368,1000000.0,2865107.9136690646,0.0
2022-08-08,10.250000000000002,10.55,10.26140076160431,12.89,0.18153607447633824,1,179856.11510791368,1000000.0,2843525.1798561155,-0.007532956685498915
2022-08-09,10.57,10.89,10.362509849071504,12.89,0.1551590380139643,1,179856.11510791368,1000000.0,2901079.1366906473,0.020240354206198408
2022-08-10,10.9,10.73,10.768080236911777,12.89,0.16757176105508145,1,179856.11510791368,1000000.0,2960431.654676259,0.020458772473651576
2022-08-11,10.8,10.86,10.889332177639009,12.89,0.15748642358417386,1,179856.11510791368,1000000.0,2942446.0431654677,-0.0060753341433779084
2022-08-12,10.93,11.06,10.920732262134552,12.89,0.14197051978277733,1,179856.11510791368,1000000.0,2965827.338129496,0.007946210268948484
2022-08-15,11.06,11.06,11.086945536136628,12.89,0.14197051978277733,1,179856.11510791368,1000000.0,2989208.6330935257,0.007883565797453196
2022-08-16,11.03,10.95,11.201239826679233,12.89,0.15050426687354548,1,179856.11510791368,1000000.0,2983812.949640288,-0.0018050541516245744
2022-08-17,11.0,10.97,11.1558659696579,12.89,0.14895267649340574,1,179856.11510791368,1000000.0,2978417.2661870504,-0.001808318264014508
2022-08-18,10.96,10.83,11.134374501705173,12.89,0.15981380915438329,1,179856.11510791368,1000000.0,2971223.021582734,-0.0024154589371980784
2022-08-19,10.9,11.21,11.120703818798066,12.89,0.13033359193173,1,179856.11510791368,1000000.0,2960431.654676259,-0.003631961259079941
2022-08-22,11.26,11.42,11.315980436801912,12.89,0.11404189294026382,1,179856.11510791368,1000000.0,3025179.856115108,0.021871202916160293
2022-08-23,11.43,11.73,11.536154391765596,12.89,0.0899922420480993,1,179856.11510791368,1000000.0,3055755.3956834534,0.01010701545778847
2022-08-24,11.76,11.64,11.870529296398164,12.89,0.0969743987587277,1,179856.11510791368,1000000.0,3115107.9136690646,0.01942319011183047
2022-08-25,11.68,12.17,11.946740510463716,12.89,0.0558572536850272,1,179856.11510791368,1000000.0,3100719.4244604316,-0.004618937644341847
2022-08-26,12.05,11.91,12.258377792835237,12.89,0.07602792862684254,1,179856.11510791368,1000000.0,3167266.18705036,0.02146171693735499
2022-08-29,11.840000000000002,12.51,12.186577203273774,12.89,0.029480217222653277,1,179856.11510791368,1000000.0,3129496.402877698,-0.011925042589437718
2022-08-30,12.39,12.05,12.523045303821563,12.89,0.065166795965865,1,179856.11510791368,1000000.0,3228417.2661870504,0.031609195402298784
2022-08-31,11.97,11.77,12.318164231777192,12.89,0.08688906128782009,1,179856.11510791368,1000000.0,3152877.6978417267,-0.023398328690807824
2022-09-01,11.8,12.05,11.969226541519166,12.89,0.065166795965865,1,179856.11510791368,1000000.0,3122302.1582733816,-0.009697661152310189
2022-09-02,12.04,11.85,11.95037222146988,12.89,0.08068269976726151,1,179856.11510791368,1000000.0,3165467.6258992804,0.013824884792626557
2022-09-05,11.97,12.61,11.848868312835696,12.89,0.021722265321955092,1,179856.11510791368,1000000.0,3152877.6978417267,-0.003977272727272663
2022-09-06,12.68,12.86,12.205192270278932,12.89,0.0023273855702095527,1,179856.11510791368,1000000.0,3280575.5395683455,0.04050199657729614
2022-09-07,12.74,12.81,12.399820330142976,12.89,0.006206361520558578,1,179856.11510791368,1000000.0,3291366.9064748203,0.00328947368421062
2022-09-08,12.6,12.65,12.567049624919893,12.89,0.018619084561675735,1,179856.11510791368,1000000.0,3266187.0503597124,-0.007650273224043658
2022-09-09,12.6,12.68,12.506339969635013,12.89,0.01629169899146632,1,179856.11510791368,1000000.0,3266187.0503597124,0.0
2022-09-13,12.78,12.54,12.480002822875978,12.89,0.027152831652443865,1,179856.11510791368,1000000.0,3298561.151079137,0.009911894273127775
2022-09-14,12.29,12.470000000000002,12.376140179634096,12.89,0.03258339798293236,1,179856.11510791368,1000000.0,3210431.654676259,-0.026717557251908386
2022-09-15,12.65,12.46,12.23546529054642,12.89,0.0333591931730023,1,179856.11510791368,1000000.0,3275179.856115108,0.020168067226890685
2022-09-16,12.32,11.91,12.14992535352707,12.89,0.07602792862684254,1,179856.11510791368,1000000.0,3215827.3381294967,-0.01812191103789118
2022-09-19,11.91,11.99,12.003676297664644,12.89,0.06982156710628397,1,179856.11510791368,1000000.0,3142086.330935252,-0.022930648769574957
2022-09-20,12.09,12.11,11.792458775043489,12.89,0.06051202482544617,1,179856.11510791368,1000000.0,3174460.4316546763,0.01030337721808805
2022-09-21,12.15,12.4,11.98994982481003,12.89,0.03801396431342127,1,179856.11510791368,1000000.0,3185251.798561151,0.0033994334277620553
2022-09-22,12.32,12.96,12.226218106746677,12.96,0.0,1,179856.11510791368,1000000.0,3215827.3381294967,0.009599096555618303
2022-09-23,12.86,12.980000000000002,12.570883038043975,12.980000000000002,0.0,1,179856.11510791368,1000000.0,3312949.64028777,0.030201342281879207
2022-09-26,12.8,12.43,12.8235728764534,12.980000000000002,0.04237288135593239,1,179856.11510791368,1000000.0,3302158.273381295,-0.0032573289902280145
2022-09-27,12.51,12.32,12.663431050777437,12.980000000000002,0.050847457627118786,1,179856.11510791368,1000000.0,3250000.0,-0.015795206971677578
2022-09-28,12.37,12.160000000000002,12.331484618186952,12.980000000000002,0.06317411402157166,1,179856.11510791368,1000000.0,3224820.143884892,-0.007747648035417831
2022-09-29,12.34,12.38,12.150199475288392,12.980000000000002,0.04622496147919887,1,179856.11510791368,1000000.0,3219424.460431655,-0.001673173452314436
2022-09-30,12.28,12.43,12.279546322822572,12.980000000000002,0.04237288135593239,1,179856.11510791368,1000000.0,3208633.0935251797,-0.003351955307262733
2022-10-10,12.71,12.73,12.481313350200654,12.980000000000002,0.019260400616332954,1,179856.11510791368,1000000.0,3285971.223021583,0.02410313901345318
2022-10-11,12.76,12.96,12.779821219444276,12.980000000000002,0.0015408320493067293,1,179856.11510791368,1000000.0,3294964.0287769786,0.002736726874657869
2022-10-12,12.73,12.85,13.093893411159517,12.980000000000002,0.010015408320493262,1,179856.11510791368,1000000.0,3289568.345323741,-0.0016375545851529116
2022-10-13,12.64,12.01,13.112693550586702,12.980000000000002,0.07473035439137152,1,179856.11510791368,1000000.0,3273381.294964029,-0.004920721705850117
2022-10-14,12.09,11.89,12.949559988975526,12.980000000000002,0.08397534668721121,1,179856.11510791368,1000000.0,3174460.4316546763,-0.030219780219780223
2022-10-17,11.74,11.61,12.543203177452089,12.980000000000002,0.10554699537750405,1,179856.11510791368,1000000.0,3111510.7913669064,-0.019830028328611915
2022-10-18,11.62,11.51,12.1886709356308,12.980000000000002,0.11325115562403715,1,179856.11510791368,1000000.0,3089928.0575539568,-0.006936416184971095
2022-10-19,11.47,11.58,11.867291333675386,12.980000000000002,0.10785824345146394,1,179856.11510791368,1000000.0,3062949.64028777,-0.008731082654249045
2022-10-20,11.56,11.429999999999998,11.803185465335847,12.980000000000002,0.1194144838212638,1,179856.11510791368,1000000.0,3079136.690647482,0.005284791544333478
2022-10-21,11.39,11.54,11.68822384119034,12.980000000000002,0.11093990755007725,1,179856.11510791368,1000000.0,3048561.151079137,-0.009929906542055944
2022-10-24,11.55,11.27,11.676973583698274,12.980000000000002,0.13174114021571667,1,179856.11510791368,1000000.0,3077338.129496403,0.00943952802359882
2022-10-25,11.19,11.28,11.600280644893648,12.980000000000002,0.13097072419106337,1,179856.11510791368,1000000.0,3012589.928057554,-0.021040327293980088
2022-10-26,11.28,10.99,11.437411012649536,12.980000000000002,0.15331278890600938,1,179856.11510791368,1000000.0,3028776.978417266,0.005373134328358065
2022-10-27,11.04,10.97,11.23330885410309,12.980000000000002,0.15485362095531596,1,179856.11510791368,1000000.0,2985611.510791367,-0.014251781472684022
2022-10-28,10.89,10.94,11.06076234817505,12.980000000000002,0.15716486902927598,1,179856.11510791368,1000000.0,2958633.09352518,-0.009036144578313143
2022-10-31,10.92,10.609999999999998,10.943767609596254,12.980000000000002,0.18258859784283546,1,179856.11510791368,1000000.0,2964028.7769784173,0.0018237082066867583
2022-11-01,10.64,10.65,10.690446379184724,12.980000000000002,0.179506933744222,1,179856.11510791368,1000000.0,2913669.0647482015,-0.016990291262135915
2022-11-02,10.62,10.77,10.49058264732361,12.980000000000002,0.1702619414483823,1,179856.11510791368,1000000.0,2910071.942446043,-0.0012345679012347732
2022-11-03,10.67,10.77,10.536751511096956,12.980000000000002,0.1702619414483823,1,179856.11510791368,1000000.0,2919064.748201439,0.0030902348578494276
2022-11-04,10.78,10.94,10.559535803794862,12.980000000000002,0.15716486902927598,1,179856.11510791368,1000000.0,2938848.9208633094,0.0067775723967959944
2022-11-07,10.93,11.06,10.794409873485566,12.980000000000002,0.14791987673343615,1,179856.11510791368,1000000.0,2965827.338129496,0.009179926560587415
2022-11-08,11.07,10.93,10.971626641750335,12.980000000000002,0.1579352850539293,1,179856.11510791368,1000000.0,2991007.1942446046,0.00848999393571881
2022-11-09,10.89,10.83,10.937389853000642,12.980000000000002,0.16563944530046237,1,179856.11510791368,1000000.0,2958633.09352518,-0.010823812387251941
2022-11-10,10.7,10.8,10.856247665882112,12.980000000000002,0.16795069337442228,1,179856.11510791368,1000000.0,2924460.431654676,-0.011550151975684098
2022-11-11,10.94,11.04,10.749575140476228,12.980000000000002,0.1494607087827429,1,179856.11510791368,1000000.0,2967625.8992805756,0.014760147601476259
2022-11-14,11.1,10.88,10.937251451015474,12.980000000000002,0.16178736517719577,1,179856.11510791368,1000000.0,2996402.8776978417,0.00969696969696976
2022-11-15,10.8,10.919999999999998,11.037171247005464,12.980000000000002,0.15870570107858273,1,179856.11510791368,1000000.0,2942446.0431654677,-0.01800720288115243
2022-11-16,10.86,10.96,10.98184800386429,12.980000000000002,0.15562403697996927,1,179856.11510791368,1000000.0,2953237.4100719425,0.003667481662591676
2022-11-17,10.97,10.63,10.972232820987704,12.980000000000002,0.18104776579352858,1,179856.11510791368,1000000.0,2973021.582733813,0.006699147381242554
2022-11-18,10.580000000000002,10.63,10.87790113925934,12.980000000000002,0.18104776579352858,1,179856.11510791368,1000000.0,2902877.697841727,-0.023593466424682297
2022-11-21,10.54,10.609999999999998,10.739731969833375,12.980000000000002,0.18258859784283546,1,179856.11510791368,1000000.0,2895683.4532374097,-0.0024783147459730426
2022-11-22,10.61,10.83,10.600709321498872,12.980000000000002,0.16563944530046237,1,179856.11510791368,1000000.0,2908273.381294964,0.004347826086956497
2022-11-23,10.96,11.05,10.771972658634189,12.980000000000002,0.14869029275808945,1,179856.11510791368,1000000.0,2971223.021582734,0.02164502164502169
2022-11-24,11.0,11.07,11.06652051448822,12.980000000000002,0.14714946070878288,1,179856.11510791368,1000000.0,2978417.2661870504,0.002421307506053294
2022-11-25,11.1,11.24,11.120829882621766,12.980000000000002,0.13405238828967656,1,179856.11510791368,1000000.0,2996402.8776978417,0.006038647342995196
2022-11-28,11.14,11.2,11.253565969467164,12.980000000000002,0.13713405238828988,1,179856.11510791368,1000000.0,3003597.1223021587,0.0024009603841537164
2022-11-29,11.240000000000002,11.36,11.347738864421846,12.980000000000002,0.12480739599383686,1,179856.11510791368,1000000.0,3021582.73381295,0.0059880239520957446
2022-11-30,11.4,11.49,11.49045008659363,12.980000000000002,0.11479198767334374,1,179856.11510791368,1000000.0,3050359.712230216,0.009523809523809268
2022-12-01,11.58,11.429999999999998,11.678248169422153,12.980000000000002,0.1194144838212638,1,179856.11510791368,1000000.0,3082733.8129496407,0.010613207547169878
2022-12-02,11.4,11.24,11.6621018075943,12.980000000000002,0.13405238828967656,1,179856.11510791368,1000000.0,3050359.712230216,-0.010501750291715406
2022-12-05,11.35,11.51,11.52235174417496,12.980000000000002,0.11325115562403715,1,179856.11510791368,1000000.0,3041366.9064748203,-0.002948113207547065
2022-12-06,11.46,11.39,11.563650252819064,12.980000000000002,0.12249614791987684,1,179856.11510791368,1000000.0,3061151.079136691,0.006505026611472564
2022-12-07,11.38,11.19,11.51905584573746,12.980000000000002,0.13790446841294318,1,179856.11510791368,1000000.0,3046762.589928058,-0.004700352526439522
2022-12-08,11.2,11.119999999999996,11.41543889284134,12.980000000000002,0.14329738058551666,1,179856.11510791368,1000000.0,3014388.489208633,-0.010625737898465326
2022-12-09,11.12,11.13,11.25504011154175,12.980000000000002,0.14252696456086295,1,179856.11510791368,1000000.0,3000000.0,-0.004773269689737458
2022-12-12,11.12,10.84,11.16297114133835,12.980000000000002,0.1648690292758091,1,179856.11510791368,1000000.0,3000000.0,0.0
2022-12-13,10.87,10.81,11.039452733993532,12.980000000000002,0.16718027734976898,1,179856.11510791368,1000000.0,2955035.971223022,-0.014988009592326046
2022-12-14,10.8,10.99,10.810229542255405,12.980000000000002,0.15331278890600938,1,179856.11510791368,1000000.0,2942446.0431654677,-0.004260499087035963
2022-12-15,10.97,10.8,10.846520903110504,12.980000000000002,0.16795069337442228,1,179856.11510791368,1000000.0,2973021.582733813,0.010391198044009897
2022-12-16,10.77,10.96,10.82572144508362,12.980000000000002,0.15562403697996927,1,179856.11510791368,1000000.0,2937050.35971223,-0.012099213551119314
2022-12-19,10.87,10.64,10.863213362693788,12.980000000000002,0.1802773497688753,1,179856.11510791368,1000000.0,2955035.971223022,0.006123698714023407
2022-12-20,10.61,10.68,10.723706843852998,12.980000000000002,0.17719568567026212,1,179856.11510791368,1000000.0,2908273.381294964,-0.01582471089470494
2022-12-21,10.67,10.69,10.582166137695314,12.980000000000002,0.1764252696456088,1,179856.11510791368,1000000.0,2919064.748201439,0.0037105751391466324
2022-12-22,10.71,10.5,10.573054673671724,12.980000000000002,0.1910631741140217,1,179856.11510791368,1000000.0,2926258.9928057557,0.0024645717806530687
2022-12-23,10.48,10.42,10.560996534824373,12.980000000000002,0.19722650231124822,1,179856.11510791368,1000000.0,2884892.0863309354,-0.01413644744929321
2022-12-26,10.35,10.45,10.36521405220032,12.980000000000002,0.19491525423728834,1,179856.11510791368,1000000.0,2861510.7913669064,-0.008104738154613544
2022-12-27,10.47,10.67,10.309087755680086,12.980000000000002,0.1779661016949154,1,179856.11510791368,1000000.0,2883093.5251798565,0.007542426147077563
2022-12-28,10.61,10.63,10.509610238075258,12.980000000000002,0.18104776579352858,1,179856.11510791368,1000000.0,2908273.381294964,0.00873362445414827
2022-12-29,10.55,10.38,10.552019181251527,12.980000000000002,0.2003081664098614,1,179856.11510791368,1000000.0,2897482.0143884895,-0.0037105751391464104
2022-12-30,10.39,10.409999999999998,10.429927172660827,12.980000000000002,0.19799691833590166,1,179856.11510791368,1000000.0,2868705.0359712234,-0.009931719428926122
2023-01-03,10.36,10.63,10.34857094526291,12.980000000000002,0.18104776579352858,1,179856.11510791368,1000000.0,2863309.3525179857,-0.0018808777429467627
2023-01-04,10.54,10.28,10.518333854675294,12.980000000000002,0.20801232665639463,1,179856.11510791368,1000000.0,2895683.4532374097,0.011306532663316382
2023-01-05,10.3,10.21,10.413461091518403,12.980000000000002,0.2134052388289677,1,179856.11510791368,1000000.0,2852517.985611511,-0.014906832298136496
2023-01-06,10.21,10.25,10.254652860164644,12.980000000000002,0.2103235747303545,1,179856.11510791368,1000000.0,2836330.9352517985,-0.005674653215636871
2023-01-09,10.29,10.27,10.160709025859834,12.980000000000002,0.20878274268104793,1,179856.11510791368,1000000.0,2850719.4244604316,0.005072923272035457
2023-01-10,10.189999999999998,10.12,10.201567652225496,12.980000000000002,0.22033898305084765,1,179856.11510791368,1000000.0,2832733.8129496397,-0.00630914826498441
2023-01-11,10.14,10.609999999999998,10.158359410762788,12.980000000000002,0.18258859784283546,1,179856.11510791368,1000000.0,2823741.007194245,-0.0031746031746029413
2023-01-12,10.5,10.49,10.524356486797334,12.980000000000002,0.19183359013867501,1,179856.11510791368,1000000.0,2888489.2086330936,0.02292993630573248
2023-01-13,10.54,10.509999999999998,10.568454685211185,12.980000000000002,0.19029275808936855,1,179856.11510791368,1000000.0,2895683.4532374097,0.002490660024906388
2023-01-16,10.48,10.43,10.617835762500764,12.980000000000002,0.19645608628659492,1,179856.11510791368,1000000.0,2884892.0863309354,-0.003726708074534013
2023-01-17,10.41,10.36,10.54290825366974,12.980000000000002,0.20184899845916812,1,179856.11510791368,1000000.0,2872302.158273381,-0.004364089775561131
2023-01-18,10.43,10.42,10.395831468105316,12.980000000000002,0.19722650231124822,1,179856.11510791368,1000000.0,2875899.28057554,0.001252348152786631
2023-01-19,10.47,10.43,10.450825335979465,12.980000000000002,0.19645608628659492,1,179856.11510791368,1000000.0,2883093.5251798565,0.00250156347717323
2023-01-20,10.41,10.62,10.51295173406601,12.980000000000002,0.18181818181818202,1,179856.11510791368,1000000.0,2872302.158273381,-0.0037429819089209726
2023-01-30,10.64,10.48,10.642891886234285,12.980000000000002,0.1926040061633283,1,179856.11510791368,1000000.0,2913669.0647482015,0.01440200375704448
2023-01-31,10.35,10.49,10.606849434375764,12.980000000000002,0.19183359013867501,1,179856.11510791368,1000000.0,2861510.7913669064,-0.01790123456790127
2023-02-01,10.46,10.57,10.617943587303165,12.980000000000002,0.1856702619414485,1,179856.11510791368,1000000.0,2881294.9640287776,0.006913890634821174
2023-02-02,10.54,10.63,10.667958738803865,12.980000000000002,0.18104776579352858,1,179856.11510791368,1000000.0,2895683.4532374097,0.004993757802746135
2023-02-03,10.62,10.43,10.729472520351411,12.980000000000002,0.19645608628659492,1,179856.11510791368,1000000.0,2910071.942446043,0.00496894409937898
2023-02-06,10.4,10.36,10.64279747247696,12.980000000000002,0.20184899845916812,1,179856.11510791368,1000000.0,2870503.5971223023,-0.013597033374536327
2023-02-07,10.39,10.37,10.511167528629304,12.980000000000002,0.20107858243451485,1,179856.11510791368,1000000.0,2868705.0359712234,-0.0006265664160399753
2023-02-08,10.34,10.28,10.347858550548557,12.980000000000002,0.20801232665639463,1,179856.11510791368,1000000.0,2859712.2302158275,-0.0031347962382446415
2023-02-09,10.26,10.32,10.295801165103914,12.980000000000002,0.2049306625577813,1,179856.11510791368,1000000.0,2845323.7410071944,-0.005031446540880502
2023-02-10,10.32,10.21,10.27276152610779,12.980000000000002,0.2134052388289677,1,179856.11510791368,1000000.0,2856115.107913669,0.0037926675094817064
2023-02-13,10.21,10.16,10.235230984687806,12.980000000000002,0.21725731895223432,1,179856.11510791368,1000000.0,2836330.9352517985,-0.006926952141057985
2023-02-14,10.17,10.23,10.185244801044464,12.980000000000002,0.21186440677966112,1,179856.11510791368,1000000.0,2829136.690647482,-0.0025364616360177283
2023-02-15,10.23,10.16,10.172321918010711,12.980000000000002,0.21725731895223432,1,179856.11510791368,1000000.0,2839928.057553957,0.00381436745073116
2023-02-16,10.18,10.07,10.135690453052522,12.980000000000002,0.22419106317411414,1,179856.11510791368,1000000.0,2830935.251798561,-0.0031665611146297623
2023-02-17,10.07,10.18,10.057839872837068,12.980000000000002,0.21571648690292775,1,179856.11510791368,1000000.0,2811151.079136691,-0.0069885641677253085
2023-02-20,10.24,10.34,10.069061698913575,12.980000000000002,0.20338983050847473,1,179856.11510791368,1000000.0,2841726.618705036,0.010876519513755456
2023-02-21,10.36,10.49,10.245133163928989,12.980000000000002,0.19183359013867501,1,179856.11510791368,1000000.0,2863309.3525179857,0.0075949367088608
2023-02-22,10.44,10.57,10.419871034622194,12.980000000000002,0.1856702619414485,1,179856.11510791368,1000000.0,2877697.841726619,0.005025125628140614
2023-02-23,10.78,10.65,10.50538361310959,12.980000000000002,0.179506933744222,1,179856.11510791368,1000000.0,2938848.9208633094,0.02124999999999999
2023-02-24,10.67,10.6,10.719847145080568,12.980000000000002,0.1833590138674886,1,179856.11510791368,1000000.0,2919064.748201439,-0.006731946144430734
2023-02-27,10.61,10.6,10.736873271465305,12.980000000000002,0.1833590138674886,1,179856.11510791368,1000000.0,2908273.381294964,-0.003696857670979825
2023-02-28,10.59,10.56,10.708275022506715,12.980000000000002,0.18644067796610178,1,179856.11510791368,1000000.0,2904676.258992806,-0.001236858379715322
2023-03-01,10.54,10.59,10.700337829589843,12.980000000000002,0.1841294298921419,1,179856.11510791368,1000000.0,2895683.4532374097,-0.0030959752321984
2023-03-02,10.59,10.63,10.677812638282775,12.980000000000002,0.18104776579352858,1,179856.11510791368,1000000.0,2904676.258992806,0.0031055900621119736
2023-03-03,10.62,10.7,10.763276400566102,12.980000000000002,0.1756548536209555,1,179856.11510791368,1000000.0,2910071.942446043,0.0018575851393185516
2023-03-06,10.71,10.54,10.83813417196274,12.980000000000002,0.18798151001540853,1,179856.11510791368,1000000.0,2926258.9928057557,0.005562422744128881
2023-03-07,10.59,10.79,10.745619955062867,12.980000000000002,0.1687211093990757,1,179856.11510791368,1000000.0,2904676.258992806,-0.007375537799631182
2023-03-08,10.71,10.59,10.951157095432285,12.980000000000002,0.1841294298921419,1,179856.11510791368,1000000.0,2926258.9928057557,0.007430340557275539
2023-03-09,10.56,10.509999999999998,10.808642747402192,12.980000000000002,0.19029275808936855,1,179856.11510791368,1000000.0,2899280.5755395684,-0.009219422249539089
2023-03-10,10.47,10.3,10.69344079732895,12.980000000000002,0.2064714946070879,1,179856.11510791368,1000000.0,2883093.5251798565,-0.005583126550868456
2023-03-13,10.35,10.509999999999998,10.490651848316194,12.980000000000002,0.19029275808936855,1,179856.11510791368,1000000.0,2861510.7913669064,-0.007485963817841723
2023-03-14,10.46,10.66,10.494117262363435,12.980000000000002,0.1787365177195687,1,179856.11510791368,1000000.0,2881294.9640287776,0.006913890634821174
2023-03-15,10.68,10.67,10.679310920238496,12.980000000000002,0.1779661016949154,1,179856.11510791368,1000000.0,2920863.309352518,0.01373283395755287
2023-03-16,10.56,10.36,10.699816944599151,12.980000000000002,0.20184899845916812,1,179856.11510791368,1000000.0,2899280.5755395684,-0.007389162561576401
2023-03-17,10.42,10.49,10.5849014544487,12.980000000000002,0.19183359013867501,1,179856.11510791368,1000000.0,2874100.7194244605,-0.008684863523573227
2023-03-20,10.49,10.46,10.552920939922334,12.980000000000002,0.1941448382126349,1,179856.11510791368,1000000.0,2886690.6474820143,0.00438047559449295
2023-03-21,10.51,10.36,10.57075762987137,12.980000000000002,0.20184899845916812,1,179856.11510791368,1000000.0,2890287.769784173,0.0012461059190032042
2023-03-22,10.37,10.48,10.480843546390537,12.980000000000002,0.1926040061633283,1,179856.11510791368,1000000.0,2865107.9136690646,-0.008711885500933603
2023-03-23,10.49,10.6,10.490120770931243,12.980000000000002,0.1833590138674886,1,179856.11510791368,1000000.0,2886690.6474820143,0.007532956685499137
2023-03-24,10.39,10.06,10.540292026996614,12.980000000000002,0.22496147919876744,1,179856.11510791368,1000000.0,2868705.0359712234,-0.006230529595015355
2023-03-27,10.02,9.97,10.427880647182466,12.980000000000002,0.23189522342064722,1,179856.11510791368,1000000.0,2802158.2733812947,-0.023197492163009592
2023-03-28,9.94,9.93,10.03986960887909,12.980000000000002,0.23497688751926055,1,179856.11510791368,1000000.0,2787769.7841726616,-0.005134788189987138
2023-03-29,9.95,9.78,9.918993713855745,12.980000000000002,0.24653312788906026,1,179856.11510791368,1000000.0,2789568.345323741,0.00064516129032266
2023-03-30,9.8,9.800000000000002,9.880957307815551,12.980000000000002,0.2449922958397534,1,179856.11510791368,1000000.0,2762589.928057554,-0.009671179883945724
2023-03-31,9.79,9.69,9.883016171455385,12.980000000000002,0.2534668721109401,1,179856.11510791368,1000000.0,2760791.366906475,-0.0006510416666667407
2023-04-03,9.74,9.78,9.734334888458251,12.980000000000002,0.24653312788906026,1,179856.11510791368,1000000.0,2751798.561151079,-0.0032573289902281255
2023-04-04,9.8,9.76,9.724994363784791,12.980000000000002,0.24807395993836687,1,179856.11510791368,1000000.0,2762589.928057554,0.0039215686274511885
2023-04-06,9.77,9.77,9.724024477005006,12.980000000000002,0.24730354391371356,1,179856.11510791368,1000000.0,2757194.2446043165,-0.001953125000000111
2023-04-07,9.76,9.72,9.746844711303712,12.980000000000002,0.25115562403698005,1,179856.11510791368,1000000.0,2755395.6834532376,-0.000652315720808816
2023-04-10,9.72,9.61,9.677642645835878,12.980000000000002,0.2596302003081666,1,179856.11510791368,1000000.0,2748201.438848921,-0.0026109660574412663
2023-04-11,9.6,9.65,9.63117283821106,12.980000000000002,0.25654853620955326,1,179856.11510791368,1000000.0,2726618.7050359715,-0.007853403141361293
2023-04-12,9.64,9.78,9.621715905666353,12.980000000000002,0.24653312788906026,1,179856.11510791368,1000000.0,2733812.949640288,0.0026385224274405594
2023-04-13,9.77,9.81,9.670741858482362,12.980000000000002,0.24422187981510024,1,179856.11510791368,1000000.0,2757194.2446043165,0.008552631578947256
2023-04-14,9.81,9.81,9.69878918170929,12.980000000000002,0.24422187981510024,1,179856.11510791368,1000000.0,2764388.489208633,0.002609262883235486
2023-04-17,9.82,10.03,9.770705106258394,12.980000000000002,0.22727272727272746,1,179856.11510791368,1000000.0,2766187.0503597124,0.0006506180871828082
2023-04-18,10.06,10.47,10.023478629589082,12.980000000000002,0.1933744221879816,1,179856.11510791368,1000000.0,2809352.5179856117,0.015604681404421283
2023-04-19,10.48,10.609999999999998,10.465358080863954,12.980000000000002,0.18258859784283546,1,179856.11510791368,1000000.0,2884892.0863309354,0.02688860435339313
2023-04-20,10.59,10.64,10.787826659679414,12.980000000000002,0.1802773497688753,1,179856.11510791368,1000000.0,2904676.258992806,0.00685785536159611
2023-04-21,10.59,10.509999999999998,10.807370307445527,12.980000000000002,0.19029275808936855,1,179856.11510791368,1000000.0,2904676.258992806,0.0
2023-04-24,10.519999999999998,10.39,10.765821816921235,12.980000000000002,0.1995377503852081,1,179856.11510791368,1000000.0,2892086.3309352514,-0.004334365325077583
2023-04-25,10.36,10.34,10.664844157695772,12.980000000000002,0.20338983050847473,1,179856.11510791368,1000000.0,2863309.3525179857,-0.00995024875621875
2023-04-26,10.36,10.35,10.557326200008394,12.980000000000002,0.20261941448382143,1,179856.11510791368,1000000.0,2863309.3525179857,0.0
2023-04-27,10.35,10.37,10.502033534049987,12.980000000000002,0.20107858243451485,1,179856.11510791368,1000000.0,2861510.7913669064,-0.0006281407035176878
2023-04-28,10.38,10.8,10.51499021291733,12.980000000000002,0.16795069337442228,1,179856.11510791368,1000000.0,2866906.474820144,0.0018856065367693908
2023-05-04,10.68,10.7,10.845105769634248,12.980000000000002,0.1756548536209555,1,179856.11510791368,1000000.0,2920863.309352518,0.01882057716436636
2023-05-05,10.7,10.71,10.867764534950258,12.980000000000002,0.17488443759630207,1,179856.11510791368,1000000.0,2924460.431654676,0.0012315270935958633
2023-05-08,10.73,11.1,10.856839361190795,12.980000000000002,0.14483821263482297,1,179856.11510791368,1000000.0,2929856.1151079135,0.0018450184501845879
2023-05-09,11.11,11.27,11.199198129177097,12.980000000000002,0.13174114021571667,1,179856.11510791368,1000000.0,2998201.438848921,0.023327194597912992
2023-05-10,11.26,10.99,11.467014553546909,12.980000000000002,0.15331278890600938,1,179856.11510791368,1000000.0,3025179.856115108,0.008998200359927822
2023-05-11,10.93,10.95,11.32813352584839,12.980000000000002,0.1563944530046227,1,179856.11510791368,1000000.0,2965827.338129496,-0.019619500594530326
2023-05-12,11.0,10.88,11.055241825580598,12.980000000000002,0.16178736517719577,1,179856.11510791368,1000000.0,2978417.2661870504,0.004244996967859294
2023-05-15,10.84,11.08,10.915151121616365,12.980000000000002,0.14637904468412957,1,179856.11510791368,1000000.0,2949640.287769784,-0.009661835748792313
2023-05-16,11.09,11.019999999999998,10.995266559123994,12.980000000000002,0.1510015408320496,1,179856.11510791368,1000000.0,2994604.3165467624,0.015243902439024293
2023-05-17,11.06,11.03,11.0257949256897,12.980000000000002,0.1502311248073962,1,179856.11510791368,1000000.0,2989208.6330935257,-0.0018018018018015614
2023-05-18,11.06,11.019999999999998,11.02951783180237,12.980000000000002,0.1510015408320496,1,179856.11510791368,1000000.0,2989208.6330935257,0.0
2023-05-19,10.89,11.01,11.056267502307891,12.980000000000002,0.15177195685670278,1,179856.11510791368,1000000.0,2958633.09352518,-0.010228640192539218
2023-05-22,10.94,10.97,11.020004036426544,12.980000000000002,0.15485362095531596,1,179856.11510791368,1000000.0,2967625.8992805756,0.003039513677811412
2023-05-23,10.99,11.0,10.950305225849151,12.980000000000002,0.15254237288135608,1,179856.11510791368,1000000.0,2976618.7050359715,0.003030303030303161
2023-05-24,10.99,10.83,10.871531965732576,12.980000000000002,0.16563944530046237,1,179856.11510791368,1000000.0,2976618.7050359715,0.0
2023-05-25,10.78,10.73,10.798346283435825,12.980000000000002,0.1733436055469955,1,179856.11510791368,1000000.0,2938848.9208633094,-0.012688821752265933
2023-05-26,10.67,10.3,10.686493339538575,12.980000000000002,0.2064714946070879,1,179856.11510791368,1000000.0,2919064.748201439,-0.006731946144430734
2023-05-29,10.37,10.24,10.40374183893204,12.980000000000002,0.21109399075500782,1,179856.11510791368,1000000.0,2865107.9136690646,-0.01848428835489846
2023-05-30,10.27,10.25,10.147999646663669,12.980000000000002,0.2103235747303545,1,179856.11510791368,1000000.0,2847122.3021582733,-0.006277463904582503
2023-05-31,10.189999999999998,9.95,10.059511425495147,12.980000000000002,0.23343605546995397,1,179856.11510791368,1000000.0,2832733.8129496397,-0.005053695514845358
2023-06-01,9.93,9.99,10.05730879545212,12.980000000000002,0.23035439137134064,1,179856.11510791368,1000000.0,2785971.2230215827,-0.01650793650793636
2023-06-02,10.04,10.04,9.994205000400544,12.980000000000002,0.22650231124807416,1,179856.11510791368,1000000.0,2805755.3956834534,0.007101355713363455
2023-06-05,10.07,10.09,9.920677604675294,12.980000000000002,0.22265023112480753,1,179856.11510791368,1000000.0,2811151.079136691,0.0019230769230769162
2023-06-06,10.04,10.29,9.923153820037845,12.980000000000002,0.20724191063174133,1,179856.11510791368,1000000.0,2805755.3956834534,-0.0019193857965451588
2023-06-07,10.34,10.19,10.18322831630707,12.980000000000002,0.21494607087827444,1,179856.11510791368,1000000.0,2859712.2302158275,0.019230769230769162
2023-06-08,10.23,10.35,10.187252166271213,12.980000000000002,0.20261941448382143,1,179856.11510791368,1000000.0,2839928.057553957,-0.006918238993710579
2023-06-09,10.3,10.34,10.247432353496553,12.980000000000002,0.20338983050847473,1,179856.11510791368,1000000.0,2852517.985611511,0.004433185560481334
2023-06-12,10.31,10.32,10.27947938680649,12.980000000000002,0.2049306625577813,1,179856.11510791368,1000000.0,2854316.5467625903,0.0006305170239597757
2023-06-13,10.31,10.16,10.295572104454042,12.980000000000002,0.21725731895223432,1,179856.11510791368,1000000.0,2854316.5467625903,0.0
2023-06-14,10.2,10.099999999999998,10.256972434520724,12.980000000000002,0.2218798151001544,1,179856.11510791368,1000000.0,2834532.3741007196,-0.006931316950220645
2023-06-15,10.12,10.21,10.168003561496736,12.980000000000002,0.2134052388289677,1,179856.11510791368,1000000.0,2820143.8848920865,-0.005076142131979711
2023-06-16,10.189999999999998,10.24,10.265404763221742,12.980000000000002,0.21109399075500782,1,179856.11510791368,1000000.0,2832733.8129496397,0.004464285714285365
2023-06-19,10.24,10.14,10.32945108652115,12.980000000000002,0.21879815100154093,1,179856.11510791368,1000000.0,2841726.618705036,0.0031746031746033854
2023-06-20,10.13,9.97,10.266676666736604,12.980000000000002,0.23189522342064722,1,179856.11510791368,1000000.0,2821942.4460431654,-0.006962025316455733
2023-06-21,9.97,9.86,10.224952759742738,12.980000000000002,0.24036979969183375,1,179856.11510791368,1000000.0,2793165.4676258992,-0.010197578075207159
2023-06-26,9.83,9.75,10.0652298951149,12.980000000000002,0.24884437596302017,1,179856.11510791368,1000000.0,2767985.6115107914,-0.009014810045074095
2023-06-27,9.78,9.93,9.907896878719331,12.980000000000002,0.23497688751926055,1,179856.11510791368,1000000.0,2758992.8057553954,-0.0032488628979857603
2023-06-28,9.94,10.12,9.951164128780366,12.980000000000002,0.22033898305084765,1,179856.11510791368,1000000.0,2787769.7841726616,0.010430247718383301
2023-06-29,10.12,10.03,10.0716773891449,12.980000000000002,0.22727272727272746,1,179856.11510791368,1000000.0,2820143.8848920865,0.011612903225806548
2023-06-30,10.05,10.23,10.088842453956604,12.980000000000002,0.21186440677966112,1,179856.11510791368,1000000.0,2807553.9568345323,-0.0044642857142858094
2023-07-03,10.27,10.48,10.213000299930574,12.980000000000002,0.1926040061633283,1,179856.11510791368,1000000.0,2847122.3021582733,0.014093529788597126
2023-07-04,10.47,10.52,10.417325081825258,12.980000000000002,0.1895223420647151,1,179856.11510791368,1000000.0,2883093.5251798565,0.012634238787113228
2023-07-05,10.5,10.56,10.546065213680269,12.980000000000002,0.18644067796610178,1,179856.11510791368,1000000.0,2888489.2086330936,0.0018714909544603753
2023-07-06,10.580000000000002,10.509999999999998,10.687532427310945,12.980000000000002,0.19029275808936855,1,179856.11510791368,1000000.0,2902877.697841727,0.0049813200498134425
2023-07-07,10.48,10.609999999999998,10.69569385290146,12.980000000000002,0.18258859784283546,1,179856.11510791368,1000000.0,2884892.0863309354,-0.006195786864932051
2023-07-10,10.62,10.65,10.737676861286165,12.980000000000002,0.179506933744222,1,179856.11510791368,1000000.0,2910071.942446043,0.00872817955112204
2023-07-11,10.7,10.68,10.807576301097871,12.980000000000002,0.17719568567026212,1,179856.11510791368,1000000.0,2924460.431654676,0.0049443757725586845
2023-07-12,10.72,10.55,10.871299149990085,12.980000000000002,0.18721109399075508,1,179856.11510791368,1000000.0,2928057.5539568346,0.0012300123001232066
2023-07-13,10.6,10.64,10.836921813488008,12.980000000000002,0.1802773497688753,1,179856.11510791368,1000000.0,2906474.820143885,-0.0073710073710073765
2023-07-14,10.69,10.6,10.844320418834688,12.980000000000002,0.1833590138674886,1,179856.11510791368,1000000.0,2922661.870503597,0.005569306930693019
2023-07-17,10.6,10.65,10.835199835300449,12.980000000000002,0.179506933744222,1,179856.11510791368,1000000.0,2906474.820143885,-0.005538461538461492
2023-07-18,10.63,10.56,10.823579432964326,12.980000000000002,0.18644067796610178,1,179856.11510791368,1000000.0,2911870.5035971226,0.0018564356435644136
2023-07-19,10.55,10.65,10.701779248714448,12.980000000000002,0.179506933744222,1,179856.11510791368,1000000.0,2897482.0143884895,-0.004941321803582421
2023-07-20,10.67,10.6,10.749369683265687,12.980000000000002,0.1833590138674886,1,179856.11510791368,1000000.0,2919064.748201439,0.007448789571694592
2023-07-21,10.62,10.57,10.736309471130372,12.980000000000002,0.1856702619414485,1,179856.11510791368,1000000.0,2910071.942446043,-0.0030807147258166134
2023-07-24,10.57,10.52,10.62259882926941,12.980000000000002,0.1895223420647151,1,179856.11510791368,1000000.0,2901079.1366906473,-0.0030902348578490946
2023-07-25,10.57,10.64,10.5543194437027,12.980000000000002,0.1802773497688753,1,179856.11510791368,1000000.0,2901079.1366906473,0.0
2023-07-26,10.69,10.63,10.64604455471039,12.980000000000002,0.18104776579352858,1,179856.11510791368,1000000.0,2922661.870503597,0.007439553626782391
2023-07-27,10.64,10.56,10.710595133304595,12.980000000000002,0.18644067796610178,1,179856.11510791368,1000000.0,2913669.0647482015,-0.003076923076922977
2023-07-28,10.56,10.65,10.637989881038669,12.980000000000002,0.179506933744222,1,179856.11510791368,1000000.0,2899280.5755395684,-0.004938271604938316
2023-07-31,10.65,10.6,10.65224743127823,12.980000000000002,0.1833590138674886,1,179856.11510791368,1000000.0,2915467.6258992804,0.005583126550868345
2023-08-01,10.59,10.6,10.684928538799287,12.980000000000002,0.1833590138674886,1,179856.11510791368,1000000.0,2904676.258992806,-0.0037014188772360734
2023-08-02,10.6,10.38,10.650355937480928,12.980000000000002,0.2003081664098614,1,179856.11510791368,1000000.0,2906474.820143885,0.0006191950464395912
2023-08-03,10.39,10.5,10.48074913263321,12.980000000000002,0.1910631741140217,1,179856.11510791368,1000000.0,2868705.0359712234,-0.012995049504950451
2023-08-04,10.54,10.46,10.43189966917038,12.980000000000002,0.1941448382126349,1,179856.11510791368,1000000.0,2895683.4532374097,0.009404388714733258
2023-08-07,10.45,10.44,10.424373927116395,12.980000000000002,0.1956856702619416,1,179856.11510791368,1000000.0,2879496.4028776977,-0.005590062111801131
2023-08-08,10.44,10.48,10.4268420958519,12.980000000000002,0.1926040061633283,1,179856.11510791368,1000000.0,2877697.841726619,-0.0006246096189880257
2023-08-09,10.46,10.409999999999998,10.42849004507065,12.980000000000002,0.19799691833590166,1,179856.11510791368,1000000.0,2881294.9640287776,0.0012500000000001954
2023-08-10,10.42,10.66,10.41087436914444,12.980000000000002,0.1787365177195687,1,179856.11510791368,1000000.0,2874100.7194244605,-0.0024968789013734005
2023-08-11,10.65,10.43,10.683114292621614,12.980000000000002,0.19645608628659492,1,179856.11510791368,1000000.0,2915467.6258992804,0.014392991239048802
2023-08-14,10.4,10.39,10.655331971645357,12.980000000000002,0.1995377503852081,1,179856.11510791368,1000000.0,2870503.5971223023,-0.015422578655151065
2023-08-15,10.41,10.46,10.473829033374788,12.980000000000002,0.1941448382126349,1,179856.11510791368,1000000.0,2872302.158273381,0.0006265664160400863
2023-08-16,10.44,10.39,10.469095470905303,12.980000000000002,0.1995377503852081,1,179856.11510791368,1000000.0,2877697.841726619,0.0018785222291797243
2023-08-17,10.38,10.35,10.450892927646638,12.980000000000002,0.20261941448382143,1,179856.11510791368,1000000.0,2866906.474820144,-0.003750000000000031
2023-08-18,10.36,10.35,10.389380218982698,12.980000000000002,0.20261941448382143,1,179856.11510791368,1000000.0,2863309.3525179857,-0.0012547051442910462
2023-08-21,10.35,10.24,10.421283485889436,12.980000000000002,0.21109399075500782,1,179856.11510791368,1000000.0,2861510.7913669064,-0.0006281407035176878
2023-08-22,10.27,10.35,10.353346350193023,12.980000000000002,0.20261941448382143,1,179856.11510791368,1000000.0,2847122.3021582733,-0.005028284098051561
2023-08-23,10.37,10.47,10.409904482364656,12.980000000000002,0.1933744221879816,1,179856.11510791368,1000000.0,2865107.9136690646,0.006317119393556503
2023-08-24,10.5,10.39,10.522097530364992,12.980000000000002,0.1995377503852081,1,179856.11510791368,1000000.0,2888489.2086330936,0.008160703075957398
2023-08-25,10.3,10.16,10.502714278697969,12.980000000000002,0.21725731895223432,1,179856.11510791368,1000000.0,2852517.985611511,-0.01245330012453294
2023-08-28,10.54,10.37,10.359475734233856,12.980000000000002,0.20107858243451485,1,179856.11510791368,1000000.0,2895683.4532374097,0.015132408575031286
2023-08-29,10.37,10.36,10.472689094543458,12.980000000000002,0.20184899845916812,1,179856.11510791368,1000000.0,2865107.9136690646,-0.01055900621118
2023-08-30,10.35,10.35,10.462770822048189,12.980000000000002,0.20261941448382143,1,179856.11510791368,1000000.0,2861510.7913669064,-0.0012554927809165228
2023-08-31,10.34,10.26,10.374497177600862,12.980000000000002,0.20955315870570124,1,179856.11510791368,1000000.0,2859712.2302158275,-0.0006285355122563896
2023-09-01,10.28,10.49,10.366951587200166,12.980000000000002,0.19183359013867501,1,179856.11510791368,1000000.0,2848920.8633093527,-0.0037735849056603765
2023-09-04,10.55,10.78,10.55165761947632,12.980000000000002,0.169491525423729,1,179856.11510791368,1000000.0,2897482.0143884895,0.017045454545454586
2023-09-05,10.81,10.83,10.853093388080598,12.980000000000002,0.16563944530046237,1,179856.11510791368,1000000.0,2944244.6043165466,0.016139044072004838
2023-09-06,10.88,10.78,10.989081385135652,12.980000000000002,0.169491525423729,1,179856.11510791368,1000000.0,2956834.5323741008,0.004276114844227408
2023-09-07,10.79,10.8,11.030761840343477,12.980000000000002,0.16795069337442228,1,179856.11510791368,1000000.0,2940647.4820143883,-0.005474452554744547
2023-09-08,10.73,10.64,11.020237925052644,12.980000000000002,0.1802773497688753,1,179856.11510791368,1000000.0,2929856.1151079135,-0.003669724770642202
2023-09-11,10.69,10.7,10.905971529483796,12.980000000000002,0.1756548536209555,1,179856.11510791368,1000000.0,2922661.870503597,-0.0024554941682013443
2023-09-12,10.73,10.69,10.921224715709688,12.980000000000002,0.1764252696456088,1,179856.11510791368,1000000.0,2929856.1151079135,0.002461538461538515
2023-09-13,10.67,10.78,10.88570153951645,12.980000000000002,0.169491525423729,1,179856.11510791368,1000000.0,2919064.748201439,-0.0036832412523019054
2023-09-14,10.8,11.11,10.980210247039796,12.980000000000002,0.1440677966101697,1,179856.11510791368,1000000.0,2942446.0431654677,0.008009858287122418
2023-09-15,11.2,11.07,11.330551805496215,12.980000000000002,0.14714946070878288,1,179856.11510791368,1000000.0,3014388.489208633,0.02444987775061125
2023-09-18,11.1,11.1,11.344154360294343,12.980000000000002,0.14483821263482297,1,179856.11510791368,1000000.0,2996402.8776978417,-0.005966587112171795
2023-09-19,11.13,11.119999999999996,11.3540881896019,12.980000000000002,0.14329738058551666,1,179856.11510791368,1000000.0,3001798.5611510794,0.0018007202881153983
2023-09-20,11.12,11.119999999999996,11.409661414623262,12.980000000000002,0.14329738058551666,1,179856.11510791368,1000000.0,3000000.0,-0.0005991611743559888
2023-09-21,11.1,11.03,11.410805108547212,12.980000000000002,0.1502311248073962,1,179856.11510791368,1000000.0,2996402.8776978417,-0.0011990407673860837
2023-09-22,11.04,10.91,11.330991151332857,12.980000000000002,0.1594761171032359,1,179856.11510791368,1000000.0,2985611.510791367,-0.0036014405762304635
2023-09-25,10.910000000000002,10.93,11.161965849399568,12.980000000000002,0.1579352850539293,1,179856.11510791368,1000000.0,2962230.2158273384,-0.007831325301204783
2023-09-26,10.93,10.9,11.0808166885376,12.980000000000002,0.16024653312788917,1,179856.11510791368,1000000.0,2965827.338129496,0.0012143290831814202
2023-09-27,10.910000000000002,10.82,11.044941070079805,12.980000000000002,0.16640986132511568,1,179856.11510791368,1000000.0,2962230.2158273384,-0.0012128562765311157
2023-09-28,10.92,10.94,10.991653087139133,12.980000000000002,0.15716486902927598,1,179856.11510791368,1000000.0,2964028.7769784173,0.0006071645415905991
2023-10-09,10.83,11.019999999999998,11.111739876270295,12.980000000000002,0.1510015408320496,1,179856.11510791368,1000000.0,2947841.7266187053,-0.005461165048543659
2023-10-10,10.99,10.86,11.174787344932556,12.980000000000002,0.1633281972265025,1,179856.11510791368,1000000.0,2976618.7050359715,0.009762050030506453
2023-10-11,10.81,10.7,11.047934415340425,12.980000000000002,0.1756548536209555,1,179856.11510791368,1000000.0,2944244.6043165466,-0.010876132930513704
2023-10-12,10.73,10.68,10.88097763299942,12.980000000000002,0.17719568567026212,1,179856.11510791368,1000000.0,2929856.1151079135,-0.004886988393402514
2023-10-13,10.65,10.66,10.64970791578293,12.980000000000002,0.1787365177195687,1,179856.11510791368,1000000.0,2915467.6258992804,-0.0049109883364026885
2023-10-16,10.75,10.8,10.600263001918794,12.980000000000002,0.16795069337442228,1,179856.11510791368,1000000.0,2933453.2374100722,0.0061690314620606035
2023-10-17,10.92,11.119999999999996,10.75494814157486,12.980000000000002,0.14329738058551666,1,179856.11510791368,1000000.0,2964028.7769784173,0.01042305334150817
2023-10-18,11.12,11.13,11.068842771053315,12.980000000000002,0.14252696456086295,1,179856.11510791368,1000000.0,3000000.0,0.012135922330096971
2023-10-19,11.16,10.9,11.221028628349304,12.980000000000002,0.16024653312788917,1,179856.11510791368,1000000.0,3007194.2446043165,0.0023980815347721673
2023-10-20,10.9,10.919999999999998,11.158813717365266,12.980000000000002,0.15870570107858273,1,179856.11510791368,1000000.0,2960431.654676259,-0.015550239234449759
2023-10-23,10.82,10.79,11.10599887609482,12.980000000000002,0.1687211093990757,1,179856.11510791368,1000000.0,2946043.165467626,-0.004860267314702349
2023-10-24,10.79,10.88,11.021987261772155,12.980000000000002,0.16178736517719577,1,179856.11510791368,1000000.0,2940647.4820143883,-0.001831501831501936
2023-10-25,10.94,10.99,11.010074498653411,12.980000000000002,0.15331278890600938,1,179856.11510791368,1000000.0,2967625.8992805756,0.009174311926605672
2023-10-26,10.96,10.96,11.113389971256256,12.980000000000002,0.15562403697996927,1,179856.11510791368,1000000.0,2971223.021582734,0.00121212121212122
2023-10-27,10.92,10.9,11.104790809154512,12.980000000000002,0.16024653312788917,1,179856.11510791368,1000000.0,2964028.7769784173,-0.002421307506053294
2023-10-30,10.87,10.75,11.072925093173982,12.980000000000002,0.17180277349768888,1,179856.11510791368,1000000.0,2955035.971223022,-0.0030339805825242427
2023-10-31,10.68,10.8,11.01663142681122,12.980000000000002,0.16795069337442228,1,179856.11510791368,1000000.0,2920863.309352518,-0.011564211807668978
2023-11-01,10.81,10.75,10.97996616601944,12.980000000000002,0.17180277349768888,1,179856.11510791368,1000000.0,2944244.6043165466,0.008004926108374333
2023-11-02,10.75,10.74,10.919899168014528,12.980000000000002,0.17257318952234219,1,179856.11510791368,1000000.0,2933453.2374100722,-0.0036652412950517466
2023-11-03,10.8,10.72,10.88496124982834,12.980000000000002,0.1741140215716488,1,179856.11510791368,1000000.0,2942446.0431654677,0.003065603923972926
2023-11-06,10.73,10.57,10.870373787879943,12.980000000000002,0.1856702619414485,1,179856.11510791368,1000000.0,2929856.1151079135,-0.0042787286063570296
2023-11-07,10.54,10.62,10.690911474227908,12.980000000000002,0.18181818181818202,1,179856.11510791368,1000000.0,2895683.4532374097,-0.011663597298956496
2023-11-08,10.57,10.56,10.625470402240754,12.980000000000002,0.18644067796610178,1,179856.11510791368,1000000.0,2901079.1366906473,0.0018633540372672286
2023-11-09,10.56,10.89,10.614825787544252,12.980000000000002,0.16101694915254247,1,179856.11510791368,1000000.0,2899280.5755395684,-0.0006199628022317549
2023-11-10,10.92,10.98,10.948457183837892,12.980000000000002,0.15408320493066266,1,179856.11510791368,1000000.0,2964028.7769784173,0.022332506203473823
2023-11-13,11.0,10.93,11.121620061397554,12.980000000000002,0.1579352850539293,1,179856.11510791368,1000000.0,2978417.2661870504,0.004854368932038833
2023-11-14,10.910000000000002,10.84,11.11980045080185,12.980000000000002,0.1648690292758091,1,179856.11510791368,1000000.0,2962230.2158273384,-0.005434782608695565
2023-11-15,10.9,10.89,11.007041456699373,12.980000000000002,0.16101694915254247,1,179856.11510791368,1000000.0,2960431.654676259,-0.0006071645415908211
2023-11-16,10.87,10.89,11.001907708644868,12.980000000000002,0.16101694915254247,1,179856.11510791368,1000000.0,2955035.971223022,-0.0018226002430132837
2023-11-17,10.88,10.86,11.034190776348115,12.980000000000002,0.1633281972265025,1,179856.11510791368,1000000.0,2956834.5323741008,0.0006086427267193439
2023-11-20,10.87,10.84,11.06721735239029,12.980000000000002,0.1648690292758091,1,179856.11510791368,1000000.0,2955035.971223022,-0.000608272506082641
2023-11-21,10.84,10.919999999999998,11.005168201923372,12.980000000000002,0.15870570107858273,1,179856.11510791368,1000000.0,2949640.287769784,-0.0018259281801583649
2023-11-22,10.9,10.9,11.097641649246215,12.980000000000002,0.16024653312788917,1,179856.11510791368,1000000.0,2960431.654676259,0.003658536585365857
2023-11-23,10.92,11.019999999999998,11.116769554615022,12.980000000000002,0.1510015408320496,1,179856.11510791368,1000000.0,2964028.7769784173,0.0012150668286756705
2023-11-24,11.04,11.17,11.175166609287263,12.980000000000002,0.13944530046224976,1,179856.11510791368,1000000.0,2985611.510791367,0.007281553398058138
2023-11-27,11.26,11.24,11.40353739500046,12.980000000000002,0.13405238828967656,1,179856.11510791368,1000000.0,3025179.856115108,0.013253012048192847
2023-11-28,11.240000000000002,11.29,11.52063727617264,12.980000000000002,0.13020030816641007,1,179856.11510791368,1000000.0,3021582.73381295,-0.0011890606420925653
2023-11-29,11.29,11.45,11.55940109729767,12.980000000000002,0.11787365177195706,1,179856.11510791368,1000000.0,3030575.539568345,0.0029761904761902436
2023-11-30,11.47,11.529999999999998,11.676896872520448,12.980000000000002,0.1117103235747307,1,179856.11510791368,1000000.0,3062949.64028777,0.010682492581602476
2023-12-01,11.5,11.68,11.757193627357484,12.980000000000002,0.10015408320493084,1,179856.11510791368,1000000.0,3068345.3237410076,0.0017615971814446407
2023-12-04,11.72,11.85,11.94376057624817,12.980000000000002,0.08705701078582452,1,179856.11510791368,1000000.0,3107913.6690647486,0.01289566236811246
2023-12-05,11.85,11.72,12.15661800146103,12.980000000000002,0.09707241910631752,1,179856.11510791368,1000000.0,3131294.964028777,0.00752314814814814
2023-12-06,11.69,11.85,12.197780253887178,12.980000000000002,0.08705701078582452,1,179856.11510791368,1000000.0,3102517.985611511,-0.009190120620333087
2023-12-07,11.83,11.78,12.197730901241304,12.980000000000002,0.09244992295839774,1,179856.11510791368,1000000.0,3127697.841726619,0.008115942028985579
2023-12-08,11.73,11.75,12.163829925060272,12.980000000000002,0.09476117103235762,1,179856.11510791368,1000000.0,3109712.2302158275,-0.005750431282346202
2023-12-11,11.71,11.93,12.133093419075012,12.980000000000002,0.08089368258859803,1,179856.11510791368,1000000.0,3106115.107913669,-0.0011567379988433046
2023-12-12,11.9,11.96,12.196226718425752,12.980000000000002,0.07858243451463799,1,179856.11510791368,1000000.0,3140287.769784173,0.011001737116386856
2023-12-13,11.94,11.8,12.19641018152237,12.980000000000002,0.09090909090909101,1,179856.11510791368,1000000.0,3147482.014388489,0.002290950744558762
2023-12-14,11.82,11.76,12.09918117761612,12.980000000000002,0.09399075500770433,1,179856.11510791368,1000000.0,3125899.28057554,-0.006857142857142673
2023-12-15,11.77,11.7,12.00826287508011,12.980000000000002,0.09861325115562425,1,179856.11510791368,1000000.0,3116906.474820144,-0.0028768699654776464
2023-12-18,11.7,11.72,11.948601963520051,12.980000000000002,0.09707241910631752,1,179856.11510791368,1000000.0,3104316.54676259,-0.0040392383150607
2023-12-19,11.779999999999998,11.66,11.9095640206337,12.980000000000002,0.10169491525423743,1,179856.11510791368,1000000.0,3118705.0359712224,0.004634994206257126
2023-12-20,11.66,11.61,11.831832530498506,12.980000000000002,0.10554699537750405,1,179856.11510791368,1000000.0,3097122.3021582738,-0.006920415224913157
2023-12-21,11.55,11.62,11.863566281795505,12.980000000000002,0.10477657935285076,1,179856.11510791368,1000000.0,3077338.129496403,-0.006387921022067422
2023-12-22,11.71,11.739999999999998,11.778148653507234,12.980000000000002,0.09553158705701106,1,179856.11510791368,1000000.0,3106115.107913669,0.009351256575102163
2023-12-25,11.76,12.05,11.845914127826692,12.980000000000002,0.0716486902927582,1,179856.11510791368,1000000.0,3115107.9136690646,0.002895193977996424
2023-12-26,12.04,12.12,12.157704832553865,12.980000000000002,0.06625577812018511,1,179856.11510791368,1000000.0,3165467.6258992804,0.016166281755196188
2023-12-27,12.13,12.22,12.369621875286104,12.980000000000002,0.05855161787365188,1,179856.11510791368,1000000.0,3181654.676258993,0.005113636363636376
2023-12-28,12.23,11.89,12.401819112300874,12.980000000000002,0.08397534668721121,1,179856.11510791368,1000000.0,3199640.287769784,0.005652911249293346
2023-12-29,11.86,11.89,12.292582395076751,12.980000000000002,0.08397534668721121,1,179856.11510791368,1000000.0,3133093.525179856,-0.020798201236649883
2024-01-02,11.92,12.31,12.055892469882966,12.980000000000002,0.05161787365177208,1,179856.11510791368,1000000.0,3143884.892086331,0.003444316877152742
2024-01-03,12.29,12.46,12.344520690441133,12.980000000000002,0.04006163328197236,1,179856.11510791368,1000000.0,3210431.654676259,0.02116704805491998
2024-01-04,12.45,12.69,12.591913702487949,12.980000000000002,0.022342064714946274,1,179856.11510791368,1000000.0,3239208.633093525,0.008963585434173638
2024-01-05,12.61,12.76,12.80865121126175,12.980000000000002,0.016949152542373065,1,179856.11510791368,1000000.0,3267985.6115107914,0.008883953359244856
2024-01-08,12.7,12.72,13.039139869213106,12.980000000000002,0.02003081664098625,1,179856.11510791368,1000000.0,3284172.6618705033,0.004953219592735092
2024-01-09,12.64,12.86,13.07426285982132,12.980000000000002,0.009244992295839966,1,179856.11510791368,1000000.0,3273381.294964029,-0.003285870755750153
2024-01-10,12.87,12.78,13.199110033512117,12.980000000000002,0.015408320493066473,1,179856.11510791368,1000000.0,3314748.201438849,0.012637362637362592
2024-01-11,12.81,12.63,13.26609122991562,12.980000000000002,0.02696456086286605,1,179856.11510791368,1000000.0,3303956.834532374,-0.0032555615843733454
2024-01-12,12.62,12.76,13.202534677982332,12.980000000000002,0.016949152542373065,1,179856.11510791368,1000000.0,3269784.1726618703,-0.010342950462711054
2024-01-15,12.71,12.95,13.173192920684816,12.980000000000002,0.0023112480739601623,1,179856.11510791368,1000000.0,3285971.223021583,0.004950495049505177
2024-01-16,12.94,13.0,13.30916482448578,13.0,0.0,1,179856.11510791368,1000000.0,3327338.129496403,0.01258894362342633
2024-01-17,12.98,12.93,13.42987764120102,13.0,0.005384615384615406,1,179856.11510791368,1000000.0,3334532.3741007196,0.00216216216216214
2024-01-18,12.84,12.86,13.451381447315216,13.0,0.010769230769230812,1,179856.11510791368,1000000.0,3309352.5179856117,-0.007551240560949246
2024-01-19,12.86,12.78,13.451670589447025,13.0,0.01692307692307697,1,179856.11510791368,1000000.0,3312949.64028777,0.0010869565217390686
2024-01-22,12.78,12.64,13.366171958446504,13.0,0.027692307692307648,1,179856.11510791368,1000000.0,3298561.151079137,-0.004343105320304019
2024-01-23,12.64,12.980000000000002,13.257029654979709,13.0,0.001538461538461369,1,179856.11510791368,1000000.0,3273381.294964029,-0.007633587786259555
2024-01-24,12.92,13.19,13.316204550266267,13.19,0.0,1,179856.11510791368,1000000.0,3323741.007194245,0.01538461538461533
2024-01-25,13.28,14.29,13.441626253128051,14.29,0.0,1,179856.11510791368,1000000.0,3388489.2086330936,0.01948051948051943
2024-01-26,14.210000000000004,14.34,14.121232571601867,14.34,0.0,1,179856.11510791368,1000000.0,3555755.3956834543,0.04936305732484114
2024-01-29,14.45,14.63,14.391173305511476,14.63,0.0,1,179856.11510791368,1000000.0,3598920.8633093527,0.012139605462822223
2024-01-30,14.5,14.19,14.630064787864686,14.63,0.030075187969924897,1,179856.11510791368,1000000.0,3607913.669064748,0.002498750624687629
2024-01-31,14.0,14.36,14.494848194122316,14.63,0.018455228981544863,1,179856.11510791368,1000000.0,3517985.6115107914,-0.024925224327018936
2024-02-01,14.28,14.01,14.497090520858766,14.63,0.04237867395762139,1,179856.11510791368,1000000.0,3568345.323741007,0.014314928425357865
2024-02-02,14.02,14.18,14.26386064529419,14.63,0.030758714969241357,1,179856.11510791368,1000000.0,3521582.7338129496,-0.01310483870967738
2024-02-05,14.140000000000002,14.640000000000002,14.211834373474122,14.640000000000002,0.0,1,179856.11510791368,1000000.0,3543165.4676258997,0.006128702757916438
2024-02-06,14.52,14.26,14.485385360717776,14.640000000000002,0.025956284153005636,1,179856.11510791368,1000000.0,3611510.7913669064,0.019289340101522612
2024-02-07,14.17,14.24,14.56713372707367,14.640000000000002,0.02732240437158484,1,179856.11510791368,1000000.0,3548561.151079137,-0.017430278884462025
2024-02-08,14.28,14.14,14.428024711608888,14.640000000000002,0.03415300546448099,1,179856.11510791368,1000000.0,3568345.323741007,0.005575266092245235
2024-02-19,14.080000000000002,15.14,14.378879132270814,15.14,0.0,1,179856.11510791368,1000000.0,3532374.100719425,-0.010080645161290147
2024-02-20,14.99,15.010000000000002,14.703745069503784,15.14,0.008586525759577213,1,179856.11510791368,1000000.0,3696043.165467626,0.04633401221995914
2024-02-21,14.93,14.9,14.790319266319276,15.14,0.01585204755614268,1,179856.11510791368,1000000.0,3685251.798561151,-0.0029197080291970545
2024-02-22,14.800000000000002,15.560000000000002,14.897028269767764,15.560000000000002,0.0,1,179856.11510791368,1000000.0,3661870.503597123,-0.00634455832113201
2024-02-23,15.400000000000002,15.329999999999998,15.062260928153991,15.560000000000002,0.014781491002570948,1,179856.11510791368,1000000.0,3769784.172661871,0.029469548133595147
2024-02-26,15.400000000000002,14.68,15.08595663547516,15.560000000000002,0.056555269922879334,1,179856.11510791368,1000000.0,3769784.172661871,0.0
2024-02-27,14.56,14.609999999999998,14.999325575828554,15.560000000000002,0.06105398457583577,1,179856.11510791368,1000000.0,3618705.0359712234,-0.040076335877862634
2024-02-28,14.55,14.760000000000002,14.885913195610048,15.560000000000002,0.051413881748072016,1,179856.11510791368,1000000.0,3616906.474820144,-0.0004970178926442248
2024-02-29,14.6,14.640000000000002,14.851587357521058,15.560000000000002,0.059125964010282764,1,179856.11510791368,1000000.0,3625899.2805755395,0.0024863252113376255
2024-03-01,14.6,14.500000000000002,14.803060832023622,15.560000000000002,0.0681233933161954,1,179856.11510791368,1000000.0,3625899.2805755395,0.0
2024-03-04,14.45,14.87,14.768000068664552,15.560000000000002,0.04434447300771227,1,179856.11510791368,1000000.0,3598920.8633093527,-0.007440476190476164
2024-03-05,14.85,14.79,14.881586256027225,15.560000000000002,0.04948586118251947,1,179856.11510791368,1000000.0,3670863.309352518,0.019990004997501254
2024-03-06,14.800000000000002,14.919999999999998,14.895227971076968,15.560000000000002,0.041131105398457844,1,179856.11510791368,1000000.0,3661870.503597123,-0.0024497795198430428
2024-03-07,14.910000000000002,14.990000000000002,14.923753800392152,15.560000000000002,0.0366323907455013,1,179856.11510791368,1000000.0,3681654.6762589933,0.005402750491159125
2024-03-08,14.95,14.740000000000002,14.9679598236084,15.560000000000002,0.052699228791773786,1,179856.11510791368,1000000.0,3688848.9208633094,0.0019540791402050672
2024-03-11,14.6,14.230000000000002,14.799893679618837,15.560000000000002,0.08547557840616966,1,179856.11510791368,1000000.0,3625899.2805755395,-0.017064846416382284
2024-03-12,14.130000000000004,13.78,14.656464161872863,15.560000000000002,0.11439588688946033,1,179856.11510791368,1000000.0,3541366.906474821,-0.02331349206349187
2024-03-13,13.63,13.94,14.554755868911744,15.560000000000002,0.10411311053984593,1,179856.11510791368,1000000.0,3451438.8489208636,-0.02539360081259534
2024-03-14,13.83,14.22,14.46312195301056,15.560000000000002,0.08611825192802065,1,179856.11510791368,1000000.0,3487410.0719424463,0.010422094841062934
2024-03-15,14.19,14.29,14.862624111175538,15.560000000000002,0.08161953727506446,1,179856.11510791368,1000000.0,3552158.273381295,0.018566271273852575
2024-03-18,14.11,14.22,14.978646817207338,15.560000000000002,0.08611825192802065,1,179856.11510791368,1000000.0,3537769.784172662,-0.0040506329113924044
2024-03-19,14.150000000000004,14.42,14.960531177520751,15.560000000000002,0.07326478149100271,1,179856.11510791368,1000000.0,3544964.028776979,0.0020335536349771477
2024-03-20,14.33,14.01,15.02736002445221,15.560000000000002,0.09961439588688961,1,179856.11510791368,1000000.0,3577338.129496403,0.00913242009132409
2024-03-21,13.6,13.61,14.949957909584048,15.560000000000002,0.1253213367609256,1,179856.11510791368,1000000.0,3446043.165467626,-0.03670186023127198
2024-03-22,13.59,13.52,14.56207078933716,15.560000000000002,0.1311053984575837,1,179856.11510791368,1000000.0,3444244.604316547,-0.0005219206680583399
2024-03-25,13.36,13.47,14.117568674087526,15.560000000000002,0.13431876606683812,1,179856.11510791368,1000000.0,3402877.6978417267,-0.01201044386422978
2024-03-26,13.470000000000002,13.21,13.944827976226808,15.560000000000002,0.15102827763496152,1,179856.11510791368,1000000.0,3422661.8705035974,0.005813953488372103
2024-03-27,13.21,13.31,13.73911917448044,15.560000000000002,0.14460154241645254,1,179856.11510791368,1000000.0,3375899.28057554,-0.01366263794009459
2024-03-28,13.23,13.36,13.575455071926118,15.560000000000002,0.14138817480719812,1,179856.11510791368,1000000.0,3379496.402877698,0.0010655301012254537
2024-03-29,13.31,13.64,13.532002213001252,15.560000000000002,0.12339331619537285,1,179856.11510791368,1000000.0,3393884.8920863313,0.004257583821181576
2024-04-01,13.64,13.56,13.768032314777376,15.560000000000002,0.12853470437018005,1,179856.11510791368,1000000.0,3453237.4100719425,0.01748807631160565
2024-04-02,13.55,13.57,13.88534569978714,15.560000000000002,0.12789203084832915,1,179856.11510791368,1000000.0,3437050.3597122305,-0.004687499999999956
2024-04-03,13.58,13.98,13.868654849529268,15.560000000000002,0.10154241645244226,1,179856.11510791368,1000000.0,3442446.0431654677,0.0015698587127157548
2024-04-08,13.81,13.86,14.0922775888443,15.560000000000002,0.10925449871465312,1,179856.11510791368,1000000.0,3483812.949640288,0.012016718913270719
2024-04-09,13.800000000000002,13.79,14.194386067390443,15.560000000000002,0.11375321336760943,1,179856.11510791368,1000000.0,3482014.388489209,-0.0005162622612285839
2024-04-10,13.800000000000002,13.87,14.152901949882509,15.560000000000002,0.10861182519280224,1,179856.11510791368,1000000.0,3482014.388489209,0.0
2024-04-11,13.800000000000002,14.070000000000002,14.186735334396364,15.560000000000002,0.09575835475578406,1,179856.11510791368,1000000.0,3482014.388489209,0.0
2024-04-12,14.06,14.03,14.42920810222626,15.560000000000002,0.09832904884318783,1,179856.11510791368,1000000.0,3528776.978417266,0.013429752066115519
2024-04-15,14.070000000000002,14.62,14.575493636131288,15.560000000000002,0.06041131105398476,1,179856.11510791368,1000000.0,3530575.539568346,0.0005096839959226607
2024-04-16,14.570000000000002,14.7,15.023452582359315,15.560000000000002,0.05526992287917756,1,179856.11510791368,1000000.0,3620503.5971223027,0.025471217524197565
2024-04-17,14.55,14.7,15.193048658370971,15.560000000000002,0.05526992287917756,1,179856.11510791368,1000000.0,3616906.474820144,-0.0009935419771486265
2024-04-18,14.62,14.660000000000002,15.293686213493348,15.560000000000002,0.05784061696658099,1,179856.11510791368,1000000.0,3629496.4028776977,0.00348085529587272
2024-04-19,14.66,14.710000000000004,15.336783947944642,15.560000000000002,0.05462724935732633,1,179856.11510791368,1000000.0,3636690.6474820147,0.001982160555004997
2024-04-22,14.68,14.03,15.304335656166078,15.560000000000002,0.09832904884318783,1,179856.11510791368,1000000.0,3640287.7697841725,0.0009891196834814764
2024-04-23,13.67,13.6,15.107202949523929,15.560000000000002,0.1259640102827765,1,179856.11510791368,1000000.0,3458633.09352518,-0.04990118577075087
2024-04-24,13.6,13.44,14.582980217933656,15.560000000000002,0.1362467866323909,1,179856.11510791368,1000000.0,3446043.165467626,-0.003640145605824263
2024-04-25,13.369999999999996,13.74,14.160305919647218,15.560000000000002,0.11696658097686387,1,179856.11510791368,1000000.0,3404676.258992805,-0.012004175365344705
2024-04-26,13.760000000000002,13.590000000000002,14.083532514572145,15.560000000000002,0.12660668380462728,1,179856.11510791368,1000000.0,3474820.1438848926,0.02060221870047574
2024-04-29,13.55,13.66,14.1458402299881,15.560000000000002,0.12210796915167108,1,179856.11510791368,1000000.0,3437050.3597122305,-0.010869565217391353
2024-04-30,13.6,13.96,14.114111843109132,15.560000000000002,0.10282776349614403,1,179856.11510791368,1000000.0,3446043.165467626,0.0026164311878595914
2024-05-06,13.95,14.14,14.251190962791444,15.560000000000002,0.09125964010282786,1,179856.11510791368,1000000.0,3508992.8057553954,0.018267223382045783
2024-05-07,14.080000000000002,14.36,14.40383547782898,15.560000000000002,0.07712082262210813,1,179856.11510791368,1000000.0,3532374.100719425,0.0066632496155818455
2024-05-08,14.359999999999998,14.580000000000002,14.467295470237731,15.560000000000002,0.06298200514138819,1,179856.11510791368,1000000.0,3582733.8129496397,0.014256619144602523
2024-05-09,14.6,14.45,14.523465218544008,15.560000000000002,0.07133676092545005,1,179856.11510791368,1000000.0,3625899.2805755395,0.012048192771084487
2024-05-10,14.5,14.57,14.425787749290468,15.560000000000002,0.06362467866323919,1,179856.11510791368,1000000.0,3607913.669064748,-0.004960317460317443
2024-05-13,14.56,14.45,14.485847773551942,15.560000000000002,0.07133676092545005,1,179856.11510791368,1000000.0,3618705.0359712234,0.0029910269192423566
2024-05-14,14.55,14.16,14.485023798942567,15.560000000000002,0.08997429305912609,1,179856.11510791368,1000000.0,3616906.474820144,-0.0004970178926442248
2024-05-15,14.12,14.31,14.35426181793213,15.560000000000002,0.08033419023136257,1,179856.11510791368,1000000.0,3539568.345323741,-0.021382396817503757
2024-05-16,14.27,14.230000000000002,14.354607286453248,15.560000000000002,0.08547557840616966,1,179856.11510791368,1000000.0,3566546.762589928,0.007621951219512146
2024-05-17,14.23,14.18,14.521772208213807,15.560000000000002,0.08868894601542432,1,179856.11510791368,1000000.0,3559352.5179856117,-0.0020171457387796465
2024-05-20,14.240000000000002,14.85,14.569542350769044,15.560000000000002,0.04562982005141404,1,179856.11510791368,1000000.0,3561151.079136691,0.0005053057099546621
2024-05-21,14.83,14.8,14.616958441734315,15.560000000000002,0.048843187660668475,1,179856.11510791368,1000000.0,3667266.18705036,0.029797979797979712
2024-05-22,14.86,14.760000000000002,14.783815445899965,15.560000000000002,0.051413881748072016,1,179856.11510791368,1000000.0,3672661.870503597,0.0014713094654241754
2024-05-23,14.65,14.55,14.902427020072938,15.560000000000002,0.06491002570694096,1,179856.11510791368,1000000.0,3634892.0863309354,-0.010284035259549351
2024-05-24,14.55,14.580000000000002,14.944127860069276,15.560000000000002,0.06298200514138819,1,179856.11510791368,1000000.0,3616906.474820144,-0.004948045522018774
2024-05-27,14.61,14.8,14.990965666770936,15.560000000000002,0.048843187660668475,1,179856.11510791368,1000000.0,3627697.841726619,0.002983590253605062
2024-05-28,14.810000000000004,14.890000000000002,15.237919869422914,15.560000000000002,0.04305912596401027,1,179856.11510791368,1000000.0,3663669.0647482025,0.009915716410510811
2024-05-29,14.87,15.14,15.319699349403384,15.560000000000002,0.026992287917737896,1,179856.11510791368,1000000.0,3674460.4316546763,0.002945508100147043
2024-05-30,15.03,15.28,15.653397264480592,15.560000000000002,0.017994858611825378,1,179856.11510791368,1000000.0,3703237.4100719425,0.007831620166421915
2024-05-31,15.400000000000002,15.480000000000002,15.835855069160464,15.560000000000002,0.005141388174807202,1,179856.11510791368,1000000.0,3769784.172661871,0.017969888295289227
2024-06-03,15.52,15.28,15.95371991634369,15.560000000000002,0.017994858611825378,1,179856.11510791368,1000000.0,3791366.9064748203,0.005725190839694472
2024-06-04,15.15,15.050000000000002,15.887592735290529,15.560000000000002,0.03277634961439587,1,179856.11510791368,1000000.0,3724820.143884892,-0.01755218216318788
2024-06-05,15.1,14.86,15.668600025177003,15.560000000000002,0.044987146529563156,1,179856.11510791368,1000000.0,3715827.3381294967,-0.002414292612264557
2024-06-06,14.85,15.16,15.593667688369752,15.560000000000002,0.025706940874036122,1,179856.11510791368,1000000.0,3670863.309352518,-0.012100677637947754
2024-06-07,15.1,15.13,14.929890694618226,15.560000000000002,0.02763496143958878,1,179856.11510791368,1000000.0,3715827.3381294967,0.012248897599216102
2024-06-11,15.19,14.810000000000002,14.7733580493927,15.560000000000002,0.04820051413881747,1,179856.11510791368,1000000.0,3732014.3884892086,0.004356243949661165
2024-06-12,14.840000000000002,15.420000000000002,14.87667995929718,15.560000000000002,0.008997429305912632,1,179856.11510791368,1000000.0,3669064.748201439,-0.016867469879518038
2024-06-13,15.400000000000002,15.400000000000002,14.722214760780336,15.560000000000002,0.010282776349614404,1,179856.11510791368,1000000.0,3769784.172661871,0.027450980392156987
2024-06-14,15.31,15.18,14.847510399818422,15.560000000000002,0.024421593830334352,1,179856.11510791368,1000000.0,3753597.1223021583,-0.004293893129771131
2024-06-17,15.15,14.69,15.20297175884247,15.560000000000002,0.05591259640102845,1,179856.11510791368,1000000.0,3724820.143884892,-0.007666506947771934
2024-06-18,14.750000000000004,14.8,15.260557713508607,15.560000000000002,0.048843187660668475,1,179856.11510791368,1000000.0,3652877.697841727,-0.019314340898116678
2024-06-19,14.78,14.840000000000002,15.221147480010988,15.560000000000002,0.046272493573264815,1,179856.11510791368,1000000.0,3658273.381294964,0.001477104874445967
2024-06-20,14.83,15.220000000000002,15.31891185283661,15.560000000000002,0.021850899742930578,1,179856.11510791368,1000000.0,3667266.18705036,0.002458210422812357
2024-06-21,15.2,15.050000000000002,15.285417499542238,15.560000000000002,0.03277634961439587,1,179856.11510791368,1000000.0,3733812.9496402876,0.018146150073565348
2024-06-24,15.010000000000002,14.710000000000004,15.272844376564027,15.560000000000002,0.05462724935732633,1,179856.11510791368,1000000.0,3699640.2877697847,-0.00915221579961445
2024-06-25,14.790000000000004,14.740000000000002,15.29403382778168,15.560000000000002,0.052699228791773786,1,179856.11510791368,1000000.0,3660071.942446044,-0.010695187165775222
2024-06-26,14.730000000000002,14.57,15.277043642997745,15.560000000000002,0.06362467866323919,1,179856.11510791368,1000000.0,3649280.575539569,-0.0029484029484030394
2024-06-27,14.49,14.380000000000004,15.234276356697084,15.560000000000002,0.07583547557840603,1,179856.11510791368,1000000.0,3606115.107913669,-0.011828486939379101
2024-06-28,14.38,14.68,15.047689023017885,15.560000000000002,0.056555269922879334,1,179856.11510791368,1000000.0,3586330.935251799,-0.005486284289276777
2024-07-01,14.68,15.119999999999996,15.064316573143008,15.560000000000002,0.02827763496144001,1,179856.11510791368,1000000.0,3640287.7697841725,0.015045135406218435
2024-07-02,15.09,15.070000000000002,15.438156428337098,15.560000000000002,0.03149100257069409,1,179856.11510791368,1000000.0,3714028.7769784173,0.02025691699604737
2024-07-03,15.019999999999998,14.910000000000002,15.402588191032413,15.560000000000002,0.0417737789203085,1,179856.11510791368,1000000.0,3701438.848920863,-0.003389830508474634
2024-07-04,14.910000000000002,14.970000000000002,15.38959878921509,15.560000000000002,0.03791773778920307,1,179856.11510791368,1000000.0,3681654.6762589933,-0.005344995140913356
2024-07-05,14.910000000000002,14.83,15.37008840084076,15.560000000000002,0.04691516709511582,1,179856.11510791368,1000000.0,3681654.6762589933,0.0
2024-07-08,14.840000000000002,14.85,15.41358524799347,15.560000000000002,0.04562982005141404,1,179856.11510791368,1000000.0,3669064.748201439,-0.0034196384953590897
2024-07-09,14.810000000000004,14.96,15.393168272972108,15.560000000000002,0.03856041131105407,1,179856.11510791368,1000000.0,3663669.0647482025,-0.0014705882352938904
2024-07-10,14.87,14.330000000000002,15.416055026054384,15.560000000000002,0.07904884318766069,1,179856.11510791368,1000000.0,3674460.4316546763,0.002945508100147043
2024-07-11,14.28,14.250000000000002,15.246915998458864,15.560000000000002,0.08419023136246788,1,179856.11510791368,1000000.0,3568345.323741007,-0.028879099363680938
2024-07-12,14.250000000000002,13.990000000000002,14.96226495742798,15.560000000000002,0.10089974293059126,1,179856.11510791368,1000000.0,3562949.6402877704,-0.0015120967741933944
2024-07-15,13.99,14.24,14.85952669620514,15.560000000000002,0.08483290488431888,1,179856.11510791368,1000000.0,3516187.0503597124,-0.013124684502776485
2024-07-16,14.210000000000004,14.400000000000002,14.819778504371644,15.560000000000002,0.07455012853470437,1,179856.11510791368,1000000.0,3555755.3956834543,0.011253196930946618
2024-07-17,14.400000000000002,14.14,14.811394991874696,15.560000000000002,0.09125964010282786,1,179856.11510791368,1000000.0,3589928.057553957,0.009610520991400806
2024-07-18,14.090000000000003,14.250000000000002,14.805910410881044,15.560000000000002,0.08419023136246788,1,179856.11510791368,1000000.0,3534172.6618705043,-0.015531062124248374
2024-07-19,14.23,14.19,14.647075357437137,15.560000000000002,0.08804627249357343,1,179856.11510791368,1000000.0,3559352.5179856117,0.007124681933842192
2024-07-22,14.300000000000002,14.22,14.477266850471498,15.560000000000002,0.08611825192802065,1,179856.11510791368,1000000.0,3571942.446043166,0.0035371399696817463
2024-07-23,14.17,13.86,14.48440474510193,15.560000000000002,0.10925449871465312,1,179856.11510791368,1000000.0,3548561.151079137,-0.006545820745216591
2024-07-24,13.86,14.03,14.295260729789735,15.560000000000002,0.09832904884318783,1,179856.11510791368,1000000.0,3492805.7553956835,-0.01571211353269142
2024-07-25,13.98,13.88,14.224112453460696,15.560000000000002,0.10796915167095124,1,179856.11510791368,1000000.0,3514388.489208633,0.006179196704428458
2024-07-26,13.86,14.06,14.14075798034668,15.560000000000002,0.09640102827763507,1,179856.11510791368,1000000.0,3492805.7553956835,-0.0061412487205732
2024-07-29,14.04,14.199999999999998,14.206566514968872,15.560000000000002,0.08740359897172266,1,179856.11510791368,1000000.0,3525179.856115108,0.009268795056642576
2024-07-30,14.150000000000004,13.78,14.298919262886049,15.560000000000002,0.11439588688946033,1,179856.11510791368,1000000.0,3544964.028776979,0.0056122448979594175
2024-07-31,13.86,14.150000000000002,14.26359564304352,15.560000000000002,0.09061696658097686,1,179856.11510791368,1000000.0,3492805.7553956835,-0.014713343480466934
2024-08-01,14.16,14.08,14.392358841896058,15.560000000000002,0.09511568123393328,1,179856.11510791368,1000000.0,3546762.5899280575,0.015447991761071034
2024-08-02,14.06,14.150000000000002,14.464200201034547,15.560000000000002,0.09061696658097686,1,179856.11510791368,1000000.0,3528776.978417266,-0.005070993914807254
2024-08-05,14.150000000000004,13.990000000000002,14.473615827560426,15.560000000000002,0.10089974293059126,1,179856.11510791368,1000000.0,3544964.028776979,0.004587155963302836
2024-08-06,13.99,13.970000000000002,14.343932094573976,15.560000000000002,0.10218508997429304,1,179856.11510791368,1000000.0,3516187.0503597124,-0.008117706747843845
2024-08-07,13.92,14.500000000000002,14.336474480628969,15.560000000000002,0.0681233933161954,1,179856.11510791368,1000000.0,3503597.1223021583,-0.003580562659846631
2024-08-08,14.5,14.43,14.618369283676149,15.560000000000002,0.07262210796915182,1,179856.11510791368,1000000.0,3607913.669064748,0.02977412731006157
2024-08-09,14.43,14.65,14.730061831474304,15.560000000000002,0.05848329048843199,1,179856.11510791368,1000000.0,3595323.7410071944,-0.0034895314057825644
2024-08-12,14.570000000000002,15.11,14.978606047630311,15.560000000000002,0.028920308483290667,1,179856.11510791368,1000000.0,3620503.5971223027,0.007003501750875607
2024-08-13,15.289999999999996,15.329999999999998,15.284128966331483,15.560000000000002,0.014781491002570948,1,179856.11510791368,1000000.0,3749999.9999999995,0.035767511177347
2024-08-14,15.27,15.24,15.440115513801576,15.560000000000002,0.020565552699228922,1,179856.11510791368,1000000.0,3746402.8776978417,-0.0009592326139087337
2024-08-15,15.27,15.580000000000002,15.564756693840028,15.580000000000002,0.0,1,179856.11510791368,1000000.0,3746402.8776978417,0.0
2024-08-16,15.560000000000002,15.730000000000002,15.65681010723114,15.730000000000002,0.0,1,179856.11510791368,1000000.0,3798561.1510791373,0.013922227556409261
2024-08-19,15.76,15.72,15.547917785644533,15.730000000000002,0.0006357279084552805,1,179856.11510791368,1000000.0,3834532.3741007196,0.009469696969696795
2024-08-20,15.75,15.47,15.579506697654724,15.730000000000002,0.01652892561983481,1,179856.11510791368,1000000.0,3832733.81294964,-0.00046904315197005
2024-08-21,15.59,15.52,15.485664787292482,15.730000000000002,0.01335028607755897,1,179856.11510791368,1000000.0,3803956.834532374,-0.0075082121069920404
2024-08-22,15.510000000000002,15.51,15.001888694763185,15.730000000000002,0.013986013986014137,1,179856.11510791368,1000000.0,3789568.3453237414,-0.003782505910165379
2024-08-23,15.44,15.710000000000004,15.19964367389679,15.730000000000002,0.001271455816910222,1,179856.11510791368,1000000.0,3776978.4172661873,-0.0033222591362126463
2024-08-26,15.82,16.110000000000003,15.311622681617738,16.110000000000003,0.0,1,179856.11510791368,1000000.0,3845323.7410071944,0.018095238095238164
2024-08-27,15.949999999999998,16.45,14.99644166469574,16.45,0.0,1,179856.11510791368,1000000.0,3868705.035971223,0.006080449017773493
2024-08-28,16.270000000000003,16.310000000000002,14.92872983455658,16.45,0.00851063829787216,1,179856.11510791368,1000000.0,3926258.992805756,0.014876801487680336
2024-08-29,16.340000000000003,16.25,14.82885831832886,16.45,0.012158054711246157,1,179856.11510791368,1000000.0,3938848.92086331,0.0032065964269354374
2024-08-30,16.17,16.02,14.7870995426178,16.45,0.026139817629179316,1,179856.11510791368,1000000.0,3908273.3812949643,-0.007762557077625631
2024-09-02,16.01,16.84,14.760101499557496,16.84,0.0,1,179856.11510791368,1000000.0,3879496.402877698,-0.007363092498849477
2024-09-03,16.74,16.41,14.71615296840668,16.84,0.025534441805225638,1,179856.11510791368,1000000.0,4010791.366906475,0.03384330088085297
2024-09-04,16.25,16.16,14.658137860298158,16.84,0.040380047505938224,1,179856.11510791368,1000000.0,3922661.8705035974,-0.021973094170403495
2024-09-05,16.150000000000002,15.970000000000002,14.585074486732484,16.84,0.051662707838479656,1,179856.11510791368,1000000.0,3904676.258992806,-0.004585052728106387
2024-09-06,16.000000000000004,16.0,14.59886962413788,16.84,0.04988123515439429,1,179856.11510791368,1000000.0,3877697.8417266193,-0.006909258406264329
2024-09-09,16.01,15.59,14.611967387199403,16.84,0.07422802850356294,1,179856.11510791368,1000000.0,3879496.402877698,0.0004638218923933568
2024-09-10,15.58,15.480000000000002,14.715748491287233,16.84,0.08076009501187635,1,179856.11510791368,1000000.0,3802158.273381295,-0.019935095039406603
2024-09-11,15.37,15.37,14.85654407978058,16.84,0.08729216152019006,1,179856.11510791368,1000000.0,3764388.489208633,-0.009933774834437137
2024-09-12,15.42,15.55,14.829382958412172,16.84,0.07660332541567691,1,179856.11510791368,1000000.0,3773381.294964029,0.0023889154323937234
2024-09-13,15.55,15.480000000000002,14.81124800682068,16.84,0.08076009501187635,1,179856.11510791368,1000000.0,3796762.589928058,0.006196377502383221
2024-09-18,15.44,15.82,14.828700604438785,16.84,0.060570071258907336,1,179856.11510791368,1000000.0,3776978.4172661873,-0.005210800568451024
2024-09-19,15.76,15.55,15.033693256378177,16.84,0.07660332541567691,1,179856.11510791368,1000000.0,3834532.3741007196,0.015238095238095273
2024-09-20,15.570000000000002,15.68,15.550483050346376,16.84,0.06888361045130642,1,179856.11510791368,1000000.0,3800359.7122302162,-0.008911819887429617
2024-09-23,15.65,15.990000000000002,15.492178263664249,16.84,0.05047505938242268,1,179856.11510791368,1000000.0,3814748.2014388493,0.003786086133459543
2024-09-24,16.1,16.56,15.628611507415773,16.84,0.01662707838479817,1,179856.11510791368,1000000.0,3895683.4532374106,0.021216407355021172
2024-09-25,16.78,16.720000000000002,15.799960675239564,16.84,0.007125890736341891,1,179856.11510791368,1000000.0,4017985.611510792,0.0313942751615881
2024-09-26,16.7,16.96,15.803177180290223,16.96,0.0,1,179856.11510791368,1000000.0,4003597.1223021583,-0.003581020590868511
2024-09-27,17.080000000000002,16.75,15.978658022880555,16.96,0.012382075471698162,1,179856.11510791368,1000000.0,4071942.446043166,0.017070979335130465
2024-09-30,16.83,17.500000000000004,16.311927857398988,17.500000000000004,0.0,1,179856.11510791368,1000000.0,4026978.417266187,-0.011042402826855313
2024-10-08,18.65,17.310000000000002,15.472668948173524,17.500000000000004,0.010857142857142928,1,179856.11510791368,1000000.0,4354316.546762589,0.08128628852166142
2024-10-09,17.000000000000004,16.290000000000003,15.032453002929689,17.500000000000004,0.06914285714285717,1,179856.11510791368,1000000.0,4057553.9568345333,-0.06815365551425001
2024-10-10,16.25,16.95,15.120829644203187,17.500000000000004,0.03142857142857167,1,179856.11510791368,1000000.0,3922661.8705035974,-0.03324468085106391
2024-10-11,17.07,16.63,15.20507031917572,17.500000000000004,0.04971428571428596,1,179856.11510791368,1000000.0,4070143.8848920865,0.037597432370472195
2024-10-14,16.7,17.04,15.467812004089357,17.500000000000004,0.026285714285714534,1,179856.11510791368,1000000.0,4003597.1223021583,-0.016349977905435353
2024-10-15,16.92,16.6,15.86111611366272,17.500000000000004,0.05142857142857154,1,179856.11510791368,1000000.0,4043165.4676258997,0.009883198562443907
2024-10-16,16.55,16.56,16.680519165992738,17.500000000000004,0.05371428571428598,1,179856.11510791368,1000000.0,3976618.7050359715,-0.016459074733096157
2024-10-17,16.650000000000002,16.43,16.911579670906068,17.500000000000004,0.06114285714285735,1,179856.11510791368,1000000.0,3994604.3165467633,0.004522840343736068
2024-10-18,16.43,16.720000000000002,16.731417837142946,17.500000000000004,0.04457142857142863,1,179856.11510791368,1000000.0,3955035.971223022,-0.009905447996398142
2024-10-21,16.730000000000004,16.34,16.580060782432557,17.500000000000004,0.06628571428571449,1,179856.11510791368,1000000.0,4008992.8057553964,0.013642564802182955
2024-10-22,16.230000000000004,16.280000000000005,16.571507754325868,17.500000000000004,0.06971428571428563,1,179856.11510791368,1000000.0,3919064.7482014396,-0.02243158366980702
2024-10-23,16.33,16.22,16.80286008358002,17.500000000000004,0.0731428571428574,1,179856.11510791368,1000000.0,3937050.35971223,0.0045892611289579666
2024-10-24,16.26,16.39,16.70417088508606,17.500000000000004,0.06342857142857158,1,179856.11510791368,1000000.0,3924460.431654677,-0.0031978072179075223
2024-10-25,16.44,16.39,16.39490896701813,17.500000000000004,0.06342857142857158,1,179856.11510791368,1000000.0,3956834.532374101,0.008249312557286892
2024-10-28,16.4,16.54,16.314041438102723,17.500000000000004,0.0548571428571431,1,179856.11510791368,1000000.0,3949640.287769784,-0.001818181818181941
2024-10-29,16.49,16.15,16.179262580871583,17.500000000000004,0.07714285714285742,1,179856.11510791368,1000000.0,3965827.338129496,0.004098360655737654
2024-10-30,16.16,16.02,16.123375000953676,17.500000000000004,0.08457142857142878,1,179856.11510791368,1000000.0,3906474.820143885,-0.014965986394557707
2024-10-31,16.01,15.910000000000002,15.785418810844424,17.500000000000004,0.09085714285714293,1,179856.11510791368,1000000.0,3879496.402877698,-0.006906077348066253
2024-11-01,15.92,16.16,15.88282376766205,17.500000000000004,0.07657142857142875,1,179856.11510791368,1000000.0,3863309.3525179857,-0.00417246175243402
2024-11-04,16.190000000000005,16.15,15.808293762207033,17.500000000000004,0.07714285714285742,1,179856.11510791368,1000000.0,3911870.503597123,0.012569832402234749
2024-11-05,16.18,16.17,15.79435163974762,17.500000000000004,0.0760000000000001,1,179856.11510791368,1000000.0,3910071.9424460432,-0.0004597701149426925
2024-11-06,16.16,15.92,15.99167853832245,17.500000000000004,0.09028571428571447,1,179856.11510791368,1000000.0,3906474.820143885,-0.0009199632014719183
2024-11-07,15.86,16.05,16.057748856544496,17.500000000000004,0.082857142857143,1,179856.11510791368,1000000.0,3852517.985611511,-0.013812154696132617
2024-11-08,16.070000000000004,15.87,15.995498003959655,17.500000000000004,0.09314285714285737,1,179856.11510791368,1000000.0,3890287.7697841735,0.009803921568627638
2024-11-11,15.840000000000002,15.65,16.14231354236603,17.500000000000004,0.10571428571428587,1,179856.11510791368,1000000.0,3848920.863309353,-0.010633379565418433
2024-11-12,15.65,15.460000000000004,16.083613934516908,17.500000000000004,0.11657142857142849,1,179856.11510791368,1000000.0,3814748.2014388493,-0.008878504672897192
2024-11-13,15.44,15.61,15.944216313362125,17.500000000000004,0.10800000000000021,1,179856.11510791368,1000000.0,3776978.4172661873,-0.00990099009900991
2024-11-14,15.619999999999996,15.580000000000002,15.876161160469056,17.500000000000004,0.10971428571428579,1,179856.11510791368,1000000.0,3809352.5179856108,0.00857142857142823
2024-11-15,15.619999999999996,15.75,15.849980654716491,17.500000000000004,0.10000000000000019,1,179856.11510791368,1000000.0,3809352.5179856108,0.0
2024-11-18,15.82,16.03,15.915430846214296,17.500000000000004,0.08400000000000012,1,179856.11510791368,1000000.0,3845323.7410071944,0.009442870632672573
2024-11-19,16.000000000000004,15.9,16.29234344005585,17.500000000000004,0.0914285714285716,1,179856.11510791368,1000000.0,3877697.8417266193,0.00841908325537899
2024-11-20,15.86,15.990000000000002,16.172513070106508,17.500000000000004,0.08628571428571435,1,179856.11510791368,1000000.0,3852517.985611511,-0.006493506493506551
2024-11-21,15.94,16.15,16.229148449897767,17.500000000000004,0.07714285714285742,1,179856.11510791368,1000000.0,3866906.474820144,0.0037348272642390157
2024-11-22,16.150000000000002,15.730000000000002,16.246989431381227,17.500000000000004,0.1011428571428572,1,179856.11510791368,1000000.0,3904676.258992806,0.009767441860465187
2024-11-25,15.75,15.77,16.17773264884949,17.500000000000004,0.09885714285714306,1,179856.11510791368,1000000.0,3832733.81294964,-0.018424689083371804
2024-11-26,15.800000000000004,15.68,16.046683135032655,17.500000000000004,0.1040000000000002,1,179856.11510791368,1000000.0,3841726.618705037,0.0023463162834354012
2024-11-27,15.64,15.710000000000004,16.01013535499573,17.500000000000004,0.10228571428571422,1,179856.11510791368,1000000.0,3812949.64028777,-0.0074906367041200905
2024-11-28,15.660000000000002,15.54,15.964262070655824,17.500000000000004,0.11200000000000022,1,179856.11510791368,1000000.0,3816546.7625899287,0.0009433962264151496
2024-11-29,15.54,15.44,15.9211407327652,17.500000000000004,0.11771428571428592,1,179856.11510791368,1000000.0,3794964.028776978,-0.005655042412818334
2024-12-02,15.44,15.44,15.88037973880768,17.500000000000004,0.11771428571428592,1,179856.11510791368,1000000.0,3776978.4172661873,-0.004739336492890822
2024-12-03,15.43,15.64,15.840110125541688,17.500000000000004,0.10628571428571444,1,179856.11510791368,1000000.0,3775179.856115108,-0.0004761904761905189
2024-12-04,15.64,16.080000000000002,15.853262605667116,17.500000000000004,0.08114285714285722,1,179856.11510791368,1000000.0,3812949.64028777,0.010004764173416003
2024-12-05,16.040000000000003,16.04,16.10045928001404,17.500000000000004,0.08342857142857166,1,179856.11510791368,1000000.0,3884892.086330936,0.018867924528301883
2024-12-06,16.03,15.98,16.039167585372926,17.500000000000004,0.08685714285714302,1,179856.11510791368,1000000.0,3883093.5251798565,-0.0004629629629629983
2024-12-09,15.98,16.070000000000004,16.07550937175751,17.500000000000004,0.08171428571428568,1,179856.11510791368,1000000.0,3874100.7194244605,-0.0023158869847151875
2024-12-10,16.270000000000003,15.890000000000002,16.162058892250062,17.500000000000004,0.09200000000000005,1,179856.11510791368,1000000.0,3926258.992805756,0.013463324048282432
2024-12-11,15.85,16.14,15.941564145088195,17.500000000000004,0.07771428571428587,1,179856.11510791368,1000000.0,3850719.4244604316,-0.019239578561612625
2024-12-12,16.13,16.080000000000002,15.88197189807892,17.500000000000004,0.08114285714285722,1,179856.11510791368,1000000.0,3901079.1366906473,0.013078000934142908
2024-12-13,16.070000000000004,15.6,16.11535734176636,17.500000000000004,0.10857142857142878,1,179856.11510791368,1000000.0,3890287.7697841735,-0.0027662517289070987
2024-12-16,15.61,15.54,16.008138718605043,17.500000000000004,0.11200000000000022,1,179856.11510791368,1000000.0,3807553.9568345323,-0.021266759130836976
2024-12-17,15.54,15.55,15.872637810707094,17.500000000000004,0.11142857142857157,1,179856.11510791368,1000000.0,3794964.028776978,-0.003306565895134672
2024-12-18,15.59,15.67,15.82755524158478,17.500000000000004,0.10457142857142876,1,179856.11510791368,1000000.0,3803956.834532374,0.0023696682464455776
2024-12-19,15.58,15.400000000000002,15.85631817817688,17.500000000000004,0.12000000000000005,1,179856.11510791368,1000000.0,3802158.273381295,-0.00047281323877057524
2024-12-20,15.38,14.88,15.792094292640687,17.500000000000004,0.14971428571428586,1,179856.11510791368,1000000.0,3766187.0503597124,-0.009460737937559083
2024-12-23,14.85,14.840000000000002,15.504037919044496,17.500000000000004,0.15200000000000008,1,179856.11510791368,1000000.0,3670863.309352518,-0.025310410697230168
2024-12-24,14.840000000000002,14.88,15.272940936088563,17.500000000000004,0.14971428571428586,1,179856.11510791368,1000000.0,3669064.748201439,-0.0004899559039686086
2024-12-25,14.88,15.23,15.095785322189332,17.500000000000004,0.12971428571428587,1,179856.11510791368,1000000.0,3676258.9928057557,0.0019607843137254832
2024-12-26,15.18,14.970000000000002,15.249234499931337,17.500000000000004,0.1445714285714286,1,179856.11510791368,1000000.0,3730215.8273381297,0.014677103718199636
2024-12-27,14.960000000000004,14.83,15.24091965198517,17.500000000000004,0.15257142857142875,1,179856.11510791368,1000000.0,3690647.4820143892,-0.01060752169720336
2024-12-30,14.83,15.08,15.144154133796691,17.500000000000004,0.13828571428571446,1,179856.11510791368,1000000.0,3667266.18705036,-0.006335282651072305
2024-12-31,15.120000000000005,15.16,15.16787880897522,17.500000000000004,0.13371428571428587,1,179856.11510791368,1000000.0,3719424.4604316554,0.014222658165767621
