日期,股票代码,开盘,收盘,最高,最低,成交量,成交额,振幅,涨跌幅,涨跌额,换手率,volatility
2010-01-04,600822,18.55,18.65,18.95,18.25,38338,53355767.0,3.82,1.69,0.31,2.06,0.6999999999999993
2010-01-05,600822,18.69,18.81,18.86,18.35,26453,36541920.0,2.73,0.86,0.16,1.42,0.509999999999998
2010-01-06,600822,18.82,18.49,18.82,18.47,25168,34673271.0,1.86,-1.7,-0.32,1.35,0.3500000000000014
2010-01-07,600822,18.49,17.88,18.62,17.81,23150,31144808.0,4.38,-3.3,-0.61,1.24,0.8100000000000023
2010-01-08,600822,17.98,18.05,18.18,17.66,22679,30103116.0,2.91,0.95,0.17,1.22,0.5199999999999996
2010-01-11,600822,18.09,18.03,18.3,17.76,33610,44734663.0,2.99,-0.11,-0.02,1.81,0.5399999999999991
2010-01-12,600822,18.06,18.22,18.31,17.78,23027,30996587.0,2.94,1.05,0.19,1.24,0.5299999999999976
2010-01-13,600822,17.96,18.21,18.5,17.7,29142,39473767.0,4.39,-0.05,-0.01,1.57,0.8000000000000007
2010-01-14,600822,18.11,18.83,18.86,18.11,38348,52977437.0,4.12,3.4,0.62,2.06,0.75
2010-01-15,600822,18.99,18.93,19.03,18.62,36247,50566060.0,2.18,0.53,0.1,1.95,0.41000000000000014
2010-01-18,600822,18.94,19.58,19.83,18.93,61823,89450317.0,4.75,3.43,0.65,3.32,0.8999999999999986
2010-01-19,600822,19.71,19.81,20.23,19.49,66371,97736466.0,3.78,1.17,0.23,3.57,0.740000000000002
2010-01-20,600822,19.66,18.81,19.81,18.77,45864,65630128.0,5.25,-5.05,-1.0,2.46,1.0399999999999991
2010-01-21,600822,19.14,20.66,20.66,19.1,156794,237959829.0,8.29,9.84,1.85,8.42,1.5599999999999987
2010-01-22,600822,20.74,21.52,22.2,20.22,202785,318753310.0,9.58,4.16,0.86,10.89,1.9800000000000004
2010-01-25,600822,20.88,19.75,21.15,19.39,94842,142431773.0,8.18,-8.22,-1.77,5.09,1.759999999999998
2010-01-26,600822,19.37,18.42,19.7,18.09,65705,91622397.0,8.15,-6.73,-1.33,3.53,1.6099999999999994
2010-01-27,600822,18.42,17.88,18.82,17.77,43511,59153157.0,5.7,-2.93,-0.54,2.34,1.0500000000000007
2010-01-28,600822,17.88,18.21,18.25,17.7,36713,48955356.0,3.08,1.85,0.33,1.97,0.5500000000000007
2010-01-29,600822,18.19,18.49,18.81,17.97,43350,59390907.0,4.61,1.54,0.28,2.33,0.8399999999999999
2010-02-01,600822,18.35,17.74,18.35,17.56,39247,51810474.0,4.27,-4.06,-0.75,2.11,0.7900000000000027
2010-02-02,600822,17.88,17.69,18.22,17.56,30419,40323121.0,3.72,-0.28,-0.05,1.63,0.6600000000000001
2010-02-03,600822,17.7,18.19,18.22,17.14,41588,54970901.0,6.11,2.83,0.5,2.23,1.0799999999999983
2010-02-04,600822,18.06,19.21,19.92,17.76,64899,91834366.0,11.87,5.61,1.02,3.49,2.16
2010-02-05,600822,18.66,18.86,19.53,18.62,44388,62457515.0,4.74,-1.82,-0.35,2.38,0.9100000000000001
2010-02-08,600822,18.86,19.81,20.22,18.66,66350,97345167.0,8.27,5.04,0.95,3.56,1.5599999999999987
2010-02-09,600822,19.47,19.81,19.92,19.14,37250,53899785.0,3.94,0.0,0.0,2.0,0.7800000000000011
2010-02-10,600822,19.82,19.55,19.94,19.29,26243,38076608.0,3.28,-1.31,-0.26,1.41,0.6500000000000021
2010-02-11,600822,19.67,19.01,19.67,18.99,23561,33587445.0,3.48,-2.76,-0.54,1.27,0.6800000000000033
2010-02-12,600822,19.03,19.69,19.75,19.03,35277,51152836.0,3.79,3.58,0.68,1.89,0.7199999999999989
2010-02-22,600822,19.67,19.86,20.42,19.37,52358,77643680.0,5.33,0.86,0.17,2.81,1.0500000000000007
2010-02-23,600822,19.86,20.14,20.15,19.37,40065,58816983.0,3.93,1.41,0.28,2.15,0.7799999999999976
2010-02-24,600822,19.88,20.5,20.54,19.78,47485,71633520.0,3.77,1.79,0.36,2.55,0.759999999999998
2010-02-25,600822,20.55,20.64,20.87,20.23,63799,97130061.0,3.12,0.68,0.14,3.43,0.6400000000000006
2010-03-01,600822,20.46,20.48,20.75,20.22,48211,73344314.0,2.57,-0.78,-0.16,2.59,0.5300000000000011
2010-03-02,600822,20.48,20.02,20.64,19.86,42980,64214651.0,3.81,-2.25,-0.46,2.31,0.7800000000000011
2010-03-03,600822,20.0,20.19,20.35,19.88,33841,50616723.0,2.35,0.85,0.17,1.82,0.4700000000000024
2010-03-04,600822,20.02,19.59,20.48,19.49,37378,55589545.0,4.9,-2.97,-0.6,2.01,0.990000000000002
2010-03-05,600822,19.57,20.63,20.84,19.42,73081,110491965.0,7.25,5.31,1.04,3.93,1.4199999999999982
2010-03-08,600822,20.63,20.56,21.5,20.48,70628,109772586.0,4.94,-0.34,-0.07,3.79,1.0199999999999996
2010-03-09,600822,20.34,20.78,21.19,20.34,52731,81358209.0,4.13,1.07,0.22,2.83,0.8500000000000014
2010-03-10,600822,20.62,20.15,21.03,19.99,37384,56614971.0,5.0,-3.03,-0.63,2.01,1.0400000000000027
2010-03-11,600822,20.06,19.96,20.35,19.62,23522,34876019.0,3.62,-0.94,-0.19,1.26,0.7300000000000004
2010-03-12,600822,19.88,19.62,20.19,19.61,20054,29479071.0,2.91,-1.7,-0.34,1.08,0.5800000000000018
2010-03-15,600822,19.62,19.91,20.12,19.55,18146,26704184.0,2.91,1.48,0.29,0.97,0.5700000000000003
2010-03-16,600822,19.82,20.74,21.02,19.65,43618,66134227.0,6.88,4.17,0.83,2.34,1.370000000000001
2010-03-17,600822,20.6,21.12,21.14,20.56,71730,111473801.0,2.8,1.83,0.38,3.85,0.5800000000000018
2010-03-18,600822,21.27,21.39,21.8,20.83,72866,115390384.0,4.59,1.28,0.27,3.91,0.9700000000000024
2010-03-19,600822,21.26,21.28,21.38,20.99,33188,52164422.0,1.82,-0.51,-0.11,1.78,0.39000000000000057
2010-03-22,600822,21.15,21.07,21.31,20.8,32392,50559005.0,2.4,-0.99,-0.21,1.74,0.509999999999998
2010-03-23,600822,21.1,21.74,21.79,20.75,52310,82621968.0,4.94,3.18,0.67,2.81,1.0399999999999991
2010-03-24,600822,21.56,21.2,21.74,21.15,44963,71585056.0,2.71,-2.48,-0.54,2.42,0.5899999999999999
2010-03-25,600822,21.02,20.96,21.5,20.88,29075,45566755.0,2.92,-1.13,-0.24,1.56,0.620000000000001
2010-03-26,600822,20.96,21.67,22.04,20.88,64838,104022141.0,5.53,3.39,0.71,3.48,1.1600000000000001
2010-03-29,600822,21.77,21.5,21.77,21.26,39252,62441926.0,2.35,-0.78,-0.17,2.11,0.509999999999998
2010-03-30,600822,21.87,22.47,23.63,21.79,140659,239664884.0,8.56,4.51,0.97,7.56,1.8399999999999999
2010-03-31,600822,21.89,22.68,22.84,21.89,81439,134893156.0,4.23,0.93,0.21,4.37,0.9499999999999993
2010-04-01,600822,22.48,22.63,22.83,22.41,46415,78138492.0,1.85,-0.22,-0.05,2.49,0.41999999999999815
2010-04-02,600822,22.57,22.39,22.59,22.21,38603,64163975.0,1.68,-1.06,-0.24,2.07,0.379999999999999
2010-04-06,600822,22.39,22.75,22.93,22.25,40593,68389929.0,3.04,1.61,0.36,2.18,0.6799999999999997
2010-04-07,600822,22.73,22.57,22.73,22.36,24435,40825007.0,1.63,-0.79,-0.18,1.31,0.370000000000001
2010-04-08,600822,22.48,22.56,22.96,22.29,33362,56200629.0,2.97,-0.04,-0.01,1.79,0.6700000000000017
2010-04-09,600822,22.51,23.07,23.32,22.39,48286,82688621.0,4.12,2.26,0.51,2.59,0.9299999999999997
2010-04-12,600822,23.15,23.51,23.6,22.96,44132,76727759.0,2.77,1.91,0.44,2.37,0.6400000000000006
2010-04-13,600822,23.55,22.49,23.57,21.96,52714,88771791.0,6.85,-4.34,-1.02,2.83,1.6099999999999994
2010-04-14,600822,22.49,22.45,22.75,22.35,25963,43362681.0,1.78,-0.18,-0.04,1.39,0.3999999999999986
2010-04-15,600822,22.51,22.61,23.15,22.35,29452,49888785.0,3.56,0.71,0.16,1.58,0.7999999999999972
2010-04-16,600822,22.72,22.19,22.8,22.16,24962,41677497.0,2.83,-1.86,-0.42,1.34,0.6400000000000006
2010-04-19,600822,22.15,20.82,22.37,20.75,30425,48894078.0,7.3,-6.17,-1.37,1.63,1.620000000000001
2010-04-20,600822,20.79,21.22,21.48,20.63,20598,32242622.0,4.08,1.92,0.4,1.11,0.8500000000000014
2010-04-21,600822,21.22,21.84,21.95,21.14,19030,30602111.0,3.82,2.92,0.62,1.02,0.8099999999999987
2010-04-22,600822,21.88,21.74,22.08,21.55,23067,37329498.0,2.43,-0.46,-0.1,1.24,0.5299999999999976
2010-04-23,600822,21.72,21.62,22.09,21.58,17147,27778883.0,2.35,-0.55,-0.12,0.92,0.5100000000000016
2010-04-26,600822,21.63,21.92,22.15,21.63,12169,19814704.0,2.41,1.39,0.3,0.65,0.5199999999999996
2010-04-27,600822,21.81,21.15,21.83,20.62,22869,35672550.0,5.52,-3.51,-0.77,1.23,1.2099999999999973
2010-04-28,600822,21.27,19.85,21.27,19.62,23984,36014741.0,7.8,-6.15,-1.3,1.29,1.6499999999999986
2010-04-29,600822,19.77,19.49,20.06,19.03,20468,29687979.0,5.19,-1.81,-0.36,1.1,1.0299999999999976
2010-04-30,600822,19.47,18.67,19.47,18.46,14672,20416322.0,5.18,-4.21,-0.82,0.79,1.009999999999998
2010-05-04,600822,18.61,18.69,18.99,18.23,8823,12167805.0,4.07,0.11,0.02,0.47,0.759999999999998
2010-05-05,600822,18.73,19.11,19.14,18.13,15184,21115903.0,5.4,2.25,0.42,0.82,1.0100000000000016
2010-05-06,600822,18.93,18.11,19.23,18.09,12954,17911801.0,5.97,-5.23,-1.0,0.7,1.1400000000000006
2010-05-07,600822,18.02,17.93,18.57,17.56,13216,17680828.0,5.58,-0.99,-0.18,0.71,1.0100000000000016
2010-05-10,600822,17.82,17.78,18.18,17.25,12010,15761763.0,5.19,-0.84,-0.15,0.65,0.9299999999999997
2010-05-11,600822,18.11,17.58,18.35,17.48,15051,20059119.0,4.89,-1.12,-0.2,0.81,0.870000000000001
2010-05-12,600822,17.42,17.68,17.96,17.42,10738,14073662.0,3.07,0.57,0.1,0.58,0.5399999999999991
2010-05-13,600822,17.82,18.21,18.27,17.76,16235,21706721.0,2.88,3.0,0.53,0.87,0.509999999999998
2010-05-14,600822,17.96,18.29,18.46,17.96,13326,18046240.0,2.75,0.44,0.08,0.72,0.5
2010-05-17,600822,18.26,16.66,18.26,16.61,14535,18823521.0,9.02,-8.91,-1.63,0.78,1.6500000000000021
2010-05-19,600822,17.08,17.01,17.69,16.85,12913,16567944.0,5.04,2.1,0.35,0.69,0.8399999999999999
2010-05-20,600822,16.89,16.22,17.09,16.21,10582,13039104.0,5.17,-4.64,-0.79,0.57,0.879999999999999
2010-05-21,600822,15.8,16.22,16.33,15.43,14277,16740714.0,5.55,0.0,0.0,0.77,0.8999999999999986
2010-05-24,600822,16.33,16.94,17.1,16.29,14873,18533549.0,4.99,4.44,0.72,0.8,0.8100000000000023
2010-05-25,600822,16.94,16.96,17.42,16.69,15709,19841484.0,4.31,0.12,0.02,0.84,0.7300000000000004
2010-05-26,600822,16.92,17.14,17.29,16.77,11741,14864474.0,3.07,1.06,0.18,0.63,0.5199999999999996
2010-05-27,600822,17.02,17.3,17.34,16.8,13779,17530446.0,3.15,0.93,0.16,0.74,0.5399999999999991
2010-05-28,600822,17.56,17.76,18.07,17.34,24654,32409944.0,4.22,2.66,0.46,1.32,0.7300000000000004
2010-05-31,600822,17.82,16.76,17.96,16.22,14107,18192088.0,9.8,-5.63,-1.0,0.76,1.740000000000002
2010-06-01,600822,16.82,16.6,17.09,16.25,9837,12086405.0,5.01,-0.95,-0.16,0.53,0.8399999999999999
2010-06-02,600822,16.92,17.29,17.34,16.7,17579,22235588.0,3.86,4.16,0.69,0.94,0.6400000000000006
2010-06-03,600822,17.42,17.28,17.65,17.06,15884,20433354.0,3.41,-0.06,-0.01,0.85,0.5899999999999999
2010-06-04,600822,17.16,17.32,17.38,17.0,9751,12411008.0,2.2,0.23,0.04,0.52,0.379999999999999
2010-06-07,600822,17.01,17.34,17.54,16.77,12110,15404867.0,4.45,0.12,0.02,0.65,0.7699999999999996
2010-06-08,600822,17.32,17.5,17.64,17.22,9308,7957381.0,2.42,0.92,0.16,0.33,0.4200000000000017
2010-06-09,600822,17.56,17.66,17.74,17.06,28259,24058785.0,3.89,0.91,0.16,1.01,0.6799999999999997
2010-06-10,600822,17.56,18.27,18.31,17.32,44507,39284071.0,5.61,3.45,0.61,1.59,0.9899999999999984
2010-06-11,600822,18.35,17.88,18.41,17.84,26441,23352885.0,3.12,-2.13,-0.39,0.95,0.5700000000000003
2010-06-17,600822,17.94,17.7,18.01,17.68,14780,12892384.0,1.85,-1.01,-0.18,0.53,0.33000000000000185
2010-06-18,600822,17.68,16.62,17.7,16.6,17311,14532207.0,6.21,-6.1,-1.08,0.62,1.0999999999999979
2010-06-21,600822,16.76,17.02,17.1,16.38,12193,10037265.0,4.33,2.41,0.4,0.44,0.7200000000000024
2010-06-22,600822,16.68,17.58,17.96,16.68,19817,16943204.0,7.52,3.29,0.56,0.71,1.2800000000000011
2010-06-23,600822,17.36,17.5,17.6,16.36,15789,13366831.0,7.05,-0.46,-0.08,0.57,1.240000000000002
2010-06-24,600822,17.16,17.48,17.52,17.16,13586,11535219.0,2.06,-0.11,-0.02,0.49,0.35999999999999943
2010-06-25,600822,17.36,17.6,17.97,17.0,20331,17359977.0,5.55,0.69,0.12,0.73,0.9699999999999989
2010-06-28,600822,17.6,18.11,18.13,17.32,45994,40267792.0,4.6,2.9,0.51,1.65,0.8099999999999987
2010-06-29,600822,18.05,16.92,18.19,16.8,33750,29137215.0,7.68,-6.57,-1.19,1.21,1.3900000000000006
2010-06-30,600822,16.66,16.24,17.04,15.52,19501,15464344.0,8.98,-4.02,-0.68,0.7,1.5199999999999996
2010-07-01,600822,16.16,16.32,16.54,15.58,17253,13726108.0,5.91,0.49,0.08,0.62,0.9599999999999991
2010-07-02,600822,15.82,17.34,17.36,15.82,39372,31960281.0,9.44,6.25,1.02,1.41,1.5399999999999991
2010-07-05,600822,17.08,17.36,17.9,16.86,45654,39213307.0,6.0,0.12,0.02,1.63,1.0399999999999991
2010-07-06,600822,17.14,17.68,17.9,16.96,48599,41708489.0,5.41,1.84,0.32,1.74,0.9399999999999977
2010-07-07,600822,17.88,17.52,18.11,17.2,32392,27710869.0,5.15,-0.9,-0.16,1.16,0.9100000000000001
2010-07-08,600822,17.4,17.3,17.52,17.14,22914,19420126.0,2.17,-1.26,-0.22,0.82,0.379999999999999
2010-07-09,600822,17.32,17.58,17.86,17.18,30729,26498195.0,3.93,1.62,0.28,1.1,0.6799999999999997
2010-07-12,600822,17.62,18.31,18.33,17.46,47569,41882943.0,4.95,4.15,0.73,1.7,0.8699999999999974
2010-07-13,600822,18.11,17.54,18.11,17.48,31650,27538992.0,3.44,-4.21,-0.77,1.13,0.629999999999999
2010-07-14,600822,17.68,18.49,19.25,17.66,72027,65752573.0,9.06,5.42,0.95,2.58,1.5899999999999999
2010-07-15,600822,18.35,17.84,18.47,17.68,37800,33507284.0,4.27,-3.52,-0.65,1.35,0.7899999999999991
2010-07-16,600822,17.72,18.57,18.71,17.62,44238,39598365.0,6.11,4.09,0.73,1.58,1.0899999999999999
2010-07-19,600822,18.75,20.39,20.39,18.73,170171,167803725.0,8.94,9.8,1.82,6.09,1.6600000000000001
2010-07-20,600822,20.25,21.23,21.51,19.89,179715,183132064.0,7.95,4.12,0.84,6.44,1.620000000000001
2010-07-21,600822,20.65,20.67,21.09,20.55,103013,105004869.0,2.54,-2.64,-0.56,3.69,0.5399999999999991
2010-07-22,600822,20.61,20.93,20.99,20.35,70377,71556039.0,3.1,1.26,0.26,2.52,0.639999999999997
2010-07-23,600822,20.93,20.55,20.93,20.29,55194,55678549.0,3.06,-1.82,-0.38,1.98,0.6400000000000006
2010-07-26,600822,20.55,20.63,20.79,20.39,45207,45760488.0,1.95,0.39,0.08,1.62,0.3999999999999986
2010-07-27,600822,20.55,20.85,21.21,20.35,71030,72817811.0,4.17,1.07,0.22,2.54,0.8599999999999994
2010-07-28,600822,20.75,21.09,21.19,20.55,72137,74456912.0,3.07,1.15,0.24,2.58,0.6400000000000006
2010-07-29,600822,21.25,21.41,22.35,21.19,105077,112190453.0,5.5,1.52,0.32,3.76,1.1600000000000001
2010-07-30,600822,21.61,21.13,21.69,20.75,56427,58690081.0,4.39,-1.31,-0.28,2.02,0.9400000000000013
2010-08-02,600822,21.15,21.27,21.33,20.77,52786,54790999.0,2.65,0.66,0.14,1.89,0.5599999999999987
2010-08-03,600822,21.51,20.79,21.63,20.77,55167,57897746.0,4.04,-2.26,-0.48,1.98,0.8599999999999994
2010-08-04,600822,20.65,20.73,20.87,20.11,55565,55869621.0,3.66,-0.29,-0.06,1.99,0.7600000000000016
2010-08-05,600822,20.61,20.73,21.05,20.47,42259,43248929.0,2.8,0.0,0.0,1.51,0.5800000000000018
2010-08-06,600822,20.65,21.19,21.25,20.35,54751,56262601.0,4.34,2.22,0.46,1.96,0.8999999999999986
2010-08-09,600822,21.25,21.85,22.11,21.19,87127,92818761.0,4.34,3.11,0.66,3.12,0.9199999999999982
2010-08-10,600822,21.65,20.57,21.89,20.55,61329,63907146.0,6.13,-5.86,-1.28,2.2,1.3399999999999999
2010-08-11,600822,20.51,20.93,20.99,20.51,31169,31854022.0,2.33,1.75,0.36,1.12,0.4799999999999969
2010-08-12,600822,20.67,22.15,22.95,20.67,165792,180386589.0,10.89,5.83,1.22,5.94,2.2799999999999976
2010-08-13,600822,21.97,22.13,22.25,21.29,78902,84371086.0,4.33,-0.09,-0.02,2.83,0.9600000000000009
2010-08-16,600822,22.95,22.43,23.13,22.33,139296,155308298.0,3.62,1.36,0.3,4.99,0.8000000000000007
2010-08-17,600822,22.35,22.89,23.05,22.27,88980,99589728.0,3.48,2.05,0.46,3.19,0.7800000000000011
2010-08-18,600822,22.89,22.43,23.01,22.13,70884,78283282.0,3.84,-2.01,-0.46,2.54,0.8800000000000026
2010-08-19,600822,22.63,22.25,22.65,22.15,44711,49165831.0,2.23,-0.8,-0.18,1.6,0.5
2010-08-20,600822,22.09,21.59,22.27,21.47,48472,51873728.0,3.6,-2.97,-0.66,1.74,0.8000000000000007
2010-08-23,600822,21.73,21.69,21.97,21.45,34905,37251716.0,2.41,0.46,0.1,1.25,0.5199999999999996
2010-08-24,600822,21.65,21.97,22.15,21.49,41157,44236847.0,3.04,1.29,0.28,1.47,0.6600000000000001
2010-08-25,600822,21.85,21.45,22.21,21.41,35344,37958819.0,3.64,-2.37,-0.52,1.27,0.8000000000000007
2010-08-26,600822,21.47,21.33,21.75,21.13,26676,28021625.0,2.89,-0.56,-0.12,0.96,0.620000000000001
2010-08-27,600822,21.17,21.39,21.47,21.17,18053,18934465.0,1.41,0.28,0.06,0.65,0.29999999999999716
2010-08-30,600822,21.39,21.91,21.93,21.39,32475,34655227.0,2.52,2.43,0.52,1.16,0.5399999999999991
2010-08-31,600822,21.91,22.11,22.23,21.59,42188,45432310.0,2.92,0.91,0.2,1.51,0.6400000000000006
2010-09-01,600822,22.19,21.69,22.59,21.35,39507,42741862.0,5.61,-1.9,-0.42,1.41,1.2399999999999984
2010-09-02,600822,21.75,22.11,22.21,21.55,39620,42850555.0,3.04,1.94,0.42,1.42,0.6600000000000001
2010-09-03,600822,22.11,22.33,22.45,21.91,49152,53698605.0,2.44,1.0,0.22,1.76,0.5399999999999991
2010-09-06,600822,22.67,22.13,22.75,21.99,46137,50428407.0,3.4,-0.9,-0.2,1.65,0.7600000000000016
2010-09-07,600822,21.95,22.05,22.33,21.77,29594,31954668.0,2.53,-0.36,-0.08,1.06,0.5599999999999987
2010-09-08,600822,21.77,21.91,22.03,21.67,29966,32130682.0,1.63,-0.63,-0.14,1.07,0.35999999999999943
2010-09-09,600822,21.85,21.61,22.07,21.25,42196,44782044.0,3.74,-1.37,-0.3,1.51,0.8200000000000003
2010-09-10,600822,21.55,21.37,21.55,20.75,36686,38160499.0,3.7,-1.11,-0.24,1.31,0.8000000000000007
2010-09-13,600822,21.33,21.53,21.63,21.15,24075,25401112.0,2.25,0.75,0.16,0.86,0.4800000000000004
2010-09-14,600822,21.53,22.11,22.13,21.41,51252,55108370.0,3.34,2.69,0.58,1.84,0.7199999999999989
2010-09-15,600822,22.35,21.91,22.39,21.71,54069,58572212.0,3.08,-0.9,-0.2,1.94,0.6799999999999997
2010-09-16,600822,21.75,20.97,21.89,20.65,26766,27799587.0,5.66,-4.29,-0.94,0.96,1.240000000000002
2010-09-17,600822,21.11,20.83,21.25,20.73,15249,15631111.0,2.48,-0.67,-0.14,0.55,0.5199999999999996
2010-09-20,600822,20.83,20.67,20.95,20.51,11416,11643378.0,2.11,-0.77,-0.16,0.41,0.4399999999999977
2010-09-21,600822,20.75,20.67,20.91,20.57,8735,8910930.0,1.64,0.0,0.0,0.31,0.33999999999999986
2010-09-27,600822,20.69,21.03,21.05,20.69,15226,15629493.0,1.74,1.74,0.36,0.55,0.35999999999999943
2010-09-28,600822,20.93,20.23,21.01,20.15,28436,28618055.0,4.09,-3.8,-0.8,1.02,0.860000000000003
2010-09-29,600822,20.15,19.55,20.33,19.53,25179,24488635.0,3.95,-3.36,-0.68,0.9,0.7999999999999972
2010-09-30,600822,19.39,19.71,19.83,19.35,12225,11802606.0,2.46,0.82,0.16,0.44,0.4799999999999969
2010-10-08,600822,19.95,20.17,20.35,19.79,15755,15572546.0,2.84,2.33,0.46,0.56,0.5600000000000023
2010-10-11,600822,20.25,20.35,20.47,20.17,23958,23932235.0,1.49,0.89,0.18,0.86,0.29999999999999716
2010-10-12,600822,20.25,20.39,20.53,20.11,24994,24982865.0,2.06,0.2,0.04,0.9,0.4200000000000017
2010-10-13,600822,20.39,20.51,20.61,20.17,35243,35269775.0,2.16,0.59,0.12,1.26,0.4399999999999977
2010-10-14,600822,20.55,19.49,20.61,19.45,36877,36223000.0,5.66,-4.97,-1.02,1.32,1.1600000000000001
2010-10-15,600822,19.59,19.75,20.07,19.47,28711,27655295.0,3.08,1.33,0.26,1.03,0.6000000000000014
2010-10-18,600822,19.89,18.99,19.89,18.77,31877,29744373.0,5.67,-3.85,-0.76,1.14,1.120000000000001
2010-10-19,600822,19.03,19.45,19.49,18.87,25016,23667933.0,3.26,2.42,0.46,0.9,0.6199999999999974
2010-10-20,600822,19.29,19.21,19.31,18.97,35400,33314516.0,1.75,-1.23,-0.24,1.27,0.33999999999999986
2010-10-21,600822,19.25,19.51,19.67,19.25,31809,30432916.0,2.19,1.56,0.3,1.14,0.4200000000000017
2010-10-22,600822,19.41,19.99,20.21,19.39,45539,44196217.0,4.2,2.46,0.48,1.63,0.8200000000000003
2010-10-25,600822,19.99,20.13,20.19,19.75,45663,44832128.0,2.2,0.7,0.14,1.64,0.4400000000000013
2010-10-26,600822,20.23,20.35,20.37,19.85,46163,45534444.0,2.58,1.09,0.22,1.65,0.5199999999999996
2010-10-27,600822,20.31,20.11,20.51,20.09,35480,35270336.0,2.06,-1.18,-0.24,1.27,0.4200000000000017
2010-10-28,600822,20.11,20.01,20.19,19.95,22369,22044163.0,1.19,-0.5,-0.1,0.8,0.240000000000002
2010-10-29,600822,20.03,20.63,20.71,19.79,50379,50073701.0,4.6,3.1,0.62,1.8,0.9200000000000017
2010-11-01,600822,20.37,21.11,21.31,20.37,87636,89964858.0,4.56,2.33,0.48,3.14,0.9399999999999977
2010-11-02,600822,21.09,21.57,22.11,20.53,102757,107402157.0,7.48,2.18,0.46,3.68,1.5799999999999983
2010-11-03,600822,21.45,21.63,22.91,21.27,110001,118441702.0,7.6,0.28,0.06,3.94,1.6400000000000006
2010-11-04,600822,22.15,21.75,22.61,21.45,65344,70016671.0,5.36,0.55,0.12,2.34,1.1600000000000001
2010-11-05,600822,21.75,21.81,22.33,21.59,69479,74787656.0,3.4,0.28,0.06,2.49,0.7399999999999984
2010-11-08,600822,21.85,22.59,22.71,21.83,105247,115833061.0,4.03,3.58,0.78,3.77,0.8800000000000026
2010-11-09,600822,22.65,22.07,22.69,21.85,63437,68870525.0,3.72,-2.3,-0.52,2.27,0.8399999999999999
2010-11-10,600822,22.11,22.03,22.31,21.55,52897,57226469.0,3.44,-0.18,-0.04,1.89,0.759999999999998
2010-11-12,600822,21.55,19.87,21.55,19.87,149449,150157287.0,7.63,-9.8,-2.16,4.23,1.6799999999999997
2010-11-15,600822,18.93,19.19,19.43,18.33,112472,104155901.0,5.54,-3.42,-0.68,3.18,1.1000000000000014
2010-11-16,600822,19.07,17.9,19.07,17.56,109619,98570814.0,7.87,-6.72,-1.29,3.1,1.5100000000000016
2010-11-17,600822,17.84,17.66,18.07,17.58,42297,37065288.0,2.74,-1.34,-0.24,1.2,0.490000000000002
2010-11-18,600822,17.86,17.9,18.05,17.68,39956,34923791.0,2.1,1.36,0.24,1.13,0.370000000000001
2010-11-19,600822,17.97,17.76,18.05,17.08,72466,62459992.0,5.42,-0.78,-0.14,2.05,0.9700000000000024
2010-11-22,600822,17.66,17.58,18.13,17.34,75302,65430256.0,4.45,-1.01,-0.18,2.13,0.7899999999999991
2010-11-23,600822,17.56,16.76,17.66,16.32,103249,84903457.0,7.62,-4.66,-0.82,2.92,1.3399999999999999
2010-11-24,600822,16.68,17.08,17.1,16.48,54895,45516516.0,3.7,1.91,0.32,1.55,0.620000000000001
2010-11-25,600822,17.16,17.58,17.82,17.14,74510,64061538.0,3.98,2.93,0.5,2.11,0.6799999999999997
2010-11-26,600822,17.54,17.6,17.82,17.34,40935,35117438.0,2.73,0.11,0.02,1.16,0.4800000000000004
2010-11-29,600822,17.66,17.62,17.76,17.48,39221,33828175.0,1.59,0.11,0.02,1.11,0.28000000000000114
2010-11-30,600822,17.56,17.18,17.88,16.82,52217,44498290.0,6.02,-2.5,-0.44,1.48,1.0599999999999987
2010-12-01,600822,17.2,17.28,17.36,16.94,28306,23737332.0,2.44,0.58,0.1,0.8,0.41999999999999815
2010-12-02,600822,17.46,17.56,17.76,17.46,44650,38491794.0,1.74,1.62,0.28,1.26,0.3000000000000007
2010-12-03,600822,17.48,17.22,17.64,17.06,36712,31061262.0,3.3,-1.94,-0.34,1.04,0.5800000000000018
2010-12-06,600822,17.26,17.08,17.36,16.86,22298,18659656.0,2.9,-0.81,-0.14,0.63,0.5
2010-12-07,600822,16.96,17.3,17.34,16.86,24578,20568418.0,2.81,1.29,0.22,0.7,0.4800000000000004
2010-12-08,600822,17.26,17.14,17.44,17.08,23278,19668374.0,2.08,-0.92,-0.16,0.66,0.360000000000003
2010-12-09,600822,17.02,16.56,17.12,16.36,30382,24821397.0,4.43,-3.38,-0.58,0.86,0.7600000000000016
2010-12-10,600822,16.38,16.76,16.84,16.38,23332,18998383.0,2.78,1.21,0.2,0.66,0.46000000000000085
2010-12-13,600822,16.8,17.14,17.18,16.76,28727,23961486.0,2.51,2.27,0.38,0.81,0.41999999999999815
2010-12-14,600822,17.18,17.22,17.32,17.06,44544,37417103.0,1.52,0.47,0.08,1.26,0.26000000000000156
2010-12-15,600822,17.26,17.48,17.62,17.12,52383,44562903.0,2.9,1.51,0.26,1.48,0.5
2010-12-16,600822,17.38,17.44,17.52,17.22,34896,29651222.0,1.72,-0.23,-0.04,0.99,0.3000000000000007
2010-12-17,600822,17.44,17.36,17.44,17.14,20290,17152251.0,1.72,-0.46,-0.08,0.57,0.3000000000000007
2010-12-20,600822,17.38,17.24,17.46,16.72,42673,35656600.0,4.26,-0.69,-0.12,1.21,0.740000000000002
2010-12-21,600822,17.24,17.78,17.78,17.24,94657,81757124.0,3.13,3.13,0.54,2.68,0.5400000000000027
2010-12-22,600822,17.74,17.44,17.76,17.24,45826,39361088.0,2.92,-1.91,-0.34,1.3,0.5200000000000031
2010-12-23,600822,17.46,17.06,17.48,17.0,25450,21384344.0,2.75,-2.18,-0.38,0.72,0.4800000000000004
2010-12-24,600822,17.0,16.8,17.08,16.76,24384,20120337.0,1.88,-1.52,-0.26,0.69,0.31999999999999673
2010-12-27,600822,16.68,16.46,17.0,16.38,20880,17061002.0,3.69,-2.02,-0.34,0.59,0.620000000000001
2010-12-28,600822,16.46,15.78,16.54,15.76,29650,23257589.0,4.74,-4.13,-0.68,0.84,0.7799999999999994
2010-12-29,600822,15.84,15.92,15.98,15.68,12592,9756751.0,1.9,0.89,0.14,0.36,0.3000000000000007
2010-12-30,600822,15.92,16.08,16.14,15.8,15972,12481072.0,2.14,1.01,0.16,0.45,0.33999999999999986
2010-12-31,600822,15.98,16.6,16.72,15.86,35403,28361915.0,5.35,3.23,0.52,1.0,0.8599999999999994
2011-01-04,600822,16.52,16.62,16.66,16.4,30353,24493572.0,1.57,0.12,0.02,0.86,0.26000000000000156
2011-01-05,600822,16.66,16.42,16.66,16.4,23267,18758600.0,1.56,-1.2,-0.2,0.66,0.26000000000000156
2011-01-06,600822,16.42,18.01,18.01,16.42,251939,219598440.0,9.68,9.68,1.59,7.12,1.5899999999999999
2011-01-07,600822,17.6,17.42,17.94,17.24,129051,111122484.0,3.89,-3.28,-0.59,3.65,0.7000000000000028
2011-01-10,600822,17.24,17.52,17.68,17.16,59251,50505549.0,2.99,0.57,0.1,1.68,0.5199999999999996
2011-01-11,600822,17.36,17.18,17.5,16.9,40424,33949505.0,3.42,-1.94,-0.34,1.14,0.6000000000000014
2011-01-12,600822,17.18,18.31,18.85,17.18,208266,186820665.0,9.72,6.58,1.13,5.89,1.6700000000000017
2011-01-13,600822,18.27,18.43,18.93,17.97,101955,92948327.0,5.24,0.66,0.12,2.88,0.9600000000000009
2011-01-14,600822,18.23,19.05,19.35,18.11,159974,148102072.0,6.73,3.36,0.62,4.52,1.240000000000002
2011-01-17,600822,18.73,18.81,19.17,18.41,112865,103813029.0,3.99,-1.26,-0.24,3.19,0.7600000000000016
2011-01-18,600822,18.71,18.41,18.75,17.99,74149,66869497.0,4.04,-2.13,-0.4,2.1,0.7600000000000016
2011-01-19,600822,18.35,19.23,19.25,18.25,120237,111004914.0,5.43,4.45,0.82,3.4,1.0
2011-01-20,600822,19.05,18.01,19.07,17.62,101180,91791846.0,7.54,-6.34,-1.22,2.86,1.4499999999999993
2011-01-21,600822,17.92,19.05,19.09,17.38,141331,128177302.0,9.49,5.77,1.04,4.0,1.7100000000000009
2011-01-24,600822,19.07,19.41,19.79,18.75,158218,150078981.0,5.46,1.89,0.36,4.47,1.0399999999999991
2011-01-25,600822,19.11,18.19,19.23,17.97,104355,95009853.0,6.49,-6.29,-1.22,2.95,1.2600000000000016
2011-01-26,600822,18.21,19.41,19.45,18.21,97851,91028872.0,6.82,6.71,1.22,2.77,1.2399999999999984
2011-01-27,600822,18.97,19.17,19.81,18.95,147477,140212517.0,4.43,-1.24,-0.24,4.17,0.8599999999999994
2011-01-28,600822,18.95,19.41,19.65,18.71,110931,104536251.0,4.9,1.25,0.24,3.14,0.9399999999999977
2011-01-31,600822,19.25,19.43,19.57,19.01,97383,92297661.0,2.89,0.1,0.02,2.75,0.5599999999999987
2011-02-01,600822,19.55,20.05,20.75,19.39,181988,181529476.0,7.0,3.19,0.62,5.15,1.3599999999999994
2011-02-09,600822,19.75,19.97,20.43,19.57,175752,172496337.0,4.29,-0.4,-0.08,4.97,0.8599999999999994
2011-02-10,600822,19.89,21.01,21.29,19.45,210406,210088172.0,9.21,5.21,1.04,5.95,1.8399999999999999
2011-02-11,600822,20.73,20.93,21.39,20.45,214121,219779232.0,4.47,-0.38,-0.08,6.06,0.9400000000000013
2011-02-14,600822,20.81,21.03,21.19,20.63,163825,168453506.0,2.68,0.48,0.1,4.63,0.5600000000000023
2011-02-15,600822,20.91,20.53,21.45,20.43,233228,238377537.0,4.85,-2.38,-0.5,6.6,1.0199999999999996
2011-02-16,600822,20.37,20.73,20.81,20.35,127344,128712608.0,2.24,0.97,0.2,3.6,0.4599999999999973
2011-02-17,600822,20.65,20.31,20.79,19.89,161161,160370066.0,4.34,-2.03,-0.42,4.56,0.8999999999999986
2011-02-18,600822,20.15,20.83,20.95,19.87,145994,146304198.0,5.32,2.56,0.52,4.13,1.0799999999999983
2011-02-21,600822,20.65,21.43,21.63,20.57,227469,238376028.0,5.09,2.88,0.6,6.43,1.0599999999999987
2011-02-22,600822,21.61,20.51,21.67,20.43,160674,164833938.0,5.79,-4.29,-0.92,4.54,1.240000000000002
2011-02-23,600822,20.29,20.53,20.77,20.19,80581,81422074.0,2.83,0.1,0.02,2.28,0.5799999999999983
2011-02-24,600822,20.49,20.67,20.71,20.15,91426,91533527.0,2.73,0.68,0.14,2.59,0.5600000000000023
2011-02-25,600822,20.45,20.41,20.63,20.23,50586,50724425.0,1.94,-1.26,-0.26,1.43,0.3999999999999986
2011-02-28,600822,20.45,20.85,20.91,20.25,91416,92897439.0,3.23,2.16,0.44,2.59,0.6600000000000001
2011-03-01,600822,20.79,20.69,21.05,20.51,96797,98911791.0,2.59,-0.77,-0.16,2.74,0.5399999999999991
2011-03-02,600822,20.57,20.35,20.63,19.91,80833,80515927.0,3.48,-1.64,-0.34,2.29,0.7199999999999989
2011-03-03,600822,20.31,20.17,20.71,19.95,79726,79775338.0,3.73,-0.88,-0.18,2.25,0.7600000000000016
2011-03-04,600822,20.23,20.31,20.37,19.93,66726,66195121.0,2.18,0.69,0.14,1.89,0.4400000000000013
2011-03-07,600822,20.51,21.05,21.63,20.51,148389,154173828.0,5.51,3.64,0.74,4.2,1.1199999999999974
2011-03-08,600822,21.13,22.31,22.79,20.87,292947,316214267.0,9.12,5.99,1.26,8.28,1.9199999999999982
2011-03-09,600822,22.07,21.91,22.31,21.65,133979,144392803.0,2.96,-1.79,-0.4,3.79,0.6600000000000001
2011-03-10,600822,21.95,21.97,22.33,21.75,111131,120662365.0,2.65,0.27,0.06,3.14,0.5799999999999983
2011-03-11,600822,21.79,21.25,21.83,21.15,107607,113725587.0,3.1,-3.28,-0.72,3.04,0.6799999999999997
2011-03-14,600822,21.05,21.41,21.59,20.97,64884,67974665.0,2.92,0.75,0.16,1.83,0.620000000000001
2011-03-15,600822,21.41,20.57,21.49,19.97,106437,107343794.0,7.1,-3.92,-0.84,3.01,1.5199999999999996
2011-03-16,600822,20.57,20.55,20.71,20.19,57020,57343510.0,2.53,-0.1,-0.02,1.61,0.5199999999999996
2011-03-17,600822,20.25,20.19,20.59,20.09,55310,55046269.0,2.43,-1.75,-0.36,1.56,0.5
2011-03-18,600822,20.23,20.41,20.57,20.23,41125,41251935.0,1.68,1.09,0.22,1.16,0.33999999999999986
2011-03-21,600822,20.29,20.31,20.45,20.13,32196,32118758.0,1.57,-0.49,-0.1,0.91,0.3200000000000003
2011-03-22,600822,20.33,20.61,20.93,20.33,71518,72827020.0,2.95,1.48,0.3,2.02,0.6000000000000014
2011-03-23,600822,20.61,20.65,20.71,20.33,46407,46844039.0,1.84,0.19,0.04,1.31,0.38000000000000256
2011-03-24,600822,20.67,20.51,20.73,20.37,52774,53254995.0,1.74,-0.68,-0.14,1.49,0.35999999999999943
2011-03-25,600822,20.51,20.49,20.63,20.37,49776,50174351.0,1.27,-0.1,-0.02,1.41,0.259999999999998
2011-03-28,600822,20.51,20.11,20.63,20.05,66946,66934635.0,2.83,-1.85,-0.38,1.89,0.5799999999999983
2011-03-29,600822,20.05,19.31,20.17,19.17,105398,101431395.0,4.97,-3.98,-0.8,2.98,1.0
2011-03-30,600822,19.33,18.85,19.45,18.55,61147,56666796.0,4.66,-2.38,-0.46,1.73,0.8999999999999986
2011-03-31,600822,18.93,19.25,19.29,18.87,59144,55581297.0,2.23,2.12,0.4,1.67,0.41999999999999815
2011-04-01,600822,19.25,20.59,21.13,19.15,137406,136059421.0,10.29,6.96,1.34,3.89,1.9800000000000004
2011-04-06,600822,20.31,20.57,20.89,20.17,117626,118233722.0,3.5,-0.1,-0.02,3.33,0.7199999999999989
2011-04-07,600822,20.35,20.37,20.75,20.19,61001,61000349.0,2.72,-0.97,-0.2,1.73,0.5599999999999987
2011-04-08,600822,20.41,20.13,20.41,19.89,59605,58792420.0,2.55,-1.18,-0.24,1.69,0.5199999999999996
2011-04-11,600822,20.25,19.45,20.25,19.45,52770,51221587.0,3.97,-3.38,-0.68,1.49,0.8000000000000007
2011-04-12,600822,19.47,19.41,19.77,19.35,37138,35664419.0,2.16,-0.21,-0.04,1.05,0.41999999999999815
2011-04-13,600822,19.45,19.71,19.73,19.39,25973,24977121.0,1.75,1.55,0.3,0.73,0.33999999999999986
2011-04-14,600822,19.75,19.61,19.83,19.47,26790,25855949.0,1.83,-0.51,-0.1,0.76,0.35999999999999943
2011-04-15,600822,19.55,19.35,19.63,19.05,42027,39885921.0,2.96,-1.33,-0.26,1.19,0.5799999999999983
2011-04-18,600822,19.33,19.31,19.39,19.05,40899,38509097.0,1.76,-0.21,-0.04,1.16,0.33999999999999986
2011-04-19,600822,19.17,19.41,19.57,19.07,36500,34587574.0,2.59,0.52,0.1,1.03,0.5
2011-04-20,600822,19.41,19.57,19.61,19.33,32404,31007935.0,1.44,0.82,0.16,0.92,0.28000000000000114
2011-04-21,600822,19.67,19.65,19.83,19.57,42178,40794188.0,1.33,0.41,0.08,1.19,0.259999999999998
2011-04-22,600822,19.65,19.27,19.77,19.23,37467,35692034.0,2.75,-1.93,-0.38,1.06,0.5399999999999991
2011-04-25,600822,19.17,18.67,19.23,18.53,37438,34435152.0,3.63,-3.11,-0.6,1.06,0.6999999999999993
2011-04-26,600822,18.51,18.43,18.73,18.33,23357,21170497.0,2.14,-1.29,-0.24,0.66,0.40000000000000213
2011-04-27,600822,18.55,18.17,18.65,17.94,23613,21238925.0,3.85,-1.41,-0.26,0.67,0.7099999999999973
2011-04-28,600822,18.13,17.84,18.45,17.78,20286,17970366.0,3.69,-1.82,-0.33,0.57,0.6699999999999982
2011-04-29,600822,17.84,17.94,17.96,17.44,39390,34051088.0,2.91,0.56,0.1,1.11,0.5199999999999996
2011-05-03,600822,17.94,18.03,18.09,17.76,22634,19933401.0,1.84,0.5,0.09,0.64,0.3299999999999983
2011-05-04,600822,18.01,17.38,18.03,17.36,27330,23559093.0,3.72,-3.61,-0.65,0.77,0.6700000000000017
2011-05-05,600822,17.22,17.4,17.56,17.18,18980,16200029.0,2.19,0.12,0.02,0.54,0.379999999999999
2011-05-06,600822,17.34,17.42,17.52,17.12,22364,18957117.0,2.3,0.11,0.02,0.63,0.3999999999999986
2011-05-09,600822,17.46,17.6,17.64,17.4,24141,20687289.0,1.38,1.03,0.18,0.68,0.240000000000002
2011-05-10,600822,17.58,17.8,17.82,17.42,31772,27354400.0,2.27,1.14,0.2,0.9,0.3999999999999986
2011-05-11,600822,17.82,17.72,17.84,17.54,31177,27046997.0,1.69,-0.45,-0.08,0.88,0.3000000000000007
2011-05-12,600822,17.62,17.24,17.62,17.22,31511,26956447.0,2.26,-2.71,-0.48,0.89,0.40000000000000213
2011-05-13,600822,17.24,17.78,17.82,17.2,34564,29682738.0,3.6,3.13,0.54,0.98,0.620000000000001
2011-05-16,600822,17.7,17.86,18.11,17.64,40722,35777155.0,2.64,0.45,0.08,1.15,0.46999999999999886
2011-05-17,600822,17.86,17.9,18.13,17.84,38725,34151182.0,1.62,0.22,0.04,1.1,0.28999999999999915
2011-05-18,600822,17.86,18.19,18.23,17.76,34139,30254902.0,2.63,1.62,0.29,0.97,0.46999999999999886
2011-05-19,600822,18.15,18.77,18.81,17.99,95980,87213918.0,4.51,3.19,0.58,2.71,0.8200000000000003
2011-05-20,600822,18.59,18.73,18.89,18.53,81028,74389274.0,1.92,-0.21,-0.04,2.29,0.35999999999999943
2011-05-23,600822,18.73,18.29,18.73,17.88,71077,63269233.0,4.54,-2.35,-0.44,2.01,0.8500000000000014
2011-05-24,600822,18.29,18.53,18.75,17.9,80932,72680131.0,4.65,1.31,0.24,2.29,0.8500000000000014
2011-05-25,600822,18.59,18.97,19.83,18.21,135229,125632666.0,8.74,2.37,0.44,3.82,1.6199999999999974
2011-05-26,600822,18.95,19.33,19.69,18.59,172570,163279647.0,5.8,1.9,0.36,4.88,1.1000000000000014
2011-05-30,600822,17.9,17.44,17.9,17.44,88546,75911180.0,2.38,-9.78,-1.89,2.5,0.4599999999999973
2011-05-31,600822,16.82,17.3,17.42,16.78,50277,41972872.0,3.67,-0.8,-0.14,1.42,0.6400000000000006
2011-06-01,600822,17.28,17.28,17.44,17.06,35726,30174702.0,2.2,-0.12,-0.02,1.01,0.38000000000000256
2011-06-02,600822,17.0,16.8,17.3,16.4,37590,31000068.0,5.21,-2.78,-0.48,1.06,0.9000000000000021
2011-06-03,600822,16.8,16.98,17.12,16.76,27963,23177165.0,2.14,1.07,0.18,0.79,0.35999999999999943
2011-06-07,600822,16.96,17.04,17.06,16.68,22166,18364492.0,2.24,0.35,0.06,0.63,0.379999999999999
2011-06-08,600822,16.98,17.2,17.22,16.7,40169,33292877.0,3.05,0.94,0.16,1.14,0.5199999999999996
2011-06-09,600822,17.3,16.84,17.68,16.8,54704,46486884.0,5.12,-2.09,-0.36,1.55,0.879999999999999
2011-06-10,600822,16.76,16.66,16.82,16.18,44196,35703310.0,3.8,-1.07,-0.18,1.25,0.6400000000000006
2011-06-13,600822,16.38,16.62,16.7,16.28,18831,15187957.0,2.52,-0.24,-0.04,0.53,0.41999999999999815
2011-06-14,600822,16.62,16.86,16.86,16.48,22746,18639013.0,2.29,1.44,0.24,0.64,0.379999999999999
2011-06-15,600822,16.84,16.58,16.9,16.58,16188,13247314.0,1.9,-1.66,-0.28,0.46,0.3200000000000003
2011-06-16,600822,16.42,16.12,16.58,16.12,25141,20089733.0,2.77,-2.77,-0.46,0.71,0.4599999999999973
2011-06-17,600822,16.12,15.74,16.24,15.72,20879,16283308.0,3.23,-2.36,-0.38,0.59,0.5199999999999978
2011-06-20,600822,15.86,15.7,15.86,15.54,12884,9855363.0,2.03,-0.25,-0.04,0.36,0.3200000000000003
2011-06-21,600822,15.74,15.88,15.9,15.66,11178,8621253.0,1.53,1.15,0.18,0.32,0.2400000000000002
2011-06-22,600822,15.84,15.78,15.94,15.76,12737,9865193.0,1.13,-0.63,-0.1,0.36,0.17999999999999972
2011-06-23,600822,15.66,16.04,16.1,15.54,21328,16520865.0,3.55,1.65,0.26,0.6,0.5600000000000023
2011-06-24,600822,16.04,16.38,16.46,15.88,29975,23852606.0,3.62,2.12,0.34,0.85,0.5800000000000001
2011-06-27,600822,16.38,16.44,16.58,16.36,26356,21217277.0,1.34,0.37,0.06,0.75,0.21999999999999886
2011-06-28,600822,16.42,16.44,16.44,16.26,19982,15984396.0,1.09,0.0,0.0,0.57,0.17999999999999972
2011-06-29,600822,16.52,16.18,16.52,16.14,22607,18082491.0,2.31,-1.58,-0.26,0.64,0.379999999999999
2011-06-30,600822,16.14,16.74,16.78,16.14,51760,41974240.0,3.96,3.46,0.56,1.46,0.6400000000000006
2011-07-01,600822,16.72,16.64,16.84,16.54,31402,25600176.0,1.79,-0.6,-0.1,0.89,0.3000000000000007
2011-07-04,600822,16.64,16.9,17.0,16.62,34747,28605331.0,2.28,1.56,0.26,0.98,0.379999999999999
2011-07-05,600822,16.9,16.9,17.02,16.8,29289,24213382.0,1.3,0.0,0.0,0.83,0.21999999999999886
2011-07-06,600822,16.9,17.2,17.34,16.78,61370,51398886.0,3.31,1.78,0.3,1.74,0.5599999999999987
2011-07-07,600822,17.08,17.3,17.46,16.92,75085,63286868.0,3.14,0.58,0.1,2.12,0.5399999999999991
2011-07-08,600822,17.26,16.88,17.54,16.74,104690,87739443.0,4.62,-2.43,-0.42,2.96,0.8000000000000007
2011-07-11,600822,16.76,16.88,17.14,16.56,53121,43466889.0,3.44,0.0,0.0,1.5,0.5800000000000018
2011-07-12,600822,16.72,16.6,16.8,16.54,35278,28716481.0,1.54,-1.66,-0.28,1.0,0.26000000000000156
2011-07-13,600822,16.54,16.8,16.84,16.54,32848,26883283.0,1.81,1.2,0.2,0.93,0.3000000000000007
2011-07-14,600822,16.84,16.92,16.98,16.8,34527,28536613.0,1.07,0.71,0.12,0.98,0.17999999999999972
2011-07-15,600822,16.92,17.16,17.26,16.86,51935,43435896.0,2.36,1.42,0.24,1.47,0.40000000000000213
2011-07-18,600822,17.12,17.1,17.26,16.96,30410,25442911.0,1.75,-0.35,-0.06,0.86,0.3000000000000007
2011-07-19,600822,17.0,17.72,17.94,16.86,131801,112651290.0,6.32,3.63,0.62,3.73,1.0800000000000018
2011-07-20,600822,17.72,18.17,18.27,17.54,165489,145055288.0,4.12,2.54,0.45,4.68,0.7300000000000004
2011-07-21,600822,18.03,18.09,18.21,17.74,153669,135337660.0,2.59,-0.44,-0.08,4.35,0.4700000000000024
2011-07-22,600822,18.01,18.21,18.29,17.88,135331,119618853.0,2.27,0.66,0.12,3.83,0.41000000000000014
2011-07-25,600822,18.13,17.86,18.13,17.4,105009,90871329.0,4.01,-1.92,-0.35,2.97,0.7300000000000004
2011-07-26,600822,17.8,18.33,18.35,17.26,141069,124472218.0,6.1,2.63,0.47,3.99,1.0899999999999999
2011-07-27,600822,18.15,18.51,18.61,17.94,168379,151763563.0,3.66,0.98,0.18,4.76,0.6699999999999982
2011-07-28,600822,18.29,18.43,18.67,18.05,140815,127420360.0,3.35,-0.43,-0.08,3.98,0.620000000000001
2011-07-29,600822,18.31,18.47,18.53,17.97,124023,111300452.0,3.04,0.22,0.04,3.51,0.5600000000000023
2011-08-01,600822,18.35,18.69,19.25,18.15,145721,133071415.0,5.96,1.19,0.22,4.12,1.1000000000000014
2011-08-02,600822,18.59,18.29,19.15,18.13,91028,82243456.0,5.46,-2.14,-0.4,2.57,1.0199999999999996
2011-08-03,600822,18.11,17.76,18.33,17.7,68763,60306157.0,3.44,-2.9,-0.53,1.94,0.629999999999999
2011-08-04,600822,17.76,17.82,17.97,17.58,47542,41363456.0,2.2,0.34,0.06,1.34,0.39000000000000057
2011-08-05,600822,17.18,16.68,17.44,16.56,57215,47866492.0,4.94,-6.4,-1.14,1.62,0.8800000000000026
2011-08-08,600822,16.52,15.52,16.62,15.12,69050,53573987.0,8.99,-6.95,-1.16,1.95,1.5000000000000018
2011-08-09,600822,14.76,15.46,15.56,14.76,43421,32191146.0,5.15,-0.39,-0.06,1.23,0.8000000000000007
2011-08-10,600822,15.84,15.6,16.04,15.58,40012,30767206.0,2.98,0.91,0.14,1.13,0.4599999999999991
2011-08-11,600822,15.22,15.74,15.76,15.02,38641,29318888.0,4.74,0.9,0.14,1.09,0.7400000000000002
2011-08-12,600822,15.8,15.92,16.14,15.76,38654,30104391.0,2.41,1.14,0.18,1.09,0.3800000000000008
2011-08-15,600822,15.9,16.28,16.32,15.8,38004,29919299.0,3.27,2.26,0.36,1.07,0.5199999999999996
2011-08-16,600822,16.26,16.02,16.42,15.98,28999,22864045.0,2.7,-1.6,-0.26,0.82,0.4400000000000013
2011-08-17,600822,15.96,15.9,16.06,15.82,27241,21197697.0,1.5,-0.75,-0.12,0.77,0.23999999999999844
2011-08-18,600822,15.88,15.78,16.06,15.74,30311,23498566.0,2.01,-0.75,-0.12,0.86,0.3199999999999985
2011-08-19,600822,15.34,16.36,16.42,15.26,62734,48970491.0,7.35,3.68,0.58,1.77,1.160000000000002
2011-08-22,600822,16.26,16.5,16.52,16.06,56911,45387858.0,2.81,0.86,0.14,1.61,0.46000000000000085
2011-08-23,600822,16.42,16.52,16.68,16.32,86502,69490613.0,2.18,0.12,0.02,2.45,0.35999999999999943
2011-08-24,600822,16.46,16.0,16.52,16.0,51158,40590425.0,3.15,-3.15,-0.52,1.45,0.5199999999999996
2011-08-25,600822,16.02,16.24,16.28,15.92,24931,19683602.0,2.25,1.5,0.24,0.71,0.3600000000000012
2011-08-26,600822,16.18,16.5,16.54,16.06,40168,32160291.0,2.96,1.6,0.26,1.14,0.4800000000000004
2011-08-29,600822,16.38,16.54,16.68,16.36,48108,38958152.0,1.94,0.24,0.04,1.36,0.3200000000000003
2011-08-30,600822,16.6,16.54,16.72,16.42,35048,28466414.0,1.81,0.0,0.0,0.99,0.29999999999999716
2011-08-31,600822,16.58,16.76,16.88,16.52,70165,57394935.0,2.18,1.33,0.22,1.98,0.35999999999999943
2011-09-01,600822,16.76,16.7,16.78,16.36,50106,40791850.0,2.51,-0.36,-0.06,1.42,0.4200000000000017
2011-09-02,600822,16.68,16.58,16.7,16.28,61771,49751804.0,2.51,-0.72,-0.12,1.75,0.41999999999999815
2011-09-05,600822,16.46,16.24,16.46,15.8,48616,38219899.0,3.98,-2.05,-0.34,1.37,0.6600000000000001
2011-09-06,600822,15.88,16.58,16.7,15.88,64617,52049340.0,5.05,2.09,0.34,1.83,0.8199999999999985
2011-09-07,600822,16.58,17.4,17.46,16.5,146566,122279383.0,5.79,4.95,0.82,4.14,0.9600000000000009
2011-09-08,600822,17.32,17.2,17.38,16.96,150912,127238207.0,2.41,-1.15,-0.2,4.27,0.41999999999999815
2011-09-09,600822,17.1,17.72,17.86,16.8,194316,163751892.0,6.16,3.02,0.52,5.5,1.0599999999999987
2011-09-13,600822,17.56,17.76,18.53,17.14,207596,178879125.0,7.84,0.23,0.04,5.87,1.3900000000000006
2011-09-14,600822,17.62,17.64,17.76,17.26,127434,109090035.0,2.82,-0.68,-0.12,3.6,0.5
2011-09-15,600822,17.7,17.62,18.23,17.36,139715,120920510.0,4.93,-0.11,-0.02,3.95,0.870000000000001
2011-09-16,600822,17.52,16.8,17.62,16.78,109901,92930815.0,4.77,-4.65,-0.82,3.11,0.8399999999999999
2011-09-19,600822,16.56,16.4,16.64,16.14,82124,65451598.0,2.98,-2.38,-0.4,2.32,0.5
2011-09-20,600822,16.36,16.3,16.52,16.18,57941,46391818.0,2.07,-0.61,-0.1,1.64,0.33999999999999986
2011-09-21,600822,16.3,16.7,16.82,15.98,67549,54608177.0,5.15,2.45,0.4,1.91,0.8399999999999999
2011-09-22,600822,16.64,17.06,17.12,16.56,135519,112345768.0,3.35,2.16,0.36,3.83,0.5600000000000023
2011-09-23,600822,16.76,16.7,17.02,16.32,101151,82721352.0,4.1,-2.11,-0.36,2.86,0.6999999999999993
2011-09-26,600822,16.62,16.82,16.86,16.32,102069,82487714.0,3.23,0.72,0.12,2.89,0.5399999999999991
2011-09-27,600822,16.76,17.18,17.9,16.68,138796,116341458.0,7.25,2.14,0.36,3.93,1.2199999999999989
2011-09-28,600822,17.3,16.5,17.66,16.44,80129,66388484.0,7.1,-3.96,-0.68,2.27,1.2199999999999989
2011-09-29,600822,16.48,15.4,16.7,15.36,51785,40014148.0,8.12,-6.67,-1.1,1.46,1.3399999999999999
2011-09-30,600822,15.4,15.32,15.56,14.98,23464,17533189.0,3.77,-0.52,-0.08,0.66,0.5800000000000001
2011-10-10,600822,15.36,15.06,15.46,15.02,18832,13934416.0,2.87,-1.7,-0.26,0.53,0.4400000000000013
2011-10-11,600822,15.44,15.12,15.46,14.86,26848,19969716.0,3.98,0.4,0.06,0.76,0.6000000000000014
2011-10-12,600822,15.0,15.5,15.56,14.84,27758,20822487.0,4.76,2.51,0.38,0.79,0.7200000000000006
2011-10-13,600822,15.5,15.64,15.7,15.4,30083,22906873.0,1.94,0.9,0.14,0.85,0.29999999999999893
2011-10-14,600822,15.58,15.38,15.7,15.3,21024,15878484.0,2.56,-1.66,-0.26,0.59,0.3999999999999986
2011-10-17,600822,15.56,15.28,15.6,15.18,16458,12367934.0,2.73,-0.65,-0.1,0.47,0.41999999999999993
2011-10-18,600822,15.24,14.74,15.24,14.72,22859,16726320.0,3.4,-3.53,-0.54,0.65,0.5199999999999996
2011-10-19,600822,14.74,14.78,14.92,14.64,14152,10185682.0,1.9,0.27,0.04,0.4,0.27999999999999936
2011-10-20,600822,14.7,14.12,14.76,14.08,19207,13377221.0,4.6,-4.47,-0.66,0.54,0.6799999999999997
2011-10-21,600822,14.12,13.82,14.2,13.78,13026,8891601.0,2.97,-2.12,-0.3,0.37,0.41999999999999993
2011-10-24,600822,13.86,13.98,14.0,13.42,15907,10681492.0,4.2,1.16,0.16,0.45,0.5800000000000001
2011-10-25,600822,13.98,14.24,14.3,13.86,23418,16115901.0,3.15,1.86,0.26,0.66,0.4400000000000013
2011-10-26,600822,14.1,14.38,14.56,14.06,30667,21433631.0,3.51,0.98,0.14,0.87,0.5
2011-10-27,600822,14.52,14.42,14.98,14.38,38810,27730727.0,4.17,0.28,0.04,1.1,0.5999999999999996
2011-10-28,600822,14.52,14.7,14.76,14.48,28420,20267732.0,1.94,1.94,0.28,0.8,0.27999999999999936
2011-10-31,600822,14.7,14.68,14.7,14.56,19391,13830109.0,0.95,-0.14,-0.02,0.55,0.1399999999999988
2011-11-01,600822,14.64,14.56,14.66,14.44,21368,15160314.0,1.5,-0.82,-0.12,0.6,0.22000000000000064
2011-11-02,600822,14.34,14.6,14.6,14.12,23666,16581856.0,3.3,0.27,0.04,0.67,0.4800000000000004
2011-11-03,600822,14.64,14.76,14.88,14.64,41536,29919715.0,1.64,1.1,0.16,1.17,0.2400000000000002
2011-11-04,600822,14.8,14.9,14.92,14.64,36107,26081007.0,1.9,0.95,0.14,1.02,0.27999999999999936
2011-11-07,600822,14.96,14.82,15.24,14.8,31805,23254336.0,2.95,-0.54,-0.08,0.9,0.4399999999999995
2011-11-08,600822,14.74,14.56,14.9,14.46,30278,21677990.0,2.97,-1.75,-0.26,0.86,0.4399999999999995
2011-11-09,600822,14.68,14.72,14.74,14.44,20235,14411623.0,2.06,1.1,0.16,0.57,0.3000000000000007
2011-11-10,600822,14.58,14.66,14.96,14.46,35617,25680375.0,3.4,-0.41,-0.06,1.01,0.5
2011-11-11,600822,14.66,14.68,14.86,14.6,20123,14480468.0,1.77,0.14,0.02,0.57,0.2599999999999998
2011-11-14,600822,14.74,15.1,15.12,14.72,33867,24649883.0,2.72,2.86,0.42,0.96,0.3999999999999986
2011-11-15,600822,14.98,15.14,15.18,14.96,26910,19821808.0,1.46,0.26,0.04,0.76,0.21999999999999886
2011-11-16,600822,15.14,14.76,15.32,14.72,33418,24542319.0,3.96,-2.51,-0.38,0.95,0.5999999999999996
2011-11-17,600822,14.88,14.7,14.88,14.68,14893,10717848.0,1.36,-0.41,-0.06,0.42,0.20000000000000107
2011-11-18,600822,14.7,14.02,14.82,13.76,27696,19231799.0,7.21,-4.63,-0.68,0.78,1.0600000000000005
2011-11-21,600822,14.04,14.06,14.1,13.9,12182,8304374.0,1.43,0.29,0.04,0.34,0.1999999999999993
2011-11-22,600822,13.98,14.04,14.34,13.8,12374,8452936.0,3.84,-0.14,-0.02,0.35,0.5399999999999991
2011-11-23,600822,14.08,13.9,14.14,13.86,12005,8179507.0,1.99,-1.0,-0.14,0.34,0.28000000000000114
2011-11-24,600822,13.88,13.84,13.98,13.7,13016,8756720.0,2.01,-0.43,-0.06,0.37,0.28000000000000114
2011-11-25,600822,13.82,13.92,13.98,13.78,9332,6308242.0,1.45,0.58,0.08,0.26,0.20000000000000107
2011-11-28,600822,13.92,13.8,14.02,13.74,8828,5965617.0,2.01,-0.86,-0.12,0.25,0.27999999999999936
2011-11-29,600822,13.86,14.0,14.06,13.86,11313,7694256.0,1.45,1.45,0.2,0.32,0.20000000000000107
2011-11-30,600822,13.84,13.12,14.0,13.06,23288,15212580.0,6.71,-6.29,-0.88,0.66,0.9399999999999995
2011-12-01,600822,13.46,13.3,13.6,13.28,25114,16472404.0,2.44,1.37,0.18,0.71,0.3200000000000003
2011-12-02,600822,13.24,12.98,13.28,12.96,12255,7801132.0,2.41,-2.41,-0.32,0.35,0.3199999999999985
2011-12-05,600822,12.96,12.72,13.06,12.68,11944,7454290.0,2.93,-2.0,-0.26,0.34,0.3800000000000008
2011-12-06,600822,12.62,12.7,12.82,12.58,8087,4984673.0,1.89,-0.16,-0.02,0.23,0.2400000000000002
2011-12-07,600822,12.76,12.92,12.96,12.68,10964,6821853.0,2.2,1.73,0.22,0.31,0.28000000000000114
2011-12-08,600822,12.82,12.88,12.96,12.66,9397,5851905.0,2.32,-0.31,-0.04,0.27,0.3000000000000007
2011-12-09,600822,12.68,12.78,12.9,12.68,4853,3018450.0,1.71,-0.78,-0.1,0.14,0.22000000000000064
2011-12-12,600822,12.78,12.66,12.88,12.56,7998,4918011.0,2.5,-0.94,-0.12,0.23,0.3200000000000003
2011-12-13,600822,12.6,12.23,12.6,12.19,15344,9239179.0,3.24,-3.4,-0.43,0.43,0.41000000000000014
2011-12-14,600822,12.17,11.77,12.32,11.73,10608,6205039.0,4.82,-3.76,-0.46,0.3,0.5899999999999999
2011-12-15,600822,11.73,11.29,11.73,11.23,14645,8095998.0,4.25,-4.08,-0.48,0.41,0.5
2011-12-16,600822,11.27,11.59,11.61,11.27,9883,5489487.0,3.01,2.66,0.3,0.28,0.33999999999999986
2011-12-19,600822,11.57,11.65,11.67,11.35,9547,5309484.0,2.76,0.52,0.06,0.27,0.3200000000000003
2011-12-20,600822,11.67,11.67,11.81,11.57,7403,4197175.0,2.06,0.17,0.02,0.21,0.2400000000000002
2011-12-21,600822,11.85,11.33,11.85,11.33,7790,4380339.0,4.46,-2.91,-0.34,0.22,0.5199999999999996
2011-12-22,600822,11.29,10.99,11.29,10.77,14866,7883573.0,4.59,-3.0,-0.34,0.42,0.5199999999999996
2011-12-23,600822,10.99,11.11,11.29,10.99,6823,3672555.0,2.73,1.09,0.12,0.19,0.29999999999999893
2011-12-26,600822,11.05,11.07,11.23,10.97,4428,2380316.0,2.34,-0.36,-0.04,0.13,0.2599999999999998
2011-12-27,600822,11.07,10.87,11.11,10.85,5005,2647926.0,2.35,-1.81,-0.2,0.14,0.2599999999999998
2011-12-28,600822,10.77,10.89,10.89,10.71,6628,3454196.0,1.66,0.18,0.02,0.19,0.17999999999999972
2011-12-29,600822,10.87,11.07,11.13,10.77,10790,5744860.0,3.31,1.65,0.18,0.31,0.3600000000000012
2011-12-30,600822,11.01,11.15,11.25,11.01,5945,3209021.0,2.17,0.72,0.08,0.17,0.2400000000000002
2012-01-04,600822,11.15,10.87,11.29,10.87,6792,3633860.0,3.77,-2.51,-0.28,0.19,0.41999999999999993
2012-01-05,600822,10.77,10.49,10.95,10.47,5761,2985663.0,4.42,-3.5,-0.38,0.16,0.47999999999999865
2012-01-06,600822,10.53,10.59,10.61,10.35,4858,2451509.0,2.48,0.95,0.1,0.14,0.2599999999999998
2012-01-09,600822,10.61,11.05,11.07,10.57,14973,7874331.0,4.72,4.34,0.46,0.42,0.5
2012-01-10,600822,11.05,11.45,11.45,11.05,25254,13818273.0,3.62,3.62,0.4,0.71,0.3999999999999986
2012-01-11,600822,11.47,11.41,11.49,11.31,15512,8539944.0,1.57,-0.35,-0.04,0.44,0.17999999999999972
2012-01-12,600822,11.33,11.33,11.55,11.31,14817,8181564.0,2.1,-0.7,-0.08,0.42,0.2400000000000002
2012-01-13,600822,11.33,10.91,11.41,10.87,17671,9425666.0,4.77,-3.71,-0.42,0.5,0.5400000000000009
2012-01-16,600822,10.79,10.63,10.89,10.63,6339,3295201.0,2.38,-2.57,-0.28,0.18,0.2599999999999998
2012-01-17,600822,10.73,11.17,11.21,10.53,13983,7419693.0,6.4,5.08,0.54,0.4,0.6800000000000015
2012-01-18,600822,11.19,11.07,11.33,10.99,11756,6358798.0,3.04,-0.9,-0.1,0.33,0.33999999999999986
2012-01-19,600822,11.05,11.15,11.41,10.97,14877,8041633.0,3.97,0.72,0.08,0.42,0.4399999999999995
2012-01-20,600822,11.17,11.33,11.39,11.15,12246,6686592.0,2.15,1.61,0.18,0.35,0.2400000000000002
2012-01-30,600822,11.37,11.19,11.37,11.17,9223,5027837.0,1.77,-1.24,-0.14,0.26,0.1999999999999993
2012-01-31,600822,11.15,11.19,11.29,11.05,8457,4550716.0,2.14,0.0,0.0,0.24,0.23999999999999844
2012-02-01,600822,11.21,11.09,11.31,11.05,7148,3869149.0,2.32,-0.89,-0.1,0.2,0.2599999999999998
2012-02-02,600822,11.11,11.35,11.37,11.07,12628,6850055.0,2.71,2.34,0.26,0.36,0.29999999999999893
2012-02-03,600822,11.27,11.81,11.91,11.27,36384,20343604.0,5.64,4.05,0.46,1.03,0.6400000000000006
2012-02-06,600822,12.09,11.97,12.32,11.81,67164,39364572.0,4.32,1.35,0.16,1.9,0.5099999999999998
2012-02-07,600822,11.79,11.65,11.79,11.49,27164,15292069.0,2.51,-2.67,-0.32,0.77,0.29999999999999893
2012-02-08,600822,11.65,11.99,12.07,11.53,29413,16950469.0,4.64,2.92,0.34,0.83,0.5400000000000009
2012-02-09,600822,11.97,11.89,12.07,11.81,28567,16549581.0,2.17,-0.83,-0.1,0.81,0.2599999999999998
2012-02-10,600822,11.91,12.07,12.15,11.87,25197,14672748.0,2.35,1.51,0.18,0.71,0.28000000000000114
2012-02-13,600822,11.89,12.07,12.15,11.83,21597,12583148.0,2.65,0.0,0.0,0.61,0.3200000000000003
2012-02-14,600822,12.07,12.01,12.09,11.83,17456,10116161.0,2.15,-0.5,-0.06,0.49,0.2599999999999998
2012-02-15,600822,12.07,12.26,12.3,11.91,35217,20774555.0,3.25,2.08,0.25,1.0,0.39000000000000057
2012-02-16,600822,12.25,12.19,12.42,12.01,30721,18233071.0,3.34,-0.57,-0.07,0.87,0.41000000000000014
2012-02-17,600822,12.25,12.05,12.32,11.97,22486,13200855.0,2.87,-1.15,-0.14,0.64,0.34999999999999964
2012-02-20,600822,12.13,12.25,12.4,12.13,31457,18716783.0,2.24,1.66,0.2,0.89,0.2699999999999996
2012-02-21,600822,12.17,12.46,12.46,11.99,37314,22244239.0,3.84,1.71,0.21,1.06,0.47000000000000064
2012-02-22,600822,12.54,12.54,12.56,12.38,39242,23773650.0,1.44,0.64,0.08,1.11,0.17999999999999972
2012-02-23,600822,12.5,12.78,12.82,12.38,49856,30448600.0,3.51,1.91,0.24,1.41,0.4399999999999995
2012-02-24,600822,12.82,12.8,12.84,12.6,43002,26611212.0,1.88,0.16,0.02,1.22,0.2400000000000002
2012-02-27,600822,12.8,12.76,12.98,12.74,47259,29502858.0,1.88,-0.31,-0.04,1.34,0.2400000000000002
2012-02-28,600822,12.68,12.58,12.74,12.44,35810,21840447.0,2.35,-1.41,-0.18,1.01,0.3000000000000007
2012-02-29,600822,12.58,12.42,12.6,12.32,26751,16186571.0,2.23,-1.27,-0.16,0.76,0.27999999999999936
2012-03-01,600822,12.36,12.42,12.54,12.26,21478,12949767.0,2.25,0.0,0.0,0.61,0.27999999999999936
2012-03-02,600822,12.46,12.64,12.68,12.42,28810,17602819.0,2.09,1.77,0.22,0.81,0.2599999999999998
2012-03-05,600822,12.66,12.94,13.02,12.62,65982,41121672.0,3.16,2.37,0.3,1.87,0.40000000000000036
2012-03-06,600822,12.84,12.64,12.92,12.62,28805,17813099.0,2.32,-2.32,-0.3,0.81,0.3000000000000007
2012-03-07,600822,12.46,12.66,12.82,12.36,24045,14738677.0,3.64,0.16,0.02,0.68,0.46000000000000085
2012-03-08,600822,12.66,12.94,12.96,12.64,38728,24199072.0,2.53,2.21,0.28,1.1,0.3200000000000003
2012-03-09,600822,12.96,13.48,13.72,12.94,126431,82298856.0,6.03,4.17,0.54,3.58,0.7800000000000011
2012-03-12,600822,13.6,13.38,13.6,13.22,44236,28713984.0,2.82,-0.74,-0.1,1.25,0.379999999999999
2012-03-13,600822,13.34,13.32,13.56,13.2,47835,30939046.0,2.69,-0.45,-0.06,1.35,0.3600000000000012
2012-03-14,600822,13.46,12.6,13.46,12.46,63828,40503683.0,7.51,-5.41,-0.72,1.81,1.0
2012-03-15,600822,12.62,12.23,12.68,12.17,32692,19585957.0,4.05,-2.94,-0.37,0.92,0.5099999999999998
2012-03-16,600822,12.19,12.5,12.54,12.19,25815,15550054.0,2.86,2.21,0.27,0.73,0.34999999999999964
2012-03-19,600822,12.5,12.74,12.76,12.44,34974,21404504.0,2.56,1.92,0.24,0.99,0.3200000000000003
2012-03-20,600822,12.68,12.34,12.74,12.3,35833,21723076.0,3.45,-3.14,-0.4,1.01,0.4399999999999995
2012-03-21,600822,12.48,12.58,12.6,12.26,21429,12916160.0,2.76,1.94,0.24,0.61,0.33999999999999986
2012-03-22,600822,12.5,12.66,12.66,12.36,25813,15711301.0,2.38,0.64,0.08,0.73,0.3000000000000007
2012-03-23,600822,12.56,12.34,12.56,12.3,16618,10045655.0,2.05,-2.53,-0.32,0.47,0.2599999999999998
2012-03-26,600822,12.36,12.26,12.46,12.15,17322,10324401.0,2.51,-0.65,-0.08,0.49,0.3100000000000005
2012-03-27,600822,12.36,12.25,12.46,12.19,10889,6521695.0,2.2,-0.08,-0.01,0.31,0.27000000000000135
2012-03-28,600822,12.21,11.43,12.21,11.37,32622,18585296.0,6.86,-6.69,-0.82,0.92,0.8400000000000016
2012-03-29,600822,11.41,11.23,11.47,11.11,22805,12382588.0,3.15,-1.75,-0.2,0.64,0.3600000000000012
2012-03-30,600822,11.21,11.43,11.43,11.15,12770,6972549.0,2.49,1.78,0.2,0.36,0.27999999999999936
2012-04-05,600822,11.47,11.71,11.77,11.45,12445,7008814.0,2.8,2.45,0.28,0.35,0.3200000000000003
2012-04-06,600822,11.67,11.85,11.89,11.55,13654,7768679.0,2.9,1.2,0.14,0.39,0.33999999999999986
2012-04-09,600822,11.85,11.89,11.93,11.69,13438,7707922.0,2.03,0.34,0.04,0.38,0.2400000000000002
2012-04-10,600822,11.87,12.26,12.28,11.59,27330,15883078.0,5.8,3.11,0.37,0.77,0.6899999999999995
2012-04-11,600822,12.13,12.8,13.06,11.87,74185,45588199.0,9.71,4.4,0.54,2.1,1.1900000000000013
2012-04-12,600822,12.72,12.8,13.02,12.62,70734,43996838.0,3.13,0.0,0.0,2.0,0.40000000000000036
2012-04-13,600822,12.72,13.52,14.02,12.68,116196,75594244.0,10.47,5.63,0.72,3.29,1.3399999999999999
2012-04-16,600822,13.16,13.34,13.5,12.96,65141,41880490.0,3.99,-1.33,-0.18,1.84,0.5399999999999991
2012-04-17,600822,13.22,12.76,13.68,12.72,46996,30164650.0,7.2,-4.35,-0.58,1.33,0.9599999999999991
2012-04-18,600822,12.76,13.14,13.28,12.72,47378,30143965.0,4.39,2.98,0.38,1.34,0.5599999999999987
2012-04-19,600822,13.1,13.12,13.32,13.0,25477,16251946.0,2.44,-0.15,-0.02,0.72,0.3200000000000003
2012-04-20,600822,13.06,13.62,13.96,12.96,97202,64439559.0,7.62,3.81,0.5,2.75,1.0
2012-04-23,600822,13.72,14.94,14.94,13.56,306893,221760185.0,10.13,9.69,1.32,8.68,1.379999999999999
2012-04-24,600822,14.64,14.82,14.86,13.48,274173,189767048.0,9.24,-0.8,-0.12,7.75,1.379999999999999
2012-04-25,600822,14.36,14.8,15.48,14.22,235369,171530273.0,8.5,-0.13,-0.02,6.66,1.2599999999999998
2012-04-26,600822,14.46,14.14,14.6,13.98,124581,86724713.0,4.19,-4.46,-0.66,3.52,0.6199999999999992
2012-04-27,600822,14.12,14.22,14.54,13.9,76636,53131454.0,4.53,0.57,0.08,2.17,0.6399999999999988
2012-05-02,600822,14.58,14.04,14.64,13.94,59743,41122917.0,4.92,-1.27,-0.18,1.69,0.7000000000000011
2012-05-03,600822,13.94,13.7,14.2,13.48,80360,53534252.0,5.13,-2.42,-0.34,2.27,0.7199999999999989
2012-05-04,600822,13.6,13.72,13.78,13.54,34197,22749233.0,1.75,0.15,0.02,0.97,0.2400000000000002
2012-05-07,600822,13.56,13.84,13.88,13.46,39219,26258859.0,3.06,0.87,0.12,1.11,0.41999999999999993
2012-05-08,600822,13.86,13.6,13.86,13.52,51327,34045357.0,2.46,-1.73,-0.24,1.45,0.33999999999999986
2012-05-09,600822,13.48,13.32,13.48,13.14,80222,51782674.0,2.5,-2.06,-0.28,2.27,0.33999999999999986
2012-05-10,600822,13.32,13.3,13.62,13.16,48969,31918491.0,3.45,-0.15,-0.02,1.38,0.4599999999999991
2012-05-11,600822,13.26,13.24,13.5,13.18,26795,17387188.0,2.41,-0.45,-0.06,0.76,0.3200000000000003
2012-05-14,600822,13.28,13.28,13.56,13.26,30144,19699475.0,2.27,0.3,0.04,0.85,0.3000000000000007
2012-05-15,600822,13.18,13.32,13.4,13.06,31307,20132231.0,2.56,0.3,0.04,0.89,0.33999999999999986
2012-05-16,600822,13.26,13.32,13.5,13.24,44898,29233211.0,1.95,0.0,0.0,1.27,0.2599999999999998
2012-05-17,600822,13.3,13.62,13.64,13.3,52062,34334486.0,2.55,2.25,0.3,1.47,0.33999999999999986
2012-05-18,600822,13.54,13.06,13.72,12.98,65748,43008205.0,5.43,-4.11,-0.56,1.86,0.7400000000000002
2012-05-21,600822,13.0,12.6,13.06,12.5,43516,26795426.0,4.29,-3.52,-0.46,1.23,0.5600000000000005
2012-05-22,600822,12.66,12.76,12.78,12.62,18839,11612835.0,1.27,1.27,0.16,0.53,0.16000000000000014
2012-05-23,600822,12.8,12.78,12.88,12.48,30995,19088272.0,3.13,0.16,0.02,0.88,0.40000000000000036
2012-05-24,600822,13.06,12.72,13.06,12.6,33348,20796654.0,3.6,-0.47,-0.06,0.94,0.46000000000000085
2012-05-25,600822,12.62,13.16,13.2,12.58,60010,37828295.0,4.87,3.46,0.44,1.7,0.6199999999999992
2012-05-28,600822,13.06,13.42,13.52,13.06,59340,38450850.0,3.5,1.98,0.26,1.68,0.4599999999999991
2012-05-29,600822,13.46,13.52,13.62,13.24,52321,34318244.0,2.83,0.75,0.1,1.48,0.379999999999999
2012-05-30,600822,13.52,13.56,13.9,13.4,52929,35278182.0,3.7,0.3,0.04,1.5,0.5
2012-05-31,600822,13.54,13.46,13.62,13.36,21870,14362236.0,1.92,-0.74,-0.1,0.62,0.2599999999999998
2012-06-01,600822,13.36,13.42,13.62,13.34,16138,10589355.0,2.08,-0.3,-0.04,0.46,0.27999999999999936
2012-06-04,600822,13.24,12.7,13.24,12.68,27777,17505610.0,4.17,-5.37,-0.72,0.79,0.5600000000000005
2012-06-05,600822,12.76,12.32,12.84,12.26,31285,19029876.0,4.57,-2.99,-0.38,0.88,0.5800000000000001
2012-06-06,600822,12.5,12.07,12.52,11.95,34257,20223555.0,4.63,-2.03,-0.25,0.97,0.5700000000000003
2012-06-07,600822,12.15,12.01,12.25,11.91,27714,16190505.0,2.82,-0.5,-0.06,0.78,0.33999999999999986
2012-06-08,600822,12.07,12.01,12.13,11.93,14138,8242902.0,1.67,0.0,0.0,0.4,0.20000000000000107
2012-06-11,600822,12.01,12.28,12.3,11.99,15249,8992529.0,2.58,2.25,0.27,0.43,0.3100000000000005
2012-06-12,600822,12.28,12.03,12.28,11.97,18858,11052681.0,2.52,-2.04,-0.25,0.53,0.3099999999999987
2012-06-13,600822,12.03,12.21,12.23,12.03,15397,9071212.0,1.66,1.5,0.18,0.44,0.20000000000000107
2012-06-14,600822,12.21,11.85,12.21,11.83,54700,31855007.0,3.11,-2.95,-0.36,1.55,0.3800000000000008
2012-06-15,600822,11.85,12.11,12.36,11.85,49459,29138899.0,4.3,2.19,0.26,1.4,0.5099999999999998
2012-06-18,600822,12.19,12.15,12.28,12.07,24212,14294044.0,1.73,0.33,0.04,0.68,0.20999999999999908
2012-06-19,600822,12.15,11.95,12.23,11.83,36054,20926459.0,3.29,-1.65,-0.2,1.02,0.40000000000000036
2012-06-20,600822,12.01,11.83,12.01,11.77,27866,16048210.0,2.01,-1.0,-0.12,0.79,0.2400000000000002
2012-06-21,600822,11.83,11.61,11.89,11.53,30228,17024237.0,3.04,-1.86,-0.22,0.85,0.3600000000000012
2012-06-25,600822,11.53,11.43,11.57,11.41,13861,7713284.0,1.38,-1.55,-0.18,0.39,0.16000000000000014
2012-06-26,600822,11.35,11.47,11.57,11.25,11861,6547978.0,2.8,0.35,0.04,0.34,0.3200000000000003
2012-06-27,600822,11.45,11.41,11.57,11.39,12269,6811977.0,1.57,-0.52,-0.06,0.35,0.17999999999999972
2012-06-29,600822,11.25,11.37,11.37,11.01,15497,8395963.0,3.16,-0.35,-0.04,0.44,0.35999999999999943
2012-07-02,600822,11.41,11.37,11.51,11.31,13549,7473419.0,1.76,0.0,0.0,0.38,0.1999999999999993
2012-07-03,600822,11.41,11.37,11.51,11.29,13164,7266050.0,1.93,0.0,0.0,0.37,0.22000000000000064
2012-07-04,600822,11.43,11.45,11.49,11.37,11017,6096594.0,1.06,0.7,0.08,0.31,0.120000000000001
2012-07-05,600822,11.47,11.13,11.47,11.05,14643,7945255.0,3.67,-2.79,-0.32,0.41,0.41999999999999993
2012-07-06,600822,11.17,11.41,11.43,11.01,12644,6870315.0,3.77,2.52,0.28,0.36,0.41999999999999993
2012-07-09,600822,11.37,10.97,11.43,10.95,15385,8326806.0,4.21,-3.86,-0.44,0.44,0.4800000000000004
2012-07-10,600822,10.93,10.99,11.09,10.85,10998,5834872.0,2.19,0.18,0.02,0.31,0.2400000000000002
2012-07-11,600822,10.95,10.97,11.05,10.77,12241,6455977.0,2.55,-0.18,-0.02,0.35,0.28000000000000114
2012-07-12,600822,10.97,11.17,11.23,10.87,18531,9899260.0,3.28,1.82,0.2,0.52,0.3600000000000012
2012-07-13,600822,11.15,11.07,11.19,11.03,12375,6628527.0,1.43,-0.9,-0.1,0.35,0.16000000000000014
2012-07-16,600822,11.07,10.53,11.11,10.47,17707,9161018.0,5.78,-4.88,-0.54,0.5,0.6399999999999988
2012-07-17,600822,10.53,10.71,10.73,10.53,10773,5529518.0,1.9,1.71,0.18,0.3,0.20000000000000107
2012-07-18,600822,10.81,10.83,10.83,10.65,6723,3415442.0,1.68,1.12,0.12,0.19,0.17999999999999972
2012-07-19,600822,10.81,11.85,11.85,10.81,67533,37412105.0,9.6,9.42,1.02,1.91,1.0399999999999991
2012-07-20,600822,11.89,11.55,12.13,11.47,83694,46967919.0,5.57,-2.53,-0.3,2.37,0.6600000000000001
2012-07-23,600822,11.33,11.39,11.51,11.19,33245,17932715.0,2.77,-1.39,-0.16,0.94,0.3200000000000003
2012-07-24,600822,11.27,11.41,11.59,11.23,20707,11242880.0,3.16,0.18,0.02,0.59,0.35999999999999943
2012-07-25,600822,11.39,11.17,11.47,11.17,17317,9280882.0,2.63,-2.1,-0.24,0.49,0.3000000000000007
2012-07-26,600822,11.17,11.03,11.25,10.93,16546,8693747.0,2.86,-1.25,-0.14,0.47,0.3200000000000003
2012-07-27,600822,11.01,10.93,11.13,10.83,12413,6452137.0,2.72,-0.91,-0.1,0.35,0.3000000000000007
2012-07-30,600822,10.93,10.63,11.01,10.61,16172,8241214.0,3.66,-2.74,-0.3,0.46,0.40000000000000036
2012-07-31,600822,10.63,10.67,10.87,10.41,18604,9336295.0,4.33,0.38,0.04,0.53,0.4599999999999991
2012-08-01,600822,10.67,10.73,10.87,10.47,13433,6817378.0,3.75,0.56,0.06,0.38,0.3999999999999986
2012-08-02,600822,10.73,10.59,10.85,10.57,9452,4786557.0,2.61,-1.3,-0.14,0.27,0.27999999999999936
2012-08-03,600822,10.75,10.93,10.95,10.63,17145,8804220.0,3.02,3.21,0.34,0.48,0.3199999999999985
2012-08-06,600822,10.87,11.13,11.19,10.81,19736,10307236.0,3.48,1.83,0.2,0.56,0.379999999999999
2012-08-07,600822,11.09,11.25,11.27,10.99,20481,10829299.0,2.52,1.08,0.12,0.58,0.27999999999999936
2012-08-08,600822,11.17,11.17,11.27,11.07,20074,10644371.0,1.78,-0.71,-0.08,0.57,0.1999999999999993
2012-08-09,600822,11.09,11.29,11.37,11.05,19635,10475397.0,2.86,1.07,0.12,0.56,0.3199999999999985
2012-08-10,600822,11.31,11.25,11.33,11.21,13365,7145918.0,1.06,-0.35,-0.04,0.38,0.11999999999999922
2012-08-13,600822,11.19,10.95,11.21,10.93,11649,6124277.0,2.49,-2.67,-0.3,0.33,0.28000000000000114
2012-08-14,600822,10.91,11.05,11.07,10.77,13151,6793916.0,2.74,0.91,0.1,0.37,0.3000000000000007
2012-08-15,600822,11.05,10.89,11.15,10.87,12324,6437345.0,2.53,-1.45,-0.16,0.35,0.28000000000000114
2012-08-16,600822,10.87,10.83,10.95,10.79,9076,4669390.0,1.47,-0.55,-0.06,0.26,0.16000000000000014
2012-08-17,600822,10.85,10.83,10.91,10.75,8900,4561994.0,1.48,0.0,0.0,0.25,0.16000000000000014
2012-08-20,600822,10.77,10.87,10.93,10.67,6248,3193165.0,2.4,0.37,0.04,0.18,0.2599999999999998
2012-08-21,600822,10.87,11.01,11.07,10.83,11542,6021298.0,2.21,1.29,0.14,0.33,0.2400000000000002
2012-08-22,600822,11.03,10.89,11.05,10.81,7171,3716612.0,2.18,-1.09,-0.12,0.2,0.2400000000000002
2012-08-23,600822,10.91,11.13,11.17,10.87,16333,8567186.0,2.75,2.2,0.24,0.46,0.3000000000000007
2012-08-24,600822,11.07,10.89,11.15,10.89,16315,8515748.0,2.34,-2.16,-0.24,0.46,0.2599999999999998
2012-08-27,600822,10.83,10.63,10.83,10.57,12157,6120994.0,2.39,-2.39,-0.26,0.34,0.2599999999999998
2012-08-28,600822,10.63,10.69,10.83,10.59,8420,4264117.0,2.26,0.56,0.06,0.24,0.2400000000000002
2012-08-29,600822,10.69,10.65,10.77,10.57,8550,4318490.0,1.87,-0.37,-0.04,0.24,0.1999999999999993
2012-08-30,600822,10.65,10.53,10.71,10.47,10094,5048757.0,2.25,-1.13,-0.12,0.29,0.2400000000000002
2012-08-31,600822,10.49,10.61,10.63,10.49,5141,2571193.0,1.33,0.76,0.08,0.15,0.14000000000000057
2012-09-03,600822,10.57,10.71,10.75,10.53,5420,2741543.0,2.07,0.94,0.1,0.15,0.22000000000000064
2012-09-04,600822,10.71,10.57,10.79,10.53,6225,3135785.0,2.43,-1.31,-0.14,0.18,0.2599999999999998
2012-09-05,600822,10.57,10.65,10.67,10.51,7407,3719700.0,1.51,0.76,0.08,0.21,0.16000000000000014
2012-09-06,600822,10.65,10.75,10.75,10.65,7469,3785226.0,0.94,0.94,0.1,0.21,0.09999999999999964
2012-09-07,600822,10.77,11.03,11.17,10.77,28186,14758275.0,3.72,2.6,0.28,0.8,0.40000000000000036
2012-09-10,600822,11.03,11.45,11.75,10.99,45551,24693944.0,6.89,3.81,0.42,1.29,0.7599999999999998
2012-09-11,600822,11.31,11.19,11.33,11.07,26493,14041771.0,2.27,-2.27,-0.26,0.75,0.2599999999999998
2012-09-12,600822,11.27,11.53,11.57,11.17,43601,23574851.0,3.57,3.04,0.34,1.23,0.40000000000000036
2012-09-13,600822,11.75,11.25,12.07,11.19,60624,33577372.0,7.63,-2.43,-0.28,1.71,0.8800000000000008
2012-09-14,600822,11.21,11.17,11.41,11.03,28833,15302239.0,3.38,-0.71,-0.08,0.82,0.3800000000000008
2012-09-17,600822,11.09,10.93,11.17,10.93,18597,9709305.0,2.15,-2.15,-0.24,0.53,0.2400000000000002
2012-09-18,600822,10.89,10.93,11.01,10.79,11196,5774585.0,2.01,0.0,0.0,0.32,0.22000000000000064
2012-09-19,600822,10.95,11.25,11.31,10.95,24667,13011181.0,3.29,2.93,0.32,0.7,0.3600000000000012
2012-09-20,600822,11.17,10.87,11.27,10.87,21419,11254285.0,3.56,-3.38,-0.38,0.61,0.40000000000000036
2012-09-21,600822,10.87,10.89,11.03,10.77,11525,5951269.0,2.39,0.18,0.02,0.33,0.2599999999999998
2012-09-24,600822,10.83,10.97,10.99,10.69,8331,4288764.0,2.75,0.73,0.08,0.24,0.3000000000000007
2012-09-25,600822,10.97,10.95,11.07,10.81,10743,5584140.0,2.37,-0.18,-0.02,0.3,0.2599999999999998
2012-09-26,600822,10.93,10.65,11.01,10.63,10789,5485712.0,3.47,-2.74,-0.3,0.31,0.379999999999999
2012-09-27,600822,10.65,10.81,11.17,10.59,13918,7125998.0,5.45,1.5,0.16,0.39,0.5800000000000001
2012-09-28,600822,10.77,11.03,11.07,10.75,13145,6841430.0,2.96,2.04,0.22,0.37,0.3200000000000003
2012-10-08,600822,11.05,11.01,11.11,10.97,7303,3816628.0,1.27,-0.18,-0.02,0.21,0.1399999999999988
2012-10-09,600822,10.97,11.29,11.33,10.97,21157,11286074.0,3.27,2.54,0.28,0.6,0.35999999999999943
2012-10-10,600822,11.19,11.25,11.35,11.17,13607,7267453.0,1.59,-0.35,-0.04,0.38,0.17999999999999972
2012-10-11,600822,11.25,11.15,11.49,11.11,27267,14640991.0,3.38,-0.89,-0.1,0.77,0.3800000000000008
2012-10-12,600822,11.17,11.21,11.35,11.11,13816,7355208.0,2.15,0.54,0.06,0.39,0.2400000000000002
2012-10-15,600822,11.21,11.17,11.21,10.99,8090,4263958.0,1.96,-0.36,-0.04,0.23,0.22000000000000064
2012-10-16,600822,11.15,11.21,11.35,11.13,19149,10235161.0,1.97,0.36,0.04,0.54,0.21999999999999886
2012-10-17,600822,11.21,11.27,11.41,11.21,18169,9757301.0,1.78,0.54,0.06,0.51,0.1999999999999993
2012-10-18,600822,11.33,11.41,11.53,11.29,34185,18544779.0,2.13,1.24,0.14,0.97,0.2400000000000002
2012-10-19,600822,11.51,11.31,11.51,11.29,19348,10436178.0,1.93,-0.88,-0.1,0.55,0.22000000000000064
2012-10-22,600822,11.27,11.27,11.31,11.17,12926,6888749.0,1.24,-0.35,-0.04,0.37,0.14000000000000057
2012-10-23,600822,11.27,11.23,11.33,11.19,11659,6227058.0,1.24,-0.35,-0.04,0.33,0.14000000000000057
2012-10-24,600822,11.21,11.25,11.27,11.13,8973,4773461.0,1.25,0.18,0.02,0.25,0.1399999999999988
2012-10-25,600822,11.21,11.09,11.33,11.07,17784,9449824.0,2.31,-1.42,-0.16,0.5,0.2599999999999998
2012-10-26,600822,11.09,10.83,11.23,10.77,13928,7222180.0,4.15,-2.34,-0.26,0.39,0.46000000000000085
2012-10-29,600822,10.17,9.89,10.17,9.81,70371,32895037.0,3.32,-8.68,-0.94,1.99,0.35999999999999943
2012-10-30,600822,9.85,9.81,9.91,9.71,27209,12549063.0,2.02,-0.81,-0.08,0.77,0.1999999999999993
2012-10-31,600822,9.79,9.83,9.83,9.73,12721,5860220.0,1.02,0.2,0.02,0.36,0.09999999999999964
2012-11-01,600822,9.81,9.91,9.99,9.81,30707,14329841.0,1.83,0.81,0.08,0.87,0.17999999999999972
2012-11-02,600822,9.89,9.97,9.99,9.87,18762,8785041.0,1.21,0.61,0.06,0.53,0.120000000000001
2012-11-05,600822,9.93,9.83,9.99,9.81,20940,9730494.0,1.81,-1.4,-0.14,0.59,0.17999999999999972
2012-11-06,600822,9.83,9.69,9.83,9.59,23533,10712864.0,2.44,-1.42,-0.14,0.67,0.2400000000000002
2012-11-07,600822,9.67,9.71,9.75,9.59,9998,4564961.0,1.65,0.21,0.02,0.28,0.16000000000000014
2012-11-08,600822,9.63,9.43,9.67,9.41,17553,7892684.0,2.68,-2.88,-0.28,0.5,0.2599999999999998
2012-11-09,600822,9.39,9.49,9.61,9.39,9203,4103150.0,2.33,0.64,0.06,0.26,0.21999999999999886
2012-11-12,600822,9.45,9.63,9.65,9.45,9945,4471476.0,2.11,1.48,0.14,0.25,0.20000000000000107
2012-11-13,600822,9.63,9.45,9.67,9.41,7455,3336180.0,2.7,-1.87,-0.18,0.19,0.2599999999999998
2012-11-14,600822,9.41,9.47,9.55,9.39,7367,3269295.0,1.69,0.21,0.02,0.19,0.16000000000000014
2012-11-15,600822,9.47,9.35,9.63,9.31,8571,3814418.0,3.38,-1.27,-0.12,0.22,0.3200000000000003
2012-11-16,600822,9.31,9.29,9.41,9.23,6478,2829733.0,1.93,-0.64,-0.06,0.16,0.17999999999999972
2012-11-19,600822,9.27,9.29,9.29,9.15,5941,2575817.0,1.51,0.0,0.0,0.15,0.1399999999999988
2012-11-20,600822,9.31,9.33,9.41,9.27,6232,2732282.0,1.51,0.43,0.04,0.16,0.14000000000000057
2012-11-21,600822,9.35,9.37,9.39,9.11,11273,4906020.0,3.0,0.43,0.04,0.28,0.28000000000000114
2012-11-22,600822,9.35,9.27,9.39,9.23,5668,2471211.0,1.71,-1.07,-0.1,0.14,0.16000000000000014
2012-11-23,600822,9.27,9.27,9.35,9.25,4044,1766532.0,1.08,0.0,0.0,0.1,0.09999999999999964
2012-11-26,600822,9.31,9.15,9.31,9.13,5950,2573774.0,1.94,-1.29,-0.12,0.15,0.17999999999999972
2012-11-27,600822,9.11,8.79,9.13,8.79,10407,4336617.0,3.72,-3.93,-0.36,0.26,0.34000000000000163
2012-11-28,600822,8.73,8.37,8.73,8.35,13327,5277689.0,4.32,-4.78,-0.42,0.34,0.3800000000000008
2012-11-29,600822,8.39,8.27,8.49,8.27,6713,2629894.0,2.63,-1.19,-0.1,0.17,0.22000000000000064
2012-11-30,600822,8.41,8.43,8.49,8.31,7187,2807460.0,2.18,1.93,0.16,0.18,0.17999999999999972
2012-12-03,600822,8.43,8.27,8.53,8.27,8502,3340574.0,3.08,-1.9,-0.16,0.21,0.2599999999999998
2012-12-04,600822,8.23,8.49,8.49,8.23,7925,3087165.0,3.14,2.66,0.22,0.2,0.2599999999999998
2012-12-05,600822,8.51,8.73,8.85,8.51,18028,7374643.0,4.0,2.83,0.24,0.46,0.33999999999999986
2012-12-06,600822,8.73,8.65,8.81,8.61,9035,3667393.0,2.29,-0.92,-0.08,0.23,0.20000000000000107
2012-12-07,600822,8.65,8.81,8.85,8.57,12461,5115180.0,3.24,1.85,0.16,0.31,0.27999999999999936
2012-12-10,600822,8.81,8.93,8.93,8.79,15275,6336741.0,1.59,1.36,0.12,0.39,0.14000000000000057
2012-12-11,600822,8.87,8.81,8.95,8.81,11423,4747338.0,1.57,-1.34,-0.12,0.29,0.1399999999999988
2012-12-12,600822,8.83,8.79,8.87,8.73,7202,2960003.0,1.59,-0.23,-0.02,0.18,0.1399999999999988
2012-12-13,600822,8.81,8.73,8.85,8.69,7893,3235119.0,1.82,-0.68,-0.06,0.2,0.16000000000000014
2012-12-14,600822,8.71,9.05,9.09,8.71,19270,8097838.0,4.35,3.67,0.32,0.49,0.379999999999999
2012-12-17,600822,9.05,9.21,9.57,9.05,21765,9478256.0,5.75,1.77,0.16,0.55,0.5199999999999996
2012-12-18,600822,9.09,9.19,9.33,9.09,15484,6681601.0,2.61,-0.22,-0.02,0.39,0.2400000000000002
2012-12-19,600822,9.19,9.15,9.19,9.07,9896,4242138.0,1.31,-0.44,-0.04,0.25,0.11999999999999922
2012-12-20,600822,9.09,9.07,9.11,8.97,14128,5984417.0,1.53,-0.87,-0.08,0.36,0.1399999999999988
2012-12-21,600822,9.03,9.07,9.15,8.99,9472,4023294.0,1.76,0.0,0.0,0.24,0.16000000000000014
2012-12-24,600822,9.03,9.07,9.13,9.01,6435,2735949.0,1.32,0.0,0.0,0.16,0.120000000000001
2012-12-25,600822,9.05,9.25,9.27,9.03,16024,6914003.0,2.65,1.98,0.18,0.4,0.2400000000000002
2012-12-26,600822,9.27,9.41,9.55,9.23,27074,11968447.0,3.46,1.73,0.16,0.68,0.3200000000000003
2012-12-27,600822,9.47,9.31,9.51,9.29,18863,8302093.0,2.34,-1.06,-0.1,0.48,0.22000000000000064
2012-12-28,600822,9.29,9.57,9.69,9.27,39166,17546438.0,4.51,2.79,0.26,0.99,0.41999999999999993
2012-12-31,600822,9.57,9.49,9.57,9.39,20646,9198528.0,1.88,-0.84,-0.08,0.52,0.17999999999999972
2013-01-04,600822,9.57,9.41,9.57,9.31,15707,6970347.0,2.74,-0.84,-0.08,0.4,0.2599999999999998
2013-01-07,600822,9.41,9.61,9.63,9.29,39470,17499229.0,3.61,2.13,0.2,1.0,0.34000000000000163
2013-01-08,600822,9.97,9.87,10.51,9.71,105952,50216750.0,8.32,2.71,0.26,2.67,0.7999999999999989
2013-01-09,600822,9.69,9.67,9.73,9.49,57693,26118922.0,2.43,-2.03,-0.2,1.46,0.2400000000000002
2013-01-10,600822,9.59,9.67,9.73,9.59,29679,13501932.0,1.45,0.0,0.0,0.75,0.14000000000000057
2013-01-11,600822,9.71,9.37,9.71,9.35,33816,15113521.0,3.72,-3.1,-0.3,0.85,0.3600000000000012
2013-01-14,600822,9.21,9.53,9.57,9.21,37006,16453597.0,3.84,1.71,0.16,0.93,0.35999999999999943
2013-01-15,600822,9.53,9.69,9.73,9.53,54401,24647633.0,2.1,1.68,0.16,1.37,0.20000000000000107
2013-01-16,600822,9.69,9.71,9.81,9.59,43871,20052671.0,2.27,0.21,0.02,1.11,0.22000000000000064
2013-01-17,600822,9.69,9.61,9.75,9.59,25826,11741933.0,1.65,-1.03,-0.1,0.65,0.16000000000000014
2013-01-18,600822,9.67,9.77,9.79,9.59,29403,13421684.0,2.08,1.66,0.16,0.74,0.1999999999999993
2013-01-21,600822,9.75,9.83,9.85,9.69,31675,14582525.0,1.64,0.61,0.06,0.8,0.16000000000000014
2013-01-22,600822,9.85,9.77,10.07,9.71,50320,23442908.0,3.66,-0.61,-0.06,1.27,0.35999999999999943
2013-01-23,600822,9.71,9.81,9.99,9.63,36460,16840141.0,3.68,0.41,0.04,0.92,0.35999999999999943
2013-01-24,600822,9.73,9.47,9.87,9.33,40521,18349644.0,5.5,-3.47,-0.34,1.02,0.5399999999999991
2013-01-25,600822,9.45,9.37,9.47,9.29,22352,9839603.0,1.9,-1.06,-0.1,0.56,0.1800000000000015
2013-01-28,600822,9.21,9.37,9.37,8.97,44369,19201794.0,4.27,0.0,0.0,1.12,0.3999999999999986
2013-01-29,600822,9.29,9.33,9.33,9.21,36428,15844334.0,1.28,-0.43,-0.04,0.92,0.11999999999999922
2013-01-30,600822,9.31,9.51,9.67,9.21,52976,23373436.0,4.93,1.93,0.18,1.34,0.4599999999999991
2013-01-31,600822,9.45,9.31,9.45,9.29,22083,9697171.0,1.68,-2.1,-0.2,0.56,0.16000000000000014
2013-02-01,600822,9.29,9.33,9.35,9.25,20887,9120078.0,1.07,0.21,0.02,0.53,0.09999999999999964
2013-02-04,600822,9.35,9.33,9.35,9.27,25077,10961562.0,0.86,0.0,0.0,0.63,0.08000000000000007
2013-02-05,600822,9.31,9.35,9.43,9.19,25468,11142418.0,2.57,0.21,0.02,0.64,0.2400000000000002
2013-02-06,600822,9.37,9.41,9.43,9.33,16992,7487138.0,1.07,0.64,0.06,0.43,0.09999999999999964
2013-02-07,600822,9.41,9.39,9.47,9.31,13919,6143542.0,1.7,-0.21,-0.02,0.35,0.16000000000000014
2013-02-08,600822,9.37,9.47,9.49,9.37,16984,7528273.0,1.28,0.85,0.08,0.43,0.120000000000001
2013-02-18,600822,9.65,9.55,9.67,9.49,24998,11220701.0,1.9,0.84,0.08,0.63,0.17999999999999972
2013-02-19,600822,9.53,9.47,9.61,9.43,19165,8554546.0,1.88,-0.84,-0.08,0.48,0.17999999999999972
2013-02-20,600822,9.45,9.63,9.63,9.43,22487,10117417.0,2.11,1.69,0.16,0.57,0.20000000000000107
2013-02-21,600822,9.61,9.49,9.75,9.43,33324,15016714.0,3.32,-1.45,-0.14,0.84,0.3200000000000003
2013-02-22,600822,9.49,9.61,9.93,9.45,63711,29168166.0,5.06,1.26,0.12,1.61,0.4800000000000004
2013-02-25,600822,9.63,9.57,9.67,9.37,35091,15712786.0,3.12,-0.42,-0.04,0.89,0.3000000000000007
2013-02-26,600822,9.47,9.39,9.57,9.37,21719,9652147.0,2.09,-1.88,-0.18,0.55,0.20000000000000107
2013-02-27,600822,9.45,9.45,9.63,9.39,30256,13508472.0,2.56,0.64,0.06,0.76,0.2400000000000002
2013-02-28,600822,9.49,9.61,9.91,9.49,37016,16748198.0,4.44,1.69,0.16,0.93,0.41999999999999993
2013-03-01,600822,9.57,9.59,9.67,9.43,30661,13773929.0,2.5,-0.21,-0.02,0.77,0.2400000000000002
2013-03-04,600822,9.55,9.79,9.87,9.43,81230,37095467.0,4.59,2.09,0.2,2.05,0.4399999999999995
2013-03-05,600822,9.95,9.83,9.95,9.65,64215,29628889.0,3.06,0.41,0.04,1.62,0.29999999999999893
2013-03-06,600822,9.81,10.07,10.17,9.75,87064,40992086.0,4.27,2.44,0.24,2.2,0.41999999999999993
2013-03-07,600822,10.07,9.83,10.11,9.79,46023,21603055.0,3.18,-2.38,-0.24,1.16,0.3200000000000003
2013-03-08,600822,9.83,9.81,10.07,9.77,34984,16326376.0,3.05,-0.2,-0.02,0.88,0.3000000000000007
2013-03-11,600822,9.81,9.67,9.81,9.63,19811,9045102.0,1.83,-1.43,-0.14,0.5,0.17999999999999972
2013-03-12,600822,9.67,9.53,9.77,9.41,27296,12287868.0,3.72,-1.45,-0.14,0.69,0.35999999999999943
2013-03-13,600822,9.47,9.55,9.59,9.31,26166,11609189.0,2.94,0.21,0.02,0.66,0.27999999999999936
2013-03-14,600822,9.53,9.59,9.63,9.45,14241,6404756.0,1.88,0.42,0.04,0.36,0.1800000000000015
2013-03-15,600822,9.63,9.53,9.69,9.43,30874,13914461.0,2.71,-0.63,-0.06,0.78,0.2599999999999998
2013-03-18,600822,9.47,9.29,9.55,9.27,18784,8310616.0,2.94,-2.52,-0.24,0.47,0.28000000000000114
2013-03-19,600822,9.27,9.23,9.31,9.03,18282,7867599.0,3.01,-0.65,-0.06,0.46,0.28000000000000114
2013-03-20,600822,9.17,9.43,9.45,9.11,13235,5795871.0,3.68,2.17,0.2,0.33,0.33999999999999986
2013-03-21,600822,9.37,9.47,9.51,9.37,13624,6056564.0,1.48,0.42,0.04,0.34,0.14000000000000057
2013-03-22,600822,9.45,9.47,9.49,9.37,21152,9347071.0,1.27,0.0,0.0,0.53,0.120000000000001
2013-03-25,600822,9.45,9.75,9.91,9.25,43595,19685699.0,6.97,2.96,0.28,1.1,0.6600000000000001
2013-03-26,600822,9.67,9.83,9.93,9.51,57679,26355436.0,4.31,0.82,0.08,1.46,0.41999999999999993
2013-03-27,600822,9.87,9.95,10.05,9.69,71618,33429410.0,3.66,1.22,0.12,1.81,0.3600000000000012
2013-03-28,600822,9.85,9.81,10.01,9.59,66174,30673843.0,4.22,-1.41,-0.14,1.67,0.41999999999999993
2013-03-29,600822,9.79,10.15,10.35,9.65,102358,48429031.0,7.14,3.47,0.34,2.58,0.6999999999999993
2013-04-01,600822,10.05,9.93,10.07,9.83,49660,23235942.0,2.36,-2.17,-0.22,1.25,0.2400000000000002
2013-04-02,600822,9.87,10.01,10.13,9.81,55507,26058085.0,3.22,0.81,0.08,1.4,0.3200000000000003
2013-04-03,600822,9.95,9.33,9.95,9.17,58162,26342404.0,7.79,-6.79,-0.68,1.47,0.7799999999999994
2013-04-08,600822,9.15,9.17,9.19,8.89,32457,13766069.0,3.22,-1.71,-0.16,0.82,0.29999999999999893
2013-04-09,600822,9.17,9.23,9.45,9.09,28522,12431595.0,3.93,0.65,0.06,0.72,0.35999999999999943
2013-04-10,600822,9.17,9.17,9.23,9.05,29737,12721844.0,1.95,-0.65,-0.06,0.75,0.17999999999999972
2013-04-11,600822,9.21,9.17,9.23,9.13,10528,4531694.0,1.09,0.0,0.0,0.27,0.09999999999999964
2013-04-12,600822,9.17,9.13,9.19,9.09,11717,5020430.0,1.09,-0.44,-0.04,0.3,0.09999999999999964
2013-04-15,600822,9.07,9.11,9.25,8.95,23163,9821632.0,3.29,-0.22,-0.02,0.58,0.3000000000000007
2013-04-16,600822,9.03,9.23,9.27,9.03,25930,11183456.0,2.63,1.32,0.12,0.65,0.2400000000000002
2013-04-17,600822,9.19,9.21,9.23,9.11,9125,3926974.0,1.3,-0.22,-0.02,0.23,0.120000000000001
2013-04-18,600822,9.17,9.13,9.19,9.07,13412,5727815.0,1.3,-0.87,-0.08,0.34,0.11999999999999922
2013-04-19,600822,9.11,9.31,9.31,9.09,29851,12921796.0,2.41,1.97,0.18,0.75,0.22000000000000064
2013-04-22,600822,9.25,9.49,9.55,9.21,51062,22550718.0,3.65,1.93,0.18,1.29,0.33999999999999986
2013-04-23,600822,9.45,9.23,9.45,9.17,24422,10724687.0,2.95,-2.74,-0.26,0.62,0.27999999999999936
2013-04-24,600822,9.21,9.33,9.37,9.13,31124,13481294.0,2.6,1.08,0.1,0.79,0.23999999999999844
2013-04-25,600822,9.29,9.01,9.29,8.97,33767,14516390.0,3.43,-3.43,-0.32,0.85,0.3199999999999985
2013-04-26,600822,9.03,8.83,9.05,8.73,33964,13999110.0,3.55,-2.0,-0.18,0.86,0.3200000000000003
2013-05-02,600822,8.79,9.01,9.23,8.69,35193,14859845.0,6.12,2.04,0.18,0.89,0.5400000000000009
2013-05-03,600822,8.93,9.09,9.11,8.93,13925,5902753.0,2.0,0.89,0.08,0.35,0.17999999999999972
2013-05-06,600822,9.03,9.09,9.17,8.99,26359,11180052.0,1.98,0.0,0.0,0.67,0.17999999999999972
2013-05-07,600822,9.09,9.25,9.27,9.07,14222,6116138.0,2.2,1.76,0.16,0.36,0.1999999999999993
2013-05-08,600822,9.21,9.33,9.35,9.21,15726,6869941.0,1.51,0.86,0.08,0.4,0.1399999999999988
2013-05-09,600822,9.27,9.33,9.35,9.21,19313,8404892.0,1.5,0.0,0.0,0.49,0.1399999999999988
2013-05-10,600822,9.37,9.37,9.39,9.13,15700,6838182.0,2.79,0.43,0.04,0.4,0.2599999999999998
2013-05-13,600822,9.33,9.59,9.61,9.33,27694,12349269.0,2.99,2.35,0.22,0.7,0.27999999999999936
2013-05-14,600822,9.57,9.87,10.25,9.49,154205,72519945.0,7.92,2.92,0.28,3.89,0.7599999999999998
2013-05-15,600822,9.71,9.93,10.13,9.69,99132,46451818.0,4.46,0.61,0.06,2.5,0.4400000000000013
2013-05-16,600822,9.85,9.95,10.05,9.75,120877,56733052.0,3.02,0.2,0.02,3.05,0.3000000000000007
2013-05-17,600822,9.95,10.03,10.11,9.87,103855,49076712.0,2.41,0.8,0.08,2.62,0.2400000000000002
2013-05-20,600822,10.01,9.93,10.21,9.73,103909,48543233.0,4.79,-1.0,-0.1,2.62,0.4800000000000004
2013-05-21,600822,9.87,9.87,9.95,9.65,78003,36137625.0,3.02,-0.6,-0.06,1.97,0.29999999999999893
2013-05-22,600822,9.81,10.37,10.47,9.77,156434,75419538.0,7.09,5.07,0.5,3.95,0.7000000000000011
2013-05-23,600822,10.21,10.09,10.37,10.03,79270,38019641.0,3.28,-2.7,-0.28,2.0,0.33999999999999986
2013-05-24,600822,10.05,10.09,10.29,9.99,51141,24505292.0,2.97,0.0,0.0,1.29,0.29999999999999893
2013-05-27,600822,10.15,10.09,10.15,9.93,42744,20204078.0,2.18,0.0,0.0,1.08,0.22000000000000064
2013-05-28,600822,10.07,10.13,10.15,9.87,37360,17626282.0,2.78,0.4,0.04,0.94,0.28000000000000114
2013-05-29,600822,10.11,10.37,10.39,9.97,55224,26588005.0,4.15,2.37,0.24,1.39,0.41999999999999993
2013-05-30,600822,10.43,10.55,10.69,10.35,105915,52757597.0,3.28,1.74,0.18,2.67,0.33999999999999986
2013-05-31,600822,10.53,10.39,10.59,10.33,50334,24848726.0,2.46,-1.52,-0.16,1.27,0.2599999999999998
2013-06-03,600822,10.39,10.17,10.45,10.11,35993,17399922.0,3.27,-2.12,-0.22,0.91,0.33999999999999986
2013-06-04,600822,10.13,10.07,10.17,9.93,32424,15296502.0,2.36,-0.98,-0.1,0.82,0.2400000000000002
2013-06-05,600822,10.05,10.11,10.13,9.93,18124,8591703.0,1.99,0.4,0.04,0.46,0.20000000000000107
2013-06-06,600822,10.11,10.09,10.41,10.07,43286,20913174.0,3.36,-0.2,-0.02,1.09,0.33999999999999986
2013-06-07,600822,10.13,9.77,10.15,9.69,28373,13225640.0,4.56,-3.17,-0.32,0.72,0.46000000000000085
2013-06-13,600822,9.73,9.49,9.73,9.35,19105,8499606.0,3.89,-2.87,-0.28,0.48,0.3800000000000008
2013-06-14,600822,9.41,9.57,9.57,9.41,17125,7635099.0,1.69,0.84,0.08,0.43,0.16000000000000014
2013-06-17,600822,9.53,9.47,9.53,9.37,12667,5615386.0,1.67,-1.04,-0.1,0.32,0.16000000000000014
2013-06-18,600822,9.47,9.45,9.55,9.39,15182,6742351.0,1.69,-0.21,-0.02,0.38,0.16000000000000014
2013-06-19,600822,9.43,9.27,9.43,9.15,21797,9470076.0,2.96,-1.9,-0.18,0.55,0.27999999999999936
2013-06-20,600822,9.21,9.11,9.27,9.09,13245,5727051.0,1.94,-1.73,-0.16,0.33,0.17999999999999972
2013-06-21,600822,8.97,9.09,9.17,8.93,11693,4959022.0,2.63,-0.22,-0.02,0.3,0.2400000000000002
2013-06-24,600822,9.09,8.55,9.09,8.35,14453,5899408.0,8.14,-5.94,-0.54,0.36,0.7400000000000002
2013-06-25,600822,8.57,8.39,8.59,7.95,34901,13252417.0,7.49,-1.87,-0.16,0.88,0.6399999999999997
2013-06-26,600822,7.97,8.31,8.45,7.97,19376,7451692.0,5.72,-0.95,-0.08,0.49,0.47999999999999954
2013-06-27,600822,8.35,8.21,8.41,8.19,16679,6459832.0,2.65,-1.2,-0.1,0.42,0.22000000000000064
2013-06-28,600822,8.23,8.27,8.39,8.15,13641,5253829.0,2.92,0.73,0.06,0.34,0.2400000000000002
2013-07-01,600822,8.29,8.47,8.49,8.17,13278,5175581.0,3.87,2.42,0.2,0.34,0.3200000000000003
2013-07-02,600822,8.45,8.81,8.99,8.33,41766,16930925.0,7.79,4.01,0.34,1.05,0.6600000000000001
2013-07-03,600822,8.77,9.09,9.15,8.65,37654,15716192.0,5.68,3.18,0.28,0.95,0.5
2013-07-04,600822,9.95,9.95,9.95,9.95,30984,14531318.0,0.0,9.46,0.86,0.78,0.0
2013-07-05,600822,10.65,10.89,10.89,10.49,272847,139538071.0,4.02,9.45,0.94,6.89,0.40000000000000036
2013-07-08,600822,11.31,11.91,11.93,11.07,385953,212739123.0,7.9,9.37,1.02,9.74,0.8599999999999994
2013-07-09,600822,11.59,11.93,12.15,11.19,310309,171580858.0,8.06,0.17,0.02,7.83,0.9600000000000009
2013-07-10,600822,11.79,13.06,13.06,11.61,362816,216576781.0,12.15,9.47,1.13,9.16,1.450000000000001
2013-07-11,600822,13.12,12.94,13.44,12.6,317969,196417022.0,6.43,-0.92,-0.12,8.03,0.8399999999999999
2013-07-12,600822,12.94,12.84,13.28,12.5,233575,143333317.0,6.03,-0.77,-0.1,5.9,0.7799999999999994
2013-07-15,600822,12.72,12.76,12.9,12.44,184717,111930454.0,3.58,-0.62,-0.08,4.66,0.46000000000000085
2013-07-16,600822,12.66,12.74,13.06,12.58,172239,105145549.0,3.76,-0.16,-0.02,4.35,0.4800000000000004
2013-07-17,600822,12.62,12.8,13.28,12.56,217632,134930650.0,5.65,0.47,0.06,5.49,0.7199999999999989
2013-07-18,600822,12.94,13.06,13.82,12.6,259797,163981591.0,9.53,2.03,0.26,6.56,1.2200000000000006
2013-07-19,600822,13.02,12.72,13.66,12.58,226138,141099990.0,8.27,-2.6,-0.34,5.71,1.08
2013-07-22,600822,12.7,11.77,12.7,11.53,227608,127563890.0,9.2,-7.47,-0.95,5.75,1.17
2013-07-23,600822,11.61,12.05,12.09,11.53,182070,102750330.0,4.76,2.38,0.28,4.6,0.5600000000000005
2013-07-24,600822,11.93,11.97,12.11,11.63,148903,84040678.0,3.98,-0.66,-0.08,3.76,0.47999999999999865
2013-07-25,600822,11.87,11.61,12.21,11.59,160037,90961738.0,5.18,-3.01,-0.36,4.04,0.620000000000001
2013-07-26,600822,11.47,11.23,11.51,11.07,130292,69550287.0,3.79,-3.27,-0.38,3.29,0.4399999999999995
2013-07-29,600822,11.11,11.25,11.45,10.97,85851,45832000.0,4.27,0.18,0.02,2.17,0.47999999999999865
2013-07-30,600822,11.25,11.67,11.85,10.89,150305,81837338.0,8.53,3.73,0.42,3.79,0.9599999999999991
2013-07-31,600822,11.49,11.41,11.75,11.29,91143,49870378.0,3.94,-2.23,-0.26,2.3,0.46000000000000085
2013-08-01,600822,11.43,11.75,11.87,11.27,99988,55334386.0,5.26,2.98,0.34,2.52,0.5999999999999996
2013-08-02,600822,11.85,11.67,11.87,11.53,98411,54758586.0,2.89,-0.68,-0.08,2.48,0.33999999999999986
2013-08-05,600822,11.63,11.69,12.05,11.57,73248,40888489.0,4.11,0.17,0.02,1.85,0.4800000000000004
2013-08-06,600822,11.59,11.81,12.01,11.37,112309,62416232.0,5.47,1.03,0.12,2.84,0.6400000000000006
2013-08-07,600822,11.71,11.67,12.01,11.53,92270,51690890.0,4.06,-1.19,-0.14,2.33,0.4800000000000004
2013-08-08,600822,12.01,12.34,12.78,12.01,248778,147763884.0,6.6,5.74,0.67,6.28,0.7699999999999996
2013-08-09,600822,12.09,13.52,13.52,12.07,264382,163510607.0,11.75,9.56,1.18,6.67,1.4499999999999993
2013-08-12,600822,13.9,14.82,14.82,13.56,158891,110307784.0,9.32,9.62,1.3,4.01,1.2599999999999998
2013-08-13,600822,16.2,15.5,16.2,14.96,381243,284602336.0,8.37,4.59,0.68,9.62,1.2399999999999984
2013-08-14,600822,15.26,17.0,17.0,15.22,160609,127598370.0,11.48,9.68,1.5,4.05,1.7799999999999994
2013-08-15,600822,17.76,18.07,18.63,17.62,514721,458566272.0,5.94,6.29,1.07,12.99,1.009999999999998
2013-08-16,600822,17.44,16.34,17.72,16.32,433196,357231696.0,7.75,-9.57,-1.73,10.94,1.3999999999999986
2013-08-19,600822,16.58,17.92,17.92,16.56,424831,362328080.0,8.32,9.67,1.58,10.72,1.360000000000003
2013-08-20,600822,18.41,18.31,19.35,17.96,499492,450560768.0,7.76,2.18,0.39,12.61,1.3900000000000006
2013-08-21,600822,17.76,18.67,18.71,17.42,342819,297972576.0,7.05,1.97,0.36,8.65,1.2899999999999991
2013-08-22,600822,18.31,17.94,18.45,17.86,227705,199852090.0,3.16,-3.91,-0.73,5.75,0.5899999999999999
2013-08-23,600822,18.65,18.57,19.55,18.19,439475,402905680.0,7.58,3.51,0.63,11.09,1.3599999999999994
2013-08-26,600822,18.73,20.37,20.37,18.37,391344,375140096.0,10.77,9.69,1.8,9.88,2.0
2013-08-27,600822,21.35,22.35,22.35,21.09,471104,506811952.0,6.19,9.72,1.98,11.89,1.2600000000000016
2013-08-28,600822,23.15,24.52,24.52,22.77,401460,472275328.0,7.83,9.71,2.17,10.13,1.75
2013-08-29,600822,25.96,26.92,26.92,25.94,297501,389090496.0,4.0,9.79,2.4,7.51,0.9800000000000004
2013-08-30,600822,29.04,29.55,29.55,28.24,111662,160789417.0,4.87,9.77,2.63,2.82,1.3100000000000023
2013-09-02,600822,32.45,30.15,32.45,26.94,744789,1104358416.0,18.65,2.03,0.6,18.8,5.510000000000002
2013-09-03,600822,27.94,28.8,29.3,27.34,555877,772376640.0,6.5,-4.48,-1.35,14.03,1.9600000000000009
2013-09-04,600822,28.26,29.93,31.23,28.04,616150,908060240.0,11.08,3.92,1.13,15.55,3.1900000000000013
2013-09-05,600822,28.54,29.02,30.29,27.94,408264,578164368.0,7.85,-3.04,-0.91,10.31,2.349999999999998
2013-09-06,600822,28.54,31.85,31.85,28.36,603701,916306080.0,12.03,9.75,2.83,15.24,3.490000000000002
2013-09-09,600822,31.85,30.71,32.25,30.09,555394,850112448.0,6.78,-3.58,-1.14,14.02,2.16
2013-09-10,600822,30.09,30.75,32.71,29.59,481791,739546960.0,10.16,0.13,0.04,12.16,3.120000000000001
2013-09-11,600822,30.53,29.26,30.53,28.56,304309,440065040.0,6.41,-4.85,-1.49,7.68,1.9700000000000024
2013-09-12,600822,29.26,28.92,29.65,28.36,198309,282445904.0,4.41,-1.16,-0.34,5.01,1.2899999999999991
2013-09-13,600822,28.96,27.96,29.12,27.24,212502,290819568.0,6.5,-3.32,-0.96,5.36,1.8800000000000026
2013-09-16,600822,27.84,28.78,29.41,27.64,207888,292952400.0,6.33,2.93,0.82,5.25,1.7699999999999996
2013-09-17,600822,28.54,27.24,28.54,26.96,173100,233698993.0,5.49,-5.35,-1.54,4.37,1.5799999999999983
2013-09-18,600822,27.22,29.91,29.91,27.1,297202,428224576.0,10.32,9.8,2.67,7.5,2.8099999999999987
2013-09-23,600822,30.73,32.85,32.85,30.65,646856,1022976080.0,7.36,9.83,2.94,16.33,2.200000000000003
2013-09-24,600822,32.53,34.21,35.88,31.15,586744,964521968.0,14.4,4.14,1.36,14.81,4.730000000000004
2013-09-25,600822,33.53,35.52,37.12,32.73,546313,961464160.0,12.83,3.83,1.31,13.79,4.390000000000001
2013-09-26,600822,34.09,32.03,34.11,32.03,277911,447628512.0,5.86,-9.83,-3.49,7.02,2.0799999999999983
2013-09-27,600822,29.26,28.9,30.03,28.9,362318,518735216.0,3.53,-9.77,-3.13,9.15,1.1300000000000026
2013-09-30,600822,28.96,28.64,29.41,27.54,228655,321993920.0,6.47,-0.9,-0.26,5.77,1.870000000000001
2013-10-08,600822,28.6,28.92,29.08,27.14,222058,307494592.0,6.77,0.98,0.28,5.61,1.9399999999999977
2013-10-09,600822,28.54,30.59,31.15,28.26,347086,508946224.0,9.99,5.77,1.67,8.76,2.889999999999997
2013-10-10,600822,30.27,28.92,30.47,28.54,242390,348881232.0,6.31,-5.46,-1.67,6.12,1.9299999999999997
2013-10-11,600822,28.96,30.25,30.91,28.62,313722,465011568.0,7.92,4.6,1.33,7.92,2.289999999999999
2013-10-14,600822,27.28,27.32,28.44,27.28,443471,597800208.0,3.83,-9.69,-2.93,11.19,1.1600000000000001
2013-10-15,600822,26.68,27.68,28.2,26.18,265807,356843232.0,7.39,1.32,0.36,6.71,2.0199999999999996
2013-10-16,600822,27.34,26.2,27.4,25.56,202510,260507638.0,6.65,-5.35,-1.48,5.11,1.8399999999999999
2013-10-17,600822,26.74,27.2,28.76,26.3,331688,451074752.0,9.39,3.82,1.0,8.37,2.460000000000001
2013-10-18,600822,26.14,24.86,26.14,24.54,286443,350143824.0,5.88,-8.6,-2.34,7.23,1.6000000000000014
2013-10-21,600822,24.66,25.38,25.48,24.66,198564,244395682.0,3.3,2.09,0.52,5.01,0.8200000000000003
2013-10-22,600822,25.14,25.02,25.62,24.48,172194,209999753.0,4.49,-1.42,-0.36,4.35,1.1400000000000006
2013-10-23,600822,24.9,25.4,25.48,23.51,220302,266829447.0,7.87,1.52,0.38,5.56,1.9699999999999989
2013-10-24,600822,25.38,24.98,25.62,24.76,190560,234938923.0,3.39,-1.65,-0.42,4.81,0.8599999999999994
2013-10-25,600822,24.54,23.96,24.62,23.37,150525,176117239.0,5.0,-4.08,-1.02,3.8,1.25
2013-10-28,600822,23.76,24.74,25.12,23.65,118642,141959065.0,6.14,3.26,0.78,2.99,1.4700000000000024
2013-10-29,600822,24.76,24.26,24.76,22.49,151090,174860781.0,9.18,-1.94,-0.48,3.81,2.270000000000003
2013-10-30,600822,23.94,24.04,24.52,23.33,125333,147032525.0,4.91,-0.91,-0.22,3.16,1.1900000000000013
2013-10-31,600822,23.7,23.61,24.94,23.45,178930,212016529.0,6.2,-1.79,-0.43,4.52,1.490000000000002
2013-11-01,600822,22.75,23.88,24.9,22.37,223076,259581704.0,10.72,1.14,0.27,5.63,2.5299999999999976
2013-11-04,600822,23.55,23.47,24.42,23.23,130717,151676146.0,4.98,-1.72,-0.41,3.3,1.1900000000000013
2013-11-05,600822,23.19,23.76,23.84,22.81,108978,125430753.0,4.39,1.24,0.29,2.75,1.0300000000000011
2013-11-06,600822,23.55,23.47,24.24,23.21,140086,162524003.0,4.34,-1.22,-0.29,3.54,1.0299999999999976
2013-11-07,600822,23.67,23.67,24.44,23.17,208764,242597350.0,5.41,0.85,0.2,5.27,1.2699999999999996
2013-11-08,600822,23.72,23.15,24.18,22.57,202262,232525975.0,6.8,-2.2,-0.52,5.11,1.6099999999999994
2013-11-11,600822,22.67,20.89,22.77,20.89,197410,204089015.0,8.12,-9.76,-2.26,4.98,1.879999999999999
2013-11-12,600822,20.45,20.63,21.09,20.15,171800,172553413.0,4.5,-1.24,-0.26,4.34,0.9400000000000013
2013-11-13,600822,20.45,20.45,21.05,20.31,116160,116618302.0,3.59,-0.87,-0.18,2.93,0.740000000000002
2013-11-14,600822,20.39,20.67,20.97,19.37,145141,143540059.0,7.82,1.08,0.22,3.66,1.5999999999999979
2013-11-15,600822,20.51,20.73,21.55,20.47,182103,187208968.0,5.22,0.29,0.06,4.6,1.0800000000000018
2013-11-18,600822,20.69,21.43,21.47,20.59,186435,192017251.0,4.25,3.38,0.7,4.71,0.879999999999999
2013-11-19,600822,21.37,21.83,22.41,21.15,233348,247194098.0,5.88,1.87,0.4,5.89,1.2600000000000016
2013-11-20,600822,21.59,21.63,21.79,21.37,118450,124350726.0,1.92,-0.92,-0.2,2.99,0.41999999999999815
2013-11-21,600822,21.63,22.03,22.13,21.47,174363,186133940.0,3.05,1.85,0.4,4.4,0.6600000000000001
2013-11-22,600822,22.11,21.53,22.13,21.35,121136,127545762.0,3.54,-2.27,-0.5,3.06,0.7799999999999976
2013-11-25,600822,21.37,21.81,21.93,21.05,107335,112669763.0,4.09,1.3,0.28,2.71,0.879999999999999
2013-11-26,600822,21.69,21.51,21.85,21.35,81262,85627393.0,2.29,-1.38,-0.3,2.05,0.5
2013-11-27,600822,21.53,21.69,22.75,21.23,223666,239430138.0,7.07,0.84,0.18,5.65,1.5199999999999996
2013-11-28,600822,21.57,21.23,21.77,21.05,145374,151543748.0,3.32,-2.12,-0.46,3.67,0.7199999999999989
2013-11-29,600822,21.39,21.29,21.49,21.11,81241,84240156.0,1.79,0.28,0.06,2.05,0.379999999999999
2013-12-02,600822,20.91,19.93,20.91,19.59,132951,130801673.0,6.2,-6.39,-1.36,3.36,1.3200000000000003
2013-12-03,600822,19.75,20.77,21.05,19.75,113310,113627598.0,6.52,4.21,0.84,2.86,1.3000000000000007
2013-12-04,600822,20.67,22.79,22.79,20.47,411362,451373472.0,11.17,9.73,2.02,10.38,2.3200000000000003
2013-12-05,600822,22.45,22.15,22.71,21.95,252983,274605136.0,3.33,-2.81,-0.64,6.39,0.7600000000000016
2013-12-06,600822,21.91,21.57,22.01,21.29,101606,106979613.0,3.25,-2.62,-0.58,2.56,0.7200000000000024
2013-12-09,600822,21.55,21.71,21.93,21.47,72985,76951785.0,2.13,0.65,0.14,1.84,0.46000000000000085
2013-12-10,600822,21.85,21.75,22.57,21.65,149278,161243435.0,4.24,0.18,0.04,3.77,0.9200000000000017
2013-12-11,600822,21.77,20.95,21.79,20.55,131773,134158962.0,5.7,-3.68,-0.8,3.33,1.2399999999999984
2013-12-12,600822,20.85,21.11,21.37,20.37,63481,65133930.0,4.77,0.76,0.16,1.6,1.0
2013-12-13,600822,20.97,20.99,21.33,20.69,43744,44863600.0,3.03,-0.57,-0.12,1.1,0.639999999999997
2013-12-16,600822,20.95,21.25,21.35,20.59,73590,75099373.0,3.62,1.24,0.26,1.86,0.7600000000000016
2013-12-17,600822,21.55,20.91,21.71,20.85,81169,84172400.0,4.05,-1.6,-0.34,2.05,0.8599999999999994
2013-12-18,600822,20.75,20.39,20.91,20.29,63107,62996590.0,2.97,-2.49,-0.52,1.59,0.620000000000001
2013-12-19,600822,20.43,20.09,20.63,19.97,38236,37795286.0,3.24,-1.47,-0.3,0.97,0.6600000000000001
2013-12-20,600822,20.13,20.23,20.53,19.99,39489,38858162.0,2.69,0.7,0.14,1.0,0.5400000000000027
2013-12-23,600822,20.19,19.31,20.19,19.05,54962,52055218.0,5.64,-4.55,-0.92,1.39,1.1400000000000006
2013-12-24,600822,19.49,19.25,19.67,19.09,34939,32869022.0,3.0,-0.31,-0.06,0.88,0.5800000000000018
2013-12-25,600822,19.29,19.47,19.49,18.99,40627,38093230.0,2.6,1.14,0.22,1.03,0.5
2013-12-26,600822,19.49,19.47,20.09,19.01,156458,150370118.0,5.55,0.0,0.0,3.95,1.0799999999999983
2013-12-27,600822,19.11,19.27,19.47,18.33,99942,92406863.0,5.86,-1.03,-0.2,2.52,1.1400000000000006
2013-12-30,600822,19.43,19.33,19.63,19.19,67604,63815716.0,2.28,0.31,0.06,1.71,0.4399999999999977
2013-12-31,600822,19.13,19.15,19.43,18.91,54312,50382621.0,2.69,-0.93,-0.18,1.37,0.5199999999999996
2014-01-02,600822,19.09,19.17,19.39,19.05,36293,33835579.0,1.78,0.1,0.02,0.92,0.33999999999999986
2014-01-03,600822,19.07,18.69,19.25,18.53,62844,57188114.0,3.76,-2.5,-0.48,1.59,0.7199999999999989
2014-01-06,600822,18.59,18.03,18.87,18.01,59831,53601694.0,4.6,-3.53,-0.66,1.51,0.8599999999999994
2014-01-07,600822,17.96,18.51,19.11,17.86,81225,73341574.0,6.93,2.66,0.48,2.05,1.25
2014-01-08,600822,18.41,18.27,18.69,18.21,51777,46184801.0,2.59,-1.3,-0.24,1.31,0.4800000000000004
2014-01-09,600822,18.29,18.65,19.15,18.27,106082,97002310.0,4.82,2.08,0.38,2.68,0.879999999999999
2014-01-10,600822,18.55,18.65,18.95,18.27,58313,52662534.0,3.65,0.0,0.0,1.47,0.6799999999999997
2014-01-13,600822,18.51,18.77,18.93,18.45,47001,42754220.0,2.57,0.64,0.12,1.19,0.4800000000000004
2014-01-14,600822,18.85,19.03,19.05,18.37,73398,66878362.0,3.62,1.39,0.26,1.85,0.6799999999999997
2014-01-15,600822,19.05,18.85,19.05,18.63,43831,39970374.0,2.21,-0.95,-0.18,1.11,0.4200000000000017
2014-01-16,600822,18.95,19.05,19.43,18.75,90211,83638576.0,3.61,1.06,0.2,2.28,0.6799999999999997
2014-01-17,600822,19.05,18.21,19.05,18.15,75818,67869719.0,4.72,-4.41,-0.84,1.91,0.9000000000000021
2014-01-20,600822,18.15,18.13,18.37,18.09,32375,28586243.0,1.54,-0.44,-0.08,0.82,0.28000000000000114
2014-01-21,600822,18.07,18.47,18.55,18.03,37680,33493570.0,2.87,1.88,0.34,0.95,0.5199999999999996
2014-01-22,600822,18.67,20.27,20.27,18.43,230792,222692000.0,9.96,9.75,1.8,5.83,1.8399999999999999
2014-01-23,600822,20.95,21.11,21.23,20.27,323255,327256048.0,4.74,4.14,0.84,8.16,0.9600000000000009
2014-01-24,600822,20.85,22.15,23.17,20.65,282414,305571840.0,11.94,4.93,1.04,7.13,2.520000000000003
2014-01-27,600822,21.75,22.51,23.11,21.55,214578,235526067.0,7.04,1.63,0.36,5.42,1.5599999999999987
2014-01-28,600822,22.51,24.26,24.54,22.15,299019,346244512.0,10.62,7.77,1.75,7.55,2.3900000000000006
2014-01-29,600822,23.94,23.88,24.16,23.27,206057,238234253.0,3.67,-1.57,-0.38,5.2,0.8900000000000006
2014-01-30,600822,23.74,23.33,24.68,23.13,165834,193921267.0,6.49,-2.3,-0.55,4.19,1.5500000000000007
2014-02-07,600822,22.91,23.15,23.23,22.27,144814,160563679.0,4.11,-0.77,-0.18,3.66,0.9600000000000009
2014-02-10,600822,23.15,24.84,25.4,22.97,261809,318112240.0,10.5,7.3,1.69,6.61,2.4299999999999997
2014-02-11,600822,24.72,25.0,25.34,24.04,239298,290128144.0,5.23,0.64,0.16,6.04,1.3000000000000007
2014-02-12,600822,24.68,24.2,25.24,23.78,201576,240191978.0,5.84,-3.2,-0.8,5.09,1.4599999999999973
2014-02-13,600822,24.02,24.44,25.0,23.65,201882,240409476.0,5.58,0.99,0.24,5.1,1.3500000000000014
2014-02-14,600822,24.14,24.12,24.42,23.67,124018,145670725.0,3.07,-1.31,-0.32,3.13,0.75
2014-02-17,600822,24.14,23.98,24.34,23.33,146037,169325994.0,4.19,-0.58,-0.14,3.69,1.0100000000000016
2014-02-18,600822,23.98,23.47,24.0,23.31,114676,131561191.0,2.88,-2.13,-0.51,2.89,0.6900000000000013
2014-02-19,600822,23.68,23.53,24.12,23.47,111269,129134180.0,2.77,0.26,0.06,2.81,0.6500000000000021
2014-02-20,600822,23.72,25.6,25.82,23.47,387118,473699232.0,9.99,8.8,2.07,9.77,2.3500000000000014
2014-02-21,600822,24.54,24.28,25.1,24.16,224530,269040960.0,3.67,-5.16,-1.32,5.67,0.9400000000000013
2014-02-24,600822,24.1,22.21,24.12,22.15,184295,203857459.0,8.11,-8.53,-2.07,4.65,1.9700000000000024
2014-02-25,600822,22.29,21.45,22.87,21.11,115322,124224071.0,7.92,-3.42,-0.76,2.91,1.7600000000000016
2014-02-26,600822,21.03,21.43,21.65,20.27,79981,81812138.0,6.43,-0.09,-0.02,2.02,1.379999999999999
2014-02-27,600822,21.67,20.91,22.23,20.89,90933,95878400.0,6.25,-2.43,-0.52,2.3,1.3399999999999999
2014-02-28,600822,20.75,20.77,20.83,19.95,78461,78054217.0,4.21,-0.67,-0.14,1.98,0.879999999999999
2014-03-03,600822,20.69,21.85,21.91,20.51,127111,133341418.0,6.74,5.2,1.08,3.21,1.3999999999999986
2014-03-04,600822,21.63,21.49,21.71,21.13,68354,71434025.0,2.65,-1.65,-0.36,1.73,0.5800000000000018
2014-03-05,600822,21.65,21.33,21.79,21.17,50848,53144779.0,2.89,-0.74,-0.16,1.28,0.6199999999999974
2014-03-06,600822,21.47,21.93,22.53,21.47,128058,137962183.0,4.97,2.81,0.6,3.23,1.0600000000000023
2014-03-07,600822,21.63,21.77,22.25,21.55,89459,95618493.0,3.19,-0.73,-0.16,2.26,0.6999999999999993
2014-03-10,600822,21.71,20.13,21.71,20.11,87427,88581553.0,7.35,-7.53,-1.64,2.21,1.6000000000000014
2014-03-11,600822,19.73,20.55,20.79,19.55,54880,54350710.0,6.16,2.09,0.42,1.39,1.2399999999999984
2014-03-12,600822,20.53,20.17,20.73,19.77,50728,50039611.0,4.67,-1.85,-0.38,1.28,0.9600000000000009
2014-03-13,600822,20.15,20.43,20.55,20.11,35525,35205681.0,2.18,1.29,0.26,0.9,0.4400000000000013
2014-03-14,600822,20.25,20.15,20.51,19.85,41770,40951750.0,3.23,-1.37,-0.28,1.05,0.6600000000000001
2014-03-17,600822,20.15,20.59,20.67,20.15,38147,38081690.0,2.58,2.18,0.44,0.96,0.5200000000000031
2014-03-18,600822,20.75,20.93,21.51,20.75,54926,56583864.0,3.69,1.65,0.34,1.39,0.7600000000000016
2014-03-19,600822,20.81,21.01,21.15,20.31,56780,57296998.0,4.01,0.38,0.08,1.43,0.8399999999999999
2014-03-20,600822,20.91,20.31,21.19,20.25,54812,55689980.0,4.47,-3.33,-0.7,1.38,0.9400000000000013
2014-03-21,600822,20.01,20.63,20.75,19.79,52927,52198991.0,4.73,1.58,0.32,1.34,0.9600000000000009
2014-03-24,600822,20.59,21.05,21.25,20.47,66554,67621720.0,3.78,2.04,0.42,1.68,0.7800000000000011
2014-03-25,600822,21.15,23.11,23.11,21.15,307987,342272864.0,9.31,9.79,2.06,7.77,1.9600000000000009
2014-03-26,600822,23.25,22.61,24.3,22.47,282220,320595536.0,7.92,-2.16,-0.5,7.12,1.8300000000000018
2014-03-27,600822,22.51,23.09,23.51,22.03,190209,212781457.0,6.55,2.12,0.48,4.8,1.4800000000000004
2014-03-28,600822,22.85,24.12,24.18,22.75,249615,289985792.0,6.19,4.46,1.03,6.3,1.4299999999999997
2014-03-31,600822,24.1,22.19,24.1,22.11,146806,163577450.0,8.25,-8.0,-1.93,3.71,1.990000000000002
2014-04-01,600822,22.19,22.07,22.51,21.57,100244,107246198.0,4.24,-0.54,-0.12,2.53,0.9400000000000013
2014-04-02,600822,22.09,21.77,22.21,21.65,68019,72329357.0,2.54,-1.36,-0.3,1.72,0.5600000000000023
2014-04-03,600822,21.77,22.03,22.11,21.37,78092,82726831.0,3.4,1.19,0.26,1.97,0.7399999999999984
2014-04-04,600822,21.95,22.01,22.37,21.61,71949,77281056.0,3.45,-0.09,-0.02,1.82,0.7600000000000016
2014-04-08,600822,21.77,22.09,22.23,21.67,62738,67383782.0,2.54,0.36,0.08,1.58,0.5599999999999987
2014-04-09,600822,22.39,22.41,23.03,22.25,98014,108148199.0,3.53,1.45,0.32,2.47,0.7800000000000011
2014-04-10,600822,22.57,23.11,23.43,22.57,133300,149724297.0,3.84,3.12,0.7,3.36,0.8599999999999994
2014-04-11,600822,22.99,22.57,22.99,22.49,72220,79872535.0,2.16,-2.34,-0.54,1.82,0.5
2014-04-14,600822,22.61,22.73,23.15,22.55,58495,65038791.0,2.66,0.71,0.16,1.48,0.5999999999999979
2014-04-15,600822,22.81,22.73,23.27,22.51,72615,81122824.0,3.34,0.0,0.0,1.83,0.759999999999998
2014-04-16,600822,22.57,22.21,22.65,22.01,60322,65626552.0,2.82,-2.29,-0.52,1.52,0.639999999999997
2014-04-17,600822,22.17,22.43,22.87,22.17,59229,65027604.0,3.15,0.99,0.22,1.5,0.6999999999999993
2014-04-18,600822,22.17,22.15,22.41,21.85,63399,68141811.0,2.5,-1.25,-0.28,1.6,0.5599999999999987
2014-04-21,600822,21.83,21.99,22.55,21.75,60227,64977272.0,3.61,-0.72,-0.16,1.52,0.8000000000000007
2014-04-22,600822,21.95,22.39,22.61,21.87,77716,84540812.0,3.37,1.82,0.4,1.96,0.7399999999999984
2014-04-23,600822,22.41,21.25,22.43,21.21,75442,80376809.0,5.45,-5.09,-1.14,1.9,1.2199999999999989
2014-04-24,600822,21.11,20.15,21.11,20.13,85357,84774410.0,4.61,-5.18,-1.1,2.15,0.9800000000000004
2014-04-25,600822,20.11,19.61,20.37,19.57,43535,42329979.0,3.97,-2.68,-0.54,1.1,0.8000000000000007
2014-04-28,600822,19.63,18.67,19.63,18.65,45774,42007132.0,5.0,-4.79,-0.94,1.16,0.9800000000000004
2014-04-29,600822,18.69,19.07,19.09,18.69,30397,27965159.0,2.14,2.14,0.4,0.77,0.3999999999999986
2014-04-30,600822,19.15,19.81,19.83,18.97,50363,47858765.0,4.51,3.88,0.74,1.27,0.8599999999999994
2014-05-05,600822,19.67,19.71,19.73,19.21,32052,30337407.0,2.62,-0.5,-0.1,0.81,0.5199999999999996
2014-05-06,600822,19.65,19.59,19.89,19.47,32281,30910710.0,2.13,-0.61,-0.12,0.81,0.4200000000000017
2014-05-07,600822,19.49,19.13,19.67,19.09,26207,24706771.0,2.96,-2.35,-0.46,0.66,0.5800000000000018
2014-05-08,600822,19.15,19.23,19.55,19.13,24681,23188741.0,2.2,0.52,0.1,0.62,0.4200000000000017
2014-05-09,600822,19.21,18.65,19.35,18.55,27642,25404496.0,4.16,-3.02,-0.58,0.7,0.8000000000000007
2014-05-12,600822,19.05,19.43,19.51,18.79,30974,28994007.0,3.86,4.18,0.78,0.78,0.7200000000000024
2014-05-13,600822,19.51,19.61,19.75,19.39,34811,33085623.0,1.85,0.93,0.18,0.88,0.35999999999999943
2014-05-14,600822,19.71,19.71,20.09,19.35,46878,44988861.0,3.77,0.51,0.1,1.18,0.7399999999999984
2014-05-15,600822,19.57,19.43,19.71,19.23,38054,36045334.0,2.44,-1.42,-0.28,0.96,0.4800000000000004
2014-05-16,600822,19.17,20.01,20.07,19.17,60916,58596025.0,4.63,2.99,0.58,1.54,0.8999999999999986
2014-05-19,600822,20.01,19.63,20.01,19.45,37270,35514225.0,2.8,-1.9,-0.38,0.94,0.5600000000000023
2014-05-20,600822,19.65,19.59,19.81,19.35,26633,25354762.0,2.34,-0.2,-0.04,0.67,0.4599999999999973
2014-05-21,600822,19.63,19.57,19.65,19.27,27362,25917316.0,1.94,-0.1,-0.02,0.69,0.379999999999999
2014-05-22,600822,19.55,19.57,20.07,19.39,56833,54577846.0,3.47,0.0,0.0,1.43,0.6799999999999997
2014-05-23,600822,19.33,19.93,19.95,19.33,46525,44573423.0,3.17,1.84,0.36,1.17,0.620000000000001
2014-05-26,600822,20.15,19.81,20.15,19.55,59569,57125978.0,3.01,-0.6,-0.12,1.5,0.5999999999999979
2014-05-27,600822,19.77,19.73,19.89,19.51,40229,38493078.0,1.92,-0.4,-0.08,1.02,0.379999999999999
2014-05-28,600822,19.73,19.81,20.05,19.51,63032,60553439.0,2.74,0.41,0.08,1.59,0.5399999999999991
2014-05-29,600822,19.75,19.81,20.11,19.59,70674,68174293.0,2.62,0.0,0.0,1.78,0.5199999999999996
2014-05-30,600822,19.61,19.37,19.77,19.29,47711,45048437.0,2.42,-2.22,-0.44,1.2,0.4800000000000004
2014-06-03,600822,19.35,19.15,19.47,19.13,27306,25606353.0,1.76,-1.14,-0.22,0.69,0.33999999999999986
2014-06-04,600822,19.45,19.17,19.51,19.07,22959,21479413.0,2.3,0.1,0.02,0.58,0.4400000000000013
2014-06-05,600822,19.05,19.35,19.39,19.05,27218,25410429.0,1.77,0.94,0.18,0.69,0.33999999999999986
2014-06-06,600822,19.35,19.47,19.61,19.21,37206,35115607.0,2.07,0.62,0.12,0.94,0.3999999999999986
2014-06-09,600822,19.39,19.61,19.73,19.27,36789,34924173.0,2.36,0.72,0.14,0.93,0.46000000000000085
2014-06-10,600822,19.57,19.73,19.75,19.39,34772,33140128.0,1.84,0.61,0.12,0.88,0.35999999999999943
2014-06-11,600822,19.83,19.99,20.05,19.67,53347,51605428.0,1.93,1.32,0.26,1.35,0.379999999999999
2014-06-12,600822,19.87,19.79,20.05,19.71,39373,38015380.0,1.7,-1.0,-0.2,0.99,0.33999999999999986
2014-06-13,600822,19.89,19.83,20.01,19.61,32606,31434605.0,2.02,0.2,0.04,0.82,0.40000000000000213
2014-06-16,600822,19.85,20.03,20.07,19.71,34775,33684949.0,1.82,1.01,0.2,0.88,0.35999999999999943
2014-06-17,600822,20.01,19.77,20.01,19.73,31248,30084034.0,1.4,-1.3,-0.26,0.79,0.28000000000000114
2014-06-18,600822,19.79,18.65,19.79,18.55,75967,71029761.0,6.27,-5.67,-1.12,1.92,1.2399999999999984
2014-06-19,600822,18.95,20.31,20.47,18.95,285120,280874000.0,8.15,8.9,1.66,7.2,1.5199999999999996
2014-06-20,600822,18.75,19.17,19.33,18.55,159108,146926290.0,3.84,-5.61,-1.14,4.02,0.7799999999999976
2014-06-23,600822,18.95,18.89,19.13,18.81,73230,67221424.0,1.67,-1.46,-0.28,1.85,0.3200000000000003
2014-06-24,600822,18.85,18.95,19.03,18.69,63406,58068991.0,1.8,0.32,0.06,1.6,0.33999999999999986
2014-06-25,600822,18.91,18.77,18.93,18.67,39256,35725550.0,1.37,-0.95,-0.18,0.99,0.259999999999998
2014-06-26,600822,18.75,18.93,19.05,18.73,47191,43373551.0,1.7,0.85,0.16,1.19,0.3200000000000003
2014-06-27,600822,18.91,19.01,19.19,18.81,44338,40998336.0,2.01,0.42,0.08,1.12,0.38000000000000256
2014-06-30,600822,19.01,19.11,19.27,19.01,36248,33660920.0,1.37,0.53,0.1,0.92,0.259999999999998
2014-07-01,600822,19.13,19.59,19.61,19.03,69074,64994140.0,3.04,2.51,0.48,1.74,0.5799999999999983
2014-07-02,600822,19.85,19.71,19.93,19.35,58683,55779372.0,2.96,0.61,0.12,1.48,0.5799999999999983
2014-07-03,600822,19.73,20.25,21.21,19.47,186246,183662742.0,8.83,2.74,0.54,4.7,1.740000000000002
2014-07-04,600822,20.13,20.07,20.71,19.91,89064,87563830.0,3.95,-0.89,-0.18,2.25,0.8000000000000007
2014-07-07,600822,20.17,19.89,20.19,19.67,51003,49186678.0,2.59,-0.9,-0.18,1.29,0.5199999999999996
2014-07-08,600822,20.01,19.81,20.03,19.51,44084,42220426.0,2.61,-0.4,-0.08,1.11,0.5199999999999996
2014-07-09,600822,19.71,19.31,19.81,19.23,48702,46209667.0,2.93,-2.52,-0.5,1.23,0.5799999999999983
2014-07-10,600822,19.25,19.13,19.41,19.07,35869,33479729.0,1.76,-0.93,-0.18,0.91,0.33999999999999986
2014-07-11,600822,19.15,19.33,19.45,19.15,30259,28397506.0,1.57,1.05,0.2,0.76,0.3000000000000007
2014-07-14,600822,19.33,19.61,19.67,19.25,35775,33882891.0,2.17,1.45,0.28,0.9,0.4200000000000017
2014-07-15,600822,19.59,19.55,19.65,19.31,34837,32917636.0,1.73,-0.31,-0.06,0.88,0.33999999999999986
2014-07-16,600822,19.51,19.81,19.85,19.41,53379,51114722.0,2.25,1.33,0.26,1.35,0.4400000000000013
2014-07-17,600822,19.67,19.41,19.79,19.21,40424,38268494.0,2.93,-2.02,-0.4,1.02,0.5799999999999983
2014-07-18,600822,19.17,19.31,19.43,19.15,22772,21358214.0,1.44,-0.52,-0.1,0.57,0.28000000000000114
2014-07-21,600822,19.29,18.99,19.41,18.93,30615,28341665.0,2.49,-1.66,-0.32,0.77,0.4800000000000004
2014-07-22,600822,18.99,19.37,19.39,18.93,39152,36371301.0,2.42,2.0,0.38,0.99,0.46000000000000085
2014-07-23,600822,19.31,19.23,19.71,19.09,53470,50241531.0,3.2,-0.72,-0.14,1.35,0.620000000000001
2014-07-24,600822,19.15,19.25,19.33,19.07,35098,32727137.0,1.35,0.1,0.02,0.89,0.259999999999998
2014-07-25,600822,19.15,19.43,19.47,19.15,36578,34315226.0,1.66,0.94,0.18,0.92,0.3200000000000003
2014-07-28,600822,19.65,19.91,20.09,19.51,94648,91108538.0,2.99,2.47,0.48,2.39,0.5799999999999983
2014-07-29,600822,19.87,20.25,20.97,19.79,158400,158078689.0,5.93,1.71,0.34,4.0,1.1799999999999997
2014-07-30,600822,19.97,20.05,20.23,19.85,64082,62362309.0,1.88,-0.99,-0.2,1.62,0.379999999999999
2014-07-31,600822,20.05,20.19,20.25,19.97,50886,49831686.0,1.4,0.7,0.14,1.28,0.28000000000000114
2014-08-01,600822,20.17,19.73,20.17,19.67,89772,86524343.0,2.48,-2.28,-0.46,2.27,0.5
2014-08-04,600822,19.69,19.95,19.97,19.59,64183,61869252.0,1.93,1.12,0.22,1.62,0.379999999999999
2014-08-05,600822,19.89,20.15,20.17,19.77,61997,60302465.0,2.01,1.0,0.2,1.56,0.40000000000000213
2014-08-06,600822,20.11,20.09,20.23,19.93,45559,44455922.0,1.49,-0.3,-0.06,1.15,0.3000000000000007
2014-08-07,600822,20.13,20.81,21.15,20.07,211778,213014157.0,5.38,3.58,0.72,5.35,1.0799999999999983
2014-08-08,600822,20.77,21.11,21.11,20.55,133873,135772649.0,2.69,1.44,0.3,3.38,0.5599999999999987
2014-08-11,600822,21.15,21.29,21.53,20.87,145893,150775600.0,3.13,0.85,0.18,3.68,0.6600000000000001
2014-08-12,600822,21.27,21.39,21.41,20.99,106549,110049499.0,1.97,0.47,0.1,2.69,0.4200000000000017
2014-08-13,600822,21.27,21.59,21.75,20.91,153746,160144182.0,3.93,0.94,0.2,3.88,0.8399999999999999
2014-08-14,600822,21.47,20.95,21.49,20.89,104416,107826407.0,2.78,-2.96,-0.64,2.64,0.5999999999999979
2014-08-15,600822,20.95,21.07,21.29,20.95,67685,69603323.0,1.62,0.57,0.12,1.71,0.33999999999999986
2014-08-18,600822,21.05,21.23,21.25,20.95,72604,74660829.0,1.42,0.76,0.16,1.83,0.3000000000000007
2014-08-19,600822,21.27,21.27,21.73,21.19,96935,101034739.0,2.54,0.19,0.04,2.45,0.5399999999999991
2014-08-20,600822,21.29,21.23,21.53,21.19,84069,87188766.0,1.6,-0.19,-0.04,2.12,0.33999999999999986
2014-08-21,600822,21.13,20.95,21.25,20.69,70202,71406986.0,2.64,-1.32,-0.28,1.77,0.5599999999999987
2014-08-22,600822,21.05,21.21,21.23,20.77,56711,58196153.0,2.2,1.24,0.26,1.43,0.46000000000000085
2014-08-25,600822,21.21,21.03,21.41,20.93,47462,48867157.0,2.26,-0.85,-0.18,1.2,0.4800000000000004
2014-08-26,600822,20.99,20.73,21.23,20.71,59080,60339383.0,2.47,-1.43,-0.3,1.49,0.5199999999999996
2014-08-27,600822,20.73,20.89,20.91,20.63,34433,34847542.0,1.35,0.77,0.16,0.87,0.28000000000000114
2014-08-28,600822,20.91,22.77,22.93,20.57,342665,375151808.0,11.3,9.0,1.88,8.65,2.3599999999999994
2014-08-29,600822,21.93,21.91,22.21,21.55,239091,255039665.0,2.9,-3.78,-0.86,6.04,0.6600000000000001
2014-09-01,600822,21.71,22.11,22.19,21.61,131690,141072520.0,2.65,0.91,0.2,3.32,0.5800000000000018
2014-09-02,600822,22.05,22.67,23.17,22.01,198267,218628347.0,5.25,2.53,0.56,5.0,1.1600000000000001
2014-09-03,600822,22.53,22.67,22.89,22.39,123021,135914404.0,2.21,0.0,0.0,3.11,0.5
2014-09-04,600822,22.75,22.57,22.89,22.45,101836,112288147.0,1.94,-0.44,-0.1,2.57,0.4400000000000013
2014-09-05,600822,22.73,23.25,24.08,22.49,209989,239764381.0,7.04,3.01,0.68,5.3,1.5899999999999999
2014-09-09,600822,22.91,23.82,23.94,22.85,166811,191365271.0,4.69,2.45,0.57,4.21,1.0899999999999999
2014-09-10,600822,23.55,23.49,23.94,23.29,126569,145589134.0,2.73,-1.39,-0.33,3.19,0.6500000000000021
2014-09-11,600822,23.39,22.97,23.65,22.79,114301,129705565.0,3.66,-2.21,-0.52,2.89,0.8599999999999994
2014-09-12,600822,22.93,23.07,23.13,22.81,66855,74996952.0,1.39,0.44,0.1,1.69,0.3200000000000003
2014-09-15,600822,23.11,23.55,23.68,22.85,115925,132503177.0,3.6,2.08,0.48,2.93,0.8299999999999983
2014-09-16,600822,23.74,23.35,24.9,22.87,228842,266940611.0,8.62,-0.85,-0.2,5.78,2.0299999999999976
2014-09-17,600822,23.7,23.9,24.08,22.55,142263,162867950.0,6.55,2.36,0.55,3.59,1.5299999999999976
2014-09-18,600822,24.08,24.12,24.44,23.65,165416,194564605.0,3.31,0.92,0.22,4.18,0.7900000000000027
2014-09-19,600822,24.56,24.14,24.9,23.86,155468,184584247.0,4.31,0.08,0.02,3.92,1.0399999999999991
2014-09-22,600822,23.78,22.93,23.78,22.87,124744,141517120.0,3.77,-5.01,-1.21,3.15,0.9100000000000001
2014-09-23,600822,22.95,23.11,23.15,22.71,80858,90651990.0,1.92,0.78,0.18,2.04,0.4399999999999977
2014-09-24,600822,22.97,23.53,23.68,22.89,100870,114922726.0,3.42,1.82,0.42,2.55,0.7899999999999991
2014-09-25,600822,23.63,24.2,24.44,23.45,204721,239772193.0,4.21,2.85,0.67,5.17,0.990000000000002
2014-09-26,600822,23.98,24.1,24.3,23.82,177941,209565071.0,1.98,-0.41,-0.1,4.49,0.4800000000000004
2014-09-29,600822,24.34,24.84,25.08,24.06,272850,327549872.0,4.23,3.07,0.74,6.89,1.0199999999999996
2014-09-30,600822,24.66,24.74,25.1,24.4,207662,250646123.0,2.82,-0.4,-0.1,5.24,0.7000000000000028
2014-10-08,600822,24.74,24.74,25.0,24.2,183652,221332389.0,3.23,0.0,0.0,4.64,0.8000000000000007
2014-10-09,600822,24.6,25.2,25.48,24.28,248242,301580096.0,4.85,1.86,0.46,6.27,1.1999999999999993
2014-10-10,600822,24.92,25.22,25.54,24.76,227120,278487120.0,3.1,0.08,0.02,5.73,0.7799999999999976
2014-10-13,600822,24.78,25.06,25.14,24.46,174349,211834082.0,2.7,-0.63,-0.16,4.4,0.6799999999999997
2014-10-14,600822,24.92,25.86,26.1,24.76,320874,400234144.0,5.35,3.19,0.8,8.1,1.3399999999999999
2014-10-15,600822,25.5,25.82,26.1,25.34,230711,290113456.0,2.94,-0.15,-0.04,5.82,0.7600000000000016
2014-10-16,600822,25.6,25.4,25.78,25.0,226559,281727200.0,3.02,-1.63,-0.42,5.72,0.7800000000000011
2014-10-17,600822,25.42,25.68,26.08,24.86,265935,333148528.0,4.8,1.1,0.28,6.71,1.2199999999999989
2014-10-20,600822,25.54,25.82,26.24,25.4,272755,345677856.0,3.27,0.55,0.14,6.89,0.8399999999999999
2014-10-21,600822,25.84,25.82,26.08,25.66,235850,298979264.0,1.63,0.0,0.0,5.95,0.41999999999999815
2014-10-22,600822,25.62,25.54,25.74,25.28,274248,342173120.0,1.78,-1.08,-0.28,6.92,0.4599999999999973
2014-10-23,600822,25.56,25.96,26.46,25.08,349142,438542576.0,5.4,1.64,0.42,8.81,1.3800000000000026
2014-10-24,600822,25.2,23.43,25.72,23.43,321805,387229856.0,8.82,-9.75,-2.53,8.12,2.289999999999999
2014-10-27,600822,21.55,21.17,21.89,21.15,254665,265026567.0,3.16,-9.65,-2.26,6.43,0.740000000000002
2014-10-28,600822,21.21,21.63,21.69,21.19,154904,162332608.0,2.36,2.17,0.46,3.91,0.5
2014-10-29,600822,21.75,22.49,22.85,21.59,201895,220691320.0,5.83,3.98,0.86,5.1,1.2600000000000016
2014-10-30,600822,22.51,22.93,23.51,21.79,191104,210895762.0,7.65,1.96,0.44,4.82,1.7200000000000024
2014-10-31,600822,22.55,22.31,22.83,22.15,100775,110273921.0,2.97,-2.7,-0.62,2.54,0.6799999999999997
2014-11-03,600822,22.21,22.45,22.79,22.21,88851,97488702.0,2.6,0.63,0.14,2.24,0.5799999999999983
2014-11-04,600822,22.27,22.11,22.37,21.83,91392,98007828.0,2.41,-1.51,-0.34,2.31,0.5400000000000027
2014-11-05,600822,22.01,21.87,22.17,21.79,57097,61241166.0,1.72,-1.09,-0.24,1.44,0.38000000000000256
2014-11-06,600822,21.83,22.07,22.09,21.77,57832,61940669.0,1.46,0.91,0.2,1.46,0.3200000000000003
2014-11-07,600822,22.11,21.95,22.27,21.81,76263,82136226.0,2.08,-0.54,-0.12,1.93,0.46000000000000085
2014-11-10,600822,21.95,22.27,22.37,21.95,70684,76555903.0,1.91,1.46,0.32,1.78,0.4200000000000017
2014-11-11,600822,22.29,21.45,22.47,21.15,84819,90037445.0,5.93,-3.68,-0.82,2.14,1.3200000000000003
2014-11-12,600822,21.45,22.83,22.99,21.19,185325,203112092.0,8.39,6.43,1.38,4.68,1.7999999999999972
2014-11-13,600822,22.81,22.55,23.31,22.41,128890,143251094.0,3.94,-1.23,-0.28,3.25,0.8999999999999986
2014-11-14,600822,22.19,23.13,23.67,22.01,167903,189244272.0,7.36,2.57,0.58,4.24,1.6600000000000001
2014-11-17,600822,23.11,22.77,23.35,22.31,95642,106335691.0,4.5,-1.56,-0.36,2.41,1.0400000000000027
2014-11-18,600822,22.75,22.53,22.93,22.39,54893,60404450.0,2.37,-1.05,-0.24,1.39,0.5399999999999991
2014-11-19,600822,22.53,22.41,22.69,22.37,51369,56401807.0,1.42,-0.53,-0.12,1.3,0.3200000000000003
2014-11-20,600822,22.35,22.23,22.53,22.15,49729,54087426.0,1.7,-0.8,-0.18,1.26,0.38000000000000256
2014-11-21,600822,22.23,22.39,22.45,22.11,47973,52137004.0,1.53,0.72,0.16,1.21,0.33999999999999986
2014-11-24,600822,22.43,22.71,22.77,22.33,83403,92005532.0,1.97,1.43,0.32,2.11,0.4400000000000013
2014-11-25,600822,22.71,23.23,23.47,22.57,124458,140964043.0,3.96,2.29,0.52,3.14,0.8999999999999986
2014-11-26,600822,22.95,22.95,23.11,22.71,88486,98876401.0,1.72,-1.21,-0.28,2.23,0.3999999999999986
2014-11-27,600822,22.95,23.45,24.1,22.89,164578,189446057.0,5.27,2.18,0.5,4.15,1.2100000000000009
2014-11-28,600822,23.47,23.35,24.0,22.99,123838,141778032.0,4.31,-0.43,-0.1,3.13,1.0100000000000016
2014-12-01,600822,23.31,22.95,23.33,22.83,73778,82579469.0,2.14,-1.71,-0.4,1.86,0.5
2014-12-02,600822,22.87,22.95,23.25,22.81,72153,81069290.0,1.92,0.0,0.0,1.82,0.4400000000000013
2014-12-03,600822,22.99,22.95,23.05,22.29,115335,127198629.0,3.31,0.0,0.0,2.91,0.7600000000000016
2014-12-04,600822,22.83,22.99,23.15,22.63,107854,120487987.0,2.27,0.17,0.04,2.72,0.5199999999999996
2014-12-05,600822,22.87,22.33,22.91,21.59,106649,115913587.0,5.74,-2.87,-0.66,2.69,1.3200000000000003
2014-12-08,600822,22.67,23.29,23.84,22.67,177764,202448053.0,5.24,4.3,0.96,4.49,1.1699999999999982
2014-12-09,600822,23.23,22.01,23.23,21.95,131930,144824869.0,5.5,-5.5,-1.28,3.33,1.2800000000000011
2014-12-10,600822,21.97,22.47,22.53,21.77,70989,76970908.0,3.45,2.09,0.46,1.79,0.7600000000000016
2014-12-11,600822,22.47,22.45,22.63,22.15,64333,70141029.0,2.14,-0.09,-0.02,1.62,0.4800000000000004
2014-12-12,600822,21.15,20.27,21.15,20.27,444770,441125808.0,3.92,-9.71,-2.18,11.23,0.879999999999999
2014-12-15,600822,19.39,19.77,19.87,18.61,279609,261034936.0,6.22,-2.47,-0.5,7.06,1.2600000000000016
2014-12-16,600822,19.49,19.33,19.55,19.15,166862,156555286.0,2.02,-2.23,-0.44,4.21,0.40000000000000213
2014-12-17,600822,19.31,18.91,19.35,18.77,134502,123914820.0,3.0,-2.17,-0.42,3.4,0.5800000000000018
2014-12-18,600822,18.91,19.05,19.27,18.91,103633,96085705.0,1.9,0.74,0.14,2.62,0.35999999999999943
2014-12-19,600822,18.85,18.43,18.99,18.37,136621,123389251.0,3.25,-3.25,-0.62,3.45,0.6199999999999974
2014-12-22,600822,18.15,16.66,18.15,16.66,180727,147563430.0,8.08,-9.6,-1.77,4.56,1.4899999999999984
2014-12-23,600822,16.36,16.36,16.62,15.68,110444,86039403.0,5.64,-1.8,-0.3,2.79,0.9400000000000013
2014-12-24,600822,16.44,16.96,17.08,16.32,107651,87230614.0,4.65,3.67,0.6,2.72,0.759999999999998
2014-12-25,600822,16.94,17.12,17.16,16.76,87311,71736317.0,2.36,0.94,0.16,2.2,0.3999999999999986
2014-12-26,600822,17.0,17.14,17.28,16.86,84089,69462545.0,2.45,0.12,0.02,2.12,0.4200000000000017
2014-12-29,600822,17.26,16.64,17.28,16.58,78386,64092838.0,4.08,-2.92,-0.5,1.98,0.7000000000000028
2014-12-30,600822,16.66,16.24,16.66,16.16,51034,40368385.0,3.0,-2.4,-0.4,1.29,0.5
2014-12-31,600822,16.18,16.72,16.84,16.06,68162,54436324.0,4.8,2.96,0.48,1.72,0.7800000000000011
2015-01-05,600822,16.68,16.96,17.0,16.48,71114,57899704.0,3.11,1.44,0.24,1.8,0.5199999999999996
2015-01-06,600822,16.92,17.3,17.36,16.62,92823,76812187.0,4.36,2.0,0.34,2.34,0.7399999999999984
2015-01-07,600822,17.22,17.12,17.26,17.02,63402,52467096.0,1.39,-1.04,-0.18,1.6,0.240000000000002
2015-01-08,600822,17.38,18.77,18.77,17.38,340570,306153680.0,8.12,9.64,1.65,8.6,1.3900000000000006
2015-01-09,600822,18.45,18.23,18.65,17.97,229324,203405289.0,3.62,-2.88,-0.54,5.79,0.6799999999999997
2015-01-12,600822,18.15,17.3,18.15,17.2,117925,100126534.0,5.21,-5.1,-0.93,2.98,0.9499999999999993
2015-01-13,600822,17.38,17.44,17.7,17.2,87572,73857850.0,2.89,0.81,0.14,2.21,0.5
2015-01-14,600822,17.42,17.16,17.56,16.98,61780,51572183.0,3.33,-1.61,-0.28,1.56,0.5799999999999983
2015-01-15,600822,17.02,17.06,17.14,16.56,106415,86341901.0,3.38,-0.58,-0.1,2.69,0.5800000000000018
2015-01-16,600822,16.98,17.34,17.36,16.82,84134,69593137.0,3.17,1.64,0.28,2.12,0.5399999999999991
2015-01-19,600822,16.98,16.74,17.34,16.34,79378,64813989.0,5.77,-3.46,-0.6,2.0,1.0
2015-01-20,600822,16.86,17.34,17.36,16.8,83795,69541632.0,3.35,3.58,0.6,2.12,0.5599999999999987
2015-01-21,600822,17.42,18.45,18.85,17.3,240312,214141556.0,8.94,6.4,1.11,6.07,1.5500000000000007
2015-01-22,600822,18.39,19.03,19.05,18.17,202242,183773480.0,4.77,3.14,0.58,5.11,0.879999999999999
2015-01-23,600822,19.25,20.31,20.87,19.25,369545,363518256.0,8.51,6.73,1.28,9.33,1.620000000000001
2015-01-26,600822,20.25,21.47,21.53,19.73,247211,247656842.0,8.86,5.71,1.16,6.24,1.8000000000000007
2015-01-27,600822,21.05,21.15,22.17,20.77,220795,229320083.0,6.52,-1.49,-0.32,5.57,1.4000000000000021
2015-01-28,600822,21.15,20.45,21.43,20.25,150635,151595270.0,5.58,-3.31,-0.7,3.8,1.1799999999999997
2015-01-29,600822,20.35,19.97,20.35,19.75,92642,89969028.0,2.93,-2.35,-0.48,2.34,0.6000000000000014
2015-01-30,600822,19.99,19.97,20.33,19.71,84694,82735871.0,3.1,0.0,0.0,2.14,0.6199999999999974
2015-02-02,600822,19.55,19.59,19.85,19.05,61603,58377495.0,4.01,-1.9,-0.38,1.56,0.8000000000000007
2015-02-03,600822,19.75,20.91,21.03,19.75,149378,150090972.0,6.53,6.74,1.32,3.77,1.2800000000000011
2015-02-04,600822,20.61,20.73,21.55,20.55,145918,149318472.0,4.78,-0.86,-0.18,3.68,1.0
2015-02-05,600822,20.75,19.83,20.87,19.77,101671,100381630.0,5.31,-4.34,-0.9,2.57,1.1000000000000014
2015-02-06,600822,19.77,19.29,20.01,19.15,61792,58691648.0,4.34,-2.72,-0.54,1.56,0.860000000000003
2015-02-09,600822,19.19,19.03,19.71,18.95,46410,43565449.0,3.94,-1.35,-0.26,1.17,0.7600000000000016
2015-02-10,600822,18.93,19.11,19.39,17.5,125578,112874443.0,9.93,0.42,0.08,3.17,1.8900000000000006
2015-02-11,600822,18.89,18.75,19.03,18.41,103313,93681155.0,3.24,-1.88,-0.36,2.61,0.620000000000001
2015-02-12,600822,18.65,18.63,18.71,18.19,65404,58624560.0,2.77,-0.64,-0.12,1.65,0.5199999999999996
2015-02-13,600822,18.65,20.43,20.43,18.65,187058,181891585.0,9.55,9.66,1.8,4.72,1.7800000000000011
2015-02-16,600822,20.37,20.47,20.53,19.91,153080,150649598.0,3.03,0.2,0.04,3.86,0.620000000000001
2015-02-17,600822,20.51,20.55,20.73,20.15,111462,110969675.0,2.83,0.39,0.08,2.81,0.5800000000000018
2015-02-25,600822,20.57,20.93,21.51,20.17,123463,126049050.0,6.52,1.85,0.38,3.12,1.3399999999999999
2015-02-26,600822,20.75,20.81,20.93,20.35,78033,78305755.0,2.77,-0.57,-0.12,1.97,0.5799999999999983
2015-02-27,600822,20.71,20.59,20.73,20.33,89122,89006797.0,1.92,-1.06,-0.22,2.25,0.40000000000000213
2015-03-02,600822,20.59,21.39,21.43,20.35,176726,180075071.0,5.25,3.89,0.8,4.46,1.0799999999999983
2015-03-03,600822,21.05,22.39,23.37,20.99,288827,310845888.0,11.13,4.68,1.0,7.29,2.3800000000000026
2015-03-04,600822,21.95,22.31,22.85,21.75,175463,190625628.0,4.91,-0.36,-0.08,4.43,1.1000000000000014
2015-03-05,600822,22.41,23.8,24.22,22.41,267347,309381984.0,8.11,6.68,1.49,6.75,1.8099999999999987
2015-03-06,600822,23.55,24.02,24.74,23.17,195980,229747554.0,6.6,0.92,0.22,4.95,1.5699999999999967
2015-03-09,600822,23.74,23.68,23.94,22.95,99077,113677830.0,4.12,-1.42,-0.34,2.5,0.990000000000002
2015-03-10,600822,23.31,24.64,24.9,23.15,162625,192598460.0,7.39,4.05,0.96,4.11,1.75
2015-03-11,600822,24.64,23.74,24.8,23.51,114274,134683598.0,5.24,-3.65,-0.9,2.88,1.2899999999999991
2015-03-12,600822,23.86,24.06,25.24,23.65,121570,145250055.0,6.7,1.35,0.32,3.07,1.5899999999999999
2015-03-13,600822,23.98,23.82,23.98,22.77,134612,154024611.0,5.03,-1.0,-0.24,3.4,1.2100000000000009
2015-03-16,600822,23.65,24.28,24.56,23.27,147353,173662763.0,5.42,1.93,0.46,3.72,1.2899999999999991
2015-03-17,600822,24.28,25.14,25.4,23.84,192739,232174920.0,6.43,3.54,0.86,4.87,1.5599999999999987
2015-03-18,600822,24.74,24.82,25.04,24.28,156313,188361058.0,3.02,-1.27,-0.32,3.95,0.759999999999998
2015-03-19,600822,24.56,25.58,26.32,24.24,208531,255992262.0,8.38,3.06,0.76,5.26,2.080000000000002
2015-03-20,600822,25.28,25.38,25.86,25.16,142877,177894937.0,2.74,-0.78,-0.2,3.61,0.6999999999999993
2015-03-23,600822,25.28,25.38,25.48,24.94,103583,127601209.0,2.13,0.0,0.0,2.61,0.5399999999999991
2015-03-24,600822,25.26,24.44,25.26,23.74,155425,186868537.0,5.99,-3.7,-0.94,3.92,1.5200000000000031
2015-03-25,600822,24.54,24.84,25.48,24.54,125714,153802361.0,3.85,1.64,0.4,3.17,0.9400000000000013
2015-03-26,600822,24.7,24.64,25.06,24.1,92790,111283566.0,3.86,-0.81,-0.2,2.34,0.9599999999999973
2015-03-27,600822,24.76,24.98,25.1,24.34,96320,116576854.0,3.08,1.38,0.34,2.43,0.7600000000000016
2015-03-30,600822,23.45,23.76,24.62,23.31,290021,337123424.0,5.24,-4.88,-1.22,7.32,1.3100000000000023
2015-03-31,600822,23.74,23.84,24.14,23.37,147958,171814115.0,3.24,0.34,0.08,3.73,0.7699999999999996
2015-04-01,600822,23.61,23.96,24.1,23.55,132974,155403194.0,2.31,0.5,0.12,3.36,0.5500000000000007
2015-04-02,600822,24.14,25.44,25.54,23.76,305262,368610464.0,7.43,6.18,1.48,7.71,1.7799999999999976
2015-04-03,600822,25.26,26.64,26.72,24.94,315349,403536320.0,7.0,4.72,1.2,7.96,1.7799999999999976
2015-04-07,600822,26.78,26.84,27.44,26.14,201112,262226118.0,4.88,0.75,0.2,5.08,1.3000000000000007
2015-04-08,600822,26.74,26.18,26.74,25.34,170166,217726448.0,5.22,-2.46,-0.66,4.3,1.3999999999999986
2015-04-09,600822,25.94,25.48,25.94,24.54,145073,179858173.0,5.35,-2.67,-0.7,3.66,1.4000000000000021
2015-04-10,600822,25.26,26.24,26.34,25.14,148953,189831924.0,4.71,2.98,0.76,3.76,1.1999999999999993
2015-04-13,600822,26.5,27.08,27.34,25.96,185938,243309992.0,5.26,3.2,0.84,4.69,1.379999999999999
2015-04-14,600822,26.92,27.34,28.0,26.58,180953,243195502.0,5.24,0.96,0.26,4.57,1.4200000000000017
2015-04-15,600822,27.14,25.74,27.14,25.02,168273,214552373.0,7.75,-5.85,-1.6,4.25,2.120000000000001
2015-04-16,600822,25.24,25.98,26.28,24.84,111603,140153693.0,5.59,0.93,0.24,2.82,1.4400000000000013
2015-04-17,600822,26.14,26.4,27.14,25.94,173551,225433795.0,4.62,1.62,0.42,4.38,1.1999999999999993
2015-04-20,600822,26.22,25.14,26.22,25.0,165472,207465683.0,4.62,-4.77,-1.26,4.18,1.2199999999999989
2015-04-21,600822,24.72,25.56,25.64,24.72,104284,128830409.0,3.66,1.67,0.42,2.63,0.9200000000000017
2015-04-22,600822,25.64,26.48,26.92,25.62,161016,207878381.0,5.09,3.6,0.92,4.06,1.3000000000000007
2015-04-23,600822,26.54,29.08,29.08,26.54,177627,245696801.0,9.59,9.82,2.6,4.48,2.539999999999999
2015-04-24,600822,30.33,31.23,31.93,29.53,392976,597398000.0,8.25,7.39,2.15,9.92,2.3999999999999986
2015-04-27,600822,30.73,30.53,33.09,30.45,295258,452629168.0,8.45,-2.24,-0.7,7.45,2.640000000000004
2015-04-28,600822,30.89,29.3,31.53,28.54,199846,292419200.0,9.79,-4.03,-1.23,5.04,2.990000000000002
2015-04-29,600822,28.92,29.95,30.09,28.3,119285,172849159.0,6.11,2.22,0.65,3.01,1.7899999999999991
2015-04-30,600822,30.03,29.06,30.09,29.02,104683,150978574.0,3.57,-2.97,-0.89,2.64,1.0700000000000003
2015-05-04,600822,28.74,28.72,28.74,27.68,129636,179643298.0,3.65,-1.17,-0.34,3.27,1.0599999999999987
2015-05-05,600822,28.7,27.04,28.7,26.88,118362,160935569.0,6.34,-5.85,-1.68,2.99,1.8200000000000003
2015-05-06,600822,27.02,26.4,27.68,26.18,86631,114760171.0,5.55,-2.37,-0.64,2.19,1.5
2015-05-07,600822,26.4,26.76,27.04,25.74,88840,115156488.0,4.92,1.36,0.36,2.24,1.3000000000000007
2015-05-08,600822,26.98,27.54,27.68,26.78,101441,135026863.0,3.36,2.91,0.78,2.56,0.8999999999999986
2015-05-11,600822,27.72,28.58,28.64,27.58,129578,178661852.0,3.85,3.78,1.04,3.27,1.0600000000000023
2015-05-12,600822,28.56,30.53,30.57,27.96,241069,346506000.0,9.13,6.82,1.95,6.09,2.6099999999999994
2015-05-13,600822,30.29,30.31,30.81,29.26,207792,306144656.0,5.08,-0.72,-0.22,5.25,1.5499999999999972
2015-05-14,600822,30.01,30.53,31.23,29.75,236609,356682016.0,4.88,0.73,0.22,5.97,1.4800000000000004
2015-05-15,600822,29.97,28.96,30.73,28.7,193063,276710240.0,6.65,-5.14,-1.57,4.87,2.030000000000001
2015-05-18,600822,28.14,28.04,28.94,27.94,108409,150671028.0,3.45,-3.18,-0.92,2.74,1.0
2015-05-19,600822,28.22,29.38,29.83,28.22,120714,172654748.0,5.74,4.78,1.34,3.05,1.6099999999999994
2015-05-20,600822,29.43,29.04,30.49,28.86,167259,243701988.0,5.55,-1.16,-0.34,4.22,1.629999999999999
2015-05-21,600822,29.04,30.39,30.43,28.74,209178,304210944.0,5.82,4.65,1.35,5.28,1.6900000000000013
2015-05-22,600822,30.53,32.37,33.09,29.93,323367,499020176.0,10.4,6.52,1.98,8.16,3.1600000000000037
2015-05-25,600822,31.53,32.49,33.07,31.25,253247,402399664.0,5.62,0.37,0.12,6.39,1.8200000000000003
2015-05-26,600822,32.51,33.81,35.26,31.73,275519,450482544.0,10.86,4.06,1.32,6.95,3.5299999999999976
2015-05-27,600822,33.53,33.45,34.11,32.57,193146,315904432.0,4.55,-1.06,-0.36,4.88,1.5399999999999991
2015-05-28,600822,33.63,31.87,36.1,31.53,298540,505523376.0,13.66,-4.72,-1.58,7.54,4.57
2015-05-29,600822,31.85,32.53,33.45,30.73,213746,342075040.0,8.53,2.07,0.66,5.4,2.7200000000000024
2015-06-01,600822,32.19,35.72,35.72,32.19,283163,483628624.0,10.85,9.81,3.19,7.15,3.530000000000001
2015-06-02,600822,35.52,39.18,39.24,32.21,340084,609289792.0,19.68,9.69,3.46,8.58,7.030000000000001
2015-06-03,600822,38.68,37.32,38.68,36.52,270430,500194928.0,5.51,-4.75,-1.86,6.83,2.1599999999999966
2015-06-04,600822,37.32,36.28,37.7,33.77,191407,336882928.0,10.53,-2.79,-1.04,4.83,3.9299999999999997
2015-06-05,600822,36.46,37.0,37.52,35.34,204360,369765440.0,6.01,1.98,0.72,5.16,2.1799999999999997
2015-06-08,600822,36.86,38.3,38.48,35.74,226950,417585408.0,7.41,3.51,1.3,5.73,2.739999999999995
2015-06-09,600822,37.92,38.32,39.52,37.18,197862,375633776.0,6.11,0.05,0.02,4.99,2.3400000000000034
2015-06-10,600822,37.52,38.84,39.8,37.14,188198,359239968.0,6.94,1.36,0.52,4.75,2.6599999999999966
2015-06-11,600822,38.72,40.64,41.71,38.72,220650,438906448.0,7.7,4.63,1.8,5.57,2.990000000000002
2015-06-12,600822,41.01,40.24,42.09,39.72,193640,388816368.0,5.83,-0.98,-0.4,4.89,2.3700000000000045
2015-06-15,600822,39.68,40.34,42.45,39.68,191964,390457088.0,6.88,0.25,0.1,4.85,2.770000000000003
2015-06-16,600822,39.52,36.76,39.52,36.36,198846,368303776.0,7.83,-8.87,-3.58,5.02,3.1600000000000037
2015-06-17,600822,36.62,36.24,36.7,33.71,166453,287691472.0,8.13,-1.41,-0.52,4.2,2.990000000000002
2015-06-18,600822,35.92,35.16,37.98,35.12,117284,211402303.0,7.89,-2.98,-1.08,2.96,2.8599999999999994
2015-06-19,600822,34.13,32.09,35.16,31.71,112889,184928863.0,9.81,-8.73,-3.07,2.85,3.4499999999999957
2015-06-23,600822,32.13,32.75,33.03,29.1,93813,145792510.0,12.25,2.06,0.66,2.37,3.9299999999999997
2015-06-24,600822,33.11,33.71,33.89,32.29,107533,175865826.0,4.89,2.93,0.96,2.71,1.6000000000000014
2015-06-25,600822,33.93,32.55,34.29,32.19,119836,197787537.0,6.23,-3.44,-1.16,3.03,2.1000000000000014
2015-06-26,600822,31.55,29.36,32.31,29.36,137292,206179574.0,9.06,-9.8,-3.19,3.47,2.950000000000003
2015-06-29,600822,30.33,26.48,30.33,26.48,120582,164879658.0,13.11,-9.81,-2.88,3.04,3.849999999999998
2015-06-30,600822,26.74,28.5,28.52,23.94,140753,182639202.0,17.3,7.63,2.02,3.55,4.579999999999998
2015-07-01,600822,28.12,26.34,29.24,25.94,109882,150324296.0,11.58,-7.58,-2.16,2.77,3.299999999999997
2015-07-02,600822,26.14,23.76,26.92,23.76,109978,134570412.0,12.0,-9.79,-2.58,2.78,3.16
2015-07-03,600822,22.57,21.45,23.55,21.45,162048,172087249.0,8.84,-9.72,-2.31,4.09,2.1000000000000014
2015-07-06,600822,23.35,19.37,23.35,19.37,168071,169994685.0,18.55,-9.7,-2.08,4.24,3.9800000000000004
2015-07-07,600822,18.15,17.5,18.15,17.5,58280,49630870.0,3.36,-9.65,-1.87,1.47,0.6499999999999986
2015-07-08,600822,15.8,15.8,15.8,15.8,9210,7018020.0,0.0,-9.71,-1.7,0.23,0.0
2015-07-09,600822,14.28,17.32,17.32,14.28,204412,157563191.0,19.24,9.62,1.52,5.16,3.040000000000001
2015-07-10,600822,18.21,18.99,18.99,17.56,109362,99398328.0,8.26,9.64,1.67,2.76,1.4299999999999997
2015-07-13,600822,20.15,20.83,20.83,19.55,164496,162769861.0,6.74,9.69,1.84,4.15,1.2799999999999976
2015-07-14,600822,21.21,21.03,22.53,20.55,266636,278216384.0,9.51,0.96,0.2,6.73,1.9800000000000004
2015-07-15,600822,20.27,18.99,20.55,18.99,136941,130096117.0,7.42,-9.7,-2.04,3.46,1.5600000000000023
2015-07-16,600822,17.52,18.85,19.99,17.16,148350,134259477.0,14.9,-0.74,-0.14,3.74,2.8299999999999983
2015-07-17,600822,19.05,20.07,20.41,18.75,141816,135510491.0,8.81,6.47,1.22,3.58,1.6600000000000001
2015-07-20,600822,20.11,21.13,21.71,19.55,219051,219948554.0,10.76,5.28,1.06,5.53,2.16
2015-07-21,600822,20.81,23.17,23.19,20.15,319530,347913664.0,14.39,9.65,2.04,8.07,3.0400000000000027
2015-07-22,600822,23.25,25.42,25.42,23.25,361137,430070016.0,9.37,9.71,2.25,9.12,2.1700000000000017
2015-07-23,600822,26.94,27.9,27.9,25.74,363687,485414400.0,8.5,9.76,2.48,9.18,2.16
2015-07-24,600822,28.0,26.64,28.3,26.3,323159,431404656.0,7.17,-4.52,-1.26,8.16,2.0
2015-07-27,600822,25.74,24.04,27.54,24.04,237043,298984544.0,13.14,-9.76,-2.6,5.98,3.5
2015-07-28,600822,21.79,22.29,24.5,21.71,218381,238354049.0,11.61,-7.28,-1.75,5.51,2.789999999999999
2015-07-29,600822,22.65,24.26,24.3,21.71,194381,217255099.0,11.62,8.84,1.97,4.91,2.59
2015-07-30,600822,23.92,23.47,24.82,22.15,183339,214918090.0,11.01,-3.26,-0.79,4.63,2.6700000000000017
2015-07-31,600822,22.55,21.99,23.27,21.65,145991,159079183.0,6.9,-6.31,-1.48,3.69,1.620000000000001
2015-08-03,600822,21.55,19.85,21.55,19.85,137379,136215770.0,7.73,-9.73,-2.14,3.47,1.6999999999999993
2015-08-04,600822,19.85,21.71,21.73,19.85,135180,137479639.0,9.47,9.37,1.86,3.41,1.879999999999999
2015-08-05,600822,21.71,21.57,22.55,21.33,148045,157937026.0,5.62,-0.64,-0.14,3.74,1.2200000000000024
2015-08-06,600822,20.93,21.35,21.93,20.55,85775,89405577.0,6.4,-1.02,-0.22,2.17,1.379999999999999
2015-08-07,600822,21.93,22.89,23.09,21.67,166447,182133812.0,6.65,7.21,1.54,4.2,1.4199999999999982
2015-08-11,600822,23.19,25.12,25.12,23.19,214730,259512538.0,8.43,9.74,2.23,5.42,1.9299999999999997
2015-08-12,600822,25.94,26.54,27.44,25.54,426560,551800832.0,7.56,5.65,1.42,10.77,1.9000000000000021
2015-08-13,600822,25.74,29.14,29.14,25.66,455438,624293280.0,13.11,9.8,2.6,11.5,3.4800000000000004
2015-08-14,600822,30.23,29.2,31.91,28.52,528450,780714560.0,11.63,0.21,0.06,13.34,3.3900000000000006
2015-08-17,600822,28.16,30.53,30.91,27.9,409390,591174784.0,10.31,4.55,1.33,10.33,3.0100000000000016
2015-08-18,600822,29.73,27.54,30.27,27.54,319460,448195344.0,8.94,-9.79,-2.99,8.06,2.7300000000000004
2015-08-19,600822,25.78,28.52,29.12,24.84,284436,373477520.0,15.54,3.56,0.98,7.18,4.280000000000001
2015-08-20,600822,27.68,27.28,29.08,27.16,236413,326028480.0,6.73,-4.35,-1.24,5.97,1.9199999999999982
2015-08-21,600822,25.9,24.68,26.6,24.64,174439,219815364.0,7.18,-9.53,-2.6,4.4,1.9600000000000009
2015-08-24,600822,23.15,22.27,23.86,22.27,78388,85786275.0,6.44,-9.76,-2.41,1.98,1.5899999999999999
2015-08-25,600822,20.09,20.09,20.75,20.09,94568,92828387.0,2.96,-9.79,-2.18,2.39,0.6600000000000001
2015-08-26,600822,19.65,18.55,21.17,18.15,179349,173154595.0,15.03,-7.67,-1.54,4.53,3.020000000000003
2015-08-27,600822,19.25,19.77,19.93,17.56,138028,127899250.0,12.78,6.58,1.22,3.48,2.370000000000001
2015-08-28,600822,20.23,21.69,21.69,19.91,184503,187399033.0,9.0,9.71,1.92,4.66,1.7800000000000011
2015-08-31,600822,21.15,20.99,22.55,20.67,178237,187093302.0,8.67,-3.23,-0.7,4.5,1.879999999999999
2015-09-01,600822,19.55,18.95,20.55,18.95,124069,116834445.0,7.62,-9.72,-2.04,3.13,1.6000000000000014
2015-09-02,600822,17.72,17.62,19.85,17.12,124880,111470365.0,14.41,-7.02,-1.33,3.15,2.7300000000000004
2015-09-07,600822,18.15,18.11,18.95,17.58,92111,81903876.0,7.78,2.78,0.49,2.33,1.370000000000001
2015-09-08,600822,17.66,19.87,19.87,17.64,121931,111938792.0,12.31,9.72,1.76,3.08,2.2300000000000004
2015-09-09,600822,20.55,21.27,21.55,20.27,223364,228208466.0,6.44,7.05,1.4,5.64,1.2800000000000011
2015-09-10,600822,20.55,20.45,21.15,20.35,131773,133260807.0,3.76,-3.86,-0.82,3.33,0.7999999999999972
2015-09-11,600822,20.35,22.45,22.45,20.33,207097,216433654.0,10.37,9.78,2.0,5.23,2.120000000000001
2015-09-14,600822,23.25,20.27,23.31,20.27,291373,313784496.0,13.54,-9.71,-2.18,7.36,3.039999999999999
2015-09-15,600822,18.89,19.51,20.95,18.77,172088,166833506.0,10.75,-3.75,-0.76,4.34,2.1799999999999997
2015-09-16,600822,19.51,21.39,21.41,19.51,179337,180034821.0,9.74,9.64,1.88,4.53,1.8999999999999986
2015-09-17,600822,21.55,21.27,23.35,21.05,267740,288385088.0,10.75,-0.56,-0.12,6.76,2.3000000000000007
2015-09-18,600822,21.67,22.55,22.75,21.15,201287,216798895.0,7.52,6.02,1.28,5.08,1.6000000000000014
2015-09-21,600822,22.15,23.23,23.45,21.95,187817,209065432.0,6.65,3.02,0.68,4.74,1.5
2015-09-22,600822,22.91,23.74,24.48,22.35,226983,258307378.0,9.17,2.2,0.51,5.73,2.129999999999999
2015-09-23,600822,23.15,24.46,25.2,22.95,264721,309696976.0,9.48,3.03,0.72,6.68,2.25
2015-09-24,600822,24.34,24.56,25.1,23.98,166872,199225414.0,4.58,0.41,0.1,4.21,1.120000000000001
2015-09-25,600822,24.2,22.95,24.84,22.45,154633,178026352.0,9.73,-6.56,-1.61,3.9,2.3900000000000006
2015-09-28,600822,22.91,22.97,23.23,21.97,97166,106779000.0,5.49,0.09,0.02,2.45,1.2600000000000016
2015-09-29,600822,22.35,22.47,23.37,22.15,85750,95099262.0,5.31,-2.18,-0.5,2.16,1.2200000000000024
2015-09-30,600822,22.47,22.19,23.05,21.95,54148,58987217.0,4.9,-1.25,-0.28,1.37,1.1000000000000014
2015-10-08,600822,22.95,23.72,23.84,22.63,116490,132621565.0,5.45,6.89,1.53,2.94,1.2100000000000009
2015-10-09,600822,23.51,23.76,24.82,23.47,120828,141680084.0,5.69,0.17,0.04,3.05,1.3500000000000014
2015-10-12,600822,23.96,25.18,25.54,23.96,201832,244018858.0,6.65,5.98,1.42,5.09,1.5799999999999983
2015-10-13,600822,24.94,25.26,25.74,24.66,156841,193219902.0,4.29,0.32,0.08,3.96,1.0799999999999983
2015-10-14,600822,24.92,24.02,25.1,23.84,127209,152301416.0,4.99,-4.91,-1.24,3.21,1.2600000000000016
2015-10-15,600822,23.96,24.78,24.82,23.94,124576,149696605.0,3.66,3.16,0.76,3.14,0.879999999999999
2015-10-16,600822,25.02,27.2,27.2,24.68,262804,333371136.0,10.17,9.77,2.42,6.63,2.5199999999999996
2015-10-19,600822,28.68,29.85,29.85,27.94,201849,289980336.0,7.02,9.74,2.65,5.1,1.9100000000000001
2015-10-20,600822,31.93,31.67,32.79,30.63,617177,966564544.0,7.24,6.1,1.82,15.58,2.16
2015-12-25,600822,29.32,29.43,30.81,28.56,561681,812450384.0,7.1,-7.07,-2.24,14.18,2.25
2015-12-28,600822,29.04,32.33,32.33,28.76,343546,522575472.0,12.13,9.85,2.9,8.67,3.5699999999999967
2015-12-29,600822,32.41,33.73,35.24,31.33,432407,708259312.0,12.09,4.33,1.4,10.92,3.9100000000000037
2015-12-30,600822,33.03,32.45,33.51,32.13,263073,422923840.0,4.09,-3.79,-1.28,6.64,1.3799999999999955
2015-12-31,600822,32.13,30.55,32.73,30.49,224009,345360384.0,6.9,-5.86,-1.9,5.65,2.2399999999999984
2016-01-04,600822,30.71,28.98,32.07,28.56,143753,219000447.0,11.49,-5.14,-1.57,3.63,3.5100000000000016
2016-01-05,600822,28.0,31.81,31.81,28.0,296194,445775024.0,13.15,9.77,2.83,7.48,3.8099999999999987
2016-01-06,600822,31.47,32.47,33.43,30.33,292895,458109888.0,9.75,2.07,0.66,7.39,3.1000000000000014
2016-01-07,600822,31.49,29.28,31.49,29.28,57843,85476341.0,6.81,-9.82,-3.19,1.46,2.2099999999999973
2016-01-08,600822,30.13,29.16,30.53,26.4,177044,253437852.0,14.11,-0.41,-0.12,4.47,4.130000000000003
2016-01-11,600822,28.74,30.33,32.01,28.34,391845,596699088.0,12.59,4.01,1.17,9.89,3.669999999999998
2016-01-12,600822,29.53,27.36,29.73,27.36,244586,332394176.0,7.81,-9.79,-2.97,6.17,2.370000000000001
2016-01-13,600822,26.34,24.68,27.22,24.68,192866,241398489.0,9.28,-9.8,-2.68,4.87,2.539999999999999
2016-01-14,600822,22.31,24.8,25.26,22.27,208721,235266891.0,12.12,0.49,0.12,5.27,2.990000000000002
2016-01-15,600822,23.7,22.39,24.04,22.39,131760,149184258.0,6.65,-9.72,-2.41,3.33,1.6499999999999986
2016-01-18,600822,21.53,22.53,23.25,20.97,97664,107451916.0,10.18,0.63,0.14,2.47,2.280000000000001
2016-01-19,600822,22.77,24.72,24.72,22.59,155568,184991304.0,9.45,9.72,2.19,3.93,2.129999999999999
2016-01-20,600822,24.72,26.14,26.9,24.3,219820,273011168.0,10.52,5.74,1.42,5.55,2.599999999999998
2016-01-21,600822,25.34,24.08,26.04,23.9,139567,172532114.0,8.19,-7.88,-2.06,3.52,2.1400000000000006
2016-01-22,600822,24.74,25.06,25.16,23.45,97149,117368257.0,7.1,4.07,0.98,2.45,1.7100000000000009
2016-01-25,600822,25.48,26.0,26.5,25.2,109092,138234203.0,5.19,3.75,0.94,2.75,1.3000000000000007
2016-01-26,600822,25.54,23.49,25.9,23.47,127503,154362233.0,9.35,-9.65,-2.51,3.22,2.4299999999999997
2016-01-27,600822,23.19,23.27,23.74,21.35,119797,130427466.0,10.17,-0.94,-0.22,3.02,2.389999999999997
2016-01-28,600822,22.55,24.34,25.52,22.15,196613,233670890.0,14.48,4.6,1.07,4.96,3.370000000000001
2016-01-29,600822,24.04,25.12,25.98,23.31,161723,195038198.0,10.97,3.2,0.78,4.08,2.6700000000000017
2016-02-01,600822,24.34,24.46,25.68,23.55,113790,137585258.0,8.48,-2.63,-0.66,2.87,2.129999999999999
2016-02-02,600822,24.3,25.72,25.94,24.14,95398,117785051.0,7.36,5.15,1.26,2.41,1.8000000000000007
2016-02-03,600822,25.0,26.32,26.76,24.5,105134,131271746.0,8.79,2.33,0.6,2.65,2.2600000000000016
2016-02-04,600822,26.62,27.0,28.24,26.06,151742,200712495.0,8.28,2.58,0.68,3.83,2.1799999999999997
2016-02-05,600822,26.98,26.28,27.48,26.18,86728,114030449.0,4.81,-2.67,-0.72,2.19,1.3000000000000007
2016-02-15,600822,24.64,25.52,25.94,24.62,62658,77585337.0,5.02,-2.89,-0.76,1.58,1.3200000000000003
2016-02-16,600822,25.62,27.34,27.44,25.62,99255,130326621.0,7.13,7.13,1.82,2.51,1.8200000000000003
2016-02-17,600822,27.42,27.8,28.44,27.12,100903,137290791.0,4.83,1.68,0.46,2.55,1.3200000000000003
2016-02-18,600822,27.9,28.34,29.34,27.54,161836,225944039.0,6.47,1.94,0.54,4.09,1.8000000000000007
2016-02-19,600822,28.08,28.14,28.64,27.46,95925,131572069.0,4.16,-0.71,-0.2,2.42,1.1799999999999997
2016-02-22,600822,28.64,28.38,28.94,28.14,85498,119494676.0,2.84,0.85,0.24,2.16,0.8000000000000007
2016-02-23,600822,28.4,27.96,28.74,27.64,76746,105867603.0,3.88,-1.48,-0.42,1.94,1.0999999999999979
2016-02-24,600822,28.04,29.65,30.05,28.02,191220,272193008.0,7.26,6.04,1.69,4.83,2.030000000000001
2016-02-25,600822,29.28,26.74,29.49,26.74,150085,206195126.0,9.27,-9.81,-2.91,3.79,2.75
2016-02-26,600822,26.9,26.28,27.48,25.14,98681,129179175.0,8.75,-1.72,-0.46,2.49,2.34
2016-02-29,600822,26.14,23.7,26.14,23.7,89802,105865504.0,9.28,-9.82,-2.58,2.27,2.4400000000000013
2016-03-01,600822,23.78,23.9,24.26,22.55,67644,78151565.0,7.22,0.84,0.2,1.71,1.7100000000000009
2016-03-02,600822,23.94,25.04,25.18,23.74,79685,95676915.0,6.03,4.77,1.14,2.01,1.4400000000000013
2016-03-03,600822,25.2,25.12,26.2,25.04,86533,107872074.0,4.63,0.32,0.08,2.18,1.1600000000000001
2016-03-04,600822,25.04,23.8,25.34,23.35,63125,75257466.0,7.92,-5.25,-1.32,1.59,1.9899999999999984
2016-03-07,600822,24.1,24.52,24.88,24.1,37354,44808314.0,3.28,3.03,0.72,0.94,0.7799999999999976
2016-03-08,600822,24.46,24.9,25.0,22.55,61909,72922009.0,9.99,1.55,0.38,1.56,2.4499999999999993
2016-03-09,600822,24.14,24.66,25.92,23.74,70874,86646430.0,8.76,-0.96,-0.24,1.79,2.1800000000000033
2016-03-10,600822,24.64,23.88,24.92,23.7,51508,61055309.0,4.95,-3.16,-0.78,1.3,1.2200000000000024
2016-03-11,600822,23.7,23.43,24.14,23.11,38000,43561920.0,4.31,-1.88,-0.45,0.96,1.0300000000000011
2016-03-14,600822,23.94,24.22,24.54,23.72,42088,49794916.0,3.5,3.37,0.79,1.06,0.8200000000000003
2016-03-15,600822,24.26,24.22,24.7,24.12,37375,44590431.0,2.39,0.0,0.0,0.94,0.5799999999999983
2016-03-16,600822,24.78,24.14,24.88,23.96,35369,42202540.0,3.8,-0.33,-0.08,0.89,0.9199999999999982
2016-03-17,600822,24.3,24.8,24.96,24.04,68885,82681917.0,3.81,2.73,0.66,1.74,0.9200000000000017
2016-03-18,600822,24.94,25.4,25.7,24.8,84669,104808833.0,3.63,2.42,0.6,2.14,0.8999999999999986
2016-03-21,600822,25.54,25.96,26.44,25.54,82770,105232730.0,3.54,2.2,0.56,2.09,0.9000000000000021
2016-03-22,600822,25.96,26.16,27.08,25.64,90195,116705052.0,5.55,0.77,0.2,2.28,1.4399999999999977
2016-03-23,600822,25.78,27.08,28.34,25.58,143549,188440418.0,10.55,3.52,0.92,3.62,2.7600000000000016
2016-03-24,600822,26.76,26.22,27.2,26.16,100783,131810185.0,3.84,-3.18,-0.86,2.54,1.0399999999999991
2016-03-25,600822,26.44,28.78,28.78,26.24,181940,247739735.0,9.69,9.76,2.56,4.59,2.5400000000000027
2016-08-16,600822,29.73,31.59,31.59,29.53,449397,681046976.0,7.16,9.76,2.81,11.34,2.0599999999999987
2016-08-17,600822,30.63,30.19,30.97,29.83,254244,379712944.0,3.61,-4.43,-1.4,6.42,1.1400000000000006
2016-08-18,600822,29.99,30.43,31.47,29.83,222786,335587792.0,5.43,0.79,0.24,5.62,1.6400000000000006
2016-08-19,600822,29.89,29.41,30.51,29.14,163998,239366502.0,4.5,-3.35,-1.02,4.14,1.370000000000001
2016-08-22,600822,29.53,29.22,29.79,28.94,78202,112668549.0,2.89,-0.65,-0.19,1.97,0.8499999999999979
2016-08-23,600822,29.1,28.58,29.28,28.24,114975,161546785.0,3.56,-2.19,-0.64,2.9,1.0400000000000027
2016-08-24,600822,28.74,28.2,28.78,28.04,76130,105762304.0,2.59,-1.33,-0.38,1.92,0.740000000000002
2016-08-25,600822,28.22,28.98,29.02,27.64,115987,162083513.0,4.89,2.77,0.78,2.93,1.379999999999999
2016-08-26,600822,28.9,28.66,29.1,28.54,91796,129689967.0,1.93,-1.1,-0.32,2.32,0.5600000000000023
2016-08-29,600822,28.52,28.56,28.64,28.14,49651,69098682.0,1.74,-0.35,-0.1,1.25,0.5
2016-08-30,600822,28.56,28.18,28.76,28.14,41974,58390469.0,2.17,-1.33,-0.38,1.06,0.620000000000001
2016-08-31,600822,28.1,28.84,28.9,28.1,73745,103441097.0,2.84,2.34,0.66,1.86,0.7999999999999972
2016-09-01,600822,28.74,28.42,29.04,28.36,60548,85083865.0,2.36,-1.46,-0.42,1.53,0.6799999999999997
2016-09-02,600822,28.34,27.54,28.48,27.44,66908,91556705.0,3.66,-3.1,-0.88,1.69,1.0399999999999991
2016-09-05,600822,27.66,27.46,27.86,27.38,48404,65543601.0,1.74,-0.29,-0.08,1.22,0.4800000000000004
2016-09-06,600822,27.4,28.0,28.12,27.12,53115,72222188.0,3.64,1.97,0.54,1.34,1.0
2016-09-07,600822,28.0,27.84,28.1,27.66,44658,61001043.0,1.57,-0.57,-0.16,1.13,0.4400000000000013
2016-09-08,600822,27.84,27.94,28.0,27.76,31358,42882121.0,0.86,0.36,0.1,0.79,0.23999999999999844
2016-09-09,600822,27.96,27.84,28.24,27.84,40389,55465995.0,1.43,-0.36,-0.1,1.02,0.3999999999999986
2016-09-12,600822,27.24,26.72,27.42,26.7,60660,80463879.0,2.59,-4.02,-1.12,1.53,0.7200000000000024
2016-09-13,600822,27.04,26.78,27.04,26.3,42152,54888771.0,2.77,0.22,0.06,1.06,0.7399999999999984
2016-09-14,600822,26.56,26.98,27.08,26.36,41615,54575797.0,2.69,0.75,0.2,1.05,0.7199999999999989
2016-09-19,600822,26.98,27.02,27.12,26.82,24693,32647085.0,1.11,0.15,0.04,0.62,0.3000000000000007
2016-09-20,600822,27.0,27.06,27.1,26.84,24462,32334608.0,0.96,0.15,0.04,0.62,0.26000000000000156
2016-09-21,600822,27.04,28.52,28.64,27.04,119064,163796498.0,5.91,5.4,1.46,3.01,1.6000000000000014
2016-09-22,600822,28.54,28.3,28.74,28.1,95002,132554292.0,2.24,-0.77,-0.22,2.4,0.639999999999997
2016-09-23,600822,28.32,29.28,29.43,28.14,132026,188320127.0,4.56,3.46,0.98,3.33,1.2899999999999991
2016-09-26,600822,29.32,28.96,30.09,28.86,116494,167706015.0,4.2,-1.09,-0.32,2.94,1.2300000000000004
2016-09-27,600822,28.84,29.16,29.77,28.54,82995,118594961.0,4.25,0.69,0.2,2.1,1.2300000000000004
2016-09-28,600822,29.14,29.51,29.69,28.86,73480,106021214.0,2.85,1.2,0.35,1.85,0.8300000000000018
2016-09-29,600822,29.38,29.41,29.75,29.2,67476,97887600.0,1.86,-0.34,-0.1,1.7,0.5500000000000007
2016-09-30,600822,29.43,29.73,29.83,29.0,70970,102530412.0,2.82,1.09,0.32,1.79,0.8299999999999983
2016-10-10,600822,29.93,29.91,30.29,29.32,87036,126961633.0,3.26,0.61,0.18,2.2,0.9699999999999989
2016-10-11,600822,29.91,30.71,31.09,29.55,128159,190811224.0,5.15,2.67,0.8,3.24,1.5399999999999991
2016-10-12,600822,30.53,30.05,30.59,29.91,74837,110921922.0,2.21,-2.15,-0.66,1.89,0.6799999999999997
2016-10-13,600822,30.01,29.75,30.19,29.65,53213,77984420.0,1.8,-1.0,-0.3,1.34,0.5400000000000027
2016-10-14,600822,29.73,29.32,29.73,28.6,78788,112727838.0,3.8,-1.45,-0.43,1.99,1.129999999999999
2016-10-17,600822,29.34,29.02,29.57,28.82,55419,79519905.0,2.56,-1.02,-0.3,1.4,0.75
2016-10-18,600822,28.94,29.34,29.39,28.9,41256,59059729.0,1.69,1.1,0.32,1.04,0.490000000000002
2016-10-19,600822,29.34,29.04,29.53,28.94,43568,62299303.0,2.01,-1.02,-0.3,1.1,0.5899999999999999
2016-10-20,600822,28.98,28.98,29.22,28.82,39824,56764943.0,1.38,-0.21,-0.06,1.01,0.3999999999999986
2016-10-21,600822,28.98,28.7,29.1,28.64,36979,52264826.0,1.59,-0.97,-0.28,0.93,0.46000000000000085
2016-10-24,600822,28.74,28.96,29.24,28.7,40034,56982259.0,1.88,0.91,0.26,1.01,0.5399999999999991
2016-10-25,600822,28.96,29.04,29.3,28.76,47224,67324198.0,1.86,0.28,0.08,1.19,0.5399999999999991
2016-10-26,600822,28.98,28.58,29.08,28.54,41782,59067864.0,1.86,-1.58,-0.46,1.05,0.5399999999999991
2016-10-27,600822,28.56,28.72,28.82,28.38,34022,47702747.0,1.54,0.49,0.14,0.86,0.4400000000000013
2016-10-28,600822,28.84,28.46,28.84,28.44,27688,38836525.0,1.39,-0.91,-0.26,0.7,0.3999999999999986
2016-10-31,600822,28.24,28.42,28.58,27.82,37137,51480069.0,2.67,-0.14,-0.04,0.94,0.759999999999998
2016-11-01,600822,28.44,28.82,28.86,28.42,41061,57868928.0,1.55,1.41,0.4,1.04,0.4399999999999977
2016-11-02,600822,28.74,29.28,29.89,28.66,92666,133372556.0,4.27,1.6,0.46,2.34,1.2300000000000004
2016-11-03,600822,29.04,29.02,29.34,28.74,56163,79988923.0,2.05,-0.89,-0.26,1.42,0.6000000000000014
2016-11-04,600822,28.96,29.65,30.11,28.96,117003,170462339.0,3.96,2.17,0.63,2.95,1.1499999999999986
2016-11-07,600822,29.69,29.77,30.21,29.41,75231,110052288.0,2.7,0.4,0.12,1.9,0.8000000000000007
2016-11-08,600822,29.77,30.37,30.47,29.61,108563,160506364.0,2.89,2.02,0.6,2.74,0.8599999999999994
2016-11-09,600822,30.21,30.45,30.69,29.67,134399,199860318.0,3.36,0.26,0.08,3.39,1.0199999999999996
2016-11-10,600822,30.45,31.33,32.03,30.45,193574,297845472.0,5.19,2.89,0.88,4.89,1.5800000000000018
2016-11-11,600822,33.87,31.69,33.93,31.43,223337,356513328.0,7.98,1.15,0.36,5.64,2.5
2016-11-14,600822,31.47,30.79,32.07,30.45,151578,230792266.0,5.11,-2.84,-0.9,3.83,1.620000000000001
2016-11-15,600822,30.59,31.51,31.85,30.59,108631,167206983.0,4.09,2.34,0.72,2.74,1.2600000000000016
2016-11-16,600822,31.29,34.61,34.61,31.19,205520,334790096.0,10.85,9.84,3.1,5.19,3.419999999999998
2016-11-17,600822,36.52,35.74,37.6,34.73,358745,634432336.0,8.29,3.26,1.13,9.06,2.8700000000000045
2016-11-18,600822,35.7,37.14,38.56,34.63,363934,658377520.0,11.0,3.92,1.4,9.19,3.9299999999999997
2016-11-21,600822,36.16,37.36,39.66,35.66,333921,621625424.0,10.77,0.59,0.22,8.43,4.0
2016-11-22,600822,36.82,36.68,38.82,36.36,238571,437121104.0,6.58,-1.82,-0.68,6.02,2.460000000000001
2016-11-23,600822,36.22,35.34,36.42,35.18,187634,328980640.0,3.38,-3.65,-1.34,4.74,1.240000000000002
2016-11-24,600822,35.4,36.3,37.46,35.3,229456,411763264.0,6.11,2.72,0.96,5.79,2.1600000000000037
2016-11-25,600822,35.52,34.91,35.94,33.09,169108,289336672.0,7.85,-3.83,-1.39,4.27,2.8499999999999943
2016-11-28,600822,34.73,33.99,35.32,33.89,111210,188444146.0,4.1,-2.64,-0.92,2.81,1.4299999999999997
2016-11-29,600822,33.99,33.25,34.67,33.15,89856,149876365.0,4.47,-2.18,-0.74,2.27,1.5200000000000031
2016-11-30,600822,33.25,33.89,34.89,33.25,106964,179831699.0,4.93,1.92,0.64,2.7,1.6400000000000006
2016-12-01,600822,33.85,33.93,34.43,33.53,75401,125818075.0,2.66,0.12,0.04,1.9,0.8999999999999986
2016-12-02,600822,33.93,32.69,34.25,32.57,73628,120511728.0,4.95,-3.65,-1.24,1.86,1.6799999999999997
2016-12-05,600822,32.19,32.85,33.21,32.05,52041,83803507.0,3.55,0.49,0.16,1.31,1.1600000000000037
2016-12-06,600822,32.91,32.97,33.49,32.83,49681,81038620.0,2.01,0.37,0.12,1.25,0.6600000000000037
2016-12-07,600822,32.89,33.23,33.25,32.63,45401,73728631.0,1.88,0.79,0.26,1.15,0.6199999999999974
2016-12-08,600822,33.27,34.91,35.3,32.93,163778,276178416.0,7.13,5.06,1.68,4.13,2.3699999999999974
2016-12-09,600822,34.53,35.2,36.28,34.35,183243,319058192.0,5.53,0.83,0.29,4.63,1.9299999999999997
2016-12-12,600822,34.89,33.39,36.22,32.97,161992,278738160.0,9.23,-5.14,-1.81,4.09,3.25
2016-12-13,600822,33.29,35.1,35.52,31.33,143946,238517962.0,12.55,5.12,1.71,3.63,4.190000000000005
2016-12-14,600822,34.87,38.56,38.56,34.69,269792,491362720.0,11.03,9.86,3.46,6.81,3.8700000000000045
2016-12-15,600822,38.7,41.05,42.29,38.3,419026,842031264.0,10.35,6.46,2.49,10.58,3.990000000000002
2016-12-16,600822,40.54,41.29,45.11,40.54,533346,1133553680.0,11.13,0.58,0.24,13.46,4.57
2016-12-19,600822,39.94,39.14,40.5,38.14,316468,612399040.0,5.72,-5.21,-2.15,7.99,2.3599999999999994
2016-12-20,600822,38.36,37.92,39.6,37.16,227263,426917472.0,6.23,-3.12,-1.22,5.74,2.440000000000005
2016-12-21,600822,38.16,37.92,38.46,36.62,187588,347212416.0,4.85,0.0,0.0,4.74,1.8400000000000034
2016-12-22,600822,37.72,39.4,40.16,37.56,279245,535430352.0,6.86,3.9,1.48,7.05,2.5999999999999943
2016-12-23,600822,38.88,36.34,38.88,36.16,207035,379003104.0,6.9,-7.77,-3.06,5.23,2.720000000000006
2016-12-26,600822,36.46,37.06,37.1,35.03,117208,210206897.0,5.7,1.98,0.72,2.96,2.0700000000000003
2016-12-27,600822,36.92,38.6,39.48,36.72,193845,366774768.0,7.45,4.16,1.54,4.89,2.759999999999998
2016-12-28,600822,38.14,37.8,38.86,37.52,128163,241791027.0,3.47,-2.07,-0.8,3.24,1.3399999999999963
2016-12-29,600822,37.58,37.44,38.24,37.32,90937,168893291.0,2.43,-0.95,-0.36,2.3,0.9200000000000017
2016-12-30,600822,37.52,37.92,40.02,37.42,142479,271658816.0,6.94,1.28,0.48,3.6,2.6000000000000014
2017-01-03,600822,37.92,40.64,41.47,37.82,218478,430469952.0,9.63,7.17,2.72,5.52,3.6499999999999986
2017-01-04,600822,40.52,40.81,41.11,39.52,215929,430515552.0,3.91,0.42,0.17,5.45,1.5899999999999963
2017-01-05,600822,40.2,42.09,42.13,39.54,271099,547823872.0,6.35,3.14,1.28,6.84,2.5900000000000034
2017-01-06,600822,41.41,42.95,44.27,40.89,323193,682965664.0,8.03,2.04,0.86,8.16,3.3800000000000026
2017-01-09,600822,42.11,42.51,43.27,40.91,228715,474856608.0,5.49,-1.02,-0.44,5.77,2.3600000000000065
2017-01-10,600822,41.83,40.48,42.03,40.42,158982,323377824.0,3.79,-4.78,-2.03,4.01,1.6099999999999994
2017-01-11,600822,40.18,39.82,41.17,39.52,121756,241695785.0,4.08,-1.63,-0.66,3.07,1.6499999999999986
2017-01-12,600822,39.68,39.54,40.42,38.88,96024,188382070.0,3.87,-0.7,-0.28,2.42,1.5399999999999991
2017-01-13,600822,39.42,36.64,39.68,36.32,125613,235860130.0,8.5,-7.33,-2.9,3.17,3.3599999999999994
2017-01-16,600822,36.48,35.8,37.54,33.13,142069,251524441.0,12.04,-2.29,-0.84,3.59,4.409999999999997
2017-01-17,600822,35.36,36.22,36.28,34.43,94479,165888741.0,5.17,1.17,0.42,2.38,1.8500000000000014
2017-01-18,600822,35.52,36.38,37.32,35.42,90629,163923563.0,5.25,0.44,0.16,2.29,1.8999999999999986
2017-01-19,600822,36.08,35.84,36.94,35.56,61556,109924381.0,3.79,-1.48,-0.54,1.55,1.3799999999999955
2017-01-20,600822,35.7,36.06,36.4,35.64,60889,108152024.0,2.12,0.61,0.22,1.54,0.759999999999998
2017-01-23,600822,36.3,36.6,37.0,35.98,57915,104139838.0,2.83,1.5,0.54,1.46,1.0200000000000031
2017-01-24,600822,36.74,36.8,36.88,36.24,54567,98555242.0,1.75,0.55,0.2,1.38,0.6400000000000006
2017-01-25,600822,36.72,36.46,36.8,36.32,39054,70275608.0,1.3,-0.92,-0.34,0.99,0.4799999999999969
2017-01-26,600822,36.58,36.52,36.9,36.42,34389,62004404.0,1.32,0.16,0.06,0.87,0.4799999999999969
2017-02-03,600822,36.68,34.45,36.68,34.35,86795,149882673.0,6.38,-5.67,-2.07,2.19,2.3299999999999983
2017-02-06,600822,34.61,35.14,35.34,34.55,54207,93415373.0,2.29,2.0,0.69,1.37,0.7900000000000063
2017-02-07,600822,35.32,36.12,36.5,34.43,115863,202349495.0,5.89,2.79,0.98,2.92,2.0700000000000003
2017-02-08,600822,35.7,35.8,36.1,35.22,72402,127070613.0,2.44,-0.89,-0.32,1.83,0.8800000000000026
2017-02-09,600822,35.66,36.04,36.28,35.64,60415,107044181.0,1.79,0.67,0.24,1.53,0.6400000000000006
2017-02-10,600822,36.04,35.68,36.46,35.58,65586,116164001.0,2.44,-1.0,-0.36,1.66,0.8800000000000026
2017-02-13,600822,35.68,37.04,37.08,35.12,121651,218341378.0,5.49,3.81,1.36,3.07,1.9600000000000009
2017-02-14,600822,36.98,37.1,37.64,36.36,120548,220088494.0,3.46,0.16,0.06,3.04,1.2800000000000011
2017-02-15,600822,37.48,39.52,40.72,37.4,260297,501470064.0,8.95,6.52,2.42,6.57,3.3200000000000003
2017-02-16,600822,38.78,39.32,39.84,38.28,177906,342383232.0,3.95,-0.51,-0.2,4.49,1.5600000000000023
2017-02-17,600822,39.02,37.62,39.04,37.34,123996,233084178.0,4.32,-4.32,-1.7,3.13,1.6999999999999957
2017-02-20,600822,38.74,39.3,39.92,37.84,162073,313517568.0,5.53,4.47,1.68,4.09,2.0799999999999983
2017-02-21,600822,39.72,41.05,41.83,39.14,248872,500527136.0,6.84,4.45,1.75,6.28,2.6899999999999977
2017-02-22,600822,40.52,39.56,40.66,39.02,184144,359014944.0,4.0,-3.63,-1.49,4.65,1.6399999999999935
2017-02-23,600822,39.28,38.86,39.3,38.42,106238,202828829.0,2.22,-1.77,-0.7,2.68,0.8799999999999955
2017-02-24,600822,38.64,38.94,39.16,38.36,72066,137845628.0,2.06,0.21,0.08,1.82,0.7999999999999972
2017-02-27,600822,38.62,38.24,38.84,37.98,70434,133040616.0,2.21,-1.8,-0.7,1.78,0.8600000000000065
2017-02-28,600822,38.12,38.42,38.54,37.8,57220,107735538.0,1.94,0.47,0.18,1.44,0.740000000000002
2017-03-01,600822,38.36,38.76,38.92,38.04,74310,141642200.0,2.29,0.88,0.34,1.88,0.8800000000000026
2017-03-02,600822,38.6,37.96,38.76,37.88,57732,108942114.0,2.27,-2.06,-0.8,1.46,0.8799999999999955
2017-03-03,600822,37.78,37.92,38.48,37.62,44012,82615191.0,2.27,-0.11,-0.04,1.11,0.8599999999999994
2017-03-06,600822,37.54,37.94,38.2,37.54,44046,82314993.0,1.74,0.05,0.02,1.11,0.6600000000000037
2017-03-07,600822,38.1,36.98,38.12,36.92,77454,142558020.0,3.16,-2.53,-0.96,1.96,1.1999999999999957
2017-03-08,600822,37.02,36.52,37.12,36.28,61919,111533087.0,2.27,-1.24,-0.46,1.56,0.8399999999999963
2017-03-09,600822,36.52,36.6,36.84,36.38,39407,71184441.0,1.26,0.22,0.08,0.99,0.46000000000000085
2017-03-10,600822,36.66,36.2,36.84,36.16,39509,71020371.0,1.86,-1.09,-0.4,1.0,0.6800000000000068
2017-03-13,600822,36.14,35.74,36.14,35.01,54537,95249944.0,3.12,-1.27,-0.46,1.38,1.1300000000000026
2017-03-14,600822,35.76,36.3,36.48,35.76,47237,84254475.0,2.01,1.57,0.56,1.19,0.7199999999999989
2017-03-15,600822,36.12,35.6,36.28,35.42,37702,66337013.0,2.37,-1.93,-0.7,0.95,0.8599999999999994
2017-03-16,600822,35.44,35.86,36.02,35.44,39560,69653469.0,1.63,0.73,0.26,1.0,0.5800000000000054
2017-03-17,600822,35.92,35.48,36.16,35.38,37407,66075847.0,2.18,-1.06,-0.38,0.94,0.779999999999994
2017-03-20,600822,35.36,35.38,35.78,35.1,33279,57992288.0,1.92,-0.28,-0.1,0.84,0.6799999999999997
2017-03-21,600822,35.48,36.16,36.3,35.34,55955,99145259.0,2.71,2.2,0.78,1.41,0.9599999999999937
2017-03-22,600822,35.92,38.0,38.56,35.76,178109,328327728.0,7.74,5.09,1.84,4.5,2.8000000000000043
2017-03-23,600822,37.62,37.68,38.42,36.88,107857,200079756.0,4.05,-0.84,-0.32,2.72,1.5399999999999991
2017-03-24,600822,37.54,37.36,37.56,37.06,54491,100144887.0,1.33,-0.85,-0.32,1.38,0.5
2017-03-27,600822,37.9,37.56,38.44,37.44,57264,106762438.0,2.68,0.54,0.2,1.45,1.0
2017-03-28,600822,37.16,36.26,37.18,36.16,60610,109661359.0,2.72,-3.46,-1.3,1.53,1.0200000000000031
2017-03-29,600822,36.26,35.66,36.32,35.56,46476,81962891.0,2.1,-1.65,-0.6,1.17,0.759999999999998
2017-03-30,600822,35.62,34.41,36.02,34.09,63305,109297335.0,5.41,-3.51,-1.25,1.6,1.9299999999999997
2017-03-31,600822,34.37,34.51,34.71,34.15,33654,56982844.0,1.63,0.29,0.1,0.85,0.5600000000000023
2017-04-05,600822,34.87,35.18,35.44,34.87,33011,57209319.0,1.65,1.94,0.67,0.83,0.5700000000000003
2017-04-06,600822,35.05,34.77,35.07,34.53,33169,56694694.0,1.53,-1.17,-0.41,0.84,0.5399999999999991
2017-04-07,600822,34.75,35.36,36.3,34.29,66891,116527279.0,5.78,1.7,0.59,1.69,2.009999999999998
2017-04-10,600822,34.97,34.17,34.97,34.11,54545,92318077.0,2.43,-3.37,-1.19,1.38,0.8599999999999994
2017-04-11,600822,34.17,33.05,34.39,30.93,98876,158677666.0,10.13,-3.28,-1.12,2.5,3.460000000000001
2017-04-12,600822,32.89,32.97,33.91,32.13,47710,77358465.0,5.39,-0.24,-0.08,1.2,1.779999999999994
2017-04-13,600822,32.97,32.35,33.17,32.17,38978,62427570.0,3.03,-1.88,-0.62,0.98,1.0
2017-04-14,600822,32.35,31.95,32.73,31.77,31901,50769418.0,2.97,-1.24,-0.4,0.81,0.9599999999999973
2017-04-17,600822,31.97,32.17,32.57,31.27,33966,53278843.0,4.07,0.69,0.22,0.86,1.3000000000000007
2017-04-18,600822,32.11,31.93,32.31,31.77,20852,32876147.0,1.68,-0.75,-0.24,0.53,0.5400000000000027
2017-04-19,600822,31.93,30.13,32.09,29.87,47659,71563565.0,6.95,-5.64,-1.8,1.2,2.2200000000000024
2017-04-20,600822,30.15,29.89,30.63,29.16,30557,44890475.0,4.88,-0.8,-0.24,0.77,1.4699999999999989
2017-04-21,600822,29.93,29.63,30.23,29.55,17539,25689139.0,2.28,-0.87,-0.26,0.44,0.6799999999999997
2017-04-24,600822,29.63,27.4,29.63,27.34,40782,56286857.0,7.73,-7.53,-2.23,1.03,2.289999999999999
2017-04-25,600822,27.46,27.58,28.02,27.44,21865,29695553.0,2.12,0.66,0.18,0.55,0.5799999999999983
2017-04-26,600822,27.86,28.2,28.38,27.6,25265,34711194.0,2.83,2.25,0.62,0.64,0.7799999999999976
2017-04-27,600822,27.92,27.84,28.08,27.12,34310,46385673.0,3.4,-1.28,-0.36,0.87,0.9599999999999973
2017-04-28,600822,27.74,28.7,28.86,27.7,36695,51224219.0,4.17,3.09,0.86,0.93,1.1600000000000001
2017-05-02,600822,28.68,28.52,29.06,28.32,27000,37883054.0,2.58,-0.63,-0.18,0.68,0.7399999999999984
2017-05-03,600822,28.34,29.87,31.01,27.94,75749,110367621.0,10.76,4.73,1.35,1.91,3.0700000000000003
2017-05-04,600822,29.41,29.41,29.83,29.14,36074,52162837.0,2.31,-1.54,-0.46,0.91,0.6899999999999977
2017-05-05,600822,29.34,29.41,30.45,29.28,41319,60603993.0,3.98,0.0,0.0,1.04,1.1699999999999982
2017-05-08,600822,29.45,28.98,30.01,28.94,29195,42527104.0,3.64,-1.46,-0.43,0.74,1.0700000000000003
2017-05-09,600822,28.6,28.46,29.08,27.88,31211,43419608.0,4.14,-1.79,-0.52,0.79,1.1999999999999993
2017-05-10,600822,28.54,27.5,28.56,27.4,31366,43056774.0,4.08,-3.37,-0.96,0.79,1.1600000000000001
2017-05-11,600822,27.34,26.52,27.34,25.2,43682,56107226.0,7.78,-3.56,-0.98,1.1,2.1400000000000006
2017-05-12,600822,26.24,26.66,27.04,26.0,27301,35560507.0,3.92,0.53,0.14,0.69,1.0399999999999991
2017-05-15,600822,26.66,26.26,26.78,26.24,17892,23257300.0,2.03,-1.5,-0.4,0.45,0.5400000000000027
2017-05-16,600822,25.92,26.9,26.92,25.92,28137,36514546.0,3.81,2.44,0.64,0.71,1.0
2017-05-17,600822,26.84,26.94,27.3,26.84,30271,40053183.0,1.71,0.15,0.04,0.76,0.46000000000000085
2017-05-18,600822,26.56,26.32,26.7,26.3,25007,32396278.0,1.48,-2.3,-0.62,0.63,0.3999999999999986
2017-05-19,600822,26.22,26.56,27.34,26.22,33113,43563251.0,4.26,0.91,0.24,0.84,1.120000000000001
2017-05-22,600822,26.54,25.34,26.6,25.2,31179,39368769.0,5.27,-4.59,-1.22,0.79,1.4000000000000021
2017-05-23,600822,25.48,22.91,25.54,22.87,51546,60116969.0,10.54,-9.59,-2.43,1.3,2.669999999999998
2017-05-24,600822,22.75,22.57,22.83,21.41,46348,50049580.0,6.2,-1.48,-0.34,1.17,1.4199999999999982
2017-05-25,600822,22.45,22.65,22.87,21.65,35891,39077041.0,5.41,0.35,0.08,0.91,1.2200000000000024
2017-05-26,600822,22.69,22.69,23.11,22.63,22401,24968151.0,2.12,0.18,0.04,0.57,0.4800000000000004
2017-05-31,600822,23.74,23.41,24.46,23.29,46545,54003421.0,5.16,3.17,0.72,1.17,1.1700000000000017
2017-06-01,600822,23.35,22.35,23.35,22.31,27465,30493223.0,4.44,-4.53,-1.06,0.69,1.0400000000000027
2017-06-02,600822,22.39,22.85,22.93,21.69,27003,29396304.0,5.55,2.24,0.5,0.68,1.2399999999999984
2017-06-05,600822,22.91,23.11,23.23,22.89,22591,25438022.0,1.49,1.14,0.26,0.57,0.33999999999999986
2017-06-06,600822,22.97,23.27,23.45,22.77,19163,21747384.0,2.94,0.69,0.16,0.48,0.6799999999999997
2017-06-07,600822,23.25,23.8,23.86,23.17,29366,33832309.0,2.97,2.28,0.53,0.74,0.6899999999999977
2017-06-08,600822,23.84,23.78,24.24,23.68,27912,32679110.0,2.35,-0.08,-0.02,0.7,0.5599999999999987
2017-06-09,600822,23.67,25.0,25.54,23.67,69514,84880820.0,7.86,5.13,1.22,1.75,1.8699999999999974
2017-06-12,600822,24.64,24.7,25.44,24.4,42105,51283334.0,4.16,-1.2,-0.3,1.06,1.0400000000000027
2017-06-13,600822,24.46,24.98,25.24,24.1,42932,51968541.0,4.62,1.13,0.28,1.08,1.139999999999997
2017-06-14,600822,24.62,24.88,25.24,24.62,31240,38002249.0,2.48,-0.4,-0.1,0.79,0.6199999999999974
2017-06-15,600822,24.76,25.14,25.4,24.74,33182,40665577.0,2.65,1.05,0.26,0.84,0.6600000000000001
2017-06-16,600822,25.1,25.44,26.7,25.0,60371,76809577.0,6.76,1.19,0.3,1.52,1.6999999999999993
2017-06-19,600822,25.74,25.58,25.92,25.22,38647,48240902.0,2.75,0.55,0.14,0.98,0.7000000000000028
2017-06-20,600822,25.46,25.3,25.86,25.26,30813,38527607.0,2.35,-1.09,-0.28,0.78,0.5999999999999979
2017-06-21,600822,25.38,25.78,26.24,25.2,62041,78379200.0,4.11,1.9,0.48,1.57,1.0399999999999991
2017-06-22,600822,25.56,25.78,26.5,25.56,61070,78180047.0,3.65,0.0,0.0,1.54,0.9400000000000013
2017-06-23,600822,25.6,25.36,25.8,24.44,46495,57247590.0,5.28,-1.63,-0.42,1.17,1.3599999999999994
2017-06-26,600822,25.3,25.6,25.66,25.3,27933,34831242.0,1.42,0.95,0.24,0.71,0.35999999999999943
2017-06-27,600822,25.5,25.58,26.08,25.44,25872,32511439.0,2.5,-0.08,-0.02,0.65,0.639999999999997
2017-06-28,600822,25.58,25.14,25.58,25.1,21018,25975335.0,1.88,-1.72,-0.44,0.53,0.4799999999999969
2017-06-29,600822,25.2,25.2,25.36,24.96,15273,18817515.0,1.59,0.24,0.06,0.39,0.3999999999999986
2017-06-30,600822,25.06,25.14,25.3,25.0,15473,19037199.0,1.19,-0.24,-0.06,0.39,0.3000000000000007
2017-07-03,600822,25.06,25.44,25.6,25.06,18368,22846239.0,2.15,1.19,0.3,0.46,0.5400000000000027
2017-07-04,600822,25.38,25.52,25.68,25.2,20534,25561922.0,1.89,0.31,0.08,0.52,0.4800000000000004
2017-07-05,600822,25.54,25.66,25.66,25.28,22164,27707447.0,1.49,0.55,0.14,0.56,0.379999999999999
2017-07-06,600822,25.8,25.48,25.8,25.26,21143,26390019.0,2.1,-0.7,-0.18,0.53,0.5399999999999991
2017-07-07,600822,25.4,25.94,26.2,25.2,43280,54657634.0,3.92,1.81,0.46,1.09,1.0
2017-07-10,600822,25.78,26.46,26.64,25.28,64928,83073615.0,5.24,2.0,0.52,1.64,1.3599999999999994
2017-07-11,600822,26.22,26.6,27.26,26.2,84838,111539323.0,4.01,0.53,0.14,2.14,1.0600000000000023
2017-07-12,600822,26.36,27.38,27.72,26.36,93134,124245459.0,5.11,2.93,0.78,2.35,1.3599999999999994
2017-07-13,600822,27.14,27.36,27.44,26.96,54058,71977132.0,1.75,-0.07,-0.02,1.36,0.4800000000000004
2017-07-14,600822,27.26,26.8,27.48,26.42,44986,59249621.0,3.87,-2.05,-0.56,1.14,1.0599999999999987
2017-07-17,600822,26.72,24.18,26.72,24.18,62218,75825457.0,9.48,-9.78,-2.62,1.57,2.539999999999999
2017-07-18,600822,23.98,24.18,24.38,22.93,48865,56809502.0,6.0,0.0,0.0,1.23,1.4499999999999993
2017-07-19,600822,24.0,24.44,24.46,23.84,29893,35369241.0,2.56,1.08,0.26,0.75,0.620000000000001
2017-07-20,600822,24.3,24.6,25.04,24.3,31056,37626650.0,3.03,0.65,0.16,0.78,0.7399999999999984
2017-07-21,600822,24.26,24.38,24.92,24.26,26624,32024525.0,2.68,-0.89,-0.22,0.67,0.6600000000000001
2017-07-24,600822,24.4,24.34,24.58,24.14,22505,26739933.0,1.8,-0.16,-0.04,0.57,0.4399999999999977
2017-07-25,600822,24.36,23.76,24.5,23.59,30236,35240859.0,3.74,-2.38,-0.58,0.76,0.9100000000000001
2017-07-26,600822,23.78,23.8,24.0,23.63,19258,22409592.0,1.56,0.17,0.04,0.49,0.370000000000001
2017-07-27,600822,23.9,24.2,24.28,23.74,25225,29714458.0,2.27,1.68,0.4,0.64,0.5400000000000027
2017-07-28,600822,24.06,23.86,24.22,23.76,23327,27260525.0,1.9,-1.4,-0.34,0.59,0.4599999999999973
2017-07-31,600822,23.76,23.84,24.0,23.59,19262,22397641.0,1.72,-0.08,-0.02,0.49,0.41000000000000014
2017-08-01,600822,23.8,24.44,25.06,23.8,48116,57685537.0,5.29,2.52,0.6,1.21,1.259999999999998
2017-08-02,600822,24.16,23.82,24.34,23.78,28565,33439638.0,2.29,-2.54,-0.62,0.72,0.5599999999999987
2017-08-03,600822,23.65,23.7,23.98,23.65,18731,21782188.0,1.39,-0.5,-0.12,0.47,0.33000000000000185
2017-08-04,600822,24.64,24.44,25.14,24.14,59445,71491115.0,4.22,3.12,0.74,1.5,1.0
2017-08-07,600822,24.1,24.26,24.48,23.9,39102,46051393.0,2.37,-0.74,-0.18,0.99,0.5800000000000018
2017-08-08,600822,24.26,24.4,24.48,24.06,29432,34933399.0,1.73,0.58,0.14,0.74,0.4200000000000017
2017-08-09,600822,24.38,25.16,26.2,24.2,65348,80164667.0,8.2,3.11,0.76,1.65,2.0
2017-08-10,600822,24.94,26.4,26.46,24.8,106260,132980582.0,6.6,4.93,1.24,2.68,1.6600000000000001
2017-08-11,600822,25.96,25.6,26.5,25.58,76600,97206000.0,3.48,-3.03,-0.8,1.93,0.9200000000000017
2017-08-14,600822,25.62,25.66,26.04,25.42,59427,74585000.0,2.42,0.23,0.06,1.5,0.6199999999999974
2017-08-15,600822,25.66,25.48,25.72,25.14,52830,65623539.0,2.26,-0.7,-0.18,1.33,0.5799999999999983
2017-08-16,600822,25.48,25.54,25.64,25.22,34416,42833703.0,1.65,0.24,0.06,0.87,0.4200000000000017
2017-08-17,600822,25.54,26.12,26.3,25.54,72622,92063847.0,2.98,2.27,0.58,1.83,0.7600000000000016
2017-08-18,600822,25.84,26.58,26.86,25.74,85645,111129331.0,4.29,1.76,0.46,2.16,1.120000000000001
2017-08-21,600822,26.9,26.48,27.06,26.18,59717,77512614.0,3.31,-0.38,-0.1,1.51,0.879999999999999
2017-08-22,600822,26.5,25.66,26.54,25.54,52114,66195653.0,3.78,-3.1,-0.82,1.32,1.0
2017-08-23,600822,25.5,25.38,25.58,25.2,28283,35100563.0,1.48,-1.09,-0.28,0.71,0.379999999999999
2017-08-24,600822,25.3,25.5,26.34,25.3,39405,49498289.0,4.1,0.47,0.12,0.99,1.0399999999999991
2017-08-25,600822,25.38,25.64,25.66,25.26,32962,41120631.0,1.57,0.55,0.14,0.83,0.3999999999999986
2017-08-28,600822,25.64,25.72,25.84,25.5,33396,41993396.0,1.33,0.31,0.08,0.84,0.33999999999999986
2017-08-29,600822,25.72,25.6,25.9,25.44,37859,47500608.0,1.79,-0.47,-0.12,0.96,0.4599999999999973
2017-08-30,600822,26.3,26.42,27.04,26.3,123574,160809231.0,2.89,3.2,0.82,3.12,0.7399999999999984
2017-08-31,600822,26.28,26.56,26.6,25.98,68936,88930995.0,2.35,0.53,0.14,1.74,0.620000000000001
2017-09-01,600822,26.36,26.28,26.66,26.02,61675,79294793.0,2.41,-1.05,-0.28,1.56,0.6400000000000006
2017-09-04,600822,26.24,26.06,26.26,25.92,41570,52968095.0,1.29,-0.84,-0.22,1.05,0.33999999999999986
2017-09-05,600822,26.0,26.08,26.1,25.78,31642,40194011.0,1.23,0.08,0.02,0.8,0.3200000000000003
2017-09-06,600822,26.1,25.7,26.24,25.56,42791,54115658.0,2.61,-1.46,-0.38,1.08,0.6799999999999997
2017-09-07,600822,25.72,25.5,25.92,25.4,32387,40671309.0,2.02,-0.78,-0.2,0.82,0.5200000000000031
2017-09-08,600822,25.44,25.82,25.9,25.26,39209,49018302.0,2.51,1.25,0.32,0.99,0.639999999999997
2017-09-11,600822,25.84,25.78,26.04,25.54,30283,38245958.0,1.94,-0.15,-0.04,0.76,0.5
2017-09-12,600822,25.82,25.5,25.86,25.4,34117,42710673.0,1.78,-1.09,-0.28,0.86,0.46000000000000085
2017-09-13,600822,25.54,25.42,25.58,25.34,20265,25209657.0,0.94,-0.31,-0.08,0.51,0.23999999999999844
2017-09-14,600822,25.48,25.7,25.72,25.38,29143,36473560.0,1.34,1.1,0.28,0.74,0.33999999999999986
2017-09-15,600822,25.58,25.18,25.66,25.14,28920,35876181.0,2.02,-2.02,-0.52,0.73,0.5199999999999996
2017-09-18,600822,25.18,24.94,25.2,24.78,28992,35329236.0,1.67,-0.95,-0.24,0.73,0.41999999999999815
2017-09-19,600822,25.04,24.94,25.22,24.8,21354,26111436.0,1.68,0.0,0.0,0.54,0.41999999999999815
2017-09-20,600822,24.9,24.86,24.98,24.62,26132,31700595.0,1.44,-0.32,-0.08,0.66,0.35999999999999943
2017-09-21,600822,24.96,25.18,25.54,24.84,45508,55915297.0,2.82,1.29,0.32,1.15,0.6999999999999993
2017-09-22,600822,25.0,24.66,25.06,24.62,28133,34054311.0,1.75,-2.07,-0.52,0.71,0.4399999999999977
2017-09-25,600822,24.64,24.0,24.8,23.94,26817,31860674.0,3.49,-2.68,-0.66,0.68,0.8599999999999994
2017-09-26,600822,24.12,24.04,24.3,23.86,18563,21815123.0,1.83,0.17,0.04,0.47,0.4400000000000013
2017-09-27,600822,24.16,24.08,24.2,23.94,13805,16255381.0,1.08,0.17,0.04,0.35,0.259999999999998
2017-09-28,600822,24.08,23.78,24.12,23.74,17500,20433282.0,1.58,-1.25,-0.3,0.44,0.38000000000000256
2017-09-29,600822,23.7,23.98,24.04,23.7,14713,17185502.0,1.43,0.84,0.2,0.37,0.33999999999999986
2017-10-09,600822,24.24,24.12,24.32,24.04,13940,16450381.0,1.17,0.58,0.14,0.35,0.28000000000000114
2017-10-10,600822,24.04,24.4,24.4,24.04,16182,19212273.0,1.49,1.16,0.28,0.41,0.35999999999999943
2017-10-11,600822,24.26,24.62,24.7,24.26,25406,30478401.0,1.8,0.9,0.22,0.64,0.4399999999999977
2017-10-12,600822,24.48,24.66,25.1,24.34,34419,41488606.0,3.09,0.16,0.04,0.87,0.7600000000000016
2017-10-13,600822,24.52,24.36,24.56,24.34,18577,22183001.0,0.89,-1.22,-0.3,0.47,0.21999999999999886
2017-10-16,600822,24.38,23.76,24.6,23.72,23966,28174491.0,3.61,-2.46,-0.6,0.6,0.8800000000000026
2017-10-17,600822,23.82,23.74,23.86,23.51,14504,16788657.0,1.47,-0.08,-0.02,0.37,0.34999999999999787
2017-10-18,600822,23.84,23.39,23.88,23.35,13781,15913818.0,2.23,-1.47,-0.35,0.35,0.5299999999999976
2017-10-19,600822,23.41,23.63,24.4,22.55,46161,53058778.0,7.91,1.03,0.24,1.17,1.8499999999999979
2017-10-20,600822,25.92,25.92,25.92,25.92,40303,51144241.0,0.0,9.69,2.29,1.02,0.0
2017-10-23,600822,28.46,28.46,28.46,28.18,225411,314625328.0,1.08,9.8,2.54,5.69,0.28000000000000114
2017-10-24,600822,29.14,29.71,30.43,27.74,590392,847068832.0,9.45,4.39,1.25,14.9,2.6900000000000013
2017-10-25,600822,27.54,31.67,32.63,26.94,635178,953455648.0,19.15,6.6,1.96,16.03,5.690000000000001
2017-10-26,600822,31.13,34.79,34.79,30.85,611344,1020287584.0,12.44,9.85,3.12,15.43,3.9399999999999977
2017-10-30,600822,34.33,33.53,35.64,32.75,592711,997750752.0,8.31,-3.62,-1.26,14.96,2.8900000000000006
2017-10-31,600822,32.85,36.82,36.82,31.25,792798,1321279728.0,16.61,9.81,3.29,20.01,5.57
2017-11-01,600822,35.05,33.39,35.84,33.21,605007,1035616896.0,7.14,-9.32,-3.43,15.27,2.6300000000000026
2017-11-02,600822,32.23,31.53,32.89,31.13,418472,657428000.0,5.27,-5.57,-1.86,10.56,1.7600000000000016
2017-11-03,600822,31.59,30.47,31.77,30.19,324917,493454544.0,5.01,-3.36,-1.06,8.2,1.5799999999999983
2017-11-06,600822,30.63,30.83,30.89,29.69,259238,386804640.0,3.94,1.18,0.36,6.54,1.1999999999999993
2017-11-07,600822,31.83,30.61,32.45,30.53,360573,560084528.0,6.23,-0.71,-0.22,9.1,1.9200000000000017
2017-11-08,600822,29.69,32.49,33.11,29.69,451036,700588896.0,11.17,6.14,1.88,11.39,3.419999999999998
2017-11-09,600822,31.73,31.69,32.49,31.33,279400,436411632.0,3.57,-2.46,-0.8,7.05,1.1600000000000037
2017-11-10,600822,31.73,31.51,32.23,30.93,232478,359635328.0,4.1,-0.57,-0.18,5.87,1.2999999999999972
2017-11-13,600822,32.75,32.75,34.61,32.13,459701,754637552.0,7.87,3.94,1.24,11.6,2.479999999999997
2017-11-14,600822,32.29,35.96,35.96,31.83,639818,1100940144.0,12.61,9.8,3.21,16.15,4.130000000000003
2017-11-15,600822,36.72,35.62,37.26,35.12,613410,1093529296.0,5.95,-0.95,-0.34,15.48,2.1400000000000006
2017-11-16,600822,34.53,35.96,37.54,34.23,476182,840083104.0,9.29,0.95,0.34,12.02,3.3100000000000023
2017-11-17,600822,35.22,33.61,35.6,33.15,349885,593560048.0,6.81,-6.54,-2.35,8.83,2.450000000000003
2017-11-20,600822,33.11,34.35,34.69,32.29,246539,408857824.0,7.14,2.2,0.74,6.22,2.3999999999999986
2017-11-21,600822,33.95,33.57,34.59,33.07,239501,396735872.0,4.43,-2.27,-0.78,6.05,1.5200000000000031
2017-11-22,600822,33.27,31.17,33.59,30.93,319327,502358656.0,7.92,-7.15,-2.4,8.06,2.6600000000000037
2017-11-23,600822,30.95,30.13,31.93,29.69,238955,361787984.0,7.19,-3.34,-1.04,6.03,2.2399999999999984
2017-11-24,600822,29.93,29.06,30.39,28.96,179218,260558154.0,4.75,-3.55,-1.07,4.52,1.4299999999999997
2017-11-27,600822,29.06,29.34,30.23,28.2,194831,278950944.0,6.99,0.96,0.28,4.92,2.030000000000001
2017-11-28,600822,29.0,29.65,29.77,28.76,148927,214789549.0,3.44,1.06,0.31,3.76,1.009999999999998
2017-11-29,600822,29.55,29.1,29.55,28.5,145113,206627910.0,3.54,-1.85,-0.55,3.66,1.0500000000000007
2017-11-30,600822,29.18,29.87,30.89,29.04,288482,428064480.0,6.36,2.65,0.77,7.28,1.8500000000000014
2017-12-01,600822,29.36,30.61,30.83,28.8,244162,355888560.0,6.8,2.48,0.74,6.16,2.0299999999999976
2017-12-04,600822,30.05,30.27,31.47,29.89,225595,339160752.0,5.16,-1.11,-0.34,5.69,1.5799999999999983
2017-12-05,600822,29.99,27.88,30.53,27.54,210984,300672032.0,9.88,-7.9,-2.39,5.33,2.990000000000002
2017-12-06,600822,27.3,27.92,28.06,26.82,141521,190820445.0,4.45,0.14,0.04,3.57,1.2399999999999984
2017-12-07,600822,27.66,27.96,28.78,27.38,154104,212713273.0,5.01,0.14,0.04,3.89,1.4000000000000021
2017-12-08,600822,27.72,28.54,29.34,27.6,177892,250629132.0,6.22,2.07,0.58,4.49,1.7399999999999984
2017-12-11,600822,28.34,28.58,28.74,27.94,123864,172467296.0,2.8,0.14,0.04,3.13,0.7999999999999972
2017-12-12,600822,28.4,28.26,29.12,28.06,139157,194997106.0,3.71,-1.12,-0.32,3.51,1.0600000000000023
2017-12-13,600822,28.8,28.84,29.83,28.6,187099,267068913.0,4.35,2.05,0.58,4.72,1.2299999999999969
2017-12-14,600822,28.56,28.78,29.1,28.24,147520,207134598.0,2.98,-0.21,-0.06,3.72,0.860000000000003
2017-12-15,600822,28.48,27.84,28.68,27.64,127467,175892198.0,3.61,-3.27,-0.94,3.22,1.0399999999999991
2017-12-18,600822,27.54,27.38,28.14,26.98,92715,125243630.0,4.17,-1.65,-0.46,2.34,1.1600000000000001
2017-12-19,600822,27.44,27.7,27.82,27.34,82863,112256151.0,1.75,1.17,0.32,2.09,0.4800000000000004
2017-12-20,600822,27.94,27.7,28.24,27.58,80795,110247009.0,2.38,0.0,0.0,2.04,0.6600000000000001
2017-12-21,600822,27.84,27.32,27.84,26.78,100712,134056297.0,3.83,-1.37,-0.38,2.54,1.0599999999999987
2017-12-22,600822,27.44,27.1,27.62,27.0,72034,96196486.0,2.27,-0.81,-0.22,1.82,0.620000000000001
2017-12-25,600822,26.8,25.36,27.12,25.02,147368,186267124.0,7.75,-6.42,-1.74,3.72,2.1000000000000014
2017-12-26,600822,26.12,26.52,27.2,26.1,176212,230175336.0,4.34,4.57,1.16,4.45,1.0999999999999979
2017-12-27,600822,25.84,25.9,26.52,25.64,131093,166726733.0,3.32,-2.34,-0.62,3.31,0.879999999999999
2017-12-28,600822,25.8,26.52,27.96,25.64,183327,240360748.0,8.96,2.39,0.62,4.63,2.3200000000000003
2017-12-29,600822,26.12,26.78,27.08,26.0,122957,160150589.0,4.07,0.98,0.26,3.1,1.0799999999999983
2018-01-02,600822,26.94,26.98,27.22,26.54,105909,139520997.0,2.54,0.75,0.2,2.67,0.6799999999999997
2018-01-03,600822,26.84,27.6,28.0,26.76,189487,254563405.0,4.6,2.3,0.62,4.78,1.2399999999999984
2018-01-04,600822,27.4,30.29,30.29,27.18,243340,336637024.0,11.27,9.75,2.69,6.14,3.1099999999999994
2018-01-05,600822,30.49,30.77,32.43,29.73,458761,701608512.0,8.91,1.58,0.48,11.58,2.6999999999999993
2018-01-08,600822,30.01,31.15,31.73,29.55,312917,469167600.0,7.08,1.23,0.38,7.9,2.1799999999999997
2018-01-09,600822,30.53,30.15,30.81,30.13,200729,300119600.0,2.18,-3.21,-1.0,5.07,0.6799999999999997
2018-01-10,600822,30.49,29.75,31.11,29.28,189844,281522544.0,6.07,-1.33,-0.4,4.79,1.8299999999999983
2018-01-11,600822,29.2,29.45,29.89,29.1,127468,184164981.0,2.66,-1.01,-0.3,3.22,0.7899999999999991
2018-01-12,600822,29.36,29.67,30.49,28.86,175047,256392735.0,5.53,0.75,0.22,4.42,1.629999999999999
2018-01-15,600822,29.16,27.78,29.26,27.34,163184,227012320.0,6.47,-6.37,-1.89,4.12,1.9200000000000017
2018-01-16,600822,27.62,28.34,28.9,27.6,117676,163572367.0,4.68,2.02,0.56,2.97,1.2999999999999972
2018-01-17,600822,28.22,28.8,29.18,27.58,146152,205294267.0,5.65,1.62,0.46,3.69,1.6000000000000014
2018-01-18,600822,28.58,28.6,29.06,28.48,92193,129797614.0,2.01,-0.69,-0.2,2.33,0.5799999999999983
2018-01-19,600822,28.48,29.59,29.99,28.38,200358,289620592.0,5.63,3.46,0.99,5.06,1.6099999999999994
2018-01-22,600822,29.26,29.91,30.11,28.96,161071,234613790.0,3.89,1.08,0.32,4.07,1.1499999999999986
2018-01-23,600822,29.73,30.15,30.83,29.53,202303,300436016.0,4.35,0.8,0.24,5.11,1.2999999999999972
2018-01-24,600822,30.53,29.91,31.09,29.59,196122,292416528.0,4.98,-0.8,-0.24,4.95,1.5
2018-01-25,600822,29.95,29.18,29.97,29.0,139666,201588720.0,3.24,-2.44,-0.73,3.53,0.9699999999999989
2018-01-26,600822,28.92,29.38,30.09,28.58,139863,200810640.0,5.17,0.69,0.2,3.53,1.5100000000000016
2018-01-29,600822,28.92,28.3,29.24,28.14,110564,155735413.0,3.74,-3.68,-1.08,2.79,1.0999999999999979
2018-01-30,600822,28.34,28.24,28.9,28.18,67697,94779944.0,2.54,-0.21,-0.06,1.71,0.7199999999999989
2018-01-31,600822,28.04,27.46,28.56,27.38,83534,113818628.0,4.18,-2.76,-0.78,2.11,1.1799999999999997
2018-02-01,600822,27.46,25.6,27.82,25.52,111443,143815547.0,8.38,-6.77,-1.86,2.81,2.3000000000000007
2018-02-02,600822,25.68,25.24,25.68,24.14,67254,82477924.0,6.02,-1.41,-0.36,1.7,1.5399999999999991
2018-02-05,600822,24.68,25.18,25.58,24.3,58731,71822972.0,5.07,-0.24,-0.06,1.48,1.2799999999999976
2018-02-06,600822,24.54,22.73,24.86,22.73,103993,120285595.0,8.46,-9.73,-2.45,2.63,2.129999999999999
2018-02-07,600822,23.33,22.77,23.51,21.15,72266,80446567.0,10.38,0.18,0.04,1.82,2.360000000000003
2018-02-08,600822,22.59,23.31,23.37,22.59,50972,57580895.0,3.43,2.37,0.54,1.29,0.7800000000000011
2018-02-09,600822,22.25,22.15,23.15,21.77,64631,70555841.0,5.92,-4.98,-1.16,1.63,1.379999999999999
2018-02-12,600822,22.37,22.81,22.87,22.37,40505,44807425.0,2.26,2.98,0.66,1.02,0.5
2018-02-13,600822,22.83,23.31,23.9,22.83,71589,82134183.0,4.69,2.19,0.5,1.81,1.0700000000000003
2018-02-14,600822,23.15,23.84,23.9,23.01,67348,77505588.0,3.82,2.27,0.53,1.7,0.889999999999997
2018-02-22,600822,24.48,24.62,25.14,23.86,90222,108064055.0,5.37,3.27,0.78,2.28,1.2800000000000011
2018-02-23,600822,25.56,24.72,26.04,24.62,122387,151419133.0,5.77,0.41,0.1,3.09,1.4199999999999982
2018-02-26,600822,24.64,26.04,26.3,24.64,139987,174470795.0,6.72,5.34,1.32,3.53,1.6600000000000001
2018-02-27,600822,25.64,25.88,26.86,25.56,114557,146208450.0,4.99,-0.61,-0.16,2.89,1.3000000000000007
2018-02-28,600822,25.86,25.96,26.14,25.34,76279,96222855.0,3.09,0.31,0.08,1.93,0.8000000000000007
2018-03-01,600822,25.74,26.46,26.84,25.58,109924,141310917.0,4.85,1.93,0.5,2.77,1.2600000000000016
2018-03-02,600822,26.18,26.72,26.8,26.04,120744,156712912.0,2.87,0.98,0.26,3.05,0.7600000000000016
2018-03-05,600822,26.5,26.4,26.72,25.76,92554,118988495.0,3.59,-1.2,-0.32,2.34,0.9599999999999973
2018-03-06,600822,26.38,26.56,27.12,26.08,129020,168125261.0,3.94,0.61,0.16,3.26,1.0400000000000027
2018-03-07,600822,26.3,26.18,26.84,26.0,98690,127459663.0,3.16,-1.43,-0.38,2.49,0.8399999999999999
2018-03-08,600822,25.94,26.74,26.82,25.78,120150,155506609.0,3.97,2.14,0.56,3.03,1.0399999999999991
2018-03-09,600822,26.56,26.92,26.94,26.5,117249,153762951.0,1.65,0.67,0.18,2.96,0.4400000000000013
2018-03-12,600822,26.78,27.1,27.38,26.34,103654,136864793.0,3.86,0.67,0.18,2.62,1.0399999999999991
2018-03-13,600822,27.02,27.94,29.47,26.72,182512,247159806.0,10.15,3.1,0.84,4.61,2.75
2018-03-14,600822,27.54,26.6,28.0,26.44,125664,167798746.0,5.58,-4.8,-1.34,3.17,1.5599999999999987
2018-03-15,600822,26.3,26.76,27.5,25.8,100071,130739890.0,6.39,0.6,0.16,2.53,1.6999999999999993
2018-03-16,600822,26.84,26.76,27.52,26.7,89409,118887807.0,3.06,0.0,0.0,2.26,0.8200000000000003
2018-03-19,600822,26.18,26.96,27.34,26.14,87981,115920610.0,4.48,0.75,0.2,2.22,1.1999999999999993
2018-03-20,600822,26.9,26.42,26.9,26.3,73105,94883799.0,2.23,-2.0,-0.54,1.85,0.5999999999999979
2018-03-21,600822,26.42,26.4,27.3,26.22,103374,136080088.0,4.09,-0.08,-0.02,2.61,1.0800000000000018
2018-03-22,600822,26.14,26.88,27.32,25.96,121930,159107735.0,5.15,1.82,0.48,3.08,1.3599999999999994
2018-03-23,600822,25.78,24.24,26.14,24.24,143795,175647869.0,7.07,-9.82,-2.64,3.63,1.9000000000000021
2018-03-26,600822,23.35,23.9,24.02,22.41,82663,93719581.0,6.64,-1.4,-0.34,2.09,1.6099999999999994
2018-03-27,600822,24.34,24.6,25.54,24.18,83053,100188646.0,5.69,2.93,0.7,2.1,1.3599999999999994
2018-03-28,600822,24.04,24.28,25.24,23.9,68892,83141160.0,5.45,-1.3,-0.32,1.74,1.3399999999999999
2018-03-29,600822,24.34,24.56,24.84,24.24,53134,63744595.0,2.47,1.15,0.28,1.34,0.6000000000000014
2018-03-30,600822,24.8,24.64,24.88,24.54,49513,59698648.0,1.38,0.33,0.08,1.25,0.33999999999999986
2018-04-02,600822,24.48,24.68,25.14,24.24,70917,85608993.0,3.65,0.16,0.04,1.79,0.9000000000000021
2018-04-03,600822,24.2,25.3,25.94,23.55,155938,192365085.0,9.68,2.51,0.62,3.94,2.3900000000000006
2018-04-04,600822,25.16,25.66,25.9,24.9,121983,152441284.0,3.95,1.42,0.36,3.08,1.0
2018-04-09,600822,25.58,26.84,26.9,25.58,178623,231433961.0,5.14,4.6,1.18,4.51,1.3200000000000003
2018-04-10,600822,26.94,25.58,26.94,25.14,166463,210429921.0,6.71,-4.69,-1.26,4.2,1.8000000000000007
2018-04-11,600822,26.28,26.68,27.52,26.28,243433,321504416.0,4.85,4.3,1.1,6.14,1.2399999999999984
2018-04-12,600822,25.74,25.92,26.22,25.56,121085,153621263.0,2.47,-2.85,-0.76,3.06,0.6600000000000001
2018-04-13,600822,25.9,25.12,26.14,24.94,104615,129963575.0,4.63,-3.09,-0.8,2.64,1.1999999999999993
2018-04-16,600822,24.74,25.16,25.68,24.5,71712,87912227.0,4.7,0.16,0.04,1.81,1.1799999999999997
2018-04-17,600822,24.7,24.18,25.24,24.14,70437,84762887.0,4.37,-3.9,-0.98,1.78,1.0999999999999979
2018-04-18,600822,24.46,24.08,24.5,23.59,63700,74738775.0,3.76,-0.41,-0.1,1.61,0.9100000000000001
2018-04-19,600822,24.08,24.22,24.32,23.96,40134,47444025.0,1.5,0.58,0.14,1.01,0.35999999999999943
2018-04-20,600822,24.14,23.23,24.16,23.07,58293,67056386.0,4.5,-4.09,-0.99,1.47,1.0899999999999999
2018-04-23,600822,23.21,23.13,23.43,22.85,32059,36229465.0,2.5,-0.43,-0.1,0.81,0.5799999999999983
2018-04-24,600822,23.15,23.67,23.82,23.15,40442,46495220.0,2.9,2.33,0.54,1.02,0.6700000000000017
2018-04-25,600822,23.63,23.92,23.94,23.41,39343,45560984.0,2.24,1.06,0.25,0.99,0.5300000000000011
2018-04-26,600822,23.8,23.11,23.82,23.09,36297,41480800.0,3.05,-3.39,-0.81,0.92,0.7300000000000004
2018-04-27,600822,23.37,23.09,23.39,22.99,21107,23847205.0,1.73,-0.09,-0.02,0.53,0.40000000000000213
2018-05-02,600822,23.17,22.85,23.25,22.61,26641,29711585.0,2.77,-1.04,-0.24,0.67,0.6400000000000006
2018-05-03,600822,22.83,23.17,23.23,22.49,30262,33763777.0,3.24,1.4,0.32,0.76,0.740000000000002
2018-05-04,600822,23.15,23.09,23.33,22.99,29877,33817042.0,1.47,-0.35,-0.08,0.75,0.33999999999999986
2018-05-07,600822,23.11,23.61,23.78,23.05,48628,55633175.0,3.16,2.25,0.52,1.23,0.7300000000000004
2018-05-08,600822,23.57,23.68,23.82,23.49,49566,57272477.0,1.4,0.3,0.07,1.25,0.33000000000000185
2018-05-09,600822,23.7,23.45,23.72,23.19,36023,41272974.0,2.24,-0.97,-0.23,0.91,0.5299999999999976
2018-05-10,600822,23.47,23.68,23.82,23.35,45825,52782529.0,2.0,0.98,0.23,1.16,0.46999999999999886
2018-05-11,600822,23.65,23.43,23.74,23.35,31017,35556732.0,1.65,-1.06,-0.25,0.78,0.389999999999997
2018-05-14,600822,23.43,23.7,23.82,23.21,56738,65147886.0,2.6,1.15,0.27,1.43,0.6099999999999994
2018-05-15,600822,23.63,23.53,23.68,23.25,38052,43550369.0,1.81,-0.72,-0.17,0.96,0.4299999999999997
2018-05-16,600822,23.41,23.33,23.63,23.27,34394,39351273.0,1.53,-0.85,-0.2,0.87,0.35999999999999943
2018-05-17,600822,23.27,23.21,23.47,23.19,22809,25935505.0,1.2,-0.51,-0.12,0.58,0.2799999999999976
2018-05-18,600822,23.21,23.17,23.33,22.87,28111,31675192.0,1.98,-0.17,-0.04,0.71,0.4599999999999973
2018-05-21,600822,23.76,23.67,24.0,23.59,81154,94325073.0,1.77,2.16,0.5,2.05,0.41000000000000014
2018-05-22,600822,23.41,23.53,23.63,23.33,54280,62164527.0,1.27,-0.59,-0.14,1.37,0.3000000000000007
2018-05-23,600822,23.74,23.67,24.34,23.63,89594,104960576.0,3.02,0.59,0.14,2.26,0.7100000000000009
2018-05-24,600822,23.51,24.08,24.32,23.45,92246,108317091.0,3.68,1.73,0.41,2.33,0.870000000000001
2018-05-25,600822,23.86,24.7,25.64,23.63,134018,160612074.0,8.35,2.57,0.62,3.38,2.0100000000000016
2018-05-28,600822,24.38,24.2,24.66,24.04,77089,91659309.0,2.51,-2.02,-0.5,1.95,0.620000000000001
2018-05-29,600822,24.24,23.76,24.28,23.63,49890,58172265.0,2.69,-1.82,-0.44,1.26,0.6500000000000021
2018-05-30,600822,23.25,22.17,23.25,22.05,75284,83073572.0,5.05,-6.69,-1.59,1.9,1.1999999999999993
2018-05-31,600822,22.15,22.49,22.63,21.95,40839,44560284.0,3.07,1.44,0.32,1.03,0.6799999999999997
2018-06-01,600822,22.47,22.17,22.71,22.03,29649,32219625.0,3.02,-1.42,-0.32,0.75,0.6799999999999997
2018-06-04,600822,22.19,22.19,22.45,21.99,21889,23741210.0,2.07,0.09,0.02,0.55,0.46000000000000085
2018-06-05,600822,22.19,22.41,22.51,22.13,24285,26491435.0,1.71,0.99,0.22,0.61,0.38000000000000256
2018-06-06,600822,22.49,22.79,23.27,22.43,58029,64826413.0,3.75,1.7,0.38,1.46,0.8399999999999999
2018-06-07,600822,22.75,22.53,22.91,22.43,33437,36918760.0,2.11,-1.14,-0.26,0.84,0.4800000000000004
2018-06-08,600822,22.55,22.07,22.63,21.99,29324,31665927.0,2.84,-2.04,-0.46,0.74,0.6400000000000006
2018-06-11,600822,21.97,21.77,22.17,21.63,25533,27263261.0,2.45,-1.36,-0.3,0.64,0.5400000000000027
2018-06-12,600822,21.77,21.87,21.93,21.45,25462,26974333.0,2.2,0.46,0.1,0.64,0.4800000000000004
2018-06-13,600822,21.71,21.63,22.55,21.59,29449,31506768.0,4.39,-1.1,-0.24,0.74,0.9600000000000009
2018-06-14,600822,21.63,21.59,21.81,21.45,22156,23348309.0,1.66,-0.18,-0.04,0.56,0.35999999999999943
2018-06-15,600822,21.65,20.93,21.83,20.85,33021,34235508.0,4.54,-3.06,-0.66,0.83,0.9799999999999969
2018-06-19,600822,20.09,18.89,20.09,18.89,49536,46316926.0,5.73,-9.75,-2.04,1.25,1.1999999999999993
2018-06-20,600822,18.15,18.19,18.53,17.38,66642,58453970.0,6.09,-3.71,-0.7,1.68,1.1500000000000021
2018-06-21,600822,18.25,16.66,18.49,16.64,51407,43754859.0,10.17,-8.41,-1.53,1.3,1.8499999999999979
2018-06-22,600822,16.48,17.02,17.14,16.48,34636,28298386.0,3.96,2.16,0.36,0.87,0.6600000000000001
2018-06-25,600822,17.26,17.32,17.92,16.98,48627,41147271.0,5.52,1.76,0.3,1.23,0.9400000000000013
2018-06-26,600822,16.94,17.7,17.88,16.72,39643,33476722.0,6.7,2.19,0.38,1.0,1.1600000000000001
2018-06-27,600822,17.74,17.42,17.84,17.36,32026,27264172.0,2.71,-1.58,-0.28,0.81,0.4800000000000004
2018-06-28,600822,17.38,17.3,17.72,17.28,29797,25267593.0,2.53,-0.69,-0.12,0.75,0.4399999999999977
2018-06-29,600822,17.44,17.82,17.84,17.36,32314,27637021.0,2.77,3.01,0.52,0.82,0.4800000000000004
2018-07-02,600822,17.72,17.52,18.13,17.36,32136,27643842.0,4.32,-1.68,-0.3,0.81,0.7699999999999996
2018-07-03,600822,17.42,17.84,17.88,17.42,27431,23551081.0,2.63,1.83,0.32,0.69,0.4599999999999973
2018-07-04,600822,17.74,17.99,18.69,17.6,55874,49212227.0,6.11,0.84,0.15,1.41,1.0899999999999999
2018-07-05,600822,17.6,16.82,17.9,16.76,45815,38506183.0,6.34,-6.5,-1.17,1.16,1.139999999999997
2018-07-06,600822,16.96,16.86,17.12,16.36,31924,25962833.0,4.52,0.24,0.04,0.81,0.7600000000000016
2018-07-09,600822,16.96,17.34,17.36,16.96,27063,22571491.0,2.37,2.85,0.48,0.68,0.3999999999999986
2018-07-10,600822,17.56,18.03,18.07,17.54,44306,38172769.0,3.06,3.98,0.69,1.12,0.5300000000000011
2018-07-11,600822,17.56,17.32,17.74,16.98,35251,29769784.0,4.22,-3.94,-0.71,0.89,0.759999999999998
2018-07-12,600822,17.2,17.74,17.9,17.2,40991,35103408.0,4.04,2.42,0.42,1.03,0.6999999999999993
2018-07-13,600822,17.76,17.6,17.78,17.48,31550,26911347.0,1.69,-0.79,-0.14,0.8,0.3000000000000007
2018-07-16,600822,17.56,17.52,17.66,17.44,21777,18481036.0,1.25,-0.45,-0.08,0.55,0.21999999999999886
2018-07-17,600822,17.52,17.46,17.58,17.2,27223,22882715.0,2.17,-0.34,-0.06,0.69,0.379999999999999
2018-07-18,600822,17.56,17.62,17.8,17.5,34169,29177365.0,1.72,0.92,0.16,0.86,0.3000000000000007
2018-07-19,600822,17.6,17.2,17.66,17.12,33657,28227084.0,3.06,-2.38,-0.42,0.85,0.5399999999999991
2018-07-20,600822,17.06,17.36,17.42,16.88,26661,22143464.0,3.14,0.93,0.16,0.67,0.5400000000000027
2018-07-23,600822,17.46,17.7,17.8,17.32,41246,35031427.0,2.76,1.96,0.34,1.04,0.4800000000000004
2018-07-24,600822,17.66,18.07,18.29,17.58,57921,50424060.0,4.01,2.09,0.37,1.46,0.7100000000000009
2018-07-25,600822,18.17,19.31,19.83,17.96,154091,144699327.0,10.35,6.86,1.24,3.89,1.8699999999999974
2018-07-26,600822,18.77,18.95,19.25,18.75,90765,83357199.0,2.59,-1.86,-0.36,2.29,0.5
2018-07-27,600822,19.15,19.71,20.01,18.99,135680,129225289.0,5.38,4.01,0.76,3.42,1.0200000000000031
2018-07-30,600822,19.91,21.03,21.63,19.37,191857,192238722.0,11.47,6.7,1.32,4.84,2.259999999999998
2018-07-31,600822,20.55,20.23,20.83,20.05,111017,110050103.0,3.71,-3.8,-0.8,2.8,0.7799999999999976
2018-08-01,600822,22.17,20.71,22.19,20.63,223937,236895189.0,7.71,2.37,0.48,5.65,1.5600000000000023
2018-08-02,600822,19.89,20.95,21.83,19.57,216084,220287709.0,10.91,1.16,0.24,5.45,2.259999999999998
2018-08-03,600822,20.55,21.93,22.41,20.39,235630,247577369.0,9.64,4.68,0.98,5.95,2.0199999999999996
2018-08-06,600822,21.09,20.09,21.23,19.97,153682,153986746.0,5.75,-8.39,-1.84,3.88,1.2600000000000016
2018-08-07,600822,20.31,21.47,22.05,20.31,171061,178079778.0,8.66,6.87,1.38,4.32,1.740000000000002
2018-08-08,600822,21.31,21.21,21.95,20.85,140023,145645742.0,5.12,-1.21,-0.26,3.53,1.0999999999999979
2018-08-09,600822,20.69,21.05,21.51,20.45,101901,104075154.0,5.0,-0.75,-0.16,2.57,1.0600000000000023
2018-08-10,600822,20.95,20.89,21.41,20.71,74968,76806657.0,3.33,-0.76,-0.16,1.89,0.6999999999999993
2018-08-13,600822,20.31,20.93,20.95,20.25,56766,56962630.0,3.35,0.19,0.04,1.43,0.6999999999999993
2018-08-14,600822,20.99,21.31,21.45,20.85,85052,87864973.0,2.87,1.82,0.38,2.15,0.5999999999999979
2018-08-15,600822,21.15,20.61,21.37,20.51,83938,85457268.0,4.04,-3.28,-0.7,2.12,0.8599999999999994
2018-08-16,600822,20.37,20.67,21.25,20.31,73367,74441530.0,4.56,0.29,0.06,1.85,0.9400000000000013
2018-08-17,600822,20.95,19.03,21.19,18.69,101904,98964434.0,12.09,-7.93,-1.64,2.57,2.5
2018-08-20,600822,19.15,19.17,19.43,18.41,65201,59976150.0,5.36,0.74,0.14,1.65,1.0199999999999996
2018-08-21,600822,19.17,19.49,19.65,19.07,51062,48246717.0,3.03,1.67,0.32,1.29,0.5799999999999983
2018-08-22,600822,19.35,19.29,19.75,19.17,41468,39074484.0,2.98,-1.03,-0.2,1.05,0.5799999999999983
2018-08-23,600822,19.13,19.41,19.77,19.11,40602,38384505.0,3.42,0.62,0.12,1.02,0.6600000000000001
2018-08-24,600822,19.41,19.49,19.81,19.25,40524,38597155.0,2.89,0.41,0.08,1.02,0.5599999999999987
2018-08-27,600822,19.51,20.13,20.31,19.51,65446,63157645.0,4.1,3.28,0.64,1.65,0.7999999999999972
2018-08-28,600822,20.11,20.83,21.35,19.95,101431,102379141.0,6.95,3.48,0.7,2.56,1.4000000000000021
2018-08-29,600822,20.65,20.79,20.91,20.49,51309,51679454.0,2.02,-0.19,-0.04,1.3,0.4200000000000017
2018-08-30,600822,20.65,20.79,21.35,20.65,68037,69379721.0,3.37,0.0,0.0,1.72,0.7000000000000028
2018-08-31,600822,20.67,20.41,20.93,20.27,60740,60785443.0,3.17,-1.83,-0.38,1.53,0.6600000000000001
2018-09-03,600822,20.43,20.67,20.73,20.25,48829,48767945.0,2.35,1.27,0.26,1.23,0.4800000000000004
2018-09-04,600822,20.73,21.45,22.55,20.55,137348,143608997.0,9.68,3.77,0.78,3.47,2.0
2018-09-05,600822,21.41,21.19,21.65,20.95,89790,92941422.0,3.26,-1.21,-0.26,2.27,0.6999999999999993
2018-09-06,600822,20.97,21.15,21.61,20.97,71334,73869419.0,3.02,-0.19,-0.04,1.8,0.6400000000000006
2018-09-07,600822,21.07,21.13,21.63,20.95,52506,54397891.0,3.22,-0.09,-0.02,1.33,0.6799999999999997
2018-09-10,600822,21.03,21.13,21.41,20.93,47574,49057512.0,2.27,0.0,0.0,1.2,0.4800000000000004
2018-09-11,600822,21.19,20.73,21.27,20.19,50878,51283744.0,5.11,-1.89,-0.4,1.28,1.0799999999999983
2018-09-12,600822,20.73,20.77,21.15,20.65,43694,44538544.0,2.41,0.19,0.04,1.1,0.5
2018-09-13,600822,20.99,21.51,21.71,20.81,107260,111489228.0,4.33,3.56,0.74,2.71,0.9000000000000021
2018-09-14,600822,21.37,21.57,21.73,20.93,76976,80241298.0,3.72,0.28,0.06,1.94,0.8000000000000007
2018-09-17,600822,21.57,21.51,22.51,21.39,105429,112606880.0,5.19,-0.28,-0.06,2.66,1.120000000000001
2018-09-18,600822,21.31,22.25,22.45,21.25,150438,161822738.0,5.58,3.44,0.74,3.8,1.1999999999999993
2018-09-19,600822,21.95,22.35,22.45,21.83,107883,116540594.0,2.79,0.45,0.1,2.72,0.620000000000001
2018-09-20,600822,22.31,22.99,23.31,22.01,157997,174971091.0,5.82,2.86,0.64,3.99,1.2999999999999972
2018-09-21,600822,22.91,23.21,23.47,22.75,124085,140015473.0,3.13,0.96,0.22,3.13,0.7199999999999989
2018-09-25,600822,22.95,23.19,24.1,22.85,98928,113130840.0,5.39,-0.09,-0.02,2.5,1.25
2018-09-26,600822,23.43,23.25,23.47,23.01,80306,91026402.0,1.98,0.26,0.06,2.03,0.4599999999999973
2018-09-27,600822,23.19,23.33,23.61,23.19,85897,98132412.0,1.81,0.34,0.08,2.17,0.41999999999999815
2018-09-28,600822,23.55,24.0,24.04,23.35,97984,113682468.0,2.96,2.87,0.67,2.47,0.6899999999999977
2018-10-08,600822,23.7,22.71,24.54,22.41,134785,154497569.0,8.88,-5.38,-1.29,3.4,2.129999999999999
2018-10-09,600822,23.09,23.65,24.36,22.85,146554,169338062.0,6.65,4.14,0.94,3.7,1.509999999999998
2018-10-10,600822,23.94,22.73,24.02,22.33,119720,133562565.0,7.15,-3.89,-0.92,3.02,1.6900000000000013
2018-10-11,600822,22.15,21.59,22.57,20.95,108508,115524893.0,7.13,-5.02,-1.14,2.74,1.620000000000001
2018-10-12,600822,21.73,21.67,22.05,20.75,80207,83952616.0,6.02,0.37,0.08,2.02,1.3000000000000007
2018-10-15,600822,21.77,21.51,21.99,21.45,47057,49830712.0,2.49,-0.74,-0.16,1.19,0.5399999999999991
2018-10-16,600822,21.39,19.41,21.59,19.41,99578,97414872.0,10.13,-9.76,-2.1,2.51,2.1799999999999997
2018-10-17,600822,19.55,18.61,19.71,17.94,101357,91165087.0,9.12,-4.12,-0.8,2.56,1.7699999999999996
2018-10-18,600822,18.45,18.07,18.61,17.76,52339,46239641.0,4.57,-2.9,-0.54,1.32,0.8499999999999979
2018-10-19,600822,18.27,18.79,18.87,17.88,66001,59481808.0,5.48,3.98,0.72,1.67,0.990000000000002
2018-10-22,600822,19.15,19.59,20.15,18.85,100802,95478493.0,6.92,4.26,0.8,2.54,1.2999999999999972
2018-10-23,600822,19.47,20.23,21.29,19.45,139435,138207963.0,9.39,3.27,0.64,3.52,1.8399999999999999
2018-10-24,600822,20.09,20.47,20.53,19.93,78521,77415620.0,2.97,1.19,0.24,1.98,0.6000000000000014
2018-10-25,600822,19.51,20.49,20.71,19.51,76585,75749892.0,5.86,0.1,0.02,1.93,1.1999999999999993
2018-10-26,600822,20.75,20.73,21.21,20.57,81479,82722370.0,3.12,1.17,0.24,2.06,0.6400000000000006
2018-10-29,600822,20.87,18.73,21.01,18.71,132551,123750661.0,11.1,-9.65,-2.0,3.35,2.3000000000000007
2018-10-30,600822,18.67,19.55,19.65,18.51,111544,103467098.0,6.09,4.38,0.82,2.82,1.139999999999997
2018-10-31,600822,19.47,19.93,20.15,19.47,95222,91930260.0,3.48,1.94,0.38,2.4,0.6799999999999997
2018-11-01,600822,20.27,20.43,20.71,19.79,126155,124368679.0,4.62,2.51,0.5,3.18,0.9200000000000017
2018-11-02,600822,20.61,20.69,20.89,20.13,129580,129161236.0,3.72,1.27,0.26,3.27,0.7600000000000016
2018-11-05,600822,20.89,20.75,21.49,20.59,189566,193676121.0,4.35,0.29,0.06,4.79,0.8999999999999986
2018-11-06,600822,20.35,21.87,22.77,19.67,258000,268274647.0,14.94,5.4,1.12,6.51,3.099999999999998
2018-11-07,600822,21.53,20.83,21.53,20.61,159011,163084816.0,4.21,-4.76,-1.04,4.01,0.9200000000000017
2018-11-08,600822,20.89,20.49,21.09,20.39,105837,106451001.0,3.36,-1.63,-0.34,2.67,0.6999999999999993
2018-11-09,600822,20.25,19.83,20.51,19.71,82207,80172100.0,3.9,-3.22,-0.66,2.08,0.8000000000000007
2018-11-12,600822,19.57,20.05,20.05,19.57,57899,56050138.0,2.42,1.11,0.22,1.46,0.4800000000000004
2018-11-13,600822,19.77,20.09,20.21,19.63,79763,77494201.0,2.89,0.2,0.04,2.01,0.5800000000000018
2018-11-14,600822,20.07,20.21,20.47,19.85,86970,85307720.0,3.09,0.6,0.12,2.2,0.6199999999999974
2018-11-15,600822,20.13,20.27,20.43,20.05,73413,72244215.0,1.88,0.3,0.06,1.85,0.379999999999999
2018-11-16,600822,20.45,21.41,21.85,20.27,238225,246213217.0,7.79,5.62,1.14,6.01,1.5800000000000018
2018-11-19,600822,21.35,21.61,22.21,21.09,183951,193172099.0,5.23,0.93,0.2,4.64,1.120000000000001
2018-11-20,600822,21.13,21.71,22.75,21.01,223244,239257298.0,8.05,0.46,0.1,5.64,1.7399999999999984
2018-11-21,600822,20.99,21.39,21.71,20.73,127772,131919529.0,4.51,-1.47,-0.32,3.23,0.9800000000000004
2018-11-22,600822,21.39,21.01,21.41,20.89,71248,73125577.0,2.43,-1.78,-0.38,1.8,0.5199999999999996
2018-11-23,600822,20.87,21.47,22.55,20.87,201534,213077376.0,8.0,2.19,0.46,5.09,1.6799999999999997
2018-11-26,600822,21.35,20.79,21.35,20.37,125925,127382190.0,4.56,-3.17,-0.68,3.18,0.9800000000000004
2018-11-27,600822,20.83,20.27,20.93,20.03,91972,91431901.0,4.33,-2.5,-0.52,2.32,0.8999999999999986
2018-11-28,600822,20.43,20.17,20.45,19.59,69289,67268521.0,4.24,-0.49,-0.1,1.75,0.8599999999999994
2018-11-29,600822,20.27,19.63,20.43,19.59,58216,56712447.0,4.16,-2.68,-0.54,1.47,0.8399999999999999
2018-11-30,600822,19.75,19.63,19.85,19.01,45831,43371636.0,4.28,0.0,0.0,1.16,0.8399999999999999
2018-12-03,600822,20.35,20.29,20.55,20.15,79435,78630736.0,2.04,3.36,0.66,2.01,0.40000000000000213
2018-12-04,600822,20.25,20.37,20.43,20.05,51731,50841305.0,1.87,0.39,0.08,1.31,0.379999999999999
2018-12-05,600822,19.95,19.97,20.11,19.73,42038,40742962.0,1.87,-1.96,-0.4,1.06,0.379999999999999
2018-12-06,600822,19.85,19.79,20.03,19.65,34496,33254772.0,1.9,-0.9,-0.18,0.87,0.38000000000000256
2018-12-07,600822,19.73,19.61,19.99,19.61,28561,27432730.0,1.92,-0.91,-0.18,0.72,0.379999999999999
2018-12-10,600822,19.35,19.17,19.55,19.07,32685,30589879.0,2.45,-2.24,-0.44,0.83,0.4800000000000004
2018-12-11,600822,19.25,19.39,19.41,19.23,26007,24389109.0,0.94,1.15,0.22,0.66,0.17999999999999972
2018-12-12,600822,19.43,19.49,19.51,19.33,21868,20654106.0,0.93,0.52,0.1,0.55,0.18000000000000327
2018-12-13,600822,19.55,19.71,19.79,19.33,30510,29091927.0,2.36,1.13,0.22,0.77,0.46000000000000085
2018-12-14,600822,19.57,19.51,20.11,19.51,40021,38413853.0,3.04,-1.01,-0.2,1.01,0.5999999999999979
2018-12-17,600822,19.55,19.77,19.87,19.27,40057,38173560.0,3.08,1.33,0.26,1.01,0.6000000000000014
2018-12-18,600822,19.39,19.33,19.75,19.15,30475,28804844.0,3.03,-2.23,-0.44,0.77,0.6000000000000014
2018-12-19,600822,19.35,18.73,19.45,18.53,41179,37878308.0,4.76,-3.1,-0.6,1.04,0.9199999999999982
2018-12-20,600822,18.63,19.09,19.51,18.59,47417,43920474.0,4.91,1.92,0.36,1.2,0.9200000000000017
2018-12-21,600822,18.85,18.67,19.05,18.63,26281,23935700.0,2.2,-2.2,-0.42,0.66,0.4200000000000017
2018-12-24,600822,18.73,18.77,18.85,18.67,15228,13861099.0,0.96,0.54,0.1,0.38,0.17999999999999972
2018-12-25,600822,18.55,18.37,18.57,18.01,31311,27682917.0,2.98,-2.13,-0.4,0.79,0.5599999999999987
2018-12-26,600822,18.37,18.37,18.47,18.21,18737,16667653.0,1.42,0.0,0.0,0.47,0.259999999999998
2018-12-27,600822,18.61,17.88,18.65,17.88,26385,23340603.0,4.19,-2.67,-0.49,0.67,0.7699999999999996
2018-12-28,600822,17.76,17.82,18.05,17.68,19401,16779611.0,2.07,-0.34,-0.06,0.49,0.370000000000001
2019-01-02,600822,17.82,17.72,17.96,17.72,16902,14587141.0,1.35,-0.56,-0.1,0.43,0.240000000000002
2019-01-03,600822,17.74,17.8,17.9,17.52,21923,18867601.0,2.14,0.45,0.08,0.55,0.379999999999999
2019-01-04,600822,17.34,18.07,18.07,17.34,30556,26404332.0,4.1,1.52,0.27,0.77,0.7300000000000004
2019-01-07,600822,18.23,18.33,18.41,18.11,28099,24951825.0,1.66,1.44,0.26,0.71,0.3000000000000007
2019-01-08,600822,18.37,18.43,18.57,18.23,25795,23077102.0,1.85,0.55,0.1,0.65,0.33999999999999986
2019-01-09,600822,18.39,18.47,18.71,18.39,35797,32235379.0,1.74,0.22,0.04,0.9,0.3200000000000003
2019-01-10,600822,18.55,18.19,18.55,18.15,26568,23643343.0,2.17,-1.52,-0.28,0.67,0.40000000000000213
2019-01-11,600822,18.19,18.17,18.27,17.92,28263,24764944.0,1.92,-0.11,-0.02,0.71,0.34999999999999787
2019-01-14,600822,18.21,17.97,18.21,17.92,17916,15668939.0,1.6,-1.1,-0.2,0.45,0.28999999999999915
2019-01-15,600822,18.05,18.83,19.71,17.8,87407,80379766.0,10.63,4.79,0.86,2.21,1.9100000000000001
2019-01-16,600822,18.67,18.89,19.51,18.59,74690,68843156.0,4.89,0.32,0.06,1.89,0.9200000000000017
2019-01-17,600822,18.71,18.57,18.89,18.49,39138,35545884.0,2.12,-1.69,-0.32,0.99,0.40000000000000213
2019-01-18,600822,18.59,18.65,18.77,18.41,33249,30007795.0,1.94,0.43,0.08,0.84,0.35999999999999943
2019-01-21,600822,18.65,18.61,18.75,18.57,27473,24856080.0,0.97,-0.21,-0.04,0.69,0.17999999999999972
2019-01-22,600822,18.55,18.39,18.67,18.37,21591,19387494.0,1.61,-1.18,-0.22,0.55,0.3000000000000007
2019-01-23,600822,18.39,18.55,18.71,18.33,19698,17691077.0,2.07,0.87,0.16,0.5,0.38000000000000256
2019-01-24,600822,18.55,18.59,18.67,18.35,26869,24158185.0,1.73,0.22,0.04,0.68,0.3200000000000003
2019-01-25,600822,18.51,18.57,18.93,18.51,36384,33023747.0,2.26,-0.11,-0.02,0.92,0.41999999999999815
2019-01-28,600822,18.59,18.03,18.67,18.01,34069,30277854.0,3.55,-2.91,-0.54,0.86,0.6600000000000001
2019-01-29,600822,17.96,17.66,18.43,17.4,31966,27467956.0,5.71,-2.05,-0.37,0.81,1.0300000000000011
2019-01-30,600822,17.64,17.44,17.86,17.44,22145,18879974.0,2.38,-1.25,-0.22,0.56,0.41999999999999815
2019-01-31,600822,17.48,16.88,17.6,16.86,25869,21565598.0,4.24,-3.21,-0.56,0.65,0.740000000000002
2019-02-01,600822,16.92,17.36,17.4,16.92,16984,14167461.0,2.84,2.84,0.48,0.43,0.4799999999999969
2019-02-11,600822,17.32,17.7,17.72,17.3,20855,17744341.0,2.42,1.96,0.34,0.53,0.41999999999999815
2019-02-12,600822,17.72,17.99,18.19,17.6,31872,27657953.0,3.33,1.64,0.29,0.8,0.5899999999999999
2019-02-13,600822,17.88,18.23,18.29,17.88,41491,36473919.0,2.28,1.33,0.24,1.05,0.41000000000000014
2019-02-14,600822,18.15,18.39,18.61,18.15,38861,34664808.0,2.52,0.88,0.16,0.98,0.46000000000000085
2019-02-15,600822,18.39,18.27,18.45,18.23,29847,26527559.0,1.2,-0.65,-0.12,0.75,0.21999999999999886
2019-02-18,600822,18.33,18.69,18.71,18.17,54147,48680344.0,2.96,2.3,0.42,1.37,0.5399999999999991
2019-02-19,600822,18.73,18.67,19.09,18.45,60458,55062945.0,3.42,-0.11,-0.02,1.53,0.6400000000000006
2019-02-20,600822,18.69,18.83,18.95,18.53,48911,44584888.0,2.25,0.86,0.16,1.23,0.41999999999999815
2019-02-21,600822,18.75,18.63,18.93,18.55,57800,52775157.0,2.02,-1.06,-0.2,1.46,0.379999999999999
2019-02-22,600822,18.63,19.13,19.15,18.55,83289,76825578.0,3.22,2.68,0.5,2.1,0.5999999999999979
2019-02-25,600822,19.45,19.93,20.05,19.13,123539,117532819.0,4.81,4.18,0.8,3.12,0.9200000000000017
2019-02-26,600822,19.95,19.67,20.09,19.53,102169,98357668.0,2.81,-1.3,-0.26,2.58,0.5599999999999987
2019-02-27,600822,19.63,19.77,20.05,19.53,76957,73954979.0,2.64,0.51,0.1,1.94,0.5199999999999996
2019-02-28,600822,19.79,19.81,20.25,19.69,70404,68138330.0,2.83,0.2,0.04,1.78,0.5599999999999987
2019-03-01,600822,19.75,19.93,20.05,19.57,70398,67683817.0,2.42,0.61,0.12,1.78,0.4800000000000004
2019-03-04,600822,20.15,20.39,21.45,19.93,170189,168854127.0,7.63,2.31,0.46,4.3,1.5199999999999996
2019-03-05,600822,20.35,20.85,21.05,20.15,157839,158250552.0,4.41,2.26,0.46,3.98,0.9000000000000021
2019-03-06,600822,20.97,21.03,21.21,20.47,157901,160456912.0,3.55,0.86,0.18,3.99,0.740000000000002
2019-03-07,600822,20.89,21.47,21.57,20.73,145882,150519041.0,3.99,2.09,0.44,3.68,0.8399999999999999
2019-03-08,600822,21.07,21.11,21.33,20.33,139433,141982824.0,4.66,-1.68,-0.36,3.52,1.0
2019-03-11,600822,21.25,22.81,23.15,21.11,254164,278026192.0,9.66,8.05,1.7,6.42,2.039999999999999
2019-03-12,600822,22.55,22.85,23.55,22.41,167589,187308925.0,5.0,0.18,0.04,4.23,1.1400000000000006
2019-03-13,600822,22.81,22.87,23.82,22.35,153237,172008011.0,6.43,0.09,0.02,3.87,1.4699999999999989
2019-03-14,600822,22.57,21.87,22.89,21.53,85145,91873129.0,5.95,-4.37,-1.0,2.15,1.3599999999999994
2019-03-15,600822,22.03,23.31,24.0,22.03,357890,412232608.0,9.01,6.58,1.44,9.03,1.9699999999999989
2019-03-18,600822,23.15,22.75,23.15,22.11,234472,258036762.0,4.46,-2.4,-0.56,5.92,1.0399999999999991
2019-03-19,600822,22.69,22.71,23.11,22.41,92350,102523451.0,3.08,-0.18,-0.04,2.33,0.6999999999999993
2019-03-20,600822,22.55,22.89,23.13,22.45,89506,99667647.0,2.99,0.79,0.18,2.26,0.6799999999999997
2019-03-21,600822,22.85,23.03,23.51,22.65,116432,130953917.0,3.76,0.61,0.14,2.94,0.860000000000003
2019-03-22,600822,23.05,24.0,24.48,22.95,208336,242965465.0,6.64,4.21,0.97,5.26,1.5300000000000011
2019-03-25,600822,23.53,23.35,23.96,23.11,108216,124225021.0,3.54,-2.71,-0.65,2.73,0.8500000000000014
2019-03-26,600822,23.45,22.17,23.65,22.03,118668,131124560.0,6.94,-5.05,-1.18,3.0,1.6199999999999974
2019-03-27,600822,22.31,22.39,22.67,21.75,55297,59992299.0,4.15,0.99,0.22,1.4,0.9200000000000017
2019-03-28,600822,22.35,21.83,22.35,21.77,55027,59053369.0,2.59,-2.5,-0.56,1.39,0.5800000000000018
2019-03-29,600822,21.83,22.77,23.11,21.61,96707,106223720.0,6.87,4.31,0.94,2.44,1.5
2019-04-01,600822,22.77,23.55,23.82,22.75,123851,141383175.0,4.7,3.43,0.78,3.13,1.0700000000000003
2019-04-02,600822,23.53,23.25,23.78,22.99,95443,109269924.0,3.35,-1.27,-0.3,2.41,0.7900000000000027
2019-04-03,600822,23.35,25.52,25.52,23.25,219777,269258992.0,9.76,9.76,2.27,5.55,2.2699999999999996
2019-04-04,600822,28.02,28.02,28.02,28.02,25891,35573561.0,0.0,9.8,2.5,0.65,0.0
2019-04-08,600822,27.94,29.65,30.73,26.4,643647,901639952.0,15.45,5.82,1.63,16.25,4.330000000000002
2019-04-09,600822,27.8,27.26,28.22,26.78,342873,463696368.0,4.86,-8.06,-2.39,8.66,1.4399999999999977
2019-04-10,600822,26.56,28.54,28.54,25.74,322028,432805312.0,10.27,4.7,1.28,8.13,2.8000000000000007
2019-04-11,600822,27.74,28.06,30.73,27.56,371412,530554272.0,11.11,-1.68,-0.48,9.38,3.1700000000000017
2019-04-12,600822,28.86,28.86,30.09,27.84,293456,416802096.0,8.02,2.85,0.8,7.41,2.25
2019-04-15,600822,28.54,29.45,31.17,27.98,332547,484200688.0,11.05,2.04,0.59,8.39,3.1900000000000013
2019-04-16,600822,28.6,29.3,29.53,28.14,218362,308520944.0,4.72,-0.51,-0.15,5.51,1.3900000000000006
2019-04-17,600822,29.06,29.39,30.13,28.52,245463,353439216.0,5.49,0.31,0.09,6.2,1.6099999999999994
2019-04-18,600822,28.84,28.26,29.26,27.88,210950,295687904.0,4.7,-3.84,-1.13,5.33,1.3800000000000026
2019-04-19,600822,27.96,27.58,28.34,27.14,142825,193957150.0,4.25,-2.41,-0.68,3.61,1.1999999999999993
2019-04-22,600822,27.8,27.12,28.12,27.0,111090,149914544.0,4.06,-1.67,-0.46,2.8,1.120000000000001
2019-04-23,600822,27.26,28.14,29.28,26.6,234342,322022112.0,9.88,3.76,1.02,5.92,2.6799999999999997
2019-04-24,600822,27.54,27.22,27.68,26.84,123562,164369789.0,2.99,-3.27,-0.92,3.12,0.8399999999999999
2019-04-25,600822,26.88,26.46,27.98,26.44,115746,154331824.0,5.66,-2.79,-0.76,2.92,1.5399999999999991
2019-04-26,600822,26.16,26.04,26.74,25.92,75549,97280915.0,3.1,-1.59,-0.42,1.91,0.8199999999999967
2019-04-29,600822,26.0,23.94,26.92,23.55,156910,195357565.0,12.94,-8.06,-2.1,3.96,3.370000000000001
2019-04-30,600822,24.1,25.4,26.1,23.94,132032,162393094.0,9.02,6.1,1.46,3.33,2.16
2019-05-06,600822,23.63,22.93,24.96,22.93,131641,152904923.0,7.99,-9.72,-2.47,3.32,2.030000000000001
2019-05-07,600822,23.09,22.43,23.41,21.79,101074,111193790.0,7.06,-2.18,-0.5,2.55,1.620000000000001
2019-05-08,600822,21.95,22.71,24.12,21.51,119833,132633347.0,11.64,1.25,0.28,3.02,2.6099999999999994
2019-05-09,600822,22.35,22.77,23.37,22.15,84721,93535850.0,5.37,0.26,0.06,2.14,1.2200000000000024
2019-05-10,600822,23.7,24.32,24.7,22.15,180224,208486066.0,11.2,6.81,1.55,4.55,2.5500000000000007
2019-05-13,600822,23.74,25.54,26.22,23.59,237709,293585968.0,10.81,5.02,1.22,6.0,2.629999999999999
2019-05-14,600822,25.02,24.74,25.5,24.4,142546,173916370.0,4.31,-3.13,-0.8,3.6,1.1000000000000014
2019-05-15,600822,24.84,25.08,25.5,24.72,108859,133674698.0,3.15,1.37,0.34,2.75,0.7800000000000011
2019-05-16,600822,24.84,24.88,25.46,24.62,88083,107819742.0,3.35,-0.8,-0.2,2.22,0.8399999999999999
2019-05-17,600822,24.9,23.86,25.18,23.51,94562,112863227.0,6.71,-4.1,-1.02,2.39,1.6699999999999982
2019-05-20,600822,23.9,23.65,24.2,22.59,80355,91741323.0,6.75,-0.88,-0.21,2.03,1.6099999999999994
2019-05-21,600822,23.82,24.78,25.04,23.72,118150,141125520.0,5.58,4.78,1.13,2.98,1.3200000000000003
2019-05-22,600822,24.5,23.76,24.74,23.37,111492,131116357.0,5.53,-4.12,-1.02,2.81,1.3699999999999974
2019-05-23,600822,23.37,23.8,24.4,23.31,87608,102221232.0,4.59,0.17,0.04,2.21,1.0899999999999999
2019-05-24,600822,23.55,24.16,24.78,23.03,120178,140887632.0,7.35,1.51,0.36,3.03,1.75
2019-05-27,600822,24.04,24.46,24.58,23.43,119335,140270384.0,4.76,1.24,0.3,3.01,1.1499999999999986
2019-05-28,600822,24.46,25.14,25.7,24.24,182148,223681473.0,5.97,2.78,0.68,4.6,1.4600000000000009
2019-05-29,600822,24.74,25.34,25.54,24.62,128428,157667606.0,3.66,0.8,0.2,3.24,0.9199999999999982
2019-05-30,600822,25.12,24.86,25.52,24.42,153013,186075089.0,4.34,-1.89,-0.48,3.86,1.0999999999999979
2019-05-31,600822,24.54,24.86,25.0,24.04,124041,148738742.0,3.86,0.0,0.0,3.13,0.9600000000000009
2019-06-03,600822,24.78,24.2,24.92,24.14,65499,78648679.0,3.14,-2.65,-0.66,1.65,0.7800000000000011
2019-06-04,600822,24.2,23.01,24.2,22.71,82615,94533270.0,6.16,-4.92,-1.19,2.09,1.4899999999999984
2019-06-05,600822,23.33,22.05,23.51,21.79,114789,125203231.0,7.48,-4.17,-0.96,2.9,1.7200000000000024
2019-06-06,600822,22.05,20.57,22.15,20.47,80508,82307445.0,7.62,-6.71,-1.48,2.03,1.6799999999999997
2019-06-10,600822,20.79,20.71,20.85,20.37,39508,39787271.0,2.33,0.68,0.14,1.0,0.4800000000000004
2019-06-11,600822,20.71,21.73,21.85,20.71,70771,73692664.0,5.5,4.93,1.02,1.79,1.1400000000000006
2019-06-12,600822,21.65,21.45,21.91,21.35,49378,51963032.0,2.58,-1.29,-0.28,1.25,0.5599999999999987
2019-06-13,600822,21.33,21.61,21.67,21.03,66199,68976452.0,2.98,0.75,0.16,1.67,0.6400000000000006
2019-06-14,600822,21.63,21.17,21.91,21.15,58454,61491606.0,3.52,-2.04,-0.44,1.48,0.7600000000000016
2019-06-17,600822,21.19,21.25,21.39,20.99,31407,32377618.0,1.89,0.38,0.08,0.79,0.40000000000000213
2019-06-18,600822,21.25,20.85,21.27,20.81,28819,29530327.0,2.16,-1.88,-0.4,0.73,0.46000000000000085
2019-06-19,600822,21.73,21.63,22.29,21.41,92899,98581219.0,4.22,3.74,0.78,2.35,0.879999999999999
2019-06-20,600822,21.63,22.01,22.21,21.55,61016,65121141.0,3.05,1.76,0.38,1.54,0.6600000000000001
2019-06-21,600822,22.11,22.63,22.75,22.11,79137,86758520.0,2.91,2.82,0.62,2.0,0.6400000000000006
2019-06-24,600822,22.61,23.25,24.46,22.55,127306,146509748.0,8.44,2.74,0.62,3.21,1.9100000000000001
2019-06-25,600822,23.29,23.68,24.12,22.55,118777,134835640.0,6.75,1.85,0.43,3.0,1.5700000000000003
2019-06-26,600822,23.17,23.29,23.57,22.97,70382,79818024.0,2.53,-1.65,-0.39,1.78,0.6000000000000014
2019-06-27,600822,23.29,23.78,23.94,23.27,70073,80856123.0,2.88,2.1,0.49,1.77,0.6700000000000017
2019-06-28,600822,23.82,25.36,26.1,23.01,298695,370775072.0,12.99,6.64,1.58,7.54,3.09
2019-07-01,600822,25.28,26.74,27.3,24.64,341361,434371952.0,10.49,5.44,1.38,8.62,2.66
2019-07-02,600822,26.02,25.74,26.8,25.54,182909,231981253.0,4.71,-3.74,-1.0,4.62,1.2600000000000016
2019-07-03,600822,25.74,24.94,25.74,24.76,117387,144032306.0,3.81,-3.11,-0.8,2.96,0.9799999999999969
2019-07-04,600822,25.46,25.2,25.64,24.9,88276,109093446.0,2.97,1.04,0.26,2.23,0.740000000000002
2019-07-05,600822,24.94,25.38,25.72,24.76,81021,100039511.0,3.81,0.71,0.18,2.05,0.9599999999999973
2019-07-08,600822,24.92,24.1,25.1,23.86,101955,121070380.0,4.89,-5.04,-1.28,2.57,1.240000000000002
2019-07-09,600822,24.32,23.94,24.32,23.55,65397,76248664.0,3.2,-0.66,-0.16,1.65,0.7699999999999996
2019-07-10,600822,23.98,24.14,24.64,23.84,70005,82806616.0,3.34,0.84,0.2,1.77,0.8000000000000007
2019-07-11,600822,24.14,24.24,24.48,24.0,62628,74293728.0,1.99,0.41,0.1,1.58,0.4800000000000004
2019-07-12,600822,24.3,24.48,24.54,22.95,101622,119350186.0,6.56,0.99,0.24,2.57,1.5899999999999999
2019-07-15,600822,24.28,24.5,24.98,23.98,91373,109707410.0,4.08,0.08,0.02,2.31,1.0
2019-07-16,600822,24.34,24.54,24.9,24.12,48424,58161135.0,3.18,0.16,0.04,1.22,0.7799999999999976
2019-07-17,600822,24.36,24.6,24.9,24.3,69126,83330406.0,2.44,0.24,0.06,1.74,0.5999999999999979
2019-07-18,600822,24.34,24.34,24.82,24.16,61079,73030720.0,2.68,-1.06,-0.26,1.54,0.6600000000000001
2019-07-19,600822,24.24,24.84,24.98,24.24,95752,115965145.0,3.04,2.05,0.5,2.42,0.740000000000002
2019-07-22,600822,24.54,22.99,24.84,22.81,103023,118722519.0,8.17,-7.45,-1.85,2.6,2.030000000000001
2019-07-23,600822,23.33,23.41,23.67,23.07,51452,58637314.0,2.61,1.83,0.42,1.3,0.6000000000000014
2019-07-24,600822,23.61,23.86,24.18,23.61,75772,88471768.0,2.43,1.92,0.45,1.91,0.5700000000000003
2019-07-25,600822,23.8,25.54,25.66,23.8,217352,265861869.0,7.8,7.04,1.68,5.49,1.8599999999999994
2019-07-26,600822,25.46,26.0,26.44,24.98,209549,264778398.0,5.72,1.8,0.46,5.29,1.4600000000000009
2019-07-29,600822,25.76,25.38,25.82,25.12,108146,134256392.0,2.69,-2.38,-0.62,2.73,0.6999999999999993
2019-07-30,600822,25.38,25.1,25.5,24.96,97861,120765925.0,2.13,-1.1,-0.28,2.47,0.5399999999999991
2019-07-31,600822,25.14,25.96,26.14,24.82,177906,223012058.0,5.26,3.43,0.86,4.49,1.3200000000000003
2019-08-01,600822,25.34,25.82,25.86,25.18,86166,107859042.0,2.62,-0.54,-0.14,2.18,0.6799999999999997
2019-08-02,600822,24.74,25.22,25.6,24.5,86071,105657886.0,4.26,-2.32,-0.6,2.17,1.1000000000000014
2019-08-05,600822,25.08,25.72,26.1,24.84,117632,146758898.0,5.0,1.98,0.5,2.97,1.2600000000000016
2019-08-06,600822,25.48,24.32,25.8,23.21,184945,220914782.0,10.07,-5.44,-1.4,4.67,2.59
2019-08-07,600822,24.42,22.41,24.48,22.17,210408,236798118.0,9.5,-7.85,-1.91,5.31,2.3099999999999987
2019-08-08,600822,21.75,21.51,22.25,21.23,112066,118066245.0,4.55,-4.02,-0.9,2.83,1.0199999999999996
2019-08-09,600822,21.55,21.53,21.95,21.35,67279,70834562.0,2.79,0.09,0.02,1.7,0.5999999999999979
2019-08-12,600822,21.55,21.65,21.71,21.19,50263,52464022.0,2.42,0.56,0.12,1.27,0.5199999999999996
2019-08-13,600822,21.37,21.79,21.81,21.21,52191,54865635.0,2.77,0.65,0.14,1.32,0.5999999999999979
2019-08-14,600822,22.17,21.67,22.29,21.55,55589,59382658.0,3.4,-0.55,-0.12,1.4,0.7399999999999984
2019-08-15,600822,21.01,21.27,21.41,20.79,55264,56788391.0,2.86,-1.85,-0.4,1.4,0.620000000000001
2019-08-16,600822,21.27,21.15,21.45,21.15,35816,37128091.0,1.41,-0.56,-0.12,0.9,0.3000000000000007
2019-08-19,600822,21.45,21.97,22.13,21.29,80709,85380896.0,3.97,3.88,0.82,2.04,0.8399999999999999
2019-08-20,600822,22.33,22.35,22.87,22.05,125636,137616607.0,3.73,1.73,0.38,3.17,0.8200000000000003
2019-08-21,600822,22.37,23.05,23.35,22.35,151496,169939619.0,4.47,3.13,0.7,3.82,1.0
2019-08-22,600822,23.05,22.69,23.07,22.45,70318,77871644.0,2.69,-1.56,-0.36,1.78,0.620000000000001
2019-08-23,600822,22.73,22.61,22.95,21.95,89886,98331375.0,4.41,-0.35,-0.08,2.27,1.0
2019-08-26,600822,21.95,21.97,22.29,21.81,49472,53088195.0,2.12,-2.83,-0.64,1.25,0.4800000000000004
2019-08-27,600822,22.11,22.11,22.35,21.89,65817,71060870.0,2.09,0.64,0.14,1.66,0.46000000000000085
2019-08-28,600822,22.11,22.33,22.87,21.99,86030,94420590.0,3.98,1.0,0.22,2.17,0.8800000000000026
2019-08-29,600822,22.53,22.61,22.85,22.23,82527,90771066.0,2.78,1.25,0.28,2.08,0.620000000000001
2019-08-30,600822,22.79,22.13,22.91,22.11,80434,88320487.0,3.54,-2.12,-0.48,2.03,0.8000000000000007
2019-09-02,600822,22.09,22.35,22.47,21.99,43210,46968377.0,2.17,0.99,0.22,1.09,0.4800000000000004
2019-09-03,600822,22.35,22.39,22.67,22.25,52180,57060487.0,1.88,0.18,0.04,1.32,0.4200000000000017
2019-09-04,600822,22.15,22.49,22.49,22.09,55803,60603332.0,1.79,0.45,0.1,1.41,0.3999999999999986
2019-09-05,600822,22.55,22.67,22.95,22.45,114600,127138330.0,2.22,0.8,0.18,2.89,0.5
2019-09-06,600822,22.69,22.95,23.43,22.55,102043,114453841.0,3.88,1.24,0.28,2.58,0.879999999999999
2019-09-09,600822,23.15,23.17,23.23,22.75,75267,84707563.0,2.09,0.96,0.22,1.9,0.4800000000000004
2019-09-10,600822,23.15,23.53,23.65,23.03,101508,115726105.0,2.68,1.55,0.36,2.56,0.6199999999999974
2019-09-11,600822,23.57,23.78,24.26,23.21,127055,147617693.0,4.46,1.06,0.25,3.21,1.0500000000000007
2019-09-12,600822,23.84,23.67,23.96,23.63,65326,75829415.0,1.39,-0.46,-0.11,1.65,0.33000000000000185
2019-09-16,600822,23.78,23.45,23.86,23.31,67920,78219654.0,2.32,-0.93,-0.22,1.71,0.5500000000000007
2019-09-17,600822,23.45,22.95,23.51,22.87,64368,72529481.0,2.73,-2.13,-0.5,1.62,0.6400000000000006
2019-09-18,600822,22.97,22.95,23.67,22.85,108382,123355038.0,3.57,0.0,0.0,2.74,0.8200000000000003
2019-09-19,600822,23.05,23.31,23.55,22.79,105070,119055903.0,3.31,1.57,0.36,2.65,0.7600000000000016
2019-09-20,600822,23.19,23.59,23.68,23.15,81836,93699315.0,2.27,1.2,0.28,2.07,0.5300000000000011
2019-09-23,600822,23.57,23.39,23.57,22.91,69027,78116527.0,2.8,-0.85,-0.2,1.74,0.6600000000000001
2019-09-24,600822,23.35,23.19,23.49,23.15,53169,60570565.0,1.45,-0.86,-0.2,1.34,0.33999999999999986
2019-09-25,600822,23.19,22.77,23.29,22.75,42774,47953011.0,2.33,-1.81,-0.42,1.08,0.5399999999999991
2019-09-26,600822,22.77,22.15,22.95,21.69,58542,63409258.0,5.53,-2.72,-0.62,1.48,1.259999999999998
2019-09-27,600822,22.09,22.41,22.59,22.05,30619,33464645.0,2.44,1.17,0.26,0.77,0.5399999999999991
2019-09-30,600822,22.53,21.35,22.73,20.89,99111,105056005.0,8.21,-4.73,-1.06,2.5,1.8399999999999999
2019-10-08,600822,21.43,21.57,22.19,21.37,102329,108689988.0,3.84,1.03,0.22,2.58,0.8200000000000003
2019-10-09,600822,21.59,22.09,22.27,21.31,82771,87648712.0,4.45,2.41,0.52,2.09,0.9600000000000009
2019-10-10,600822,22.01,22.37,22.69,22.01,66132,72123696.0,3.08,1.27,0.28,1.67,0.6799999999999997
2019-10-11,600822,22.41,22.59,22.75,22.15,52360,57324755.0,2.68,0.98,0.22,1.32,0.6000000000000014
2019-10-14,600822,22.93,22.43,22.93,22.35,89553,98388817.0,2.57,-0.71,-0.16,2.26,0.5799999999999983
2019-10-15,600822,22.35,22.03,22.69,21.85,71829,77703770.0,3.74,-1.78,-0.4,1.81,0.8399999999999999
2019-10-16,600822,22.07,22.71,23.31,21.97,141829,156908054.0,6.08,3.09,0.68,3.58,1.3399999999999999
2019-10-17,600822,22.57,22.77,23.17,22.45,94624,105256563.0,3.17,0.26,0.06,2.39,0.7200000000000024
2019-10-18,600822,22.75,22.39,23.01,22.25,82351,91068268.0,3.34,-1.67,-0.38,2.08,0.7600000000000016
2019-10-21,600822,22.47,22.91,23.27,21.85,128397,142472854.0,6.34,2.32,0.52,3.24,1.4199999999999982
2019-10-22,600822,22.81,24.14,24.58,22.61,261189,304574960.0,8.6,5.37,1.23,6.59,1.9699999999999989
2019-10-23,600822,24.02,23.86,24.32,23.7,134379,157793495.0,2.57,-1.16,-0.28,3.39,0.620000000000001
2019-10-24,600822,24.16,24.04,24.26,23.65,83120,97145136.0,2.56,0.75,0.18,2.1,0.610000000000003
2019-10-25,600822,24.1,24.08,24.18,23.61,91217,106702465.0,2.37,0.17,0.04,2.3,0.5700000000000003
2019-10-28,600822,23.67,24.04,24.14,23.55,89255,104320839.0,2.45,-0.17,-0.04,2.25,0.5899999999999999
2019-10-29,600822,24.14,24.0,24.7,23.88,173927,205905143.0,3.41,-0.17,-0.04,4.39,0.8200000000000003
2019-10-30,600822,23.72,23.15,23.98,22.85,135596,154314680.0,4.71,-3.54,-0.85,3.42,1.129999999999999
2019-10-31,600822,23.35,22.61,23.7,22.51,124668,140530173.0,5.14,-2.33,-0.54,3.15,1.1899999999999977
2019-11-01,600822,22.57,23.19,23.39,22.11,124650,138169214.0,5.66,2.57,0.58,3.15,1.2800000000000011
2019-11-04,600822,23.21,23.13,23.35,22.99,92922,105000429.0,1.55,-0.26,-0.06,2.35,0.360000000000003
2019-11-05,600822,23.13,22.33,23.35,21.87,144186,156696192.0,6.4,-3.46,-0.8,3.64,1.4800000000000004
2019-11-06,600822,22.19,22.09,22.57,21.97,80608,87683794.0,2.69,-1.07,-0.24,2.03,0.6000000000000014
2019-11-07,600822,22.05,21.81,22.33,21.65,85270,90976875.0,3.08,-1.27,-0.28,2.15,0.6799999999999997
2019-11-08,600822,21.93,22.05,22.47,21.83,105308,113955999.0,2.93,1.1,0.24,2.66,0.6400000000000006
2019-11-11,600822,21.89,21.25,22.19,21.09,88954,93821442.0,4.99,-3.63,-0.8,2.25,1.1000000000000014
2019-11-12,600822,21.39,21.25,21.43,20.81,58637,60151000.0,2.92,0.0,0.0,1.48,0.620000000000001
2019-11-13,600822,21.33,21.33,21.39,21.03,32296,33400514.0,1.69,0.38,0.08,0.82,0.35999999999999943
2019-11-14,600822,21.35,21.23,21.45,20.87,49362,50856268.0,2.72,-0.47,-0.1,1.25,0.5799999999999983
2019-11-15,600822,21.15,20.73,21.15,20.65,44184,44896782.0,2.36,-2.36,-0.5,1.12,0.5
2019-11-18,600822,20.73,20.93,20.99,20.55,32765,33185379.0,2.12,0.96,0.2,0.83,0.4399999999999977
2019-11-19,600822,20.91,21.15,21.25,20.81,31220,32101439.0,2.1,1.05,0.22,0.79,0.4400000000000013
2019-11-20,600822,21.11,20.77,21.31,20.57,44541,45246011.0,3.5,-1.8,-0.38,1.12,0.7399999999999984
2019-11-21,600822,20.67,20.73,20.83,20.51,29969,30146658.0,1.54,-0.19,-0.04,0.76,0.31999999999999673
2019-11-22,600822,20.73,20.79,20.93,20.51,41544,41881279.0,2.03,0.29,0.06,1.05,0.41999999999999815
2019-11-25,600822,20.71,20.65,20.83,20.03,40547,40413810.0,3.85,-0.67,-0.14,1.02,0.7999999999999972
2019-11-26,600822,20.63,20.41,20.67,20.13,35901,35600333.0,2.62,-1.16,-0.24,0.91,0.5400000000000027
2019-11-27,600822,20.33,20.35,20.65,20.07,32084,31850667.0,2.84,-0.29,-0.06,0.81,0.5799999999999983
2019-11-28,600822,20.41,20.39,20.51,20.07,41076,40449904.0,2.16,0.2,0.04,1.04,0.4400000000000013
2019-11-29,600822,20.29,20.55,20.65,19.97,48170,47596416.0,3.33,0.78,0.16,1.22,0.6799999999999997
2019-12-02,600822,20.53,20.49,20.67,20.39,23852,23832754.0,1.36,-0.29,-0.06,0.6,0.28000000000000114
2019-12-03,600822,20.27,20.55,20.57,19.91,45091,44365427.0,3.22,0.29,0.06,1.14,0.6600000000000001
2019-12-04,600822,20.31,20.53,20.57,20.27,25222,25127358.0,1.46,-0.1,-0.02,0.64,0.3000000000000007
2019-12-05,600822,20.59,20.83,20.95,20.55,42690,43219667.0,1.95,1.46,0.3,1.08,0.3999999999999986
2019-12-06,600822,20.85,20.87,20.99,20.75,21740,22073510.0,1.15,0.19,0.04,0.55,0.23999999999999844
2019-12-09,600822,20.87,20.85,21.01,20.77,14522,14735314.0,1.15,-0.1,-0.02,0.37,0.240000000000002
2019-12-10,600822,20.83,20.71,20.85,20.67,20062,20229431.0,0.86,-0.67,-0.14,0.51,0.17999999999999972
2019-12-11,600822,20.75,20.91,20.95,20.45,47460,47909862.0,2.41,0.97,0.2,1.2,0.5
2019-12-12,600822,20.81,20.69,20.85,20.65,19957,20138918.0,0.96,-1.05,-0.22,0.5,0.20000000000000284
2019-12-13,600822,20.81,20.97,21.01,20.75,39636,40407125.0,1.26,1.35,0.28,1.0,0.26000000000000156
2019-12-16,600822,21.39,21.25,21.39,21.05,43893,45259417.0,1.62,1.34,0.28,1.11,0.33999999999999986
2019-12-17,600822,21.15,21.47,21.49,21.13,52487,54558544.0,1.69,1.04,0.22,1.32,0.35999999999999943
2019-12-18,600822,21.43,21.39,21.57,21.27,36360,37918148.0,1.4,-0.37,-0.08,0.92,0.3000000000000007
2019-12-19,600822,21.39,21.43,21.51,21.25,39326,40977533.0,1.22,0.19,0.04,0.99,0.26000000000000156
2019-12-20,600822,21.43,21.37,21.47,21.27,30118,31420666.0,0.93,-0.28,-0.06,0.76,0.1999999999999993
2019-12-23,600822,21.21,20.69,21.33,20.65,37392,38136150.0,3.18,-3.18,-0.68,0.94,0.6799999999999997
2019-12-24,600822,20.65,20.87,20.89,20.65,18381,18588500.0,1.16,0.87,0.18,0.46,0.240000000000002
2019-12-25,600822,20.85,20.77,20.93,20.65,22549,22816539.0,1.34,-0.48,-0.1,0.57,0.28000000000000114
2019-12-26,600822,20.75,20.85,20.87,20.67,20016,20244760.0,0.96,0.39,0.08,0.51,0.1999999999999993
2019-12-27,600822,20.87,20.77,21.11,20.75,29185,29740940.0,1.73,-0.38,-0.08,0.74,0.35999999999999943
2019-12-30,600822,20.71,20.79,20.81,20.39,26359,26495337.0,2.02,0.1,0.02,0.67,0.41999999999999815
2019-12-31,600822,20.85,20.99,21.15,20.79,32594,33191589.0,1.73,0.96,0.2,0.82,0.35999999999999943
