日期,股票代码,开盘,收盘,最高,最低,成交量,成交额,振幅,涨跌幅,涨跌额,换手率,volatility
2010-01-04,000062,41.98,41.45,42.11,41.28,17685,17900946.0,1.99,-0.74,-0.31,1.06,0.8299999999999983
2010-01-05,000062,41.45,42.15,42.33,41.1,34878,35534320.0,2.97,1.69,0.7,2.09,1.2299999999999969
2010-01-06,000062,42.15,42.55,42.9,41.5,32350,33415912.0,3.32,0.95,0.4,1.94,1.3999999999999986
2010-01-07,000062,42.33,40.57,42.55,39.83,31010,31278902.0,6.39,-4.65,-1.98,1.86,2.719999999999999
2010-01-08,000062,40.57,40.4,40.66,39.52,25725,25256386.0,2.81,-0.42,-0.17,1.54,1.1399999999999935
2010-01-11,000062,40.92,41.8,41.8,40.22,37318,37433112.0,3.91,3.47,1.4,2.24,1.5799999999999983
2010-01-12,000062,41.58,41.93,42.2,40.88,35311,35799308.0,3.16,0.31,0.13,2.12,1.3200000000000003
2010-01-13,000062,41.01,41.23,42.29,40.57,33048,33404792.0,4.1,-1.67,-0.7,1.98,1.7199999999999989
2010-01-14,000062,41.32,43.47,43.56,41.1,79620,82906848.0,5.97,5.43,2.24,4.77,2.460000000000001
2010-01-15,000062,43.16,43.56,44.44,42.81,56633,59889980.0,3.75,0.21,0.09,3.39,1.6299999999999955
2010-01-18,000062,43.25,44.0,44.26,42.95,54086,57472228.0,3.01,1.01,0.44,3.24,1.3099999999999952
2010-01-19,000062,44.0,43.08,44.0,42.77,43375,45594588.0,2.8,-2.09,-0.92,2.6,1.2299999999999969
2010-01-20,000062,43.08,41.01,43.34,40.79,54434,55223032.0,5.92,-4.81,-2.07,3.26,2.5500000000000043
2010-01-21,000062,41.01,41.06,41.36,40.22,36727,36550864.0,2.78,0.12,0.05,2.2,1.1400000000000006
2010-01-22,000062,40.84,39.96,40.84,39.03,33470,32649986.0,4.41,-2.68,-1.1,2.01,1.8100000000000023
2010-01-25,000062,39.83,39.61,40.09,39.25,13024,12646280.0,2.1,-0.88,-0.35,0.78,0.8400000000000034
2010-01-26,000062,39.78,37.19,40.0,36.97,25435,23754528.0,7.65,-6.11,-2.42,1.52,3.030000000000001
2010-01-27,000062,37.19,36.79,37.54,36.62,17661,16097973.0,2.47,-1.08,-0.4,1.06,0.9200000000000017
2010-01-28,000062,37.01,36.62,37.06,36.27,21236,19171982.0,2.15,-0.46,-0.17,1.27,0.7899999999999991
2010-01-29,000062,36.62,36.79,37.36,36.4,19702,17881812.0,2.62,0.46,0.17,1.18,0.9600000000000009
2010-02-01,000062,38.2,37.72,38.29,37.45,31638,29333530.0,2.28,2.53,0.93,1.9,0.8399999999999963
2010-02-02,000062,37.45,36.88,38.2,36.84,22391,20627204.0,3.61,-2.23,-0.84,1.34,1.3599999999999994
2010-02-03,000062,36.66,37.5,37.63,36.09,18153,16497474.0,4.18,1.68,0.62,1.09,1.5399999999999991
2010-02-04,000062,37.5,38.6,39.65,37.14,31668,29683138.0,6.69,2.93,1.1,1.9,2.509999999999998
2010-02-05,000062,37.32,37.41,38.02,37.1,21968,20244558.0,2.38,-3.08,-1.19,1.32,0.9200000000000017
2010-02-08,000062,37.14,37.72,37.8,37.06,12018,11059692.0,1.98,0.83,0.31,0.72,0.7399999999999949
2010-02-09,000062,37.72,37.67,38.07,37.23,12873,11901622.0,2.23,-0.13,-0.05,0.77,0.8400000000000034
2010-02-10,000062,37.89,37.72,38.02,37.58,14740,13672975.0,1.17,0.13,0.05,0.88,0.44000000000000483
2010-02-11,000062,37.94,38.07,38.33,37.76,15700,14652567.0,1.51,0.93,0.35,0.94,0.5700000000000003
2010-02-12,000062,38.38,38.24,38.38,37.98,14576,13615947.0,1.05,0.45,0.17,0.87,0.4000000000000057
2010-02-22,000062,38.02,38.07,38.38,38.02,12136,11356886.0,0.94,-0.44,-0.17,0.73,0.35999999999999943
2010-02-23,000062,38.07,37.67,38.07,37.1,18772,17261038.0,2.55,-1.05,-0.4,1.12,0.9699999999999989
2010-02-24,000062,37.32,38.81,38.86,37.32,33167,31205088.0,4.09,3.03,1.14,1.99,1.5399999999999991
2010-02-25,000062,39.83,39.43,39.83,38.9,29109,27970486.0,2.4,1.6,0.62,1.74,0.9299999999999997
2010-02-26,000062,39.39,39.3,39.78,38.99,31042,29818404.0,2.0,-0.33,-0.13,1.86,0.7899999999999991
2010-03-01,000062,39.74,40.05,40.31,39.34,33622,32717186.0,2.47,1.91,0.75,2.01,0.9699999999999989
2010-03-02,000062,40.05,41.23,41.54,39.74,60956,60592576.0,4.49,2.95,1.18,3.65,1.7999999999999972
2010-03-03,000062,41.06,41.45,41.67,40.44,40203,40207988.0,2.98,0.53,0.22,2.41,1.230000000000004
2010-03-04,000062,41.89,39.91,43.38,39.91,65573,66616488.0,8.37,-3.72,-1.54,3.93,3.470000000000006
2010-03-05,000062,40.97,40.62,41.01,39.91,31984,31529868.0,2.76,1.78,0.71,1.92,1.1000000000000014
2010-03-08,000062,40.66,41.45,42.02,40.66,35717,36105392.0,3.35,2.04,0.83,2.14,1.3600000000000065
2010-03-09,000062,41.36,41.8,41.89,40.7,32643,32970474.0,2.87,0.84,0.35,1.96,1.1899999999999977
2010-03-10,000062,42.11,40.66,42.29,40.53,26374,26417754.0,4.21,-2.73,-1.14,1.58,1.759999999999998
2010-03-11,000062,41.01,40.44,41.36,39.69,22019,21699178.0,4.11,-0.54,-0.22,1.32,1.6700000000000017
2010-03-12,000062,40.13,38.95,40.53,38.9,30794,29723050.0,4.03,-3.68,-1.49,1.85,1.6300000000000026
2010-03-15,000062,38.81,38.2,39.03,37.72,22656,21194996.0,3.36,-1.93,-0.75,1.36,1.3100000000000023
2010-03-16,000062,38.46,38.6,38.68,37.94,11477,10768959.0,1.94,1.05,0.4,0.69,0.740000000000002
2010-03-17,000062,38.6,39.91,40.0,38.51,25695,24749804.0,3.86,3.39,1.31,1.54,1.490000000000002
2010-03-18,000062,39.91,40.35,40.75,39.69,32290,31803736.0,2.66,1.1,0.44,1.93,1.0600000000000023
2010-03-19,000062,40.4,40.48,40.75,39.91,29606,29173398.0,2.08,0.32,0.13,1.77,0.8400000000000034
2010-03-22,000062,40.48,41.45,41.85,40.48,50422,50725812.0,3.38,2.4,0.97,3.02,1.3700000000000045
2010-03-23,000062,41.45,41.06,41.8,40.62,32142,32142112.0,2.85,-0.94,-0.39,1.93,1.1799999999999997
2010-03-24,000062,40.75,42.33,42.68,40.75,98939,101304880.0,4.7,3.09,1.27,5.93,1.9299999999999997
2010-03-25,000062,42.37,41.67,42.55,41.54,48178,49101252.0,2.39,-1.56,-0.66,2.89,1.009999999999998
2010-03-26,000062,41.67,42.29,42.55,41.32,45294,46429012.0,2.95,1.49,0.62,2.71,1.2299999999999969
2010-03-29,000062,42.37,42.07,42.68,41.67,39300,40313612.0,2.39,-0.52,-0.22,2.35,1.009999999999998
2010-03-30,000062,42.07,42.29,42.46,41.71,28708,29459072.0,1.78,0.52,0.22,1.72,0.75
2010-03-31,000062,42.24,41.5,42.29,41.41,44219,44998748.0,2.08,-1.87,-0.79,2.65,0.8800000000000026
2010-04-01,000062,41.85,42.86,42.99,41.58,62031,64083796.0,3.4,3.28,1.36,3.72,1.4100000000000037
2010-04-02,000062,42.86,43.08,43.3,42.37,58590,61193564.0,2.17,0.51,0.22,3.51,0.9299999999999997
2010-04-06,000062,43.25,42.64,43.52,42.33,51099,53090432.0,2.76,-1.02,-0.44,3.06,1.1900000000000048
2010-04-07,000062,42.37,42.15,42.73,41.8,41478,42627248.0,2.18,-1.15,-0.49,2.49,0.9299999999999997
2010-04-08,000062,41.89,42.37,42.99,41.8,62922,65277788.0,2.82,0.52,0.22,3.77,1.1900000000000048
2010-04-09,000062,42.46,43.16,43.43,42.46,58217,61005508.0,2.29,1.86,0.79,3.49,0.9699999999999989
2010-04-12,000062,43.25,43.82,44.04,42.99,73275,77503824.0,2.43,1.53,0.66,4.39,1.0499999999999972
2010-04-13,000062,43.74,42.42,44.31,41.45,64611,67365832.0,6.53,-3.19,-1.4,3.87,2.8599999999999994
2010-04-14,000062,43.96,46.94,46.94,43.96,114283,128925224.0,7.02,10.66,4.52,6.85,2.979999999999997
2010-04-15,000062,48.0,45.8,48.92,45.63,194688,221147872.0,7.01,-2.43,-1.14,11.67,3.289999999999999
2010-04-16,000062,45.36,44.7,45.71,44.09,70371,76514464.0,3.54,-2.4,-1.1,4.22,1.6199999999999974
2010-04-19,000062,44.09,44.18,47.08,43.69,105363,115829304.0,7.58,-1.16,-0.52,6.31,3.3900000000000006
2010-04-20,000062,44.0,47.12,47.51,42.9,150998,167171968.0,10.43,6.65,2.94,9.05,4.609999999999999
2010-04-21,000062,46.99,48.48,50.33,46.64,211832,249467632.0,7.83,2.89,1.36,12.69,3.6899999999999977
2010-04-22,000062,48.04,49.36,50.24,47.73,139165,165737424.0,5.18,1.82,0.88,8.34,2.510000000000005
2010-04-23,000062,48.96,48.35,51.12,47.95,144290,172087376.0,6.42,-2.05,-1.01,8.65,3.1699999999999946
2010-04-26,000062,47.82,47.65,49.1,47.6,71000,82774152.0,3.1,-1.45,-0.7,4.25,1.5
2010-04-28,000062,44.97,46.33,47.16,44.97,68063,76211840.0,4.6,-2.77,-1.32,4.08,2.1899999999999977
2010-04-29,000062,46.46,42.15,47.12,41.98,91632,99683656.0,11.09,-9.02,-4.18,5.49,5.140000000000001
2010-04-30,000062,41.89,40.7,42.51,37.63,58289,57568416.0,11.58,-3.44,-1.45,3.49,4.8799999999999955
2010-05-04,000062,39.69,40.88,41.45,38.81,28513,28375736.0,6.49,0.44,0.18,1.71,2.6400000000000006
2010-05-05,000062,40.75,42.33,42.55,39.87,41339,42031036.0,6.56,3.55,1.45,2.48,2.6799999999999997
2010-05-06,000062,42.37,40.53,43.08,40.4,49113,49876344.0,6.33,-4.25,-1.8,2.94,2.6799999999999997
2010-05-07,000062,38.38,39.21,40.26,37.94,40124,38475640.0,5.72,-3.26,-1.32,2.4,2.3200000000000003
2010-05-10,000062,38.81,38.46,39.47,37.5,30931,29133416.0,5.02,-1.91,-0.75,1.85,1.9699999999999989
2010-05-11,000062,39.17,37.58,39.69,37.5,32426,30796938.0,5.69,-2.29,-0.88,1.94,2.1899999999999977
2010-05-12,000062,37.19,36.44,37.85,35.74,32245,29086920.0,5.61,-3.03,-1.14,1.93,2.1099999999999994
2010-05-13,000062,36.62,37.14,37.28,35.3,33332,29829340.0,5.43,1.92,0.7,2.0,1.980000000000004
2010-05-14,000062,36.84,37.01,37.36,36.09,31181,28162990.0,3.42,-0.35,-0.13,1.87,1.269999999999996
2010-05-17,000062,36.71,34.9,37.23,34.9,45041,40310872.0,6.3,-5.7,-2.11,2.7,2.3299999999999983
2010-05-18,000062,34.9,35.87,36.18,34.2,27058,23515358.0,5.67,2.78,0.97,1.62,1.9799999999999969
2010-05-19,000062,35.87,35.48,36.31,34.77,23512,20634030.0,4.29,-1.09,-0.39,1.41,1.5399999999999991
2010-05-20,000062,35.26,34.07,35.91,33.98,23258,20128588.0,5.44,-3.97,-1.41,1.39,1.9299999999999997
2010-05-21,000062,32.4,34.68,34.73,32.4,26084,21738510.0,6.84,1.79,0.61,1.56,2.3299999999999983
2010-05-24,000062,34.77,36.62,36.97,34.77,47463,42383256.0,6.34,5.59,1.94,2.84,2.1999999999999957
2010-05-25,000062,36.57,36.4,37.14,36.05,26178,23522336.0,2.98,-0.6,-0.22,1.57,1.0900000000000034
2010-05-26,000062,36.27,36.62,36.84,36.05,17636,15835797.0,2.17,0.6,0.22,1.06,0.7900000000000063
2010-05-27,000062,36.4,37.28,37.32,35.83,26784,24218272.0,4.07,1.8,0.66,1.6,1.490000000000002
2010-05-28,000062,37.63,36.71,37.85,36.27,34922,31652110.0,4.24,-1.53,-0.57,2.09,1.5799999999999983
2010-05-31,000062,36.62,34.42,36.79,34.24,26273,23252018.0,6.95,-6.24,-2.29,1.57,2.549999999999997
2010-06-01,000062,34.42,34.11,34.95,33.01,26582,22307422.0,5.64,-0.9,-0.31,1.59,1.9400000000000048
2010-06-02,000062,33.67,34.68,34.86,33.45,17864,15136575.0,4.13,1.67,0.57,1.07,1.4099999999999966
2010-06-03,000062,34.77,35.43,36.57,34.77,39036,34459188.0,5.19,2.16,0.75,2.34,1.7999999999999972
2010-06-04,000062,34.86,35.69,35.74,34.33,17648,15278918.0,3.98,0.73,0.26,1.06,1.4100000000000037
2010-06-07,000062,34.64,36.44,36.57,34.64,27524,24229272.0,5.41,2.1,0.75,1.65,1.9299999999999997
2010-06-08,000062,36.18,36.88,37.5,36.09,37991,34457184.0,3.87,1.21,0.44,2.28,1.4099999999999966
2010-06-09,000062,36.93,37.41,37.5,36.18,35365,32063290.0,3.58,1.44,0.53,2.12,1.3200000000000003
2010-06-10,000062,37.36,36.84,37.36,36.75,21541,19581748.0,1.63,-1.52,-0.57,1.29,0.6099999999999994
2010-06-11,000062,36.97,36.22,37.28,35.96,20139,18039798.0,3.58,-1.68,-0.62,1.21,1.3200000000000003
2010-06-17,000062,36.4,36.27,36.88,36.18,14037,12629062.0,1.93,0.14,0.05,0.84,0.7000000000000028
2010-06-18,000062,35.91,34.51,36.18,34.03,17893,15520575.0,5.93,-4.85,-1.76,1.07,2.1499999999999986
2010-06-21,000062,34.55,35.78,35.96,33.1,22163,19030566.0,8.29,3.68,1.27,1.33,2.8599999999999994
2010-06-22,000062,35.26,35.56,35.91,34.95,14689,12856068.0,2.68,-0.61,-0.22,0.88,0.9599999999999937
2010-06-23,000062,35.52,35.43,36.0,34.82,13301,11608623.0,3.32,-0.37,-0.13,0.8,1.1799999999999997
2010-06-24,000062,35.74,36.18,36.35,35.3,17240,15250697.0,2.96,2.12,0.75,1.03,1.0500000000000043
2010-06-25,000062,36.18,35.12,36.18,34.55,13101,11277114.0,4.51,-2.93,-1.06,0.79,1.6300000000000026
2010-06-28,000062,35.12,35.34,35.74,34.46,12345,10610567.0,3.64,0.63,0.22,0.74,1.2800000000000011
2010-06-29,000062,34.77,32.75,35.34,32.71,25834,21290872.0,7.44,-7.33,-2.59,1.55,2.6300000000000026
2010-06-30,000062,33.01,32.0,33.01,31.65,14629,11612535.0,4.15,-2.29,-0.75,0.88,1.3599999999999994
2010-07-01,000062,32.4,31.04,32.44,30.82,12263,9619630.0,5.06,-3.0,-0.96,0.73,1.6199999999999974
2010-07-02,000062,30.95,30.69,31.34,28.8,19666,14723878.0,8.18,-1.13,-0.35,1.18,2.539999999999999
2010-07-05,000062,30.33,30.25,30.38,29.5,10832,8048447.0,2.87,-1.43,-0.44,0.65,0.879999999999999
2010-07-06,000062,30.25,32.09,32.09,29.89,16647,12895389.0,7.27,6.08,1.84,1.0,2.200000000000003
2010-07-07,000062,31.7,32.36,32.62,31.56,11526,9116866.0,3.3,0.84,0.27,0.69,1.0599999999999987
2010-07-08,000062,33.41,31.92,33.41,31.87,8721,6977368.5,4.76,-1.36,-0.44,0.52,1.5399999999999956
2010-07-09,000062,32.0,32.71,32.93,31.48,15461,12383657.0,4.54,2.47,0.79,0.93,1.4499999999999993
2010-07-12,000062,32.84,32.97,33.1,32.66,15471,12533582.0,1.35,0.79,0.26,0.93,0.44000000000000483
2010-07-13,000062,32.58,32.53,32.84,31.78,10645,8482038.0,3.22,-1.33,-0.44,0.64,1.0600000000000023
2010-07-14,000062,32.22,33.1,33.89,32.18,22947,18789980.0,5.26,1.75,0.57,1.38,1.7100000000000009
2010-07-15,000062,32.79,32.0,33.1,31.78,12347,9869511.0,3.99,-3.32,-1.1,0.74,1.3200000000000003
2010-07-16,000062,31.92,31.96,32.44,30.86,8842,6896660.5,4.94,-0.13,-0.04,0.53,1.5799999999999983
2010-07-19,000062,31.34,32.58,32.71,31.17,12744,10104657.0,4.82,1.94,0.62,0.76,1.5399999999999991
2010-07-20,000062,32.62,33.67,33.67,32.44,40237,32918072.0,3.78,3.35,1.09,2.41,1.230000000000004
2010-07-21,000062,33.76,33.63,34.11,33.32,30767,25532240.0,2.35,-0.12,-0.04,1.84,0.7899999999999991
2010-07-22,000062,33.59,34.42,34.42,33.32,28959,24170356.0,3.27,2.35,0.79,1.74,1.1000000000000014
2010-07-23,000062,34.24,34.73,34.77,33.67,36877,31061184.0,3.2,0.9,0.31,2.21,1.1000000000000014
2010-07-26,000062,34.77,35.74,36.31,34.38,46356,40134928.0,5.56,2.91,1.01,2.78,1.9299999999999997
2010-07-27,000062,35.21,35.04,35.52,34.86,25065,21559682.0,1.85,-1.96,-0.7,1.5,0.6600000000000037
2010-07-28,000062,34.77,35.96,36.62,34.55,70804,62293688.0,5.91,2.63,0.92,4.24,2.0700000000000003
2010-07-29,000062,35.83,35.61,36.18,34.9,47707,41568240.0,3.56,-0.97,-0.35,2.86,1.2800000000000011
2010-07-30,000062,35.3,36.79,37.06,35.08,78383,69884600.0,5.56,3.31,1.18,4.7,1.980000000000004
2010-08-02,000062,36.97,37.14,37.36,36.05,58119,52258908.0,3.56,0.95,0.35,3.48,1.3100000000000023
2010-08-03,000062,37.19,36.09,37.23,36.0,55656,49739176.0,3.31,-2.83,-1.05,3.34,1.2299999999999969
2010-08-04,000062,35.96,36.18,36.49,35.04,42260,36970644.0,4.02,0.25,0.09,2.53,1.4500000000000028
2010-08-05,000062,35.96,36.13,36.57,35.65,29336,25926588.0,2.54,-0.14,-0.05,1.76,0.9200000000000017
2010-08-06,000062,35.87,36.97,37.06,35.69,40187,35922352.0,3.79,2.32,0.84,2.41,1.3700000000000045
2010-08-09,000062,37.01,38.11,38.2,36.49,76381,69904040.0,4.63,3.08,1.14,4.58,1.7100000000000009
2010-08-10,000062,37.85,37.89,39.12,37.28,83624,77757392.0,4.83,-0.58,-0.22,5.01,1.8399999999999963
2010-08-11,000062,37.76,39.12,39.12,37.14,100411,93653168.0,5.23,3.25,1.23,6.02,1.9799999999999969
2010-08-12,000062,38.33,37.67,39.47,37.36,90982,85594808.0,5.39,-3.71,-1.45,5.45,2.1099999999999994
2010-08-13,000062,37.63,37.76,37.89,36.4,43157,39287468.0,3.96,0.24,0.09,2.59,1.490000000000002
2010-08-16,000062,37.54,38.16,38.51,37.5,42318,39229288.0,2.67,1.06,0.4,2.54,1.009999999999998
2010-08-17,000062,38.38,38.51,38.95,37.98,49001,46099104.0,2.54,0.92,0.35,2.94,0.970000000000006
2010-08-18,000062,38.38,39.39,39.65,37.63,65983,62333584.0,5.25,2.29,0.88,3.95,2.019999999999996
2010-08-19,000062,39.17,40.35,40.57,38.64,70811,68140888.0,4.9,2.44,0.96,4.24,1.9299999999999997
2010-08-20,000062,40.09,40.7,41.14,39.61,120135,118123688.0,3.79,0.87,0.35,7.2,1.5300000000000011
2010-08-23,000062,41.06,40.0,42.37,39.69,81003,79912696.0,6.58,-1.72,-0.7,4.85,2.6799999999999997
2010-08-24,000062,39.91,40.26,40.57,38.73,50384,48555160.0,4.6,0.65,0.26,3.02,1.8400000000000034
2010-08-25,000062,39.91,38.38,39.91,38.33,40013,38074392.0,3.92,-4.67,-1.88,2.4,1.5799999999999983
2010-08-26,000062,38.38,38.51,38.9,38.16,25664,24045188.0,1.93,0.34,0.13,1.54,0.740000000000002
2010-08-27,000062,38.55,38.24,38.68,38.02,18195,16989746.0,1.71,-0.7,-0.27,1.09,0.6599999999999966
2010-08-30,000062,38.68,40.05,40.05,38.42,36663,34917784.0,4.26,4.73,1.81,2.2,1.6299999999999955
2010-08-31,000062,39.65,39.83,40.26,39.56,36343,35219476.0,1.75,-0.55,-0.22,2.18,0.6999999999999957
2010-09-01,000062,39.69,38.81,40.35,38.46,40435,38795164.0,4.75,-2.56,-1.02,2.42,1.8900000000000006
2010-09-02,000062,38.95,39.65,40.13,37.94,38736,37287132.0,5.64,2.16,0.84,2.32,2.190000000000005
2010-09-03,000062,39.65,41.23,42.29,39.65,97729,97046216.0,6.66,3.98,1.58,5.86,2.6400000000000006
2010-09-06,000062,41.36,40.31,41.58,40.0,66407,65544576.0,3.83,-2.23,-0.92,3.98,1.5799999999999983
2010-09-07,000062,40.48,40.18,41.01,39.3,45221,43832904.0,4.24,-0.32,-0.13,2.71,1.7100000000000009
2010-09-08,000062,39.91,40.75,40.88,39.74,43428,42505608.0,2.84,1.42,0.57,2.6,1.1400000000000006
2010-09-09,000062,40.75,38.99,40.84,38.99,48379,46825644.0,4.54,-4.32,-1.76,2.9,1.8500000000000014
2010-09-10,000062,39.03,39.47,39.47,37.1,54071,50665632.0,6.08,1.23,0.48,3.24,2.3699999999999974
2010-09-13,000062,39.21,41.19,41.5,39.12,78901,77921184.0,6.03,4.36,1.72,4.73,2.3800000000000026
2010-09-14,000062,41.19,42.99,43.16,40.88,115247,117156240.0,5.54,4.37,1.8,6.91,2.279999999999994
2010-09-15,000062,44.53,43.91,44.53,41.67,84297,87264288.0,6.65,2.14,0.92,5.05,2.8599999999999994
2010-09-16,000062,43.34,41.1,44.53,40.57,160927,164287056.0,9.02,-6.4,-2.81,9.64,3.960000000000001
2010-09-17,000062,40.88,39.08,41.36,38.64,68379,66083500.0,6.62,-4.91,-2.02,4.1,2.719999999999999
2010-09-20,000062,39.08,38.38,39.91,38.38,38099,36207592.0,3.92,-1.79,-0.7,2.28,1.529999999999994
2010-09-21,000062,38.38,37.89,38.86,37.36,23784,22071426.0,3.91,-1.28,-0.49,1.43,1.5
2010-09-27,000062,38.16,38.9,38.9,37.72,25685,24040004.0,3.11,2.67,1.01,1.54,1.1799999999999997
2010-09-28,000062,38.9,37.76,39.03,37.32,29083,27030930.0,4.4,-2.93,-1.14,1.74,1.7100000000000009
2010-09-29,000062,37.8,37.63,38.2,37.54,21040,19434358.0,1.75,-0.34,-0.13,1.26,0.6600000000000037
2010-09-30,000062,37.72,38.02,38.29,37.63,17980,16646529.0,1.75,1.04,0.39,1.08,0.6599999999999966
2010-10-08,000062,38.29,38.68,39.08,38.29,28165,26624484.0,2.08,1.74,0.66,1.69,0.7899999999999991
2010-10-11,000062,38.81,39.78,39.87,38.55,42534,40551940.0,3.41,2.84,1.1,2.55,1.3200000000000003
2010-10-12,000062,39.78,39.25,39.78,39.08,37027,35387676.0,1.76,-1.33,-0.53,2.22,0.7000000000000028
2010-10-13,000062,39.25,39.96,39.96,39.03,41905,40229180.0,2.37,1.81,0.71,2.51,0.9299999999999997
2010-10-14,000062,39.91,37.89,40.05,37.8,46152,43465180.0,5.63,-5.18,-2.07,2.77,2.25
2010-10-15,000062,38.55,38.24,39.25,38.11,35411,33341604.0,3.01,0.92,0.35,2.12,1.1400000000000006
2010-10-18,000062,37.76,37.72,38.38,37.06,40696,37166124.0,3.45,-1.36,-0.52,2.44,1.3200000000000003
2010-10-19,000062,37.72,39.03,39.39,37.72,31747,29894788.0,4.43,3.47,1.31,1.9,1.6700000000000017
2010-10-20,000062,38.46,39.39,39.74,38.24,43591,41501456.0,3.84,0.92,0.36,2.61,1.5
2010-10-21,000062,39.61,40.92,41.41,39.25,100191,99098112.0,5.48,3.88,1.53,6.0,2.1599999999999966
2010-10-22,000062,40.7,40.48,41.71,40.22,50978,50658120.0,3.64,-1.08,-0.44,3.05,1.490000000000002
2010-10-25,000062,40.79,40.79,41.19,40.44,65208,64439472.0,1.85,0.77,0.31,3.91,0.75
2010-10-26,000062,40.88,40.35,41.1,39.96,60850,59609940.0,2.79,-1.08,-0.44,3.65,1.1400000000000006
2010-10-27,000062,40.22,40.79,41.41,40.22,99908,99333144.0,2.95,1.09,0.44,5.99,1.1899999999999977
2010-10-28,000062,40.66,41.32,41.41,39.83,64448,63355612.0,3.87,1.3,0.53,3.86,1.5799999999999983
2010-10-29,000062,41.45,41.32,41.58,40.79,67948,67984632.0,1.91,0.0,0.0,4.07,0.7899999999999991
2010-11-01,000062,41.28,41.8,41.89,41.06,81206,81772296.0,2.01,1.16,0.48,4.87,0.8299999999999983
2010-11-02,000062,41.98,41.1,43.56,41.06,106843,109009376.0,5.98,-1.67,-0.7,6.4,2.5
2010-11-03,000062,41.01,40.09,41.1,40.09,55112,54263424.0,2.46,-2.46,-1.01,3.3,1.009999999999998
2010-11-04,000062,40.13,40.62,40.7,39.96,49536,48591464.0,1.85,1.32,0.53,2.97,0.740000000000002
2010-11-05,000062,40.84,41.14,41.32,40.57,61808,61447788.0,1.85,1.28,0.52,3.7,0.75
2010-11-08,000062,41.23,42.07,42.37,41.14,72102,73086480.0,2.99,2.26,0.93,4.32,1.2299999999999969
2010-11-09,000062,42.15,42.29,42.77,41.76,75324,77009736.0,2.4,0.52,0.22,4.51,1.0100000000000051
2010-11-10,000062,42.15,42.68,43.12,41.93,68737,70889712.0,2.81,0.92,0.39,4.12,1.1899999999999977
2010-11-11,000062,42.68,42.24,43.3,42.24,85899,88897368.0,2.48,-1.03,-0.44,5.15,1.0599999999999952
2010-11-12,000062,41.8,38.16,42.2,37.76,86891,84790712.0,10.51,-9.66,-4.08,5.21,4.440000000000005
2010-11-15,000062,38.38,38.6,39.21,37.67,39865,37136120.0,4.04,1.15,0.44,2.39,1.5399999999999991
2010-11-16,000062,38.73,36.31,38.81,36.27,43193,39586376.0,6.58,-5.93,-2.29,2.59,2.539999999999999
2010-11-17,000062,36.35,34.73,36.62,34.42,34954,30483610.0,6.06,-4.35,-1.58,2.09,2.1999999999999957
2010-11-18,000062,35.12,35.12,35.52,34.46,32729,28050784.0,3.05,1.12,0.39,1.96,1.0600000000000023
2010-11-19,000062,35.34,36.75,38.11,34.95,51957,46191504.0,9.0,4.64,1.63,3.11,3.1599999999999966
2010-11-22,000062,36.35,37.58,38.24,34.64,59813,54751940.0,9.8,2.26,0.83,3.58,3.6000000000000014
2010-11-23,000062,37.32,35.87,37.36,35.08,41947,36890620.0,6.07,-4.55,-1.71,2.51,2.280000000000001
2010-11-24,000062,35.48,36.88,37.23,35.21,45955,40840732.0,5.63,2.82,1.01,2.75,2.019999999999996
2010-11-25,000062,36.88,37.06,37.41,36.62,53080,47981120.0,2.14,0.49,0.18,3.18,0.7899999999999991
2010-11-26,000062,37.06,36.4,37.06,36.09,36037,32168130.0,2.62,-1.78,-0.66,2.16,0.9699999999999989
2010-11-29,000062,36.31,36.35,36.53,35.52,34553,30422644.0,2.77,-0.14,-0.05,2.07,1.009999999999998
2010-11-30,000062,36.57,37.67,37.89,34.64,100030,89550856.0,8.94,3.63,1.32,5.99,3.25
2010-12-01,000062,37.28,37.67,38.38,36.31,69848,63682004.0,5.5,0.0,0.0,4.19,2.0700000000000003
2010-12-02,000062,37.67,37.89,38.29,37.36,63538,58622388.0,2.47,0.58,0.22,3.81,0.9299999999999997
2010-12-03,000062,37.54,37.06,37.89,36.31,35041,31752762.0,4.17,-2.19,-0.83,2.1,1.5799999999999983
2010-12-06,000062,37.1,36.88,37.67,36.27,27316,24527376.0,3.78,-0.49,-0.18,1.64,1.3999999999999986
2010-12-07,000062,36.66,37.06,37.36,36.05,20039,18039992.0,3.55,0.49,0.18,1.2,1.3100000000000023
2010-12-08,000062,36.84,36.53,37.19,36.18,23451,20982692.0,2.73,-1.43,-0.53,1.41,1.009999999999998
2010-12-09,000062,36.4,35.65,36.4,35.04,25391,22166270.0,3.72,-2.41,-0.88,1.52,1.3599999999999994
2010-12-10,000062,35.34,35.91,36.35,35.17,14540,12755944.0,3.31,0.73,0.26,0.87,1.1799999999999997
2010-12-13,000062,36.27,36.71,37.06,35.87,31615,28236802.0,3.31,2.23,0.8,1.89,1.1900000000000048
2010-12-14,000062,36.62,37.14,37.28,36.62,32121,29008374.0,1.8,1.17,0.43,1.92,0.6600000000000037
2010-12-15,000062,37.28,37.23,37.41,36.84,33139,30065074.0,1.53,0.24,0.09,1.99,0.5699999999999932
2010-12-16,000062,37.23,37.14,37.45,36.93,22911,20805916.0,1.4,-0.24,-0.09,1.37,0.5200000000000031
2010-12-17,000062,37.01,37.36,37.85,37.01,34989,32002248.0,2.26,0.59,0.22,2.1,0.8400000000000034
2010-12-21,000062,36.75,37.98,38.02,36.62,46205,42156284.0,3.75,1.66,0.62,2.77,1.4000000000000057
2010-12-22,000062,38.02,37.63,38.29,37.5,38924,35928328.0,2.08,-0.92,-0.35,2.33,0.7899999999999991
2010-12-23,000062,37.5,37.19,37.94,36.66,30123,27334072.0,3.4,-1.17,-0.44,1.81,1.2800000000000011
2010-12-24,000062,36.49,36.93,37.5,36.4,22290,20039940.0,2.96,-0.7,-0.26,1.34,1.1000000000000014
2010-12-27,000062,37.06,36.31,37.28,35.21,22636,20171964.0,5.61,-1.68,-0.62,1.36,2.0700000000000003
2010-12-28,000062,35.83,34.24,36.35,34.11,27878,23720284.0,6.17,-5.7,-2.07,1.67,2.240000000000002
2010-12-29,000062,34.11,34.33,34.42,33.54,13426,11246146.0,2.57,0.26,0.09,0.8,0.8800000000000026
2010-12-30,000062,34.38,34.29,34.6,33.81,14662,12329285.0,2.3,-0.12,-0.04,0.88,0.7899999999999991
2010-12-31,000062,34.38,34.6,34.68,34.2,17970,15200177.0,1.4,0.9,0.31,1.08,0.4799999999999969
2011-01-04,000062,34.6,35.08,35.26,34.55,24654,21110256.0,2.05,1.39,0.48,1.48,0.7100000000000009
2011-01-05,000062,34.99,35.08,35.43,34.64,21471,18468132.0,2.25,0.0,0.0,1.29,0.7899999999999991
2011-01-06,000062,35.08,35.26,35.87,34.95,20255,17549046.0,2.62,0.51,0.18,1.21,0.9199999999999946
2011-01-07,000062,35.3,35.04,35.74,34.64,21011,18173968.0,3.12,-0.62,-0.22,1.26,1.1000000000000014
2011-01-10,000062,34.77,33.85,34.95,33.72,15061,12694330.0,3.51,-3.4,-1.19,0.9,1.230000000000004
2011-01-11,000062,33.81,33.81,33.98,33.37,11393,9429602.0,1.8,-0.12,-0.04,0.68,0.6099999999999994
2011-01-12,000062,33.94,34.24,34.24,33.59,10096,8418653.0,1.92,1.27,0.43,0.6,0.6499999999999986
2011-01-13,000062,34.24,34.24,34.51,34.16,8787,7405523.5,1.02,0.0,0.0,0.53,0.3500000000000014
2011-01-14,000062,34.29,33.28,34.29,33.19,14466,11922908.0,3.21,-2.8,-0.96,0.87,1.1000000000000014
2011-01-17,000062,33.19,31.83,33.23,31.7,14355,11449420.0,4.6,-4.36,-1.45,0.86,1.5299999999999976
2011-01-18,000062,31.78,31.7,31.87,31.48,9437,7390573.5,1.23,-0.41,-0.13,0.57,0.39000000000000057
2011-01-19,000062,31.7,32.27,32.36,31.56,10097,7992063.5,2.52,1.8,0.57,0.6,0.8000000000000007
2011-01-20,000062,32.22,30.91,32.4,30.91,11616,9073268.0,4.62,-4.21,-1.36,0.7,1.4899999999999984
2011-01-21,000062,30.69,31.21,31.61,30.69,7291,5633495.5,2.98,0.97,0.3,0.44,0.9199999999999982
2011-01-24,000062,31.34,31.34,31.92,31.17,7526,5855586.0,2.4,0.42,0.13,0.45,0.75
2011-01-25,000062,31.3,30.91,31.3,30.6,7181,5495365.0,2.23,-1.37,-0.43,0.43,0.6999999999999993
2011-01-26,000062,31.08,31.65,31.65,31.08,7129,5544025.5,1.84,2.39,0.74,0.43,0.5700000000000003
2011-01-27,000062,31.56,32.05,32.27,31.13,8896,6990751.0,3.6,1.26,0.4,0.53,1.1400000000000041
2011-01-28,000062,32.05,32.05,32.27,31.74,8514,6728387.5,1.65,0.0,0.0,0.51,0.5300000000000047
2011-01-31,000062,31.87,32.22,32.27,31.87,13218,10472599.0,1.25,0.53,0.17,0.79,0.40000000000000213
2011-02-01,000062,32.18,32.22,32.27,32.0,7546,5987692.0,0.84,0.0,0.0,0.45,0.2700000000000031
2011-02-09,000062,32.27,32.09,32.49,32.09,9422,7509014.0,1.24,-0.4,-0.13,0.56,0.3999999999999986
2011-02-10,000062,32.22,34.11,34.46,32.09,37137,30750280.0,7.39,6.29,2.02,2.22,2.3699999999999974
2011-02-11,000062,34.11,34.24,34.86,33.76,31787,26844678.0,3.22,0.38,0.13,1.9,1.1000000000000014
2011-02-14,000062,34.33,34.51,34.73,34.07,37044,31270958.0,1.93,0.79,0.27,2.22,0.6599999999999966
2011-02-15,000062,34.68,35.96,35.96,34.33,63892,55378728.0,4.72,4.2,1.45,3.83,1.6300000000000026
2011-02-16,000062,35.78,36.79,37.14,35.43,53420,47663244.0,4.76,2.31,0.83,3.2,1.7100000000000009
2011-02-17,000062,36.79,36.75,37.1,36.27,35070,31392742.0,2.26,-0.11,-0.04,2.1,0.8299999999999983
2011-02-18,000062,36.79,36.44,36.79,36.0,26381,23418558.0,2.15,-0.84,-0.31,1.58,0.7899999999999991
2011-02-21,000062,36.35,36.97,36.97,36.0,24618,21999878.0,2.66,1.45,0.53,1.47,0.9699999999999989
2011-02-22,000062,36.88,36.27,36.88,36.05,30195,26823738.0,2.25,-1.89,-0.7,1.81,0.8300000000000054
2011-02-23,000062,36.27,36.75,37.28,35.74,43201,38749680.0,4.25,1.32,0.48,2.59,1.5399999999999991
2011-02-24,000062,36.4,38.16,39.03,36.35,80713,74866608.0,7.29,3.84,1.41,4.84,2.6799999999999997
2011-02-25,000062,37.76,37.67,38.11,37.41,26486,24346388.0,1.83,-1.28,-0.49,1.59,0.7000000000000028
2011-02-28,000062,37.72,37.76,38.02,37.32,18496,17008564.0,1.86,0.24,0.09,1.11,0.7000000000000028
2011-03-01,000062,37.94,37.94,38.46,37.58,27489,25443500.0,2.33,0.48,0.18,1.65,0.8800000000000026
2011-03-02,000062,37.72,39.69,39.78,37.58,75396,71266816.0,5.8,4.61,1.75,4.52,2.200000000000003
2011-03-03,000062,39.3,38.77,39.83,38.6,45002,42835812.0,3.1,-2.32,-0.92,2.7,1.2299999999999969
2011-03-04,000062,38.73,39.25,39.47,38.55,22752,21643024.0,2.37,1.24,0.48,1.36,0.9200000000000017
2011-03-07,000062,39.21,40.26,40.79,39.21,71344,69674952.0,4.03,2.57,1.01,4.27,1.5799999999999983
2011-03-08,000062,40.35,40.44,40.7,39.78,42389,41491908.0,2.29,0.45,0.18,2.54,0.9200000000000017
2011-03-09,000062,40.57,39.52,40.66,39.21,40656,39306064.0,3.59,-2.27,-0.92,2.44,1.4499999999999957
2011-03-10,000062,39.47,39.47,39.87,38.24,48929,46536488.0,4.12,-0.13,-0.05,2.93,1.6299999999999955
2011-03-11,000062,39.52,40.84,42.07,39.17,86260,85186704.0,7.35,3.47,1.37,5.17,2.8999999999999986
2011-03-14,000062,40.84,40.84,41.58,39.96,48319,47738656.0,3.97,0.0,0.0,2.89,1.6199999999999974
2011-03-15,000062,40.84,41.23,41.32,39.47,48533,47683268.0,4.53,0.95,0.39,2.91,1.8500000000000014
2011-03-16,000062,41.23,44.53,45.14,40.57,158280,164822960.0,11.08,8.0,3.3,9.48,4.57
2011-03-17,000062,44.13,44.31,44.7,43.25,86074,91111096.0,3.26,-0.49,-0.22,5.16,1.4500000000000028
2011-03-18,000062,44.09,41.32,45.27,40.05,147070,150852672.0,11.78,-6.75,-2.99,8.81,5.220000000000006
2011-03-21,000062,39.69,38.68,40.09,38.24,89421,84677344.0,4.48,-6.39,-2.64,5.36,1.8500000000000014
2011-03-22,000062,38.6,38.99,39.56,38.42,38781,36724528.0,2.95,0.8,0.31,2.32,1.1400000000000006
2011-03-23,000062,39.25,39.21,39.43,38.6,37723,35807004.0,2.13,0.56,0.22,2.26,0.8299999999999983
2011-03-24,000062,39.21,39.17,39.39,38.77,33397,31690498.0,1.58,-0.1,-0.04,2.0,0.6199999999999974
2011-03-25,000062,39.17,39.56,39.91,39.03,38236,36732032.0,2.25,1.0,0.39,2.29,0.8799999999999955
2011-03-28,000062,39.47,39.65,40.7,39.47,40567,39495696.0,3.11,0.23,0.09,2.43,1.230000000000004
2011-03-29,000062,40.09,38.38,40.09,38.38,44578,42051872.0,4.31,-3.2,-1.27,2.67,1.7100000000000009
2011-03-30,000062,38.42,38.6,39.08,37.63,35027,32672170.0,3.78,0.57,0.22,2.1,1.4499999999999957
2011-03-31,000062,38.33,38.77,39.25,37.85,30409,28531516.0,3.63,0.44,0.17,1.82,1.3999999999999986
2011-04-01,000062,39.03,38.99,39.17,38.46,16054,15199240.0,1.83,0.57,0.22,0.96,0.7100000000000009
2011-04-06,000062,38.99,39.65,39.69,38.99,36779,35309036.0,1.8,1.69,0.66,2.2,0.6999999999999957
2011-04-07,000062,39.78,39.61,40.09,39.3,29691,28675076.0,1.99,-0.1,-0.04,1.78,0.7900000000000063
2011-04-08,000062,39.87,39.3,39.87,39.03,22567,21576470.0,2.12,-0.78,-0.31,1.35,0.8399999999999963
2011-04-11,000062,39.34,38.2,39.52,38.2,26245,24800112.0,3.36,-2.8,-1.1,1.57,1.3200000000000003
2011-04-12,000062,38.16,38.68,39.47,38.02,20543,19474950.0,3.8,1.26,0.48,1.23,1.4499999999999957
2011-04-13,000062,38.68,39.03,39.43,38.29,16615,15715962.0,2.95,0.9,0.35,1.0,1.1400000000000006
2011-04-14,000062,39.03,38.51,39.21,38.51,19078,17987312.0,1.79,-1.33,-0.52,1.14,0.7000000000000028
2011-04-18,000062,38.51,38.42,38.73,37.5,29863,27705228.0,3.19,-0.23,-0.09,1.79,1.2299999999999969
2011-04-19,000062,38.42,37.85,38.42,37.5,21851,20193304.0,2.39,-1.48,-0.57,1.31,0.9200000000000017
2011-04-20,000062,38.07,38.02,38.55,37.85,14364,13335943.0,1.85,0.45,0.17,0.86,0.6999999999999957
2011-04-21,000062,38.11,38.51,38.86,37.98,20710,19408994.0,2.31,1.29,0.49,1.24,0.8800000000000026
2011-04-22,000062,38.51,38.46,38.95,38.16,15664,14681957.0,2.05,-0.13,-0.05,0.94,0.7900000000000063
2011-04-25,000062,38.2,38.11,38.68,37.76,18597,17261640.0,2.39,-0.91,-0.35,1.11,0.9200000000000017
2011-04-26,000062,37.98,35.91,38.16,35.91,23444,21049428.0,5.9,-5.77,-2.2,1.4,2.25
2011-04-27,000062,35.96,34.6,36.44,34.11,42542,36552884.0,6.49,-3.65,-1.31,2.55,2.3299999999999983
2011-04-28,000062,34.6,33.63,34.86,33.1,28627,23803046.0,5.09,-2.8,-0.97,1.71,1.759999999999998
2011-04-29,000062,33.32,34.03,34.33,33.32,16161,13428113.0,3.0,1.19,0.4,0.97,1.009999999999998
2011-05-03,000062,33.98,34.6,34.68,33.81,15582,13130992.0,2.56,1.67,0.57,0.93,0.8699999999999974
2011-05-04,000062,34.6,34.07,35.96,33.98,17225,14686113.0,5.72,-1.53,-0.53,1.03,1.980000000000004
2011-05-05,000062,34.07,34.38,34.73,33.81,10966,9276441.0,2.7,0.91,0.31,0.66,0.9199999999999946
2011-05-06,000062,34.38,34.16,34.42,33.32,13718,11448545.0,3.2,-0.64,-0.22,0.82,1.1000000000000014
2011-05-09,000062,34.33,34.46,34.99,34.33,9586,8102053.5,1.93,0.88,0.3,0.57,0.6600000000000037
2011-05-10,000062,34.68,35.69,35.96,34.46,21414,18494676.0,4.35,3.57,1.23,1.28,1.5
2011-05-11,000062,35.69,35.61,36.4,35.56,16619,14523840.0,2.35,-0.22,-0.08,1.0,0.8399999999999963
2011-05-12,000062,35.34,35.39,36.22,35.12,17878,15559023.0,3.09,-0.62,-0.22,1.07,1.1000000000000014
2011-05-13,000062,35.12,36.18,36.27,35.12,13121,11422004.0,3.25,2.23,0.79,0.79,1.1500000000000057
2011-05-16,000062,36.18,36.53,36.97,35.74,20997,18632132.0,3.4,0.97,0.35,1.26,1.2299999999999969
2011-05-17,000062,36.4,36.79,37.41,36.09,19625,17520164.0,3.61,0.71,0.26,1.18,1.3199999999999932
2011-05-18,000062,36.31,36.71,36.79,36.18,13674,12124950.0,1.66,-0.22,-0.08,0.82,0.6099999999999994
2011-05-19,000062,36.53,36.13,36.71,35.87,11307,9942135.0,2.29,-1.58,-0.58,0.68,0.8400000000000034
2011-05-20,000062,36.09,35.26,36.09,35.04,11421,9856751.0,2.91,-2.41,-0.87,0.68,1.0500000000000043
2011-05-23,000062,35.26,33.85,35.69,33.85,16245,13626741.0,5.22,-4.0,-1.41,0.97,1.8399999999999963
2011-05-24,000062,33.59,33.94,34.42,32.88,8532,7037737.0,4.55,0.27,0.09,0.51,1.5399999999999991
2011-05-25,000062,33.76,33.45,34.42,33.41,8943,7396651.0,2.98,-1.44,-0.49,0.54,1.0100000000000051
2011-05-26,000062,33.54,33.72,34.24,33.45,8061,6669004.5,2.36,0.81,0.27,0.48,0.7899999999999991
2011-05-27,000062,33.67,33.67,34.38,33.63,13592,11273806.0,2.22,-0.15,-0.05,0.81,0.75
2011-05-30,000062,33.85,30.82,33.85,30.82,56763,43925872.0,9.0,-8.46,-2.85,3.4,3.030000000000001
2011-05-31,000062,30.38,31.08,31.39,29.54,35403,26384046.0,6.0,0.84,0.26,2.12,1.8500000000000014
2011-06-01,000062,30.82,31.39,31.39,30.82,14487,11104830.0,1.83,1.0,0.31,0.87,0.5700000000000003
2011-06-02,000062,31.17,30.95,31.17,30.42,11907,9003960.0,2.39,-1.4,-0.44,0.71,0.75
2011-06-03,000062,30.95,31.34,31.48,30.95,10794,8296036.0,1.71,1.26,0.39,0.65,0.5300000000000011
2011-06-07,000062,31.48,31.56,31.56,30.95,11027,8491033.0,1.95,0.7,0.22,0.66,0.6099999999999994
2011-06-08,000062,31.48,31.92,32.18,30.99,16133,12524257.0,3.77,1.14,0.36,0.97,1.1900000000000013
2011-06-09,000062,31.87,30.95,32.18,30.91,9109,7058303.5,3.98,-3.04,-0.97,0.55,1.2699999999999996
2011-06-10,000062,30.95,31.56,31.7,30.69,7866,5999350.0,3.26,1.97,0.61,0.47,1.009999999999998
2011-06-13,000062,31.26,31.87,32.18,30.91,14565,11371174.0,4.02,0.98,0.31,0.87,1.2699999999999996
2011-06-14,000062,32.05,32.18,32.53,32.05,12221,9688973.0,1.51,0.97,0.31,0.73,0.480000000000004
2011-06-15,000062,32.22,32.05,32.71,32.0,11093,8817540.0,2.21,-0.4,-0.13,0.66,0.7100000000000009
2011-06-16,000062,32.05,31.26,32.31,31.26,7539,5875141.0,3.28,-2.46,-0.79,0.45,1.0500000000000007
2011-06-17,000062,31.21,30.86,31.61,30.82,5808,4443803.0,2.53,-1.28,-0.4,0.35,0.7899999999999991
2011-06-20,000062,30.86,31.13,31.34,30.64,7079,5382843.0,2.27,0.87,0.27,0.42,0.6999999999999993
2011-06-21,000062,31.13,31.83,31.83,31.13,5927,4583507.0,2.25,2.25,0.7,0.36,0.6999999999999993
2011-06-22,000062,31.83,31.87,32.05,31.39,3698,2882613.75,2.07,0.13,0.04,0.22,0.6599999999999966
2011-06-23,000062,31.92,32.62,33.06,30.95,9097,7200579.5,6.62,2.35,0.75,0.54,2.110000000000003
2011-06-24,000062,32.44,33.37,33.63,32.27,19093,15517230.0,4.17,2.3,0.75,1.14,1.3599999999999994
2011-06-27,000062,33.28,33.32,33.85,32.97,15609,12756309.0,2.64,-0.15,-0.05,0.94,0.8800000000000026
2011-06-28,000062,33.28,33.32,33.41,32.93,8549,6922200.5,1.44,0.0,0.0,0.51,0.4799999999999969
2011-06-29,000062,33.32,33.19,33.59,33.06,10295,8397663.0,1.59,-0.39,-0.13,0.62,0.5300000000000011
2011-06-30,000062,33.19,33.41,33.67,32.88,12896,10499492.0,2.38,0.66,0.22,0.77,0.7899999999999991
2011-07-01,000062,33.15,33.37,33.63,33.1,12090,9864756.0,1.59,-0.12,-0.04,0.72,0.5300000000000011
2011-07-04,000062,33.37,33.85,33.89,33.19,19735,16238378.0,2.1,1.44,0.48,1.18,0.7000000000000028
2011-07-05,000062,33.94,33.72,33.94,33.45,15896,13089887.0,1.45,-0.38,-0.13,0.95,0.4899999999999949
2011-07-06,000062,33.59,33.85,33.85,33.37,10373,8522681.0,1.42,0.39,0.13,0.62,0.480000000000004
2011-07-07,000062,33.81,33.85,34.51,33.41,21540,17907036.0,3.25,0.0,0.0,1.29,1.1000000000000014
2011-07-08,000062,33.76,34.11,34.42,33.59,15928,13236892.0,2.45,0.77,0.26,0.95,0.8299999999999983
2011-07-11,000062,33.98,34.77,35.17,33.76,23458,19902138.0,4.13,1.93,0.66,1.41,1.4100000000000037
2011-07-12,000062,34.42,34.86,35.56,34.42,27949,23904122.0,3.28,0.26,0.09,1.67,1.1400000000000006
2011-07-13,000062,34.82,36.13,36.35,34.68,33236,28970658.0,4.79,3.64,1.27,1.99,1.6700000000000017
2011-07-14,000062,36.49,36.09,36.49,35.52,21605,18888604.0,2.68,-0.11,-0.04,1.29,0.9699999999999989
2011-07-15,000062,36.0,35.78,36.57,35.52,19458,16986622.0,2.91,-0.86,-0.31,1.17,1.0499999999999972
2011-07-18,000062,35.87,35.26,36.27,35.04,17521,15173874.0,3.44,-1.45,-0.52,1.05,1.230000000000004
2011-07-19,000062,34.95,35.26,35.65,34.95,11505,9893735.0,1.99,0.0,0.0,0.69,0.6999999999999957
2011-07-20,000062,35.34,35.39,36.0,35.08,12734,11017986.0,2.61,0.37,0.13,0.76,0.9200000000000017
2011-07-21,000062,35.3,33.72,35.34,33.54,23914,19874652.0,5.09,-4.72,-1.67,1.43,1.8000000000000043
2011-07-22,000062,33.63,33.45,34.11,33.15,16877,13878085.0,2.85,-0.8,-0.27,1.01,0.9600000000000009
2011-07-25,000062,33.45,32.14,33.63,31.78,18074,14489356.0,5.53,-3.92,-1.31,1.08,1.8500000000000014
2011-07-26,000062,32.18,32.4,32.58,31.87,7512,5942267.5,2.21,0.81,0.26,0.45,0.7099999999999973
2011-07-27,000062,32.22,33.06,33.1,32.0,10653,8544378.0,3.4,2.04,0.66,0.64,1.1000000000000014
2011-07-28,000062,33.06,32.71,33.1,32.14,9060,7228753.0,2.9,-1.06,-0.35,0.54,0.9600000000000009
2011-07-29,000062,32.71,32.71,33.01,32.4,8894,7134618.5,1.86,0.0,0.0,0.53,0.6099999999999994
2011-08-01,000062,32.66,33.01,33.1,32.22,12188,9797425.0,2.69,0.92,0.3,0.73,0.8800000000000026
2011-08-02,000062,33.1,33.5,33.54,32.4,14573,11717894.0,3.45,1.48,0.49,0.87,1.1400000000000006
2011-08-03,000062,33.5,33.89,34.16,32.62,21114,17374124.0,4.6,1.16,0.39,1.26,1.5399999999999991
2011-08-04,000062,34.11,33.67,34.42,33.63,28401,23585298.0,2.33,-0.65,-0.22,1.7,0.7899999999999991
2011-08-05,000062,32.66,32.27,33.1,32.22,23975,19200834.0,2.61,-4.16,-1.4,1.44,0.8800000000000026
2011-08-08,000062,32.05,29.72,32.05,28.97,16722,12537234.0,9.54,-7.9,-2.55,1.0,3.0799999999999983
2011-08-09,000062,29.1,30.33,30.86,27.43,18432,13269115.0,11.54,2.05,0.61,1.1,3.4299999999999997
2011-08-10,000062,30.95,30.86,32.14,30.47,15257,11722608.0,5.51,1.75,0.53,0.91,1.6700000000000017
2011-08-11,000062,30.42,31.74,32.0,29.85,10256,7820326.5,6.97,2.85,0.88,0.61,2.1499999999999986
2011-08-12,000062,31.7,31.78,32.0,31.34,9633,7501884.5,2.08,0.13,0.04,0.58,0.6600000000000001
2011-08-15,000062,31.74,32.84,33.19,31.39,17167,13580603.0,5.66,3.34,1.06,1.03,1.7999999999999972
2011-08-16,000062,33.76,34.03,35.96,33.72,67651,57139572.0,6.82,3.62,1.19,4.05,2.240000000000002
2011-08-17,000062,33.37,33.23,34.64,33.1,23735,19582112.0,4.53,-2.35,-0.8,1.42,1.5399999999999991
2011-08-18,000062,33.23,32.49,33.5,32.44,16671,13404198.0,3.19,-2.23,-0.74,1.0,1.0600000000000023
2011-08-19,000062,31.7,31.87,32.09,31.39,16324,12713285.0,2.15,-1.91,-0.62,0.98,0.7000000000000028
2011-08-22,000062,31.87,32.09,32.4,31.56,14209,11148012.0,2.64,0.69,0.22,0.85,0.8399999999999999
2011-08-23,000062,32.4,32.58,32.58,31.74,15072,11832832.0,2.62,1.53,0.49,0.9,0.8399999999999999
2011-08-24,000062,32.49,32.09,32.79,32.05,9105,7231079.5,2.27,-1.5,-0.49,0.55,0.740000000000002
2011-08-25,000062,32.0,33.32,33.59,31.92,19312,15561907.0,5.2,3.83,1.23,1.16,1.6700000000000017
2011-08-26,000062,33.32,33.32,33.59,32.97,7828,6365950.0,1.86,0.0,0.0,0.47,0.6200000000000045
2011-08-29,000062,33.15,33.19,33.37,32.71,9381,7595319.0,1.98,-0.39,-0.13,0.56,0.6599999999999966
2011-08-30,000062,33.32,32.62,33.76,32.49,14731,11973135.0,3.83,-1.72,-0.57,0.88,1.269999999999996
2011-08-31,000062,32.49,32.79,32.79,31.65,10302,8152310.0,3.49,0.52,0.17,0.62,1.1400000000000006
2011-09-01,000062,32.84,32.22,32.84,32.18,5271,4189683.5,2.01,-1.74,-0.57,0.32,0.6600000000000037
2011-09-02,000062,32.22,32.09,32.44,31.83,4452,3498270.0,1.89,-0.4,-0.13,0.27,0.6099999999999994
2011-09-05,000062,31.48,31.34,32.0,31.3,6803,5264579.0,2.18,-2.34,-0.75,0.41,0.6999999999999993
2011-09-06,000062,31.17,31.04,31.43,30.91,4698,3590939.25,1.66,-0.96,-0.3,0.28,0.5199999999999996
2011-09-07,000062,31.21,31.61,31.92,31.21,4594,3564489.0,2.29,1.84,0.57,0.28,0.7100000000000009
2011-09-08,000062,31.83,31.08,31.83,30.99,4680,3626337.25,2.66,-1.68,-0.53,0.28,0.8399999999999999
2011-09-09,000062,31.13,31.34,31.65,31.08,3069,2367271.75,1.83,0.84,0.26,0.18,0.5700000000000003
2011-09-13,000062,31.21,30.55,31.21,30.25,7106,5352093.5,3.06,-2.52,-0.79,0.43,0.9600000000000009
2011-09-14,000062,30.6,30.99,31.13,30.42,4669,3529788.0,2.32,1.44,0.44,0.28,0.7099999999999973
2011-09-15,000062,30.91,31.48,31.87,30.91,7296,5627037.5,3.1,1.58,0.49,0.44,0.9600000000000009
2011-09-16,000062,31.74,31.26,31.74,31.21,4388,3391696.5,1.68,-0.7,-0.22,0.26,0.5299999999999976
2011-09-19,000062,31.26,30.69,31.26,30.64,4358,3312939.0,1.98,-1.82,-0.57,0.26,0.620000000000001
2011-09-20,000062,30.47,30.82,31.04,30.38,2579,1948342.62,2.15,0.42,0.13,0.15,0.6600000000000001
2011-09-21,000062,30.99,31.61,31.7,30.6,5397,4149621.25,3.57,2.56,0.79,0.32,1.0999999999999979
2011-09-22,000062,31.26,30.64,31.56,30.6,5558,4231550.5,3.04,-3.07,-0.97,0.33,0.9599999999999973
2011-09-23,000062,30.38,29.81,30.47,29.68,7675,5676996.0,2.58,-2.71,-0.83,0.46,0.7899999999999991
2011-09-26,000062,29.81,29.24,30.11,28.97,5711,4156285.0,3.82,-1.91,-0.57,0.34,1.1400000000000006
2011-09-27,000062,29.98,29.41,29.98,29.1,4290,3114911.0,3.01,0.58,0.17,0.26,0.879999999999999
2011-09-28,000062,29.98,28.71,29.98,28.4,4143,3003627.25,5.37,-2.38,-0.7,0.25,1.5800000000000018
2011-09-29,000062,28.58,27.83,28.8,27.7,7033,4931868.5,3.83,-3.07,-0.88,0.42,1.1000000000000014
2011-09-30,000062,28.05,27.87,28.27,27.65,3857,2675089.5,2.23,0.14,0.04,0.23,0.620000000000001
2011-10-10,000062,27.87,27.87,28.36,27.79,2584,1794143.62,2.05,0.0,0.0,0.15,0.5700000000000003
2011-10-11,000062,28.27,28.01,28.84,27.79,3539,2472491.0,3.77,0.5,0.14,0.21,1.0500000000000007
2011-10-12,000062,28.27,29.02,29.02,27.96,10163,7188103.5,3.78,3.61,1.01,0.61,1.0599999999999987
2011-10-13,000062,28.8,29.28,29.41,28.8,6165,4445758.0,2.1,0.9,0.26,0.37,0.6099999999999994
2011-10-14,000062,29.06,29.06,29.37,28.71,5045,3610238.75,2.25,-0.75,-0.22,0.3,0.6600000000000001
2011-10-17,000062,29.1,28.75,29.24,28.53,6257,4459900.0,2.44,-1.07,-0.31,0.37,0.7099999999999973
2011-10-18,000062,28.4,28.09,28.71,27.96,5236,3660677.5,2.61,-2.3,-0.66,0.31,0.75
2011-10-19,000062,28.09,27.83,28.53,27.74,3265,2266523.0,2.81,-0.93,-0.26,0.2,0.7900000000000027
2011-10-20,000062,27.83,26.34,27.83,25.76,10999,7250994.5,7.44,-5.35,-1.49,0.66,2.0699999999999967
2011-10-21,000062,26.2,26.29,26.78,26.07,3333,2188594.5,2.7,-0.19,-0.05,0.2,0.7100000000000009
2011-10-24,000062,26.29,26.82,26.82,25.94,3973,2609926.25,3.35,2.02,0.53,0.24,0.879999999999999
2011-10-25,000062,26.86,27.17,27.48,26.6,7398,4991277.0,3.28,1.3,0.35,0.44,0.879999999999999
2011-10-26,000062,27.17,27.83,28.18,27.17,9974,6871505.0,3.72,2.43,0.66,0.6,1.009999999999998
2011-10-27,000062,29.37,28.14,30.73,28.09,27360,19730140.0,9.49,1.11,0.31,1.64,2.6400000000000006
2011-10-28,000062,28.01,29.72,30.03,27.96,27243,19763778.0,7.36,5.61,1.58,1.63,2.0700000000000003
2011-10-31,000062,29.59,29.24,29.59,28.75,12707,9150458.0,2.83,-1.62,-0.48,0.76,0.8399999999999999
2011-11-01,000062,29.28,29.41,29.89,28.84,14098,10226436.0,3.59,0.58,0.17,0.84,1.0500000000000007
2011-11-02,000062,28.58,30.33,30.55,28.53,17117,12527220.0,6.87,3.13,0.92,1.03,2.0199999999999996
2011-11-03,000062,30.16,31.48,32.36,29.98,39225,30239072.0,7.85,3.79,1.15,2.35,2.379999999999999
2011-11-04,000062,31.83,30.55,31.83,30.55,15547,11877379.0,4.07,-2.95,-0.93,0.93,1.2799999999999976
2011-11-07,000062,30.77,31.48,32.66,30.42,19197,14797576.0,7.33,3.04,0.93,1.15,2.239999999999995
2011-11-08,000062,31.39,30.51,31.48,30.51,9331,7128932.0,3.08,-3.08,-0.97,0.56,0.9699999999999989
2011-11-09,000062,30.69,30.77,30.86,30.03,13976,10491489.0,2.72,0.85,0.26,0.84,0.8299999999999983
2011-11-10,000062,30.25,30.03,30.73,29.85,10394,7731487.5,2.86,-2.4,-0.74,0.62,0.879999999999999
2011-11-11,000062,30.03,30.03,30.69,29.85,8948,6666663.0,2.8,0.0,0.0,0.54,0.8399999999999999
2011-11-14,000062,30.64,30.55,30.73,30.16,10957,8213776.0,1.9,1.73,0.52,0.66,0.5700000000000003
2011-11-15,000062,30.73,31.26,31.3,30.42,11669,8859952.0,2.88,2.32,0.71,0.7,0.879999999999999
2011-11-16,000062,31.13,32.22,33.45,30.82,54844,43621356.0,8.41,3.07,0.96,3.29,2.6300000000000026
2011-11-17,000062,32.66,32.4,32.88,32.05,27395,21800962.0,2.58,0.56,0.18,1.64,0.8300000000000054
2011-11-18,000062,32.31,31.96,32.93,31.13,23534,18472046.0,5.56,-1.36,-0.44,1.41,1.8000000000000007
2011-11-21,000062,31.96,31.08,31.96,30.82,14627,11169105.0,3.57,-2.75,-0.88,0.88,1.1400000000000006
2011-11-22,000062,30.91,30.16,30.91,29.54,15815,11719262.0,4.41,-2.96,-0.92,0.95,1.370000000000001
2011-11-23,000062,30.03,28.8,30.33,28.58,24450,17667518.0,5.8,-4.51,-1.36,1.46,1.75
2011-11-24,000062,28.62,28.93,29.15,28.09,8424,5972274.5,3.68,0.45,0.13,0.5,1.0599999999999987
2011-11-25,000062,28.93,28.44,29.15,27.87,11519,8131779.0,4.42,-1.69,-0.49,0.69,1.2799999999999976
2011-11-28,000062,28.44,28.44,28.66,28.05,5136,3601004.75,2.14,0.0,0.0,0.31,0.6099999999999994
2011-11-29,000062,28.71,29.02,29.06,28.31,7934,5629363.0,2.64,2.04,0.58,0.48,0.75
2011-11-30,000062,29.06,27.43,29.06,26.95,9656,6662933.5,7.27,-5.48,-1.59,0.58,2.1099999999999994
2011-12-01,000062,28.27,28.23,28.71,27.96,9666,6781192.0,2.73,2.92,0.8,0.58,0.75
2011-12-02,000062,28.23,27.48,28.23,27.3,5472,3736440.5,3.29,-2.66,-0.75,0.33,0.9299999999999997
2011-12-05,000062,27.13,26.86,27.74,26.73,3656,2451309.25,3.68,-2.26,-0.62,0.22,1.009999999999998
2011-12-06,000062,26.86,26.86,27.04,26.42,3879,2589008.0,2.31,0.0,0.0,0.23,0.6199999999999974
2011-12-07,000062,27.04,26.99,27.26,26.6,3878,2607838.75,2.46,0.48,0.13,0.23,0.6600000000000001
2011-12-08,000062,27.39,27.26,28.09,26.42,5979,4039060.75,6.19,1.0,0.27,0.36,1.6699999999999982
2011-12-09,000062,26.95,26.86,27.3,26.16,2713,1812409.0,4.18,-1.47,-0.4,0.16,1.1400000000000006
2011-12-12,000062,26.95,26.51,26.95,26.42,3701,2448737.75,1.97,-1.3,-0.35,0.22,0.5299999999999976
2011-12-13,000062,26.42,26.03,26.69,25.19,7627,4891495.5,5.66,-1.81,-0.48,0.46,1.5
2011-12-14,000062,25.72,25.28,26.03,25.24,2702,1723215.5,3.03,-2.88,-0.75,0.16,0.7900000000000027
2011-12-15,000062,25.24,24.58,25.24,24.4,5994,3708783.75,3.32,-2.77,-0.7,0.36,0.8399999999999999
2011-12-16,000062,24.75,25.19,25.19,24.4,4293,2666469.75,3.21,2.48,0.61,0.26,0.7900000000000027
2011-12-19,000062,25.02,25.19,25.19,24.23,5238,3229517.5,3.81,0.0,0.0,0.31,0.9600000000000009
2011-12-20,000062,24.8,25.19,25.9,24.8,5081,3245342.0,4.37,0.0,0.0,0.3,1.0999999999999979
2011-12-21,000062,25.63,24.53,25.85,24.45,2411,1518929.0,5.56,-2.62,-0.66,0.14,1.4000000000000021
2011-12-22,000062,24.09,23.88,24.49,23.48,4755,2852614.0,4.12,-2.65,-0.65,0.28,1.009999999999998
2011-12-23,000062,23.88,24.31,24.62,23.83,3278,1997043.0,3.31,1.8,0.43,0.2,0.7900000000000027
2011-12-26,000062,23.96,24.31,24.58,23.96,1779,1087264.88,2.55,0.0,0.0,0.11,0.6199999999999974
2011-12-27,000062,24.05,23.83,24.45,23.83,3870,2334108.5,2.55,-1.97,-0.48,0.23,0.620000000000001
2011-12-28,000062,23.88,23.08,23.88,22.16,11159,6490714.0,7.22,-3.15,-0.75,0.67,1.7199999999999989
2011-12-29,000062,23.13,22.95,23.44,22.38,7077,4105580.25,4.59,-0.56,-0.13,0.42,1.0600000000000023
2011-12-30,000062,23.0,23.0,23.39,22.82,6796,3940808.5,2.48,0.22,0.05,0.41,0.5700000000000003
2012-01-04,000062,23.04,21.77,23.22,21.72,6867,3908120.5,6.52,-5.35,-1.23,0.41,1.5
2012-01-05,000062,21.72,20.58,22.12,20.45,8381,4509377.5,7.67,-5.47,-1.19,0.5,1.6700000000000017
2012-01-06,000062,21.02,20.36,21.02,19.48,10323,5291472.0,7.48,-1.07,-0.22,0.62,1.5399999999999991
2012-01-09,000062,20.36,20.98,21.11,19.92,19587,10312961.0,5.84,3.05,0.62,1.17,1.1899999999999977
2012-01-10,000062,21.02,22.03,22.03,20.8,40754,22325592.0,5.86,5.0,1.05,2.44,1.2300000000000004
2012-01-11,000062,22.03,21.9,22.73,21.33,36644,20458068.0,6.35,-0.59,-0.13,2.2,1.4000000000000021
2012-01-12,000062,21.72,22.12,22.91,21.68,44849,25128714.0,5.62,1.0,0.22,2.69,1.2300000000000004
2012-01-13,000062,21.99,20.71,21.99,20.62,28815,15485516.0,6.19,-6.37,-1.41,1.73,1.3699999999999974
2012-01-16,000062,20.23,19.7,20.4,19.53,23065,11811639.0,4.2,-4.88,-1.01,1.38,0.8699999999999974
2012-01-17,000062,19.83,20.76,20.93,19.66,19673,10227659.0,6.45,5.38,1.06,1.18,1.2699999999999996
2012-01-18,000062,20.8,20.23,21.15,20.05,19876,10455086.0,5.3,-2.55,-0.53,1.19,1.0999999999999979
2012-01-19,000062,20.23,20.54,20.71,20.14,12793,6683591.5,2.82,1.53,0.31,0.77,0.5700000000000003
2012-01-20,000062,20.54,20.67,20.93,20.36,16109,8498790.0,2.78,0.63,0.13,0.97,0.5700000000000003
2012-01-30,000062,20.8,20.54,21.02,20.49,8283,4371495.5,2.56,-0.63,-0.13,0.5,0.5300000000000011
2012-01-31,000062,20.58,20.18,20.58,19.92,11929,6145620.5,3.21,-1.75,-0.36,0.71,0.6599999999999966
2012-02-01,000062,20.05,20.8,21.02,20.01,29418,15360714.0,5.0,3.07,0.62,1.76,1.009999999999998
2012-02-02,000062,20.8,20.84,20.93,20.4,21506,11343850.0,2.55,0.19,0.04,1.29,0.5300000000000011
2012-02-03,000062,20.93,21.5,21.63,20.84,31566,17113354.0,3.79,3.17,0.66,1.89,0.7899999999999991
2012-02-06,000062,21.81,21.63,21.94,21.19,20257,11054103.0,3.49,0.6,0.13,1.21,0.75
2012-02-07,000062,21.59,21.11,21.59,20.93,13121,7053059.0,3.05,-2.4,-0.52,0.79,0.6600000000000001
2012-02-08,000062,21.24,21.77,21.81,21.06,18006,9826482.0,3.55,3.13,0.66,1.08,0.75
2012-02-09,000062,21.77,23.44,23.79,21.59,66987,38772140.0,10.11,7.67,1.67,4.01,2.1999999999999993
2012-02-10,000062,23.04,23.48,23.61,22.95,27466,16122344.0,2.82,0.17,0.04,1.65,0.6600000000000001
2012-02-13,000062,23.22,23.04,24.05,22.34,45324,26261522.0,7.28,-1.87,-0.44,2.72,1.7100000000000009
2012-02-14,000062,22.95,22.95,23.17,22.64,23657,13665291.0,2.3,-0.39,-0.09,1.42,0.5300000000000011
2012-02-15,000062,22.78,23.48,24.71,22.56,57030,33506316.0,9.37,2.31,0.53,3.42,2.150000000000002
2012-02-16,000062,23.22,23.48,23.7,23.0,42426,24927048.0,2.98,0.0,0.0,2.54,0.6999999999999993
2012-02-17,000062,23.44,23.17,23.61,22.78,13593,7951293.0,3.53,-1.32,-0.31,0.81,0.8299999999999983
2012-02-20,000062,23.44,23.39,23.79,23.22,29054,17135122.0,2.46,0.95,0.22,1.74,0.5700000000000003
2012-02-21,000062,23.13,23.48,23.66,22.86,21744,12760211.0,3.42,0.38,0.09,1.3,0.8000000000000007
2012-02-22,000062,23.48,24.36,24.58,23.26,44205,26612512.0,5.62,3.75,0.88,2.65,1.3199999999999967
2012-02-23,000062,25.11,25.11,25.94,24.75,94970,59968900.0,4.89,3.08,0.75,5.69,1.1900000000000013
2012-02-24,000062,24.75,25.41,25.85,24.58,50535,32060034.0,5.06,1.19,0.3,3.03,1.2700000000000031
2012-02-27,000062,25.19,25.19,26.07,24.97,55915,35529472.0,4.33,-0.87,-0.22,3.35,1.1000000000000014
2012-02-28,000062,25.06,25.59,25.63,24.45,36917,23110072.0,4.68,1.59,0.4,2.21,1.1799999999999997
2012-02-29,000062,25.46,24.97,25.81,24.84,26441,16710336.0,3.79,-2.42,-0.62,1.58,0.9699999999999989
2012-03-01,000062,24.97,25.28,26.03,24.75,28815,18279000.0,5.13,1.24,0.31,1.73,1.2800000000000011
2012-03-02,000062,25.33,25.68,25.72,25.02,36917,23460898.0,2.77,1.58,0.4,2.21,0.6999999999999993
2012-03-05,000062,25.72,26.69,26.99,25.5,73663,48425284.0,5.8,3.93,1.01,4.41,1.4899999999999984
2012-03-06,000062,26.6,26.42,26.91,26.03,35828,23524522.0,3.3,-1.01,-0.27,2.15,0.879999999999999
2012-03-07,000062,26.03,25.63,26.29,25.59,29004,18758934.0,2.65,-2.99,-0.79,1.74,0.6999999999999993
2012-03-08,000062,25.85,25.9,26.12,25.63,20995,13534529.0,1.91,1.05,0.27,1.26,0.490000000000002
2012-03-09,000062,26.07,25.94,26.16,25.19,23086,14847364.0,3.75,0.15,0.04,1.38,0.9699999999999989
2012-03-12,000062,25.9,25.63,25.9,25.41,20560,13148746.0,1.89,-1.2,-0.31,1.23,0.48999999999999844
2012-03-13,000062,25.63,26.07,26.12,25.24,29115,18763788.0,3.43,1.72,0.44,1.74,0.8800000000000026
2012-03-14,000062,26.25,24.23,26.29,23.96,47664,30001616.0,8.94,-7.06,-1.84,2.86,2.3299999999999983
2012-03-15,000062,24.23,23.22,24.53,23.0,33867,20109630.0,6.31,-4.17,-1.01,2.03,1.5300000000000011
2012-03-16,000062,23.26,23.88,23.88,23.22,17203,10200252.0,2.84,2.84,0.66,1.03,0.6600000000000001
2012-03-19,000062,24.05,24.23,24.4,23.74,18848,11377937.0,2.76,1.47,0.35,1.13,0.6600000000000001
2012-03-20,000062,24.31,23.39,24.31,23.26,17283,10309252.0,4.33,-3.47,-0.84,1.04,1.0499999999999972
2012-03-21,000062,23.35,23.26,23.66,22.82,17781,10397869.0,3.59,-0.56,-0.13,1.07,0.8399999999999999
2012-03-22,000062,23.35,24.8,24.93,23.17,36382,22055729.0,7.57,6.62,1.54,2.18,1.759999999999998
2012-03-23,000062,24.53,24.01,25.15,23.88,28855,17733811.0,5.12,-3.19,-0.79,1.73,1.2699999999999996
2012-03-26,000062,23.96,23.79,24.05,23.39,23120,13704489.0,2.75,-0.92,-0.22,1.39,0.6600000000000001
2012-03-27,000062,23.66,23.79,23.96,23.35,8629,5141753.0,2.56,0.0,0.0,0.52,0.6099999999999994
2012-03-28,000062,23.7,22.51,23.7,22.51,11874,6889953.0,5.0,-5.38,-1.28,0.71,1.1899999999999977
2012-03-29,000062,22.47,21.41,22.47,21.41,10832,6020663.0,4.71,-4.89,-1.1,0.65,1.0599999999999987
2012-03-30,000062,21.63,21.24,21.81,21.11,9056,4932835.0,3.27,-0.79,-0.17,0.54,0.6999999999999993
2012-04-05,000062,21.46,22.07,22.07,21.24,7736,4276080.0,3.91,3.91,0.83,0.46,0.8300000000000018
2012-04-06,000062,22.12,22.34,22.47,21.99,8329,4692592.0,2.17,1.22,0.27,0.5,0.4800000000000004
2012-04-09,000062,22.34,22.56,22.6,21.9,8549,4839304.0,3.13,0.98,0.22,0.51,0.7000000000000028
2012-04-10,000062,22.47,22.86,22.91,21.9,10232,5790575.0,4.48,1.33,0.3,0.61,1.0100000000000016
2012-04-11,000062,22.6,23.0,23.22,22.34,7839,4526303.0,3.85,0.61,0.14,0.47,0.879999999999999
2012-04-12,000062,22.95,24.8,24.93,22.82,47368,28838189.0,9.17,7.83,1.8,2.84,2.1099999999999994
2012-04-13,000062,25.41,24.8,26.29,24.67,72004,45607076.0,6.53,0.0,0.0,4.31,1.6199999999999974
2012-04-16,000062,24.27,25.28,26.25,23.92,66670,41984302.0,9.4,1.94,0.48,3.99,2.3299999999999983
2012-04-17,000062,25.28,24.09,25.28,23.88,39450,24182477.0,5.54,-4.71,-1.19,2.36,1.4000000000000021
2012-04-18,000062,24.01,24.62,24.97,24.01,28298,17383443.0,3.99,2.2,0.53,1.7,0.9599999999999973
2012-04-19,000062,24.53,24.45,24.71,24.27,17303,10617444.0,1.79,-0.69,-0.17,1.04,0.4400000000000013
2012-04-20,000062,23.96,27.13,27.13,23.96,94074,62048909.0,12.97,10.96,2.68,5.64,3.169999999999998
2012-04-23,000062,28.23,27.57,28.23,26.47,130866,88817330.0,6.49,1.62,0.44,7.84,1.7600000000000016
2012-04-24,000062,26.95,26.6,27.61,25.41,94086,62055156.0,7.98,-3.52,-0.97,5.64,2.1999999999999993
2012-04-25,000062,26.07,27.26,27.57,25.85,89374,59681318.0,6.47,2.48,0.66,5.35,1.7199999999999989
2012-04-26,000062,27.21,26.42,27.3,26.07,60569,40177939.0,4.51,-3.08,-0.84,3.63,1.2300000000000004
2012-04-27,000062,26.42,25.37,26.56,25.19,41585,26627690.0,5.19,-3.97,-1.05,2.49,1.3699999999999974
2012-05-02,000062,25.68,25.19,25.85,24.71,34999,22065603.0,4.49,-0.71,-0.18,2.1,1.1400000000000006
2012-05-03,000062,25.11,25.98,26.12,24.89,35744,22991518.0,4.88,3.14,0.79,2.14,1.2300000000000004
2012-05-04,000062,25.9,25.85,26.07,25.54,15769,10131258.0,2.04,-0.5,-0.13,0.94,0.5300000000000011
2012-05-07,000062,25.72,25.98,26.16,25.37,17278,11135220.0,3.06,0.5,0.13,1.04,0.7899999999999991
2012-05-08,000062,25.98,25.72,26.16,25.5,15508,9974176.0,2.54,-1.0,-0.26,0.93,0.6600000000000001
2012-05-09,000062,25.63,25.11,25.63,25.02,15420,9717196.0,2.37,-2.37,-0.61,0.92,0.6099999999999994
2012-05-10,000062,25.11,25.59,25.63,24.89,21669,13635196.0,2.95,1.91,0.48,1.3,0.7399999999999984
2012-05-11,000062,25.54,25.98,26.25,24.97,28744,18477074.0,5.0,1.52,0.39,1.72,1.2800000000000011
2012-05-14,000062,26.25,26.07,26.51,25.85,34374,22469908.0,2.54,0.35,0.09,2.06,0.6600000000000001
2012-05-15,000062,25.68,25.63,26.07,25.19,16874,10813703.0,3.38,-1.69,-0.44,1.01,0.879999999999999
2012-05-16,000062,25.28,25.98,25.98,25.11,16723,10669208.0,3.39,1.37,0.35,1.0,0.870000000000001
2012-05-17,000062,25.63,26.2,26.25,25.63,23771,15410326.0,2.39,0.85,0.22,1.42,0.620000000000001
2012-05-18,000062,26.07,25.02,26.07,24.09,37075,23169051.0,7.56,-4.5,-1.18,2.22,1.9800000000000004
2012-05-21,000062,25.02,25.28,26.2,24.36,30474,19345579.0,7.35,1.04,0.26,1.83,1.8399999999999999
2012-05-22,000062,25.33,25.68,25.76,24.84,20260,12891357.0,3.64,1.58,0.4,1.21,0.9200000000000017
2012-05-23,000062,25.68,26.25,27.57,25.59,66122,43407946.0,7.71,2.22,0.57,3.96,1.9800000000000004
2012-05-24,000062,25.72,25.41,26.16,25.11,22345,14256661.0,4.0,-3.2,-0.84,1.34,1.0500000000000007
2012-05-25,000062,25.41,25.9,26.73,25.19,47038,30683546.0,6.06,1.93,0.49,2.82,1.5399999999999991
2012-05-28,000062,26.07,27.79,27.83,26.07,101391,68504982.0,6.8,7.3,1.89,6.07,1.759999999999998
2012-05-29,000062,27.61,28.97,29.94,26.95,112385,78981841.0,10.76,4.25,1.18,6.73,2.990000000000002
2012-05-30,000062,28.84,29.41,30.03,28.44,144741,104884639.0,5.49,1.52,0.44,8.67,1.5899999999999999
2012-05-31,000062,28.88,28.97,29.59,28.58,72491,51874045.0,3.43,-1.5,-0.44,4.34,1.0100000000000016
2012-06-01,000062,28.93,28.31,29.37,28.09,45523,32272507.0,4.42,-2.28,-0.66,2.73,1.2800000000000011
2012-06-04,000062,27.92,28.71,28.8,27.43,60734,42352380.0,4.84,1.41,0.4,3.64,1.370000000000001
2012-06-05,000062,28.93,29.15,29.46,28.27,58212,41742089.0,4.14,1.53,0.44,3.49,1.1900000000000013
2012-06-06,000062,28.8,30.73,30.77,28.36,136542,100458754.0,8.27,5.42,1.58,8.18,2.41
2012-06-07,000062,30.82,30.82,31.34,30.11,107926,81664582.0,4.0,0.29,0.09,6.47,1.2300000000000004
2012-06-08,000062,31.48,28.8,32.31,28.62,120188,90096329.0,11.97,-6.55,-2.02,7.2,3.6900000000000013
2012-06-11,000062,28.58,28.4,29.06,27.65,53203,37397534.0,4.9,-1.39,-0.4,3.19,1.4100000000000001
2012-06-12,000062,28.36,28.75,29.24,28.09,35650,25369775.0,4.05,1.23,0.35,2.14,1.1499999999999986
2012-06-13,000062,28.66,28.66,28.97,27.92,37744,26580925.0,3.65,-0.31,-0.09,2.26,1.0499999999999972
2012-06-14,000062,28.66,28.88,28.88,28.27,41422,29291372.0,2.13,0.77,0.22,2.48,0.6099999999999994
2012-06-15,000062,28.8,29.68,29.89,28.8,73032,53129098.0,3.77,2.77,0.8,4.38,1.0899999999999999
2012-06-18,000062,29.72,29.59,29.94,29.06,45581,33083450.0,2.96,-0.3,-0.09,2.73,0.8800000000000026
2012-06-19,000062,29.5,29.15,29.94,29.06,30199,21971225.0,2.97,-1.49,-0.44,1.81,0.8800000000000026
2012-06-20,000062,28.84,28.66,29.85,28.62,28222,20350551.0,4.22,-1.68,-0.49,1.69,1.2300000000000004
2012-06-21,000062,28.71,28.58,28.93,28.18,19792,13940193.0,2.62,-0.28,-0.08,1.19,0.75
2012-06-25,000062,28.31,28.18,28.44,27.21,21017,14499359.0,4.3,-1.4,-0.4,1.26,1.2300000000000004
2012-06-26,000062,27.83,28.05,28.09,27.17,11919,8179688.0,3.26,-0.46,-0.13,0.71,0.9199999999999982
2012-06-27,000062,27.61,28.05,28.62,27.57,15436,10762770.0,3.74,0.0,0.0,0.92,1.0500000000000007
2012-06-29,000062,28.05,28.05,28.09,27.39,12189,8366764.0,2.5,0.0,0.0,0.73,0.6999999999999993
2012-07-02,000062,28.23,27.96,28.8,27.74,16273,11379366.0,3.78,-0.32,-0.09,0.97,1.0600000000000023
2012-07-03,000062,27.96,27.17,27.96,26.95,26288,17857436.0,3.61,-2.83,-0.79,1.57,1.0100000000000016
2012-07-04,000062,27.39,27.61,27.96,26.82,21404,14587185.0,4.2,1.62,0.44,1.28,1.1400000000000006
2012-07-05,000062,27.43,26.91,27.43,26.38,20947,13970092.0,3.8,-2.54,-0.7,1.26,1.0500000000000007
2012-07-06,000062,27.08,27.39,27.43,26.6,18882,12734048.0,3.08,1.78,0.48,1.13,0.8299999999999983
2012-07-09,000062,26.51,26.51,27.3,26.2,17588,11665987.0,4.02,-3.21,-0.88,1.05,1.1000000000000014
2012-07-10,000062,26.47,25.98,26.78,25.76,12784,8347635.0,3.85,-2.0,-0.53,0.77,1.0199999999999996
2012-07-11,000062,25.85,25.46,26.07,24.71,23751,14975425.0,5.23,-2.0,-0.52,1.42,1.3599999999999994
2012-07-12,000062,25.46,25.59,25.81,24.71,22910,14400945.0,4.32,0.51,0.13,1.37,1.0999999999999979
2012-07-13,000062,25.41,25.37,25.98,25.11,18685,11893668.0,3.4,-0.86,-0.22,1.12,0.870000000000001
2012-07-16,000062,25.37,24.31,25.63,23.48,16250,9969515.0,8.47,-4.18,-1.06,0.97,2.1499999999999986
2012-07-17,000062,24.31,24.23,24.31,23.0,22247,13208592.0,5.39,-0.33,-0.08,1.33,1.3099999999999987
2012-07-18,000062,23.66,23.74,23.96,23.08,26244,15529275.0,3.63,-2.02,-0.49,1.57,0.8800000000000026
2012-07-19,000062,23.48,24.05,24.58,23.44,16728,10139995.0,4.8,1.31,0.31,1.0,1.139999999999997
2012-07-20,000062,24.05,24.14,24.49,23.61,26091,15791321.0,3.66,0.37,0.09,1.56,0.879999999999999
2012-07-23,000062,23.96,23.52,24.05,23.26,8785,5198689.0,3.27,-2.57,-0.62,0.53,0.7899999999999991
2012-07-24,000062,23.13,23.61,23.88,23.13,6224,3695979.0,3.19,0.38,0.09,0.37,0.75
2012-07-25,000062,23.7,23.0,23.7,23.0,9703,5686588.0,2.96,-2.58,-0.61,0.58,0.6999999999999993
2012-07-26,000062,23.0,21.99,23.3,21.9,12768,7315828.0,6.09,-4.39,-1.01,0.76,1.4000000000000021
2012-07-27,000062,22.03,21.37,22.21,21.15,17087,9346522.0,4.82,-2.82,-0.62,1.02,1.0600000000000023
2012-07-30,000062,21.37,20.67,21.59,20.58,15795,8421135.0,4.73,-3.28,-0.7,0.95,1.0100000000000016
2012-07-31,000062,20.76,20.67,20.89,20.32,11236,5890249.0,2.76,0.0,0.0,0.67,0.5700000000000003
2012-08-01,000062,20.54,20.98,21.24,20.54,11592,6176415.0,3.39,1.5,0.31,0.69,0.6999999999999993
2012-08-02,000062,20.89,20.62,21.19,20.36,9930,5259332.0,3.96,-1.72,-0.36,0.59,0.8300000000000018
2012-08-03,000062,20.67,21.15,21.33,20.54,8314,4415220.0,3.83,2.57,0.53,0.5,0.7899999999999991
2012-08-06,000062,21.15,21.99,22.12,20.89,17569,9665130.0,5.82,3.97,0.84,1.05,1.2300000000000004
2012-08-07,000062,21.72,22.56,22.78,21.72,19191,10843363.0,4.82,2.59,0.57,1.15,1.0600000000000023
2012-08-08,000062,22.56,22.47,22.73,22.21,12270,6970483.0,2.3,-0.4,-0.09,0.74,0.5199999999999996
2012-08-09,000062,22.51,22.73,23.0,22.51,9396,5390152.0,2.18,1.16,0.26,0.56,0.48999999999999844
2012-08-10,000062,22.73,22.56,22.73,22.38,5552,3161218.0,1.54,-0.75,-0.17,0.33,0.3500000000000014
2012-08-13,000062,22.73,22.34,22.78,22.16,5333,3021245.0,2.75,-0.98,-0.22,0.32,0.620000000000001
2012-08-14,000062,22.34,22.56,22.56,21.77,6134,3437055.0,3.54,0.98,0.22,0.37,0.7899999999999991
2012-08-15,000062,22.51,21.9,22.51,21.68,6044,3374907.0,3.68,-2.93,-0.66,0.36,0.8300000000000018
2012-08-16,000062,21.77,21.9,22.12,21.55,7555,4193355.0,2.6,0.0,0.0,0.45,0.5700000000000003
2012-08-17,000062,21.85,21.94,21.99,21.72,3156,1750513.0,1.23,0.18,0.04,0.19,0.2699999999999996
2012-08-20,000062,21.9,21.63,21.9,21.24,5764,3142868.0,3.01,-1.41,-0.31,0.35,0.6600000000000001
2012-08-21,000062,21.46,22.16,22.38,21.46,8066,4502655.0,4.25,2.45,0.53,0.48,0.9199999999999982
2012-08-22,000062,22.47,22.07,22.78,21.81,6012,3365773.0,4.38,-0.41,-0.09,0.36,0.9700000000000024
2012-08-23,000062,22.12,22.47,22.64,21.9,11491,6481254.0,3.35,1.81,0.4,0.69,0.740000000000002
2012-08-24,000062,22.16,22.25,22.51,22.12,5482,3095072.0,1.74,-0.98,-0.22,0.33,0.39000000000000057
2012-08-27,000062,22.43,21.72,22.47,20.49,9157,5048596.0,8.9,-2.38,-0.53,0.55,1.9800000000000004
2012-08-28,000062,21.5,21.94,22.03,21.28,7196,3976448.0,3.45,1.01,0.22,0.43,0.75
2012-08-29,000062,21.68,22.51,24.4,21.37,24112,14083871.0,13.81,2.6,0.57,1.44,3.0299999999999976
2012-08-30,000062,22.47,25.02,25.02,22.12,64285,38642492.0,12.88,11.15,2.51,3.85,2.8999999999999986
2012-08-31,000062,25.02,23.88,25.15,23.35,69677,42290236.0,7.19,-4.56,-1.14,4.17,1.7999999999999972
2012-09-03,000062,24.01,24.09,24.45,23.48,31843,19203810.0,4.06,0.88,0.21,1.91,0.9699999999999989
2012-09-04,000062,23.96,23.52,24.18,23.39,25112,14940824.0,3.28,-2.37,-0.57,1.5,0.7899999999999991
2012-09-05,000062,23.0,23.35,23.79,23.0,16003,9450292.0,3.36,-0.72,-0.17,0.96,0.7899999999999991
2012-09-06,000062,23.22,23.39,24.14,23.22,23368,13869821.0,3.94,0.17,0.04,1.4,0.9200000000000017
2012-09-07,000062,23.35,24.4,24.75,23.35,33614,20380760.0,5.99,4.32,1.01,2.01,1.3999999999999986
2012-09-10,000062,24.31,24.58,24.89,24.09,23979,14776737.0,3.28,0.74,0.18,1.44,0.8000000000000007
2012-09-11,000062,24.58,25.41,25.76,24.23,31452,19777244.0,6.22,3.38,0.83,1.88,1.5300000000000011
2012-09-12,000062,25.15,25.19,25.81,25.11,20200,12787558.0,2.75,-0.87,-0.22,1.21,0.6999999999999993
2012-09-13,000062,25.28,24.4,25.41,24.31,19417,12038085.0,4.37,-3.14,-0.79,1.16,1.1000000000000014
2012-09-14,000062,24.53,24.31,24.75,24.18,11922,7296356.0,2.34,-0.37,-0.09,0.71,0.5700000000000003
2012-09-17,000062,24.31,24.23,24.89,24.05,11417,6989158.0,3.46,-0.33,-0.08,0.68,0.8399999999999999
2012-09-18,000062,24.14,24.23,24.49,24.01,6616,4030828.0,1.98,0.0,0.0,0.4,0.4799999999999969
2012-09-19,000062,24.23,24.93,26.03,24.23,17346,10887141.0,7.43,2.89,0.7,1.04,1.8000000000000007
2012-09-20,000062,24.97,23.88,25.06,23.57,13737,8342600.0,5.98,-4.21,-1.05,0.82,1.4899999999999984
2012-09-21,000062,23.88,23.39,23.88,22.86,7882,4670708.0,4.27,-2.05,-0.49,0.47,1.0199999999999996
2012-09-24,000062,23.0,23.39,23.7,23.0,5861,3461752.0,2.99,0.0,0.0,0.35,0.6999999999999993
2012-09-25,000062,23.66,23.0,23.66,22.82,8773,5118770.0,3.59,-1.67,-0.39,0.53,0.8399999999999999
2012-09-26,000062,23.0,22.69,23.26,22.25,5492,3136801.0,4.39,-1.35,-0.31,0.33,1.0100000000000016
2012-09-27,000062,22.78,23.04,23.3,22.6,6928,4015337.0,3.09,1.54,0.35,0.42,0.6999999999999993
2012-09-28,000062,22.86,23.35,23.39,22.86,5083,2972985.0,2.3,1.35,0.31,0.3,0.5300000000000011
2012-10-08,000062,23.7,22.95,23.7,22.69,3845,2246665.0,4.33,-1.71,-0.4,0.23,1.009999999999998
2012-10-09,000062,23.17,23.83,23.88,22.78,8157,4833224.0,4.79,3.83,0.88,0.49,1.0999999999999979
2012-10-10,000062,23.83,24.14,24.31,23.66,8993,5435412.0,2.73,1.3,0.31,0.54,0.6499999999999986
2012-10-11,000062,23.96,23.52,24.27,23.44,7673,4604163.0,3.44,-2.57,-0.62,0.46,0.8299999999999983
2012-10-12,000062,23.7,23.3,24.14,23.0,7561,4454135.0,4.85,-0.94,-0.22,0.45,1.1400000000000006
2012-10-15,000062,23.66,24.93,24.93,23.66,26294,16117673.0,5.45,7.0,1.63,1.58,1.2699999999999996
2012-10-16,000062,24.89,24.31,25.11,24.18,22333,13752501.0,3.73,-2.49,-0.62,1.34,0.9299999999999997
2012-10-17,000062,24.31,24.4,24.53,24.09,8900,5425134.0,1.81,0.37,0.09,0.53,0.4400000000000013
2012-10-18,000062,24.36,24.71,24.75,24.18,13295,8185132.0,2.34,1.27,0.31,0.8,0.5700000000000003
2012-10-19,000062,24.67,24.62,24.8,24.49,13248,8165211.0,1.25,-0.36,-0.09,0.79,0.3100000000000023
2012-10-22,000062,24.67,24.89,24.93,24.45,11116,6880099.0,1.95,1.1,0.27,0.67,0.4800000000000004
2012-10-23,000062,25.41,27.61,27.61,25.41,160509,109491742.0,8.84,10.93,2.72,9.62,2.1999999999999993
2012-10-24,000062,27.13,26.69,27.48,26.51,90160,60264348.0,3.51,-3.33,-0.92,5.4,0.9699999999999989
2012-10-25,000062,26.6,26.25,26.99,25.81,54153,35663258.0,4.42,-1.65,-0.44,3.24,1.1799999999999997
2012-10-26,000062,25.85,25.37,26.29,25.33,29642,18978970.0,3.66,-3.35,-0.88,1.78,0.9600000000000009
2012-10-29,000062,25.24,25.46,25.81,24.97,17566,11138903.0,3.31,0.35,0.09,1.05,0.8399999999999999
2012-10-30,000062,25.54,26.6,26.82,25.19,42707,27740598.0,6.4,4.48,1.14,2.56,1.629999999999999
2012-10-31,000062,26.16,25.85,26.86,25.59,28265,18351368.0,4.77,-2.82,-0.75,1.69,1.2699999999999996
2012-11-01,000062,25.85,26.07,26.78,25.68,30369,19854353.0,4.26,0.85,0.22,1.82,1.1000000000000014
2012-11-02,000062,26.86,26.91,28.71,26.6,72503,49323908.0,8.09,3.22,0.84,4.34,2.1099999999999994
2012-11-05,000062,26.51,26.29,26.69,25.76,34579,22587872.0,3.46,-2.3,-0.62,2.07,0.9299999999999997
2012-11-06,000062,26.16,25.72,26.16,25.15,25541,16243366.0,3.84,-2.17,-0.57,1.53,1.0100000000000016
2012-11-07,000062,25.46,25.94,25.98,25.19,15378,9859526.0,3.07,0.86,0.22,0.92,0.7899999999999991
2012-11-08,000062,25.63,24.75,25.68,24.75,25035,15758166.0,3.59,-4.59,-1.19,1.5,0.9299999999999997
2012-11-09,000062,24.45,24.67,24.93,24.36,13650,8411587.0,2.3,-0.32,-0.08,0.82,0.5700000000000003
2012-11-12,000062,24.67,24.84,24.89,24.67,9074,5630230.0,0.89,0.69,0.17,0.54,0.21999999999999886
2012-11-13,000062,24.93,24.23,25.02,24.23,11023,6804484.0,3.18,-2.46,-0.61,0.66,0.7899999999999991
2012-11-14,000062,24.18,23.79,24.31,23.13,17366,10310592.0,4.87,-1.82,-0.44,1.04,1.1799999999999997
2012-11-15,000062,23.3,23.3,23.74,23.22,8535,5028949.0,2.19,-2.06,-0.49,0.51,0.5199999999999996
2012-11-16,000062,23.22,23.57,23.61,23.0,8411,4953120.0,2.62,1.16,0.27,0.5,0.6099999999999994
2012-11-19,000062,23.48,23.7,23.74,23.44,4112,2441414.0,1.27,0.55,0.13,0.25,0.29999999999999716
2012-11-20,000062,23.88,23.74,24.01,23.44,4377,2607484.0,2.41,0.17,0.04,0.26,0.5700000000000003
2012-11-21,000062,23.39,23.83,23.88,23.04,7796,4601266.0,3.54,0.38,0.09,0.47,0.8399999999999999
2012-11-22,000062,23.7,23.44,23.83,23.22,5112,3024037.0,2.56,-1.64,-0.39,0.31,0.6099999999999994
2012-11-23,000062,23.13,23.44,23.66,23.13,7734,4568568.0,2.26,0.0,0.0,0.46,0.5300000000000011
2012-11-26,000062,23.44,23.17,23.44,23.0,5117,2981838.0,1.88,-1.15,-0.27,0.31,0.4400000000000013
2012-11-27,000062,22.91,21.72,23.04,21.37,9731,5444337.0,7.21,-6.26,-1.45,0.58,1.6699999999999982
2012-11-28,000062,21.5,21.19,21.81,20.8,6833,3689926.0,4.65,-2.44,-0.53,0.41,1.009999999999998
2012-11-29,000062,21.19,21.06,21.63,20.58,9046,4838880.0,4.96,-0.61,-0.13,0.54,1.0500000000000007
2012-11-30,000062,20.98,21.41,21.46,20.8,5929,3201259.0,3.13,1.66,0.35,0.36,0.6600000000000001
2012-12-03,000062,21.28,21.41,22.25,21.02,7292,4002073.0,5.74,0.0,0.0,0.44,1.2300000000000004
2012-12-04,000062,21.15,21.59,21.59,20.62,9129,4887921.0,4.53,0.84,0.18,0.55,0.9699999999999989
2012-12-05,000062,21.28,22.34,22.51,21.28,12680,7116642.0,5.7,3.47,0.75,0.76,1.2300000000000004
2012-12-06,000062,22.12,22.34,22.73,22.12,7888,4469795.0,2.73,0.0,0.0,0.47,0.6099999999999994
2012-12-07,000062,22.34,23.08,23.22,22.16,15187,8685996.0,4.74,3.31,0.74,0.91,1.0599999999999987
2012-12-10,000062,23.66,23.35,23.66,22.91,15341,8982982.0,3.25,1.17,0.27,0.5,0.75
2012-12-11,000062,23.26,23.13,23.88,22.91,15561,9168347.0,4.15,-0.94,-0.22,0.5,0.9699999999999989
2012-12-12,000062,23.04,22.86,23.17,22.6,9657,5578108.0,2.46,-1.17,-0.27,0.31,0.5700000000000003
2012-12-13,000062,23.61,23.08,24.53,23.0,18917,11200870.0,6.69,0.96,0.22,0.61,1.5300000000000011
2012-12-14,000062,23.13,23.92,23.96,22.69,27415,16255298.0,5.5,3.64,0.84,0.89,1.2699999999999996
2012-12-17,000062,23.79,23.74,24.01,23.44,19293,11491612.0,2.38,-0.75,-0.18,0.29,0.5700000000000003
2012-12-18,000062,23.44,23.52,23.96,23.35,15848,9408297.0,2.57,-0.93,-0.22,0.24,0.6099999999999994
2012-12-19,000062,23.57,23.7,23.88,23.35,11405,6776996.0,2.25,0.77,0.18,0.17,0.5299999999999976
2012-12-20,000062,23.44,23.3,23.66,22.91,12843,7525394.0,3.16,-1.69,-0.4,0.19,0.75
2012-12-21,000062,23.3,23.22,23.57,23.04,8463,4955683.0,2.27,-0.34,-0.08,0.13,0.5300000000000011
2012-12-24,000062,23.22,23.22,23.3,22.95,7135,4166250.0,1.51,0.0,0.0,0.11,0.3500000000000014
2012-12-25,000062,23.22,23.7,23.74,23.13,33242,19759843.0,2.63,2.07,0.48,0.5,0.6099999999999994
2012-12-26,000062,23.7,23.88,24.09,23.39,37368,22323913.0,2.95,0.76,0.18,0.56,0.6999999999999993
2012-12-27,000062,23.83,23.74,24.05,23.57,29091,17430261.0,2.01,-0.59,-0.14,0.44,0.4800000000000004
2012-12-28,000062,23.48,24.01,24.01,23.48,28835,17257475.0,2.23,1.14,0.27,0.43,0.5300000000000011
2012-12-31,000062,24.01,24.01,24.18,23.83,31631,19094657.0,1.46,0.0,0.0,0.47,0.3500000000000014
2013-01-04,000062,24.18,23.96,24.36,23.92,28302,17143324.0,1.83,-0.21,-0.05,0.42,0.4399999999999977
2013-01-07,000062,23.88,24.23,24.67,23.88,24898,15141970.0,3.3,1.13,0.27,0.37,0.7900000000000027
2013-01-08,000062,24.23,24.8,24.84,23.96,29546,18122962.0,3.63,2.35,0.57,0.44,0.879999999999999
2013-01-09,000062,24.67,24.62,25.19,24.31,32297,20005691.0,3.55,-0.73,-0.18,0.48,0.8800000000000026
2013-01-10,000062,24.71,25.68,25.85,24.45,44299,27831589.0,5.69,4.31,1.06,0.66,1.4000000000000021
2013-01-11,000062,25.54,25.24,26.29,25.06,49675,31930485.0,4.79,-1.71,-0.44,0.74,1.2300000000000004
2013-01-14,000062,24.97,26.07,26.16,24.97,42006,27070412.0,4.71,3.29,0.83,0.63,1.1900000000000013
2013-01-15,000062,26.25,25.98,26.29,25.5,36204,23379779.0,3.03,-0.35,-0.09,0.54,0.7899999999999991
2013-01-16,000062,25.98,25.68,25.98,25.15,24971,15933156.0,3.19,-1.15,-0.3,0.37,0.8300000000000018
2013-01-17,000062,25.54,25.59,25.68,25.11,19363,12262232.0,2.22,-0.35,-0.09,0.29,0.5700000000000003
2013-01-18,000062,25.63,26.42,26.6,25.28,36278,23567361.0,5.16,3.24,0.83,0.54,1.3200000000000003
2013-01-21,000062,26.38,26.42,26.69,26.03,26148,17164166.0,2.5,0.0,0.0,0.39,0.6600000000000001
2013-01-22,000062,26.29,25.76,26.42,25.59,28096,18156535.0,3.14,-2.5,-0.66,0.42,0.8300000000000018
2013-01-23,000062,25.63,26.25,26.86,25.54,29191,19203620.0,5.12,1.9,0.49,0.44,1.3200000000000003
2013-01-24,000062,26.29,25.5,26.47,25.06,23382,15069642.0,5.37,-2.86,-0.75,0.35,1.4100000000000001
2013-01-25,000062,25.33,25.54,25.68,25.33,11204,7134197.0,1.37,0.16,0.04,0.17,0.3500000000000014
2013-01-28,000062,25.54,26.07,26.16,25.37,15381,9948048.0,3.09,2.08,0.53,0.23,0.7899999999999991
2013-01-29,000062,26.2,27.04,27.3,25.94,44352,29544023.0,5.22,3.72,0.97,0.67,1.3599999999999994
2013-01-30,000062,27.35,26.82,27.35,26.6,25852,17306812.0,2.77,-0.81,-0.22,0.39,0.75
2013-01-31,000062,29.37,27.21,29.41,27.21,120822,83379753.0,8.2,1.45,0.39,1.81,2.1999999999999993
2013-02-01,000062,26.95,27.13,27.52,26.6,46690,31323767.0,3.38,-0.29,-0.08,0.7,0.9199999999999982
2013-02-04,000062,27.35,26.6,27.52,26.34,31501,20979453.0,4.35,-1.95,-0.53,0.47,1.1799999999999997
2013-02-05,000062,26.51,26.42,26.56,25.98,24547,16060273.0,2.18,-0.68,-0.18,0.37,0.5799999999999983
2013-02-06,000062,26.51,26.56,26.95,26.42,17915,11916503.0,2.01,0.53,0.14,0.27,0.5299999999999976
2013-02-07,000062,26.64,26.6,26.82,26.12,13329,8789154.0,2.64,0.15,0.04,0.2,0.6999999999999993
2013-02-08,000062,26.64,26.91,27.04,26.42,16284,10861388.0,2.33,1.17,0.31,0.24,0.6199999999999974
2013-02-18,000062,26.91,27.04,27.17,26.82,16684,11196570.0,1.3,0.48,0.13,0.25,0.3500000000000014
2013-02-19,000062,27.04,26.78,27.13,26.64,17549,11699646.0,1.81,-0.96,-0.26,0.26,0.48999999999999844
2013-02-20,000062,26.78,27.17,27.17,26.78,18514,12402193.0,1.46,1.46,0.39,0.28,0.39000000000000057
2013-02-21,000062,27.13,26.25,27.17,25.9,26844,17739981.0,4.67,-3.39,-0.92,0.4,1.2700000000000031
2013-02-22,000062,26.42,26.34,26.56,26.07,15844,10406898.0,1.87,0.34,0.09,0.24,0.48999999999999844
2013-02-25,000062,26.56,27.52,27.74,26.56,38202,25966250.0,4.48,4.48,1.18,0.57,1.1799999999999997
2013-02-26,000062,27.48,27.43,27.92,27.17,46300,31654408.0,2.73,-0.33,-0.09,0.69,0.75
2013-02-27,000062,27.61,26.95,27.87,26.07,32978,22216951.0,6.56,-1.75,-0.48,0.49,1.8000000000000007
2013-02-28,000062,26.99,26.86,27.04,25.9,47131,31036932.0,4.23,-0.33,-0.09,0.71,1.1400000000000006
2013-03-01,000062,26.86,26.64,26.86,26.2,35548,23521109.0,2.46,-0.82,-0.22,0.53,0.6600000000000001
2013-03-04,000062,26.47,25.33,26.47,25.02,31830,20443582.0,5.44,-4.92,-1.31,0.48,1.4499999999999993
2013-03-05,000062,25.33,25.72,25.81,25.33,22842,14586721.0,1.89,1.54,0.39,0.34,0.4800000000000004
2013-03-06,000062,25.76,26.25,26.47,25.72,31496,20495055.0,2.92,2.06,0.53,0.47,0.75
2013-03-07,000062,26.47,26.6,27.08,26.42,38403,25572481.0,2.51,1.33,0.35,0.58,0.6599999999999966
2013-03-08,000062,26.47,26.6,26.86,26.2,16532,10930704.0,2.48,0.0,0.0,0.25,0.6600000000000001
2013-03-11,000062,26.69,26.82,26.91,26.25,21605,14363801.0,2.48,0.83,0.22,0.32,0.6600000000000001
2013-03-12,000062,26.73,25.81,26.99,25.5,30001,19599604.0,5.56,-3.77,-1.01,0.45,1.4899999999999984
2013-03-13,000062,25.63,25.28,25.94,25.02,15408,9768112.0,3.56,-2.05,-0.53,0.23,0.9200000000000017
2013-03-14,000062,25.37,25.37,25.76,25.28,7798,4965925.0,1.9,0.36,0.09,0.12,0.4800000000000004
2013-03-15,000062,25.37,25.46,25.81,25.02,14513,9240314.0,3.11,0.35,0.09,0.22,0.7899999999999991
2013-03-18,000062,25.24,24.89,25.41,24.8,11087,6963730.0,2.4,-2.24,-0.57,0.17,0.6099999999999994
2013-03-19,000062,24.89,25.02,25.06,24.31,9388,5813533.0,3.01,0.52,0.13,0.14,0.75
2013-03-20,000062,24.93,25.54,25.54,24.84,16180,10242075.0,2.8,2.08,0.52,0.24,0.6999999999999993
2013-03-21,000062,25.37,25.59,25.81,25.28,14750,9420561.0,2.08,0.2,0.05,0.22,0.5299999999999976
2013-03-22,000062,25.63,25.54,25.63,25.19,18131,11519821.0,1.72,-0.2,-0.05,0.27,0.4399999999999977
2013-03-25,000062,25.72,27.61,28.05,25.54,99691,67707382.0,9.83,8.1,2.07,1.49,2.5100000000000016
2013-03-26,000062,27.26,26.82,27.43,26.56,46805,31357368.0,3.15,-2.86,-0.79,0.7,0.870000000000001
2013-03-27,000062,26.78,27.17,27.74,26.73,32484,22010252.0,3.77,1.3,0.35,0.49,1.009999999999998
2013-03-28,000062,26.95,26.25,27.04,25.81,27617,18172212.0,4.53,-3.39,-0.92,0.41,1.2300000000000004
2013-03-29,000062,26.29,27.26,27.52,26.2,35269,23601169.0,5.03,3.85,1.01,0.53,1.3200000000000003
2013-04-01,000062,27.48,26.95,28.27,26.78,40040,27388567.0,5.47,-1.14,-0.31,0.6,1.4899999999999984
2013-04-02,000062,26.95,27.83,27.83,26.78,52010,35526352.0,3.9,3.27,0.88,0.78,1.0499999999999972
2013-04-03,000062,27.92,27.35,28.01,26.64,37952,25641405.0,4.92,-1.72,-0.48,0.57,1.370000000000001
2013-04-08,000062,26.6,26.82,27.04,26.2,21739,14421320.0,3.07,-1.94,-0.53,0.33,0.8399999999999999
2013-04-09,000062,27.04,27.43,27.57,26.73,30531,20571513.0,3.13,2.27,0.61,0.46,0.8399999999999999
2013-04-10,000062,27.74,27.39,27.74,26.91,27519,18652275.0,3.03,-0.15,-0.04,0.41,0.8299999999999983
2013-04-11,000062,27.39,27.92,28.27,27.08,60110,41465812.0,4.34,1.94,0.53,0.9,1.1900000000000013
2013-04-12,000062,27.83,28.05,28.27,27.52,39239,27133700.0,2.69,0.47,0.13,0.59,0.75
2013-04-15,000062,28.05,27.39,28.31,26.91,39482,27002875.0,4.99,-2.35,-0.66,0.59,1.3999999999999986
2013-04-16,000062,27.39,26.95,27.39,25.94,29832,19344499.0,5.29,-1.61,-0.44,0.45,1.4499999999999993
2013-04-17,000062,26.99,26.82,27.04,26.29,20344,13171973.0,2.78,-0.48,-0.13,0.31,0.75
2013-04-18,000062,26.69,26.73,27.08,26.42,18501,12058232.0,2.46,-0.34,-0.09,0.28,0.6599999999999966
2013-04-19,000062,26.73,27.3,27.48,26.69,28875,19027448.0,2.96,2.13,0.57,0.43,0.7899999999999991
2013-04-22,000062,27.13,26.78,27.13,26.34,27832,18065102.0,2.89,-1.9,-0.52,0.42,0.7899999999999991
2013-04-23,000062,26.73,25.28,26.73,25.06,46690,29223743.0,6.24,-5.6,-1.5,0.7,1.6700000000000017
2013-04-24,000062,25.24,25.63,25.72,25.24,19467,12086987.0,1.9,1.38,0.35,0.29,0.4800000000000004
2013-04-25,000062,25.41,24.97,25.59,24.75,25929,15851510.0,3.28,-2.58,-0.66,0.39,0.8399999999999999
2013-04-26,000062,24.97,24.27,25.11,24.14,18378,11040290.0,3.88,-2.8,-0.7,0.28,0.9699999999999989
2013-05-02,000062,24.31,23.92,24.45,23.66,12611,7423201.0,3.26,-1.44,-0.35,0.19,0.7899999999999991
2013-05-03,000062,24.23,24.36,24.62,24.09,12105,7236386.0,2.22,1.84,0.44,0.18,0.5300000000000011
2013-05-06,000062,24.31,24.67,24.97,24.31,15737,9489595.0,2.71,1.27,0.31,0.24,0.6600000000000001
2013-05-07,000062,24.67,24.89,25.24,24.53,21312,12975569.0,2.88,0.89,0.22,0.32,0.7099999999999973
2013-05-08,000062,24.93,25.02,25.11,24.8,17532,10698256.0,1.25,0.52,0.13,0.26,0.3099999999999987
2013-05-09,000062,25.02,24.49,25.24,24.05,21491,12933274.0,4.76,-2.12,-0.53,0.32,1.1899999999999977
2013-05-10,000062,24.53,24.89,24.97,24.14,19150,11572993.0,3.39,1.63,0.4,0.29,0.8299999999999983
2013-05-13,000062,24.89,25.02,25.15,24.8,16026,9787660.0,1.41,0.52,0.13,0.24,0.34999999999999787
2013-05-14,000062,25.02,24.84,25.06,24.62,14170,8599900.0,1.76,-0.72,-0.18,0.21,0.4399999999999977
2013-05-15,000062,24.75,25.15,25.24,24.75,15105,9256565.0,1.97,1.25,0.31,0.23,0.48999999999999844
2013-05-16,000062,25.15,25.46,25.63,25.06,20239,12562337.0,2.27,1.23,0.31,0.3,0.5700000000000003
2013-05-17,000062,25.41,25.68,25.76,25.33,24234,15105272.0,1.69,0.86,0.22,0.36,0.43000000000000327
2013-05-20,000062,25.85,25.76,26.12,25.68,29161,18393592.0,1.71,0.31,0.08,0.44,0.4400000000000013
2013-05-21,000062,25.63,26.12,26.25,25.46,30689,19414323.0,3.07,1.4,0.36,0.46,0.7899999999999991
2013-05-22,000062,26.12,25.85,26.38,25.81,20834,13226516.0,2.18,-1.03,-0.27,0.31,0.5700000000000003
2013-05-23,000062,25.81,26.25,26.82,25.5,34103,21751129.0,5.11,1.55,0.4,0.51,1.3200000000000003
2013-05-24,000062,26.12,27.04,27.39,26.12,48016,31377504.0,4.84,3.01,0.79,0.72,1.2699999999999996
2013-05-27,000062,26.91,27.04,27.26,26.73,32427,21254942.0,1.96,0.0,0.0,0.49,0.5300000000000011
2013-05-28,000062,26.99,26.99,27.17,26.56,33405,21790741.0,2.26,-0.18,-0.05,0.5,0.610000000000003
2013-05-29,000062,26.99,26.73,27.17,26.64,27983,18245307.0,1.96,-0.96,-0.26,0.42,0.5300000000000011
2013-05-30,000062,26.6,26.78,26.99,26.51,28760,18709166.0,1.8,0.19,0.05,0.43,0.4799999999999969
2013-05-31,000062,26.86,26.56,26.86,26.42,28665,18517596.0,1.64,-0.82,-0.22,0.43,0.4399999999999977
2013-06-03,000062,26.34,26.91,27.08,26.34,29055,18959184.0,2.79,1.32,0.35,0.44,0.7399999999999984
2013-06-04,000062,26.91,27.57,27.87,26.56,66914,44231057.0,4.87,2.45,0.66,1.0,1.3100000000000023
2013-06-05,000062,27.08,27.87,27.87,26.73,39194,26044170.0,4.13,1.09,0.3,0.59,1.1400000000000006
2013-06-06,000062,27.83,26.6,28.4,26.6,46878,31317848.0,6.46,-4.56,-1.27,0.7,1.7999999999999972
2013-06-07,000062,26.64,26.2,26.82,25.98,14005,8961534.0,3.16,-1.5,-0.4,0.21,0.8399999999999999
2013-06-13,000062,26.16,25.19,26.16,24.71,18357,11260725.0,5.53,-3.85,-1.01,0.28,1.4499999999999993
2013-06-14,000062,25.33,26.29,26.38,25.19,15720,9882181.0,4.72,4.37,1.1,0.24,1.1899999999999977
2013-06-17,000062,26.51,26.29,26.6,26.12,11668,7484929.0,1.83,0.0,0.0,0.17,0.4800000000000004
2013-06-18,000062,26.29,26.25,26.29,25.85,8386,5322984.0,1.67,-0.15,-0.04,0.13,0.4399999999999977
2013-06-19,000062,26.07,25.41,26.29,24.97,13007,8058048.0,5.03,-3.2,-0.84,0.2,1.3200000000000003
2013-06-20,000062,25.46,24.14,25.63,24.09,18519,11216902.0,6.06,-5.0,-1.27,0.28,1.5399999999999991
2013-06-21,000062,23.61,23.61,23.79,22.78,14288,8213260.0,4.18,-2.2,-0.53,0.21,1.009999999999998
2013-06-24,000062,23.61,21.99,23.61,21.37,14643,8078464.0,9.49,-6.86,-1.62,0.22,2.2399999999999984
2013-06-25,000062,22.03,21.77,22.56,20.27,12868,6825781.0,10.41,-1.0,-0.22,0.19,2.289999999999999
2013-06-26,000062,21.99,22.21,22.29,21.46,7303,3963022.0,3.81,2.02,0.44,0.11,0.8299999999999983
2013-06-27,000062,22.21,21.59,22.6,21.55,8846,4837278.0,4.73,-2.79,-0.62,0.13,1.0500000000000007
2013-06-28,000062,21.37,21.46,21.99,20.58,13961,7408373.0,6.53,-0.6,-0.13,0.21,1.4100000000000001
2013-07-01,000062,21.68,23.79,23.79,21.68,99312,57190226.0,9.83,10.86,2.33,1.49,2.1099999999999994
2013-07-02,000062,24.84,26.07,26.34,24.31,160289,99600055.0,8.53,9.58,2.28,2.4,2.030000000000001
2013-07-03,000062,25.02,26.82,27.61,24.36,155128,97393035.0,12.47,2.88,0.75,2.33,3.25
2013-07-04,000062,26.07,26.2,27.08,25.76,99117,63776379.0,4.92,-2.31,-0.62,1.49,1.3199999999999967
2013-07-05,000062,26.2,26.69,27.61,26.03,96527,63109488.0,6.03,1.87,0.49,1.45,1.5799999999999983
2013-07-08,000062,26.16,27.61,28.93,24.89,146791,96491426.0,15.14,3.45,0.92,2.2,4.039999999999999
2013-07-09,000062,27.17,28.84,29.72,26.95,180855,125610611.0,10.03,4.45,1.23,2.71,2.7699999999999996
2013-07-10,000062,28.75,28.58,30.2,27.83,151451,106337072.0,8.22,-0.9,-0.26,2.27,2.370000000000001
2013-07-11,000062,28.31,29.63,30.47,28.31,148870,106170479.0,7.56,3.67,1.05,2.23,2.16
2013-07-12,000062,30.51,32.79,32.79,30.25,158807,123180893.0,8.57,10.66,3.16,2.38,2.539999999999999
2013-07-15,000062,33.85,34.42,34.77,33.1,302669,246882122.0,5.09,4.97,1.63,4.54,1.6700000000000017
2013-07-16,000062,33.76,38.07,38.07,33.41,226332,195190803.0,13.54,10.6,3.65,3.39,4.660000000000004
2013-07-17,000062,38.77,39.25,41.1,37.32,355284,329739936.0,9.93,3.1,1.18,5.33,3.780000000000001
2013-07-18,000062,38.6,39.56,40.53,37.94,229699,213987608.0,6.6,0.79,0.31,3.44,2.5900000000000034
2013-07-19,000062,39.08,39.03,43.6,38.77,299941,295209184.0,12.21,-1.34,-0.53,4.5,4.829999999999998
2013-07-22,000062,38.51,40.88,41.41,38.2,206745,196775918.0,8.22,4.74,1.85,3.1,3.2099999999999937
2013-07-23,000062,40.35,40.4,41.45,39.17,172286,164364683.0,5.58,-1.17,-0.48,2.58,2.280000000000001
2013-07-24,000062,40.0,41.1,42.11,38.64,223954,216040334.0,8.59,1.73,0.7,3.36,3.469999999999999
2013-07-25,000062,40.75,36.79,40.79,36.79,230227,211864056.0,9.73,-10.49,-4.31,3.45,4.0
2013-07-26,000062,36.22,36.27,36.71,34.77,199415,171243193.0,5.27,-1.41,-0.52,2.99,1.9399999999999977
2013-07-29,000062,35.74,35.52,36.09,34.68,101339,85730574.0,3.89,-2.07,-0.75,1.52,1.4100000000000037
2013-07-30,000062,35.39,35.96,36.66,34.16,144773,123926942.0,7.04,1.24,0.44,2.17,2.5
2013-07-31,000062,35.91,35.12,36.4,34.68,125854,106892839.0,4.78,-2.34,-0.84,1.89,1.7199999999999989
2013-08-01,000062,35.08,36.44,36.66,34.64,180302,154886554.0,5.75,3.76,1.32,2.7,2.019999999999996
2013-08-02,000062,37.63,38.42,40.26,37.28,314769,291773200.0,8.18,5.43,1.98,4.72,2.979999999999997
2013-08-05,000062,37.63,37.72,38.51,37.01,145594,130787774.0,3.9,-1.82,-0.7,2.18,1.5
2013-08-06,000062,37.32,39.03,40.13,37.28,210245,194878754.0,7.56,3.47,1.31,3.15,2.8500000000000014
2013-08-07,000062,38.6,37.45,38.81,36.88,146952,131823650.0,4.94,-4.05,-1.58,2.2,1.9299999999999997
2013-08-08,000062,37.28,37.41,37.63,36.88,82082,72925284.0,2.0,-0.11,-0.04,1.23,0.75
2013-08-09,000062,37.14,35.56,37.67,34.82,131696,113461948.0,7.62,-4.95,-1.85,1.97,2.8500000000000014
2013-08-12,000062,35.39,36.31,36.49,34.73,98726,84565067.0,4.95,2.11,0.75,1.48,1.7600000000000051
2013-08-13,000062,36.31,37.01,37.5,35.34,99339,87406693.0,5.95,1.93,0.7,1.49,2.1599999999999966
2013-08-14,000062,36.88,40.88,40.88,36.88,197148,185528972.0,10.81,10.46,3.87,2.96,4.0
2013-08-15,000062,42.11,45.14,45.14,41.67,413928,433703232.0,8.49,10.42,4.26,6.21,3.469999999999999
2013-08-16,000062,44.35,43.43,46.99,42.15,420851,447431392.0,10.72,-3.79,-1.71,6.31,4.840000000000003
2013-08-19,000062,43.21,44.53,46.24,42.59,289998,305039536.0,8.4,2.53,1.1,4.35,3.6499999999999986
2013-08-20,000062,43.34,44.97,45.1,41.67,255086,263872413.0,7.7,0.99,0.44,3.82,3.4299999999999997
2013-08-21,000062,44.13,43.6,44.7,42.77,187493,194126414.0,4.29,-3.05,-1.37,2.81,1.9299999999999997
2013-08-22,000062,42.9,43.21,45.1,42.46,209106,217027192.0,6.06,-0.89,-0.39,3.14,2.6400000000000006
2013-08-23,000062,42.99,42.37,43.74,41.01,194480,195621009.0,6.32,-1.94,-0.84,2.92,2.730000000000004
2013-08-26,000062,42.11,43.82,44.44,41.67,175181,180210108.0,6.54,3.42,1.45,2.63,2.769999999999996
2013-08-27,000062,43.82,45.49,46.77,43.03,252351,270278784.0,8.53,3.81,1.67,3.78,3.740000000000002
2013-08-28,000062,45.19,42.37,45.23,42.11,201449,207882415.0,6.86,-6.86,-3.12,3.02,3.1199999999999974
2013-08-29,000062,42.07,42.86,43.6,41.14,140071,140258273.0,5.81,1.16,0.49,2.1,2.460000000000001
2013-08-30,000062,42.33,40.05,42.68,39.47,141129,138556695.0,7.49,-6.56,-2.81,2.12,3.210000000000001
2013-09-02,000062,39.47,39.87,40.66,38.16,70637,66266546.0,6.24,-0.45,-0.18,1.06,2.5
2013-09-03,000062,39.91,40.75,40.92,39.52,57933,55722420.0,3.51,2.21,0.88,0.87,1.3999999999999986
2013-09-04,000062,40.7,39.78,40.7,39.08,82072,77561425.0,3.98,-2.38,-0.97,1.23,1.6200000000000045
2013-09-05,000062,39.08,40.44,41.01,38.38,105252,100856702.0,6.61,1.66,0.66,1.58,2.6299999999999955
2013-09-06,000062,40.62,39.69,41.14,39.3,104928,99672925.0,4.55,-1.85,-0.75,1.57,1.8400000000000034
2013-09-09,000062,39.47,40.66,40.75,38.81,114603,109248577.0,4.89,2.44,0.97,1.72,1.9399999999999977
2013-09-10,000062,40.4,40.79,41.01,39.96,104194,100130233.0,2.58,0.32,0.13,1.56,1.0499999999999972
2013-09-11,000062,40.79,38.2,40.88,38.2,118729,110575421.0,6.57,-6.35,-2.59,1.78,2.6799999999999997
2013-09-12,000062,38.2,38.46,38.95,37.98,67855,62352150.0,2.54,0.68,0.26,1.02,0.970000000000006
2013-09-13,000062,38.33,39.21,40.05,38.16,90252,84960538.0,4.91,1.95,0.75,1.35,1.8900000000000006
2013-09-16,000062,39.39,43.21,43.21,39.39,223007,221951282.0,9.74,10.2,4.0,3.34,3.8200000000000003
2013-09-17,000062,43.12,42.68,44.61,42.07,180595,185291738.0,5.88,-1.23,-0.53,2.71,2.539999999999999
2013-09-18,000062,42.2,43.91,44.97,41.67,188814,196623510.0,7.73,2.88,1.23,2.83,3.299999999999997
2013-09-23,000062,43.78,45.98,47.16,42.99,214814,229857561.0,9.5,4.71,2.07,3.22,4.169999999999995
2013-09-24,000062,45.41,45.58,46.28,44.22,167623,179461252.0,4.48,-0.87,-0.4,2.51,2.0600000000000023
2013-09-25,000062,45.1,43.6,45.45,43.34,140110,146228687.0,4.63,-4.34,-1.98,2.1,2.1099999999999994
2013-09-26,000062,42.99,42.2,44.35,42.15,77343,79391486.0,5.05,-3.21,-1.4,1.16,2.200000000000003
2013-09-27,000062,42.29,42.46,42.99,41.71,62303,62719853.0,3.03,0.62,0.26,0.93,1.2800000000000011
2013-09-30,000062,45.19,46.9,46.9,44.7,82980,91092888.0,5.18,10.46,4.44,1.24,2.1999999999999957
2013-10-08,000062,50.85,51.78,51.78,49.58,80565,97355834.0,4.69,10.41,4.88,1.21,2.200000000000003
2013-10-09,000062,57.14,57.14,57.14,56.21,76012,101893679.0,1.8,10.35,5.36,1.14,0.9299999999999997
2013-10-10,000062,63.03,63.03,63.03,63.03,24039,35481667.0,0.0,10.31,5.89,0.36,0.0
2013-10-11,000062,69.27,69.53,69.53,64.96,573732,906883504.0,7.25,10.31,6.5,8.6,4.570000000000007
2013-10-14,000062,68.17,70.58,73.97,64.96,517070,843564976.0,12.96,1.51,1.05,7.75,9.010000000000005
2013-10-15,000062,68.61,73.35,77.61,68.56,514052,882642400.0,12.82,3.92,2.77,7.71,9.049999999999997
2013-10-16,000062,71.15,67.82,71.81,65.84,397929,626961072.0,8.14,-7.54,-5.53,5.97,5.969999999999999
2013-10-17,000062,68.39,64.34,69.18,63.03,265935,407766272.0,9.07,-5.13,-3.48,3.99,6.150000000000006
2013-10-18,000062,64.83,65.93,66.67,63.64,224222,342701040.0,4.71,2.47,1.59,3.36,3.030000000000001
2013-10-21,000062,66.72,72.43,72.52,64.08,424389,682668992.0,12.8,9.86,6.5,6.36,8.439999999999998
2013-10-22,000062,70.23,65.0,70.67,65.0,299777,469212816.0,7.83,-10.26,-7.43,4.49,5.670000000000002
2013-10-23,000062,62.76,58.59,63.29,58.32,301364,422358752.0,7.65,-9.86,-6.41,4.52,4.969999999999999
2013-10-24,000062,58.54,59.16,59.6,56.83,175397,240987033.0,4.73,0.97,0.57,2.63,2.770000000000003
2013-10-25,000062,58.81,57.71,59.11,53.31,199750,265903667.0,9.8,-2.45,-1.45,3.0,5.799999999999997
2013-10-28,000062,57.27,58.1,59.42,55.86,164992,225292431.0,6.17,0.68,0.39,2.47,3.5600000000000023
2013-10-29,000062,57.4,54.06,58.1,52.13,238220,303566352.0,10.28,-6.95,-4.04,3.57,5.969999999999999
2013-10-30,000062,53.49,57.01,58.19,52.3,221752,291056704.0,10.9,5.46,2.95,3.32,5.890000000000001
2013-10-31,000062,55.82,53.31,55.91,52.66,152315,194770275.0,5.7,-6.49,-3.7,2.28,3.25
2013-11-01,000062,51.91,53.31,55.03,51.16,117283,146876228.0,7.26,0.0,0.0,1.76,3.8700000000000045
2013-11-04,000062,53.31,52.96,54.59,52.66,96231,121318699.0,3.62,-0.66,-0.35,1.44,1.9300000000000068
2013-11-05,000062,52.44,55.51,55.78,50.94,169360,214877217.0,9.14,4.81,2.55,2.54,4.840000000000003
2013-11-06,000062,54.85,54.85,56.65,54.41,195822,255256981.0,4.04,-1.19,-0.66,2.94,2.240000000000002
2013-11-07,000062,53.97,53.75,55.91,52.57,114843,146833105.0,6.09,-2.01,-1.1,1.72,3.3399999999999963
2013-11-08,000062,53.14,52.26,53.31,51.56,93861,115679044.0,3.26,-2.77,-1.49,1.41,1.75
2013-11-11,000062,52.04,51.12,53.1,50.02,76058,92121357.0,5.89,-2.18,-1.14,1.14,3.0799999999999983
2013-11-12,000062,50.99,52.08,52.48,50.5,86114,104753494.0,3.87,1.88,0.96,1.29,1.9799999999999969
2013-11-13,000062,51.78,49.76,52.48,49.58,81097,97714443.0,5.57,-4.45,-2.32,1.22,2.8999999999999986
2013-11-14,000062,49.58,49.84,50.28,47.6,126930,146570309.0,5.39,0.16,0.08,1.9,2.6799999999999997
2013-11-15,000062,50.06,51.56,53.49,50.06,165664,202823543.0,6.88,3.45,1.72,2.48,3.4299999999999997
2013-11-18,000062,51.56,56.35,56.74,51.34,233297,295276384.0,10.47,9.29,4.79,3.5,5.399999999999999
2013-11-19,000062,55.78,55.78,56.87,54.85,169285,222629040.0,3.58,-1.01,-0.57,2.54,2.019999999999996
2013-11-20,000062,55.29,57.09,58.24,55.29,162170,216885863.0,5.29,2.35,1.31,2.43,2.950000000000003
2013-11-21,000062,56.61,56.87,57.05,55.07,163527,215638994.0,3.47,-0.39,-0.22,2.45,1.9799999999999969
2013-11-22,000062,56.43,54.94,56.79,54.55,97164,126576933.0,3.94,-3.39,-1.93,1.46,2.240000000000002
2013-11-25,000062,54.24,52.88,54.33,52.7,98335,123810435.0,2.97,-3.75,-2.06,1.47,1.6299999999999955
2013-11-26,000062,52.04,53.67,54.19,52.04,79277,99588485.0,4.07,1.49,0.79,1.19,2.1499999999999986
2013-11-27,000062,53.67,54.63,55.03,52.26,108383,137647304.0,5.16,1.79,0.96,1.63,2.770000000000003
2013-11-28,000062,54.46,54.98,55.6,54.19,95490,123410317.0,2.58,0.64,0.35,1.43,1.4100000000000037
2013-11-29,000062,54.76,57.01,57.8,54.02,202719,267233519.0,6.88,3.69,2.03,3.04,3.779999999999994
2013-12-02,000062,54.85,51.12,55.25,51.12,151268,188281807.0,7.24,-10.33,-5.89,2.27,4.130000000000003
2013-12-03,000062,50.02,50.94,51.47,47.16,113068,132644724.0,8.43,-0.35,-0.18,1.7,4.310000000000002
2013-12-04,000062,50.85,51.95,52.88,50.11,86759,106211462.0,5.44,1.98,1.01,1.3,2.770000000000003
2013-12-05,000062,51.95,49.93,52.44,49.89,75321,90606901.0,4.91,-3.89,-2.02,1.13,2.549999999999997
2013-12-06,000062,49.8,49.32,49.8,48.79,66749,77671853.0,2.02,-1.22,-0.61,1.0,1.009999999999998
2013-12-09,000062,49.45,50.59,50.63,49.23,57504,67645235.0,2.84,2.58,1.27,0.86,1.4000000000000057
2013-12-10,000062,50.55,51.21,52.79,50.15,109486,133333479.0,5.22,1.23,0.62,1.64,2.6400000000000006
2013-12-11,000062,51.07,50.15,51.07,49.05,68610,81023201.0,3.94,-2.07,-1.06,1.03,2.020000000000003
2013-12-12,000062,49.49,50.55,51.69,49.49,59750,71669622.0,4.39,0.8,0.4,0.9,2.1999999999999957
2013-12-13,000062,50.55,51.56,52.26,49.67,78458,95302578.0,5.12,2.0,1.01,1.18,2.5899999999999963
2013-12-16,000062,51.25,49.27,51.51,49.14,64902,76802534.0,4.6,-4.44,-2.29,0.97,2.3699999999999974
2013-12-17,000062,49.36,49.4,50.24,49.05,42090,49333615.0,2.42,0.26,0.13,0.63,1.1900000000000048
2013-12-18,000062,49.49,48.53,49.76,47.65,57617,66030594.0,4.27,-1.76,-0.87,0.86,2.1099999999999994
2013-12-19,000062,48.7,48.0,49.54,48.0,35419,40827884.0,3.17,-1.09,-0.53,0.53,1.5399999999999991
2013-12-20,000062,48.26,48.09,48.88,47.82,36443,41503651.0,2.21,0.19,0.09,0.55,1.0600000000000023
2013-12-23,000062,49.05,48.53,49.45,47.91,35064,40255465.0,3.2,0.91,0.44,0.53,1.5400000000000063
2013-12-24,000062,48.09,48.7,49.54,48.09,36552,42142640.0,2.99,0.35,0.17,0.55,1.4499999999999957
2013-12-25,000062,48.75,50.41,50.46,48.39,63794,74928290.0,4.25,3.51,1.71,0.96,2.0700000000000003
2013-12-26,000062,50.46,48.35,50.63,47.82,47086,54871788.0,5.57,-4.09,-2.06,0.71,2.8100000000000023
2013-12-27,000062,48.17,49.32,50.02,48.17,41159,47948156.0,3.83,2.01,0.97,0.62,1.8500000000000014
2013-12-30,000062,49.8,49.58,50.46,49.27,37244,43746380.0,2.41,0.53,0.26,0.56,1.1899999999999977
2013-12-31,000062,49.14,50.24,50.63,48.66,59540,70091274.0,3.97,1.33,0.66,0.89,1.970000000000006
2014-01-02,000062,50.11,50.41,51.16,49.4,56757,67196181.0,3.5,0.34,0.17,0.85,1.759999999999998
2014-01-03,000062,50.41,52.44,52.96,49.84,148575,182228050.0,6.19,4.03,2.03,2.23,3.1199999999999974
2014-01-06,000062,52.44,50.59,52.48,49.89,72923,87825658.0,4.94,-3.53,-1.85,1.09,2.5899999999999963
2014-01-07,000062,49.89,50.41,51.38,49.84,40198,47926055.0,3.04,-0.36,-0.18,0.6,1.5399999999999991
2014-01-08,000062,50.9,52.74,53.01,50.37,115989,142236693.0,5.24,4.62,2.33,1.74,2.6400000000000006
2014-01-09,000062,53.18,51.82,54.63,51.78,141670,177760417.0,5.4,-1.74,-0.92,2.12,2.8500000000000014
2014-01-10,000062,52.22,51.38,52.52,50.55,75960,92025931.0,3.8,-0.85,-0.44,1.14,1.970000000000006
2014-01-13,000062,50.9,46.06,51.43,46.06,112660,129011861.0,10.45,-10.35,-5.32,1.69,5.369999999999997
2014-01-14,000062,45.71,45.63,45.71,43.03,124383,130663190.0,5.82,-0.93,-0.43,1.86,2.6799999999999997
2014-01-15,000062,44.75,48.04,48.09,44.53,96267,105501663.0,7.8,5.28,2.41,1.44,3.5600000000000023
2014-01-16,000062,47.6,47.73,47.82,46.15,84016,93319266.0,3.48,-0.65,-0.31,1.26,1.6700000000000017
2014-01-17,000062,48.7,46.9,48.7,46.77,60374,67948152.0,4.04,-1.74,-0.83,0.91,1.9299999999999997
2014-01-20,000062,46.15,46.77,47.73,45.63,47806,52926591.0,4.48,-0.28,-0.13,0.72,2.0999999999999943
2014-01-21,000062,47.6,51.65,51.65,47.47,154413,183422129.0,8.94,10.43,4.88,2.32,4.18
2014-01-22,000062,54.19,54.85,57.01,54.02,320761,417449024.0,5.79,6.2,3.2,4.81,2.989999999999995
2014-01-23,000062,54.19,57.93,59.69,53.8,340816,457975232.0,10.74,5.62,3.08,5.11,5.890000000000001
2014-01-24,000062,57.05,59.03,60.83,56.3,276800,379883168.0,7.82,1.9,1.1,4.15,4.530000000000001
2014-01-27,000062,58.41,59.91,62.72,57.62,284046,401988688.0,8.64,1.49,0.88,4.26,5.100000000000001
2014-01-28,000062,58.81,58.59,60.13,57.09,174674,238895416.0,5.07,-2.2,-1.32,2.62,3.039999999999999
2014-01-29,000062,58.63,61.31,62.45,58.63,238770,339766064.0,6.52,4.64,2.72,3.58,3.8200000000000003
2014-01-30,000062,60.57,58.9,61.44,58.41,139869,197400383.0,4.94,-3.93,-2.41,2.1,3.030000000000001
2014-02-07,000062,57.93,62.32,62.32,56.96,206608,291160768.0,9.1,5.81,3.42,3.1,5.359999999999999
2014-02-10,000062,62.5,63.86,65.35,61.0,232112,343196320.0,6.98,2.47,1.54,3.48,4.349999999999994
2014-02-11,000062,62.67,61.4,64.12,59.82,160666,234139240.0,6.73,-3.85,-2.46,2.41,4.300000000000004
2014-02-12,000062,60.57,59.42,62.41,59.11,156958,220429288.0,5.37,-3.22,-1.98,2.35,3.299999999999997
2014-02-13,000062,59.47,57.49,60.61,57.49,126888,176775762.0,5.25,-3.25,-1.93,1.9,3.1199999999999974
2014-02-14,000062,57.27,59.91,60.04,57.27,101738,140754099.0,4.82,4.21,2.42,1.53,2.769999999999996
2014-02-17,000062,59.99,61.22,62.37,59.33,146914,210168216.0,5.07,2.19,1.31,2.2,3.039999999999999
2014-02-18,000062,60.65,59.16,61.49,58.81,144046,201445242.0,4.38,-3.36,-2.06,2.16,2.6799999999999997
2014-02-19,000062,59.16,59.77,60.96,58.46,103151,144730330.0,4.23,1.03,0.61,1.55,2.5
2014-02-20,000062,59.91,57.93,60.57,57.62,93921,129660848.0,4.94,-3.08,-1.84,1.41,2.950000000000003
2014-02-21,000062,57.53,56.26,58.32,54.9,111881,147652284.0,5.9,-2.88,-1.67,1.68,3.4200000000000017
2014-02-24,000062,56.08,57.14,57.27,54.37,68056,90291884.0,5.15,1.56,0.88,1.02,2.9000000000000057
2014-02-25,000062,56.83,52.48,58.5,51.82,119289,156637005.0,11.69,-8.16,-4.66,1.79,6.68
2014-02-26,000062,53.53,53.49,54.19,51.65,62171,77396839.0,4.84,1.92,1.01,0.93,2.539999999999999
2014-02-27,000062,53.1,49.27,54.24,48.48,95193,116134365.0,10.77,-7.89,-4.22,1.43,5.760000000000005
2014-02-28,000062,48.7,50.15,50.37,47.69,60115,69664303.0,5.44,1.79,0.88,0.9,2.6799999999999997
2014-03-03,000062,50.15,51.43,51.73,49.32,45599,54537707.0,4.81,2.55,1.28,0.68,2.4099999999999966
2014-03-04,000062,50.94,51.29,51.69,50.02,48192,57947175.0,3.25,-0.27,-0.14,0.72,1.6699999999999946
2014-03-05,000062,51.69,52.83,53.31,51.38,73011,89908894.0,3.76,3.0,1.54,1.09,1.9299999999999997
2014-03-06,000062,56.61,58.28,58.28,55.73,95681,130551263.0,4.83,10.32,5.45,1.43,2.5500000000000043
2014-03-10,000062,55.29,59.55,61.44,53.97,305183,421236016.0,12.82,2.18,1.27,4.58,7.469999999999999
2014-03-11,000062,58.32,61.4,61.75,57.23,246922,347939024.0,7.59,3.11,1.85,3.7,4.520000000000003
2014-03-12,000062,61.0,59.29,63.42,58.19,212246,302482976.0,8.52,-3.44,-2.11,3.18,5.230000000000004
2014-03-13,000062,58.46,64.3,65.4,56.61,313704,451175856.0,14.83,8.45,5.01,4.7,8.790000000000006
2014-03-14,000062,63.2,60.39,63.73,59.73,205208,298591760.0,6.22,-6.08,-3.91,3.08,4.0
2014-03-17,000062,59.25,62.23,62.76,58.46,163975,236599190.0,7.12,3.05,1.84,2.46,4.299999999999997
2014-03-18,000062,62.81,60.39,62.81,60.13,144189,206616922.0,4.31,-2.96,-1.84,2.16,2.6799999999999997
2014-03-19,000062,60.04,58.68,61.44,58.15,159091,220941352.0,5.45,-2.83,-1.71,2.39,3.289999999999999
2014-03-20,000062,58.59,55.03,59.03,54.85,139030,186854525.0,7.12,-6.22,-3.65,2.08,4.18
2014-03-21,000062,54.5,56.83,56.83,51.91,124934,160030044.0,8.94,3.27,1.8,1.87,4.920000000000002
2014-03-24,000062,56.43,56.39,57.75,55.16,91694,121361214.0,4.56,-0.77,-0.44,1.37,2.5900000000000034
2014-03-25,000062,56.17,57.27,57.71,55.42,73097,97545706.0,4.06,1.56,0.88,1.1,2.289999999999999
2014-03-26,000062,57.36,57.71,58.81,57.05,97789,133158158.0,3.07,0.77,0.44,1.47,1.7600000000000051
2014-03-27,000062,56.65,55.69,57.45,55.56,74419,98768711.0,3.27,-3.5,-2.02,1.12,1.8900000000000006
2014-03-28,000062,55.25,53.45,56.26,53.1,70310,90567013.0,5.67,-4.02,-2.24,1.05,3.1599999999999966
2014-03-31,000062,53.75,53.93,55.12,52.7,55438,70246914.0,4.53,0.9,0.48,0.83,2.4199999999999946
2014-04-01,000062,53.23,54.59,54.76,53.23,46464,59402116.0,2.84,1.22,0.66,0.7,1.5300000000000011
2014-04-02,000062,54.5,54.37,54.98,54.15,42904,55038878.0,1.52,-0.4,-0.22,0.64,0.8299999999999983
2014-04-03,000062,54.37,59.03,59.99,54.37,187885,254746256.0,10.34,8.57,4.66,2.82,5.6200000000000045
2014-04-04,000062,57.97,59.95,61.22,57.93,161339,225777651.0,5.57,1.56,0.92,2.42,3.289999999999999
2014-05-26,000062,57.31,60.96,63.47,54.55,228166,305061760.0,14.88,1.68,1.01,3.42,8.920000000000002
2014-05-27,000062,59.91,58.1,60.78,57.8,133022,181483339.0,4.89,-4.69,-2.86,1.99,2.980000000000004
2014-05-28,000062,58.02,63.95,63.95,57.45,241331,340881824.0,11.19,10.07,5.85,3.62,6.5
2014-05-29,000062,66.76,66.54,68.91,64.92,405952,619616672.0,6.24,4.05,2.59,6.09,3.989999999999995
2014-05-30,000062,66.19,66.45,68.21,65.05,257617,394277952.0,4.75,-0.14,-0.09,3.86,3.1599999999999966
2014-06-03,000062,65.66,62.02,67.07,61.18,243376,358550880.0,8.86,-6.67,-4.43,3.65,5.8899999999999935
2014-06-04,000062,62.1,63.77,65.22,61.71,200727,292940720.0,5.66,2.82,1.75,3.01,3.509999999999998
2014-06-05,000062,62.5,63.6,64.12,61.36,126146,182146164.0,4.33,-0.27,-0.17,1.89,2.760000000000005
2014-06-06,000062,63.82,62.45,65.75,61.84,141633,207408009.0,6.15,-1.81,-1.15,2.12,3.9099999999999966
2014-06-09,000062,61.88,60.87,63.03,60.74,94473,134272957.0,3.67,-2.53,-1.58,1.42,2.289999999999999
2014-06-10,000062,61.58,67.02,67.02,61.49,244466,364842320.0,9.08,10.1,6.15,3.67,5.529999999999994
2014-06-11,000062,68.08,66.85,68.25,65.62,240203,366620384.0,3.92,-0.25,-0.17,3.6,2.6299999999999955
2014-06-12,000062,66.41,67.6,68.21,65.4,199332,305760160.0,4.2,1.12,0.75,2.99,2.809999999999988
2014-06-13,000062,67.11,67.16,70.28,66.28,252258,396100032.0,5.92,-0.65,-0.44,3.78,4.0
2014-06-16,000062,67.07,67.86,68.83,65.84,176685,274362816.0,4.45,1.04,0.7,2.65,2.989999999999995
2014-06-17,000062,67.16,66.94,67.68,65.75,118796,181667882.0,2.84,-1.36,-0.92,1.78,1.9300000000000068
2014-06-18,000062,66.94,64.52,67.24,64.43,124230,186861590.0,4.2,-3.62,-2.42,1.86,2.809999999999988
2014-06-19,000062,64.52,67.11,70.36,64.34,267188,413976448.0,9.33,4.01,2.59,4.01,6.019999999999996
2014-06-20,000062,67.02,67.77,67.82,64.61,161067,244465607.0,4.78,0.98,0.66,2.42,3.2099999999999937
2014-06-23,000062,68.12,71.33,71.81,67.42,265081,424365504.0,6.48,5.25,3.56,3.97,4.390000000000001
2014-06-24,000062,70.45,70.58,71.37,70.06,145676,235931805.0,1.84,-1.05,-0.75,2.18,1.3100000000000023
2014-06-25,000062,70.76,68.91,72.21,68.78,167290,269963136.0,4.86,-2.37,-1.67,2.51,3.4299999999999926
2014-06-26,000062,68.52,69.79,71.73,68.08,183991,296485712.0,5.3,1.28,0.88,2.76,3.6500000000000057
2014-06-27,000062,70.01,69.62,71.24,68.43,131768,210924970.0,4.03,-0.24,-0.17,1.98,2.809999999999988
2014-06-30,000062,68.52,68.3,69.27,67.46,135116,211540705.0,2.6,-1.9,-1.32,2.03,1.8100000000000023
2014-07-01,000062,68.3,70.54,70.67,67.24,157689,250471917.0,5.02,3.28,2.24,2.36,3.430000000000007
2014-07-02,000062,70.58,69.75,71.07,68.91,102079,162928677.0,3.06,-1.12,-0.79,1.53,2.1599999999999966
2014-07-03,000062,69.57,70.19,70.63,68.61,105487,168621425.0,2.9,0.63,0.44,1.58,2.019999999999996
2014-07-04,000062,70.19,69.0,70.32,68.78,84718,134354902.0,2.19,-1.7,-1.19,1.27,1.539999999999992
2014-07-07,000062,69.13,65.4,69.22,65.0,167682,255154889.0,6.12,-5.22,-3.6,2.51,4.219999999999999
2014-07-08,000062,65.18,66.06,66.41,63.64,97819,146019328.0,4.24,1.01,0.66,1.47,2.769999999999996
2014-07-09,000062,65.44,64.56,66.1,64.52,73466,109960395.0,2.39,-2.27,-1.5,1.1,1.5799999999999983
2014-07-10,000062,64.61,64.61,65.75,64.08,55963,83218857.0,2.59,0.08,0.05,0.84,1.6700000000000017
2014-07-11,000062,64.52,65.75,66.19,63.64,78142,116866310.0,3.95,1.76,1.14,1.17,2.549999999999997
2014-07-14,000062,65.66,67.38,67.51,64.87,92702,141437342.0,4.02,2.48,1.63,1.39,2.6400000000000006
2014-07-15,000062,68.12,67.51,69.18,67.38,102040,159673428.0,2.67,0.19,0.13,1.53,1.8000000000000114
2014-07-16,000062,66.72,66.76,68.3,65.75,56290,86207216.0,3.78,-1.11,-0.75,0.84,2.549999999999997
2014-07-17,000062,66.58,65.79,66.72,64.87,45591,68513705.0,2.77,-1.45,-0.97,0.68,1.8499999999999943
2014-07-18,000062,65.49,65.97,66.85,65.05,50315,76280428.0,2.74,0.27,0.18,0.75,1.7999999999999972
2014-07-21,000062,66.01,64.96,66.19,64.21,42132,62928879.0,3.0,-1.53,-1.01,0.63,1.980000000000004
2014-07-22,000062,64.92,66.19,66.58,64.7,53719,81189547.0,2.89,1.89,1.23,0.81,1.8799999999999955
2014-07-23,000062,66.06,65.35,66.89,64.65,48349,72926553.0,3.38,-1.27,-0.84,0.72,2.239999999999995
2014-07-24,000062,65.18,62.85,65.4,62.85,75407,110411428.0,3.9,-3.83,-2.5,1.13,2.5500000000000043
2014-07-25,000062,62.85,63.16,63.51,62.59,36809,53227196.0,1.46,0.49,0.31,0.55,0.9199999999999946
2014-07-28,000062,63.64,65.05,65.18,63.55,52957,78622912.0,2.58,2.99,1.89,0.79,1.6300000000000097
2014-07-29,000062,65.4,65.44,66.01,65.05,56837,85437036.0,1.48,0.6,0.39,0.85,0.960000000000008
2014-07-30,000062,65.75,67.77,68.65,64.56,115416,176671526.0,6.25,3.56,2.33,1.73,4.090000000000003
2014-07-31,000062,67.16,67.2,67.95,66.58,67492,104012993.0,2.02,-0.84,-0.57,1.01,1.3700000000000045
2014-08-01,000062,67.16,65.84,68.56,65.79,82383,127180042.0,4.12,-2.02,-1.36,1.24,2.769999999999996
2014-08-04,000062,66.98,66.58,66.98,65.93,40305,61407327.0,1.59,1.12,0.74,0.6,1.0499999999999972
2014-08-05,000062,66.76,67.42,67.95,65.53,71738,110039206.0,3.63,1.26,0.84,1.08,2.4200000000000017
2014-08-06,000062,67.38,68.47,68.83,66.98,84985,132098713.0,2.74,1.56,1.05,1.27,1.8499999999999943
2014-08-07,000062,68.25,66.8,68.25,66.28,65920,101641393.0,2.88,-2.44,-1.67,0.99,1.9699999999999989
2014-08-08,000062,67.11,71.55,73.53,67.07,252876,414522608.0,9.67,7.11,4.75,3.79,6.460000000000008
2014-08-11,000062,71.55,72.3,73.13,70.72,177528,292857200.0,3.37,1.05,0.75,2.66,2.4099999999999966
2014-08-12,000062,71.99,73.13,74.1,71.46,136947,228700309.0,3.65,1.15,0.83,2.05,2.6400000000000006
2014-08-13,000062,73.53,72.87,73.83,71.64,98090,163099849.0,2.99,-0.36,-0.26,1.47,2.1899999999999977
2014-08-14,000062,74.14,74.1,78.49,73.31,242389,420059616.0,7.11,1.69,1.23,3.63,5.179999999999993
2014-08-15,000062,73.22,72.74,75.15,72.47,151953,256152213.0,3.62,-1.84,-1.36,2.28,2.680000000000007
2014-08-18,000062,72.43,75.86,76.73,71.64,179364,307664640.0,7.0,4.29,3.12,2.69,5.090000000000003
2014-08-19,000062,75.07,74.54,75.46,73.4,126268,215424595.0,2.72,-1.74,-1.32,1.89,2.059999999999988
2014-08-20,000062,74.98,72.12,74.98,72.03,106714,178719944.0,3.96,-3.25,-2.42,1.6,2.950000000000003
2014-08-21,000062,72.12,71.99,72.74,70.23,89697,146513469.0,3.48,-0.18,-0.13,1.34,2.509999999999991
2014-08-22,000062,72.21,73.44,75.33,71.77,129498,219298406.0,4.95,2.01,1.45,1.94,3.5600000000000023
2014-08-25,000062,73.88,72.03,74.01,71.9,60306,100227504.0,2.87,-1.92,-1.41,0.9,2.1099999999999994
2014-08-26,000062,72.25,69.48,72.25,68.91,78765,126976876.0,4.64,-3.54,-2.55,1.18,3.3400000000000034
2014-08-27,000062,69.35,70.32,71.77,69.18,64751,105111775.0,3.73,1.21,0.84,0.97,2.589999999999989
2014-08-28,000062,69.79,69.57,70.5,68.56,47459,75476359.0,2.76,-1.07,-0.75,0.71,1.9399999999999977
2014-08-29,000062,69.13,70.93,71.46,69.13,47143,76490601.0,3.35,1.95,1.36,0.71,2.3299999999999983
2014-09-01,000062,71.33,72.56,73.0,71.07,60558,100367904.0,2.72,2.3,1.63,0.91,1.9300000000000068
2014-09-02,000062,72.52,72.96,73.04,71.9,85950,143042656.0,1.57,0.55,0.4,1.29,1.1400000000000006
2014-09-03,000062,73.97,73.31,73.97,72.25,75049,125815423.0,2.36,0.48,0.35,1.13,1.7199999999999989
2014-09-04,000062,73.22,73.13,73.57,72.17,87112,145265681.0,1.91,-0.25,-0.18,1.31,1.3999999999999915
2014-09-05,000062,73.31,74.19,74.98,72.87,112317,191372725.0,2.89,1.45,1.06,1.68,2.1099999999999994
2014-09-09,000062,74.27,77.7,77.97,72.78,187712,323938832.0,7.0,4.73,3.51,2.81,5.189999999999998
2014-09-10,000062,76.82,77.26,79.42,75.68,174576,309931376.0,4.81,-0.57,-0.44,2.62,3.739999999999995
2014-09-11,000062,76.78,75.99,78.23,75.42,132759,233125455.0,3.64,-1.64,-1.27,1.99,2.8100000000000023
2014-09-12,000062,76.21,76.03,76.47,75.2,60923,105902831.0,1.67,0.05,0.04,0.91,1.269999999999996
2014-09-15,000062,75.86,77.26,77.44,75.42,103406,180984829.0,2.66,1.62,1.23,1.55,2.019999999999996
2014-09-16,000062,76.87,72.74,77.0,72.52,124637,213255109.0,5.8,-5.85,-4.52,1.87,4.480000000000004
2014-09-17,000062,72.87,72.52,73.4,70.28,59252,97999355.0,4.29,-0.3,-0.22,0.89,3.1200000000000045
2014-09-18,000062,72.34,73.09,73.18,71.81,42600,70982161.0,1.89,0.79,0.57,0.64,1.3700000000000045
2014-09-19,000062,73.18,73.48,73.66,72.78,40178,67455598.0,1.2,0.53,0.39,0.6,0.8799999999999955
2014-09-22,000062,73.4,71.42,73.48,71.37,43616,72145318.0,2.87,-2.8,-2.06,0.65,2.1099999999999994
2014-09-23,000062,71.42,72.3,72.96,71.42,44271,73202414.0,2.16,1.23,0.88,0.66,1.539999999999992
2014-09-24,000062,72.56,73.26,73.57,72.03,57928,96756242.0,2.13,1.33,0.96,0.87,1.539999999999992
2014-09-25,000062,73.62,72.52,73.88,72.34,59728,100090940.0,2.1,-1.01,-0.74,0.9,1.539999999999992
2014-09-26,000062,72.12,71.55,72.65,71.37,50708,83307556.0,1.77,-1.34,-0.97,0.76,1.2800000000000011
2014-09-29,000062,71.73,72.08,72.69,71.55,47714,78923418.0,1.59,0.74,0.53,0.72,1.1400000000000006
2014-09-30,000062,72.08,73.62,74.05,71.86,85677,143752748.0,3.04,2.14,1.54,1.28,2.1899999999999977
2014-10-08,000062,73.79,74.85,74.85,73.22,72345,122855611.0,2.21,1.67,1.23,1.08,1.6299999999999955
2014-10-09,000062,74.76,74.1,75.77,73.31,68318,116474712.0,3.29,-1.0,-0.75,1.02,2.4599999999999937
2014-10-10,000062,74.1,75.42,75.5,73.18,82939,141538380.0,3.13,1.78,1.32,1.24,2.319999999999993
2014-10-13,000062,74.85,75.86,75.94,73.44,74665,128222599.0,3.31,0.58,0.44,1.12,2.5
2014-10-14,000062,75.42,73.31,76.16,73.31,85772,146668965.0,3.76,-3.36,-2.55,1.29,2.8499999999999943
2014-10-15,000062,73.62,72.69,73.88,71.64,72509,120463016.0,3.06,-0.85,-0.62,1.09,2.239999999999995
2014-10-16,000062,71.77,70.89,73.31,70.89,64810,106831155.0,3.33,-2.48,-1.8,0.97,2.4200000000000017
2014-10-17,000062,70.72,70.89,71.95,68.83,50380,81271538.0,4.4,0.0,0.0,0.76,3.1200000000000045
2014-10-20,000062,70.63,70.93,71.33,70.54,28978,47126456.0,1.11,0.06,0.04,0.43,0.789999999999992
2014-10-21,000062,71.33,69.92,71.46,69.79,31839,51662088.0,2.35,-1.42,-1.01,0.48,1.6699999999999875
2014-10-22,000062,70.45,69.13,70.93,68.91,35423,56814609.0,2.89,-1.13,-0.79,0.53,2.0200000000000102
2014-10-23,000062,69.66,67.82,69.66,67.33,39840,62257354.0,3.37,-1.89,-1.31,0.6,2.3299999999999983
2014-10-24,000062,68.25,66.41,68.56,66.06,39519,61098567.0,3.69,-2.08,-1.41,0.59,2.5
2014-10-27,000062,66.37,68.03,68.25,65.93,29944,46286692.0,3.49,2.44,1.62,0.45,2.319999999999993
2014-10-28,000062,68.12,70.58,70.89,68.12,59999,96448325.0,4.07,3.75,2.55,0.9,2.769999999999996
2014-10-29,000062,70.98,70.67,71.24,69.84,56134,90748324.0,1.98,0.13,0.09,0.84,1.3999999999999915
2014-10-30,000062,71.11,70.19,71.46,70.1,41930,68013475.0,1.92,-0.68,-0.48,0.63,1.3599999999999994
2014-10-31,000062,70.58,71.42,72.21,70.58,63469,103979134.0,2.32,1.75,1.23,0.95,1.6299999999999955
2014-11-03,000062,71.51,70.93,71.81,70.45,49770,81207393.0,1.9,-0.69,-0.49,0.75,1.3599999999999994
2014-11-04,000062,70.93,68.56,71.24,68.47,62219,98837189.0,3.91,-3.34,-2.37,0.93,2.769999999999996
2014-11-05,000062,68.56,69.13,69.44,67.68,37242,58571174.0,2.57,0.83,0.57,0.56,1.759999999999991
2014-11-06,000062,69.22,69.57,69.7,68.03,32772,51864058.0,2.42,0.64,0.44,0.49,1.6700000000000017
2014-11-07,000062,69.4,67.95,69.57,67.95,45532,71830720.0,2.33,-2.33,-1.62,0.68,1.6199999999999903
2014-11-10,000062,67.68,68.65,69.27,67.68,28500,44733699.0,2.34,1.03,0.7,0.43,1.5899999999999892
2014-11-11,000062,68.61,64.26,68.91,64.26,77568,117778404.0,6.77,-6.39,-4.39,1.16,4.6499999999999915
2014-11-12,000062,64.34,66.01,66.19,63.99,33782,50834850.0,3.42,2.72,1.75,0.51,2.1999999999999957
2014-11-13,000062,66.06,64.74,66.1,63.99,36691,54536611.0,3.2,-1.92,-1.27,0.55,2.1099999999999923
2014-11-14,000062,64.74,64.87,65.79,64.74,22498,33628236.0,1.62,0.2,0.13,0.34,1.0500000000000114
2014-11-17,000062,64.96,65.31,65.75,63.77,23015,34410145.0,3.05,0.68,0.44,0.35,1.9799999999999969
2014-11-18,000062,65.31,66.37,66.54,64.96,31556,47864571.0,2.42,1.62,1.06,0.47,1.5800000000000125
2014-11-19,000062,66.45,70.01,72.43,66.1,125573,201856432.0,9.54,5.48,3.64,1.88,6.3300000000000125
2014-11-20,000062,69.35,67.95,69.57,66.94,65660,102717870.0,3.76,-2.94,-2.06,0.98,2.6299999999999955
2014-11-21,000062,67.64,68.56,70.23,67.64,57799,91365303.0,3.81,0.9,0.61,0.87,2.5900000000000034
2014-11-24,000062,69.13,69.31,70.5,68.56,62784,100213573.0,2.83,1.09,0.75,0.94,1.9399999999999977
2014-11-25,000062,69.66,69.57,70.45,69.31,47655,76211411.0,1.64,0.38,0.26,0.71,1.1400000000000006
2014-11-26,000062,69.7,71.02,71.99,69.0,100469,163231722.0,4.3,2.08,1.45,1.51,2.989999999999995
2014-11-27,000062,70.93,69.92,71.11,69.22,79750,127891538.0,2.66,-1.55,-1.1,1.2,1.8900000000000006
2014-11-28,000062,70.19,74.41,76.08,69.84,234590,395732608.0,8.92,6.42,4.49,3.52,6.239999999999995
2014-12-01,000062,75.37,76.78,78.84,74.63,239773,425366432.0,5.66,3.19,2.37,3.6,4.210000000000008
2014-12-02,000062,77.48,77.17,79.02,75.33,156423,275702240.0,4.81,0.51,0.39,2.35,3.6899999999999977
2014-12-03,000062,77.53,75.42,77.53,73.44,157438,271003776.0,5.3,-2.27,-1.75,2.36,4.090000000000003
2014-12-04,000062,75.46,83.02,83.02,74.19,239845,437447552.0,11.71,10.08,7.6,3.6,8.829999999999998
2014-12-05,000062,85.39,87.5,89.52,81.3,384855,758541840.0,9.9,5.4,4.48,5.77,8.219999999999999
2014-12-08,000062,85.52,84.12,86.71,83.41,225069,438705488.0,3.77,-3.86,-3.38,3.37,3.299999999999997
2014-12-09,000062,81.83,75.64,82.1,75.64,220358,401627152.0,7.68,-10.08,-8.48,3.3,6.459999999999994
2014-12-10,000062,75.59,77.66,77.7,73.04,123069,214071032.0,6.16,2.67,2.02,1.85,4.659999999999997
2014-12-11,000062,76.56,78.98,79.55,75.5,98676,176590330.0,5.22,1.7,1.32,1.48,4.049999999999997
2014-12-12,000062,78.93,80.07,80.69,77.88,98113,178994540.0,3.56,1.38,1.09,1.47,2.8100000000000023
2014-12-15,000062,79.9,82.01,82.84,78.76,103839,193011615.0,5.1,2.42,1.94,1.56,4.079999999999998
2014-12-16,000062,82.05,79.59,82.53,78.67,92146,168409507.0,4.71,-2.95,-2.42,1.38,3.8599999999999994
2014-12-17,000062,79.46,78.01,79.46,76.03,98106,173556917.0,4.31,-1.99,-1.58,1.47,3.4299999999999926
2014-12-18,000062,78.93,76.78,78.93,76.73,54452,96602179.0,2.82,-1.58,-1.23,0.82,2.200000000000003
2014-12-19,000062,75.9,74.41,75.9,72.38,87983,149579543.0,4.58,-3.09,-2.37,1.32,3.5200000000000102
2014-12-22,000062,73.31,69.7,74.41,69.27,84063,136720486.0,6.91,-6.33,-4.71,1.26,5.140000000000001
2014-12-23,000062,69.7,69.48,71.42,68.56,55257,88678321.0,4.1,-0.32,-0.22,0.83,2.8599999999999994
2014-12-24,000062,69.62,70.58,70.93,69.62,48011,77445871.0,1.89,1.58,1.1,0.72,1.3100000000000023
2014-12-25,000062,70.89,71.02,71.81,69.79,65928,107006648.0,2.86,0.62,0.44,0.99,2.019999999999996
2014-12-26,000062,70.67,70.06,70.89,69.62,77597,124773496.0,1.79,-1.35,-0.96,1.16,1.269999999999996
2014-12-29,000062,70.54,71.2,72.69,69.57,82989,135631845.0,4.45,1.63,1.14,1.24,3.1200000000000045
2014-12-30,000062,70.67,64.74,71.11,64.52,120910,187200251.0,9.26,-9.07,-6.46,1.81,6.590000000000003
2014-12-31,000062,65.4,66.15,66.67,64.74,75881,114614528.0,2.98,2.18,1.41,1.14,1.9300000000000068
2015-01-05,000062,66.15,67.95,68.43,65.71,76500,118016675.0,4.11,2.72,1.8,1.15,2.720000000000013
2015-01-06,000062,67.95,70.41,71.2,66.32,84727,134360722.0,7.18,3.62,2.46,1.27,4.88000000000001
2015-01-07,000062,69.75,69.22,70.14,67.95,69198,109521591.0,3.11,-1.69,-1.19,1.04,2.1899999999999977
2015-01-08,000062,68.91,69.27,70.58,68.65,54063,86170256.0,2.79,0.07,0.05,0.81,1.9299999999999926
2015-01-09,000062,68.91,68.3,70.23,68.21,62207,98922845.0,2.92,-1.4,-0.97,0.93,2.0200000000000102
2015-01-12,000062,67.99,68.87,69.44,66.5,55738,87086220.0,4.3,0.83,0.57,0.84,2.9399999999999977
2015-01-13,000062,68.91,72.52,72.87,67.73,139257,227233026.0,7.46,5.3,3.65,2.09,5.140000000000001
2015-01-14,000062,71.55,71.11,72.21,70.23,63631,103447045.0,2.73,-1.94,-1.41,0.95,1.9799999999999898
2015-01-15,000062,71.46,70.58,71.55,69.35,73592,118516163.0,3.09,-0.75,-0.53,1.1,2.200000000000003
2015-01-16,000062,70.14,73.79,76.38,69.84,180455,303960752.0,9.27,4.55,3.21,2.71,6.539999999999992
2015-01-19,000062,71.99,72.17,76.3,70.14,157255,266441531.0,8.35,-2.2,-1.62,2.36,6.159999999999997
2015-01-20,000062,72.21,75.77,76.16,72.21,144971,248212746.0,5.47,4.99,3.6,2.17,3.950000000000003
2015-01-21,000062,75.5,78.27,80.69,75.46,184610,331265264.0,6.9,3.3,2.5,2.77,5.230000000000004
2015-01-22,000062,78.67,80.34,81.13,77.31,161290,293392480.0,4.88,2.64,2.07,2.42,3.819999999999993
2015-01-23,000062,79.46,78.76,80.56,76.87,138442,249212792.0,4.59,-1.97,-1.58,2.08,3.6899999999999977
2015-01-26,000062,78.76,80.69,81.66,78.05,124595,229296837.0,4.58,2.45,1.93,1.87,3.6099999999999994
2015-01-27,000062,80.34,78.93,81.35,77.7,120065,218844167.0,4.52,-2.18,-1.76,1.8,3.6499999999999915
2015-01-28,000062,78.93,77.88,79.37,76.78,100410,178745851.0,3.28,-1.33,-1.05,1.51,2.5900000000000034
2015-01-29,000062,76.82,81.44,83.5,76.56,207222,385068288.0,8.91,4.57,3.56,3.11,6.939999999999998
2015-01-30,000062,81.44,77.22,81.83,76.87,125847,228726253.0,6.09,-5.18,-4.22,1.89,4.959999999999994
2015-02-02,000062,75.94,77.57,79.81,75.07,72183,128852830.0,6.14,0.45,0.35,1.08,4.740000000000009
2015-02-03,000062,77.44,85.39,85.39,77.44,189026,361196816.0,10.25,10.08,7.82,2.83,7.950000000000003
2015-02-04,000062,87.32,90.09,94.0,86.45,552130,1138334272.0,8.84,5.5,4.7,8.28,7.549999999999997
2015-02-05,000062,89.26,99.14,99.14,88.47,363711,787280272.0,11.84,10.05,9.05,5.45,10.670000000000002
2015-02-06,000062,100.99,96.16,105.74,95.28,524820,1195971072.0,10.55,-3.01,-2.98,7.87,10.459999999999994
2015-02-09,000062,97.12,97.83,100.46,93.65,305546,674996752.0,7.08,1.74,1.67,4.58,6.809999999999988
2015-02-10,000062,95.89,101.82,102.66,91.81,381596,849044336.0,11.09,4.08,3.99,5.72,10.849999999999994
2015-02-11,000062,99.76,102.66,109.65,99.1,439148,1042407856.0,10.36,0.82,0.84,6.58,10.550000000000011
2015-02-12,000062,100.55,98.92,103.19,98.57,269268,619229312.0,4.5,-3.64,-3.74,4.04,4.6200000000000045
2015-02-13,000062,100.07,100.29,104.33,99.76,277858,645225376.0,4.62,1.38,1.37,4.17,4.569999999999993
2015-02-16,000062,101.34,104.42,104.94,99.45,257297,603343632.0,5.47,4.12,4.13,3.86,5.489999999999995
2015-02-17,000062,103.1,100.9,104.29,99.67,171453,398595936.0,4.42,-3.37,-3.52,2.57,4.6200000000000045
2015-02-25,000062,101.34,96.55,101.65,96.24,134992,304083616.0,5.36,-4.31,-4.35,2.02,5.410000000000011
2015-02-26,000062,96.86,98.92,99.5,95.67,134471,301188128.0,3.97,2.45,2.37,2.02,3.8299999999999983
2015-02-27,000062,98.18,102.35,102.35,96.55,184936,421307504.0,5.86,3.47,3.43,2.77,5.799999999999997
2015-03-02,000062,102.57,112.63,112.63,100.55,249168,608292336.0,11.8,10.04,10.28,3.74,12.079999999999998
2015-03-03,000062,117.12,123.97,123.97,114.44,393054,1085071280.0,8.46,10.07,11.34,5.89,9.530000000000001
2015-03-04,000062,126.47,127.62,129.11,120.81,419107,1204399184.0,6.7,2.94,3.65,6.28,8.300000000000011
2015-03-05,000062,125.95,123.53,126.39,122.26,262814,745908928.0,3.24,-3.2,-4.09,3.94,4.1299999999999955
2015-03-06,000062,122.7,119.75,126.47,115.8,273660,756193984.0,8.64,-3.06,-3.78,4.1,10.670000000000002
2015-03-09,000062,117.51,121.2,123.53,116.98,174175,480910560.0,5.47,1.21,1.45,2.61,6.549999999999997
2015-03-10,000062,119.88,120.1,126.91,119.05,231327,651321328.0,6.49,-0.91,-1.1,3.47,7.859999999999999
2015-03-11,000062,119.44,123.05,123.57,115.97,213242,584308704.0,6.33,2.46,2.95,3.2,7.599999999999994
2015-03-12,000062,121.64,119.49,125.95,119.31,113086,316227872.0,5.4,-2.89,-3.56,1.7,6.640000000000001
2015-05-21,000062,131.48,131.48,131.48,131.48,912,2740699.0,0.0,10.03,11.99,0.01,0.0
2015-05-22,000062,144.67,144.67,144.67,144.67,1342,4434827.0,0.0,10.03,13.19,0.02,0.0
2015-05-25,000062,159.17,159.17,159.17,159.17,808,2935399.0,0.0,10.02,14.5,0.01,0.0
2015-05-26,000062,175.12,175.12,175.12,175.12,883,3530270.0,0.0,10.02,15.95,0.01,0.0
2015-05-27,000062,192.69,192.69,192.69,188.47,44875,197256355.0,2.41,10.03,17.57,0.67,4.219999999999999
2015-05-28,000062,212.03,212.03,212.03,212.03,42506,205601522.0,0.0,10.04,19.34,0.64,0.0
2015-05-29,000062,213.04,213.3,220.9,190.76,421152,1994736144.0,14.21,0.6,1.27,6.31,30.140000000000015
2015-06-01,000062,214.79,208.42,220.64,204.12,237847,1140823888.0,7.74,-2.29,-4.88,3.57,16.519999999999982
2015-06-02,000062,207.76,229.34,229.34,197.26,380722,1850757088.0,15.39,10.04,20.92,5.71,32.08000000000001
2015-06-03,000062,227.98,247.27,252.32,219.98,357727,1937154320.0,14.1,7.82,17.93,5.36,32.34
2015-06-04,000062,245.55,272.05,272.05,237.25,366327,2202010304.0,14.07,10.02,24.78,5.49,34.80000000000001
2015-06-05,000062,285.1,299.29,299.29,271.92,280740,1874662512.0,10.06,10.01,27.24,4.21,27.370000000000005
2015-06-08,000062,313.97,295.69,323.63,284.31,388241,2709334464.0,13.14,-1.2,-3.6,5.82,39.31999999999999
2015-06-09,000062,289.49,297.84,307.51,285.1,214784,1457030352.0,7.58,0.73,2.15,3.22,22.409999999999968
2015-06-10,000062,298.76,327.68,327.68,293.97,187467,1330990944.0,11.32,10.02,29.84,2.81,33.70999999999998
2015-06-11,000062,349.25,360.5,360.5,336.07,189840,1516979408.0,7.46,10.02,32.82,2.85,24.430000000000007
2015-06-12,000062,368.58,394.42,396.62,360.5,239484,2137479904.0,10.02,9.41,33.92,3.59,36.120000000000005
2015-06-15,000062,387.26,355.01,411.03,354.92,236994,2067863504.0,14.23,-9.99,-39.41,3.55,56.10999999999996
2015-06-16,000062,353.86,366.04,379.57,324.64,274219,2187790768.0,15.47,3.11,11.03,4.11,54.93000000000001
2015-06-17,000062,359.8,402.68,402.68,352.33,193186,1704260080.0,13.76,10.01,36.64,2.9,50.35000000000002
2015-06-19,000062,386.16,370.12,403.74,362.34,245261,2106559776.0,10.28,-8.09,-32.56,3.68,41.400000000000034
2015-06-23,000062,375.18,333.08,375.18,333.08,145417,1116937088.0,11.37,-10.01,-37.04,2.18,42.10000000000002
2015-06-24,000062,324.64,324.73,346.61,313.92,190529,1422920032.0,9.81,-2.51,-8.35,2.86,32.69
2015-06-25,000062,329.48,292.22,337.74,292.22,206371,1460875200.0,14.02,-10.01,-32.51,3.09,45.51999999999998
2015-06-26,000062,271.92,262.95,271.92,262.95,33293,201201644.0,3.07,-10.02,-29.27,0.5,8.970000000000027
2015-06-29,000062,236.98,236.59,248.01,236.59,98812,536854096.0,4.34,-10.02,-26.36,1.48,11.419999999999987
2015-06-30,000062,212.86,250.25,260.23,212.86,294590,1557066032.0,20.02,5.77,13.66,4.42,47.370000000000005
2015-07-01,000062,243.14,225.16,258.51,225.16,224459,1236198960.0,13.33,-10.03,-25.09,3.37,33.349999999999994
2015-07-02,000062,206.01,202.58,214.79,202.58,216837,1009072544.0,5.42,-10.03,-22.58,3.25,12.20999999999998
2015-07-03,000062,182.28,182.28,192.78,182.28,169384,709686416.0,5.18,-10.02,-20.3,2.54,10.5
2015-07-06,000062,188.43,164.0,196.78,164.0,344706,1338899408.0,17.98,-10.03,-18.28,5.17,32.78
2015-07-07,000062,147.65,147.57,153.28,147.57,73572,248055223.0,3.48,-10.02,-16.43,1.1,5.710000000000008
2015-07-08,000062,132.8,132.8,132.8,132.8,232900,705454096.0,0.0,-10.01,-14.77,3.49,0.0
2015-07-09,000062,119.53,146.12,146.12,119.49,336266,1012290304.0,20.05,10.03,13.32,5.04,26.63000000000001
2015-07-10,000062,160.7,160.75,160.75,153.5,83968,306505232.0,4.96,10.01,14.63,1.26,7.25
2015-07-13,000062,176.87,176.87,176.87,176.87,41034,165449652.0,0.0,10.03,16.12,0.62,0.0
2015-07-14,000062,194.58,194.58,194.58,194.58,38944,172718724.0,0.0,10.01,17.71,0.58,0.0
2015-07-15,000062,197.44,175.12,201.79,175.12,325569,1395291728.0,13.71,-10.0,-19.46,4.88,26.669999999999987
2015-07-16,000062,157.58,178.19,189.97,157.58,274870,1077316256.0,18.5,1.75,3.07,4.12,32.389999999999986
2015-07-17,000062,179.42,192.91,196.03,175.51,276646,1179810512.0,11.52,8.26,14.72,4.15,20.52000000000001
2015-07-20,000062,196.56,192.96,204.03,182.54,294985,1306793088.0,11.14,0.03,0.05,4.42,21.49000000000001
2015-07-21,000062,184.52,197.22,203.5,182.06,222872,983872992.0,11.11,2.21,4.26,3.34,21.439999999999998
2015-07-22,000062,196.95,212.07,216.46,193.13,291599,1377628576.0,11.83,7.53,14.85,4.37,23.330000000000013
2015-07-23,000062,212.16,216.99,223.8,204.38,250649,1223169904.0,9.16,2.32,4.92,3.76,19.420000000000016
2015-07-24,000062,215.41,233.82,238.74,215.01,303302,1595224240.0,10.94,7.76,16.83,4.55,23.730000000000018
2015-07-27,000062,223.8,210.4,241.16,210.4,283423,1471639936.0,13.16,-10.02,-23.42,4.25,30.75999999999999
2015-07-28,000062,189.44,189.35,209.7,189.35,245709,1084288448.0,9.67,-10.0,-21.05,3.68,20.349999999999994
2015-07-29,000062,195.46,203.06,206.14,171.12,217108,937881568.0,18.49,7.24,13.71,3.26,35.01999999999998
2015-07-30,000062,206.18,191.42,211.37,188.69,237411,1110532880.0,11.17,-5.73,-11.64,3.56,22.680000000000007
2015-07-31,000062,187.55,181.66,195.24,174.63,163671,698130736.0,10.77,-5.1,-9.76,2.45,20.610000000000014
2015-08-03,000062,170.2,163.47,178.98,163.47,127574,484535200.0,8.54,-10.01,-18.19,1.91,15.509999999999991
2015-08-04,000062,164.04,179.86,179.86,164.0,158560,627084512.0,9.7,10.03,16.39,2.38,15.860000000000014
2015-08-05,000062,180.74,172.83,185.09,171.43,170431,692455904.0,7.59,-3.91,-7.03,2.56,13.659999999999997
2015-08-14,000062,190.14,190.14,190.14,190.14,2295,9948566.0,0.0,10.02,17.31,0.03,0.0
2015-08-17,000062,209.17,209.17,209.17,201.88,132846,631623456.0,3.83,10.01,19.03,1.99,7.289999999999992
2015-08-18,000062,215.01,198.32,228.11,189.13,354353,1738210816.0,18.64,-5.19,-10.85,5.31,38.98000000000002
2015-08-19,000062,185.13,218.18,218.18,184.92,261600,1218403664.0,16.77,10.01,19.86,3.92,33.26000000000002
2015-08-20,000062,219.41,228.64,239.62,218.53,322986,1689598368.0,9.67,4.79,10.46,4.84,21.090000000000003
2015-08-21,000062,223.36,205.74,232.46,205.74,203220,990177120.0,11.69,-10.02,-22.9,3.05,26.72
2015-08-24,000062,190.32,185.13,192.52,185.13,59253,251759199.0,3.59,-10.02,-20.61,0.89,7.390000000000015
2015-08-25,000062,166.59,166.59,166.59,166.59,14900,56590200.0,0.0,-10.01,-18.54,0.22,0.0
2015-08-26,000062,154.2,149.9,171.07,149.9,242725,863186224.0,12.71,-10.02,-16.69,3.64,21.169999999999987
2015-08-27,000062,151.74,152.62,156.31,134.87,217996,714276048.0,14.3,1.81,2.72,3.27,21.439999999999998
2015-08-28,000062,154.38,166.59,167.47,144.71,225113,796253072.0,14.91,9.15,13.97,3.38,22.75999999999999
2015-08-31,000062,165.36,149.9,165.36,149.9,153594,543006832.0,9.28,-10.02,-16.69,2.3,15.460000000000008
2015-09-01,000062,140.32,134.87,144.53,134.87,95846,298184928.0,6.44,-10.03,-15.03,1.44,9.659999999999997
2015-09-02,000062,121.33,129.77,142.51,121.33,197686,571438288.0,15.7,-3.78,-5.1,2.96,21.179999999999993
2015-09-07,000062,131.62,130.52,139.79,129.33,104443,320187184.0,8.06,0.58,0.75,1.57,10.45999999999998
2015-09-08,000062,130.65,137.02,137.99,121.99,91577,272416400.0,12.26,4.98,6.5,1.37,16.000000000000014
2015-09-09,000062,136.63,146.03,147.26,136.63,160533,523297360.0,7.76,6.58,9.01,2.41,10.629999999999995
2015-09-10,000062,141.19,140.98,148.88,140.36,104390,344104432.0,5.83,-3.46,-5.05,1.57,8.519999999999982
2015-09-11,000062,140.98,145.15,145.98,140.98,103454,338071360.0,3.55,2.96,4.17,1.55,5.0
2015-09-14,000062,145.06,130.61,145.81,130.61,95718,297108720.0,10.47,-10.02,-14.54,1.44,15.199999999999989
2015-09-15,000062,121.86,117.51,124.72,117.51,76572,210080371.0,5.52,-10.03,-13.1,1.15,7.209999999999994
2015-09-16,000062,114.0,128.06,129.29,111.76,138624,379099248.0,14.92,8.98,10.55,2.08,17.529999999999987
2015-09-17,000062,125.38,121.42,135.48,121.33,147813,430191936.0,11.05,-5.19,-6.64,2.22,14.149999999999991
2015-09-18,000062,123.4,122.08,125.77,117.86,98407,272610784.0,6.51,0.54,0.66,1.48,7.909999999999997
2015-09-21,000062,120.1,130.52,131.18,115.14,134805,385362688.0,13.14,6.91,8.44,2.02,16.040000000000006
2015-09-22,000062,130.12,133.07,136.27,127.49,142816,431540608.0,6.73,1.95,2.55,2.14,8.780000000000015
2015-09-23,000062,128.41,126.65,131.4,125.29,119046,348113712.0,4.59,-4.82,-6.42,1.78,6.109999999999999
2015-09-24,000062,126.74,139.35,139.35,126.74,92840,289050816.0,9.96,10.03,12.7,1.39,12.61
2015-09-25,000062,144.18,134.16,147.7,130.21,202349,640702496.0,12.55,-3.72,-5.19,3.03,17.48999999999998
2015-09-28,000062,130.65,138.47,139.79,126.47,129247,395310128.0,9.93,3.21,4.31,1.94,13.319999999999993
2015-09-29,000062,133.64,130.25,134.78,128.72,94243,283305136.0,4.38,-5.94,-8.22,1.41,6.060000000000002
2015-09-30,000062,131.53,128.36,133.07,127.18,50812,150486818.0,4.52,-1.45,-1.89,0.76,5.889999999999986
2015-10-08,000062,134.65,134.52,137.5,131.92,101427,312246416.0,4.35,4.8,6.16,1.52,5.5800000000000125
2015-10-09,000062,135.04,137.02,139.92,133.24,104265,325454272.0,4.97,1.86,2.5,1.56,6.679999999999978
2015-10-12,000062,140.36,150.77,150.77,140.36,74341,248493791.0,7.6,10.04,13.75,1.11,10.409999999999997
2015-10-13,000062,156.66,157.1,160.31,152.62,201397,718484704.0,5.1,4.2,6.33,3.02,7.689999999999998
2015-10-14,000062,153.63,164.92,172.83,152.66,252445,940089136.0,12.84,4.98,7.82,3.79,20.170000000000016
2015-10-15,000062,158.81,168.09,170.55,158.64,198664,748843232.0,7.22,1.92,3.17,2.98,11.910000000000025
2015-10-16,000062,167.91,177.23,183.38,166.72,196667,784212672.0,9.91,5.44,9.14,2.95,16.659999999999997
2015-10-19,000062,180.74,173.75,180.74,168.26,183279,728676016.0,7.04,-1.96,-3.48,2.75,12.480000000000018
2015-10-20,000062,173.75,191.15,191.15,171.16,254289,1069265376.0,11.51,10.01,17.4,3.81,19.99000000000001
2015-10-21,000062,193.04,172.0,195.24,172.0,261490,1093471264.0,12.16,-10.02,-19.15,3.92,23.24000000000001
2015-10-22,000062,167.56,175.82,178.46,166.68,211141,837061872.0,6.85,2.22,3.82,3.17,11.780000000000001
2015-10-23,000062,176.87,176.43,178.94,170.68,194537,777335168.0,4.7,0.35,0.61,2.92,8.259999999999991
2015-10-26,000062,179.07,171.03,179.16,165.93,172297,670799104.0,7.5,-3.06,-5.4,2.58,13.22999999999999
2015-10-27,000062,169.76,175.12,178.1,158.55,153217,590638160.0,11.43,2.39,4.09,2.3,19.549999999999983
2015-10-28,000062,171.03,166.5,175.38,165.89,113526,440465072.0,5.42,-4.92,-8.62,1.7,9.490000000000009
2015-10-29,000062,168.88,183.2,183.2,164.66,266306,1077910288.0,11.14,10.03,16.7,3.99,18.539999999999992
2015-10-30,000062,181.27,198.05,198.54,173.71,215603,902577680.0,13.55,8.11,14.85,3.23,24.829999999999984
2015-11-02,000062,182.06,178.24,198.05,178.24,239215,1009550992.0,10.0,-10.0,-19.81,3.59,19.810000000000002
2015-11-03,000062,178.68,172.3,182.06,168.88,127163,502664208.0,7.39,-3.33,-5.94,1.91,13.180000000000007
2015-11-04,000062,173.58,181.71,183.6,173.58,155482,635989456.0,5.82,5.46,9.41,2.33,10.019999999999982
2015-11-05,000062,182.06,180.61,190.85,177.67,189345,789795312.0,7.25,-0.61,-1.1,2.84,13.180000000000007
2015-11-06,000062,180.61,189.09,193.48,180.61,221206,951410880.0,7.13,4.7,8.48,3.32,12.869999999999976
2015-11-09,000062,186.89,204.47,207.46,180.78,306787,1350153936.0,14.11,8.13,15.38,4.6,26.680000000000007
2015-11-10,000062,198.58,195.15,215.01,195.15,329991,1526469440.0,9.71,-4.56,-9.32,4.95,19.859999999999985
2015-11-11,000062,201.0,197.7,201.79,194.14,265099,1191198736.0,3.92,1.31,2.55,3.97,7.650000000000006
2015-11-12,000062,198.1,192.17,199.15,188.65,204325,893711968.0,5.31,-2.8,-5.53,3.06,10.5
2015-11-13,000062,191.33,191.29,195.59,187.77,148759,651385280.0,4.07,-0.46,-0.88,2.23,7.819999999999993
2015-11-16,000062,186.89,194.27,195.24,184.26,125617,542797472.0,5.74,1.56,2.98,1.88,10.980000000000018
2015-11-17,000062,195.24,183.77,196.52,181.4,211561,913891776.0,7.78,-5.4,-10.5,3.17,15.120000000000005
2015-11-18,000062,184.26,176.57,185.57,175.47,130093,538563792.0,5.5,-3.92,-7.2,1.95,10.099999999999994
2015-11-19,000062,177.01,181.66,182.5,175.91,92400,376977008.0,3.73,2.88,5.09,1.39,6.590000000000003
2015-11-20,000062,181.8,184.78,186.28,177.53,160884,666369840.0,4.82,1.72,3.12,2.41,8.75
2015-11-23,000062,182.5,177.8,184.7,176.39,151440,624558336.0,4.5,-3.78,-6.98,2.27,8.310000000000002
2015-11-24,000062,177.4,180.13,180.65,171.34,112007,451158864.0,5.24,1.31,2.33,1.68,9.310000000000002
2015-11-25,000062,180.08,192.6,196.47,177.71,266806,1147376176.0,10.41,6.92,12.47,4.0,18.75999999999999
2015-11-26,000062,192.17,183.38,193.88,182.94,202106,862886960.0,5.68,-4.79,-9.22,3.03,10.939999999999998
2015-11-27,000062,180.74,165.54,182.02,165.01,183520,724332384.0,9.28,-9.73,-17.84,2.75,17.01000000000002
2015-11-30,000062,165.58,166.42,169.89,151.3,135243,501966768.0,11.23,0.53,0.88,2.03,18.589999999999975
2015-12-01,000062,165.89,161.98,166.06,160.31,80217,299333936.0,3.46,-2.67,-4.44,1.2,5.75
2015-12-02,000062,161.41,163.65,166.2,153.5,69411,257758755.0,7.84,1.03,1.67,1.04,12.699999999999989
2015-12-03,000062,163.6,168.09,170.55,162.77,80901,308805248.0,4.75,2.71,4.44,1.21,7.780000000000001
2015-12-04,000062,168.13,163.08,168.13,161.41,94684,355631728.0,4.0,-2.98,-5.01,1.42,6.719999999999999
2015-12-07,000062,163.12,165.8,168.48,159.47,80947,303714512.0,5.52,1.67,2.72,1.21,9.009999999999991
2015-12-08,000062,164.35,159.65,164.35,159.47,75760,278217648.0,2.94,-3.71,-6.15,1.14,4.8799999999999955
2015-12-09,000062,159.61,159.87,163.16,157.89,68648,252186462.0,3.3,0.14,0.22,1.03,5.27000000000001
2015-12-10,000062,160.97,163.08,166.24,159.21,87809,326807904.0,4.4,2.01,3.21,1.32,7.030000000000001
2015-12-11,000062,164.04,166.15,168.7,162.29,109006,412173872.0,3.93,1.88,3.07,1.63,6.409999999999997
2015-12-14,000062,163.65,166.64,166.64,160.31,77396,287867520.0,3.81,0.29,0.49,1.16,6.329999999999984
2015-12-15,000062,167.43,168.35,172.83,166.68,95193,367729408.0,3.69,1.03,1.71,1.43,6.150000000000006
2015-12-16,000062,169.23,169.8,171.95,168.35,97532,378451744.0,2.14,0.86,1.45,1.46,3.5999999999999943
2015-12-17,000062,171.87,174.72,176.3,170.55,124182,492133920.0,3.39,2.9,4.92,1.86,5.75
2015-12-18,000062,174.9,169.49,174.94,167.56,106460,413566208.0,4.22,-2.99,-5.23,1.6,7.3799999999999955
2015-12-21,000062,169.54,170.77,172.48,168.22,79147,307433968.0,2.51,0.76,1.28,1.19,4.259999999999991
2015-12-22,000062,170.77,180.39,186.45,170.24,218037,890779216.0,9.49,5.63,9.62,3.27,16.20999999999998
2015-12-25,000062,175.2,173.05,176.48,169.84,142034,560031248.0,3.68,-4.07,-7.34,2.13,6.639999999999986
2015-12-28,000062,172.3,163.96,173.18,163.96,121532,465887440.0,5.33,-5.25,-9.09,1.82,9.219999999999999
2015-12-29,000062,163.16,166.02,166.59,158.38,74070,273936912.0,5.01,1.26,2.06,1.11,8.210000000000008
2015-12-30,000062,166.02,167.03,168.26,164.26,59473,225683897.0,2.41,0.61,1.01,0.89,4.0
2015-12-31,000062,166.68,160.53,167.03,159.56,62188,231005769.0,4.47,-3.89,-6.5,0.93,7.469999999999999
2016-01-04,000062,160.57,144.49,162.15,144.45,63251,218723164.0,11.03,-9.99,-16.04,0.95,17.700000000000017
2016-01-05,000062,134.38,136.19,143.83,130.21,97433,304186912.0,9.43,-5.74,-8.3,1.46,13.620000000000005
2016-01-06,000062,136.36,140.23,140.58,136.36,64393,204116865.0,3.1,2.97,4.04,0.97,4.219999999999999
2016-01-07,000062,140.27,126.17,140.32,126.17,28386,86781784.0,10.09,-10.03,-14.06,0.43,14.149999999999991
2016-01-08,000062,128.45,127.13,131.26,117.47,94412,273840032.0,10.93,0.76,0.96,1.42,13.789999999999992
2016-01-11,000062,122.74,114.39,125.86,114.39,92149,251865630.0,9.02,-10.02,-12.74,1.38,11.469999999999999
2016-01-12,000062,115.53,116.06,117.82,111.8,79358,208995533.0,5.26,1.46,1.67,1.19,6.019999999999996
2016-01-13,000062,116.46,109.29,117.99,108.68,71796,186790902.0,8.02,-5.83,-6.77,1.08,9.309999999999988
2016-01-14,000062,104.99,114.04,114.83,103.85,96008,240428162.0,10.05,4.35,4.75,1.44,10.980000000000004
2016-01-15,000062,113.07,106.61,113.07,104.94,85647,212738506.0,7.13,-6.52,-7.43,1.28,8.129999999999995
2016-01-18,000062,103.45,109.56,112.19,102.97,83669,207456628.0,8.65,2.77,2.95,1.25,9.219999999999999
2016-01-19,000062,108.9,115.97,118.3,107.8,115684,298040480.0,9.58,5.85,6.41,1.73,10.5
2016-01-20,000062,114.0,112.77,116.81,111.76,89984,234484862.0,4.35,-2.76,-3.2,1.35,5.049999999999997
2016-01-21,000062,109.91,107.36,115.27,107.27,85741,218489598.0,7.09,-4.8,-5.41,1.29,8.0
2016-01-22,000062,109.38,109.21,110.7,103.41,84456,207399199.0,6.79,1.72,1.85,1.27,7.290000000000006
2016-01-25,000062,109.73,110.31,112.19,108.33,59893,150893132.0,3.53,1.01,1.1,0.9,3.8599999999999994
2016-01-26,000062,108.68,99.28,109.34,99.23,89594,212938557.0,9.17,-10.0,-11.03,1.34,10.11
2016-01-27,000062,99.01,100.07,101.17,91.89,90245,201388719.0,9.35,0.8,0.79,1.35,9.280000000000001
2016-01-28,000062,98.09,95.63,100.51,93.96,57803,129720268.0,6.55,-4.44,-4.44,0.87,6.550000000000011
2016-01-29,000062,96.38,102.57,105.21,95.85,92649,213635381.0,9.79,7.26,6.94,1.39,9.36
2016-02-01,000062,102.09,99.14,103.36,95.76,70788,161630108.0,7.41,-3.34,-3.43,1.06,7.599999999999994
2016-02-02,000062,99.8,103.54,104.64,99.8,74452,174894863.0,4.88,4.44,4.4,1.12,4.840000000000003
2016-02-03,000062,101.78,105.43,105.78,99.01,84864,198281384.0,6.54,1.83,1.89,1.27,6.769999999999996
2016-02-04,000062,106.7,108.99,113.95,105.25,109124,272330560.0,8.25,3.38,3.56,1.64,8.700000000000003
2016-02-05,000062,109.56,106.26,110.7,105.69,73780,182207288.0,4.6,-2.5,-2.73,1.11,5.010000000000005
2016-02-15,000062,99.89,104.86,106.04,99.58,55673,130494855.0,6.08,-1.32,-1.4,0.83,6.460000000000008
2016-02-16,000062,105.6,111.4,113.64,104.86,102223,257865741.0,8.37,6.24,6.54,1.53,8.780000000000001
2016-02-17,000062,110.88,113.42,113.82,109.69,91754,234028458.0,3.71,1.81,2.02,1.38,4.1299999999999955
2016-02-18,000062,116.15,116.06,119.66,113.82,163837,436015680.0,5.15,2.33,2.64,2.46,5.840000000000003
2016-02-19,000062,114.39,116.59,117.29,113.73,90857,240137716.0,3.07,0.46,0.53,1.36,3.5600000000000023
2016-02-22,000062,119.53,118.79,119.8,117.82,98127,265710632.0,1.7,1.89,2.2,1.47,1.980000000000004
2016-02-23,000062,118.83,116.15,118.96,113.95,78304,207266662.0,4.22,-2.22,-2.64,1.17,5.009999999999991
2016-02-24,000062,115.27,116.06,116.59,112.63,69047,180927561.0,3.41,-0.08,-0.09,1.04,3.960000000000008
2016-02-25,000062,116.37,104.42,116.63,104.42,103366,257865039.0,10.52,-10.03,-11.64,1.55,12.209999999999994
2016-02-26,000062,104.42,102.0,106.04,99.89,74891,175451843.0,5.89,-2.32,-2.42,1.12,6.150000000000006
2016-02-29,000062,102.09,92.47,102.48,91.98,73069,157615085.0,10.29,-9.34,-9.53,1.1,10.5
2016-03-01,000062,92.77,95.41,96.16,91.02,67813,146106160.0,5.56,3.18,2.94,1.02,5.140000000000001
2016-03-02,000062,95.41,101.39,102.53,94.27,88973,200112399.0,8.66,6.27,5.98,1.33,8.260000000000005
2016-03-03,000062,100.77,111.54,111.54,99.94,170298,417959680.0,11.44,10.01,10.15,2.55,11.600000000000009
2016-03-04,000062,111.45,103.41,111.45,100.46,142567,345916464.0,9.85,-7.29,-8.13,2.14,10.990000000000009
2016-03-07,000062,104.33,106.97,109.78,104.33,100911,247873732.0,5.27,3.44,3.56,1.51,5.450000000000003
2016-03-08,000062,106.04,113.91,117.12,99.67,172996,429065120.0,16.31,6.49,6.94,2.59,17.450000000000003
2016-03-09,000062,109.87,109.51,115.62,108.24,122652,313277408.0,6.48,-3.86,-4.4,1.84,7.38000000000001
2016-03-10,000062,108.68,104.46,111.54,104.11,87956,215229817.0,6.78,-4.61,-5.05,1.32,7.430000000000007
2016-03-11,000062,102.53,102.44,104.29,100.33,70394,164269419.0,3.79,-1.93,-2.02,1.06,3.960000000000008
2016-03-14,000062,105.08,108.46,111.1,104.99,100286,247715381.0,5.96,5.88,6.02,1.5,6.109999999999999
2016-03-15,000062,108.24,106.35,110.44,106.04,74833,184694158.0,4.06,-1.95,-2.11,1.12,4.3999999999999915
2016-03-16,000062,107.93,103.85,109.34,102.53,68428,164323509.0,6.4,-2.35,-2.5,1.03,6.810000000000002
2016-03-17,000062,104.77,110.48,111.62,104.29,140037,348116192.0,7.06,6.38,6.63,2.1,7.329999999999998
2016-03-18,000062,110.57,115.67,118.21,110.57,184425,481763648.0,6.92,4.7,5.19,2.77,7.640000000000001
2016-03-21,000062,117.77,120.94,124.1,117.6,211538,580555440.0,5.62,4.56,5.27,3.17,6.5
2016-03-22,000062,118.21,122.56,124.94,116.28,207579,572778800.0,7.16,1.34,1.62,3.11,8.659999999999997
2016-03-23,000062,120.98,125.11,125.64,120.59,164752,464404768.0,4.12,2.08,2.55,2.47,5.049999999999997
2016-03-24,000062,122.74,119.58,124.06,119.49,151115,421286832.0,3.65,-4.42,-5.53,2.27,4.570000000000007
2016-03-25,000062,118.48,119.88,120.81,117.82,82411,224454941.0,2.5,0.25,0.3,1.24,2.990000000000009
2016-03-28,000062,121.42,118.57,123.27,117.07,90114,247497747.0,5.17,-1.09,-1.31,1.35,6.200000000000003
2016-03-29,000062,118.35,119.22,121.33,116.24,111589,303347168.0,4.29,0.55,0.65,1.67,5.090000000000003
2016-03-30,000062,119.97,124.63,124.85,119.97,139870,390427104.0,4.09,4.54,5.41,2.1,4.8799999999999955
2016-03-31,000062,125.99,123.0,129.33,122.7,175379,502536480.0,5.32,-1.31,-1.63,2.63,6.63000000000001
2016-04-01,000062,121.82,120.46,122.26,117.95,108381,295773248.0,3.5,-2.07,-2.54,1.63,4.310000000000002
2016-04-05,000062,120.63,124.32,126.26,119.31,113180,317882000.0,5.77,3.2,3.86,1.7,6.950000000000003
2016-04-06,000062,123.27,122.96,124.45,121.42,84834,237869955.0,2.44,-1.09,-1.36,1.27,3.030000000000001
2016-04-07,000062,123.84,119.66,125.38,119.53,86157,239771656.0,4.76,-2.68,-3.3,1.29,5.849999999999994
2016-04-08,000062,118.3,116.85,118.3,114.83,87817,233662412.0,2.9,-2.35,-2.81,1.32,3.469999999999999
2016-04-11,000062,118.35,118.57,120.85,118.35,74292,203000681.0,2.14,1.47,1.72,1.11,2.5
2016-04-12,000062,119.44,117.86,119.53,116.59,56427,151872743.0,2.48,-0.6,-0.71,0.85,2.9399999999999977
2016-04-13,000062,119.49,120.54,123.71,118.79,107152,297039872.0,4.17,2.27,2.68,1.61,4.9199999999999875
2016-04-14,000062,121.77,121.91,122.48,119.66,77008,212682107.0,2.34,1.14,1.37,1.15,2.8200000000000074
2016-04-15,000062,121.64,121.29,122.26,120.32,58029,160508040.0,1.59,-0.51,-0.62,0.87,1.940000000000012
2016-04-18,000062,119.66,117.77,119.66,117.25,54578,147043410.0,1.99,-2.9,-3.52,0.82,2.4099999999999966
2016-04-19,000062,118.92,118.65,119.27,117.47,44306,119703538.0,1.53,0.75,0.88,0.66,1.7999999999999972
2016-04-20,000062,118.7,109.65,119.66,106.92,103949,266029554.0,10.74,-7.59,-9.0,1.56,12.739999999999995
2016-04-21,000062,109.56,107.05,110.57,106.04,61074,151674914.0,4.13,-2.37,-2.6,0.92,4.529999999999987
2016-04-22,000062,105.52,107.76,108.15,105.47,40698,99611362.0,2.5,0.66,0.71,0.61,2.680000000000007
2016-04-25,000062,107.8,106.61,107.8,104.11,40324,97427125.0,3.42,-1.07,-1.15,0.6,3.6899999999999977
2016-04-26,000062,106.57,107.8,107.8,105.82,36671,89674115.0,1.86,1.12,1.19,0.55,1.980000000000004
2016-04-27,000062,107.14,107.14,108.55,106.92,34356,84537247.0,1.51,-0.61,-0.66,0.52,1.6299999999999955
2016-04-28,000062,107.58,106.88,108.02,104.29,39541,95642247.0,3.48,-0.24,-0.26,0.59,3.7299999999999898
2016-04-29,000062,106.44,106.79,107.49,105.82,23080,56279525.0,1.56,-0.08,-0.09,0.35,1.6700000000000017
2016-05-03,000062,107.36,111.32,112.11,106.48,56541,142311540.0,5.27,4.24,4.53,0.85,5.6299999999999955
2016-05-04,000062,110.88,111.4,112.94,110.88,52055,132927943.0,1.85,0.07,0.08,0.78,2.0600000000000023
2016-05-05,000062,111.14,111.32,111.76,109.6,38953,98516832.0,1.94,-0.07,-0.08,0.58,2.160000000000011
2016-05-06,000062,111.32,105.21,112.06,104.55,67336,166082234.0,6.75,-5.49,-6.11,1.01,7.510000000000005
2016-05-09,000062,104.24,101.03,104.64,100.33,57254,133150239.0,4.1,-3.97,-4.18,0.86,4.310000000000002
2016-05-10,000062,101.08,101.39,102.18,100.68,25260,58490941.0,1.48,0.36,0.36,0.38,1.5
2016-05-11,000062,102.22,100.77,102.84,100.77,29172,67831873.0,2.04,-0.61,-0.62,0.44,2.0700000000000074
2016-05-12,000062,99.67,100.33,100.59,97.25,32954,74548523.0,3.31,-0.44,-0.44,0.49,3.3400000000000034
2016-05-13,000062,100.77,100.68,102.09,99.89,32080,73550412.0,2.19,0.35,0.35,0.48,2.200000000000003
2016-05-16,000062,101.17,105.3,106.88,100.02,62408,147737447.0,6.81,4.59,4.62,0.94,6.859999999999999
2016-05-17,000062,105.3,107.54,109.91,105.3,71662,176123344.0,4.38,2.13,2.24,1.07,4.609999999999999
2016-05-18,000062,106.48,102.97,107.27,101.25,42291,99645926.0,5.6,-4.25,-4.57,0.63,6.019999999999996
2016-05-19,000062,103.41,104.5,106.83,103.41,46662,111637773.0,3.32,1.49,1.53,0.7,3.4200000000000017
2016-05-20,000062,103.41,105.38,106.39,102.35,41754,99636055.0,3.87,0.84,0.88,0.63,4.040000000000006
2016-05-23,000062,105.56,105.74,107.54,105.16,40000,96500413.0,2.26,0.34,0.36,0.6,2.3800000000000097
2016-05-24,000062,105.78,103.71,106.0,102.66,37547,88627402.0,3.16,-1.92,-2.03,0.56,3.3400000000000034
2016-05-25,000062,104.72,104.24,105.34,102.97,37798,89707951.0,2.29,0.51,0.53,0.57,2.3700000000000045
2016-05-26,000062,102.88,105.74,106.04,102.09,44844,106212137.0,3.79,1.44,1.5,0.67,3.950000000000003
2016-05-27,000062,105.91,106.17,107.23,104.24,58578,141044104.0,2.83,0.41,0.43,0.88,2.990000000000009
2016-05-30,000062,105.43,105.3,106.88,103.71,34002,81545604.0,2.99,-0.82,-0.87,0.51,3.1700000000000017
2016-05-31,000062,106.04,112.41,113.07,105.38,100067,250680695.0,7.3,6.75,7.11,1.5,7.689999999999998
2016-06-01,000062,112.41,113.51,115.05,111.76,89683,231332590.0,2.93,0.98,1.1,1.34,3.289999999999992
2016-06-02,000062,112.33,115.36,115.62,112.28,82228,213996340.0,2.94,1.63,1.85,1.23,3.3400000000000034
2016-06-03,000062,115.71,116.24,118.79,113.29,107059,282142640.0,4.77,0.76,0.88,1.61,5.5
2016-06-06,000062,115.93,116.81,118.65,113.47,117216,308044976.0,4.46,0.49,0.57,1.76,5.180000000000007
2016-06-07,000062,116.81,114.79,116.81,113.86,76848,200183459.0,2.53,-1.73,-2.02,1.15,2.950000000000003
2016-06-08,000062,114.83,114.22,115.36,112.9,50473,131071317.0,2.14,-0.5,-0.57,0.76,2.4599999999999937
2016-06-13,000062,110.66,105.6,114.13,105.6,69431,173886418.0,7.47,-7.55,-8.62,1.04,8.530000000000001
2016-06-14,000062,103.49,105.25,106.66,103.49,41627,99486224.0,3.0,-0.33,-0.35,0.62,3.1700000000000017
2016-06-15,000062,103.8,109.21,110.13,103.05,55038,135372051.0,6.73,3.76,3.96,0.83,7.079999999999998
2016-06-16,000062,108.81,106.92,109.56,106.75,50118,122857244.0,2.57,-2.1,-2.29,0.75,2.8100000000000023
2016-06-17,000062,107.14,117.6,117.6,107.14,139573,364857120.0,9.78,9.99,10.68,2.09,10.459999999999994
2016-06-20,000062,122.21,118.39,123.0,117.38,218489,593185872.0,4.78,0.67,0.79,3.28,5.6200000000000045
2016-06-21,000062,118.83,115.58,120.1,115.27,133861,357687680.0,4.08,-2.37,-2.81,2.01,4.829999999999998
2016-06-22,000062,114.44,118.35,118.61,114.44,109849,292400080.0,3.61,2.4,2.77,1.65,4.170000000000002
2016-06-23,000062,118.13,118.17,120.72,116.06,99447,267800410.0,3.94,-0.15,-0.18,1.49,4.659999999999997
2016-06-24,000062,118.17,115.27,119.14,110.04,100620,264687240.0,7.7,-2.45,-2.9,1.51,9.099999999999994
2016-06-27,000062,114.22,119.01,119.27,113.91,100589,269318976.0,4.65,3.24,3.74,1.51,5.359999999999999
2016-06-28,000062,118.96,120.72,120.72,117.42,107848,292085424.0,2.77,1.44,1.71,1.62,3.299999999999997
2016-06-29,000062,121.2,119.44,122.96,118.74,103469,283081456.0,3.5,-1.06,-1.28,1.55,4.219999999999999
2016-06-30,000062,119.66,118.79,119.84,117.25,71412,192574841.0,2.17,-0.54,-0.65,1.07,2.5900000000000034
2016-07-01,000062,119.27,117.07,119.75,116.81,49467,132949405.0,2.47,-1.45,-1.72,0.74,2.9399999999999977
2016-07-04,000062,116.72,120.41,120.89,116.24,80555,219014607.0,3.97,2.85,3.34,1.21,4.650000000000006
2016-07-05,000062,120.98,119.75,120.98,118.83,64382,175033603.0,1.79,-0.55,-0.66,0.97,2.1500000000000057
2016-07-06,000062,118.79,118.92,119.66,118.13,45595,123096721.0,1.28,-0.69,-0.83,0.68,1.5300000000000011
2016-07-07,000062,118.7,117.38,119.31,116.02,66279,176879560.0,2.77,-1.29,-1.54,0.99,3.2900000000000063
2016-07-08,000062,117.91,117.6,119.14,116.37,50929,136395356.0,2.36,0.19,0.22,0.76,2.769999999999996
2016-07-11,000062,117.51,116.24,118.21,115.27,62641,166946706.0,2.5,-1.16,-1.36,0.94,2.9399999999999977
2016-07-12,000062,116.15,117.91,117.91,114.17,57110,150984616.0,3.22,1.44,1.67,0.86,3.739999999999995
2016-07-13,000062,117.99,119.22,120.32,117.82,81636,221132606.0,2.12,1.11,1.31,1.22,2.5
2016-07-14,000062,118.65,120.24,121.6,118.57,81532,222879896.0,2.54,0.86,1.02,1.22,3.030000000000001
2016-07-15,000062,121.03,118.04,121.03,117.69,57803,156040920.0,2.78,-1.83,-2.2,0.87,3.3400000000000034
2016-07-18,000062,117.07,116.46,117.86,116.02,45186,120037758.0,1.56,-1.34,-1.58,0.68,1.8400000000000034
2016-07-19,000062,117.03,118.13,118.57,116.37,41790,111497380.0,1.89,1.43,1.67,0.63,2.1999999999999886
2016-07-20,000062,118.13,120.46,121.86,117.12,97129,264311307.0,4.01,1.97,2.33,1.46,4.739999999999995
2016-07-21,000062,120.02,124.45,126.87,118.87,178620,500141072.0,6.64,3.31,3.99,2.68,8.0
2016-07-22,000062,123.18,124.28,128.01,122.04,158257,451244384.0,4.8,-0.14,-0.17,2.37,5.969999999999985
2016-07-25,000062,124.06,127.44,128.45,123.18,141795,406624016.0,4.24,2.54,3.16,2.13,5.269999999999982
2016-07-26,000062,127.44,126.04,127.97,125.11,108661,311138704.0,2.24,-1.1,-1.4,1.63,2.8599999999999994
2016-07-27,000062,126.04,114.74,126.39,113.47,153981,419408272.0,10.25,-8.97,-11.3,2.31,12.920000000000002
2016-07-28,000062,114.61,113.82,116.06,111.8,87206,225756792.0,3.71,-0.8,-0.92,1.31,4.260000000000005
2016-07-29,000062,114.66,112.99,114.66,112.19,56424,145353441.0,2.17,-0.73,-0.83,0.85,2.469999999999999
2016-08-01,000062,112.11,110.79,112.55,108.15,58326,145976526.0,3.89,-1.95,-2.2,0.87,4.3999999999999915
2016-08-02,000062,110.83,111.45,112.11,110.52,30892,78240861.0,1.44,0.6,0.66,0.46,1.5900000000000034
2016-08-03,000062,110.79,111.97,113.07,110.66,41131,104910025.0,2.16,0.47,0.52,0.62,2.4099999999999966
2016-08-04,000062,111.76,112.06,112.63,110.44,37462,94957795.0,1.96,0.08,0.09,0.56,2.1899999999999977
2016-08-05,000062,111.49,110.57,112.11,110.57,32568,82328428.0,1.37,-1.33,-1.49,0.49,1.5400000000000063
2016-08-08,000062,109.78,111.8,112.19,107.8,37792,94477936.0,3.97,1.11,1.23,0.57,4.390000000000001
2016-08-09,000062,111.67,112.77,113.16,111.32,40364,103111001.0,1.65,0.87,0.97,0.61,1.8400000000000034
2016-08-10,000062,112.77,111.62,113.42,111.54,32618,83248592.0,1.67,-1.02,-1.15,0.49,1.8799999999999955
2016-08-11,000062,111.62,109.51,111.71,109.51,32846,82304344.0,1.97,-1.89,-2.11,0.49,2.1999999999999886
2016-08-12,000062,109.34,111.76,111.89,109.34,29758,74852806.0,2.33,2.05,2.25,0.45,2.549999999999997
2016-08-15,000062,110.88,114.0,115.97,110.7,73806,190796831.0,4.72,2.0,2.24,1.11,5.269999999999996
2016-08-16,000062,113.95,114.66,116.06,113.56,62399,163115594.0,2.19,0.58,0.66,0.94,2.5
2016-08-17,000062,115.18,114.74,117.07,114.66,56125,147528812.0,2.1,0.07,0.08,0.84,2.4099999999999966
2016-08-18,000062,114.3,115.23,115.93,114.22,44455,116070948.0,1.49,0.43,0.49,0.67,1.710000000000008
2016-08-19,000062,115.05,115.23,115.27,113.73,41989,109378437.0,1.34,0.0,0.0,0.63,1.539999999999992
2016-08-22,000062,115.45,112.33,115.71,112.24,34524,89342767.0,3.01,-2.52,-2.9,0.52,3.469999999999999
2016-08-23,000062,112.19,111.8,113.47,110.88,31811,81364077.0,2.31,-0.47,-0.53,0.48,2.5900000000000034
2016-08-24,000062,112.19,112.59,113.34,111.76,27627,70657981.0,1.41,0.71,0.79,0.41,1.5799999999999983
2016-08-25,000062,111.32,110.44,112.19,109.12,35773,89616161.0,2.73,-1.91,-2.15,0.54,3.069999999999993
2016-08-26,000062,111.54,110.96,111.8,110.39,26525,66912981.0,1.28,0.47,0.52,0.4,1.4099999999999966
2016-08-29,000062,110.96,110.61,111.23,109.56,21059,52874006.0,1.51,-0.32,-0.35,0.32,1.6700000000000017
2016-08-30,000062,110.61,111.97,113.86,110.26,42480,108100539.0,3.25,1.23,1.36,0.64,3.5999999999999943
2016-08-31,000062,111.32,111.1,111.76,110.44,31011,78233561.0,1.18,-0.78,-0.87,0.46,1.3200000000000074
2016-09-01,000062,111.1,110.66,111.58,110.48,26273,66318940.0,0.99,-0.4,-0.44,0.39,1.0999999999999943
2016-09-02,000062,110.22,109.87,111.01,109.34,29079,72867588.0,1.51,-0.71,-0.79,0.44,1.6700000000000017
2016-09-05,000062,110.17,110.39,111.23,109.73,21636,54336086.0,1.37,0.47,0.52,0.32,1.5
2016-09-06,000062,110.0,111.27,111.54,108.28,44614,111614730.0,2.95,0.8,0.88,0.67,3.260000000000005
2016-09-07,000062,111.23,110.61,111.93,110.48,39022,98588473.0,1.3,-0.59,-0.66,0.59,1.4500000000000028
2016-09-08,000062,110.88,111.27,112.06,110.48,29506,74649252.0,1.43,0.6,0.66,0.44,1.5799999999999983
2016-09-09,000062,111.58,110.0,111.58,109.78,33332,83768868.0,1.62,-1.14,-1.27,0.5,1.7999999999999972
2016-09-12,000062,107.76,103.63,108.33,103.63,62447,150318581.0,4.27,-5.79,-6.37,0.94,4.700000000000003
2016-09-13,000062,104.24,104.33,105.3,104.11,25357,60304909.0,1.15,0.68,0.7,0.38,1.1899999999999977
2016-09-14,000062,104.2,104.33,105.34,103.41,28849,68594602.0,1.85,0.0,0.0,0.43,1.9300000000000068
2016-09-19,000062,104.33,105.78,106.31,104.33,21860,52518924.0,1.9,1.39,1.45,0.33,1.980000000000004
2016-09-20,000062,106.04,105.65,106.92,105.16,25882,62318267.0,1.66,-0.12,-0.13,0.39,1.7600000000000051
2016-09-21,000062,105.6,105.52,106.48,105.43,26083,62780895.0,0.99,-0.12,-0.13,0.39,1.0499999999999972
2016-09-22,000062,106.26,106.44,107.14,105.96,34844,84466895.0,1.12,0.87,0.92,0.52,1.1800000000000068
2016-09-23,000062,106.44,106.66,107.67,106.09,29361,71447722.0,1.48,0.21,0.22,0.44,1.5799999999999983
2016-09-26,000062,105.6,104.42,106.53,104.2,28648,68577505.0,2.18,-2.1,-2.24,0.43,2.3299999999999983
2016-09-27,000062,103.93,105.3,105.6,103.71,19547,46455148.0,1.81,0.84,0.88,0.29,1.8900000000000006
2016-09-28,000062,105.6,104.72,106.13,104.46,19128,45786107.0,1.59,-0.55,-0.58,0.29,1.6700000000000017
2016-09-29,000062,104.72,104.59,105.96,104.37,17028,40635679.0,1.52,-0.12,-0.13,0.26,1.5899999999999892
2016-09-30,000062,104.59,106.57,106.92,104.33,27484,66262596.0,2.48,1.89,1.98,0.41,2.5900000000000034
2016-10-10,000062,107.36,109.51,109.73,106.13,50143,123555559.0,3.38,2.76,2.94,0.75,3.6000000000000085
2016-10-11,000062,109.34,113.21,114.74,109.12,130149,333399344.0,5.13,3.38,3.7,1.95,5.61999999999999
2016-10-12,000062,112.19,111.93,113.86,111.23,48860,124423360.0,2.32,-1.13,-1.28,0.73,2.6299999999999955
2016-10-13,000062,113.12,112.85,113.86,111.89,62758,161158669.0,1.76,0.82,0.92,0.94,1.9699999999999989
2016-10-14,000062,112.33,111.27,112.33,109.6,50726,127849185.0,2.42,-1.4,-1.58,0.76,2.730000000000004
2016-10-17,000062,111.23,110.83,112.99,109.29,39051,98690917.0,3.33,-0.4,-0.44,0.59,3.6999999999999886
2016-10-18,000062,110.17,112.19,112.19,110.13,33738,85368193.0,1.86,1.23,1.36,0.51,2.0600000000000023
2016-10-19,000062,112.63,111.71,112.85,111.1,37669,95980552.0,1.56,-0.43,-0.48,0.56,1.75
2016-10-20,000062,111.32,110.7,111.93,110.44,32698,82446032.0,1.33,-0.9,-1.01,0.49,1.490000000000009
2016-10-21,000062,110.88,111.18,111.62,110.17,29215,73765421.0,1.31,0.43,0.48,0.44,1.4500000000000028
2016-10-24,000062,110.57,112.37,113.07,110.57,38046,96924887.0,2.25,1.07,1.19,0.57,2.5
2016-10-25,000062,112.02,116.19,116.98,112.02,128352,337361584.0,4.41,3.4,3.82,1.92,4.960000000000008
2016-10-26,000062,116.37,116.24,117.2,114.96,61746,162735823.0,1.93,0.04,0.05,0.93,2.240000000000009
2016-10-27,000062,116.63,117.03,117.42,114.57,64179,169195080.0,2.45,0.68,0.79,0.96,2.8500000000000085
2016-10-28,000062,116.81,114.7,118.13,114.61,57827,153167295.0,3.01,-1.99,-2.33,0.87,3.519999999999996
2016-10-31,000062,113.95,114.08,115.8,111.32,36850,95461517.0,3.91,-0.54,-0.62,0.55,4.480000000000004
2016-11-01,000062,114.39,115.71,116.9,113.95,49815,130763636.0,2.59,1.43,1.63,0.75,2.950000000000003
2016-11-02,000062,115.14,115.09,117.29,114.74,70023,184546048.0,2.2,-0.54,-0.62,1.05,2.5500000000000114
2016-11-03,000062,114.83,114.48,116.37,113.73,49660,129779170.0,2.29,-0.53,-0.61,0.74,2.6400000000000006
2016-11-04,000062,115.45,116.15,116.5,114.48,40967,107542093.0,1.76,1.46,1.67,0.61,2.019999999999996
2016-11-07,000062,116.02,118.43,118.74,116.02,84216,225308517.0,2.34,1.96,2.28,1.26,2.719999999999999
2016-11-21,000062,130.25,123.53,130.25,122.26,269487,770404816.0,6.75,4.31,5.1,4.04,7.989999999999995
2016-11-22,000062,127.13,130.25,135.83,125.82,243072,717790544.0,8.1,5.44,6.72,3.64,10.01000000000002
2016-11-23,000062,128.14,143.26,143.26,126.91,128779,402689136.0,12.55,9.99,13.01,1.93,16.349999999999994
2016-11-24,000062,149.54,146.6,153.85,143.92,368354,1250000464.0,6.93,2.33,3.34,5.52,9.930000000000007
2016-11-25,000062,147.08,147.26,151.65,140.01,233585,776116720.0,7.94,0.45,0.66,3.5,11.640000000000015
2016-11-28,000062,145.19,136.76,146.69,135.92,198650,634927424.0,7.31,-7.13,-10.5,2.98,10.77000000000001
2016-11-29,000062,134.87,135.48,139.35,132.85,135692,417577104.0,4.75,-0.94,-1.28,2.03,6.5
2016-11-30,000062,133.46,133.86,136.36,132.49,86545,263861948.0,2.86,-1.2,-1.62,1.3,3.8700000000000045
2016-12-01,000062,134.6,135.0,139.44,134.3,118074,366690176.0,3.84,0.85,1.14,1.77,5.139999999999986
2016-12-02,000062,131.53,127.4,132.28,127.13,132182,387821232.0,3.81,-5.63,-7.6,1.98,5.150000000000006
2016-12-05,000062,125.16,127.75,128.41,124.81,66632,191936780.0,2.83,0.27,0.35,1.0,3.5999999999999943
2016-12-06,000062,127.31,126.52,129.77,126.21,61447,178601332.0,2.79,-0.96,-1.23,0.92,3.5600000000000165
2016-12-07,000062,127.53,134.96,135.35,126.69,133769,403891056.0,6.84,6.67,8.44,2.01,8.659999999999997
2016-12-08,000062,132.76,132.45,134.91,131.13,75223,227491679.0,2.8,-1.86,-2.51,1.13,3.780000000000001
2016-12-09,000062,131.31,133.2,136.27,131.22,75258,229641476.0,3.81,0.57,0.75,1.13,5.050000000000011
2016-12-12,000062,132.1,126.26,136.19,124.85,88292,263076192.0,8.51,-5.21,-6.94,1.32,11.340000000000003
2016-12-13,000062,124.98,128.19,129.73,124.94,60954,176403778.0,3.79,1.53,1.93,0.91,4.789999999999992
2016-12-14,000062,128.45,126.78,128.8,123.62,64377,184054516.0,4.04,-1.1,-1.41,0.97,5.180000000000007
2016-12-15,000062,125.38,126.78,128.8,124.41,50591,145888015.0,3.46,0.0,0.0,0.76,4.390000000000015
2016-12-16,000062,125.6,131.7,135.39,124.59,96514,288826992.0,8.52,3.88,4.92,1.45,10.799999999999983
2016-12-19,000062,131.09,133.15,135.44,130.69,91079,276405696.0,3.61,1.1,1.45,1.37,4.75
2016-12-20,000062,134.56,132.32,135.04,130.47,57953,174225027.0,3.43,-0.62,-0.83,0.87,4.569999999999993
2016-12-21,000062,133.37,131.79,134.38,129.02,71808,214429778.0,4.05,-0.4,-0.53,1.08,5.359999999999985
2016-12-22,000062,131.0,131.57,132.98,129.68,46550,138847549.0,2.5,-0.17,-0.22,0.7,3.299999999999983
2016-12-23,000062,131.84,124.89,131.84,124.41,63067,182558749.0,5.65,-5.08,-6.68,0.95,7.430000000000007
2016-12-26,000062,124.81,124.06,124.81,121.73,38826,108907502.0,2.47,-0.66,-0.83,0.58,3.0799999999999983
2016-12-27,000062,123.62,123.57,126.21,123.4,33048,93585027.0,2.27,-0.39,-0.49,0.5,2.809999999999988
2016-12-30,000062,124.19,124.98,131.92,123.57,72100,209492745.0,6.76,1.14,1.41,1.08,8.349999999999994
2017-01-03,000062,123.66,124.45,125.68,121.95,41033,115854824.0,2.98,-0.42,-0.53,0.62,3.730000000000004
2017-01-04,000062,124.5,125.29,126.12,123.22,39579,112129056.0,2.33,0.67,0.84,0.59,2.9000000000000057
2017-01-05,000062,125.2,125.33,127.0,124.72,39788,113447114.0,1.82,0.03,0.04,0.6,2.280000000000001
2017-01-06,000062,125.16,121.29,125.33,120.5,53771,149654637.0,3.85,-3.22,-4.04,0.81,4.829999999999998
2017-01-09,000062,121.03,119.93,121.03,118.35,37821,102729640.0,2.21,-1.12,-1.36,0.57,2.680000000000007
2017-01-10,000062,120.1,121.07,123.0,119.58,39778,110021159.0,2.85,0.95,1.14,0.6,3.4200000000000017
2017-01-11,000062,121.29,121.51,122.87,120.76,29058,80377435.0,1.74,0.36,0.44,0.44,2.1099999999999994
2017-01-12,000062,122.17,119.36,122.65,118.87,26480,72509937.0,3.11,-1.77,-2.15,0.4,3.780000000000001
2017-01-13,000062,119.14,119.05,121.38,118.39,26121,70974252.0,2.51,-0.26,-0.31,0.39,2.989999999999995
2017-01-23,000062,120.98,124.37,127.05,120.37,63105,178369789.0,5.61,4.47,5.32,0.95,6.679999999999993
2017-01-24,000062,123.18,120.98,123.53,120.63,40006,111076969.0,2.33,-2.73,-3.39,0.6,2.9000000000000057
2017-01-25,000062,121.2,120.41,121.42,119.09,22145,60594574.0,1.93,-0.47,-0.57,0.33,2.3299999999999983
2017-01-26,000062,120.1,120.94,122.34,120.1,15195,41888424.0,1.86,0.44,0.53,0.23,2.240000000000009
2017-02-03,000062,121.07,120.98,121.86,119.36,17178,47093207.0,2.07,0.03,0.04,0.26,2.5
2017-02-06,000062,120.85,121.99,122.17,120.15,20971,57845324.0,1.67,0.83,1.01,0.31,2.019999999999996
2017-02-07,000062,122.21,123.44,124.06,122.21,31794,88948266.0,1.52,1.19,1.45,0.48,1.8500000000000085
2017-02-08,000062,123.97,123.49,123.97,122.43,27075,75780382.0,1.25,0.04,0.05,0.41,1.539999999999992
2017-02-09,000062,123.66,124.01,124.67,122.74,31854,89605276.0,1.56,0.42,0.52,0.48,1.9300000000000068
2017-02-10,000062,124.06,123.75,124.54,123.49,26310,74125689.0,0.85,-0.21,-0.26,0.39,1.0500000000000114
2017-02-13,000062,124.06,122.78,124.5,122.08,32568,91043856.0,1.96,-0.78,-0.97,0.49,2.4200000000000017
2017-02-14,000062,122.74,124.85,124.89,122.39,37204,104659424.0,2.04,1.69,2.07,0.56,2.5
2017-02-15,000062,124.63,123.4,126.17,123.18,36338,102884065.0,2.39,-1.16,-1.45,0.54,2.989999999999995
2017-02-16,000062,122.74,123.05,123.62,122.3,24521,68463171.0,1.07,-0.28,-0.35,0.37,1.3200000000000074
2017-02-17,000062,123.14,123.18,125.29,122.74,38646,108977854.0,2.07,0.11,0.13,0.58,2.5500000000000114
2017-02-20,000062,123.84,124.06,124.23,122.78,29285,82157311.0,1.18,0.71,0.88,0.44,1.4500000000000028
2017-02-21,000062,124.06,124.72,125.29,123.4,34623,97906498.0,1.52,0.53,0.66,0.52,1.8900000000000006
2017-02-22,000062,124.94,124.15,125.07,124.01,26766,75661313.0,0.85,-0.46,-0.57,0.4,1.059999999999988
2017-02-23,000062,124.1,122.3,124.1,122.17,36371,101477815.0,1.55,-1.49,-1.85,0.55,1.9299999999999926
2017-02-24,000062,122.52,122.65,123.05,121.07,23278,64628424.0,1.62,0.29,0.35,0.35,1.980000000000004
2017-02-27,000062,121.99,122.26,123.31,121.99,17281,48166572.0,1.08,-0.32,-0.39,0.26,1.3200000000000074
2017-02-28,000062,121.11,121.55,122.26,120.59,21091,58189741.0,1.37,-0.58,-0.71,0.32,1.6700000000000017
2017-03-01,000062,121.51,122.39,122.56,120.98,21738,60246268.0,1.3,0.69,0.84,0.33,1.5799999999999983
2017-03-02,000062,122.3,120.94,122.48,120.89,18915,52228353.0,1.3,-1.18,-1.45,0.28,1.5900000000000034
2017-03-03,000062,120.5,120.41,121.29,119.71,18084,49462205.0,1.31,-0.44,-0.53,0.27,1.5800000000000125
2017-03-06,000062,120.41,121.64,121.82,119.88,21710,59791578.0,1.61,1.02,1.23,0.33,1.9399999999999977
2017-03-07,000062,121.64,122.83,123.75,121.64,30152,84122392.0,1.73,0.98,1.19,0.45,2.1099999999999994
2017-03-08,000062,122.83,122.96,123.18,121.64,24841,69041202.0,1.25,0.11,0.13,0.37,1.5400000000000063
2017-03-09,000062,123.18,121.11,123.4,121.11,23905,66129160.0,1.86,-1.5,-1.85,0.36,2.2900000000000063
2017-03-10,000062,121.38,121.11,122.52,119.93,24671,67865240.0,2.14,0.0,0.0,0.37,2.589999999999989
2017-03-13,000062,120.81,120.59,120.98,119.22,16546,45278062.0,1.45,-0.43,-0.52,0.25,1.7600000000000051
2017-03-14,000062,120.59,120.24,121.2,119.62,17140,46858806.0,1.31,-0.29,-0.35,0.26,1.5799999999999983
2017-03-15,000062,119.66,119.22,120.37,119.14,16860,45840831.0,1.02,-0.85,-1.02,0.25,1.230000000000004
2017-03-16,000062,119.44,120.41,121.2,119.44,22147,60583964.0,1.48,1.0,1.19,0.33,1.7600000000000051
2017-03-17,000062,120.67,119.8,121.16,119.58,25030,68567962.0,1.31,-0.51,-0.61,0.38,1.5799999999999983
2017-03-20,000062,119.75,118.3,119.75,116.94,32483,87280637.0,2.35,-1.25,-1.5,0.49,2.8100000000000023
2017-03-21,000062,118.35,118.57,118.79,117.47,22107,59275558.0,1.12,0.23,0.27,0.33,1.3200000000000074
2017-03-22,000062,117.47,117.25,118.61,117.03,19277,51443802.0,1.33,-1.11,-1.32,0.29,1.5799999999999983
2017-03-23,000062,117.38,115.01,117.77,113.51,25207,66432338.0,3.63,-1.91,-2.24,0.38,4.259999999999991
2017-03-24,000062,114.52,115.01,115.36,114.48,22430,58585325.0,0.77,0.0,0.0,0.34,0.8799999999999955
2017-03-27,000062,114.44,114.92,115.93,114.44,14517,37980731.0,1.3,-0.08,-0.09,0.22,1.490000000000009
2017-03-28,000062,115.14,116.32,117.07,114.74,22705,59982155.0,2.03,1.22,1.4,0.34,2.3299999999999983
2017-03-29,000062,117.91,115.18,117.91,115.05,17787,46926471.0,2.46,-0.98,-1.14,0.27,2.8599999999999994
2017-03-30,000062,115.18,112.46,115.53,111.8,27512,70736144.0,3.24,-2.36,-2.72,0.41,3.730000000000004
2017-03-31,000062,113.12,114.17,114.39,112.06,17755,45560065.0,2.07,1.52,1.71,0.27,2.3299999999999983
2017-04-05,000062,113.16,115.01,115.14,113.16,21111,54864830.0,1.73,0.74,0.84,0.32,1.980000000000004
2017-04-06,000062,115.18,114.08,115.18,113.95,19828,51596551.0,1.07,-0.81,-0.93,0.3,1.230000000000004
2017-04-07,000062,114.04,114.04,114.83,113.91,13632,35416750.0,0.81,-0.04,-0.04,0.2,0.9200000000000017
2017-04-10,000062,114.92,111.76,114.92,111.71,18631,47725682.0,2.81,-2.0,-2.28,0.28,3.210000000000008
2017-04-11,000062,111.76,112.99,113.16,109.6,27537,69623761.0,3.19,1.1,1.23,0.41,3.5600000000000023
2017-04-12,000062,113.95,124.28,124.28,113.91,129375,357086080.0,9.18,9.99,11.29,1.94,10.370000000000005
2017-04-13,000062,127.05,122.96,127.05,120.76,107930,302974048.0,5.06,-1.06,-1.32,1.62,6.289999999999992
2017-04-14,000062,122.74,118.48,122.74,118.3,58308,158722702.0,3.61,-3.64,-4.48,0.87,4.439999999999998
2017-04-17,000062,117.47,116.06,117.47,114.83,33214,87579084.0,2.23,-2.04,-2.42,0.5,2.6400000000000006
2017-04-18,000062,116.85,113.91,116.85,113.56,41425,107958023.0,2.83,-1.85,-2.15,0.62,3.289999999999992
2017-04-19,000062,113.51,111.27,113.51,109.6,34420,86686795.0,3.43,-2.32,-2.64,0.52,3.910000000000011
2017-04-20,000062,111.27,111.18,113.03,109.87,25057,63369745.0,2.84,-0.08,-0.09,0.38,3.1599999999999966
2017-04-21,000062,111.23,107.41,112.15,107.36,30669,76487514.0,4.31,-3.39,-3.77,0.46,4.790000000000006
2017-04-24,000062,107.45,101.65,107.67,101.21,31152,73470894.0,6.01,-5.36,-5.76,0.47,6.460000000000008
2017-04-25,000062,101.21,102.97,104.72,101.21,21134,49697383.0,3.45,1.3,1.32,0.32,3.510000000000005
2017-04-26,000062,103.32,103.14,103.63,102.62,12308,28854099.0,0.98,0.17,0.17,0.18,1.009999999999991
2017-04-27,000062,102.97,103.76,104.55,99.5,27198,63234303.0,4.9,0.6,0.62,0.41,5.049999999999997
2017-04-28,000062,103.76,103.98,104.5,103.41,17171,40532762.0,1.05,0.21,0.22,0.26,1.0900000000000034
2017-05-02,000062,104.2,103.45,104.46,102.92,11999,28179080.0,1.48,-0.51,-0.53,0.18,1.539999999999992
2017-05-03,000062,103.98,101.87,104.11,101.87,17862,41742558.0,2.17,-1.53,-1.58,0.27,2.239999999999995
2017-05-04,000062,102.13,101.17,102.35,100.73,15455,35646797.0,1.59,-0.69,-0.7,0.23,1.6199999999999903
2017-05-05,000062,100.95,103.85,106.7,100.95,34328,81395248.0,5.68,2.65,2.68,0.51,5.75
2017-05-08,000062,103.85,104.33,105.56,103.85,23885,56763221.0,1.65,0.46,0.48,0.36,1.710000000000008
2017-05-09,000062,103.67,106.39,106.61,103.23,23893,56879421.0,3.24,1.97,2.06,0.36,3.3799999999999955
2017-05-10,000062,105.74,113.86,117.03,105.69,123321,320288608.0,10.66,7.02,7.47,1.85,11.340000000000003
2017-05-11,000062,111.32,110.96,114.74,106.26,85240,214520673.0,7.45,-2.55,-2.9,1.28,8.47999999999999
2017-05-12,000062,112.41,114.61,119.66,110.96,87325,226052668.0,7.84,3.29,3.65,1.31,8.700000000000003
2017-05-15,000062,110.88,110.57,113.21,109.91,55256,138291143.0,2.88,-3.52,-4.04,0.83,3.299999999999997
2017-05-16,000062,108.86,121.51,121.51,108.72,76738,202376278.0,11.57,9.89,10.94,1.15,12.790000000000006
2017-05-17,000062,133.55,133.55,133.55,133.55,36079,108815349.0,0.0,9.91,12.04,0.54,0.0
2017-05-18,000062,146.82,146.82,146.82,145.28,312080,1035367504.0,1.15,9.94,13.27,4.68,1.539999999999992
2017-05-19,000062,149.54,154.82,160.97,139.83,562292,1880315072.0,14.4,5.45,8.0,8.43,21.139999999999986
2017-05-22,000062,148.66,142.03,150.42,140.23,366155,1209780192.0,6.58,-8.26,-12.79,5.49,10.189999999999998
2017-05-23,000062,139.04,142.34,147.35,133.73,355713,1127385488.0,9.59,0.22,0.31,5.33,13.620000000000005
2017-05-24,000062,138.65,143.17,144.67,133.29,281393,892421600.0,7.99,0.58,0.83,4.22,11.379999999999995
2017-05-25,000062,141.63,147.43,152.53,136.1,392036,1277215520.0,11.48,2.98,4.26,5.88,16.430000000000007
2017-05-26,000062,145.15,138.34,151.08,137.81,355585,1169007008.0,9.0,-6.17,-9.09,5.33,13.27000000000001
2017-05-31,000062,140.14,142.82,147.26,134.12,300452,961899952.0,9.5,3.24,4.48,4.5,13.139999999999986
2017-06-01,000062,137.46,128.63,140.67,128.63,274998,839814176.0,8.43,-9.94,-14.19,4.12,12.039999999999992
2017-06-02,000062,127.18,129.24,131.97,123.57,215985,621969648.0,6.53,0.47,0.61,3.24,8.400000000000006
2017-06-05,000062,129.24,126.43,131.97,125.82,168375,492697568.0,4.76,-2.17,-2.81,2.52,6.150000000000006
2017-06-06,000062,126.26,127.75,129.77,125.29,152330,438356128.0,3.54,1.04,1.32,2.28,4.480000000000004
2017-06-07,000062,126.78,131.79,131.92,126.47,186774,547830960.0,4.27,3.16,4.04,2.8,5.449999999999989
2017-06-08,000062,131.75,128.36,132.54,128.14,185562,545987664.0,3.34,-2.6,-3.43,2.78,4.400000000000006
2017-06-09,000062,128.19,126.69,128.19,123.66,154195,438049728.0,3.53,-1.3,-1.67,2.31,4.530000000000001
2017-06-12,000062,125.73,127.57,129.55,124.94,136535,393224336.0,3.64,0.69,0.88,2.05,4.610000000000014
2017-06-13,000062,126.26,130.03,130.61,125.2,141815,411325504.0,4.24,1.93,2.46,2.13,5.410000000000011
2017-06-14,000062,130.17,127.09,130.17,126.78,106571,307899664.0,2.61,-2.26,-2.94,1.6,3.3899999999999864
2017-06-15,000062,126.17,128.23,129.02,126.17,92670,267822811.0,2.24,0.9,1.14,1.39,2.8500000000000085
2017-06-16,000062,128.32,128.41,131.88,128.14,132696,389323328.0,2.92,0.14,0.18,1.99,3.740000000000009
2017-06-19,000062,127.66,126.39,128.28,125.86,94568,270933680.0,1.88,-1.57,-2.02,1.42,2.4200000000000017
2017-06-20,000062,126.69,128.54,128.94,125.46,118607,340760048.0,2.75,1.7,2.15,1.78,3.480000000000004
2017-06-21,000062,128.36,129.24,129.68,126.96,105965,307623600.0,2.12,0.54,0.7,1.59,2.720000000000013
2017-06-22,000062,129.68,123.05,130.21,121.77,130014,371874608.0,6.53,-4.79,-6.19,1.95,8.440000000000012
2017-06-23,000062,123.18,119.97,123.4,117.47,112448,305216720.0,4.82,-2.5,-3.08,1.69,5.930000000000007
2017-06-26,000062,120.06,121.07,121.55,118.13,63964,173323246.0,2.85,0.92,1.1,0.96,3.4200000000000017
2017-06-27,000062,120.63,119.8,121.91,118.92,54630,148560488.0,2.47,-1.05,-1.27,0.82,2.989999999999995
2017-06-28,000062,119.62,118.39,120.37,117.82,54291,145413193.0,2.13,-1.18,-1.41,0.81,2.5500000000000114
2017-06-29,000062,117.91,118.13,119.58,117.91,50231,134647141.0,1.41,-0.22,-0.26,0.75,1.6700000000000017
2017-06-30,000062,117.77,117.6,118.48,116.24,50245,132995086.0,1.9,-0.45,-0.53,0.75,2.240000000000009
2017-07-03,000062,118.26,120.19,121.51,118.17,70251,190549332.0,2.84,2.2,2.59,1.05,3.3400000000000034
2017-07-04,000062,120.19,120.76,121.2,119.01,50578,137507735.0,1.82,0.47,0.57,0.76,2.1899999999999977
2017-07-05,000062,121.42,120.85,121.42,119.36,48225,130890039.0,1.71,0.07,0.09,0.72,2.0600000000000023
2017-07-06,000062,120.54,119.66,121.33,119.22,48113,130500676.0,1.75,-0.98,-1.19,0.72,2.1099999999999994
2017-07-07,000062,120.1,120.15,120.98,119.22,48752,132270477.0,1.47,0.41,0.49,0.73,1.7600000000000051
2017-07-10,000062,120.1,115.93,120.1,115.31,68219,180615747.0,3.99,-3.51,-4.22,1.02,4.789999999999992
2017-07-11,000062,115.89,116.11,116.9,114.92,59779,155998169.0,1.71,0.16,0.18,0.9,1.980000000000004
2017-07-12,000062,116.11,115.97,116.11,113.12,58051,150498326.0,2.58,-0.12,-0.14,0.87,2.989999999999995
2017-07-13,000062,114.96,115.18,115.89,114.39,33143,85994016.0,1.29,-0.68,-0.79,0.5,1.5
2017-07-14,000062,115.18,114.7,116.63,114.39,37016,96569433.0,1.94,-0.42,-0.48,0.56,2.239999999999995
2017-07-17,000062,115.31,106.48,115.71,105.43,72319,176772139.0,8.96,-7.17,-8.22,1.08,10.279999999999987
2017-07-18,000062,106.04,107.58,108.2,105.47,34517,83506496.0,2.56,1.03,1.1,0.52,2.730000000000004
2017-07-19,000062,107.49,110.61,111.71,106.97,48309,119120568.0,4.41,2.82,3.03,0.72,4.739999999999995
2017-07-24,000062,112.19,115.14,117.82,112.15,74790,194888391.0,5.13,4.1,4.53,1.12,5.6699999999999875
2017-07-25,000062,114.66,112.5,115.93,111.89,46109,117615240.0,3.51,-2.29,-2.64,0.69,4.040000000000006
2017-07-26,000062,111.76,113.51,114.13,111.76,30070,76730961.0,2.11,0.9,1.01,0.45,2.3699999999999903
2017-07-27,000062,113.56,114.13,114.96,111.05,44724,114303635.0,3.44,0.55,0.62,0.67,3.9099999999999966
2017-07-28,000062,114.13,114.39,115.4,113.69,33242,85898621.0,1.5,0.23,0.26,0.5,1.710000000000008
2017-07-31,000062,114.44,113.03,114.74,112.63,35891,92033815.0,1.84,-1.19,-1.36,0.54,2.1099999999999994
2017-08-01,000062,112.81,117.29,117.42,112.24,72666,189726872.0,4.58,3.77,4.26,1.09,5.180000000000007
2017-08-02,000062,117.77,115.53,117.77,115.01,60960,159900279.0,2.35,-1.5,-1.76,0.91,2.759999999999991
2017-08-03,000062,115.18,118.57,119.53,115.18,89489,238917334.0,3.77,2.63,3.04,1.34,4.349999999999994
2017-08-04,000062,118.61,116.41,119.49,116.15,59844,158996102.0,2.82,-1.82,-2.16,0.9,3.339999999999989
2017-08-07,000062,116.15,115.89,118.13,115.58,35985,94749313.0,2.19,-0.45,-0.52,0.54,2.549999999999997
2017-08-08,000062,116.59,116.37,118.57,115.8,34611,91255446.0,2.39,0.41,0.48,0.52,2.769999999999996
2017-08-09,000062,116.46,116.11,116.98,115.58,30051,78806792.0,1.2,-0.22,-0.26,0.45,1.4000000000000057
2017-08-10,000062,115.93,112.19,116.85,111.97,56776,145868891.0,4.2,-3.38,-3.92,0.85,4.8799999999999955
2017-08-11,000062,112.06,113.47,114.7,110.61,47976,122348278.0,3.65,1.14,1.28,0.72,4.090000000000003
2017-08-14,000062,114.13,115.36,115.8,113.51,34763,90166583.0,2.02,1.67,1.89,0.52,2.289999999999992
2017-08-15,000062,115.97,117.25,117.69,115.27,55860,146908144.0,2.1,1.64,1.89,0.84,2.4200000000000017
2017-08-16,000062,117.91,117.91,119.01,115.53,60198,159058379.0,2.97,0.56,0.66,0.9,3.480000000000004
2017-08-17,000062,117.03,119.05,119.05,117.03,69011,184147483.0,1.71,0.97,1.14,1.03,2.019999999999996
2017-08-18,000062,119.09,117.38,120.32,117.25,71976,192939591.0,2.58,-1.4,-1.67,1.08,3.069999999999993
2017-08-21,000062,117.12,117.51,117.99,116.59,33754,89394382.0,1.19,0.11,0.13,0.51,1.3999999999999915
2017-08-22,000062,117.07,115.05,117.99,114.87,47979,125733646.0,2.66,-2.09,-2.46,0.72,3.1199999999999903
2017-08-23,000062,115.09,116.59,116.59,114.74,32754,85473585.0,1.61,1.34,1.54,0.49,1.8500000000000085
2017-08-24,000062,116.15,113.73,116.76,113.12,31453,81526649.0,3.12,-2.45,-2.86,0.47,3.6400000000000006
2017-08-25,000062,113.69,115.36,116.32,113.51,30863,80270374.0,2.47,1.43,1.63,0.46,2.809999999999988
2017-08-28,000062,115.49,117.42,117.91,115.27,42543,112416709.0,2.29,1.79,2.06,0.64,2.6400000000000006
2017-08-29,000062,117.56,118.26,118.26,116.9,46939,124772586.0,1.16,0.72,0.84,0.7,1.3599999999999994
2017-08-30,000062,118.65,121.55,126.3,117.34,110217,304385840.0,7.58,2.78,3.29,1.65,8.959999999999994
2017-08-31,000062,120.37,123.4,124.81,120.32,98788,273733056.0,3.69,1.52,1.85,1.48,4.490000000000009
2017-09-01,000062,122.96,123.4,123.84,121.91,60437,167518404.0,1.56,0.0,0.0,0.91,1.9300000000000068
2017-09-04,000062,123.18,122.21,124.01,121.95,49753,137683070.0,1.67,-0.96,-1.19,0.75,2.0600000000000023
2017-09-05,000062,122.21,125.73,126.04,121.2,117872,330815392.0,3.96,2.88,3.52,1.77,4.840000000000003
2017-09-06,000062,125.38,124.89,125.38,123.57,69254,194507668.0,1.44,-0.67,-0.84,1.04,1.8100000000000023
2017-09-07,000062,125.29,124.45,127.84,124.1,104104,295456000.0,2.99,-0.35,-0.44,1.56,3.740000000000009
2017-09-08,000062,130.43,125.9,132.45,124.94,156515,448708384.0,6.03,1.17,1.45,2.35,7.509999999999991
2017-09-11,000062,124.06,122.39,124.54,121.42,86477,238902879.0,2.48,-2.79,-3.51,1.3,3.1200000000000045
2017-09-12,000062,122.17,121.2,122.43,120.19,70726,193117264.0,1.83,-0.97,-1.19,1.06,2.240000000000009
2017-09-13,000062,120.94,121.47,122.21,120.67,34670,95053124.0,1.27,0.22,0.27,0.52,1.539999999999992
2017-09-14,000062,121.51,119.36,121.95,119.36,54397,147710523.0,2.13,-1.74,-2.11,0.82,2.5900000000000034
2017-09-15,000062,119.22,119.62,120.46,118.39,32126,86615149.0,1.73,0.22,0.26,0.48,2.069999999999993
2017-09-18,000062,119.66,119.75,120.15,118.83,27788,75041355.0,1.1,0.11,0.13,0.42,1.3200000000000074
2017-09-19,000062,119.75,120.89,121.33,119.36,30430,82593912.0,1.65,0.95,1.14,0.46,1.9699999999999989
2017-09-20,000062,120.85,122.17,122.17,119.75,47110,128926917.0,2.0,1.06,1.28,0.71,2.4200000000000017
2017-09-21,000062,123.75,125.02,126.61,122.61,126545,356147920.0,3.27,2.33,2.85,1.9,4.0
2017-09-22,000062,124.01,121.38,124.01,120.37,63219,174037245.0,2.91,-2.91,-3.64,0.95,3.6400000000000006
2017-09-25,000062,121.38,118.08,121.86,117.56,44949,121178202.0,3.54,-2.72,-3.3,0.67,4.299999999999997
2017-09-26,000062,118.3,119.49,119.53,117.69,29378,78684801.0,1.56,1.19,1.41,0.44,1.8400000000000034
2017-09-27,000062,119.71,120.63,121.69,118.65,32655,88252249.0,2.54,0.95,1.14,0.49,3.039999999999992
2017-09-28,000062,120.76,120.32,121.86,119.66,29370,79894118.0,1.82,-0.26,-0.31,0.44,2.200000000000003
2017-09-29,000062,123.57,120.19,123.62,120.15,66515,182543981.0,2.88,-0.11,-0.13,1.0,3.469999999999999
2017-10-09,000062,120.46,118.79,121.77,118.7,65813,178565077.0,2.55,-1.16,-1.4,0.99,3.069999999999993
2017-10-10,000062,117.86,118.92,119.01,117.69,37080,98893309.0,1.11,0.11,0.13,0.56,1.3200000000000074
2017-10-11,000062,118.92,116.72,119.01,116.59,35753,95062708.0,2.03,-1.85,-2.2,0.54,2.4200000000000017
2017-10-12,000062,117.03,115.53,117.56,114.74,34040,89164036.0,2.42,-1.02,-1.19,0.51,2.8200000000000074
2017-10-13,000062,116.37,116.59,117.25,115.53,18677,49055250.0,1.49,0.92,1.06,0.28,1.7199999999999989
2017-10-16,000062,116.72,113.16,116.98,113.07,33804,87270172.0,3.35,-2.94,-3.43,0.51,3.910000000000011
2017-10-17,000062,112.94,113.51,114.08,112.55,21141,54098741.0,1.35,0.31,0.35,0.32,1.5300000000000011
2017-10-18,000062,113.51,113.42,115.23,113.29,23627,60894473.0,1.71,-0.08,-0.09,0.35,1.9399999999999977
2017-10-19,000062,113.42,111.05,113.91,110.88,27161,68475031.0,2.67,-2.09,-2.37,0.41,3.030000000000001
2017-10-20,000062,111.1,112.15,112.19,110.35,17906,45017587.0,1.66,0.99,1.1,0.27,1.8400000000000034
2017-10-23,000062,112.19,113.42,114.26,112.11,23433,59868151.0,1.92,1.13,1.27,0.35,2.1500000000000057
2017-10-24,000062,113.42,112.41,113.42,111.8,16765,42494376.0,1.43,-0.89,-1.01,0.25,1.6200000000000045
2017-10-25,000062,112.63,112.85,112.94,112.11,12723,32307105.0,0.74,0.39,0.44,0.19,0.8299999999999983
2017-10-26,000062,112.63,113.34,113.82,111.93,29082,74028147.0,1.67,0.43,0.49,0.44,1.8899999999999864
2017-10-27,000062,113.42,111.23,113.95,110.88,23784,60392267.0,2.71,-1.86,-2.11,0.36,3.0700000000000074
2017-10-30,000062,111.23,107.8,111.27,106.48,38682,94291530.0,4.31,-3.08,-3.43,0.58,4.789999999999992
2017-10-31,000062,107.8,108.72,109.03,107.1,19343,47283291.0,1.79,0.85,0.92,0.29,1.9300000000000068
2017-11-01,000062,108.94,109.69,109.95,108.5,19012,46906924.0,1.33,0.89,0.97,0.29,1.4500000000000028
2017-11-02,000062,109.69,109.65,110.57,108.5,21235,52426202.0,1.89,-0.04,-0.04,0.32,2.069999999999993
2017-11-03,000062,109.91,108.02,109.91,106.97,17890,43700900.0,2.68,-1.49,-1.63,0.27,2.9399999999999977
2017-11-06,000062,108.42,109.78,109.82,107.93,19582,48066476.0,1.75,1.63,1.76,0.29,1.8899999999999864
2017-11-07,000062,109.78,111.23,111.36,109.34,20490,50962508.0,1.84,1.32,1.45,0.31,2.019999999999996
2017-11-08,000062,111.32,110.52,111.71,110.44,24105,60403171.0,1.14,-0.64,-0.71,0.36,1.269999999999996
2017-11-09,000062,110.52,110.52,111.23,109.91,16976,42191014.0,1.19,0.0,0.0,0.25,1.3200000000000074
2017-11-10,000062,110.52,110.66,110.83,106.48,20607,50960447.0,3.94,0.13,0.14,0.31,4.349999999999994
2017-11-13,000062,110.17,112.68,112.85,109.25,36612,91848920.0,3.25,1.83,2.02,0.55,3.5999999999999943
2017-11-14,000062,111.49,110.96,112.81,110.88,24697,62239367.0,1.71,-1.53,-1.72,0.37,1.9300000000000068
2017-11-15,000062,110.92,108.68,111.32,107.89,22539,55585007.0,3.09,-2.05,-2.28,0.34,3.4299999999999926
2017-11-16,000062,109.12,108.59,109.65,107.89,11241,27581403.0,1.62,-0.08,-0.09,0.17,1.7600000000000051
2017-11-17,000062,109.07,104.46,109.07,104.29,31695,75826133.0,4.4,-3.8,-4.13,0.48,4.779999999999987
2017-11-20,000062,102.13,104.68,104.86,102.13,18681,43471298.0,2.61,0.21,0.22,0.28,2.730000000000004
2017-11-21,000062,105.03,105.08,105.87,104.64,14005,33203611.0,1.18,0.38,0.4,0.21,1.230000000000004
2017-11-22,000062,105.08,105.96,107.67,104.33,22351,53384458.0,3.18,0.84,0.88,0.34,3.3400000000000034
2017-11-23,000062,105.52,104.29,106.92,103.41,18999,45196675.0,3.31,-1.58,-1.67,0.28,3.510000000000005
2017-11-24,000062,104.29,104.81,105.08,103.41,11445,26931865.0,1.6,0.5,0.52,0.17,1.6700000000000017
2017-11-27,000062,105.08,103.05,105.08,102.84,14161,33025589.0,2.14,-1.68,-1.76,0.21,2.239999999999995
2017-11-28,000062,102.92,107.32,110.35,102.84,32269,78072586.0,7.29,4.14,4.27,0.48,7.509999999999991
2017-11-29,000062,107.32,106.7,107.8,105.52,21195,50810707.0,2.12,-0.58,-0.62,0.32,2.280000000000001
2017-11-30,000062,106.17,111.76,117.29,105.65,79887,202811895.0,10.91,4.74,5.06,1.2,11.64
2017-12-01,000062,110.83,112.02,112.68,109.38,47241,118629310.0,2.95,0.23,0.26,0.71,3.3000000000000114
2017-12-04,000062,111.27,110.7,113.95,110.48,35383,89506040.0,3.1,-1.18,-1.32,0.53,3.469999999999999
2017-12-05,000062,110.66,105.74,111.67,104.5,44716,108307773.0,6.48,-4.48,-4.96,0.67,7.170000000000002
2017-12-06,000062,105.69,108.2,108.86,105.03,30527,73685879.0,3.62,2.33,2.46,0.46,3.8299999999999983
2017-12-07,000062,108.06,106.35,108.46,106.26,21300,51521888.0,2.03,-1.71,-1.85,0.32,2.1999999999999886
2017-12-08,000062,105.91,107.98,110.13,105.6,26921,65565520.0,4.26,1.53,1.63,0.4,4.530000000000001
2017-12-11,000062,108.02,109.47,109.91,107.84,29720,73198455.0,1.92,1.38,1.49,0.45,2.069999999999993
2017-12-12,000062,110.13,107.93,110.13,107.36,19561,48031172.0,2.53,-1.41,-1.54,0.29,2.769999999999996
2017-12-13,000062,107.76,107.58,108.59,106.17,22055,53358193.0,2.24,-0.32,-0.35,0.33,2.4200000000000017
2017-12-14,000062,107.67,107.01,108.5,106.57,19588,47409745.0,1.79,-0.53,-0.57,0.29,1.9300000000000068
2017-12-15,000062,107.01,105.69,107.36,104.72,27229,64795991.0,2.47,-1.23,-1.32,0.41,2.6400000000000006
2017-12-18,000062,105.82,104.33,106.26,103.71,21512,50648797.0,2.41,-1.29,-1.36,0.32,2.5500000000000114
2017-12-19,000062,104.55,105.08,105.74,104.42,11954,28354522.0,1.27,0.72,0.75,0.18,1.3199999999999932
2017-12-20,000062,104.64,104.46,105.82,104.37,14778,34958611.0,1.38,-0.59,-0.62,0.22,1.4499999999999886
2017-12-21,000062,104.46,103.98,104.68,102.53,15197,35515686.0,2.06,-0.46,-0.48,0.23,2.1500000000000057
2017-12-22,000062,103.98,103.27,104.5,103.14,10683,24952532.0,1.31,-0.68,-0.71,0.16,1.3599999999999994
2017-12-25,000062,103.27,103.23,103.98,102.57,9150,21266719.0,1.37,-0.04,-0.04,0.14,1.4100000000000108
2017-12-26,000062,103.23,104.37,104.46,103.01,10886,25453105.0,1.4,1.1,1.14,0.16,1.4499999999999886
2017-12-27,000062,104.42,103.49,104.46,103.23,10407,24342616.0,1.18,-0.84,-0.88,0.16,1.2299999999999898
2017-12-28,000062,103.85,103.49,104.5,103.05,13447,31426936.0,1.4,0.0,0.0,0.2,1.4500000000000028
2017-12-29,000062,103.1,104.24,104.59,103.1,14932,34966055.0,1.44,0.72,0.75,0.22,1.490000000000009
2018-01-02,000062,104.29,104.68,105.34,104.29,18152,42884566.0,1.01,0.42,0.44,0.27,1.0499999999999972
2018-01-03,000062,105.25,107.84,109.34,104.9,49605,120272023.0,4.24,3.02,3.16,0.74,4.439999999999998
2018-01-04,000062,107.01,106.48,107.49,105.96,24871,59738529.0,1.42,-1.26,-1.36,0.37,1.5300000000000011
2018-01-05,000062,106.61,106.35,106.88,105.69,20641,49471644.0,1.12,-0.12,-0.13,0.31,1.1899999999999977
2018-01-08,000062,106.48,105.69,106.48,105.43,17736,42288692.0,0.99,-0.62,-0.66,0.27,1.0499999999999972
2018-01-09,000062,105.74,105.56,106.48,105.3,12635,30127370.0,1.12,-0.12,-0.13,0.19,1.1800000000000068
2018-01-10,000062,104.94,103.85,106.17,103.63,24777,58388470.0,2.41,-1.62,-1.71,0.37,2.5400000000000063
2018-01-11,000062,105.03,105.87,106.13,104.29,20852,49595526.0,1.77,1.95,2.02,0.31,1.8399999999999892
2018-01-12,000062,105.82,104.33,106.83,104.29,19358,45963396.0,2.4,-1.45,-1.54,0.29,2.539999999999992
2018-01-15,000062,104.29,101.3,104.33,100.81,27680,63800148.0,3.37,-2.9,-3.03,0.42,3.519999999999996
2018-01-16,000062,101.43,102.04,103.14,101.21,15950,36613259.0,1.91,0.73,0.74,0.24,1.9300000000000068
2018-01-17,000062,102.26,102.66,102.75,101.25,15648,35976044.0,1.47,0.61,0.62,0.23,1.5
2018-01-18,000062,102.88,101.82,102.97,101.69,12066,27785424.0,1.25,-0.82,-0.84,0.18,1.2800000000000011
2018-01-19,000062,101.43,101.52,102.66,101.43,12156,27901541.0,1.21,-0.29,-0.3,0.18,1.2299999999999898
2018-01-22,000062,101.52,103.32,104.86,100.77,26152,60911048.0,4.03,1.77,1.8,0.39,4.090000000000003
2018-01-23,000062,103.32,102.48,103.85,102.18,17650,40866225.0,1.62,-0.81,-0.84,0.26,1.6699999999999875
2018-01-24,000062,102.53,104.59,105.38,101.47,33058,77403956.0,3.82,2.06,2.11,0.5,3.9099999999999966
2018-01-25,000062,104.2,103.19,106.0,103.05,26389,62089605.0,2.82,-1.34,-1.4,0.4,2.950000000000003
2018-01-26,000062,103.41,104.15,105.3,102.79,24634,57921237.0,2.43,0.93,0.96,0.37,2.509999999999991
2018-01-29,000062,104.42,104.42,104.99,103.67,21212,49860210.0,1.27,0.26,0.27,0.32,1.3199999999999932
2018-01-30,000062,104.29,102.75,104.9,102.4,14379,33556166.0,2.39,-1.6,-1.67,0.22,2.5
2018-01-31,000062,102.48,98.88,102.48,98.75,32189,72228641.0,3.63,-3.77,-3.87,0.48,3.730000000000004
2018-02-01,000062,98.57,95.06,99.67,94.66,19498,42753401.0,5.07,-3.86,-3.82,0.29,5.010000000000005
2018-02-02,000062,95.5,95.94,96.6,93.78,13472,29038341.0,2.97,0.93,0.88,0.2,2.819999999999993
2018-02-05,000062,95.1,94.62,95.76,93.52,10969,23402602.0,2.33,-1.38,-1.32,0.16,2.240000000000009
2018-02-06,000062,93.65,85.3,93.65,85.26,39184,77700833.0,8.87,-9.85,-9.32,0.59,8.39
2018-02-07,000062,87.15,84.95,87.63,81.92,24965,47772230.0,6.69,-0.41,-0.35,0.37,5.709999999999994
2018-02-08,000062,85.13,85.87,86.49,85.04,14014,27062978.0,1.71,1.08,0.92,0.21,1.4499999999999886
2018-02-09,000062,84.07,80.69,84.82,80.12,28151,51936465.0,5.47,-6.03,-5.18,0.42,4.699999999999989
2018-02-12,000062,81.0,82.84,83.55,81.0,18364,34189568.0,3.16,2.66,2.15,0.28,2.549999999999997
2018-02-13,000062,84.07,84.56,85.39,83.59,18118,34492325.0,2.17,2.08,1.72,0.27,1.7999999999999972
2018-02-14,000062,83.9,84.16,84.69,83.19,10559,19980762.0,1.77,-0.47,-0.4,0.16,1.5
2018-02-22,000062,84.56,85.92,86.23,84.56,11945,22989618.0,1.98,2.09,1.76,0.18,1.6700000000000017
2018-02-23,000062,86.09,87.5,89.79,86.09,21065,41597018.0,4.31,1.84,1.58,0.32,3.700000000000003
2018-02-26,000062,87.63,88.55,89.21,87.06,16299,32355325.0,2.46,1.2,1.05,0.24,2.1499999999999915
2018-02-27,000062,88.86,88.47,89.17,87.19,14742,29233652.0,2.24,-0.09,-0.08,0.22,1.980000000000004
2018-02-28,000062,88.03,87.94,88.38,86.8,12349,24357048.0,1.79,-0.6,-0.53,0.19,1.5799999999999983
2018-03-01,000062,87.9,89.74,90.58,87.28,20490,41161286.0,3.75,2.05,1.8,0.31,3.299999999999997
2018-03-02,000062,89.7,88.16,90.71,87.9,17407,34961835.0,3.13,-1.76,-1.58,0.26,2.809999999999988
2018-03-05,000062,88.12,89.13,89.92,88.07,13733,27469333.0,2.1,1.1,0.97,0.21,1.8500000000000085
2018-03-06,000062,89.21,91.45,91.94,89.17,28611,58409848.0,3.11,2.6,2.32,0.43,2.769999999999996
2018-03-07,000062,91.1,89.61,91.81,89.48,21071,42968204.0,2.55,-2.01,-1.84,0.32,2.3299999999999983
2018-03-08,000062,89.61,91.67,92.16,89.43,26897,55004538.0,3.05,2.3,2.06,0.4,2.7299999999999898
2018-03-09,000062,91.63,92.55,93.56,91.1,33212,69012213.0,2.68,0.96,0.88,0.5,2.460000000000008
2018-03-12,000062,92.11,94.14,95.94,92.11,27350,58089641.0,4.14,1.72,1.59,0.41,3.8299999999999983
2018-03-13,000062,94.31,96.02,97.61,94.31,41548,90173812.0,3.51,2.0,1.88,0.62,3.299999999999997
2018-03-14,000062,96.29,92.9,96.33,92.47,31150,65859036.0,4.02,-3.25,-3.12,0.47,3.8599999999999994
2018-03-15,000062,92.64,92.11,92.9,90.27,20884,43060346.0,2.83,-0.85,-0.79,0.31,2.6300000000000097
2018-03-16,000062,91.63,91.32,93.17,91.19,13290,27536780.0,2.15,-0.86,-0.79,0.2,1.980000000000004
2018-03-19,000062,90.66,90.58,91.94,90.0,16921,34612725.0,2.12,-0.81,-0.74,0.25,1.9399999999999977
2018-03-20,000062,90.49,89.65,90.49,88.25,21758,43709837.0,2.47,-1.03,-0.93,0.33,2.239999999999995
2018-03-21,000062,90.05,90.27,92.42,89.92,26272,54023344.0,2.79,0.69,0.62,0.39,2.5
2018-03-22,000062,90.66,92.07,93.17,90.66,23964,49565196.0,2.78,1.99,1.8,0.36,2.510000000000005
2018-03-23,000062,87.81,83.11,88.77,82.97,56247,107945019.0,6.3,-9.73,-8.96,0.84,5.799999999999997
2018-03-26,000062,82.67,83.11,83.15,76.47,29768,54097771.0,8.04,0.0,0.0,0.45,6.680000000000007
2018-03-27,000062,84.25,85.3,85.65,84.2,21809,41665706.0,1.74,2.64,2.19,0.33,1.4500000000000028
2018-03-28,000062,84.51,85.39,86.27,83.63,16488,31629825.0,3.09,0.11,0.09,0.25,2.6400000000000006
2018-03-29,000062,85.96,85.48,86.67,84.47,18119,34797865.0,2.58,0.11,0.09,0.27,2.200000000000003
2018-03-30,000062,85.7,87.32,87.59,85.08,20695,40339024.0,2.94,2.15,1.84,0.31,2.510000000000005
2018-04-02,000062,87.32,88.51,90.36,86.8,28237,56448248.0,4.08,1.36,1.19,0.42,3.5600000000000023
2018-04-03,000062,87.02,85.96,87.02,84.95,21257,41049574.0,2.34,-2.88,-2.55,0.32,2.069999999999993
2018-04-04,000062,86.62,84.12,86.97,83.99,17398,33356273.0,3.47,-2.14,-1.84,0.26,2.980000000000004
2018-04-09,000062,84.07,86.36,88.42,83.15,25025,48284846.0,6.26,2.66,2.24,0.38,5.269999999999996
2018-04-10,000062,85.04,88.51,88.64,85.04,36739,72142769.0,4.17,2.49,2.15,0.55,3.5999999999999943
2018-04-11,000062,88.69,88.03,90.22,87.5,28666,57224252.0,3.07,-0.54,-0.48,0.43,2.719999999999999
2018-04-12,000062,88.03,88.34,89.26,87.28,15043,29798911.0,2.25,0.35,0.31,0.23,1.980000000000004
2018-04-13,000062,88.86,87.37,89.13,87.06,16077,31766132.0,2.34,-1.1,-0.97,0.24,2.069999999999993
2018-04-16,000062,88.07,84.73,88.07,84.73,24893,48097855.0,3.82,-3.02,-2.64,0.37,3.339999999999989
2018-04-17,000062,85.17,83.99,86.01,83.81,19299,36857245.0,2.6,-0.87,-0.74,0.29,2.200000000000003
2018-04-18,000062,85.96,87.02,87.59,84.12,24929,48165267.0,4.13,3.61,3.03,0.37,3.469999999999999
2018-04-19,000062,87.02,88.07,88.29,86.36,31468,62021743.0,2.22,1.21,1.05,0.47,1.9300000000000068
2018-04-20,000062,88.99,89.61,92.77,88.82,73265,149812372.0,4.49,1.75,1.54,1.1,3.950000000000003
2018-04-23,000062,90.71,89.35,91.72,87.41,44300,89225154.0,4.81,-0.29,-0.26,0.66,4.310000000000002
2018-04-24,000062,91.76,98.18,98.18,91.1,99061,210718205.0,7.92,9.88,8.83,1.49,7.0800000000000125
2018-04-25,000062,100.55,98.53,103.63,98.53,163847,373927824.0,5.19,0.36,0.35,2.46,5.099999999999994
2018-04-26,000062,98.44,99.1,101.47,95.63,109725,244292391.0,5.93,0.58,0.57,1.65,5.840000000000003
2018-04-27,000062,98.05,97.12,100.24,96.6,71949,159394338.0,3.67,-2.0,-1.98,1.08,3.6400000000000006
2018-05-02,000062,96.82,96.99,98.75,95.54,45143,98469818.0,3.31,-0.13,-0.13,0.68,3.2099999999999937
2018-05-03,000062,96.6,97.08,97.56,94.75,44539,96572674.0,2.9,0.09,0.09,0.67,2.8100000000000023
2018-05-04,000062,98.27,95.94,98.97,94.97,45781,99858999.0,4.12,-1.17,-1.14,0.69,4.0
2018-05-07,000062,96.33,100.42,101.39,95.41,71547,159620534.0,6.23,4.67,4.48,1.07,5.980000000000004
2018-05-08,000062,100.46,99.45,100.95,98.22,50705,113164059.0,2.72,-0.97,-0.97,0.76,2.730000000000004
2018-05-09,000062,98.35,96.9,98.84,96.51,38435,82983491.0,2.34,-2.56,-2.55,0.58,2.3299999999999983
2018-05-10,000062,97.91,97.87,98.7,96.16,30559,65982800.0,2.62,1.0,0.97,0.46,2.5400000000000063
2018-05-11,000062,98.13,95.85,98.13,95.72,25438,54300210.0,2.46,-2.06,-2.02,0.38,2.4099999999999966
2018-05-14,000062,95.85,97.43,97.69,95.85,24622,52792602.0,1.92,1.65,1.58,0.37,1.8400000000000034
2018-05-15,000062,97.47,97.83,98.18,95.94,23753,51068244.0,2.3,0.41,0.4,0.36,2.240000000000009
2018-05-16,000062,97.96,98.92,100.55,97.47,45141,99270406.0,3.15,1.11,1.09,0.68,3.0799999999999983
2018-05-17,000062,99.01,96.6,99.63,95.37,33323,71883223.0,4.31,-2.35,-2.32,0.5,4.259999999999991
2018-05-18,000062,96.95,96.77,97.61,94.88,21649,46332388.0,2.83,0.18,0.17,0.32,2.730000000000004
2018-05-21,000062,97.91,101.03,103.19,97.56,65664,146408881.0,5.82,4.4,4.26,0.98,5.6299999999999955
2018-05-22,000062,100.99,101.52,102.7,100.29,40591,91502267.0,2.39,0.49,0.49,0.61,2.4099999999999966
2018-05-23,000062,101.52,102.57,105.74,100.77,57545,132287898.0,4.9,1.03,1.05,0.86,4.969999999999999
2018-05-24,000062,102.75,105.6,107.36,101.47,94259,220294510.0,5.74,2.95,3.03,1.41,5.890000000000001
2018-05-25,000062,107.58,103.19,108.37,103.19,87270,204912071.0,4.91,-2.28,-2.41,1.31,5.180000000000007
2018-05-28,000062,103.85,101.03,104.29,100.59,45726,103575442.0,3.59,-2.09,-2.16,0.69,3.700000000000003
2018-05-29,000062,100.55,100.51,104.46,100.33,46020,104183726.0,4.09,-0.51,-0.52,0.69,4.1299999999999955
2018-05-30,000062,100.46,99.45,103.58,98.09,51665,116149645.0,5.46,-1.05,-1.06,0.77,5.489999999999995
2018-05-31,000062,100.11,100.77,102.92,99.89,37111,83132093.0,3.05,1.33,1.32,0.56,3.030000000000001
2018-06-01,000062,101.21,94.14,101.78,92.51,61053,130401727.0,9.2,-6.58,-6.63,0.92,9.269999999999996
2018-06-04,000062,94.84,103.27,103.27,94.35,78437,171706726.0,9.48,9.7,9.13,1.18,8.920000000000002
2018-06-05,000062,105.47,105.21,107.49,102.92,112873,262746801.0,4.43,1.88,1.94,1.69,4.569999999999993
2018-06-06,000062,105.08,103.23,105.16,101.87,76752,175568980.0,3.13,-1.88,-1.98,1.15,3.289999999999992
2018-06-07,000062,103.19,103.67,104.07,101.56,73525,168016006.0,2.43,0.43,0.44,1.1,2.509999999999991
2018-06-08,000062,103.63,99.98,103.63,97.08,65523,145375566.0,6.32,-3.56,-3.69,0.98,6.549999999999997
2018-06-11,000062,100.11,97.87,100.77,97.52,28132,61696507.0,3.25,-2.11,-2.11,0.42,3.25
2018-06-12,000062,99.23,102.92,104.42,98.22,66514,150291101.0,6.33,5.16,5.05,1.0,6.200000000000003
2018-06-13,000062,102.62,102.92,104.81,100.68,65508,149960416.0,4.01,0.0,0.0,0.98,4.1299999999999955
2018-06-14,000062,103.27,101.65,103.58,101.17,33807,76638682.0,2.34,-1.23,-1.27,0.51,2.4099999999999966
2018-06-15,000062,101.78,100.11,102.18,95.94,61468,133633537.0,6.14,-1.52,-1.54,0.92,6.240000000000009
2018-06-19,000062,97.04,92.9,97.04,90.4,51786,108284550.0,6.63,-7.2,-7.21,0.78,6.640000000000001
2018-06-20,000062,93.04,93.74,94.79,91.89,32068,66508392.0,3.12,0.9,0.84,0.48,2.9000000000000057
2018-06-21,000062,94.84,87.32,94.93,86.05,42858,85405387.0,9.47,-6.85,-6.42,0.64,8.88000000000001
2018-06-22,000062,86.36,88.03,89.3,85.96,22148,43023195.0,3.83,0.81,0.71,0.33,3.3400000000000034
2018-06-25,000062,88.6,86.23,90.14,86.01,21965,42589654.0,4.69,-2.04,-1.8,0.33,4.1299999999999955
2018-06-26,000062,84.95,87.85,88.64,83.85,20205,38886414.0,5.55,1.88,1.62,0.3,4.790000000000006
2018-06-27,000062,88.16,87.24,89.35,86.84,17809,34553126.0,2.86,-0.69,-0.61,0.27,2.509999999999991
2018-06-28,000062,86.71,84.64,88.12,84.16,23984,45577677.0,4.54,-2.98,-2.6,0.36,3.960000000000008
2018-06-29,000062,85.3,88.69,89.13,85.17,29881,57796231.0,4.68,4.78,4.05,0.45,3.9599999999999937
2018-07-02,000062,88.47,88.64,89.21,86.49,23478,45696371.0,3.07,-0.06,-0.05,0.35,2.719999999999999
2018-07-03,000062,88.6,89.7,90.27,85.83,37831,73966818.0,5.01,1.2,1.06,0.57,4.439999999999998
2018-07-04,000062,89.35,86.97,89.35,86.05,22452,43374536.0,3.68,-3.04,-2.73,0.34,3.299999999999997
2018-07-05,000062,86.93,82.1,88.03,81.13,30450,56439921.0,7.93,-5.6,-4.87,0.46,6.900000000000006
2018-07-06,000062,82.23,83.37,84.64,80.78,27853,51202454.0,4.7,1.55,1.27,0.42,3.8599999999999994
2018-07-09,000062,84.38,85.17,85.57,83.85,17593,33022764.0,2.06,2.16,1.8,0.26,1.7199999999999989
2018-07-10,000062,85.13,87.37,88.25,84.82,25892,49834560.0,4.03,2.58,2.2,0.39,3.430000000000007
2018-07-11,000062,86.49,86.71,86.84,84.56,21614,40879052.0,2.61,-0.76,-0.66,0.32,2.280000000000001
2018-07-12,000062,85.87,88.47,90.09,85.83,33315,65090152.0,4.91,2.03,1.76,0.5,4.260000000000005
2018-07-13,000062,91.76,91.24,95.28,90.4,53333,108820898.0,5.52,3.13,2.77,0.8,4.8799999999999955
2018-07-16,000062,91.24,92.2,92.55,90.14,32793,66525520.0,2.64,1.05,0.96,0.49,2.4099999999999966
2018-07-17,000062,92.6,93.56,94.71,91.63,36488,75121992.0,3.34,1.48,1.36,0.55,3.0799999999999983
2018-07-18,000062,93.3,90.49,93.43,90.27,28939,58859424.0,3.38,-3.28,-3.07,0.43,3.160000000000011
2018-07-19,000062,91.32,92.9,94.57,89.92,47406,97417187.0,5.14,2.66,2.41,0.71,4.6499999999999915
2018-07-20,000062,92.16,93.52,94.18,91.24,41407,85485567.0,3.16,0.67,0.62,0.62,2.940000000000012
2018-07-23,000062,93.08,94.53,95.5,93.08,36932,77185210.0,2.59,1.08,1.01,0.55,2.4200000000000017
2018-07-24,000062,93.96,95.28,95.8,93.74,37514,78861800.0,2.18,0.79,0.75,0.56,2.0600000000000023
2018-07-25,000062,95.59,94.75,96.82,93.96,34020,71951841.0,3.0,-0.56,-0.53,0.51,2.8599999999999994
2018-07-26,000062,94.79,94.31,95.5,94.18,19500,40878712.0,1.39,-0.46,-0.44,0.29,1.3199999999999932
2018-07-27,000062,94.14,93.7,94.71,92.6,22122,45864839.0,2.24,-0.65,-0.61,0.33,2.1099999999999994
2018-07-30,000062,93.7,93.43,95.5,92.29,21486,44765531.0,3.43,-0.29,-0.27,0.32,3.2099999999999937
2018-07-31,000062,92.95,94.53,95.15,92.95,21300,44513730.0,2.35,1.18,1.1,0.32,2.200000000000003
2018-08-01,000062,95.41,90.97,95.5,90.71,29580,60866397.0,5.07,-3.77,-3.56,0.44,4.790000000000006
2018-08-02,000062,91.1,91.76,93.3,88.51,34458,69548844.0,5.27,0.87,0.79,0.52,4.789999999999992
2018-08-03,000062,91.1,88.77,92.6,88.77,18036,36222286.0,4.17,-3.26,-2.99,0.27,3.8299999999999983
2018-08-06,000062,90.4,89.83,91.19,88.51,21725,43162571.0,3.02,1.19,1.06,0.33,2.6799999999999926
2018-08-07,000062,90.31,90.66,91.06,87.59,24522,48548481.0,3.86,0.92,0.83,0.37,3.469999999999999
2018-08-08,000062,90.0,88.47,90.22,88.03,18308,36021138.0,2.42,-2.42,-2.19,0.27,2.1899999999999977
2018-08-09,000062,87.37,90.18,91.1,87.02,25099,49926975.0,4.61,1.93,1.71,0.38,4.079999999999998
2018-08-10,000062,90.09,91.02,91.37,89.7,17786,35714859.0,1.85,0.93,0.84,0.27,1.6700000000000017
2018-08-13,000062,90.62,90.22,91.19,87.94,28366,55976829.0,3.57,-0.88,-0.8,0.43,3.25
2018-08-14,000062,90.4,92.07,92.47,89.57,23918,48188805.0,3.21,2.05,1.85,0.36,2.9000000000000057
2018-08-15,000062,91.1,88.12,91.89,87.19,29667,58329911.0,5.1,-4.29,-3.95,0.44,4.700000000000003
2018-08-16,000062,86.97,86.53,88.55,86.27,15751,30287156.0,2.59,-1.8,-1.59,0.24,2.280000000000001
2018-08-17,000062,88.25,85.61,88.64,85.22,13845,26438872.0,3.95,-1.06,-0.92,0.21,3.4200000000000017
2018-08-20,000062,85.61,86.62,87.5,84.25,17437,33213427.0,3.8,1.18,1.01,0.26,3.25
2018-08-21,000062,86.84,88.42,88.47,86.36,16676,32316622.0,2.44,2.08,1.8,0.25,2.1099999999999994
2018-08-22,000062,88.69,86.89,88.91,86.71,13634,26335838.0,2.49,-1.73,-1.53,0.2,2.200000000000003
2018-08-23,000062,86.89,87.32,88.16,86.89,15637,30278348.0,1.46,0.49,0.43,0.23,1.269999999999996
2018-08-24,000062,87.41,88.51,88.86,86.62,15807,30682861.0,2.57,1.36,1.19,0.24,2.239999999999995
2018-08-27,000062,88.03,89.79,90.22,87.54,17470,34488695.0,3.03,1.45,1.28,0.26,2.6799999999999926
2018-08-28,000062,89.79,89.61,90.36,89.26,12883,25559534.0,1.23,-0.2,-0.18,0.19,1.0999999999999943
2018-08-29,000062,89.87,88.42,89.87,87.9,14410,28241416.0,2.2,-1.33,-1.19,0.22,1.9699999999999989
2018-08-30,000062,87.15,86.89,88.69,86.49,13495,26052266.0,2.49,-1.73,-1.53,0.2,2.200000000000003
2018-08-31,000062,88.55,86.93,88.64,86.49,11471,22147767.0,2.47,0.05,0.04,0.17,2.1500000000000057
2018-09-03,000062,86.93,87.32,87.9,84.73,13691,26121120.0,3.65,0.45,0.39,0.21,3.1700000000000017
2018-09-04,000062,87.32,89.13,89.79,86.36,20977,41080057.0,3.93,2.07,1.81,0.31,3.430000000000007
2018-09-05,000062,88.69,87.24,88.95,86.8,12285,23771013.0,2.41,-2.12,-1.89,0.18,2.1500000000000057
2018-09-06,000062,86.49,85.48,87.68,85.44,14746,28120357.0,2.57,-2.02,-1.76,0.22,2.240000000000009
2018-09-07,000062,85.83,86.23,87.37,85.48,16547,31635485.0,2.21,0.88,0.75,0.25,1.8900000000000006
2018-09-10,000062,86.23,85.35,86.4,85.26,11641,21998027.0,1.32,-1.02,-0.88,0.17,1.1400000000000006
2018-09-11,000062,85.17,85.92,86.67,83.94,14425,27168426.0,3.2,0.67,0.57,0.22,2.730000000000004
2018-09-12,000062,85.57,85.35,86.62,84.95,8800,16631731.0,1.94,-0.66,-0.57,0.13,1.6700000000000017
2018-09-13,000062,85.65,87.81,87.9,85.22,23204,44662259.0,3.14,2.88,2.46,0.35,2.680000000000007
2018-09-14,000062,87.06,88.34,88.86,87.06,18119,35347195.0,2.05,0.6,0.53,0.27,1.7999999999999972
2018-09-17,000062,88.25,88.07,89.3,87.02,13830,27015106.0,2.58,-0.31,-0.27,0.21,2.280000000000001
2018-09-18,000062,87.81,90.31,91.32,87.59,25662,50879843.0,4.24,2.54,2.24,0.38,3.7299999999999898
2018-09-19,000062,90.4,90.27,91.37,89.17,18529,37067169.0,2.44,-0.04,-0.04,0.28,2.200000000000003
2018-09-20,000062,90.27,90.18,91.37,89.57,17279,34557659.0,1.99,-0.1,-0.09,0.26,1.8000000000000114
2018-09-21,000062,90.88,90.88,91.5,89.92,18217,36649170.0,1.75,0.78,0.7,0.27,1.5799999999999983
2018-09-25,000062,90.84,92.11,93.78,90.44,18747,38373630.0,3.68,1.35,1.23,0.28,3.3400000000000034
2018-09-26,000062,92.11,93.08,93.74,91.37,17543,36107743.0,2.57,1.05,0.97,0.26,2.3699999999999903
2018-09-27,000062,92.77,90.58,92.77,90.0,19753,39654774.0,2.98,-2.69,-2.5,0.3,2.769999999999996
2018-09-28,000062,90.66,90.93,91.28,90.05,12692,25495002.0,1.36,0.39,0.35,0.19,1.230000000000004
2018-10-08,000062,89.79,89.43,90.62,88.95,13939,27680991.0,1.84,-1.65,-1.5,0.21,1.6700000000000017
2018-10-09,000062,89.35,88.16,90.09,87.19,14582,28524796.0,3.24,-1.42,-1.27,0.22,2.9000000000000057
2018-10-10,000062,88.16,87.81,89.13,86.05,11530,22351410.0,3.49,-0.4,-0.35,0.17,3.0799999999999983
2018-10-11,000062,86.01,81.74,86.89,80.87,27416,50639566.0,6.86,-6.91,-6.07,0.41,6.019999999999996
2018-10-12,000062,82.53,81.74,82.53,78.54,24279,43289738.0,4.88,0.0,0.0,0.36,3.989999999999995
2018-10-15,000062,83.19,80.34,83.19,79.55,17938,32406015.0,4.45,-1.71,-1.4,0.27,3.6400000000000006
2018-10-16,000062,81.44,81.52,82.67,80.87,17213,31038910.0,2.24,1.47,1.18,0.26,1.7999999999999972
2018-10-17,000062,82.62,81.88,82.71,79.9,17945,32063104.0,3.45,0.44,0.36,0.27,2.809999999999988
2018-10-18,000062,80.78,80.07,81.48,79.9,14378,25573030.0,1.93,-2.21,-1.81,0.22,1.5799999999999983
2018-10-19,000062,78.14,81.66,82.32,78.14,16461,29353835.0,5.22,1.99,1.59,0.25,4.179999999999993
2018-10-22,000062,83.33,85.04,86.4,82.14,20003,37307274.0,5.22,4.14,3.38,0.3,4.260000000000005
2018-10-23,000062,85.52,83.68,85.52,83.37,15399,28642845.0,2.53,-1.6,-1.36,0.23,2.1499999999999915
2018-10-24,000062,82.45,83.02,84.29,82.18,10729,19695321.0,2.52,-0.79,-0.66,0.16,2.1099999999999994
2018-10-25,000062,81.66,81.79,82.14,79.77,13139,23347337.0,2.85,-1.48,-1.23,0.2,2.3700000000000045
2018-10-26,000062,82.14,81.08,83.33,80.43,12769,23003045.0,3.55,-0.87,-0.71,0.19,2.8999999999999915
2018-10-29,000062,80.25,78.05,81.44,77.83,23308,40554960.0,4.45,-3.74,-3.03,0.35,3.6099999999999994
2018-10-30,000062,78.71,78.98,79.68,77.7,18090,31391890.0,2.54,1.19,0.93,0.27,1.980000000000004
2018-10-31,000062,79.02,80.07,80.43,78.58,17516,30747325.0,2.34,1.38,1.09,0.26,1.8500000000000085
2018-11-01,000062,80.47,80.51,81.66,79.42,21229,37889938.0,2.8,0.55,0.44,0.32,2.239999999999995
2018-11-02,000062,81.04,82.18,82.8,80.56,31700,57038074.0,2.78,2.07,1.67,0.48,2.239999999999995
2018-11-05,000062,81.83,81.74,82.89,80.6,24078,43279878.0,2.79,-0.54,-0.44,0.36,2.2900000000000063
2018-11-06,000062,82.58,87.15,89.43,82.05,70327,134151089.0,9.03,6.62,5.41,1.05,7.38000000000001
2018-11-07,000062,86.01,84.2,86.75,83.63,48492,90498593.0,3.58,-3.38,-2.95,0.73,3.1200000000000045
2018-11-08,000062,84.2,82.62,84.73,82.01,32805,60006397.0,3.23,-1.88,-1.58,0.49,2.719999999999999
2018-11-09,000062,81.96,81.74,82.75,81.22,19979,36184447.0,1.85,-1.07,-0.88,0.3,1.5300000000000011
2018-11-12,000062,81.66,83.81,84.03,80.78,28339,51969920.0,3.98,2.53,2.07,0.4,3.25
2018-11-13,000062,82.75,84.42,84.82,82.62,34497,63808740.0,2.62,0.73,0.61,0.49,2.1999999999999886
2018-11-14,000062,84.34,83.9,85.08,83.46,31067,57728144.0,1.92,-0.62,-0.52,0.44,1.6200000000000045
2018-11-15,000062,84.38,85.79,86.67,83.77,41088,77545108.0,3.46,2.25,1.89,0.58,2.9000000000000057
2018-11-16,000062,86.71,91.32,93.34,86.71,100900,202416345.0,7.73,6.45,5.53,1.43,6.63000000000001
2018-11-19,000062,89.48,90.8,93.17,89.35,73385,147074886.0,4.18,-0.57,-0.52,1.04,3.8200000000000074
2018-11-20,000062,89.57,88.69,92.64,88.69,50349,100601198.0,4.35,-2.32,-2.11,0.71,3.950000000000003
2018-11-21,000062,86.05,87.81,88.6,85.65,33541,64770639.0,3.33,-0.99,-0.88,0.48,2.9499999999999886
2018-11-22,000062,88.42,88.16,88.47,86.49,29848,57784436.0,2.25,0.4,0.35,0.42,1.980000000000004
2018-11-23,000062,87.76,84.2,87.76,84.03,36744,69190896.0,4.23,-4.49,-3.96,0.52,3.730000000000004
2018-11-26,000062,83.46,83.99,84.86,82.89,21358,39532299.0,2.34,-0.25,-0.21,0.3,1.9699999999999989
2018-11-27,000062,84.03,84.95,86.45,84.03,23855,44895740.0,2.88,1.14,0.96,0.34,2.4200000000000017
2018-11-28,000062,84.29,85.3,85.39,82.67,27871,51716876.0,3.2,0.41,0.35,0.39,2.719999999999999
2018-11-29,000062,85.87,82.45,85.87,82.23,20740,38458225.0,4.27,-3.34,-2.85,0.29,3.6400000000000006
2018-11-30,000062,82.1,82.8,83.11,81.22,18957,34432613.0,2.29,0.42,0.35,0.27,1.8900000000000006
2018-12-03,000062,84.42,84.73,85.52,84.38,29938,56164755.0,1.38,2.33,1.93,0.42,1.1400000000000006
2018-12-04,000062,84.29,84.42,84.95,83.46,21838,40565820.0,1.76,-0.37,-0.31,0.31,1.490000000000009
2018-12-05,000062,82.93,84.07,84.64,82.58,19837,36707158.0,2.44,-0.41,-0.35,0.28,2.0600000000000023
2018-12-06,000062,83.02,82.62,84.03,82.53,14908,27334098.0,1.78,-1.72,-1.45,0.21,1.5
2018-12-07,000062,83.37,84.38,85.08,82.89,23330,43427221.0,2.65,2.13,1.76,0.33,2.1899999999999977
2018-12-10,000062,83.41,84.38,84.6,83.28,12026,22291797.0,1.56,0.0,0.0,0.17,1.3199999999999932
2018-12-11,000062,84.42,84.82,85.13,84.03,14389,26870390.0,1.3,0.52,0.44,0.2,1.0999999999999943
2018-12-12,000062,85.08,83.72,85.3,83.5,14429,26789291.0,2.12,-1.3,-1.1,0.2,1.7999999999999972
2018-12-13,000062,83.68,84.07,84.95,83.06,19075,35481588.0,2.26,0.42,0.35,0.27,1.8900000000000006
2018-12-14,000062,83.72,82.4,84.69,81.83,18656,34331000.0,3.4,-1.99,-1.67,0.26,2.8599999999999994
2018-12-17,000062,81.96,82.89,83.33,81.96,16557,30155875.0,1.66,0.59,0.49,0.23,1.3700000000000045
2018-12-18,000062,82.75,81.83,82.89,79.94,22265,39935718.0,3.56,-1.28,-1.06,0.32,2.950000000000003
2018-12-19,000062,81.61,81.44,82.18,81.08,11628,20934008.0,1.34,-0.48,-0.39,0.16,1.1000000000000085
2018-12-20,000062,81.17,81.0,82.18,80.29,10840,19387214.0,2.32,-0.54,-0.44,0.15,1.8900000000000006
2018-12-21,000062,80.65,80.91,81.3,80.25,14890,26519531.0,1.3,-0.11,-0.09,0.21,1.0499999999999972
2018-12-24,000062,81.17,81.7,81.74,80.87,11473,20576442.0,1.08,0.98,0.79,0.16,0.8699999999999903
2018-12-25,000062,80.56,81.17,81.26,78.36,20867,36563628.0,3.55,-0.65,-0.53,0.3,2.9000000000000057
2018-12-26,000062,81.13,80.21,81.22,80.12,9261,16432083.0,1.36,-1.18,-0.96,0.13,1.0999999999999943
2018-12-27,000062,81.66,78.89,81.74,78.84,12099,21419049.0,3.62,-1.65,-1.32,0.17,2.8999999999999915
2018-12-28,000062,79.55,75.77,80.25,75.24,43361,73599848.0,6.35,-3.95,-3.12,0.61,5.010000000000005
2019-01-02,000062,76.47,76.78,77.22,75.86,18334,30903535.0,1.79,1.33,1.01,0.25,1.3599999999999994
2019-01-03,000062,76.78,76.82,78.36,75.77,18810,32078519.0,3.37,0.05,0.04,0.26,2.5900000000000034
2019-01-04,000062,77.04,78.49,78.54,76.16,16160,27672957.0,3.1,2.17,1.67,0.22,2.3800000000000097
2019-01-07,000062,79.37,79.46,79.9,78.49,17004,29719618.0,1.8,1.24,0.97,0.24,1.4100000000000108
2019-01-08,000062,79.42,79.28,80.12,78.76,10804,18897031.0,1.71,-0.23,-0.18,0.15,1.3599999999999994
2019-01-09,000062,79.99,78.93,79.99,78.8,17967,31455912.0,1.5,-0.44,-0.35,0.25,1.1899999999999977
2019-01-10,000062,79.02,78.36,79.42,78.14,12137,21056476.0,1.62,-0.72,-0.57,0.17,1.2800000000000011
2019-01-11,000062,78.36,79.28,79.33,77.7,13330,23085323.0,2.08,1.17,0.92,0.19,1.6299999999999955
2019-01-14,000062,79.24,77.61,79.68,76.82,15086,25909310.0,3.61,-2.11,-1.67,0.21,2.8600000000000136
2019-01-15,000062,77.83,78.49,78.58,76.69,16057,27502262.0,2.44,1.13,0.88,0.22,1.8900000000000006
2019-01-16,000062,78.54,78.67,79.02,77.92,14869,25747862.0,1.4,0.23,0.18,0.21,1.0999999999999943
2019-01-17,000062,78.36,76.91,78.67,76.52,23987,40731245.0,2.73,-2.24,-1.76,0.33,2.1500000000000057
2019-01-18,000062,76.91,77.7,78.1,76.73,16294,27745795.0,1.78,1.03,0.79,0.23,1.3699999999999903
2019-01-21,000062,77.83,79.2,79.9,77.44,26748,46522201.0,3.17,1.93,1.5,0.37,2.460000000000008
2019-01-22,000062,79.2,77.75,79.2,77.31,14726,25351381.0,2.39,-1.83,-1.45,0.2,1.8900000000000006
2019-01-23,000062,77.75,77.57,78.36,77.17,12170,20796700.0,1.53,-0.23,-0.18,0.17,1.1899999999999977
2019-01-24,000062,77.13,78.27,78.8,76.95,14083,24182853.0,2.38,0.9,0.7,0.2,1.8499999999999943
2019-01-25,000062,78.45,77.61,78.84,77.44,14660,25192162.0,1.79,-0.84,-0.66,0.2,1.4000000000000057
2019-01-28,000062,78.14,77.61,78.98,77.35,16714,28812258.0,2.1,0.0,0.0,0.23,1.6300000000000097
2019-01-29,000062,77.61,76.52,77.92,75.07,17356,29128283.0,3.67,-1.4,-1.09,0.24,2.8500000000000085
2019-01-30,000062,76.65,79.06,79.46,76.65,28030,48444332.0,3.67,3.32,2.54,0.39,2.809999999999988
2019-01-31,000062,79.02,77.26,79.37,76.47,31828,54480174.0,3.67,-2.28,-1.8,0.44,2.9000000000000057
2019-02-01,000062,77.7,78.84,78.89,77.22,23017,39629230.0,2.16,2.05,1.58,0.32,1.6700000000000017
2019-02-11,000062,78.84,81.17,81.57,78.76,35800,63303037.0,3.56,2.96,2.33,0.5,2.809999999999988
2019-02-12,000062,80.69,81.79,82.32,80.6,28792,51712648.0,2.12,0.76,0.62,0.4,1.7199999999999989
2019-02-13,000062,81.74,83.28,84.2,81.35,41758,76627204.0,3.48,1.82,1.49,0.58,2.8500000000000085
2019-02-14,000062,83.33,83.24,83.99,82.67,27299,50121525.0,1.59,-0.05,-0.04,0.38,1.3199999999999932
2019-02-15,000062,82.93,82.89,83.9,82.71,22947,42159639.0,1.43,-0.42,-0.35,0.32,1.190000000000012
2019-02-18,000062,84.29,86.23,86.8,83.9,47434,89588425.0,3.5,4.03,3.34,0.66,2.8999999999999915
2019-02-19,000062,90.4,87.54,92.07,86.97,96665,191156521.0,5.91,1.52,1.31,1.34,5.099999999999994
2019-02-20,000062,87.02,87.06,89.13,86.09,41860,80764644.0,3.47,-0.55,-0.48,0.58,3.039999999999992
2019-02-21,000062,88.2,85.96,88.2,85.61,43203,83153366.0,2.97,-1.26,-1.1,0.6,2.5900000000000034
2019-02-22,000062,86.67,88.38,88.69,85.74,56090,107919885.0,3.43,2.82,2.42,0.78,2.950000000000003
2019-02-25,000062,90.22,93.74,94.66,88.55,107906,218378316.0,6.91,6.06,5.36,1.5,6.109999999999999
2019-02-26,000062,93.52,91.89,94.18,90.71,85505,174847826.0,3.7,-1.97,-1.85,1.19,3.470000000000013
2019-02-27,000062,91.67,90.88,93.48,90.36,50157,101893076.0,3.4,-1.1,-1.01,0.7,3.1200000000000045
2019-02-28,000062,90.62,91.32,92.33,90.49,30702,62082770.0,2.02,0.48,0.44,0.43,1.8400000000000034
2019-03-01,000062,91.32,91.15,92.03,89.65,34622,69461713.0,2.61,-0.19,-0.17,0.48,2.3799999999999955
2019-03-04,000062,91.32,94.62,97.69,91.1,98178,202649504.0,7.23,3.81,3.47,1.36,6.590000000000003
2019-03-05,000062,94.4,95.32,95.5,93.12,77244,161504914.0,2.52,0.74,0.7,1.07,2.3799999999999955
2019-03-06,000062,96.24,94.93,96.68,93.52,78976,165374782.0,3.32,-0.41,-0.39,1.1,3.160000000000011
2019-03-07,000062,94.84,94.49,95.67,93.78,71340,149494065.0,1.99,-0.46,-0.44,0.99,1.8900000000000006
2019-03-08,000062,92.95,93.17,99.98,92.2,100254,213855543.0,8.23,-1.4,-1.32,1.39,7.780000000000001
2019-03-11,000062,94.4,97.3,98.4,93.74,82107,175271139.0,5.0,4.43,4.13,1.14,4.660000000000011
2019-03-12,000062,98.35,97.43,98.7,96.42,70197,151707045.0,2.34,0.13,0.13,0.97,2.280000000000001
2019-03-13,000062,97.47,95.89,98.66,94.53,69854,149672857.0,4.24,-1.58,-1.54,0.97,4.1299999999999955
2019-03-14,000062,93.52,92.2,95.63,91.24,58867,121297953.0,4.58,-3.85,-3.69,0.82,4.390000000000001
2019-03-15,000062,91.81,93.74,95.15,91.81,47086,97708826.0,3.62,1.67,1.54,0.65,3.3400000000000034
2019-03-18,000062,93.83,95.41,96.16,93.74,45341,95059202.0,2.58,1.78,1.67,0.63,2.4200000000000017
2019-03-19,000062,95.72,95.54,96.6,94.53,38799,82202884.0,2.17,0.14,0.13,0.54,2.069999999999993
2019-03-20,000062,95.23,94.84,95.5,92.82,33060,69030654.0,2.81,-0.73,-0.7,0.46,2.680000000000007
2019-03-21,000062,95.72,97.25,98.18,95.01,70711,152465137.0,3.34,2.54,2.41,0.98,3.1700000000000017
2019-03-22,000062,97.17,98.79,98.79,95.76,62740,135577270.0,3.12,1.58,1.54,0.87,3.030000000000001
2019-03-25,000062,97.04,98.7,102.0,96.38,75177,166180228.0,5.69,-0.09,-0.09,1.04,5.6200000000000045
2019-03-26,000062,98.53,95.8,99.76,95.15,49012,105893371.0,4.67,-2.94,-2.9,0.68,4.609999999999999
2019-03-27,000062,96.86,97.91,98.44,93.74,47471,102010828.0,4.91,2.2,2.11,0.66,4.700000000000003
2019-03-28,000062,99.67,97.83,102.26,97.74,79822,177065673.0,4.62,-0.08,-0.08,1.11,4.52000000000001
2019-03-29,000062,97.34,100.24,100.46,96.82,70516,154934213.0,3.72,2.46,2.41,0.98,3.6400000000000006
2019-04-01,000062,100.15,102.7,102.97,100.11,87132,197472344.0,2.85,2.45,2.46,1.21,2.8599999999999994
2019-04-02,000062,102.79,103.19,104.15,101.47,85303,194975451.0,2.61,0.48,0.49,1.18,2.680000000000007
2019-04-03,000062,102.31,104.59,104.59,101.47,64859,148240249.0,3.02,1.36,1.4,0.9,3.1200000000000045
2019-04-04,000062,104.29,108.28,110.57,103.76,101358,241648537.0,6.51,3.53,3.69,1.41,6.809999999999988
2019-04-08,000062,108.33,106.88,111.45,104.07,74320,178770419.0,6.82,-1.29,-1.4,1.03,7.38000000000001
2019-04-09,000062,105.38,106.79,109.16,104.5,42830,101689391.0,4.36,-0.08,-0.09,0.59,4.659999999999997
2019-04-10,000062,107.05,105.87,107.76,104.5,43611,102846748.0,3.05,-0.86,-0.92,0.61,3.260000000000005
2019-04-11,000062,106.13,105.87,107.01,103.98,42608,99991441.0,2.86,0.0,0.0,0.59,3.030000000000001
2019-04-12,000062,105.87,106.79,107.23,105.12,35363,83728081.0,1.99,0.87,0.92,0.49,2.1099999999999994
2019-04-15,000062,107.8,103.49,108.64,102.88,49625,117200907.0,5.39,-3.09,-3.3,0.69,5.760000000000005
2019-04-16,000062,103.41,105.43,106.17,103.05,43147,99902090.0,3.01,1.87,1.94,0.6,3.1200000000000045
2019-04-17,000062,106.48,105.74,107.8,105.56,40925,96987992.0,2.12,0.29,0.31,0.57,2.239999999999995
2019-04-18,000062,105.52,104.77,106.22,104.29,23131,53899827.0,1.83,-0.92,-0.97,0.32,1.9299999999999926
2019-04-19,000062,104.77,104.29,105.74,102.75,33328,76943087.0,2.85,-0.46,-0.48,0.46,2.989999999999995
2019-04-22,000062,104.5,101.69,105.56,101.52,38119,87253941.0,3.87,-2.49,-2.6,0.53,4.040000000000006
2019-04-23,000062,102.62,100.46,103.63,99.94,37602,84730839.0,3.63,-1.21,-1.23,0.52,3.6899999999999977
2019-04-24,000062,99.67,100.68,101.43,98.92,37716,83726726.0,2.5,0.22,0.22,0.52,2.510000000000005
2019-04-25,000062,99.28,94.66,101.43,94.4,45999,99509659.0,6.98,-5.98,-6.02,0.64,7.030000000000001
2019-04-26,000062,94.84,97.04,98.62,94.79,43642,93751806.0,4.05,2.51,2.38,0.61,3.8299999999999983
2019-04-29,000062,96.11,95.19,98.35,94.53,37962,80892469.0,3.94,-1.91,-1.85,0.53,3.819999999999993
2019-04-30,000062,94.31,96.86,99.14,94.31,31307,67609815.0,5.07,1.75,1.67,0.43,4.829999999999998
2019-05-06,000062,94.44,87.72,96.82,87.59,48236,96920623.0,9.53,-9.44,-9.14,0.67,9.22999999999999
2019-05-07,000062,89.7,89.7,90.62,88.12,31263,61838645.0,2.85,2.26,1.98,0.43,2.5
2019-05-08,000062,88.86,88.03,89.39,85.7,37353,72601345.0,4.11,-1.86,-1.67,0.52,3.6899999999999977
2019-05-09,000062,86.31,87.28,88.03,85.61,33237,63598747.0,2.75,-0.85,-0.75,0.46,2.4200000000000017
2019-05-10,000062,87.76,89.48,89.61,83.37,55902,74018892.0,7.15,2.52,2.2,0.54,6.239999999999995
2019-05-13,000062,88.85,86.17,88.85,85.79,46350,60728927.0,3.42,-3.7,-3.31,0.44,3.059999999999988
2019-05-14,000062,86.17,91.84,94.14,85.22,103173,140064593.0,10.35,6.58,5.67,0.99,8.920000000000002
2019-05-15,000062,93.88,92.92,94.01,91.46,75439,105401083.0,2.78,1.18,1.08,0.72,2.5500000000000114
2019-05-16,000062,93.18,91.01,93.18,90.25,53787,73896990.0,3.15,-2.06,-1.91,0.51,2.930000000000007
2019-05-17,000062,90.95,94.45,97.38,90.95,128745,182198724.0,7.07,3.78,3.44,1.23,6.429999999999993
2019-05-20,000062,99.23,103.56,103.56,96.62,287618,444157296.0,7.35,9.65,9.11,2.75,6.939999999999998
2019-05-21,000062,98.91,100.19,102.29,97.96,199391,301435712.0,4.18,-3.25,-3.37,1.91,4.3300000000000125
2019-05-22,000062,99.23,99.74,102.42,97.7,154285,232484223.0,4.71,-0.45,-0.45,1.48,4.719999999999999
2019-05-23,000062,98.6,94.14,98.6,94.07,114852,165700842.0,4.54,-5.61,-5.6,1.1,4.530000000000001
2019-05-24,000062,92.29,91.33,94.14,90.89,73976,102959019.0,3.45,-2.98,-2.81,0.71,3.25
2019-05-27,000062,91.84,95.35,96.3,91.14,82171,116671261.0,5.65,4.4,4.02,0.79,5.159999999999997
2019-06-12,000062,101.65,99.04,104.52,98.53,261013,401884544.0,6.28,3.87,3.69,2.5,5.989999999999995
2019-06-13,000062,96.68,95.73,99.04,95.03,122146,177730750.0,4.05,-3.34,-3.31,1.17,4.010000000000005
2019-06-14,000062,94.77,90.25,95.6,89.99,110908,154487741.0,5.86,-5.72,-5.48,1.06,5.609999999999999
2019-06-17,000062,90.38,89.36,90.89,88.4,62874,84618721.0,2.76,-0.99,-0.89,0.6,2.489999999999995
2019-06-18,000062,88.66,90.5,91.4,88.66,49668,67437196.0,3.07,1.28,1.14,0.48,2.740000000000009
2019-06-19,000062,92.54,90.38,93.5,90.38,67232,93258581.0,3.45,-0.13,-0.12,0.64,3.1200000000000045
2019-06-20,000062,89.42,91.2,92.03,88.4,75959,103415004.0,4.02,0.91,0.82,0.73,3.6299999999999955
2019-06-21,000062,91.08,91.97,92.54,90.57,76713,106033018.0,2.16,0.84,0.77,0.73,1.970000000000013
2019-06-24,000062,91.46,90.82,91.65,90.31,41209,56443724.0,1.46,-1.25,-1.15,0.39,1.3400000000000034
2019-06-25,000062,90.82,89.48,91.14,87.45,45317,60899326.0,4.06,-1.48,-1.34,0.43,3.6899999999999977
2019-06-26,000062,89.1,89.17,90.63,88.72,37035,49889733.0,2.13,-0.35,-0.31,0.35,1.9099999999999966
2019-06-27,000062,88.46,89.55,90.18,88.46,44476,60042338.0,1.93,0.43,0.38,0.43,1.720000000000013
2019-06-28,000062,89.1,88.34,90.12,87.64,36714,49045461.0,2.77,-1.35,-1.21,0.35,2.480000000000004
2019-07-01,000062,90.25,92.16,92.16,89.68,81159,111497473.0,2.81,4.32,3.82,0.78,2.4799999999999898
2019-07-02,000062,91.97,90.89,91.97,90.31,50216,68815040.0,1.8,-1.38,-1.27,0.48,1.6599999999999966
2019-07-03,000062,91.52,90.69,91.59,90.44,33861,46405669.0,1.27,-0.22,-0.2,0.32,1.1500000000000057
2019-07-04,000062,90.76,89.99,91.59,89.23,30994,42204630.0,2.6,-0.77,-0.7,0.3,2.3599999999999994
2019-07-05,000062,89.36,89.93,90.44,89.36,22451,30416130.0,1.2,-0.07,-0.06,0.21,1.0799999999999983
2019-07-08,000062,89.93,86.04,89.93,85.6,46534,60730547.0,4.81,-4.33,-3.89,0.45,4.3300000000000125
2019-07-09,000062,86.23,85.41,86.55,84.51,28404,36447868.0,2.37,-0.73,-0.63,0.27,2.039999999999992
2019-07-10,000062,85.41,85.98,87.32,85.41,31671,41207904.0,2.24,0.67,0.57,0.3,1.9099999999999966
2019-07-11,000062,85.98,85.79,87.38,85.22,25517,33170285.0,2.51,-0.22,-0.19,0.24,2.1599999999999966
2019-07-12,000062,86.94,86.3,86.94,85.28,19254,24979048.0,1.93,0.59,0.51,0.18,1.6599999999999966
2019-07-15,000062,86.23,86.87,88.08,84.26,30459,39632952.0,4.43,0.66,0.57,0.29,3.819999999999993
2019-07-16,000062,86.49,87.13,87.51,86.49,20131,26370859.0,1.17,0.3,0.26,0.19,1.0200000000000102
2019-07-17,000062,87.06,87.51,88.4,86.62,29831,39348948.0,2.04,0.44,0.38,0.29,1.7800000000000011
2019-07-18,000062,88.08,85.73,88.08,85.34,26990,35074960.0,3.13,-2.03,-1.78,0.26,2.739999999999995
2019-07-19,000062,86.36,86.68,87.89,86.36,25555,33491435.0,1.78,1.11,0.95,0.24,1.5300000000000011
2019-07-22,000062,86.49,85.15,86.94,84.0,27310,35068377.0,3.39,-1.77,-1.53,0.26,2.9399999999999977
2019-07-23,000062,84.77,87.57,87.7,84.77,28793,37575066.0,3.44,2.84,2.42,0.28,2.930000000000007
2019-07-24,000062,87.95,89.99,90.95,87.95,57038,77223498.0,3.43,2.76,2.42,0.55,3.0
2019-07-25,000062,89.99,89.74,91.08,89.29,42262,57206935.0,1.99,-0.28,-0.25,0.4,1.789999999999992
2019-07-26,000062,89.61,89.8,90.5,88.59,29985,40320912.0,2.13,0.07,0.06,0.29,1.9099999999999966
2019-07-29,000062,89.74,88.97,90.18,88.4,24017,32258484.0,1.98,-0.92,-0.83,0.23,1.7800000000000011
2019-07-30,000062,89.1,88.97,89.68,88.4,36889,49352197.0,1.44,0.0,0.0,0.35,1.2800000000000011
2019-07-31,000062,88.91,88.27,88.91,87.32,28981,38468278.0,1.79,-0.79,-0.7,0.28,1.5900000000000034
2019-08-01,000062,88.21,87.83,88.85,87.45,22559,29861583.0,1.59,-0.5,-0.44,0.22,1.3999999999999915
2019-08-02,000062,85.85,85.85,87.45,84.64,30388,39227208.0,3.2,-2.25,-1.98,0.29,2.8100000000000023
2019-08-05,000062,86.94,85.02,86.94,84.71,28113,36157751.0,2.6,-0.97,-0.83,0.27,2.230000000000004
2019-08-06,000062,83.94,80.82,83.94,78.91,49545,60297447.0,5.92,-4.94,-4.2,0.47,5.030000000000001
2019-08-07,000062,81.14,79.48,81.84,79.35,25321,30509434.0,3.08,-1.66,-1.34,0.24,2.490000000000009
2019-08-08,000062,79.8,79.86,80.44,79.54,18016,21572606.0,1.13,0.48,0.38,0.17,0.8999999999999915
2019-08-09,000062,79.99,84.0,86.49,78.72,58457,71949270.0,9.73,5.18,4.14,0.56,7.769999999999996
2019-08-12,000062,82.73,88.4,88.72,82.22,82706,107249412.0,7.74,5.24,4.4,0.79,6.5
2019-08-13,000062,86.74,89.61,90.76,86.23,95075,126149796.0,5.12,1.37,1.21,0.91,4.530000000000001
2019-08-14,000062,90.06,87.83,90.95,87.83,78853,105803488.0,3.48,-1.99,-1.78,0.75,3.1200000000000045
2019-08-15,000062,86.49,87.0,88.27,84.51,49667,64498886.0,4.28,-0.95,-0.83,0.48,3.759999999999991
2019-08-16,000062,87.45,86.68,88.27,86.17,42586,55781435.0,2.41,-0.37,-0.32,0.41,2.0999999999999943
2019-08-19,000062,93.5,94.96,94.96,90.82,214339,302299968.0,4.78,9.55,8.28,2.05,4.140000000000001
2019-08-20,000062,98.21,96.94,103.25,95.47,344900,519216704.0,8.19,2.09,1.98,3.3,7.780000000000001
2019-08-21,000062,97.0,98.02,100.25,95.09,177509,261854770.0,5.32,1.11,1.08,1.7,5.159999999999997
2019-08-22,000062,97.83,99.36,99.87,94.96,160678,235368209.0,5.01,1.37,1.34,1.54,4.910000000000011
2019-08-23,000062,97.96,95.41,99.93,95.28,114544,168171499.0,4.68,-3.98,-3.95,1.1,4.650000000000006
2019-08-26,000062,93.43,93.56,94.07,90.95,97099,135392560.0,3.27,-1.94,-1.85,0.93,3.1199999999999903
2019-08-27,000062,93.75,93.88,95.79,93.05,95415,135840313.0,2.93,0.34,0.32,0.91,2.740000000000009
2019-08-28,000062,93.37,93.18,94.96,92.1,78443,110810403.0,3.05,-0.75,-0.7,0.75,2.8599999999999994
2019-08-29,000062,92.86,93.63,94.71,91.84,73219,103022086.0,3.08,0.48,0.45,0.7,2.8699999999999903
2019-08-30,000062,94.52,90.44,95.03,90.31,86816,120740397.0,5.04,-3.41,-3.19,0.83,4.719999999999999
2019-09-02,000062,90.63,92.73,93.82,90.06,69914,97237271.0,4.16,2.53,2.29,0.67,3.759999999999991
2019-09-03,000062,92.86,95.79,96.3,92.86,114518,164505809.0,3.71,3.3,3.06,1.1,3.4399999999999977
2019-09-04,000062,94.64,97.07,97.77,94.14,122360,177689488.0,3.79,1.34,1.28,1.17,3.6299999999999955
2019-09-05,000062,97.83,96.43,99.74,96.11,162901,240511086.0,3.74,-0.66,-0.64,1.56,3.6299999999999955
2019-09-06,000062,96.56,97.58,98.4,95.92,96510,141624553.0,2.57,1.19,1.15,0.92,2.480000000000004
2019-09-09,000062,99.23,99.23,99.68,97.32,124391,185563719.0,2.42,1.69,1.65,1.19,2.3600000000000136
2019-09-10,000062,99.23,99.17,100.38,97.32,99055,147105382.0,3.08,-0.06,-0.06,0.95,3.0600000000000023
2019-09-11,000062,98.91,96.56,98.91,96.43,69395,102091216.0,2.5,-2.63,-2.61,0.66,2.4799999999999898
2019-09-12,000062,96.87,97.19,98.28,96.68,51118,75179648.0,1.66,0.65,0.63,0.49,1.5999999999999943
2019-09-16,000062,97.0,102.04,102.1,95.73,159548,240488203.0,6.55,4.99,4.85,1.53,6.36999999999999
2019-09-17,000062,101.27,103.95,106.88,100.63,267365,423968752.0,6.13,1.87,1.91,2.56,6.25
2019-09-18,000062,103.56,108.47,111.34,103.56,271995,444182144.0,7.48,4.35,4.52,2.6,7.780000000000001
2019-09-19,000062,108.98,108.22,109.55,105.48,178609,290374432.0,3.75,-0.23,-0.25,1.71,4.069999999999993
2019-09-20,000062,108.22,107.58,109.74,106.43,137725,224515662.0,3.06,-0.59,-0.64,1.32,3.309999999999988
2019-09-23,000062,106.69,105.09,107.51,104.84,105913,169598638.0,2.48,-2.31,-2.49,1.01,2.6700000000000017
2019-09-24,000062,104.78,104.65,106.5,104.27,101371,161630205.0,2.12,-0.42,-0.44,0.97,2.230000000000004
2019-09-25,000062,104.58,102.8,104.58,100.19,121579,188158045.0,4.19,-1.77,-1.85,1.16,4.390000000000001
2019-09-26,000062,102.8,96.24,103.44,96.11,122057,181923177.0,7.13,-6.38,-6.56,1.17,7.329999999999998
2019-09-27,000062,97.38,98.02,99.1,96.87,89938,133106213.0,2.32,1.85,1.78,0.86,2.2299999999999898
2019-09-30,000062,98.28,95.79,99.55,95.47,54226,79377790.0,4.16,-2.28,-2.23,0.52,4.079999999999998
2019-10-08,000062,95.73,98.6,101.46,95.73,89558,134153359.0,5.98,2.93,2.81,0.86,5.72999999999999
2019-10-09,000062,97.7,98.53,99.81,97.38,51019,75995854.0,2.46,-0.07,-0.07,0.49,2.430000000000007
2019-10-10,000062,98.15,98.34,99.42,97.38,53607,79606931.0,2.07,-0.19,-0.19,0.51,2.0400000000000063
2019-10-11,000062,99.23,102.61,103.69,99.17,114289,175760413.0,4.6,4.34,4.27,1.09,4.519999999999996
2019-10-14,000062,103.05,102.55,105.92,102.04,106618,167214294.0,3.78,-0.06,-0.06,1.02,3.8799999999999955
2019-10-15,000062,101.4,101.08,102.61,99.42,61153,92993478.0,3.11,-1.43,-1.47,0.59,3.1899999999999977
2019-10-16,000062,101.08,99.49,102.16,99.23,48374,73531811.0,2.9,-1.57,-1.59,0.46,2.9299999999999926
2019-10-17,000062,99.1,98.21,100.51,97.7,39462,58963193.0,2.82,-1.29,-1.28,0.38,2.8100000000000023
2019-10-18,000062,97.96,95.54,98.53,94.84,58800,85599169.0,3.76,-2.72,-2.67,0.56,3.6899999999999977
2019-10-21,000062,95.6,96.24,96.75,94.9,27936,40495854.0,1.94,0.73,0.7,0.27,1.8499999999999943
2019-10-22,000062,96.24,97.13,97.45,95.98,28414,41551496.0,1.53,0.92,0.89,0.27,1.4699999999999989
2019-10-23,000062,97.26,95.47,97.58,95.28,31233,45254866.0,2.37,-1.71,-1.66,0.3,2.299999999999997
2019-10-24,000062,95.98,93.43,96.3,91.27,69221,97354813.0,5.27,-2.14,-2.04,0.66,5.030000000000001
2019-10-25,000062,93.69,94.77,95.54,92.54,41465,59074705.0,3.21,1.43,1.34,0.4,3.0
2019-10-28,000062,94.45,97.26,97.89,94.45,52855,77394998.0,3.63,2.63,2.49,0.51,3.4399999999999977
2019-10-29,000062,96.75,95.28,97.13,95.09,44148,63980219.0,2.1,-2.04,-1.98,0.42,2.039999999999992
2019-10-30,000062,94.77,93.5,95.92,93.12,28440,40266238.0,2.94,-1.87,-1.78,0.27,2.799999999999997
2019-10-31,000062,93.63,91.97,94.45,91.91,31835,44581135.0,2.72,-1.64,-1.53,0.3,2.5400000000000063
2019-11-01,000062,91.97,93.43,93.82,91.46,31183,43836522.0,2.57,1.59,1.46,0.3,2.3599999999999994
2019-11-04,000062,93.18,92.29,94.45,91.91,38016,53405984.0,2.72,-1.22,-1.14,0.36,2.5400000000000063
2019-11-05,000062,92.8,92.73,93.63,91.91,24981,34927878.0,1.86,0.48,0.44,0.24,1.7199999999999989
2019-11-06,000062,92.54,90.31,92.61,89.17,45675,62452206.0,3.71,-2.61,-2.42,0.44,3.4399999999999977
2019-11-07,000062,90.95,91.01,91.65,90.25,24948,34201360.0,1.55,0.78,0.7,0.24,1.4000000000000057
2019-11-08,000062,91.46,90.63,92.1,90.38,25204,34644406.0,1.89,-0.42,-0.38,0.24,1.7199999999999989
2019-11-11,000062,90.82,87.45,90.82,87.0,40174,53259985.0,4.21,-3.51,-3.18,0.38,3.819999999999993
2019-11-12,000062,87.51,87.64,88.02,85.98,24976,32722041.0,2.33,0.22,0.19,0.24,2.039999999999992
2019-11-13,000062,87.13,88.08,88.59,86.87,28730,38032915.0,1.96,0.5,0.44,0.28,1.7199999999999989
2019-11-14,000062,87.19,88.66,88.97,87.19,25425,33747098.0,2.02,0.66,0.58,0.24,1.7800000000000011
2019-11-15,000062,88.4,87.45,88.97,87.32,18902,24981483.0,1.86,-1.36,-1.21,0.18,1.6500000000000057
2019-11-18,000062,87.13,87.7,88.08,86.68,21941,28864968.0,1.6,0.29,0.25,0.21,1.3999999999999915
2019-11-19,000062,88.4,92.03,92.54,87.76,58281,80205748.0,5.45,4.94,4.33,0.56,4.780000000000001
2019-11-20,000062,92.03,89.8,92.35,89.74,33737,46169049.0,2.84,-2.42,-2.23,0.32,2.6099999999999994
2019-11-21,000062,90.06,90.38,91.65,89.68,31270,42696226.0,2.19,0.65,0.58,0.3,1.9699999999999989
2019-11-22,000062,89.99,88.91,91.84,88.66,34369,46583689.0,3.52,-1.63,-1.47,0.33,3.180000000000007
2019-11-25,000062,88.53,88.46,89.42,84.0,28143,37364403.0,6.1,-0.51,-0.45,0.27,5.420000000000002
2019-11-26,000062,88.66,88.08,89.36,87.76,21136,28137461.0,1.81,-0.43,-0.38,0.2,1.5999999999999943
2019-11-27,000062,88.02,89.61,90.12,87.25,28334,38034782.0,3.26,1.74,1.53,0.27,2.8700000000000045
2019-11-28,000062,89.36,88.85,90.44,88.46,22511,30292186.0,2.21,-0.85,-0.76,0.22,1.980000000000004
2019-11-29,000062,88.85,88.21,89.29,87.25,21037,27895655.0,2.3,-0.72,-0.64,0.2,2.0400000000000063
2019-12-02,000062,88.02,88.34,88.91,87.76,20925,27800954.0,1.3,0.15,0.13,0.2,1.1499999999999915
2019-12-03,000062,88.21,89.36,89.55,86.87,26012,34514462.0,3.03,1.15,1.02,0.25,2.6799999999999926
2019-12-04,000062,88.27,89.55,89.93,88.27,21227,28527287.0,1.86,0.21,0.19,0.2,1.6600000000000108
2019-12-05,000062,89.55,90.31,90.63,89.55,36868,50087805.0,1.21,0.85,0.76,0.35,1.0799999999999983
2019-12-06,000062,90.95,90.5,91.14,89.61,27860,37847708.0,1.69,0.21,0.19,0.27,1.5300000000000011
2019-12-09,000062,89.99,90.69,91.71,89.74,47842,65305068.0,2.18,0.21,0.19,0.46,1.9699999999999989
2019-12-10,000062,90.5,92.03,92.16,89.68,52946,72747584.0,2.73,1.48,1.34,0.51,2.4799999999999898
2019-12-11,000062,91.91,91.46,92.54,90.95,43677,60302737.0,1.73,-0.62,-0.57,0.42,1.5900000000000034
2019-12-12,000062,91.59,93.69,95.6,91.01,86827,122603976.0,5.02,2.44,2.23,0.83,4.589999999999989
2019-12-13,000062,93.94,93.94,94.96,92.48,78945,111219945.0,2.65,0.27,0.25,0.76,2.4799999999999898
2019-12-16,000062,94.45,96.56,96.62,93.82,91227,131068401.0,2.98,2.79,2.62,0.87,2.8000000000000114
2019-12-17,000062,96.68,97.07,97.77,95.92,93901,137260673.0,1.92,0.53,0.51,0.9,1.8499999999999943
2019-12-18,000062,97.7,97.07,98.6,97.0,76960,113537884.0,1.65,0.0,0.0,0.74,1.5999999999999943
2019-12-19,000062,96.75,97.26,98.09,95.73,59087,86535631.0,2.43,0.2,0.19,0.57,2.3599999999999994
2019-12-20,000062,97.26,97.7,99.04,97.26,67209,99724001.0,1.83,0.45,0.44,0.64,1.7800000000000011
2019-12-23,000062,96.05,94.96,97.26,94.84,56182,81348916.0,2.48,-2.8,-2.74,0.54,2.4200000000000017
2019-12-24,000062,94.96,95.28,95.86,93.5,40472,57729485.0,2.49,0.34,0.32,0.39,2.3599999999999994
2019-12-25,000062,95.09,96.05,96.56,94.45,37871,54742968.0,2.21,0.81,0.77,0.36,2.1099999999999994
2019-12-26,000062,96.05,96.68,97.19,95.09,36805,53585708.0,2.19,0.66,0.63,0.35,2.0999999999999943
2019-12-27,000062,97.32,94.64,97.38,94.64,53103,76664875.0,2.83,-2.11,-2.04,0.51,2.739999999999995
2019-12-30,000062,94.45,95.41,95.41,92.86,37077,52797662.0,2.69,0.81,0.77,0.35,2.549999999999997
2019-12-31,000062,95.41,94.39,95.98,94.07,37198,53188246.0,2.0,-1.07,-1.02,0.36,1.9100000000000108
